account_id_1,account_id_2,edge_type,weight
A000000,A000008,shares_phone,1.0
A000000,A000020,shares_payment_instrument,1.0
A000000,A000032,shares_phone,1.0
A000000,A000034,shares_address,0.7
A000000,A000044,shares_address,0.7
A000000,A000059,shares_device,1.0
A000000,A000061,shares_phone,1.0
A000000,A000073,shares_phone,1.0
A000000,A000077,shares_address,0.7
A000000,A000118,shares_phone,1.0
A000000,A000127,shares_device,1.0
A000000,A000140,shares_phone,1.0
A000000,A000146,shares_address,0.7
A000000,A000162,shares_address,0.7
A000000,A000190,shares_device,1.0
A000000,A000220,shares_payment_instrument,1.0
A000000,A000243,shares_device,1.0
A000000,A000270,shares_phone,1.0
A000000,A000273,shares_address,0.7
A000000,A000291,shares_address,0.7
A000000,A000320,shares_address,0.7
A000000,A000326,shares_address,0.7
A000000,A000343,shares_device,1.0
A000000,A000448,shares_address,0.7
A000000,A000455,shares_address,0.7
A000000,A000510,shares_phone,1.0
A000000,A000516,shares_device,1.0
A000000,A000617,shares_address,0.7
A000000,A000634,shares_address,0.7
A000000,A000660,shares_address,0.7
A000000,A000663,shares_device,1.0
A000000,A000686,shares_phone,1.0
A000000,A000738,shares_phone,1.0
A000000,A000795,shares_payment_instrument,1.0
A000001,A000203,shares_address,0.7
A000001,A000269,shares_address,0.7
A000001,A000399,shares_address,0.7
A000001,A000739,shares_address,0.7
A000003,A000018,shares_payment_instrument,1.0
A000003,A000045,shares_address,0.7
A000003,A000238,shares_device,1.0
A000003,A000306,shares_address,0.7
A000003,A000383,shares_device,1.0
A000003,A000529,shares_device,1.0
A000003,A000606,shares_payment_instrument,1.0
A000003,A000610,shares_payment_instrument,1.0
A000003,A000703,shares_payment_instrument,1.0
A000003,A000759,shares_device,1.0
A000004,A000068,shares_address,0.7
A000004,A000079,shares_address,0.7
A000004,A000158,shares_phone,1.0
A000004,A000467,shares_address,0.7
A000004,A000481,shares_address,0.7
A000004,A000529,shares_address,0.7
A000004,A000664,shares_address,0.7
A000005,A000055,shares_address,0.7
A000005,A000159,shares_address,0.7
A000005,A000373,shares_address,0.7
A000005,A000378,shares_phone,1.0
A000005,A000497,shares_address,0.7
A000005,A000525,shares_phone,1.0
A000005,A000560,shares_address,0.7
A000005,A000597,shares_device,1.0
A000005,A000670,shares_address,0.7
A000005,A000723,shares_payment_instrument,1.0
A000006,A000040,shares_device,1.0
A000006,A000238,shares_address,0.7
A000006,A000524,shares_address,0.7
A000006,A000676,shares_payment_instrument,1.0
A000006,A000783,shares_phone,1.0
A000008,A000032,shares_phone,1.0
A000008,A000061,shares_phone,1.0
A000008,A000073,shares_phone,1.0
A000008,A000084,shares_address,0.7
A000008,A000118,shares_phone,1.0
A000008,A000133,shares_address,0.7
A000008,A000140,shares_phone,1.0
A000008,A000173,shares_address,0.7
A000008,A000270,shares_phone,1.0
A000008,A000510,shares_phone,1.0
A000008,A000686,shares_phone,1.0
A000008,A000738,shares_phone,1.0
A000011,A000076,shares_address,0.7
A000011,A000079,shares_device,1.0
A000011,A000084,shares_address,0.7
A000011,A000127,shares_payment_instrument,1.0
A000011,A000212,shares_address,0.7
A000011,A000220,shares_address,0.7
A000011,A000232,shares_address,0.7
A000011,A000241,shares_address,0.7
A000011,A000243,shares_address,0.7
A000011,A000264,shares_address,0.7
A000011,A000286,shares_address,0.7
A000011,A000349,shares_device,1.0
A000011,A000393,shares_address,0.7
A000011,A000472,shares_address,0.7
A000011,A000490,shares_phone,1.0
A000011,A000496,shares_payment_instrument,1.0
A000011,A000519,shares_address,0.7
A000011,A000548,shares_payment_instrument,1.0
A000011,A000585,shares_phone,1.0
A000011,A000606,shares_address,0.7
A000011,A000703,shares_address,0.7
A000011,A000735,shares_address,0.7
A000012,A000101,shares_phone,1.0
A000012,A000445,shares_address,0.7
A000012,A000457,shares_phone,1.0
A000012,A000575,shares_address,0.7
A000012,A000608,shares_phone,1.0
A000013,A000042,shares_address,0.7
A000013,A000070,shares_address,0.7
A000013,A000086,shares_address,0.7
A000013,A000140,shares_payment_instrument,1.0
A000013,A000163,shares_phone,1.0
A000013,A000178,shares_address,0.7
A000013,A000195,shares_address,0.7
A000013,A000228,shares_address,0.7
A000013,A000233,shares_address,0.7
A000013,A000254,shares_device,1.0
A000013,A000257,shares_address,0.7
A000013,A000279,shares_address,0.7
A000013,A000359,shares_address,0.7
A000013,A000465,shares_address,0.7
A000013,A000529,shares_phone,1.0
A000013,A000532,shares_device,1.0
A000013,A000597,shares_phone,1.0
A000015,A000030,shares_payment_instrument,1.0
A000015,A000181,shares_address,0.7
A000015,A000194,shares_device,1.0
A000015,A000202,shares_address,0.7
A000015,A000252,shares_address,0.7
A000015,A000352,shares_payment_instrument,1.0
A000015,A000366,shares_device,1.0
A000015,A000379,shares_device,1.0
A000015,A000422,shares_address,0.7
A000015,A000466,shares_address,0.7
A000015,A000470,shares_address,0.7
A000015,A000530,shares_address,0.7
A000015,A000557,shares_payment_instrument,1.0
A000015,A000630,shares_payment_instrument,1.0
A000015,A000764,shares_payment_instrument,1.0
A000015,A000785,shares_address,0.7
A000015,A000790,shares_address,0.7
A000017,A000018,shares_device,1.0
A000017,A000084,shares_device,1.0
A000017,A000128,shares_device,1.0
A000017,A000148,shares_address,0.7
A000017,A000195,shares_device,1.0
A000017,A000267,shares_device,1.0
A000017,A000332,shares_address,0.7
A000017,A000396,shares_phone,1.0
A000017,A000577,shares_device,1.0
A000017,A000606,shares_device,1.0
A000017,A000788,shares_device,1.0
A000018,A000036,shares_device,1.0
A000018,A000077,shares_device,1.0
A000018,A000084,shares_device,1.0
A000018,A000119,shares_address,0.7
A000018,A000126,shares_address,0.7
A000018,A000128,shares_device,1.0
A000018,A000168,shares_payment_instrument,1.0
A000018,A000195,shares_device,1.0
A000018,A000229,shares_device,1.0
A000018,A000235,shares_phone,1.0
A000018,A000251,shares_payment_instrument,1.0
A000018,A000267,shares_device,1.0
A000018,A000280,shares_device,1.0
A000018,A000419,shares_address,0.7
A000018,A000438,shares_device,1.0
A000018,A000460,shares_phone,1.0
A000018,A000574,shares_address,0.7
A000018,A000577,shares_device,1.0
A000018,A000589,shares_address,0.7
A000018,A000606,shares_device,1.0
A000018,A000610,shares_payment_instrument,1.0
A000018,A000617,shares_device,1.0
A000018,A000621,shares_payment_instrument,1.0
A000018,A000622,shares_device,1.0
A000018,A000654,shares_address,0.7
A000018,A000661,shares_address,0.7
A000018,A000671,shares_address,0.7
A000018,A000703,shares_payment_instrument,1.0
A000018,A000737,shares_address,0.7
A000018,A000761,shares_address,0.7
A000018,A000788,shares_device,1.0
A000019,A000052,shares_address,0.7
A000019,A000132,shares_phone,1.0
A000019,A000137,shares_payment_instrument,1.0
A000019,A000162,shares_phone,1.0
A000019,A000168,shares_address,0.7
A000019,A000195,shares_address,0.7
A000019,A000215,shares_device,1.0
A000019,A000270,shares_address,0.7
A000019,A000277,shares_device,1.0
A000019,A000294,shares_address,0.7
A000019,A000296,shares_address,0.7
A000019,A000392,shares_address,0.7
A000019,A000419,shares_payment_instrument,1.0
A000019,A000474,shares_address,0.7
A000019,A000496,shares_address,0.7
A000019,A000506,shares_address,0.7
A000019,A000507,shares_address,0.7
A000019,A000561,shares_payment_instrument,1.0
A000019,A000589,shares_address,0.7
A000019,A000602,shares_address,0.7
A000019,A000633,shares_address,0.7
A000019,A000684,shares_address,0.7
A000019,A000697,shares_address,0.7
A000019,A000700,shares_phone,1.0
A000019,A000715,shares_payment_instrument,1.0
A000019,A000737,shares_device,1.0
A000019,A000754,shares_address,0.7
A000019,A000773,shares_device,1.0
A000019,A000793,shares_device,1.0
A000020,A000178,shares_phone,1.0
A000020,A000220,shares_payment_instrument,1.0
A000020,A000570,shares_phone,1.0
A000020,A000606,shares_phone,1.0
A000020,A000795,shares_payment_instrument,1.0
A000021,A000338,shares_payment_instrument,1.0
A000021,A000350,shares_device,1.0
A000021,A000418,shares_device,1.0
A000021,A000569,shares_address,0.7
A000023,A000041,shares_address,0.7
A000023,A000185,shares_phone,1.0
A000023,A000305,shares_address,0.7
A000023,A000317,shares_address,0.7
A000023,A000335,shares_payment_instrument,1.0
A000023,A000343,shares_address,0.7
A000023,A000345,shares_address,0.7
A000023,A000425,shares_address,0.7
A000023,A000494,shares_device,1.0
A000023,A000599,shares_address,0.7
A000023,A000676,shares_address,0.7
A000023,A000720,shares_device,1.0
A000024,A000215,shares_phone,1.0
A000024,A000382,shares_address,0.7
A000024,A000484,shares_phone,1.0
A000024,A000502,shares_address,0.7
A000024,A000514,shares_payment_instrument,1.0
A000024,A000526,shares_phone,1.0
A000024,A000587,shares_device,1.0
A000024,A000686,shares_address,0.7
A000024,A000730,shares_payment_instrument,1.0
A000024,A000780,shares_address,0.7
A000024,A000795,shares_address,0.7
A000025,A000052,shares_payment_instrument,1.0
A000025,A000061,shares_address,0.7
A000025,A000062,shares_address,0.7
A000025,A000080,shares_phone,1.0
A000025,A000095,shares_payment_instrument,1.0
A000025,A000103,shares_address,0.7
A000025,A000129,shares_address,0.7
A000025,A000132,shares_device,1.0
A000025,A000185,shares_device,1.0
A000025,A000205,shares_phone,1.0
A000025,A000322,shares_device,1.0
A000025,A000380,shares_address,0.7
A000025,A000448,shares_device,1.0
A000025,A000485,shares_address,0.7
A000025,A000497,shares_payment_instrument,1.0
A000025,A000526,shares_address,0.7
A000025,A000544,shares_device,1.0
A000025,A000642,shares_device,1.0
A000025,A000649,shares_phone,1.0
A000025,A000664,shares_device,1.0
A000025,A000703,shares_device,1.0
A000027,A000611,shares_phone,1.0
A000027,A000634,shares_device,1.0
A000028,A000079,shares_address,0.7
A000028,A000150,shares_address,0.7
A000028,A000172,shares_address,0.7
A000028,A000394,shares_phone,1.0
A000028,A000421,shares_payment_instrument,1.0
A000028,A000442,shares_phone,1.0
A000028,A000473,shares_address,0.7
A000029,A000030,shares_address,0.7
A000029,A000050,shares_address,0.7
A000029,A000186,shares_address,0.7
A000029,A000294,shares_address,0.7
A000030,A000050,shares_address,0.7
A000030,A000186,shares_address,0.7
A000030,A000252,shares_device,1.0
A000030,A000294,shares_address,0.7
A000030,A000352,shares_payment_instrument,1.0
A000030,A000451,shares_phone,1.0
A000030,A000462,shares_device,1.0
A000030,A000480,shares_phone,1.0
A000030,A000557,shares_payment_instrument,1.0
A000030,A000576,shares_phone,1.0
A000030,A000630,shares_payment_instrument,1.0
A000030,A000684,shares_phone,1.0
A000030,A000761,shares_phone,1.0
A000030,A000764,shares_payment_instrument,1.0
A000032,A000061,shares_phone,1.0
A000032,A000073,shares_phone,1.0
A000032,A000086,shares_address,0.7
A000032,A000111,shares_address,0.7
A000032,A000118,shares_phone,1.0
A000032,A000134,shares_device,1.0
A000032,A000140,shares_phone,1.0
A000032,A000152,shares_address,0.7
A000032,A000235,shares_device,1.0
A000032,A000270,shares_phone,1.0
A000032,A000291,shares_device,1.0
A000032,A000297,shares_device,1.0
A000032,A000301,shares_address,0.7
A000032,A000311,shares_address,0.7
A000032,A000359,shares_address,0.7
A000032,A000383,shares_address,0.7
A000032,A000501,shares_address,0.7
A000032,A000510,shares_phone,1.0
A000032,A000514,shares_address,0.7
A000032,A000557,shares_payment_instrument,1.0
A000032,A000686,shares_phone,1.0
A000032,A000738,shares_phone,1.0
A000032,A000749,shares_address,0.7
A000032,A000789,shares_address,0.7
A000033,A000111,shares_address,0.7
A000033,A000180,shares_address,0.7
A000033,A000358,shares_address,0.7
A000033,A000567,shares_phone,1.0
A000034,A000044,shares_address,0.7
A000034,A000077,shares_address,0.7
A000034,A000258,shares_phone,1.0
A000034,A000273,shares_address,0.7
A000034,A000320,shares_address,0.7
A000034,A000455,shares_address,0.7
A000034,A000516,shares_address,0.7
A000034,A000617,shares_address,0.7
A000034,A000634,shares_address,0.7
A000035,A000128,shares_address,0.7
A000035,A000132,shares_address,0.7
A000035,A000138,shares_address,0.7
A000035,A000202,shares_phone,1.0
A000035,A000296,shares_payment_instrument,1.0
A000035,A000300,shares_device,1.0
A000035,A000301,shares_device,1.0
A000035,A000332,shares_payment_instrument,1.0
A000035,A000333,shares_payment_instrument,1.0
A000035,A000372,shares_address,0.7
A000035,A000379,shares_phone,1.0
A000035,A000397,shares_device,1.0
A000035,A000412,shares_device,1.0
A000035,A000416,shares_address,0.7
A000035,A000423,shares_address,0.7
A000035,A000426,shares_device,1.0
A000035,A000470,shares_payment_instrument,1.0
A000035,A000509,shares_device,1.0
A000035,A000510,shares_payment_instrument,1.0
A000035,A000511,shares_device,1.0
A000035,A000513,shares_address,0.7
A000035,A000521,shares_address,0.7
A000035,A000538,shares_address,0.7
A000035,A000541,shares_device,1.0
A000035,A000561,shares_payment_instrument,1.0
A000035,A000577,shares_payment_instrument,1.0
A000035,A000602,shares_device,1.0
A000035,A000621,shares_address,0.7
A000035,A000711,shares_phone,1.0
A000035,A000729,shares_address,0.7
A000035,A000738,shares_address,0.7
A000035,A000754,shares_device,1.0
A000035,A000789,shares_payment_instrument,1.0
A000036,A000077,shares_device,1.0
A000036,A000087,shares_payment_instrument,1.0
A000036,A000090,shares_payment_instrument,1.0
A000036,A000229,shares_device,1.0
A000036,A000266,shares_address,0.7
A000036,A000280,shares_device,1.0
A000036,A000391,shares_address,0.7
A000036,A000422,shares_phone,1.0
A000036,A000438,shares_device,1.0
A000036,A000492,shares_address,0.7
A000036,A000542,shares_phone,1.0
A000036,A000617,shares_device,1.0
A000036,A000622,shares_device,1.0
A000040,A000107,shares_payment_instrument,1.0
A000040,A000143,shares_address,0.7
A000040,A000359,shares_phone,1.0
A000040,A000479,shares_phone,1.0
A000040,A000537,shares_phone,1.0
A000040,A000559,shares_address,0.7
A000040,A000700,shares_address,0.7
A000040,A000701,shares_payment_instrument,1.0
A000040,A000736,shares_phone,1.0
A000040,A000779,shares_address,0.7
A000040,A000780,shares_phone,1.0
A000040,A000781,shares_payment_instrument,1.0
A000041,A000106,shares_payment_instrument,1.0
A000041,A000118,shares_payment_instrument,1.0
A000041,A000305,shares_address,0.7
A000041,A000317,shares_address,0.7
A000041,A000353,shares_device,1.0
A000041,A000567,shares_payment_instrument,1.0
A000041,A000575,shares_payment_instrument,1.0
A000041,A000676,shares_address,0.7
A000041,A000681,shares_device,1.0
A000041,A000757,shares_phone,1.0
A000042,A000070,shares_address,0.7
A000042,A000072,shares_address,0.7
A000042,A000086,shares_address,0.7
A000042,A000090,shares_device,1.0
A000042,A000128,shares_payment_instrument,1.0
A000042,A000133,shares_phone,1.0
A000042,A000136,shares_device,1.0
A000042,A000178,shares_address,0.7
A000042,A000195,shares_address,0.7
A000042,A000228,shares_address,0.7
A000042,A000252,shares_phone,1.0
A000042,A000279,shares_address,0.7
A000042,A000345,shares_payment_instrument,1.0
A000042,A000359,shares_address,0.7
A000042,A000364,shares_device,1.0
A000042,A000387,shares_device,1.0
A000042,A000419,shares_phone,1.0
A000042,A000465,shares_address,0.7
A000042,A000484,shares_device,1.0
A000042,A000494,shares_address,0.7
A000042,A000513,shares_phone,1.0
A000042,A000538,shares_phone,1.0
A000042,A000597,shares_address,0.7
A000042,A000663,shares_phone,1.0
A000042,A000691,shares_address,0.7
A000042,A000754,shares_phone,1.0
A000042,A000790,shares_payment_instrument,1.0
A000043,A000098,shares_device,1.0
A000043,A000187,shares_device,1.0
A000043,A000411,shares_address,0.7
A000043,A000773,shares_payment_instrument,1.0
A000044,A000077,shares_address,0.7
A000044,A000273,shares_address,0.7
A000044,A000287,shares_device,1.0
A000044,A000320,shares_address,0.7
A000044,A000455,shares_address,0.7
A000044,A000487,shares_payment_instrument,1.0
A000044,A000516,shares_address,0.7
A000044,A000617,shares_address,0.7
A000044,A000634,shares_address,0.7
A000044,A000726,shares_device,1.0
A000045,A000066,shares_device,1.0
A000045,A000070,shares_device,1.0
A000045,A000213,shares_address,0.7
A000045,A000299,shares_phone,1.0
A000045,A000306,shares_address,0.7
A000045,A000324,shares_device,1.0
A000045,A000381,shares_device,1.0
A000045,A000504,shares_phone,1.0
A000045,A000519,shares_payment_instrument,1.0
A000045,A000610,shares_address,0.7
A000045,A000630,shares_payment_instrument,1.0
A000045,A000663,shares_payment_instrument,1.0
A000045,A000684,shares_device,1.0
A000047,A000051,shares_address,0.7
A000047,A000207,shares_address,0.7
A000047,A000264,shares_device,1.0
A000047,A000265,shares_device,1.0
A000047,A000269,shares_device,1.0
A000047,A000306,shares_device,1.0
A000047,A000315,shares_phone,1.0
A000047,A000349,shares_address,0.7
A000047,A000368,shares_address,0.7
A000047,A000399,shares_address,0.7
A000047,A000454,shares_address,0.7
A000047,A000647,shares_address,0.7
A000047,A000682,shares_address,0.7
A000047,A000700,shares_payment_instrument,1.0
A000047,A000706,shares_device,1.0
A000047,A000737,shares_address,0.7
A000047,A000760,shares_address,0.7
A000047,A000762,shares_device,1.0
A000049,A000174,shares_device,1.0
A000049,A000454,shares_payment_instrument,1.0
A000049,A000472,shares_device,1.0
A000049,A000564,shares_device,1.0
A000049,A000777,shares_device,1.0
A000050,A000186,shares_address,0.7
A000050,A000294,shares_address,0.7
A000050,A000705,shares_phone,1.0
A000050,A000715,shares_phone,1.0
A000051,A000080,shares_payment_instrument,1.0
A000051,A000103,shares_device,1.0
A000051,A000107,shares_address,0.7
A000051,A000110,shares_address,0.7
A000051,A000207,shares_address,0.7
A000051,A000311,shares_device,1.0
A000051,A000317,shares_phone,1.0
A000051,A000349,shares_address,0.7
A000051,A000387,shares_address,0.7
A000051,A000399,shares_address,0.7
A000051,A000444,shares_phone,1.0
A000051,A000461,shares_payment_instrument,1.0
A000051,A000473,shares_payment_instrument,1.0
A000051,A000621,shares_address,0.7
A000051,A000647,shares_address,0.7
A000051,A000676,shares_phone,1.0
A000051,A000678,shares_phone,1.0
A000051,A000682,shares_address,0.7
A000051,A000737,shares_address,0.7
A000051,A000745,shares_device,1.0
A000051,A000760,shares_address,0.7
A000052,A000095,shares_payment_instrument,1.0
A000052,A000128,shares_address,0.7
A000052,A000137,shares_phone,1.0
A000052,A000168,shares_address,0.7
A000052,A000169,shares_address,0.7
A000052,A000173,shares_address,0.7
A000052,A000195,shares_address,0.7
A000052,A000270,shares_address,0.7
A000052,A000272,shares_payment_instrument,1.0
A000052,A000294,shares_address,0.7
A000052,A000295,shares_payment_instrument,1.0
A000052,A000296,shares_address,0.7
A000052,A000356,shares_device,1.0
A000052,A000366,shares_address,0.7
A000052,A000379,shares_payment_instrument,1.0
A000052,A000392,shares_address,0.7
A000052,A000398,shares_device,1.0
A000052,A000474,shares_address,0.7
A000052,A000496,shares_address,0.7
A000052,A000497,shares_payment_instrument,1.0
A000052,A000506,shares_address,0.7
A000052,A000507,shares_address,0.7
A000052,A000537,shares_address,0.7
A000052,A000551,shares_address,0.7
A000052,A000561,shares_address,0.7
A000052,A000589,shares_address,0.7
A000052,A000594,shares_address,0.7
A000052,A000602,shares_address,0.7
A000052,A000613,shares_payment_instrument,1.0
A000052,A000633,shares_address,0.7
A000052,A000683,shares_address,0.7
A000052,A000684,shares_address,0.7
A000052,A000697,shares_address,0.7
A000052,A000701,shares_address,0.7
A000052,A000754,shares_address,0.7
A000052,A000764,shares_phone,1.0
A000052,A000781,shares_address,0.7
A000052,A000789,shares_phone,1.0
A000052,A000790,shares_address,0.7
A000052,A000793,shares_address,0.7
A000053,A000244,shares_phone,1.0
A000053,A000479,shares_device,1.0
A000053,A000480,shares_payment_instrument,1.0
A000053,A000597,shares_device,1.0
A000053,A000599,shares_device,1.0
A000053,A000670,shares_phone,1.0
A000053,A000761,shares_device,1.0
A000054,A000206,shares_payment_instrument,1.0
A000054,A000215,shares_address,0.7
A000054,A000379,shares_payment_instrument,1.0
A000054,A000408,shares_address,0.7
A000054,A000455,shares_phone,1.0
A000054,A000556,shares_payment_instrument,1.0
A000054,A000644,shares_address,0.7
A000054,A000696,shares_address,0.7
A000054,A000719,shares_phone,1.0
A000055,A000159,shares_address,0.7
A000055,A000258,shares_device,1.0
A000055,A000373,shares_address,0.7
A000055,A000400,shares_device,1.0
A000055,A000436,shares_device,1.0
A000055,A000457,shares_payment_instrument,1.0
A000055,A000497,shares_address,0.7
A000055,A000560,shares_address,0.7
A000055,A000570,shares_device,1.0
A000055,A000584,shares_phone,1.0
A000055,A000592,shares_device,1.0
A000055,A000670,shares_address,0.7
A000055,A000685,shares_device,1.0
A000055,A000738,shares_device,1.0
A000056,A000123,shares_device,1.0
A000056,A000242,shares_payment_instrument,1.0
A000056,A000287,shares_address,0.7
A000056,A000463,shares_address,0.7
A000056,A000504,shares_payment_instrument,1.0
A000056,A000696,shares_payment_instrument,1.0
A000057,A000072,shares_payment_instrument,1.0
A000057,A000131,shares_address,0.7
A000057,A000170,shares_address,0.7
A000057,A000206,shares_address,0.7
A000057,A000218,shares_phone,1.0
A000057,A000262,shares_address,0.7
A000057,A000282,shares_phone,1.0
A000057,A000357,shares_device,1.0
A000057,A000397,shares_payment_instrument,1.0
A000057,A000441,shares_payment_instrument,1.0
A000057,A000450,shares_address,0.7
A000057,A000466,shares_payment_instrument,1.0
A000057,A000473,shares_payment_instrument,1.0
A000057,A000500,shares_payment_instrument,1.0
A000057,A000509,shares_address,0.7
A000057,A000511,shares_address,0.7
A000057,A000544,shares_device,1.0
A000057,A000551,shares_device,1.0
A000057,A000557,shares_address,0.7
A000057,A000594,shares_phone,1.0
A000057,A000600,shares_address,0.7
A000057,A000602,shares_payment_instrument,1.0
A000057,A000613,shares_device,1.0
A000057,A000666,shares_address,0.7
A000057,A000765,shares_device,1.0
A000057,A000776,shares_address,0.7
A000058,A000079,shares_payment_instrument,1.0
A000058,A000088,shares_device,1.0
A000058,A000135,shares_address,0.7
A000058,A000147,shares_address,0.7
A000058,A000290,shares_address,0.7
A000058,A000434,shares_payment_instrument,1.0
A000059,A000099,shares_address,0.7
A000059,A000127,shares_device,1.0
A000059,A000190,shares_device,1.0
A000059,A000194,shares_address,0.7
A000059,A000243,shares_device,1.0
A000059,A000343,shares_device,1.0
A000059,A000516,shares_device,1.0
A000059,A000520,shares_address,0.7
A000059,A000522,shares_address,0.7
A000059,A000536,shares_address,0.7
A000059,A000550,shares_phone,1.0
A000059,A000626,shares_phone,1.0
A000059,A000663,shares_device,1.0
A000059,A000687,shares_address,0.7
A000059,A000721,shares_address,0.7
A000059,A000762,shares_phone,1.0
A000060,A000438,shares_payment_instrument,1.0
A000060,A000762,shares_address,0.7
A000061,A000062,shares_address,0.7
A000061,A000073,shares_phone,1.0
A000061,A000103,shares_address,0.7
A000061,A000110,shares_device,1.0
A000061,A000118,shares_phone,1.0
A000061,A000129,shares_address,0.7
A000061,A000140,shares_phone,1.0
A000061,A000270,shares_phone,1.0
A000061,A000272,shares_payment_instrument,1.0
A000061,A000380,shares_address,0.7
A000061,A000399,shares_payment_instrument,1.0
A000061,A000485,shares_address,0.7
A000061,A000505,shares_payment_instrument,1.0
A000061,A000510,shares_phone,1.0
A000061,A000526,shares_address,0.7
A000061,A000607,shares_device,1.0
A000061,A000686,shares_phone,1.0
A000061,A000703,shares_address,0.7
A000061,A000738,shares_phone,1.0
A000062,A000085,shares_device,1.0
A000062,A000103,shares_address,0.7
A000062,A000129,shares_address,0.7
A000062,A000181,shares_device,1.0
A000062,A000194,shares_payment_instrument,1.0
A000062,A000240,shares_phone,1.0
A000062,A000294,shares_device,1.0
A000062,A000311,shares_payment_instrument,1.0
A000062,A000371,shares_phone,1.0
A000062,A000380,shares_address,0.7
A000062,A000387,shares_device,1.0
A000062,A000485,shares_address,0.7
A000062,A000526,shares_address,0.7
A000062,A000558,shares_phone,1.0
A000062,A000617,shares_payment_instrument,1.0
A000062,A000692,shares_device,1.0
A000062,A000703,shares_address,0.7
A000062,A000777,shares_phone,1.0
A000063,A000135,shares_payment_instrument,1.0
A000063,A000149,shares_address,0.7
A000063,A000158,shares_address,0.7
A000063,A000243,shares_payment_instrument,1.0
A000063,A000504,shares_address,0.7
A000063,A000756,shares_payment_instrument,1.0
A000064,A000155,shares_address,0.7
A000064,A000159,shares_payment_instrument,1.0
A000064,A000254,shares_address,0.7
A000064,A000255,shares_address,0.7
A000064,A000328,shares_address,0.7
A000064,A000436,shares_address,0.7
A000064,A000505,shares_address,0.7
A000064,A000665,shares_device,1.0
A000064,A000698,shares_phone,1.0
A000064,A000706,shares_payment_instrument,1.0
A000064,A000791,shares_payment_instrument,1.0
A000066,A000070,shares_device,1.0
A000066,A000153,shares_address,0.7
A000066,A000324,shares_device,1.0
A000066,A000381,shares_device,1.0
A000066,A000394,shares_address,0.7
A000066,A000465,shares_phone,1.0
A000066,A000525,shares_address,0.7
A000066,A000558,shares_payment_instrument,1.0
A000066,A000684,shares_device,1.0
A000068,A000079,shares_address,0.7
A000068,A000133,shares_address,0.7
A000068,A000163,shares_payment_instrument,1.0
A000068,A000211,shares_address,0.7
A000068,A000340,shares_address,0.7
A000068,A000342,shares_payment_instrument,1.0
A000068,A000446,shares_device,1.0
A000068,A000467,shares_address,0.7
A000068,A000481,shares_address,0.7
A000068,A000484,shares_address,0.7
A000068,A000494,shares_payment_instrument,1.0
A000068,A000510,shares_address,0.7
A000068,A000529,shares_address,0.7
A000068,A000550,shares_address,0.7
A000068,A000555,shares_payment_instrument,1.0
A000068,A000632,shares_address,0.7
A000068,A000664,shares_address,0.7
A000068,A000712,shares_address,0.7
A000068,A000756,shares_address,0.7
A000070,A000086,shares_address,0.7
A000070,A000146,shares_payment_instrument,1.0
A000070,A000178,shares_address,0.7
A000070,A000195,shares_address,0.7
A000070,A000228,shares_address,0.7
A000070,A000279,shares_address,0.7
A000070,A000324,shares_device,1.0
A000070,A000359,shares_address,0.7
A000070,A000381,shares_device,1.0
A000070,A000440,shares_payment_instrument,1.0
A000070,A000465,shares_address,0.7
A000070,A000496,shares_payment_instrument,1.0
A000070,A000554,shares_phone,1.0
A000070,A000597,shares_address,0.7
A000070,A000664,shares_payment_instrument,1.0
A000070,A000666,shares_payment_instrument,1.0
A000070,A000684,shares_device,1.0
A000070,A000738,shares_payment_instrument,1.0
A000072,A000128,shares_device,1.0
A000072,A000218,shares_phone,1.0
A000072,A000282,shares_phone,1.0
A000072,A000296,shares_device,1.0
A000072,A000317,shares_device,1.0
A000072,A000397,shares_payment_instrument,1.0
A000072,A000441,shares_payment_instrument,1.0
A000072,A000466,shares_payment_instrument,1.0
A000072,A000473,shares_payment_instrument,1.0
A000072,A000494,shares_address,0.7
A000072,A000500,shares_payment_instrument,1.0
A000072,A000594,shares_phone,1.0
A000072,A000602,shares_payment_instrument,1.0
A000072,A000691,shares_address,0.7
A000073,A000095,shares_payment_instrument,1.0
A000073,A000096,shares_device,1.0
A000073,A000118,shares_phone,1.0
A000073,A000140,shares_phone,1.0
A000073,A000225,shares_address,0.7
A000073,A000270,shares_phone,1.0
A000073,A000349,shares_address,0.7
A000073,A000375,shares_address,0.7
A000073,A000450,shares_device,1.0
A000073,A000501,shares_address,0.7
A000073,A000510,shares_phone,1.0
A000073,A000577,shares_address,0.7
A000073,A000587,shares_device,1.0
A000073,A000686,shares_phone,1.0
A000073,A000715,shares_address,0.7
A000073,A000738,shares_phone,1.0
A000073,A000767,shares_payment_instrument,1.0
A000074,A000270,shares_payment_instrument,1.0
A000074,A000347,shares_address,0.7
A000074,A000462,shares_phone,1.0
A000074,A000479,shares_payment_instrument,1.0
A000074,A000643,shares_payment_instrument,1.0
A000074,A000777,shares_payment_instrument,1.0
A000076,A000212,shares_address,0.7
A000076,A000241,shares_address,0.7
A000076,A000243,shares_address,0.7
A000076,A000264,shares_address,0.7
A000076,A000286,shares_payment_instrument,1.0
A000076,A000322,shares_phone,1.0
A000076,A000383,shares_phone,1.0
A000076,A000519,shares_address,0.7
A000076,A000548,shares_address,0.7
A000076,A000606,shares_address,0.7
A000076,A000735,shares_address,0.7
A000076,A000748,shares_device,1.0
A000077,A000080,shares_address,0.7
A000077,A000212,shares_payment_instrument,1.0
A000077,A000215,shares_payment_instrument,1.0
A000077,A000229,shares_device,1.0
A000077,A000233,shares_payment_instrument,1.0
A000077,A000251,shares_address,0.7
A000077,A000269,shares_phone,1.0
A000077,A000273,shares_address,0.7
A000077,A000280,shares_device,1.0
A000077,A000282,shares_payment_instrument,1.0
A000077,A000292,shares_phone,1.0
A000077,A000320,shares_address,0.7
A000077,A000438,shares_device,1.0
A000077,A000448,shares_phone,1.0
A000077,A000455,shares_address,0.7
A000077,A000475,shares_phone,1.0
A000077,A000503,shares_phone,1.0
A000077,A000516,shares_address,0.7
A000077,A000531,shares_phone,1.0
A000077,A000606,shares_address,0.7
A000077,A000616,shares_payment_instrument,1.0
A000077,A000617,shares_device,1.0
A000077,A000622,shares_device,1.0
A000077,A000634,shares_address,0.7
A000077,A000647,shares_phone,1.0
A000077,A000670,shares_payment_instrument,1.0
A000077,A000777,shares_address,0.7
A000077,A000785,shares_phone,1.0
A000079,A000150,shares_address,0.7
A000079,A000172,shares_address,0.7
A000079,A000349,shares_device,1.0
A000079,A000434,shares_payment_instrument,1.0
A000079,A000467,shares_address,0.7
A000079,A000473,shares_address,0.7
A000079,A000481,shares_address,0.7
A000079,A000529,shares_address,0.7
A000079,A000654,shares_device,1.0
A000079,A000657,shares_device,1.0
A000079,A000664,shares_address,0.7
A000079,A000751,shares_phone,1.0
A000079,A000764,shares_device,1.0
A000080,A000205,shares_phone,1.0
A000080,A000251,shares_address,0.7
A000080,A000270,shares_device,1.0
A000080,A000374,shares_device,1.0
A000080,A000461,shares_payment_instrument,1.0
A000080,A000473,shares_payment_instrument,1.0
A000080,A000524,shares_device,1.0
A000080,A000606,shares_address,0.7
A000080,A000649,shares_phone,1.0
A000080,A000777,shares_address,0.7
A000081,A000147,shares_device,1.0
A000081,A000272,shares_device,1.0
A000081,A000308,shares_phone,1.0
A000081,A000371,shares_device,1.0
A000081,A000374,shares_payment_instrument,1.0
A000081,A000392,shares_payment_instrument,1.0
A000081,A000423,shares_device,1.0
A000081,A000468,shares_device,1.0
A000081,A000493,shares_address,0.7
A000081,A000594,shares_device,1.0
A000081,A000613,shares_address,0.7
A000081,A000676,shares_payment_instrument,1.0
A000081,A000745,shares_phone,1.0
A000081,A000759,shares_address,0.7
A000082,A000140,shares_address,0.7
A000082,A000183,shares_phone,1.0
A000082,A000482,shares_address,0.7
A000082,A000702,shares_payment_instrument,1.0
A000084,A000128,shares_device,1.0
A000084,A000129,shares_payment_instrument,1.0
A000084,A000133,shares_address,0.7
A000084,A000173,shares_address,0.7
A000084,A000181,shares_phone,1.0
A000084,A000195,shares_device,1.0
A000084,A000218,shares_payment_instrument,1.0
A000084,A000220,shares_address,0.7
A000084,A000232,shares_address,0.7
A000084,A000267,shares_device,1.0
A000084,A000333,shares_phone,1.0
A000084,A000393,shares_address,0.7
A000084,A000472,shares_address,0.7
A000084,A000577,shares_device,1.0
A000084,A000600,shares_phone,1.0
A000084,A000606,shares_device,1.0
A000084,A000703,shares_address,0.7
A000084,A000788,shares_device,1.0
A000085,A000109,shares_address,0.7
A000085,A000148,shares_phone,1.0
A000085,A000181,shares_device,1.0
A000085,A000242,shares_address,0.7
A000085,A000261,shares_phone,1.0
A000085,A000294,shares_device,1.0
A000085,A000297,shares_address,0.7
A000085,A000317,shares_payment_instrument,1.0
A000085,A000368,shares_payment_instrument,1.0
A000085,A000387,shares_device,1.0
A000085,A000432,shares_address,0.7
A000085,A000457,shares_address,0.7
A000085,A000566,shares_address,0.7
A000085,A000673,shares_address,0.7
A000085,A000692,shares_device,1.0
A000085,A000693,shares_phone,1.0
A000085,A000751,shares_address,0.7
A000085,A000764,shares_address,0.7
A000085,A000787,shares_payment_instrument,1.0
A000086,A000090,shares_phone,1.0
A000086,A000111,shares_address,0.7
A000086,A000132,shares_payment_instrument,1.0
A000086,A000138,shares_payment_instrument,1.0
A000086,A000152,shares_address,0.7
A000086,A000178,shares_device,1.0
A000086,A000195,shares_address,0.7
A000086,A000228,shares_address,0.7
A000086,A000235,shares_address,0.7
A000086,A000279,shares_address,0.7
A000086,A000301,shares_address,0.7
A000086,A000311,shares_address,0.7
A000086,A000349,shares_phone,1.0
A000086,A000359,shares_address,0.7
A000086,A000383,shares_address,0.7
A000086,A000450,shares_payment_instrument,1.0
A000086,A000461,shares_payment_instrument,1.0
A000086,A000465,shares_address,0.7
A000086,A000501,shares_address,0.7
A000086,A000514,shares_address,0.7
A000086,A000597,shares_address,0.7
A000086,A000639,shares_payment_instrument,1.0
A000086,A000698,shares_payment_instrument,1.0
A000086,A000726,shares_payment_instrument,1.0
A000086,A000749,shares_address,0.7
A000086,A000764,shares_device,1.0
A000086,A000789,shares_address,0.7
A000087,A000090,shares_payment_instrument,1.0
A000087,A000151,shares_address,0.7
A000087,A000224,shares_address,0.7
A000087,A000387,shares_address,0.7
A000087,A000572,shares_device,1.0
A000087,A000609,shares_address,0.7
A000088,A000306,shares_phone,1.0
A000089,A000127,shares_address,0.7
A000089,A000130,shares_payment_instrument,1.0
A000089,A000237,shares_address,0.7
A000089,A000487,shares_address,0.7
A000089,A000569,shares_address,0.7
A000089,A000572,shares_address,0.7
A000089,A000579,shares_address,0.7
A000089,A000739,shares_address,0.7
A000090,A000136,shares_device,1.0
A000090,A000144,shares_payment_instrument,1.0
A000090,A000204,shares_address,0.7
A000090,A000349,shares_phone,1.0
A000090,A000364,shares_device,1.0
A000090,A000387,shares_device,1.0
A000090,A000411,shares_address,0.7
A000090,A000447,shares_address,0.7
A000090,A000484,shares_device,1.0
A000090,A000770,shares_device,1.0
A000090,A000787,shares_address,0.7
A000093,A000224,shares_device,1.0
A000093,A000246,shares_payment_instrument,1.0
A000093,A000319,shares_payment_instrument,1.0
A000093,A000333,shares_address,0.7
A000093,A000353,shares_payment_instrument,1.0
A000093,A000375,shares_payment_instrument,1.0
A000093,A000381,shares_address,0.7
A000093,A000436,shares_phone,1.0
A000093,A000441,shares_address,0.7
A000093,A000455,shares_address,0.7
A000093,A000542,shares_address,0.7
A000093,A000559,shares_address,0.7
A000093,A000570,shares_address,0.7
A000094,A000109,shares_payment_instrument,1.0
A000094,A000183,shares_address,0.7
A000094,A000233,shares_device,1.0
A000094,A000252,shares_payment_instrument,1.0
A000094,A000383,shares_address,0.7
A000094,A000384,shares_payment_instrument,1.0
A000094,A000475,shares_address,0.7
A000094,A000623,shares_phone,1.0
A000094,A000635,shares_payment_instrument,1.0
A000094,A000637,shares_address,0.7
A000094,A000695,shares_address,0.7
A000094,A000719,shares_address,0.7
A000095,A000222,shares_address,0.7
A000095,A000229,shares_address,0.7
A000095,A000298,shares_address,0.7
A000095,A000352,shares_address,0.7
A000095,A000355,shares_phone,1.0
A000095,A000407,shares_address,0.7
A000095,A000432,shares_device,1.0
A000095,A000497,shares_payment_instrument,1.0
A000095,A000591,shares_device,1.0
A000095,A000637,shares_address,0.7
A000095,A000655,shares_phone,1.0
A000095,A000703,shares_device,1.0
A000095,A000767,shares_payment_instrument,1.0
A000096,A000153,shares_payment_instrument,1.0
A000096,A000450,shares_device,1.0
A000096,A000576,shares_address,0.7
A000096,A000587,shares_device,1.0
A000096,A000634,shares_address,0.7
A000096,A000678,shares_payment_instrument,1.0
A000096,A000725,shares_address,0.7
A000098,A000187,shares_device,1.0
A000098,A000279,shares_phone,1.0
A000098,A000444,shares_address,0.7
A000098,A000532,shares_address,0.7
A000099,A000194,shares_address,0.7
A000099,A000297,shares_payment_instrument,1.0
A000099,A000362,shares_address,0.7
A000099,A000442,shares_address,0.7
A000099,A000520,shares_device,1.0
A000099,A000522,shares_address,0.7
A000099,A000536,shares_address,0.7
A000099,A000581,shares_payment_instrument,1.0
A000099,A000634,shares_payment_instrument,1.0
A000099,A000687,shares_address,0.7
A000099,A000721,shares_address,0.7
A000099,A000774,shares_phone,1.0
A000100,A000152,shares_device,1.0
A000100,A000265,shares_phone,1.0
A000100,A000351,shares_address,0.7
A000100,A000461,shares_device,1.0
A000100,A000746,shares_device,1.0
A000101,A000143,shares_payment_instrument,1.0
A000101,A000197,shares_address,0.7
A000101,A000224,shares_address,0.7
A000101,A000424,shares_address,0.7
A000101,A000457,shares_phone,1.0
A000101,A000465,shares_payment_instrument,1.0
A000101,A000545,shares_address,0.7
A000101,A000608,shares_phone,1.0
A000101,A000700,shares_address,0.7
A000102,A000133,shares_payment_instrument,1.0
A000102,A000161,shares_phone,1.0
A000102,A000212,shares_phone,1.0
A000102,A000213,shares_device,1.0
A000102,A000236,shares_phone,1.0
A000102,A000454,shares_phone,1.0
A000102,A000460,shares_address,0.7
A000102,A000470,shares_phone,1.0
A000102,A000514,shares_phone,1.0
A000102,A000641,shares_device,1.0
A000102,A000646,shares_address,0.7
A000103,A000129,shares_address,0.7
A000103,A000299,shares_payment_instrument,1.0
A000103,A000362,shares_payment_instrument,1.0
A000103,A000380,shares_address,0.7
A000103,A000474,shares_phone,1.0
A000103,A000485,shares_address,0.7
A000103,A000526,shares_address,0.7
A000103,A000703,shares_address,0.7
A000106,A000144,shares_phone,1.0
A000106,A000337,shares_device,1.0
A000106,A000567,shares_payment_instrument,1.0
A000106,A000575,shares_payment_instrument,1.0
A000107,A000110,shares_address,0.7
A000107,A000387,shares_address,0.7
A000107,A000457,shares_device,1.0
A000107,A000621,shares_address,0.7
A000107,A000658,shares_phone,1.0
A000107,A000701,shares_payment_instrument,1.0
A000107,A000781,shares_payment_instrument,1.0
A000109,A000209,shares_device,1.0
A000109,A000242,shares_address,0.7
A000109,A000252,shares_payment_instrument,1.0
A000109,A000282,shares_device,1.0
A000109,A000297,shares_address,0.7
A000109,A000384,shares_payment_instrument,1.0
A000109,A000432,shares_address,0.7
A000109,A000457,shares_address,0.7
A000109,A000468,shares_phone,1.0
A000109,A000566,shares_address,0.7
A000109,A000635,shares_payment_instrument,1.0
A000109,A000673,shares_address,0.7
A000109,A000751,shares_address,0.7
A000109,A000764,shares_address,0.7
A000110,A000290,shares_phone,1.0
A000110,A000387,shares_address,0.7
A000110,A000607,shares_device,1.0
A000110,A000621,shares_address,0.7
A000111,A000129,shares_device,1.0
A000111,A000133,shares_payment_instrument,1.0
A000111,A000152,shares_address,0.7
A000111,A000174,shares_payment_instrument,1.0
A000111,A000180,shares_address,0.7
A000111,A000235,shares_address,0.7
A000111,A000301,shares_address,0.7
A000111,A000306,shares_payment_instrument,1.0
A000111,A000311,shares_address,0.7
A000111,A000320,shares_payment_instrument,1.0
A000111,A000358,shares_address,0.7
A000111,A000359,shares_address,0.7
A000111,A000383,shares_address,0.7
A000111,A000501,shares_address,0.7
A000111,A000514,shares_address,0.7
A000111,A000592,shares_device,1.0
A000111,A000632,shares_device,1.0
A000111,A000749,shares_address,0.7
A000111,A000789,shares_address,0.7
A000113,A000170,shares_device,1.0
A000113,A000337,shares_address,0.7
A000113,A000554,shares_device,1.0
A000113,A000583,shares_payment_instrument,1.0
A000113,A000647,shares_device,1.0
A000113,A000676,shares_address,0.7
A000113,A000727,shares_address,0.7
A000115,A000211,shares_payment_instrument,1.0
A000115,A000258,shares_address,0.7
A000115,A000280,shares_address,0.7
A000115,A000430,shares_payment_instrument,1.0
A000115,A000525,shares_device,1.0
A000115,A000559,shares_device,1.0
A000115,A000638,shares_address,0.7
A000118,A000140,shares_phone,1.0
A000118,A000270,shares_phone,1.0
A000118,A000353,shares_address,0.7
A000118,A000510,shares_phone,1.0
A000118,A000686,shares_phone,1.0
A000118,A000702,shares_address,0.7
A000118,A000738,shares_phone,1.0
A000118,A000794,shares_address,0.7
A000119,A000186,shares_payment_instrument,1.0
A000119,A000419,shares_address,0.7
A000119,A000589,shares_address,0.7
A000119,A000661,shares_address,0.7
A000119,A000671,shares_address,0.7
A000119,A000795,shares_payment_instrument,1.0
A000120,A000325,shares_phone,1.0
A000120,A000680,shares_phone,1.0
A000120,A000683,shares_address,0.7
A000121,A000187,shares_phone,1.0
A000121,A000530,shares_payment_instrument,1.0
A000121,A000583,shares_phone,1.0
A000122,A000228,shares_device,1.0
A000122,A000238,shares_phone,1.0
A000122,A000254,shares_address,0.7
A000122,A000291,shares_device,1.0
A000122,A000297,shares_device,1.0
A000122,A000335,shares_address,0.7
A000122,A000367,shares_payment_instrument,1.0
A000122,A000643,shares_device,1.0
A000122,A000729,shares_device,1.0
A000122,A000745,shares_address,0.7
A000122,A000774,shares_address,0.7
A000123,A000147,shares_phone,1.0
A000123,A000438,shares_payment_instrument,1.0
A000123,A000498,shares_phone,1.0
A000123,A000506,shares_phone,1.0
A000123,A000708,shares_address,0.7
A000123,A000778,shares_phone,1.0
A000124,A000229,shares_phone,1.0
A000124,A000254,shares_phone,1.0
A000124,A000331,shares_phone,1.0
A000124,A000381,shares_phone,1.0
A000124,A000399,shares_phone,1.0
A000124,A000544,shares_address,0.7
A000124,A000607,shares_phone,1.0
A000124,A000622,shares_address,0.7
A000124,A000643,shares_address,0.7
A000124,A000719,shares_address,0.7
A000124,A000766,shares_address,0.7
A000126,A000146,shares_device,1.0
A000126,A000181,shares_device,1.0
A000126,A000220,shares_device,1.0
A000126,A000235,shares_address,0.7
A000126,A000340,shares_phone,1.0
A000126,A000376,shares_phone,1.0
A000126,A000422,shares_device,1.0
A000126,A000450,shares_device,1.0
A000126,A000470,shares_device,1.0
A000126,A000574,shares_address,0.7
A000126,A000577,shares_address,0.7
A000126,A000610,shares_device,1.0
A000126,A000654,shares_address,0.7
A000126,A000737,shares_address,0.7
A000126,A000761,shares_address,0.7
A000127,A000190,shares_device,1.0
A000127,A000237,shares_address,0.7
A000127,A000243,shares_device,1.0
A000127,A000343,shares_device,1.0
A000127,A000487,shares_address,0.7
A000127,A000496,shares_payment_instrument,1.0
A000127,A000516,shares_device,1.0
A000127,A000548,shares_payment_instrument,1.0
A000127,A000579,shares_address,0.7
A000127,A000663,shares_device,1.0
A000127,A000739,shares_address,0.7
A000128,A000132,shares_address,0.7
A000128,A000138,shares_address,0.7
A000128,A000169,shares_address,0.7
A000128,A000173,shares_address,0.7
A000128,A000195,shares_device,1.0
A000128,A000267,shares_device,1.0
A000128,A000272,shares_address,0.7
A000128,A000277,shares_payment_instrument,1.0
A000128,A000296,shares_device,1.0
A000128,A000300,shares_address,0.7
A000128,A000317,shares_device,1.0
A000128,A000340,shares_payment_instrument,1.0
A000128,A000345,shares_payment_instrument,1.0
A000128,A000366,shares_address,0.7
A000128,A000372,shares_address,0.7
A000128,A000379,shares_address,0.7
A000128,A000412,shares_address,0.7
A000128,A000416,shares_address,0.7
A000128,A000423,shares_address,0.7
A000128,A000426,shares_address,0.7
A000128,A000484,shares_payment_instrument,1.0
A000128,A000513,shares_address,0.7
A000128,A000516,shares_phone,1.0
A000128,A000521,shares_address,0.7
A000128,A000537,shares_address,0.7
A000128,A000538,shares_payment_instrument,1.0
A000128,A000541,shares_address,0.7
A000128,A000551,shares_address,0.7
A000128,A000561,shares_address,0.7
A000128,A000577,shares_device,1.0
A000128,A000594,shares_address,0.7
A000128,A000606,shares_device,1.0
A000128,A000617,shares_phone,1.0
A000128,A000621,shares_address,0.7
A000128,A000683,shares_address,0.7
A000128,A000697,shares_phone,1.0
A000128,A000701,shares_address,0.7
A000128,A000703,shares_phone,1.0
A000128,A000729,shares_address,0.7
A000128,A000738,shares_address,0.7
A000128,A000776,shares_phone,1.0
A000128,A000781,shares_address,0.7
A000128,A000788,shares_device,1.0
A000128,A000790,shares_payment_instrument,1.0
A000128,A000793,shares_address,0.7
A000129,A000218,shares_payment_instrument,1.0
A000129,A000380,shares_address,0.7
A000129,A000485,shares_address,0.7
A000129,A000526,shares_address,0.7
A000129,A000592,shares_device,1.0
A000129,A000632,shares_device,1.0
A000129,A000703,shares_address,0.7
A000129,A000737,shares_phone,1.0
A000130,A000260,shares_address,0.7
A000130,A000368,shares_phone,1.0
A000130,A000521,shares_phone,1.0
A000130,A000626,shares_address,0.7
A000131,A000170,shares_address,0.7
A000131,A000206,shares_address,0.7
A000131,A000262,shares_address,0.7
A000131,A000296,shares_phone,1.0
A000131,A000357,shares_address,0.7
A000131,A000365,shares_phone,1.0
A000131,A000390,shares_phone,1.0
A000131,A000393,shares_device,1.0
A000131,A000397,shares_address,0.7
A000131,A000450,shares_address,0.7
A000131,A000466,shares_phone,1.0
A000131,A000489,shares_payment_instrument,1.0
A000131,A000509,shares_address,0.7
A000131,A000511,shares_address,0.7
A000131,A000557,shares_address,0.7
A000131,A000566,shares_phone,1.0
A000131,A000600,shares_address,0.7
A000131,A000602,shares_address,0.7
A000131,A000666,shares_address,0.7
A000131,A000695,shares_phone,1.0
A000131,A000711,shares_device,1.0
A000131,A000776,shares_address,0.7
A000132,A000138,shares_payment_instrument,1.0
A000132,A000162,shares_phone,1.0
A000132,A000206,shares_address,0.7
A000132,A000277,shares_address,0.7
A000132,A000300,shares_address,0.7
A000132,A000301,shares_address,0.7
A000132,A000320,shares_device,1.0
A000132,A000342,shares_device,1.0
A000132,A000372,shares_address,0.7
A000132,A000379,shares_address,0.7
A000132,A000412,shares_address,0.7
A000132,A000416,shares_address,0.7
A000132,A000423,shares_address,0.7
A000132,A000426,shares_address,0.7
A000132,A000448,shares_device,1.0
A000132,A000450,shares_payment_instrument,1.0
A000132,A000461,shares_payment_instrument,1.0
A000132,A000479,shares_address,0.7
A000132,A000513,shares_address,0.7
A000132,A000521,shares_address,0.7
A000132,A000538,shares_address,0.7
A000132,A000541,shares_address,0.7
A000132,A000544,shares_device,1.0
A000132,A000621,shares_address,0.7
A000132,A000630,shares_address,0.7
A000132,A000639,shares_payment_instrument,1.0
A000132,A000698,shares_payment_instrument,1.0
A000132,A000700,shares_phone,1.0
A000132,A000703,shares_device,1.0
A000132,A000726,shares_payment_instrument,1.0
A000132,A000729,shares_address,0.7
A000132,A000738,shares_address,0.7
A000132,A000798,shares_address,0.7
A000133,A000173,shares_address,0.7
A000133,A000207,shares_device,1.0
A000133,A000211,shares_address,0.7
A000133,A000225,shares_device,1.0
A000133,A000252,shares_phone,1.0
A000133,A000306,shares_payment_instrument,1.0
A000133,A000340,shares_address,0.7
A000133,A000358,shares_device,1.0
A000133,A000419,shares_phone,1.0
A000133,A000484,shares_address,0.7
A000133,A000510,shares_address,0.7
A000133,A000513,shares_phone,1.0
A000133,A000538,shares_phone,1.0
A000133,A000550,shares_address,0.7
A000133,A000632,shares_address,0.7
A000133,A000663,shares_phone,1.0
A000133,A000683,shares_device,1.0
A000133,A000712,shares_address,0.7
A000133,A000754,shares_phone,1.0
A000133,A000756,shares_address,0.7
A000134,A000162,shares_payment_instrument,1.0
A000134,A000167,shares_address,0.7
A000134,A000249,shares_payment_instrument,1.0
A000135,A000147,shares_address,0.7
A000135,A000194,shares_device,1.0
A000135,A000290,shares_address,0.7
A000135,A000661,shares_phone,1.0
A000135,A000736,shares_device,1.0
A000136,A000331,shares_address,0.7
A000136,A000364,shares_device,1.0
A000136,A000387,shares_device,1.0
A000136,A000446,shares_address,0.7
A000136,A000484,shares_device,1.0
A000136,A000508,shares_payment_instrument,1.0
A000136,A000572,shares_address,0.7
A000136,A000584,shares_address,0.7
A000136,A000680,shares_device,1.0
A000137,A000168,shares_address,0.7
A000137,A000195,shares_payment_instrument,1.0
A000137,A000240,shares_payment_instrument,1.0
A000137,A000270,shares_address,0.7
A000137,A000272,shares_phone,1.0
A000137,A000294,shares_address,0.7
A000137,A000296,shares_address,0.7
A000137,A000357,shares_payment_instrument,1.0
A000137,A000392,shares_address,0.7
A000137,A000419,shares_payment_instrument,1.0
A000137,A000474,shares_address,0.7
A000137,A000481,shares_device,1.0
A000137,A000496,shares_address,0.7
A000137,A000500,shares_device,1.0
A000137,A000506,shares_address,0.7
A000137,A000507,shares_address,0.7
A000137,A000544,shares_payment_instrument,1.0
A000137,A000551,shares_payment_instrument,1.0
A000137,A000561,shares_payment_instrument,1.0
A000137,A000589,shares_address,0.7
A000137,A000594,shares_payment_instrument,1.0
A000137,A000600,shares_payment_instrument,1.0
A000137,A000602,shares_address,0.7
A000137,A000633,shares_address,0.7
A000137,A000684,shares_address,0.7
A000137,A000697,shares_address,0.7
A000137,A000715,shares_payment_instrument,1.0
A000137,A000751,shares_device,1.0
A000137,A000754,shares_device,1.0
A000137,A000764,shares_phone,1.0
A000137,A000789,shares_phone,1.0
A000138,A000173,shares_phone,1.0
A000138,A000228,shares_phone,1.0
A000138,A000300,shares_address,0.7
A000138,A000301,shares_phone,1.0
A000138,A000342,shares_phone,1.0
A000138,A000372,shares_address,0.7
A000138,A000377,shares_device,1.0
A000138,A000379,shares_address,0.7
A000138,A000412,shares_address,0.7
A000138,A000416,shares_address,0.7
A000138,A000419,shares_device,1.0
A000138,A000423,shares_address,0.7
A000138,A000426,shares_address,0.7
A000138,A000450,shares_payment_instrument,1.0
A000138,A000461,shares_payment_instrument,1.0
A000138,A000509,shares_device,1.0
A000138,A000513,shares_address,0.7
A000138,A000521,shares_address,0.7
A000138,A000538,shares_address,0.7
A000138,A000541,shares_address,0.7
A000138,A000561,shares_device,1.0
A000138,A000592,shares_phone,1.0
A000138,A000600,shares_device,1.0
A000138,A000621,shares_address,0.7
A000138,A000639,shares_payment_instrument,1.0
A000138,A000681,shares_device,1.0
A000138,A000698,shares_device,1.0
A000138,A000726,shares_payment_instrument,1.0
A000138,A000729,shares_address,0.7
A000138,A000738,shares_address,0.7
A000138,A000740,shares_device,1.0
A000138,A000790,shares_device,1.0
A000140,A000190,shares_address,0.7
A000140,A000270,shares_phone,1.0
A000140,A000285,shares_address,0.7
A000140,A000482,shares_address,0.7
A000140,A000510,shares_phone,1.0
A000140,A000686,shares_phone,1.0
A000140,A000715,shares_address,0.7
A000140,A000738,shares_phone,1.0
A000140,A000746,shares_address,0.7
A000143,A000375,shares_phone,1.0
A000143,A000384,shares_device,1.0
A000143,A000465,shares_payment_instrument,1.0
A000143,A000559,shares_address,0.7
A000143,A000700,shares_address,0.7
A000143,A000779,shares_address,0.7
A000144,A000278,shares_device,1.0
A000144,A000324,shares_address,0.7
A000144,A000625,shares_address,0.7
A000144,A000716,shares_device,1.0
A000146,A000162,shares_address,0.7
A000146,A000181,shares_device,1.0
A000146,A000220,shares_device,1.0
A000146,A000225,shares_phone,1.0
A000146,A000291,shares_address,0.7
A000146,A000326,shares_address,0.7
A000146,A000422,shares_device,1.0
A000146,A000440,shares_payment_instrument,1.0
A000146,A000448,shares_address,0.7
A000146,A000470,shares_device,1.0
A000146,A000496,shares_payment_instrument,1.0
A000146,A000610,shares_device,1.0
A000146,A000660,shares_address,0.7
A000146,A000664,shares_payment_instrument,1.0
A000147,A000272,shares_device,1.0
A000147,A000290,shares_address,0.7
A000147,A000498,shares_phone,1.0
A000147,A000506,shares_phone,1.0
A000147,A000594,shares_device,1.0
A000147,A000778,shares_phone,1.0
A000148,A000261,shares_phone,1.0
A000148,A000332,shares_address,0.7
A000148,A000507,shares_payment_instrument,1.0
A000148,A000693,shares_phone,1.0
A000149,A000158,shares_address,0.7
A000149,A000444,shares_payment_instrument,1.0
A000149,A000504,shares_address,0.7
A000149,A000536,shares_device,1.0
A000149,A000673,shares_phone,1.0
A000150,A000172,shares_address,0.7
A000150,A000350,shares_device,1.0
A000150,A000473,shares_address,0.7
A000150,A000785,shares_payment_instrument,1.0
A000151,A000285,shares_payment_instrument,1.0
A000151,A000609,shares_address,0.7
A000152,A000235,shares_address,0.7
A000152,A000301,shares_address,0.7
A000152,A000311,shares_address,0.7
A000152,A000317,shares_payment_instrument,1.0
A000152,A000359,shares_address,0.7
A000152,A000360,shares_phone,1.0
A000152,A000383,shares_address,0.7
A000152,A000461,shares_device,1.0
A000152,A000501,shares_address,0.7
A000152,A000514,shares_address,0.7
A000152,A000526,shares_payment_instrument,1.0
A000152,A000730,shares_phone,1.0
A000152,A000749,shares_address,0.7
A000152,A000789,shares_address,0.7
A000153,A000203,shares_payment_instrument,1.0
A000153,A000343,shares_payment_instrument,1.0
A000153,A000367,shares_phone,1.0
A000153,A000394,shares_address,0.7
A000153,A000451,shares_payment_instrument,1.0
A000153,A000525,shares_address,0.7
A000153,A000647,shares_payment_instrument,1.0
A000153,A000678,shares_payment_instrument,1.0
A000153,A000707,shares_device,1.0
A000153,A000735,shares_device,1.0
A000155,A000281,shares_device,1.0
A000155,A000436,shares_address,0.7
A000155,A000492,shares_device,1.0
A000155,A000505,shares_address,0.7
A000155,A000566,shares_device,1.0
A000155,A000712,shares_phone,1.0
A000158,A000292,shares_device,1.0
A000158,A000404,shares_address,0.7
A000158,A000504,shares_address,0.7
A000158,A000527,shares_address,0.7
A000158,A000530,shares_device,1.0
A000158,A000531,shares_address,0.7
A000158,A000749,shares_payment_instrument,1.0
A000159,A000373,shares_address,0.7
A000159,A000497,shares_address,0.7
A000159,A000560,shares_address,0.7
A000159,A000670,shares_address,0.7
A000159,A000706,shares_payment_instrument,1.0
A000160,A000169,shares_phone,1.0
A000160,A000221,shares_address,0.7
A000160,A000236,shares_address,0.7
A000160,A000280,shares_address,0.7
A000160,A000356,shares_address,0.7
A000160,A000371,shares_address,0.7
A000160,A000387,shares_phone,1.0
A000160,A000461,shares_address,0.7
A000160,A000555,shares_address,0.7
A000160,A000607,shares_address,0.7
A000160,A000665,shares_address,0.7
A000160,A000722,shares_address,0.7
A000160,A000727,shares_payment_instrument,1.0
A000160,A000740,shares_phone,1.0
A000160,A000778,shares_address,0.7
A000161,A000212,shares_phone,1.0
A000161,A000236,shares_phone,1.0
A000161,A000333,shares_device,1.0
A000161,A000454,shares_phone,1.0
A000161,A000470,shares_phone,1.0
A000161,A000514,shares_phone,1.0
A000162,A000249,shares_payment_instrument,1.0
A000162,A000284,shares_address,0.7
A000162,A000291,shares_address,0.7
A000162,A000326,shares_address,0.7
A000162,A000384,shares_address,0.7
A000162,A000440,shares_address,0.7
A000162,A000448,shares_address,0.7
A000162,A000554,shares_address,0.7
A000162,A000564,shares_address,0.7
A000162,A000613,shares_device,1.0
A000162,A000660,shares_address,0.7
A000162,A000680,shares_address,0.7
A000162,A000698,shares_address,0.7
A000162,A000700,shares_phone,1.0
A000163,A000249,shares_address,0.7
A000163,A000342,shares_payment_instrument,1.0
A000163,A000474,shares_device,1.0
A000163,A000494,shares_payment_instrument,1.0
A000163,A000529,shares_phone,1.0
A000163,A000597,shares_phone,1.0
A000163,A000730,shares_address,0.7
A000163,A000748,shares_address,0.7
A000163,A000791,shares_address,0.7
A000165,A000258,shares_payment_instrument,1.0
A000165,A000707,shares_device,1.0
A000167,A000173,shares_device,1.0
A000167,A000177,shares_device,1.0
A000167,A000178,shares_payment_instrument,1.0
A000167,A000213,shares_phone,1.0
A000167,A000281,shares_address,0.7
A000167,A000308,shares_payment_instrument,1.0
A000167,A000315,shares_device,1.0
A000167,A000373,shares_address,0.7
A000167,A000376,shares_address,0.7
A000167,A000461,shares_phone,1.0
A000167,A000550,shares_device,1.0
A000167,A000658,shares_address,0.7
A000167,A000686,shares_device,1.0
A000167,A000770,shares_address,0.7
A000167,A000774,shares_device,1.0
A000168,A000195,shares_address,0.7
A000168,A000251,shares_payment_instrument,1.0
A000168,A000270,shares_address,0.7
A000168,A000294,shares_address,0.7
A000168,A000296,shares_address,0.7
A000168,A000392,shares_address,0.7
A000168,A000474,shares_address,0.7
A000168,A000487,shares_device,1.0
A000168,A000496,shares_address,0.7
A000168,A000506,shares_address,0.7
A000168,A000507,shares_address,0.7
A000168,A000555,shares_phone,1.0
A000168,A000561,shares_address,0.7
A000168,A000589,shares_address,0.7
A000168,A000602,shares_address,0.7
A000168,A000621,shares_payment_instrument,1.0
A000168,A000633,shares_address,0.7
A000168,A000684,shares_address,0.7
A000168,A000697,shares_address,0.7
A000168,A000754,shares_address,0.7
A000169,A000173,shares_address,0.7
A000169,A000215,shares_payment_instrument,1.0
A000169,A000272,shares_address,0.7
A000169,A000366,shares_address,0.7
A000169,A000378,shares_device,1.0
A000169,A000387,shares_phone,1.0
A000169,A000537,shares_address,0.7
A000169,A000551,shares_address,0.7
A000169,A000561,shares_address,0.7
A000169,A000594,shares_address,0.7
A000169,A000626,shares_device,1.0
A000169,A000683,shares_address,0.7
A000169,A000701,shares_address,0.7
A000169,A000740,shares_phone,1.0
A000169,A000781,shares_address,0.7
A000169,A000790,shares_address,0.7
A000169,A000793,shares_address,0.7
A000170,A000206,shares_address,0.7
A000170,A000262,shares_address,0.7
A000170,A000357,shares_address,0.7
A000170,A000397,shares_address,0.7
A000170,A000450,shares_address,0.7
A000170,A000509,shares_address,0.7
A000170,A000511,shares_address,0.7
A000170,A000554,shares_device,1.0
A000170,A000557,shares_address,0.7
A000170,A000600,shares_address,0.7
A000170,A000602,shares_address,0.7
A000170,A000647,shares_device,1.0
A000170,A000666,shares_address,0.7
A000170,A000776,shares_address,0.7
A000172,A000473,shares_address,0.7
A000173,A000177,shares_device,1.0
A000173,A000228,shares_phone,1.0
A000173,A000272,shares_address,0.7
A000173,A000301,shares_phone,1.0
A000173,A000315,shares_device,1.0
A000173,A000326,shares_device,1.0
A000173,A000342,shares_phone,1.0
A000173,A000366,shares_address,0.7
A000173,A000409,shares_device,1.0
A000173,A000466,shares_device,1.0
A000173,A000537,shares_address,0.7
A000173,A000550,shares_device,1.0
A000173,A000551,shares_address,0.7
A000173,A000561,shares_phone,1.0
A000173,A000592,shares_phone,1.0
A000173,A000594,shares_address,0.7
A000173,A000681,shares_payment_instrument,1.0
A000173,A000683,shares_address,0.7
A000173,A000686,shares_device,1.0
A000173,A000697,shares_device,1.0
A000173,A000701,shares_address,0.7
A000173,A000774,shares_device,1.0
A000173,A000781,shares_address,0.7
A000173,A000790,shares_address,0.7
A000173,A000793,shares_address,0.7
A000174,A000211,shares_address,0.7
A000174,A000266,shares_address,0.7
A000174,A000297,shares_phone,1.0
A000174,A000320,shares_payment_instrument,1.0
A000174,A000334,shares_phone,1.0
A000174,A000472,shares_device,1.0
A000174,A000501,shares_phone,1.0
A000174,A000508,shares_phone,1.0
A000174,A000532,shares_payment_instrument,1.0
A000174,A000637,shares_phone,1.0
A000174,A000642,shares_address,0.7
A000174,A000706,shares_phone,1.0
A000174,A000759,shares_address,0.7
A000174,A000777,shares_device,1.0
A000175,A000385,shares_address,0.7
A000175,A000706,shares_address,0.7
A000175,A000755,shares_address,0.7
A000177,A000315,shares_device,1.0
A000177,A000326,shares_phone,1.0
A000177,A000487,shares_phone,1.0
A000177,A000550,shares_device,1.0
A000177,A000686,shares_device,1.0
A000177,A000774,shares_device,1.0
A000178,A000195,shares_address,0.7
A000178,A000228,shares_address,0.7
A000178,A000279,shares_address,0.7
A000178,A000308,shares_payment_instrument,1.0
A000178,A000359,shares_address,0.7
A000178,A000465,shares_address,0.7
A000178,A000570,shares_phone,1.0
A000178,A000597,shares_address,0.7
A000178,A000606,shares_phone,1.0
A000178,A000764,shares_device,1.0
A000180,A000286,shares_device,1.0
A000180,A000358,shares_address,0.7
A000180,A000404,shares_phone,1.0
A000180,A000686,shares_payment_instrument,1.0
A000180,A000696,shares_payment_instrument,1.0
A000180,A000749,shares_device,1.0
A000180,A000778,shares_device,1.0
A000181,A000202,shares_address,0.7
A000181,A000220,shares_device,1.0
A000181,A000294,shares_device,1.0
A000181,A000333,shares_phone,1.0
A000181,A000359,shares_payment_instrument,1.0
A000181,A000387,shares_device,1.0
A000181,A000422,shares_device,1.0
A000181,A000466,shares_address,0.7
A000181,A000470,shares_device,1.0
A000181,A000600,shares_phone,1.0
A000181,A000610,shares_device,1.0
A000181,A000692,shares_device,1.0
A000181,A000790,shares_address,0.7
A000183,A000475,shares_address,0.7
A000183,A000527,shares_payment_instrument,1.0
A000183,A000637,shares_address,0.7
A000183,A000695,shares_address,0.7
A000183,A000719,shares_address,0.7
A000185,A000253,shares_address,0.7
A000185,A000322,shares_device,1.0
A000185,A000416,shares_payment_instrument,1.0
A000185,A000438,shares_address,0.7
A000185,A000485,shares_payment_instrument,1.0
A000185,A000566,shares_payment_instrument,1.0
A000185,A000580,shares_address,0.7
A000185,A000592,shares_address,0.7
A000185,A000642,shares_device,1.0
A000185,A000664,shares_device,1.0
A000185,A000693,shares_address,0.7
A000186,A000294,shares_address,0.7
A000186,A000779,shares_device,1.0
A000186,A000795,shares_payment_instrument,1.0
A000187,A000348,shares_address,0.7
A000187,A000490,shares_payment_instrument,1.0
A000187,A000493,shares_payment_instrument,1.0
A000187,A000583,shares_phone,1.0
A000188,A000203,shares_address,0.7
A000188,A000421,shares_address,0.7
A000188,A000583,shares_address,0.7
A000188,A000639,shares_address,0.7
A000190,A000243,shares_device,1.0
A000190,A000285,shares_address,0.7
A000190,A000343,shares_device,1.0
A000190,A000516,shares_device,1.0
A000190,A000663,shares_device,1.0
A000190,A000715,shares_address,0.7
A000190,A000746,shares_address,0.7
A000194,A000209,shares_address,0.7
A000194,A000246,shares_phone,1.0
A000194,A000311,shares_payment_instrument,1.0
A000194,A000366,shares_device,1.0
A000194,A000379,shares_device,1.0
A000194,A000390,shares_address,0.7
A000194,A000453,shares_address,0.7
A000194,A000498,shares_address,0.7
A000194,A000520,shares_address,0.7
A000194,A000522,shares_address,0.7
A000194,A000536,shares_address,0.7
A000194,A000592,shares_address,0.7
A000194,A000617,shares_payment_instrument,1.0
A000194,A000649,shares_address,0.7
A000194,A000663,shares_address,0.7
A000194,A000687,shares_address,0.7
A000194,A000721,shares_address,0.7
A000194,A000736,shares_device,1.0
A000194,A000777,shares_address,0.7
A000195,A000228,shares_address,0.7
A000195,A000240,shares_payment_instrument,1.0
A000195,A000267,shares_device,1.0
A000195,A000270,shares_address,0.7
A000195,A000279,shares_address,0.7
A000195,A000294,shares_address,0.7
A000195,A000296,shares_address,0.7
A000195,A000357,shares_payment_instrument,1.0
A000195,A000359,shares_address,0.7
A000195,A000392,shares_address,0.7
A000195,A000465,shares_address,0.7
A000195,A000474,shares_address,0.7
A000195,A000496,shares_address,0.7
A000195,A000506,shares_address,0.7
A000195,A000507,shares_address,0.7
A000195,A000544,shares_payment_instrument,1.0
A000195,A000547,shares_phone,1.0
A000195,A000551,shares_payment_instrument,1.0
A000195,A000561,shares_address,0.7
A000195,A000577,shares_device,1.0
A000195,A000589,shares_address,0.7
A000195,A000594,shares_payment_instrument,1.0
A000195,A000597,shares_address,0.7
A000195,A000600,shares_payment_instrument,1.0
A000195,A000602,shares_address,0.7
A000195,A000606,shares_device,1.0
A000195,A000633,shares_address,0.7
A000195,A000684,shares_address,0.7
A000195,A000697,shares_address,0.7
A000195,A000701,shares_phone,1.0
A000195,A000754,shares_address,0.7
A000195,A000788,shares_device,1.0
A000197,A000424,shares_address,0.7
A000197,A000545,shares_address,0.7
A000202,A000300,shares_phone,1.0
A000202,A000379,shares_phone,1.0
A000202,A000403,shares_device,1.0
A000202,A000407,shares_device,1.0
A000202,A000412,shares_phone,1.0
A000202,A000422,shares_address,0.7
A000202,A000426,shares_phone,1.0
A000202,A000466,shares_address,0.7
A000202,A000470,shares_address,0.7
A000202,A000511,shares_phone,1.0
A000202,A000541,shares_phone,1.0
A000202,A000585,shares_device,1.0
A000202,A000602,shares_phone,1.0
A000202,A000632,shares_device,1.0
A000202,A000711,shares_phone,1.0
A000202,A000790,shares_address,0.7
A000203,A000293,shares_device,1.0
A000203,A000343,shares_payment_instrument,1.0
A000203,A000399,shares_address,0.7
A000203,A000421,shares_address,0.7
A000203,A000451,shares_payment_instrument,1.0
A000203,A000564,shares_device,1.0
A000203,A000583,shares_address,0.7
A000203,A000639,shares_address,0.7
A000203,A000647,shares_payment_instrument,1.0
A000204,A000411,shares_address,0.7
A000204,A000447,shares_address,0.7
A000204,A000719,shares_device,1.0
A000204,A000787,shares_address,0.7
A000205,A000365,shares_payment_instrument,1.0
A000205,A000611,shares_payment_instrument,1.0
A000205,A000649,shares_phone,1.0
A000205,A000694,shares_payment_instrument,1.0
A000205,A000719,shares_payment_instrument,1.0
A000206,A000262,shares_device,1.0
A000206,A000277,shares_address,0.7
A000206,A000301,shares_address,0.7
A000206,A000331,shares_payment_instrument,1.0
A000206,A000342,shares_device,1.0
A000206,A000357,shares_address,0.7
A000206,A000358,shares_payment_instrument,1.0
A000206,A000365,shares_device,1.0
A000206,A000379,shares_payment_instrument,1.0
A000206,A000397,shares_address,0.7
A000206,A000450,shares_address,0.7
A000206,A000479,shares_address,0.7
A000206,A000492,shares_phone,1.0
A000206,A000509,shares_address,0.7
A000206,A000511,shares_address,0.7
A000206,A000548,shares_device,1.0
A000206,A000556,shares_payment_instrument,1.0
A000206,A000557,shares_address,0.7
A000206,A000600,shares_address,0.7
A000206,A000602,shares_address,0.7
A000206,A000630,shares_address,0.7
A000206,A000660,shares_phone,1.0
A000206,A000666,shares_address,0.7
A000206,A000776,shares_device,1.0
A000206,A000798,shares_address,0.7
A000207,A000225,shares_device,1.0
A000207,A000265,shares_payment_instrument,1.0
A000207,A000349,shares_address,0.7
A000207,A000358,shares_device,1.0
A000207,A000399,shares_address,0.7
A000207,A000635,shares_phone,1.0
A000207,A000647,shares_address,0.7
A000207,A000682,shares_address,0.7
A000207,A000683,shares_device,1.0
A000207,A000737,shares_address,0.7
A000207,A000755,shares_payment_instrument,1.0
A000207,A000760,shares_address,0.7
A000209,A000282,shares_device,1.0
A000209,A000390,shares_address,0.7
A000209,A000395,shares_phone,1.0
A000209,A000453,shares_address,0.7
A000209,A000498,shares_address,0.7
A000209,A000536,shares_address,0.7
A000209,A000592,shares_address,0.7
A000209,A000649,shares_address,0.7
A000209,A000663,shares_address,0.7
A000209,A000777,shares_address,0.7
A000211,A000243,shares_device,1.0
A000211,A000266,shares_address,0.7
A000211,A000340,shares_address,0.7
A000211,A000430,shares_payment_instrument,1.0
A000211,A000484,shares_address,0.7
A000211,A000510,shares_address,0.7
A000211,A000542,shares_device,1.0
A000211,A000550,shares_address,0.7
A000211,A000608,shares_device,1.0
A000211,A000632,shares_address,0.7
A000211,A000642,shares_address,0.7
A000211,A000712,shares_address,0.7
A000211,A000727,shares_device,1.0
A000211,A000756,shares_address,0.7
A000211,A000759,shares_address,0.7
A000212,A000236,shares_phone,1.0
A000212,A000241,shares_address,0.7
A000212,A000243,shares_address,0.7
A000212,A000264,shares_address,0.7
A000212,A000286,shares_address,0.7
A000212,A000430,shares_address,0.7
A000212,A000443,shares_address,0.7
A000212,A000454,shares_phone,1.0
A000212,A000470,shares_phone,1.0
A000212,A000501,shares_device,1.0
A000212,A000514,shares_phone,1.0
A000212,A000519,shares_address,0.7
A000212,A000548,shares_address,0.7
A000212,A000581,shares_address,0.7
A000212,A000606,shares_address,0.7
A000212,A000660,shares_device,1.0
A000212,A000680,shares_address,0.7
A000212,A000686,shares_device,1.0
A000212,A000694,shares_address,0.7
A000212,A000735,shares_address,0.7
A000212,A000770,shares_address,0.7
A000213,A000281,shares_address,0.7
A000213,A000285,shares_device,1.0
A000213,A000373,shares_address,0.7
A000213,A000376,shares_address,0.7
A000213,A000461,shares_phone,1.0
A000213,A000580,shares_device,1.0
A000213,A000610,shares_address,0.7
A000213,A000641,shares_device,1.0
A000213,A000658,shares_address,0.7
A000213,A000770,shares_address,0.7
A000215,A000233,shares_payment_instrument,1.0
A000215,A000277,shares_device,1.0
A000215,A000282,shares_payment_instrument,1.0
A000215,A000408,shares_address,0.7
A000215,A000484,shares_phone,1.0
A000215,A000526,shares_phone,1.0
A000215,A000616,shares_payment_instrument,1.0
A000215,A000644,shares_address,0.7
A000215,A000670,shares_payment_instrument,1.0
A000215,A000696,shares_address,0.7
A000215,A000737,shares_device,1.0
A000215,A000773,shares_device,1.0
A000215,A000793,shares_device,1.0
A000217,A000347,shares_device,1.0
A000217,A000502,shares_phone,1.0
A000217,A000757,shares_address,0.7
A000218,A000282,shares_phone,1.0
A000218,A000395,shares_address,0.7
A000218,A000448,shares_address,0.7
A000218,A000594,shares_phone,1.0
A000218,A000726,shares_address,0.7
A000220,A000232,shares_address,0.7
A000220,A000356,shares_phone,1.0
A000220,A000393,shares_phone,1.0
A000220,A000422,shares_device,1.0
A000220,A000470,shares_device,1.0
A000220,A000472,shares_address,0.7
A000220,A000610,shares_device,1.0
A000220,A000703,shares_address,0.7
A000220,A000795,shares_payment_instrument,1.0
A000221,A000356,shares_address,0.7
A000221,A000371,shares_address,0.7
A000221,A000373,shares_device,1.0
A000221,A000461,shares_address,0.7
A000221,A000465,shares_device,1.0
A000221,A000555,shares_address,0.7
A000221,A000569,shares_device,1.0
A000221,A000607,shares_address,0.7
A000221,A000665,shares_address,0.7
A000222,A000229,shares_address,0.7
A000222,A000298,shares_address,0.7
A000222,A000398,shares_payment_instrument,1.0
A000222,A000407,shares_address,0.7
A000222,A000591,shares_address,0.7
A000222,A000601,shares_payment_instrument,1.0
A000222,A000637,shares_address,0.7
A000222,A000696,shares_device,1.0
A000223,A000398,shares_address,0.7
A000223,A000462,shares_address,0.7
A000223,A000609,shares_phone,1.0
A000224,A000387,shares_address,0.7
A000224,A000639,shares_phone,1.0
A000224,A000683,shares_payment_instrument,1.0
A000224,A000700,shares_address,0.7
A000225,A000267,shares_address,0.7
A000225,A000290,shares_payment_instrument,1.0
A000225,A000349,shares_address,0.7
A000225,A000358,shares_device,1.0
A000225,A000375,shares_address,0.7
A000225,A000389,shares_payment_instrument,1.0
A000225,A000463,shares_address,0.7
A000225,A000468,shares_address,0.7
A000225,A000496,shares_phone,1.0
A000225,A000501,shares_address,0.7
A000225,A000503,shares_address,0.7
A000225,A000537,shares_payment_instrument,1.0
A000225,A000577,shares_address,0.7
A000225,A000601,shares_address,0.7
A000225,A000683,shares_device,1.0
A000225,A000715,shares_address,0.7
A000225,A000716,shares_address,0.7
A000227,A000332,shares_payment_instrument,1.0
A000227,A000700,shares_device,1.0
A000227,A000735,shares_payment_instrument,1.0
A000228,A000279,shares_address,0.7
A000228,A000291,shares_device,1.0
A000228,A000297,shares_device,1.0
A000228,A000301,shares_phone,1.0
A000228,A000342,shares_phone,1.0
A000228,A000359,shares_address,0.7
A000228,A000465,shares_address,0.7
A000228,A000561,shares_phone,1.0
A000228,A000592,shares_phone,1.0
A000228,A000597,shares_address,0.7
A000228,A000643,shares_device,1.0
A000228,A000725,shares_payment_instrument,1.0
A000228,A000729,shares_device,1.0
A000228,A000737,shares_payment_instrument,1.0
A000229,A000254,shares_phone,1.0
A000229,A000280,shares_device,1.0
A000229,A000298,shares_address,0.7
A000229,A000331,shares_phone,1.0
A000229,A000381,shares_phone,1.0
A000229,A000399,shares_phone,1.0
A000229,A000407,shares_address,0.7
A000229,A000438,shares_device,1.0
A000229,A000591,shares_address,0.7
A000229,A000607,shares_phone,1.0
A000229,A000617,shares_device,1.0
A000229,A000622,shares_device,1.0
A000229,A000637,shares_address,0.7
A000232,A000305,shares_payment_instrument,1.0
A000232,A000364,shares_phone,1.0
A000232,A000393,shares_address,0.7
A000232,A000472,shares_address,0.7
A000232,A000591,shares_payment_instrument,1.0
A000232,A000703,shares_address,0.7
A000233,A000247,shares_address,0.7
A000233,A000257,shares_address,0.7
A000233,A000274,shares_address,0.7
A000233,A000282,shares_payment_instrument,1.0
A000233,A000358,shares_address,0.7
A000233,A000446,shares_address,0.7
A000233,A000616,shares_payment_instrument,1.0
A000233,A000657,shares_address,0.7
A000233,A000670,shares_payment_instrument,1.0
A000235,A000291,shares_device,1.0
A000235,A000297,shares_device,1.0
A000235,A000301,shares_address,0.7
A000235,A000311,shares_address,0.7
A000235,A000359,shares_address,0.7
A000235,A000383,shares_address,0.7
A000235,A000460,shares_phone,1.0
A000235,A000501,shares_address,0.7
A000235,A000514,shares_address,0.7
A000235,A000574,shares_address,0.7
A000235,A000577,shares_address,0.7
A000235,A000649,shares_payment_instrument,1.0
A000235,A000654,shares_address,0.7
A000235,A000721,shares_payment_instrument,1.0
A000235,A000737,shares_address,0.7
A000235,A000749,shares_address,0.7
A000235,A000761,shares_address,0.7
A000235,A000789,shares_address,0.7
A000236,A000280,shares_address,0.7
A000236,A000454,shares_phone,1.0
A000236,A000470,shares_phone,1.0
A000236,A000514,shares_phone,1.0
A000236,A000722,shares_address,0.7
A000236,A000778,shares_payment_instrument,1.0
A000237,A000242,shares_device,1.0
A000237,A000356,shares_payment_instrument,1.0
A000237,A000457,shares_device,1.0
A000237,A000487,shares_address,0.7
A000237,A000513,shares_device,1.0
A000237,A000579,shares_address,0.7
A000237,A000739,shares_address,0.7
A000238,A000380,shares_payment_instrument,1.0
A000240,A000281,shares_device,1.0
A000240,A000357,shares_payment_instrument,1.0
A000240,A000371,shares_phone,1.0
A000240,A000393,shares_payment_instrument,1.0
A000240,A000531,shares_device,1.0
A000240,A000537,shares_device,1.0
A000240,A000544,shares_payment_instrument,1.0
A000240,A000546,shares_address,0.7
A000240,A000551,shares_payment_instrument,1.0
A000240,A000558,shares_phone,1.0
A000240,A000594,shares_payment_instrument,1.0
A000240,A000600,shares_payment_instrument,1.0
A000240,A000666,shares_address,0.7
A000240,A000741,shares_address,0.7
A000240,A000777,shares_phone,1.0
A000241,A000243,shares_address,0.7
A000241,A000264,shares_address,0.7
A000241,A000286,shares_address,0.7
A000241,A000399,shares_device,1.0
A000241,A000519,shares_address,0.7
A000241,A000548,shares_address,0.7
A000241,A000606,shares_address,0.7
A000241,A000673,shares_payment_instrument,1.0
A000241,A000735,shares_address,0.7
A000242,A000297,shares_address,0.7
A000242,A000432,shares_address,0.7
A000242,A000457,shares_device,1.0
A000242,A000504,shares_payment_instrument,1.0
A000242,A000513,shares_device,1.0
A000242,A000566,shares_address,0.7
A000242,A000673,shares_address,0.7
A000242,A000696,shares_payment_instrument,1.0
A000242,A000751,shares_address,0.7
A000242,A000764,shares_address,0.7
A000243,A000262,shares_phone,1.0
A000243,A000264,shares_address,0.7
A000243,A000268,shares_address,0.7
A000243,A000286,shares_address,0.7
A000243,A000295,shares_phone,1.0
A000243,A000343,shares_device,1.0
A000243,A000357,shares_phone,1.0
A000243,A000397,shares_phone,1.0
A000243,A000443,shares_payment_instrument,1.0
A000243,A000509,shares_phone,1.0
A000243,A000516,shares_device,1.0
A000243,A000519,shares_address,0.7
A000243,A000542,shares_device,1.0
A000243,A000548,shares_address,0.7
A000243,A000606,shares_address,0.7
A000243,A000608,shares_device,1.0
A000243,A000638,shares_phone,1.0
A000243,A000663,shares_device,1.0
A000243,A000673,shares_address,0.7
A000243,A000692,shares_address,0.7
A000243,A000722,shares_payment_instrument,1.0
A000243,A000727,shares_device,1.0
A000243,A000735,shares_address,0.7
A000243,A000736,shares_address,0.7
A000243,A000743,shares_payment_instrument,1.0
A000243,A000756,shares_payment_instrument,1.0
A000243,A000766,shares_phone,1.0
A000244,A000372,shares_payment_instrument,1.0
A000244,A000670,shares_phone,1.0
A000245,A000281,shares_phone,1.0
A000245,A000396,shares_device,1.0
A000245,A000503,shares_payment_instrument,1.0
A000245,A000530,shares_phone,1.0
A000245,A000633,shares_phone,1.0
A000245,A000654,shares_phone,1.0
A000245,A000721,shares_phone,1.0
A000246,A000319,shares_payment_instrument,1.0
A000246,A000353,shares_payment_instrument,1.0
A000246,A000375,shares_payment_instrument,1.0
A000247,A000274,shares_address,0.7
A000247,A000358,shares_address,0.7
A000247,A000446,shares_address,0.7
A000247,A000616,shares_address,0.7
A000247,A000657,shares_address,0.7
A000249,A000522,shares_device,1.0
A000249,A000730,shares_address,0.7
A000249,A000748,shares_address,0.7
A000249,A000791,shares_address,0.7
A000251,A000285,shares_payment_instrument,1.0
A000251,A000367,shares_device,1.0
A000251,A000606,shares_address,0.7
A000251,A000621,shares_payment_instrument,1.0
A000251,A000657,shares_payment_instrument,1.0
A000251,A000757,shares_device,1.0
A000251,A000766,shares_device,1.0
A000251,A000777,shares_address,0.7
A000252,A000384,shares_payment_instrument,1.0
A000252,A000419,shares_phone,1.0
A000252,A000513,shares_phone,1.0
A000252,A000530,shares_address,0.7
A000252,A000538,shares_phone,1.0
A000252,A000635,shares_payment_instrument,1.0
A000252,A000663,shares_phone,1.0
A000252,A000754,shares_phone,1.0
A000252,A000785,shares_address,0.7
A000253,A000262,shares_payment_instrument,1.0
A000253,A000273,shares_payment_instrument,1.0
A000253,A000326,shares_device,1.0
A000253,A000366,shares_payment_instrument,1.0
A000253,A000410,shares_payment_instrument,1.0
A000253,A000438,shares_address,0.7
A000253,A000485,shares_phone,1.0
A000253,A000691,shares_device,1.0
A000253,A000693,shares_address,0.7
A000253,A000729,shares_payment_instrument,1.0
A000253,A000754,shares_payment_instrument,1.0
A000253,A000795,shares_device,1.0
A000254,A000255,shares_address,0.7
A000254,A000328,shares_address,0.7
A000254,A000331,shares_phone,1.0
A000254,A000335,shares_address,0.7
A000254,A000381,shares_phone,1.0
A000254,A000399,shares_phone,1.0
A000254,A000532,shares_device,1.0
A000254,A000607,shares_phone,1.0
A000254,A000745,shares_address,0.7
A000254,A000774,shares_address,0.7
A000255,A000284,shares_payment_instrument,1.0
A000255,A000294,shares_phone,1.0
A000255,A000308,shares_device,1.0
A000255,A000328,shares_address,0.7
A000255,A000425,shares_device,1.0
A000255,A000527,shares_phone,1.0
A000255,A000781,shares_device,1.0
A000257,A000355,shares_device,1.0
A000257,A000453,shares_device,1.0
A000257,A000498,shares_payment_instrument,1.0
A000257,A000554,shares_payment_instrument,1.0
A000257,A000759,shares_payment_instrument,1.0
A000258,A000280,shares_address,0.7
A000258,A000400,shares_device,1.0
A000258,A000570,shares_device,1.0
A000258,A000638,shares_address,0.7
A000258,A000685,shares_device,1.0
A000260,A000626,shares_address,0.7
A000261,A000345,shares_device,1.0
A000261,A000374,shares_address,0.7
A000261,A000474,shares_device,1.0
A000261,A000480,shares_address,0.7
A000261,A000547,shares_address,0.7
A000261,A000576,shares_device,1.0
A000261,A000693,shares_phone,1.0
A000262,A000273,shares_payment_instrument,1.0
A000262,A000295,shares_phone,1.0
A000262,A000342,shares_device,1.0
A000262,A000357,shares_phone,1.0
A000262,A000365,shares_device,1.0
A000262,A000366,shares_payment_instrument,1.0
A000262,A000397,shares_phone,1.0
A000262,A000410,shares_payment_instrument,1.0
A000262,A000450,shares_address,0.7
A000262,A000509,shares_phone,1.0
A000262,A000511,shares_address,0.7
A000262,A000548,shares_device,1.0
A000262,A000557,shares_address,0.7
A000262,A000600,shares_address,0.7
A000262,A000602,shares_address,0.7
A000262,A000638,shares_phone,1.0
A000262,A000666,shares_address,0.7
A000262,A000729,shares_payment_instrument,1.0
A000262,A000754,shares_payment_instrument,1.0
A000262,A000766,shares_phone,1.0
A000262,A000776,shares_device,1.0
A000264,A000286,shares_address,0.7
A000264,A000351,shares_payment_instrument,1.0
A000264,A000519,shares_address,0.7
A000264,A000548,shares_address,0.7
A000264,A000606,shares_address,0.7
A000264,A000735,shares_address,0.7
A000265,A000269,shares_device,1.0
A000265,A000306,shares_device,1.0
A000265,A000706,shares_device,1.0
A000265,A000755,shares_payment_instrument,1.0
A000265,A000762,shares_device,1.0
A000265,A000765,shares_address,0.7
A000266,A000391,shares_address,0.7
A000266,A000434,shares_device,1.0
A000266,A000492,shares_address,0.7
A000266,A000642,shares_address,0.7
A000266,A000759,shares_address,0.7
A000267,A000324,shares_phone,1.0
A000267,A000389,shares_address,0.7
A000267,A000430,shares_phone,1.0
A000267,A000463,shares_address,0.7
A000267,A000468,shares_address,0.7
A000267,A000474,shares_payment_instrument,1.0
A000267,A000503,shares_address,0.7
A000267,A000577,shares_device,1.0
A000267,A000601,shares_address,0.7
A000267,A000606,shares_device,1.0
A000267,A000666,shares_device,1.0
A000267,A000716,shares_address,0.7
A000267,A000755,shares_phone,1.0
A000267,A000766,shares_payment_instrument,1.0
A000267,A000788,shares_device,1.0
A000268,A000673,shares_address,0.7
A000268,A000692,shares_address,0.7
A000268,A000736,shares_address,0.7
A000269,A000292,shares_phone,1.0
A000269,A000306,shares_device,1.0
A000269,A000448,shares_phone,1.0
A000269,A000475,shares_phone,1.0
A000269,A000503,shares_phone,1.0
A000269,A000531,shares_phone,1.0
A000269,A000647,shares_phone,1.0
A000269,A000706,shares_device,1.0
A000269,A000739,shares_address,0.7
A000269,A000762,shares_device,1.0
A000269,A000785,shares_phone,1.0
A000270,A000294,shares_address,0.7
A000270,A000296,shares_address,0.7
A000270,A000374,shares_device,1.0
A000270,A000392,shares_address,0.7
A000270,A000474,shares_address,0.7
A000270,A000479,shares_payment_instrument,1.0
A000270,A000496,shares_address,0.7
A000270,A000506,shares_address,0.7
A000270,A000507,shares_address,0.7
A000270,A000510,shares_phone,1.0
A000270,A000524,shares_device,1.0
A000270,A000561,shares_address,0.7
A000270,A000589,shares_address,0.7
A000270,A000602,shares_address,0.7
A000270,A000633,shares_address,0.7
A000270,A000643,shares_payment_instrument,1.0
A000270,A000684,shares_address,0.7
A000270,A000686,shares_phone,1.0
A000270,A000697,shares_address,0.7
A000270,A000738,shares_phone,1.0
A000270,A000754,shares_address,0.7
A000270,A000777,shares_payment_instrument,1.0
A000271,A000358,shares_phone,1.0
A000272,A000295,shares_payment_instrument,1.0
A000272,A000366,shares_address,0.7
A000272,A000379,shares_payment_instrument,1.0
A000272,A000399,shares_payment_instrument,1.0
A000272,A000505,shares_payment_instrument,1.0
A000272,A000537,shares_address,0.7
A000272,A000551,shares_address,0.7
A000272,A000561,shares_address,0.7
A000272,A000594,shares_device,1.0
A000272,A000613,shares_payment_instrument,1.0
A000272,A000683,shares_address,0.7
A000272,A000701,shares_address,0.7
A000272,A000764,shares_phone,1.0
A000272,A000781,shares_address,0.7
A000272,A000789,shares_phone,1.0
A000272,A000790,shares_address,0.7
A000272,A000793,shares_address,0.7
A000273,A000295,shares_device,1.0
A000273,A000320,shares_address,0.7
A000273,A000359,shares_device,1.0
A000273,A000366,shares_payment_instrument,1.0
A000273,A000368,shares_device,1.0
A000273,A000410,shares_payment_instrument,1.0
A000273,A000419,shares_device,1.0
A000273,A000455,shares_address,0.7
A000273,A000516,shares_address,0.7
A000273,A000617,shares_address,0.7
A000273,A000634,shares_address,0.7
A000273,A000671,shares_device,1.0
A000273,A000722,shares_phone,1.0
A000273,A000729,shares_payment_instrument,1.0
A000273,A000754,shares_payment_instrument,1.0
A000274,A000358,shares_address,0.7
A000274,A000446,shares_address,0.7
A000274,A000453,shares_phone,1.0
A000274,A000510,shares_device,1.0
A000274,A000577,shares_device,1.0
A000274,A000616,shares_address,0.7
A000274,A000657,shares_address,0.7
A000274,A000718,shares_device,1.0
A000274,A000760,shares_payment_instrument,1.0
A000277,A000301,shares_address,0.7
A000277,A000340,shares_payment_instrument,1.0
A000277,A000342,shares_address,0.7
A000277,A000479,shares_address,0.7
A000277,A000484,shares_payment_instrument,1.0
A000277,A000538,shares_payment_instrument,1.0
A000277,A000551,shares_phone,1.0
A000277,A000630,shares_address,0.7
A000277,A000737,shares_device,1.0
A000277,A000773,shares_device,1.0
A000277,A000781,shares_phone,1.0
A000277,A000793,shares_device,1.0
A000277,A000798,shares_address,0.7
A000278,A000716,shares_device,1.0
A000278,A000743,shares_phone,1.0
A000278,A000788,shares_phone,1.0
A000279,A000338,shares_address,0.7
A000279,A000359,shares_address,0.7
A000279,A000465,shares_address,0.7
A000279,A000597,shares_address,0.7
A000279,A000788,shares_address,0.7
A000280,A000438,shares_device,1.0
A000280,A000617,shares_device,1.0
A000280,A000622,shares_device,1.0
A000280,A000626,shares_payment_instrument,1.0
A000280,A000638,shares_address,0.7
A000280,A000722,shares_address,0.7
A000280,A000778,shares_address,0.7
A000280,A000779,shares_phone,1.0
A000281,A000348,shares_payment_instrument,1.0
A000281,A000373,shares_address,0.7
A000281,A000376,shares_address,0.7
A000281,A000492,shares_device,1.0
A000281,A000530,shares_phone,1.0
A000281,A000531,shares_device,1.0
A000281,A000537,shares_device,1.0
A000281,A000566,shares_device,1.0
A000281,A000613,shares_payment_instrument,1.0
A000281,A000633,shares_phone,1.0
A000281,A000654,shares_phone,1.0
A000281,A000658,shares_address,0.7
A000281,A000721,shares_phone,1.0
A000281,A000770,shares_address,0.7
A000281,A000774,shares_payment_instrument,1.0
A000282,A000448,shares_address,0.7
A000282,A000594,shares_phone,1.0
A000282,A000616,shares_payment_instrument,1.0
A000282,A000670,shares_payment_instrument,1.0
A000282,A000726,shares_address,0.7
A000284,A000384,shares_address,0.7
A000284,A000411,shares_device,1.0
A000284,A000440,shares_address,0.7
A000284,A000554,shares_address,0.7
A000284,A000564,shares_address,0.7
A000284,A000680,shares_address,0.7
A000284,A000698,shares_address,0.7
A000284,A000756,shares_phone,1.0
A000284,A000775,shares_device,1.0
A000285,A000287,shares_phone,1.0
A000285,A000580,shares_device,1.0
A000285,A000657,shares_payment_instrument,1.0
A000285,A000715,shares_address,0.7
A000285,A000746,shares_address,0.7
A000286,A000519,shares_address,0.7
A000286,A000548,shares_address,0.7
A000286,A000606,shares_address,0.7
A000286,A000735,shares_address,0.7
A000286,A000749,shares_device,1.0
A000286,A000778,shares_device,1.0
A000287,A000463,shares_address,0.7
A000287,A000726,shares_device,1.0
A000290,A000389,shares_payment_instrument,1.0
A000290,A000394,shares_device,1.0
A000290,A000537,shares_payment_instrument,1.0
A000291,A000297,shares_device,1.0
A000291,A000326,shares_address,0.7
A000291,A000425,shares_phone,1.0
A000291,A000432,shares_payment_instrument,1.0
A000291,A000448,shares_address,0.7
A000291,A000643,shares_device,1.0
A000291,A000660,shares_address,0.7
A000291,A000729,shares_device,1.0
A000292,A000448,shares_phone,1.0
A000292,A000453,shares_payment_instrument,1.0
A000292,A000475,shares_phone,1.0
A000292,A000503,shares_phone,1.0
A000292,A000530,shares_device,1.0
A000292,A000531,shares_phone,1.0
A000292,A000614,shares_payment_instrument,1.0
A000292,A000647,shares_phone,1.0
A000292,A000785,shares_phone,1.0
A000293,A000473,shares_phone,1.0
A000293,A000564,shares_device,1.0
A000293,A000623,shares_address,0.7
A000294,A000296,shares_address,0.7
A000294,A000387,shares_device,1.0
A000294,A000392,shares_address,0.7
A000294,A000474,shares_address,0.7
A000294,A000496,shares_address,0.7
A000294,A000506,shares_address,0.7
A000294,A000507,shares_address,0.7
A000294,A000527,shares_phone,1.0
A000294,A000561,shares_address,0.7
A000294,A000589,shares_address,0.7
A000294,A000602,shares_address,0.7
A000294,A000633,shares_address,0.7
A000294,A000684,shares_address,0.7
A000294,A000692,shares_device,1.0
A000294,A000697,shares_address,0.7
A000294,A000754,shares_address,0.7
A000295,A000355,shares_device,1.0
A000295,A000357,shares_phone,1.0
A000295,A000359,shares_device,1.0
A000295,A000368,shares_device,1.0
A000295,A000379,shares_payment_instrument,1.0
A000295,A000397,shares_phone,1.0
A000295,A000419,shares_device,1.0
A000295,A000451,shares_address,0.7
A000295,A000489,shares_address,0.7
A000295,A000509,shares_phone,1.0
A000295,A000546,shares_device,1.0
A000295,A000613,shares_payment_instrument,1.0
A000295,A000630,shares_address,0.7
A000295,A000638,shares_phone,1.0
A000295,A000654,shares_device,1.0
A000295,A000671,shares_device,1.0
A000295,A000748,shares_device,1.0
A000295,A000762,shares_address,0.7
A000295,A000766,shares_phone,1.0
A000296,A000300,shares_payment_instrument,1.0
A000296,A000317,shares_device,1.0
A000296,A000332,shares_payment_instrument,1.0
A000296,A000333,shares_payment_instrument,1.0
A000296,A000365,shares_phone,1.0
A000296,A000390,shares_phone,1.0
A000296,A000392,shares_address,0.7
A000296,A000397,shares_payment_instrument,1.0
A000296,A000412,shares_payment_instrument,1.0
A000296,A000426,shares_payment_instrument,1.0
A000296,A000466,shares_phone,1.0
A000296,A000470,shares_payment_instrument,1.0
A000296,A000474,shares_address,0.7
A000296,A000496,shares_address,0.7
A000296,A000506,shares_address,0.7
A000296,A000507,shares_address,0.7
A000296,A000510,shares_payment_instrument,1.0
A000296,A000511,shares_payment_instrument,1.0
A000296,A000541,shares_payment_instrument,1.0
A000296,A000561,shares_payment_instrument,1.0
A000296,A000566,shares_phone,1.0
A000296,A000577,shares_payment_instrument,1.0
A000296,A000589,shares_address,0.7
A000296,A000602,shares_payment_instrument,1.0
A000296,A000633,shares_address,0.7
A000296,A000684,shares_address,0.7
A000296,A000695,shares_phone,1.0
A000296,A000697,shares_address,0.7
A000296,A000754,shares_address,0.7
A000296,A000789,shares_payment_instrument,1.0
A000297,A000334,shares_phone,1.0
A000297,A000407,shares_payment_instrument,1.0
A000297,A000432,shares_address,0.7
A000297,A000457,shares_address,0.7
A000297,A000501,shares_phone,1.0
A000297,A000508,shares_phone,1.0
A000297,A000566,shares_address,0.7
A000297,A000581,shares_payment_instrument,1.0
A000297,A000637,shares_phone,1.0
A000297,A000643,shares_device,1.0
A000297,A000666,shares_payment_instrument,1.0
A000297,A000673,shares_address,0.7
A000297,A000706,shares_phone,1.0
A000297,A000729,shares_device,1.0
A000297,A000751,shares_address,0.7
A000297,A000764,shares_address,0.7
A000298,A000350,shares_phone,1.0
A000298,A000407,shares_address,0.7
A000298,A000591,shares_address,0.7
A000298,A000637,shares_address,0.7
A000299,A000362,shares_payment_instrument,1.0
A000299,A000442,shares_device,1.0
A000299,A000504,shares_phone,1.0
A000300,A000301,shares_device,1.0
A000300,A000332,shares_payment_instrument,1.0
A000300,A000333,shares_payment_instrument,1.0
A000300,A000372,shares_address,0.7
A000300,A000379,shares_phone,1.0
A000300,A000397,shares_device,1.0
A000300,A000412,shares_device,1.0
A000300,A000416,shares_address,0.7
A000300,A000423,shares_address,0.7
A000300,A000426,shares_device,1.0
A000300,A000470,shares_payment_instrument,1.0
A000300,A000509,shares_device,1.0
A000300,A000510,shares_payment_instrument,1.0
A000300,A000511,shares_device,1.0
A000300,A000513,shares_address,0.7
A000300,A000521,shares_address,0.7
A000300,A000538,shares_address,0.7
A000300,A000541,shares_device,1.0
A000300,A000561,shares_payment_instrument,1.0
A000300,A000577,shares_payment_instrument,1.0
A000300,A000602,shares_device,1.0
A000300,A000621,shares_address,0.7
A000300,A000711,shares_phone,1.0
A000300,A000729,shares_address,0.7
A000300,A000738,shares_address,0.7
A000300,A000754,shares_device,1.0
A000300,A000789,shares_payment_instrument,1.0
A000301,A000311,shares_address,0.7
A000301,A000342,shares_phone,1.0
A000301,A000352,shares_device,1.0
A000301,A000359,shares_address,0.7
A000301,A000383,shares_address,0.7
A000301,A000397,shares_device,1.0
A000301,A000412,shares_device,1.0
A000301,A000426,shares_device,1.0
A000301,A000479,shares_address,0.7
A000301,A000501,shares_device,1.0
A000301,A000509,shares_device,1.0
A000301,A000511,shares_device,1.0
A000301,A000514,shares_address,0.7
A000301,A000526,shares_device,1.0
A000301,A000541,shares_device,1.0
A000301,A000561,shares_phone,1.0
A000301,A000592,shares_phone,1.0
A000301,A000602,shares_device,1.0
A000301,A000630,shares_address,0.7
A000301,A000749,shares_address,0.7
A000301,A000751,shares_payment_instrument,1.0
A000301,A000754,shares_device,1.0
A000301,A000767,shares_device,1.0
A000301,A000789,shares_address,0.7
A000301,A000798,shares_address,0.7
A000302,A000365,shares_address,0.7
A000302,A000373,shares_phone,1.0
A000302,A000516,shares_payment_instrument,1.0
A000302,A000616,shares_device,1.0
A000302,A000655,shares_address,0.7
A000305,A000317,shares_address,0.7
A000305,A000591,shares_payment_instrument,1.0
A000305,A000676,shares_address,0.7
A000306,A000706,shares_device,1.0
A000306,A000762,shares_device,1.0
A000308,A000425,shares_device,1.0
A000308,A000493,shares_address,0.7
A000308,A000569,shares_device,1.0
A000308,A000613,shares_address,0.7
A000308,A000745,shares_phone,1.0
A000308,A000759,shares_address,0.7
A000308,A000781,shares_device,1.0
A000311,A000359,shares_address,0.7
A000311,A000383,shares_address,0.7
A000311,A000389,shares_phone,1.0
A000311,A000501,shares_address,0.7
A000311,A000514,shares_address,0.7
A000311,A000548,shares_phone,1.0
A000311,A000617,shares_payment_instrument,1.0
A000311,A000745,shares_device,1.0
A000311,A000749,shares_address,0.7
A000311,A000789,shares_address,0.7
A000315,A000376,shares_payment_instrument,1.0
A000315,A000475,shares_address,0.7
A000315,A000550,shares_device,1.0
A000315,A000686,shares_device,1.0
A000315,A000687,shares_payment_instrument,1.0
A000315,A000768,shares_address,0.7
A000315,A000774,shares_device,1.0
A000317,A000368,shares_payment_instrument,1.0
A000317,A000444,shares_phone,1.0
A000317,A000526,shares_payment_instrument,1.0
A000317,A000676,shares_phone,1.0
A000317,A000678,shares_phone,1.0
A000317,A000787,shares_payment_instrument,1.0
A000319,A000333,shares_address,0.7
A000319,A000353,shares_payment_instrument,1.0
A000319,A000375,shares_payment_instrument,1.0
A000319,A000381,shares_address,0.7
A000319,A000434,shares_phone,1.0
A000319,A000542,shares_address,0.7
A000319,A000559,shares_address,0.7
A000319,A000644,shares_device,1.0
A000319,A000725,shares_device,1.0
A000319,A000770,shares_phone,1.0
A000320,A000342,shares_device,1.0
A000320,A000455,shares_address,0.7
A000320,A000516,shares_address,0.7
A000320,A000617,shares_address,0.7
A000320,A000634,shares_address,0.7
A000322,A000383,shares_phone,1.0
A000322,A000572,shares_device,1.0
A000322,A000614,shares_address,0.7
A000322,A000642,shares_device,1.0
A000322,A000664,shares_device,1.0
A000322,A000688,shares_address,0.7
A000322,A000762,shares_payment_instrument,1.0
A000324,A000371,shares_payment_instrument,1.0
A000324,A000381,shares_device,1.0
A000324,A000430,shares_phone,1.0
A000324,A000585,shares_payment_instrument,1.0
A000324,A000684,shares_device,1.0
A000324,A000755,shares_phone,1.0
A000325,A000680,shares_phone,1.0
A000326,A000360,shares_payment_instrument,1.0
A000326,A000395,shares_payment_instrument,1.0
A000326,A000409,shares_device,1.0
A000326,A000448,shares_address,0.7
A000326,A000466,shares_device,1.0
A000326,A000487,shares_phone,1.0
A000326,A000660,shares_address,0.7
A000326,A000691,shares_device,1.0
A000326,A000697,shares_device,1.0
A000326,A000736,shares_payment_instrument,1.0
A000326,A000795,shares_device,1.0
A000328,A000625,shares_device,1.0
A000331,A000358,shares_payment_instrument,1.0
A000331,A000381,shares_phone,1.0
A000331,A000399,shares_phone,1.0
A000331,A000446,shares_address,0.7
A000331,A000572,shares_address,0.7
A000331,A000584,shares_address,0.7
A000331,A000607,shares_phone,1.0
A000331,A000688,shares_device,1.0
A000332,A000333,shares_payment_instrument,1.0
A000332,A000397,shares_payment_instrument,1.0
A000332,A000412,shares_payment_instrument,1.0
A000332,A000426,shares_payment_instrument,1.0
A000332,A000470,shares_payment_instrument,1.0
A000332,A000510,shares_payment_instrument,1.0
A000332,A000511,shares_payment_instrument,1.0
A000332,A000541,shares_payment_instrument,1.0
A000332,A000561,shares_payment_instrument,1.0
A000332,A000577,shares_payment_instrument,1.0
A000332,A000602,shares_payment_instrument,1.0
A000332,A000609,shares_device,1.0
A000332,A000696,shares_phone,1.0
A000332,A000735,shares_payment_instrument,1.0
A000332,A000789,shares_payment_instrument,1.0
A000333,A000381,shares_address,0.7
A000333,A000397,shares_payment_instrument,1.0
A000333,A000412,shares_payment_instrument,1.0
A000333,A000426,shares_payment_instrument,1.0
A000333,A000470,shares_payment_instrument,1.0
A000333,A000510,shares_payment_instrument,1.0
A000333,A000511,shares_payment_instrument,1.0
A000333,A000541,shares_payment_instrument,1.0
A000333,A000542,shares_address,0.7
A000333,A000559,shares_address,0.7
A000333,A000561,shares_payment_instrument,1.0
A000333,A000577,shares_payment_instrument,1.0
A000333,A000600,shares_phone,1.0
A000333,A000602,shares_payment_instrument,1.0
A000333,A000789,shares_payment_instrument,1.0
A000334,A000414,shares_address,0.7
A000334,A000501,shares_phone,1.0
A000334,A000508,shares_phone,1.0
A000334,A000637,shares_phone,1.0
A000334,A000706,shares_phone,1.0
A000335,A000716,shares_phone,1.0
A000335,A000745,shares_address,0.7
A000335,A000774,shares_address,0.7
A000335,A000794,shares_phone,1.0
A000337,A000480,shares_payment_instrument,1.0
A000337,A000676,shares_address,0.7
A000337,A000727,shares_address,0.7
A000338,A000788,shares_address,0.7
A000340,A000376,shares_phone,1.0
A000340,A000484,shares_payment_instrument,1.0
A000340,A000510,shares_address,0.7
A000340,A000538,shares_device,1.0
A000340,A000550,shares_address,0.7
A000340,A000630,shares_device,1.0
A000340,A000632,shares_address,0.7
A000340,A000712,shares_address,0.7
A000340,A000756,shares_address,0.7
A000342,A000365,shares_device,1.0
A000342,A000479,shares_address,0.7
A000342,A000494,shares_payment_instrument,1.0
A000342,A000548,shares_device,1.0
A000342,A000561,shares_phone,1.0
A000342,A000592,shares_phone,1.0
A000342,A000630,shares_address,0.7
A000342,A000776,shares_device,1.0
A000342,A000798,shares_address,0.7
A000343,A000345,shares_address,0.7
A000343,A000425,shares_address,0.7
A000343,A000451,shares_payment_instrument,1.0
A000343,A000516,shares_device,1.0
A000343,A000599,shares_address,0.7
A000343,A000647,shares_payment_instrument,1.0
A000343,A000663,shares_device,1.0
A000345,A000425,shares_address,0.7
A000345,A000474,shares_device,1.0
A000345,A000576,shares_device,1.0
A000345,A000599,shares_address,0.7
A000345,A000682,shares_phone,1.0
A000345,A000790,shares_payment_instrument,1.0
A000347,A000569,shares_payment_instrument,1.0
A000348,A000613,shares_payment_instrument,1.0
A000348,A000774,shares_payment_instrument,1.0
A000349,A000375,shares_address,0.7
A000349,A000399,shares_address,0.7
A000349,A000448,shares_payment_instrument,1.0
A000349,A000501,shares_address,0.7
A000349,A000577,shares_address,0.7
A000349,A000647,shares_address,0.7
A000349,A000682,shares_payment_instrument,1.0
A000349,A000715,shares_address,0.7
A000349,A000737,shares_address,0.7
A000349,A000760,shares_address,0.7
A000350,A000418,shares_device,1.0
A000350,A000487,shares_address,0.7
A000350,A000525,shares_payment_instrument,1.0
A000350,A000543,shares_address,0.7
A000350,A000571,shares_payment_instrument,1.0
A000350,A000597,shares_address,0.7
A000350,A000607,shares_payment_instrument,1.0
A000350,A000773,shares_address,0.7
A000350,A000798,shares_payment_instrument,1.0
A000351,A000360,shares_device,1.0
A000351,A000664,shares_phone,1.0
A000352,A000447,shares_phone,1.0
A000352,A000501,shares_device,1.0
A000352,A000526,shares_device,1.0
A000352,A000557,shares_payment_instrument,1.0
A000352,A000559,shares_phone,1.0
A000352,A000630,shares_payment_instrument,1.0
A000352,A000764,shares_payment_instrument,1.0
A000352,A000767,shares_device,1.0
A000353,A000375,shares_payment_instrument,1.0
A000353,A000681,shares_device,1.0
A000353,A000692,shares_phone,1.0
A000353,A000702,shares_address,0.7
A000353,A000775,shares_phone,1.0
A000353,A000794,shares_address,0.7
A000355,A000453,shares_device,1.0
A000355,A000518,shares_address,0.7
A000355,A000546,shares_device,1.0
A000355,A000591,shares_address,0.7
A000355,A000654,shares_device,1.0
A000355,A000655,shares_phone,1.0
A000355,A000748,shares_device,1.0
A000356,A000371,shares_address,0.7
A000356,A000393,shares_phone,1.0
A000356,A000398,shares_device,1.0
A000356,A000461,shares_address,0.7
A000356,A000555,shares_address,0.7
A000356,A000607,shares_address,0.7
A000356,A000665,shares_address,0.7
A000357,A000397,shares_phone,1.0
A000357,A000450,shares_address,0.7
A000357,A000509,shares_phone,1.0
A000357,A000511,shares_address,0.7
A000357,A000544,shares_device,1.0
A000357,A000551,shares_device,1.0
A000357,A000557,shares_address,0.7
A000357,A000594,shares_payment_instrument,1.0
A000357,A000600,shares_payment_instrument,1.0
A000357,A000602,shares_address,0.7
A000357,A000613,shares_device,1.0
A000357,A000638,shares_phone,1.0
A000357,A000666,shares_address,0.7
A000357,A000765,shares_device,1.0
A000357,A000766,shares_phone,1.0
A000357,A000776,shares_address,0.7
A000358,A000446,shares_address,0.7
A000358,A000616,shares_address,0.7
A000358,A000657,shares_address,0.7
A000358,A000683,shares_device,1.0
A000359,A000368,shares_device,1.0
A000359,A000383,shares_address,0.7
A000359,A000390,shares_payment_instrument,1.0
A000359,A000419,shares_device,1.0
A000359,A000465,shares_address,0.7
A000359,A000479,shares_phone,1.0
A000359,A000501,shares_address,0.7
A000359,A000514,shares_address,0.7
A000359,A000537,shares_phone,1.0
A000359,A000550,shares_payment_instrument,1.0
A000359,A000597,shares_address,0.7
A000359,A000671,shares_device,1.0
A000359,A000684,shares_payment_instrument,1.0
A000359,A000736,shares_phone,1.0
A000359,A000749,shares_address,0.7
A000359,A000780,shares_phone,1.0
A000359,A000789,shares_address,0.7
A000360,A000395,shares_payment_instrument,1.0
A000360,A000558,shares_address,0.7
A000360,A000730,shares_phone,1.0
A000360,A000736,shares_payment_instrument,1.0
A000360,A000742,shares_address,0.7
A000362,A000442,shares_address,0.7
A000362,A000768,shares_device,1.0
A000364,A000387,shares_device,1.0
A000364,A000484,shares_device,1.0
A000364,A000546,shares_device,1.0
A000365,A000390,shares_phone,1.0
A000365,A000466,shares_phone,1.0
A000365,A000548,shares_device,1.0
A000365,A000566,shares_phone,1.0
A000365,A000611,shares_payment_instrument,1.0
A000365,A000655,shares_address,0.7
A000365,A000694,shares_payment_instrument,1.0
A000365,A000695,shares_phone,1.0
A000365,A000719,shares_payment_instrument,1.0
A000365,A000776,shares_device,1.0
A000366,A000379,shares_device,1.0
A000366,A000408,shares_phone,1.0
A000366,A000410,shares_payment_instrument,1.0
A000366,A000440,shares_phone,1.0
A000366,A000537,shares_address,0.7
A000366,A000544,shares_phone,1.0
A000366,A000551,shares_address,0.7
A000366,A000561,shares_address,0.7
A000366,A000594,shares_address,0.7
A000366,A000683,shares_address,0.7
A000366,A000701,shares_address,0.7
A000366,A000729,shares_payment_instrument,1.0
A000366,A000754,shares_payment_instrument,1.0
A000366,A000781,shares_address,0.7
A000366,A000790,shares_address,0.7
A000366,A000793,shares_address,0.7
A000367,A000708,shares_address,0.7
A000367,A000757,shares_device,1.0
A000367,A000766,shares_device,1.0
A000368,A000419,shares_device,1.0
A000368,A000454,shares_address,0.7
A000368,A000521,shares_phone,1.0
A000368,A000671,shares_device,1.0
A000368,A000787,shares_payment_instrument,1.0
A000371,A000423,shares_device,1.0
A000371,A000461,shares_address,0.7
A000371,A000468,shares_device,1.0
A000371,A000555,shares_address,0.7
A000371,A000558,shares_phone,1.0
A000371,A000585,shares_payment_instrument,1.0
A000371,A000607,shares_address,0.7
A000371,A000665,shares_address,0.7
A000371,A000777,shares_phone,1.0
A000372,A000379,shares_address,0.7
A000372,A000412,shares_address,0.7
A000372,A000416,shares_address,0.7
A000372,A000423,shares_address,0.7
A000372,A000426,shares_address,0.7
A000372,A000513,shares_address,0.7
A000372,A000521,shares_address,0.7
A000372,A000538,shares_address,0.7
A000372,A000541,shares_address,0.7
A000372,A000621,shares_address,0.7
A000372,A000729,shares_address,0.7
A000372,A000738,shares_address,0.7
A000373,A000376,shares_address,0.7
A000373,A000465,shares_device,1.0
A000373,A000497,shares_address,0.7
A000373,A000560,shares_address,0.7
A000373,A000569,shares_device,1.0
A000373,A000658,shares_address,0.7
A000373,A000670,shares_address,0.7
A000373,A000770,shares_address,0.7
A000374,A000392,shares_payment_instrument,1.0
A000374,A000480,shares_address,0.7
A000374,A000524,shares_device,1.0
A000374,A000547,shares_address,0.7
A000374,A000676,shares_payment_instrument,1.0
A000374,A000728,shares_phone,1.0
A000375,A000430,shares_device,1.0
A000375,A000500,shares_address,0.7
A000375,A000501,shares_address,0.7
A000375,A000570,shares_device,1.0
A000375,A000577,shares_address,0.7
A000375,A000585,shares_address,0.7
A000375,A000607,shares_address,0.7
A000375,A000715,shares_address,0.7
A000376,A000658,shares_address,0.7
A000376,A000687,shares_payment_instrument,1.0
A000376,A000770,shares_address,0.7
A000377,A000419,shares_device,1.0
A000377,A000509,shares_device,1.0
A000377,A000543,shares_phone,1.0
A000377,A000561,shares_device,1.0
A000377,A000587,shares_payment_instrument,1.0
A000377,A000600,shares_device,1.0
A000377,A000681,shares_device,1.0
A000377,A000698,shares_device,1.0
A000377,A000723,shares_phone,1.0
A000377,A000740,shares_device,1.0
A000377,A000790,shares_device,1.0
A000378,A000463,shares_payment_instrument,1.0
A000378,A000525,shares_phone,1.0
A000379,A000412,shares_phone,1.0
A000379,A000416,shares_address,0.7
A000379,A000423,shares_address,0.7
A000379,A000426,shares_phone,1.0
A000379,A000511,shares_phone,1.0
A000379,A000513,shares_address,0.7
A000379,A000521,shares_address,0.7
A000379,A000538,shares_address,0.7
A000379,A000541,shares_phone,1.0
A000379,A000556,shares_payment_instrument,1.0
A000379,A000602,shares_phone,1.0
A000379,A000613,shares_payment_instrument,1.0
A000379,A000621,shares_address,0.7
A000379,A000711,shares_phone,1.0
A000379,A000729,shares_address,0.7
A000379,A000738,shares_address,0.7
A000380,A000485,shares_address,0.7
A000380,A000526,shares_address,0.7
A000380,A000651,shares_payment_instrument,1.0
A000380,A000703,shares_address,0.7
A000381,A000399,shares_phone,1.0
A000381,A000542,shares_address,0.7
A000381,A000559,shares_address,0.7
A000381,A000607,shares_phone,1.0
A000381,A000674,shares_payment_instrument,1.0
A000381,A000684,shares_device,1.0
A000382,A000520,shares_payment_instrument,1.0
A000382,A000564,shares_phone,1.0
A000382,A000601,shares_device,1.0
A000382,A000795,shares_address,0.7
A000383,A000436,shares_device,1.0
A000383,A000455,shares_payment_instrument,1.0
A000383,A000470,shares_payment_instrument,1.0
A000383,A000501,shares_address,0.7
A000383,A000514,shares_address,0.7
A000383,A000529,shares_device,1.0
A000383,A000671,shares_payment_instrument,1.0
A000383,A000749,shares_address,0.7
A000383,A000759,shares_device,1.0
A000383,A000770,shares_device,1.0
A000383,A000789,shares_address,0.7
A000384,A000440,shares_address,0.7
A000384,A000554,shares_address,0.7
A000384,A000564,shares_address,0.7
A000384,A000635,shares_payment_instrument,1.0
A000384,A000680,shares_address,0.7
A000384,A000698,shares_address,0.7
A000384,A000727,shares_payment_instrument,1.0
A000385,A000706,shares_address,0.7
A000385,A000755,shares_address,0.7
A000387,A000484,shares_device,1.0
A000387,A000621,shares_address,0.7
A000387,A000692,shares_device,1.0
A000387,A000740,shares_phone,1.0
A000389,A000463,shares_address,0.7
A000389,A000468,shares_address,0.7
A000389,A000503,shares_address,0.7
A000389,A000537,shares_payment_instrument,1.0
A000389,A000548,shares_phone,1.0
A000389,A000601,shares_address,0.7
A000389,A000716,shares_address,0.7
A000390,A000453,shares_address,0.7
A000390,A000466,shares_phone,1.0
A000390,A000498,shares_address,0.7
A000390,A000536,shares_address,0.7
A000390,A000550,shares_payment_instrument,1.0
A000390,A000566,shares_phone,1.0
A000390,A000592,shares_address,0.7
A000390,A000649,shares_address,0.7
A000390,A000663,shares_address,0.7
A000390,A000684,shares_payment_instrument,1.0
A000390,A000695,shares_phone,1.0
A000390,A000777,shares_address,0.7
A000391,A000492,shares_address,0.7
A000391,A000775,shares_address,0.7
A000392,A000474,shares_address,0.7
A000392,A000496,shares_address,0.7
A000392,A000506,shares_address,0.7
A000392,A000507,shares_address,0.7
A000392,A000521,shares_device,1.0
A000392,A000561,shares_address,0.7
A000392,A000589,shares_address,0.7
A000392,A000602,shares_address,0.7
A000392,A000633,shares_address,0.7
A000392,A000674,shares_phone,1.0
A000392,A000676,shares_payment_instrument,1.0
A000392,A000684,shares_address,0.7
A000392,A000694,shares_phone,1.0
A000392,A000697,shares_address,0.7
A000392,A000754,shares_address,0.7
A000393,A000472,shares_address,0.7
A000393,A000703,shares_address,0.7
A000393,A000711,shares_device,1.0
A000394,A000442,shares_phone,1.0
A000394,A000525,shares_address,0.7
A000395,A000567,shares_device,1.0
A000395,A000736,shares_payment_instrument,1.0
A000396,A000496,shares_address,0.7
A000396,A000722,shares_address,0.7
A000396,A000728,shares_payment_instrument,1.0
A000397,A000412,shares_device,1.0
A000397,A000426,shares_device,1.0
A000397,A000441,shares_payment_instrument,1.0
A000397,A000450,shares_address,0.7
A000397,A000466,shares_payment_instrument,1.0
A000397,A000470,shares_payment_instrument,1.0
A000397,A000473,shares_payment_instrument,1.0
A000397,A000500,shares_payment_instrument,1.0
A000397,A000509,shares_device,1.0
A000397,A000510,shares_payment_instrument,1.0
A000397,A000511,shares_device,1.0
A000397,A000541,shares_device,1.0
A000397,A000557,shares_address,0.7
A000397,A000561,shares_payment_instrument,1.0
A000397,A000577,shares_payment_instrument,1.0
A000397,A000600,shares_address,0.7
A000397,A000602,shares_device,1.0
A000397,A000638,shares_phone,1.0
A000397,A000666,shares_address,0.7
A000397,A000754,shares_device,1.0
A000397,A000766,shares_phone,1.0
A000397,A000776,shares_address,0.7
A000397,A000789,shares_payment_instrument,1.0
A000398,A000462,shares_address,0.7
A000398,A000601,shares_payment_instrument,1.0
A000399,A000505,shares_payment_instrument,1.0
A000399,A000607,shares_phone,1.0
A000399,A000647,shares_address,0.7
A000399,A000682,shares_address,0.7
A000399,A000737,shares_address,0.7
A000399,A000760,shares_address,0.7
A000400,A000570,shares_device,1.0
A000400,A000685,shares_device,1.0
A000401,A000619,shares_address,0.7
A000401,A000687,shares_phone,1.0
A000401,A000742,shares_phone,1.0
A000403,A000407,shares_device,1.0
A000403,A000585,shares_device,1.0
A000403,A000632,shares_device,1.0
A000403,A000746,shares_payment_instrument,1.0
A000404,A000527,shares_address,0.7
A000404,A000531,shares_address,0.7
A000404,A000543,shares_device,1.0
A000404,A000576,shares_payment_instrument,1.0
A000404,A000792,shares_payment_instrument,1.0
A000407,A000585,shares_device,1.0
A000407,A000591,shares_address,0.7
A000407,A000632,shares_device,1.0
A000407,A000637,shares_address,0.7
A000407,A000666,shares_payment_instrument,1.0
A000408,A000440,shares_phone,1.0
A000408,A000544,shares_phone,1.0
A000408,A000547,shares_device,1.0
A000408,A000644,shares_address,0.7
A000408,A000696,shares_address,0.7
A000408,A000765,shares_payment_instrument,1.0
A000409,A000466,shares_device,1.0
A000409,A000574,shares_address,0.7
A000409,A000697,shares_device,1.0
A000410,A000414,shares_device,1.0
A000410,A000471,shares_address,0.7
A000410,A000508,shares_address,0.7
A000410,A000545,shares_payment_instrument,1.0
A000410,A000685,shares_phone,1.0
A000410,A000729,shares_payment_instrument,1.0
A000410,A000754,shares_payment_instrument,1.0
A000411,A000447,shares_address,0.7
A000411,A000501,shares_payment_instrument,1.0
A000411,A000775,shares_device,1.0
A000411,A000787,shares_address,0.7
A000412,A000416,shares_address,0.7
A000412,A000423,shares_address,0.7
A000412,A000426,shares_device,1.0
A000412,A000470,shares_payment_instrument,1.0
A000412,A000509,shares_device,1.0
A000412,A000510,shares_payment_instrument,1.0
A000412,A000511,shares_device,1.0
A000412,A000513,shares_address,0.7
A000412,A000521,shares_address,0.7
A000412,A000538,shares_address,0.7
A000412,A000541,shares_device,1.0
A000412,A000561,shares_payment_instrument,1.0
A000412,A000577,shares_payment_instrument,1.0
A000412,A000602,shares_device,1.0
A000412,A000621,shares_address,0.7
A000412,A000711,shares_phone,1.0
A000412,A000729,shares_address,0.7
A000412,A000738,shares_address,0.7
A000412,A000754,shares_device,1.0
A000412,A000789,shares_payment_instrument,1.0
A000416,A000421,shares_phone,1.0
A000416,A000423,shares_address,0.7
A000416,A000426,shares_address,0.7
A000416,A000485,shares_payment_instrument,1.0
A000416,A000513,shares_address,0.7
A000416,A000521,shares_address,0.7
A000416,A000538,shares_address,0.7
A000416,A000541,shares_address,0.7
A000416,A000566,shares_payment_instrument,1.0
A000416,A000581,shares_phone,1.0
A000416,A000621,shares_address,0.7
A000416,A000693,shares_device,1.0
A000416,A000729,shares_address,0.7
A000416,A000738,shares_address,0.7
A000416,A000780,shares_device,1.0
A000419,A000509,shares_device,1.0
A000419,A000513,shares_phone,1.0
A000419,A000538,shares_phone,1.0
A000419,A000561,shares_device,1.0
A000419,A000589,shares_address,0.7
A000419,A000600,shares_device,1.0
A000419,A000661,shares_address,0.7
A000419,A000663,shares_phone,1.0
A000419,A000671,shares_device,1.0
A000419,A000681,shares_device,1.0
A000419,A000698,shares_device,1.0
A000419,A000715,shares_payment_instrument,1.0
A000419,A000740,shares_device,1.0
A000419,A000754,shares_phone,1.0
A000419,A000790,shares_device,1.0
A000421,A000581,shares_phone,1.0
A000421,A000583,shares_address,0.7
A000421,A000639,shares_address,0.7
A000422,A000466,shares_address,0.7
A000422,A000470,shares_device,1.0
A000422,A000542,shares_phone,1.0
A000422,A000610,shares_device,1.0
A000422,A000790,shares_address,0.7
A000423,A000426,shares_address,0.7
A000423,A000450,shares_phone,1.0
A000423,A000468,shares_device,1.0
A000423,A000513,shares_address,0.7
A000423,A000521,shares_address,0.7
A000423,A000538,shares_address,0.7
A000423,A000541,shares_address,0.7
A000423,A000546,shares_payment_instrument,1.0
A000423,A000577,shares_phone,1.0
A000423,A000621,shares_address,0.7
A000423,A000729,shares_address,0.7
A000423,A000738,shares_address,0.7
A000424,A000545,shares_address,0.7
A000425,A000599,shares_address,0.7
A000425,A000742,shares_payment_instrument,1.0
A000425,A000781,shares_device,1.0
A000426,A000470,shares_payment_instrument,1.0
A000426,A000509,shares_device,1.0
A000426,A000510,shares_payment_instrument,1.0
A000426,A000511,shares_device,1.0
A000426,A000513,shares_address,0.7
A000426,A000521,shares_address,0.7
A000426,A000538,shares_address,0.7
A000426,A000541,shares_device,1.0
A000426,A000561,shares_payment_instrument,1.0
A000426,A000577,shares_payment_instrument,1.0
A000426,A000602,shares_device,1.0
A000426,A000621,shares_address,0.7
A000426,A000711,shares_phone,1.0
A000426,A000729,shares_address,0.7
A000426,A000738,shares_address,0.7
A000426,A000754,shares_device,1.0
A000426,A000789,shares_payment_instrument,1.0
A000430,A000443,shares_address,0.7
A000430,A000570,shares_device,1.0
A000430,A000581,shares_address,0.7
A000430,A000680,shares_address,0.7
A000430,A000694,shares_address,0.7
A000430,A000755,shares_phone,1.0
A000430,A000770,shares_address,0.7
A000432,A000457,shares_address,0.7
A000432,A000566,shares_address,0.7
A000432,A000591,shares_device,1.0
A000432,A000673,shares_address,0.7
A000432,A000703,shares_device,1.0
A000432,A000748,shares_phone,1.0
A000432,A000751,shares_address,0.7
A000432,A000764,shares_address,0.7
A000434,A000718,shares_address,0.7
A000434,A000770,shares_phone,1.0
A000435,A000587,shares_phone,1.0
A000435,A000608,shares_address,0.7
A000435,A000678,shares_device,1.0
A000435,A000705,shares_address,0.7
A000436,A000505,shares_address,0.7
A000436,A000592,shares_device,1.0
A000436,A000738,shares_device,1.0
A000436,A000770,shares_device,1.0
A000438,A000617,shares_device,1.0
A000438,A000622,shares_device,1.0
A000438,A000693,shares_address,0.7
A000440,A000496,shares_payment_instrument,1.0
A000440,A000508,shares_device,1.0
A000440,A000544,shares_phone,1.0
A000440,A000554,shares_address,0.7
A000440,A000556,shares_device,1.0
A000440,A000564,shares_address,0.7
A000440,A000571,shares_device,1.0
A000440,A000583,shares_device,1.0
A000440,A000664,shares_payment_instrument,1.0
A000440,A000680,shares_address,0.7
A000440,A000698,shares_address,0.7
A000440,A000789,shares_device,1.0
A000441,A000455,shares_device,1.0
A000441,A000463,shares_device,1.0
A000441,A000466,shares_payment_instrument,1.0
A000441,A000473,shares_payment_instrument,1.0
A000441,A000500,shares_payment_instrument,1.0
A000441,A000570,shares_address,0.7
A000441,A000602,shares_payment_instrument,1.0
A000441,A000787,shares_device,1.0
A000443,A000581,shares_address,0.7
A000443,A000621,shares_device,1.0
A000443,A000622,shares_phone,1.0
A000443,A000680,shares_address,0.7
A000443,A000691,shares_phone,1.0
A000443,A000694,shares_address,0.7
A000443,A000722,shares_payment_instrument,1.0
A000443,A000743,shares_payment_instrument,1.0
A000443,A000756,shares_device,1.0
A000443,A000770,shares_address,0.7
A000444,A000532,shares_address,0.7
A000444,A000676,shares_phone,1.0
A000444,A000678,shares_phone,1.0
A000445,A000574,shares_device,1.0
A000445,A000575,shares_address,0.7
A000445,A000718,shares_payment_instrument,1.0
A000446,A000472,shares_phone,1.0
A000446,A000494,shares_phone,1.0
A000446,A000571,shares_phone,1.0
A000446,A000572,shares_address,0.7
A000446,A000584,shares_address,0.7
A000446,A000616,shares_address,0.7
A000446,A000657,shares_address,0.7
A000447,A000559,shares_phone,1.0
A000447,A000787,shares_address,0.7
A000448,A000475,shares_phone,1.0
A000448,A000503,shares_phone,1.0
A000448,A000531,shares_phone,1.0
A000448,A000544,shares_device,1.0
A000448,A000647,shares_phone,1.0
A000448,A000660,shares_address,0.7
A000448,A000682,shares_payment_instrument,1.0
A000448,A000703,shares_device,1.0
A000448,A000726,shares_address,0.7
A000448,A000785,shares_phone,1.0
A000450,A000461,shares_payment_instrument,1.0
A000450,A000509,shares_address,0.7
A000450,A000511,shares_address,0.7
A000450,A000557,shares_address,0.7
A000450,A000577,shares_phone,1.0
A000450,A000587,shares_device,1.0
A000450,A000600,shares_address,0.7
A000450,A000602,shares_address,0.7
A000450,A000639,shares_payment_instrument,1.0
A000450,A000666,shares_address,0.7
A000450,A000698,shares_payment_instrument,1.0
A000450,A000726,shares_payment_instrument,1.0
A000450,A000776,shares_address,0.7
A000451,A000480,shares_phone,1.0
A000451,A000489,shares_address,0.7
A000451,A000576,shares_phone,1.0
A000451,A000630,shares_address,0.7
A000451,A000647,shares_payment_instrument,1.0
A000451,A000684,shares_phone,1.0
A000451,A000761,shares_phone,1.0
A000451,A000762,shares_address,0.7
A000453,A000498,shares_address,0.7
A000453,A000536,shares_address,0.7
A000453,A000592,shares_address,0.7
A000453,A000614,shares_payment_instrument,1.0
A000453,A000649,shares_address,0.7
A000453,A000663,shares_address,0.7
A000453,A000777,shares_address,0.7
A000454,A000470,shares_phone,1.0
A000454,A000475,shares_device,1.0
A000454,A000477,shares_device,1.0
A000454,A000514,shares_phone,1.0
A000454,A000730,shares_device,1.0
A000455,A000463,shares_device,1.0
A000455,A000470,shares_payment_instrument,1.0
A000455,A000516,shares_address,0.7
A000455,A000570,shares_address,0.7
A000455,A000617,shares_address,0.7
A000455,A000634,shares_address,0.7
A000455,A000671,shares_payment_instrument,1.0
A000455,A000719,shares_phone,1.0
A000455,A000787,shares_device,1.0
A000457,A000513,shares_device,1.0
A000457,A000566,shares_address,0.7
A000457,A000608,shares_phone,1.0
A000457,A000673,shares_address,0.7
A000457,A000751,shares_address,0.7
A000457,A000764,shares_address,0.7
A000460,A000502,shares_payment_instrument,1.0
A000460,A000646,shares_address,0.7
A000461,A000473,shares_payment_instrument,1.0
A000461,A000555,shares_address,0.7
A000461,A000607,shares_address,0.7
A000461,A000639,shares_payment_instrument,1.0
A000461,A000665,shares_address,0.7
A000461,A000698,shares_payment_instrument,1.0
A000461,A000726,shares_payment_instrument,1.0
A000462,A000481,shares_address,0.7
A000462,A000542,shares_address,0.7
A000462,A000597,shares_payment_instrument,1.0
A000463,A000468,shares_address,0.7
A000463,A000503,shares_address,0.7
A000463,A000601,shares_address,0.7
A000463,A000716,shares_address,0.7
A000463,A000787,shares_device,1.0
A000465,A000569,shares_device,1.0
A000465,A000597,shares_address,0.7
A000466,A000470,shares_address,0.7
A000466,A000473,shares_payment_instrument,1.0
A000466,A000500,shares_payment_instrument,1.0
A000466,A000566,shares_phone,1.0
A000466,A000602,shares_payment_instrument,1.0
A000466,A000695,shares_phone,1.0
A000466,A000697,shares_device,1.0
A000466,A000790,shares_address,0.7
A000467,A000481,shares_address,0.7
A000467,A000485,shares_device,1.0
A000467,A000529,shares_address,0.7
A000467,A000664,shares_address,0.7
A000467,A000728,shares_device,1.0
A000468,A000503,shares_address,0.7
A000468,A000601,shares_address,0.7
A000468,A000716,shares_address,0.7
A000468,A000779,shares_payment_instrument,1.0
A000470,A000510,shares_payment_instrument,1.0
A000470,A000511,shares_payment_instrument,1.0
A000470,A000514,shares_phone,1.0
A000470,A000541,shares_payment_instrument,1.0
A000470,A000561,shares_payment_instrument,1.0
A000470,A000577,shares_payment_instrument,1.0
A000470,A000602,shares_payment_instrument,1.0
A000470,A000610,shares_device,1.0
A000470,A000671,shares_payment_instrument,1.0
A000470,A000789,shares_payment_instrument,1.0
A000470,A000790,shares_address,0.7
A000471,A000477,shares_phone,1.0
A000471,A000508,shares_address,0.7
A000472,A000494,shares_phone,1.0
A000472,A000571,shares_phone,1.0
A000472,A000703,shares_address,0.7
A000472,A000777,shares_device,1.0
A000473,A000500,shares_payment_instrument,1.0
A000473,A000602,shares_payment_instrument,1.0
A000474,A000496,shares_address,0.7
A000474,A000506,shares_address,0.7
A000474,A000507,shares_address,0.7
A000474,A000561,shares_address,0.7
A000474,A000576,shares_device,1.0
A000474,A000589,shares_address,0.7
A000474,A000602,shares_address,0.7
A000474,A000633,shares_address,0.7
A000474,A000684,shares_address,0.7
A000474,A000697,shares_address,0.7
A000474,A000754,shares_address,0.7
A000474,A000766,shares_payment_instrument,1.0
A000475,A000477,shares_device,1.0
A000475,A000503,shares_phone,1.0
A000475,A000531,shares_phone,1.0
A000475,A000637,shares_address,0.7
A000475,A000647,shares_phone,1.0
A000475,A000695,shares_address,0.7
A000475,A000719,shares_address,0.7
A000475,A000730,shares_device,1.0
A000475,A000768,shares_address,0.7
A000475,A000785,shares_phone,1.0
A000477,A000521,shares_payment_instrument,1.0
A000477,A000702,shares_device,1.0
A000477,A000730,shares_device,1.0
A000479,A000537,shares_phone,1.0
A000479,A000599,shares_device,1.0
A000479,A000630,shares_address,0.7
A000479,A000643,shares_payment_instrument,1.0
A000479,A000736,shares_phone,1.0
A000479,A000777,shares_payment_instrument,1.0
A000479,A000780,shares_phone,1.0
A000479,A000798,shares_address,0.7
A000480,A000547,shares_address,0.7
A000480,A000556,shares_address,0.7
A000480,A000576,shares_phone,1.0
A000480,A000637,shares_device,1.0
A000480,A000684,shares_phone,1.0
A000480,A000761,shares_phone,1.0
A000480,A000774,shares_address,0.7
A000481,A000500,shares_device,1.0
A000481,A000524,shares_phone,1.0
A000481,A000529,shares_address,0.7
A000481,A000542,shares_address,0.7
A000481,A000664,shares_address,0.7
A000481,A000751,shares_device,1.0
A000481,A000754,shares_device,1.0
A000482,A000489,shares_phone,1.0
A000482,A000621,shares_phone,1.0
A000482,A000775,shares_payment_instrument,1.0
A000484,A000510,shares_address,0.7
A000484,A000526,shares_phone,1.0
A000484,A000538,shares_payment_instrument,1.0
A000484,A000550,shares_address,0.7
A000484,A000632,shares_address,0.7
A000484,A000712,shares_address,0.7
A000484,A000756,shares_address,0.7
A000485,A000526,shares_address,0.7
A000485,A000566,shares_payment_instrument,1.0
A000485,A000703,shares_address,0.7
A000487,A000543,shares_address,0.7
A000487,A000579,shares_address,0.7
A000487,A000597,shares_address,0.7
A000487,A000739,shares_address,0.7
A000487,A000773,shares_address,0.7
A000489,A000621,shares_phone,1.0
A000489,A000630,shares_address,0.7
A000489,A000762,shares_address,0.7
A000490,A000493,shares_payment_instrument,1.0
A000490,A000505,shares_address,0.7
A000490,A000571,shares_address,0.7
A000490,A000585,shares_phone,1.0
A000492,A000566,shares_device,1.0
A000492,A000660,shares_phone,1.0
A000493,A000556,shares_device,1.0
A000493,A000613,shares_address,0.7
A000493,A000759,shares_address,0.7
A000494,A000571,shares_phone,1.0
A000494,A000691,shares_address,0.7
A000494,A000720,shares_device,1.0
A000496,A000506,shares_address,0.7
A000496,A000507,shares_address,0.7
A000496,A000548,shares_payment_instrument,1.0
A000496,A000561,shares_address,0.7
A000496,A000589,shares_address,0.7
A000496,A000602,shares_address,0.7
A000496,A000633,shares_address,0.7
A000496,A000664,shares_payment_instrument,1.0
A000496,A000682,shares_device,1.0
A000496,A000684,shares_address,0.7
A000496,A000697,shares_address,0.7
A000496,A000722,shares_address,0.7
A000496,A000754,shares_address,0.7
A000497,A000560,shares_address,0.7
A000497,A000606,shares_device,1.0
A000497,A000670,shares_address,0.7
A000497,A000727,shares_phone,1.0
A000497,A000735,shares_phone,1.0
A000497,A000787,shares_phone,1.0
A000497,A000795,shares_phone,1.0
A000497,A000798,shares_payment_instrument,1.0
A000498,A000506,shares_phone,1.0
A000498,A000536,shares_address,0.7
A000498,A000554,shares_payment_instrument,1.0
A000498,A000592,shares_address,0.7
A000498,A000649,shares_address,0.7
A000498,A000663,shares_address,0.7
A000498,A000759,shares_payment_instrument,1.0
A000498,A000777,shares_address,0.7
A000498,A000778,shares_phone,1.0
A000500,A000585,shares_address,0.7
A000500,A000602,shares_payment_instrument,1.0
A000500,A000607,shares_address,0.7
A000500,A000751,shares_device,1.0
A000500,A000754,shares_device,1.0
A000501,A000508,shares_phone,1.0
A000501,A000514,shares_address,0.7
A000501,A000526,shares_device,1.0
A000501,A000577,shares_address,0.7
A000501,A000637,shares_phone,1.0
A000501,A000660,shares_device,1.0
A000501,A000686,shares_device,1.0
A000501,A000706,shares_phone,1.0
A000501,A000715,shares_address,0.7
A000501,A000749,shares_address,0.7
A000501,A000767,shares_device,1.0
A000501,A000789,shares_address,0.7
A000502,A000686,shares_address,0.7
A000502,A000780,shares_address,0.7
A000503,A000531,shares_phone,1.0
A000503,A000601,shares_address,0.7
A000503,A000647,shares_phone,1.0
A000503,A000682,shares_device,1.0
A000503,A000716,shares_address,0.7
A000503,A000785,shares_phone,1.0
A000504,A000696,shares_payment_instrument,1.0
A000505,A000519,shares_device,1.0
A000505,A000571,shares_address,0.7
A000505,A000634,shares_phone,1.0
A000505,A000741,shares_device,1.0
A000506,A000507,shares_address,0.7
A000506,A000561,shares_address,0.7
A000506,A000589,shares_address,0.7
A000506,A000602,shares_address,0.7
A000506,A000633,shares_address,0.7
A000506,A000684,shares_address,0.7
A000506,A000697,shares_address,0.7
A000506,A000754,shares_address,0.7
A000506,A000778,shares_phone,1.0
A000507,A000561,shares_address,0.7
A000507,A000589,shares_address,0.7
A000507,A000602,shares_address,0.7
A000507,A000633,shares_address,0.7
A000507,A000684,shares_address,0.7
A000507,A000687,shares_device,1.0
A000507,A000695,shares_device,1.0
A000507,A000697,shares_address,0.7
A000507,A000754,shares_address,0.7
A000508,A000556,shares_device,1.0
A000508,A000571,shares_device,1.0
A000508,A000583,shares_device,1.0
A000508,A000637,shares_phone,1.0
A000508,A000706,shares_phone,1.0
A000508,A000789,shares_device,1.0
A000509,A000511,shares_device,1.0
A000509,A000541,shares_device,1.0
A000509,A000557,shares_address,0.7
A000509,A000561,shares_device,1.0
A000509,A000600,shares_device,1.0
A000509,A000602,shares_device,1.0
A000509,A000638,shares_phone,1.0
A000509,A000666,shares_address,0.7
A000509,A000681,shares_device,1.0
A000509,A000698,shares_device,1.0
A000509,A000740,shares_device,1.0
A000509,A000745,shares_payment_instrument,1.0
A000509,A000754,shares_device,1.0
A000509,A000766,shares_phone,1.0
A000509,A000776,shares_address,0.7
A000509,A000790,shares_device,1.0
A000510,A000511,shares_payment_instrument,1.0
A000510,A000541,shares_payment_instrument,1.0
A000510,A000550,shares_address,0.7
A000510,A000561,shares_payment_instrument,1.0
A000510,A000577,shares_device,1.0
A000510,A000602,shares_payment_instrument,1.0
A000510,A000632,shares_address,0.7
A000510,A000686,shares_phone,1.0
A000510,A000712,shares_address,0.7
A000510,A000718,shares_device,1.0
A000510,A000738,shares_phone,1.0
A000510,A000756,shares_address,0.7
A000510,A000789,shares_payment_instrument,1.0
A000511,A000541,shares_device,1.0
A000511,A000557,shares_address,0.7
A000511,A000561,shares_payment_instrument,1.0
A000511,A000577,shares_payment_instrument,1.0
A000511,A000600,shares_address,0.7
A000511,A000602,shares_device,1.0
A000511,A000666,shares_address,0.7
A000511,A000711,shares_phone,1.0
A000511,A000754,shares_device,1.0
A000511,A000776,shares_address,0.7
A000511,A000789,shares_payment_instrument,1.0
A000513,A000521,shares_address,0.7
A000513,A000529,shares_payment_instrument,1.0
A000513,A000538,shares_phone,1.0
A000513,A000541,shares_address,0.7
A000513,A000621,shares_address,0.7
A000513,A000642,shares_payment_instrument,1.0
A000513,A000663,shares_phone,1.0
A000513,A000729,shares_address,0.7
A000513,A000738,shares_address,0.7
A000513,A000754,shares_phone,1.0
A000514,A000730,shares_payment_instrument,1.0
A000514,A000749,shares_address,0.7
A000514,A000789,shares_address,0.7
A000516,A000617,shares_phone,1.0
A000516,A000634,shares_address,0.7
A000516,A000663,shares_device,1.0
A000516,A000697,shares_phone,1.0
A000516,A000703,shares_phone,1.0
A000516,A000776,shares_phone,1.0
A000516,A000790,shares_phone,1.0
A000518,A000591,shares_address,0.7
A000518,A000712,shares_payment_instrument,1.0
A000519,A000548,shares_address,0.7
A000519,A000606,shares_address,0.7
A000519,A000630,shares_payment_instrument,1.0
A000519,A000663,shares_payment_instrument,1.0
A000519,A000735,shares_address,0.7
A000519,A000741,shares_device,1.0
A000520,A000522,shares_address,0.7
A000520,A000536,shares_address,0.7
A000520,A000687,shares_address,0.7
A000520,A000721,shares_address,0.7
A000521,A000538,shares_address,0.7
A000521,A000541,shares_address,0.7
A000521,A000621,shares_address,0.7
A000521,A000729,shares_address,0.7
A000521,A000738,shares_address,0.7
A000522,A000536,shares_address,0.7
A000522,A000687,shares_address,0.7
A000522,A000721,shares_address,0.7
A000525,A000559,shares_device,1.0
A000525,A000571,shares_payment_instrument,1.0
A000525,A000607,shares_payment_instrument,1.0
A000525,A000798,shares_payment_instrument,1.0
A000526,A000703,shares_address,0.7
A000526,A000767,shares_device,1.0
A000527,A000531,shares_address,0.7
A000529,A000597,shares_phone,1.0
A000529,A000642,shares_payment_instrument,1.0
A000529,A000664,shares_address,0.7
A000529,A000759,shares_device,1.0
A000530,A000633,shares_phone,1.0
A000530,A000654,shares_phone,1.0
A000530,A000721,shares_phone,1.0
A000530,A000785,shares_address,0.7
A000531,A000537,shares_device,1.0
A000531,A000647,shares_phone,1.0
A000531,A000785,shares_phone,1.0
A000536,A000544,shares_payment_instrument,1.0
A000536,A000579,shares_payment_instrument,1.0
A000536,A000592,shares_address,0.7
A000536,A000649,shares_address,0.7
A000536,A000663,shares_address,0.7
A000536,A000687,shares_address,0.7
A000536,A000721,shares_address,0.7
A000536,A000777,shares_address,0.7
A000537,A000551,shares_address,0.7
A000537,A000561,shares_address,0.7
A000537,A000594,shares_address,0.7
A000537,A000683,shares_address,0.7
A000537,A000701,shares_address,0.7
A000537,A000736,shares_phone,1.0
A000537,A000780,shares_phone,1.0
A000537,A000781,shares_address,0.7
A000537,A000790,shares_address,0.7
A000537,A000793,shares_address,0.7
A000538,A000541,shares_address,0.7
A000538,A000621,shares_address,0.7
A000538,A000630,shares_device,1.0
A000538,A000663,shares_phone,1.0
A000538,A000729,shares_address,0.7
A000538,A000738,shares_address,0.7
A000538,A000754,shares_phone,1.0
A000541,A000561,shares_payment_instrument,1.0
A000541,A000577,shares_payment_instrument,1.0
A000541,A000602,shares_device,1.0
A000541,A000621,shares_address,0.7
A000541,A000711,shares_phone,1.0
A000541,A000729,shares_address,0.7
A000541,A000738,shares_address,0.7
A000541,A000754,shares_device,1.0
A000541,A000789,shares_payment_instrument,1.0
A000542,A000559,shares_address,0.7
A000542,A000589,shares_payment_instrument,1.0
A000542,A000608,shares_device,1.0
A000542,A000727,shares_device,1.0
A000543,A000597,shares_address,0.7
A000543,A000692,shares_payment_instrument,1.0
A000543,A000723,shares_phone,1.0
A000543,A000773,shares_address,0.7
A000544,A000551,shares_device,1.0
A000544,A000579,shares_payment_instrument,1.0
A000544,A000594,shares_payment_instrument,1.0
A000544,A000600,shares_payment_instrument,1.0
A000544,A000613,shares_device,1.0
A000544,A000622,shares_address,0.7
A000544,A000643,shares_address,0.7
A000544,A000703,shares_device,1.0
A000544,A000719,shares_address,0.7
A000544,A000765,shares_device,1.0
A000544,A000766,shares_address,0.7
A000546,A000654,shares_device,1.0
A000546,A000666,shares_address,0.7
A000546,A000741,shares_address,0.7
A000546,A000748,shares_device,1.0
A000547,A000701,shares_phone,1.0
A000548,A000606,shares_address,0.7
A000548,A000735,shares_address,0.7
A000548,A000776,shares_device,1.0
A000550,A000626,shares_phone,1.0
A000550,A000632,shares_address,0.7
A000550,A000684,shares_payment_instrument,1.0
A000550,A000686,shares_device,1.0
A000550,A000712,shares_address,0.7
A000550,A000756,shares_address,0.7
A000550,A000762,shares_phone,1.0
A000550,A000774,shares_device,1.0
A000551,A000561,shares_address,0.7
A000551,A000594,shares_payment_instrument,1.0
A000551,A000600,shares_payment_instrument,1.0
A000551,A000613,shares_device,1.0
A000551,A000683,shares_address,0.7
A000551,A000701,shares_address,0.7
A000551,A000765,shares_device,1.0
A000551,A000781,shares_phone,1.0
A000551,A000790,shares_address,0.7
A000551,A000793,shares_address,0.7
A000554,A000564,shares_address,0.7
A000554,A000647,shares_device,1.0
A000554,A000680,shares_address,0.7
A000554,A000698,shares_address,0.7
A000554,A000759,shares_payment_instrument,1.0
A000555,A000607,shares_address,0.7
A000555,A000665,shares_address,0.7
A000556,A000571,shares_device,1.0
A000556,A000583,shares_device,1.0
A000556,A000643,shares_phone,1.0
A000556,A000761,shares_payment_instrument,1.0
A000556,A000774,shares_address,0.7
A000556,A000789,shares_device,1.0
A000557,A000600,shares_address,0.7
A000557,A000602,shares_address,0.7
A000557,A000630,shares_payment_instrument,1.0
A000557,A000635,shares_device,1.0
A000557,A000666,shares_address,0.7
A000557,A000764,shares_payment_instrument,1.0
A000557,A000776,shares_address,0.7
A000558,A000742,shares_address,0.7
A000558,A000777,shares_phone,1.0
A000559,A000637,shares_device,1.0
A000559,A000700,shares_address,0.7
A000559,A000779,shares_address,0.7
A000560,A000670,shares_address,0.7
A000561,A000577,shares_payment_instrument,1.0
A000561,A000589,shares_address,0.7
A000561,A000592,shares_phone,1.0
A000561,A000594,shares_address,0.7
A000561,A000600,shares_device,1.0
A000561,A000602,shares_payment_instrument,1.0
A000561,A000633,shares_address,0.7
A000561,A000681,shares_device,1.0
A000561,A000683,shares_address,0.7
A000561,A000684,shares_address,0.7
A000561,A000697,shares_address,0.7
A000561,A000698,shares_device,1.0
A000561,A000701,shares_address,0.7
A000561,A000715,shares_payment_instrument,1.0
A000561,A000740,shares_device,1.0
A000561,A000754,shares_address,0.7
A000561,A000781,shares_address,0.7
A000561,A000789,shares_payment_instrument,1.0
A000561,A000790,shares_device,1.0
A000561,A000793,shares_address,0.7
A000564,A000680,shares_address,0.7
A000564,A000698,shares_address,0.7
A000564,A000783,shares_payment_instrument,1.0
A000566,A000673,shares_address,0.7
A000566,A000695,shares_phone,1.0
A000566,A000751,shares_address,0.7
A000566,A000764,shares_address,0.7
A000567,A000575,shares_payment_instrument,1.0
A000569,A000572,shares_address,0.7
A000569,A000613,shares_phone,1.0
A000570,A000606,shares_phone,1.0
A000570,A000685,shares_device,1.0
A000571,A000583,shares_device,1.0
A000571,A000607,shares_payment_instrument,1.0
A000571,A000789,shares_device,1.0
A000571,A000798,shares_payment_instrument,1.0
A000572,A000584,shares_address,0.7
A000574,A000577,shares_address,0.7
A000574,A000654,shares_address,0.7
A000574,A000737,shares_address,0.7
A000574,A000761,shares_address,0.7
A000574,A000770,shares_payment_instrument,1.0
A000576,A000684,shares_phone,1.0
A000576,A000725,shares_address,0.7
A000576,A000761,shares_phone,1.0
A000576,A000792,shares_payment_instrument,1.0
A000577,A000602,shares_payment_instrument,1.0
A000577,A000606,shares_device,1.0
A000577,A000654,shares_address,0.7
A000577,A000715,shares_address,0.7
A000577,A000718,shares_device,1.0
A000577,A000737,shares_address,0.7
A000577,A000761,shares_address,0.7
A000577,A000788,shares_device,1.0
A000577,A000789,shares_payment_instrument,1.0
A000579,A000614,shares_phone,1.0
A000579,A000739,shares_address,0.7
A000580,A000592,shares_address,0.7
A000580,A000693,shares_payment_instrument,1.0
A000580,A000790,shares_payment_instrument,1.0
A000581,A000680,shares_address,0.7
A000581,A000694,shares_address,0.7
A000581,A000770,shares_address,0.7
A000583,A000639,shares_address,0.7
A000583,A000789,shares_device,1.0
A000584,A000639,shares_device,1.0
A000584,A000673,shares_device,1.0
A000584,A000752,shares_device,1.0
A000585,A000607,shares_address,0.7
A000585,A000632,shares_device,1.0
A000589,A000601,shares_phone,1.0
A000589,A000602,shares_address,0.7
A000589,A000633,shares_address,0.7
A000589,A000641,shares_phone,1.0
A000589,A000661,shares_address,0.7
A000589,A000671,shares_address,0.7
A000589,A000684,shares_address,0.7
A000589,A000697,shares_address,0.7
A000589,A000754,shares_address,0.7
A000591,A000637,shares_address,0.7
A000591,A000703,shares_device,1.0
A000592,A000632,shares_device,1.0
A000592,A000649,shares_address,0.7
A000592,A000663,shares_address,0.7
A000592,A000738,shares_device,1.0
A000592,A000764,shares_payment_instrument,1.0
A000592,A000777,shares_address,0.7
A000594,A000600,shares_payment_instrument,1.0
A000594,A000683,shares_address,0.7
A000594,A000701,shares_address,0.7
A000594,A000781,shares_address,0.7
A000594,A000790,shares_address,0.7
A000594,A000793,shares_address,0.7
A000597,A000761,shares_device,1.0
A000597,A000773,shares_address,0.7
A000600,A000602,shares_address,0.7
A000600,A000666,shares_address,0.7
A000600,A000681,shares_device,1.0
A000600,A000698,shares_device,1.0
A000600,A000740,shares_device,1.0
A000600,A000776,shares_address,0.7
A000600,A000790,shares_device,1.0
A000601,A000641,shares_phone,1.0
A000601,A000716,shares_address,0.7
A000602,A000633,shares_address,0.7
A000602,A000666,shares_address,0.7
A000602,A000684,shares_address,0.7
A000602,A000697,shares_address,0.7
A000602,A000711,shares_phone,1.0
A000602,A000754,shares_device,1.0
A000602,A000776,shares_address,0.7
A000602,A000789,shares_payment_instrument,1.0
A000606,A000610,shares_payment_instrument,1.0
A000606,A000703,shares_payment_instrument,1.0
A000606,A000735,shares_address,0.7
A000606,A000777,shares_address,0.7
A000606,A000788,shares_device,1.0
A000607,A000665,shares_address,0.7
A000607,A000798,shares_payment_instrument,1.0
A000608,A000705,shares_address,0.7
A000608,A000727,shares_device,1.0
A000610,A000703,shares_payment_instrument,1.0
A000610,A000773,shares_phone,1.0
A000611,A000694,shares_payment_instrument,1.0
A000611,A000719,shares_payment_instrument,1.0
A000613,A000759,shares_address,0.7
A000613,A000765,shares_device,1.0
A000613,A000774,shares_payment_instrument,1.0
A000614,A000688,shares_address,0.7
A000616,A000657,shares_address,0.7
A000616,A000670,shares_payment_instrument,1.0
A000617,A000622,shares_device,1.0
A000617,A000634,shares_address,0.7
A000617,A000697,shares_phone,1.0
A000617,A000703,shares_phone,1.0
A000617,A000776,shares_phone,1.0
A000617,A000790,shares_phone,1.0
A000621,A000729,shares_address,0.7
A000621,A000738,shares_address,0.7
A000621,A000756,shares_device,1.0
A000622,A000643,shares_address,0.7
A000622,A000691,shares_phone,1.0
A000622,A000719,shares_address,0.7
A000622,A000766,shares_address,0.7
A000622,A000794,shares_payment_instrument,1.0
A000626,A000762,shares_phone,1.0
A000630,A000663,shares_payment_instrument,1.0
A000630,A000762,shares_address,0.7
A000630,A000764,shares_payment_instrument,1.0
A000630,A000792,shares_phone,1.0
A000630,A000793,shares_phone,1.0
A000630,A000798,shares_address,0.7
A000632,A000651,shares_phone,1.0
A000632,A000712,shares_address,0.7
A000632,A000756,shares_address,0.7
A000633,A000654,shares_phone,1.0
A000633,A000684,shares_address,0.7
A000633,A000697,shares_address,0.7
A000633,A000721,shares_phone,1.0
A000633,A000754,shares_address,0.7
A000637,A000695,shares_address,0.7
A000637,A000706,shares_phone,1.0
A000637,A000719,shares_address,0.7
A000638,A000766,shares_phone,1.0
A000639,A000673,shares_device,1.0
A000639,A000698,shares_payment_instrument,1.0
A000639,A000726,shares_payment_instrument,1.0
A000639,A000752,shares_device,1.0
A000641,A000711,shares_address,0.7
A000642,A000664,shares_device,1.0
A000642,A000759,shares_address,0.7
A000643,A000719,shares_address,0.7
A000643,A000729,shares_device,1.0
A000643,A000766,shares_address,0.7
A000643,A000777,shares_payment_instrument,1.0
A000644,A000696,shares_address,0.7
A000644,A000725,shares_device,1.0
A000647,A000682,shares_address,0.7
A000647,A000737,shares_address,0.7
A000647,A000760,shares_address,0.7
A000647,A000785,shares_phone,1.0
A000649,A000663,shares_address,0.7
A000649,A000721,shares_payment_instrument,1.0
A000649,A000777,shares_address,0.7
A000650,A000660,shares_payment_instrument,1.0
A000654,A000657,shares_device,1.0
A000654,A000721,shares_phone,1.0
A000654,A000737,shares_address,0.7
A000654,A000748,shares_device,1.0
A000654,A000761,shares_address,0.7
A000654,A000764,shares_device,1.0
A000657,A000764,shares_device,1.0
A000658,A000770,shares_address,0.7
A000660,A000686,shares_device,1.0
A000661,A000671,shares_address,0.7
A000661,A000716,shares_device,1.0
A000663,A000754,shares_phone,1.0
A000663,A000777,shares_address,0.7
A000665,A000749,shares_phone,1.0
A000666,A000738,shares_payment_instrument,1.0
A000666,A000741,shares_address,0.7
A000666,A000776,shares_address,0.7
A000673,A000692,shares_address,0.7
A000673,A000736,shares_address,0.7
A000673,A000751,shares_address,0.7
A000673,A000752,shares_device,1.0
A000673,A000764,shares_address,0.7
A000674,A000694,shares_phone,1.0
A000676,A000678,shares_phone,1.0
A000676,A000727,shares_address,0.7
A000678,A000785,shares_address,0.7
A000678,A000792,shares_address,0.7
A000680,A000694,shares_address,0.7
A000680,A000698,shares_address,0.7
A000680,A000770,shares_address,0.7
A000681,A000697,shares_payment_instrument,1.0
A000681,A000698,shares_device,1.0
A000681,A000740,shares_device,1.0
A000681,A000765,shares_payment_instrument,1.0
A000681,A000790,shares_device,1.0
A000682,A000737,shares_address,0.7
A000682,A000760,shares_address,0.7
A000683,A000701,shares_address,0.7
A000683,A000781,shares_address,0.7
A000683,A000790,shares_address,0.7
A000683,A000793,shares_address,0.7
A000684,A000697,shares_address,0.7
A000684,A000754,shares_address,0.7
A000684,A000761,shares_phone,1.0
A000686,A000696,shares_payment_instrument,1.0
A000686,A000738,shares_phone,1.0
A000686,A000774,shares_device,1.0
A000686,A000780,shares_address,0.7
A000687,A000695,shares_device,1.0
A000687,A000721,shares_address,0.7
A000687,A000742,shares_phone,1.0
A000691,A000748,shares_payment_instrument,1.0
A000691,A000795,shares_device,1.0
A000692,A000736,shares_address,0.7
A000692,A000775,shares_phone,1.0
A000692,A000792,shares_device,1.0
A000693,A000780,shares_device,1.0
A000693,A000790,shares_payment_instrument,1.0
A000694,A000719,shares_payment_instrument,1.0
A000694,A000770,shares_address,0.7
A000695,A000719,shares_address,0.7
A000697,A000703,shares_phone,1.0
A000697,A000754,shares_address,0.7
A000697,A000776,shares_phone,1.0
A000697,A000790,shares_phone,1.0
A000698,A000726,shares_payment_instrument,1.0
A000698,A000740,shares_device,1.0
A000698,A000790,shares_device,1.0
A000700,A000779,shares_address,0.7
A000701,A000781,shares_payment_instrument,1.0
A000701,A000790,shares_address,0.7
A000701,A000793,shares_address,0.7
A000702,A000794,shares_address,0.7
A000703,A000776,shares_phone,1.0
A000703,A000790,shares_phone,1.0
A000705,A000715,shares_phone,1.0
A000706,A000755,shares_address,0.7
A000706,A000762,shares_device,1.0
A000707,A000735,shares_device,1.0
A000712,A000756,shares_address,0.7
A000715,A000746,shares_address,0.7
A000716,A000794,shares_phone,1.0
A000719,A000766,shares_address,0.7
A000722,A000743,shares_payment_instrument,1.0
A000722,A000778,shares_address,0.7
A000723,A000728,shares_address,0.7
A000723,A000767,shares_address,0.7
A000723,A000791,shares_device,1.0
A000725,A000737,shares_payment_instrument,1.0
A000727,A000735,shares_phone,1.0
A000727,A000787,shares_phone,1.0
A000727,A000795,shares_phone,1.0
A000728,A000767,shares_address,0.7
A000729,A000738,shares_address,0.7
A000729,A000754,shares_payment_instrument,1.0
A000730,A000748,shares_address,0.7
A000730,A000791,shares_address,0.7
A000735,A000787,shares_phone,1.0
A000735,A000795,shares_phone,1.0
A000736,A000780,shares_phone,1.0
A000737,A000760,shares_address,0.7
A000737,A000761,shares_address,0.7
A000737,A000773,shares_device,1.0
A000737,A000793,shares_device,1.0
A000740,A000790,shares_device,1.0
A000741,A000759,shares_phone,1.0
A000743,A000788,shares_phone,1.0
A000745,A000774,shares_address,0.7
A000748,A000791,shares_address,0.7
A000749,A000778,shares_device,1.0
A000749,A000789,shares_address,0.7
A000751,A000754,shares_device,1.0
A000751,A000764,shares_address,0.7
A000757,A000766,shares_device,1.0
A000764,A000789,shares_phone,1.0
A000773,A000793,shares_device,1.0
A000776,A000790,shares_phone,1.0
A000781,A000790,shares_address,0.7
A000781,A000793,shares_address,0.7
A000785,A000792,shares_address,0.7
A000787,A000795,shares_phone,1.0
A000790,A000793,shares_address,0.7
A000792,A000793,shares_phone,1.0
A000800,A000801,shares_device,1.0
A000800,A000802,shares_device,1.0
A000800,A000803,shares_device,1.0
A000800,A000804,shares_device,1.0
A000800,A000805,shares_device,1.0
A000800,A000806,shares_device,1.0
A000800,A000807,shares_device,1.0
A000800,A000902,shares_ip_prefix,0.3
A000800,A000903,shares_ip_prefix,0.3
A000801,A000802,shares_device,1.0
A000801,A000803,shares_device,1.0
A000801,A000804,shares_device,1.0
A000801,A000805,shares_device,1.0
A000801,A000806,shares_device,1.0
A000801,A000807,shares_device,1.0
A000801,A000902,shares_ip_prefix,0.3
A000801,A000903,shares_ip_prefix,0.3
A000802,A000803,shares_device,1.0
A000802,A000804,shares_device,1.0
A000802,A000805,shares_device,1.0
A000802,A000806,shares_device,1.0
A000802,A000807,shares_device,1.0
A000802,A000902,shares_ip_prefix,0.3
A000802,A000903,shares_ip_prefix,0.3
A000803,A000804,shares_device,1.0
A000803,A000805,shares_device,1.0
A000803,A000806,shares_device,1.0
A000803,A000807,shares_device,1.0
A000803,A000902,shares_ip_prefix,0.3
A000803,A000903,shares_ip_prefix,0.3
A000804,A000805,shares_device,1.0
A000804,A000806,shares_device,1.0
A000804,A000807,shares_device,1.0
A000804,A000902,shares_ip_prefix,0.3
A000804,A000903,shares_ip_prefix,0.3
A000805,A000806,shares_device,1.0
A000805,A000807,shares_device,1.0
A000805,A000902,shares_ip_prefix,0.3
A000805,A000903,shares_ip_prefix,0.3
A000806,A000807,shares_device,1.0
A000806,A000902,shares_ip_prefix,0.3
A000806,A000903,shares_ip_prefix,0.3
A000807,A000902,shares_ip_prefix,0.3
A000807,A000903,shares_ip_prefix,0.3
A000808,A000809,shares_payment_instrument,1.0
A000808,A000810,shares_payment_instrument,1.0
A000808,A000811,shares_payment_instrument,1.0
A000808,A000812,shares_payment_instrument,1.0
A000808,A000813,shares_payment_instrument,1.0
A000808,A000814,shares_payment_instrument,1.0
A000808,A000815,shares_payment_instrument,1.0
A000808,A000816,shares_payment_instrument,1.0
A000808,A000817,shares_payment_instrument,1.0
A000808,A000818,shares_payment_instrument,1.0
A000808,A000819,shares_payment_instrument,1.0
A000808,A000820,shares_payment_instrument,1.0
A000808,A000821,shares_payment_instrument,1.0
A000808,A000822,shares_payment_instrument,1.0
A000808,A000823,shares_payment_instrument,1.0
A000808,A000824,shares_payment_instrument,1.0
A000808,A000825,shares_payment_instrument,1.0
A000808,A000826,shares_payment_instrument,1.0
A000808,A000827,shares_payment_instrument,1.0
A000809,A000810,shares_payment_instrument,1.0
A000809,A000811,shares_payment_instrument,1.0
A000809,A000812,shares_payment_instrument,1.0
A000809,A000813,shares_payment_instrument,1.0
A000809,A000814,shares_payment_instrument,1.0
A000809,A000815,shares_payment_instrument,1.0
A000809,A000816,shares_payment_instrument,1.0
A000809,A000817,shares_payment_instrument,1.0
A000809,A000818,shares_payment_instrument,1.0
A000809,A000819,shares_payment_instrument,1.0
A000809,A000820,shares_payment_instrument,1.0
A000809,A000821,shares_payment_instrument,1.0
A000809,A000822,shares_payment_instrument,1.0
A000809,A000823,shares_payment_instrument,1.0
A000809,A000824,shares_payment_instrument,1.0
A000809,A000825,shares_payment_instrument,1.0
A000809,A000826,shares_payment_instrument,1.0
A000809,A000827,shares_payment_instrument,1.0
A000810,A000811,shares_payment_instrument,1.0
A000810,A000812,shares_payment_instrument,1.0
A000810,A000813,shares_payment_instrument,1.0
A000810,A000814,shares_payment_instrument,1.0
A000810,A000815,shares_payment_instrument,1.0
A000810,A000816,shares_payment_instrument,1.0
A000810,A000817,shares_payment_instrument,1.0
A000810,A000818,shares_payment_instrument,1.0
A000810,A000819,shares_payment_instrument,1.0
A000810,A000820,shares_payment_instrument,1.0
A000810,A000821,shares_payment_instrument,1.0
A000810,A000822,shares_payment_instrument,1.0
A000810,A000823,shares_payment_instrument,1.0
A000810,A000824,shares_payment_instrument,1.0
A000810,A000825,shares_payment_instrument,1.0
A000810,A000826,shares_payment_instrument,1.0
A000810,A000827,shares_payment_instrument,1.0
A000811,A000812,shares_payment_instrument,1.0
A000811,A000813,shares_payment_instrument,1.0
A000811,A000814,shares_payment_instrument,1.0
A000811,A000815,shares_payment_instrument,1.0
A000811,A000816,shares_payment_instrument,1.0
A000811,A000817,shares_payment_instrument,1.0
A000811,A000818,shares_payment_instrument,1.0
A000811,A000819,shares_payment_instrument,1.0
A000811,A000820,shares_payment_instrument,1.0
A000811,A000821,shares_payment_instrument,1.0
A000811,A000822,shares_payment_instrument,1.0
A000811,A000823,shares_payment_instrument,1.0
A000811,A000824,shares_payment_instrument,1.0
A000811,A000825,shares_payment_instrument,1.0
A000811,A000826,shares_payment_instrument,1.0
A000811,A000827,shares_payment_instrument,1.0
A000812,A000813,shares_payment_instrument,1.0
A000812,A000814,shares_payment_instrument,1.0
A000812,A000815,shares_payment_instrument,1.0
A000812,A000816,shares_payment_instrument,1.0
A000812,A000817,shares_payment_instrument,1.0
A000812,A000818,shares_payment_instrument,1.0
A000812,A000819,shares_payment_instrument,1.0
A000812,A000820,shares_payment_instrument,1.0
A000812,A000821,shares_payment_instrument,1.0
A000812,A000822,shares_payment_instrument,1.0
A000812,A000823,shares_payment_instrument,1.0
A000812,A000824,shares_payment_instrument,1.0
A000812,A000825,shares_payment_instrument,1.0
A000812,A000826,shares_payment_instrument,1.0
A000812,A000827,shares_payment_instrument,1.0
A000813,A000814,shares_payment_instrument,1.0
A000813,A000815,shares_payment_instrument,1.0
A000813,A000816,shares_payment_instrument,1.0
A000813,A000817,shares_payment_instrument,1.0
A000813,A000818,shares_payment_instrument,1.0
A000813,A000819,shares_payment_instrument,1.0
A000813,A000820,shares_payment_instrument,1.0
A000813,A000821,shares_payment_instrument,1.0
A000813,A000822,shares_payment_instrument,1.0
A000813,A000823,shares_payment_instrument,1.0
A000813,A000824,shares_payment_instrument,1.0
A000813,A000825,shares_payment_instrument,1.0
A000813,A000826,shares_payment_instrument,1.0
A000813,A000827,shares_payment_instrument,1.0
A000814,A000815,shares_payment_instrument,1.0
A000814,A000816,shares_payment_instrument,1.0
A000814,A000817,shares_payment_instrument,1.0
A000814,A000818,shares_payment_instrument,1.0
A000814,A000819,shares_payment_instrument,1.0
A000814,A000820,shares_payment_instrument,1.0
A000814,A000821,shares_payment_instrument,1.0
A000814,A000822,shares_payment_instrument,1.0
A000814,A000823,shares_payment_instrument,1.0
A000814,A000824,shares_payment_instrument,1.0
A000814,A000825,shares_payment_instrument,1.0
A000814,A000826,shares_payment_instrument,1.0
A000814,A000827,shares_payment_instrument,1.0
A000815,A000816,shares_payment_instrument,1.0
A000815,A000817,shares_payment_instrument,1.0
A000815,A000818,shares_payment_instrument,1.0
A000815,A000819,shares_payment_instrument,1.0
A000815,A000820,shares_payment_instrument,1.0
A000815,A000821,shares_payment_instrument,1.0
A000815,A000822,shares_payment_instrument,1.0
A000815,A000823,shares_payment_instrument,1.0
A000815,A000824,shares_payment_instrument,1.0
A000815,A000825,shares_payment_instrument,1.0
A000815,A000826,shares_payment_instrument,1.0
A000815,A000827,shares_payment_instrument,1.0
A000816,A000817,shares_payment_instrument,1.0
A000816,A000818,shares_payment_instrument,1.0
A000816,A000819,shares_payment_instrument,1.0
A000816,A000820,shares_payment_instrument,1.0
A000816,A000821,shares_payment_instrument,1.0
A000816,A000822,shares_payment_instrument,1.0
A000816,A000823,shares_payment_instrument,1.0
A000816,A000824,shares_payment_instrument,1.0
A000816,A000825,shares_payment_instrument,1.0
A000816,A000826,shares_payment_instrument,1.0
A000816,A000827,shares_payment_instrument,1.0
A000817,A000818,shares_payment_instrument,1.0
A000817,A000819,shares_payment_instrument,1.0
A000817,A000820,shares_payment_instrument,1.0
A000817,A000821,shares_payment_instrument,1.0
A000817,A000822,shares_payment_instrument,1.0
A000817,A000823,shares_payment_instrument,1.0
A000817,A000824,shares_payment_instrument,1.0
A000817,A000825,shares_payment_instrument,1.0
A000817,A000826,shares_payment_instrument,1.0
A000817,A000827,shares_payment_instrument,1.0
A000818,A000819,shares_payment_instrument,1.0
A000818,A000820,shares_payment_instrument,1.0
A000818,A000821,shares_payment_instrument,1.0
A000818,A000822,shares_payment_instrument,1.0
A000818,A000823,shares_payment_instrument,1.0
A000818,A000824,shares_payment_instrument,1.0
A000818,A000825,shares_payment_instrument,1.0
A000818,A000826,shares_payment_instrument,1.0
A000818,A000827,shares_payment_instrument,1.0
A000819,A000820,shares_payment_instrument,1.0
A000819,A000821,shares_payment_instrument,1.0
A000819,A000822,shares_payment_instrument,1.0
A000819,A000823,shares_payment_instrument,1.0
A000819,A000824,shares_payment_instrument,1.0
A000819,A000825,shares_payment_instrument,1.0
A000819,A000826,shares_payment_instrument,1.0
A000819,A000827,shares_payment_instrument,1.0
A000820,A000821,shares_payment_instrument,1.0
A000820,A000822,shares_payment_instrument,1.0
A000820,A000823,shares_payment_instrument,1.0
A000820,A000824,shares_payment_instrument,1.0
A000820,A000825,shares_payment_instrument,1.0
A000820,A000826,shares_payment_instrument,1.0
A000820,A000827,shares_payment_instrument,1.0
A000821,A000822,shares_payment_instrument,1.0
A000821,A000823,shares_payment_instrument,1.0
A000821,A000824,shares_payment_instrument,1.0
A000821,A000825,shares_payment_instrument,1.0
A000821,A000826,shares_payment_instrument,1.0
A000821,A000827,shares_payment_instrument,1.0
A000822,A000823,shares_payment_instrument,1.0
A000822,A000824,shares_payment_instrument,1.0
A000822,A000825,shares_payment_instrument,1.0
A000822,A000826,shares_payment_instrument,1.0
A000822,A000827,shares_payment_instrument,1.0
A000823,A000824,shares_payment_instrument,1.0
A000823,A000825,shares_payment_instrument,1.0
A000823,A000826,shares_payment_instrument,1.0
A000823,A000827,shares_payment_instrument,1.0
A000824,A000825,shares_payment_instrument,1.0
A000824,A000826,shares_payment_instrument,1.0
A000824,A000827,shares_payment_instrument,1.0
A000825,A000826,shares_payment_instrument,1.0
A000825,A000827,shares_payment_instrument,1.0
A000826,A000827,shares_payment_instrument,1.0
A000828,A000829,shares_phone,1.0
A000828,A000830,shares_phone,1.0
A000828,A000831,shares_phone,1.0
A000828,A000832,shares_phone,1.0
A000828,A000833,shares_phone,1.0
A000829,A000830,shares_phone,1.0
A000829,A000831,shares_phone,1.0
A000829,A000832,shares_phone,1.0
A000829,A000833,shares_phone,1.0
A000830,A000831,shares_phone,1.0
A000830,A000832,shares_phone,1.0
A000830,A000833,shares_phone,1.0
A000831,A000832,shares_phone,1.0
A000831,A000833,shares_phone,1.0
A000832,A000833,shares_phone,1.0
A000834,A000835,shares_coupon,0.2
A000834,A000836,shares_coupon,0.2
A000834,A000837,shares_coupon,0.2
A000834,A000838,shares_coupon,0.2
A000835,A000836,shares_coupon,0.2
A000835,A000837,shares_coupon,0.2
A000835,A000838,shares_coupon,0.2
A000836,A000837,shares_coupon,0.2
A000836,A000838,shares_coupon,0.2
A000837,A000838,shares_coupon,0.2
A000900,A000901,shares_device,1.0
A000900,A000902,shares_device,1.0
A000900,A000903,shares_device,1.0
A000901,A000902,shares_device,1.0
A000901,A000903,shares_device,1.0
A000902,A000903,shares_device,1.0
A000905,A000906,shares_address,0.7
A000905,A000907,shares_address,0.7
A000905,A000908,shares_address,0.7
A000905,A000909,shares_address,0.7
A000906,A000907,shares_address,0.7
A000906,A000908,shares_address,0.7
A000906,A000909,shares_address,0.7
A000907,A000908,shares_address,0.7
A000907,A000909,shares_address,0.7
A000908,A000909,shares_address,0.7
A000912,A000913,shares_address,0.7
A000912,A000914,shares_address,0.7
A000912,A000915,shares_address,0.7
A000912,A000916,shares_address,0.7
A000913,A000914,shares_address,0.7
A000913,A000915,shares_address,0.7
A000913,A000916,shares_address,0.7
A000914,A000915,shares_address,0.7
A000914,A000916,shares_address,0.7
A000915,A000916,shares_address,0.7
