account_id,total_orders,total_amount,avg_order_value,distinct_devices,distinct_addresses,distinct_phones,distinct_payment_instruments,total_delivered_orders,total_failed_orders,total_pending_orders,coupon_usage_rate,discount_dependency_score,total_returns,avg_return_lag_hours,total_refunds,total_refund_amount,total_disputes,return_rate,refund_rate,dispute_rate,account_age_days,orders_last_24h,orders_last_7d,orders_last_30d,refunds_last_24h,refunds_last_7d,refunds_last_30d,return_rate_last_30d,transaction_burst_score,refund_burst_score,account_creation_burst_score,accounts_per_device,shared_device_count,accounts_per_address,shared_address_count,accounts_per_phone,shared_phone_count,accounts_per_instrument,shared_instrument_count,shared_ip_prefix_count,degree_centrality,eigenvector_centrality,triangle_count,clustering_coefficient,connected_component_size,shared_edge_count,shared_edge_weight_sum,community_id,community_size,community_return_rate,community_refund_rate,community_avg_order_value,community_total_orders
A000000,2.0,19250.0,9625.0,1.0,2.0,1.0,1.0,2.0,0.0,0.0,0.0,0.0,0.0,0.0,0.0,0.0,0.0,0.0,0.0,0.0,47.41172453703704,0.0,0.0,2.0,0.0,0.0,0.0,0.0,0.0,0.0,4,8.0,7.0,8.5,15.0,11.0,10.0,4.0,3.0,1.0,0.03403403403403403,0.04191108246744842,126,0.19754507247281697,585,34,29.8,7,41,0.054878048780487805,0.04959349593495935,4002.6355013550137,103.0
A000001,2.0,6820.0,3410.0,1.0,2.0,1.0,1.0,1.0,0.0,1.0,0.0,0.0443743781094527,0.0,0.0,0.0,0.0,0.0,0.0,0.0,0.0,27.555266203703702,0.0,2.0,2.0,0.0,0.0,0.0,0.0,0.0,0.0,4,1.0,0.0,3.0,4.0,1.0,0.0,1.0,0.0,0.0,0.004004004004004004,0.0006030173262843128,2,0.2333333333333333,585,4,2.8,6,42,0.023809523809523808,0.023809523809523808,3971.0997732426304,78.0
A000002,0.0,0.0,0.0,0.0,0.0,0.0,0.0,0.0,0.0,0.0,0.0,0.0,0.0,0.0,0.0,0.0,0.0,0.0,0.0,0.0,47.50758101851852,0.0,0.0,0.0,0.0,0.0,0.0,0.0,0.0,0.0,4,0.0,0.0,0.0,0.0,0.0,0.0,0.0,0.0,0.0,0.0,4.269414257282076e-51,0,0.0,1,0,0.0,18,1,0.0,0.0,0.0,0.0
A000003,4.0,29840.0,7460.0,2.0,1.0,1.0,1.0,4.0,0.0,0.0,0.0,0.0,0.0,0.0,0.0,0.0,0.0,0.0,0.0,0.0,29.776319444444443,0.0,1.0,4.0,0.0,0.0,0.0,0.0,0.0,0.0,3,3.0,4.0,3.0,2.0,1.0,0.0,5.0,4.0,1.0,0.01001001001001001,0.009467416526578435,11,0.23307496702912275,585,10,9.4,0,68,0.02818627450980392,0.02622549019607843,2868.4758403361343,162.0
A000004,1.0,1110.0,1110.0,1.0,1.0,1.0,1.0,1.0,0.0,0.0,0.0,0.0,0.0,0.0,0.0,0.0,0.0,0.0,0.0,0.0,28.66318287037037,0.0,0.0,1.0,0.0,0.0,0.0,0.0,0.0,0.0,3,1.0,0.0,7.0,6.0,2.0,1.0,1.0,0.0,0.0,0.007007007007007007,0.002095486353364249,15,0.4999999999999999,585,7,5.199999999999999,0,68,0.02818627450980392,0.02622549019607843,2868.4758403361343,162.0
A000005,1.0,13700.0,13700.0,1.0,1.0,1.0,1.0,1.0,0.0,0.0,0.0,0.0,0.0,0.0,0.0,0.0,0.0,0.0,0.0,0.0,27.926944444444445,0.0,0.0,1.0,0.0,0.0,0.0,0.0,0.0,0.0,2,2.0,1.0,7.0,6.0,3.0,2.0,2.0,1.0,0.0,0.01001001001001001,0.00193343320698328,16,0.25555555555555554,585,10,8.2,4,56,0.012499999999999999,0.011607142857142858,4977.3005952380945,128.0
A000006,2.0,3020.0,1510.0,1.0,2.0,1.0,2.0,2.0,0.0,0.0,0.0,0.0,0.0,0.0,0.0,0.0,0.0,0.0,0.0,0.0,25.647291666666668,0.0,0.0,2.0,0.0,0.0,0.0,0.0,0.0,0.0,1,2.0,1.0,2.0,2.0,2.0,1.0,1.5,1.0,0.0,0.005005005005005005,0.0010212174852153918,0,0.0,585,5,4.4,8,41,0.010975609756097562,0.00975609756097561,4760.349593495936,81.0
A000007,0.0,0.0,0.0,0.0,0.0,0.0,0.0,0.0,0.0,0.0,0.0,0.0,0.0,0.0,0.0,0.0,0.0,0.0,0.0,0.0,36.93880787037037,0.0,0.0,0.0,0.0,0.0,0.0,0.0,0.0,0.0,2,0.0,0.0,0.0,0.0,0.0,0.0,0.0,0.0,0.0,0.0,4.269414257282076e-51,0,0.0,1,0,0.0,19,1,0.0,0.0,0.0,0.0
A000008,1.0,1690.0,1690.0,1.0,1.0,1.0,1.0,0.0,1.0,0.0,0.0,0.0,0.0,0.0,0.0,0.0,0.0,0.0,0.0,0.0,27.33453703703704,0.0,0.0,1.0,0.0,0.0,0.0,0.0,0.0,0.0,2,1.0,0.0,4.0,3.0,11.0,10.0,1.0,0.0,0.0,0.013013013013013013,0.031050081783326706,50,0.6253368912570912,585,13,12.1,7,41,0.054878048780487805,0.04959349593495935,4002.6355013550137,103.0
A000009,0.0,0.0,0.0,0.0,0.0,0.0,0.0,0.0,0.0,0.0,0.0,0.0,0.0,0.0,0.0,0.0,0.0,0.0,0.0,0.0,31.32790509259259,0.0,0.0,0.0,0.0,0.0,0.0,0.0,0.0,0.0,0,0.0,0.0,0.0,0.0,0.0,0.0,0.0,0.0,0.0,0.0,4.269414257282076e-51,0,0.0,1,0,0.0,20,1,0.0,0.0,0.0,0.0
A000010,0.0,0.0,0.0,0.0,0.0,0.0,0.0,0.0,0.0,0.0,0.0,0.0,0.0,0.0,0.0,0.0,0.0,0.0,0.0,0.0,36.93667824074074,0.0,0.0,0.0,0.0,0.0,0.0,0.0,0.0,0.0,2,0.0,0.0,0.0,0.0,0.0,0.0,0.0,0.0,0.0,0.0,4.269414257282076e-51,0,0.0,1,0,0.0,21,1,0.0,0.0,0.0,0.0
A000011,4.0,10350.0,2587.5,2.0,2.0,1.0,1.0,4.0,0.0,0.0,0.0,0.0250181388012618,0.0,0.0,0.0,0.0,0.0,0.0,0.0,0.0,43.41008101851852,0.0,0.0,4.0,0.0,0.0,0.0,0.0,0.0,0.0,1,2.0,2.0,9.0,16.0,3.0,2.0,4.0,3.0,1.0,0.022022022022022022,0.0155287249181789,68,0.21834095114190227,585,22,17.5,9,39,0.0,0.0,3567.67094017094,77.0
A000012,1.0,1080.0,1080.0,1.0,1.0,1.0,1.0,1.0,0.0,0.0,0.0,0.1304351851851851,0.0,0.0,0.0,0.0,0.0,0.0,0.0,0.0,25.109548611111112,0.0,0.0,1.0,0.0,0.0,0.0,0.0,0.0,0.0,2,1.0,0.0,3.0,2.0,4.0,3.0,1.0,0.0,0.0,0.005005005005005005,0.000774735485889841,4,0.37,585,5,4.4,4,56,0.012499999999999999,0.011607142857142858,4977.3005952380945,128.0
A000013,2.0,19760.0,9880.0,1.0,2.0,1.0,1.0,2.0,0.0,0.0,0.0,0.0476953124999999,0.0,0.0,0.0,0.0,0.0,0.0,0.0,0.0,25.998692129629628,0.0,0.0,2.0,0.0,0.0,0.0,0.0,0.0,0.0,5,3.0,2.0,7.0,12.0,4.0,3.0,2.0,1.0,1.0,0.017017017017017015,0.015711768607690087,50,0.2726745232581268,585,17,13.7,3,57,0.023391812865497075,0.021929824561403508,3958.1345029239765,119.0
A000014,0.0,0.0,0.0,0.0,0.0,0.0,0.0,0.0,0.0,0.0,0.0,0.0,0.0,0.0,0.0,0.0,0.0,0.0,0.0,0.0,29.68482638888889,0.0,0.0,0.0,0.0,0.0,0.0,0.0,0.0,0.0,4,0.0,0.0,0.0,0.0,0.0,0.0,0.0,0.0,0.0,0.0,4.269414257282076e-51,0,0.0,1,0,0.0,22,1,0.0,0.0,0.0,0.0
A000015,3.0,3250.0,1083.3333333333333,1.0,2.0,1.0,2.0,3.0,0.0,0.0,0.0,0.0493157894736842,0.0,0.0,0.0,0.0,0.0,0.0,0.0,0.0,39.71875,0.0,1.0,2.0,0.0,0.0,0.0,0.0,0.0,0.0,2,4.0,3.0,5.5,9.0,1.0,0.0,3.5,5.0,3.0,0.017017017017017015,0.03106256209880764,34,0.20903898579946542,585,17,14.299999999999999,10,37,0.009009009009009009,0.009009009009009009,4372.995495495496,80.0
A000016,0.0,0.0,0.0,0.0,0.0,0.0,0.0,0.0,0.0,0.0,0.0,0.0,0.0,0.0,0.0,0.0,0.0,0.0,0.0,0.0,30.34034722222222,0.0,0.0,0.0,0.0,0.0,0.0,0.0,0.0,0.0,3,0.0,0.0,0.0,0.0,0.0,0.0,0.0,0.0,0.0,0.0,4.269414257282076e-51,0,0.0,1,0,0.0,23,1,0.0,0.0,0.0,0.0
A000017,2.0,6350.0,3175.0,1.0,1.0,1.0,1.0,1.0,0.0,1.0,0.0,0.049046004842615,0.0,0.0,0.0,0.0,0.0,0.0,0.0,0.0,27.426875,0.0,1.0,2.0,0.0,0.0,0.0,0.0,0.0,0.0,3,9.0,8.0,3.0,2.0,2.0,1.0,1.0,0.0,2.0,0.011011011011011011,0.03196291055964947,30,0.5379618909407745,585,11,10.4,5,51,0.01633986928104575,0.014705882352941176,3327.3856209150326,115.0
A000018,4.0,17740.0,4435.0,2.0,2.0,1.0,2.0,3.0,1.0,0.0,0.0,0.0347699908054159,0.0,0.0,0.0,0.0,0.0,0.0,0.0,0.0,35.564050925925926,0.0,1.0,3.0,0.0,0.0,0.0,0.0,0.0,0.0,3,8.5,15.0,7.0,12.0,3.0,2.0,4.5,7.0,0.0,0.03303303303303303,0.052258926140199724,102,0.17547743887495762,585,33,30.0,11,25,0.0,0.0,3853.6,51.0
A000019,1.0,3680.0,3680.0,1.0,1.0,1.0,1.0,0.0,0.0,1.0,0.0,0.0,0.0,0.0,0.0,0.0,0.0,0.0,0.0,0.0,48.72969907407408,0.0,1.0,1.0,0.0,0.0,0.0,0.0,0.0,0.0,5,6.0,5.0,20.0,19.0,4.0,3.0,5.0,4.0,1.0,0.029029029029029027,0.08372681231229127,194,0.3594077784536653,585,29,23.9,5,51,0.01633986928104575,0.014705882352941176,3327.3856209150326,115.0
A000020,3.0,9170.0,3056.6666666666665,2.0,1.0,1.0,1.0,3.0,0.0,0.0,0.0,0.0176330845771144,0.0,0.0,0.0,0.0,0.0,0.0,0.0,0.0,23.24668981481481,0.0,1.0,3.0,0.0,0.0,0.0,0.0,0.0,0.0,2,1.0,0.0,1.0,0.0,4.0,3.0,4.0,3.0,0.0,0.006006006006006006,0.005910556742387676,6,0.4,585,6,6.0,4,56,0.012499999999999999,0.011607142857142858,4977.3005952380945,128.0
A000021,2.0,13980.0,6990.0,1.0,1.0,1.0,1.0,1.0,0.0,1.0,0.0,0.0,0.0,0.0,0.0,0.0,0.0,0.0,0.0,0.0,28.40189814814815,1.0,1.0,2.0,0.0,0.0,0.0,0.0,1.0,0.0,5,3.0,2.0,2.0,1.0,1.0,0.0,2.0,1.0,0.0,0.004004004004004004,0.00029110451314910446,1,0.16666666666666666,585,4,3.7,3,57,0.023391812865497075,0.021929824561403508,3958.1345029239765,119.0
A000022,0.0,0.0,0.0,0.0,0.0,0.0,0.0,0.0,0.0,0.0,0.0,0.0,0.0,0.0,0.0,0.0,0.0,0.0,0.0,0.0,23.73945601851852,0.0,0.0,0.0,0.0,0.0,0.0,0.0,0.0,0.0,1,0.0,0.0,0.0,0.0,0.0,0.0,0.0,0.0,0.0,0.0,4.269414257282076e-51,0,0.0,1,0,0.0,24,1,0.0,0.0,0.0,0.0
A000023,2.0,22320.0,11160.0,1.0,2.0,1.0,1.0,2.0,0.0,0.0,0.0,0.0324214285714285,0.0,0.0,0.0,0.0,0.0,0.0,0.0,0.0,39.25666666666667,0.0,0.0,2.0,0.0,0.0,0.0,0.0,0.0,0.0,4,3.0,2.0,5.0,8.0,2.0,1.0,2.0,1.0,1.0,0.012012012012012012,0.0030705475477683093,13,0.14376323509561398,585,12,9.6,8,41,0.010975609756097562,0.00975609756097561,4760.349593495936,81.0
A000024,2.0,6330.0,3165.0,1.0,2.0,1.0,2.0,2.0,0.0,0.0,0.0,0.0,0.0,0.0,0.0,0.0,0.0,0.0,0.0,0.0,36.57472222222222,0.0,0.0,2.0,0.0,0.0,0.0,0.0,0.0,0.0,3,2.0,1.0,3.5,5.0,4.0,3.0,2.0,2.0,0.0,0.011011011011011011,0.006457799076194267,8,0.12363636363636363,585,11,9.5,9,39,0.0,0.0,3567.67094017094,77.0
A000025,3.0,5890.0,1963.3333333333333,2.0,1.0,1.0,1.0,3.0,0.0,0.0,0.0,0.0185193798449612,1.0,48.0,1.0,1800.0,0.0,0.3333333333333333,0.3333333333333333,0.0,46.2322800925926,0.0,0.0,2.0,0.0,0.0,1.0,0.5,0.0,0.0,2,5.0,8.0,9.0,8.0,4.0,3.0,4.0,3.0,1.0,0.02102102102102102,0.0211326540084041,48,0.1909834219805537,585,21,18.9,0,68,0.02818627450980392,0.02622549019607843,2868.4758403361343,162.0
A000026,0.0,0.0,0.0,0.0,0.0,0.0,0.0,0.0,0.0,0.0,0.0,0.0,0.0,0.0,0.0,0.0,0.0,0.0,0.0,0.0,33.629502314814815,0.0,0.0,0.0,0.0,0.0,0.0,0.0,0.0,0.0,1,0.0,0.0,0.0,0.0,0.0,0.0,0.0,0.0,0.0,0.0,4.269414257282076e-51,0,0.0,1,0,0.0,25,1,0.0,0.0,0.0,0.0
A000027,2.0,6110.0,3055.0,1.0,1.0,1.0,1.0,2.0,0.0,0.0,0.0,0.0,0.0,0.0,0.0,0.0,0.0,0.0,0.0,0.0,30.57539351851852,0.0,1.0,2.0,0.0,0.0,0.0,0.0,0.0,0.0,11,2.0,1.0,1.0,0.0,2.0,1.0,1.0,0.0,1.0,0.002002002002002002,0.00043051819518212525,0,0.0,585,2,2.0,10,37,0.009009009009009009,0.009009009009009009,4372.995495495496,80.0
A000028,1.0,2600.0,2600.0,1.0,1.0,1.0,1.0,1.0,0.0,0.0,0.0,0.1087115384615384,0.0,0.0,0.0,0.0,0.0,0.0,0.0,0.0,31.736828703703704,0.0,1.0,1.0,0.0,0.0,0.0,0.0,0.0,0.0,4,1.0,0.0,5.0,4.0,3.0,2.0,2.0,1.0,0.0,0.007007007007007007,0.0016093743743479235,7,0.24761904761904763,585,7,5.8,0,68,0.02818627450980392,0.02622549019607843,2868.4758403361343,162.0
A000029,1.0,4680.0,4680.0,1.0,1.0,1.0,1.0,1.0,0.0,0.0,1.0,0.3240705128205128,0.0,0.0,0.0,0.0,0.0,0.0,0.0,0.0,29.69231481481481,0.0,0.0,1.0,0.0,0.0,0.0,0.0,0.0,0.0,4,1.0,0.0,5.0,4.0,1.0,0.0,1.0,0.0,0.0,0.004004004004004004,0.002930611931333127,6,0.6999999999999998,585,4,2.8,4,56,0.012499999999999999,0.011607142857142858,4977.3005952380945,128.0
A000030,3.0,13210.0,4403.333333333333,2.0,1.0,1.0,2.0,2.0,1.0,0.0,0.3333333333333333,0.145155510051517,0.0,0.0,0.0,0.0,0.0,0.0,0.0,0.0,37.37871527777778,0.0,0.0,1.0,0.0,0.0,0.0,0.0,0.0,0.0,1,2.0,2.0,5.0,4.0,6.0,5.0,3.5,5.0,0.0,0.016016016016016016,0.016878086532749893,29,0.22303484599829773,585,16,14.8,8,41,0.010975609756097562,0.00975609756097561,4760.349593495936,81.0
A000031,0.0,0.0,0.0,0.0,0.0,0.0,0.0,0.0,0.0,0.0,0.0,0.0,0.0,0.0,0.0,0.0,0.0,0.0,0.0,0.0,26.661828703703705,0.0,0.0,0.0,0.0,0.0,0.0,0.0,0.0,0.0,3,0.0,0.0,0.0,0.0,0.0,0.0,0.0,0.0,0.0,0.0,4.269414257282076e-51,0,0.0,1,0,0.0,26,1,0.0,0.0,0.0,0.0
A000032,3.0,8510.0,2836.6666666666665,2.0,1.0,1.0,1.0,3.0,0.0,0.0,0.0,0.0499578686493184,0.0,0.0,0.0,0.0,0.0,0.0,0.0,0.0,43.05282407407408,0.0,1.0,2.0,0.0,0.0,0.0,0.0,0.0,0.0,2,3.0,4.0,13.0,12.0,11.0,10.0,2.0,1.0,0.0,0.026026026026026026,0.048905751839462636,119,0.3064629899046376,585,26,22.7,7,41,0.054878048780487805,0.04959349593495935,4002.6355013550137,103.0
A000033,1.0,8320.0,8320.0,1.0,1.0,1.0,1.0,1.0,0.0,0.0,0.0,0.0,0.0,0.0,0.0,0.0,0.0,0.0,0.0,0.0,30.20762731481481,0.0,0.0,1.0,0.0,0.0,0.0,0.0,0.0,0.0,0,1.0,0.0,4.0,3.0,2.0,1.0,1.0,0.0,0.0,0.004004004004004004,0.00134570701578599,3,0.3499999999999999,585,4,3.0999999999999996,8,41,0.010975609756097562,0.00975609756097561,4760.349593495936,81.0
A000034,1.0,5100.0,5100.0,1.0,1.0,1.0,1.0,1.0,0.0,0.0,0.0,0.0,0.0,0.0,0.0,0.0,0.0,0.0,0.0,0.0,26.657916666666665,0.0,1.0,1.0,0.0,0.0,0.0,0.0,0.0,0.0,3,1.0,0.0,10.0,9.0,2.0,1.0,1.0,0.0,0.0,0.01001001001001001,0.00673924550062607,36,0.5658915677540348,585,10,7.3,11,25,0.0,0.0,3853.6,51.0
A000035,1.0,2920.0,2920.0,1.0,1.0,1.0,1.0,1.0,0.0,0.0,0.0,0.0,0.0,0.0,0.0,0.0,0.0,0.0,0.0,0.0,49.78650462962963,0.0,0.0,0.0,0.0,0.0,0.0,0.0,0.0,0.0,3,11.0,10.0,18.0,17.0,10.0,9.0,16.0,15.0,0.0,0.03303303303303303,0.1765686128546555,294,0.4919979821677662,585,33,29.4,5,51,0.01633986928104575,0.014705882352941176,3327.3856209150326,115.0
A000036,2.0,11240.0,5620.0,1.0,1.0,1.0,1.0,2.0,0.0,0.0,0.0,0.0630790472843538,0.0,0.0,0.0,0.0,0.0,0.0,0.0,0.0,36.32454861111111,0.0,0.0,2.0,0.0,0.0,0.0,0.0,0.0,0.0,1,8.0,7.0,4.0,3.0,3.0,2.0,3.0,2.0,0.0,0.014014014014014014,0.008657815691680518,26,0.2758241758241758,585,14,13.1,11,25,0.0,0.0,3853.6,51.0
A000037,0.0,0.0,0.0,0.0,0.0,0.0,0.0,0.0,0.0,0.0,0.0,0.0,0.0,0.0,0.0,0.0,0.0,0.0,0.0,0.0,29.550196759259254,0.0,0.0,0.0,0.0,0.0,0.0,0.0,0.0,0.0,4,0.0,0.0,0.0,0.0,0.0,0.0,0.0,0.0,0.0,0.0,4.269414257282076e-51,0,0.0,1,0,0.0,27,1,0.0,0.0,0.0,0.0
A000038,0.0,0.0,0.0,0.0,0.0,0.0,0.0,0.0,0.0,0.0,0.0,0.0,0.0,0.0,0.0,0.0,0.0,0.0,0.0,0.0,35.337418981481484,0.0,0.0,0.0,0.0,0.0,0.0,0.0,0.0,0.0,1,0.0,0.0,0.0,0.0,0.0,0.0,0.0,0.0,0.0,0.0,4.269414257282076e-51,0,0.0,1,0,0.0,28,1,0.0,0.0,0.0,0.0
A000039,0.0,0.0,0.0,0.0,0.0,0.0,0.0,0.0,0.0,0.0,0.0,0.0,0.0,0.0,0.0,0.0,0.0,0.0,0.0,0.0,33.50650462962963,0.0,0.0,0.0,0.0,0.0,0.0,0.0,0.0,0.0,4,0.0,0.0,0.0,0.0,0.0,0.0,0.0,0.0,0.0,0.0,4.269414257282076e-51,0,0.0,1,0,0.0,29,1,0.0,0.0,0.0,0.0
A000040,1.0,920.0,920.0,1.0,1.0,1.0,1.0,1.0,0.0,0.0,0.0,0.0504782608695652,0.0,0.0,0.0,0.0,0.0,0.0,0.0,0.0,37.2512037037037,0.0,0.0,1.0,0.0,0.0,0.0,0.0,0.0,0.0,3,2.0,1.0,5.0,4.0,6.0,5.0,4.0,3.0,0.0,0.013013013013013013,0.011128512222454909,21,0.24327958978827177,585,13,11.8,1,68,0.014705882352941176,0.014705882352941176,4302.5082866479925,152.0
A000041,2.0,8710.0,4355.0,1.0,1.0,1.0,2.0,1.0,0.0,1.0,0.0,0.0,0.0,0.0,0.0,0.0,0.0,0.0,0.0,0.0,30.61630787037037,0.0,1.0,2.0,0.0,0.0,0.0,0.0,0.0,0.0,9,3.0,2.0,5.0,4.0,2.0,1.0,3.0,4.0,1.0,0.011011011011011011,0.004864383304735968,11,0.1668414094191477,585,11,9.8,8,41,0.010975609756097562,0.00975609756097561,4760.349593495936,81.0
A000042,5.0,20980.0,4196.0,1.0,2.0,1.0,1.0,5.0,0.0,0.0,0.0,0.013568789363191,0.0,0.0,0.0,0.0,0.0,0.0,0.0,0.0,47.70327546296296,0.0,1.0,2.0,0.0,0.0,0.0,0.0,0.0,0.0,1,6.0,5.0,7.5,13.0,8.0,7.0,4.0,3.0,2.0,0.028028028028028028,0.05262356028747509,93,0.20606493269679146,585,28,24.099999999999998,3,57,0.023391812865497075,0.021929824561403508,3958.1345029239765,119.0
A000043,2.0,6650.0,3325.0,1.0,2.0,1.0,1.0,2.0,0.0,0.0,0.0,0.0438568019093078,0.0,0.0,0.0,0.0,0.0,0.0,0.0,0.0,27.815034722222222,0.0,1.0,2.0,0.0,0.0,0.0,0.0,0.0,0.0,2,3.0,2.0,1.5,1.0,1.0,0.0,2.0,1.0,0.0,0.004004004004004004,0.0006518773677655443,1,0.16666666666666666,585,4,3.7,2,60,0.025,0.025,3793.313888888889,125.0
A000044,1.0,1690.0,1690.0,1.0,1.0,1.0,1.0,1.0,0.0,0.0,0.0,0.0,0.0,0.0,0.0,0.0,0.0,0.0,0.0,0.0,47.373576388888885,0.0,0.0,0.0,0.0,0.0,0.0,0.0,0.0,0.0,4,3.0,2.0,10.0,9.0,1.0,0.0,2.0,1.0,0.0,0.012012012012012012,0.007960505550449706,37,0.40098667498381163,585,12,9.299999999999999,11,25,0.0,0.0,3853.6,51.0
A000045,3.0,4680.0,1560.0,1.0,2.0,1.0,1.0,2.0,1.0,0.0,0.3333333333333333,0.1321572327044025,0.0,0.0,0.0,0.0,0.0,0.0,0.0,0.0,33.782986111111114,0.0,1.0,3.0,0.0,0.0,0.0,0.0,0.0,0.0,3,6.0,5.0,3.0,4.0,3.0,2.0,4.0,3.0,0.0,0.014014014014014014,0.010935034761539132,17,0.1778942144649508,585,14,12.8,3,57,0.023391812865497075,0.021929824561403508,3958.1345029239765,119.0
A000046,0.0,0.0,0.0,0.0,0.0,0.0,0.0,0.0,0.0,0.0,0.0,0.0,0.0,0.0,0.0,0.0,0.0,0.0,0.0,0.0,39.92252314814815,0.0,0.0,0.0,0.0,0.0,0.0,0.0,0.0,0.0,1,0.0,0.0,0.0,0.0,0.0,0.0,0.0,0.0,0.0,0.0,4.269414257282076e-51,0,0.0,1,0,0.0,30,1,0.0,0.0,0.0,0.0
A000047,2.0,3040.0,1520.0,2.0,2.0,1.0,2.0,2.0,0.0,0.0,0.0,0.0,0.0,0.0,0.0,0.0,0.0,0.0,0.0,0.0,37.33519675925926,0.0,0.0,1.0,0.0,0.0,0.0,0.0,0.0,0.0,3,4.0,6.0,6.0,10.0,2.0,1.0,1.5,1.0,0.0,0.018018018018018018,0.006012521975679761,41,0.21022340862611585,585,18,15.0,6,42,0.023809523809523808,0.023809523809523808,3971.0997732426304,78.0
A000048,0.0,0.0,0.0,0.0,0.0,0.0,0.0,0.0,0.0,0.0,0.0,0.0,0.0,0.0,0.0,0.0,0.0,0.0,0.0,0.0,21.21269675925926,0.0,0.0,0.0,0.0,0.0,0.0,0.0,0.0,0.0,3,0.0,0.0,0.0,0.0,0.0,0.0,0.0,0.0,0.0,0.0,4.269414257282076e-51,0,0.0,1,0,0.0,31,1,0.0,0.0,0.0,0.0
A000049,4.0,20890.0,5222.5,2.0,2.0,1.0,2.0,1.0,0.0,3.0,0.0,0.0210342960288808,0.0,0.0,0.0,0.0,0.0,0.0,0.0,0.0,25.25130787037037,0.0,2.0,4.0,0.0,0.0,0.0,0.0,0.0,0.0,6,3.0,4.0,1.0,0.0,1.0,0.0,1.5,1.0,1.0,0.005005005005005005,0.002197767787870963,3,0.3,585,5,5.0,2,60,0.025,0.025,3793.313888888889,125.0
A000050,1.0,2240.0,2240.0,1.0,1.0,1.0,1.0,1.0,0.0,0.0,0.0,0.0540267857142857,0.0,0.0,0.0,0.0,0.0,0.0,0.0,0.0,25.18554398148148,0.0,1.0,1.0,0.0,0.0,0.0,0.0,0.0,0.0,2,1.0,0.0,5.0,4.0,3.0,2.0,1.0,0.0,0.0,0.006006006006006006,0.00445000704615274,7,0.3466666666666666,585,6,4.8,4,56,0.012499999999999999,0.011607142857142858,4977.3005952380945,128.0
A000051,2.0,18550.0,9275.0,2.0,2.0,1.0,1.0,2.0,0.0,0.0,0.0,0.0,0.0,0.0,0.0,0.0,0.0,0.0,0.0,0.0,41.83987268518519,0.0,0.0,2.0,0.0,0.0,0.0,0.0,0.0,0.0,5,2.5,3.0,7.0,12.0,5.0,4.0,4.0,3.0,0.0,0.022022022022022022,0.01259401163361522,44,0.1467029156550239,585,22,18.4,6,42,0.023809523809523808,0.023809523809523808,3971.0997732426304,78.0
A000052,3.0,22470.0,7490.0,1.0,2.0,1.0,2.0,3.0,0.0,0.0,0.0,0.0370076857386848,0.0,0.0,0.0,0.0,0.0,0.0,0.0,0.0,46.337858796296295,0.0,0.0,2.0,0.0,0.0,0.0,0.0,0.0,0.0,2,3.0,2.0,17.5,32.0,5.0,4.0,4.5,7.0,0.0,0.04204204204204204,0.1094396931530555,297,0.25480218444315794,585,42,33.0,5,51,0.01633986928104575,0.014705882352941176,3327.3856209150326,115.0
A000053,2.0,1540.0,770.0,2.0,1.0,1.0,1.0,2.0,0.0,0.0,0.0,0.0333813559322033,0.0,0.0,0.0,0.0,0.0,0.0,0.0,0.0,33.84606481481482,0.0,1.0,2.0,0.0,0.0,0.0,0.0,0.0,0.0,2,3.0,4.0,1.0,0.0,3.0,2.0,2.0,1.0,0.0,0.007007007007007007,0.0033937731365447513,4,0.19047619047619047,585,7,7.0,8,41,0.010975609756097562,0.00975609756097561,4760.349593495936,81.0
A000054,2.0,5230.0,2615.0,1.0,1.0,1.0,1.0,2.0,0.0,0.0,0.0,0.1322130498533724,0.0,0.0,0.0,0.0,0.0,0.0,0.0,0.0,38.13359953703704,0.0,0.0,0.0,0.0,0.0,0.0,0.0,0.0,0.0,7,1.0,0.0,5.0,4.0,3.0,2.0,4.0,3.0,0.0,0.009009009009009009,0.011616149869334264,10,0.22777777777777775,585,9,7.8,1,68,0.014705882352941176,0.014705882352941176,4302.5082866479925,152.0
A000055,6.0,6160.0,1026.6666666666667,2.0,1.0,1.0,1.0,5.0,0.0,1.0,0.0,0.0325929951690821,0.0,0.0,0.0,0.0,0.0,0.0,0.0,0.0,38.21478009259259,1.0,1.0,5.0,0.0,0.0,0.0,0.0,1.0,0.0,0,4.5,7.0,7.0,6.0,2.0,1.0,2.0,1.0,1.0,0.015015015015015015,0.00818622288303025,24,0.1857142857142857,585,15,13.2,4,56,0.012499999999999999,0.011607142857142858,4977.3005952380945,128.0
A000056,1.0,3520.0,3520.0,1.0,1.0,1.0,1.0,1.0,0.0,0.0,0.0,0.0,0.0,0.0,0.0,0.0,0.0,0.0,0.0,0.0,40.30555555555556,0.0,0.0,1.0,0.0,0.0,0.0,0.0,0.0,0.0,2,2.0,1.0,3.0,2.0,1.0,0.0,4.0,3.0,0.0,0.006006006006006006,0.0013447433851304336,4,0.24666666666666667,585,6,5.4,1,68,0.014705882352941176,0.014705882352941176,4302.5082866479925,152.0
A000057,1.0,14790.0,14790.0,1.0,1.0,1.0,1.0,1.0,0.0,0.0,0.0,0.0,0.0,0.0,0.0,0.0,0.0,0.0,0.0,0.0,49.34135416666667,0.0,0.0,1.0,0.0,0.0,0.0,0.0,0.0,0.0,3,6.0,5.0,15.0,14.0,5.0,4.0,8.0,7.0,1.0,0.026026026026026026,0.07172395041725403,134,0.34240717239470786,585,26,22.7,10,37,0.009009009009009009,0.009009009009009009,4372.995495495496,80.0
A000058,3.0,19560.0,6520.0,1.0,1.0,1.0,1.0,3.0,0.0,0.0,0.0,0.0,0.0,0.0,0.0,0.0,0.0,0.0,0.0,0.0,29.793645833333333,0.0,2.0,3.0,0.0,0.0,0.0,0.0,0.0,0.0,3,2.0,1.0,4.0,3.0,1.0,0.0,3.0,2.0,0.0,0.006006006006006006,0.000985038552546966,4,0.20666666666666664,585,6,5.1,0,68,0.02818627450980392,0.02622549019607843,2868.4758403361343,162.0
A000059,1.0,1030.0,1030.0,1.0,1.0,1.0,1.0,1.0,0.0,0.0,0.0,0.0,0.0,0.0,0.0,0.0,0.0,0.0,0.0,0.0,36.605555555555554,0.0,0.0,1.0,0.0,0.0,0.0,0.0,0.0,0.0,4,8.0,7.0,8.0,7.0,4.0,3.0,1.0,0.0,1.0,0.017017017017017015,0.01182874253025409,47,0.296802356977438,585,17,14.9,2,60,0.025,0.025,3793.313888888889,125.0
A000060,2.0,6710.0,3355.0,1.0,1.0,1.0,2.0,1.0,1.0,0.0,0.0,0.0335174825174825,0.0,0.0,0.0,0.0,0.0,0.0,0.0,0.0,22.79650462962963,0.0,0.0,2.0,0.0,0.0,0.0,0.0,0.0,0.0,6,1.0,0.0,2.0,1.0,1.0,0.0,1.5,1.0,0.0,0.002002002002002002,0.0005583694940575175,0,0.0,585,2,1.7,11,25,0.0,0.0,3853.6,51.0
A000061,1.0,3310.0,3310.0,1.0,1.0,1.0,1.0,1.0,0.0,0.0,0.0,0.0,0.0,0.0,0.0,0.0,0.0,0.0,0.0,0.0,45.58295138888889,0.0,0.0,1.0,0.0,0.0,0.0,0.0,0.0,0.0,5,3.0,2.0,9.0,8.0,11.0,10.0,4.0,3.0,0.0,0.023023023023023025,0.034236671920216524,78,0.275448116665259,585,23,20.6,7,41,0.054878048780487805,0.04959349593495935,4002.6355013550137,103.0
A000062,1.0,660.0,660.0,1.0,1.0,1.0,1.0,1.0,0.0,0.0,0.0,0.1097424242424242,0.0,0.0,0.0,0.0,0.0,0.0,0.0,0.0,45.17979166666667,0.0,0.0,1.0,0.0,0.0,0.0,0.0,0.0,0.0,1,6.0,5.0,9.0,8.0,5.0,4.0,4.0,3.0,0.0,0.02002002002002002,0.01819706540980087,49,0.2129693764199775,585,20,17.6,0,68,0.02818627450980392,0.02622549019607843,2868.4758403361343,162.0
A000063,2.0,2610.0,1305.0,2.0,1.0,1.0,2.0,2.0,0.0,0.0,0.0,0.0,0.0,0.0,0.0,0.0,0.0,0.0,0.0,0.0,38.950381944444445,0.0,1.0,2.0,0.0,0.0,0.0,0.0,0.0,0.0,3,1.0,0.0,4.0,3.0,1.0,0.0,2.5,3.0,0.0,0.006006006006006006,0.002906324310644341,4,0.20666666666666664,585,6,5.1,0,68,0.02818627450980392,0.02622549019607843,2868.4758403361343,162.0
A000064,4.0,11130.0,2782.5,1.0,2.0,1.0,2.0,3.0,1.0,0.0,0.0,0.0,1.0,72.0,1.0,3870.0,0.0,0.3333333333333333,0.25,0.0,32.39130787037037,0.0,1.0,4.0,0.0,0.0,1.0,0.25,0.0,0.0,1,2.0,1.0,4.0,6.0,2.0,1.0,2.5,3.0,0.0,0.011011011011011011,0.003991673169349424,7,0.09454545454545454,585,11,9.2,3,57,0.023391812865497075,0.021929824561403508,3958.1345029239765,119.0
A000065,0.0,0.0,0.0,0.0,0.0,0.0,0.0,0.0,0.0,0.0,0.0,0.0,0.0,0.0,0.0,0.0,0.0,0.0,0.0,0.0,39.50743055555556,0.0,0.0,0.0,0.0,0.0,0.0,0.0,0.0,0.0,4,0.0,0.0,0.0,0.0,0.0,0.0,0.0,0.0,0.0,0.0,4.269414257282076e-51,0,0.0,1,0,0.0,32,1,0.0,0.0,0.0,0.0
A000066,1.0,3760.0,3760.0,1.0,1.0,1.0,1.0,0.0,0.0,1.0,0.0,0.0545106382978723,0.0,0.0,0.0,0.0,0.0,0.0,0.0,0.0,40.17063657407408,0.0,0.0,0.0,0.0,0.0,0.0,0.0,0.0,0.0,3,6.0,5.0,4.0,3.0,2.0,1.0,2.0,1.0,1.0,0.01001001001001001,0.007106035912360663,14,0.2886200889276133,585,10,9.1,3,57,0.023391812865497075,0.021929824561403508,3958.1345029239765,119.0
A000067,0.0,0.0,0.0,0.0,0.0,0.0,0.0,0.0,0.0,0.0,0.0,0.0,0.0,0.0,0.0,0.0,0.0,0.0,0.0,0.0,22.10496527777778,0.0,0.0,0.0,0.0,0.0,0.0,0.0,0.0,0.0,9,0.0,0.0,0.0,0.0,0.0,0.0,0.0,0.0,0.0,0.0,4.269414257282076e-51,0,0.0,1,0,0.0,33,1,0.0,0.0,0.0,0.0
A000068,3.0,5630.0,1876.6666666666667,1.0,2.0,1.0,2.0,3.0,0.0,0.0,0.0,0.0,0.0,0.0,0.0,0.0,0.0,0.0,0.0,0.0,36.73489583333333,0.0,0.0,3.0,0.0,0.0,0.0,0.0,0.0,0.0,5,2.0,1.0,8.5,15.0,1.0,0.0,3.0,4.0,1.0,0.02002002002002002,0.015169650886573549,56,0.21408567114764804,585,20,15.5,0,68,0.02818627450980392,0.02622549019607843,2868.4758403361343,162.0
A000069,0.0,0.0,0.0,0.0,0.0,0.0,0.0,0.0,0.0,0.0,0.0,0.0,0.0,0.0,0.0,0.0,0.0,0.0,0.0,0.0,42.28976851851852,0.0,0.0,0.0,0.0,0.0,0.0,0.0,0.0,0.0,3,0.0,0.0,0.0,0.0,0.0,0.0,0.0,0.0,0.0,0.0,4.269414257282076e-51,0,0.0,1,0,0.0,34,1,0.0,0.0,0.0,0.0
A000070,2.0,10640.0,5320.0,1.0,1.0,1.0,2.0,2.0,0.0,0.0,0.0,0.0,0.0,0.0,0.0,0.0,0.0,0.0,0.0,0.0,42.426944444444445,0.0,0.0,1.0,0.0,0.0,0.0,0.0,0.0,0.0,2,6.0,5.0,11.0,10.0,2.0,1.0,4.0,6.0,1.0,0.022022022022022022,0.030170825911115442,68,0.23292255442516233,585,22,19.0,3,57,0.023391812865497075,0.021929824561403508,3958.1345029239765,119.0
A000071,0.0,0.0,0.0,0.0,0.0,0.0,0.0,0.0,0.0,0.0,0.0,0.0,0.0,0.0,0.0,0.0,0.0,0.0,0.0,0.0,29.210185185185185,0.0,0.0,0.0,0.0,0.0,0.0,0.0,0.0,0.0,2,0.0,0.0,0.0,0.0,0.0,0.0,0.0,0.0,0.0,0.0,4.269414257282076e-51,0,0.0,1,0,0.0,35,1,0.0,0.0,0.0,0.0
A000072,1.0,1950.0,1950.0,1.0,1.0,1.0,1.0,1.0,0.0,0.0,1.0,0.2938,0.0,0.0,0.0,0.0,0.0,0.0,0.0,0.0,47.7016550925926,0.0,0.0,0.0,0.0,0.0,0.0,0.0,0.0,0.0,1,4.0,3.0,4.0,3.0,5.0,4.0,8.0,7.0,1.0,0.016016016016016016,0.05020857014207442,38,0.30729840002904335,585,16,15.1,10,37,0.009009009009009009,0.009009009009009009,4372.995495495496,80.0
A000073,2.0,10070.0,5035.0,1.0,1.0,1.0,1.0,2.0,0.0,0.0,0.0,0.0435452127659574,1.0,48.0,1.0,4430.0,0.0,0.5,0.5,0.0,47.204664351851854,0.0,0.0,2.0,0.0,0.0,1.0,0.5,0.0,0.0,2,4.0,3.0,7.0,6.0,11.0,10.0,3.0,2.0,0.0,0.02102102102102102,0.03923023677693178,70,0.30775410971234024,585,21,19.2,7,41,0.054878048780487805,0.04959349593495935,4002.6355013550137,103.0
A000074,3.0,4620.0,1540.0,1.0,1.0,1.0,1.0,2.0,0.0,1.0,0.0,0.0,0.0,0.0,0.0,0.0,0.0,0.0,0.0,0.0,29.58306712962963,1.0,1.0,3.0,0.0,0.0,0.0,0.0,1.0,0.0,3,1.0,0.0,2.0,1.0,2.0,1.0,5.0,4.0,0.0,0.006006006006006006,0.006960528254912781,6,0.4,585,6,5.7,8,41,0.010975609756097562,0.00975609756097561,4760.349593495936,81.0
A000075,0.0,0.0,0.0,0.0,0.0,0.0,0.0,0.0,0.0,0.0,0.0,0.0,0.0,0.0,0.0,0.0,0.0,0.0,0.0,0.0,44.13146990740741,0.0,0.0,0.0,0.0,0.0,0.0,0.0,0.0,0.0,5,0.0,0.0,0.0,0.0,0.0,0.0,0.0,0.0,0.0,0.0,4.269414257282076e-51,0,0.0,1,0,0.0,36,1,0.0,0.0,0.0,0.0
A000076,1.0,1570.0,1570.0,1.0,1.0,1.0,1.0,0.0,0.0,1.0,0.0,0.0,0.0,0.0,0.0,0.0,0.0,0.0,0.0,0.0,34.1396875,0.0,1.0,1.0,0.0,0.0,0.0,0.0,0.0,0.0,3,2.0,1.0,11.0,10.0,3.0,2.0,2.0,1.0,0.0,0.013013013013013013,0.007732968444556992,46,0.4279966046551954,585,13,10.299999999999999,9,39,0.0,0.0,3567.67094017094,77.0
A000077,2.0,5210.0,2605.0,1.0,2.0,1.0,2.0,2.0,0.0,0.0,0.0,0.0,0.0,0.0,0.0,0.0,0.0,0.0,0.0,0.0,44.873587962962965,0.0,0.0,2.0,0.0,0.0,0.0,0.0,0.0,0.0,3,8.0,7.0,7.5,13.0,9.0,8.0,4.0,6.0,3.0,0.03303303303303303,0.019357415866241973,106,0.17715028630696145,585,33,29.4,11,25,0.0,0.0,3853.6,51.0
A000078,0.0,0.0,0.0,0.0,0.0,0.0,0.0,0.0,0.0,0.0,0.0,0.0,0.0,0.0,0.0,0.0,0.0,0.0,0.0,0.0,35.709895833333334,0.0,0.0,0.0,0.0,0.0,0.0,0.0,0.0,0.0,2,0.0,0.0,0.0,0.0,0.0,0.0,0.0,0.0,0.0,0.0,4.269414257282076e-51,0,0.0,1,0,0.0,37,1,0.0,0.0,0.0,0.0
A000079,4.0,15780.0,3945.0,2.0,2.0,1.0,2.0,3.0,0.0,1.0,0.0,0.0,0.0,0.0,0.0,0.0,0.0,0.0,0.0,0.0,29.135567129629628,0.0,0.0,4.0,0.0,0.0,0.0,0.0,0.0,0.0,2,3.5,5.0,6.0,10.0,2.0,1.0,2.0,2.0,1.0,0.018018018018018018,0.008433033484762101,28,0.1403647581927137,585,18,15.0,0,68,0.02818627450980392,0.02622549019607843,2868.4758403361343,162.0
A000080,2.0,5110.0,2555.0,1.0,1.0,1.0,1.0,2.0,0.0,0.0,0.0,0.0,0.0,0.0,0.0,0.0,0.0,0.0,0.0,0.0,45.93349537037037,0.0,0.0,1.0,0.0,0.0,0.0,0.0,0.0,0.0,3,4.0,3.0,5.0,4.0,4.0,3.0,4.0,3.0,0.0,0.013013013013013013,0.012251404451885148,17,0.19072150664170673,585,13,11.8,8,41,0.010975609756097562,0.00975609756097561,4760.349593495936,81.0
A000081,2.0,4500.0,2250.0,2.0,1.0,1.0,1.0,2.0,0.0,0.0,0.0,0.0,0.0,0.0,0.0,0.0,0.0,0.0,0.0,0.0,33.06115740740741,0.0,0.0,2.0,0.0,0.0,0.0,0.0,0.0,0.0,1,4.0,6.0,5.0,4.0,3.0,2.0,4.0,3.0,0.0,0.014014014014014014,0.016089221513385477,17,0.168714555501914,585,14,13.1,1,68,0.014705882352941176,0.014705882352941176,4302.5082866479925,152.0
A000082,1.0,1900.0,1900.0,1.0,1.0,1.0,1.0,1.0,0.0,0.0,0.0,0.1228368421052631,0.0,0.0,0.0,0.0,0.0,0.0,0.0,0.0,28.032847222222223,0.0,1.0,1.0,0.0,0.0,0.0,0.0,0.0,0.0,2,1.0,0.0,3.0,2.0,2.0,1.0,2.0,1.0,0.0,0.004004004004004004,0.0011693628341915882,1,0.11666666666666665,585,4,3.4,6,42,0.023809523809523808,0.023809523809523808,3971.0997732426304,78.0
A000083,0.0,0.0,0.0,0.0,0.0,0.0,0.0,0.0,0.0,0.0,0.0,0.0,0.0,0.0,0.0,0.0,0.0,0.0,0.0,0.0,37.94158564814815,0.0,0.0,0.0,0.0,0.0,0.0,0.0,0.0,0.0,3,0.0,0.0,0.0,0.0,0.0,0.0,0.0,0.0,0.0,0.0,4.269414257282076e-51,0,0.0,1,0,0.0,38,1,0.0,0.0,0.0,0.0
A000084,6.0,22180.0,3696.6666666666665,1.0,2.0,1.0,1.0,6.0,0.0,0.0,0.0,0.0,0.0,0.0,0.0,0.0,0.0,0.0,0.0,0.0,44.54146990740741,0.0,0.0,3.0,0.0,0.0,0.0,0.0,0.0,0.0,2,9.0,8.0,5.5,9.0,4.0,3.0,3.0,2.0,2.0,0.022022022022022022,0.04830477500762598,59,0.22772774923035713,585,22,19.3,0,68,0.02818627450980392,0.02622549019607843,2868.4758403361343,162.0
A000085,1.0,600.0,600.0,1.0,1.0,1.0,1.0,1.0,0.0,0.0,0.0,0.0,0.0,0.0,0.0,0.0,0.0,0.0,0.0,0.0,40.43402777777778,0.0,0.0,1.0,0.0,0.0,0.0,0.0,0.0,0.0,3,6.0,5.0,10.0,9.0,4.0,3.0,4.0,3.0,0.0,0.02002002002002002,0.015160227645203703,53,0.22145656332958447,585,20,17.3,0,68,0.02818627450980392,0.02622549019607843,2868.4758403361343,162.0
A000086,2.0,9940.0,4970.0,1.0,2.0,1.0,1.0,2.0,0.0,0.0,0.5,0.1490157414606334,0.0,0.0,0.0,0.0,0.0,0.0,0.0,0.0,44.91962962962963,0.0,0.0,0.0,0.0,0.0,0.0,0.0,0.0,0.0,0,3.0,2.0,12.0,21.0,3.0,2.0,8.0,7.0,0.0,0.031031031031031032,0.05134951450721102,142,0.23347338226531367,585,31,25.0,3,57,0.023391812865497075,0.021929824561403508,3958.1345029239765,119.0
A000087,3.0,17540.0,5846.666666666667,2.0,2.0,1.0,1.0,3.0,0.0,0.0,0.0,0.0,0.0,0.0,0.0,0.0,0.0,0.0,0.0,0.0,32.958310185185184,0.0,0.0,3.0,0.0,0.0,0.0,0.0,0.0,0.0,4,1.5,1.0,3.0,4.0,1.0,0.0,3.0,2.0,0.0,0.007007007007007007,0.001738684799870613,4,0.15656685722583813,585,7,5.8,3,57,0.023391812865497075,0.021929824561403508,3958.1345029239765,119.0
A000088,1.0,1020.0,1020.0,1.0,1.0,1.0,1.0,1.0,0.0,0.0,0.0,0.0,0.0,0.0,0.0,0.0,0.0,0.0,0.0,0.0,21.299166666666668,0.0,0.0,1.0,0.0,0.0,0.0,0.0,0.0,0.0,5,2.0,1.0,1.0,0.0,2.0,1.0,1.0,0.0,0.0,0.002002002002002002,0.0002656568147398548,0,0.0,585,2,2.0,0,68,0.02818627450980392,0.02622549019607843,2868.4758403361343,162.0
A000089,4.0,10590.0,2647.5,1.0,2.0,1.0,2.0,4.0,0.0,0.0,0.0,0.0250048309178743,0.0,0.0,0.0,0.0,0.0,0.0,0.0,0.0,33.14922453703704,0.0,0.0,3.0,0.0,0.0,0.0,0.0,0.0,0.0,1,1.0,0.0,4.5,7.0,1.0,0.0,1.5,1.0,0.0,0.008008008008008008,0.0012602177227045211,11,0.275,585,8,5.8999999999999995,11,25,0.0,0.0,3853.6,51.0
A000090,4.0,16060.0,4015.0,2.0,1.0,1.0,2.0,4.0,0.0,0.0,0.0,0.0324613924050632,0.0,0.0,0.0,0.0,0.0,0.0,0.0,0.0,41.45216435185185,0.0,0.0,2.0,0.0,0.0,0.0,0.0,0.0,0.0,3,4.0,6.0,5.0,4.0,3.0,2.0,2.5,3.0,1.0,0.015015015015015015,0.009210409720230513,20,0.17119817146176383,585,15,13.8,3,57,0.023391812865497075,0.021929824561403508,3958.1345029239765,119.0
A000091,0.0,0.0,0.0,0.0,0.0,0.0,0.0,0.0,0.0,0.0,0.0,0.0,0.0,0.0,0.0,0.0,0.0,0.0,0.0,0.0,49.33869212962963,0.0,0.0,0.0,0.0,0.0,0.0,0.0,0.0,0.0,3,0.0,0.0,0.0,0.0,0.0,0.0,0.0,0.0,0.0,0.0,4.269414257282076e-51,0,0.0,1,0,0.0,39,1,0.0,0.0,0.0,0.0
A000092,0.0,0.0,0.0,0.0,0.0,0.0,0.0,0.0,0.0,0.0,0.0,0.0,0.0,0.0,0.0,0.0,0.0,0.0,0.0,0.0,36.45387731481482,0.0,0.0,0.0,0.0,0.0,0.0,0.0,0.0,0.0,3,0.0,0.0,0.0,0.0,0.0,0.0,0.0,0.0,0.0,0.0,4.269414257282076e-51,0,0.0,1,0,0.0,40,1,0.0,0.0,0.0,0.0
A000093,2.0,7440.0,3720.0,1.0,2.0,1.0,2.0,2.0,0.0,0.0,0.0,0.0,0.0,0.0,0.0,0.0,0.0,0.0,0.0,0.0,27.300671296296297,0.0,1.0,2.0,0.0,0.0,0.0,0.0,0.0,0.0,2,2.0,1.0,5.0,8.0,2.0,1.0,3.0,4.0,0.0,0.013013013013013013,0.008510560092361426,20,0.2106380972217336,585,13,10.9,4,56,0.012499999999999999,0.011607142857142858,4977.3005952380945,128.0
A000094,3.0,8990.0,2996.6666666666665,1.0,2.0,1.0,1.0,1.0,1.0,1.0,0.0,0.0641264576587959,0.0,0.0,0.0,0.0,0.0,0.0,0.0,0.0,30.53739583333333,0.0,0.0,3.0,0.0,0.0,0.0,0.0,0.0,0.0,10,2.0,1.0,4.0,6.0,2.0,1.0,5.0,4.0,0.0,0.012012012012012012,0.00471740724799849,16,0.19696969696969693,585,12,10.2,2,60,0.025,0.025,3793.313888888889,125.0
A000095,3.0,5510.0,1836.6666666666667,2.0,2.0,1.0,2.0,2.0,0.0,1.0,0.0,0.0411035781544256,0.0,0.0,0.0,0.0,0.0,0.0,0.0,0.0,35.769502314814815,0.0,1.0,3.0,0.0,0.0,0.0,0.0,0.0,0.0,3,2.5,3.0,4.5,7.0,3.0,2.0,3.5,5.0,1.0,0.016016016016016016,0.012945239202007209,26,0.18098062987531519,585,16,14.2,7,41,0.054878048780487805,0.04959349593495935,4002.6355013550137,103.0
A000096,2.0,12170.0,6085.0,1.0,2.0,1.0,1.0,2.0,0.0,0.0,0.0,0.0,0.0,0.0,0.0,0.0,0.0,0.0,0.0,0.0,34.274907407407404,0.0,1.0,2.0,0.0,0.0,0.0,0.0,0.0,0.0,0,4.0,3.0,2.5,3.0,1.0,0.0,3.0,2.0,0.0,0.008008008008008008,0.006425372419131806,5,0.16785714285714287,585,8,7.1,8,41,0.010975609756097562,0.00975609756097561,4760.349593495936,81.0
A000097,0.0,0.0,0.0,0.0,0.0,0.0,0.0,0.0,0.0,0.0,0.0,0.0,0.0,0.0,0.0,0.0,0.0,0.0,0.0,0.0,36.26880787037037,0.0,0.0,0.0,0.0,0.0,0.0,0.0,0.0,0.0,4,0.0,0.0,0.0,0.0,0.0,0.0,0.0,0.0,0.0,0.0,4.269414257282076e-51,0,0.0,1,0,0.0,41,1,0.0,0.0,0.0,0.0
A000098,2.0,7160.0,3580.0,1.0,1.0,1.0,1.0,2.0,0.0,0.0,0.0,0.0,1.0,72.0,1.0,2960.0,0.0,0.5,0.5,0.0,34.19487268518518,0.0,2.0,2.0,0.0,1.0,1.0,0.5,0.0,0.0,3,3.0,2.0,3.0,2.0,2.0,1.0,1.0,0.0,0.0,0.005005005005005005,0.0008009247051474047,2,0.16999999999999998,585,5,4.4,2,60,0.025,0.025,3793.313888888889,125.0
A000099,2.0,18470.0,9235.0,1.0,2.0,1.0,2.0,2.0,0.0,0.0,0.5,0.1016230816451811,0.0,0.0,0.0,0.0,0.0,0.0,0.0,0.0,34.90049768518519,0.0,0.0,1.0,0.0,0.0,0.0,0.0,0.0,0.0,3,2.0,1.0,5.5,9.0,2.0,1.0,2.5,3.0,1.0,0.013013013013013013,0.0040797336511646624,23,0.21705437304952752,585,13,10.6,2,60,0.025,0.025,3793.313888888889,125.0
A000100,3.0,9130.0,3043.333333333333,2.0,1.0,1.0,1.0,3.0,0.0,0.0,0.0,0.0,0.0,0.0,0.0,0.0,0.0,0.0,0.0,0.0,39.45333333333333,0.0,1.0,3.0,0.0,0.0,0.0,0.0,0.0,0.0,4,2.5,3.0,2.0,1.0,2.0,1.0,1.0,0.0,0.0,0.005005005005005005,0.002468062142154806,1,0.1,585,5,4.7,7,41,0.054878048780487805,0.04959349593495935,4002.6355013550137,103.0
A000101,5.0,33780.0,6756.0,1.0,2.0,1.0,2.0,4.0,1.0,0.0,0.0,0.0,0.0,0.0,0.0,0.0,0.0,0.0,0.0,0.0,26.037534722222222,0.0,0.0,5.0,0.0,0.0,0.0,0.0,0.0,0.0,7,1.0,0.0,3.5,5.0,4.0,3.0,2.0,2.0,0.0,0.01001001001001001,0.0019067540662140359,9,0.16863052258467834,585,10,8.5,4,56,0.012499999999999999,0.011607142857142858,4977.3005952380945,128.0
A000102,2.0,15720.0,7860.0,1.0,1.0,1.0,1.0,2.0,0.0,0.0,0.0,0.0,0.0,0.0,0.0,0.0,0.0,0.0,0.0,0.0,41.23680555555556,0.0,0.0,2.0,0.0,0.0,0.0,0.0,0.0,0.0,0,3.0,2.0,3.0,2.0,7.0,6.0,2.0,1.0,1.0,0.011011011011011011,0.01268161666688247,17,0.30363636363636365,585,11,10.4,9,39,0.0,0.0,3567.67094017094,77.0
A000103,2.0,5030.0,2515.0,1.0,1.0,1.0,1.0,0.0,0.0,2.0,0.0,0.0,0.0,0.0,0.0,0.0,0.0,0.0,0.0,0.0,33.93295138888889,1.0,1.0,2.0,0.0,0.0,0.0,0.0,1.0,0.0,3,2.0,1.0,9.0,8.0,2.0,1.0,3.0,2.0,0.0,0.012012012012012012,0.008800425911069009,29,0.3134602047925837,585,12,9.6,0,68,0.02818627450980392,0.02622549019607843,2868.4758403361343,162.0
A000104,0.0,0.0,0.0,0.0,0.0,0.0,0.0,0.0,0.0,0.0,0.0,0.0,0.0,0.0,0.0,0.0,0.0,0.0,0.0,0.0,46.552650462962966,0.0,0.0,0.0,0.0,0.0,0.0,0.0,0.0,0.0,3,0.0,0.0,0.0,0.0,0.0,0.0,0.0,0.0,0.0,0.0,4.269414257282076e-51,0,0.0,1,0,0.0,42,1,0.0,0.0,0.0,0.0
A000105,0.0,0.0,0.0,0.0,0.0,0.0,0.0,0.0,0.0,0.0,0.0,0.0,0.0,0.0,0.0,0.0,0.0,0.0,0.0,0.0,41.84422453703704,0.0,0.0,0.0,0.0,0.0,0.0,0.0,0.0,0.0,5,0.0,0.0,0.0,0.0,0.0,0.0,0.0,0.0,0.0,0.0,4.269414257282076e-51,0,0.0,1,0,0.0,43,1,0.0,0.0,0.0,0.0
A000106,1.0,1200.0,1200.0,1.0,1.0,1.0,1.0,1.0,0.0,0.0,0.0,0.0,0.0,0.0,0.0,0.0,0.0,0.0,0.0,0.0,22.775914351851853,0.0,0.0,1.0,0.0,0.0,0.0,0.0,0.0,0.0,4,2.0,1.0,1.0,0.0,2.0,1.0,4.0,3.0,1.0,0.005005005005005005,0.0003313360005081083,3,0.3,585,5,5.0,8,41,0.010975609756097562,0.00975609756097561,4760.349593495936,81.0
A000107,2.0,5910.0,2955.0,1.0,1.0,1.0,2.0,1.0,0.0,1.0,0.0,0.0,0.0,0.0,0.0,0.0,0.0,0.0,0.0,0.0,27.70922453703704,0.0,2.0,2.0,0.0,0.0,0.0,0.0,0.0,0.0,1,2.0,1.0,5.0,4.0,2.0,1.0,2.5,3.0,1.0,0.009009009009009009,0.008093641166453084,9,0.19999999999999998,585,9,7.8,1,68,0.014705882352941176,0.014705882352941176,4302.5082866479925,152.0
A000108,0.0,0.0,0.0,0.0,0.0,0.0,0.0,0.0,0.0,0.0,0.0,0.0,0.0,0.0,0.0,0.0,0.0,0.0,0.0,0.0,21.72048611111111,0.0,0.0,0.0,0.0,0.0,0.0,0.0,0.0,0.0,2,0.0,0.0,0.0,0.0,0.0,0.0,0.0,0.0,0.0,0.0,4.269414257282076e-51,0,0.0,1,0,0.0,44,1,0.0,0.0,0.0,0.0
A000109,1.0,1630.0,1630.0,1.0,1.0,1.0,1.0,1.0,0.0,0.0,0.0,0.0,1.0,96.0,1.0,1630.0,0.0,1.0,1.0,0.0,43.32379629629629,0.0,0.0,0.0,0.0,0.0,1.0,0.0,0.0,0.0,0,3.0,2.0,10.0,9.0,2.0,1.0,5.0,4.0,0.0,0.016016016016016016,0.008421443472470768,43,0.26906977930258774,585,16,13.299999999999999,0,68,0.02818627450980392,0.02622549019607843,2868.4758403361343,162.0
A000110,1.0,1050.0,1050.0,1.0,1.0,1.0,1.0,0.0,1.0,0.0,0.0,0.0,0.0,0.0,0.0,0.0,0.0,0.0,0.0,0.0,34.14270833333333,0.0,0.0,1.0,0.0,0.0,0.0,0.0,0.0,0.0,3,3.0,2.0,5.0,4.0,2.0,1.0,1.0,0.0,0.0,0.007007007007007007,0.005619066630363116,7,0.24761904761904757,585,7,5.8,1,68,0.014705882352941176,0.014705882352941176,4302.5082866479925,152.0
A000111,7.0,13230.0,1890.0,1.0,2.0,1.0,2.0,6.0,0.0,1.0,0.0,0.0213571428571428,0.0,0.0,0.0,0.0,0.0,0.0,0.0,0.0,39.24325231481482,0.0,4.0,7.0,0.0,0.0,0.0,0.0,0.0,0.0,3,4.0,3.0,8.5,15.0,1.0,0.0,3.0,4.0,3.0,0.022022022022022022,0.02688714150682975,79,0.25028890283940247,585,22,17.5,7,41,0.054878048780487805,0.04959349593495935,4002.6355013550137,103.0
A000112,0.0,0.0,0.0,0.0,0.0,0.0,0.0,0.0,0.0,0.0,0.0,0.0,0.0,0.0,0.0,0.0,0.0,0.0,0.0,0.0,22.06685185185185,0.0,0.0,0.0,0.0,0.0,0.0,0.0,0.0,0.0,6,0.0,0.0,0.0,0.0,0.0,0.0,0.0,0.0,0.0,0.0,4.269414257282076e-51,0,0.0,1,0,0.0,45,1,0.0,0.0,0.0,0.0
A000113,2.0,3810.0,1905.0,1.0,1.0,1.0,1.0,2.0,0.0,0.0,0.0,0.0,0.0,0.0,0.0,0.0,0.0,0.0,0.0,0.0,40.80297453703704,0.0,1.0,2.0,0.0,0.0,0.0,0.0,0.0,0.0,8,4.0,3.0,4.0,3.0,1.0,0.0,2.0,1.0,2.0,0.007007007007007007,0.0038021592020616272,6,0.24285714285714288,585,7,6.1,2,60,0.025,0.025,3793.313888888889,125.0
A000114,0.0,0.0,0.0,0.0,0.0,0.0,0.0,0.0,0.0,0.0,0.0,0.0,0.0,0.0,0.0,0.0,0.0,0.0,0.0,0.0,31.96605324074074,0.0,0.0,0.0,0.0,0.0,0.0,0.0,0.0,0.0,2,0.0,0.0,0.0,0.0,0.0,0.0,0.0,0.0,0.0,0.0,4.269414257282076e-51,0,0.0,1,0,0.0,46,1,0.0,0.0,0.0,0.0
A000115,1.0,2170.0,2170.0,1.0,1.0,1.0,1.0,1.0,0.0,0.0,0.0,0.0,0.0,0.0,0.0,0.0,0.0,0.0,0.0,0.0,35.063344907407405,0.0,0.0,1.0,0.0,0.0,0.0,0.0,0.0,0.0,5,3.0,2.0,4.0,3.0,1.0,0.0,3.0,2.0,0.0,0.007007007007007007,0.002562820152168584,5,0.1952380952380952,585,7,6.1,4,56,0.012499999999999999,0.011607142857142858,4977.3005952380945,128.0
A000116,0.0,0.0,0.0,0.0,0.0,0.0,0.0,0.0,0.0,0.0,0.0,0.0,0.0,0.0,0.0,0.0,0.0,0.0,0.0,0.0,44.7596412037037,0.0,0.0,0.0,0.0,0.0,0.0,0.0,0.0,0.0,4,0.0,0.0,0.0,0.0,0.0,0.0,0.0,0.0,0.0,0.0,4.269414257282076e-51,0,0.0,1,0,0.0,47,1,0.0,0.0,0.0,0.0
A000117,0.0,0.0,0.0,0.0,0.0,0.0,0.0,0.0,0.0,0.0,0.0,0.0,0.0,0.0,0.0,0.0,0.0,0.0,0.0,0.0,45.22637731481481,0.0,0.0,0.0,0.0,0.0,0.0,0.0,0.0,0.0,2,0.0,0.0,0.0,0.0,0.0,0.0,0.0,0.0,0.0,0.0,4.269414257282076e-51,0,0.0,1,0,0.0,48,1,0.0,0.0,0.0,0.0
A000118,1.0,3140.0,3140.0,1.0,1.0,1.0,1.0,0.0,0.0,1.0,0.0,0.0,0.0,0.0,0.0,0.0,0.0,0.0,0.0,0.0,21.888171296296296,0.0,1.0,1.0,0.0,0.0,0.0,0.0,0.0,0.0,4,1.0,0.0,4.0,3.0,11.0,10.0,2.0,1.0,0.0,0.014014014014014014,0.026522486100664794,49,0.5273396044147538,585,14,13.1,7,41,0.054878048780487805,0.04959349593495935,4002.6355013550137,103.0
A000119,1.0,7300.0,7300.0,1.0,1.0,1.0,1.0,1.0,0.0,0.0,0.0,0.0,0.0,0.0,0.0,0.0,0.0,0.0,0.0,0.0,21.22109953703704,0.0,0.0,1.0,0.0,0.0,0.0,0.0,0.0,0.0,3,1.0,0.0,6.0,5.0,1.0,0.0,3.0,2.0,0.0,0.007007007007007007,0.007956667270016484,11,0.38516064363383445,585,7,5.5,11,25,0.0,0.0,3853.6,51.0
A000120,2.0,4120.0,2060.0,1.0,1.0,1.0,1.0,2.0,0.0,0.0,0.0,0.0,0.0,0.0,0.0,0.0,0.0,0.0,0.0,0.0,25.476354166666667,0.0,0.0,2.0,0.0,0.0,0.0,0.0,0.0,0.0,4,1.0,0.0,2.0,1.0,3.0,2.0,1.0,0.0,0.0,0.003003003003003003,0.001506574567497184,1,0.3333333333333333,585,3,2.7,2,60,0.025,0.025,3793.313888888889,125.0
A000121,1.0,2250.0,2250.0,1.0,1.0,1.0,1.0,1.0,0.0,0.0,0.0,0.0,0.0,0.0,0.0,0.0,0.0,0.0,0.0,0.0,24.16701388888889,0.0,0.0,1.0,0.0,0.0,0.0,0.0,0.0,0.0,0,1.0,0.0,1.0,0.0,3.0,2.0,2.0,1.0,0.0,0.003003003003003003,0.0008608593677636048,1,0.3333333333333333,585,3,3.0,2,60,0.025,0.025,3793.313888888889,125.0
A000122,3.0,11050.0,3683.3333333333335,1.0,1.0,1.0,1.0,2.0,1.0,0.0,0.0,0.0461222943722943,0.0,0.0,0.0,0.0,0.0,0.0,0.0,0.0,36.38318287037037,0.0,1.0,3.0,0.0,0.0,0.0,0.0,0.0,0.0,2,6.0,5.0,5.0,4.0,2.0,1.0,2.0,1.0,0.0,0.011011011011011011,0.009663101450469384,16,0.2581818181818182,585,11,9.8,1,68,0.014705882352941176,0.014705882352941176,4302.5082866479925,152.0
A000123,1.0,9560.0,9560.0,1.0,1.0,1.0,1.0,1.0,0.0,0.0,0.0,0.0,0.0,0.0,0.0,0.0,0.0,0.0,0.0,0.0,40.83805555555556,0.0,1.0,1.0,0.0,0.0,0.0,0.0,0.0,0.0,7,2.0,1.0,2.0,1.0,5.0,4.0,2.0,1.0,0.0,0.007007007007007007,0.004537063893237183,6,0.2857142857142857,585,7,6.7,1,68,0.014705882352941176,0.014705882352941176,4302.5082866479925,152.0
A000124,1.0,2020.0,2020.0,1.0,1.0,1.0,1.0,1.0,0.0,0.0,0.0,0.1402475247524752,0.0,0.0,0.0,0.0,0.0,0.0,0.0,0.0,38.10362268518519,0.0,0.0,1.0,0.0,0.0,0.0,0.0,0.0,0.0,5,1.0,0.0,6.0,5.0,7.0,6.0,1.0,0.0,0.0,0.011011011011011011,0.006165395130726299,26,0.4161437091225927,585,11,9.5,3,57,0.023391812865497075,0.021929824561403508,3958.1345029239765,119.0
A000125,0.0,0.0,0.0,0.0,0.0,0.0,0.0,0.0,0.0,0.0,0.0,0.0,0.0,0.0,0.0,0.0,0.0,0.0,0.0,0.0,39.16392361111111,0.0,0.0,0.0,0.0,0.0,0.0,0.0,0.0,0.0,2,0.0,0.0,0.0,0.0,0.0,0.0,0.0,0.0,0.0,0.0,4.269414257282076e-51,0,0.0,1,0,0.0,49,1,0.0,0.0,0.0,0.0
A000126,2.0,5820.0,2910.0,2.0,1.0,1.0,1.0,2.0,0.0,0.0,0.0,0.0,0.0,0.0,0.0,0.0,0.0,0.0,0.0,0.0,38.98025462962963,0.0,0.0,2.0,0.0,0.0,0.0,0.0,0.0,0.0,4,4.5,7.0,8.0,7.0,3.0,2.0,1.0,0.0,1.0,0.016016016016016016,0.025944291416665568,40,0.2795038253154072,585,16,13.9,0,68,0.02818627450980392,0.02622549019607843,2868.4758403361343,162.0
A000127,2.0,16880.0,8440.0,1.0,1.0,1.0,1.0,1.0,1.0,0.0,0.0,0.0,0.0,0.0,0.0,0.0,0.0,0.0,0.0,0.0,42.388645833333335,0.0,0.0,2.0,0.0,0.0,0.0,0.0,0.0,0.0,3,8.0,7.0,6.0,5.0,2.0,1.0,4.0,3.0,1.0,0.015015015015015015,0.01404859409195656,36,0.31215055241414474,585,15,13.5,9,39,0.0,0.0,3567.67094017094,77.0
A000128,4.0,10510.0,2627.5,2.0,2.0,1.0,2.0,4.0,0.0,0.0,0.0,0.0650814448143605,0.0,0.0,0.0,0.0,0.0,0.0,0.0,0.0,49.07458333333334,0.0,1.0,4.0,0.0,0.0,0.0,0.0,0.0,0.0,2,6.5,11.0,16.5,31.0,7.0,6.0,4.5,7.0,2.0,0.05205205205205205,0.1473886734990635,337,0.20084604649344717,585,52,43.3,5,51,0.01633986928104575,0.014705882352941176,3327.3856209150326,115.0
A000129,1.0,1750.0,1750.0,1.0,1.0,1.0,1.0,0.0,1.0,0.0,0.0,0.1377485714285714,0.0,0.0,0.0,0.0,0.0,0.0,0.0,0.0,46.44002314814815,0.0,0.0,1.0,0.0,0.0,0.0,0.0,0.0,0.0,2,4.0,3.0,9.0,8.0,2.0,1.0,3.0,2.0,2.0,0.014014014014014014,0.01278259720859723,33,0.2689752421167148,585,14,11.6,0,68,0.02818627450980392,0.02622549019607843,2868.4758403361343,162.0
A000130,1.0,4260.0,4260.0,1.0,1.0,1.0,1.0,1.0,0.0,0.0,0.0,0.0,0.0,0.0,0.0,0.0,0.0,0.0,0.0,0.0,28.34454861111111,0.0,0.0,1.0,0.0,0.0,0.0,0.0,0.0,0.0,2,1.0,0.0,3.0,2.0,3.0,2.0,2.0,1.0,0.0,0.005005005005005005,0.003928008825367808,2,0.16999999999999998,585,5,4.4,11,25,0.0,0.0,3853.6,51.0
A000131,1.0,12180.0,12180.0,1.0,1.0,1.0,1.0,1.0,0.0,0.0,0.0,0.0,0.0,0.0,0.0,0.0,0.0,0.0,0.0,0.0,44.80122685185185,0.0,0.0,1.0,0.0,0.0,0.0,0.0,0.0,0.0,3,3.0,2.0,15.0,14.0,7.0,6.0,2.0,1.0,0.0,0.023023023023023025,0.06423651763147308,118,0.3602610309449351,585,23,18.8,10,37,0.009009009009009009,0.009009009009009009,4372.995495495496,80.0
A000132,3.0,8610.0,2870.0,2.0,2.0,1.0,1.0,3.0,0.0,0.0,0.0,0.0217830985915492,0.0,0.0,0.0,0.0,0.0,0.0,0.0,0.0,48.70125,0.0,2.0,3.0,0.0,0.0,0.0,0.0,0.0,0.0,4,4.0,6.0,13.0,24.0,4.0,3.0,8.0,7.0,1.0,0.03803803803803804,0.0982245026889452,207,0.22821204096527536,585,38,31.4,5,51,0.01633986928104575,0.014705882352941176,3327.3856209150326,115.0
A000133,2.0,1130.0,565.0,1.0,2.0,1.0,2.0,2.0,0.0,0.0,0.0,0.0978348150782361,0.0,0.0,0.0,0.0,0.0,0.0,0.0,0.0,44.30340277777778,0.0,0.0,2.0,0.0,0.0,0.0,0.0,0.0,0.0,0,5.0,4.0,7.0,12.0,8.0,7.0,2.5,3.0,2.0,0.026026026026026026,0.0440458310721317,75,0.19136312022755414,585,26,22.4,0,68,0.02818627450980392,0.02622549019607843,2868.4758403361343,162.0
A000134,1.0,1870.0,1870.0,1.0,1.0,1.0,1.0,1.0,0.0,0.0,0.0,0.0,0.0,0.0,0.0,0.0,0.0,0.0,0.0,0.0,40.70790509259259,0.0,0.0,1.0,0.0,0.0,0.0,0.0,0.0,0.0,5,2.0,1.0,2.0,1.0,1.0,0.0,3.0,2.0,0.0,0.004004004004004004,0.0033912427161520062,1,0.16666666666666666,585,4,3.7,2,60,0.025,0.025,3793.313888888889,125.0
A000135,1.0,2240.0,2240.0,1.0,1.0,1.0,1.0,1.0,0.0,0.0,0.0,0.0,0.0,0.0,0.0,0.0,0.0,0.0,0.0,0.0,21.817025462962963,0.0,0.0,1.0,0.0,0.0,0.0,0.0,0.0,0.0,2,3.0,2.0,4.0,3.0,2.0,1.0,2.0,1.0,0.0,0.007007007007007007,0.0023313305588475923,4,0.1476190476190476,585,7,6.1,1,68,0.014705882352941176,0.014705882352941176,4302.5082866479925,152.0
A000136,2.0,4600.0,2300.0,2.0,1.0,1.0,2.0,2.0,0.0,0.0,0.0,0.0,0.0,0.0,0.0,0.0,0.0,0.0,0.0,0.0,22.903194444444445,0.0,1.0,2.0,0.0,0.0,0.0,0.0,0.0,0.0,3,4.0,6.0,5.0,4.0,1.0,0.0,1.5,1.0,1.0,0.011011011011011011,0.006465902760213892,16,0.2581818181818182,585,11,9.8,3,57,0.023391812865497075,0.021929824561403508,3958.1345029239765,119.0
A000137,2.0,3620.0,1810.0,1.0,1.0,1.0,2.0,2.0,0.0,0.0,0.0,0.0539838187702265,0.0,0.0,0.0,0.0,0.0,0.0,0.0,0.0,49.59585648148148,0.0,1.0,2.0,0.0,0.0,0.0,0.0,0.0,0.0,0,5.0,4.0,20.0,19.0,5.0,4.0,6.5,11.0,0.0,0.03303303303303303,0.10906384242892385,227,0.34565986306133417,585,33,28.8,5,51,0.01633986928104575,0.014705882352941176,3327.3856209150326,115.0
A000138,1.0,9990.0,9990.0,1.0,1.0,1.0,1.0,1.0,0.0,0.0,0.0,0.0,0.0,0.0,0.0,0.0,0.0,0.0,0.0,0.0,49.47912037037037,0.0,0.0,1.0,0.0,0.0,0.0,0.0,0.0,0.0,1,10.0,9.0,18.0,17.0,7.0,6.0,8.0,7.0,0.0,0.036036036036036036,0.1249418610711807,240,0.31534362082209294,585,36,31.2,5,51,0.01633986928104575,0.014705882352941176,3327.3856209150326,115.0
A000139,0.0,0.0,0.0,0.0,0.0,0.0,0.0,0.0,0.0,0.0,0.0,0.0,0.0,0.0,0.0,0.0,0.0,0.0,0.0,0.0,30.34789351851852,0.0,0.0,0.0,0.0,0.0,0.0,0.0,0.0,0.0,2,0.0,0.0,0.0,0.0,0.0,0.0,0.0,0.0,0.0,0.0,4.269414257282076e-51,0,0.0,1,0,0.0,50,1,0.0,0.0,0.0,0.0
A000140,4.0,11590.0,2897.5,1.0,2.0,1.0,2.0,4.0,0.0,0.0,0.0,0.0290215384615384,0.0,0.0,0.0,0.0,0.0,0.0,0.0,0.0,23.10243055555556,0.0,0.0,4.0,0.0,0.0,0.0,0.0,0.0,0.0,3,1.0,0.0,4.0,6.0,11.0,10.0,1.5,1.0,0.0,0.017017017017017015,0.02842621705434808,54,0.3792373346915671,585,17,15.2,7,41,0.054878048780487805,0.04959349593495935,4002.6355013550137,103.0
A000141,0.0,0.0,0.0,0.0,0.0,0.0,0.0,0.0,0.0,0.0,0.0,0.0,0.0,0.0,0.0,0.0,0.0,0.0,0.0,0.0,29.86638888888889,0.0,0.0,0.0,0.0,0.0,0.0,0.0,0.0,0.0,0,0.0,0.0,0.0,0.0,0.0,0.0,0.0,0.0,0.0,0.0,4.269414257282076e-51,0,0.0,1,0,0.0,51,1,0.0,0.0,0.0,0.0
A000142,0.0,0.0,0.0,0.0,0.0,0.0,0.0,0.0,0.0,0.0,0.0,0.0,0.0,0.0,0.0,0.0,0.0,0.0,0.0,0.0,24.93488425925926,0.0,0.0,0.0,0.0,0.0,0.0,0.0,0.0,0.0,3,0.0,0.0,0.0,0.0,0.0,0.0,0.0,0.0,0.0,0.0,4.269414257282076e-51,0,0.0,1,0,0.0,52,1,0.0,0.0,0.0,0.0
A000143,1.0,4890.0,4890.0,1.0,1.0,1.0,1.0,1.0,0.0,0.0,0.0,0.0,0.0,0.0,0.0,0.0,0.0,0.0,0.0,0.0,26.680381944444445,0.0,0.0,1.0,0.0,0.0,0.0,0.0,0.0,0.0,3,2.0,1.0,5.0,4.0,2.0,1.0,3.0,2.0,0.0,0.008008008008008008,0.002540440055158563,8,0.21387048272537584,585,8,6.8,4,56,0.012499999999999999,0.011607142857142858,4977.3005952380945,128.0
A000144,3.0,9020.0,3006.6666666666665,1.0,2.0,1.0,1.0,3.0,0.0,0.0,0.0,0.0,0.0,0.0,0.0,0.0,0.0,0.0,0.0,0.0,26.047337962962963,0.0,0.0,3.0,0.0,0.0,0.0,0.0,0.0,0.0,6,3.0,2.0,2.0,2.0,2.0,1.0,2.0,1.0,1.0,0.006006006006006006,0.0009429903644946884,1,0.06666666666666667,585,6,5.4,3,57,0.023391812865497075,0.021929824561403508,3958.1345029239765,119.0
A000145,0.0,0.0,0.0,0.0,0.0,0.0,0.0,0.0,0.0,0.0,0.0,0.0,0.0,0.0,0.0,0.0,0.0,0.0,0.0,0.0,46.199328703703706,0.0,0.0,0.0,0.0,0.0,0.0,0.0,0.0,0.0,2,0.0,0.0,0.0,0.0,0.0,0.0,0.0,0.0,0.0,0.0,4.269414257282076e-51,0,0.0,1,0,0.0,53,1,0.0,0.0,0.0,0.0
A000146,1.0,1150.0,1150.0,1.0,1.0,1.0,1.0,1.0,0.0,0.0,0.0,0.0653565217391304,0.0,0.0,0.0,0.0,0.0,0.0,0.0,0.0,47.65479166666667,0.0,0.0,1.0,0.0,0.0,0.0,0.0,0.0,0.0,0,7.0,6.0,7.0,6.0,3.0,2.0,5.0,4.0,1.0,0.017017017017017015,0.022657443602929067,39,0.2512961582209789,585,17,15.2,0,68,0.02818627450980392,0.02622549019607843,2868.4758403361343,162.0
A000147,1.0,3690.0,3690.0,1.0,1.0,1.0,1.0,0.0,0.0,1.0,0.0,0.0,0.0,0.0,0.0,0.0,0.0,0.0,0.0,0.0,38.47023148148149,1.0,1.0,1.0,0.0,0.0,0.0,0.0,1.0,0.0,1,4.0,3.0,4.0,3.0,5.0,4.0,1.0,0.0,0.0,0.01001001001001001,0.010534025923433782,12,0.24666666666666665,585,10,9.1,1,68,0.014705882352941176,0.014705882352941176,4302.5082866479925,152.0
A000148,1.0,6740.0,6740.0,1.0,1.0,1.0,1.0,1.0,0.0,0.0,0.0,0.0,0.0,0.0,0.0,0.0,0.0,0.0,0.0,0.0,35.25719907407407,0.0,0.0,1.0,0.0,0.0,0.0,0.0,0.0,0.0,3,1.0,0.0,3.0,2.0,4.0,3.0,2.0,1.0,0.0,0.006006006006006006,0.009000650724089815,4,0.24666666666666667,585,6,5.4,8,41,0.010975609756097562,0.00975609756097561,4760.349593495936,81.0
A000149,2.0,8810.0,4405.0,1.0,1.0,1.0,1.0,2.0,0.0,0.0,0.0,0.0,0.0,0.0,0.0,0.0,0.0,0.0,0.0,0.0,30.77693287037037,0.0,0.0,2.0,0.0,0.0,0.0,0.0,0.0,0.0,0,2.0,1.0,4.0,3.0,2.0,1.0,2.0,1.0,0.0,0.006006006006006006,0.0011022147378080686,3,0.13999999999999999,585,6,5.1,8,41,0.010975609756097562,0.00975609756097561,4760.349593495936,81.0
A000150,2.0,9440.0,4720.0,1.0,1.0,1.0,2.0,2.0,0.0,0.0,0.0,0.0374350649350649,0.0,0.0,0.0,0.0,0.0,0.0,0.0,0.0,22.151747685185185,0.0,0.0,2.0,0.0,0.0,0.0,0.0,0.0,0.0,6,2.0,1.0,5.0,4.0,1.0,0.0,1.5,1.0,0.0,0.006006006006006006,0.0017658852100054213,6,0.27999999999999997,585,6,4.8,0,68,0.02818627450980392,0.02622549019607843,2868.4758403361343,162.0
A000151,1.0,1460.0,1460.0,1.0,1.0,1.0,1.0,0.0,1.0,0.0,0.0,0.0,0.0,0.0,0.0,0.0,0.0,0.0,0.0,0.0,23.18055555555556,0.0,0.0,1.0,0.0,0.0,0.0,0.0,0.0,0.0,4,1.0,0.0,3.0,2.0,1.0,0.0,2.0,1.0,0.0,0.003003003003003003,0.0003908956405397207,1,0.2333333333333333,585,3,2.4,1,68,0.014705882352941176,0.014705882352941176,4302.5082866479925,152.0
A000152,5.0,18580.0,3716.0,1.0,1.0,1.0,1.0,3.0,2.0,0.0,0.0,0.0270053475935828,0.0,0.0,0.0,0.0,0.0,0.0,0.0,0.0,45.70195601851852,0.0,2.0,3.0,0.0,0.0,0.0,0.0,0.0,0.0,3,3.0,2.0,13.0,12.0,3.0,2.0,3.0,2.0,0.0,0.018018018018018018,0.02327468114532575,73,0.34593701333066307,585,18,14.399999999999999,7,41,0.054878048780487805,0.04959349593495935,4002.6355013550137,103.0
A000153,2.0,5130.0,2565.0,1.0,1.0,1.0,2.0,2.0,0.0,0.0,0.0,0.0,0.0,0.0,0.0,0.0,0.0,0.0,0.0,0.0,31.614722222222223,0.0,0.0,2.0,0.0,0.0,0.0,0.0,0.0,0.0,5,3.0,2.0,4.0,3.0,2.0,1.0,4.0,6.0,1.0,0.012012012012012012,0.002993863055137111,11,0.15303030303030302,585,12,11.1,9,39,0.0,0.0,3567.67094017094,77.0
A000154,0.0,0.0,0.0,0.0,0.0,0.0,0.0,0.0,0.0,0.0,0.0,0.0,0.0,0.0,0.0,0.0,0.0,0.0,0.0,0.0,28.28403935185185,0.0,0.0,0.0,0.0,0.0,0.0,0.0,0.0,0.0,2,0.0,0.0,0.0,0.0,0.0,0.0,0.0,0.0,0.0,0.0,4.269414257282076e-51,0,0.0,1,0,0.0,54,1,0.0,0.0,0.0,0.0
A000155,1.0,6150.0,6150.0,1.0,1.0,1.0,1.0,1.0,0.0,0.0,0.0,0.0683788617886178,0.0,0.0,0.0,0.0,0.0,0.0,0.0,0.0,37.84568287037037,0.0,0.0,0.0,0.0,0.0,0.0,0.0,0.0,0.0,0,4.0,3.0,4.0,3.0,2.0,1.0,1.0,0.0,0.0,0.007007007007007007,0.003134113940627609,6,0.24285714285714288,585,7,6.1,0,68,0.02818627450980392,0.02622549019607843,2868.4758403361343,162.0
A000156,0.0,0.0,0.0,0.0,0.0,0.0,0.0,0.0,0.0,0.0,0.0,0.0,0.0,0.0,0.0,0.0,0.0,0.0,0.0,0.0,44.73743055555556,0.0,0.0,0.0,0.0,0.0,0.0,0.0,0.0,0.0,3,0.0,0.0,0.0,0.0,0.0,0.0,0.0,0.0,0.0,0.0,4.269414257282076e-51,0,0.0,1,0,0.0,55,1,0.0,0.0,0.0,0.0
A000157,0.0,0.0,0.0,0.0,0.0,0.0,0.0,0.0,0.0,0.0,0.0,0.0,0.0,0.0,0.0,0.0,0.0,0.0,0.0,0.0,22.94232638888889,0.0,0.0,0.0,0.0,0.0,0.0,0.0,0.0,0.0,3,0.0,0.0,0.0,0.0,0.0,0.0,0.0,0.0,0.0,0.0,4.269414257282076e-51,0,0.0,1,0,0.0,56,1,0.0,0.0,0.0,0.0
A000158,2.0,8380.0,4190.0,1.0,2.0,1.0,1.0,1.0,1.0,0.0,0.0,0.0,0.0,0.0,0.0,0.0,0.0,0.0,0.0,0.0,31.605266203703703,0.0,0.0,2.0,0.0,0.0,0.0,0.0,0.0,0.0,6,3.0,2.0,4.0,6.0,2.0,1.0,2.0,1.0,0.0,0.01001001001001001,0.002144482136254338,8,0.13528675559428002,585,10,8.2,6,42,0.023809523809523808,0.023809523809523808,3971.0997732426304,78.0
A000159,4.0,17470.0,4367.5,1.0,1.0,1.0,2.0,3.0,0.0,1.0,0.0,0.0354168882978723,0.0,0.0,0.0,0.0,0.0,0.0,0.0,0.0,27.24185185185185,0.0,2.0,4.0,0.0,0.0,0.0,0.0,0.0,0.0,2,1.0,0.0,7.0,6.0,1.0,0.0,2.0,2.0,0.0,0.008008008008008008,0.0013368109299208245,16,0.41071428571428564,585,8,6.199999999999999,4,56,0.012499999999999999,0.011607142857142858,4977.3005952380945,128.0
A000160,2.0,1550.0,775.0,1.0,2.0,1.0,1.0,2.0,0.0,0.0,0.0,0.0,0.0,0.0,0.0,0.0,0.0,0.0,0.0,0.0,41.649976851851854,0.0,0.0,1.0,0.0,0.0,0.0,0.0,0.0,0.0,3,1.0,0.0,6.5,11.0,4.0,3.0,2.0,1.0,0.0,0.015015015015015015,0.008076963060962613,30,0.20941308110771925,585,15,11.7,3,57,0.023391812865497075,0.021929824561403508,3958.1345029239765,119.0
A000161,3.0,6880.0,2293.333333333333,1.0,1.0,1.0,1.0,2.0,1.0,0.0,0.0,0.0,0.0,0.0,0.0,0.0,0.0,0.0,0.0,0.0,25.9465625,0.0,1.0,3.0,0.0,0.0,0.0,0.0,0.0,0.0,2,2.0,1.0,1.0,0.0,7.0,6.0,1.0,0.0,0.0,0.007007007007007007,0.015514418643405295,16,0.7619047619047619,585,7,7.0,9,39,0.0,0.0,3567.67094017094,77.0
A000162,6.0,29350.0,4891.666666666667,1.0,2.0,1.0,1.0,6.0,0.0,0.0,0.0,0.0,0.0,0.0,0.0,0.0,0.0,0.0,0.0,0.0,40.306921296296295,0.0,1.0,3.0,0.0,0.0,0.0,0.0,0.0,0.0,2,2.0,1.0,7.5,13.0,4.0,3.0,3.0,2.0,0.0,0.01901901901901902,0.017758837134762697,43,0.18575544748418554,585,19,15.1,2,60,0.025,0.025,3793.313888888889,125.0
A000163,1.0,2460.0,2460.0,1.0,1.0,1.0,1.0,1.0,0.0,0.0,0.0,0.090650406504065,0.0,0.0,0.0,0.0,0.0,0.0,0.0,0.0,34.60768518518518,0.0,0.0,1.0,0.0,0.0,0.0,0.0,0.0,0.0,6,2.0,1.0,5.0,4.0,4.0,3.0,4.0,3.0,0.0,0.011011011011011011,0.008638106328501939,13,0.2015982545771382,585,11,9.8,3,57,0.023391812865497075,0.021929824561403508,3958.1345029239765,119.0
A000164,0.0,0.0,0.0,0.0,0.0,0.0,0.0,0.0,0.0,0.0,0.0,0.0,0.0,0.0,0.0,0.0,0.0,0.0,0.0,0.0,28.152743055555558,0.0,0.0,0.0,0.0,0.0,0.0,0.0,0.0,0.0,2,0.0,0.0,0.0,0.0,0.0,0.0,0.0,0.0,0.0,0.0,4.269414257282076e-51,0,0.0,1,0,0.0,57,1,0.0,0.0,0.0,0.0
A000165,2.0,9380.0,4690.0,1.0,1.0,1.0,1.0,1.0,0.0,1.0,0.0,0.0,0.0,0.0,0.0,0.0,0.0,0.0,0.0,0.0,32.50989583333333,1.0,1.0,2.0,0.0,0.0,0.0,0.0,1.0,0.0,4,2.0,1.0,1.0,0.0,1.0,0.0,2.0,1.0,0.0,0.002002002002002002,0.00013423453306646912,0,0.0,585,2,2.0,4,56,0.012499999999999999,0.011607142857142858,4977.3005952380945,128.0
A000166,0.0,0.0,0.0,0.0,0.0,0.0,0.0,0.0,0.0,0.0,0.0,0.0,0.0,0.0,0.0,0.0,0.0,0.0,0.0,0.0,23.13230324074074,0.0,0.0,0.0,0.0,0.0,0.0,0.0,0.0,0.0,4,0.0,0.0,0.0,0.0,0.0,0.0,0.0,0.0,0.0,0.0,4.269414257282076e-51,0,0.0,1,0,0.0,58,1,0.0,0.0,0.0,0.0
A000167,5.0,14330.0,2866.0,1.0,2.0,1.0,1.0,4.0,0.0,1.0,0.0,0.028447817047817,0.0,0.0,0.0,0.0,0.0,0.0,0.0,0.0,37.649421296296296,0.0,1.0,4.0,0.0,0.0,0.0,0.0,0.0,0.0,2,7.0,6.0,4.5,7.0,3.0,2.0,3.0,2.0,2.0,0.016016016016016016,0.010720623702277523,34,0.24764729654198187,585,16,14.2,1,68,0.014705882352941176,0.014705882352941176,4302.5082866479925,152.0
A000168,2.0,3050.0,1525.0,1.0,1.0,1.0,1.0,1.0,0.0,1.0,0.0,0.0,0.0,0.0,0.0,0.0,0.0,0.0,0.0,0.0,42.05178240740741,1.0,1.0,1.0,0.0,0.0,0.0,0.0,1.0,0.0,2,2.0,1.0,20.0,19.0,2.0,1.0,4.0,3.0,0.0,0.024024024024024024,0.06938247553352084,176,0.45384062565637084,585,24,18.3,5,51,0.01633986928104575,0.014705882352941176,3327.3856209150326,115.0
A000169,3.0,9060.0,3020.0,2.0,1.0,1.0,1.0,3.0,0.0,0.0,0.0,0.0354183908045976,0.0,0.0,0.0,0.0,0.0,0.0,0.0,0.0,36.83699074074074,0.0,0.0,1.0,0.0,0.0,0.0,0.0,0.0,0.0,1,2.0,2.0,15.0,14.0,4.0,3.0,2.0,1.0,0.0,0.02002002002002002,0.03933537406489444,97,0.3687931586090105,585,20,15.799999999999999,1,68,0.014705882352941176,0.014705882352941176,4302.5082866479925,152.0
A000170,2.0,6880.0,3440.0,1.0,1.0,1.0,2.0,2.0,0.0,0.0,0.0,0.0701158088235294,0.0,0.0,0.0,0.0,0.0,0.0,0.0,0.0,21.157141203703706,0.0,0.0,2.0,0.0,0.0,0.0,0.0,0.0,0.0,2,4.0,3.0,15.0,14.0,1.0,0.0,1.0,0.0,0.0,0.017017017017017015,0.04601678905704841,94,0.5027874765433821,585,17,12.799999999999999,10,37,0.009009009009009009,0.009009009009009009,4372.995495495496,80.0
A000171,0.0,0.0,0.0,0.0,0.0,0.0,0.0,0.0,0.0,0.0,0.0,0.0,0.0,0.0,0.0,0.0,0.0,0.0,0.0,0.0,28.365578703703704,0.0,0.0,0.0,0.0,0.0,0.0,0.0,0.0,0.0,4,0.0,0.0,0.0,0.0,0.0,0.0,0.0,0.0,0.0,0.0,4.269414257282076e-51,0,0.0,1,0,0.0,59,1,0.0,0.0,0.0,0.0
A000172,1.0,430.0,430.0,1.0,1.0,1.0,1.0,1.0,0.0,0.0,0.0,0.0,0.0,0.0,0.0,0.0,0.0,0.0,0.0,0.0,24.432650462962965,0.0,0.0,1.0,0.0,0.0,0.0,0.0,0.0,0.0,2,1.0,0.0,5.0,4.0,1.0,0.0,1.0,0.0,0.0,0.004004004004004004,0.0013739676735408121,6,0.6999999999999998,585,4,2.8,0,68,0.02818627450980392,0.02622549019607843,2868.4758403361343,162.0
A000173,4.0,12220.0,3055.0,2.0,2.0,1.0,1.0,3.0,1.0,0.0,0.0,0.0,0.0,0.0,0.0,0.0,0.0,0.0,0.0,0.0,48.06980324074074,0.0,1.0,2.0,0.0,0.0,0.0,0.0,0.0,0.0,1,6.0,10.0,9.5,17.0,7.0,6.0,3.0,2.0,0.0,0.03303303303303303,0.07395373911067316,146,0.22279600834024774,585,33,28.2,1,68,0.014705882352941176,0.014705882352941176,4302.5082866479925,152.0
A000174,5.0,7340.0,1468.0,1.0,1.0,1.0,2.0,5.0,0.0,0.0,0.0,0.0305013929618768,0.0,0.0,0.0,0.0,0.0,0.0,0.0,0.0,44.42326388888889,0.0,1.0,5.0,0.0,0.0,0.0,0.0,0.0,0.0,1,4.0,3.0,5.0,4.0,7.0,6.0,2.5,3.0,1.0,0.016016016016016016,0.0082284343698418,26,0.200732533347855,585,16,14.8,7,41,0.054878048780487805,0.04959349593495935,4002.6355013550137,103.0
A000175,1.0,3560.0,3560.0,1.0,1.0,1.0,1.0,1.0,0.0,0.0,0.0,0.0,0.0,0.0,0.0,0.0,0.0,0.0,0.0,0.0,26.08473379629629,0.0,0.0,1.0,0.0,0.0,0.0,0.0,0.0,0.0,3,1.0,0.0,4.0,3.0,1.0,0.0,1.0,0.0,0.0,0.003003003003003003,0.00028253250774882817,3,0.6999999999999998,585,3,2.0999999999999996,6,42,0.023809523809523808,0.023809523809523808,3971.0997732426304,78.0
A000176,0.0,0.0,0.0,0.0,0.0,0.0,0.0,0.0,0.0,0.0,0.0,0.0,0.0,0.0,0.0,0.0,0.0,0.0,0.0,0.0,23.457256944444445,0.0,0.0,0.0,0.0,0.0,0.0,0.0,0.0,0.0,4,0.0,0.0,0.0,0.0,0.0,0.0,0.0,0.0,0.0,0.0,4.269414257282076e-51,0,0.0,1,0,0.0,60,1,0.0,0.0,0.0,0.0
A000177,2.0,4900.0,2450.0,1.0,1.0,1.0,1.0,2.0,0.0,0.0,0.0,0.0,0.0,0.0,0.0,0.0,0.0,0.0,0.0,0.0,23.29185185185185,0.0,1.0,2.0,0.0,0.0,0.0,0.0,0.0,0.0,4,7.0,6.0,1.0,0.0,3.0,2.0,1.0,0.0,1.0,0.008008008008008008,0.00845620478127818,17,0.6071428571428571,585,8,8.0,1,68,0.014705882352941176,0.014705882352941176,4302.5082866479925,152.0
A000178,1.0,1790.0,1790.0,1.0,1.0,1.0,1.0,0.0,0.0,1.0,0.0,0.0,0.0,0.0,0.0,0.0,0.0,0.0,0.0,0.0,33.25494212962963,0.0,1.0,1.0,0.0,0.0,0.0,0.0,0.0,0.0,1,3.0,2.0,11.0,10.0,4.0,3.0,3.0,2.0,0.0,0.016016016016016016,0.018237319102863775,51,0.31893032637373203,585,16,13.299999999999999,3,57,0.023391812865497075,0.021929824561403508,3958.1345029239765,119.0
A000179,0.0,0.0,0.0,0.0,0.0,0.0,0.0,0.0,0.0,0.0,0.0,0.0,0.0,0.0,0.0,0.0,0.0,0.0,0.0,0.0,45.54521990740741,0.0,0.0,0.0,0.0,0.0,0.0,0.0,0.0,0.0,6,0.0,0.0,0.0,0.0,0.0,0.0,0.0,0.0,0.0,0.0,4.269414257282076e-51,0,0.0,1,0,0.0,61,1,0.0,0.0,0.0,0.0
A000180,1.0,7230.0,7230.0,1.0,1.0,1.0,1.0,1.0,0.0,0.0,0.0,0.0,0.0,0.0,0.0,0.0,0.0,0.0,0.0,0.0,29.437951388888887,0.0,0.0,1.0,0.0,0.0,0.0,0.0,0.0,0.0,1,4.0,3.0,4.0,3.0,2.0,1.0,3.0,2.0,1.0,0.009009009009009009,0.00487758051890858,8,0.19134370878640347,585,9,8.1,9,39,0.0,0.0,3567.67094017094,77.0
A000181,2.0,5030.0,2515.0,2.0,1.0,1.0,1.0,2.0,0.0,0.0,0.0,0.0,0.0,0.0,0.0,0.0,0.0,0.0,0.0,0.0,48.39354166666666,0.0,0.0,1.0,0.0,0.0,0.0,0.0,0.0,0.0,2,6.5,11.0,7.0,6.0,4.0,3.0,2.0,1.0,1.0,0.01901901901901902,0.04008234005333916,45,0.24141986043256958,585,19,17.8,0,68,0.02818627450980392,0.02622549019607843,2868.4758403361343,162.0
A000182,0.0,0.0,0.0,0.0,0.0,0.0,0.0,0.0,0.0,0.0,0.0,0.0,0.0,0.0,0.0,0.0,0.0,0.0,0.0,0.0,37.55146990740741,0.0,0.0,0.0,0.0,0.0,0.0,0.0,0.0,0.0,2,0.0,0.0,0.0,0.0,0.0,0.0,0.0,0.0,0.0,0.0,4.269414257282076e-51,0,0.0,1,0,0.0,62,1,0.0,0.0,0.0,0.0
A000183,1.0,2690.0,2690.0,1.0,1.0,1.0,1.0,1.0,0.0,0.0,0.0,0.0744052044609665,0.0,0.0,0.0,0.0,0.0,0.0,0.0,0.0,32.856828703703705,0.0,0.0,0.0,0.0,0.0,0.0,0.0,0.0,0.0,1,1.0,0.0,6.0,5.0,2.0,1.0,2.0,1.0,0.0,0.007007007007007007,0.0017335307581763347,10,0.3333333333333333,585,7,5.5,6,42,0.023809523809523808,0.023809523809523808,3971.0997732426304,78.0
A000184,0.0,0.0,0.0,0.0,0.0,0.0,0.0,0.0,0.0,0.0,0.0,0.0,0.0,0.0,0.0,0.0,0.0,0.0,0.0,0.0,25.98167824074074,0.0,0.0,0.0,0.0,0.0,0.0,0.0,0.0,0.0,5,0.0,0.0,0.0,0.0,0.0,0.0,0.0,0.0,0.0,0.0,4.269414257282076e-51,0,0.0,1,0,0.0,63,1,0.0,0.0,0.0,0.0
A000185,5.0,19310.0,3862.0,2.0,2.0,1.0,1.0,5.0,0.0,0.0,0.0,0.0353153284671532,0.0,0.0,0.0,0.0,0.0,0.0,0.0,0.0,40.77826388888889,0.0,0.0,4.0,0.0,0.0,0.0,0.0,0.0,0.0,5,3.0,4.0,3.5,5.0,2.0,1.0,4.0,3.0,1.0,0.013013013013013013,0.009586144930680602,17,0.19553955796844008,585,13,11.5,0,68,0.02818627450980392,0.02622549019607843,2868.4758403361343,162.0
A000186,2.0,20180.0,10090.0,1.0,1.0,1.0,2.0,2.0,0.0,0.0,0.0,0.0,0.0,0.0,0.0,0.0,0.0,0.0,0.0,0.0,27.013113425925926,0.0,0.0,2.0,0.0,0.0,0.0,0.0,0.0,0.0,3,2.0,1.0,5.0,4.0,1.0,0.0,2.0,2.0,0.0,0.007007007007007007,0.003684271965347162,7,0.24761904761904763,585,7,5.8,4,56,0.012499999999999999,0.011607142857142858,4977.3005952380945,128.0
A000187,1.0,2700.0,2700.0,1.0,1.0,1.0,1.0,0.0,0.0,1.0,0.0,0.0,0.0,0.0,0.0,0.0,0.0,0.0,0.0,0.0,25.317175925925927,0.0,0.0,1.0,0.0,0.0,0.0,0.0,0.0,0.0,2,3.0,2.0,2.0,1.0,3.0,2.0,3.0,2.0,0.0,0.007007007007007007,0.000883848979621773,3,0.14285714285714285,585,7,6.7,2,60,0.025,0.025,3793.313888888889,125.0
A000188,2.0,5010.0,2505.0,2.0,1.0,1.0,1.0,2.0,0.0,0.0,0.0,0.0,0.0,0.0,0.0,0.0,0.0,0.0,0.0,0.0,24.215613425925927,0.0,0.0,2.0,0.0,0.0,0.0,0.0,0.0,0.0,0,1.0,0.0,5.0,4.0,1.0,0.0,1.0,0.0,0.0,0.004004004004004004,0.0012677356740887005,6,0.6999999999999998,585,4,2.8,2,60,0.025,0.025,3793.313888888889,125.0
A000189,0.0,0.0,0.0,0.0,0.0,0.0,0.0,0.0,0.0,0.0,0.0,0.0,0.0,0.0,0.0,0.0,0.0,0.0,0.0,0.0,43.13439814814815,0.0,0.0,0.0,0.0,0.0,0.0,0.0,0.0,0.0,3,0.0,0.0,0.0,0.0,0.0,0.0,0.0,0.0,0.0,0.0,4.269414257282076e-51,0,0.0,1,0,0.0,64,1,0.0,0.0,0.0,0.0
A000190,2.0,5740.0,2870.0,2.0,1.0,1.0,1.0,2.0,0.0,0.0,0.0,0.0,0.0,0.0,0.0,0.0,0.0,0.0,0.0,0.0,22.48361111111111,0.0,0.0,2.0,0.0,0.0,0.0,0.0,0.0,0.0,3,4.5,7.0,5.0,4.0,1.0,0.0,1.0,0.0,2.0,0.011011011011011011,0.010806786469465174,28,0.4743255273044109,585,11,9.8,9,39,0.0,0.0,3567.67094017094,77.0
A000191,0.0,0.0,0.0,0.0,0.0,0.0,0.0,0.0,0.0,0.0,0.0,0.0,0.0,0.0,0.0,0.0,0.0,0.0,0.0,0.0,37.9283912037037,0.0,0.0,0.0,0.0,0.0,0.0,0.0,0.0,0.0,3,0.0,0.0,0.0,0.0,0.0,0.0,0.0,0.0,0.0,0.0,4.269414257282076e-51,0,0.0,1,0,0.0,65,1,0.0,0.0,0.0,0.0
A000192,0.0,0.0,0.0,0.0,0.0,0.0,0.0,0.0,0.0,0.0,0.0,0.0,0.0,0.0,0.0,0.0,0.0,0.0,0.0,0.0,23.151296296296294,0.0,0.0,0.0,0.0,0.0,0.0,0.0,0.0,0.0,5,0.0,0.0,0.0,0.0,0.0,0.0,0.0,0.0,0.0,0.0,4.269414257282076e-51,0,0.0,1,0,0.0,66,1,0.0,0.0,0.0,0.0
A000193,0.0,0.0,0.0,0.0,0.0,0.0,0.0,0.0,0.0,0.0,0.0,0.0,0.0,0.0,0.0,0.0,0.0,0.0,0.0,0.0,34.81116898148148,0.0,0.0,0.0,0.0,0.0,0.0,0.0,0.0,0.0,1,0.0,0.0,0.0,0.0,0.0,0.0,0.0,0.0,0.0,0.0,4.269414257282076e-51,0,0.0,1,0,0.0,67,1,0.0,0.0,0.0,0.0
A000194,6.0,12920.0,2153.333333333333,2.0,2.0,1.0,1.0,4.0,0.0,2.0,0.0,0.0,0.0,0.0,0.0,0.0,0.0,0.0,0.0,0.0,46.90449074074074,0.0,2.0,5.0,0.0,0.0,0.0,0.0,0.0,0.0,2,3.5,5.0,9.0,15.0,2.0,1.0,4.0,3.0,3.0,0.024024024024024024,0.020180232538909024,67,0.1791776251836021,585,24,19.5,2,60,0.025,0.025,3793.313888888889,125.0
A000195,3.0,3950.0,1316.6666666666667,1.0,2.0,1.0,1.0,1.0,1.0,1.0,0.0,0.0,0.0,0.0,0.0,0.0,0.0,0.0,0.0,0.0,48.49311342592593,0.0,1.0,2.0,0.0,0.0,0.0,0.0,0.0,0.0,4,9.0,8.0,15.5,29.0,3.0,2.0,8.0,7.0,3.0,0.04504504504504504,0.11664055260174942,299,0.23386704005344378,585,45,36.6,5,51,0.01633986928104575,0.014705882352941176,3327.3856209150326,115.0
A000196,0.0,0.0,0.0,0.0,0.0,0.0,0.0,0.0,0.0,0.0,0.0,0.0,0.0,0.0,0.0,0.0,0.0,0.0,0.0,0.0,25.723194444444445,0.0,0.0,0.0,0.0,0.0,0.0,0.0,0.0,0.0,1,0.0,0.0,0.0,0.0,0.0,0.0,0.0,0.0,0.0,0.0,4.269414257282076e-51,0,0.0,1,0,0.0,68,1,0.0,0.0,0.0,0.0
A000197,2.0,16150.0,8075.0,2.0,1.0,1.0,1.0,2.0,0.0,0.0,0.0,0.0,0.0,0.0,0.0,0.0,0.0,0.0,0.0,0.0,25.536319444444445,0.0,0.0,2.0,0.0,0.0,0.0,0.0,0.0,0.0,2,1.0,0.0,4.0,3.0,1.0,0.0,1.0,0.0,0.0,0.003003003003003003,9.428330353341464e-05,3,0.6999999999999998,585,3,2.0999999999999996,4,56,0.012499999999999999,0.011607142857142858,4977.3005952380945,128.0
A000198,0.0,0.0,0.0,0.0,0.0,0.0,0.0,0.0,0.0,0.0,0.0,0.0,0.0,0.0,0.0,0.0,0.0,0.0,0.0,0.0,40.699814814814815,0.0,0.0,0.0,0.0,0.0,0.0,0.0,0.0,0.0,5,0.0,0.0,0.0,0.0,0.0,0.0,0.0,0.0,0.0,0.0,4.269414257282076e-51,0,0.0,1,0,0.0,69,1,0.0,0.0,0.0,0.0
A000199,0.0,0.0,0.0,0.0,0.0,0.0,0.0,0.0,0.0,0.0,0.0,0.0,0.0,0.0,0.0,0.0,0.0,0.0,0.0,0.0,26.74125,0.0,0.0,0.0,0.0,0.0,0.0,0.0,0.0,0.0,4,0.0,0.0,0.0,0.0,0.0,0.0,0.0,0.0,0.0,0.0,4.269414257282076e-51,0,0.0,1,0,0.0,70,1,0.0,0.0,0.0,0.0
A000200,0.0,0.0,0.0,0.0,0.0,0.0,0.0,0.0,0.0,0.0,0.0,0.0,0.0,0.0,0.0,0.0,0.0,0.0,0.0,0.0,32.12775462962963,0.0,0.0,0.0,0.0,0.0,0.0,0.0,0.0,0.0,2,0.0,0.0,0.0,0.0,0.0,0.0,0.0,0.0,0.0,0.0,4.269414257282076e-51,0,0.0,1,0,0.0,71,1,0.0,0.0,0.0,0.0
A000201,0.0,0.0,0.0,0.0,0.0,0.0,0.0,0.0,0.0,0.0,0.0,0.0,0.0,0.0,0.0,0.0,0.0,0.0,0.0,0.0,27.409097222222226,0.0,0.0,0.0,0.0,0.0,0.0,0.0,0.0,0.0,4,0.0,0.0,0.0,0.0,0.0,0.0,0.0,0.0,0.0,0.0,4.269414257282076e-51,0,0.0,1,0,0.0,72,1,0.0,0.0,0.0,0.0
A000202,3.0,7910.0,2636.6666666666665,1.0,1.0,1.0,1.0,2.0,0.0,1.0,0.0,0.0,0.0,0.0,0.0,0.0,0.0,0.0,0.0,0.0,40.630578703703705,0.0,0.0,1.0,0.0,0.0,0.0,0.0,0.0,0.0,1,5.0,4.0,7.0,6.0,10.0,9.0,1.0,0.0,2.0,0.01901901901901902,0.07913386154601154,66,0.35529974599190045,585,19,17.2,5,51,0.01633986928104575,0.014705882352941176,3327.3856209150326,115.0
A000203,2.0,2290.0,1145.0,1.0,2.0,1.0,1.0,2.0,0.0,0.0,0.0,0.0471206896551724,0.0,0.0,0.0,0.0,0.0,0.0,0.0,0.0,35.08753472222222,0.0,1.0,2.0,0.0,0.0,0.0,0.0,0.0,0.0,2,3.0,2.0,4.0,6.0,1.0,0.0,5.0,4.0,0.0,0.012012012012012012,0.003315907041135942,15,0.19224808358046247,585,12,10.2,2,60,0.025,0.025,3793.313888888889,125.0
A000204,5.0,24050.0,4810.0,2.0,1.0,1.0,1.0,4.0,0.0,1.0,0.0,0.0137290531776913,1.0,72.0,1.0,2390.0,0.0,0.25,0.2,0.0,27.26,0.0,1.0,5.0,0.0,1.0,1.0,0.2,0.0,0.0,2,1.5,1.0,5.0,4.0,1.0,0.0,1.0,0.0,0.0,0.005005005005005005,0.0010177981302275972,6,0.41999999999999993,585,5,3.8,4,56,0.012499999999999999,0.011607142857142858,4977.3005952380945,128.0
A000205,1.0,780.0,780.0,1.0,1.0,1.0,1.0,1.0,0.0,0.0,0.0,0.0,0.0,0.0,0.0,0.0,0.0,0.0,0.0,0.0,38.83240740740741,0.0,0.0,1.0,0.0,0.0,0.0,0.0,0.0,0.0,2,1.0,0.0,1.0,0.0,4.0,3.0,5.0,4.0,0.0,0.007007007007007007,0.004114093083385104,9,0.42857142857142855,585,7,7.0,10,37,0.009009009009009009,0.009009009009009009,4372.995495495496,80.0
A000206,2.0,2010.0,1005.0,1.0,2.0,1.0,2.0,2.0,0.0,0.0,0.0,0.0,0.0,0.0,0.0,0.0,0.0,0.0,0.0,0.0,48.2271412037037,0.0,1.0,2.0,0.0,0.0,0.0,0.0,0.0,0.0,3,6.0,5.0,11.5,21.0,3.0,2.0,3.5,5.0,1.0,0.03003003003003003,0.07020872638855388,136,0.24179319597221705,585,30,24.599999999999998,10,37,0.009009009009009009,0.009009009009009009,4372.995495495496,80.0
A000207,1.0,2860.0,2860.0,1.0,1.0,1.0,1.0,1.0,0.0,0.0,0.0,0.0,1.0,72.0,1.0,2860.0,0.0,1.0,1.0,0.0,45.94672453703704,0.0,0.0,1.0,0.0,0.0,1.0,1.0,0.0,0.0,4,5.0,4.0,9.0,8.0,2.0,1.0,3.0,2.0,0.0,0.015015015015015015,0.008513473179421504,37,0.27013953366060617,585,15,12.6,6,42,0.023809523809523808,0.023809523809523808,3971.0997732426304,78.0
A000208,0.0,0.0,0.0,0.0,0.0,0.0,0.0,0.0,0.0,0.0,0.0,0.0,0.0,0.0,0.0,0.0,0.0,0.0,0.0,0.0,32.478854166666665,0.0,0.0,0.0,0.0,0.0,0.0,0.0,0.0,0.0,4,0.0,0.0,0.0,0.0,0.0,0.0,0.0,0.0,0.0,0.0,4.269414257282076e-51,0,0.0,1,0,0.0,73,1,0.0,0.0,0.0,0.0
A000209,1.0,2470.0,2470.0,1.0,1.0,1.0,1.0,0.0,1.0,0.0,0.0,0.0,0.0,0.0,0.0,0.0,0.0,0.0,0.0,0.0,43.25547453703704,0.0,0.0,0.0,0.0,0.0,0.0,0.0,0.0,0.0,2,3.0,2.0,10.0,9.0,2.0,1.0,1.0,0.0,0.0,0.012012012012012012,0.006899099896544618,37,0.396969696969697,585,12,9.299999999999999,2,60,0.025,0.025,3793.313888888889,125.0
A000210,0.0,0.0,0.0,0.0,0.0,0.0,0.0,0.0,0.0,0.0,0.0,0.0,0.0,0.0,0.0,0.0,0.0,0.0,0.0,0.0,28.62859953703704,0.0,0.0,0.0,0.0,0.0,0.0,0.0,0.0,0.0,5,0.0,0.0,0.0,0.0,0.0,0.0,0.0,0.0,0.0,0.0,4.269414257282076e-51,0,0.0,1,0,0.0,74,1,0.0,0.0,0.0,0.0
A000211,5.0,26650.0,5330.0,1.0,2.0,1.0,1.0,5.0,0.0,0.0,0.0,0.0121162464985994,0.0,0.0,0.0,0.0,0.0,0.0,0.0,0.0,40.502627314814816,0.0,1.0,3.0,0.0,0.0,0.0,0.0,0.0,0.0,3,5.0,4.0,7.5,13.0,1.0,0.0,3.0,2.0,2.0,0.01901901901901902,0.014184616967947117,50,0.21857472232779607,585,19,15.1,0,68,0.02818627450980392,0.02622549019607843,2868.4758403361343,162.0
A000212,2.0,9460.0,4730.0,1.0,2.0,1.0,1.0,2.0,0.0,0.0,0.0,0.0,0.0,0.0,0.0,0.0,0.0,0.0,0.0,0.0,43.17206018518519,0.0,1.0,2.0,0.0,0.0,0.0,0.0,0.0,0.0,5,4.0,3.0,9.0,16.0,7.0,6.0,2.0,1.0,0.0,0.026026026026026026,0.021063754154459838,81,0.19274276328302983,585,26,21.2,9,39,0.0,0.0,3567.67094017094,77.0
A000213,7.0,15720.0,2245.714285714286,2.0,2.0,1.0,1.0,6.0,1.0,0.0,0.0,0.0102340425531914,0.0,0.0,0.0,0.0,0.0,0.0,0.0,0.0,41.390590277777775,0.0,0.0,4.0,0.0,0.0,0.0,0.0,0.0,0.0,1,3.0,4.0,5.0,8.0,3.0,2.0,1.0,0.0,2.0,0.013013013013013013,0.004799042830110845,19,0.18771625104554643,585,13,10.9,1,68,0.014705882352941176,0.014705882352941176,4302.5082866479925,152.0
A000214,0.0,0.0,0.0,0.0,0.0,0.0,0.0,0.0,0.0,0.0,0.0,0.0,0.0,0.0,0.0,0.0,0.0,0.0,0.0,0.0,25.228472222222223,0.0,0.0,0.0,0.0,0.0,0.0,0.0,0.0,0.0,5,0.0,0.0,0.0,0.0,0.0,0.0,0.0,0.0,0.0,0.0,4.269414257282076e-51,0,0.0,1,0,0.0,75,1,0.0,0.0,0.0,0.0
A000215,4.0,39480.0,9870.0,1.0,1.0,1.0,2.0,3.0,1.0,0.0,0.0,0.0907873288035742,0.0,0.0,0.0,0.0,0.0,0.0,0.0,0.0,36.05359953703704,0.0,1.0,4.0,0.0,0.0,0.0,0.0,0.0,0.0,2,6.0,5.0,5.0,4.0,4.0,3.0,4.0,6.0,2.0,0.018018018018018018,0.016106993165243926,31,0.1901170196192327,585,18,16.8,1,68,0.014705882352941176,0.014705882352941176,4302.5082866479925,152.0
A000216,0.0,0.0,0.0,0.0,0.0,0.0,0.0,0.0,0.0,0.0,0.0,0.0,0.0,0.0,0.0,0.0,0.0,0.0,0.0,0.0,22.145694444444445,0.0,0.0,0.0,0.0,0.0,0.0,0.0,0.0,0.0,7,0.0,0.0,0.0,0.0,0.0,0.0,0.0,0.0,0.0,0.0,4.269414257282076e-51,0,0.0,1,0,0.0,76,1,0.0,0.0,0.0,0.0
A000217,1.0,2610.0,2610.0,1.0,1.0,1.0,1.0,0.0,0.0,1.0,0.0,0.0,0.0,0.0,0.0,0.0,0.0,0.0,0.0,0.0,25.39173611111111,1.0,1.0,1.0,0.0,0.0,0.0,0.0,1.0,0.0,2,2.0,1.0,2.0,1.0,2.0,1.0,1.0,0.0,0.0,0.003003003003003003,0.00017992903695761894,0,0.0,585,3,2.7,9,39,0.0,0.0,3567.67094017094,77.0
A000218,2.0,5120.0,2560.0,1.0,2.0,1.0,2.0,2.0,0.0,0.0,0.0,0.0,0.0,0.0,0.0,0.0,0.0,0.0,0.0,0.0,33.96189814814815,0.0,1.0,2.0,0.0,0.0,0.0,0.0,0.0,0.0,4,1.0,0.0,3.0,4.0,5.0,4.0,2.0,2.0,0.0,0.009009009009009009,0.013076261387351795,10,0.25768741757280694,585,9,8.1,10,37,0.009009009009009009,0.009009009009009009,4372.995495495496,80.0
A000219,0.0,0.0,0.0,0.0,0.0,0.0,0.0,0.0,0.0,0.0,0.0,0.0,0.0,0.0,0.0,0.0,0.0,0.0,0.0,0.0,34.55105324074074,0.0,0.0,0.0,0.0,0.0,0.0,0.0,0.0,0.0,5,0.0,0.0,0.0,0.0,0.0,0.0,0.0,0.0,0.0,0.0,4.269414257282076e-51,0,0.0,1,0,0.0,77,1,0.0,0.0,0.0,0.0
A000220,2.0,4230.0,2115.0,1.0,1.0,1.0,1.0,2.0,0.0,0.0,0.0,0.0,0.0,0.0,0.0,0.0,0.0,0.0,0.0,0.0,44.87515046296296,0.0,1.0,2.0,0.0,0.0,0.0,0.0,0.0,0.0,3,7.0,6.0,7.0,6.0,3.0,2.0,4.0,3.0,1.0,0.016016016016016016,0.019004014908826958,37,0.2717131632231702,585,16,14.5,0,68,0.02818627450980392,0.02622549019607843,2868.4758403361343,162.0
A000221,4.0,9850.0,2462.5,2.0,1.0,1.0,2.0,4.0,0.0,0.0,0.0,0.0520834247076023,0.0,0.0,0.0,0.0,0.0,0.0,0.0,0.0,28.68809027777778,0.0,1.0,4.0,0.0,0.0,0.0,0.0,0.0,0.0,5,2.5,3.0,8.0,7.0,1.0,0.0,1.0,0.0,1.0,0.01001001001001001,0.003159368579719459,24,0.3933333333333333,585,10,7.8999999999999995,3,57,0.023391812865497075,0.021929824561403508,3958.1345029239765,119.0
A000222,1.0,2070.0,2070.0,1.0,1.0,1.0,1.0,1.0,0.0,0.0,0.0,0.0,0.0,0.0,0.0,0.0,0.0,0.0,0.0,0.0,35.4041550925926,0.0,0.0,0.0,0.0,0.0,0.0,0.0,0.0,0.0,0,2.0,1.0,7.0,6.0,1.0,0.0,3.0,2.0,0.0,0.009009009009009009,0.0023930771232216494,16,0.321899264341959,585,9,7.199999999999999,7,41,0.054878048780487805,0.04959349593495935,4002.6355013550137,103.0
A000223,1.0,3000.0,3000.0,1.0,1.0,1.0,1.0,1.0,0.0,0.0,0.0,0.1496133333333333,0.0,0.0,0.0,0.0,0.0,0.0,0.0,0.0,25.03914351851852,0.0,0.0,1.0,0.0,0.0,0.0,0.0,0.0,0.0,3,1.0,0.0,3.0,2.0,2.0,1.0,1.0,0.0,0.0,0.003003003003003003,0.0005118549614944798,1,0.2333333333333333,585,3,2.4,8,41,0.010975609756097562,0.00975609756097561,4760.349593495936,81.0
A000224,3.0,9420.0,3140.0,1.0,2.0,1.0,1.0,3.0,0.0,0.0,0.0,0.0207336860670194,0.0,0.0,0.0,0.0,0.0,0.0,0.0,0.0,31.549641203703704,0.0,1.0,3.0,0.0,0.0,0.0,0.0,0.0,0.0,4,2.0,1.0,3.0,4.0,2.0,1.0,2.0,1.0,0.0,0.007007007007007007,0.004133806378683249,2,0.06666666666666667,585,7,5.8,3,57,0.023391812865497075,0.021929824561403508,3958.1345029239765,119.0
A000225,3.0,14990.0,4996.666666666667,1.0,2.0,1.0,1.0,2.0,1.0,0.0,0.0,0.0,0.0,0.0,0.0,0.0,0.0,0.0,0.0,0.0,47.24222222222223,0.0,0.0,1.0,0.0,0.0,0.0,0.0,0.0,0.0,4,5.0,4.0,7.5,13.0,3.0,2.0,4.0,3.0,0.0,0.02102102102102102,0.022515972752124445,49,0.1818804387248895,585,21,17.4,6,42,0.023809523809523808,0.023809523809523808,3971.0997732426304,78.0
A000226,0.0,0.0,0.0,0.0,0.0,0.0,0.0,0.0,0.0,0.0,0.0,0.0,0.0,0.0,0.0,0.0,0.0,0.0,0.0,0.0,34.826400462962965,0.0,0.0,0.0,0.0,0.0,0.0,0.0,0.0,0.0,1,0.0,0.0,0.0,0.0,0.0,0.0,0.0,0.0,0.0,0.0,4.269414257282076e-51,0,0.0,1,0,0.0,78,1,0.0,0.0,0.0,0.0
A000227,1.0,2790.0,2790.0,1.0,1.0,1.0,1.0,1.0,0.0,0.0,0.0,0.0,0.0,0.0,0.0,0.0,0.0,0.0,0.0,0.0,22.85774305555556,0.0,0.0,1.0,0.0,0.0,0.0,0.0,0.0,0.0,6,2.0,1.0,1.0,0.0,1.0,0.0,3.0,2.0,0.0,0.003003003003003003,0.006264085760115998,1,0.3333333333333333,585,3,3.0,4,56,0.012499999999999999,0.011607142857142858,4977.3005952380945,128.0
A000228,1.0,5700.0,5700.0,1.0,1.0,1.0,1.0,0.0,0.0,1.0,0.0,0.0,0.0,0.0,0.0,0.0,0.0,0.0,0.0,0.0,45.08753472222222,0.0,0.0,1.0,0.0,0.0,0.0,0.0,0.0,0.0,1,6.0,5.0,11.0,10.0,7.0,6.0,3.0,2.0,0.0,0.023023023023023025,0.049343607111235456,76,0.2443386386760388,585,23,20.0,3,57,0.023391812865497075,0.021929824561403508,3958.1345029239765,119.0
A000229,1.0,670.0,670.0,1.0,1.0,1.0,1.0,1.0,0.0,0.0,0.0,0.0,0.0,0.0,0.0,0.0,0.0,0.0,0.0,0.0,26.77435185185185,0.0,1.0,1.0,0.0,0.0,0.0,0.0,0.0,0.0,4,8.0,7.0,7.0,6.0,7.0,6.0,1.0,0.0,2.0,0.01901901901901902,0.009770853428976293,52,0.27763904981317616,585,19,17.2,11,25,0.0,0.0,3853.6,51.0
A000230,0.0,0.0,0.0,0.0,0.0,0.0,0.0,0.0,0.0,0.0,0.0,0.0,0.0,0.0,0.0,0.0,0.0,0.0,0.0,0.0,21.096863425925925,0.0,0.0,0.0,0.0,0.0,0.0,0.0,0.0,0.0,3,0.0,0.0,0.0,0.0,0.0,0.0,0.0,0.0,0.0,0.0,4.269414257282076e-51,0,0.0,1,0,0.0,79,1,0.0,0.0,0.0,0.0
A000231,0.0,0.0,0.0,0.0,0.0,0.0,0.0,0.0,0.0,0.0,0.0,0.0,0.0,0.0,0.0,0.0,0.0,0.0,0.0,0.0,26.941666666666663,0.0,0.0,0.0,0.0,0.0,0.0,0.0,0.0,0.0,3,0.0,0.0,0.0,0.0,0.0,0.0,0.0,0.0,0.0,0.0,4.269414257282076e-51,0,0.0,1,0,0.0,80,1,0.0,0.0,0.0,0.0
A000232,2.0,8070.0,4035.0,1.0,1.0,1.0,1.0,1.0,0.0,1.0,0.0,0.0691060606060606,0.0,0.0,0.0,0.0,0.0,0.0,0.0,0.0,29.06615740740741,0.0,1.0,2.0,0.0,0.0,0.0,0.0,0.0,0.0,3,1.0,0.0,7.0,6.0,2.0,1.0,3.0,2.0,0.0,0.009009009009009009,0.0050583135793113455,17,0.34656326439036456,585,9,7.199999999999999,0,68,0.02818627450980392,0.02622549019607843,2868.4758403361343,162.0
A000233,2.0,32880.0,16440.0,1.0,2.0,1.0,1.0,1.0,0.0,1.0,0.0,0.0,0.0,0.0,0.0,0.0,0.0,0.0,0.0,0.0,32.88780092592592,0.0,1.0,1.0,0.0,0.0,0.0,0.0,0.0,0.0,4,2.0,1.0,5.0,8.0,1.0,0.0,6.0,5.0,0.0,0.013013013013013013,0.004395836557490526,26,0.27745984078913616,585,13,10.9,4,56,0.012499999999999999,0.011607142857142858,4977.3005952380945,128.0
A000234,0.0,0.0,0.0,0.0,0.0,0.0,0.0,0.0,0.0,0.0,0.0,0.0,0.0,0.0,0.0,0.0,0.0,0.0,0.0,0.0,45.13614583333333,0.0,0.0,0.0,0.0,0.0,0.0,0.0,0.0,0.0,0,0.0,0.0,0.0,0.0,0.0,0.0,0.0,0.0,0.0,0.0,4.269414257282076e-51,0,0.0,1,0,0.0,81,1,0.0,0.0,0.0,0.0
A000235,3.0,9960.0,3320.0,1.0,2.0,1.0,1.0,2.0,0.0,1.0,0.0,0.0,0.0,0.0,0.0,0.0,0.0,0.0,0.0,0.0,45.03255787037037,0.0,0.0,1.0,0.0,0.0,0.0,0.0,0.0,0.0,2,4.0,3.0,10.5,19.0,3.0,2.0,3.0,2.0,1.0,0.024024024024024024,0.03318425865035528,96,0.2567189684739756,585,24,18.9,7,41,0.054878048780487805,0.04959349593495935,4002.6355013550137,103.0
A000236,2.0,4790.0,2395.0,1.0,1.0,1.0,2.0,2.0,0.0,0.0,0.0,0.0,0.0,0.0,0.0,0.0,0.0,0.0,0.0,0.0,36.19806712962963,0.0,1.0,2.0,0.0,0.0,0.0,0.0,0.0,0.0,2,1.0,0.0,5.0,4.0,7.0,6.0,1.5,1.0,0.0,0.01001001001001001,0.011192880325644358,21,0.4325582344207016,585,10,9.1,9,39,0.0,0.0,3567.67094017094,77.0
A000237,2.0,4930.0,2465.0,1.0,1.0,1.0,1.0,2.0,0.0,0.0,0.5,0.1932119741100323,0.0,0.0,0.0,0.0,0.0,0.0,0.0,0.0,36.48643518518519,0.0,0.0,1.0,0.0,0.0,0.0,0.0,0.0,0.0,3,4.0,3.0,6.0,5.0,1.0,0.0,2.0,1.0,0.0,0.009009009009009009,0.005871740415590579,13,0.27777777777777773,585,9,7.5,0,68,0.02818627450980392,0.02622549019607843,2868.4758403361343,162.0
A000238,1.0,3520.0,3520.0,1.0,1.0,1.0,1.0,1.0,0.0,0.0,0.0,0.0,0.0,0.0,0.0,0.0,0.0,0.0,0.0,0.0,23.31658564814815,0.0,1.0,1.0,0.0,0.0,0.0,0.0,0.0,0.0,3,2.0,1.0,2.0,1.0,2.0,1.0,2.0,1.0,0.0,0.004004004004004004,0.001125539406423053,0,0.0,585,4,3.7,0,68,0.02818627450980392,0.02622549019607843,2868.4758403361343,162.0
A000239,0.0,0.0,0.0,0.0,0.0,0.0,0.0,0.0,0.0,0.0,0.0,0.0,0.0,0.0,0.0,0.0,0.0,0.0,0.0,0.0,26.821898148148147,0.0,0.0,0.0,0.0,0.0,0.0,0.0,0.0,0.0,3,0.0,0.0,0.0,0.0,0.0,0.0,0.0,0.0,0.0,0.0,4.269414257282076e-51,0,0.0,1,0,0.0,82,1,0.0,0.0,0.0,0.0
A000240,7.0,27640.0,3948.571428571429,1.0,1.0,1.0,2.0,6.0,0.0,1.0,0.0,0.0,0.0,0.0,0.0,0.0,0.0,0.0,0.0,0.0,45.96508101851852,0.0,0.0,6.0,0.0,0.0,0.0,0.0,0.0,0.0,7,4.0,3.0,4.0,3.0,5.0,4.0,5.0,8.0,1.0,0.018018018018018018,0.034381244220203055,37,0.23171604598762258,585,18,17.1,1,68,0.014705882352941176,0.014705882352941176,4302.5082866479925,152.0
A000241,4.0,36420.0,9105.0,1.0,1.0,1.0,2.0,3.0,0.0,1.0,0.0,0.0,0.0,0.0,0.0,0.0,0.0,0.0,0.0,0.0,22.99414351851852,0.0,1.0,4.0,0.0,0.0,0.0,0.0,0.0,0.0,2,2.0,1.0,11.0,10.0,1.0,0.0,1.5,1.0,1.0,0.012012012012012012,0.006724111143524567,46,0.4918957658929026,585,12,9.0,9,39,0.0,0.0,3567.67094017094,77.0
A000242,1.0,2620.0,2620.0,1.0,1.0,1.0,1.0,1.0,0.0,0.0,0.0,0.0,0.0,0.0,0.0,0.0,0.0,0.0,0.0,0.0,29.084467592592592,0.0,0.0,1.0,0.0,0.0,0.0,0.0,0.0,0.0,4,4.0,3.0,10.0,9.0,1.0,0.0,4.0,3.0,1.0,0.014014014014014014,0.009831678245434274,42,0.350626243192134,585,14,11.6,0,68,0.02818627450980392,0.02622549019607843,2868.4758403361343,162.0
A000243,2.0,4420.0,2210.0,2.0,2.0,1.0,2.0,1.0,1.0,0.0,0.0,0.0,0.0,0.0,0.0,0.0,0.0,0.0,0.0,0.0,47.45644675925926,1.0,1.0,2.0,0.0,0.0,0.0,0.0,1.0,0.0,2,6.5,11.0,8.0,14.0,8.0,7.0,3.5,5.0,0.0,0.037037037037037035,0.04328099246044322,112,0.14381519230585238,585,37,32.8,9,39,0.0,0.0,3567.67094017094,77.0
A000244,1.0,1860.0,1860.0,1.0,1.0,1.0,1.0,1.0,0.0,0.0,0.0,0.0,0.0,0.0,0.0,0.0,0.0,0.0,0.0,0.0,23.272916666666667,0.0,0.0,1.0,0.0,0.0,0.0,0.0,0.0,0.0,3,1.0,0.0,1.0,0.0,3.0,2.0,2.0,1.0,0.0,0.003003003003003003,0.0031213525597565167,1,0.3333333333333333,585,3,3.0,8,41,0.010975609756097562,0.00975609756097561,4760.349593495936,81.0
A000245,1.0,1170.0,1170.0,1.0,1.0,1.0,1.0,1.0,0.0,0.0,0.0,0.0,0.0,0.0,0.0,0.0,0.0,0.0,0.0,0.0,27.54467592592593,0.0,0.0,1.0,0.0,0.0,0.0,0.0,0.0,0.0,3,2.0,1.0,1.0,0.0,6.0,5.0,2.0,1.0,0.0,0.007007007007007007,0.005614764967198281,10,0.47619047619047616,585,7,7.0,6,42,0.023809523809523808,0.023809523809523808,3971.0997732426304,78.0
A000246,1.0,5170.0,5170.0,1.0,1.0,1.0,1.0,1.0,0.0,0.0,0.0,0.0,0.0,0.0,0.0,0.0,0.0,0.0,0.0,0.0,28.591284722222223,0.0,0.0,1.0,0.0,0.0,0.0,0.0,0.0,0.0,3,1.0,0.0,1.0,0.0,2.0,1.0,5.0,4.0,0.0,0.005005005005005005,0.0024115846930638967,6,0.6,585,5,5.0,4,56,0.012499999999999999,0.011607142857142858,4977.3005952380945,128.0
A000247,1.0,3800.0,3800.0,1.0,1.0,1.0,1.0,0.0,0.0,1.0,0.0,0.0,0.0,0.0,0.0,0.0,0.0,0.0,0.0,0.0,23.94736111111111,0.0,1.0,1.0,0.0,0.0,0.0,0.0,0.0,0.0,1,1.0,0.0,7.0,6.0,1.0,0.0,1.0,0.0,0.0,0.006006006006006006,0.0013310606630800035,15,0.7058915677540349,585,6,4.199999999999999,4,56,0.012499999999999999,0.011607142857142858,4977.3005952380945,128.0
A000248,0.0,0.0,0.0,0.0,0.0,0.0,0.0,0.0,0.0,0.0,0.0,0.0,0.0,0.0,0.0,0.0,0.0,0.0,0.0,0.0,26.938530092592597,0.0,0.0,0.0,0.0,0.0,0.0,0.0,0.0,0.0,3,0.0,0.0,0.0,0.0,0.0,0.0,0.0,0.0,0.0,0.0,4.269414257282076e-51,0,0.0,1,0,0.0,83,1,0.0,0.0,0.0,0.0
A000249,2.0,4850.0,2425.0,1.0,1.0,1.0,1.0,1.0,0.0,1.0,0.0,0.0707,0.0,0.0,0.0,0.0,0.0,0.0,0.0,0.0,39.4384375,0.0,0.0,1.0,0.0,0.0,0.0,0.0,0.0,0.0,3,2.0,1.0,5.0,4.0,1.0,0.0,3.0,2.0,1.0,0.007007007007007007,0.0016427172324106336,7,0.24761904761904757,585,7,5.8,2,60,0.025,0.025,3793.313888888889,125.0
A000250,0.0,0.0,0.0,0.0,0.0,0.0,0.0,0.0,0.0,0.0,0.0,0.0,0.0,0.0,0.0,0.0,0.0,0.0,0.0,0.0,22.12236111111111,0.0,0.0,0.0,0.0,0.0,0.0,0.0,0.0,0.0,6,0.0,0.0,0.0,0.0,0.0,0.0,0.0,0.0,0.0,0.0,4.269414257282076e-51,0,0.0,1,0,0.0,84,1,0.0,0.0,0.0,0.0
A000251,2.0,6930.0,3465.0,1.0,1.0,1.0,2.0,2.0,0.0,0.0,0.0,0.0,0.0,0.0,0.0,0.0,0.0,0.0,0.0,0.0,45.71428240740741,0.0,0.0,1.0,0.0,0.0,0.0,0.0,0.0,0.0,3,4.0,3.0,5.0,4.0,2.0,1.0,3.5,5.0,0.0,0.012012012012012012,0.013663964972196138,15,0.1966031515679576,585,12,10.8,9,39,0.0,0.0,3567.67094017094,77.0
A000252,2.0,5340.0,2670.0,1.0,1.0,1.0,1.0,2.0,0.0,0.0,0.0,0.0669969879518072,0.0,0.0,0.0,0.0,0.0,0.0,0.0,0.0,28.612743055555555,0.0,0.0,2.0,0.0,0.0,0.0,0.0,0.0,0.0,3,2.0,1.0,4.0,3.0,8.0,7.0,5.0,4.0,0.0,0.015015015015015015,0.02838331317388761,31,0.2855990857308819,585,15,14.1,2,60,0.025,0.025,3793.313888888889,125.0
A000253,1.0,1910.0,1910.0,1.0,1.0,1.0,1.0,1.0,0.0,0.0,0.0,0.0,0.0,0.0,0.0,0.0,0.0,0.0,0.0,0.0,38.883726851851854,0.0,0.0,1.0,0.0,0.0,0.0,0.0,0.0,0.0,3,4.0,3.0,4.0,3.0,2.0,1.0,7.0,6.0,0.0,0.013013013013013013,0.02316183480273573,22,0.2690756923300333,585,13,12.1,1,68,0.014705882352941176,0.014705882352941176,4302.5082866479925,152.0
A000254,2.0,2710.0,1355.0,1.0,2.0,1.0,1.0,2.0,0.0,0.0,0.0,0.0,0.0,0.0,0.0,0.0,0.0,0.0,0.0,0.0,22.47707175925926,0.0,1.0,2.0,0.0,0.0,0.0,0.0,0.0,0.0,2,3.0,2.0,4.5,7.0,7.0,6.0,1.0,0.0,1.0,0.015015015015015015,0.004578969219904299,25,0.21238095238095236,585,15,12.9,3,57,0.023391812865497075,0.021929824561403508,3958.1345029239765,119.0
A000255,1.0,2540.0,2540.0,1.0,1.0,1.0,1.0,0.0,0.0,1.0,0.0,0.0,0.0,0.0,0.0,0.0,0.0,0.0,0.0,0.0,22.85193287037037,1.0,1.0,1.0,0.0,0.0,0.0,0.0,1.0,0.0,6,4.0,3.0,4.0,3.0,3.0,2.0,2.0,1.0,0.0,0.009009009009009009,0.00598571370046184,7,0.16944444444444445,585,9,8.1,2,60,0.025,0.025,3793.313888888889,125.0
A000256,0.0,0.0,0.0,0.0,0.0,0.0,0.0,0.0,0.0,0.0,0.0,0.0,0.0,0.0,0.0,0.0,0.0,0.0,0.0,0.0,45.942083333333336,0.0,0.0,0.0,0.0,0.0,0.0,0.0,0.0,0.0,4,0.0,0.0,0.0,0.0,0.0,0.0,0.0,0.0,0.0,0.0,4.269414257282076e-51,0,0.0,1,0,0.0,85,1,0.0,0.0,0.0,0.0
A000257,1.0,3220.0,3220.0,1.0,1.0,1.0,1.0,1.0,0.0,0.0,0.0,0.0671739130434782,1.0,120.0,1.0,3220.0,0.0,1.0,1.0,0.0,39.0855787037037,0.0,0.0,0.0,0.0,0.0,1.0,0.0,0.0,0.0,3,3.0,2.0,3.0,2.0,1.0,0.0,4.0,3.0,0.0,0.007007007007007007,0.002301629253656539,6,0.26609066674964765,585,7,6.4,2,60,0.025,0.025,3793.313888888889,125.0
A000258,1.0,4080.0,4080.0,1.0,1.0,1.0,1.0,1.0,0.0,0.0,0.0,0.0799656862745098,0.0,0.0,0.0,0.0,0.0,0.0,0.0,0.0,25.45622685185185,0.0,0.0,1.0,0.0,0.0,0.0,0.0,0.0,0.0,6,5.0,4.0,4.0,3.0,2.0,1.0,2.0,1.0,0.0,0.009009009009009009,0.002289331661831797,9,0.22499999999999998,585,9,8.1,4,56,0.012499999999999999,0.011607142857142858,4977.3005952380945,128.0
A000259,0.0,0.0,0.0,0.0,0.0,0.0,0.0,0.0,0.0,0.0,0.0,0.0,0.0,0.0,0.0,0.0,0.0,0.0,0.0,0.0,22.415347222222223,0.0,0.0,0.0,0.0,0.0,0.0,0.0,0.0,0.0,0,0.0,0.0,0.0,0.0,0.0,0.0,0.0,0.0,0.0,0.0,4.269414257282076e-51,0,0.0,1,0,0.0,86,1,0.0,0.0,0.0,0.0
A000260,1.0,510.0,510.0,1.0,1.0,1.0,1.0,1.0,0.0,0.0,1.0,0.3879019607843137,0.0,0.0,0.0,0.0,0.0,0.0,0.0,0.0,24.53988425925926,0.0,1.0,1.0,0.0,0.0,0.0,0.0,0.0,0.0,4,1.0,0.0,3.0,2.0,1.0,0.0,1.0,0.0,0.0,0.002002002002002002,0.00025402561887102036,1,0.7,585,2,1.4,11,25,0.0,0.0,3853.6,51.0
A000261,2.0,9400.0,4700.0,1.0,1.0,1.0,1.0,2.0,0.0,0.0,0.0,0.0,0.0,0.0,0.0,0.0,0.0,0.0,0.0,0.0,31.52486111111111,0.0,0.0,2.0,0.0,0.0,0.0,0.0,0.0,0.0,4,4.0,3.0,4.0,3.0,4.0,3.0,1.0,0.0,1.0,0.009009009009009009,0.006696347803718749,10,0.24966400004840558,585,9,8.1,8,41,0.010975609756097562,0.00975609756097561,4760.349593495936,81.0
A000262,1.0,3580.0,3580.0,1.0,1.0,1.0,1.0,1.0,0.0,0.0,0.0,0.0,0.0,0.0,0.0,0.0,0.0,0.0,0.0,0.0,49.0610300925926,0.0,0.0,0.0,0.0,0.0,0.0,0.0,0.0,0.0,2,6.0,5.0,15.0,14.0,8.0,7.0,7.0,6.0,0.0,0.02702702702702703,0.0810138690543532,140,0.340538003326146,585,27,24.3,10,37,0.009009009009009009,0.009009009009009009,4372.995495495496,80.0
A000263,0.0,0.0,0.0,0.0,0.0,0.0,0.0,0.0,0.0,0.0,0.0,0.0,0.0,0.0,0.0,0.0,0.0,0.0,0.0,0.0,30.10320601851852,0.0,0.0,0.0,0.0,0.0,0.0,0.0,0.0,0.0,0,0.0,0.0,0.0,0.0,0.0,0.0,0.0,0.0,0.0,0.0,4.269414257282076e-51,0,0.0,1,0,0.0,87,1,0.0,0.0,0.0,0.0
A000264,2.0,3320.0,1660.0,1.0,1.0,1.0,1.0,2.0,0.0,0.0,0.0,0.0,0.0,0.0,0.0,0.0,0.0,0.0,0.0,0.0,29.045023148148147,0.0,0.0,2.0,0.0,0.0,0.0,0.0,0.0,0.0,2,2.0,1.0,11.0,10.0,1.0,0.0,2.0,1.0,0.0,0.012012012012012012,0.006209632040114227,45,0.4799507126154704,585,12,9.0,9,39,0.0,0.0,3567.67094017094,77.0
A000265,2.0,17880.0,8940.0,2.0,1.0,1.0,2.0,2.0,0.0,0.0,0.0,0.0,0.0,0.0,0.0,0.0,0.0,0.0,0.0,0.0,26.06341435185185,0.0,0.0,2.0,0.0,0.0,0.0,0.0,0.0,0.0,4,3.5,5.0,2.0,1.0,2.0,1.0,2.0,2.0,1.0,0.009009009009009009,0.0023687636398687013,13,0.35488355565236673,585,9,8.7,6,42,0.023809523809523808,0.023809523809523808,3971.0997732426304,78.0
A000266,3.0,5690.0,1896.6666666666667,1.0,2.0,1.0,1.0,2.0,0.0,1.0,0.0,0.0,0.0,0.0,0.0,0.0,0.0,0.0,0.0,0.0,40.8537037037037,0.0,1.0,3.0,0.0,0.0,0.0,0.0,0.0,0.0,4,2.0,1.0,4.5,7.0,1.0,0.0,1.0,0.0,0.0,0.008008008008008008,0.0016572254404432715,9,0.225,585,8,5.8999999999999995,0,68,0.02818627450980392,0.02622549019607843,2868.4758403361343,162.0
A000267,7.0,20740.0,2962.8571428571427,2.0,1.0,1.0,2.0,5.0,0.0,2.0,0.0,0.0163514931396287,0.0,0.0,0.0,0.0,0.0,0.0,0.0,0.0,37.17289351851852,1.0,1.0,7.0,0.0,0.0,0.0,0.0,1.0,0.0,0,5.5,9.0,8.0,7.0,4.0,3.0,2.0,2.0,1.0,0.02102102102102102,0.03737741371639702,55,0.2307840525445888,585,21,18.9,6,42,0.023809523809523808,0.023809523809523808,3971.0997732426304,78.0
A000268,1.0,3830.0,3830.0,1.0,1.0,1.0,1.0,0.0,0.0,1.0,0.0,0.071911227154047,0.0,0.0,0.0,0.0,0.0,0.0,0.0,0.0,28.59144675925926,1.0,1.0,1.0,0.0,0.0,0.0,0.0,1.0,0.0,3,1.0,0.0,5.0,4.0,1.0,0.0,1.0,0.0,0.0,0.004004004004004004,0.0022650404431073007,6,0.6999999999999998,585,4,2.8,0,68,0.02818627450980392,0.02622549019607843,2868.4758403361343,162.0
A000269,1.0,4270.0,4270.0,1.0,1.0,1.0,1.0,1.0,0.0,0.0,0.0,0.0,0.0,0.0,0.0,0.0,0.0,0.0,0.0,0.0,27.342465277777777,0.0,1.0,1.0,0.0,0.0,0.0,0.0,0.0,0.0,2,6.0,5.0,3.0,2.0,9.0,8.0,1.0,0.0,0.0,0.015015015015015015,0.004731541503801907,40,0.37702765715945336,585,15,14.4,6,42,0.023809523809523808,0.023809523809523808,3971.0997732426304,78.0
A000270,1.0,4870.0,4870.0,1.0,1.0,1.0,1.0,1.0,0.0,0.0,0.0,0.0,0.0,0.0,0.0,0.0,0.0,0.0,0.0,0.0,48.71905092592593,0.0,0.0,0.0,0.0,0.0,0.0,0.0,0.0,0.0,5,4.0,3.0,20.0,19.0,11.0,10.0,5.0,4.0,0.0,0.036036036036036036,0.08962455231524612,230,0.28416389709812423,585,36,30.3,5,51,0.01633986928104575,0.014705882352941176,3327.3856209150326,115.0
A000271,1.0,4930.0,4930.0,1.0,1.0,1.0,1.0,1.0,0.0,0.0,0.0,0.0,0.0,0.0,0.0,0.0,0.0,0.0,0.0,0.0,24.503194444444443,0.0,0.0,1.0,0.0,0.0,0.0,0.0,0.0,0.0,4,1.0,0.0,1.0,0.0,2.0,1.0,1.0,0.0,0.0,0.001001001001001001,0.0004758610621784103,0,0.0,585,1,1.0,4,56,0.012499999999999999,0.011607142857142858,4977.3005952380945,128.0
A000272,4.0,7360.0,1840.0,1.0,1.0,1.0,2.0,3.0,0.0,1.0,0.0,0.0192625,0.0,0.0,0.0,0.0,0.0,0.0,0.0,0.0,48.74665509259259,0.0,2.0,2.0,0.0,0.0,0.0,0.0,0.0,0.0,4,4.0,3.0,15.0,14.0,5.0,4.0,4.5,7.0,0.0,0.025025025025025023,0.062374847245091014,117,0.3055535466231534,585,25,21.4,1,68,0.014705882352941176,0.014705882352941176,4302.5082866479925,152.0
A000273,1.0,2450.0,2450.0,1.0,1.0,1.0,1.0,1.0,0.0,0.0,0.0,0.0,0.0,0.0,0.0,0.0,0.0,0.0,0.0,0.0,46.913842592592594,0.0,1.0,1.0,0.0,0.0,0.0,0.0,0.0,0.0,2,6.0,5.0,10.0,9.0,2.0,1.0,7.0,6.0,0.0,0.02102102102102102,0.03613909469276778,64,0.254062021669877,585,21,18.3,11,25,0.0,0.0,3853.6,51.0
A000274,1.0,3880.0,3880.0,1.0,1.0,1.0,1.0,1.0,0.0,0.0,0.0,0.0,0.0,0.0,0.0,0.0,0.0,0.0,0.0,0.0,46.04078703703704,0.0,0.0,1.0,0.0,0.0,0.0,0.0,0.0,0.0,3,4.0,3.0,7.0,6.0,2.0,1.0,2.0,1.0,0.0,0.011011011011011011,0.015132032836070348,18,0.24706133666019134,585,11,9.2,4,56,0.012499999999999999,0.011607142857142858,4977.3005952380945,128.0
A000275,0.0,0.0,0.0,0.0,0.0,0.0,0.0,0.0,0.0,0.0,0.0,0.0,0.0,0.0,0.0,0.0,0.0,0.0,0.0,0.0,31.146377314814814,0.0,0.0,0.0,0.0,0.0,0.0,0.0,0.0,0.0,2,0.0,0.0,0.0,0.0,0.0,0.0,0.0,0.0,0.0,0.0,4.269414257282076e-51,0,0.0,1,0,0.0,88,1,0.0,0.0,0.0,0.0
A000276,0.0,0.0,0.0,0.0,0.0,0.0,0.0,0.0,0.0,0.0,0.0,0.0,0.0,0.0,0.0,0.0,0.0,0.0,0.0,0.0,24.960127314814816,0.0,0.0,0.0,0.0,0.0,0.0,0.0,0.0,0.0,2,0.0,0.0,0.0,0.0,0.0,0.0,0.0,0.0,0.0,0.0,4.269414257282076e-51,0,0.0,1,0,0.0,89,1,0.0,0.0,0.0,0.0
A000277,1.0,13140.0,13140.0,1.0,1.0,1.0,1.0,1.0,0.0,0.0,0.0,0.0,0.0,0.0,0.0,0.0,0.0,0.0,0.0,0.0,49.1590162037037,0.0,0.0,0.0,0.0,0.0,0.0,0.0,0.0,0.0,0,6.0,5.0,8.0,7.0,3.0,2.0,5.0,4.0,0.0,0.018018018018018018,0.03909009766727001,50,0.2779934875636341,585,18,15.9,1,68,0.014705882352941176,0.014705882352941176,4302.5082866479925,152.0
A000278,1.0,820.0,820.0,1.0,1.0,1.0,1.0,0.0,0.0,1.0,0.0,0.0,0.0,0.0,0.0,0.0,0.0,0.0,0.0,0.0,25.22394675925926,1.0,1.0,1.0,0.0,0.0,0.0,0.0,1.0,0.0,6,3.0,2.0,1.0,0.0,3.0,2.0,1.0,0.0,0.0,0.004004004004004004,0.0016660008667800917,2,0.3333333333333333,585,4,4.0,3,57,0.023391812865497075,0.021929824561403508,3958.1345029239765,119.0
A000279,2.0,8980.0,4490.0,1.0,2.0,1.0,2.0,2.0,0.0,0.0,0.0,0.0,0.0,0.0,0.0,0.0,0.0,0.0,0.0,0.0,27.47372685185185,0.0,0.0,2.0,0.0,0.0,0.0,0.0,0.0,0.0,1,1.0,0.0,7.0,12.0,2.0,1.0,1.0,0.0,0.0,0.013013013013013013,0.013964860073466916,47,0.4251938531914304,585,13,9.399999999999999,3,57,0.023391812865497075,0.021929824561403508,3958.1345029239765,119.0
A000280,3.0,11640.0,3880.0,1.0,2.0,1.0,1.0,3.0,0.0,0.0,0.0,0.0,0.0,0.0,0.0,0.0,0.0,0.0,0.0,0.0,41.62165509259259,0.0,1.0,3.0,0.0,0.0,0.0,0.0,0.0,0.0,4,8.0,7.0,4.5,7.0,2.0,1.0,2.0,1.0,2.0,0.016016016016016016,0.008725723935153676,30,0.22823644596925435,585,16,13.9,11,25,0.0,0.0,3853.6,51.0
A000281,2.0,20280.0,10140.0,2.0,1.0,1.0,1.0,1.0,0.0,1.0,0.0,0.0,0.0,0.0,0.0,0.0,0.0,0.0,0.0,0.0,30.96819444444445,0.0,0.0,2.0,0.0,0.0,0.0,0.0,0.0,0.0,4,4.0,6.0,7.0,6.0,6.0,5.0,4.0,3.0,1.0,0.02002002002002002,0.013184738881516622,35,0.16040146062133223,585,20,18.2,1,68,0.014705882352941176,0.014705882352941176,4302.5082866479925,152.0
A000282,1.0,4680.0,4680.0,1.0,1.0,1.0,1.0,1.0,0.0,0.0,0.0,0.0,0.0,0.0,0.0,0.0,0.0,0.0,0.0,0.0,45.4665625,0.0,1.0,1.0,0.0,0.0,0.0,0.0,0.0,0.0,3,3.0,2.0,4.0,3.0,5.0,4.0,6.0,5.0,0.0,0.013013013013013013,0.013077853586474408,21,0.2585211671072263,585,13,12.4,10,37,0.009009009009009009,0.009009009009009009,4372.995495495496,80.0
A000283,0.0,0.0,0.0,0.0,0.0,0.0,0.0,0.0,0.0,0.0,0.0,0.0,0.0,0.0,0.0,0.0,0.0,0.0,0.0,0.0,48.501921296296295,0.0,0.0,0.0,0.0,0.0,0.0,0.0,0.0,0.0,4,0.0,0.0,0.0,0.0,0.0,0.0,0.0,0.0,0.0,0.0,4.269414257282076e-51,0,0.0,1,0,0.0,90,1,0.0,0.0,0.0,0.0
A000284,1.0,14810.0,14810.0,1.0,1.0,1.0,1.0,1.0,0.0,0.0,0.0,0.0,0.0,0.0,0.0,0.0,0.0,0.0,0.0,0.0,22.067546296296296,0.0,0.0,1.0,0.0,0.0,0.0,0.0,0.0,0.0,6,3.0,2.0,8.0,7.0,2.0,1.0,2.0,1.0,0.0,0.011011011011011011,0.005026301897433931,22,0.28545454545454546,585,11,8.9,2,60,0.025,0.025,3793.313888888889,125.0
A000285,2.0,16900.0,8450.0,1.0,1.0,1.0,2.0,1.0,0.0,1.0,0.0,0.0,0.0,0.0,0.0,0.0,0.0,0.0,0.0,0.0,43.08196759259259,0.0,1.0,2.0,0.0,0.0,0.0,0.0,0.0,0.0,2,3.0,2.0,5.0,4.0,2.0,1.0,2.5,3.0,0.0,0.01001001001001001,0.003799408216213254,8,0.13777777777777778,585,10,8.8,1,68,0.014705882352941176,0.014705882352941176,4302.5082866479925,152.0
A000286,2.0,4970.0,2485.0,2.0,1.0,1.0,1.0,1.0,0.0,1.0,0.0,0.043650406504065,0.0,0.0,0.0,0.0,0.0,0.0,0.0,0.0,30.595219907407408,0.0,1.0,2.0,0.0,0.0,0.0,0.0,0.0,0.0,10,2.5,3.0,11.0,10.0,1.0,0.0,2.0,1.0,0.0,0.013013013013013013,0.0074277543497524605,48,0.45363763029622106,585,13,10.299999999999999,9,39,0.0,0.0,3567.67094017094,77.0
A000287,1.0,500.0,500.0,1.0,1.0,1.0,1.0,1.0,0.0,0.0,0.0,0.0,0.0,0.0,0.0,0.0,0.0,0.0,0.0,0.0,26.77204861111111,0.0,0.0,1.0,0.0,0.0,0.0,0.0,0.0,0.0,4,3.0,2.0,3.0,2.0,2.0,1.0,1.0,0.0,0.0,0.005005005005005005,0.0017369853863543879,2,0.16999999999999998,585,5,4.4,1,68,0.014705882352941176,0.014705882352941176,4302.5082866479925,152.0
A000288,0.0,0.0,0.0,0.0,0.0,0.0,0.0,0.0,0.0,0.0,0.0,0.0,0.0,0.0,0.0,0.0,0.0,0.0,0.0,0.0,25.462291666666665,0.0,0.0,0.0,0.0,0.0,0.0,0.0,0.0,0.0,6,0.0,0.0,0.0,0.0,0.0,0.0,0.0,0.0,0.0,0.0,4.269414257282076e-51,0,0.0,1,0,0.0,91,1,0.0,0.0,0.0,0.0
A000289,0.0,0.0,0.0,0.0,0.0,0.0,0.0,0.0,0.0,0.0,0.0,0.0,0.0,0.0,0.0,0.0,0.0,0.0,0.0,0.0,29.754490740740746,0.0,0.0,0.0,0.0,0.0,0.0,0.0,0.0,0.0,3,0.0,0.0,0.0,0.0,0.0,0.0,0.0,0.0,0.0,0.0,4.269414257282076e-51,0,0.0,1,0,0.0,92,1,0.0,0.0,0.0,0.0
A000290,1.0,1430.0,1430.0,1.0,1.0,1.0,1.0,0.0,1.0,0.0,0.0,0.0,0.0,0.0,0.0,0.0,0.0,0.0,0.0,0.0,36.77035879629629,0.0,0.0,0.0,0.0,0.0,0.0,0.0,0.0,0.0,4,2.0,1.0,4.0,3.0,2.0,1.0,4.0,3.0,0.0,0.008008008008008008,0.004020451663768774,6,0.18214285714285716,585,8,7.1,1,68,0.014705882352941176,0.014705882352941176,4302.5082866479925,152.0
A000291,4.0,30870.0,7717.5,2.0,1.0,1.0,1.0,4.0,0.0,0.0,0.25,0.0975,0.0,0.0,0.0,0.0,0.0,0.0,0.0,0.0,44.14832175925926,0.0,0.0,2.0,0.0,0.0,0.0,0.0,0.0,0.0,4,5.0,7.0,7.0,6.0,2.0,1.0,2.0,1.0,0.0,0.015015015015015015,0.016671115348957682,30,0.24072198098557335,585,15,13.2,7,41,0.054878048780487805,0.04959349593495935,4002.6355013550137,103.0
A000292,1.0,4160.0,4160.0,1.0,1.0,1.0,1.0,1.0,0.0,0.0,0.0,0.0,0.0,0.0,0.0,0.0,0.0,0.0,0.0,0.0,34.34467592592593,0.0,0.0,1.0,0.0,0.0,0.0,0.0,0.0,0.0,3,3.0,2.0,1.0,0.0,9.0,8.0,3.0,2.0,0.0,0.012012012012012012,0.004335225908803035,32,0.48145163641644245,585,12,12.0,6,42,0.023809523809523808,0.023809523809523808,3971.0997732426304,78.0
A000293,1.0,2240.0,2240.0,1.0,1.0,1.0,1.0,1.0,0.0,0.0,0.0,0.0,0.0,0.0,0.0,0.0,0.0,0.0,0.0,0.0,28.38953703703704,0.0,0.0,1.0,0.0,0.0,0.0,0.0,0.0,0.0,4,3.0,2.0,2.0,1.0,2.0,1.0,1.0,0.0,0.0,0.004004004004004004,0.0017827080574204603,1,0.16666666666666666,585,4,3.7,2,60,0.025,0.025,3793.313888888889,125.0
A000294,3.0,8430.0,2810.0,1.0,2.0,1.0,2.0,2.0,0.0,1.0,0.0,0.0480469483568075,0.0,0.0,0.0,0.0,0.0,0.0,0.0,0.0,36.985358796296296,1.0,2.0,3.0,0.0,0.0,0.0,0.0,1.0,0.0,2,6.0,5.0,12.5,23.0,3.0,2.0,1.0,0.0,0.0,0.03003003003003003,0.06857945004517042,189,0.3139588705273925,585,30,23.099999999999998,5,51,0.01633986928104575,0.014705882352941176,3327.3856209150326,115.0
A000295,3.0,12330.0,4110.0,2.0,1.0,1.0,1.0,3.0,0.0,0.0,0.0,0.0,1.0,72.0,1.0,2230.0,0.0,0.3333333333333333,0.3333333333333333,0.0,45.49883101851852,0.0,1.0,3.0,0.0,0.0,1.0,0.3333333333333333,0.0,0.0,4,5.5,9.0,5.0,4.0,8.0,7.0,5.0,4.0,0.0,0.024024024024024024,0.053971444963979875,52,0.1818840579710145,585,24,22.8,10,37,0.009009009009009009,0.009009009009009009,4372.995495495496,80.0
A000296,3.0,3600.0,1200.0,1.0,1.0,1.0,1.0,3.0,0.0,0.0,0.0,0.0,0.0,0.0,0.0,0.0,0.0,0.0,0.0,0.0,49.54327546296296,0.0,1.0,1.0,0.0,0.0,0.0,0.0,0.0,0.0,0,4.0,3.0,20.0,19.0,7.0,6.0,16.0,15.0,0.0,0.04104104104104104,0.1772180386573576,326,0.3360130032167248,585,41,35.9,5,51,0.01633986928104575,0.014705882352941176,3327.3856209150326,115.0
A000297,4.0,14830.0,3707.5,2.0,1.0,1.0,2.0,4.0,0.0,0.0,0.0,0.0,0.0,0.0,0.0,0.0,0.0,0.0,0.0,0.0,42.14799768518518,0.0,0.0,1.0,0.0,0.0,0.0,0.0,0.0,0.0,0,5.0,7.0,10.0,9.0,7.0,6.0,3.0,4.0,1.0,0.026026026026026026,0.02327009508037665,70,0.18104612161009515,585,26,23.3,7,41,0.054878048780487805,0.04959349593495935,4002.6355013550137,103.0
A000298,1.0,2680.0,2680.0,1.0,1.0,1.0,1.0,1.0,0.0,0.0,0.0,0.0,0.0,0.0,0.0,0.0,0.0,0.0,0.0,0.0,28.26670138888889,0.0,0.0,1.0,0.0,0.0,0.0,0.0,0.0,0.0,2,1.0,0.0,7.0,6.0,2.0,1.0,1.0,0.0,0.0,0.007007007007007007,0.0016014938930849973,15,0.5042082626814535,585,7,5.199999999999999,7,41,0.054878048780487805,0.04959349593495935,4002.6355013550137,103.0
A000299,2.0,4030.0,2015.0,2.0,1.0,1.0,1.0,2.0,0.0,0.0,0.0,0.0,0.0,0.0,0.0,0.0,0.0,0.0,0.0,0.0,32.26523148148148,0.0,0.0,1.0,0.0,0.0,0.0,0.0,0.0,0.0,4,1.5,1.0,1.0,0.0,3.0,2.0,3.0,2.0,0.0,0.005005005005005005,0.000995316450392361,3,0.28879040017426005,585,5,5.0,0,68,0.02818627450980392,0.02622549019607843,2868.4758403361343,162.0
A000300,1.0,1380.0,1380.0,1.0,1.0,1.0,1.0,1.0,0.0,0.0,0.0,0.0,0.0,0.0,0.0,0.0,0.0,0.0,0.0,0.0,49.87300925925926,0.0,0.0,1.0,0.0,0.0,0.0,0.0,0.0,0.0,3,11.0,10.0,18.0,17.0,10.0,9.0,16.0,15.0,1.0,0.03303303303303303,0.1765686128546555,294,0.4919979821677662,585,33,29.4,5,51,0.01633986928104575,0.014705882352941176,3327.3856209150326,115.0
A000301,4.0,19540.0,4885.0,2.0,2.0,1.0,1.0,4.0,0.0,0.0,0.25,0.0960490834891167,0.0,0.0,0.0,0.0,0.0,0.0,0.0,0.0,48.77184027777778,0.0,0.0,1.0,0.0,0.0,0.0,0.0,0.0,0.0,2,8.0,14.0,10.5,19.0,7.0,6.0,2.0,1.0,4.0,0.03803803803803804,0.13333459898071157,197,0.23854440968896504,585,38,32.9,5,51,0.01633986928104575,0.014705882352941176,3327.3856209150326,115.0
A000302,1.0,4680.0,4680.0,1.0,1.0,1.0,1.0,1.0,0.0,0.0,0.0,0.0,0.0,0.0,0.0,0.0,0.0,0.0,0.0,0.0,38.06469907407408,0.0,0.0,1.0,0.0,0.0,0.0,0.0,0.0,0.0,2,2.0,1.0,3.0,2.0,2.0,1.0,2.0,1.0,1.0,0.005005005005005005,0.002824930092285614,1,0.06999999999999999,585,5,4.4,4,56,0.012499999999999999,0.011607142857142858,4977.3005952380945,128.0
A000303,0.0,0.0,0.0,0.0,0.0,0.0,0.0,0.0,0.0,0.0,0.0,0.0,0.0,0.0,0.0,0.0,0.0,0.0,0.0,0.0,44.97929398148148,0.0,0.0,0.0,0.0,0.0,0.0,0.0,0.0,0.0,2,0.0,0.0,0.0,0.0,0.0,0.0,0.0,0.0,0.0,0.0,4.269414257282076e-51,0,0.0,1,0,0.0,93,1,0.0,0.0,0.0,0.0
A000304,0.0,0.0,0.0,0.0,0.0,0.0,0.0,0.0,0.0,0.0,0.0,0.0,0.0,0.0,0.0,0.0,0.0,0.0,0.0,0.0,39.08506944444444,0.0,0.0,0.0,0.0,0.0,0.0,0.0,0.0,0.0,3,0.0,0.0,0.0,0.0,0.0,0.0,0.0,0.0,0.0,0.0,4.269414257282076e-51,0,0.0,1,0,0.0,94,1,0.0,0.0,0.0,0.0
A000305,2.0,34090.0,17045.0,1.0,1.0,1.0,1.0,2.0,0.0,0.0,0.0,0.0495804324894514,0.0,0.0,0.0,0.0,0.0,0.0,0.0,0.0,21.57920138888889,0.0,1.0,2.0,0.0,0.0,0.0,0.0,0.0,0.0,1,1.0,0.0,5.0,4.0,1.0,0.0,3.0,2.0,0.0,0.006006006006006006,0.0015559638207771713,7,0.3525582344207016,585,6,4.8,8,41,0.010975609756097562,0.00975609756097561,4760.349593495936,81.0
A000306,1.0,4000.0,4000.0,1.0,1.0,1.0,1.0,1.0,0.0,0.0,0.0,0.0,0.0,0.0,0.0,0.0,0.0,0.0,0.0,0.0,42.62003472222222,0.0,0.0,0.0,0.0,0.0,0.0,0.0,0.0,0.0,2,6.0,5.0,3.0,2.0,2.0,1.0,3.0,2.0,0.0,0.01001001001001001,0.0049537593508601745,12,0.26,585,10,9.4,6,42,0.023809523809523808,0.023809523809523808,3971.0997732426304,78.0
A000307,0.0,0.0,0.0,0.0,0.0,0.0,0.0,0.0,0.0,0.0,0.0,0.0,0.0,0.0,0.0,0.0,0.0,0.0,0.0,0.0,31.544155092592597,0.0,0.0,0.0,0.0,0.0,0.0,0.0,0.0,0.0,3,0.0,0.0,0.0,0.0,0.0,0.0,0.0,0.0,0.0,0.0,4.269414257282076e-51,0,0.0,1,0,0.0,95,1,0.0,0.0,0.0,0.0
A000308,2.0,3920.0,1960.0,2.0,1.0,1.0,1.0,2.0,0.0,0.0,0.0,0.061047619047619,0.0,0.0,0.0,0.0,0.0,0.0,0.0,0.0,42.79960648148148,0.0,1.0,2.0,0.0,0.0,0.0,0.0,0.0,0.0,1,3.0,4.0,5.0,4.0,3.0,2.0,3.0,2.0,1.0,0.011011011011011011,0.006073584174139373,12,0.18823681001225773,585,11,10.1,1,68,0.014705882352941176,0.014705882352941176,4302.5082866479925,152.0
A000309,1.0,3160.0,3160.0,1.0,1.0,1.0,1.0,1.0,0.0,0.0,0.0,0.0,0.0,0.0,0.0,0.0,0.0,0.0,0.0,0.0,22.56528935185185,0.0,0.0,1.0,0.0,0.0,0.0,0.0,0.0,0.0,2,1.0,0.0,1.0,0.0,1.0,0.0,1.0,0.0,0.0,0.0,4.269414257282076e-51,0,0.0,1,0,0.0,96,1,0.0,0.0,3160.0,1.0
A000310,0.0,0.0,0.0,0.0,0.0,0.0,0.0,0.0,0.0,0.0,0.0,0.0,0.0,0.0,0.0,0.0,0.0,0.0,0.0,0.0,34.411134259259256,0.0,0.0,0.0,0.0,0.0,0.0,0.0,0.0,0.0,3,0.0,0.0,0.0,0.0,0.0,0.0,0.0,0.0,0.0,0.0,4.269414257282076e-51,0,0.0,1,0,0.0,97,1,0.0,0.0,0.0,0.0
A000311,1.0,1170.0,1170.0,1.0,1.0,1.0,1.0,1.0,0.0,0.0,0.0,0.0,0.0,0.0,0.0,0.0,0.0,0.0,0.0,0.0,29.706493055555555,0.0,1.0,1.0,0.0,0.0,0.0,0.0,0.0,0.0,3,3.0,2.0,13.0,12.0,3.0,2.0,4.0,3.0,0.0,0.01901901901901902,0.025500093478088945,71,0.3004488130562635,585,19,15.399999999999999,7,41,0.054878048780487805,0.04959349593495935,4002.6355013550137,103.0
A000312,0.0,0.0,0.0,0.0,0.0,0.0,0.0,0.0,0.0,0.0,0.0,0.0,0.0,0.0,0.0,0.0,0.0,0.0,0.0,0.0,45.42024305555555,0.0,0.0,0.0,0.0,0.0,0.0,0.0,0.0,0.0,0,0.0,0.0,0.0,0.0,0.0,0.0,0.0,0.0,0.0,0.0,4.269414257282076e-51,0,0.0,1,0,0.0,98,1,0.0,0.0,0.0,0.0
A000313,0.0,0.0,0.0,0.0,0.0,0.0,0.0,0.0,0.0,0.0,0.0,0.0,0.0,0.0,0.0,0.0,0.0,0.0,0.0,0.0,45.695277777777775,0.0,0.0,0.0,0.0,0.0,0.0,0.0,0.0,0.0,2,0.0,0.0,0.0,0.0,0.0,0.0,0.0,0.0,0.0,0.0,4.269414257282076e-51,0,0.0,1,0,0.0,99,1,0.0,0.0,0.0,0.0
A000314,0.0,0.0,0.0,0.0,0.0,0.0,0.0,0.0,0.0,0.0,0.0,0.0,0.0,0.0,0.0,0.0,0.0,0.0,0.0,0.0,23.50223379629629,0.0,0.0,0.0,0.0,0.0,0.0,0.0,0.0,0.0,4,0.0,0.0,0.0,0.0,0.0,0.0,0.0,0.0,0.0,0.0,4.269414257282076e-51,0,0.0,1,0,0.0,100,1,0.0,0.0,0.0,0.0
A000315,1.0,2460.0,2460.0,1.0,1.0,1.0,1.0,1.0,0.0,0.0,0.0,0.0,0.0,0.0,0.0,0.0,0.0,0.0,0.0,0.0,36.2491087962963,0.0,0.0,1.0,0.0,0.0,0.0,0.0,0.0,0.0,4,7.0,6.0,3.0,2.0,2.0,1.0,3.0,2.0,1.0,0.011011011011011011,0.008312348677671395,18,0.31978007275895637,585,11,10.4,1,68,0.014705882352941176,0.014705882352941176,4302.5082866479925,152.0
A000316,0.0,0.0,0.0,0.0,0.0,0.0,0.0,0.0,0.0,0.0,0.0,0.0,0.0,0.0,0.0,0.0,0.0,0.0,0.0,0.0,22.51231481481481,0.0,0.0,0.0,0.0,0.0,0.0,0.0,0.0,0.0,3,0.0,0.0,0.0,0.0,0.0,0.0,0.0,0.0,0.0,0.0,4.269414257282076e-51,0,0.0,1,0,0.0,101,1,0.0,0.0,0.0,0.0
A000317,5.0,36620.0,7324.0,1.0,1.0,1.0,2.0,4.0,0.0,1.0,0.0,0.0223251515151515,1.0,120.0,1.0,10110.0,0.0,0.25,0.2,0.0,41.93581018518518,0.0,0.0,1.0,0.0,0.0,1.0,0.0,0.0,0.0,0,4.0,3.0,5.0,4.0,5.0,4.0,3.5,5.0,1.0,0.015015015015015015,0.021729701544210885,19,0.16633448141839594,585,15,14.1,8,41,0.010975609756097562,0.00975609756097561,4760.349593495936,81.0
A000318,0.0,0.0,0.0,0.0,0.0,0.0,0.0,0.0,0.0,0.0,0.0,0.0,0.0,0.0,0.0,0.0,0.0,0.0,0.0,0.0,27.21815972222222,0.0,0.0,0.0,0.0,0.0,0.0,0.0,0.0,0.0,2,0.0,0.0,0.0,0.0,0.0,0.0,0.0,0.0,0.0,0.0,4.269414257282076e-51,0,0.0,1,0,0.0,102,1,0.0,0.0,0.0,0.0
A000319,1.0,19950.0,19950.0,1.0,1.0,1.0,1.0,1.0,0.0,0.0,0.0,0.0,0.0,0.0,0.0,0.0,0.0,0.0,0.0,0.0,32.28135416666667,0.0,0.0,1.0,0.0,0.0,0.0,0.0,0.0,0.0,4,3.0,2.0,6.0,5.0,3.0,2.0,5.0,4.0,0.0,0.012012012012012012,0.006875046245194368,18,0.23262869795821361,585,12,10.8,4,56,0.012499999999999999,0.011607142857142858,4977.3005952380945,128.0
A000320,1.0,2360.0,2360.0,1.0,1.0,1.0,1.0,0.0,0.0,1.0,0.0,0.0704406779661016,0.0,0.0,0.0,0.0,0.0,0.0,0.0,0.0,45.55013888888889,0.0,1.0,1.0,0.0,0.0,0.0,0.0,0.0,0.0,6,3.0,2.0,10.0,9.0,1.0,0.0,3.0,2.0,0.0,0.013013013013013013,0.014667453274954884,38,0.3521169301145073,585,13,10.299999999999999,11,25,0.0,0.0,3853.6,51.0
A000321,0.0,0.0,0.0,0.0,0.0,0.0,0.0,0.0,0.0,0.0,0.0,0.0,0.0,0.0,0.0,0.0,0.0,0.0,0.0,0.0,38.14528935185185,0.0,0.0,0.0,0.0,0.0,0.0,0.0,0.0,0.0,7,0.0,0.0,0.0,0.0,0.0,0.0,0.0,0.0,0.0,0.0,4.269414257282076e-51,0,0.0,1,0,0.0,103,1,0.0,0.0,0.0,0.0
A000322,2.0,2550.0,1275.0,2.0,1.0,1.0,2.0,2.0,0.0,0.0,0.0,0.0,0.0,0.0,0.0,0.0,0.0,0.0,0.0,0.0,32.554375,0.0,0.0,1.0,0.0,0.0,0.0,0.0,0.0,0.0,1,3.5,5.0,3.0,2.0,3.0,2.0,1.5,1.0,0.0,0.01001001001001001,0.00421470043468527,8,0.1711111111111111,585,10,9.4,0,68,0.02818627450980392,0.02622549019607843,2868.4758403361343,162.0
A000323,0.0,0.0,0.0,0.0,0.0,0.0,0.0,0.0,0.0,0.0,0.0,0.0,0.0,0.0,0.0,0.0,0.0,0.0,0.0,0.0,40.80581018518519,0.0,0.0,0.0,0.0,0.0,0.0,0.0,0.0,0.0,8,0.0,0.0,0.0,0.0,0.0,0.0,0.0,0.0,0.0,0.0,4.269414257282076e-51,0,0.0,1,0,0.0,104,1,0.0,0.0,0.0,0.0
A000324,1.0,3560.0,3560.0,1.0,1.0,1.0,1.0,1.0,0.0,0.0,0.0,0.0951797752808988,0.0,0.0,0.0,0.0,0.0,0.0,0.0,0.0,36.1590162037037,0.0,0.0,1.0,0.0,0.0,0.0,0.0,0.0,0.0,5,6.0,5.0,2.0,1.0,4.0,3.0,3.0,2.0,0.0,0.011011011011011011,0.008965755417263042,14,0.2545454545454545,585,11,10.7,3,57,0.023391812865497075,0.021929824561403508,3958.1345029239765,119.0
A000325,1.0,1370.0,1370.0,1.0,1.0,1.0,1.0,1.0,0.0,0.0,0.0,0.0,0.0,0.0,0.0,0.0,0.0,0.0,0.0,0.0,36.25015046296296,0.0,0.0,1.0,0.0,0.0,0.0,0.0,0.0,0.0,4,1.0,0.0,1.0,0.0,3.0,2.0,1.0,0.0,0.0,0.002002002002002002,0.0003320231272080758,1,1.0,585,2,2.0,2,60,0.025,0.025,3793.313888888889,125.0
A000326,3.0,11550.0,3850.0,2.0,1.0,1.0,2.0,3.0,0.0,0.0,0.0,0.0,0.0,0.0,0.0,0.0,0.0,0.0,0.0,0.0,39.824814814814815,0.0,0.0,3.0,0.0,0.0,0.0,0.0,0.0,0.0,1,4.5,7.0,7.0,6.0,3.0,2.0,2.5,3.0,1.0,0.018018018018018018,0.017871018731558462,30,0.16593401308328498,585,18,16.2,1,68,0.014705882352941176,0.014705882352941176,4302.5082866479925,152.0
A000327,0.0,0.0,0.0,0.0,0.0,0.0,0.0,0.0,0.0,0.0,0.0,0.0,0.0,0.0,0.0,0.0,0.0,0.0,0.0,0.0,33.59261574074074,0.0,0.0,0.0,0.0,0.0,0.0,0.0,0.0,0.0,2,0.0,0.0,0.0,0.0,0.0,0.0,0.0,0.0,0.0,0.0,4.269414257282076e-51,0,0.0,1,0,0.0,105,1,0.0,0.0,0.0,0.0
A000328,1.0,4690.0,4690.0,1.0,1.0,1.0,1.0,1.0,0.0,0.0,0.0,0.1034285714285714,0.0,0.0,0.0,0.0,0.0,0.0,0.0,0.0,32.97265046296296,0.0,0.0,0.0,0.0,0.0,0.0,0.0,0.0,0.0,2,2.0,1.0,4.0,3.0,1.0,0.0,1.0,0.0,0.0,0.004004004004004004,0.0004580361124841484,3,0.3499999999999999,585,4,3.0999999999999996,3,57,0.023391812865497075,0.021929824561403508,3958.1345029239765,119.0
A000329,0.0,0.0,0.0,0.0,0.0,0.0,0.0,0.0,0.0,0.0,0.0,0.0,0.0,0.0,0.0,0.0,0.0,0.0,0.0,0.0,31.079444444444444,0.0,0.0,0.0,0.0,0.0,0.0,0.0,0.0,0.0,5,0.0,0.0,0.0,0.0,0.0,0.0,0.0,0.0,0.0,0.0,4.269414257282076e-51,0,0.0,1,0,0.0,106,1,0.0,0.0,0.0,0.0
A000330,0.0,0.0,0.0,0.0,0.0,0.0,0.0,0.0,0.0,0.0,0.0,0.0,0.0,0.0,0.0,0.0,0.0,0.0,0.0,0.0,40.06164351851852,0.0,0.0,0.0,0.0,0.0,0.0,0.0,0.0,0.0,3,0.0,0.0,0.0,0.0,0.0,0.0,0.0,0.0,0.0,0.0,4.269414257282076e-51,0,0.0,1,0,0.0,107,1,0.0,0.0,0.0,0.0
A000331,1.0,1790.0,1790.0,1.0,1.0,1.0,1.0,1.0,0.0,0.0,0.0,0.0,0.0,0.0,0.0,0.0,0.0,0.0,0.0,0.0,34.074814814814815,0.0,1.0,1.0,0.0,0.0,0.0,0.0,0.0,0.0,0,2.0,1.0,5.0,4.0,7.0,6.0,3.0,2.0,0.0,0.013013013013013013,0.006446153238758286,23,0.26908171174757084,585,13,11.8,3,57,0.023391812865497075,0.021929824561403508,3958.1345029239765,119.0
A000332,2.0,5420.0,2710.0,1.0,1.0,1.0,2.0,1.0,1.0,0.0,0.0,0.0374744897959183,0.0,0.0,0.0,0.0,0.0,0.0,0.0,0.0,34.73508101851852,1.0,2.0,2.0,0.0,0.0,0.0,0.0,1.0,0.0,2,2.0,1.0,3.0,2.0,2.0,1.0,9.5,17.0,0.0,0.02102102102102102,0.11686436403106304,108,0.5123233523892505,585,21,20.4,5,51,0.01633986928104575,0.014705882352941176,3327.3856209150326,115.0
A000333,2.0,3180.0,1590.0,1.0,1.0,1.0,1.0,2.0,0.0,0.0,0.0,0.0413483146067415,0.0,0.0,0.0,0.0,0.0,0.0,0.0,0.0,39.5409375,0.0,0.0,2.0,0.0,0.0,0.0,0.0,0.0,0.0,5,2.0,1.0,6.0,5.0,4.0,3.0,16.0,15.0,0.0,0.024024024024024024,0.12475064355743601,125,0.4411307446432548,585,24,22.5,5,51,0.01633986928104575,0.014705882352941176,3327.3856209150326,115.0
A000334,1.0,2430.0,2430.0,1.0,1.0,1.0,1.0,1.0,0.0,0.0,0.0,0.0,0.0,0.0,0.0,0.0,0.0,0.0,0.0,0.0,33.80879629629629,0.0,0.0,1.0,0.0,0.0,0.0,0.0,0.0,0.0,3,1.0,0.0,2.0,1.0,7.0,6.0,1.0,0.0,0.0,0.007007007007007007,0.004385331292033807,15,0.7142857142857143,585,7,6.7,7,41,0.054878048780487805,0.04959349593495935,4002.6355013550137,103.0
A000335,3.0,16490.0,5496.666666666667,2.0,1.0,1.0,1.0,0.0,1.0,2.0,0.0,0.024889133627019,0.0,0.0,0.0,0.0,0.0,0.0,0.0,0.0,24.29431712962963,1.0,1.0,3.0,0.0,0.0,0.0,0.0,1.0,0.0,1,1.0,0.0,5.0,4.0,3.0,2.0,2.0,1.0,0.0,0.007007007007007007,0.0014873334016895954,7,0.24761904761904763,585,7,5.8,1,68,0.014705882352941176,0.014705882352941176,4302.5082866479925,152.0
A000336,0.0,0.0,0.0,0.0,0.0,0.0,0.0,0.0,0.0,0.0,0.0,0.0,0.0,0.0,0.0,0.0,0.0,0.0,0.0,0.0,28.731631944444445,0.0,0.0,0.0,0.0,0.0,0.0,0.0,0.0,0.0,3,0.0,0.0,0.0,0.0,0.0,0.0,0.0,0.0,0.0,0.0,4.269414257282076e-51,0,0.0,1,0,0.0,108,1,0.0,0.0,0.0,0.0
A000337,2.0,22140.0,11070.0,1.0,1.0,1.0,1.0,2.0,0.0,0.0,0.0,0.0364864709268854,0.0,0.0,0.0,0.0,0.0,0.0,0.0,0.0,34.912025462962966,0.0,0.0,2.0,0.0,0.0,0.0,0.0,0.0,0.0,3,2.0,1.0,4.0,3.0,1.0,0.0,2.0,1.0,1.0,0.005005005005005005,0.000887728744822146,3,0.20999999999999996,585,5,4.1,8,41,0.010975609756097562,0.00975609756097561,4760.349593495936,81.0
A000338,1.0,3900.0,3900.0,1.0,1.0,1.0,1.0,1.0,0.0,0.0,0.0,0.1320743589743589,0.0,0.0,0.0,0.0,0.0,0.0,0.0,0.0,34.94054398148148,0.0,0.0,1.0,0.0,0.0,0.0,0.0,0.0,0.0,2,1.0,0.0,3.0,2.0,1.0,0.0,2.0,1.0,0.0,0.003003003003003003,0.0013494126874842242,1,0.2333333333333333,585,3,2.4,3,57,0.023391812865497075,0.021929824561403508,3958.1345029239765,119.0
A000339,0.0,0.0,0.0,0.0,0.0,0.0,0.0,0.0,0.0,0.0,0.0,0.0,0.0,0.0,0.0,0.0,0.0,0.0,0.0,0.0,25.715902777777774,0.0,0.0,0.0,0.0,0.0,0.0,0.0,0.0,0.0,1,0.0,0.0,0.0,0.0,0.0,0.0,0.0,0.0,0.0,0.0,4.269414257282076e-51,0,0.0,1,0,0.0,109,1,0.0,0.0,0.0,0.0
A000340,1.0,400.0,400.0,1.0,1.0,1.0,1.0,1.0,0.0,0.0,0.0,0.0,0.0,0.0,0.0,0.0,0.0,0.0,0.0,0.0,48.37753472222222,0.0,0.0,0.0,0.0,0.0,0.0,0.0,0.0,0.0,3,3.0,2.0,10.0,9.0,3.0,2.0,5.0,4.0,0.0,0.015015015015015015,0.025310872544200867,46,0.3398361536568515,585,15,12.6,0,68,0.02818627450980392,0.02622549019607843,2868.4758403361343,162.0
A000341,0.0,0.0,0.0,0.0,0.0,0.0,0.0,0.0,0.0,0.0,0.0,0.0,0.0,0.0,0.0,0.0,0.0,0.0,0.0,0.0,47.91028935185185,0.0,0.0,0.0,0.0,0.0,0.0,0.0,0.0,0.0,0,0.0,0.0,0.0,0.0,0.0,0.0,0.0,0.0,0.0,0.0,4.269414257282076e-51,0,0.0,1,0,0.0,110,1,0.0,0.0,0.0,0.0
A000342,4.0,6360.0,1590.0,2.0,1.0,1.0,1.0,3.0,1.0,0.0,0.0,0.0,0.0,0.0,0.0,0.0,0.0,0.0,0.0,0.0,47.74829861111111,0.0,0.0,2.0,0.0,0.0,0.0,0.0,0.0,0.0,0,4.5,7.0,8.0,7.0,7.0,6.0,4.0,3.0,0.0,0.02002002002002002,0.051735283901525826,51,0.24381154842607416,585,20,18.8,10,37,0.009009009009009009,0.009009009009009009,4372.995495495496,80.0
A000343,3.0,7150.0,2383.333333333333,1.0,1.0,1.0,2.0,2.0,0.0,1.0,0.0,0.0,0.0,0.0,0.0,0.0,0.0,0.0,0.0,0.0,41.86226851851852,0.0,1.0,3.0,0.0,0.0,0.0,0.0,0.0,0.0,5,8.0,7.0,5.0,4.0,2.0,1.0,3.0,4.0,2.0,0.015015015015015015,0.01072033900133615,33,0.29714285714285715,585,15,13.8,9,39,0.0,0.0,3567.67094017094,77.0
A000344,0.0,0.0,0.0,0.0,0.0,0.0,0.0,0.0,0.0,0.0,0.0,0.0,0.0,0.0,0.0,0.0,0.0,0.0,0.0,0.0,28.807430555555555,0.0,0.0,0.0,0.0,0.0,0.0,0.0,0.0,0.0,1,0.0,0.0,0.0,0.0,0.0,0.0,0.0,0.0,0.0,0.0,4.269414257282076e-51,0,0.0,1,0,0.0,111,1,0.0,0.0,0.0,0.0
A000345,1.0,1330.0,1330.0,1.0,1.0,1.0,1.0,1.0,0.0,0.0,0.0,0.0,0.0,0.0,0.0,0.0,0.0,0.0,0.0,0.0,40.89709490740741,0.0,0.0,0.0,0.0,0.0,0.0,0.0,0.0,0.0,1,4.0,3.0,5.0,4.0,2.0,1.0,4.0,3.0,0.0,0.011011011011011011,0.018049592479876586,12,0.18545454545454546,585,11,9.8,8,41,0.010975609756097562,0.00975609756097561,4760.349593495936,81.0
A000346,0.0,0.0,0.0,0.0,0.0,0.0,0.0,0.0,0.0,0.0,0.0,0.0,0.0,0.0,0.0,0.0,0.0,0.0,0.0,0.0,37.336481481481485,0.0,0.0,0.0,0.0,0.0,0.0,0.0,0.0,0.0,3,0.0,0.0,0.0,0.0,0.0,0.0,0.0,0.0,0.0,0.0,4.269414257282076e-51,0,0.0,1,0,0.0,112,1,0.0,0.0,0.0,0.0
A000347,1.0,1180.0,1180.0,1.0,1.0,1.0,1.0,1.0,0.0,0.0,0.0,0.1296101694915254,0.0,0.0,0.0,0.0,0.0,0.0,0.0,0.0,26.011967592592597,0.0,1.0,1.0,0.0,0.0,0.0,0.0,0.0,0.0,7,2.0,1.0,2.0,1.0,1.0,0.0,2.0,1.0,0.0,0.003003003003003003,0.00034477228593404226,0,0.0,585,3,2.7,9,39,0.0,0.0,3567.67094017094,77.0
A000348,2.0,9470.0,4735.0,1.0,1.0,1.0,1.0,1.0,0.0,1.0,0.0,0.0,0.0,0.0,0.0,0.0,0.0,0.0,0.0,0.0,29.433900462962963,0.0,0.0,2.0,0.0,0.0,0.0,0.0,0.0,0.0,1,1.0,0.0,2.0,1.0,1.0,0.0,4.0,3.0,0.0,0.004004004004004004,0.002504900168477988,3,0.5,585,4,3.7,1,68,0.014705882352941176,0.014705882352941176,4302.5082866479925,152.0
A000349,2.0,5420.0,2710.0,1.0,2.0,1.0,1.0,1.0,1.0,0.0,0.0,0.0487918660287081,0.0,0.0,0.0,0.0,0.0,0.0,0.0,0.0,45.54523148148148,0.0,0.0,1.0,0.0,0.0,0.0,0.0,0.0,0.0,6,3.0,2.0,8.0,14.0,3.0,2.0,3.0,2.0,0.0,0.01901901901901902,0.01666777054156897,50,0.21569161197975048,585,19,15.1,6,42,0.023809523809523808,0.023809523809523808,3971.0997732426304,78.0
A000350,2.0,5960.0,2980.0,2.0,1.0,1.0,1.0,2.0,0.0,0.0,0.0,0.0,0.0,0.0,0.0,0.0,0.0,0.0,0.0,0.0,35.25900462962963,0.0,0.0,1.0,0.0,0.0,0.0,0.0,0.0,0.0,3,2.5,3.0,5.0,4.0,2.0,1.0,5.0,4.0,0.0,0.012012012012012012,0.0031459293407897723,13,0.16969696969696968,585,12,10.8,3,57,0.023391812865497075,0.021929824561403508,3958.1345029239765,119.0
A000351,1.0,890.0,890.0,1.0,1.0,1.0,1.0,1.0,0.0,0.0,0.0,0.0,1.0,120.0,1.0,890.0,0.0,1.0,1.0,0.0,39.41733796296296,0.0,0.0,1.0,0.0,1.0,1.0,1.0,0.0,0.0,3,2.0,1.0,2.0,1.0,2.0,1.0,2.0,1.0,0.0,0.004004004004004004,0.0009383496111908156,0,0.0,585,4,3.7,1,68,0.014705882352941176,0.014705882352941176,4302.5082866479925,152.0
A000352,1.0,1880.0,1880.0,1.0,1.0,1.0,1.0,0.0,1.0,0.0,0.0,0.0,0.0,0.0,0.0,0.0,0.0,0.0,0.0,0.0,36.96222222222222,0.0,0.0,1.0,0.0,0.0,0.0,0.0,0.0,0.0,4,5.0,4.0,2.0,1.0,3.0,2.0,6.0,5.0,0.0,0.012012012012012012,0.017467325993194473,19,0.2844819394467455,585,12,11.7,10,37,0.009009009009009009,0.009009009009009009,4372.995495495496,80.0
A000353,1.0,6260.0,6260.0,1.0,1.0,1.0,1.0,1.0,0.0,0.0,0.0,0.0,0.0,0.0,0.0,0.0,0.0,0.0,0.0,0.0,27.608958333333334,0.0,1.0,1.0,0.0,0.0,0.0,0.0,0.0,0.0,2,3.0,2.0,4.0,3.0,3.0,2.0,5.0,4.0,0.0,0.011011011011011011,0.005270446961209862,12,0.19978007275895637,585,11,10.1,4,56,0.012499999999999999,0.011607142857142858,4977.3005952380945,128.0
A000354,0.0,0.0,0.0,0.0,0.0,0.0,0.0,0.0,0.0,0.0,0.0,0.0,0.0,0.0,0.0,0.0,0.0,0.0,0.0,0.0,45.82232638888889,0.0,0.0,0.0,0.0,0.0,0.0,0.0,0.0,0.0,0,0.0,0.0,0.0,0.0,0.0,0.0,0.0,0.0,0.0,0.0,4.269414257282076e-51,0,0.0,1,0,0.0,113,1,0.0,0.0,0.0,0.0
A000355,3.0,4890.0,1630.0,2.0,1.0,1.0,2.0,3.0,0.0,0.0,0.3333333333333333,0.1139476584022038,0.0,0.0,0.0,0.0,0.0,0.0,0.0,0.0,29.543217592592597,0.0,0.0,3.0,0.0,0.0,0.0,0.0,0.0,0.0,4,4.0,6.0,3.0,2.0,3.0,2.0,1.0,0.0,1.0,0.01001001001001001,0.005258257471923966,10,0.2130645333720578,585,10,9.4,7,41,0.054878048780487805,0.04959349593495935,4002.6355013550137,103.0
A000356,1.0,4370.0,4370.0,1.0,1.0,1.0,1.0,0.0,1.0,0.0,0.0,0.1437322654462242,0.0,0.0,0.0,0.0,0.0,0.0,0.0,0.0,40.32478009259259,0.0,0.0,0.0,0.0,0.0,0.0,0.0,0.0,0.0,3,3.0,2.0,8.0,7.0,3.0,2.0,2.0,1.0,0.0,0.012012012012012012,0.008923860903366256,23,0.253030303030303,585,12,9.9,3,57,0.023391812865497075,0.021929824561403508,3958.1345029239765,119.0
A000357,2.0,3170.0,1585.0,1.0,1.0,1.0,1.0,2.0,0.0,0.0,0.0,0.0,0.0,0.0,0.0,0.0,0.0,0.0,0.0,0.0,49.68890046296296,0.0,0.0,1.0,0.0,0.0,0.0,0.0,0.0,0.0,0,6.0,5.0,15.0,14.0,8.0,7.0,8.0,7.0,1.0,0.026026026026026026,0.08062967177889505,145,0.38228557915078876,585,26,23.3,10,37,0.009009009009009009,0.009009009009009009,4372.995495495496,80.0
A000358,8.0,21340.0,2667.5,2.0,2.0,1.0,2.0,7.0,0.0,1.0,0.0,0.0422946590690285,0.0,0.0,0.0,0.0,0.0,0.0,0.0,0.0,36.464930555555554,0.0,3.0,7.0,0.0,0.0,0.0,0.0,0.0,0.0,2,3.0,4.0,5.5,9.0,2.0,1.0,2.0,2.0,1.0,0.016016016016016016,0.010637945723554892,27,0.1780387586196971,585,16,13.299999999999999,4,56,0.012499999999999999,0.011607142857142858,4977.3005952380945,128.0
A000359,4.0,23510.0,5877.5,1.0,2.0,1.0,2.0,3.0,0.0,1.0,0.0,0.036499468306545,0.0,0.0,0.0,0.0,0.0,0.0,0.0,0.0,45.251215277777774,0.0,1.0,4.0,0.0,0.0,0.0,0.0,0.0,0.0,4,6.0,5.0,12.0,21.0,6.0,5.0,3.0,4.0,0.0,0.035035035035035036,0.05093566086229129,140,0.1782896245704226,585,35,28.7,3,57,0.023391812865497075,0.021929824561403508,3958.1345029239765,119.0
A000360,1.0,13270.0,13270.0,1.0,1.0,1.0,1.0,1.0,0.0,0.0,0.0,0.0,0.0,0.0,0.0,0.0,0.0,0.0,0.0,0.0,23.309386574074075,0.0,0.0,1.0,0.0,0.0,0.0,0.0,0.0,0.0,4,2.0,1.0,3.0,2.0,3.0,2.0,4.0,3.0,0.0,0.008008008008008008,0.0027841006071793106,5,0.16785714285714287,585,8,7.4,1,68,0.014705882352941176,0.014705882352941176,4302.5082866479925,152.0
A000361,0.0,0.0,0.0,0.0,0.0,0.0,0.0,0.0,0.0,0.0,0.0,0.0,0.0,0.0,0.0,0.0,0.0,0.0,0.0,0.0,21.31513888888889,0.0,0.0,0.0,0.0,0.0,0.0,0.0,0.0,0.0,5,0.0,0.0,0.0,0.0,0.0,0.0,0.0,0.0,0.0,0.0,4.269414257282076e-51,0,0.0,1,0,0.0,114,1,0.0,0.0,0.0,0.0
A000362,2.0,3530.0,1765.0,1.0,1.0,1.0,2.0,1.0,0.0,1.0,0.0,0.0,0.0,0.0,0.0,0.0,0.0,0.0,0.0,0.0,26.75270833333333,0.0,1.0,2.0,0.0,0.0,0.0,0.0,0.0,0.0,4,2.0,1.0,3.0,2.0,1.0,0.0,2.0,2.0,1.0,0.005005005005005005,0.000596377830691477,3,0.2587904001742601,585,5,4.4,0,68,0.02818627450980392,0.02622549019607843,2868.4758403361343,162.0
A000363,0.0,0.0,0.0,0.0,0.0,0.0,0.0,0.0,0.0,0.0,0.0,0.0,0.0,0.0,0.0,0.0,0.0,0.0,0.0,0.0,21.280671296296298,0.0,0.0,0.0,0.0,0.0,0.0,0.0,0.0,0.0,4,0.0,0.0,0.0,0.0,0.0,0.0,0.0,0.0,0.0,0.0,4.269414257282076e-51,0,0.0,1,0,0.0,115,1,0.0,0.0,0.0,0.0
A000364,3.0,15250.0,5083.333333333333,2.0,1.0,1.0,1.0,3.0,0.0,0.0,0.0,0.0,0.0,0.0,0.0,0.0,0.0,0.0,0.0,0.0,25.554525462962964,0.0,1.0,3.0,0.0,0.0,0.0,0.0,0.0,0.0,2,4.0,6.0,1.0,0.0,2.0,1.0,1.0,0.0,2.0,0.007007007007007007,0.0058484154997819875,10,0.47619047619047616,585,7,7.0,3,57,0.023391812865497075,0.021929824561403508,3958.1345029239765,119.0
A000365,3.0,9110.0,3036.6666666666665,1.0,1.0,1.0,1.0,2.0,0.0,1.0,0.3333333333333333,0.120581126951799,0.0,0.0,0.0,0.0,0.0,0.0,0.0,0.0,38.61539351851852,1.0,1.0,3.0,0.0,0.0,0.0,0.0,1.0,0.0,5,6.0,5.0,3.0,2.0,7.0,6.0,5.0,4.0,1.0,0.017017017017017015,0.03163770375197745,36,0.2592030588747824,585,17,16.4,10,37,0.009009009009009009,0.009009009009009009,4372.995495495496,80.0
A000366,2.0,10710.0,5355.0,1.0,1.0,1.0,1.0,2.0,0.0,0.0,0.0,0.0,0.0,0.0,0.0,0.0,0.0,0.0,0.0,0.0,48.80439814814815,0.0,0.0,1.0,0.0,0.0,0.0,0.0,0.0,0.0,2,4.0,3.0,15.0,14.0,4.0,3.0,7.0,6.0,3.0,0.026026026026026026,0.06395955411418734,122,0.2885796176023071,585,26,21.8,1,68,0.014705882352941176,0.014705882352941176,4302.5082866479925,152.0
A000367,1.0,660.0,660.0,1.0,1.0,1.0,1.0,1.0,0.0,0.0,0.0,0.0,0.0,0.0,0.0,0.0,1.0,0.0,0.0,1.0,37.4204050925926,0.0,0.0,0.0,0.0,0.0,0.0,0.0,0.0,0.0,0,4.0,3.0,2.0,1.0,2.0,1.0,2.0,1.0,0.0,0.006006006006006006,0.0028951157946635326,3,0.2,585,6,5.7,9,39,0.0,0.0,3567.67094017094,77.0
A000368,1.0,4600.0,4600.0,1.0,1.0,1.0,1.0,1.0,0.0,0.0,0.0,0.0,0.0,0.0,0.0,0.0,0.0,0.0,0.0,0.0,41.11600694444444,0.0,0.0,1.0,0.0,0.0,0.0,0.0,0.0,0.0,1,6.0,5.0,3.0,2.0,3.0,2.0,4.0,3.0,0.0,0.012012012012012012,0.016840801741603458,15,0.22272727272727272,585,12,11.4,11,25,0.0,0.0,3853.6,51.0
A000369,0.0,0.0,0.0,0.0,0.0,0.0,0.0,0.0,0.0,0.0,0.0,0.0,0.0,0.0,0.0,0.0,0.0,0.0,0.0,0.0,44.753125,0.0,0.0,0.0,0.0,0.0,0.0,0.0,0.0,0.0,4,0.0,0.0,0.0,0.0,0.0,0.0,0.0,0.0,0.0,0.0,4.269414257282076e-51,0,0.0,1,0,0.0,116,1,0.0,0.0,0.0,0.0
A000370,0.0,0.0,0.0,0.0,0.0,0.0,0.0,0.0,0.0,0.0,0.0,0.0,0.0,0.0,0.0,0.0,0.0,0.0,0.0,0.0,31.669340277777778,0.0,0.0,0.0,0.0,0.0,0.0,0.0,0.0,0.0,2,0.0,0.0,0.0,0.0,0.0,0.0,0.0,0.0,0.0,0.0,4.269414257282076e-51,0,0.0,1,0,0.0,117,1,0.0,0.0,0.0,0.0
A000371,2.0,6820.0,3410.0,1.0,1.0,1.0,1.0,1.0,1.0,0.0,0.0,0.0482718978102189,0.0,0.0,0.0,0.0,0.0,0.0,0.0,0.0,43.24729166666667,0.0,0.0,2.0,0.0,0.0,0.0,0.0,0.0,0.0,2,4.0,3.0,8.0,7.0,5.0,4.0,3.0,2.0,0.0,0.016016016016016016,0.010587453305637934,32,0.21240311263592102,585,16,13.9,3,57,0.023391812865497075,0.021929824561403508,3958.1345029239765,119.0
A000372,2.0,4770.0,2385.0,1.0,1.0,1.0,1.0,2.0,0.0,0.0,0.0,0.0,0.0,0.0,0.0,0.0,0.0,0.0,0.0,0.0,21.127291666666668,0.0,0.0,2.0,0.0,0.0,0.0,0.0,0.0,0.0,3,1.0,0.0,18.0,17.0,1.0,0.0,2.0,1.0,0.0,0.018018018018018018,0.06272719091619137,136,0.6326191064940485,585,18,12.899999999999999,5,51,0.01633986928104575,0.014705882352941176,3327.3856209150326,115.0
A000373,3.0,16990.0,5663.333333333333,1.0,2.0,1.0,1.0,2.0,0.0,1.0,0.0,0.1028312158690433,0.0,0.0,0.0,0.0,0.0,0.0,0.0,0.0,32.993090277777775,1.0,2.0,3.0,0.0,0.0,0.0,0.0,1.0,0.0,2,4.0,3.0,7.0,12.0,2.0,1.0,1.0,0.0,2.0,0.016016016016016016,0.0031208781255224016,33,0.20073644596925436,585,16,12.399999999999999,1,68,0.014705882352941176,0.014705882352941176,4302.5082866479925,152.0
A000374,1.0,240.0,240.0,1.0,1.0,1.0,1.0,1.0,0.0,0.0,0.0,0.0,0.0,0.0,0.0,0.0,0.0,0.0,0.0,0.0,42.20269675925926,0.0,0.0,0.0,0.0,0.0,0.0,0.0,0.0,0.0,0,4.0,3.0,4.0,3.0,2.0,1.0,4.0,3.0,0.0,0.01001001001001001,0.009628736995049136,10,0.19973120003872444,585,10,9.1,8,41,0.010975609756097562,0.00975609756097561,4760.349593495936,81.0
A000375,5.0,11280.0,2256.0,1.0,2.0,1.0,1.0,5.0,0.0,0.0,0.0,0.0443551417004048,1.0,120.0,1.0,950.0,0.0,0.2,0.2,0.0,42.93364583333334,0.0,1.0,4.0,0.0,0.0,1.0,0.0,0.0,0.0,1,3.0,2.0,5.5,9.0,2.0,1.0,5.0,4.0,1.0,0.016016016016016016,0.013075054052387795,26,0.170732533347855,585,16,13.299999999999999,4,56,0.012499999999999999,0.011607142857142858,4977.3005952380945,128.0
A000376,1.0,740.0,740.0,1.0,1.0,1.0,1.0,1.0,0.0,0.0,0.0,0.0,0.0,0.0,0.0,0.0,0.0,0.0,0.0,0.0,33.87097222222222,0.0,0.0,1.0,0.0,0.0,0.0,0.0,0.0,0.0,1,1.0,0.0,7.0,6.0,3.0,2.0,3.0,2.0,0.0,0.01001001001001001,0.004178601930558447,18,0.29947283373451383,585,10,8.2,1,68,0.014705882352941176,0.014705882352941176,4302.5082866479925,152.0
A000377,2.0,8320.0,4160.0,1.0,1.0,1.0,1.0,2.0,0.0,0.0,0.0,0.0,1.0,48.0,1.0,3920.0,0.0,0.5,0.5,0.0,31.174675925925925,0.0,0.0,2.0,0.0,0.0,1.0,0.5,0.0,0.0,2,10.0,9.0,1.0,0.0,3.0,2.0,2.0,1.0,3.0,0.012012012012012012,0.04270838757585594,37,0.5606060606060606,585,12,12.0,3,57,0.023391812865497075,0.021929824561403508,3958.1345029239765,119.0
A000378,3.0,19860.0,6620.0,2.0,1.0,1.0,1.0,3.0,0.0,0.0,0.0,0.0,0.0,0.0,0.0,0.0,0.0,0.0,0.0,0.0,32.19892361111111,0.0,0.0,2.0,0.0,0.0,0.0,0.0,0.0,0.0,0,1.5,1.0,1.0,0.0,3.0,2.0,2.0,1.0,0.0,0.004004004004004004,0.002221913948758871,1,0.16666666666666666,585,4,4.0,4,56,0.012499999999999999,0.011607142857142858,4977.3005952380945,128.0
A000379,3.0,23040.0,7680.0,1.0,1.0,1.0,2.0,3.0,0.0,0.0,0.0,0.0460014492753623,0.0,0.0,0.0,0.0,0.0,0.0,0.0,0.0,48.31486111111112,0.0,0.0,2.0,0.0,0.0,0.0,0.0,0.0,0.0,1,4.0,3.0,18.0,17.0,10.0,9.0,4.5,7.0,3.0,0.031031031031031032,0.11778109624536842,185,0.32502441635484597,585,31,27.4,5,51,0.01633986928104575,0.014705882352941176,3327.3856209150326,115.0
A000380,3.0,28910.0,9636.666666666666,1.0,1.0,1.0,2.0,3.0,0.0,0.0,0.0,0.0,0.0,0.0,0.0,0.0,0.0,0.0,0.0,0.0,24.445613425925927,0.0,2.0,3.0,0.0,0.0,0.0,0.0,0.0,0.0,2,1.0,0.0,9.0,8.0,1.0,0.0,2.0,2.0,0.0,0.01001001001001001,0.0053162324668559,28,0.4375194114735672,585,10,7.6,0,68,0.02818627450980392,0.02622549019607843,2868.4758403361343,162.0
A000381,2.0,6880.0,3440.0,1.0,1.0,1.0,2.0,2.0,0.0,0.0,0.0,0.0,0.0,0.0,0.0,0.0,0.0,0.0,0.0,0.0,40.18476851851852,0.0,0.0,1.0,0.0,0.0,0.0,0.0,0.0,0.0,3,6.0,5.0,6.0,5.0,7.0,6.0,1.5,1.0,1.0,0.017017017017017015,0.013128788620827947,35,0.23594392291404798,585,17,15.5,3,57,0.023391812865497075,0.021929824561403508,3958.1345029239765,119.0
A000382,1.0,4930.0,4930.0,1.0,1.0,1.0,1.0,0.0,1.0,0.0,0.0,0.0,0.0,0.0,0.0,0.0,0.0,0.0,0.0,0.0,34.59090277777778,0.0,0.0,1.0,0.0,0.0,0.0,0.0,0.0,0.0,7,2.0,1.0,3.0,2.0,2.0,1.0,2.0,1.0,1.0,0.005005005005005005,0.0010187454866993884,1,0.06999999999999999,585,5,4.4,2,60,0.025,0.025,3793.313888888889,125.0
A000383,3.0,20510.0,6836.666666666667,2.0,2.0,1.0,1.0,3.0,0.0,0.0,0.0,0.0,0.0,0.0,0.0,0.0,0.0,0.0,0.0,0.0,27.709791666666668,0.0,1.0,3.0,0.0,0.0,0.0,0.0,0.0,0.0,1,3.5,5.0,7.5,13.0,3.0,2.0,4.0,3.0,0.0,0.023023023023023025,0.030096950360144287,77,0.22545635983339468,585,23,19.099999999999998,7,41,0.054878048780487805,0.04959349593495935,4002.6355013550137,103.0
A000384,4.0,10700.0,2675.0,1.0,1.0,1.0,2.0,4.0,0.0,0.0,0.0,0.0487667730299667,0.0,0.0,0.0,0.0,0.0,0.0,0.0,0.0,37.50491898148148,0.0,0.0,3.0,0.0,0.0,0.0,0.0,0.0,0.0,3,2.0,1.0,8.0,7.0,1.0,0.0,3.5,5.0,0.0,0.013013013013013013,0.006294625536067576,27,0.2653846153846154,585,13,10.9,2,60,0.025,0.025,3793.313888888889,125.0
A000385,1.0,880.0,880.0,1.0,1.0,1.0,1.0,0.0,0.0,1.0,0.0,0.0,0.0,0.0,0.0,0.0,0.0,0.0,0.0,0.0,23.62297453703704,1.0,1.0,1.0,0.0,0.0,0.0,0.0,1.0,0.0,1,1.0,0.0,4.0,3.0,1.0,0.0,1.0,0.0,0.0,0.003003003003003003,0.00028253250774882817,3,0.6999999999999998,585,3,2.0999999999999996,6,42,0.023809523809523808,0.023809523809523808,3971.0997732426304,78.0
A000386,0.0,0.0,0.0,0.0,0.0,0.0,0.0,0.0,0.0,0.0,0.0,0.0,0.0,0.0,0.0,0.0,0.0,0.0,0.0,0.0,38.85768518518518,0.0,0.0,0.0,0.0,0.0,0.0,0.0,0.0,0.0,4,0.0,0.0,0.0,0.0,0.0,0.0,0.0,0.0,0.0,0.0,4.269414257282076e-51,0,0.0,1,0,0.0,118,1,0.0,0.0,0.0,0.0
A000387,2.0,4740.0,2370.0,2.0,2.0,1.0,1.0,2.0,0.0,0.0,0.0,0.0742827380952381,0.0,0.0,0.0,0.0,0.0,0.0,0.0,0.0,40.12287037037037,0.0,0.0,1.0,0.0,0.0,0.0,0.0,0.0,0.0,0,6.0,10.0,4.0,6.0,4.0,3.0,1.0,0.0,2.0,0.01901901901901902,0.018757073167408884,31,0.16835031579966434,585,19,17.2,3,57,0.023391812865497075,0.021929824561403508,3958.1345029239765,119.0
A000388,0.0,0.0,0.0,0.0,0.0,0.0,0.0,0.0,0.0,0.0,0.0,0.0,0.0,0.0,0.0,0.0,0.0,0.0,0.0,0.0,35.007152777777776,0.0,0.0,0.0,0.0,0.0,0.0,0.0,0.0,0.0,4,0.0,0.0,0.0,0.0,0.0,0.0,0.0,0.0,0.0,0.0,4.269414257282076e-51,0,0.0,1,0,0.0,119,1,0.0,0.0,0.0,0.0
A000389,2.0,13560.0,6780.0,1.0,1.0,1.0,1.0,2.0,0.0,0.0,0.0,0.0413589743589743,0.0,0.0,0.0,0.0,0.0,0.0,0.0,0.0,46.95559027777778,0.0,0.0,2.0,0.0,0.0,0.0,0.0,0.0,0.0,2,1.0,0.0,8.0,7.0,3.0,2.0,4.0,3.0,0.0,0.011011011011011011,0.007511087649969726,25,0.3496407472338754,585,11,9.2,6,42,0.023809523809523808,0.023809523809523808,3971.0997732426304,78.0
A000390,1.0,1670.0,1670.0,1.0,1.0,1.0,1.0,1.0,0.0,0.0,0.0,0.0,0.0,0.0,0.0,0.0,0.0,0.0,0.0,0.0,31.75958333333333,0.0,0.0,0.0,0.0,0.0,0.0,0.0,0.0,0.0,2,1.0,0.0,10.0,9.0,7.0,6.0,4.0,3.0,0.0,0.018018018018018018,0.029073505469872193,55,0.2881562353055072,585,18,15.299999999999999,2,60,0.025,0.025,3793.313888888889,125.0
A000391,2.0,2180.0,1090.0,1.0,2.0,1.0,1.0,0.0,1.0,1.0,0.0,0.0,0.0,0.0,0.0,0.0,0.0,0.0,0.0,0.0,31.705868055555555,0.0,1.0,2.0,0.0,0.0,0.0,0.0,0.0,0.0,3,1.0,0.0,3.0,4.0,1.0,0.0,1.0,0.0,0.0,0.004004004004004004,0.0005480988047220398,3,0.3499999999999999,585,4,2.8,0,68,0.02818627450980392,0.02622549019607843,2868.4758403361343,162.0
A000392,2.0,3050.0,1525.0,1.0,1.0,1.0,1.0,2.0,0.0,0.0,0.0,0.0,0.0,0.0,0.0,0.0,0.0,0.0,0.0,0.0,40.82243055555556,0.0,0.0,1.0,0.0,0.0,0.0,0.0,0.0,0.0,8,2.0,1.0,20.0,19.0,3.0,2.0,4.0,3.0,0.0,0.025025025025025023,0.06764251020922118,176,0.4182387972161595,585,25,19.3,5,51,0.01633986928104575,0.014705882352941176,3327.3856209150326,115.0
A000393,1.0,1900.0,1900.0,1.0,1.0,1.0,1.0,1.0,0.0,0.0,0.0,0.0,0.0,0.0,0.0,0.0,0.0,0.0,0.0,0.0,44.44351851851852,0.0,1.0,1.0,0.0,0.0,0.0,0.0,0.0,0.0,1,3.0,2.0,7.0,6.0,3.0,2.0,2.0,1.0,0.0,0.01001001001001001,0.012460073379009645,17,0.28759705736783603,585,10,8.5,0,68,0.02818627450980392,0.02622549019607843,2868.4758403361343,162.0
A000394,3.0,3140.0,1046.6666666666667,2.0,1.0,1.0,1.0,3.0,0.0,0.0,0.0,0.0,0.0,0.0,0.0,0.0,0.0,0.0,0.0,0.0,29.96679398148148,0.0,1.0,3.0,0.0,0.0,0.0,0.0,0.0,0.0,1,1.5,1.0,4.0,3.0,3.0,2.0,1.0,0.0,0.0,0.006006006006006006,0.0006688761932241858,4,0.20666666666666664,585,6,5.1,0,68,0.02818627450980392,0.02622549019607843,2868.4758403361343,162.0
A000395,1.0,3890.0,3890.0,1.0,1.0,1.0,1.0,1.0,0.0,0.0,0.0,0.0,0.0,0.0,0.0,0.0,0.0,0.0,0.0,0.0,37.00199074074074,0.0,0.0,1.0,0.0,0.0,0.0,0.0,0.0,0.0,2,2.0,1.0,2.0,1.0,2.0,1.0,4.0,3.0,1.0,0.006006006006006006,0.00212641283333857,3,0.2,585,6,5.7,1,68,0.014705882352941176,0.014705882352941176,4302.5082866479925,152.0
A000396,3.0,5210.0,1736.6666666666667,2.0,1.0,1.0,1.0,3.0,0.0,0.0,0.0,0.0233855721393034,0.0,0.0,0.0,0.0,0.0,0.0,0.0,0.0,33.57079861111111,0.0,2.0,3.0,0.0,0.0,0.0,0.0,0.0,0.0,3,1.5,1.0,3.0,2.0,2.0,1.0,2.0,1.0,0.0,0.005005005005005005,0.004183486566324805,1,0.06999999999999999,585,5,4.4,8,41,0.010975609756097562,0.00975609756097561,4760.349593495936,81.0
A000397,2.0,5870.0,2935.0,1.0,1.0,1.0,2.0,2.0,0.0,0.0,0.0,0.0,0.0,0.0,0.0,0.0,0.0,0.0,0.0,0.0,49.78788194444444,0.0,0.0,2.0,0.0,0.0,0.0,0.0,0.0,0.0,3,11.0,10.0,15.0,14.0,8.0,7.0,12.0,21.0,1.0,0.03803803803803804,0.1760611677338832,271,0.3569320935777186,585,38,35.6,10,37,0.009009009009009009,0.009009009009009009,4372.995495495496,80.0
A000398,1.0,2050.0,2050.0,1.0,1.0,1.0,1.0,1.0,0.0,0.0,0.0,0.0,0.0,0.0,0.0,0.0,0.0,0.0,0.0,0.0,34.751041666666666,0.0,1.0,1.0,0.0,0.0,0.0,0.0,0.0,0.0,2,3.0,2.0,3.0,2.0,1.0,0.0,3.0,2.0,0.0,0.006006006006006006,0.0058077473653818604,3,0.18000000000000002,585,6,5.4,6,42,0.023809523809523808,0.023809523809523808,3971.0997732426304,78.0
A000399,2.0,4260.0,2130.0,1.0,2.0,1.0,1.0,2.0,0.0,0.0,0.0,0.0,0.0,0.0,0.0,0.0,0.0,0.0,0.0,0.0,31.620671296296297,0.0,0.0,2.0,0.0,0.0,0.0,0.0,0.0,0.0,5,2.0,1.0,6.0,10.0,7.0,6.0,4.0,3.0,1.0,0.02002002002002002,0.01006905969811558,49,0.21145656332958448,585,20,17.0,6,42,0.023809523809523808,0.023809523809523808,3971.0997732426304,78.0
A000400,1.0,410.0,410.0,1.0,1.0,1.0,1.0,1.0,0.0,0.0,0.0,0.0,0.0,0.0,0.0,0.0,0.0,0.0,0.0,0.0,24.508368055555557,0.0,1.0,1.0,0.0,0.0,0.0,0.0,0.0,0.0,5,5.0,4.0,1.0,0.0,1.0,0.0,1.0,0.0,0.0,0.004004004004004004,0.0008168459894985396,6,1.0,585,4,4.0,4,56,0.012499999999999999,0.011607142857142858,4977.3005952380945,128.0
A000401,1.0,18340.0,18340.0,1.0,1.0,1.0,1.0,1.0,0.0,0.0,0.0,0.0,0.0,0.0,0.0,0.0,0.0,0.0,0.0,0.0,36.15232638888889,0.0,0.0,1.0,0.0,0.0,0.0,0.0,0.0,0.0,4,1.0,0.0,2.0,1.0,3.0,2.0,1.0,0.0,0.0,0.003003003003003003,0.0003119822090859224,1,0.3333333333333333,585,3,2.7,2,60,0.025,0.025,3793.313888888889,125.0
A000402,0.0,0.0,0.0,0.0,0.0,0.0,0.0,0.0,0.0,0.0,0.0,0.0,0.0,0.0,0.0,0.0,0.0,0.0,0.0,0.0,35.06270833333333,0.0,0.0,0.0,0.0,0.0,0.0,0.0,0.0,0.0,5,0.0,0.0,0.0,0.0,0.0,0.0,0.0,0.0,0.0,0.0,4.269414257282076e-51,0,0.0,1,0,0.0,120,1,0.0,0.0,0.0,0.0
A000403,3.0,6880.0,2293.333333333333,1.0,1.0,1.0,1.0,2.0,1.0,0.0,0.0,0.0588606111111111,1.0,96.0,1.0,2080.0,0.0,0.5,0.3333333333333333,0.0,29.099814814814813,0.0,0.0,3.0,0.0,1.0,1.0,0.3333333333333333,0.0,0.0,4,5.0,4.0,1.0,0.0,1.0,0.0,2.0,1.0,0.0,0.005005005005005005,0.005310715658408447,6,0.6,585,5,5.0,7,41,0.054878048780487805,0.04959349593495935,4002.6355013550137,103.0
A000404,1.0,3560.0,3560.0,1.0,1.0,1.0,1.0,0.0,0.0,1.0,1.0,0.210191011235955,0.0,0.0,0.0,0.0,0.0,0.0,0.0,0.0,36.63861111111111,0.0,0.0,1.0,0.0,0.0,0.0,0.0,0.0,0.0,3,2.0,1.0,4.0,3.0,2.0,1.0,3.0,2.0,0.0,0.007007007007007007,0.001484310099894651,4,0.1476190476190476,585,7,6.1,6,42,0.023809523809523808,0.023809523809523808,3971.0997732426304,78.0
A000405,0.0,0.0,0.0,0.0,0.0,0.0,0.0,0.0,0.0,0.0,0.0,0.0,0.0,0.0,0.0,0.0,0.0,0.0,0.0,0.0,24.86275462962963,0.0,0.0,0.0,0.0,0.0,0.0,0.0,0.0,0.0,2,0.0,0.0,0.0,0.0,0.0,0.0,0.0,0.0,0.0,0.0,4.269414257282076e-51,0,0.0,1,0,0.0,121,1,0.0,0.0,0.0,0.0
A000406,0.0,0.0,0.0,0.0,0.0,0.0,0.0,0.0,0.0,0.0,0.0,0.0,0.0,0.0,0.0,0.0,0.0,0.0,0.0,0.0,26.53263888888889,0.0,0.0,0.0,0.0,0.0,0.0,0.0,0.0,0.0,2,0.0,0.0,0.0,0.0,0.0,0.0,0.0,0.0,0.0,0.0,4.269414257282076e-51,0,0.0,1,0,0.0,122,1,0.0,0.0,0.0,0.0
A000407,1.0,660.0,660.0,1.0,1.0,1.0,1.0,1.0,0.0,0.0,0.0,0.0913939393939393,0.0,0.0,0.0,0.0,0.0,0.0,0.0,0.0,37.23743055555556,0.0,0.0,1.0,0.0,0.0,0.0,0.0,0.0,0.0,2,5.0,4.0,7.0,6.0,1.0,0.0,3.0,2.0,0.0,0.012012012012012012,0.009694237369941771,23,0.2799435987583807,585,12,10.2,7,41,0.054878048780487805,0.04959349593495935,4002.6355013550137,103.0
A000408,1.0,2970.0,2970.0,1.0,1.0,1.0,1.0,1.0,0.0,0.0,0.0,0.0,0.0,0.0,0.0,0.0,0.0,0.0,0.0,0.0,37.91152777777778,0.0,0.0,0.0,0.0,0.0,0.0,0.0,0.0,0.0,2,2.0,1.0,5.0,4.0,4.0,3.0,2.0,1.0,0.0,0.009009009009009009,0.008297510645126115,10,0.22777777777777775,585,9,7.8,1,68,0.014705882352941176,0.014705882352941176,4302.5082866479925,152.0
A000409,1.0,6460.0,6460.0,1.0,1.0,1.0,1.0,0.0,1.0,0.0,0.0,0.1338885448916408,0.0,0.0,0.0,0.0,0.0,0.0,0.0,0.0,21.875358796296297,0.0,1.0,1.0,0.0,0.0,0.0,0.0,0.0,0.0,3,5.0,4.0,2.0,1.0,1.0,0.0,1.0,0.0,0.0,0.005005005005005005,0.011403392340512745,6,0.6,585,5,4.7,1,68,0.014705882352941176,0.014705882352941176,4302.5082866479925,152.0
A000410,6.0,13810.0,2301.6666666666665,1.0,2.0,1.0,2.0,5.0,0.0,1.0,0.0,0.0,0.0,0.0,0.0,0.0,0.0,0.0,0.0,0.0,26.17736111111111,1.0,2.0,6.0,0.0,0.0,0.0,0.0,1.0,0.0,2,2.0,1.0,2.0,2.0,2.0,1.0,4.5,7.0,1.0,0.011011011011011011,0.02111169904060408,16,0.28545454545454546,585,11,10.4,1,68,0.014705882352941176,0.014705882352941176,4302.5082866479925,152.0
A000411,2.0,6280.0,3140.0,1.0,2.0,1.0,1.0,1.0,0.0,1.0,0.0,0.035464980544747,0.0,0.0,0.0,0.0,0.0,0.0,0.0,0.0,28.72114583333333,0.0,1.0,2.0,0.0,0.0,0.0,0.0,0.0,0.0,4,3.0,2.0,3.5,5.0,1.0,0.0,2.0,1.0,1.0,0.008008008008008008,0.0025967222316737176,7,0.18571428571428572,585,8,6.5,4,56,0.012499999999999999,0.011607142857142858,4977.3005952380945,128.0
A000412,1.0,930.0,930.0,1.0,1.0,1.0,1.0,0.0,0.0,1.0,0.0,0.0,0.0,0.0,0.0,0.0,0.0,0.0,0.0,0.0,49.86334490740741,0.0,0.0,0.0,0.0,0.0,0.0,0.0,0.0,0.0,3,11.0,10.0,18.0,17.0,10.0,9.0,16.0,15.0,0.0,0.03303303303303303,0.1765686128546555,294,0.4919979821677661,585,33,29.4,5,51,0.01633986928104575,0.014705882352941176,3327.3856209150326,115.0
A000413,0.0,0.0,0.0,0.0,0.0,0.0,0.0,0.0,0.0,0.0,0.0,0.0,0.0,0.0,0.0,0.0,0.0,0.0,0.0,0.0,46.40777777777778,0.0,0.0,0.0,0.0,0.0,0.0,0.0,0.0,0.0,2,0.0,0.0,0.0,0.0,0.0,0.0,0.0,0.0,0.0,0.0,4.269414257282076e-51,0,0.0,1,0,0.0,123,1,0.0,0.0,0.0,0.0
A000414,1.0,3920.0,3920.0,1.0,1.0,1.0,1.0,1.0,0.0,0.0,0.0,0.0,0.0,0.0,0.0,0.0,0.0,0.0,0.0,0.0,22.06560185185185,0.0,1.0,1.0,0.0,0.0,0.0,0.0,0.0,0.0,6,2.0,1.0,2.0,1.0,1.0,0.0,1.0,0.0,1.0,0.002002002002002002,0.001081693913024531,0,0.0,585,2,1.7,1,68,0.014705882352941176,0.014705882352941176,4302.5082866479925,152.0
A000415,0.0,0.0,0.0,0.0,0.0,0.0,0.0,0.0,0.0,0.0,0.0,0.0,0.0,0.0,0.0,0.0,0.0,0.0,0.0,0.0,35.7987037037037,0.0,0.0,0.0,0.0,0.0,0.0,0.0,0.0,0.0,3,0.0,0.0,0.0,0.0,0.0,0.0,0.0,0.0,0.0,0.0,4.269414257282076e-51,0,0.0,1,0,0.0,124,1,0.0,0.0,0.0,0.0
A000416,4.0,8490.0,2122.5,2.0,1.0,1.0,1.0,3.0,0.0,1.0,0.0,0.060028892915595,0.0,0.0,0.0,0.0,0.0,0.0,0.0,0.0,40.567453703703706,0.0,0.0,4.0,0.0,0.0,0.0,0.0,0.0,0.0,3,2.0,2.0,18.0,17.0,3.0,2.0,4.0,3.0,1.0,0.024024024024024024,0.0660464496097226,142,0.37202401193960877,585,24,18.9,5,51,0.01633986928104575,0.014705882352941176,3327.3856209150326,115.0
A000417,0.0,0.0,0.0,0.0,0.0,0.0,0.0,0.0,0.0,0.0,0.0,0.0,0.0,0.0,0.0,0.0,0.0,0.0,0.0,0.0,21.64040509259259,0.0,0.0,0.0,0.0,0.0,0.0,0.0,0.0,0.0,1,0.0,0.0,0.0,0.0,0.0,0.0,0.0,0.0,0.0,0.0,4.269414257282076e-51,0,0.0,1,0,0.0,125,1,0.0,0.0,0.0,0.0
A000418,1.0,3250.0,3250.0,1.0,1.0,1.0,1.0,1.0,0.0,0.0,0.0,0.0,0.0,0.0,0.0,0.0,0.0,0.0,0.0,0.0,31.154722222222222,0.0,1.0,1.0,0.0,0.0,0.0,0.0,0.0,0.0,2,3.0,2.0,1.0,0.0,1.0,0.0,1.0,0.0,0.0,0.002002002002002002,0.00015374684920972754,1,1.0,585,2,2.0,3,57,0.023391812865497075,0.021929824561403508,3958.1345029239765,119.0
A000419,4.0,11660.0,2915.0,2.0,1.0,1.0,1.0,4.0,0.0,0.0,0.0,0.0,0.0,0.0,0.0,0.0,0.0,0.0,0.0,0.0,47.54024305555556,0.0,0.0,1.0,0.0,0.0,0.0,0.0,0.0,0.0,3,8.0,14.0,6.0,5.0,8.0,7.0,5.0,4.0,1.0,0.028028028028028028,0.08530279208078217,98,0.24853573581798202,585,28,26.8,11,25,0.0,0.0,3853.6,51.0
A000420,0.0,0.0,0.0,0.0,0.0,0.0,0.0,0.0,0.0,0.0,0.0,0.0,0.0,0.0,0.0,0.0,0.0,0.0,0.0,0.0,42.283171296296295,0.0,0.0,0.0,0.0,0.0,0.0,0.0,0.0,0.0,3,0.0,0.0,0.0,0.0,0.0,0.0,0.0,0.0,0.0,0.0,4.269414257282076e-51,0,0.0,1,0,0.0,126,1,0.0,0.0,0.0,0.0
A000421,1.0,1080.0,1080.0,1.0,1.0,1.0,1.0,0.0,1.0,0.0,0.0,0.0,0.0,0.0,0.0,0.0,0.0,0.0,0.0,0.0,23.183645833333333,0.0,0.0,1.0,0.0,0.0,0.0,0.0,0.0,0.0,4,1.0,0.0,5.0,4.0,3.0,2.0,2.0,1.0,0.0,0.007007007007007007,0.004465604697257465,7,0.24761904761904763,585,7,5.8,2,60,0.025,0.025,3793.313888888889,125.0
A000422,1.0,3370.0,3370.0,1.0,1.0,1.0,1.0,1.0,0.0,0.0,0.0,0.0767952522255192,0.0,0.0,0.0,0.0,0.0,0.0,0.0,0.0,48.40344907407408,0.0,0.0,0.0,0.0,0.0,0.0,0.0,0.0,0.0,2,7.0,6.0,7.0,6.0,3.0,2.0,1.0,0.0,0.0,0.012012012012012012,0.02121586253149082,30,0.4016210322800635,585,12,10.8,0,68,0.02818627450980392,0.02622549019607843,2868.4758403361343,162.0
A000423,1.0,1780.0,1780.0,1.0,1.0,1.0,1.0,1.0,0.0,0.0,0.0,0.0,0.0,0.0,0.0,0.0,0.0,0.0,0.0,0.0,39.191631944444445,0.0,0.0,1.0,0.0,0.0,0.0,0.0,0.0,0.0,2,4.0,3.0,18.0,17.0,3.0,2.0,2.0,1.0,0.0,0.023023023023023025,0.07441988745219706,148,0.4264583213736373,585,23,17.9,5,51,0.01633986928104575,0.014705882352941176,3327.3856209150326,115.0
A000424,1.0,2750.0,2750.0,1.0,1.0,1.0,1.0,1.0,0.0,0.0,0.0,0.0,0.0,0.0,0.0,0.0,0.0,0.0,0.0,0.0,22.984618055555558,0.0,1.0,1.0,0.0,0.0,0.0,0.0,0.0,0.0,4,1.0,0.0,4.0,3.0,1.0,0.0,1.0,0.0,0.0,0.003003003003003003,9.428330353341464e-05,3,0.6999999999999998,585,3,2.0999999999999996,4,56,0.012499999999999999,0.011607142857142858,4977.3005952380945,128.0
A000425,3.0,6480.0,2160.0,2.0,1.0,1.0,1.0,2.0,0.0,1.0,0.0,0.0,0.0,0.0,0.0,0.0,0.0,0.0,0.0,0.0,30.41613425925926,0.0,1.0,3.0,0.0,0.0,0.0,0.0,0.0,0.0,4,2.5,3.0,5.0,4.0,2.0,1.0,2.0,1.0,1.0,0.009009009009009009,0.004172980216404564,9,0.2,585,9,7.8,2,60,0.025,0.025,3793.313888888889,125.0
A000426,1.0,15540.0,15540.0,1.0,1.0,1.0,1.0,1.0,0.0,0.0,0.0,0.0,0.0,0.0,0.0,0.0,0.0,0.0,0.0,0.0,49.76438657407408,0.0,1.0,1.0,0.0,0.0,0.0,0.0,0.0,0.0,4,11.0,10.0,18.0,17.0,10.0,9.0,16.0,15.0,0.0,0.03303303303303303,0.1765686128546555,294,0.4919979821677662,585,33,29.4,5,51,0.01633986928104575,0.014705882352941176,3327.3856209150326,115.0
A000427,0.0,0.0,0.0,0.0,0.0,0.0,0.0,0.0,0.0,0.0,0.0,0.0,0.0,0.0,0.0,0.0,0.0,0.0,0.0,0.0,24.901759259259254,0.0,0.0,0.0,0.0,0.0,0.0,0.0,0.0,0.0,4,0.0,0.0,0.0,0.0,0.0,0.0,0.0,0.0,0.0,0.0,4.269414257282076e-51,0,0.0,1,0,0.0,127,1,0.0,0.0,0.0,0.0
A000428,0.0,0.0,0.0,0.0,0.0,0.0,0.0,0.0,0.0,0.0,0.0,0.0,0.0,0.0,0.0,0.0,0.0,0.0,0.0,0.0,38.92726851851852,0.0,0.0,0.0,0.0,0.0,0.0,0.0,0.0,0.0,1,0.0,0.0,0.0,0.0,0.0,0.0,0.0,0.0,0.0,0.0,4.269414257282076e-51,0,0.0,1,0,0.0,128,1,0.0,0.0,0.0,0.0
A000429,0.0,0.0,0.0,0.0,0.0,0.0,0.0,0.0,0.0,0.0,0.0,0.0,0.0,0.0,0.0,0.0,0.0,0.0,0.0,0.0,48.58005787037037,0.0,0.0,0.0,0.0,0.0,0.0,0.0,0.0,0.0,1,0.0,0.0,0.0,0.0,0.0,0.0,0.0,0.0,0.0,0.0,4.269414257282076e-51,0,0.0,1,0,0.0,129,1,0.0,0.0,0.0,0.0
A000430,1.0,2510.0,2510.0,1.0,1.0,1.0,1.0,1.0,0.0,0.0,0.0,0.0,0.0,0.0,0.0,0.0,0.0,0.0,0.0,0.0,43.2240625,0.0,0.0,0.0,0.0,0.0,0.0,0.0,0.0,0.0,3,3.0,2.0,7.0,6.0,4.0,3.0,3.0,2.0,0.0,0.013013013013013013,0.005523818906013266,20,0.1987179487179487,585,13,11.2,4,56,0.012499999999999999,0.011607142857142858,4977.3005952380945,128.0
A000431,0.0,0.0,0.0,0.0,0.0,0.0,0.0,0.0,0.0,0.0,0.0,0.0,0.0,0.0,0.0,0.0,0.0,0.0,0.0,0.0,25.114363425925927,0.0,0.0,0.0,0.0,0.0,0.0,0.0,0.0,0.0,2,0.0,0.0,0.0,0.0,0.0,0.0,0.0,0.0,0.0,0.0,4.269414257282076e-51,0,0.0,1,0,0.0,130,1,0.0,0.0,0.0,0.0
A000432,5.0,11480.0,2296.0,1.0,1.0,1.0,1.0,4.0,1.0,0.0,0.0,0.0216549549549549,1.0,96.0,1.0,1760.0,0.0,0.25,0.2,0.0,42.37365740740741,0.0,0.0,4.0,0.0,0.0,1.0,0.25,0.0,0.0,2,4.0,3.0,10.0,9.0,2.0,1.0,2.0,1.0,0.0,0.014014014014014014,0.008857386763535223,40,0.32061843426432,585,14,11.299999999999999,0,68,0.02818627450980392,0.02622549019607843,2868.4758403361343,162.0
A000433,0.0,0.0,0.0,0.0,0.0,0.0,0.0,0.0,0.0,0.0,0.0,0.0,0.0,0.0,0.0,0.0,0.0,0.0,0.0,0.0,30.358668981481483,0.0,0.0,0.0,0.0,0.0,0.0,0.0,0.0,0.0,2,0.0,0.0,0.0,0.0,0.0,0.0,0.0,0.0,0.0,0.0,4.269414257282076e-51,0,0.0,1,0,0.0,131,1,0.0,0.0,0.0,0.0
A000434,1.0,2020.0,2020.0,1.0,1.0,1.0,1.0,1.0,0.0,0.0,0.0,0.0,0.0,0.0,0.0,0.0,0.0,0.0,0.0,0.0,29.705289351851853,0.0,0.0,1.0,0.0,0.0,0.0,0.0,0.0,0.0,3,2.0,1.0,2.0,1.0,3.0,2.0,3.0,2.0,0.0,0.006006006006006006,0.0015019286377698762,2,0.13333333333333333,585,6,5.7,0,68,0.02818627450980392,0.02622549019607843,2868.4758403361343,162.0
A000435,1.0,2200.0,2200.0,1.0,1.0,1.0,1.0,1.0,0.0,0.0,0.0,0.0,0.0,0.0,0.0,0.0,0.0,0.0,0.0,0.0,24.02658564814815,0.0,0.0,1.0,0.0,0.0,0.0,0.0,0.0,0.0,1,2.0,1.0,3.0,2.0,2.0,1.0,1.0,0.0,0.0,0.004004004004004004,0.0006489970998749685,1,0.11666666666666665,585,4,3.4,8,41,0.010975609756097562,0.00975609756097561,4760.349593495936,81.0
A000436,5.0,12540.0,2508.0,2.0,1.0,1.0,1.0,5.0,0.0,0.0,0.0,0.0,0.0,0.0,0.0,0.0,0.0,0.0,0.0,0.0,37.964953703703706,0.0,0.0,3.0,0.0,0.0,0.0,0.0,0.0,0.0,3,3.5,5.0,4.0,3.0,2.0,1.0,1.0,0.0,2.0,0.009009009009009009,0.0088391334544716,7,0.16944444444444445,585,9,8.1,4,56,0.012499999999999999,0.011607142857142858,4977.3005952380945,128.0
A000437,0.0,0.0,0.0,0.0,0.0,0.0,0.0,0.0,0.0,0.0,0.0,0.0,0.0,0.0,0.0,0.0,0.0,0.0,0.0,0.0,25.26934027777778,0.0,0.0,0.0,0.0,0.0,0.0,0.0,0.0,0.0,6,0.0,0.0,0.0,0.0,0.0,0.0,0.0,0.0,0.0,0.0,4.269414257282076e-51,0,0.0,1,0,0.0,132,1,0.0,0.0,0.0,0.0
A000438,3.0,15830.0,5276.666666666667,1.0,2.0,1.0,2.0,1.0,1.0,1.0,0.0,0.0398257575757575,0.0,0.0,0.0,0.0,0.0,0.0,0.0,0.0,23.826527777777777,0.0,1.0,3.0,0.0,0.0,0.0,0.0,0.0,0.0,2,8.0,7.0,2.5,3.0,1.0,0.0,2.0,2.0,3.0,0.012012012012012012,0.007993549280715453,24,0.35,585,12,11.1,11,25,0.0,0.0,3853.6,51.0
A000439,0.0,0.0,0.0,0.0,0.0,0.0,0.0,0.0,0.0,0.0,0.0,0.0,0.0,0.0,0.0,0.0,0.0,0.0,0.0,0.0,41.33063657407408,0.0,0.0,0.0,0.0,0.0,0.0,0.0,0.0,0.0,2,0.0,0.0,0.0,0.0,0.0,0.0,0.0,0.0,0.0,0.0,4.269414257282076e-51,0,0.0,1,0,0.0,133,1,0.0,0.0,0.0,0.0
A000440,1.0,4880.0,4880.0,1.0,1.0,1.0,1.0,1.0,0.0,0.0,0.0,0.0,0.0,0.0,0.0,0.0,0.0,0.0,0.0,0.0,46.677962962962965,0.0,0.0,0.0,0.0,0.0,0.0,0.0,0.0,0.0,1,6.0,5.0,8.0,7.0,4.0,3.0,5.0,4.0,0.0,0.01901901901901902,0.023753463726142746,42,0.20687881589504753,585,19,16.9,2,60,0.025,0.025,3793.313888888889,125.0
A000441,1.0,5740.0,5740.0,1.0,1.0,1.0,1.0,1.0,0.0,0.0,0.0,0.0,0.0,0.0,0.0,0.0,0.0,0.0,0.0,0.0,42.03008101851852,0.0,0.0,1.0,0.0,0.0,0.0,0.0,0.0,0.0,1,4.0,3.0,4.0,3.0,1.0,0.0,8.0,7.0,2.0,0.012012012012012012,0.031165666419493743,27,0.39813253079728855,585,12,11.4,10,37,0.009009009009009009,0.009009009009009009,4372.995495495496,80.0
A000442,7.0,18660.0,2665.714285714286,2.0,1.0,1.0,1.0,7.0,0.0,0.0,0.0,0.0,0.0,0.0,0.0,0.0,0.0,0.0,0.0,0.0,30.299641203703704,0.0,2.0,7.0,0.0,0.0,0.0,0.0,0.0,0.0,1,1.5,1.0,3.0,2.0,3.0,2.0,1.0,0.0,0.0,0.005005005005005005,0.0002928562383633218,3,0.2587904001742601,585,5,4.4,0,68,0.02818627450980392,0.02622549019607843,2868.4758403361343,162.0
A000443,1.0,940.0,940.0,1.0,1.0,1.0,1.0,1.0,0.0,0.0,0.0,0.0,0.0,0.0,0.0,0.0,0.0,0.0,0.0,0.0,47.54046296296296,0.0,0.0,0.0,0.0,0.0,0.0,0.0,0.0,0.0,3,3.0,2.0,7.0,6.0,3.0,2.0,4.0,3.0,0.0,0.013013013013013013,0.008756451511658516,22,0.2216458143116734,585,13,11.2,9,39,0.0,0.0,3567.67094017094,77.0
A000444,1.0,19810.0,19810.0,1.0,1.0,1.0,1.0,1.0,0.0,0.0,0.0,0.0,0.0,0.0,0.0,0.0,1.0,0.0,0.0,1.0,37.67824074074074,0.0,0.0,1.0,0.0,0.0,0.0,0.0,0.0,0.0,2,1.0,0.0,3.0,2.0,5.0,4.0,2.0,1.0,0.0,0.007007007007007007,0.002068983239014746,7,0.3190476190476191,585,7,6.4,8,41,0.010975609756097562,0.00975609756097561,4760.349593495936,81.0
A000445,1.0,2240.0,2240.0,1.0,1.0,1.0,1.0,1.0,0.0,0.0,0.0,0.0,1.0,48.0,1.0,2240.0,0.0,1.0,1.0,0.0,26.584479166666668,0.0,0.0,1.0,0.0,0.0,1.0,1.0,0.0,0.0,1,2.0,1.0,3.0,2.0,1.0,0.0,2.0,1.0,0.0,0.004004004004004004,0.0011403108254327914,1,0.11666666666666665,585,4,3.4,7,41,0.054878048780487805,0.04959349593495935,4002.6355013550137,103.0
A000446,3.0,28760.0,9586.666666666666,1.0,2.0,1.0,1.0,1.0,1.0,1.0,0.0,0.0,0.0,0.0,0.0,0.0,0.0,0.0,0.0,0.0,27.516655092592597,0.0,1.0,3.0,0.0,0.0,0.0,0.0,0.0,0.0,2,2.0,1.0,6.0,10.0,4.0,3.0,1.0,0.0,1.0,0.014014014014014014,0.003652805916083111,26,0.21512908827056096,585,14,11.0,4,56,0.012499999999999999,0.011607142857142858,4977.3005952380945,128.0
A000447,1.0,3890.0,3890.0,1.0,1.0,1.0,1.0,1.0,0.0,0.0,0.0,0.0,0.0,0.0,0.0,0.0,0.0,0.0,0.0,0.0,38.1696875,0.0,0.0,0.0,0.0,0.0,0.0,0.0,0.0,0.0,4,1.0,0.0,5.0,4.0,3.0,2.0,1.0,0.0,0.0,0.006006006006006006,0.0017352139260736082,7,0.3466666666666667,585,6,4.8,4,56,0.012499999999999999,0.011607142857142858,4977.3005952380945,128.0
A000448,2.0,19370.0,9685.0,1.0,2.0,1.0,1.0,2.0,0.0,0.0,0.0,0.0,0.0,0.0,0.0,0.0,0.0,0.0,0.0,0.0,44.58597222222223,0.0,0.0,1.0,0.0,0.0,0.0,0.0,0.0,0.0,1,5.0,4.0,5.5,9.0,9.0,8.0,3.0,2.0,0.0,0.023023023023023025,0.018898216071685632,60,0.213107774866933,585,23,20.3,6,42,0.023809523809523808,0.023809523809523808,3971.0997732426304,78.0
A000449,0.0,0.0,0.0,0.0,0.0,0.0,0.0,0.0,0.0,0.0,0.0,0.0,0.0,0.0,0.0,0.0,0.0,0.0,0.0,0.0,21.070173611111112,0.0,0.0,0.0,0.0,0.0,0.0,0.0,0.0,0.0,2,0.0,0.0,0.0,0.0,0.0,0.0,0.0,0.0,0.0,0.0,4.269414257282076e-51,0,0.0,1,0,0.0,134,1,0.0,0.0,0.0,0.0
A000450,4.0,26590.0,6647.5,2.0,1.0,1.0,1.0,4.0,0.0,0.0,0.0,0.0,0.0,0.0,0.0,0.0,0.0,0.0,0.0,0.0,48.25158564814815,0.0,2.0,4.0,0.0,0.0,0.0,0.0,0.0,0.0,3,3.0,4.0,15.0,14.0,3.0,2.0,8.0,7.0,1.0,0.02702702702702703,0.07573664244578654,128,0.28756243403241905,585,27,22.8,10,37,0.009009009009009009,0.009009009009009009,4372.995495495496,80.0
A000451,2.0,6230.0,3115.0,1.0,1.0,1.0,1.0,2.0,0.0,0.0,0.0,0.037610606060606,0.0,0.0,0.0,0.0,0.0,0.0,0.0,0.0,38.62129629629629,0.0,1.0,2.0,0.0,0.0,0.0,0.0,0.0,0.0,5,1.0,0.0,5.0,4.0,6.0,5.0,5.0,4.0,0.0,0.013013013013013013,0.010041621375519418,23,0.2703577436120846,585,13,11.8,8,41,0.010975609756097562,0.00975609756097561,4760.349593495936,81.0
A000452,0.0,0.0,0.0,0.0,0.0,0.0,0.0,0.0,0.0,0.0,0.0,0.0,0.0,0.0,0.0,0.0,0.0,0.0,0.0,0.0,40.02207175925926,0.0,0.0,0.0,0.0,0.0,0.0,0.0,0.0,0.0,3,0.0,0.0,0.0,0.0,0.0,0.0,0.0,0.0,0.0,0.0,4.269414257282076e-51,0,0.0,1,0,0.0,135,1,0.0,0.0,0.0,0.0
A000453,1.0,1370.0,1370.0,1.0,1.0,1.0,1.0,1.0,0.0,0.0,0.0,0.0,0.0,0.0,0.0,0.0,0.0,0.0,0.0,0.0,46.10336805555556,0.0,0.0,1.0,0.0,0.0,0.0,0.0,0.0,0.0,2,3.0,2.0,10.0,9.0,2.0,1.0,3.0,2.0,1.0,0.014014014014014014,0.007081782613564002,39,0.3086582857334351,585,14,11.299999999999999,2,60,0.025,0.025,3793.313888888889,125.0
A000454,1.0,2980.0,2980.0,1.0,1.0,1.0,1.0,1.0,0.0,0.0,0.0,0.1448859060402684,0.0,0.0,0.0,0.0,0.0,0.0,0.0,0.0,39.824814814814815,0.0,0.0,1.0,0.0,0.0,0.0,0.0,0.0,0.0,1,4.0,3.0,3.0,2.0,7.0,6.0,2.0,1.0,0.0,0.012012012012012012,0.011566980663408171,20,0.29848484848484846,585,12,11.4,9,39,0.0,0.0,3567.67094017094,77.0
A000455,2.0,17020.0,8510.0,1.0,2.0,1.0,1.0,2.0,0.0,0.0,0.0,0.0282095435684647,0.0,0.0,0.0,0.0,0.0,0.0,0.0,0.0,44.14261574074074,0.0,0.0,2.0,0.0,0.0,0.0,0.0,0.0,0.0,4,4.0,3.0,7.0,12.0,3.0,2.0,4.0,3.0,2.0,0.01901901901901902,0.0180712483491753,47,0.20836123732921188,585,19,15.7,11,25,0.0,0.0,3853.6,51.0
A000456,0.0,0.0,0.0,0.0,0.0,0.0,0.0,0.0,0.0,0.0,0.0,0.0,0.0,0.0,0.0,0.0,0.0,0.0,0.0,0.0,22.06880787037037,0.0,0.0,0.0,0.0,0.0,0.0,0.0,0.0,0.0,6,0.0,0.0,0.0,0.0,0.0,0.0,0.0,0.0,0.0,0.0,4.269414257282076e-51,0,0.0,1,0,0.0,136,1,0.0,0.0,0.0,0.0
A000457,5.0,10970.0,2194.0,2.0,1.0,1.0,1.0,4.0,0.0,1.0,0.0,0.0,0.0,0.0,0.0,0.0,0.0,0.0,0.0,0.0,31.598333333333333,0.0,2.0,5.0,0.0,0.0,0.0,0.0,0.0,0.0,6,3.0,4.0,10.0,9.0,4.0,3.0,2.0,1.0,1.0,0.016016016016016016,0.01030903968736916,42,0.26589156775403494,585,16,13.6,0,68,0.02818627450980392,0.02622549019607843,2868.4758403361343,162.0
A000458,1.0,4460.0,4460.0,1.0,1.0,1.0,1.0,0.0,0.0,1.0,0.0,0.0,0.0,0.0,0.0,0.0,0.0,0.0,0.0,0.0,24.265555555555554,0.0,0.0,1.0,0.0,0.0,0.0,0.0,0.0,0.0,1,1.0,0.0,1.0,0.0,1.0,0.0,1.0,0.0,0.0,0.0,4.269414257282076e-51,0,0.0,1,0,0.0,137,1,0.0,0.0,4460.0,1.0
A000459,0.0,0.0,0.0,0.0,0.0,0.0,0.0,0.0,0.0,0.0,0.0,0.0,0.0,0.0,0.0,0.0,0.0,0.0,0.0,0.0,22.18292824074074,0.0,0.0,0.0,0.0,0.0,0.0,0.0,0.0,0.0,4,0.0,0.0,0.0,0.0,0.0,0.0,0.0,0.0,0.0,0.0,4.269414257282076e-51,0,0.0,1,0,0.0,138,1,0.0,0.0,0.0,0.0
A000460,2.0,21500.0,10750.0,1.0,1.0,1.0,1.0,2.0,0.0,0.0,0.0,0.0358907407407407,0.0,0.0,0.0,0.0,0.0,0.0,0.0,0.0,21.56519675925926,0.0,0.0,2.0,0.0,0.0,0.0,0.0,0.0,0.0,1,1.0,0.0,3.0,2.0,3.0,2.0,2.0,1.0,0.0,0.005005005005005005,0.004320195906381874,2,0.16999999999999998,585,5,4.4,9,39,0.0,0.0,3567.67094017094,77.0
A000461,3.0,10100.0,3366.6666666666665,1.0,1.0,1.0,2.0,2.0,0.0,1.0,0.0,0.018551051051051,0.0,0.0,0.0,0.0,0.0,0.0,0.0,0.0,41.74832175925926,0.0,0.0,2.0,0.0,0.0,0.0,0.0,0.0,0.0,0,3.0,2.0,8.0,7.0,3.0,2.0,6.0,10.0,0.0,0.02102102102102102,0.02613868546199249,48,0.1980376381035362,585,21,18.9,3,57,0.023391812865497075,0.021929824561403508,3958.1345029239765,119.0
A000462,2.0,5390.0,2695.0,2.0,2.0,1.0,1.0,0.0,1.0,1.0,0.0,0.0,0.0,0.0,0.0,0.0,0.0,0.0,0.0,0.0,33.74638888888889,0.0,1.0,2.0,0.0,0.0,0.0,0.0,0.0,0.0,3,1.5,1.0,3.0,4.0,2.0,1.0,2.0,1.0,0.0,0.007007007007007007,0.002942809757501469,2,0.06666666666666667,585,7,5.8,8,41,0.010975609756097562,0.00975609756097561,4760.349593495936,81.0
A000463,3.0,12990.0,4330.0,1.0,2.0,1.0,1.0,2.0,1.0,0.0,0.0,0.0320817610062893,0.0,0.0,0.0,0.0,0.0,0.0,0.0,0.0,40.56505787037037,0.0,0.0,2.0,0.0,0.0,0.0,0.0,0.0,0.0,3,4.0,3.0,5.5,9.0,1.0,0.0,2.0,1.0,2.0,0.013013013013013013,0.005602104612856917,25,0.23703042969628874,585,13,10.299999999999999,6,42,0.023809523809523808,0.023809523809523808,3971.0997732426304,78.0
A000464,0.0,0.0,0.0,0.0,0.0,0.0,0.0,0.0,0.0,0.0,0.0,0.0,0.0,0.0,0.0,0.0,0.0,0.0,0.0,0.0,21.464212962962964,0.0,0.0,0.0,0.0,0.0,0.0,0.0,0.0,0.0,1,0.0,0.0,0.0,0.0,0.0,0.0,0.0,0.0,0.0,0.0,4.269414257282076e-51,0,0.0,1,0,0.0,139,1,0.0,0.0,0.0,0.0
A000465,3.0,21610.0,7203.333333333333,2.0,1.0,1.0,2.0,2.0,0.0,1.0,0.0,0.0,0.0,0.0,0.0,0.0,0.0,0.0,0.0,0.0,28.47277777777778,1.0,1.0,3.0,0.0,0.0,0.0,0.0,1.0,0.0,1,2.5,3.0,11.0,10.0,2.0,1.0,2.0,2.0,1.0,0.016016016016016016,0.013906013533396853,50,0.30470542528636374,585,16,13.0,3,57,0.023391812865497075,0.021929824561403508,3958.1345029239765,119.0
A000466,1.0,540.0,540.0,1.0,1.0,1.0,1.0,1.0,0.0,0.0,0.0,0.0,0.0,0.0,0.0,0.0,0.0,0.0,0.0,0.0,49.27469907407407,0.0,0.0,1.0,0.0,0.0,0.0,0.0,0.0,0.0,2,5.0,4.0,7.0,6.0,7.0,6.0,8.0,7.0,0.0,0.023023023023023025,0.06482010663316354,71,0.2586266169275419,585,23,21.2,10,37,0.009009009009009009,0.009009009009009009,4372.995495495496,80.0
A000467,4.0,18180.0,4545.0,2.0,1.0,1.0,1.0,3.0,0.0,1.0,0.0,0.0,0.0,0.0,0.0,0.0,0.0,0.0,0.0,0.0,41.31788194444445,1.0,2.0,3.0,0.0,0.0,0.0,0.0,1.0,0.0,2,2.0,2.0,7.0,6.0,1.0,0.0,1.0,0.0,0.0,0.008008008008008008,0.0025212340923906652,15,0.37499999999999994,585,8,6.199999999999999,0,68,0.02818627450980392,0.02622549019607843,2868.4758403361343,162.0
A000468,3.0,7670.0,2556.6666666666665,1.0,1.0,1.0,1.0,3.0,0.0,0.0,0.3333333333333333,0.0991726907630522,0.0,0.0,0.0,0.0,0.0,0.0,0.0,0.0,44.855752314814815,0.0,0.0,1.0,0.0,0.0,0.0,0.0,0.0,0.0,3,4.0,3.0,8.0,7.0,2.0,1.0,2.0,1.0,0.0,0.012012012012012012,0.007805973038812046,24,0.2695208108531898,585,12,9.9,6,42,0.023809523809523808,0.023809523809523808,3971.0997732426304,78.0
A000469,0.0,0.0,0.0,0.0,0.0,0.0,0.0,0.0,0.0,0.0,0.0,0.0,0.0,0.0,0.0,0.0,0.0,0.0,0.0,0.0,45.49219907407407,0.0,0.0,0.0,0.0,0.0,0.0,0.0,0.0,0.0,3,0.0,0.0,0.0,0.0,0.0,0.0,0.0,0.0,0.0,0.0,4.269414257282076e-51,0,0.0,1,0,0.0,140,1,0.0,0.0,0.0,0.0
A000470,4.0,16900.0,4225.0,1.0,1.0,1.0,2.0,4.0,0.0,0.0,0.0,0.0,0.0,0.0,0.0,0.0,0.0,0.0,0.0,0.0,48.24181712962963,0.0,0.0,1.0,0.0,0.0,0.0,0.0,0.0,0.0,3,7.0,6.0,7.0,6.0,7.0,6.0,10.0,18.0,1.0,0.03403403403403403,0.13607870548569254,169,0.2920241500118061,585,34,32.8,5,51,0.01633986928104575,0.014705882352941176,3327.3856209150326,115.0
A000471,1.0,3520.0,3520.0,1.0,1.0,1.0,1.0,0.0,1.0,0.0,0.0,0.0,0.0,0.0,0.0,0.0,0.0,0.0,0.0,0.0,33.71680555555555,0.0,0.0,1.0,0.0,0.0,0.0,0.0,0.0,0.0,1,1.0,0.0,3.0,2.0,2.0,1.0,1.0,0.0,0.0,0.003003003003003003,0.0012963131088847546,1,0.2333333333333333,585,3,2.4,9,39,0.0,0.0,3567.67094017094,77.0
A000472,2.0,8550.0,4275.0,1.0,1.0,1.0,1.0,1.0,0.0,1.0,0.0,0.0,0.0,0.0,0.0,0.0,0.0,0.0,0.0,0.0,31.58767361111111,0.0,0.0,2.0,0.0,0.0,0.0,0.0,0.0,0.0,7,4.0,3.0,7.0,6.0,4.0,3.0,1.0,0.0,1.0,0.012012012012012012,0.006825170403251036,21,0.2513389926713716,585,12,10.2,0,68,0.02818627450980392,0.02622549019607843,2868.4758403361343,162.0
A000473,2.0,4170.0,2085.0,1.0,1.0,1.0,2.0,2.0,0.0,0.0,0.0,0.0273142857142857,0.0,0.0,0.0,0.0,0.0,0.0,0.0,0.0,37.28679398148148,0.0,0.0,2.0,0.0,0.0,0.0,0.0,0.0,0.0,1,1.0,0.0,5.0,4.0,2.0,1.0,6.0,10.0,0.0,0.015015015015015015,0.03207064282156034,30,0.26857142857142857,585,15,13.8,10,37,0.009009009009009009,0.009009009009009009,4372.995495495496,80.0
A000474,2.0,3130.0,1565.0,2.0,1.0,1.0,1.0,1.0,0.0,1.0,0.0,0.0,0.0,0.0,0.0,0.0,0.0,0.0,0.0,0.0,32.91837962962963,0.0,0.0,2.0,0.0,0.0,0.0,0.0,0.0,0.0,4,3.0,4.0,20.0,19.0,2.0,1.0,3.0,2.0,0.0,0.026026026026026026,0.06832841611365688,177,0.38879859435873976,585,26,20.3,5,51,0.01633986928104575,0.014705882352941176,3327.3856209150326,115.0
A000475,3.0,27840.0,9280.0,2.0,2.0,1.0,1.0,3.0,0.0,0.0,0.0,0.0,0.0,0.0,0.0,0.0,0.0,0.0,0.0,0.0,30.436666666666667,0.0,1.0,3.0,0.0,0.0,0.0,0.0,0.0,0.0,7,2.5,3.0,4.5,7.0,9.0,8.0,1.0,0.0,0.0,0.018018018018018018,0.006023145607956815,42,0.2529411764705883,585,18,15.9,6,42,0.023809523809523808,0.023809523809523808,3971.0997732426304,78.0
A000476,0.0,0.0,0.0,0.0,0.0,0.0,0.0,0.0,0.0,0.0,0.0,0.0,0.0,0.0,0.0,0.0,0.0,0.0,0.0,0.0,42.25675925925926,0.0,0.0,0.0,0.0,0.0,0.0,0.0,0.0,0.0,2,0.0,0.0,0.0,0.0,0.0,0.0,0.0,0.0,0.0,0.0,4.269414257282076e-51,0,0.0,1,0,0.0,141,1,0.0,0.0,0.0,0.0
A000477,4.0,13520.0,3380.0,2.0,1.0,1.0,2.0,4.0,0.0,0.0,0.25,0.1047467146293656,0.0,0.0,0.0,0.0,0.0,0.0,0.0,0.0,27.159895833333334,0.0,1.0,4.0,0.0,0.0,0.0,0.0,0.0,0.0,1,3.0,4.0,1.0,0.0,2.0,1.0,1.5,1.0,0.0,0.006006006006006006,0.004072485412909178,3,0.2,585,6,6.0,9,39,0.0,0.0,3567.67094017094,77.0
A000478,0.0,0.0,0.0,0.0,0.0,0.0,0.0,0.0,0.0,0.0,0.0,0.0,0.0,0.0,0.0,0.0,0.0,0.0,0.0,0.0,40.73596064814815,0.0,0.0,0.0,0.0,0.0,0.0,0.0,0.0,0.0,4,0.0,0.0,0.0,0.0,0.0,0.0,0.0,0.0,0.0,0.0,4.269414257282076e-51,0,0.0,1,0,0.0,142,1,0.0,0.0,0.0,0.0
A000479,1.0,6490.0,6490.0,1.0,1.0,1.0,1.0,1.0,0.0,0.0,0.0,0.0,0.0,0.0,0.0,0.0,0.0,0.0,0.0,0.0,47.04506944444445,0.0,0.0,0.0,0.0,0.0,0.0,0.0,0.0,0.0,0,3.0,2.0,8.0,7.0,6.0,5.0,5.0,4.0,0.0,0.018018018018018018,0.025768186201763525,39,0.2140751246094255,585,18,15.9,1,68,0.014705882352941176,0.014705882352941176,4302.5082866479925,152.0
A000480,2.0,2970.0,1485.0,1.0,2.0,1.0,2.0,2.0,0.0,0.0,0.0,0.0,0.0,0.0,0.0,0.0,0.0,0.0,0.0,0.0,27.393125,0.0,0.0,2.0,0.0,0.0,0.0,0.0,0.0,0.0,4,2.0,1.0,3.5,5.0,6.0,5.0,2.0,2.0,1.0,0.013013013013013013,0.007994416042800342,17,0.1996898461985282,585,13,11.5,8,41,0.010975609756097562,0.00975609756097561,4760.349593495936,81.0
A000481,2.0,5600.0,2800.0,1.0,2.0,1.0,1.0,2.0,0.0,0.0,0.0,0.0375298913043478,0.0,0.0,0.0,0.0,0.0,0.0,0.0,0.0,35.130775462962966,0.0,0.0,2.0,0.0,0.0,0.0,0.0,0.0,0.0,1,5.0,4.0,5.0,8.0,2.0,1.0,1.0,0.0,1.0,0.013013013013013013,0.017811119493687997,23,0.23189620515054615,585,13,10.6,0,68,0.02818627450980392,0.02622549019607843,2868.4758403361343,162.0
A000482,1.0,2410.0,2410.0,1.0,1.0,1.0,1.0,1.0,0.0,0.0,0.0,0.0,0.0,0.0,0.0,0.0,0.0,0.0,0.0,0.0,22.79731481481481,0.0,0.0,1.0,0.0,0.0,0.0,0.0,0.0,0.0,6,1.0,0.0,3.0,2.0,3.0,2.0,2.0,1.0,0.0,0.005005005005005005,0.0046070482177080615,2,0.16999999999999998,585,5,4.4,4,56,0.012499999999999999,0.011607142857142858,4977.3005952380945,128.0
A000483,0.0,0.0,0.0,0.0,0.0,0.0,0.0,0.0,0.0,0.0,0.0,0.0,0.0,0.0,0.0,0.0,0.0,0.0,0.0,0.0,22.166527777777777,0.0,0.0,0.0,0.0,0.0,0.0,0.0,0.0,0.0,4,0.0,0.0,0.0,0.0,0.0,0.0,0.0,0.0,0.0,0.0,4.269414257282076e-51,0,0.0,1,0,0.0,143,1,0.0,0.0,0.0,0.0
A000484,1.0,1900.0,1900.0,1.0,1.0,1.0,1.0,1.0,0.0,0.0,0.0,0.0,0.0,0.0,0.0,0.0,0.0,0.0,0.0,0.0,48.5137962962963,0.0,0.0,1.0,0.0,0.0,0.0,0.0,0.0,0.0,5,6.0,5.0,10.0,9.0,4.0,3.0,5.0,4.0,2.0,0.02002002002002002,0.02832353424703922,60,0.26148840070510204,585,20,17.6,0,68,0.02818627450980392,0.02622549019607843,2868.4758403361343,162.0
A000485,1.0,1530.0,1530.0,1.0,1.0,1.0,1.0,1.0,0.0,0.0,0.0,0.0,0.0,0.0,0.0,0.0,0.0,0.0,0.0,0.0,42.86407407407408,0.0,0.0,1.0,0.0,0.0,0.0,0.0,0.0,0.0,1,2.0,1.0,9.0,8.0,2.0,1.0,4.0,3.0,0.0,0.013013013013013013,0.010781248989343182,33,0.3136433528178939,585,13,10.6,0,68,0.02818627450980392,0.02622549019607843,2868.4758403361343,162.0
A000486,0.0,0.0,0.0,0.0,0.0,0.0,0.0,0.0,0.0,0.0,0.0,0.0,0.0,0.0,0.0,0.0,0.0,0.0,0.0,0.0,42.34848379629629,0.0,0.0,0.0,0.0,0.0,0.0,0.0,0.0,0.0,3,0.0,0.0,0.0,0.0,0.0,0.0,0.0,0.0,0.0,0.0,4.269414257282076e-51,0,0.0,1,0,0.0,144,1,0.0,0.0,0.0,0.0
A000487,2.0,3250.0,1625.0,1.0,2.0,1.0,2.0,1.0,0.0,1.0,0.0,0.0496903409090909,0.0,0.0,0.0,0.0,0.0,0.0,0.0,0.0,35.03344907407408,0.0,0.0,2.0,0.0,0.0,0.0,0.0,0.0,0.0,5,2.0,1.0,5.5,9.0,3.0,2.0,1.5,1.0,0.0,0.013013013013013013,0.006500818269515247,17,0.15641025641025638,585,13,10.299999999999999,1,68,0.014705882352941176,0.014705882352941176,4302.5082866479925,152.0
A000488,0.0,0.0,0.0,0.0,0.0,0.0,0.0,0.0,0.0,0.0,0.0,0.0,0.0,0.0,0.0,0.0,0.0,0.0,0.0,0.0,25.292407407407406,0.0,0.0,0.0,0.0,0.0,0.0,0.0,0.0,0.0,4,0.0,0.0,0.0,0.0,0.0,0.0,0.0,0.0,0.0,0.0,4.269414257282076e-51,0,0.0,1,0,0.0,145,1,0.0,0.0,0.0,0.0
A000489,2.0,7220.0,3610.0,1.0,1.0,1.0,1.0,2.0,0.0,0.0,0.0,0.0287833333333333,0.0,0.0,0.0,0.0,0.0,0.0,0.0,0.0,46.76359953703704,0.0,0.0,2.0,0.0,0.0,0.0,0.0,0.0,0.0,6,1.0,0.0,5.0,4.0,3.0,2.0,2.0,1.0,0.0,0.007007007007007007,0.009519115239118272,7,0.24761904761904763,585,7,5.8,10,37,0.009009009009009009,0.009009009009009009,4372.995495495496,80.0
A000490,1.0,6150.0,6150.0,1.0,1.0,1.0,1.0,1.0,0.0,0.0,0.0,0.0,0.0,0.0,0.0,0.0,0.0,0.0,0.0,0.0,23.964016203703704,0.0,0.0,1.0,0.0,0.0,0.0,0.0,0.0,0.0,2,1.0,0.0,3.0,2.0,3.0,2.0,3.0,2.0,0.0,0.006006006006006006,0.001846775078525707,3,0.18000000000000002,585,6,5.4,2,60,0.025,0.025,3793.313888888889,125.0
A000491,0.0,0.0,0.0,0.0,0.0,0.0,0.0,0.0,0.0,0.0,0.0,0.0,0.0,0.0,0.0,0.0,0.0,0.0,0.0,0.0,29.7525,0.0,0.0,0.0,0.0,0.0,0.0,0.0,0.0,0.0,3,0.0,0.0,0.0,0.0,0.0,0.0,0.0,0.0,0.0,0.0,4.269414257282076e-51,0,0.0,1,0,0.0,146,1,0.0,0.0,0.0,0.0
A000492,2.0,3330.0,1665.0,1.0,1.0,1.0,1.0,1.0,0.0,1.0,0.0,0.0,0.0,0.0,0.0,0.0,0.0,0.0,0.0,0.0,35.77515046296296,0.0,1.0,2.0,0.0,0.0,0.0,0.0,0.0,0.0,3,4.0,3.0,4.0,3.0,3.0,2.0,1.0,0.0,1.0,0.008008008008008008,0.005946823960740604,7,0.21785714285714283,585,8,7.1,0,68,0.02818627450980392,0.02622549019607843,2868.4758403361343,162.0
A000493,5.0,12620.0,2524.0,1.0,1.0,1.0,1.0,5.0,0.0,0.0,0.0,0.0401289164941338,0.0,0.0,0.0,0.0,0.0,0.0,0.0,0.0,38.5703587962963,0.0,0.0,4.0,0.0,0.0,0.0,0.0,0.0,0.0,7,2.0,1.0,5.0,4.0,1.0,0.0,3.0,2.0,1.0,0.007007007007007007,0.002896308909573456,7,0.25182731030050115,585,7,5.8,2,60,0.025,0.025,3793.313888888889,125.0
A000494,3.0,8500.0,2833.333333333333,1.0,1.0,1.0,1.0,2.0,1.0,0.0,0.0,0.0454405286343612,0.0,0.0,0.0,0.0,0.0,0.0,0.0,0.0,41.59020833333334,0.0,0.0,2.0,0.0,0.0,0.0,0.0,0.0,0.0,5,3.0,2.0,4.0,3.0,4.0,3.0,4.0,3.0,1.0,0.011011011011011011,0.007983940415228133,11,0.18363636363636363,585,11,10.1,8,41,0.010975609756097562,0.00975609756097561,4760.349593495936,81.0
A000495,0.0,0.0,0.0,0.0,0.0,0.0,0.0,0.0,0.0,0.0,0.0,0.0,0.0,0.0,0.0,0.0,0.0,0.0,0.0,0.0,46.749965277777775,0.0,0.0,0.0,0.0,0.0,0.0,0.0,0.0,0.0,5,0.0,0.0,0.0,0.0,0.0,0.0,0.0,0.0,0.0,0.0,4.269414257282076e-51,0,0.0,1,0,0.0,147,1,0.0,0.0,0.0,0.0
A000496,4.0,4750.0,1187.5,1.0,2.0,1.0,2.0,3.0,1.0,0.0,0.25,0.0723545497185741,0.0,0.0,0.0,0.0,0.0,0.0,0.0,0.0,46.77827546296297,0.0,0.0,1.0,0.0,0.0,0.0,0.0,0.0,0.0,5,2.0,1.0,11.5,21.0,3.0,2.0,4.5,7.0,0.0,0.03003003003003003,0.07067985829775719,184,0.3056552015658813,585,30,23.7,5,51,0.01633986928104575,0.014705882352941176,3327.3856209150326,115.0
A000497,2.0,20140.0,10070.0,1.0,1.0,1.0,2.0,2.0,0.0,0.0,0.0,0.0,0.0,0.0,0.0,0.0,0.0,0.0,0.0,0.0,35.26314814814815,0.0,0.0,1.0,0.0,0.0,0.0,0.0,0.0,0.0,3,2.0,1.0,7.0,6.0,5.0,4.0,3.0,4.0,0.0,0.015015015015015015,0.010982623531660792,25,0.1941705143023105,585,15,13.2,4,56,0.012499999999999999,0.011607142857142858,4977.3005952380945,128.0
A000498,1.0,3310.0,3310.0,1.0,1.0,1.0,1.0,0.0,0.0,1.0,0.0,0.0,0.0,0.0,0.0,0.0,0.0,0.0,0.0,0.0,38.10609953703704,0.0,0.0,1.0,0.0,0.0,0.0,0.0,0.0,0.0,5,1.0,0.0,10.0,9.0,5.0,4.0,4.0,3.0,0.0,0.016016016016016016,0.0103466239861976,46,0.2923992000145217,585,16,13.299999999999999,2,60,0.025,0.025,3793.313888888889,125.0
A000499,0.0,0.0,0.0,0.0,0.0,0.0,0.0,0.0,0.0,0.0,0.0,0.0,0.0,0.0,0.0,0.0,0.0,0.0,0.0,0.0,37.4915162037037,0.0,0.0,0.0,0.0,0.0,0.0,0.0,0.0,0.0,3,0.0,0.0,0.0,0.0,0.0,0.0,0.0,0.0,0.0,0.0,4.269414257282076e-51,0,0.0,1,0,0.0,148,1,0.0,0.0,0.0,0.0
A000500,1.0,5250.0,5250.0,1.0,1.0,1.0,1.0,1.0,0.0,0.0,0.0,0.0,0.0,0.0,0.0,0.0,0.0,0.0,0.0,0.0,34.63767361111111,0.0,0.0,1.0,0.0,0.0,0.0,0.0,0.0,0.0,3,5.0,4.0,4.0,3.0,1.0,0.0,8.0,7.0,1.0,0.014014014014014014,0.044109861245223224,33,0.351515428590578,585,14,13.1,10,37,0.009009009009009009,0.009009009009009009,4372.995495495496,80.0
A000501,3.0,17440.0,5813.333333333333,2.0,2.0,1.0,1.0,2.0,0.0,1.0,0.0,0.0941538496679534,0.0,0.0,0.0,0.0,0.0,0.0,0.0,0.0,42.449895833333336,0.0,1.0,1.0,0.0,0.0,0.0,0.0,0.0,0.0,1,4.5,7.0,10.0,18.0,7.0,6.0,2.0,1.0,1.0,0.031031031031031032,0.03806301880925971,118,0.19960588980718555,585,31,25.9,7,41,0.054878048780487805,0.04959349593495935,4002.6355013550137,103.0
A000502,1.0,2440.0,2440.0,1.0,1.0,1.0,1.0,1.0,0.0,0.0,0.0,0.0,0.0,0.0,0.0,0.0,0.0,0.0,0.0,0.0,23.488958333333333,0.0,0.0,1.0,0.0,0.0,0.0,0.0,0.0,0.0,5,1.0,0.0,4.0,3.0,2.0,1.0,2.0,1.0,0.0,0.005005005005005005,0.0018856539886152087,3,0.20999999999999996,585,5,4.1,9,39,0.0,0.0,3567.67094017094,77.0
A000503,1.0,7580.0,7580.0,1.0,1.0,1.0,1.0,0.0,0.0,1.0,0.0,0.0,0.0,0.0,0.0,0.0,0.0,0.0,0.0,0.0,36.083958333333335,0.0,0.0,1.0,0.0,0.0,0.0,0.0,0.0,0.0,1,2.0,1.0,8.0,7.0,9.0,8.0,2.0,1.0,0.0,0.017017017017017015,0.006908233142753472,51,0.3285020405739201,585,17,14.9,6,42,0.023809523809523808,0.023809523809523808,3971.0997732426304,78.0
A000504,1.0,1540.0,1540.0,1.0,1.0,1.0,1.0,1.0,0.0,0.0,0.0,0.0,0.0,0.0,0.0,0.0,0.0,0.0,0.0,0.0,28.425613425925928,0.0,0.0,1.0,0.0,0.0,0.0,0.0,0.0,0.0,3,1.0,0.0,4.0,3.0,3.0,2.0,4.0,3.0,0.0,0.008008008008008008,0.0016257537483083174,7,0.2178571428571429,585,8,7.1,0,68,0.02818627450980392,0.02622549019607843,2868.4758403361343,162.0
A000505,2.0,4930.0,2465.0,1.0,2.0,1.0,1.0,2.0,0.0,0.0,0.0,0.0577757352941176,0.0,0.0,0.0,0.0,0.0,0.0,0.0,0.0,40.40866898148148,0.0,0.0,1.0,0.0,0.0,0.0,0.0,0.0,0.0,2,3.0,2.0,3.5,5.0,2.0,1.0,4.0,3.0,0.0,0.011011011011011011,0.006670497310792412,8,0.12363636363636363,585,11,9.5,2,60,0.025,0.025,3793.313888888889,125.0
A000506,1.0,850.0,850.0,1.0,1.0,1.0,1.0,1.0,0.0,0.0,0.0,0.0,0.0,0.0,0.0,0.0,0.0,0.0,0.0,0.0,35.65173611111111,0.0,0.0,1.0,0.0,0.0,0.0,0.0,0.0,0.0,4,1.0,0.0,20.0,19.0,5.0,4.0,1.0,0.0,0.0,0.023023023023023025,0.06427630543011902,177,0.5003309690241313,585,23,17.3,5,51,0.01633986928104575,0.014705882352941176,3327.3856209150326,115.0
A000507,1.0,1820.0,1820.0,1.0,1.0,1.0,1.0,1.0,0.0,0.0,0.0,0.0,0.0,0.0,0.0,0.0,0.0,0.0,0.0,0.0,36.637685185185184,0.0,0.0,1.0,0.0,0.0,0.0,0.0,0.0,0.0,3,3.0,2.0,20.0,19.0,1.0,0.0,2.0,1.0,1.0,0.022022022022022022,0.06448265915939193,173,0.5301802561248824,585,22,16.3,5,51,0.01633986928104575,0.014705882352941176,3327.3856209150326,115.0
A000508,1.0,1210.0,1210.0,1.0,1.0,1.0,1.0,1.0,0.0,0.0,0.0,0.0,0.0,0.0,0.0,0.0,0.0,0.0,0.0,0.0,32.495752314814816,0.0,0.0,1.0,0.0,0.0,0.0,0.0,0.0,0.0,4,6.0,5.0,3.0,2.0,7.0,6.0,2.0,1.0,1.0,0.014014014014014014,0.014469429967183183,27,0.2921747692499187,585,14,13.4,7,41,0.054878048780487805,0.04959349593495935,4002.6355013550137,103.0
A000509,4.0,19830.0,4957.5,2.0,1.0,1.0,1.0,3.0,0.0,1.0,0.0,0.0,0.0,0.0,0.0,0.0,0.0,0.0,0.0,0.0,48.626157407407405,0.0,0.0,1.0,0.0,0.0,0.0,0.0,0.0,0.0,0,10.5,19.0,15.0,14.0,8.0,7.0,2.0,1.0,5.0,0.03403403403403403,0.14627384870256654,210,0.3385217402358482,585,34,31.6,10,37,0.009009009009009009,0.009009009009009009,4372.995495495496,80.0
A000510,2.0,10100.0,5050.0,1.0,1.0,1.0,1.0,2.0,0.0,0.0,0.0,0.0,0.0,0.0,0.0,0.0,0.0,0.0,0.0,0.0,47.39519675925926,0.0,0.0,1.0,0.0,0.0,0.0,0.0,0.0,0.0,5,4.0,3.0,10.0,9.0,11.0,10.0,16.0,15.0,0.0,0.036036036036036036,0.1413454437573455,201,0.2997518905583963,585,36,33.3,5,51,0.01633986928104575,0.014705882352941176,3327.3856209150326,115.0
A000511,3.0,21260.0,7086.666666666667,1.0,1.0,1.0,1.0,1.0,1.0,1.0,0.0,0.0,0.0,0.0,0.0,0.0,0.0,0.0,0.0,0.0,49.73146990740741,0.0,1.0,1.0,0.0,0.0,0.0,0.0,0.0,0.0,2,11.0,10.0,15.0,14.0,10.0,9.0,16.0,15.0,3.0,0.03203203203203203,0.16804267433874043,252,0.46027943159196394,585,32,28.7,5,51,0.01633986928104575,0.014705882352941176,3327.3856209150326,115.0
A000512,0.0,0.0,0.0,0.0,0.0,0.0,0.0,0.0,0.0,0.0,0.0,0.0,0.0,0.0,0.0,0.0,0.0,0.0,0.0,0.0,45.546875,0.0,0.0,0.0,0.0,0.0,0.0,0.0,0.0,0.0,6,0.0,0.0,0.0,0.0,0.0,0.0,0.0,0.0,0.0,0.0,4.269414257282076e-51,0,0.0,1,0,0.0,149,1,0.0,0.0,0.0,0.0
A000513,2.0,9920.0,4960.0,1.0,1.0,1.0,1.0,2.0,0.0,0.0,0.0,0.0334598698481561,0.0,0.0,0.0,0.0,0.0,0.0,0.0,0.0,46.79174768518519,0.0,0.0,1.0,0.0,0.0,0.0,0.0,0.0,0.0,3,4.0,3.0,18.0,17.0,8.0,7.0,3.0,2.0,1.0,0.028028028028028028,0.08372811482604813,169,0.34452570111457576,585,28,23.2,5,51,0.01633986928104575,0.014705882352941176,3327.3856209150326,115.0
A000514,2.0,2370.0,1185.0,1.0,1.0,1.0,1.0,1.0,0.0,1.0,0.0,0.0580214285714285,0.0,0.0,0.0,0.0,0.0,0.0,0.0,0.0,47.42306712962963,0.0,1.0,1.0,0.0,0.0,0.0,0.0,0.0,0.0,3,1.0,0.0,13.0,12.0,7.0,6.0,3.0,2.0,0.0,0.02002002002002002,0.029492602426627004,87,0.3522545423136392,585,20,16.4,9,39,0.0,0.0,3567.67094017094,77.0
A000515,0.0,0.0,0.0,0.0,0.0,0.0,0.0,0.0,0.0,0.0,0.0,0.0,0.0,0.0,0.0,0.0,0.0,0.0,0.0,0.0,33.492847222222224,0.0,0.0,0.0,0.0,0.0,0.0,0.0,0.0,0.0,3,0.0,0.0,0.0,0.0,0.0,0.0,0.0,0.0,0.0,0.0,4.269414257282076e-51,0,0.0,1,0,0.0,150,1,0.0,0.0,0.0,0.0
A000516,1.0,7620.0,7620.0,1.0,1.0,1.0,1.0,1.0,0.0,0.0,0.0,0.0,0.0,0.0,0.0,0.0,0.0,0.0,0.0,0.0,35.67443287037037,0.0,0.0,1.0,0.0,0.0,0.0,0.0,0.0,0.0,4,8.0,7.0,10.0,9.0,7.0,6.0,2.0,1.0,1.0,0.02102102102102102,0.03278417459199842,72,0.29868887483581913,585,21,18.9,11,25,0.0,0.0,3853.6,51.0
A000517,0.0,0.0,0.0,0.0,0.0,0.0,0.0,0.0,0.0,0.0,0.0,0.0,0.0,0.0,0.0,0.0,0.0,0.0,0.0,0.0,49.8625,0.0,0.0,0.0,0.0,0.0,0.0,0.0,0.0,0.0,3,0.0,0.0,0.0,0.0,0.0,0.0,0.0,0.0,0.0,0.0,4.269414257282076e-51,0,0.0,1,0,0.0,151,1,0.0,0.0,0.0,0.0
A000518,1.0,6150.0,6150.0,1.0,1.0,1.0,1.0,1.0,0.0,0.0,0.0,0.0,0.0,0.0,0.0,0.0,0.0,0.0,0.0,0.0,36.723125,0.0,0.0,1.0,0.0,0.0,0.0,0.0,0.0,0.0,4,1.0,0.0,3.0,2.0,1.0,0.0,2.0,1.0,0.0,0.003003003003003003,0.0007663242135783259,1,0.2333333333333333,585,3,2.4,7,41,0.054878048780487805,0.04959349593495935,4002.6355013550137,103.0
A000519,2.0,1770.0,885.0,1.0,1.0,1.0,1.0,2.0,0.0,0.0,0.0,0.0,0.0,0.0,0.0,0.0,0.0,0.0,0.0,0.0,45.28043981481481,0.0,0.0,1.0,0.0,0.0,0.0,0.0,0.0,0.0,3,3.0,2.0,11.0,10.0,1.0,0.0,4.0,3.0,0.0,0.015015015015015015,0.009990028039403714,50,0.34823477175584433,585,15,12.0,9,39,0.0,0.0,3567.67094017094,77.0
A000520,1.0,1390.0,1390.0,1.0,1.0,1.0,1.0,1.0,0.0,0.0,0.0,0.0,0.0,0.0,0.0,0.0,0.0,0.0,0.0,0.0,41.5571412037037,0.0,0.0,1.0,0.0,0.0,0.0,0.0,0.0,0.0,2,2.0,1.0,8.0,7.0,1.0,0.0,2.0,1.0,1.0,0.008008008008008008,0.0020467514316622982,21,0.543937182066541,585,8,6.199999999999999,2,60,0.025,0.025,3793.313888888889,125.0
A000521,2.0,17770.0,8885.0,1.0,1.0,1.0,1.0,1.0,0.0,1.0,0.0,0.0299547187797902,0.0,0.0,0.0,0.0,0.0,0.0,0.0,0.0,42.62636574074074,1.0,1.0,1.0,0.0,0.0,0.0,0.0,1.0,0.0,2,2.0,1.0,18.0,17.0,3.0,2.0,2.0,1.0,0.0,0.02102102102102102,0.0666032208026949,137,0.46567011092185445,585,21,15.899999999999999,5,51,0.01633986928104575,0.014705882352941176,3327.3856209150326,115.0
A000522,2.0,8820.0,4410.0,1.0,1.0,1.0,1.0,2.0,0.0,0.0,0.0,0.0,0.0,0.0,0.0,0.0,0.0,0.0,0.0,0.0,21.920416666666668,0.0,0.0,2.0,0.0,0.0,0.0,0.0,0.0,0.0,2,2.0,1.0,8.0,7.0,1.0,0.0,1.0,0.0,1.0,0.008008008008008008,0.0020207291159296103,21,0.5281561970110901,585,8,5.8999999999999995,2,60,0.025,0.025,3793.313888888889,125.0
A000523,0.0,0.0,0.0,0.0,0.0,0.0,0.0,0.0,0.0,0.0,0.0,0.0,0.0,0.0,0.0,0.0,0.0,0.0,0.0,0.0,32.50069444444444,0.0,0.0,0.0,0.0,0.0,0.0,0.0,0.0,0.0,4,0.0,0.0,0.0,0.0,0.0,0.0,0.0,0.0,0.0,0.0,4.269414257282076e-51,0,0.0,1,0,0.0,152,1,0.0,0.0,0.0,0.0
A000524,2.0,6940.0,3470.0,2.0,1.0,1.0,2.0,2.0,0.0,0.0,0.0,0.0,0.0,0.0,0.0,0.0,0.0,0.0,0.0,0.0,28.709953703703704,0.0,0.0,2.0,0.0,0.0,0.0,0.0,0.0,0.0,4,2.5,3.0,2.0,1.0,2.0,1.0,1.0,0.0,0.0,0.005005005005005005,0.005816586402862574,3,0.3,585,5,4.7,8,41,0.010975609756097562,0.00975609756097561,4760.349593495936,81.0
A000525,2.0,4030.0,2015.0,1.0,1.0,1.0,2.0,0.0,1.0,1.0,0.0,0.0,0.0,0.0,0.0,0.0,0.0,0.0,0.0,0.0,26.41837962962963,0.0,1.0,2.0,0.0,0.0,0.0,0.0,0.0,0.0,0,3.0,2.0,4.0,3.0,3.0,2.0,3.0,4.0,0.0,0.011011011011011011,0.0028003084736502037,11,0.18363636363636365,585,11,10.1,4,56,0.012499999999999999,0.011607142857142858,4977.3005952380945,128.0
A000526,1.0,5310.0,5310.0,1.0,1.0,1.0,1.0,1.0,0.0,0.0,0.0,0.0,0.0,0.0,0.0,0.0,0.0,0.0,0.0,0.0,46.723958333333336,0.0,0.0,1.0,0.0,0.0,0.0,0.0,0.0,0.0,3,5.0,4.0,9.0,8.0,4.0,3.0,3.0,2.0,1.0,0.017017017017017015,0.018080484902774602,40,0.23135427588085092,585,17,14.6,0,68,0.02818627450980392,0.02622549019607843,2868.4758403361343,162.0
A000527,1.0,2790.0,2790.0,1.0,1.0,1.0,1.0,1.0,0.0,0.0,0.0,0.1105017921146953,0.0,0.0,0.0,0.0,0.0,0.0,0.0,0.0,32.578715277777775,0.0,0.0,1.0,0.0,0.0,0.0,0.0,0.0,0.0,2,1.0,0.0,4.0,3.0,3.0,2.0,2.0,1.0,0.0,0.006006006006006006,0.0037685350561118664,4,0.20666666666666664,585,6,5.1,6,42,0.023809523809523808,0.023809523809523808,3971.0997732426304,78.0
A000528,0.0,0.0,0.0,0.0,0.0,0.0,0.0,0.0,0.0,0.0,0.0,0.0,0.0,0.0,0.0,0.0,0.0,0.0,0.0,0.0,31.564375,0.0,0.0,0.0,0.0,0.0,0.0,0.0,0.0,0.0,6,0.0,0.0,0.0,0.0,0.0,0.0,0.0,0.0,0.0,0.0,4.269414257282076e-51,0,0.0,1,0,0.0,153,1,0.0,0.0,0.0,0.0
A000529,2.0,6870.0,3435.0,1.0,1.0,1.0,1.0,2.0,0.0,0.0,0.0,0.0,1.0,96.0,1.0,950.0,0.0,0.5,0.5,0.0,40.78856481481481,0.0,0.0,1.0,0.0,0.0,1.0,0.0,0.0,0.0,6,4.0,3.0,7.0,6.0,4.0,3.0,3.0,2.0,1.0,0.014014014014014014,0.009667150269145646,25,0.22157925280470106,585,14,12.2,3,57,0.023391812865497075,0.021929824561403508,3958.1345029239765,119.0
A000530,1.0,3170.0,3170.0,1.0,1.0,1.0,1.0,0.0,1.0,0.0,0.0,0.0,0.0,0.0,0.0,0.0,0.0,0.0,0.0,0.0,28.659016203703704,0.0,0.0,1.0,0.0,0.0,0.0,0.0,0.0,0.0,3,3.0,2.0,4.0,3.0,6.0,5.0,2.0,1.0,0.0,0.011011011011011011,0.007412390332507084,15,0.2543255273044109,585,11,10.1,6,42,0.023809523809523808,0.023809523809523808,3971.0997732426304,78.0
A000531,1.0,7280.0,7280.0,1.0,1.0,1.0,1.0,1.0,0.0,0.0,0.0,0.1040728021978022,0.0,0.0,0.0,0.0,0.0,0.0,0.0,0.0,39.95211805555556,0.0,0.0,1.0,0.0,0.0,0.0,0.0,0.0,0.0,1,4.0,3.0,4.0,3.0,9.0,8.0,1.0,0.0,2.0,0.014014014014014014,0.007724741086027299,35,0.37349345056860006,585,14,13.1,6,42,0.023809523809523808,0.023809523809523808,3971.0997732426304,78.0
A000532,1.0,2980.0,2980.0,1.0,1.0,1.0,1.0,1.0,0.0,0.0,0.0,0.0,0.0,0.0,0.0,0.0,0.0,0.0,0.0,0.0,30.88445601851852,0.0,0.0,0.0,0.0,0.0,0.0,0.0,0.0,0.0,1,3.0,2.0,3.0,2.0,1.0,0.0,2.0,1.0,0.0,0.005005005005005005,0.0013655961904437974,2,0.16999999999999998,585,5,4.4,3,57,0.023391812865497075,0.021929824561403508,3958.1345029239765,119.0
A000533,0.0,0.0,0.0,0.0,0.0,0.0,0.0,0.0,0.0,0.0,0.0,0.0,0.0,0.0,0.0,0.0,0.0,0.0,0.0,0.0,28.969675925925927,0.0,0.0,0.0,0.0,0.0,0.0,0.0,0.0,0.0,3,0.0,0.0,0.0,0.0,0.0,0.0,0.0,0.0,0.0,0.0,4.269414257282076e-51,0,0.0,1,0,0.0,154,1,0.0,0.0,0.0,0.0
A000534,0.0,0.0,0.0,0.0,0.0,0.0,0.0,0.0,0.0,0.0,0.0,0.0,0.0,0.0,0.0,0.0,0.0,0.0,0.0,0.0,26.04744212962963,0.0,0.0,0.0,0.0,0.0,0.0,0.0,0.0,0.0,6,0.0,0.0,0.0,0.0,0.0,0.0,0.0,0.0,0.0,0.0,4.269414257282076e-51,0,0.0,1,0,0.0,155,1,0.0,0.0,0.0,0.0
A000535,0.0,0.0,0.0,0.0,0.0,0.0,0.0,0.0,0.0,0.0,0.0,0.0,0.0,0.0,0.0,0.0,0.0,0.0,0.0,0.0,40.80255787037037,0.0,0.0,0.0,0.0,0.0,0.0,0.0,0.0,0.0,8,0.0,0.0,0.0,0.0,0.0,0.0,0.0,0.0,0.0,0.0,4.269414257282076e-51,0,0.0,1,0,0.0,156,1,0.0,0.0,0.0,0.0
A000536,2.0,7130.0,3565.0,1.0,2.0,1.0,1.0,1.0,1.0,0.0,0.0,0.0,0.0,0.0,0.0,0.0,0.0,0.0,0.0,0.0,43.14787037037037,0.0,0.0,0.0,0.0,0.0,0.0,0.0,0.0,0.0,4,2.0,1.0,9.0,15.0,1.0,0.0,3.0,2.0,0.0,0.018018018018018018,0.009154395549042599,60,0.2782034022805985,585,18,13.5,2,60,0.025,0.025,3793.313888888889,125.0
A000537,1.0,1550.0,1550.0,1.0,1.0,1.0,1.0,1.0,0.0,0.0,0.0,0.0,0.0,0.0,0.0,0.0,0.0,0.0,0.0,0.0,46.34524305555556,0.0,0.0,1.0,0.0,0.0,0.0,0.0,0.0,0.0,2,4.0,3.0,15.0,14.0,6.0,5.0,4.0,3.0,0.0,0.025025025025025023,0.04386752140817505,112,0.28282169379732397,585,25,20.8,1,68,0.014705882352941176,0.014705882352941176,4302.5082866479925,152.0
A000538,1.0,4660.0,4660.0,1.0,1.0,1.0,1.0,1.0,0.0,0.0,0.0,0.0,0.0,0.0,0.0,0.0,0.0,0.0,0.0,0.0,48.25339120370371,0.0,0.0,1.0,0.0,0.0,0.0,0.0,0.0,0.0,3,3.0,2.0,18.0,17.0,8.0,7.0,5.0,4.0,0.0,0.02702702702702703,0.08917381159243591,179,0.4014497800628882,585,27,22.5,5,51,0.01633986928104575,0.014705882352941176,3327.3856209150326,115.0
A000539,0.0,0.0,0.0,0.0,0.0,0.0,0.0,0.0,0.0,0.0,0.0,0.0,0.0,0.0,0.0,0.0,0.0,0.0,0.0,0.0,44.98462962962963,0.0,0.0,0.0,0.0,0.0,0.0,0.0,0.0,0.0,2,0.0,0.0,0.0,0.0,0.0,0.0,0.0,0.0,0.0,0.0,4.269414257282076e-51,0,0.0,1,0,0.0,157,1,0.0,0.0,0.0,0.0
A000540,0.0,0.0,0.0,0.0,0.0,0.0,0.0,0.0,0.0,0.0,0.0,0.0,0.0,0.0,0.0,0.0,0.0,0.0,0.0,0.0,42.31534722222222,0.0,0.0,0.0,0.0,0.0,0.0,0.0,0.0,0.0,3,0.0,0.0,0.0,0.0,0.0,0.0,0.0,0.0,0.0,0.0,4.269414257282076e-51,0,0.0,1,0,0.0,158,1,0.0,0.0,0.0,0.0
A000541,2.0,6920.0,3460.0,1.0,1.0,1.0,1.0,2.0,0.0,0.0,0.0,0.0580910224438902,0.0,0.0,0.0,0.0,0.0,0.0,0.0,0.0,49.883784722222224,0.0,0.0,1.0,0.0,0.0,0.0,0.0,0.0,0.0,3,11.0,10.0,18.0,17.0,10.0,9.0,16.0,15.0,2.0,0.03303303303303303,0.1765686128546555,294,0.4919979821677661,585,33,29.4,5,51,0.01633986928104575,0.014705882352941176,3327.3856209150326,115.0
A000542,2.0,4240.0,2120.0,1.0,2.0,1.0,1.0,1.0,0.0,1.0,0.0,0.0469368279569892,0.0,0.0,0.0,0.0,0.0,0.0,0.0,0.0,33.24353009259259,0.0,1.0,2.0,0.0,0.0,0.0,0.0,0.0,0.0,1,5.0,4.0,4.5,7.0,3.0,2.0,2.0,1.0,1.0,0.014014014014014014,0.013146407536942272,18,0.1625095990803354,585,14,11.9,4,56,0.012499999999999999,0.011607142857142858,4977.3005952380945,128.0
A000543,3.0,12760.0,4253.333333333333,1.0,1.0,1.0,1.0,3.0,0.0,0.0,0.0,0.0,0.0,0.0,0.0,0.0,0.0,0.0,0.0,0.0,33.04547453703704,0.0,0.0,3.0,0.0,0.0,0.0,0.0,0.0,0.0,1,2.0,1.0,5.0,4.0,3.0,2.0,2.0,1.0,0.0,0.008008008008008008,0.003680767206415082,7,0.18571428571428572,585,8,6.8,3,57,0.023391812865497075,0.021929824561403508,3958.1345029239765,119.0
A000544,3.0,24780.0,8260.0,2.0,1.0,1.0,2.0,2.0,0.0,1.0,0.0,0.0,0.0,0.0,0.0,0.0,0.0,0.0,0.0,0.0,47.358020833333335,0.0,0.0,1.0,0.0,0.0,0.0,0.0,0.0,0.0,3,5.5,9.0,6.0,5.0,4.0,3.0,5.5,9.0,1.0,0.024024024024024024,0.046672384502897915,56,0.19040440582235652,585,24,22.5,1,68,0.014705882352941176,0.014705882352941176,4302.5082866479925,152.0
A000545,3.0,13420.0,4473.333333333333,1.0,2.0,1.0,2.0,3.0,0.0,0.0,0.0,0.0,0.0,0.0,0.0,0.0,0.0,0.0,0.0,0.0,24.46896990740741,0.0,1.0,3.0,0.0,0.0,0.0,0.0,0.0,0.0,4,1.0,0.0,2.5,3.0,1.0,0.0,1.5,1.0,0.0,0.004004004004004004,0.0010099875122204227,3,0.3499999999999999,585,4,3.0999999999999996,4,56,0.012499999999999999,0.011607142857142858,4977.3005952380945,128.0
A000546,2.0,9360.0,4680.0,2.0,1.0,1.0,1.0,2.0,0.0,0.0,0.0,0.064578431372549,0.0,0.0,0.0,0.0,0.0,0.0,0.0,0.0,44.71175925925926,0.0,0.0,1.0,0.0,0.0,0.0,0.0,0.0,0.0,2,3.5,5.0,4.0,3.0,1.0,0.0,2.0,1.0,0.0,0.009009009009009009,0.010303416593536847,9,0.22500000000000003,585,9,8.1,7,41,0.054878048780487805,0.04959349593495935,4002.6355013550137,103.0
A000547,2.0,9570.0,4785.0,1.0,1.0,1.0,1.0,2.0,0.0,0.0,0.0,0.0553628389154704,0.0,0.0,0.0,0.0,0.0,0.0,0.0,0.0,42.07756944444444,0.0,1.0,2.0,0.0,0.0,0.0,0.0,0.0,0.0,1,2.0,1.0,4.0,3.0,3.0,2.0,1.0,0.0,0.0,0.006006006006006006,0.008229689770622307,4,0.20666666666666664,585,6,5.1,1,68,0.014705882352941176,0.014705882352941176,4302.5082866479925,152.0
A000548,1.0,1780.0,1780.0,1.0,1.0,1.0,1.0,1.0,0.0,0.0,0.0,0.1136853932584269,0.0,0.0,0.0,0.0,0.0,0.0,0.0,0.0,46.17116898148148,0.0,0.0,1.0,0.0,0.0,0.0,0.0,0.0,0.0,1,6.0,5.0,11.0,10.0,3.0,2.0,4.0,3.0,0.0,0.01901901901901902,0.024467796213773863,61,0.28163475536017807,585,19,16.3,9,39,0.0,0.0,3567.67094017094,77.0
A000549,0.0,0.0,0.0,0.0,0.0,0.0,0.0,0.0,0.0,0.0,0.0,0.0,0.0,0.0,0.0,0.0,0.0,0.0,0.0,0.0,41.45210648148148,0.0,0.0,0.0,0.0,0.0,0.0,0.0,0.0,0.0,3,0.0,0.0,0.0,0.0,0.0,0.0,0.0,0.0,0.0,0.0,4.269414257282076e-51,0,0.0,1,0,0.0,159,1,0.0,0.0,0.0,0.0
A000550,1.0,730.0,730.0,1.0,1.0,1.0,1.0,1.0,0.0,0.0,0.0,0.0,0.0,0.0,0.0,0.0,0.0,0.0,0.0,0.0,44.49679398148148,0.0,1.0,1.0,0.0,0.0,0.0,0.0,0.0,0.0,2,7.0,6.0,10.0,9.0,4.0,3.0,4.0,3.0,1.0,0.02102102102102102,0.02431596208055471,59,0.2284031001636364,585,21,18.3,0,68,0.02818627450980392,0.02622549019607843,2868.4758403361343,162.0
A000551,1.0,4140.0,4140.0,1.0,1.0,1.0,1.0,0.0,0.0,1.0,0.0,0.0,0.0,0.0,0.0,0.0,0.0,0.0,0.0,0.0,49.47334490740741,0.0,0.0,1.0,0.0,0.0,0.0,0.0,0.0,0.0,1,6.0,5.0,15.0,14.0,3.0,2.0,8.0,7.0,1.0,0.024024024024024024,0.06494309911676845,139,0.40785806697941623,585,24,20.4,1,68,0.014705882352941176,0.014705882352941176,4302.5082866479925,152.0
A000552,0.0,0.0,0.0,0.0,0.0,0.0,0.0,0.0,0.0,0.0,0.0,0.0,0.0,0.0,0.0,0.0,0.0,0.0,0.0,0.0,25.425636574074076,0.0,0.0,0.0,0.0,0.0,0.0,0.0,0.0,0.0,5,0.0,0.0,0.0,0.0,0.0,0.0,0.0,0.0,0.0,0.0,4.269414257282076e-51,0,0.0,1,0,0.0,160,1,0.0,0.0,0.0,0.0
A000553,0.0,0.0,0.0,0.0,0.0,0.0,0.0,0.0,0.0,0.0,0.0,0.0,0.0,0.0,0.0,0.0,0.0,0.0,0.0,0.0,24.657233796296296,0.0,0.0,0.0,0.0,0.0,0.0,0.0,0.0,0.0,2,0.0,0.0,0.0,0.0,0.0,0.0,0.0,0.0,0.0,0.0,4.269414257282076e-51,0,0.0,1,0,0.0,161,1,0.0,0.0,0.0,0.0
A000554,4.0,21970.0,5492.5,1.0,1.0,1.0,1.0,3.0,1.0,0.0,0.0,0.0,0.0,0.0,0.0,0.0,0.0,0.0,0.0,0.0,44.62782407407408,0.0,0.0,3.0,0.0,0.0,0.0,0.0,0.0,0.0,2,4.0,3.0,8.0,7.0,2.0,1.0,4.0,3.0,2.0,0.014014014014014014,0.00862065283657374,28,0.2372297143048637,585,14,11.9,2,60,0.025,0.025,3793.313888888889,125.0
A000555,5.0,13780.0,2756.0,1.0,2.0,1.0,2.0,5.0,0.0,0.0,0.0,0.0,0.0,0.0,0.0,0.0,0.0,0.0,0.0,0.0,33.94731481481482,0.0,0.0,5.0,0.0,0.0,0.0,0.0,0.0,0.0,4,1.0,0.0,4.5,7.0,2.0,1.0,1.5,1.0,0.0,0.009009009009009009,0.005973060722848357,21,0.4083333333333333,585,9,6.8999999999999995,3,57,0.023391812865497075,0.021929824561403508,3958.1345029239765,119.0
A000556,2.0,5140.0,2570.0,2.0,1.0,1.0,2.0,1.0,0.0,1.0,0.0,0.0,0.0,0.0,0.0,0.0,0.0,0.0,0.0,0.0,34.55300925925926,0.0,1.0,2.0,0.0,0.0,0.0,0.0,0.0,0.0,5,4.0,6.0,3.0,2.0,2.0,1.0,3.0,4.0,1.0,0.013013013013013013,0.02056829330695203,15,0.1870244102787513,585,13,12.4,2,60,0.025,0.025,3793.313888888889,125.0
A000557,2.0,10530.0,5265.0,1.0,1.0,1.0,2.0,2.0,0.0,0.0,0.0,0.0,0.0,0.0,0.0,0.0,0.0,0.0,0.0,0.0,28.952673611111116,0.0,0.0,2.0,0.0,0.0,0.0,0.0,0.0,0.0,3,2.0,1.0,15.0,14.0,1.0,0.0,4.0,6.0,0.0,0.02102102102102102,0.05324785724926695,102,0.36270223964862136,585,21,16.8,10,37,0.009009009009009009,0.009009009009009009,4372.995495495496,80.0
A000558,1.0,5280.0,5280.0,1.0,1.0,1.0,1.0,1.0,0.0,0.0,0.0,0.0,0.0,0.0,0.0,0.0,0.0,0.0,0.0,0.0,29.189189814814814,0.0,0.0,1.0,0.0,0.0,0.0,0.0,0.0,0.0,2,1.0,0.0,3.0,2.0,5.0,4.0,2.0,1.0,0.0,0.007007007007007007,0.004067928761619452,7,0.3190476190476191,585,7,6.4,0,68,0.02818627450980392,0.02622549019607843,2868.4758403361343,162.0
A000559,2.0,6360.0,3180.0,2.0,2.0,1.0,1.0,0.0,0.0,2.0,0.0,0.0,0.0,0.0,0.0,0.0,0.0,0.0,0.0,0.0,21.48090277777778,1.0,2.0,2.0,0.0,0.0,0.0,0.0,1.0,0.0,2,2.5,3.0,5.5,9.0,3.0,2.0,1.0,0.0,0.0,0.014014014014014014,0.0074582840897144,18,0.14602608259681893,585,14,11.299999999999999,4,56,0.012499999999999999,0.011607142857142858,4977.3005952380945,128.0
A000560,1.0,1100.0,1100.0,1.0,1.0,1.0,1.0,1.0,0.0,0.0,1.0,0.3126545454545454,0.0,0.0,0.0,0.0,0.0,0.0,0.0,0.0,22.663935185185185,0.0,0.0,1.0,0.0,0.0,0.0,0.0,0.0,0.0,3,1.0,0.0,7.0,6.0,1.0,0.0,1.0,0.0,0.0,0.006006006006006006,0.0009148728800639742,15,0.6999999999999998,585,6,4.199999999999999,4,56,0.012499999999999999,0.011607142857142858,4977.3005952380945,128.0
A000561,4.0,12380.0,3095.0,1.0,2.0,1.0,2.0,3.0,0.0,1.0,0.0,0.0,1.0,120.0,1.0,4120.0,0.0,0.3333333333333333,0.25,0.0,49.63837962962963,0.0,1.0,2.0,0.0,0.0,1.0,0.0,0.0,0.0,0,10.0,9.0,17.5,32.0,7.0,6.0,10.5,19.0,2.0,0.058058058058058054,0.2285125983004291,495,0.2535269187429379,585,58,50.199999999999996,5,51,0.01633986928104575,0.014705882352941176,3327.3856209150326,115.0
A000562,0.0,0.0,0.0,0.0,0.0,0.0,0.0,0.0,0.0,0.0,0.0,0.0,0.0,0.0,0.0,0.0,0.0,0.0,0.0,0.0,37.58771990740741,0.0,0.0,0.0,0.0,0.0,0.0,0.0,0.0,0.0,2,0.0,0.0,0.0,0.0,0.0,0.0,0.0,0.0,0.0,0.0,4.269414257282076e-51,0,0.0,1,0,0.0,162,1,0.0,0.0,0.0,0.0
A000563,0.0,0.0,0.0,0.0,0.0,0.0,0.0,0.0,0.0,0.0,0.0,0.0,0.0,0.0,0.0,0.0,0.0,0.0,0.0,0.0,38.16912037037037,0.0,0.0,0.0,0.0,0.0,0.0,0.0,0.0,0.0,4,0.0,0.0,0.0,0.0,0.0,0.0,0.0,0.0,0.0,0.0,4.269414257282076e-51,0,0.0,1,0,0.0,163,1,0.0,0.0,0.0,0.0
A000564,2.0,7400.0,3700.0,2.0,1.0,1.0,1.0,1.0,0.0,1.0,0.0,0.1216402403325429,0.0,0.0,0.0,0.0,0.0,0.0,0.0,0.0,30.93505787037037,0.0,1.0,2.0,0.0,0.0,0.0,0.0,0.0,0.0,4,2.5,3.0,8.0,7.0,2.0,1.0,2.0,1.0,1.0,0.012012012012012012,0.004279368658854911,22,0.23787878787878786,585,12,9.9,2,60,0.025,0.025,3793.313888888889,125.0
A000565,0.0,0.0,0.0,0.0,0.0,0.0,0.0,0.0,0.0,0.0,0.0,0.0,0.0,0.0,0.0,0.0,0.0,0.0,0.0,0.0,38.54479166666667,0.0,0.0,0.0,0.0,0.0,0.0,0.0,0.0,0.0,4,0.0,0.0,0.0,0.0,0.0,0.0,0.0,0.0,0.0,0.0,4.269414257282076e-51,0,0.0,1,0,0.0,164,1,0.0,0.0,0.0,0.0
A000566,1.0,1590.0,1590.0,1.0,1.0,1.0,1.0,1.0,0.0,0.0,0.0,0.0,0.0,0.0,0.0,0.0,0.0,0.0,0.0,0.0,39.57013888888889,0.0,0.0,1.0,0.0,0.0,0.0,0.0,0.0,0.0,2,4.0,3.0,10.0,9.0,7.0,6.0,4.0,3.0,1.0,0.02102102102102102,0.026866638280733938,57,0.22042082626814538,585,21,18.3,0,68,0.02818627450980392,0.02622549019607843,2868.4758403361343,162.0
A000567,1.0,1000.0,1000.0,1.0,1.0,1.0,1.0,1.0,0.0,0.0,0.0,0.13028,0.0,0.0,0.0,0.0,0.0,0.0,0.0,0.0,22.11505787037037,0.0,0.0,1.0,0.0,0.0,0.0,0.0,0.0,0.0,6,2.0,1.0,1.0,0.0,2.0,1.0,4.0,3.0,1.0,0.005005005005005005,0.0004016160328208429,3,0.3,585,5,5.0,8,41,0.010975609756097562,0.00975609756097561,4760.349593495936,81.0
A000568,0.0,0.0,0.0,0.0,0.0,0.0,0.0,0.0,0.0,0.0,0.0,0.0,0.0,0.0,0.0,0.0,0.0,0.0,0.0,0.0,23.32263888888889,0.0,0.0,0.0,0.0,0.0,0.0,0.0,0.0,0.0,3,0.0,0.0,0.0,0.0,0.0,0.0,0.0,0.0,0.0,0.0,4.269414257282076e-51,0,0.0,1,0,0.0,165,1,0.0,0.0,0.0,0.0
A000569,3.0,8280.0,2760.0,2.0,2.0,1.0,2.0,2.0,0.0,1.0,0.0,0.0958719781008201,0.0,0.0,0.0,0.0,0.0,0.0,0.0,0.0,25.08949074074074,0.0,1.0,3.0,0.0,0.0,0.0,0.0,0.0,0.0,3,3.0,4.0,2.5,3.0,2.0,1.0,1.5,1.0,0.0,0.009009009009009009,0.002655137320768139,5,0.12744177782618335,585,9,8.1,1,68,0.014705882352941176,0.014705882352941176,4302.5082866479925,152.0
A000570,3.0,12230.0,4076.6666666666665,2.0,1.0,1.0,1.0,3.0,0.0,0.0,0.0,0.0,0.0,0.0,0.0,0.0,0.0,0.0,0.0,0.0,40.06346064814815,0.0,0.0,3.0,0.0,0.0,0.0,0.0,0.0,0.0,3,4.0,6.0,4.0,3.0,4.0,3.0,1.0,0.0,2.0,0.012012012012012012,0.0060643728046062585,14,0.19812541694019886,585,12,11.1,4,56,0.012499999999999999,0.011607142857142858,4977.3005952380945,128.0
A000571,1.0,1660.0,1660.0,1.0,1.0,1.0,1.0,1.0,0.0,0.0,0.0,0.0,0.0,0.0,0.0,0.0,0.0,0.0,0.0,0.0,36.37577546296296,0.0,0.0,1.0,0.0,0.0,0.0,0.0,0.0,0.0,2,6.0,5.0,3.0,2.0,4.0,3.0,5.0,4.0,0.0,0.014014014014014014,0.012182301490269045,20,0.21648351648351646,585,14,13.4,2,60,0.025,0.025,3793.313888888889,125.0
A000572,2.0,6350.0,3175.0,2.0,2.0,1.0,1.0,2.0,0.0,0.0,0.0,0.0,0.0,0.0,0.0,0.0,0.0,0.0,0.0,0.0,31.269259259259258,0.0,1.0,2.0,0.0,0.0,0.0,0.0,0.0,0.0,1,2.0,2.0,4.0,6.0,1.0,0.0,1.0,0.0,0.0,0.008008008008008008,0.000981048551117254,7,0.175,585,8,6.199999999999999,3,57,0.023391812865497075,0.021929824561403508,3958.1345029239765,119.0
A000573,0.0,0.0,0.0,0.0,0.0,0.0,0.0,0.0,0.0,0.0,0.0,0.0,0.0,0.0,0.0,0.0,0.0,0.0,0.0,0.0,39.007476851851855,0.0,0.0,0.0,0.0,0.0,0.0,0.0,0.0,0.0,3,0.0,0.0,0.0,0.0,0.0,0.0,0.0,0.0,0.0,0.0,4.269414257282076e-51,0,0.0,1,0,0.0,166,1,0.0,0.0,0.0,0.0
A000574,4.0,44980.0,11245.0,1.0,2.0,1.0,1.0,4.0,0.0,0.0,0.0,0.0503115884170684,0.0,0.0,0.0,0.0,0.0,0.0,0.0,0.0,31.069502314814816,0.0,0.0,3.0,0.0,0.0,0.0,0.0,0.0,0.0,5,2.0,1.0,5.0,8.0,1.0,0.0,2.0,1.0,0.0,0.01001001001001001,0.010827429102080824,21,0.33059437850268997,585,10,7.6,7,41,0.054878048780487805,0.04959349593495935,4002.6355013550137,103.0
A000575,1.0,2840.0,2840.0,1.0,1.0,1.0,1.0,1.0,0.0,0.0,0.0,0.0,0.0,0.0,0.0,0.0,0.0,0.0,0.0,0.0,28.797048611111112,0.0,0.0,1.0,0.0,0.0,0.0,0.0,0.0,0.0,1,1.0,0.0,3.0,2.0,1.0,0.0,4.0,3.0,0.0,0.005005005005005005,0.0003103476184722414,4,0.37,585,5,4.4,8,41,0.010975609756097562,0.00975609756097561,4760.349593495936,81.0
A000576,3.0,22570.0,7523.333333333333,1.0,1.0,1.0,1.0,3.0,0.0,0.0,0.0,0.0209523809523809,0.0,0.0,0.0,0.0,0.0,0.0,0.0,0.0,37.11287037037037,0.0,2.0,3.0,0.0,0.0,0.0,0.0,0.0,0.0,0,4.0,3.0,3.0,2.0,6.0,5.0,3.0,2.0,1.0,0.012012012012012012,0.010369405030565009,17,0.24963345459826064,585,12,11.4,8,41,0.010975609756097562,0.00975609756097561,4760.349593495936,81.0
A000577,2.0,7980.0,3990.0,2.0,2.0,1.0,1.0,1.0,0.0,1.0,0.0,0.0,0.0,0.0,0.0,0.0,0.0,0.0,0.0,0.0,46.96616898148148,1.0,1.0,2.0,0.0,0.0,0.0,0.0,1.0,0.0,2,6.5,11.0,7.5,13.0,3.0,2.0,16.0,15.0,0.0,0.03903903903903904,0.15217553584710172,204,0.2562814955115374,585,39,35.4,5,51,0.01633986928104575,0.014705882352941176,3327.3856209150326,115.0
A000578,0.0,0.0,0.0,0.0,0.0,0.0,0.0,0.0,0.0,0.0,0.0,0.0,0.0,0.0,0.0,0.0,0.0,0.0,0.0,0.0,25.02520833333333,0.0,0.0,0.0,0.0,0.0,0.0,0.0,0.0,0.0,3,0.0,0.0,0.0,0.0,0.0,0.0,0.0,0.0,0.0,0.0,4.269414257282076e-51,0,0.0,1,0,0.0,167,1,0.0,0.0,0.0,0.0
A000579,5.0,10920.0,2184.0,2.0,1.0,1.0,2.0,5.0,0.0,0.0,0.0,0.0286303797468354,0.0,0.0,0.0,0.0,0.0,0.0,0.0,0.0,26.855173611111116,0.0,0.0,5.0,0.0,0.0,0.0,0.0,0.0,0.0,3,1.0,0.0,6.0,5.0,2.0,1.0,2.0,2.0,0.0,0.008008008008008008,0.003436034530234506,11,0.2857142857142857,585,8,6.5,2,60,0.025,0.025,3793.313888888889,125.0
A000580,3.0,20850.0,6950.0,1.0,1.0,1.0,2.0,3.0,0.0,0.0,0.0,0.0,0.0,0.0,0.0,0.0,0.0,0.0,0.0,0.0,37.500289351851855,0.0,0.0,2.0,0.0,0.0,0.0,0.0,0.0,0.0,3,3.0,2.0,3.0,2.0,1.0,0.0,2.0,2.0,1.0,0.006006006006006006,0.006814530802798783,4,0.23255823442070161,585,6,5.4,1,68,0.014705882352941176,0.014705882352941176,4302.5082866479925,152.0
A000581,1.0,2180.0,2180.0,1.0,1.0,1.0,1.0,1.0,0.0,0.0,0.0,0.0,0.0,0.0,0.0,0.0,0.0,0.0,0.0,0.0,28.435590277777777,0.0,0.0,1.0,0.0,0.0,0.0,0.0,0.0,0.0,3,1.0,0.0,7.0,6.0,3.0,2.0,3.0,2.0,0.0,0.01001001001001001,0.0060715321970047685,17,0.2777777777777778,585,10,8.2,2,60,0.025,0.025,3793.313888888889,125.0
A000582,0.0,0.0,0.0,0.0,0.0,0.0,0.0,0.0,0.0,0.0,0.0,0.0,0.0,0.0,0.0,0.0,0.0,0.0,0.0,0.0,21.34734953703704,0.0,0.0,0.0,0.0,0.0,0.0,0.0,0.0,0.0,3,0.0,0.0,0.0,0.0,0.0,0.0,0.0,0.0,0.0,0.0,4.269414257282076e-51,0,0.0,1,0,0.0,168,1,0.0,0.0,0.0,0.0
A000583,1.0,1110.0,1110.0,1.0,1.0,1.0,1.0,1.0,0.0,0.0,0.0,0.0,0.0,0.0,0.0,0.0,0.0,0.0,0.0,0.0,39.06280092592593,0.0,0.0,0.0,0.0,0.0,0.0,0.0,0.0,0.0,3,6.0,5.0,5.0,4.0,3.0,2.0,2.0,1.0,0.0,0.012012012012012012,0.01094840172697528,17,0.2303030303030303,585,12,10.8,2,60,0.025,0.025,3793.313888888889,125.0
A000584,1.0,1210.0,1210.0,1.0,1.0,1.0,1.0,0.0,0.0,1.0,0.0,0.0,0.0,0.0,0.0,0.0,0.0,0.0,0.0,0.0,31.76649305555556,1.0,1.0,1.0,0.0,0.0,0.0,0.0,1.0,0.0,2,4.0,3.0,5.0,4.0,2.0,1.0,1.0,0.0,2.0,0.008008008008008008,0.0023456436507372476,9,0.2571428571428571,585,8,6.8,3,57,0.023391812865497075,0.021929824561403508,3958.1345029239765,119.0
A000585,1.0,2820.0,2820.0,1.0,1.0,1.0,1.0,1.0,0.0,0.0,0.0,0.0,0.0,0.0,0.0,0.0,0.0,0.0,0.0,0.0,38.555729166666666,0.0,0.0,0.0,0.0,0.0,0.0,0.0,0.0,0.0,5,5.0,4.0,4.0,3.0,3.0,2.0,3.0,2.0,1.0,0.011011011011011011,0.008779093120829964,12,0.19797042756928226,585,11,10.1,3,57,0.023391812865497075,0.021929824561403508,3958.1345029239765,119.0
A000586,0.0,0.0,0.0,0.0,0.0,0.0,0.0,0.0,0.0,0.0,0.0,0.0,0.0,0.0,0.0,0.0,0.0,0.0,0.0,0.0,33.42943287037037,0.0,0.0,0.0,0.0,0.0,0.0,0.0,0.0,0.0,0,0.0,0.0,0.0,0.0,0.0,0.0,0.0,0.0,0.0,0.0,4.269414257282076e-51,0,0.0,1,0,0.0,169,1,0.0,0.0,0.0,0.0
A000587,5.0,12910.0,2582.0,2.0,2.0,1.0,2.0,5.0,0.0,0.0,0.0,0.0,1.0,72.0,1.0,1610.0,0.0,0.2,0.2,0.0,33.15130787037037,0.0,0.0,5.0,0.0,0.0,1.0,0.2,0.0,0.0,1,3.0,4.0,1.0,0.0,2.0,1.0,1.5,1.0,0.0,0.006006006006006006,0.007658522755055729,3,0.2,585,6,6.0,8,41,0.010975609756097562,0.00975609756097561,4760.349593495936,81.0
A000588,0.0,0.0,0.0,0.0,0.0,0.0,0.0,0.0,0.0,0.0,0.0,0.0,0.0,0.0,0.0,0.0,0.0,0.0,0.0,0.0,33.3022337962963,0.0,0.0,0.0,0.0,0.0,0.0,0.0,0.0,0.0,0,0.0,0.0,0.0,0.0,0.0,0.0,0.0,0.0,0.0,0.0,4.269414257282076e-51,0,0.0,1,0,0.0,170,1,0.0,0.0,0.0,0.0
A000589,3.0,5460.0,1820.0,1.0,2.0,1.0,2.0,3.0,0.0,0.0,0.0,0.0,0.0,0.0,0.0,0.0,0.0,0.0,0.0,0.0,22.873935185185186,0.0,0.0,3.0,0.0,0.0,0.0,0.0,0.0,0.0,6,1.0,0.0,13.0,24.0,3.0,2.0,1.5,1.0,0.0,0.02702702702702703,0.06937849991297841,188,0.3800636745791422,585,27,19.799999999999997,5,51,0.01633986928104575,0.014705882352941176,3327.3856209150326,115.0
A000590,0.0,0.0,0.0,0.0,0.0,0.0,0.0,0.0,0.0,0.0,0.0,0.0,0.0,0.0,0.0,0.0,0.0,0.0,0.0,0.0,40.19690972222222,0.0,0.0,0.0,0.0,0.0,0.0,0.0,0.0,0.0,3,0.0,0.0,0.0,0.0,0.0,0.0,0.0,0.0,0.0,0.0,4.269414257282076e-51,0,0.0,1,0,0.0,171,1,0.0,0.0,0.0,0.0
A000591,2.0,4700.0,2350.0,1.0,2.0,1.0,1.0,1.0,0.0,1.0,0.0,0.0,0.0,0.0,0.0,0.0,0.0,0.0,0.0,0.0,39.0610300925926,0.0,1.0,1.0,0.0,0.0,0.0,0.0,0.0,0.0,3,4.0,3.0,5.0,8.0,1.0,0.0,3.0,2.0,0.0,0.012012012012012012,0.004337195921345796,22,0.2639041755308761,585,12,9.9,7,41,0.054878048780487805,0.04959349593495935,4002.6355013550137,103.0
A000592,2.0,3840.0,1920.0,2.0,2.0,1.0,1.0,2.0,0.0,0.0,0.0,0.0,0.0,0.0,0.0,0.0,0.0,0.0,0.0,0.0,40.36447916666667,0.0,1.0,2.0,0.0,0.0,0.0,0.0,0.0,0.0,1,4.0,6.0,6.5,11.0,7.0,6.0,2.0,1.0,1.0,0.024024024024024024,0.04389308155081844,60,0.17636162320103335,585,24,20.7,2,60,0.025,0.025,3793.313888888889,125.0
A000593,0.0,0.0,0.0,0.0,0.0,0.0,0.0,0.0,0.0,0.0,0.0,0.0,0.0,0.0,0.0,0.0,0.0,0.0,0.0,0.0,45.27673611111111,0.0,0.0,0.0,0.0,0.0,0.0,0.0,0.0,0.0,3,0.0,0.0,0.0,0.0,0.0,0.0,0.0,0.0,0.0,0.0,4.269414257282076e-51,0,0.0,1,0,0.0,172,1,0.0,0.0,0.0,0.0
A000594,1.0,2900.0,2900.0,1.0,1.0,1.0,1.0,1.0,0.0,0.0,0.0,0.0,0.0,0.0,0.0,0.0,0.0,0.0,0.0,0.0,49.313101851851854,0.0,0.0,1.0,0.0,0.0,0.0,0.0,0.0,0.0,4,4.0,3.0,15.0,14.0,5.0,4.0,8.0,7.0,0.0,0.026026026026026026,0.06596130597786648,137,0.34159141685953387,585,26,22.4,1,68,0.014705882352941176,0.014705882352941176,4302.5082866479925,152.0
A000595,0.0,0.0,0.0,0.0,0.0,0.0,0.0,0.0,0.0,0.0,0.0,0.0,0.0,0.0,0.0,0.0,0.0,0.0,0.0,0.0,22.307939814814816,0.0,0.0,0.0,0.0,0.0,0.0,0.0,0.0,0.0,1,0.0,0.0,0.0,0.0,0.0,0.0,0.0,0.0,0.0,0.0,4.269414257282076e-51,0,0.0,1,0,0.0,173,1,0.0,0.0,0.0,0.0
A000596,0.0,0.0,0.0,0.0,0.0,0.0,0.0,0.0,0.0,0.0,0.0,0.0,0.0,0.0,0.0,0.0,0.0,0.0,0.0,0.0,36.28648148148148,0.0,0.0,0.0,0.0,0.0,0.0,0.0,0.0,0.0,5,0.0,0.0,0.0,0.0,0.0,0.0,0.0,0.0,0.0,0.0,4.269414257282076e-51,0,0.0,1,0,0.0,174,1,0.0,0.0,0.0,0.0
A000597,3.0,4710.0,1570.0,2.0,2.0,1.0,1.0,3.0,0.0,0.0,0.0,0.0,0.0,0.0,0.0,0.0,0.0,0.0,0.0,0.0,28.148368055555554,0.0,0.0,3.0,0.0,0.0,0.0,0.0,0.0,0.0,2,2.5,3.0,8.0,14.0,4.0,3.0,2.0,1.0,0.0,0.02002002002002002,0.015854349557150337,55,0.21359860612160655,585,20,16.099999999999998,3,57,0.023391812865497075,0.021929824561403508,3958.1345029239765,119.0
A000598,0.0,0.0,0.0,0.0,0.0,0.0,0.0,0.0,0.0,0.0,0.0,0.0,0.0,0.0,0.0,0.0,0.0,0.0,0.0,0.0,36.13650462962963,0.0,0.0,0.0,0.0,0.0,0.0,0.0,0.0,0.0,3,0.0,0.0,0.0,0.0,0.0,0.0,0.0,0.0,0.0,0.0,4.269414257282076e-51,0,0.0,1,0,0.0,175,1,0.0,0.0,0.0,0.0
A000599,3.0,7170.0,2390.0,1.0,1.0,1.0,1.0,2.0,1.0,0.0,0.0,0.0,0.0,0.0,0.0,0.0,1.0,0.0,0.0,0.3333333333333333,44.13944444444444,0.0,0.0,2.0,0.0,0.0,0.0,0.0,0.0,0.0,5,3.0,2.0,5.0,4.0,1.0,0.0,1.0,0.0,0.0,0.006006006006006006,0.002432163497295427,7,0.3466666666666667,585,6,4.8,8,41,0.010975609756097562,0.00975609756097561,4760.349593495936,81.0
A000600,2.0,14040.0,7020.0,1.0,1.0,1.0,1.0,1.0,0.0,1.0,0.0,0.0,0.0,0.0,0.0,0.0,0.0,0.0,0.0,0.0,48.34565972222222,0.0,1.0,1.0,0.0,0.0,0.0,0.0,0.0,0.0,2,10.0,9.0,15.0,14.0,4.0,3.0,8.0,7.0,1.0,0.031031031031031032,0.10786384698732265,176,0.32249555272380687,585,31,27.4,10,37,0.009009009009009009,0.009009009009009009,4372.995495495496,80.0
A000601,1.0,2270.0,2270.0,1.0,1.0,1.0,1.0,1.0,0.0,0.0,0.0,0.0,0.0,0.0,0.0,0.0,0.0,0.0,0.0,0.0,36.41591435185185,0.0,0.0,1.0,0.0,0.0,0.0,0.0,0.0,0.0,3,2.0,1.0,8.0,7.0,3.0,2.0,3.0,2.0,1.0,0.012012012012012012,0.006658170393522197,23,0.2543692957016746,585,12,9.9,6,42,0.023809523809523808,0.023809523809523808,3971.0997732426304,78.0
A000602,4.0,6090.0,1522.5,1.0,2.0,1.0,2.0,4.0,0.0,0.0,0.0,0.0202409638554216,0.0,0.0,0.0,0.0,0.0,0.0,0.0,0.0,49.75113425925926,0.0,0.0,3.0,0.0,0.0,0.0,0.0,0.0,0.0,4,11.0,10.0,17.5,33.0,10.0,9.0,12.0,21.0,4.0,0.05305305305305305,0.21686036365938455,458,0.28130019236040776,585,53,45.199999999999996,5,51,0.01633986928104575,0.014705882352941176,3327.3856209150326,115.0
A000603,0.0,0.0,0.0,0.0,0.0,0.0,0.0,0.0,0.0,0.0,0.0,0.0,0.0,0.0,0.0,0.0,0.0,0.0,0.0,0.0,36.03674768518518,0.0,0.0,0.0,0.0,0.0,0.0,0.0,0.0,0.0,2,0.0,0.0,0.0,0.0,0.0,0.0,0.0,0.0,0.0,0.0,4.269414257282076e-51,0,0.0,1,0,0.0,176,1,0.0,0.0,0.0,0.0
A000604,0.0,0.0,0.0,0.0,0.0,0.0,0.0,0.0,0.0,0.0,0.0,0.0,0.0,0.0,0.0,0.0,0.0,0.0,0.0,0.0,30.468842592592598,0.0,0.0,0.0,0.0,0.0,0.0,0.0,0.0,0.0,10,0.0,0.0,0.0,0.0,0.0,0.0,0.0,0.0,0.0,0.0,4.269414257282076e-51,0,0.0,1,0,0.0,177,1,0.0,0.0,0.0,0.0
A000605,0.0,0.0,0.0,0.0,0.0,0.0,0.0,0.0,0.0,0.0,0.0,0.0,0.0,0.0,0.0,0.0,0.0,0.0,0.0,0.0,35.6303125,0.0,0.0,0.0,0.0,0.0,0.0,0.0,0.0,0.0,4,0.0,0.0,0.0,0.0,0.0,0.0,0.0,0.0,0.0,0.0,4.269414257282076e-51,0,0.0,1,0,0.0,178,1,0.0,0.0,0.0,0.0
A000606,4.0,14240.0,3560.0,2.0,2.0,1.0,1.0,3.0,0.0,1.0,0.0,0.021163112164297,0.0,0.0,0.0,0.0,0.0,0.0,0.0,0.0,46.07298611111111,0.0,0.0,4.0,0.0,0.0,0.0,0.0,0.0,0.0,2,5.5,9.0,8.0,14.0,4.0,3.0,5.0,4.0,1.0,0.029029029029029027,0.03938679876095252,97,0.19872262953267397,585,29,24.8,9,39,0.0,0.0,3567.67094017094,77.0
A000607,4.0,20870.0,5217.5,1.0,2.0,1.0,1.0,4.0,0.0,0.0,0.0,0.0,0.0,0.0,0.0,0.0,0.0,0.0,0.0,0.0,41.4515625,0.0,0.0,2.0,0.0,0.0,0.0,0.0,0.0,0.0,3,3.0,2.0,6.0,10.0,7.0,6.0,5.0,4.0,0.0,0.022022022022022022,0.009687508839036685,48,0.17570724465935292,585,22,19.0,3,57,0.023391812865497075,0.021929824561403508,3958.1345029239765,119.0
A000608,5.0,18790.0,3758.0,2.0,2.0,1.0,1.0,5.0,0.0,0.0,0.0,0.0226992366412213,0.0,0.0,0.0,0.0,0.0,0.0,0.0,0.0,27.592453703703704,0.0,2.0,5.0,0.0,0.0,0.0,0.0,0.0,0.0,3,3.0,4.0,2.0,2.0,4.0,3.0,1.0,0.0,2.0,0.009009009009009009,0.004088073930577843,10,0.26944444444444443,585,9,8.4,4,56,0.012499999999999999,0.011607142857142858,4977.3005952380945,128.0
A000609,1.0,4790.0,4790.0,1.0,1.0,1.0,1.0,0.0,1.0,0.0,0.0,0.0,0.0,0.0,0.0,0.0,0.0,0.0,0.0,0.0,23.85238425925926,0.0,1.0,1.0,0.0,0.0,0.0,0.0,0.0,0.0,1,2.0,1.0,3.0,2.0,2.0,1.0,1.0,0.0,0.0,0.004004004004004004,0.0053172049844018455,1,0.11666666666666665,585,4,3.4,8,41,0.010975609756097562,0.00975609756097561,4760.349593495936,81.0
A000610,1.0,3740.0,3740.0,1.0,1.0,1.0,1.0,0.0,1.0,0.0,0.0,0.0,0.0,0.0,0.0,0.0,0.0,0.0,0.0,0.0,39.70957175925926,0.0,0.0,0.0,0.0,0.0,0.0,0.0,0.0,0.0,1,7.0,6.0,3.0,2.0,2.0,1.0,5.0,4.0,0.0,0.013013013013013013,0.019271867008849582,25,0.31107925025379135,585,13,12.4,0,68,0.02818627450980392,0.02622549019607843,2868.4758403361343,162.0
A000611,1.0,6560.0,6560.0,1.0,1.0,1.0,1.0,1.0,0.0,0.0,1.0,0.3483079268292683,0.0,0.0,0.0,0.0,0.0,0.0,0.0,0.0,22.363020833333334,0.0,1.0,1.0,0.0,0.0,0.0,0.0,0.0,0.0,1,1.0,0.0,1.0,0.0,2.0,1.0,5.0,4.0,0.0,0.005005005005005005,0.0023043076324111935,6,0.6,585,5,5.0,10,37,0.009009009009009009,0.009009009009009009,4372.995495495496,80.0
A000612,0.0,0.0,0.0,0.0,0.0,0.0,0.0,0.0,0.0,0.0,0.0,0.0,0.0,0.0,0.0,0.0,0.0,0.0,0.0,0.0,22.70288194444445,0.0,0.0,0.0,0.0,0.0,0.0,0.0,0.0,0.0,3,0.0,0.0,0.0,0.0,0.0,0.0,0.0,0.0,0.0,0.0,4.269414257282076e-51,0,0.0,1,0,0.0,179,1,0.0,0.0,0.0,0.0
A000613,3.0,9360.0,3120.0,2.0,1.0,1.0,2.0,3.0,0.0,0.0,0.0,0.0,0.0,0.0,0.0,0.0,0.0,0.0,0.0,0.0,41.17047453703704,0.0,0.0,1.0,0.0,0.0,0.0,0.0,0.0,0.0,1,4.0,6.0,5.0,4.0,2.0,1.0,4.5,7.0,1.0,0.018018018018018018,0.03097871744147231,30,0.18196071583843743,585,18,16.8,1,68,0.014705882352941176,0.014705882352941176,4302.5082866479925,152.0
A000614,3.0,5090.0,1696.6666666666667,1.0,1.0,1.0,1.0,2.0,0.0,1.0,0.0,0.0388933333333333,0.0,0.0,0.0,0.0,0.0,0.0,0.0,0.0,26.321666666666665,0.0,0.0,3.0,0.0,0.0,0.0,0.0,0.0,0.0,0,1.0,0.0,3.0,2.0,2.0,1.0,3.0,2.0,0.0,0.005005005005005005,0.0008103422974000172,2,0.16999999999999998,585,5,4.4,2,60,0.025,0.025,3793.313888888889,125.0
A000615,0.0,0.0,0.0,0.0,0.0,0.0,0.0,0.0,0.0,0.0,0.0,0.0,0.0,0.0,0.0,0.0,0.0,0.0,0.0,0.0,25.471886574074077,0.0,0.0,0.0,0.0,0.0,0.0,0.0,0.0,0.0,4,0.0,0.0,0.0,0.0,0.0,0.0,0.0,0.0,0.0,0.0,4.269414257282076e-51,0,0.0,1,0,0.0,180,1,0.0,0.0,0.0,0.0
A000616,4.0,13810.0,3452.5,1.0,1.0,1.0,1.0,4.0,0.0,0.0,0.0,0.0,1.0,72.0,1.0,770.0,0.0,0.25,0.25,0.0,34.89109953703704,0.0,0.0,4.0,0.0,0.0,1.0,0.25,0.0,0.0,2,2.0,1.0,7.0,6.0,1.0,0.0,6.0,5.0,1.0,0.011011011011011011,0.0037749090303561095,25,0.3807612287555022,585,11,9.5,4,56,0.012499999999999999,0.011607142857142858,4977.3005952380945,128.0
A000617,2.0,7950.0,3975.0,1.0,1.0,1.0,1.0,1.0,0.0,1.0,0.0,0.0,0.0,0.0,0.0,0.0,0.0,0.0,0.0,0.0,45.20597222222222,0.0,0.0,2.0,0.0,0.0,0.0,0.0,0.0,0.0,2,8.0,7.0,10.0,9.0,7.0,6.0,4.0,3.0,3.0,0.023023023023023025,0.03374262695671584,78,0.2711959198310855,585,23,20.9,11,25,0.0,0.0,3853.6,51.0
A000618,0.0,0.0,0.0,0.0,0.0,0.0,0.0,0.0,0.0,0.0,0.0,0.0,0.0,0.0,0.0,0.0,0.0,0.0,0.0,0.0,46.90664351851852,0.0,0.0,0.0,0.0,0.0,0.0,0.0,0.0,0.0,2,0.0,0.0,0.0,0.0,0.0,0.0,0.0,0.0,0.0,0.0,4.269414257282076e-51,0,0.0,1,0,0.0,181,1,0.0,0.0,0.0,0.0
A000619,3.0,31130.0,10376.666666666666,1.0,2.0,1.0,1.0,1.0,1.0,1.0,0.0,0.0,0.0,0.0,0.0,0.0,0.0,0.0,0.0,0.0,25.293935185185184,0.0,0.0,3.0,0.0,0.0,0.0,0.0,0.0,0.0,3,1.0,0.0,1.5,1.0,1.0,0.0,1.0,0.0,0.0,0.001001001001001001,9.769004436746886e-06,0,0.0,585,1,0.7,2,60,0.025,0.025,3793.313888888889,125.0
A000620,0.0,0.0,0.0,0.0,0.0,0.0,0.0,0.0,0.0,0.0,0.0,0.0,0.0,0.0,0.0,0.0,0.0,0.0,0.0,0.0,28.545439814814817,0.0,0.0,0.0,0.0,0.0,0.0,0.0,0.0,0.0,0,0.0,0.0,0.0,0.0,0.0,0.0,0.0,0.0,0.0,0.0,4.269414257282076e-51,0,0.0,1,0,0.0,182,1,0.0,0.0,0.0,0.0
A000621,6.0,15400.0,2566.6666666666665,1.0,2.0,1.0,1.0,5.0,0.0,1.0,0.0,0.0228368544600938,0.0,0.0,0.0,0.0,0.0,0.0,0.0,0.0,41.415046296296296,0.0,0.0,4.0,0.0,0.0,0.0,0.0,0.0,0.0,4,3.0,2.0,11.5,21.0,3.0,2.0,4.0,3.0,0.0,0.028028028028028028,0.07151306120853723,148,0.28274769125749216,585,28,21.7,5,51,0.01633986928104575,0.014705882352941176,3327.3856209150326,115.0
A000622,3.0,12600.0,4200.0,1.0,1.0,1.0,1.0,2.0,1.0,0.0,0.0,0.0,0.0,0.0,0.0,0.0,0.0,0.0,0.0,0.0,46.78118055555556,0.0,0.0,1.0,0.0,0.0,0.0,0.0,0.0,0.0,5,8.0,7.0,6.0,5.0,3.0,2.0,2.0,1.0,3.0,0.015015015015015015,0.010679806431678531,33,0.28464670477850096,585,15,13.5,11,25,0.0,0.0,3853.6,51.0
A000623,1.0,1050.0,1050.0,1.0,1.0,1.0,1.0,1.0,0.0,0.0,0.0,0.0,0.0,0.0,0.0,0.0,0.0,0.0,0.0,0.0,27.959560185185182,0.0,1.0,1.0,0.0,0.0,0.0,0.0,0.0,0.0,3,1.0,0.0,2.0,1.0,2.0,1.0,1.0,0.0,0.0,0.002002002002002002,0.0002668424393609095,0,0.0,585,2,1.7,2,60,0.025,0.025,3793.313888888889,125.0
A000624,0.0,0.0,0.0,0.0,0.0,0.0,0.0,0.0,0.0,0.0,0.0,0.0,0.0,0.0,0.0,0.0,0.0,0.0,0.0,0.0,32.50241898148148,0.0,0.0,0.0,0.0,0.0,0.0,0.0,0.0,0.0,4,0.0,0.0,0.0,0.0,0.0,0.0,0.0,0.0,0.0,0.0,4.269414257282076e-51,0,0.0,1,0,0.0,183,1,0.0,0.0,0.0,0.0
A000625,1.0,6480.0,6480.0,1.0,1.0,1.0,1.0,1.0,0.0,0.0,0.0,0.0,0.0,0.0,0.0,0.0,0.0,0.0,0.0,0.0,22.69537037037037,0.0,0.0,1.0,0.0,0.0,0.0,0.0,0.0,0.0,2,2.0,1.0,2.0,1.0,1.0,0.0,1.0,0.0,0.0,0.002002002002002002,5.0016636828629046e-05,0,0.0,585,2,1.7,3,57,0.023391812865497075,0.021929824561403508,3958.1345029239765,119.0
A000626,3.0,21040.0,7013.333333333333,1.0,1.0,1.0,1.0,2.0,1.0,0.0,0.0,0.0,0.0,0.0,0.0,0.0,0.0,0.0,0.0,0.0,28.92466435185185,0.0,1.0,3.0,0.0,0.0,0.0,0.0,0.0,0.0,2,2.0,1.0,3.0,2.0,4.0,3.0,2.0,1.0,0.0,0.007007007007007007,0.0041845354303316,4,0.1761904761904762,585,7,6.4,11,25,0.0,0.0,3853.6,51.0
A000627,0.0,0.0,0.0,0.0,0.0,0.0,0.0,0.0,0.0,0.0,0.0,0.0,0.0,0.0,0.0,0.0,0.0,0.0,0.0,0.0,47.08853009259259,0.0,0.0,0.0,0.0,0.0,0.0,0.0,0.0,0.0,0,0.0,0.0,0.0,0.0,0.0,0.0,0.0,0.0,0.0,0.0,4.269414257282076e-51,0,0.0,1,0,0.0,184,1,0.0,0.0,0.0,0.0
A000628,0.0,0.0,0.0,0.0,0.0,0.0,0.0,0.0,0.0,0.0,0.0,0.0,0.0,0.0,0.0,0.0,0.0,0.0,0.0,0.0,32.08636574074074,0.0,0.0,0.0,0.0,0.0,0.0,0.0,0.0,0.0,2,0.0,0.0,0.0,0.0,0.0,0.0,0.0,0.0,0.0,0.0,4.269414257282076e-51,0,0.0,1,0,0.0,185,1,0.0,0.0,0.0,0.0
A000629,0.0,0.0,0.0,0.0,0.0,0.0,0.0,0.0,0.0,0.0,0.0,0.0,0.0,0.0,0.0,0.0,0.0,0.0,0.0,0.0,44.7947337962963,0.0,0.0,0.0,0.0,0.0,0.0,0.0,0.0,0.0,3,0.0,0.0,0.0,0.0,0.0,0.0,0.0,0.0,0.0,0.0,4.269414257282076e-51,0,0.0,1,0,0.0,186,1,0.0,0.0,0.0,0.0
A000630,2.0,5700.0,2850.0,1.0,2.0,1.0,2.0,1.0,0.0,1.0,0.0,0.0,0.0,0.0,0.0,0.0,0.0,0.0,0.0,0.0,44.62827546296296,0.0,0.0,1.0,0.0,0.0,0.0,0.0,0.0,0.0,2,3.0,2.0,6.5,11.0,3.0,2.0,5.0,8.0,0.0,0.023023023023023025,0.03306657881342467,50,0.16277228296547683,585,23,19.7,10,37,0.009009009009009009,0.009009009009009009,4372.995495495496,80.0
A000631,0.0,0.0,0.0,0.0,0.0,0.0,0.0,0.0,0.0,0.0,0.0,0.0,0.0,0.0,0.0,0.0,0.0,0.0,0.0,0.0,42.88748842592592,0.0,0.0,0.0,0.0,0.0,0.0,0.0,0.0,0.0,2,0.0,0.0,0.0,0.0,0.0,0.0,0.0,0.0,0.0,0.0,4.269414257282076e-51,0,0.0,1,0,0.0,187,1,0.0,0.0,0.0,0.0
A000632,3.0,6590.0,2196.6666666666665,2.0,1.0,1.0,1.0,3.0,0.0,0.0,0.0,0.0,0.0,0.0,0.0,0.0,0.0,0.0,0.0,0.0,33.34508101851852,0.0,0.0,2.0,0.0,0.0,0.0,0.0,0.0,0.0,0,4.5,7.0,10.0,9.0,2.0,1.0,1.0,0.0,3.0,0.017017017017017015,0.018379735611444993,46,0.25864909939744946,585,17,14.299999999999999,0,68,0.02818627450980392,0.02622549019607843,2868.4758403361343,162.0
A000633,1.0,550.0,550.0,1.0,1.0,1.0,1.0,1.0,0.0,0.0,0.0,0.0,0.0,0.0,0.0,0.0,0.0,0.0,0.0,0.0,24.63731481481481,0.0,0.0,1.0,0.0,0.0,0.0,0.0,0.0,0.0,1,1.0,0.0,20.0,19.0,6.0,5.0,1.0,0.0,0.0,0.024024024024024024,0.0652565258037173,181,0.47312947522864207,585,24,18.3,5,51,0.01633986928104575,0.014705882352941176,3327.3856209150326,115.0
A000634,2.0,2320.0,1160.0,1.0,2.0,1.0,1.0,2.0,0.0,0.0,0.0,0.0356666666666666,0.0,0.0,0.0,0.0,0.0,0.0,0.0,0.0,29.12168981481481,0.0,1.0,2.0,0.0,0.0,0.0,0.0,0.0,0.0,3,2.0,1.0,6.0,10.0,2.0,1.0,2.0,1.0,1.0,0.013013013013013013,0.0073199911500000945,36,0.3264759044734817,585,13,10.0,11,25,0.0,0.0,3853.6,51.0
A000635,1.0,3960.0,3960.0,1.0,1.0,1.0,1.0,1.0,0.0,0.0,0.0,0.0,0.0,0.0,0.0,0.0,0.0,0.0,0.0,0.0,42.796215277777776,0.0,0.0,1.0,0.0,0.0,0.0,0.0,0.0,0.0,1,2.0,1.0,1.0,0.0,2.0,1.0,5.0,4.0,0.0,0.006006006006006006,0.004901694445319829,6,0.4,585,6,6.0,2,60,0.025,0.025,3793.313888888889,125.0
A000636,0.0,0.0,0.0,0.0,0.0,0.0,0.0,0.0,0.0,0.0,0.0,0.0,0.0,0.0,0.0,0.0,0.0,0.0,0.0,0.0,48.94016203703704,0.0,0.0,0.0,0.0,0.0,0.0,0.0,0.0,0.0,0,0.0,0.0,0.0,0.0,0.0,0.0,0.0,0.0,0.0,0.0,4.269414257282076e-51,0,0.0,1,0,0.0,188,1,0.0,0.0,0.0,0.0
A000637,9.0,34910.0,3878.8888888888887,2.0,2.0,1.0,1.0,7.0,0.0,2.0,0.0,0.0,0.0,0.0,0.0,0.0,0.0,0.0,0.0,0.0,22.739444444444445,0.0,3.0,9.0,0.0,0.0,0.0,0.0,0.0,0.0,2,2.0,2.0,6.5,11.0,7.0,6.0,1.0,0.0,1.0,0.01901901901901902,0.0075104069503940255,41,0.1957677047839364,585,19,15.7,7,41,0.054878048780487805,0.04959349593495935,4002.6355013550137,103.0
A000638,1.0,2910.0,2910.0,1.0,1.0,1.0,1.0,0.0,0.0,1.0,0.0,0.1146013745704467,0.0,0.0,0.0,0.0,0.0,0.0,0.0,0.0,40.47628472222223,0.0,1.0,1.0,0.0,0.0,0.0,0.0,0.0,0.0,4,1.0,0.0,4.0,3.0,8.0,7.0,1.0,0.0,0.0,0.01001001001001001,0.02802094843319061,24,0.5133333333333333,585,10,9.1,10,37,0.009009009009009009,0.009009009009009009,4372.995495495496,80.0
A000639,1.0,12380.0,12380.0,1.0,1.0,1.0,1.0,1.0,0.0,0.0,0.0,0.0,0.0,0.0,0.0,0.0,0.0,0.0,0.0,0.0,34.9878125,0.0,0.0,1.0,0.0,0.0,0.0,0.0,0.0,0.0,2,4.0,3.0,5.0,4.0,2.0,1.0,8.0,7.0,0.0,0.015015015015015015,0.021756404999552916,30,0.26857142857142857,585,15,13.8,3,57,0.023391812865497075,0.021929824561403508,3958.1345029239765,119.0
A000640,0.0,0.0,0.0,0.0,0.0,0.0,0.0,0.0,0.0,0.0,0.0,0.0,0.0,0.0,0.0,0.0,0.0,0.0,0.0,0.0,38.59480324074074,0.0,0.0,0.0,0.0,0.0,0.0,0.0,0.0,0.0,8,0.0,0.0,0.0,0.0,0.0,0.0,0.0,0.0,0.0,0.0,4.269414257282076e-51,0,0.0,1,0,0.0,189,1,0.0,0.0,0.0,0.0
A000641,3.0,19290.0,6430.0,1.0,1.0,1.0,1.0,2.0,1.0,0.0,0.0,0.0,0.0,0.0,0.0,0.0,0.0,0.0,0.0,0.0,34.43952546296296,0.0,1.0,3.0,0.0,0.0,0.0,0.0,0.0,0.0,2,3.0,2.0,2.0,1.0,3.0,2.0,1.0,0.0,0.0,0.005005005005005005,0.006348449083261639,2,0.2,585,5,4.7,9,39,0.0,0.0,3567.67094017094,77.0
A000642,2.0,6440.0,3220.0,1.0,1.0,1.0,1.0,1.0,0.0,1.0,0.0,0.0,0.0,0.0,0.0,0.0,0.0,0.0,0.0,0.0,39.56818287037037,0.0,0.0,2.0,0.0,0.0,0.0,0.0,0.0,0.0,2,5.0,4.0,5.0,4.0,1.0,0.0,3.0,2.0,1.0,0.01001001001001001,0.007143005476011191,15,0.2883512889663378,585,10,8.8,0,68,0.02818627450980392,0.02622549019607843,2868.4758403361343,162.0
A000643,2.0,8270.0,4135.0,1.0,1.0,1.0,1.0,2.0,0.0,0.0,0.0,0.0,0.0,0.0,0.0,0.0,0.0,0.0,0.0,0.0,46.355752314814815,0.0,0.0,2.0,0.0,0.0,0.0,0.0,0.0,0.0,2,6.0,5.0,6.0,5.0,2.0,1.0,5.0,4.0,1.0,0.015015015015015015,0.01879529347878999,26,0.21904761904761902,585,15,13.5,2,60,0.025,0.025,3793.313888888889,125.0
A000644,2.0,3890.0,1945.0,2.0,1.0,1.0,1.0,2.0,0.0,0.0,0.0,0.0,0.0,0.0,0.0,0.0,0.0,0.0,0.0,0.0,25.80528935185185,0.0,1.0,2.0,0.0,0.0,0.0,0.0,0.0,0.0,1,2.0,2.0,5.0,4.0,1.0,0.0,1.0,0.0,0.0,0.006006006006006006,0.0019024791066045692,7,0.3466666666666666,585,6,4.8,1,68,0.014705882352941176,0.014705882352941176,4302.5082866479925,152.0
A000645,0.0,0.0,0.0,0.0,0.0,0.0,0.0,0.0,0.0,0.0,0.0,0.0,0.0,0.0,0.0,0.0,0.0,0.0,0.0,0.0,22.35703703703704,0.0,0.0,0.0,0.0,0.0,0.0,0.0,0.0,0.0,1,0.0,0.0,0.0,0.0,0.0,0.0,0.0,0.0,0.0,0.0,4.269414257282076e-51,0,0.0,1,0,0.0,190,1,0.0,0.0,0.0,0.0
A000646,1.0,2540.0,2540.0,1.0,1.0,1.0,1.0,1.0,0.0,0.0,0.0,0.0,0.0,0.0,0.0,0.0,0.0,0.0,0.0,0.0,22.165578703703705,0.0,0.0,1.0,0.0,0.0,0.0,0.0,0.0,0.0,4,1.0,0.0,3.0,2.0,1.0,0.0,1.0,0.0,0.0,0.002002002002002002,0.000532372544517317,1,0.7,585,2,1.4,9,39,0.0,0.0,3567.67094017094,77.0
A000647,1.0,2420.0,2420.0,1.0,1.0,1.0,1.0,1.0,0.0,0.0,0.0,0.0,0.0,0.0,0.0,0.0,0.0,0.0,0.0,0.0,43.9762037037037,0.0,1.0,1.0,0.0,0.0,0.0,0.0,0.0,0.0,2,4.0,3.0,9.0,8.0,9.0,8.0,5.0,4.0,2.0,0.023023023023023025,0.00993254349080422,70,0.24121882624344446,585,23,20.6,6,42,0.023809523809523808,0.023809523809523808,3971.0997732426304,78.0
A000648,0.0,0.0,0.0,0.0,0.0,0.0,0.0,0.0,0.0,0.0,0.0,0.0,0.0,0.0,0.0,0.0,0.0,0.0,0.0,0.0,38.97613425925926,0.0,0.0,0.0,0.0,0.0,0.0,0.0,0.0,0.0,4,0.0,0.0,0.0,0.0,0.0,0.0,0.0,0.0,0.0,0.0,4.269414257282076e-51,0,0.0,1,0,0.0,191,1,0.0,0.0,0.0,0.0
A000649,1.0,3590.0,3590.0,1.0,1.0,1.0,1.0,1.0,0.0,0.0,0.0,0.0,0.0,0.0,0.0,0.0,0.0,0.0,0.0,0.0,46.55035879629629,0.0,0.0,1.0,0.0,0.0,0.0,0.0,0.0,0.0,2,1.0,0.0,10.0,9.0,4.0,3.0,3.0,2.0,0.0,0.014014014014014014,0.009314270793030745,43,0.3468694565816656,585,14,11.299999999999999,2,60,0.025,0.025,3793.313888888889,125.0
A000650,1.0,2420.0,2420.0,1.0,1.0,1.0,1.0,0.0,0.0,1.0,0.0,0.0774008264462809,0.0,0.0,0.0,0.0,0.0,0.0,0.0,0.0,23.452685185185185,0.0,0.0,1.0,0.0,0.0,0.0,0.0,0.0,0.0,4,1.0,0.0,1.0,0.0,1.0,0.0,2.0,1.0,0.0,0.001001001001001001,0.0005342720690932354,0,0.0,585,1,1.0,7,41,0.054878048780487805,0.04959349593495935,4002.6355013550137,103.0
A000651,1.0,3600.0,3600.0,1.0,1.0,1.0,1.0,1.0,0.0,0.0,0.0,0.0,0.0,0.0,0.0,0.0,0.0,0.0,0.0,0.0,32.364247685185184,0.0,0.0,1.0,0.0,0.0,0.0,0.0,0.0,0.0,1,1.0,0.0,1.0,0.0,2.0,1.0,2.0,1.0,0.0,0.002002002002002002,0.0010599779877469085,0,0.0,585,2,2.0,0,68,0.02818627450980392,0.02622549019607843,2868.4758403361343,162.0
A000652,0.0,0.0,0.0,0.0,0.0,0.0,0.0,0.0,0.0,0.0,0.0,0.0,0.0,0.0,0.0,0.0,0.0,0.0,0.0,0.0,34.6696875,0.0,0.0,0.0,0.0,0.0,0.0,0.0,0.0,0.0,1,0.0,0.0,0.0,0.0,0.0,0.0,0.0,0.0,0.0,0.0,4.269414257282076e-51,0,0.0,1,0,0.0,192,1,0.0,0.0,0.0,0.0
A000653,0.0,0.0,0.0,0.0,0.0,0.0,0.0,0.0,0.0,0.0,0.0,0.0,0.0,0.0,0.0,0.0,0.0,0.0,0.0,0.0,34.57530092592592,0.0,0.0,0.0,0.0,0.0,0.0,0.0,0.0,0.0,7,0.0,0.0,0.0,0.0,0.0,0.0,0.0,0.0,0.0,0.0,4.269414257282076e-51,0,0.0,1,0,0.0,193,1,0.0,0.0,0.0,0.0
A000654,3.0,7430.0,2476.6666666666665,2.0,1.0,1.0,1.0,2.0,1.0,0.0,0.0,0.0814719470500569,0.0,0.0,0.0,0.0,1.0,0.0,0.0,0.3333333333333333,45.86594907407408,0.0,0.0,2.0,0.0,0.0,0.0,0.0,0.0,0.0,0,4.5,7.0,8.0,7.0,6.0,5.0,1.0,0.0,0.0,0.01901901901901902,0.019948111358253376,41,0.20330205283253597,585,19,16.9,7,41,0.054878048780487805,0.04959349593495935,4002.6355013550137,103.0
A000655,1.0,18410.0,18410.0,1.0,1.0,1.0,1.0,1.0,0.0,0.0,0.0,0.0,0.0,0.0,0.0,0.0,0.0,0.0,0.0,0.0,26.2690625,0.0,0.0,1.0,0.0,0.0,0.0,0.0,0.0,0.0,0,1.0,0.0,3.0,2.0,3.0,2.0,1.0,0.0,0.0,0.004004004004004004,0.0018934043830491898,2,0.2833333333333333,585,4,3.4,7,41,0.054878048780487805,0.04959349593495935,4002.6355013550137,103.0
A000656,0.0,0.0,0.0,0.0,0.0,0.0,0.0,0.0,0.0,0.0,0.0,0.0,0.0,0.0,0.0,0.0,0.0,0.0,0.0,0.0,25.66287037037037,0.0,0.0,0.0,0.0,0.0,0.0,0.0,0.0,0.0,1,0.0,0.0,0.0,0.0,0.0,0.0,0.0,0.0,0.0,0.0,4.269414257282076e-51,0,0.0,1,0,0.0,194,1,0.0,0.0,0.0,0.0
A000657,1.0,6970.0,6970.0,1.0,1.0,1.0,1.0,1.0,0.0,0.0,0.0,0.0,0.0,0.0,0.0,0.0,0.0,0.0,0.0,0.0,45.5665625,0.0,0.0,1.0,0.0,0.0,0.0,0.0,0.0,0.0,6,4.0,3.0,7.0,6.0,2.0,1.0,3.0,2.0,0.0,0.011011011011011011,0.004915129391981649,19,0.2652431548420095,585,11,9.2,4,56,0.012499999999999999,0.011607142857142858,4977.3005952380945,128.0
A000658,1.0,13770.0,13770.0,1.0,1.0,1.0,1.0,1.0,0.0,0.0,0.0,0.0,0.0,0.0,0.0,0.0,0.0,0.0,0.0,0.0,33.784618055555555,0.0,0.0,1.0,0.0,0.0,0.0,0.0,0.0,0.0,3,1.0,0.0,7.0,6.0,2.0,1.0,1.0,0.0,0.0,0.007007007007007007,0.0016739248319959676,15,0.5042082626814535,585,7,5.199999999999999,1,68,0.014705882352941176,0.014705882352941176,4302.5082866479925,152.0
A000659,0.0,0.0,0.0,0.0,0.0,0.0,0.0,0.0,0.0,0.0,0.0,0.0,0.0,0.0,0.0,0.0,0.0,0.0,0.0,0.0,48.54690972222223,0.0,0.0,0.0,0.0,0.0,0.0,0.0,0.0,0.0,3,0.0,0.0,0.0,0.0,0.0,0.0,0.0,0.0,0.0,0.0,4.269414257282076e-51,0,0.0,1,0,0.0,195,1,0.0,0.0,0.0,0.0
A000660,1.0,3080.0,3080.0,1.0,1.0,1.0,1.0,1.0,0.0,0.0,0.0,0.1345616883116883,0.0,0.0,0.0,0.0,0.0,0.0,0.0,0.0,30.930810185185184,0.0,0.0,1.0,0.0,0.0,0.0,0.0,0.0,0.0,3,4.0,3.0,7.0,6.0,3.0,2.0,2.0,1.0,1.0,0.012012012012012012,0.01194373261682448,20,0.23315006063246363,585,12,10.2,7,41,0.054878048780487805,0.04959349593495935,4002.6355013550137,103.0
A000661,4.0,7030.0,1757.5,1.0,1.0,1.0,2.0,2.0,0.0,2.0,0.0,0.0,0.0,0.0,0.0,0.0,0.0,0.0,0.0,0.0,31.94144675925926,0.0,2.0,4.0,0.0,0.0,0.0,0.0,0.0,0.0,1,2.0,1.0,6.0,5.0,2.0,1.0,1.0,0.0,1.0,0.007007007007007007,0.007725966754928311,10,0.33754159601478684,585,7,5.5,11,25,0.0,0.0,3853.6,51.0
A000662,0.0,0.0,0.0,0.0,0.0,0.0,0.0,0.0,0.0,0.0,0.0,0.0,0.0,0.0,0.0,0.0,0.0,0.0,0.0,0.0,26.007430555555555,0.0,0.0,0.0,0.0,0.0,0.0,0.0,0.0,0.0,7,0.0,0.0,0.0,0.0,0.0,0.0,0.0,0.0,0.0,0.0,4.269414257282076e-51,0,0.0,1,0,0.0,196,1,0.0,0.0,0.0,0.0
A000663,2.0,8110.0,4055.0,1.0,1.0,1.0,1.0,1.0,0.0,1.0,0.0,0.0,0.0,0.0,0.0,0.0,0.0,0.0,0.0,0.0,43.85332175925926,0.0,0.0,1.0,0.0,0.0,0.0,0.0,0.0,0.0,0,8.0,7.0,10.0,9.0,8.0,7.0,4.0,3.0,0.0,0.026026026026026026,0.03930278486474365,85,0.22666046472111895,585,26,23.3,2,60,0.025,0.025,3793.313888888889,125.0
A000664,2.0,4920.0,2460.0,1.0,1.0,1.0,1.0,2.0,0.0,0.0,0.0,0.0,0.0,0.0,0.0,0.0,0.0,0.0,0.0,0.0,41.67115740740741,0.0,1.0,1.0,0.0,0.0,0.0,0.0,0.0,0.0,1,5.0,4.0,7.0,6.0,2.0,1.0,5.0,4.0,1.0,0.015015015015015015,0.010255570270633504,28,0.22274194287373905,585,15,13.2,0,68,0.02818627450980392,0.02622549019607843,2868.4758403361343,162.0
A000665,2.0,9220.0,4610.0,2.0,1.0,1.0,2.0,1.0,0.0,1.0,0.0,0.0326475,0.0,0.0,0.0,0.0,0.0,0.0,0.0,0.0,31.46859953703704,0.0,0.0,2.0,0.0,0.0,0.0,0.0,0.0,0.0,1,1.5,1.0,8.0,7.0,2.0,1.0,1.0,0.0,0.0,0.009009009009009009,0.0033926546379957337,21,0.4083333333333333,585,9,6.8999999999999995,3,57,0.023391812865497075,0.021929824561403508,3958.1345029239765,119.0
A000666,4.0,4830.0,1207.5,2.0,2.0,1.0,2.0,4.0,0.0,0.0,0.0,0.0,0.0,0.0,0.0,0.0,0.0,0.0,0.0,0.0,41.86143518518519,0.0,0.0,1.0,0.0,0.0,0.0,0.0,0.0,0.0,5,1.5,1.0,9.5,17.0,1.0,0.0,3.0,4.0,0.0,0.022022022022022022,0.054851856707170035,98,0.3076010555953291,585,22,16.9,10,37,0.009009009009009009,0.009009009009009009,4372.995495495496,80.0
A000667,0.0,0.0,0.0,0.0,0.0,0.0,0.0,0.0,0.0,0.0,0.0,0.0,0.0,0.0,0.0,0.0,0.0,0.0,0.0,0.0,41.85400462962963,0.0,0.0,0.0,0.0,0.0,0.0,0.0,0.0,0.0,5,0.0,0.0,0.0,0.0,0.0,0.0,0.0,0.0,0.0,0.0,4.269414257282076e-51,0,0.0,1,0,0.0,197,1,0.0,0.0,0.0,0.0
A000668,0.0,0.0,0.0,0.0,0.0,0.0,0.0,0.0,0.0,0.0,0.0,0.0,0.0,0.0,0.0,0.0,0.0,0.0,0.0,0.0,26.86149305555556,0.0,0.0,0.0,0.0,0.0,0.0,0.0,0.0,0.0,4,0.0,0.0,0.0,0.0,0.0,0.0,0.0,0.0,0.0,0.0,4.269414257282076e-51,0,0.0,1,0,0.0,198,1,0.0,0.0,0.0,0.0
A000669,0.0,0.0,0.0,0.0,0.0,0.0,0.0,0.0,0.0,0.0,0.0,0.0,0.0,0.0,0.0,0.0,0.0,0.0,0.0,0.0,46.25813657407407,0.0,0.0,0.0,0.0,0.0,0.0,0.0,0.0,0.0,1,0.0,0.0,0.0,0.0,0.0,0.0,0.0,0.0,0.0,0.0,4.269414257282076e-51,0,0.0,1,0,0.0,199,1,0.0,0.0,0.0,0.0
A000670,1.0,1500.0,1500.0,1.0,1.0,1.0,1.0,1.0,0.0,0.0,0.0,0.0,0.0,0.0,0.0,0.0,0.0,0.0,0.0,0.0,35.594594907407405,0.0,0.0,1.0,0.0,0.0,0.0,0.0,0.0,0.0,4,1.0,0.0,7.0,6.0,3.0,2.0,6.0,5.0,0.0,0.013013013013013013,0.003657346231864944,26,0.2756410256410256,585,13,11.2,4,56,0.012499999999999999,0.011607142857142858,4977.3005952380945,128.0
A000671,1.0,2430.0,2430.0,1.0,1.0,1.0,1.0,1.0,0.0,0.0,0.0,0.0943168724279835,0.0,0.0,0.0,0.0,1.0,0.0,0.0,1.0,38.60510416666666,0.0,0.0,1.0,0.0,0.0,0.0,0.0,0.0,0.0,7,6.0,5.0,6.0,5.0,1.0,0.0,4.0,3.0,0.0,0.012012012012012012,0.023420138713074887,25,0.3352924555867772,585,12,10.8,11,25,0.0,0.0,3853.6,51.0
A000672,0.0,0.0,0.0,0.0,0.0,0.0,0.0,0.0,0.0,0.0,0.0,0.0,0.0,0.0,0.0,0.0,0.0,0.0,0.0,0.0,37.99582175925926,0.0,0.0,0.0,0.0,0.0,0.0,0.0,0.0,0.0,1,0.0,0.0,0.0,0.0,0.0,0.0,0.0,0.0,0.0,0.0,4.269414257282076e-51,0,0.0,1,0,0.0,200,1,0.0,0.0,0.0,0.0
A000673,4.0,26430.0,6607.5,1.0,2.0,1.0,1.0,3.0,0.0,1.0,0.0,0.0460428571428571,1.0,96.0,1.0,1410.0,0.0,0.3333333333333333,0.25,0.0,28.940775462962964,1.0,1.0,4.0,0.0,0.0,1.0,0.25,1.0,0.0,3,4.0,3.0,7.5,13.0,2.0,1.0,2.0,1.0,2.0,0.018018018018018018,0.008743204979328411,47,0.22264784672504298,585,18,14.1,0,68,0.02818627450980392,0.02622549019607843,2868.4758403361343,162.0
A000674,5.0,21140.0,4228.0,1.0,1.0,1.0,1.0,4.0,0.0,1.0,0.0,0.0208735135135135,0.0,0.0,0.0,0.0,0.0,0.0,0.0,0.0,30.911238425925927,0.0,0.0,5.0,0.0,0.0,0.0,0.0,0.0,0.0,3,1.0,0.0,1.0,0.0,3.0,2.0,2.0,1.0,0.0,0.003003003003003003,0.003923778006983562,1,0.3333333333333333,585,3,3.0,10,37,0.009009009009009009,0.009009009009009009,4372.995495495496,80.0
A000675,0.0,0.0,0.0,0.0,0.0,0.0,0.0,0.0,0.0,0.0,0.0,0.0,0.0,0.0,0.0,0.0,0.0,0.0,0.0,0.0,32.608831018518515,0.0,0.0,0.0,0.0,0.0,0.0,0.0,0.0,0.0,1,0.0,0.0,0.0,0.0,0.0,0.0,0.0,0.0,0.0,0.0,4.269414257282076e-51,0,0.0,1,0,0.0,201,1,0.0,0.0,0.0,0.0
A000676,3.0,3620.0,1206.6666666666667,1.0,2.0,1.0,2.0,2.0,0.0,1.0,0.0,0.064143197692436,0.0,0.0,0.0,0.0,0.0,0.0,0.0,0.0,34.758668981481485,1.0,1.0,2.0,0.0,0.0,0.0,0.0,1.0,0.0,2,1.0,0.0,4.5,7.0,5.0,4.0,3.0,4.0,0.0,0.014014014014014014,0.006604361709514059,18,0.1710452807574898,585,14,12.2,8,41,0.010975609756097562,0.00975609756097561,4760.349593495936,81.0
A000677,0.0,0.0,0.0,0.0,0.0,0.0,0.0,0.0,0.0,0.0,0.0,0.0,0.0,0.0,0.0,0.0,0.0,0.0,0.0,0.0,40.06130787037037,0.0,0.0,0.0,0.0,0.0,0.0,0.0,0.0,0.0,3,0.0,0.0,0.0,0.0,0.0,0.0,0.0,0.0,0.0,0.0,4.269414257282076e-51,0,0.0,1,0,0.0,202,1,0.0,0.0,0.0,0.0
A000678,2.0,3600.0,1800.0,1.0,2.0,1.0,1.0,1.0,1.0,0.0,0.0,0.0485071428571428,0.0,0.0,0.0,0.0,0.0,0.0,0.0,0.0,21.40067129629629,0.0,0.0,2.0,0.0,0.0,0.0,0.0,0.0,0.0,0,2.0,1.0,2.0,2.0,5.0,4.0,3.0,2.0,0.0,0.009009009009009009,0.0027055776687040707,8,0.2138888888888889,585,9,8.4,8,41,0.010975609756097562,0.00975609756097561,4760.349593495936,81.0
A000679,0.0,0.0,0.0,0.0,0.0,0.0,0.0,0.0,0.0,0.0,0.0,0.0,0.0,0.0,0.0,0.0,0.0,0.0,0.0,0.0,25.465775462962963,0.0,0.0,0.0,0.0,0.0,0.0,0.0,0.0,0.0,6,0.0,0.0,0.0,0.0,0.0,0.0,0.0,0.0,0.0,0.0,4.269414257282076e-51,0,0.0,1,0,0.0,203,1,0.0,0.0,0.0,0.0
A000680,2.0,3230.0,1615.0,1.0,2.0,1.0,1.0,2.0,0.0,0.0,0.0,0.0,0.0,0.0,0.0,0.0,0.0,0.0,0.0,0.0,41.59976851851852,0.0,0.0,1.0,0.0,0.0,0.0,0.0,0.0,0.0,4,2.0,1.0,7.5,13.0,3.0,2.0,1.0,0.0,0.0,0.016016016016016016,0.005915852345524688,37,0.2183333333333333,585,16,12.1,2,60,0.025,0.025,3793.313888888889,125.0
A000681,3.0,15440.0,5146.666666666667,2.0,1.0,1.0,2.0,2.0,0.0,1.0,0.0,0.0,0.0,0.0,0.0,0.0,0.0,0.0,0.0,0.0,24.117847222222224,0.0,1.0,3.0,0.0,0.0,0.0,0.0,0.0,0.0,1,6.5,11.0,1.0,0.0,1.0,0.0,2.5,3.0,3.0,0.014014014014014014,0.050275510513661616,43,0.4700638242141231,585,14,14.0,3,57,0.023391812865497075,0.021929824561403508,3958.1345029239765,119.0
A000682,2.0,8240.0,4120.0,2.0,1.0,1.0,1.0,2.0,0.0,0.0,0.0,0.0,0.0,0.0,0.0,0.0,0.0,0.0,0.0,0.0,36.866840277777776,0.0,0.0,1.0,0.0,0.0,0.0,0.0,0.0,0.0,1,2.0,2.0,9.0,8.0,2.0,1.0,3.0,2.0,0.0,0.012012012012012012,0.008204365215477658,32,0.36355185784331623,585,12,9.9,6,42,0.023809523809523808,0.023809523809523808,3971.0997732426304,78.0
A000683,2.0,20150.0,10075.0,1.0,2.0,1.0,1.0,1.0,0.0,1.0,0.0,0.0,0.0,0.0,0.0,0.0,0.0,0.0,0.0,0.0,34.58900462962963,0.0,0.0,2.0,0.0,0.0,0.0,0.0,0.0,0.0,7,5.0,4.0,8.5,15.0,1.0,0.0,2.0,1.0,1.0,0.02002002002002002,0.03918832230643845,99,0.3793856086765122,585,20,15.5,1,68,0.014705882352941176,0.014705882352941176,4302.5082866479925,152.0
A000684,3.0,10390.0,3463.333333333333,2.0,1.0,1.0,1.0,3.0,0.0,0.0,0.0,0.0,0.0,0.0,0.0,0.0,0.0,0.0,0.0,0.0,39.525613425925926,0.0,2.0,2.0,0.0,0.0,0.0,0.0,0.0,0.0,4,3.5,5.0,20.0,19.0,6.0,5.0,4.0,3.0,1.0,0.03203203203203203,0.07315802087032701,201,0.30141224136896616,585,32,26.3,5,51,0.01633986928104575,0.014705882352941176,3327.3856209150326,115.0
A000685,1.0,17160.0,17160.0,1.0,1.0,1.0,1.0,1.0,0.0,0.0,0.0,0.0,0.0,0.0,0.0,0.0,0.0,0.0,0.0,0.0,22.52145833333333,0.0,0.0,1.0,0.0,0.0,0.0,0.0,0.0,0.0,2,5.0,4.0,1.0,0.0,2.0,1.0,1.0,0.0,1.0,0.005005005005005005,0.0017207878567313552,6,0.6,585,5,5.0,4,56,0.012499999999999999,0.011607142857142858,4977.3005952380945,128.0
A000686,5.0,13980.0,2796.0,2.0,1.0,1.0,1.0,4.0,1.0,0.0,0.2,0.0717343589743589,1.0,72.0,1.0,4570.0,0.0,0.25,0.2,0.0,38.567569444444445,0.0,0.0,4.0,0.0,0.0,1.0,0.25,0.0,0.0,7,5.5,9.0,4.0,3.0,11.0,10.0,3.0,2.0,1.0,0.024024024024024024,0.0361499513008944,72,0.2555779710460616,585,24,23.1,7,41,0.054878048780487805,0.04959349593495935,4002.6355013550137,103.0
A000687,5.0,10950.0,2190.0,1.0,1.0,1.0,1.0,4.0,1.0,0.0,0.2,0.0610629807692307,0.0,0.0,0.0,0.0,0.0,0.0,0.0,0.0,38.308935185185184,0.0,0.0,3.0,0.0,0.0,0.0,0.0,0.0,0.0,0,3.0,2.0,8.0,7.0,3.0,2.0,3.0,2.0,0.0,0.013013013013013013,0.006271837466527128,24,0.22805607072192982,585,13,10.9,2,60,0.025,0.025,3793.313888888889,125.0
A000688,2.0,2110.0,1055.0,1.0,1.0,1.0,1.0,2.0,0.0,0.0,0.0,0.0,0.0,0.0,0.0,0.0,0.0,0.0,0.0,0.0,32.90252314814815,0.0,0.0,2.0,0.0,0.0,0.0,0.0,0.0,0.0,3,2.0,1.0,3.0,2.0,1.0,0.0,1.0,0.0,0.0,0.003003003003003003,0.0004456996752991652,1,0.2333333333333333,585,3,2.4,3,57,0.023391812865497075,0.021929824561403508,3958.1345029239765,119.0
A000689,0.0,0.0,0.0,0.0,0.0,0.0,0.0,0.0,0.0,0.0,0.0,0.0,0.0,0.0,0.0,0.0,0.0,0.0,0.0,0.0,35.24091435185185,0.0,0.0,0.0,0.0,0.0,0.0,0.0,0.0,0.0,3,0.0,0.0,0.0,0.0,0.0,0.0,0.0,0.0,0.0,0.0,4.269414257282076e-51,0,0.0,1,0,0.0,204,1,0.0,0.0,0.0,0.0
A000690,0.0,0.0,0.0,0.0,0.0,0.0,0.0,0.0,0.0,0.0,0.0,0.0,0.0,0.0,0.0,0.0,0.0,0.0,0.0,0.0,44.504641203703706,0.0,0.0,0.0,0.0,0.0,0.0,0.0,0.0,0.0,3,0.0,0.0,0.0,0.0,0.0,0.0,0.0,0.0,0.0,0.0,4.269414257282076e-51,0,0.0,1,0,0.0,205,1,0.0,0.0,0.0,0.0
A000691,2.0,19710.0,9855.0,1.0,1.0,1.0,1.0,2.0,0.0,0.0,0.0,0.0423530751708428,0.0,0.0,0.0,0.0,0.0,0.0,0.0,0.0,31.23491898148148,0.0,1.0,2.0,0.0,0.0,0.0,0.0,0.0,0.0,1,4.0,3.0,4.0,3.0,3.0,2.0,2.0,1.0,0.0,0.009009009009009009,0.006759059965142221,7,0.16944444444444445,585,9,8.1,1,68,0.014705882352941176,0.014705882352941176,4302.5082866479925,152.0
A000692,5.0,13860.0,2772.0,2.0,1.0,1.0,1.0,5.0,0.0,0.0,0.0,0.0388151430842607,0.0,0.0,0.0,0.0,0.0,0.0,0.0,0.0,36.53333333333333,0.0,0.0,4.0,0.0,0.0,0.0,0.0,0.0,0.0,2,4.0,6.0,5.0,4.0,3.0,2.0,2.0,1.0,0.0,0.013013013013013013,0.009884914355375685,18,0.2049791476450067,585,13,11.8,0,68,0.02818627450980392,0.02622549019607843,2868.4758403361343,162.0
A000693,1.0,3960.0,3960.0,1.0,1.0,1.0,1.0,0.0,0.0,1.0,0.0,0.0,0.0,0.0,0.0,0.0,0.0,0.0,0.0,0.0,37.23855324074074,1.0,1.0,1.0,0.0,0.0,0.0,0.0,1.0,0.0,2,3.0,2.0,4.0,3.0,4.0,3.0,3.0,2.0,0.0,0.01001001001001001,0.010692580988787196,10,0.19502838929006946,585,10,9.1,8,41,0.010975609756097562,0.00975609756097561,4760.349593495936,81.0
A000694,1.0,13530.0,13530.0,1.0,1.0,1.0,1.0,1.0,0.0,0.0,0.0,0.0,0.0,0.0,0.0,0.0,0.0,0.0,0.0,0.0,40.57851851851852,0.0,1.0,1.0,0.0,0.0,0.0,0.0,0.0,0.0,3,1.0,0.0,7.0,6.0,3.0,2.0,5.0,4.0,0.0,0.012012012012012012,0.006945349656679401,22,0.26515151515151514,585,12,10.2,10,37,0.009009009009009009,0.009009009009009009,4372.995495495496,80.0
A000695,5.0,19060.0,3812.0,1.0,1.0,1.0,1.0,4.0,1.0,0.0,0.0,0.0,0.0,0.0,0.0,0.0,0.0,0.0,0.0,0.0,30.642789351851853,0.0,2.0,5.0,0.0,0.0,0.0,0.0,0.0,0.0,6,3.0,2.0,6.0,5.0,7.0,6.0,1.0,0.0,1.0,0.013013013013013013,0.021671335681702066,28,0.31763856414724617,585,13,11.5,10,37,0.009009009009009009,0.009009009009009009,4372.995495495496,80.0
A000696,2.0,7220.0,3610.0,1.0,1.0,1.0,2.0,2.0,0.0,0.0,0.0,0.0,0.0,0.0,0.0,0.0,0.0,0.0,0.0,0.0,41.15405092592592,0.0,0.0,1.0,0.0,0.0,0.0,0.0,0.0,0.0,2,2.0,1.0,5.0,4.0,2.0,1.0,3.5,5.0,0.0,0.011011011011011011,0.008930082256724075,10,0.14909090909090908,585,11,9.8,1,68,0.014705882352941176,0.014705882352941176,4302.5082866479925,152.0
A000697,1.0,3280.0,3280.0,1.0,1.0,1.0,1.0,1.0,0.0,0.0,0.0,0.0,0.0,0.0,0.0,0.0,0.0,0.0,0.0,0.0,49.42678240740741,0.0,0.0,1.0,0.0,0.0,0.0,0.0,0.0,0.0,0,5.0,4.0,20.0,19.0,7.0,6.0,3.0,2.0,0.0,0.03003003003003003,0.0907004910963443,209,0.3595509029013422,585,30,24.3,5,51,0.01633986928104575,0.014705882352941176,3327.3856209150326,115.0
A000698,1.0,2870.0,2870.0,1.0,1.0,1.0,1.0,1.0,0.0,0.0,0.0,0.0,0.0,0.0,0.0,0.0,0.0,0.0,0.0,0.0,45.290104166666666,0.0,0.0,1.0,0.0,0.0,0.0,0.0,0.0,0.0,3,10.0,9.0,8.0,7.0,2.0,1.0,8.0,7.0,0.0,0.023023023023023025,0.05707840270213542,81,0.29392771543568297,585,23,20.9,3,57,0.023391812865497075,0.021929824561403508,3958.1345029239765,119.0
A000699,0.0,0.0,0.0,0.0,0.0,0.0,0.0,0.0,0.0,0.0,0.0,0.0,0.0,0.0,0.0,0.0,0.0,0.0,0.0,0.0,27.433611111111112,0.0,0.0,0.0,0.0,0.0,0.0,0.0,0.0,0.0,4,0.0,0.0,0.0,0.0,0.0,0.0,0.0,0.0,0.0,0.0,4.269414257282076e-51,0,0.0,1,0,0.0,206,1,0.0,0.0,0.0,0.0
A000700,4.0,9570.0,2392.5,1.0,2.0,1.0,1.0,3.0,0.0,1.0,0.0,0.0221458333333333,0.0,0.0,0.0,0.0,0.0,0.0,0.0,0.0,23.516886574074075,0.0,0.0,4.0,0.0,0.0,0.0,0.0,0.0,0.0,4,2.0,1.0,4.0,6.0,4.0,3.0,2.0,1.0,0.0,0.011011011011011011,0.01039259869591728,11,0.15797042756928226,585,11,9.2,4,56,0.012499999999999999,0.011607142857142858,4977.3005952380945,128.0
A000701,1.0,3470.0,3470.0,1.0,1.0,1.0,1.0,1.0,0.0,0.0,0.0,0.0,0.0,0.0,0.0,0.0,0.0,0.0,0.0,0.0,30.632372685185185,0.0,0.0,1.0,0.0,0.0,0.0,0.0,0.0,0.0,8,1.0,0.0,15.0,14.0,3.0,2.0,4.0,3.0,0.0,0.018018018018018018,0.0420142395063208,101,0.48762738780995757,585,18,14.1,1,68,0.014705882352941176,0.014705882352941176,4302.5082866479925,152.0
A000702,1.0,590.0,590.0,1.0,1.0,1.0,1.0,1.0,0.0,0.0,0.0,0.0,0.0,0.0,0.0,0.0,0.0,0.0,0.0,0.0,27.78912037037037,0.0,0.0,1.0,0.0,0.0,0.0,0.0,0.0,0.0,2,2.0,1.0,4.0,3.0,1.0,0.0,2.0,1.0,0.0,0.005005005005005005,0.0012844663736505948,3,0.20999999999999996,585,5,4.1,6,42,0.023809523809523808,0.023809523809523808,3971.0997732426304,78.0
A000703,7.0,24690.0,3527.1428571428573,2.0,2.0,1.0,1.0,6.0,0.0,1.0,0.0,0.0280794470146241,0.0,0.0,0.0,0.0,0.0,0.0,0.0,0.0,45.97902777777778,0.0,1.0,5.0,0.0,0.0,0.0,0.0,0.0,0.0,6,4.5,7.0,8.0,14.0,7.0,6.0,5.0,4.0,2.0,0.03003003003003003,0.042645507835557005,86,0.16689439810414583,585,30,26.099999999999998,0,68,0.02818627450980392,0.02622549019607843,2868.4758403361343,162.0
A000704,0.0,0.0,0.0,0.0,0.0,0.0,0.0,0.0,0.0,0.0,0.0,0.0,0.0,0.0,0.0,0.0,0.0,0.0,0.0,0.0,23.482719907407407,0.0,0.0,0.0,0.0,0.0,0.0,0.0,0.0,0.0,6,0.0,0.0,0.0,0.0,0.0,0.0,0.0,0.0,0.0,0.0,4.269414257282076e-51,0,0.0,1,0,0.0,207,1,0.0,0.0,0.0,0.0
A000705,1.0,4690.0,4690.0,1.0,1.0,1.0,1.0,1.0,0.0,0.0,0.0,0.0,0.0,0.0,0.0,0.0,0.0,0.0,0.0,0.0,23.60050925925926,0.0,0.0,1.0,0.0,0.0,0.0,0.0,0.0,0.0,2,1.0,0.0,3.0,2.0,3.0,2.0,1.0,0.0,0.0,0.004004004004004004,0.0018323940948637657,2,0.2833333333333333,585,4,3.4,4,56,0.012499999999999999,0.011607142857142858,4977.3005952380945,128.0
A000706,1.0,5280.0,5280.0,1.0,1.0,1.0,1.0,1.0,0.0,0.0,0.0,0.0,0.0,0.0,0.0,0.0,0.0,0.0,0.0,0.0,34.16695601851852,0.0,0.0,0.0,0.0,0.0,0.0,0.0,0.0,0.0,4,6.0,5.0,4.0,3.0,7.0,6.0,3.0,2.0,0.0,0.016016016016016016,0.0057361719542912545,30,0.24156586668118832,585,16,15.1,7,41,0.054878048780487805,0.04959349593495935,4002.6355013550137,103.0
A000707,2.0,4190.0,2095.0,2.0,1.0,1.0,1.0,2.0,0.0,0.0,0.0,0.0,0.0,0.0,0.0,0.0,0.0,0.0,0.0,0.0,29.65965277777778,0.0,0.0,2.0,0.0,0.0,0.0,0.0,0.0,0.0,2,2.5,3.0,1.0,0.0,1.0,0.0,1.0,0.0,0.0,0.003003003003003003,0.0007115014850429476,1,0.3333333333333333,585,3,3.0,9,39,0.0,0.0,3567.67094017094,77.0
A000708,3.0,11650.0,3883.3333333333335,1.0,2.0,1.0,1.0,3.0,0.0,0.0,0.0,0.0398626666666666,0.0,0.0,0.0,0.0,0.0,0.0,0.0,0.0,28.3796875,0.0,0.0,3.0,0.0,0.0,0.0,0.0,0.0,0.0,4,1.0,0.0,2.0,2.0,1.0,0.0,1.0,0.0,0.0,0.002002002002002002,0.0002327215778730274,0,0.0,585,2,1.4,1,68,0.014705882352941176,0.014705882352941176,4302.5082866479925,152.0
A000709,0.0,0.0,0.0,0.0,0.0,0.0,0.0,0.0,0.0,0.0,0.0,0.0,0.0,0.0,0.0,0.0,0.0,0.0,0.0,0.0,42.60189814814815,0.0,0.0,0.0,0.0,0.0,0.0,0.0,0.0,0.0,2,0.0,0.0,0.0,0.0,0.0,0.0,0.0,0.0,0.0,0.0,4.269414257282076e-51,0,0.0,1,0,0.0,208,1,0.0,0.0,0.0,0.0
A000710,0.0,0.0,0.0,0.0,0.0,0.0,0.0,0.0,0.0,0.0,0.0,0.0,0.0,0.0,0.0,0.0,0.0,0.0,0.0,0.0,29.178125,0.0,0.0,0.0,0.0,0.0,0.0,0.0,0.0,0.0,2,0.0,0.0,0.0,0.0,0.0,0.0,0.0,0.0,0.0,0.0,4.269414257282076e-51,0,0.0,1,0,0.0,209,1,0.0,0.0,0.0,0.0
A000711,1.0,1870.0,1870.0,1.0,1.0,1.0,1.0,1.0,0.0,0.0,0.0,0.0,0.0,0.0,0.0,0.0,0.0,0.0,0.0,0.0,21.69226851851852,0.0,0.0,1.0,0.0,0.0,0.0,0.0,0.0,0.0,2,3.0,2.0,2.0,1.0,10.0,9.0,1.0,0.0,0.0,0.012012012012012012,0.06914744193490882,39,0.5875122424770485,585,12,11.7,5,51,0.01633986928104575,0.014705882352941176,3327.3856209150326,115.0
A000712,4.0,14300.0,3575.0,1.0,1.0,1.0,1.0,3.0,0.0,1.0,0.0,0.0498359674329502,0.0,0.0,0.0,0.0,0.0,0.0,0.0,0.0,34.21021990740741,0.0,0.0,3.0,0.0,0.0,0.0,0.0,0.0,0.0,2,1.0,0.0,10.0,9.0,2.0,1.0,2.0,1.0,0.0,0.011011011011011011,0.010414475980484585,36,0.4597886093874641,585,11,8.299999999999999,0,68,0.02818627450980392,0.02622549019607843,2868.4758403361343,162.0
A000713,0.0,0.0,0.0,0.0,0.0,0.0,0.0,0.0,0.0,0.0,0.0,0.0,0.0,0.0,0.0,0.0,0.0,0.0,0.0,0.0,49.326400462962965,0.0,0.0,0.0,0.0,0.0,0.0,0.0,0.0,0.0,3,0.0,0.0,0.0,0.0,0.0,0.0,0.0,0.0,0.0,0.0,4.269414257282076e-51,0,0.0,1,0,0.0,210,1,0.0,0.0,0.0,0.0
A000714,0.0,0.0,0.0,0.0,0.0,0.0,0.0,0.0,0.0,0.0,0.0,0.0,0.0,0.0,0.0,0.0,0.0,0.0,0.0,0.0,22.088993055555555,0.0,0.0,0.0,0.0,0.0,0.0,0.0,0.0,0.0,8,0.0,0.0,0.0,0.0,0.0,0.0,0.0,0.0,0.0,0.0,4.269414257282076e-51,0,0.0,1,0,0.0,211,1,0.0,0.0,0.0,0.0
A000715,4.0,23830.0,5957.5,1.0,2.0,1.0,1.0,3.0,1.0,0.0,0.0,0.0550078879453879,0.0,0.0,0.0,0.0,0.0,0.0,0.0,0.0,32.30340277777778,0.0,0.0,3.0,0.0,0.0,0.0,0.0,0.0,0.0,3,1.0,0.0,6.0,10.0,3.0,2.0,5.0,4.0,0.0,0.016016016016016016,0.03319748955112439,30,0.19480231265044268,585,16,13.0,4,56,0.012499999999999999,0.011607142857142858,4977.3005952380945,128.0
A000716,4.0,13000.0,3250.0,2.0,1.0,1.0,2.0,2.0,0.0,2.0,0.0,0.0,0.0,0.0,0.0,0.0,0.0,0.0,0.0,0.0,25.42796296296296,0.0,1.0,4.0,0.0,0.0,0.0,0.0,0.0,0.0,5,2.5,3.0,8.0,7.0,3.0,2.0,1.0,0.0,2.0,0.012012012012012012,0.0035619040655192036,23,0.2543692957016746,585,12,9.9,6,42,0.023809523809523808,0.023809523809523808,3971.0997732426304,78.0
A000717,0.0,0.0,0.0,0.0,0.0,0.0,0.0,0.0,0.0,0.0,0.0,0.0,0.0,0.0,0.0,0.0,0.0,0.0,0.0,0.0,25.23444444444445,0.0,0.0,0.0,0.0,0.0,0.0,0.0,0.0,0.0,5,0.0,0.0,0.0,0.0,0.0,0.0,0.0,0.0,0.0,0.0,4.269414257282076e-51,0,0.0,1,0,0.0,212,1,0.0,0.0,0.0,0.0
A000718,2.0,2910.0,1455.0,1.0,1.0,1.0,1.0,2.0,0.0,0.0,0.0,0.0,1.0,96.0,1.0,2460.0,0.0,0.5,0.5,0.0,29.564965277777777,0.0,0.0,2.0,0.0,0.0,1.0,0.5,0.0,0.0,4,4.0,3.0,2.0,1.0,1.0,0.0,2.0,1.0,0.0,0.005005005005005005,0.013904833968799334,3,0.3,585,5,4.7,5,51,0.01633986928104575,0.014705882352941176,3327.3856209150326,115.0
A000719,6.0,45350.0,7558.333333333333,2.0,2.0,1.0,1.0,5.0,0.0,1.0,0.0,0.0,0.0,0.0,0.0,0.0,0.0,0.0,0.0,0.0,35.7950925925926,0.0,2.0,6.0,0.0,0.0,0.0,0.0,0.0,0.0,3,1.5,1.0,6.0,10.0,3.0,2.0,5.0,4.0,0.0,0.017017017017017015,0.008385480083970243,28,0.1609404706010485,585,17,14.0,10,37,0.009009009009009009,0.009009009009009009,4372.995495495496,80.0
A000720,2.0,2560.0,1280.0,1.0,2.0,1.0,1.0,2.0,0.0,0.0,0.0,0.0,0.0,0.0,0.0,0.0,0.0,0.0,0.0,0.0,26.534791666666667,0.0,1.0,2.0,0.0,0.0,0.0,0.0,0.0,0.0,2,3.0,2.0,1.0,0.0,1.0,0.0,1.0,0.0,0.0,0.002002002002002002,0.0004944940068684626,1,1.0,585,2,2.0,8,41,0.010975609756097562,0.00975609756097561,4760.349593495936,81.0
A000721,1.0,5190.0,5190.0,1.0,1.0,1.0,1.0,0.0,0.0,1.0,0.0,0.1239383429672447,0.0,0.0,0.0,0.0,0.0,0.0,0.0,0.0,42.918055555555554,0.0,0.0,1.0,0.0,0.0,0.0,0.0,0.0,0.0,2,1.0,0.0,8.0,7.0,6.0,5.0,3.0,2.0,0.0,0.014014014014014014,0.008625428704900013,35,0.3104727972601558,585,14,11.9,2,60,0.025,0.025,3793.313888888889,125.0
A000722,3.0,5710.0,1903.3333333333333,1.0,2.0,1.0,1.0,2.0,0.0,1.0,0.0,0.0,0.0,0.0,0.0,0.0,0.0,0.0,0.0,0.0,40.83472222222223,1.0,1.0,3.0,0.0,0.0,0.0,0.0,1.0,0.0,7,1.0,0.0,4.0,6.0,2.0,1.0,4.0,3.0,0.0,0.01001001001001001,0.007557120736962038,10,0.1775194114735672,585,10,8.2,9,39,0.0,0.0,3567.67094017094,77.0
A000723,2.0,10490.0,5245.0,1.0,1.0,1.0,2.0,1.0,0.0,1.0,0.0,0.0,0.0,0.0,0.0,0.0,0.0,0.0,0.0,0.0,25.54363425925926,1.0,1.0,2.0,0.0,0.0,0.0,0.0,1.0,0.0,2,2.0,1.0,3.0,2.0,3.0,2.0,1.5,1.0,0.0,0.006006006006006006,0.0026064893134292604,2,0.11333333333333333,585,6,5.4,3,57,0.023391812865497075,0.021929824561403508,3958.1345029239765,119.0
A000724,0.0,0.0,0.0,0.0,0.0,0.0,0.0,0.0,0.0,0.0,0.0,0.0,0.0,0.0,0.0,0.0,0.0,0.0,0.0,0.0,21.094375,0.0,0.0,0.0,0.0,0.0,0.0,0.0,0.0,0.0,3,0.0,0.0,0.0,0.0,0.0,0.0,0.0,0.0,0.0,0.0,4.269414257282076e-51,0,0.0,1,0,0.0,213,1,0.0,0.0,0.0,0.0
A000725,3.0,7780.0,2593.333333333333,2.0,1.0,1.0,1.0,3.0,0.0,0.0,0.0,0.0,0.0,0.0,0.0,0.0,0.0,0.0,0.0,0.0,27.82465277777778,0.0,1.0,3.0,0.0,0.0,0.0,0.0,0.0,0.0,2,2.0,2.0,3.0,2.0,1.0,0.0,3.0,2.0,0.0,0.006006006006006006,0.004189645882075068,3,0.18000000000000002,585,6,5.4,4,56,0.012499999999999999,0.011607142857142858,4977.3005952380945,128.0
A000726,1.0,2580.0,2580.0,1.0,1.0,1.0,1.0,0.0,0.0,1.0,0.0,0.0,0.0,0.0,0.0,0.0,0.0,0.0,0.0,0.0,31.83939814814815,0.0,0.0,1.0,0.0,0.0,0.0,0.0,0.0,0.0,1,3.0,2.0,4.0,3.0,1.0,0.0,8.0,7.0,0.0,0.012012012012012012,0.022207862877236074,26,0.3799435987583807,585,12,11.1,3,57,0.023391812865497075,0.021929824561403508,3958.1345029239765,119.0
A000727,2.0,8850.0,4425.0,1.0,1.0,1.0,2.0,1.0,0.0,1.0,0.0,0.0,0.0,0.0,0.0,0.0,0.0,0.0,0.0,0.0,36.762881944444445,0.0,1.0,2.0,0.0,0.0,0.0,0.0,0.0,0.0,5,5.0,4.0,4.0,3.0,5.0,4.0,2.0,2.0,1.0,0.013013013013013013,0.006049989485627237,16,0.1921526154069564,585,13,12.1,4,56,0.012499999999999999,0.011607142857142858,4977.3005952380945,128.0
A000728,2.0,8470.0,4235.0,2.0,1.0,1.0,1.0,1.0,1.0,0.0,0.0,0.0,0.0,0.0,0.0,0.0,0.0,0.0,0.0,0.0,31.619907407407407,0.0,2.0,2.0,0.0,0.0,0.0,0.0,0.0,0.0,5,1.5,1.0,3.0,2.0,2.0,1.0,2.0,1.0,0.0,0.005005005005005005,0.0011789115591516665,1,0.06999999999999999,585,5,4.4,8,41,0.010975609756097562,0.00975609756097561,4760.349593495936,81.0
A000729,2.0,4610.0,2305.0,1.0,1.0,1.0,1.0,2.0,0.0,0.0,0.0,0.0,0.0,0.0,0.0,0.0,0.0,0.0,0.0,0.0,41.609722222222224,0.0,0.0,2.0,0.0,0.0,0.0,0.0,0.0,0.0,5,6.0,5.0,18.0,17.0,1.0,0.0,7.0,6.0,1.0,0.028028028028028028,0.0847645957947602,171,0.3454238963639771,585,28,22.9,5,51,0.01633986928104575,0.014705882352941176,3327.3856209150326,115.0
A000730,1.0,11410.0,11410.0,1.0,1.0,1.0,1.0,0.0,0.0,1.0,0.0,0.0,0.0,0.0,0.0,0.0,0.0,0.0,0.0,0.0,39.48645833333333,0.0,1.0,1.0,0.0,0.0,0.0,0.0,0.0,0.0,4,4.0,3.0,5.0,4.0,3.0,2.0,3.0,2.0,0.0,0.011011011011011011,0.004266902386421518,13,0.20159825457713818,585,11,9.8,9,39,0.0,0.0,3567.67094017094,77.0
A000731,0.0,0.0,0.0,0.0,0.0,0.0,0.0,0.0,0.0,0.0,0.0,0.0,0.0,0.0,0.0,0.0,0.0,0.0,0.0,0.0,38.11050925925926,0.0,0.0,0.0,0.0,0.0,0.0,0.0,0.0,0.0,5,0.0,0.0,0.0,0.0,0.0,0.0,0.0,0.0,0.0,0.0,4.269414257282076e-51,0,0.0,1,0,0.0,214,1,0.0,0.0,0.0,0.0
A000732,0.0,0.0,0.0,0.0,0.0,0.0,0.0,0.0,0.0,0.0,0.0,0.0,0.0,0.0,0.0,0.0,0.0,0.0,0.0,0.0,41.56957175925926,0.0,0.0,0.0,0.0,0.0,0.0,0.0,0.0,0.0,4,0.0,0.0,0.0,0.0,0.0,0.0,0.0,0.0,0.0,0.0,4.269414257282076e-51,0,0.0,1,0,0.0,215,1,0.0,0.0,0.0,0.0
A000733,0.0,0.0,0.0,0.0,0.0,0.0,0.0,0.0,0.0,0.0,0.0,0.0,0.0,0.0,0.0,0.0,0.0,0.0,0.0,0.0,25.04347222222222,0.0,0.0,0.0,0.0,0.0,0.0,0.0,0.0,0.0,3,0.0,0.0,0.0,0.0,0.0,0.0,0.0,0.0,0.0,0.0,4.269414257282076e-51,0,0.0,1,0,0.0,216,1,0.0,0.0,0.0,0.0
A000734,0.0,0.0,0.0,0.0,0.0,0.0,0.0,0.0,0.0,0.0,0.0,0.0,0.0,0.0,0.0,0.0,0.0,0.0,0.0,0.0,48.86408564814815,0.0,0.0,0.0,0.0,0.0,0.0,0.0,0.0,0.0,1,0.0,0.0,0.0,0.0,0.0,0.0,0.0,0.0,0.0,0.0,4.269414257282076e-51,0,0.0,1,0,0.0,217,1,0.0,0.0,0.0,0.0
A000735,3.0,14240.0,4746.666666666667,1.0,1.0,1.0,2.0,3.0,0.0,0.0,0.0,0.0355472440944881,0.0,0.0,0.0,0.0,0.0,0.0,0.0,0.0,40.252233796296295,0.0,0.0,2.0,0.0,0.0,0.0,0.0,0.0,0.0,0,3.0,2.0,11.0,10.0,5.0,4.0,2.0,2.0,1.0,0.018018018018018018,0.012777625242828385,55,0.27093173226213235,585,18,15.0,9,39,0.0,0.0,3567.67094017094,77.0
A000736,1.0,5200.0,5200.0,1.0,1.0,1.0,1.0,1.0,0.0,0.0,0.0,0.0,0.0,0.0,0.0,0.0,0.0,0.0,0.0,0.0,43.19884259259259,0.0,0.0,1.0,0.0,0.0,0.0,0.0,0.0,0.0,3,3.0,2.0,5.0,4.0,6.0,5.0,4.0,3.0,0.0,0.014014014014014014,0.010427059988295023,20,0.19999999999999998,585,14,12.8,1,68,0.014705882352941176,0.014705882352941176,4302.5082866479925,152.0
A000737,2.0,11140.0,5570.0,1.0,2.0,1.0,1.0,1.0,0.0,1.0,0.0,0.0,0.0,0.0,0.0,0.0,0.0,0.0,0.0,0.0,45.98846064814815,0.0,0.0,1.0,0.0,0.0,0.0,0.0,0.0,0.0,5,6.0,5.0,8.5,15.0,2.0,1.0,3.0,2.0,0.0,0.023023023023023025,0.02378268879529643,61,0.18286608912621177,585,23,18.5,6,42,0.023809523809523808,0.023809523809523808,3971.0997732426304,78.0
A000738,3.0,10850.0,3616.6666666666665,1.0,1.0,1.0,2.0,1.0,1.0,1.0,0.0,0.0,0.0,0.0,0.0,0.0,0.0,0.0,0.0,0.0,46.65501157407408,0.0,1.0,2.0,0.0,0.0,0.0,0.0,0.0,0.0,1,4.0,3.0,18.0,17.0,11.0,10.0,2.0,2.0,2.0,0.03203203203203203,0.09136383865909437,191,0.3046736840807359,585,32,26.9,5,51,0.01633986928104575,0.014705882352941176,3327.3856209150326,115.0
A000739,4.0,5620.0,1405.0,1.0,2.0,1.0,1.0,3.0,0.0,1.0,0.0,0.031965909090909,0.0,0.0,0.0,0.0,0.0,0.0,0.0,0.0,38.68818287037037,0.0,0.0,4.0,0.0,0.0,0.0,0.0,0.0,0.0,3,1.0,0.0,4.5,7.0,1.0,0.0,1.0,0.0,0.0,0.007007007007007007,0.0011414092498865246,11,0.3666666666666667,585,7,4.8999999999999995,6,42,0.023809523809523808,0.023809523809523808,3971.0997732426304,78.0
A000740,1.0,14130.0,14130.0,1.0,1.0,1.0,1.0,0.0,0.0,1.0,0.0,0.0646192498230714,0.0,0.0,0.0,0.0,0.0,0.0,0.0,0.0,22.568854166666668,1.0,1.0,1.0,0.0,0.0,0.0,0.0,1.0,0.0,2,10.0,9.0,1.0,0.0,4.0,3.0,1.0,0.0,0.0,0.012012012012012012,0.044944452442704605,41,0.6178152727800789,585,12,12.0,3,57,0.023391812865497075,0.021929824561403508,3958.1345029239765,119.0
A000741,1.0,19830.0,19830.0,1.0,1.0,1.0,1.0,1.0,0.0,0.0,0.0,0.0,0.0,0.0,0.0,0.0,0.0,0.0,0.0,0.0,45.53505787037037,0.0,0.0,0.0,0.0,0.0,0.0,0.0,0.0,0.0,6,3.0,2.0,4.0,3.0,2.0,1.0,1.0,0.0,0.0,0.006006006006006006,0.0041335759856652304,4,0.20666666666666664,585,6,5.1,2,60,0.025,0.025,3793.313888888889,125.0
A000742,1.0,3740.0,3740.0,1.0,1.0,1.0,1.0,0.0,0.0,1.0,0.0,0.0,0.0,0.0,0.0,0.0,0.0,0.0,0.0,0.0,24.54568287037037,0.0,1.0,1.0,0.0,0.0,0.0,0.0,0.0,0.0,3,1.0,0.0,3.0,2.0,3.0,2.0,2.0,1.0,0.0,0.005005005005005005,0.0006957332289364655,2,0.16999999999999998,585,5,4.4,2,60,0.025,0.025,3793.313888888889,125.0
A000743,2.0,5960.0,2980.0,1.0,2.0,1.0,1.0,1.0,0.0,1.0,0.0,0.0,0.0,0.0,0.0,0.0,0.0,0.0,0.0,0.0,22.945868055555557,0.0,1.0,2.0,0.0,0.0,0.0,0.0,0.0,0.0,3,1.0,0.0,1.0,0.0,3.0,2.0,4.0,3.0,0.0,0.005005005005005005,0.004024781177685448,4,0.4,585,5,5.0,9,39,0.0,0.0,3567.67094017094,77.0
A000744,0.0,0.0,0.0,0.0,0.0,0.0,0.0,0.0,0.0,0.0,0.0,0.0,0.0,0.0,0.0,0.0,0.0,0.0,0.0,0.0,22.785046296296297,0.0,0.0,0.0,0.0,0.0,0.0,0.0,0.0,0.0,3,0.0,0.0,0.0,0.0,0.0,0.0,0.0,0.0,0.0,0.0,4.269414257282076e-51,0,0.0,1,0,0.0,218,1,0.0,0.0,0.0,0.0
A000745,2.0,5050.0,2525.0,1.0,1.0,1.0,1.0,1.0,1.0,0.0,0.0,0.0,0.0,0.0,0.0,0.0,0.0,0.0,0.0,0.0,45.998078703703705,0.0,0.0,2.0,0.0,0.0,0.0,0.0,0.0,0.0,5,3.0,2.0,5.0,4.0,3.0,2.0,2.0,1.0,0.0,0.009009009009009009,0.010082330830870062,8,0.17222222222222222,585,9,7.8,1,68,0.014705882352941176,0.014705882352941176,4302.5082866479925,152.0
A000746,1.0,2140.0,2140.0,1.0,1.0,1.0,1.0,0.0,0.0,1.0,0.0,0.0,0.0,0.0,0.0,0.0,0.0,0.0,0.0,0.0,36.19086805555556,1.0,1.0,1.0,0.0,0.0,0.0,0.0,1.0,0.0,3,2.0,1.0,5.0,4.0,1.0,0.0,2.0,1.0,0.0,0.006006006006006006,0.002734927125888987,6,0.27999999999999997,585,6,4.8,7,41,0.054878048780487805,0.04959349593495935,4002.6355013550137,103.0
A000747,0.0,0.0,0.0,0.0,0.0,0.0,0.0,0.0,0.0,0.0,0.0,0.0,0.0,0.0,0.0,0.0,0.0,0.0,0.0,0.0,24.339375,0.0,0.0,0.0,0.0,0.0,0.0,0.0,0.0,0.0,0,0.0,0.0,0.0,0.0,0.0,0.0,0.0,0.0,0.0,0.0,4.269414257282076e-51,0,0.0,1,0,0.0,219,1,0.0,0.0,0.0,0.0
A000748,2.0,21790.0,10895.0,2.0,1.0,1.0,1.0,1.0,0.0,1.0,0.0,0.0,0.0,0.0,0.0,0.0,0.0,0.0,0.0,0.0,29.38457175925926,0.0,0.0,2.0,0.0,0.0,0.0,0.0,0.0,0.0,0,3.5,5.0,5.0,4.0,2.0,1.0,2.0,1.0,0.0,0.011011011011011011,0.005531645870018226,12,0.18545454545454546,585,11,9.8,7,41,0.054878048780487805,0.04959349593495935,4002.6355013550137,103.0
A000749,2.0,6340.0,3170.0,1.0,2.0,1.0,2.0,2.0,0.0,0.0,0.0,0.042908713692946,0.0,0.0,0.0,0.0,0.0,0.0,0.0,0.0,25.85664351851852,0.0,0.0,2.0,0.0,0.0,0.0,0.0,0.0,0.0,0,4.0,3.0,7.0,12.0,2.0,1.0,1.5,1.0,0.0,0.017017017017017015,0.02106880220496181,70,0.3688611805068498,585,17,13.399999999999999,7,41,0.054878048780487805,0.04959349593495935,4002.6355013550137,103.0
A000750,0.0,0.0,0.0,0.0,0.0,0.0,0.0,0.0,0.0,0.0,0.0,0.0,0.0,0.0,0.0,0.0,0.0,0.0,0.0,0.0,35.313854166666665,0.0,0.0,0.0,0.0,0.0,0.0,0.0,0.0,0.0,1,0.0,0.0,0.0,0.0,0.0,0.0,0.0,0.0,0.0,0.0,4.269414257282076e-51,0,0.0,1,0,0.0,220,1,0.0,0.0,0.0,0.0
A000751,2.0,1690.0,845.0,2.0,1.0,1.0,1.0,2.0,0.0,0.0,0.0,0.0499157894736842,0.0,0.0,0.0,0.0,0.0,0.0,0.0,0.0,33.98663194444445,0.0,0.0,1.0,0.0,0.0,0.0,0.0,0.0,0.0,3,3.0,4.0,10.0,9.0,2.0,1.0,2.0,1.0,0.0,0.015015015015015015,0.026150248236508408,46,0.33287700496703165,585,15,12.299999999999999,0,68,0.02818627450980392,0.02622549019607843,2868.4758403361343,162.0
A000752,2.0,6500.0,3250.0,1.0,1.0,1.0,1.0,1.0,0.0,1.0,0.0,0.0,0.0,0.0,0.0,0.0,0.0,0.0,0.0,0.0,26.90224537037037,1.0,1.0,2.0,0.0,0.0,0.0,0.0,1.0,0.0,4,4.0,3.0,1.0,0.0,1.0,0.0,1.0,0.0,2.0,0.003003003003003003,0.0014692476671483133,3,1.0,585,3,3.0,3,57,0.023391812865497075,0.021929824561403508,3958.1345029239765,119.0
A000753,0.0,0.0,0.0,0.0,0.0,0.0,0.0,0.0,0.0,0.0,0.0,0.0,0.0,0.0,0.0,0.0,0.0,0.0,0.0,0.0,31.07208333333333,0.0,0.0,0.0,0.0,0.0,0.0,0.0,0.0,0.0,5,0.0,0.0,0.0,0.0,0.0,0.0,0.0,0.0,0.0,0.0,4.269414257282076e-51,0,0.0,1,0,0.0,221,1,0.0,0.0,0.0,0.0
A000754,2.0,2330.0,1165.0,2.0,1.0,1.0,1.0,2.0,0.0,0.0,0.0,0.0,0.0,0.0,0.0,0.0,0.0,0.0,0.0,0.0,49.078541666666666,0.0,0.0,2.0,0.0,0.0,0.0,0.0,0.0,0.0,2,8.0,14.0,20.0,19.0,8.0,7.0,7.0,6.0,1.0,0.044044044044044044,0.16806778891274043,307,0.26920980510701087,585,44,38.9,5,51,0.01633986928104575,0.014705882352941176,3327.3856209150326,115.0
A000755,2.0,19260.0,9630.0,1.0,1.0,1.0,1.0,2.0,0.0,0.0,0.0,0.0,0.0,0.0,0.0,0.0,0.0,0.0,0.0,0.0,35.02267361111111,0.0,0.0,2.0,0.0,0.0,0.0,0.0,0.0,0.0,6,1.0,0.0,4.0,3.0,4.0,3.0,3.0,2.0,0.0,0.008008008008008008,0.003004233462737275,8,0.24956800006223573,585,8,7.1,6,42,0.023809523809523808,0.023809523809523808,3971.0997732426304,78.0
A000756,1.0,4990.0,4990.0,1.0,1.0,1.0,1.0,1.0,0.0,0.0,0.0,0.0,0.0,0.0,0.0,0.0,0.0,0.0,0.0,0.0,46.57114583333333,0.0,0.0,1.0,0.0,0.0,0.0,0.0,0.0,0.0,3,3.0,2.0,10.0,9.0,2.0,1.0,3.0,2.0,0.0,0.014014014014014014,0.01594828015063819,40,0.32061843426432,585,14,11.299999999999999,0,68,0.02818627450980392,0.02622549019607843,2868.4758403361343,162.0
A000757,1.0,2940.0,2940.0,1.0,1.0,1.0,1.0,1.0,0.0,0.0,0.0,0.0,0.0,0.0,0.0,0.0,0.0,0.0,0.0,0.0,21.67673611111111,0.0,0.0,1.0,0.0,0.0,0.0,0.0,0.0,0.0,2,4.0,3.0,2.0,1.0,2.0,1.0,1.0,0.0,0.0,0.005005005005005005,0.0025598777081143717,3,0.3,585,5,4.7,9,39,0.0,0.0,3567.67094017094,77.0
A000758,0.0,0.0,0.0,0.0,0.0,0.0,0.0,0.0,0.0,0.0,0.0,0.0,0.0,0.0,0.0,0.0,0.0,0.0,0.0,0.0,44.8428125,0.0,0.0,0.0,0.0,0.0,0.0,0.0,0.0,0.0,4,0.0,0.0,0.0,0.0,0.0,0.0,0.0,0.0,0.0,0.0,4.269414257282076e-51,0,0.0,1,0,0.0,222,1,0.0,0.0,0.0,0.0
A000759,6.0,17660.0,2943.333333333333,1.0,2.0,1.0,2.0,5.0,0.0,1.0,0.0,0.0150442773600668,0.0,0.0,0.0,0.0,0.0,0.0,0.0,0.0,37.68146990740741,0.0,1.0,5.0,0.0,0.0,0.0,0.0,0.0,0.0,3,4.0,3.0,5.0,8.0,2.0,1.0,2.5,3.0,2.0,0.015015015015015015,0.0060706269134189975,19,0.1464407382671726,585,15,12.6,2,60,0.025,0.025,3793.313888888889,125.0
A000760,1.0,370.0,370.0,1.0,1.0,1.0,1.0,1.0,0.0,0.0,0.0,0.0,0.0,0.0,0.0,0.0,0.0,0.0,0.0,0.0,27.87039351851852,0.0,0.0,1.0,0.0,0.0,0.0,0.0,0.0,0.0,0,1.0,0.0,9.0,8.0,1.0,0.0,2.0,1.0,0.0,0.009009009009009009,0.0036759107288261176,28,0.546899264341959,585,9,6.6,6,42,0.023809523809523808,0.023809523809523808,3971.0997732426304,78.0
A000761,1.0,17880.0,17880.0,1.0,1.0,1.0,1.0,1.0,0.0,0.0,0.0,0.1036778523489933,0.0,0.0,0.0,0.0,0.0,0.0,0.0,0.0,39.75320601851852,0.0,0.0,1.0,0.0,0.0,0.0,0.0,0.0,0.0,1,3.0,2.0,8.0,7.0,6.0,5.0,2.0,1.0,0.0,0.015015015015015015,0.01704049486822425,34,0.26442524794632044,585,15,12.9,8,41,0.010975609756097562,0.00975609756097561,4760.349593495936,81.0
A000762,2.0,3990.0,1995.0,1.0,2.0,1.0,2.0,2.0,0.0,0.0,0.0,0.0,0.0,0.0,0.0,0.0,0.0,0.0,0.0,0.0,23.723055555555558,0.0,1.0,2.0,0.0,0.0,0.0,0.0,0.0,0.0,1,6.0,5.0,3.5,5.0,4.0,3.0,1.5,1.0,1.0,0.014014014014014014,0.006412691779218941,19,0.189010989010989,585,14,12.5,6,42,0.023809523809523808,0.023809523809523808,3971.0997732426304,78.0
A000763,0.0,0.0,0.0,0.0,0.0,0.0,0.0,0.0,0.0,0.0,0.0,0.0,0.0,0.0,0.0,0.0,0.0,0.0,0.0,0.0,26.18430555555556,0.0,0.0,0.0,0.0,0.0,0.0,0.0,0.0,0.0,2,0.0,0.0,0.0,0.0,0.0,0.0,0.0,0.0,0.0,0.0,4.269414257282076e-51,0,0.0,1,0,0.0,223,1,0.0,0.0,0.0,0.0
A000764,5.0,15010.0,3002.0,2.0,1.0,1.0,2.0,4.0,0.0,1.0,0.0,0.0269297789336801,0.0,0.0,0.0,0.0,0.0,0.0,0.0,0.0,43.17855324074074,1.0,1.0,4.0,0.0,0.0,0.0,0.0,1.0,0.0,4,3.5,5.0,10.0,9.0,5.0,4.0,4.0,6.0,0.0,0.024024024024024024,0.036786726357431916,59,0.1737394402954287,585,24,21.3,0,68,0.02818627450980392,0.02622549019607843,2868.4758403361343,162.0
A000765,6.0,16530.0,2755.0,2.0,2.0,1.0,2.0,5.0,0.0,1.0,0.0,0.0220109714905862,0.0,0.0,0.0,0.0,0.0,0.0,0.0,0.0,28.284189814814816,0.0,1.0,6.0,0.0,0.0,0.0,0.0,0.0,0.0,2,3.5,5.0,1.5,1.0,1.0,0.0,2.0,2.0,1.0,0.008008008008008008,0.01588801529206008,11,0.39285714285714285,585,8,7.7,1,68,0.014705882352941176,0.014705882352941176,4302.5082866479925,152.0
A000766,1.0,1900.0,1900.0,1.0,1.0,1.0,1.0,0.0,0.0,1.0,0.0,0.0685157894736842,0.0,0.0,0.0,0.0,0.0,0.0,0.0,0.0,43.56319444444444,0.0,1.0,1.0,0.0,0.0,0.0,0.0,0.0,0.0,0,4.0,3.0,6.0,5.0,8.0,7.0,3.0,2.0,0.0,0.017017017017017015,0.03567703809505482,36,0.24182282354222498,585,17,15.5,10,37,0.009009009009009009,0.009009009009009009,4372.995495495496,80.0
A000767,1.0,870.0,870.0,1.0,1.0,1.0,1.0,0.0,0.0,1.0,0.0,0.0811494252873563,0.0,0.0,0.0,0.0,0.0,0.0,0.0,0.0,24.10209490740741,0.0,0.0,1.0,0.0,0.0,0.0,0.0,0.0,0.0,1,5.0,4.0,3.0,2.0,1.0,0.0,3.0,2.0,1.0,0.008008008008008008,0.011709636004219223,10,0.3384217144101858,585,8,7.4,7,41,0.054878048780487805,0.04959349593495935,4002.6355013550137,103.0
A000768,6.0,29500.0,4916.666666666667,1.0,2.0,1.0,1.0,6.0,0.0,0.0,0.0,0.0,0.0,0.0,0.0,0.0,0.0,0.0,0.0,0.0,23.44379629629629,0.0,0.0,6.0,0.0,0.0,0.0,0.0,0.0,0.0,3,2.0,1.0,2.0,2.0,1.0,0.0,1.0,0.0,1.0,0.003003003003003003,0.00047556040251419193,1,0.2333333333333333,585,3,2.4,0,68,0.02818627450980392,0.02622549019607843,2868.4758403361343,162.0
A000769,0.0,0.0,0.0,0.0,0.0,0.0,0.0,0.0,0.0,0.0,0.0,0.0,0.0,0.0,0.0,0.0,0.0,0.0,0.0,0.0,47.21324074074074,0.0,0.0,0.0,0.0,0.0,0.0,0.0,0.0,0.0,2,0.0,0.0,0.0,0.0,0.0,0.0,0.0,0.0,0.0,0.0,4.269414257282076e-51,0,0.0,1,0,0.0,224,1,0.0,0.0,0.0,0.0
A000770,9.0,64840.0,7204.444444444444,2.0,2.0,1.0,1.0,8.0,0.0,1.0,0.0,0.0323017372691695,0.0,0.0,0.0,0.0,0.0,0.0,0.0,0.0,41.86342592592592,0.0,1.0,6.0,0.0,0.0,0.0,0.0,0.0,0.0,5,2.5,3.0,7.0,12.0,3.0,2.0,2.0,1.0,1.0,0.018018018018018018,0.0058921139543023264,32,0.15090440206738903,585,18,14.399999999999999,1,68,0.014705882352941176,0.014705882352941176,4302.5082866479925,152.0
A000771,0.0,0.0,0.0,0.0,0.0,0.0,0.0,0.0,0.0,0.0,0.0,0.0,0.0,0.0,0.0,0.0,0.0,0.0,0.0,0.0,48.04196759259259,0.0,0.0,0.0,0.0,0.0,0.0,0.0,0.0,0.0,1,0.0,0.0,0.0,0.0,0.0,0.0,0.0,0.0,0.0,0.0,4.269414257282076e-51,0,0.0,1,0,0.0,225,1,0.0,0.0,0.0,0.0
A000772,0.0,0.0,0.0,0.0,0.0,0.0,0.0,0.0,0.0,0.0,0.0,0.0,0.0,0.0,0.0,0.0,0.0,0.0,0.0,0.0,47.48217592592592,0.0,0.0,0.0,0.0,0.0,0.0,0.0,0.0,0.0,3,0.0,0.0,0.0,0.0,0.0,0.0,0.0,0.0,0.0,0.0,4.269414257282076e-51,0,0.0,1,0,0.0,226,1,0.0,0.0,0.0,0.0
A000773,1.0,1840.0,1840.0,1.0,1.0,1.0,1.0,1.0,0.0,0.0,0.0,0.0,0.0,0.0,0.0,0.0,0.0,0.0,0.0,0.0,37.34681712962963,0.0,1.0,1.0,0.0,0.0,0.0,0.0,0.0,0.0,4,6.0,5.0,5.0,4.0,2.0,1.0,2.0,1.0,2.0,0.011011011011011011,0.011070337128274934,16,0.2581818181818182,585,11,9.8,1,68,0.014705882352941176,0.014705882352941176,4302.5082866479925,152.0
A000774,2.0,20010.0,10005.0,1.0,2.0,1.0,1.0,2.0,0.0,0.0,0.0,0.0,0.0,0.0,0.0,0.0,0.0,0.0,0.0,0.0,40.19547453703704,0.0,0.0,2.0,0.0,0.0,0.0,0.0,0.0,0.0,3,7.0,6.0,4.0,6.0,2.0,1.0,4.0,3.0,1.0,0.016016016016016016,0.011215269149884822,26,0.198232533347855,585,16,14.2,1,68,0.014705882352941176,0.014705882352941176,4302.5082866479925,152.0
A000775,2.0,4150.0,2075.0,1.0,1.0,1.0,2.0,1.0,1.0,0.0,0.0,0.0,0.0,0.0,0.0,0.0,0.0,0.0,0.0,0.0,31.08452546296296,1.0,2.0,2.0,0.0,0.0,0.0,0.0,1.0,0.0,5,3.0,2.0,2.0,1.0,3.0,2.0,1.5,1.0,1.0,0.006006006006006006,0.0012421791884563414,2,0.13333333333333333,585,6,5.7,4,56,0.012499999999999999,0.011607142857142858,4977.3005952380945,128.0
A000776,1.0,9220.0,9220.0,1.0,1.0,1.0,1.0,0.0,0.0,1.0,0.0,0.0,0.0,0.0,0.0,0.0,0.0,0.0,0.0,0.0,49.235914351851854,0.0,1.0,1.0,0.0,0.0,0.0,0.0,0.0,0.0,2,6.0,5.0,15.0,14.0,7.0,6.0,1.0,0.0,0.0,0.023023023023023025,0.07090177268464862,119,0.37557508727796035,585,23,19.4,10,37,0.009009009009009009,0.009009009009009009,4372.995495495496,80.0
A000777,4.0,11510.0,2877.5,1.0,2.0,1.0,1.0,4.0,0.0,0.0,0.0,0.0151438547486033,0.0,0.0,0.0,0.0,0.0,0.0,0.0,0.0,45.74096064814815,0.0,0.0,2.0,0.0,0.0,0.0,0.0,0.0,0.0,2,4.0,3.0,7.5,13.0,5.0,4.0,5.0,4.0,0.0,0.024024024024024024,0.018231475437374946,60,0.17016007797027438,585,24,20.099999999999998,2,60,0.025,0.025,3793.313888888889,125.0
A000778,1.0,1210.0,1210.0,1.0,1.0,1.0,1.0,1.0,0.0,0.0,0.0,0.0,0.0,0.0,0.0,0.0,0.0,0.0,0.0,0.0,33.958391203703705,0.0,0.0,1.0,0.0,0.0,0.0,0.0,0.0,0.0,4,4.0,3.0,5.0,4.0,5.0,4.0,2.0,1.0,1.0,0.011011011011011011,0.006768592390991881,15,0.24482037361693768,585,11,10.1,9,39,0.0,0.0,3567.67094017094,77.0
A000779,3.0,23030.0,7676.666666666667,1.0,1.0,1.0,1.0,1.0,0.0,2.0,0.0,0.0255226824457593,0.0,0.0,0.0,0.0,0.0,0.0,0.0,0.0,34.37068287037037,1.0,1.0,3.0,0.0,0.0,0.0,0.0,1.0,0.0,2,2.0,1.0,5.0,4.0,2.0,1.0,2.0,1.0,0.0,0.007007007007007007,0.001891280216972491,6,0.19999999999999996,585,7,5.8,4,56,0.012499999999999999,0.011607142857142858,4977.3005952380945,128.0
A000780,1.0,3550.0,3550.0,1.0,1.0,1.0,1.0,1.0,0.0,0.0,0.0,0.1024507042253521,0.0,0.0,0.0,0.0,0.0,0.0,0.0,0.0,37.72174768518519,0.0,0.0,1.0,0.0,0.0,0.0,0.0,0.0,0.0,1,3.0,2.0,4.0,3.0,6.0,5.0,1.0,0.0,1.0,0.01001001001001001,0.011183612895207206,14,0.2911111111111111,585,10,9.1,1,68,0.014705882352941176,0.014705882352941176,4302.5082866479925,152.0
A000781,1.0,380.0,380.0,1.0,1.0,1.0,1.0,1.0,0.0,0.0,0.0,0.0,0.0,0.0,0.0,0.0,0.0,0.0,0.0,0.0,38.56003472222222,0.0,0.0,0.0,0.0,0.0,0.0,0.0,0.0,0.0,5,4.0,3.0,15.0,14.0,3.0,2.0,4.0,3.0,0.0,0.02002002002002002,0.03987060371796043,101,0.401126202449514,585,20,16.4,1,68,0.014705882352941176,0.014705882352941176,4302.5082866479925,152.0
A000782,0.0,0.0,0.0,0.0,0.0,0.0,0.0,0.0,0.0,0.0,0.0,0.0,0.0,0.0,0.0,0.0,0.0,0.0,0.0,0.0,40.50855324074074,0.0,0.0,0.0,0.0,0.0,0.0,0.0,0.0,0.0,3,0.0,0.0,0.0,0.0,0.0,0.0,0.0,0.0,0.0,0.0,4.269414257282076e-51,0,0.0,1,0,0.0,227,1,0.0,0.0,0.0,0.0
A000783,2.0,13460.0,6730.0,1.0,1.0,1.0,1.0,2.0,0.0,0.0,0.0,0.0,0.0,0.0,0.0,0.0,0.0,0.0,0.0,0.0,28.182453703703704,0.0,1.0,2.0,0.0,0.0,0.0,0.0,0.0,0.0,2,1.0,0.0,1.0,0.0,2.0,1.0,2.0,1.0,0.0,0.002002002002002002,0.0002371080537572437,0,0.0,585,2,2.0,8,41,0.010975609756097562,0.00975609756097561,4760.349593495936,81.0
A000784,0.0,0.0,0.0,0.0,0.0,0.0,0.0,0.0,0.0,0.0,0.0,0.0,0.0,0.0,0.0,0.0,0.0,0.0,0.0,0.0,29.283715277777777,0.0,0.0,0.0,0.0,0.0,0.0,0.0,0.0,0.0,1,0.0,0.0,0.0,0.0,0.0,0.0,0.0,0.0,0.0,0.0,4.269414257282076e-51,0,0.0,1,0,0.0,228,1,0.0,0.0,0.0,0.0
A000785,3.0,22770.0,7590.0,1.0,2.0,1.0,1.0,3.0,0.0,0.0,0.0,0.0425160610847814,0.0,0.0,0.0,0.0,0.0,0.0,0.0,0.0,36.524293981481485,0.0,0.0,1.0,0.0,0.0,0.0,0.0,0.0,0.0,2,1.0,0.0,3.5,5.0,9.0,8.0,2.0,1.0,0.0,0.014014014014014014,0.005889787945132018,33,0.3482187252938747,585,14,12.5,6,42,0.023809523809523808,0.023809523809523808,3971.0997732426304,78.0
A000786,0.0,0.0,0.0,0.0,0.0,0.0,0.0,0.0,0.0,0.0,0.0,0.0,0.0,0.0,0.0,0.0,0.0,0.0,0.0,0.0,31.86318287037037,0.0,0.0,0.0,0.0,0.0,0.0,0.0,0.0,0.0,1,0.0,0.0,0.0,0.0,0.0,0.0,0.0,0.0,0.0,0.0,4.269414257282076e-51,0,0.0,1,0,0.0,229,1,0.0,0.0,0.0,0.0
A000787,3.0,8890.0,2963.333333333333,2.0,1.0,1.0,1.0,3.0,0.0,0.0,0.0,0.0,0.0,0.0,0.0,0.0,0.0,0.0,0.0,0.0,43.957002314814815,0.0,0.0,1.0,0.0,0.0,0.0,0.0,0.0,0.0,1,2.5,3.0,5.0,4.0,5.0,4.0,4.0,3.0,0.0,0.014014014014014014,0.006982725749517324,18,0.17802197802197803,585,14,12.8,4,56,0.012499999999999999,0.011607142857142858,4977.3005952380945,128.0
A000788,1.0,3420.0,3420.0,1.0,1.0,1.0,1.0,1.0,0.0,0.0,0.0,0.0,0.0,0.0,0.0,0.0,0.0,0.0,0.0,0.0,27.96778935185185,0.0,1.0,1.0,0.0,0.0,0.0,0.0,0.0,0.0,3,9.0,8.0,3.0,2.0,3.0,2.0,1.0,0.0,1.0,0.012012012012012012,0.028714024684356135,31,0.4619450532774322,585,12,11.4,5,51,0.01633986928104575,0.014705882352941176,3327.3856209150326,115.0
A000789,1.0,380.0,380.0,1.0,1.0,1.0,1.0,0.0,1.0,0.0,0.0,0.0,0.0,0.0,0.0,0.0,0.0,0.0,0.0,0.0,47.5065162037037,0.0,0.0,1.0,0.0,0.0,0.0,0.0,0.0,0.0,4,6.0,5.0,13.0,12.0,5.0,4.0,16.0,15.0,1.0,0.036036036036036036,0.1466688666757256,210,0.29795487952395894,585,36,32.4,5,51,0.01633986928104575,0.014705882352941176,3327.3856209150326,115.0
A000790,4.0,13570.0,3392.5,1.0,2.0,1.0,2.0,4.0,0.0,0.0,0.0,0.0,0.0,0.0,0.0,0.0,0.0,0.0,0.0,0.0,48.72579861111111,0.0,1.0,3.0,0.0,0.0,0.0,0.0,0.0,0.0,5,10.0,9.0,11.0,20.0,7.0,6.0,3.5,5.0,3.0,0.037037037037037035,0.09561337375778746,179,0.22255744681786316,585,37,31.599999999999998,1,68,0.014705882352941176,0.014705882352941176,4302.5082866479925,152.0
A000791,1.0,1360.0,1360.0,1.0,1.0,1.0,1.0,1.0,0.0,0.0,0.0,0.0,0.0,0.0,0.0,0.0,0.0,0.0,0.0,0.0,26.129872685185184,0.0,1.0,1.0,0.0,0.0,0.0,0.0,0.0,0.0,1,2.0,1.0,5.0,4.0,1.0,0.0,2.0,1.0,0.0,0.006006006006006006,0.0009238910199461454,6,0.27999999999999997,585,6,4.8,3,57,0.023391812865497075,0.021929824561403508,3958.1345029239765,119.0
A000792,1.0,250.0,250.0,1.0,1.0,1.0,1.0,1.0,0.0,0.0,0.0,0.0,0.0,0.0,0.0,0.0,0.0,0.0,0.0,0.0,25.24253472222222,0.0,1.0,1.0,0.0,0.0,0.0,0.0,0.0,0.0,5,2.0,1.0,3.0,2.0,3.0,2.0,3.0,2.0,0.0,0.007007007007007007,0.004707791000346772,3,0.1285714285714286,585,7,6.4,6,42,0.023809523809523808,0.023809523809523808,3971.0997732426304,78.0
A000793,1.0,2460.0,2460.0,1.0,1.0,1.0,1.0,1.0,0.0,0.0,0.0,0.0,0.0,0.0,0.0,0.0,0.0,0.0,0.0,0.0,46.02087962962963,0.0,1.0,1.0,0.0,0.0,0.0,0.0,0.0,0.0,4,6.0,5.0,15.0,14.0,3.0,2.0,1.0,0.0,1.0,0.02102102102102102,0.04442141184752986,109,0.38820374122500156,585,21,16.8,1,68,0.014705882352941176,0.014705882352941176,4302.5082866479925,152.0
A000794,2.0,5280.0,2640.0,2.0,1.0,1.0,1.0,2.0,0.0,0.0,0.0,0.0,0.0,0.0,0.0,0.0,0.0,0.0,0.0,0.0,23.38141203703704,0.0,1.0,2.0,0.0,0.0,0.0,0.0,0.0,0.0,0,1.0,0.0,4.0,3.0,3.0,2.0,2.0,1.0,0.0,0.006006006006006006,0.0017393407206773663,4,0.20666666666666664,585,6,5.1,6,42,0.023809523809523808,0.023809523809523808,3971.0997732426304,78.0
A000795,2.0,2600.0,1300.0,1.0,1.0,1.0,2.0,2.0,0.0,0.0,0.0,0.0,0.0,0.0,0.0,0.0,0.0,0.0,0.0,0.0,38.60537037037037,0.0,0.0,2.0,0.0,0.0,0.0,0.0,0.0,0.0,7,4.0,3.0,3.0,2.0,5.0,4.0,3.5,5.0,1.0,0.014014014014014014,0.0075277977416483835,15,0.16030663738178683,585,14,13.4,1,68,0.014705882352941176,0.014705882352941176,4302.5082866479925,152.0
A000796,0.0,0.0,0.0,0.0,0.0,0.0,0.0,0.0,0.0,0.0,0.0,0.0,0.0,0.0,0.0,0.0,0.0,0.0,0.0,0.0,22.28439814814815,0.0,0.0,0.0,0.0,0.0,0.0,0.0,0.0,0.0,1,0.0,0.0,0.0,0.0,0.0,0.0,0.0,0.0,0.0,0.0,4.269414257282076e-51,0,0.0,1,0,0.0,230,1,0.0,0.0,0.0,0.0
A000797,2.0,7580.0,3790.0,1.0,1.0,1.0,1.0,1.0,1.0,0.0,0.0,0.0,0.0,0.0,0.0,0.0,0.0,0.0,0.0,0.0,24.687083333333334,0.0,0.0,2.0,0.0,0.0,0.0,0.0,0.0,0.0,1,1.0,0.0,1.0,0.0,1.0,0.0,1.0,0.0,0.0,0.0,4.269414257282076e-51,0,0.0,1,0,0.0,231,1,0.0,0.0,3790.0,2.0
A000798,2.0,5340.0,2670.0,1.0,1.0,1.0,2.0,2.0,0.0,0.0,0.0,0.0,0.0,0.0,0.0,0.0,0.0,0.0,0.0,0.0,36.27849537037037,0.0,0.0,1.0,0.0,0.0,0.0,0.0,0.0,0.0,4,1.0,0.0,8.0,7.0,1.0,0.0,3.5,5.0,0.0,0.012012012012012012,0.01587098420897198,27,0.3176533416504783,585,12,9.9,10,37,0.009009009009009009,0.009009009009009009,4372.995495495496,80.0
A000799,0.0,0.0,0.0,0.0,0.0,0.0,0.0,0.0,0.0,0.0,0.0,0.0,0.0,0.0,0.0,0.0,0.0,0.0,0.0,0.0,30.973854166666666,0.0,0.0,0.0,0.0,0.0,0.0,0.0,0.0,0.0,3,0.0,0.0,0.0,0.0,0.0,0.0,0.0,0.0,0.0,0.0,4.269414257282076e-51,0,0.0,1,0,0.0,232,1,0.0,0.0,0.0,0.0
A000800,4.0,24948.0,6237.0,1.0,1.0,1.0,1.0,4.0,0.0,0.0,0.0,0.0,3.0,96.0,3.0,19941.0,0.0,0.75,0.75,0.0,41.0,0.0,0.0,0.0,0.0,0.0,2.0,0.0,0.0,0.0,0,8.0,7.0,1.0,0.0,1.0,0.0,1.0,0.0,9.0,0.009009009009009009,4.685147367270809e-18,36,0.7700585311065484,12,9,7.6,13,12,0.4166666666666667,0.4166666666666667,5628.104166666667,44.0
A000801,4.0,24038.0,6009.5,1.0,1.0,1.0,1.0,4.0,0.0,0.0,0.0,0.0,3.0,80.0,3.0,19719.0,0.0,0.75,0.75,0.0,40.91666666666666,0.0,0.0,0.0,0.0,0.0,2.0,0.0,0.0,0.0,1,8.0,7.0,1.0,0.0,1.0,0.0,1.0,0.0,9.0,0.009009009009009009,4.685147367270809e-18,36,0.7700585311065484,12,9,7.6,13,12,0.4166666666666667,0.4166666666666667,5628.104166666667,44.0
A000802,4.0,27710.0,6927.5,1.0,1.0,1.0,1.0,4.0,0.0,0.0,0.0,0.0,2.0,84.0,2.0,13176.0,0.0,0.5,0.5,0.0,40.833333333333336,0.0,0.0,0.0,0.0,0.0,0.0,0.0,0.0,0.0,7,8.0,7.0,1.0,0.0,1.0,0.0,1.0,0.0,9.0,0.009009009009009009,4.685147367270809e-18,36,0.7700585311065484,12,9,7.6,13,12,0.4166666666666667,0.4166666666666667,5628.104166666667,44.0
A000803,4.0,26058.0,6514.5,1.0,1.0,1.0,1.0,4.0,0.0,0.0,0.0,0.0,2.0,84.0,2.0,13588.0,0.0,0.5,0.5,0.0,40.75,0.0,0.0,0.0,0.0,0.0,0.0,0.0,0.0,0.0,3,8.0,7.0,1.0,0.0,1.0,0.0,1.0,0.0,9.0,0.009009009009009009,4.685147367270809e-18,36,0.7700585311065484,12,9,7.6,13,12,0.4166666666666667,0.4166666666666667,5628.104166666667,44.0
A000804,4.0,26128.0,6532.0,1.0,1.0,1.0,1.0,4.0,0.0,0.0,0.0,0.0,2.0,72.0,2.0,13870.0,0.0,0.5,0.5,0.0,40.66666666666666,0.0,0.0,0.0,0.0,0.0,0.0,0.0,0.0,0.0,5,8.0,7.0,1.0,0.0,1.0,0.0,1.0,0.0,9.0,0.009009009009009009,4.685147367270809e-18,36,0.7700585311065484,12,9,7.6,13,12,0.4166666666666667,0.4166666666666667,5628.104166666667,44.0
A000805,4.0,28463.0,7115.75,1.0,1.0,1.0,1.0,4.0,0.0,0.0,0.0,0.0,3.0,104.0,3.0,21154.0,0.0,0.75,0.75,0.0,40.583333333333336,0.0,0.0,0.0,0.0,0.0,1.0,0.0,0.0,0.0,3,8.0,7.0,1.0,0.0,1.0,0.0,1.0,0.0,9.0,0.009009009009009009,4.685147367270809e-18,36,0.7700585311065484,12,9,7.6,13,12,0.4166666666666667,0.4166666666666667,5628.104166666667,44.0
A000806,4.0,29753.0,7438.25,1.0,1.0,1.0,1.0,4.0,0.0,0.0,0.0,0.0,3.0,80.0,3.0,22432.0,0.0,0.75,0.75,0.0,40.5,0.0,0.0,0.0,0.0,0.0,1.0,0.0,0.0,0.0,3,8.0,7.0,1.0,0.0,1.0,0.0,1.0,0.0,9.0,0.009009009009009009,4.685147367270809e-18,36,0.7700585311065484,12,9,7.6,13,12,0.4166666666666667,0.4166666666666667,5628.104166666667,44.0
A000807,4.0,28535.0,7133.75,1.0,1.0,1.0,1.0,4.0,0.0,0.0,0.0,0.0,2.0,96.0,2.0,14533.0,0.0,0.5,0.5,0.0,40.41666666666666,0.0,0.0,0.0,0.0,0.0,1.0,0.0,0.0,0.0,3,8.0,7.0,1.0,0.0,1.0,0.0,1.0,0.0,9.0,0.009009009009009009,4.685147367270809e-18,36,0.7700585311065484,12,9,7.6,13,12,0.4166666666666667,0.4166666666666667,5628.104166666667,44.0
A000808,3.0,2841.0,947.0,1.0,1.0,1.0,1.0,3.0,0.0,0.0,1.0,0.3137996662848125,3.0,40.0,3.0,2841.0,0.0,1.0,1.0,0.0,30.625,0.0,0.0,0.0,0.0,0.0,3.0,0.0,0.0,0.0,9,1.0,0.0,1.0,0.0,1.0,0.0,20.0,19.0,19.0,0.01901901901901902,0.00029339191372964327,171,1.0,20,19,19.0,12,20,0.575,0.575,1161.75,49.0
A000809,3.0,2387.0,795.6666666666666,1.0,1.0,1.0,1.0,3.0,0.0,0.0,1.0,0.3057507978887457,3.0,32.0,3.0,2387.0,0.0,1.0,1.0,0.0,30.61458333333333,0.0,0.0,0.0,0.0,0.0,3.0,0.0,0.0,0.0,10,1.0,0.0,1.0,0.0,1.0,0.0,20.0,19.0,19.0,0.01901901901901902,0.00029339191372964327,171,1.0,20,19,19.0,12,20,0.575,0.575,1161.75,49.0
A000810,2.0,2542.0,1271.0,1.0,1.0,1.0,1.0,2.0,0.0,0.0,1.0,0.2878835045675187,1.0,24.0,1.0,1313.0,0.0,0.5,0.5,0.0,30.604166666666668,0.0,0.0,0.0,0.0,0.0,1.0,0.0,0.0,0.0,11,1.0,0.0,1.0,0.0,1.0,0.0,20.0,19.0,19.0,0.01901901901901902,0.00029339191372964327,171,1.0,20,19,19.0,12,20,0.575,0.575,1161.75,49.0
A000811,2.0,3352.0,1676.0,1.0,1.0,1.0,1.0,2.0,0.0,0.0,1.0,0.2710736016732165,1.0,24.0,1.0,1844.0,0.0,0.5,0.5,0.0,30.59375,0.0,0.0,0.0,0.0,0.0,1.0,0.0,0.0,0.0,11,1.0,0.0,1.0,0.0,1.0,0.0,20.0,19.0,19.0,0.01901901901901902,0.00029339191372964327,171,1.0,20,19,19.0,12,20,0.575,0.575,1161.75,49.0
A000812,3.0,4021.0,1340.3333333333333,1.0,1.0,1.0,1.0,3.0,0.0,0.0,1.0,0.2867196361542677,2.0,36.0,2.0,2589.0,0.0,0.6666666666666666,0.6666666666666666,0.0,30.58333333333333,0.0,0.0,0.0,0.0,0.0,2.0,0.0,0.0,0.0,11,1.0,0.0,1.0,0.0,1.0,0.0,20.0,19.0,19.0,0.01901901901901902,0.00029339191372964327,171,1.0,20,19,19.0,12,20,0.575,0.575,1161.75,49.0
A000813,2.0,1400.0,700.0,1.0,1.0,1.0,1.0,2.0,0.0,0.0,1.0,0.3032227334135887,0.0,0.0,0.0,0.0,0.0,0.0,0.0,0.0,30.572916666666668,0.0,0.0,0.0,0.0,0.0,0.0,0.0,0.0,0.0,11,1.0,0.0,1.0,0.0,1.0,0.0,20.0,19.0,19.0,0.01901901901901902,0.00029339191372964327,171,1.0,20,19,19.0,12,20,0.575,0.575,1161.75,49.0
A000814,2.0,2815.0,1407.5,1.0,1.0,1.0,1.0,2.0,0.0,0.0,1.0,0.3045060740197827,2.0,24.0,2.0,2815.0,0.0,1.0,1.0,0.0,30.5625,0.0,0.0,0.0,0.0,0.0,2.0,0.0,0.0,0.0,11,1.0,0.0,1.0,0.0,1.0,0.0,20.0,19.0,19.0,0.01901901901901902,0.00029339191372964327,171,1.0,20,19,19.0,12,20,0.575,0.575,1161.75,49.0
A000815,2.0,1824.0,912.0,1.0,1.0,1.0,1.0,2.0,0.0,0.0,1.0,0.2816293161814489,1.0,48.0,1.0,980.0,0.0,0.5,0.5,0.0,30.55208333333333,0.0,0.0,0.0,0.0,0.0,1.0,0.0,0.0,0.0,11,1.0,0.0,1.0,0.0,1.0,0.0,20.0,19.0,19.0,0.01901901901901902,0.00029339191372964327,171,1.0,20,19,19.0,12,20,0.575,0.575,1161.75,49.0
A000816,3.0,2446.0,815.3333333333334,1.0,1.0,1.0,1.0,3.0,0.0,0.0,1.0,0.2972125146635683,0.0,0.0,0.0,0.0,0.0,0.0,0.0,0.0,30.541666666666668,0.0,0.0,0.0,0.0,0.0,0.0,0.0,0.0,0.0,11,1.0,0.0,1.0,0.0,1.0,0.0,20.0,19.0,19.0,0.01901901901901902,0.00029339191372964327,171,1.0,20,19,19.0,12,20,0.575,0.575,1161.75,49.0
A000817,2.0,1841.0,920.5,1.0,1.0,1.0,1.0,2.0,0.0,0.0,1.0,0.3115039867962265,1.0,48.0,1.0,1332.0,0.0,0.5,0.5,0.0,30.53125,0.0,0.0,0.0,0.0,0.0,1.0,0.0,0.0,0.0,10,1.0,0.0,1.0,0.0,1.0,0.0,20.0,19.0,19.0,0.01901901901901902,0.00029339191372964327,171,1.0,20,19,19.0,12,20,0.575,0.575,1161.75,49.0
A000818,3.0,3430.0,1143.3333333333333,1.0,1.0,1.0,1.0,3.0,0.0,0.0,1.0,0.3103207482087475,1.0,24.0,1.0,934.0,0.0,0.3333333333333333,0.3333333333333333,0.0,30.52083333333333,0.0,0.0,0.0,0.0,0.0,1.0,0.0,0.0,0.0,10,1.0,0.0,1.0,0.0,1.0,0.0,20.0,19.0,19.0,0.01901901901901902,0.00029339191372964327,171,1.0,20,19,19.0,12,20,0.575,0.575,1161.75,49.0
A000819,3.0,3338.0,1112.6666666666667,1.0,1.0,1.0,1.0,3.0,0.0,0.0,1.0,0.3253821486851617,2.0,24.0,2.0,2484.0,0.0,0.6666666666666666,0.6666666666666666,0.0,30.510416666666668,0.0,0.0,0.0,0.0,0.0,2.0,0.0,0.0,0.0,11,1.0,0.0,1.0,0.0,1.0,0.0,20.0,19.0,19.0,0.01901901901901902,0.00029339191372964327,171,1.0,20,19,19.0,12,20,0.575,0.575,1161.75,49.0
A000820,3.0,4063.0,1354.3333333333333,1.0,1.0,1.0,1.0,3.0,0.0,0.0,1.0,0.2678699655191152,3.0,32.0,3.0,4063.0,0.0,1.0,1.0,0.0,30.5,0.0,0.0,0.0,0.0,0.0,3.0,0.0,0.0,0.0,11,1.0,0.0,1.0,0.0,1.0,0.0,20.0,19.0,19.0,0.01901901901901902,0.00029339191372964327,171,1.0,20,19,19.0,12,20,0.575,0.575,1161.75,49.0
A000821,2.0,1087.0,543.5,1.0,1.0,1.0,1.0,2.0,0.0,0.0,1.0,0.3224254426207225,2.0,36.0,2.0,1087.0,0.0,1.0,1.0,0.0,30.48958333333333,0.0,0.0,0.0,0.0,0.0,2.0,0.0,0.0,0.0,10,1.0,0.0,1.0,0.0,1.0,0.0,20.0,19.0,19.0,0.01901901901901902,0.00029339191372964327,171,1.0,20,19,19.0,12,20,0.575,0.575,1161.75,49.0
A000822,3.0,3586.0,1195.3333333333333,1.0,1.0,1.0,1.0,3.0,0.0,0.0,1.0,0.3092127438664047,3.0,40.0,3.0,3586.0,0.0,1.0,1.0,0.0,30.479166666666668,0.0,0.0,0.0,0.0,0.0,3.0,0.0,0.0,0.0,10,1.0,0.0,1.0,0.0,1.0,0.0,20.0,19.0,19.0,0.01901901901901902,0.00029339191372964327,171,1.0,20,19,19.0,12,20,0.575,0.575,1161.75,49.0
A000823,3.0,4854.0,1618.0,1.0,1.0,1.0,1.0,3.0,0.0,0.0,1.0,0.3149440235109031,1.0,48.0,1.0,1923.0,0.0,0.3333333333333333,0.3333333333333333,0.0,30.46875,0.0,0.0,0.0,0.0,0.0,1.0,0.0,0.0,0.0,10,1.0,0.0,1.0,0.0,1.0,0.0,20.0,19.0,19.0,0.01901901901901902,0.00029339191372964327,171,1.0,20,19,19.0,12,20,0.575,0.575,1161.75,49.0
A000824,2.0,2480.0,1240.0,1.0,1.0,1.0,1.0,2.0,0.0,0.0,1.0,0.2894909495459739,0.0,0.0,0.0,0.0,0.0,0.0,0.0,0.0,30.45833333333333,0.0,0.0,0.0,0.0,0.0,0.0,0.0,0.0,0.0,9,1.0,0.0,1.0,0.0,1.0,0.0,20.0,19.0,19.0,0.01901901901901902,0.00029339191372964327,171,1.0,20,19,19.0,12,20,0.575,0.575,1161.75,49.0
A000825,2.0,2651.0,1325.5,1.0,1.0,1.0,1.0,2.0,0.0,0.0,1.0,0.2923517028842134,1.0,48.0,1.0,1897.0,0.0,0.5,0.5,0.0,30.447916666666668,0.0,0.0,0.0,0.0,0.0,1.0,0.0,0.0,0.0,9,1.0,0.0,1.0,0.0,1.0,0.0,20.0,19.0,19.0,0.01901901901901902,0.00029339191372964327,171,1.0,20,19,19.0,12,20,0.575,0.575,1161.75,49.0
A000826,2.0,2634.0,1317.0,1.0,1.0,1.0,1.0,2.0,0.0,0.0,1.0,0.3032793765956759,1.0,48.0,1.0,1358.0,0.0,0.5,0.5,0.0,30.4375,0.0,0.0,0.0,0.0,0.0,1.0,0.0,0.0,0.0,8,1.0,0.0,1.0,0.0,1.0,0.0,20.0,19.0,19.0,0.01901901901901902,0.00029339191372964327,171,1.0,20,19,19.0,12,20,0.575,0.575,1161.75,49.0
A000827,2.0,3200.0,1600.0,1.0,1.0,1.0,1.0,2.0,0.0,0.0,1.0,0.3268432032488121,1.0,48.0,1.0,1607.0,0.0,0.5,0.5,0.0,30.42708333333333,0.0,0.0,0.0,0.0,0.0,1.0,0.0,0.0,0.0,6,1.0,0.0,1.0,0.0,1.0,0.0,20.0,19.0,19.0,0.01901901901901902,0.00029339191372964327,171,1.0,20,19,19.0,12,20,0.575,0.575,1161.75,49.0
A000828,2.0,11495.0,5747.5,1.0,1.0,1.0,1.0,2.0,0.0,0.0,0.0,0.0,0.0,0.0,0.0,0.0,2.0,0.0,0.0,1.0,19.0,0.0,0.0,2.0,0.0,0.0,0.0,0.0,0.0,0.0,0,1.0,0.0,6.0,5.0,6.0,5.0,1.0,0.0,0.0,0.005005005005005005,4.4036552290339257e-23,10,1.0,6,5,5.0,14,6,0.0,0.0,5060.583333333333,12.0
A000829,2.0,11239.0,5619.5,1.0,1.0,1.0,1.0,2.0,0.0,0.0,0.0,0.0,0.0,0.0,0.0,0.0,2.0,0.0,0.0,1.0,18.83333333333333,0.0,0.0,2.0,0.0,0.0,0.0,0.0,0.0,0.0,0,1.0,0.0,6.0,5.0,6.0,5.0,1.0,0.0,0.0,0.005005005005005005,4.4036552290339257e-23,10,1.0,6,5,5.0,14,6,0.0,0.0,5060.583333333333,12.0
A000830,2.0,12817.0,6408.5,1.0,1.0,1.0,1.0,2.0,0.0,0.0,0.0,0.0,0.0,0.0,0.0,0.0,2.0,0.0,0.0,1.0,18.666666666666668,0.0,0.0,2.0,0.0,0.0,0.0,0.0,0.0,0.0,0,1.0,0.0,6.0,5.0,6.0,5.0,1.0,0.0,0.0,0.005005005005005005,4.4036552290339257e-23,10,1.0,6,5,5.0,14,6,0.0,0.0,5060.583333333333,12.0
A000831,2.0,10001.0,5000.5,1.0,1.0,1.0,1.0,2.0,0.0,0.0,0.0,0.0,0.0,0.0,0.0,0.0,2.0,0.0,0.0,1.0,18.5,0.0,0.0,2.0,0.0,0.0,0.0,0.0,0.0,0.0,0,1.0,0.0,6.0,5.0,6.0,5.0,1.0,0.0,0.0,0.005005005005005005,4.4036552290339257e-23,10,1.0,6,5,5.0,14,6,0.0,0.0,5060.583333333333,12.0
A000832,2.0,7866.0,3933.0,1.0,1.0,1.0,1.0,2.0,0.0,0.0,0.0,0.0,0.0,0.0,0.0,0.0,2.0,0.0,0.0,1.0,18.33333333333333,0.0,0.0,2.0,0.0,0.0,0.0,0.0,0.0,0.0,0,1.0,0.0,6.0,5.0,6.0,5.0,1.0,0.0,0.0,0.005005005005005005,4.4036552290339257e-23,10,1.0,6,5,5.0,14,6,0.0,0.0,5060.583333333333,12.0
A000833,2.0,7309.0,3654.5,1.0,1.0,1.0,1.0,2.0,0.0,0.0,0.0,0.0,0.0,0.0,0.0,0.0,2.0,0.0,0.0,1.0,18.166666666666668,0.0,0.0,2.0,0.0,0.0,0.0,0.0,0.0,0.0,0,1.0,0.0,6.0,5.0,6.0,5.0,1.0,0.0,0.0,0.005005005005005005,4.4036552290339257e-23,10,1.0,6,5,5.0,14,6,0.0,0.0,5060.583333333333,12.0
A000834,3.0,7930.0,2643.333333333333,1.0,1.0,1.0,1.0,3.0,0.0,0.0,0.3333333333333333,0.2359007053608621,1.0,72.0,1.0,1571.0,0.0,0.3333333333333333,0.3333333333333333,0.0,10.0,0.0,1.0,3.0,0.0,1.0,1.0,0.3333333333333333,0.0,0.0,0,1.0,0.0,1.0,0.0,1.0,0.0,1.0,0.0,0.0,0.004004004004004004,6.609650255755719e-42,6,0.19999999999999998,5,4,0.8,15,5,0.4666666666666666,0.4666666666666666,3032.8,15.0
A000835,3.0,7482.0,2494.0,1.0,1.0,1.0,1.0,3.0,0.0,0.0,0.3333333333333333,0.2748296592501084,1.0,48.0,1.0,3594.0,0.0,0.3333333333333333,0.3333333333333333,0.0,9.75,0.0,1.0,3.0,0.0,1.0,1.0,0.3333333333333333,0.0,0.0,0,1.0,0.0,1.0,0.0,1.0,0.0,1.0,0.0,0.0,0.004004004004004004,6.609650255755719e-42,6,0.19999999999999998,5,4,0.8,15,5,0.4666666666666666,0.4666666666666666,3032.8,15.0
A000836,3.0,9865.0,3288.333333333333,1.0,1.0,1.0,1.0,3.0,0.0,0.0,0.3333333333333333,0.2499566803760118,2.0,48.0,2.0,6117.0,0.0,0.6666666666666666,0.6666666666666666,0.0,9.5,0.0,1.0,3.0,0.0,2.0,2.0,0.6666666666666666,0.0,0.0,0,1.0,0.0,1.0,0.0,1.0,0.0,1.0,0.0,0.0,0.004004004004004004,6.609650255755719e-42,6,0.19999999999999998,5,4,0.8,15,5,0.4666666666666666,0.4666666666666666,3032.8,15.0
A000837,3.0,9354.0,3118.0,1.0,1.0,1.0,1.0,3.0,0.0,0.0,0.3333333333333333,0.2399465689591098,1.0,48.0,1.0,3025.0,0.0,0.3333333333333333,0.3333333333333333,0.0,9.25,0.0,1.0,3.0,0.0,1.0,1.0,0.3333333333333333,0.0,0.0,0,1.0,0.0,1.0,0.0,1.0,0.0,1.0,0.0,0.0,0.004004004004004004,6.609650255755719e-42,6,0.19999999999999998,5,4,0.8,15,5,0.4666666666666666,0.4666666666666666,3032.8,15.0
A000838,3.0,10861.0,3620.3333333333335,1.0,1.0,1.0,1.0,3.0,0.0,0.0,0.3333333333333333,0.2510738139864755,2.0,60.0,2.0,7664.0,0.0,0.6666666666666666,0.6666666666666666,0.0,9.0,0.0,2.0,3.0,0.0,2.0,2.0,0.6666666666666666,0.0,0.0,0,1.0,0.0,1.0,0.0,1.0,0.0,1.0,0.0,0.0,0.004004004004004004,6.609650255755719e-42,6,0.19999999999999998,5,4,0.8,15,5,0.4666666666666666,0.4666666666666666,3032.8,15.0
A000839,3.0,7705.0,2568.333333333333,1.0,1.0,1.0,1.0,3.0,0.0,0.0,0.0,0.2567212872978491,1.0,48.0,1.0,2443.0,0.0,0.3333333333333333,0.3333333333333333,0.0,8.75,0.0,2.0,3.0,0.0,1.0,1.0,0.3333333333333333,0.0,0.0,0,1.0,0.0,1.0,0.0,1.0,0.0,1.0,0.0,0.0,0.0,4.269414257282076e-51,0,0.0,1,0,0.0,233,1,0.3333333333333333,0.3333333333333333,2568.333333333333,3.0
A000840,3.0,8230.0,2743.333333333333,1.0,1.0,1.0,1.0,3.0,0.0,0.0,0.0,0.254818918181347,1.0,72.0,1.0,3618.0,0.0,0.3333333333333333,0.3333333333333333,0.0,8.5,0.0,2.0,3.0,0.0,1.0,1.0,0.3333333333333333,0.0,0.0,0,1.0,0.0,1.0,0.0,1.0,0.0,1.0,0.0,0.0,0.0,4.269414257282076e-51,0,0.0,1,0,0.0,234,1,0.3333333333333333,0.3333333333333333,2743.333333333333,3.0
A000841,3.0,10645.0,3548.333333333333,1.0,1.0,1.0,1.0,3.0,0.0,0.0,0.0,0.2380484070077968,2.0,72.0,2.0,7892.0,0.0,0.6666666666666666,0.6666666666666666,0.0,8.25,0.0,2.0,3.0,1.0,2.0,2.0,0.6666666666666666,0.0,1.0,0,1.0,0.0,1.0,0.0,1.0,0.0,1.0,0.0,0.0,0.0,4.269414257282076e-51,0,0.0,1,0,0.0,235,1,0.6666666666666666,0.6666666666666666,3548.333333333333,3.0
A000842,3.0,9940.0,3313.333333333333,1.0,1.0,1.0,1.0,3.0,0.0,0.0,0.0,0.2683180392132022,2.0,72.0,2.0,6528.0,0.0,0.6666666666666666,0.6666666666666666,0.0,8.0,0.0,3.0,3.0,1.0,2.0,2.0,0.6666666666666666,0.0,1.0,0,1.0,0.0,1.0,0.0,1.0,0.0,1.0,0.0,0.0,0.0,4.269414257282076e-51,0,0.0,1,0,0.0,236,1,0.6666666666666666,0.6666666666666666,3313.333333333333,3.0
A000843,3.0,9821.0,3273.6666666666665,1.0,1.0,1.0,1.0,3.0,0.0,0.0,0.0,0.2533706395292213,1.0,48.0,1.0,2996.0,0.0,0.3333333333333333,0.3333333333333333,0.0,7.75,0.0,3.0,3.0,1.0,1.0,1.0,0.3333333333333333,0.0,1.0,0,1.0,0.0,1.0,0.0,1.0,0.0,1.0,0.0,0.0,0.0,4.269414257282076e-51,0,0.0,1,0,0.0,237,1,0.3333333333333333,0.3333333333333333,3273.6666666666665,3.0
A000844,0.0,0.0,0.0,0.0,0.0,0.0,0.0,0.0,0.0,0.0,0.0,0.0,0.0,0.0,0.0,0.0,0.0,0.0,0.0,0.0,23.17668981481481,0.0,0.0,0.0,0.0,0.0,0.0,0.0,0.0,0.0,4,0.0,0.0,0.0,0.0,0.0,0.0,0.0,0.0,0.0,0.0,4.269414257282076e-51,0,0.0,1,0,0.0,238,1,0.0,0.0,0.0,0.0
A000845,0.0,0.0,0.0,0.0,0.0,0.0,0.0,0.0,0.0,0.0,0.0,0.0,0.0,0.0,0.0,0.0,0.0,0.0,0.0,0.0,45.06010416666667,0.0,0.0,0.0,0.0,0.0,0.0,0.0,0.0,0.0,2,0.0,0.0,0.0,0.0,0.0,0.0,0.0,0.0,0.0,0.0,4.269414257282076e-51,0,0.0,1,0,0.0,239,1,0.0,0.0,0.0,0.0
A000846,0.0,0.0,0.0,0.0,0.0,0.0,0.0,0.0,0.0,0.0,0.0,0.0,0.0,0.0,0.0,0.0,0.0,0.0,0.0,0.0,34.60560185185185,0.0,0.0,0.0,0.0,0.0,0.0,0.0,0.0,0.0,6,0.0,0.0,0.0,0.0,0.0,0.0,0.0,0.0,0.0,0.0,4.269414257282076e-51,0,0.0,1,0,0.0,240,1,0.0,0.0,0.0,0.0
A000847,0.0,0.0,0.0,0.0,0.0,0.0,0.0,0.0,0.0,0.0,0.0,0.0,0.0,0.0,0.0,0.0,0.0,0.0,0.0,0.0,35.683506944444446,0.0,0.0,0.0,0.0,0.0,0.0,0.0,0.0,0.0,4,0.0,0.0,0.0,0.0,0.0,0.0,0.0,0.0,0.0,0.0,4.269414257282076e-51,0,0.0,1,0,0.0,241,1,0.0,0.0,0.0,0.0
A000848,0.0,0.0,0.0,0.0,0.0,0.0,0.0,0.0,0.0,0.0,0.0,0.0,0.0,0.0,0.0,0.0,0.0,0.0,0.0,0.0,26.646527777777777,0.0,0.0,0.0,0.0,0.0,0.0,0.0,0.0,0.0,3,0.0,0.0,0.0,0.0,0.0,0.0,0.0,0.0,0.0,0.0,4.269414257282076e-51,0,0.0,1,0,0.0,242,1,0.0,0.0,0.0,0.0
A000849,0.0,0.0,0.0,0.0,0.0,0.0,0.0,0.0,0.0,0.0,0.0,0.0,0.0,0.0,0.0,0.0,0.0,0.0,0.0,0.0,38.47177083333333,0.0,0.0,0.0,0.0,0.0,0.0,0.0,0.0,0.0,1,0.0,0.0,0.0,0.0,0.0,0.0,0.0,0.0,0.0,0.0,4.269414257282076e-51,0,0.0,1,0,0.0,243,1,0.0,0.0,0.0,0.0
A000850,0.0,0.0,0.0,0.0,0.0,0.0,0.0,0.0,0.0,0.0,0.0,0.0,0.0,0.0,0.0,0.0,0.0,0.0,0.0,0.0,31.016863425925926,0.0,0.0,0.0,0.0,0.0,0.0,0.0,0.0,0.0,2,0.0,0.0,0.0,0.0,0.0,0.0,0.0,0.0,0.0,0.0,4.269414257282076e-51,0,0.0,1,0,0.0,244,1,0.0,0.0,0.0,0.0
A000851,0.0,0.0,0.0,0.0,0.0,0.0,0.0,0.0,0.0,0.0,0.0,0.0,0.0,0.0,0.0,0.0,0.0,0.0,0.0,0.0,40.68851851851852,0.0,0.0,0.0,0.0,0.0,0.0,0.0,0.0,0.0,4,0.0,0.0,0.0,0.0,0.0,0.0,0.0,0.0,0.0,0.0,4.269414257282076e-51,0,0.0,1,0,0.0,245,1,0.0,0.0,0.0,0.0
A000852,0.0,0.0,0.0,0.0,0.0,0.0,0.0,0.0,0.0,0.0,0.0,0.0,0.0,0.0,0.0,0.0,0.0,0.0,0.0,0.0,26.842743055555555,0.0,0.0,0.0,0.0,0.0,0.0,0.0,0.0,0.0,3,0.0,0.0,0.0,0.0,0.0,0.0,0.0,0.0,0.0,0.0,4.269414257282076e-51,0,0.0,1,0,0.0,246,1,0.0,0.0,0.0,0.0
A000853,0.0,0.0,0.0,0.0,0.0,0.0,0.0,0.0,0.0,0.0,0.0,0.0,0.0,0.0,0.0,0.0,0.0,0.0,0.0,0.0,24.881805555555555,0.0,0.0,0.0,0.0,0.0,0.0,0.0,0.0,0.0,2,0.0,0.0,0.0,0.0,0.0,0.0,0.0,0.0,0.0,0.0,4.269414257282076e-51,0,0.0,1,0,0.0,247,1,0.0,0.0,0.0,0.0
A000854,0.0,0.0,0.0,0.0,0.0,0.0,0.0,0.0,0.0,0.0,0.0,0.0,0.0,0.0,0.0,0.0,0.0,0.0,0.0,0.0,30.665277777777774,0.0,0.0,0.0,0.0,0.0,0.0,0.0,0.0,0.0,3,0.0,0.0,0.0,0.0,0.0,0.0,0.0,0.0,0.0,0.0,4.269414257282076e-51,0,0.0,1,0,0.0,248,1,0.0,0.0,0.0,0.0
A000855,0.0,0.0,0.0,0.0,0.0,0.0,0.0,0.0,0.0,0.0,0.0,0.0,0.0,0.0,0.0,0.0,0.0,0.0,0.0,0.0,38.14858796296296,0.0,0.0,0.0,0.0,0.0,0.0,0.0,0.0,0.0,5,0.0,0.0,0.0,0.0,0.0,0.0,0.0,0.0,0.0,0.0,4.269414257282076e-51,0,0.0,1,0,0.0,249,1,0.0,0.0,0.0,0.0
A000856,0.0,0.0,0.0,0.0,0.0,0.0,0.0,0.0,0.0,0.0,0.0,0.0,0.0,0.0,0.0,0.0,0.0,0.0,0.0,0.0,39.00763888888889,0.0,0.0,0.0,0.0,0.0,0.0,0.0,0.0,0.0,3,0.0,0.0,0.0,0.0,0.0,0.0,0.0,0.0,0.0,0.0,4.269414257282076e-51,0,0.0,1,0,0.0,250,1,0.0,0.0,0.0,0.0
A000857,0.0,0.0,0.0,0.0,0.0,0.0,0.0,0.0,0.0,0.0,0.0,0.0,0.0,0.0,0.0,0.0,0.0,0.0,0.0,0.0,23.12368055555556,0.0,0.0,0.0,0.0,0.0,0.0,0.0,0.0,0.0,4,0.0,0.0,0.0,0.0,0.0,0.0,0.0,0.0,0.0,0.0,4.269414257282076e-51,0,0.0,1,0,0.0,251,1,0.0,0.0,0.0,0.0
A000858,0.0,0.0,0.0,0.0,0.0,0.0,0.0,0.0,0.0,0.0,0.0,0.0,0.0,0.0,0.0,0.0,0.0,0.0,0.0,0.0,27.5846875,0.0,0.0,0.0,0.0,0.0,0.0,0.0,0.0,0.0,4,0.0,0.0,0.0,0.0,0.0,0.0,0.0,0.0,0.0,0.0,4.269414257282076e-51,0,0.0,1,0,0.0,252,1,0.0,0.0,0.0,0.0
A000859,0.0,0.0,0.0,0.0,0.0,0.0,0.0,0.0,0.0,0.0,0.0,0.0,0.0,0.0,0.0,0.0,0.0,0.0,0.0,0.0,40.451388888888886,0.0,0.0,0.0,0.0,0.0,0.0,0.0,0.0,0.0,3,0.0,0.0,0.0,0.0,0.0,0.0,0.0,0.0,0.0,0.0,4.269414257282076e-51,0,0.0,1,0,0.0,253,1,0.0,0.0,0.0,0.0
A000860,0.0,0.0,0.0,0.0,0.0,0.0,0.0,0.0,0.0,0.0,0.0,0.0,0.0,0.0,0.0,0.0,0.0,0.0,0.0,0.0,38.8729050925926,0.0,0.0,0.0,0.0,0.0,0.0,0.0,0.0,0.0,4,0.0,0.0,0.0,0.0,0.0,0.0,0.0,0.0,0.0,0.0,4.269414257282076e-51,0,0.0,1,0,0.0,254,1,0.0,0.0,0.0,0.0
A000861,0.0,0.0,0.0,0.0,0.0,0.0,0.0,0.0,0.0,0.0,0.0,0.0,0.0,0.0,0.0,0.0,0.0,0.0,0.0,0.0,36.6072800925926,0.0,0.0,0.0,0.0,0.0,0.0,0.0,0.0,0.0,4,0.0,0.0,0.0,0.0,0.0,0.0,0.0,0.0,0.0,0.0,4.269414257282076e-51,0,0.0,1,0,0.0,255,1,0.0,0.0,0.0,0.0
A000862,0.0,0.0,0.0,0.0,0.0,0.0,0.0,0.0,0.0,0.0,0.0,0.0,0.0,0.0,0.0,0.0,0.0,0.0,0.0,0.0,39.27527777777778,0.0,0.0,0.0,0.0,0.0,0.0,0.0,0.0,0.0,4,0.0,0.0,0.0,0.0,0.0,0.0,0.0,0.0,0.0,0.0,4.269414257282076e-51,0,0.0,1,0,0.0,256,1,0.0,0.0,0.0,0.0
A000863,0.0,0.0,0.0,0.0,0.0,0.0,0.0,0.0,0.0,0.0,0.0,0.0,0.0,0.0,0.0,0.0,0.0,0.0,0.0,0.0,40.69924768518519,0.0,0.0,0.0,0.0,0.0,0.0,0.0,0.0,0.0,5,0.0,0.0,0.0,0.0,0.0,0.0,0.0,0.0,0.0,0.0,4.269414257282076e-51,0,0.0,1,0,0.0,257,1,0.0,0.0,0.0,0.0
A000864,0.0,0.0,0.0,0.0,0.0,0.0,0.0,0.0,0.0,0.0,0.0,0.0,0.0,0.0,0.0,0.0,0.0,0.0,0.0,0.0,34.567824074074075,0.0,0.0,0.0,0.0,0.0,0.0,0.0,0.0,0.0,7,0.0,0.0,0.0,0.0,0.0,0.0,0.0,0.0,0.0,0.0,4.269414257282076e-51,0,0.0,1,0,0.0,258,1,0.0,0.0,0.0,0.0
A000865,0.0,0.0,0.0,0.0,0.0,0.0,0.0,0.0,0.0,0.0,0.0,0.0,0.0,0.0,0.0,0.0,0.0,0.0,0.0,0.0,47.255451388888886,0.0,0.0,0.0,0.0,0.0,0.0,0.0,0.0,0.0,2,0.0,0.0,0.0,0.0,0.0,0.0,0.0,0.0,0.0,0.0,4.269414257282076e-51,0,0.0,1,0,0.0,259,1,0.0,0.0,0.0,0.0
A000866,0.0,0.0,0.0,0.0,0.0,0.0,0.0,0.0,0.0,0.0,0.0,0.0,0.0,0.0,0.0,0.0,0.0,0.0,0.0,0.0,21.9140625,0.0,0.0,0.0,0.0,0.0,0.0,0.0,0.0,0.0,3,0.0,0.0,0.0,0.0,0.0,0.0,0.0,0.0,0.0,0.0,4.269414257282076e-51,0,0.0,1,0,0.0,260,1,0.0,0.0,0.0,0.0
A000867,0.0,0.0,0.0,0.0,0.0,0.0,0.0,0.0,0.0,0.0,0.0,0.0,0.0,0.0,0.0,0.0,0.0,0.0,0.0,0.0,38.71619212962963,0.0,0.0,0.0,0.0,0.0,0.0,0.0,0.0,0.0,3,0.0,0.0,0.0,0.0,0.0,0.0,0.0,0.0,0.0,0.0,4.269414257282076e-51,0,0.0,1,0,0.0,261,1,0.0,0.0,0.0,0.0
A000868,0.0,0.0,0.0,0.0,0.0,0.0,0.0,0.0,0.0,0.0,0.0,0.0,0.0,0.0,0.0,0.0,0.0,0.0,0.0,0.0,28.01297453703704,0.0,0.0,0.0,0.0,0.0,0.0,0.0,0.0,0.0,2,0.0,0.0,0.0,0.0,0.0,0.0,0.0,0.0,0.0,0.0,4.269414257282076e-51,0,0.0,1,0,0.0,262,1,0.0,0.0,0.0,0.0
A000869,0.0,0.0,0.0,0.0,0.0,0.0,0.0,0.0,0.0,0.0,0.0,0.0,0.0,0.0,0.0,0.0,0.0,0.0,0.0,0.0,28.08935185185185,0.0,0.0,0.0,0.0,0.0,0.0,0.0,0.0,0.0,0,0.0,0.0,0.0,0.0,0.0,0.0,0.0,0.0,0.0,0.0,4.269414257282076e-51,0,0.0,1,0,0.0,263,1,0.0,0.0,0.0,0.0
A000870,0.0,0.0,0.0,0.0,0.0,0.0,0.0,0.0,0.0,0.0,0.0,0.0,0.0,0.0,0.0,0.0,0.0,0.0,0.0,0.0,21.85087962962963,0.0,0.0,0.0,0.0,0.0,0.0,0.0,0.0,0.0,4,0.0,0.0,0.0,0.0,0.0,0.0,0.0,0.0,0.0,0.0,4.269414257282076e-51,0,0.0,1,0,0.0,264,1,0.0,0.0,0.0,0.0
A000871,0.0,0.0,0.0,0.0,0.0,0.0,0.0,0.0,0.0,0.0,0.0,0.0,0.0,0.0,0.0,0.0,0.0,0.0,0.0,0.0,23.10234953703704,0.0,0.0,0.0,0.0,0.0,0.0,0.0,0.0,0.0,3,0.0,0.0,0.0,0.0,0.0,0.0,0.0,0.0,0.0,0.0,4.269414257282076e-51,0,0.0,1,0,0.0,265,1,0.0,0.0,0.0,0.0
A000872,0.0,0.0,0.0,0.0,0.0,0.0,0.0,0.0,0.0,0.0,0.0,0.0,0.0,0.0,0.0,0.0,0.0,0.0,0.0,0.0,21.22225694444445,0.0,0.0,0.0,0.0,0.0,0.0,0.0,0.0,0.0,3,0.0,0.0,0.0,0.0,0.0,0.0,0.0,0.0,0.0,0.0,4.269414257282076e-51,0,0.0,1,0,0.0,266,1,0.0,0.0,0.0,0.0
A000873,0.0,0.0,0.0,0.0,0.0,0.0,0.0,0.0,0.0,0.0,0.0,0.0,0.0,0.0,0.0,0.0,0.0,0.0,0.0,0.0,48.47530092592593,0.0,0.0,0.0,0.0,0.0,0.0,0.0,0.0,0.0,3,0.0,0.0,0.0,0.0,0.0,0.0,0.0,0.0,0.0,0.0,4.269414257282076e-51,0,0.0,1,0,0.0,267,1,0.0,0.0,0.0,0.0
A000874,0.0,0.0,0.0,0.0,0.0,0.0,0.0,0.0,0.0,0.0,0.0,0.0,0.0,0.0,0.0,0.0,0.0,0.0,0.0,0.0,46.98627314814815,0.0,0.0,0.0,0.0,0.0,0.0,0.0,0.0,0.0,2,0.0,0.0,0.0,0.0,0.0,0.0,0.0,0.0,0.0,0.0,4.269414257282076e-51,0,0.0,1,0,0.0,268,1,0.0,0.0,0.0,0.0
A000875,0.0,0.0,0.0,0.0,0.0,0.0,0.0,0.0,0.0,0.0,0.0,0.0,0.0,0.0,0.0,0.0,0.0,0.0,0.0,0.0,23.206886574074076,0.0,0.0,0.0,0.0,0.0,0.0,0.0,0.0,0.0,4,0.0,0.0,0.0,0.0,0.0,0.0,0.0,0.0,0.0,0.0,4.269414257282076e-51,0,0.0,1,0,0.0,269,1,0.0,0.0,0.0,0.0
A000876,0.0,0.0,0.0,0.0,0.0,0.0,0.0,0.0,0.0,0.0,0.0,0.0,0.0,0.0,0.0,0.0,0.0,0.0,0.0,0.0,32.118287037037035,0.0,0.0,0.0,0.0,0.0,0.0,0.0,0.0,0.0,2,0.0,0.0,0.0,0.0,0.0,0.0,0.0,0.0,0.0,0.0,4.269414257282076e-51,0,0.0,1,0,0.0,270,1,0.0,0.0,0.0,0.0
A000877,0.0,0.0,0.0,0.0,0.0,0.0,0.0,0.0,0.0,0.0,0.0,0.0,0.0,0.0,0.0,0.0,0.0,0.0,0.0,0.0,48.88229166666667,0.0,0.0,0.0,0.0,0.0,0.0,0.0,0.0,0.0,1,0.0,0.0,0.0,0.0,0.0,0.0,0.0,0.0,0.0,0.0,4.269414257282076e-51,0,0.0,1,0,0.0,271,1,0.0,0.0,0.0,0.0
A000878,0.0,0.0,0.0,0.0,0.0,0.0,0.0,0.0,0.0,0.0,0.0,0.0,0.0,0.0,0.0,0.0,0.0,0.0,0.0,0.0,47.58537037037037,0.0,0.0,0.0,0.0,0.0,0.0,0.0,0.0,0.0,0,0.0,0.0,0.0,0.0,0.0,0.0,0.0,0.0,0.0,0.0,4.269414257282076e-51,0,0.0,1,0,0.0,272,1,0.0,0.0,0.0,0.0
A000879,0.0,0.0,0.0,0.0,0.0,0.0,0.0,0.0,0.0,0.0,0.0,0.0,0.0,0.0,0.0,0.0,0.0,0.0,0.0,0.0,49.23056712962963,0.0,0.0,0.0,0.0,0.0,0.0,0.0,0.0,0.0,1,0.0,0.0,0.0,0.0,0.0,0.0,0.0,0.0,0.0,0.0,4.269414257282076e-51,0,0.0,1,0,0.0,273,1,0.0,0.0,0.0,0.0
A000880,0.0,0.0,0.0,0.0,0.0,0.0,0.0,0.0,0.0,0.0,0.0,0.0,0.0,0.0,0.0,0.0,0.0,0.0,0.0,0.0,43.054976851851855,0.0,0.0,0.0,0.0,0.0,0.0,0.0,0.0,0.0,2,0.0,0.0,0.0,0.0,0.0,0.0,0.0,0.0,0.0,0.0,4.269414257282076e-51,0,0.0,1,0,0.0,274,1,0.0,0.0,0.0,0.0
A000881,0.0,0.0,0.0,0.0,0.0,0.0,0.0,0.0,0.0,0.0,0.0,0.0,0.0,0.0,0.0,0.0,0.0,0.0,0.0,0.0,35.60388888888889,0.0,0.0,0.0,0.0,0.0,0.0,0.0,0.0,0.0,4,0.0,0.0,0.0,0.0,0.0,0.0,0.0,0.0,0.0,0.0,4.269414257282076e-51,0,0.0,1,0,0.0,275,1,0.0,0.0,0.0,0.0
A000882,0.0,0.0,0.0,0.0,0.0,0.0,0.0,0.0,0.0,0.0,0.0,0.0,0.0,0.0,0.0,0.0,0.0,0.0,0.0,0.0,33.53346064814815,0.0,0.0,0.0,0.0,0.0,0.0,0.0,0.0,0.0,5,0.0,0.0,0.0,0.0,0.0,0.0,0.0,0.0,0.0,0.0,4.269414257282076e-51,0,0.0,1,0,0.0,276,1,0.0,0.0,0.0,0.0
A000883,0.0,0.0,0.0,0.0,0.0,0.0,0.0,0.0,0.0,0.0,0.0,0.0,0.0,0.0,0.0,0.0,0.0,0.0,0.0,0.0,27.18715277777778,0.0,0.0,0.0,0.0,0.0,0.0,0.0,0.0,0.0,2,0.0,0.0,0.0,0.0,0.0,0.0,0.0,0.0,0.0,0.0,4.269414257282076e-51,0,0.0,1,0,0.0,277,1,0.0,0.0,0.0,0.0
A000884,0.0,0.0,0.0,0.0,0.0,0.0,0.0,0.0,0.0,0.0,0.0,0.0,0.0,0.0,0.0,0.0,0.0,0.0,0.0,0.0,21.336898148148148,0.0,0.0,0.0,0.0,0.0,0.0,0.0,0.0,0.0,4,0.0,0.0,0.0,0.0,0.0,0.0,0.0,0.0,0.0,0.0,4.269414257282076e-51,0,0.0,1,0,0.0,278,1,0.0,0.0,0.0,0.0
A000885,0.0,0.0,0.0,0.0,0.0,0.0,0.0,0.0,0.0,0.0,0.0,0.0,0.0,0.0,0.0,0.0,0.0,0.0,0.0,0.0,39.18125,0.0,0.0,0.0,0.0,0.0,0.0,0.0,0.0,0.0,2,0.0,0.0,0.0,0.0,0.0,0.0,0.0,0.0,0.0,0.0,4.269414257282076e-51,0,0.0,1,0,0.0,279,1,0.0,0.0,0.0,0.0
A000886,0.0,0.0,0.0,0.0,0.0,0.0,0.0,0.0,0.0,0.0,0.0,0.0,0.0,0.0,0.0,0.0,0.0,0.0,0.0,0.0,30.51050925925926,0.0,0.0,0.0,0.0,0.0,0.0,0.0,0.0,0.0,10,0.0,0.0,0.0,0.0,0.0,0.0,0.0,0.0,0.0,0.0,4.269414257282076e-51,0,0.0,1,0,0.0,280,1,0.0,0.0,0.0,0.0
A000887,0.0,0.0,0.0,0.0,0.0,0.0,0.0,0.0,0.0,0.0,0.0,0.0,0.0,0.0,0.0,0.0,0.0,0.0,0.0,0.0,45.34293981481481,0.0,0.0,0.0,0.0,0.0,0.0,0.0,0.0,0.0,0,0.0,0.0,0.0,0.0,0.0,0.0,0.0,0.0,0.0,0.0,4.269414257282076e-51,0,0.0,1,0,0.0,281,1,0.0,0.0,0.0,0.0
A000888,0.0,0.0,0.0,0.0,0.0,0.0,0.0,0.0,0.0,0.0,0.0,0.0,0.0,0.0,0.0,0.0,0.0,0.0,0.0,0.0,43.76909722222222,0.0,0.0,0.0,0.0,0.0,0.0,0.0,0.0,0.0,1,0.0,0.0,0.0,0.0,0.0,0.0,0.0,0.0,0.0,0.0,4.269414257282076e-51,0,0.0,1,0,0.0,282,1,0.0,0.0,0.0,0.0
A000889,0.0,0.0,0.0,0.0,0.0,0.0,0.0,0.0,0.0,0.0,0.0,0.0,0.0,0.0,0.0,0.0,0.0,0.0,0.0,0.0,34.44185185185185,0.0,0.0,0.0,0.0,0.0,0.0,0.0,0.0,0.0,2,0.0,0.0,0.0,0.0,0.0,0.0,0.0,0.0,0.0,0.0,4.269414257282076e-51,0,0.0,1,0,0.0,283,1,0.0,0.0,0.0,0.0
A000890,0.0,0.0,0.0,0.0,0.0,0.0,0.0,0.0,0.0,0.0,0.0,0.0,0.0,0.0,0.0,0.0,0.0,0.0,0.0,0.0,27.035625,0.0,0.0,0.0,0.0,0.0,0.0,0.0,0.0,0.0,3,0.0,0.0,0.0,0.0,0.0,0.0,0.0,0.0,0.0,0.0,4.269414257282076e-51,0,0.0,1,0,0.0,284,1,0.0,0.0,0.0,0.0
A000891,0.0,0.0,0.0,0.0,0.0,0.0,0.0,0.0,0.0,0.0,0.0,0.0,0.0,0.0,0.0,0.0,0.0,0.0,0.0,0.0,25.186377314814816,0.0,0.0,0.0,0.0,0.0,0.0,0.0,0.0,0.0,2,0.0,0.0,0.0,0.0,0.0,0.0,0.0,0.0,0.0,0.0,4.269414257282076e-51,0,0.0,1,0,0.0,285,1,0.0,0.0,0.0,0.0
A000892,0.0,0.0,0.0,0.0,0.0,0.0,0.0,0.0,0.0,0.0,0.0,0.0,0.0,0.0,0.0,0.0,0.0,0.0,0.0,0.0,22.097430555555555,0.0,0.0,0.0,0.0,0.0,0.0,0.0,0.0,0.0,8,0.0,0.0,0.0,0.0,0.0,0.0,0.0,0.0,0.0,0.0,4.269414257282076e-51,0,0.0,1,0,0.0,286,1,0.0,0.0,0.0,0.0
A000893,0.0,0.0,0.0,0.0,0.0,0.0,0.0,0.0,0.0,0.0,0.0,0.0,0.0,0.0,0.0,0.0,0.0,0.0,0.0,0.0,24.533715277777777,0.0,0.0,0.0,0.0,0.0,0.0,0.0,0.0,0.0,4,0.0,0.0,0.0,0.0,0.0,0.0,0.0,0.0,0.0,0.0,4.269414257282076e-51,0,0.0,1,0,0.0,287,1,0.0,0.0,0.0,0.0
A000894,0.0,0.0,0.0,0.0,0.0,0.0,0.0,0.0,0.0,0.0,0.0,0.0,0.0,0.0,0.0,0.0,0.0,0.0,0.0,0.0,38.698425925925925,0.0,0.0,0.0,0.0,0.0,0.0,0.0,0.0,0.0,3,0.0,0.0,0.0,0.0,0.0,0.0,0.0,0.0,0.0,0.0,4.269414257282076e-51,0,0.0,1,0,0.0,288,1,0.0,0.0,0.0,0.0
A000895,0.0,0.0,0.0,0.0,0.0,0.0,0.0,0.0,0.0,0.0,0.0,0.0,0.0,0.0,0.0,0.0,0.0,0.0,0.0,0.0,26.48207175925926,0.0,0.0,0.0,0.0,0.0,0.0,0.0,0.0,0.0,0,0.0,0.0,0.0,0.0,0.0,0.0,0.0,0.0,0.0,0.0,4.269414257282076e-51,0,0.0,1,0,0.0,289,1,0.0,0.0,0.0,0.0
A000896,0.0,0.0,0.0,0.0,0.0,0.0,0.0,0.0,0.0,0.0,0.0,0.0,0.0,0.0,0.0,0.0,0.0,0.0,0.0,0.0,31.495810185185185,0.0,0.0,0.0,0.0,0.0,0.0,0.0,0.0,0.0,2,0.0,0.0,0.0,0.0,0.0,0.0,0.0,0.0,0.0,0.0,4.269414257282076e-51,0,0.0,1,0,0.0,290,1,0.0,0.0,0.0,0.0
A000897,0.0,0.0,0.0,0.0,0.0,0.0,0.0,0.0,0.0,0.0,0.0,0.0,0.0,0.0,0.0,0.0,0.0,0.0,0.0,0.0,21.5178125,0.0,0.0,0.0,0.0,0.0,0.0,0.0,0.0,0.0,1,0.0,0.0,0.0,0.0,0.0,0.0,0.0,0.0,0.0,0.0,4.269414257282076e-51,0,0.0,1,0,0.0,291,1,0.0,0.0,0.0,0.0
A000898,0.0,0.0,0.0,0.0,0.0,0.0,0.0,0.0,0.0,0.0,0.0,0.0,0.0,0.0,0.0,0.0,0.0,0.0,0.0,0.0,22.88648148148148,0.0,0.0,0.0,0.0,0.0,0.0,0.0,0.0,0.0,4,0.0,0.0,0.0,0.0,0.0,0.0,0.0,0.0,0.0,0.0,4.269414257282076e-51,0,0.0,1,0,0.0,292,1,0.0,0.0,0.0,0.0
A000899,0.0,0.0,0.0,0.0,0.0,0.0,0.0,0.0,0.0,0.0,0.0,0.0,0.0,0.0,0.0,0.0,0.0,0.0,0.0,0.0,39.27045138888889,0.0,0.0,0.0,0.0,0.0,0.0,0.0,0.0,0.0,4,0.0,0.0,0.0,0.0,0.0,0.0,0.0,0.0,0.0,0.0,4.269414257282076e-51,0,0.0,1,0,0.0,293,1,0.0,0.0,0.0,0.0
A000900,3.0,12835.0,4278.333333333333,1.0,1.0,1.0,1.0,3.0,0.0,0.0,0.0,0.0,0.0,0.0,0.0,0.0,0.0,0.0,0.0,0.0,46.0,0.0,0.0,0.0,0.0,0.0,0.0,0.0,0.0,0.0,6,4.0,3.0,4.0,3.0,1.0,0.0,1.0,0.0,3.0,0.003003003003003003,6.399365443199812e-19,3,1.0,12,3,3.0,13,12,0.4166666666666667,0.4166666666666667,5628.104166666667,44.0
A000901,3.0,7140.0,2380.0,1.0,1.0,1.0,1.0,3.0,0.0,0.0,0.0,0.0,0.0,0.0,0.0,0.0,0.0,0.0,0.0,0.0,45.0,0.0,0.0,0.0,0.0,0.0,0.0,0.0,0.0,0.0,3,4.0,3.0,4.0,3.0,1.0,0.0,1.0,0.0,3.0,0.003003003003003003,6.399365443199812e-19,3,1.0,12,3,3.0,13,12,0.4166666666666667,0.4166666666666667,5628.104166666667,44.0
A000902,3.0,11560.0,3853.3333333333335,1.0,1.0,1.0,1.0,3.0,0.0,0.0,0.0,0.0,0.0,0.0,0.0,0.0,0.0,0.0,0.0,0.0,44.0,0.0,0.0,0.0,0.0,0.0,0.0,0.0,0.0,0.0,2,4.0,3.0,4.0,3.0,1.0,0.0,1.0,0.0,11.0,0.011011011011011011,2.0018379554188563e-18,39,0.3478737652291962,12,11,5.4,13,12,0.4166666666666667,0.4166666666666667,5628.104166666667,44.0
A000903,3.0,9352.0,3117.333333333333,1.0,1.0,1.0,1.0,3.0,0.0,0.0,0.0,0.0,0.0,0.0,0.0,0.0,0.0,0.0,0.0,0.0,43.0,0.0,0.0,0.0,0.0,0.0,0.0,0.0,0.0,0.0,0,4.0,3.0,4.0,3.0,1.0,0.0,1.0,0.0,11.0,0.011011011011011011,2.0018379554188563e-18,39,0.3478737652291962,12,11,5.4,13,12,0.4166666666666667,0.4166666666666667,5628.104166666667,44.0
A000904,3.0,7493.0,2497.6666666666665,1.0,1.0,1.0,1.0,3.0,0.0,0.0,0.0,0.0,2.0,72.0,2.0,5803.0,0.0,0.6666666666666666,0.6666666666666666,0.0,36.0,0.0,0.0,0.0,0.0,0.0,2.0,0.0,0.0,0.0,1,1.0,0.0,1.0,0.0,1.0,0.0,1.0,0.0,0.0,0.0,4.269414257282076e-51,0,0.0,1,0,0.0,294,1,0.6666666666666666,0.6666666666666666,2497.6666666666665,3.0
A000905,3.0,10840.0,3613.3333333333335,1.0,1.0,1.0,1.0,3.0,0.0,0.0,0.0,0.0,0.0,0.0,0.0,0.0,0.0,0.0,0.0,0.0,31.0,0.0,0.0,2.0,0.0,0.0,0.0,0.0,0.0,0.0,3,1.0,0.0,5.0,4.0,1.0,0.0,1.0,0.0,0.0,0.004004004004004004,3.181103315063316e-30,6,0.6999999999999998,5,4,2.8,16,5,0.13333333333333333,0.13333333333333333,2917.1333333333337,15.0
A000906,3.0,12271.0,4090.3333333333335,1.0,1.0,1.0,1.0,3.0,0.0,0.0,0.0,0.0,1.0,96.0,1.0,4247.0,0.0,0.3333333333333333,0.3333333333333333,0.0,30.0,0.0,0.0,3.0,0.0,0.0,1.0,0.3333333333333333,0.0,0.0,1,1.0,0.0,5.0,4.0,1.0,0.0,1.0,0.0,0.0,0.004004004004004004,3.181103315063316e-30,6,0.6999999999999998,5,4,2.8,16,5,0.13333333333333333,0.13333333333333333,2917.1333333333337,15.0
A000907,3.0,7354.0,2451.333333333333,1.0,1.0,1.0,1.0,3.0,0.0,0.0,0.0,0.0,0.0,0.0,0.0,0.0,0.0,0.0,0.0,0.0,29.0,0.0,0.0,3.0,0.0,0.0,0.0,0.0,0.0,0.0,1,1.0,0.0,5.0,4.0,1.0,0.0,1.0,0.0,0.0,0.004004004004004004,3.181103315063316e-30,6,0.6999999999999998,5,4,2.8,16,5,0.13333333333333333,0.13333333333333333,2917.1333333333337,15.0
A000908,3.0,3887.0,1295.6666666666667,1.0,1.0,1.0,1.0,3.0,0.0,0.0,0.0,0.0,0.0,0.0,0.0,0.0,0.0,0.0,0.0,0.0,28.0,0.0,0.0,3.0,0.0,0.0,0.0,0.0,0.0,0.0,4,1.0,0.0,5.0,4.0,1.0,0.0,1.0,0.0,0.0,0.004004004004004004,3.181103315063316e-30,6,0.6999999999999998,5,4,2.8,16,5,0.13333333333333333,0.13333333333333333,2917.1333333333337,15.0
A000909,3.0,9405.0,3135.0,1.0,1.0,1.0,1.0,3.0,0.0,0.0,0.0,0.0,1.0,48.0,1.0,1945.0,0.0,0.3333333333333333,0.3333333333333333,0.0,27.0,0.0,0.0,3.0,0.0,0.0,1.0,0.3333333333333333,0.0,0.0,2,1.0,0.0,5.0,4.0,1.0,0.0,1.0,0.0,0.0,0.004004004004004004,3.181103315063316e-30,6,0.6999999999999998,5,4,2.8,16,5,0.13333333333333333,0.13333333333333333,2917.1333333333337,15.0
A000910,8.0,16576.0,2072.0,1.0,1.0,1.0,1.0,8.0,0.0,0.0,1.0,0.1540685455301364,0.0,0.0,0.0,0.0,0.0,0.0,0.0,0.0,26.0,0.0,0.0,8.0,0.0,0.0,0.0,0.0,0.0,0.0,5,1.0,0.0,1.0,0.0,1.0,0.0,1.0,0.0,0.0,0.0,4.269414257282076e-51,0,0.0,1,0,0.0,295,1,0.0,0.0,2072.0,8.0
A000911,3.0,7726.0,2575.333333333333,3.0,3.0,1.0,1.0,3.0,0.0,0.0,0.0,0.0,0.0,0.0,0.0,0.0,0.0,0.0,0.0,0.0,23.0,0.0,1.0,3.0,0.0,0.0,0.0,0.0,0.0,0.0,2,1.0,0.0,1.0,0.0,1.0,0.0,1.0,0.0,0.0,0.0,4.269414257282076e-51,0,0.0,1,0,0.0,296,1,0.0,0.0,2575.333333333333,3.0
A000912,3.0,5487.0,1829.0,1.0,1.0,1.0,1.0,3.0,0.0,0.0,0.0,0.0,0.0,0.0,0.0,0.0,0.0,0.0,0.0,0.0,15.0,0.0,0.0,3.0,0.0,0.0,0.0,0.0,0.0,0.0,0,1.0,0.0,5.0,4.0,1.0,0.0,1.0,0.0,3.0,0.004004004004004004,3.181103315063316e-30,6,0.6999999999999998,5,4,2.8,17,5,0.0,0.0,2058.2,15.0
A000913,3.0,5510.0,1836.6666666666667,1.0,1.0,1.0,1.0,3.0,0.0,0.0,0.0,0.0,0.0,0.0,0.0,0.0,0.0,0.0,0.0,0.0,14.0,0.0,0.0,3.0,0.0,0.0,0.0,0.0,0.0,0.0,0,1.0,0.0,5.0,4.0,1.0,0.0,1.0,0.0,4.0,0.004004004004004004,3.181103315063316e-30,6,0.6999999999999998,5,4,2.8,17,5,0.0,0.0,2058.2,15.0
A000914,3.0,6339.0,2113.0,1.0,1.0,1.0,1.0,3.0,0.0,0.0,0.0,0.0,0.0,0.0,0.0,0.0,0.0,0.0,0.0,0.0,13.0,0.0,0.0,3.0,0.0,0.0,0.0,0.0,0.0,0.0,0,1.0,0.0,5.0,4.0,1.0,0.0,1.0,0.0,4.0,0.004004004004004004,3.181103315063316e-30,6,0.6999999999999998,5,4,2.8,17,5,0.0,0.0,2058.2,15.0
A000915,3.0,7689.0,2563.0,1.0,1.0,1.0,1.0,3.0,0.0,0.0,0.0,0.0,0.0,0.0,0.0,0.0,0.0,0.0,0.0,0.0,12.0,0.0,0.0,3.0,0.0,0.0,0.0,0.0,0.0,0.0,0,1.0,0.0,5.0,4.0,1.0,0.0,1.0,0.0,4.0,0.004004004004004004,3.181103315063316e-30,6,0.6999999999999998,5,4,2.8,17,5,0.0,0.0,2058.2,15.0
A000916,3.0,5848.0,1949.3333333333333,1.0,1.0,1.0,1.0,3.0,0.0,0.0,0.0,0.0,0.0,0.0,0.0,0.0,0.0,0.0,0.0,0.0,11.0,0.0,0.0,3.0,0.0,0.0,0.0,0.0,0.0,0.0,0,1.0,0.0,5.0,4.0,1.0,0.0,1.0,0.0,3.0,0.004004004004004004,3.181103315063316e-30,6,0.6999999999999998,5,4,2.8,17,5,0.0,0.0,2058.2,15.0
A000917,0.0,0.0,0.0,0.0,0.0,0.0,0.0,0.0,0.0,0.0,0.0,0.0,0.0,0.0,0.0,0.0,0.0,0.0,0.0,0.0,21.74189814814815,0.0,0.0,0.0,0.0,0.0,0.0,0.0,0.0,0.0,1,0.0,0.0,0.0,0.0,0.0,0.0,0.0,0.0,0.0,0.0,4.269414257282076e-51,0,0.0,1,0,0.0,297,1,0.0,0.0,0.0,0.0
A000918,0.0,0.0,0.0,0.0,0.0,0.0,0.0,0.0,0.0,0.0,0.0,0.0,0.0,0.0,0.0,0.0,0.0,0.0,0.0,0.0,21.26849537037037,0.0,0.0,0.0,0.0,0.0,0.0,0.0,0.0,0.0,2,0.0,0.0,0.0,0.0,0.0,0.0,0.0,0.0,0.0,0.0,4.269414257282076e-51,0,0.0,1,0,0.0,298,1,0.0,0.0,0.0,0.0
A000919,0.0,0.0,0.0,0.0,0.0,0.0,0.0,0.0,0.0,0.0,0.0,0.0,0.0,0.0,0.0,0.0,0.0,0.0,0.0,0.0,24.729131944444443,0.0,0.0,0.0,0.0,0.0,0.0,0.0,0.0,0.0,1,0.0,0.0,0.0,0.0,0.0,0.0,0.0,0.0,0.0,0.0,4.269414257282076e-51,0,0.0,1,0,0.0,299,1,0.0,0.0,0.0,0.0
A000920,0.0,0.0,0.0,0.0,0.0,0.0,0.0,0.0,0.0,0.0,0.0,0.0,0.0,0.0,0.0,0.0,0.0,0.0,0.0,0.0,46.12140046296296,0.0,0.0,0.0,0.0,0.0,0.0,0.0,0.0,0.0,1,0.0,0.0,0.0,0.0,0.0,0.0,0.0,0.0,0.0,0.0,4.269414257282076e-51,0,0.0,1,0,0.0,300,1,0.0,0.0,0.0,0.0
A000921,0.0,0.0,0.0,0.0,0.0,0.0,0.0,0.0,0.0,0.0,0.0,0.0,0.0,0.0,0.0,0.0,0.0,0.0,0.0,0.0,37.49878472222223,0.0,0.0,0.0,0.0,0.0,0.0,0.0,0.0,0.0,3,0.0,0.0,0.0,0.0,0.0,0.0,0.0,0.0,0.0,0.0,4.269414257282076e-51,0,0.0,1,0,0.0,301,1,0.0,0.0,0.0,0.0
A000922,0.0,0.0,0.0,0.0,0.0,0.0,0.0,0.0,0.0,0.0,0.0,0.0,0.0,0.0,0.0,0.0,0.0,0.0,0.0,0.0,39.28905092592593,0.0,0.0,0.0,0.0,0.0,0.0,0.0,0.0,0.0,3,0.0,0.0,0.0,0.0,0.0,0.0,0.0,0.0,0.0,0.0,4.269414257282076e-51,0,0.0,1,0,0.0,302,1,0.0,0.0,0.0,0.0
A000923,0.0,0.0,0.0,0.0,0.0,0.0,0.0,0.0,0.0,0.0,0.0,0.0,0.0,0.0,0.0,0.0,0.0,0.0,0.0,0.0,21.18724537037037,0.0,0.0,0.0,0.0,0.0,0.0,0.0,0.0,0.0,4,0.0,0.0,0.0,0.0,0.0,0.0,0.0,0.0,0.0,0.0,4.269414257282076e-51,0,0.0,1,0,0.0,303,1,0.0,0.0,0.0,0.0
A000924,0.0,0.0,0.0,0.0,0.0,0.0,0.0,0.0,0.0,0.0,0.0,0.0,0.0,0.0,0.0,0.0,0.0,0.0,0.0,0.0,44.1000925925926,0.0,0.0,0.0,0.0,0.0,0.0,0.0,0.0,0.0,2,0.0,0.0,0.0,0.0,0.0,0.0,0.0,0.0,0.0,0.0,4.269414257282076e-51,0,0.0,1,0,0.0,304,1,0.0,0.0,0.0,0.0
A000925,0.0,0.0,0.0,0.0,0.0,0.0,0.0,0.0,0.0,0.0,0.0,0.0,0.0,0.0,0.0,0.0,0.0,0.0,0.0,0.0,29.531886574074075,0.0,0.0,0.0,0.0,0.0,0.0,0.0,0.0,0.0,3,0.0,0.0,0.0,0.0,0.0,0.0,0.0,0.0,0.0,0.0,4.269414257282076e-51,0,0.0,1,0,0.0,305,1,0.0,0.0,0.0,0.0
A000926,0.0,0.0,0.0,0.0,0.0,0.0,0.0,0.0,0.0,0.0,0.0,0.0,0.0,0.0,0.0,0.0,0.0,0.0,0.0,0.0,38.727465277777775,0.0,0.0,0.0,0.0,0.0,0.0,0.0,0.0,0.0,3,0.0,0.0,0.0,0.0,0.0,0.0,0.0,0.0,0.0,0.0,4.269414257282076e-51,0,0.0,1,0,0.0,306,1,0.0,0.0,0.0,0.0
A000927,0.0,0.0,0.0,0.0,0.0,0.0,0.0,0.0,0.0,0.0,0.0,0.0,0.0,0.0,0.0,0.0,0.0,0.0,0.0,0.0,48.69167824074074,0.0,0.0,0.0,0.0,0.0,0.0,0.0,0.0,0.0,4,0.0,0.0,0.0,0.0,0.0,0.0,0.0,0.0,0.0,0.0,4.269414257282076e-51,0,0.0,1,0,0.0,307,1,0.0,0.0,0.0,0.0
A000928,0.0,0.0,0.0,0.0,0.0,0.0,0.0,0.0,0.0,0.0,0.0,0.0,0.0,0.0,0.0,0.0,0.0,0.0,0.0,0.0,23.563402777777775,0.0,0.0,0.0,0.0,0.0,0.0,0.0,0.0,0.0,2,0.0,0.0,0.0,0.0,0.0,0.0,0.0,0.0,0.0,0.0,4.269414257282076e-51,0,0.0,1,0,0.0,308,1,0.0,0.0,0.0,0.0
A000929,0.0,0.0,0.0,0.0,0.0,0.0,0.0,0.0,0.0,0.0,0.0,0.0,0.0,0.0,0.0,0.0,0.0,0.0,0.0,0.0,46.59237268518518,0.0,0.0,0.0,0.0,0.0,0.0,0.0,0.0,0.0,2,0.0,0.0,0.0,0.0,0.0,0.0,0.0,0.0,0.0,0.0,4.269414257282076e-51,0,0.0,1,0,0.0,309,1,0.0,0.0,0.0,0.0
A000930,0.0,0.0,0.0,0.0,0.0,0.0,0.0,0.0,0.0,0.0,0.0,0.0,0.0,0.0,0.0,0.0,0.0,0.0,0.0,0.0,22.828530092592597,0.0,0.0,0.0,0.0,0.0,0.0,0.0,0.0,0.0,6,0.0,0.0,0.0,0.0,0.0,0.0,0.0,0.0,0.0,0.0,4.269414257282076e-51,0,0.0,1,0,0.0,310,1,0.0,0.0,0.0,0.0
A000931,0.0,0.0,0.0,0.0,0.0,0.0,0.0,0.0,0.0,0.0,0.0,0.0,0.0,0.0,0.0,0.0,0.0,0.0,0.0,0.0,45.48303240740741,0.0,0.0,0.0,0.0,0.0,0.0,0.0,0.0,0.0,3,0.0,0.0,0.0,0.0,0.0,0.0,0.0,0.0,0.0,0.0,4.269414257282076e-51,0,0.0,1,0,0.0,311,1,0.0,0.0,0.0,0.0
A000932,0.0,0.0,0.0,0.0,0.0,0.0,0.0,0.0,0.0,0.0,0.0,0.0,0.0,0.0,0.0,0.0,0.0,0.0,0.0,0.0,24.734074074074076,0.0,0.0,0.0,0.0,0.0,0.0,0.0,0.0,0.0,1,0.0,0.0,0.0,0.0,0.0,0.0,0.0,0.0,0.0,0.0,4.269414257282076e-51,0,0.0,1,0,0.0,312,1,0.0,0.0,0.0,0.0
A000933,0.0,0.0,0.0,0.0,0.0,0.0,0.0,0.0,0.0,0.0,0.0,0.0,0.0,0.0,0.0,0.0,0.0,0.0,0.0,0.0,33.54400462962963,0.0,0.0,0.0,0.0,0.0,0.0,0.0,0.0,0.0,4,0.0,0.0,0.0,0.0,0.0,0.0,0.0,0.0,0.0,0.0,4.269414257282076e-51,0,0.0,1,0,0.0,313,1,0.0,0.0,0.0,0.0
A000934,0.0,0.0,0.0,0.0,0.0,0.0,0.0,0.0,0.0,0.0,0.0,0.0,0.0,0.0,0.0,0.0,0.0,0.0,0.0,0.0,21.31390046296296,0.0,0.0,0.0,0.0,0.0,0.0,0.0,0.0,0.0,5,0.0,0.0,0.0,0.0,0.0,0.0,0.0,0.0,0.0,0.0,4.269414257282076e-51,0,0.0,1,0,0.0,314,1,0.0,0.0,0.0,0.0
A000935,0.0,0.0,0.0,0.0,0.0,0.0,0.0,0.0,0.0,0.0,0.0,0.0,0.0,0.0,0.0,0.0,0.0,0.0,0.0,0.0,48.16960648148148,0.0,0.0,0.0,0.0,0.0,0.0,0.0,0.0,0.0,1,0.0,0.0,0.0,0.0,0.0,0.0,0.0,0.0,0.0,0.0,4.269414257282076e-51,0,0.0,1,0,0.0,315,1,0.0,0.0,0.0,0.0
A000936,0.0,0.0,0.0,0.0,0.0,0.0,0.0,0.0,0.0,0.0,0.0,0.0,0.0,0.0,0.0,0.0,0.0,0.0,0.0,0.0,27.05300925925926,0.0,0.0,0.0,0.0,0.0,0.0,0.0,0.0,0.0,2,0.0,0.0,0.0,0.0,0.0,0.0,0.0,0.0,0.0,0.0,4.269414257282076e-51,0,0.0,1,0,0.0,316,1,0.0,0.0,0.0,0.0
A000937,0.0,0.0,0.0,0.0,0.0,0.0,0.0,0.0,0.0,0.0,0.0,0.0,0.0,0.0,0.0,0.0,0.0,0.0,0.0,0.0,44.50846064814815,0.0,0.0,0.0,0.0,0.0,0.0,0.0,0.0,0.0,3,0.0,0.0,0.0,0.0,0.0,0.0,0.0,0.0,0.0,0.0,4.269414257282076e-51,0,0.0,1,0,0.0,317,1,0.0,0.0,0.0,0.0
A000938,0.0,0.0,0.0,0.0,0.0,0.0,0.0,0.0,0.0,0.0,0.0,0.0,0.0,0.0,0.0,0.0,0.0,0.0,0.0,0.0,44.20298611111111,0.0,0.0,0.0,0.0,0.0,0.0,0.0,0.0,0.0,0,0.0,0.0,0.0,0.0,0.0,0.0,0.0,0.0,0.0,0.0,4.269414257282076e-51,0,0.0,1,0,0.0,318,1,0.0,0.0,0.0,0.0
A000939,0.0,0.0,0.0,0.0,0.0,0.0,0.0,0.0,0.0,0.0,0.0,0.0,0.0,0.0,0.0,0.0,0.0,0.0,0.0,0.0,47.26570601851852,0.0,0.0,0.0,0.0,0.0,0.0,0.0,0.0,0.0,2,0.0,0.0,0.0,0.0,0.0,0.0,0.0,0.0,0.0,0.0,4.269414257282076e-51,0,0.0,1,0,0.0,319,1,0.0,0.0,0.0,0.0
A000940,0.0,0.0,0.0,0.0,0.0,0.0,0.0,0.0,0.0,0.0,0.0,0.0,0.0,0.0,0.0,0.0,0.0,0.0,0.0,0.0,34.317060185185184,0.0,0.0,0.0,0.0,0.0,0.0,0.0,0.0,0.0,2,0.0,0.0,0.0,0.0,0.0,0.0,0.0,0.0,0.0,0.0,4.269414257282076e-51,0,0.0,1,0,0.0,320,1,0.0,0.0,0.0,0.0
A000941,0.0,0.0,0.0,0.0,0.0,0.0,0.0,0.0,0.0,0.0,0.0,0.0,0.0,0.0,0.0,0.0,0.0,0.0,0.0,0.0,25.92944444444445,0.0,0.0,0.0,0.0,0.0,0.0,0.0,0.0,0.0,1,0.0,0.0,0.0,0.0,0.0,0.0,0.0,0.0,0.0,0.0,4.269414257282076e-51,0,0.0,1,0,0.0,321,1,0.0,0.0,0.0,0.0
A000942,0.0,0.0,0.0,0.0,0.0,0.0,0.0,0.0,0.0,0.0,0.0,0.0,0.0,0.0,0.0,0.0,0.0,0.0,0.0,0.0,39.50310185185185,0.0,0.0,0.0,0.0,0.0,0.0,0.0,0.0,0.0,4,0.0,0.0,0.0,0.0,0.0,0.0,0.0,0.0,0.0,0.0,4.269414257282076e-51,0,0.0,1,0,0.0,322,1,0.0,0.0,0.0,0.0
A000943,0.0,0.0,0.0,0.0,0.0,0.0,0.0,0.0,0.0,0.0,0.0,0.0,0.0,0.0,0.0,0.0,0.0,0.0,0.0,0.0,22.641909722222223,0.0,0.0,0.0,0.0,0.0,0.0,0.0,0.0,0.0,1,0.0,0.0,0.0,0.0,0.0,0.0,0.0,0.0,0.0,0.0,4.269414257282076e-51,0,0.0,1,0,0.0,323,1,0.0,0.0,0.0,0.0
A000944,0.0,0.0,0.0,0.0,0.0,0.0,0.0,0.0,0.0,0.0,0.0,0.0,0.0,0.0,0.0,0.0,0.0,0.0,0.0,0.0,41.29416666666667,0.0,0.0,0.0,0.0,0.0,0.0,0.0,0.0,0.0,2,0.0,0.0,0.0,0.0,0.0,0.0,0.0,0.0,0.0,0.0,4.269414257282076e-51,0,0.0,1,0,0.0,324,1,0.0,0.0,0.0,0.0
A000945,0.0,0.0,0.0,0.0,0.0,0.0,0.0,0.0,0.0,0.0,0.0,0.0,0.0,0.0,0.0,0.0,0.0,0.0,0.0,0.0,34.17540509259259,0.0,0.0,0.0,0.0,0.0,0.0,0.0,0.0,0.0,5,0.0,0.0,0.0,0.0,0.0,0.0,0.0,0.0,0.0,0.0,4.269414257282076e-51,0,0.0,1,0,0.0,325,1,0.0,0.0,0.0,0.0
A000946,0.0,0.0,0.0,0.0,0.0,0.0,0.0,0.0,0.0,0.0,0.0,0.0,0.0,0.0,0.0,0.0,0.0,0.0,0.0,0.0,43.749340277777776,0.0,0.0,0.0,0.0,0.0,0.0,0.0,0.0,0.0,1,0.0,0.0,0.0,0.0,0.0,0.0,0.0,0.0,0.0,0.0,4.269414257282076e-51,0,0.0,1,0,0.0,326,1,0.0,0.0,0.0,0.0
A000947,0.0,0.0,0.0,0.0,0.0,0.0,0.0,0.0,0.0,0.0,0.0,0.0,0.0,0.0,0.0,0.0,0.0,0.0,0.0,0.0,21.817685185185184,0.0,0.0,0.0,0.0,0.0,0.0,0.0,0.0,0.0,2,0.0,0.0,0.0,0.0,0.0,0.0,0.0,0.0,0.0,0.0,4.269414257282076e-51,0,0.0,1,0,0.0,327,1,0.0,0.0,0.0,0.0
A000948,0.0,0.0,0.0,0.0,0.0,0.0,0.0,0.0,0.0,0.0,0.0,0.0,0.0,0.0,0.0,0.0,0.0,0.0,0.0,0.0,36.75694444444444,0.0,0.0,0.0,0.0,0.0,0.0,0.0,0.0,0.0,5,0.0,0.0,0.0,0.0,0.0,0.0,0.0,0.0,0.0,0.0,4.269414257282076e-51,0,0.0,1,0,0.0,328,1,0.0,0.0,0.0,0.0
A000949,0.0,0.0,0.0,0.0,0.0,0.0,0.0,0.0,0.0,0.0,0.0,0.0,0.0,0.0,0.0,0.0,0.0,0.0,0.0,0.0,36.76429398148148,0.0,0.0,0.0,0.0,0.0,0.0,0.0,0.0,0.0,5,0.0,0.0,0.0,0.0,0.0,0.0,0.0,0.0,0.0,0.0,4.269414257282076e-51,0,0.0,1,0,0.0,329,1,0.0,0.0,0.0,0.0
A000950,0.0,0.0,0.0,0.0,0.0,0.0,0.0,0.0,0.0,0.0,0.0,0.0,0.0,0.0,0.0,0.0,0.0,0.0,0.0,0.0,44.34840277777778,0.0,0.0,0.0,0.0,0.0,0.0,0.0,0.0,0.0,0,0.0,0.0,0.0,0.0,0.0,0.0,0.0,0.0,0.0,0.0,4.269414257282076e-51,0,0.0,1,0,0.0,330,1,0.0,0.0,0.0,0.0
A000951,0.0,0.0,0.0,0.0,0.0,0.0,0.0,0.0,0.0,0.0,0.0,0.0,0.0,0.0,0.0,0.0,0.0,0.0,0.0,0.0,38.64630787037037,0.0,0.0,0.0,0.0,0.0,0.0,0.0,0.0,0.0,4,0.0,0.0,0.0,0.0,0.0,0.0,0.0,0.0,0.0,0.0,4.269414257282076e-51,0,0.0,1,0,0.0,331,1,0.0,0.0,0.0,0.0
A000952,0.0,0.0,0.0,0.0,0.0,0.0,0.0,0.0,0.0,0.0,0.0,0.0,0.0,0.0,0.0,0.0,0.0,0.0,0.0,0.0,33.52204861111111,0.0,0.0,0.0,0.0,0.0,0.0,0.0,0.0,0.0,4,0.0,0.0,0.0,0.0,0.0,0.0,0.0,0.0,0.0,0.0,4.269414257282076e-51,0,0.0,1,0,0.0,332,1,0.0,0.0,0.0,0.0
A000953,0.0,0.0,0.0,0.0,0.0,0.0,0.0,0.0,0.0,0.0,0.0,0.0,0.0,0.0,0.0,0.0,0.0,0.0,0.0,0.0,27.383773148148148,0.0,0.0,0.0,0.0,0.0,0.0,0.0,0.0,0.0,3,0.0,0.0,0.0,0.0,0.0,0.0,0.0,0.0,0.0,0.0,4.269414257282076e-51,0,0.0,1,0,0.0,333,1,0.0,0.0,0.0,0.0
A000954,0.0,0.0,0.0,0.0,0.0,0.0,0.0,0.0,0.0,0.0,0.0,0.0,0.0,0.0,0.0,0.0,0.0,0.0,0.0,0.0,25.78033564814815,0.0,0.0,0.0,0.0,0.0,0.0,0.0,0.0,0.0,1,0.0,0.0,0.0,0.0,0.0,0.0,0.0,0.0,0.0,0.0,4.269414257282076e-51,0,0.0,1,0,0.0,334,1,0.0,0.0,0.0,0.0
A000955,0.0,0.0,0.0,0.0,0.0,0.0,0.0,0.0,0.0,0.0,0.0,0.0,0.0,0.0,0.0,0.0,0.0,0.0,0.0,0.0,32.24559027777778,0.0,0.0,0.0,0.0,0.0,0.0,0.0,0.0,0.0,3,0.0,0.0,0.0,0.0,0.0,0.0,0.0,0.0,0.0,0.0,4.269414257282076e-51,0,0.0,1,0,0.0,335,1,0.0,0.0,0.0,0.0
A000956,0.0,0.0,0.0,0.0,0.0,0.0,0.0,0.0,0.0,0.0,0.0,0.0,0.0,0.0,0.0,0.0,0.0,0.0,0.0,0.0,25.049641203703704,0.0,0.0,0.0,0.0,0.0,0.0,0.0,0.0,0.0,4,0.0,0.0,0.0,0.0,0.0,0.0,0.0,0.0,0.0,0.0,4.269414257282076e-51,0,0.0,1,0,0.0,336,1,0.0,0.0,0.0,0.0
A000957,0.0,0.0,0.0,0.0,0.0,0.0,0.0,0.0,0.0,0.0,0.0,0.0,0.0,0.0,0.0,0.0,0.0,0.0,0.0,0.0,44.031226851851855,0.0,0.0,0.0,0.0,0.0,0.0,0.0,0.0,0.0,1,0.0,0.0,0.0,0.0,0.0,0.0,0.0,0.0,0.0,0.0,4.269414257282076e-51,0,0.0,1,0,0.0,337,1,0.0,0.0,0.0,0.0
A000958,0.0,0.0,0.0,0.0,0.0,0.0,0.0,0.0,0.0,0.0,0.0,0.0,0.0,0.0,0.0,0.0,0.0,0.0,0.0,0.0,38.87725694444445,0.0,0.0,0.0,0.0,0.0,0.0,0.0,0.0,0.0,3,0.0,0.0,0.0,0.0,0.0,0.0,0.0,0.0,0.0,0.0,4.269414257282076e-51,0,0.0,1,0,0.0,338,1,0.0,0.0,0.0,0.0
A000959,0.0,0.0,0.0,0.0,0.0,0.0,0.0,0.0,0.0,0.0,0.0,0.0,0.0,0.0,0.0,0.0,0.0,0.0,0.0,0.0,35.04309027777778,0.0,0.0,0.0,0.0,0.0,0.0,0.0,0.0,0.0,5,0.0,0.0,0.0,0.0,0.0,0.0,0.0,0.0,0.0,0.0,4.269414257282076e-51,0,0.0,1,0,0.0,339,1,0.0,0.0,0.0,0.0
A000960,0.0,0.0,0.0,0.0,0.0,0.0,0.0,0.0,0.0,0.0,0.0,0.0,0.0,0.0,0.0,0.0,0.0,0.0,0.0,0.0,48.821284722222224,0.0,0.0,0.0,0.0,0.0,0.0,0.0,0.0,0.0,1,0.0,0.0,0.0,0.0,0.0,0.0,0.0,0.0,0.0,0.0,4.269414257282076e-51,0,0.0,1,0,0.0,340,1,0.0,0.0,0.0,0.0
A000961,0.0,0.0,0.0,0.0,0.0,0.0,0.0,0.0,0.0,0.0,0.0,0.0,0.0,0.0,0.0,0.0,0.0,0.0,0.0,0.0,43.14555555555555,0.0,0.0,0.0,0.0,0.0,0.0,0.0,0.0,0.0,4,0.0,0.0,0.0,0.0,0.0,0.0,0.0,0.0,0.0,0.0,4.269414257282076e-51,0,0.0,1,0,0.0,341,1,0.0,0.0,0.0,0.0
A000962,0.0,0.0,0.0,0.0,0.0,0.0,0.0,0.0,0.0,0.0,0.0,0.0,0.0,0.0,0.0,0.0,0.0,0.0,0.0,0.0,22.9453125,0.0,0.0,0.0,0.0,0.0,0.0,0.0,0.0,0.0,3,0.0,0.0,0.0,0.0,0.0,0.0,0.0,0.0,0.0,0.0,4.269414257282076e-51,0,0.0,1,0,0.0,342,1,0.0,0.0,0.0,0.0
A000963,0.0,0.0,0.0,0.0,0.0,0.0,0.0,0.0,0.0,0.0,0.0,0.0,0.0,0.0,0.0,0.0,0.0,0.0,0.0,0.0,48.1634837962963,0.0,0.0,0.0,0.0,0.0,0.0,0.0,0.0,0.0,1,0.0,0.0,0.0,0.0,0.0,0.0,0.0,0.0,0.0,0.0,4.269414257282076e-51,0,0.0,1,0,0.0,343,1,0.0,0.0,0.0,0.0
A000964,0.0,0.0,0.0,0.0,0.0,0.0,0.0,0.0,0.0,0.0,0.0,0.0,0.0,0.0,0.0,0.0,0.0,0.0,0.0,0.0,39.43392361111111,0.0,0.0,0.0,0.0,0.0,0.0,0.0,0.0,0.0,3,0.0,0.0,0.0,0.0,0.0,0.0,0.0,0.0,0.0,0.0,4.269414257282076e-51,0,0.0,1,0,0.0,344,1,0.0,0.0,0.0,0.0
A000965,0.0,0.0,0.0,0.0,0.0,0.0,0.0,0.0,0.0,0.0,0.0,0.0,0.0,0.0,0.0,0.0,0.0,0.0,0.0,0.0,23.53898148148148,0.0,0.0,0.0,0.0,0.0,0.0,0.0,0.0,0.0,3,0.0,0.0,0.0,0.0,0.0,0.0,0.0,0.0,0.0,0.0,4.269414257282076e-51,0,0.0,1,0,0.0,345,1,0.0,0.0,0.0,0.0
A000966,0.0,0.0,0.0,0.0,0.0,0.0,0.0,0.0,0.0,0.0,0.0,0.0,0.0,0.0,0.0,0.0,0.0,0.0,0.0,0.0,26.90489583333333,0.0,0.0,0.0,0.0,0.0,0.0,0.0,0.0,0.0,3,0.0,0.0,0.0,0.0,0.0,0.0,0.0,0.0,0.0,0.0,4.269414257282076e-51,0,0.0,1,0,0.0,346,1,0.0,0.0,0.0,0.0
A000967,0.0,0.0,0.0,0.0,0.0,0.0,0.0,0.0,0.0,0.0,0.0,0.0,0.0,0.0,0.0,0.0,0.0,0.0,0.0,0.0,44.14585648148148,0.0,0.0,0.0,0.0,0.0,0.0,0.0,0.0,0.0,4,0.0,0.0,0.0,0.0,0.0,0.0,0.0,0.0,0.0,0.0,4.269414257282076e-51,0,0.0,1,0,0.0,347,1,0.0,0.0,0.0,0.0
A000968,0.0,0.0,0.0,0.0,0.0,0.0,0.0,0.0,0.0,0.0,0.0,0.0,0.0,0.0,0.0,0.0,0.0,0.0,0.0,0.0,31.09515046296296,0.0,0.0,0.0,0.0,0.0,0.0,0.0,0.0,0.0,5,0.0,0.0,0.0,0.0,0.0,0.0,0.0,0.0,0.0,0.0,4.269414257282076e-51,0,0.0,1,0,0.0,348,1,0.0,0.0,0.0,0.0
A000969,0.0,0.0,0.0,0.0,0.0,0.0,0.0,0.0,0.0,0.0,0.0,0.0,0.0,0.0,0.0,0.0,0.0,0.0,0.0,0.0,24.94002314814815,0.0,0.0,0.0,0.0,0.0,0.0,0.0,0.0,0.0,3,0.0,0.0,0.0,0.0,0.0,0.0,0.0,0.0,0.0,0.0,4.269414257282076e-51,0,0.0,1,0,0.0,349,1,0.0,0.0,0.0,0.0
A000970,0.0,0.0,0.0,0.0,0.0,0.0,0.0,0.0,0.0,0.0,0.0,0.0,0.0,0.0,0.0,0.0,0.0,0.0,0.0,0.0,46.74672453703704,0.0,0.0,0.0,0.0,0.0,0.0,0.0,0.0,0.0,5,0.0,0.0,0.0,0.0,0.0,0.0,0.0,0.0,0.0,0.0,4.269414257282076e-51,0,0.0,1,0,0.0,350,1,0.0,0.0,0.0,0.0
A000971,0.0,0.0,0.0,0.0,0.0,0.0,0.0,0.0,0.0,0.0,0.0,0.0,0.0,0.0,0.0,0.0,0.0,0.0,0.0,0.0,47.3732175925926,0.0,0.0,0.0,0.0,0.0,0.0,0.0,0.0,0.0,4,0.0,0.0,0.0,0.0,0.0,0.0,0.0,0.0,0.0,0.0,4.269414257282076e-51,0,0.0,1,0,0.0,351,1,0.0,0.0,0.0,0.0
A000972,0.0,0.0,0.0,0.0,0.0,0.0,0.0,0.0,0.0,0.0,0.0,0.0,0.0,0.0,0.0,0.0,0.0,0.0,0.0,0.0,31.993217592592597,0.0,0.0,0.0,0.0,0.0,0.0,0.0,0.0,0.0,1,0.0,0.0,0.0,0.0,0.0,0.0,0.0,0.0,0.0,0.0,4.269414257282076e-51,0,0.0,1,0,0.0,352,1,0.0,0.0,0.0,0.0
A000973,0.0,0.0,0.0,0.0,0.0,0.0,0.0,0.0,0.0,0.0,0.0,0.0,0.0,0.0,0.0,0.0,0.0,0.0,0.0,0.0,22.57488425925926,0.0,0.0,0.0,0.0,0.0,0.0,0.0,0.0,0.0,2,0.0,0.0,0.0,0.0,0.0,0.0,0.0,0.0,0.0,0.0,4.269414257282076e-51,0,0.0,1,0,0.0,353,1,0.0,0.0,0.0,0.0
A000974,0.0,0.0,0.0,0.0,0.0,0.0,0.0,0.0,0.0,0.0,0.0,0.0,0.0,0.0,0.0,0.0,0.0,0.0,0.0,0.0,46.41408564814815,0.0,0.0,0.0,0.0,0.0,0.0,0.0,0.0,0.0,2,0.0,0.0,0.0,0.0,0.0,0.0,0.0,0.0,0.0,0.0,4.269414257282076e-51,0,0.0,1,0,0.0,354,1,0.0,0.0,0.0,0.0
A000975,0.0,0.0,0.0,0.0,0.0,0.0,0.0,0.0,0.0,0.0,0.0,0.0,0.0,0.0,0.0,0.0,0.0,0.0,0.0,0.0,34.32618055555555,0.0,0.0,0.0,0.0,0.0,0.0,0.0,0.0,0.0,2,0.0,0.0,0.0,0.0,0.0,0.0,0.0,0.0,0.0,0.0,4.269414257282076e-51,0,0.0,1,0,0.0,355,1,0.0,0.0,0.0,0.0
A000976,0.0,0.0,0.0,0.0,0.0,0.0,0.0,0.0,0.0,0.0,0.0,0.0,0.0,0.0,0.0,0.0,0.0,0.0,0.0,0.0,44.61763888888889,0.0,0.0,0.0,0.0,0.0,0.0,0.0,0.0,0.0,3,0.0,0.0,0.0,0.0,0.0,0.0,0.0,0.0,0.0,0.0,4.269414257282076e-51,0,0.0,1,0,0.0,356,1,0.0,0.0,0.0,0.0
A000977,0.0,0.0,0.0,0.0,0.0,0.0,0.0,0.0,0.0,0.0,0.0,0.0,0.0,0.0,0.0,0.0,0.0,0.0,0.0,0.0,31.057430555555555,0.0,0.0,0.0,0.0,0.0,0.0,0.0,0.0,0.0,6,0.0,0.0,0.0,0.0,0.0,0.0,0.0,0.0,0.0,0.0,4.269414257282076e-51,0,0.0,1,0,0.0,357,1,0.0,0.0,0.0,0.0
A000978,0.0,0.0,0.0,0.0,0.0,0.0,0.0,0.0,0.0,0.0,0.0,0.0,0.0,0.0,0.0,0.0,0.0,0.0,0.0,0.0,26.56820601851852,0.0,0.0,0.0,0.0,0.0,0.0,0.0,0.0,0.0,3,0.0,0.0,0.0,0.0,0.0,0.0,0.0,0.0,0.0,0.0,4.269414257282076e-51,0,0.0,1,0,0.0,358,1,0.0,0.0,0.0,0.0
A000979,0.0,0.0,0.0,0.0,0.0,0.0,0.0,0.0,0.0,0.0,0.0,0.0,0.0,0.0,0.0,0.0,0.0,0.0,0.0,0.0,43.36928240740741,0.0,0.0,0.0,0.0,0.0,0.0,0.0,0.0,0.0,1,0.0,0.0,0.0,0.0,0.0,0.0,0.0,0.0,0.0,0.0,4.269414257282076e-51,0,0.0,1,0,0.0,359,1,0.0,0.0,0.0,0.0
A000980,0.0,0.0,0.0,0.0,0.0,0.0,0.0,0.0,0.0,0.0,0.0,0.0,0.0,0.0,0.0,0.0,0.0,0.0,0.0,0.0,29.26162037037037,0.0,0.0,0.0,0.0,0.0,0.0,0.0,0.0,0.0,1,0.0,0.0,0.0,0.0,0.0,0.0,0.0,0.0,0.0,0.0,4.269414257282076e-51,0,0.0,1,0,0.0,360,1,0.0,0.0,0.0,0.0
A000981,0.0,0.0,0.0,0.0,0.0,0.0,0.0,0.0,0.0,0.0,0.0,0.0,0.0,0.0,0.0,0.0,0.0,0.0,0.0,0.0,22.836574074074075,0.0,0.0,0.0,0.0,0.0,0.0,0.0,0.0,0.0,7,0.0,0.0,0.0,0.0,0.0,0.0,0.0,0.0,0.0,0.0,4.269414257282076e-51,0,0.0,1,0,0.0,361,1,0.0,0.0,0.0,0.0
A000982,0.0,0.0,0.0,0.0,0.0,0.0,0.0,0.0,0.0,0.0,0.0,0.0,0.0,0.0,0.0,0.0,0.0,0.0,0.0,0.0,32.92351851851852,0.0,0.0,0.0,0.0,0.0,0.0,0.0,0.0,0.0,4,0.0,0.0,0.0,0.0,0.0,0.0,0.0,0.0,0.0,0.0,4.269414257282076e-51,0,0.0,1,0,0.0,362,1,0.0,0.0,0.0,0.0
A000983,0.0,0.0,0.0,0.0,0.0,0.0,0.0,0.0,0.0,0.0,0.0,0.0,0.0,0.0,0.0,0.0,0.0,0.0,0.0,0.0,35.5682175925926,0.0,0.0,0.0,0.0,0.0,0.0,0.0,0.0,0.0,3,0.0,0.0,0.0,0.0,0.0,0.0,0.0,0.0,0.0,0.0,4.269414257282076e-51,0,0.0,1,0,0.0,363,1,0.0,0.0,0.0,0.0
A000984,0.0,0.0,0.0,0.0,0.0,0.0,0.0,0.0,0.0,0.0,0.0,0.0,0.0,0.0,0.0,0.0,0.0,0.0,0.0,0.0,22.834409722222222,0.0,0.0,0.0,0.0,0.0,0.0,0.0,0.0,0.0,7,0.0,0.0,0.0,0.0,0.0,0.0,0.0,0.0,0.0,0.0,4.269414257282076e-51,0,0.0,1,0,0.0,364,1,0.0,0.0,0.0,0.0
A000985,0.0,0.0,0.0,0.0,0.0,0.0,0.0,0.0,0.0,0.0,0.0,0.0,0.0,0.0,0.0,0.0,0.0,0.0,0.0,0.0,37.33664351851852,0.0,0.0,0.0,0.0,0.0,0.0,0.0,0.0,0.0,3,0.0,0.0,0.0,0.0,0.0,0.0,0.0,0.0,0.0,0.0,4.269414257282076e-51,0,0.0,1,0,0.0,365,1,0.0,0.0,0.0,0.0
A000986,0.0,0.0,0.0,0.0,0.0,0.0,0.0,0.0,0.0,0.0,0.0,0.0,0.0,0.0,0.0,0.0,0.0,0.0,0.0,0.0,35.13466435185185,0.0,0.0,0.0,0.0,0.0,0.0,0.0,0.0,0.0,1,0.0,0.0,0.0,0.0,0.0,0.0,0.0,0.0,0.0,0.0,4.269414257282076e-51,0,0.0,1,0,0.0,366,1,0.0,0.0,0.0,0.0
A000987,0.0,0.0,0.0,0.0,0.0,0.0,0.0,0.0,0.0,0.0,0.0,0.0,0.0,0.0,0.0,0.0,0.0,0.0,0.0,0.0,36.13954861111111,0.0,0.0,0.0,0.0,0.0,0.0,0.0,0.0,0.0,3,0.0,0.0,0.0,0.0,0.0,0.0,0.0,0.0,0.0,0.0,4.269414257282076e-51,0,0.0,1,0,0.0,367,1,0.0,0.0,0.0,0.0
A000988,0.0,0.0,0.0,0.0,0.0,0.0,0.0,0.0,0.0,0.0,0.0,0.0,0.0,0.0,0.0,0.0,0.0,0.0,0.0,0.0,28.71584490740741,0.0,0.0,0.0,0.0,0.0,0.0,0.0,0.0,0.0,4,0.0,0.0,0.0,0.0,0.0,0.0,0.0,0.0,0.0,0.0,4.269414257282076e-51,0,0.0,1,0,0.0,368,1,0.0,0.0,0.0,0.0
A000989,0.0,0.0,0.0,0.0,0.0,0.0,0.0,0.0,0.0,0.0,0.0,0.0,0.0,0.0,0.0,0.0,0.0,0.0,0.0,0.0,32.80425925925926,0.0,0.0,0.0,0.0,0.0,0.0,0.0,0.0,0.0,0,0.0,0.0,0.0,0.0,0.0,0.0,0.0,0.0,0.0,0.0,4.269414257282076e-51,0,0.0,1,0,0.0,369,1,0.0,0.0,0.0,0.0
A000990,0.0,0.0,0.0,0.0,0.0,0.0,0.0,0.0,0.0,0.0,0.0,0.0,0.0,0.0,0.0,0.0,0.0,0.0,0.0,0.0,32.276064814814816,0.0,0.0,0.0,0.0,0.0,0.0,0.0,0.0,0.0,4,0.0,0.0,0.0,0.0,0.0,0.0,0.0,0.0,0.0,0.0,4.269414257282076e-51,0,0.0,1,0,0.0,370,1,0.0,0.0,0.0,0.0
A000991,0.0,0.0,0.0,0.0,0.0,0.0,0.0,0.0,0.0,0.0,0.0,0.0,0.0,0.0,0.0,0.0,0.0,0.0,0.0,0.0,48.52583333333333,0.0,0.0,0.0,0.0,0.0,0.0,0.0,0.0,0.0,4,0.0,0.0,0.0,0.0,0.0,0.0,0.0,0.0,0.0,0.0,4.269414257282076e-51,0,0.0,1,0,0.0,371,1,0.0,0.0,0.0,0.0
A000992,0.0,0.0,0.0,0.0,0.0,0.0,0.0,0.0,0.0,0.0,0.0,0.0,0.0,0.0,0.0,0.0,0.0,0.0,0.0,0.0,35.66305555555556,0.0,0.0,0.0,0.0,0.0,0.0,0.0,0.0,0.0,4,0.0,0.0,0.0,0.0,0.0,0.0,0.0,0.0,0.0,0.0,4.269414257282076e-51,0,0.0,1,0,0.0,372,1,0.0,0.0,0.0,0.0
A000993,0.0,0.0,0.0,0.0,0.0,0.0,0.0,0.0,0.0,0.0,0.0,0.0,0.0,0.0,0.0,0.0,0.0,0.0,0.0,0.0,23.994085648148147,0.0,0.0,0.0,0.0,0.0,0.0,0.0,0.0,0.0,2,0.0,0.0,0.0,0.0,0.0,0.0,0.0,0.0,0.0,0.0,4.269414257282076e-51,0,0.0,1,0,0.0,373,1,0.0,0.0,0.0,0.0
A000994,0.0,0.0,0.0,0.0,0.0,0.0,0.0,0.0,0.0,0.0,0.0,0.0,0.0,0.0,0.0,0.0,0.0,0.0,0.0,0.0,26.768402777777776,0.0,0.0,0.0,0.0,0.0,0.0,0.0,0.0,0.0,4,0.0,0.0,0.0,0.0,0.0,0.0,0.0,0.0,0.0,0.0,4.269414257282076e-51,0,0.0,1,0,0.0,374,1,0.0,0.0,0.0,0.0
A000995,0.0,0.0,0.0,0.0,0.0,0.0,0.0,0.0,0.0,0.0,0.0,0.0,0.0,0.0,0.0,0.0,0.0,0.0,0.0,0.0,26.155798611111116,0.0,0.0,0.0,0.0,0.0,0.0,0.0,0.0,0.0,3,0.0,0.0,0.0,0.0,0.0,0.0,0.0,0.0,0.0,0.0,4.269414257282076e-51,0,0.0,1,0,0.0,375,1,0.0,0.0,0.0,0.0
A000996,0.0,0.0,0.0,0.0,0.0,0.0,0.0,0.0,0.0,0.0,0.0,0.0,0.0,0.0,0.0,0.0,0.0,0.0,0.0,0.0,23.80153935185185,0.0,0.0,0.0,0.0,0.0,0.0,0.0,0.0,0.0,1,0.0,0.0,0.0,0.0,0.0,0.0,0.0,0.0,0.0,0.0,4.269414257282076e-51,0,0.0,1,0,0.0,376,1,0.0,0.0,0.0,0.0
A000997,0.0,0.0,0.0,0.0,0.0,0.0,0.0,0.0,0.0,0.0,0.0,0.0,0.0,0.0,0.0,0.0,0.0,0.0,0.0,0.0,37.583078703703706,0.0,0.0,0.0,0.0,0.0,0.0,0.0,0.0,0.0,2,0.0,0.0,0.0,0.0,0.0,0.0,0.0,0.0,0.0,0.0,4.269414257282076e-51,0,0.0,1,0,0.0,377,1,0.0,0.0,0.0,0.0
A000998,0.0,0.0,0.0,0.0,0.0,0.0,0.0,0.0,0.0,0.0,0.0,0.0,0.0,0.0,0.0,0.0,0.0,0.0,0.0,0.0,27.65511574074074,0.0,0.0,0.0,0.0,0.0,0.0,0.0,0.0,0.0,0,0.0,0.0,0.0,0.0,0.0,0.0,0.0,0.0,0.0,0.0,4.269414257282076e-51,0,0.0,1,0,0.0,378,1,0.0,0.0,0.0,0.0
A000999,0.0,0.0,0.0,0.0,0.0,0.0,0.0,0.0,0.0,0.0,0.0,0.0,0.0,0.0,0.0,0.0,0.0,0.0,0.0,0.0,31.69909722222222,0.0,0.0,0.0,0.0,0.0,0.0,0.0,0.0,0.0,3,0.0,0.0,0.0,0.0,0.0,0.0,0.0,0.0,0.0,0.0,4.269414257282076e-51,0,0.0,1,0,0.0,379,1,0.0,0.0,0.0,0.0
