account_id,population_type
A000000,normal
A000001,normal
A000002,normal
A000003,normal
A000004,normal
A000005,normal
A000006,normal
A000007,hard_negative
A000008,normal
A000009,normal
A000010,normal
A000011,normal
A000012,normal
A000013,hard_negative
A000014,hard_negative
A000015,normal
A000016,normal
A000017,normal
A000018,normal
A000019,normal
A000020,normal
A000021,normal
A000022,hard_negative
A000023,normal
A000024,hard_negative
A000025,normal
A000026,normal
A000027,normal
A000028,hard_negative
A000029,normal
A000030,hard_negative
A000031,ring
A000032,normal
A000033,hard_negative
A000034,normal
A000035,normal
A000036,normal
A000037,hard_negative
A000038,normal
A000039,normal
A000040,normal
A000041,hard_negative
A000042,normal
A000043,normal
A000044,ring
A000045,normal
A000046,normal
A000047,normal
A000048,normal
A000049,normal
A000050,normal
A000051,normal
A000052,normal
A000053,normal
A000054,normal
A000055,hard_negative
A000056,normal
A000057,normal
A000058,hard_negative
A000059,normal
A000060,normal
A000061,normal
A000062,normal
A000063,normal
A000064,normal
A000065,normal
A000066,normal
A000067,normal
A000068,ring
A000069,hard_negative
A000070,normal
A000071,normal
A000072,normal
A000073,normal
A000074,normal
A000075,normal
A000076,normal
A000077,ring
A000078,ring
A000079,hard_negative
A000080,normal
A000081,normal
A000082,normal
A000083,normal
A000084,hard_negative
A000085,normal
A000086,normal
A000087,normal
A000088,normal
A000089,normal
A000090,normal
A000091,normal
A000092,normal
A000093,normal
A000094,normal
A000095,normal
A000096,normal
A000097,normal
A000098,normal
A000099,normal
A000100,normal
A000101,normal
A000102,normal
A000103,normal
A000104,normal
A000105,normal
A000106,normal
A000107,normal
A000108,normal
A000109,normal
A000110,normal
A000111,normal
A000112,normal
A000113,normal
A000114,normal
A000115,normal
A000116,normal
A000117,hard_negative
A000118,normal
A000119,normal
A000120,normal
A000121,normal
A000122,normal
A000123,hard_negative
A000124,normal
A000125,normal
A000126,normal
A000127,normal
A000128,normal
A000129,normal
A000130,hard_negative
A000131,hard_negative
A000132,hard_negative
A000133,normal
A000134,hard_negative
A000135,normal
A000136,hard_negative
A000137,normal
A000138,normal
A000139,normal
A000140,normal
A000141,hard_negative
A000142,normal
A000143,normal
A000144,hard_negative
A000145,normal
A000146,hard_negative
A000147,normal
A000148,normal
A000149,normal
A000150,normal
A000151,normal
A000152,normal
A000153,ring
A000154,hard_negative
A000155,normal
A000156,normal
A000157,normal
A000158,normal
A000159,hard_negative
A000160,normal
A000161,hard_negative
A000162,hard_negative
A000163,normal
A000164,normal
A000165,hard_negative
A000166,normal
A000167,normal
A000168,normal
A000169,normal
A000170,normal
A000171,normal
A000172,hard_negative
A000173,hard_negative
A000174,hard_negative
A000175,hard_negative
A000176,hard_negative
A000177,normal
A000178,normal
A000179,normal
A000180,normal
A000181,normal
A000182,ring
A000183,normal
A000184,hard_negative
A000185,hard_negative
A000186,normal
A000187,normal
A000188,normal
A000189,normal
A000190,normal
A000191,normal
A000192,normal
A000193,normal
A000194,normal
A000195,normal
A000196,normal
A000197,hard_negative
A000198,hard_negative
A000199,normal
A000200,normal
A000201,normal
A000202,normal
A000203,normal
A000204,normal
A000205,hard_negative
A000206,normal
A000207,normal
A000208,normal
A000209,hard_negative
A000210,normal
A000211,normal
A000212,normal
A000213,hard_negative
A000214,normal
A000215,normal
A000216,normal
A000217,normal
A000218,normal
A000219,normal
A000220,normal
A000221,normal
A000222,normal
A000223,normal
A000224,normal
A000225,normal
A000226,hard_negative
A000227,normal
A000228,normal
A000229,normal
A000230,normal
A000231,normal
A000232,normal
A000233,normal
A000234,hard_negative
A000235,normal
A000236,normal
A000237,normal
A000238,normal
A000239,normal
A000240,normal
A000241,normal
A000242,normal
A000243,normal
A000244,normal
A000245,normal
A000246,normal
A000247,normal
A000248,normal
A000249,normal
A000250,normal
A000251,normal
A000252,hard_negative
A000253,normal
A000254,normal
A000255,hard_negative
A000256,hard_negative
A000257,normal
A000258,normal
A000259,normal
A000260,normal
A000261,normal
A000262,normal
A000263,hard_negative
A000264,normal
A000265,normal
A000266,normal
A000267,normal
A000268,normal
A000269,hard_negative
A000270,normal
A000271,normal
A000272,normal
A000273,normal
A000274,normal
A000275,normal
A000276,normal
A000277,normal
A000278,normal
A000279,normal
A000280,normal
A000281,hard_negative
A000282,normal
A000283,normal
A000284,normal
A000285,normal
A000286,normal
A000287,normal
A000288,normal
A000289,normal
A000290,normal
A000291,normal
A000292,normal
A000293,normal
A000294,normal
A000295,normal
A000296,normal
A000297,normal
A000298,normal
A000299,normal
A000300,normal
A000301,normal
A000302,normal
A000303,normal
A000304,hard_negative
A000305,normal
A000306,normal
A000307,normal
A000308,normal
A000309,normal
A000310,normal
A000311,normal
A000312,hard_negative
A000313,normal
A000314,hard_negative
A000315,normal
A000316,hard_negative
A000317,normal
A000318,normal
A000319,normal
A000320,normal
A000321,normal
A000322,normal
A000323,normal
A000324,normal
A000325,normal
A000326,normal
A000327,normal
A000328,normal
A000329,normal
A000330,normal
A000331,normal
A000332,normal
A000333,normal
A000334,normal
A000335,normal
A000336,normal
A000337,normal
A000338,normal
A000339,normal
A000340,normal
A000341,normal
A000342,normal
A000343,normal
A000344,normal
A000345,normal
A000346,normal
A000347,normal
A000348,normal
A000349,hard_negative
A000350,normal
A000351,normal
A000352,normal
A000353,normal
A000354,normal
A000355,normal
A000356,normal
A000357,normal
A000358,normal
A000359,normal
A000360,normal
A000361,normal
A000362,normal
A000363,hard_negative
A000364,normal
A000365,normal
A000366,normal
A000367,hard_negative
A000368,normal
A000369,hard_negative
A000370,hard_negative
A000371,normal
A000372,normal
A000373,normal
A000374,normal
A000375,normal
A000376,normal
A000377,normal
A000378,normal
A000379,normal
A000380,normal
A000381,hard_negative
A000382,normal
A000383,normal
A000384,normal
A000385,normal
A000386,normal
A000387,normal
A000388,ring
A000389,normal
A000390,normal
A000391,normal
A000392,normal
A000393,normal
A000394,hard_negative
A000395,normal
A000396,normal
A000397,ring
A000398,normal
A000399,ring
A000400,normal
A000401,normal
A000402,normal
A000403,normal
A000404,ring
A000405,normal
A000406,normal
A000407,normal
A000408,hard_negative
A000409,normal
A000410,normal
A000411,normal
A000412,normal
A000413,normal
A000414,normal
A000415,ring
A000416,ring
A000417,normal
A000418,normal
A000419,normal
A000420,normal
A000421,normal
A000422,normal
A000423,normal
A000424,normal
A000425,hard_negative
A000426,normal
A000427,normal
A000428,normal
A000429,normal
A000430,normal
A000431,hard_negative
A000432,hard_negative
A000433,normal
A000434,hard_negative
A000435,normal
A000436,normal
A000437,hard_negative
A000438,normal
A000439,normal
A000440,normal
A000441,ring
A000442,normal
A000443,normal
A000444,hard_negative
A000445,normal
A000446,normal
A000447,ring
A000448,hard_negative
A000449,normal
A000450,normal
A000451,normal
A000452,normal
A000453,normal
A000454,normal
A000455,normal
A000456,normal
A000457,ring
A000458,normal
A000459,normal
A000460,normal
A000461,normal
A000462,normal
A000463,normal
A000464,normal
A000465,normal
A000466,normal
A000467,normal
A000468,normal
A000469,normal
A000470,normal
A000471,normal
A000472,hard_negative
A000473,normal
A000474,normal
A000475,normal
A000476,normal
A000477,hard_negative
A000478,normal
A000479,normal
A000480,normal
A000481,normal
A000482,normal
A000483,hard_negative
A000484,normal
A000485,normal
A000486,hard_negative
A000487,normal
A000488,normal
A000489,hard_negative
A000490,normal
A000491,hard_negative
A000492,ring
A000493,ring
A000494,normal
A000495,normal
A000496,normal
A000497,normal
A000498,normal
A000499,hard_negative
A000500,normal
A000501,normal
A000502,normal
A000503,hard_negative
A000504,normal
A000505,ring
A000506,normal
A000507,normal
A000508,hard_negative
A000509,normal
A000510,normal
A000511,normal
A000512,normal
A000513,hard_negative
A000514,hard_negative
A000515,hard_negative
A000516,normal
A000517,normal
A000518,normal
A000519,normal
A000520,ring
A000521,normal
A000522,normal
A000523,normal
A000524,normal
A000525,ring
A000526,normal
A000527,hard_negative
A000528,hard_negative
A000529,normal
A000530,normal
A000531,normal
A000532,normal
A000533,normal
A000534,normal
A000535,normal
A000536,normal
A000537,hard_negative
A000538,normal
A000539,normal
A000540,normal
A000541,normal
A000542,normal
A000543,normal
A000544,normal
A000545,ring
A000546,normal
A000547,hard_negative
A000548,ring
A000549,hard_negative
A000550,hard_negative
A000551,normal
A000552,ring
A000553,normal
A000554,ring
A000555,normal
A000556,normal
A000557,ring
A000558,normal
A000559,normal
A000560,normal
A000561,hard_negative
A000562,normal
A000563,normal
A000564,normal
A000565,normal
A000566,normal
A000567,normal
A000568,normal
A000569,normal
A000570,hard_negative
A000571,normal
A000572,hard_negative
A000573,normal
A000574,normal
A000575,normal
A000576,normal
A000577,normal
A000578,hard_negative
A000579,hard_negative
A000580,normal
A000581,normal
A000582,normal
A000583,normal
A000584,hard_negative
A000585,normal
A000586,normal
A000587,normal
A000588,normal
A000589,normal
A000590,normal
A000591,hard_negative
A000592,normal
A000593,hard_negative
A000594,normal
A000595,normal
A000596,normal
A000597,normal
A000598,normal
A000599,normal
A000600,normal
A000601,normal
A000602,normal
A000603,normal
A000604,hard_negative
A000605,normal
A000606,normal
A000607,normal
A000608,normal
A000609,hard_negative
A000610,normal
A000611,normal
A000612,normal
A000613,normal
A000614,normal
A000615,normal
A000616,normal
A000617,normal
A000618,normal
A000619,hard_negative
A000620,normal
A000621,normal
A000622,normal
A000623,hard_negative
A000624,hard_negative
A000625,ring
A000626,hard_negative
A000627,normal
A000628,normal
A000629,normal
A000630,normal
A000631,normal
A000632,normal
A000633,hard_negative
A000634,normal
A000635,ring
A000636,ring
A000637,normal
A000638,normal
A000639,normal
A000640,ring
A000641,hard_negative
A000642,normal
A000643,ring
A000644,normal
A000645,normal
A000646,ring
A000647,normal
A000648,normal
A000649,normal
A000650,normal
A000651,normal
A000652,hard_negative
A000653,normal
A000654,normal
A000655,normal
A000656,normal
A000657,normal
A000658,normal
A000659,normal
A000660,normal
A000661,normal
A000662,ring
A000663,normal
A000664,normal
A000665,normal
A000666,normal
A000667,hard_negative
A000668,normal
A000669,normal
A000670,normal
A000671,normal
A000672,normal
A000673,normal
A000674,normal
A000675,normal
A000676,normal
A000677,hard_negative
A000678,normal
A000679,normal
A000680,normal
A000681,normal
A000682,normal
A000683,normal
A000684,hard_negative
A000685,normal
A000686,normal
A000687,normal
A000688,normal
A000689,normal
A000690,ring
A000691,hard_negative
A000692,normal
A000693,normal
A000694,normal
A000695,normal
A000696,normal
A000697,normal
A000698,normal
A000699,normal
A000700,ring
A000701,normal
A000702,normal
A000703,normal
A000704,normal
A000705,hard_negative
A000706,normal
A000707,normal
A000708,normal
A000709,normal
A000710,hard_negative
A000711,hard_negative
A000712,normal
A000713,normal
A000714,hard_negative
A000715,normal
A000716,normal
A000717,normal
A000718,normal
A000719,hard_negative
A000720,normal
A000721,normal
A000722,normal
A000723,normal
A000724,normal
A000725,normal
A000726,normal
A000727,normal
A000728,normal
A000729,normal
A000730,normal
A000731,normal
A000732,normal
A000733,hard_negative
A000734,normal
A000735,normal
A000736,normal
A000737,hard_negative
A000738,hard_negative
A000739,normal
A000740,normal
A000741,normal
A000742,normal
A000743,normal
A000744,normal
A000745,hard_negative
A000746,normal
A000747,hard_negative
A000748,normal
A000749,normal
A000750,hard_negative
A000751,normal
A000752,normal
A000753,normal
A000754,normal
A000755,normal
A000756,hard_negative
A000757,normal
A000758,normal
A000759,hard_negative
A000760,hard_negative
A000761,hard_negative
A000762,ring
A000763,normal
A000764,normal
A000765,normal
A000766,normal
A000767,normal
A000768,normal
A000769,normal
A000770,normal
A000771,normal
A000772,hard_negative
A000773,normal
A000774,normal
A000775,normal
A000776,normal
A000777,normal
A000778,normal
A000779,normal
A000780,normal
A000781,normal
A000782,normal
A000783,normal
A000784,normal
A000785,normal
A000786,normal
A000787,normal
A000788,normal
A000789,normal
A000790,hard_negative
A000791,normal
A000792,normal
A000793,normal
A000794,normal
A000795,ring
A000796,normal
A000797,normal
A000798,normal
A000799,normal
A000800,normal
A000801,ring
A000802,hard_negative
A000803,normal
A000804,normal
A000805,normal
A000806,normal
A000807,normal
A000808,hard_negative
A000809,normal
A000810,normal
A000811,normal
A000812,normal
A000813,ring
A000814,ring
A000815,normal
A000816,normal
A000817,normal
A000818,normal
A000819,normal
A000820,normal
A000821,normal
A000822,normal
A000823,normal
A000824,normal
A000825,hard_negative
A000826,hard_negative
A000827,hard_negative
A000828,normal
A000829,normal
A000830,normal
A000831,normal
A000832,normal
A000833,normal
A000834,normal
A000835,normal
A000836,ring
A000837,normal
A000838,normal
A000839,normal
A000840,normal
A000841,hard_negative
A000842,normal
A000843,normal
A000844,normal
A000845,normal
A000846,normal
A000847,normal
A000848,normal
A000849,normal
A000850,normal
A000851,normal
A000852,normal
A000853,normal
A000854,normal
A000855,normal
A000856,normal
A000857,normal
A000858,hard_negative
A000859,normal
A000860,normal
A000861,normal
A000862,normal
A000863,normal
A000864,normal
A000865,normal
A000866,normal
A000867,normal
A000868,normal
A000869,hard_negative
A000870,normal
A000871,ring
A000872,normal
A000873,normal
A000874,normal
A000875,hard_negative
A000876,normal
A000877,normal
A000878,normal
A000879,normal
A000880,normal
A000881,normal
A000882,normal
A000883,normal
A000884,normal
A000885,normal
A000886,normal
A000887,ring
A000888,normal
A000889,normal
A000890,hard_negative
A000891,hard_negative
A000892,normal
A000893,normal
A000894,normal
A000895,normal
A000896,hard_negative
A000897,normal
A000898,hard_negative
A000899,ring
A000900,normal
A000901,normal
A000902,normal
A000903,normal
A000904,normal
A000905,normal
A000906,normal
A000907,normal
A000908,normal
A000909,normal
A000910,normal
A000911,normal
A000912,hard_negative
A000913,normal
A000914,normal
A000915,ring
A000916,normal
A000917,hard_negative
A000918,normal
A000919,normal
A000920,normal
A000921,normal
A000922,normal
A000923,normal
A000924,hard_negative
A000925,hard_negative
A000926,ring
A000927,normal
A000928,hard_negative
A000929,normal
A000930,normal
A000931,hard_negative
A000932,normal
A000933,normal
A000934,normal
A000935,normal
A000936,ring
A000937,hard_negative
A000938,normal
A000939,normal
A000940,ring
A000941,normal
A000942,hard_negative
A000943,normal
A000944,normal
A000945,hard_negative
A000946,normal
A000947,normal
A000948,normal
A000949,normal
A000950,normal
A000951,normal
A000952,hard_negative
A000953,normal
A000954,normal
A000955,normal
A000956,normal
A000957,normal
A000958,normal
A000959,normal
A000960,normal
A000961,normal
A000962,ring
A000963,normal
A000964,normal
A000965,normal
A000966,normal
A000967,normal
A000968,ring
A000969,normal
A000970,normal
A000971,hard_negative
A000972,hard_negative
A000973,normal
A000974,normal
A000975,normal
A000976,normal
A000977,ring
A000978,normal
A000979,normal
A000980,ring
A000981,normal
A000982,normal
A000983,normal
A000984,normal
A000985,normal
A000986,normal
A000987,hard_negative
A000988,normal
A000989,normal
A000990,normal
A000991,normal
A000992,normal
A000993,normal
A000994,normal
A000995,normal
A000996,hard_negative
A000997,hard_negative
A000998,normal
A000999,normal
A001000,normal
A001001,hard_negative
A001002,normal
A001003,normal
A001004,normal
A001005,normal
A001006,hard_negative
A001007,hard_negative
A001008,normal
A001009,normal
A001010,normal
A001011,normal
A001012,normal
A001013,normal
A001014,normal
A001015,hard_negative
A001016,normal
A001017,normal
A001018,normal
A001019,normal
A001020,normal
A001021,normal
A001022,normal
A001023,normal
A001024,normal
A001025,ring
A001026,normal
A001027,normal
A001028,normal
A001029,normal
A001030,ring
A001031,normal
A001032,hard_negative
A001033,normal
A001034,normal
A001035,normal
A001036,normal
A001037,hard_negative
A001038,normal
A001039,normal
A001040,normal
A001041,normal
A001042,normal
A001043,ring
A001044,normal
A001045,ring
A001046,normal
A001047,normal
A001048,normal
A001049,normal
A001050,normal
A001051,normal
A001052,normal
A001053,hard_negative
A001054,normal
A001055,normal
A001056,normal
A001057,normal
A001058,hard_negative
A001059,normal
A001060,normal
A001061,normal
A001062,normal
A001063,normal
A001064,normal
A001065,normal
A001066,normal
A001067,normal
A001068,hard_negative
A001069,normal
A001070,normal
A001071,normal
A001072,normal
A001073,normal
A001074,normal
A001075,hard_negative
A001076,hard_negative
A001077,hard_negative
A001078,normal
A001079,normal
A001080,normal
A001081,hard_negative
A001082,normal
A001083,normal
A001084,normal
A001085,normal
A001086,normal
A001087,hard_negative
A001088,normal
A001089,hard_negative
A001090,normal
A001091,normal
A001092,normal
A001093,normal
A001094,normal
A001095,normal
A001096,normal
A001097,normal
A001098,normal
A001099,normal
A001100,normal
A001101,normal
A001102,normal
A001103,normal
A001104,normal
A001105,normal
A001106,normal
A001107,normal
A001108,hard_negative
A001109,normal
A001110,normal
A001111,normal
A001112,normal
A001113,normal
A001114,hard_negative
A001115,normal
A001116,normal
A001117,normal
A001118,normal
A001119,normal
A001120,normal
A001121,normal
A001122,hard_negative
A001123,normal
A001124,hard_negative
A001125,normal
A001126,normal
A001127,normal
A001128,normal
A001129,normal
A001130,normal
A001131,normal
A001132,normal
A001133,normal
A001134,normal
A001135,normal
A001136,normal
A001137,normal
A001138,hard_negative
A001139,normal
A001140,normal
A001141,normal
A001142,normal
A001143,normal
A001144,hard_negative
A001145,normal
A001146,normal
A001147,normal
A001148,normal
A001149,normal
A001150,normal
A001151,hard_negative
A001152,normal
A001153,normal
A001154,normal
A001155,normal
A001156,hard_negative
A001157,hard_negative
A001158,hard_negative
A001159,normal
A001160,normal
A001161,normal
A001162,normal
A001163,ring
A001164,normal
A001165,normal
A001166,normal
A001167,normal
A001168,normal
A001169,hard_negative
A001170,normal
A001171,normal
A001172,hard_negative
A001173,hard_negative
A001174,normal
A001175,normal
A001176,hard_negative
A001177,normal
A001178,normal
A001179,normal
A001180,hard_negative
A001181,normal
A001182,normal
A001183,normal
A001184,normal
A001185,hard_negative
A001186,hard_negative
A001187,normal
A001188,normal
A001189,normal
A001190,normal
A001191,normal
A001192,hard_negative
A001193,normal
A001194,normal
A001195,normal
A001196,normal
A001197,hard_negative
A001198,normal
A001199,ring
A001200,hard_negative
A001201,hard_negative
A001202,normal
A001203,normal
A001204,normal
A001205,normal
A001206,normal
A001207,hard_negative
A001208,ring
A001209,hard_negative
A001210,normal
A001211,normal
A001212,normal
A001213,normal
A001214,normal
A001215,hard_negative
A001216,normal
A001217,normal
A001218,normal
A001219,normal
A001220,normal
A001221,hard_negative
A001222,normal
A001223,hard_negative
A001224,normal
A001225,normal
A001226,normal
A001227,normal
A001228,normal
A001229,normal
A001230,normal
A001231,hard_negative
A001232,normal
A001233,normal
A001234,normal
A001235,normal
A001236,normal
A001237,normal
A001238,normal
A001239,normal
A001240,normal
A001241,normal
A001242,normal
A001243,normal
A001244,normal
A001245,normal
A001246,normal
A001247,hard_negative
A001248,hard_negative
A001249,normal
A001250,normal
A001251,normal
A001252,normal
A001253,normal
A001254,normal
A001255,normal
A001256,normal
A001257,normal
A001258,hard_negative
A001259,normal
A001260,hard_negative
A001261,hard_negative
A001262,ring
A001263,normal
A001264,normal
A001265,hard_negative
A001266,hard_negative
A001267,normal
A001268,normal
A001269,normal
A001270,hard_negative
A001271,normal
A001272,normal
A001273,ring
A001274,hard_negative
A001275,hard_negative
A001276,normal
A001277,normal
A001278,normal
A001279,normal
A001280,normal
A001281,normal
A001282,normal
A001283,normal
A001284,normal
A001285,normal
A001286,normal
A001287,normal
A001288,normal
A001289,normal
A001290,normal
A001291,normal
A001292,normal
A001293,normal
A001294,normal
A001295,normal
A001296,normal
A001297,hard_negative
A001298,hard_negative
A001299,normal
A001300,normal
A001301,normal
A001302,normal
A001303,normal
A001304,normal
A001305,normal
A001306,normal
A001307,hard_negative
A001308,normal
A001309,normal
A001310,normal
A001311,ring
A001312,normal
A001313,hard_negative
A001314,normal
A001315,normal
A001316,normal
A001317,normal
A001318,normal
A001319,normal
A001320,hard_negative
A001321,normal
A001322,normal
A001323,normal
A001324,hard_negative
A001325,normal
A001326,normal
A001327,normal
A001328,normal
A001329,normal
A001330,normal
A001331,hard_negative
A001332,ring
A001333,hard_negative
A001334,normal
A001335,hard_negative
A001336,normal
A001337,normal
A001338,ring
A001339,normal
A001340,normal
A001341,normal
A001342,normal
A001343,ring
A001344,normal
A001345,normal
A001346,normal
A001347,normal
A001348,hard_negative
A001349,normal
A001350,hard_negative
A001351,hard_negative
A001352,normal
A001353,normal
A001354,normal
A001355,normal
A001356,ring
A001357,normal
A001358,normal
A001359,normal
A001360,hard_negative
A001361,normal
A001362,normal
A001363,normal
A001364,normal
A001365,normal
A001366,normal
A001367,normal
A001368,normal
A001369,normal
A001370,normal
A001371,normal
A001372,normal
A001373,normal
A001374,normal
A001375,normal
A001376,hard_negative
A001377,normal
A001378,hard_negative
A001379,normal
A001380,normal
A001381,normal
A001382,hard_negative
A001383,normal
A001384,normal
A001385,normal
A001386,normal
A001387,normal
A001388,normal
A001389,normal
A001390,normal
A001391,normal
A001392,normal
A001393,hard_negative
A001394,normal
A001395,normal
A001396,normal
A001397,ring
A001398,normal
A001399,normal
A001400,normal
A001401,normal
A001402,normal
A001403,hard_negative
A001404,normal
A001405,hard_negative
A001406,normal
A001407,normal
A001408,normal
A001409,normal
A001410,hard_negative
A001411,normal
A001412,ring
A001413,normal
A001414,normal
A001415,normal
A001416,hard_negative
A001417,normal
A001418,normal
A001419,normal
A001420,normal
A001421,normal
A001422,ring
A001423,normal
A001424,normal
A001425,normal
A001426,normal
A001427,normal
A001428,normal
A001429,normal
A001430,normal
A001431,normal
A001432,normal
A001433,normal
A001434,normal
A001435,normal
A001436,normal
A001437,ring
A001438,normal
A001439,normal
A001440,normal
A001441,normal
A001442,normal
A001443,hard_negative
A001444,normal
A001445,normal
A001446,normal
A001447,hard_negative
A001448,normal
A001449,normal
A001450,normal
A001451,hard_negative
A001452,normal
A001453,normal
A001454,normal
A001455,normal
A001456,normal
A001457,normal
A001458,normal
A001459,normal
A001460,normal
A001461,normal
A001462,normal
A001463,normal
A001464,normal
A001465,normal
A001466,normal
A001467,normal
A001468,normal
A001469,normal
A001470,normal
A001471,hard_negative
A001472,normal
A001473,normal
A001474,normal
A001475,normal
A001476,normal
A001477,normal
A001478,normal
A001479,normal
A001480,normal
A001481,hard_negative
A001482,normal
A001483,normal
A001484,normal
A001485,normal
A001486,normal
A001487,normal
A001488,normal
A001489,normal
A001490,normal
A001491,normal
A001492,normal
A001493,normal
A001494,normal
A001495,normal
A001496,normal
A001497,normal
A001498,hard_negative
A001499,normal
A001500,normal
A001501,normal
A001502,hard_negative
A001503,normal
A001504,normal
A001505,normal
A001506,normal
A001507,normal
A001508,normal
A001509,hard_negative
A001510,normal
A001511,normal
A001512,normal
A001513,normal
A001514,normal
A001515,normal
A001516,normal
A001517,normal
A001518,normal
A001519,normal
A001520,normal
A001521,normal
A001522,hard_negative
A001523,hard_negative
A001524,normal
A001525,normal
A001526,normal
A001527,normal
A001528,normal
A001529,normal
A001530,hard_negative
A001531,normal
A001532,normal
A001533,normal
A001534,normal
A001535,normal
A001536,normal
A001537,normal
A001538,normal
A001539,normal
A001540,hard_negative
A001541,normal
A001542,normal
A001543,hard_negative
A001544,normal
A001545,normal
A001546,hard_negative
A001547,normal
A001548,normal
A001549,normal
A001550,normal
A001551,hard_negative
A001552,normal
A001553,normal
A001554,normal
A001555,normal
A001556,hard_negative
A001557,normal
A001558,normal
A001559,hard_negative
A001560,normal
A001561,ring
A001562,normal
A001563,hard_negative
A001564,normal
A001565,normal
A001566,hard_negative
A001567,normal
A001568,hard_negative
A001569,normal
A001570,normal
A001571,hard_negative
A001572,normal
A001573,normal
A001574,normal
A001575,normal
A001576,normal
A001577,normal
A001578,normal
A001579,normal
A001580,normal
A001581,normal
A001582,ring
A001583,normal
A001584,normal
A001585,normal
A001586,normal
A001587,normal
A001588,normal
A001589,normal
A001590,hard_negative
A001591,normal
A001592,normal
A001593,ring
A001594,normal
A001595,hard_negative
A001596,hard_negative
A001597,normal
A001598,hard_negative
A001599,normal
A001600,normal
A001601,normal
A001602,hard_negative
A001603,normal
A001604,normal
A001605,normal
A001606,normal
A001607,normal
A001608,normal
A001609,normal
A001610,normal
A001611,hard_negative
A001612,normal
A001613,normal
A001614,hard_negative
A001615,normal
A001616,normal
A001617,normal
A001618,hard_negative
A001619,normal
A001620,hard_negative
A001621,normal
A001622,hard_negative
A001623,normal
A001624,normal
A001625,normal
A001626,normal
A001627,normal
A001628,normal
A001629,normal
A001630,normal
A001631,hard_negative
A001632,hard_negative
A001633,normal
A001634,hard_negative
A001635,normal
A001636,hard_negative
A001637,normal
A001638,normal
A001639,hard_negative
A001640,normal
A001641,normal
A001642,normal
A001643,normal
A001644,normal
A001645,normal
A001646,ring
A001647,normal
A001648,normal
A001649,normal
A001650,normal
A001651,normal
A001652,hard_negative
A001653,normal
A001654,normal
A001655,normal
A001656,normal
A001657,normal
A001658,normal
A001659,hard_negative
A001660,normal
A001661,ring
A001662,normal
A001663,normal
A001664,normal
A001665,hard_negative
A001666,normal
A001667,normal
A001668,hard_negative
A001669,normal
A001670,normal
A001671,normal
A001672,normal
A001673,normal
A001674,normal
A001675,normal
A001676,normal
A001677,hard_negative
A001678,hard_negative
A001679,normal
A001680,normal
A001681,normal
A001682,normal
A001683,normal
A001684,normal
A001685,hard_negative
A001686,normal
A001687,normal
A001688,normal
A001689,hard_negative
A001690,normal
A001691,normal
A001692,normal
A001693,hard_negative
A001694,hard_negative
A001695,ring
A001696,normal
A001697,normal
A001698,normal
A001699,normal
A001700,hard_negative
A001701,normal
A001702,normal
A001703,normal
A001704,ring
A001705,normal
A001706,hard_negative
A001707,normal
A001708,hard_negative
A001709,normal
A001710,normal
A001711,normal
A001712,normal
A001713,normal
A001714,normal
A001715,hard_negative
A001716,normal
A001717,normal
A001718,normal
A001719,hard_negative
A001720,normal
A001721,normal
A001722,normal
A001723,normal
A001724,normal
A001725,normal
A001726,normal
A001727,normal
A001728,normal
A001729,normal
A001730,hard_negative
A001731,normal
A001732,normal
A001733,normal
A001734,normal
A001735,normal
A001736,normal
A001737,normal
A001738,hard_negative
A001739,normal
A001740,normal
A001741,hard_negative
A001742,normal
A001743,normal
A001744,hard_negative
A001745,hard_negative
A001746,normal
A001747,normal
A001748,normal
A001749,normal
A001750,hard_negative
A001751,normal
A001752,normal
A001753,normal
A001754,normal
A001755,normal
A001756,normal
A001757,normal
A001758,normal
A001759,normal
A001760,normal
A001761,normal
A001762,normal
A001763,ring
A001764,hard_negative
A001765,normal
A001766,normal
A001767,normal
A001768,hard_negative
A001769,normal
A001770,normal
A001771,ring
A001772,normal
A001773,normal
A001774,normal
A001775,ring
A001776,normal
A001777,normal
A001778,hard_negative
A001779,normal
A001780,normal
A001781,normal
A001782,normal
A001783,hard_negative
A001784,normal
A001785,normal
A001786,hard_negative
A001787,normal
A001788,normal
A001789,normal
A001790,normal
A001791,hard_negative
A001792,ring
A001793,hard_negative
A001794,normal
A001795,normal
A001796,normal
A001797,ring
A001798,ring
A001799,normal
A001800,normal
A001801,hard_negative
A001802,normal
A001803,normal
A001804,normal
A001805,normal
A001806,normal
A001807,normal
A001808,hard_negative
A001809,normal
A001810,hard_negative
A001811,ring
A001812,normal
A001813,normal
A001814,normal
A001815,normal
A001816,normal
A001817,normal
A001818,normal
A001819,normal
A001820,normal
A001821,hard_negative
A001822,normal
A001823,normal
A001824,normal
A001825,normal
A001826,ring
A001827,hard_negative
A001828,hard_negative
A001829,normal
A001830,normal
A001831,normal
A001832,normal
A001833,normal
A001834,normal
A001835,normal
A001836,normal
A001837,normal
A001838,normal
A001839,normal
A001840,normal
A001841,normal
A001842,normal
A001843,normal
A001844,normal
A001845,hard_negative
A001846,hard_negative
A001847,hard_negative
A001848,ring
A001849,normal
A001850,normal
A001851,normal
A001852,normal
A001853,normal
A001854,normal
A001855,hard_negative
A001856,normal
A001857,normal
A001858,hard_negative
A001859,normal
A001860,hard_negative
A001861,normal
A001862,normal
A001863,normal
A001864,normal
A001865,normal
A001866,ring
A001867,normal
A001868,normal
A001869,hard_negative
A001870,normal
A001871,normal
A001872,normal
A001873,normal
A001874,normal
A001875,normal
A001876,hard_negative
A001877,normal
A001878,normal
A001879,normal
A001880,normal
A001881,normal
A001882,normal
A001883,normal
A001884,hard_negative
A001885,normal
A001886,normal
A001887,normal
A001888,normal
A001889,normal
A001890,normal
A001891,normal
A001892,normal
A001893,normal
A001894,hard_negative
A001895,normal
A001896,normal
A001897,ring
A001898,normal
A001899,normal
A001900,normal
A001901,normal
A001902,hard_negative
A001903,normal
A001904,normal
A001905,normal
A001906,normal
A001907,normal
A001908,normal
A001909,normal
A001910,normal
A001911,normal
A001912,normal
A001913,normal
A001914,normal
A001915,hard_negative
A001916,hard_negative
A001917,normal
A001918,normal
A001919,hard_negative
A001920,normal
A001921,normal
A001922,normal
A001923,normal
A001924,normal
A001925,normal
A001926,normal
A001927,normal
A001928,normal
A001929,normal
A001930,normal
A001931,normal
A001932,normal
A001933,normal
A001934,normal
A001935,normal
A001936,normal
A001937,normal
A001938,normal
A001939,hard_negative
A001940,hard_negative
A001941,normal
A001942,hard_negative
A001943,hard_negative
A001944,hard_negative
A001945,normal
A001946,normal
A001947,hard_negative
A001948,normal
A001949,normal
A001950,hard_negative
A001951,normal
A001952,normal
A001953,normal
A001954,normal
A001955,normal
A001956,normal
A001957,normal
A001958,normal
A001959,normal
A001960,normal
A001961,hard_negative
A001962,normal
A001963,hard_negative
A001964,normal
A001965,normal
A001966,normal
A001967,normal
A001968,normal
A001969,normal
A001970,normal
A001971,normal
A001972,normal
A001973,normal
A001974,normal
A001975,normal
A001976,normal
A001977,normal
A001978,hard_negative
A001979,normal
A001980,normal
A001981,normal
A001982,normal
A001983,normal
A001984,normal
A001985,hard_negative
A001986,normal
A001987,normal
A001988,normal
A001989,normal
A001990,normal
A001991,normal
A001992,normal
A001993,normal
A001994,normal
A001995,normal
A001996,normal
A001997,normal
A001998,hard_negative
A001999,normal
A002000,normal
A002001,normal
A002002,normal
A002003,normal
A002004,hard_negative
A002005,normal
A002006,hard_negative
A002007,ring
A002008,normal
A002009,normal
A002010,normal
A002011,normal
A002012,normal
A002013,normal
A002014,normal
A002015,normal
A002016,normal
A002017,normal
A002018,normal
A002019,normal
A002020,normal
A002021,hard_negative
A002022,hard_negative
A002023,normal
A002024,normal
A002025,hard_negative
A002026,normal
A002027,hard_negative
A002028,hard_negative
A002029,normal
A002030,normal
A002031,normal
A002032,hard_negative
A002033,normal
A002034,ring
A002035,hard_negative
A002036,normal
A002037,hard_negative
A002038,normal
A002039,normal
A002040,normal
A002041,normal
A002042,normal
A002043,normal
A002044,normal
A002045,normal
A002046,hard_negative
A002047,normal
A002048,normal
A002049,normal
A002050,hard_negative
A002051,ring
A002052,normal
A002053,ring
A002054,normal
A002055,normal
A002056,normal
A002057,hard_negative
A002058,normal
A002059,normal
A002060,normal
A002061,normal
A002062,normal
A002063,normal
A002064,normal
A002065,normal
A002066,normal
A002067,hard_negative
A002068,normal
A002069,normal
A002070,normal
A002071,normal
A002072,normal
A002073,normal
A002074,normal
A002075,normal
A002076,normal
A002077,normal
A002078,normal
A002079,normal
A002080,normal
A002081,ring
A002082,normal
A002083,normal
A002084,hard_negative
A002085,normal
A002086,normal
A002087,normal
A002088,normal
A002089,normal
A002090,normal
A002091,normal
A002092,normal
A002093,hard_negative
A002094,normal
A002095,normal
A002096,normal
A002097,normal
A002098,normal
A002099,ring
A002100,normal
A002101,normal
A002102,normal
A002103,normal
A002104,normal
A002105,normal
A002106,normal
A002107,normal
A002108,normal
A002109,normal
A002110,normal
A002111,hard_negative
A002112,normal
A002113,normal
A002114,normal
A002115,normal
A002116,normal
A002117,normal
A002118,ring
A002119,normal
A002120,hard_negative
A002121,normal
A002122,normal
A002123,normal
A002124,hard_negative
A002125,normal
A002126,normal
A002127,normal
A002128,normal
A002129,normal
A002130,hard_negative
A002131,normal
A002132,normal
A002133,normal
A002134,ring
A002135,normal
A002136,normal
A002137,normal
A002138,normal
A002139,hard_negative
A002140,normal
A002141,normal
A002142,normal
A002143,normal
A002144,ring
A002145,normal
A002146,normal
A002147,normal
A002148,hard_negative
A002149,normal
A002150,ring
A002151,normal
A002152,hard_negative
A002153,normal
A002154,normal
A002155,normal
A002156,normal
A002157,normal
A002158,normal
A002159,normal
A002160,hard_negative
A002161,normal
A002162,normal
A002163,normal
A002164,normal
A002165,normal
A002166,normal
A002167,normal
A002168,hard_negative
A002169,normal
A002170,hard_negative
A002171,normal
A002172,normal
A002173,normal
A002174,normal
A002175,normal
A002176,normal
A002177,normal
A002178,normal
A002179,normal
A002180,normal
A002181,ring
A002182,normal
A002183,normal
A002184,hard_negative
A002185,normal
A002186,normal
A002187,normal
A002188,ring
A002189,normal
A002190,normal
A002191,normal
A002192,ring
A002193,normal
A002194,normal
A002195,normal
A002196,ring
A002197,normal
A002198,normal
A002199,normal
A002200,hard_negative
A002201,hard_negative
A002202,normal
A002203,normal
A002204,hard_negative
A002205,normal
A002206,hard_negative
A002207,ring
A002208,ring
A002209,normal
A002210,normal
A002211,normal
A002212,hard_negative
A002213,normal
A002214,ring
A002215,normal
A002216,normal
A002217,normal
A002218,normal
A002219,hard_negative
A002220,normal
A002221,ring
A002222,normal
A002223,normal
A002224,ring
A002225,hard_negative
A002226,hard_negative
A002227,normal
A002228,normal
A002229,ring
A002230,normal
A002231,normal
A002232,normal
A002233,normal
A002234,normal
A002235,normal
A002236,normal
A002237,normal
A002238,hard_negative
A002239,normal
A002240,hard_negative
A002241,normal
A002242,normal
A002243,ring
A002244,normal
A002245,normal
A002246,normal
A002247,hard_negative
A002248,normal
A002249,normal
A002250,normal
A002251,normal
A002252,normal
A002253,hard_negative
A002254,normal
A002255,hard_negative
A002256,normal
A002257,normal
A002258,normal
A002259,normal
A002260,normal
A002261,normal
A002262,normal
A002263,normal
A002264,normal
A002265,ring
A002266,normal
A002267,normal
A002268,normal
A002269,normal
A002270,normal
A002271,normal
A002272,hard_negative
A002273,normal
A002274,ring
A002275,normal
A002276,hard_negative
A002277,normal
A002278,normal
A002279,normal
A002280,normal
A002281,normal
A002282,normal
A002283,normal
A002284,normal
A002285,normal
A002286,normal
A002287,normal
A002288,hard_negative
A002289,normal
A002290,normal
A002291,normal
A002292,normal
A002293,normal
A002294,normal
A002295,normal
A002296,normal
A002297,normal
A002298,ring
A002299,normal
A002300,normal
A002301,normal
A002302,normal
A002303,normal
A002304,normal
A002305,hard_negative
A002306,normal
A002307,normal
A002308,normal
A002309,normal
A002310,normal
A002311,normal
A002312,hard_negative
A002313,normal
A002314,normal
A002315,normal
A002316,hard_negative
A002317,normal
A002318,normal
A002319,normal
A002320,hard_negative
A002321,normal
A002322,normal
A002323,normal
A002324,normal
A002325,hard_negative
A002326,normal
A002327,normal
A002328,normal
A002329,normal
A002330,normal
A002331,normal
A002332,normal
A002333,normal
A002334,normal
A002335,normal
A002336,normal
A002337,normal
A002338,normal
A002339,normal
A002340,normal
A002341,normal
A002342,ring
A002343,normal
A002344,hard_negative
A002345,ring
A002346,normal
A002347,normal
A002348,normal
A002349,normal
A002350,normal
A002351,normal
A002352,normal
A002353,normal
A002354,ring
A002355,normal
A002356,normal
A002357,ring
A002358,normal
A002359,normal
A002360,ring
A002361,normal
A002362,hard_negative
A002363,normal
A002364,normal
A002365,normal
A002366,normal
A002367,normal
A002368,normal
A002369,normal
A002370,normal
A002371,normal
A002372,normal
A002373,ring
A002374,normal
A002375,ring
A002376,normal
A002377,hard_negative
A002378,hard_negative
A002379,normal
A002380,hard_negative
A002381,hard_negative
A002382,normal
A002383,normal
A002384,normal
A002385,normal
A002386,normal
A002387,normal
A002388,normal
A002389,ring
A002390,hard_negative
A002391,normal
A002392,normal
A002393,normal
A002394,normal
A002395,normal
A002396,normal
A002397,normal
A002398,normal
A002399,normal
A002400,normal
A002401,ring
A002402,hard_negative
A002403,hard_negative
A002404,normal
A002405,normal
A002406,normal
A002407,normal
A002408,normal
A002409,normal
A002410,ring
A002411,normal
A002412,ring
A002413,normal
A002414,normal
A002415,normal
A002416,normal
A002417,normal
A002418,normal
A002419,normal
A002420,normal
A002421,normal
A002422,normal
A002423,normal
A002424,normal
A002425,normal
A002426,normal
A002427,normal
A002428,normal
A002429,hard_negative
A002430,hard_negative
A002431,normal
A002432,hard_negative
A002433,normal
A002434,hard_negative
A002435,hard_negative
A002436,normal
A002437,normal
A002438,normal
A002439,normal
A002440,hard_negative
A002441,normal
A002442,normal
A002443,normal
A002444,normal
A002445,normal
A002446,normal
A002447,normal
A002448,hard_negative
A002449,normal
A002450,normal
A002451,normal
A002452,normal
A002453,normal
A002454,normal
A002455,normal
A002456,normal
A002457,normal
A002458,normal
A002459,normal
A002460,normal
A002461,normal
A002462,normal
A002463,hard_negative
A002464,normal
A002465,normal
A002466,normal
A002467,normal
A002468,normal
A002469,normal
A002470,normal
A002471,normal
A002472,ring
A002473,hard_negative
A002474,normal
A002475,normal
A002476,normal
A002477,normal
A002478,normal
A002479,normal
A002480,normal
A002481,normal
A002482,normal
A002483,normal
A002484,hard_negative
A002485,ring
A002486,normal
A002487,hard_negative
A002488,normal
A002489,normal
A002490,normal
A002491,normal
A002492,normal
A002493,normal
A002494,hard_negative
A002495,normal
A002496,normal
A002497,normal
A002498,normal
A002499,normal
A002500,ring
A002501,normal
A002502,normal
A002503,normal
A002504,hard_negative
A002505,normal
A002506,normal
A002507,normal
A002508,normal
A002509,normal
A002510,normal
A002511,normal
A002512,normal
A002513,normal
A002514,normal
A002515,normal
A002516,hard_negative
A002517,hard_negative
A002518,normal
A002519,normal
A002520,normal
A002521,normal
A002522,ring
A002523,hard_negative
A002524,ring
A002525,normal
A002526,normal
A002527,normal
A002528,normal
A002529,hard_negative
A002530,normal
A002531,normal
A002532,normal
A002533,normal
A002534,normal
A002535,normal
A002536,hard_negative
A002537,normal
A002538,normal
A002539,hard_negative
A002540,normal
A002541,normal
A002542,normal
A002543,normal
A002544,hard_negative
A002545,normal
A002546,normal
A002547,hard_negative
A002548,normal
A002549,hard_negative
A002550,normal
A002551,normal
A002552,normal
A002553,hard_negative
A002554,normal
A002555,normal
A002556,ring
A002557,normal
A002558,normal
A002559,normal
A002560,normal
A002561,normal
A002562,normal
A002563,ring
A002564,normal
A002565,normal
A002566,normal
A002567,normal
A002568,normal
A002569,normal
A002570,normal
A002571,normal
A002572,normal
A002573,normal
A002574,normal
A002575,normal
A002576,normal
A002577,hard_negative
A002578,normal
A002579,normal
A002580,normal
A002581,hard_negative
A002582,normal
A002583,normal
A002584,normal
A002585,normal
A002586,normal
A002587,normal
A002588,normal
A002589,normal
A002590,normal
A002591,hard_negative
A002592,normal
A002593,normal
A002594,normal
A002595,normal
A002596,hard_negative
A002597,hard_negative
A002598,normal
A002599,normal
A002600,hard_negative
A002601,hard_negative
A002602,normal
A002603,normal
A002604,normal
A002605,normal
A002606,normal
A002607,normal
A002608,normal
A002609,normal
A002610,normal
A002611,normal
A002612,normal
A002613,normal
A002614,normal
A002615,normal
A002616,normal
A002617,hard_negative
A002618,normal
A002619,normal
A002620,normal
A002621,normal
A002622,normal
A002623,normal
A002624,hard_negative
A002625,normal
A002626,normal
A002627,normal
A002628,hard_negative
A002629,normal
A002630,normal
A002631,normal
A002632,hard_negative
A002633,normal
A002634,normal
A002635,normal
A002636,ring
A002637,normal
A002638,normal
A002639,normal
A002640,normal
A002641,normal
A002642,normal
A002643,normal
A002644,normal
A002645,normal
A002646,hard_negative
A002647,hard_negative
A002648,normal
A002649,normal
A002650,normal
A002651,normal
A002652,normal
A002653,normal
A002654,normal
A002655,normal
A002656,normal
A002657,normal
A002658,hard_negative
A002659,normal
A002660,normal
A002661,normal
A002662,normal
A002663,normal
A002664,normal
A002665,normal
A002666,normal
A002667,normal
A002668,normal
A002669,hard_negative
A002670,normal
A002671,hard_negative
A002672,normal
A002673,normal
A002674,normal
A002675,normal
A002676,normal
A002677,normal
A002678,normal
A002679,normal
A002680,hard_negative
A002681,normal
A002682,normal
A002683,normal
A002684,normal
A002685,normal
A002686,normal
A002687,normal
A002688,normal
A002689,normal
A002690,hard_negative
A002691,normal
A002692,normal
A002693,normal
A002694,normal
A002695,normal
A002696,normal
A002697,hard_negative
A002698,normal
A002699,normal
A002700,normal
A002701,normal
A002702,hard_negative
A002703,normal
A002704,hard_negative
A002705,ring
A002706,normal
A002707,hard_negative
A002708,hard_negative
A002709,normal
A002710,normal
A002711,normal
A002712,normal
A002713,normal
A002714,normal
A002715,normal
A002716,normal
A002717,normal
A002718,normal
A002719,normal
A002720,normal
A002721,normal
A002722,normal
A002723,hard_negative
A002724,normal
A002725,normal
A002726,normal
A002727,normal
A002728,normal
A002729,normal
A002730,hard_negative
A002731,normal
A002732,normal
A002733,normal
A002734,hard_negative
A002735,hard_negative
A002736,normal
A002737,hard_negative
A002738,normal
A002739,normal
A002740,normal
A002741,normal
A002742,normal
A002743,normal
A002744,hard_negative
A002745,normal
A002746,normal
A002747,normal
A002748,ring
A002749,hard_negative
A002750,normal
A002751,normal
A002752,normal
A002753,normal
A002754,normal
A002755,normal
A002756,normal
A002757,normal
A002758,hard_negative
A002759,normal
A002760,normal
A002761,hard_negative
A002762,normal
A002763,normal
A002764,ring
A002765,hard_negative
A002766,normal
A002767,normal
A002768,normal
A002769,hard_negative
A002770,normal
A002771,normal
A002772,normal
A002773,normal
A002774,normal
A002775,normal
A002776,normal
A002777,normal
A002778,normal
A002779,normal
A002780,ring
A002781,ring
A002782,normal
A002783,normal
A002784,hard_negative
A002785,hard_negative
A002786,normal
A002787,normal
A002788,normal
A002789,normal
A002790,normal
A002791,normal
A002792,normal
A002793,normal
A002794,normal
A002795,normal
A002796,ring
A002797,normal
A002798,normal
A002799,ring
A002800,normal
A002801,normal
A002802,normal
A002803,ring
A002804,normal
A002805,normal
A002806,normal
A002807,normal
A002808,normal
A002809,normal
A002810,normal
A002811,normal
A002812,normal
A002813,ring
A002814,normal
A002815,normal
A002816,normal
A002817,normal
A002818,normal
A002819,hard_negative
A002820,normal
A002821,normal
A002822,normal
A002823,normal
A002824,normal
A002825,normal
A002826,normal
A002827,normal
A002828,normal
A002829,ring
A002830,normal
A002831,normal
A002832,normal
A002833,normal
A002834,hard_negative
A002835,normal
A002836,hard_negative
A002837,normal
A002838,normal
A002839,normal
A002840,normal
A002841,normal
A002842,normal
A002843,normal
A002844,normal
A002845,normal
A002846,hard_negative
A002847,normal
A002848,ring
A002849,normal
A002850,normal
A002851,normal
A002852,normal
A002853,normal
A002854,normal
A002855,normal
A002856,hard_negative
A002857,normal
A002858,normal
A002859,hard_negative
A002860,normal
A002861,normal
A002862,normal
A002863,normal
A002864,normal
A002865,hard_negative
A002866,normal
A002867,hard_negative
A002868,normal
A002869,normal
A002870,ring
A002871,normal
A002872,normal
A002873,normal
A002874,normal
A002875,normal
A002876,normal
A002877,normal
A002878,normal
A002879,normal
A002880,normal
A002881,normal
A002882,normal
A002883,normal
A002884,hard_negative
A002885,normal
A002886,hard_negative
A002887,normal
A002888,normal
A002889,normal
A002890,normal
A002891,normal
A002892,normal
A002893,normal
A002894,hard_negative
A002895,normal
A002896,hard_negative
A002897,normal
A002898,hard_negative
A002899,normal
A002900,normal
A002901,hard_negative
A002902,hard_negative
A002903,normal
A002904,normal
A002905,normal
A002906,normal
A002907,normal
A002908,ring
A002909,normal
A002910,normal
A002911,normal
A002912,hard_negative
A002913,normal
A002914,hard_negative
A002915,ring
A002916,normal
A002917,normal
A002918,normal
A002919,ring
A002920,normal
A002921,normal
A002922,normal
A002923,normal
A002924,hard_negative
A002925,normal
A002926,normal
A002927,normal
A002928,normal
A002929,normal
A002930,normal
A002931,hard_negative
A002932,hard_negative
A002933,normal
A002934,normal
A002935,normal
A002936,normal
A002937,normal
A002938,normal
A002939,hard_negative
A002940,normal
A002941,normal
A002942,normal
A002943,normal
A002944,hard_negative
A002945,normal
A002946,normal
A002947,normal
A002948,normal
A002949,normal
A002950,normal
A002951,normal
A002952,normal
A002953,hard_negative
A002954,normal
A002955,normal
A002956,normal
A002957,hard_negative
A002958,normal
A002959,normal
A002960,normal
A002961,normal
A002962,hard_negative
A002963,normal
A002964,ring
A002965,normal
A002966,normal
A002967,normal
A002968,normal
A002969,normal
A002970,normal
A002971,normal
A002972,normal
A002973,normal
A002974,hard_negative
A002975,hard_negative
A002976,normal
A002977,normal
A002978,normal
A002979,normal
A002980,normal
A002981,normal
A002982,normal
A002983,normal
A002984,normal
A002985,normal
A002986,normal
A002987,normal
A002988,normal
A002989,normal
A002990,normal
A002991,normal
A002992,normal
A002993,hard_negative
A002994,normal
A002995,normal
A002996,normal
A002997,normal
A002998,normal
A002999,normal
A003000,normal
A003001,normal
A003002,normal
A003003,normal
A003004,normal
A003005,normal
A003006,normal
A003007,normal
A003008,normal
A003009,normal
A003010,normal
A003011,normal
A003012,hard_negative
A003013,normal
A003014,normal
A003015,hard_negative
A003016,normal
A003017,normal
A003018,normal
A003019,normal
A003020,normal
A003021,hard_negative
A003022,normal
A003023,normal
A003024,normal
A003025,normal
A003026,hard_negative
A003027,normal
A003028,normal
A003029,normal
A003030,hard_negative
A003031,normal
A003032,normal
A003033,normal
A003034,normal
A003035,normal
A003036,normal
A003037,normal
A003038,normal
A003039,normal
A003040,normal
A003041,normal
A003042,normal
A003043,normal
A003044,normal
A003045,normal
A003046,normal
A003047,normal
A003048,normal
A003049,normal
A003050,hard_negative
A003051,normal
A003052,ring
A003053,normal
A003054,normal
A003055,normal
A003056,normal
A003057,normal
A003058,normal
A003059,normal
A003060,normal
A003061,normal
A003062,normal
A003063,normal
A003064,ring
A003065,hard_negative
A003066,normal
A003067,normal
A003068,normal
A003069,ring
A003070,hard_negative
A003071,normal
A003072,normal
A003073,hard_negative
A003074,normal
A003075,hard_negative
A003076,normal
A003077,normal
A003078,normal
A003079,normal
A003080,hard_negative
A003081,normal
A003082,normal
A003083,normal
A003084,normal
A003085,normal
A003086,normal
A003087,normal
A003088,normal
A003089,normal
A003090,normal
A003091,normal
A003092,normal
A003093,normal
A003094,ring
A003095,normal
A003096,normal
A003097,normal
A003098,ring
A003099,normal
A003100,normal
A003101,normal
A003102,ring
A003103,normal
A003104,hard_negative
A003105,normal
A003106,hard_negative
A003107,normal
A003108,normal
A003109,normal
A003110,normal
A003111,normal
A003112,normal
A003113,normal
A003114,normal
A003115,ring
A003116,hard_negative
A003117,hard_negative
A003118,normal
A003119,normal
A003120,normal
A003121,normal
A003122,hard_negative
A003123,normal
A003124,normal
A003125,normal
A003126,normal
A003127,hard_negative
A003128,hard_negative
A003129,normal
A003130,hard_negative
A003131,normal
A003132,ring
A003133,normal
A003134,hard_negative
A003135,normal
A003136,normal
A003137,normal
A003138,normal
A003139,hard_negative
A003140,normal
A003141,normal
A003142,normal
A003143,normal
A003144,normal
A003145,normal
A003146,normal
A003147,hard_negative
A003148,hard_negative
A003149,normal
A003150,normal
A003151,hard_negative
A003152,normal
A003153,normal
A003154,hard_negative
A003155,normal
A003156,normal
A003157,normal
A003158,normal
A003159,normal
A003160,normal
A003161,hard_negative
A003162,normal
A003163,normal
A003164,normal
A003165,normal
A003166,normal
A003167,normal
A003168,normal
A003169,normal
A003170,normal
A003171,normal
A003172,normal
A003173,normal
A003174,normal
A003175,normal
A003176,normal
A003177,normal
A003178,normal
A003179,normal
A003180,normal
A003181,normal
A003182,normal
A003183,normal
A003184,normal
A003185,ring
A003186,normal
A003187,normal
A003188,normal
A003189,normal
A003190,normal
A003191,normal
A003192,normal
A003193,normal
A003194,normal
A003195,normal
A003196,normal
A003197,normal
A003198,hard_negative
A003199,normal
A003200,hard_negative
A003201,normal
A003202,normal
A003203,normal
A003204,normal
A003205,normal
A003206,normal
A003207,normal
A003208,normal
A003209,normal
A003210,normal
A003211,hard_negative
A003212,normal
A003213,normal
A003214,normal
A003215,normal
A003216,normal
A003217,hard_negative
A003218,normal
A003219,normal
A003220,normal
A003221,hard_negative
A003222,normal
A003223,normal
A003224,normal
A003225,normal
A003226,hard_negative
A003227,normal
A003228,ring
A003229,normal
A003230,normal
A003231,normal
A003232,normal
A003233,normal
A003234,normal
A003235,hard_negative
A003236,hard_negative
A003237,normal
A003238,hard_negative
A003239,hard_negative
A003240,normal
A003241,normal
A003242,normal
A003243,normal
A003244,normal
A003245,normal
A003246,hard_negative
A003247,normal
A003248,normal
A003249,normal
A003250,normal
A003251,normal
A003252,hard_negative
A003253,normal
A003254,ring
A003255,normal
A003256,normal
A003257,normal
A003258,normal
A003259,normal
A003260,normal
A003261,normal
A003262,ring
A003263,hard_negative
A003264,normal
A003265,normal
A003266,normal
A003267,hard_negative
A003268,normal
A003269,normal
A003270,normal
A003271,normal
A003272,hard_negative
A003273,normal
A003274,normal
A003275,ring
A003276,normal
A003277,normal
A003278,hard_negative
A003279,normal
A003280,normal
A003281,normal
A003282,normal
A003283,ring
A003284,normal
A003285,normal
A003286,normal
A003287,normal
A003288,normal
A003289,normal
A003290,normal
A003291,normal
A003292,ring
A003293,hard_negative
A003294,normal
A003295,normal
A003296,normal
A003297,normal
A003298,normal
A003299,normal
A003300,normal
A003301,normal
A003302,hard_negative
A003303,normal
A003304,normal
A003305,normal
A003306,ring
A003307,normal
A003308,hard_negative
A003309,normal
A003310,normal
A003311,normal
A003312,normal
A003313,normal
A003314,normal
A003315,normal
A003316,normal
A003317,hard_negative
A003318,normal
A003319,normal
A003320,normal
A003321,normal
A003322,normal
A003323,normal
A003324,normal
A003325,normal
A003326,normal
A003327,normal
A003328,normal
A003329,normal
A003330,normal
A003331,hard_negative
A003332,hard_negative
A003333,normal
A003334,normal
A003335,normal
A003336,normal
A003337,normal
A003338,normal
A003339,normal
A003340,normal
A003341,normal
A003342,normal
A003343,normal
A003344,normal
A003345,normal
A003346,hard_negative
A003347,normal
A003348,normal
A003349,normal
A003350,normal
A003351,normal
A003352,normal
A003353,normal
A003354,hard_negative
A003355,normal
A003356,normal
A003357,normal
A003358,hard_negative
A003359,normal
A003360,normal
A003361,normal
A003362,normal
A003363,normal
A003364,hard_negative
A003365,normal
A003366,normal
A003367,normal
A003368,hard_negative
A003369,normal
A003370,normal
A003371,hard_negative
A003372,ring
A003373,normal
A003374,normal
A003375,normal
A003376,normal
A003377,hard_negative
A003378,normal
A003379,normal
A003380,normal
A003381,normal
A003382,normal
A003383,hard_negative
A003384,normal
A003385,normal
A003386,normal
A003387,normal
A003388,normal
A003389,normal
A003390,normal
A003391,normal
A003392,hard_negative
A003393,normal
A003394,normal
A003395,normal
A003396,hard_negative
A003397,normal
A003398,normal
A003399,normal
A003400,normal
A003401,normal
A003402,normal
A003403,hard_negative
A003404,normal
A003405,normal
A003406,ring
A003407,normal
A003408,normal
A003409,normal
A003410,hard_negative
A003411,hard_negative
A003412,normal
A003413,hard_negative
A003414,normal
A003415,normal
A003416,normal
A003417,normal
A003418,normal
A003419,normal
A003420,normal
A003421,normal
A003422,hard_negative
A003423,hard_negative
A003424,normal
A003425,normal
A003426,normal
A003427,normal
A003428,normal
A003429,normal
A003430,normal
A003431,normal
A003432,normal
A003433,normal
A003434,ring
A003435,normal
A003436,normal
A003437,normal
A003438,normal
A003439,normal
A003440,hard_negative
A003441,hard_negative
A003442,normal
A003443,normal
A003444,normal
A003445,hard_negative
A003446,normal
A003447,normal
A003448,normal
A003449,normal
A003450,normal
A003451,normal
A003452,normal
A003453,hard_negative
A003454,hard_negative
A003455,normal
A003456,normal
A003457,normal
A003458,normal
A003459,normal
A003460,normal
A003461,normal
A003462,normal
A003463,normal
A003464,hard_negative
A003465,normal
A003466,ring
A003467,normal
A003468,normal
A003469,normal
A003470,normal
A003471,normal
A003472,normal
A003473,normal
A003474,normal
A003475,normal
A003476,normal
A003477,normal
A003478,hard_negative
A003479,hard_negative
A003480,normal
A003481,normal
A003482,hard_negative
A003483,normal
A003484,normal
A003485,normal
A003486,normal
A003487,hard_negative
A003488,normal
A003489,normal
A003490,hard_negative
A003491,normal
A003492,normal
A003493,normal
A003494,normal
A003495,hard_negative
A003496,normal
A003497,normal
A003498,normal
A003499,normal
A003500,normal
A003501,hard_negative
A003502,normal
A003503,normal
A003504,normal
A003505,normal
A003506,hard_negative
A003507,hard_negative
A003508,normal
A003509,normal
A003510,normal
A003511,normal
A003512,normal
A003513,hard_negative
A003514,normal
A003515,normal
A003516,ring
A003517,ring
A003518,normal
A003519,normal
A003520,normal
A003521,normal
A003522,normal
A003523,normal
A003524,normal
A003525,normal
A003526,normal
A003527,normal
A003528,normal
A003529,normal
A003530,normal
A003531,normal
A003532,normal
A003533,normal
A003534,normal
A003535,ring
A003536,normal
A003537,normal
A003538,ring
A003539,normal
A003540,normal
A003541,hard_negative
A003542,normal
A003543,normal
A003544,normal
A003545,hard_negative
A003546,normal
A003547,normal
A003548,normal
A003549,normal
A003550,normal
A003551,normal
A003552,normal
A003553,normal
A003554,normal
A003555,hard_negative
A003556,normal
A003557,normal
A003558,normal
A003559,normal
A003560,normal
A003561,normal
A003562,normal
A003563,normal
A003564,normal
A003565,normal
A003566,normal
A003567,normal
A003568,normal
A003569,normal
A003570,normal
A003571,normal
A003572,normal
A003573,hard_negative
A003574,normal
A003575,normal
A003576,normal
A003577,hard_negative
A003578,normal
A003579,normal
A003580,normal
A003581,normal
A003582,normal
A003583,normal
A003584,normal
A003585,normal
A003586,ring
A003587,normal
A003588,normal
A003589,normal
A003590,hard_negative
A003591,normal
A003592,normal
A003593,normal
A003594,normal
A003595,normal
A003596,normal
A003597,normal
A003598,normal
A003599,normal
A003600,normal
A003601,hard_negative
A003602,normal
A003603,normal
A003604,normal
A003605,normal
A003606,normal
A003607,normal
A003608,normal
A003609,ring
A003610,normal
A003611,normal
A003612,normal
A003613,normal
A003614,normal
A003615,normal
A003616,normal
A003617,normal
A003618,hard_negative
A003619,normal
A003620,hard_negative
A003621,normal
A003622,normal
A003623,normal
A003624,normal
A003625,normal
A003626,normal
A003627,hard_negative
A003628,ring
A003629,normal
A003630,normal
A003631,normal
A003632,normal
A003633,ring
A003634,normal
A003635,normal
A003636,hard_negative
A003637,normal
A003638,normal
A003639,normal
A003640,normal
A003641,normal
A003642,normal
A003643,normal
A003644,normal
A003645,normal
A003646,normal
A003647,normal
A003648,normal
A003649,hard_negative
A003650,normal
A003651,normal
A003652,normal
A003653,hard_negative
A003654,normal
A003655,normal
A003656,hard_negative
A003657,ring
A003658,normal
A003659,hard_negative
A003660,normal
A003661,normal
A003662,normal
A003663,normal
A003664,normal
A003665,normal
A003666,normal
A003667,normal
A003668,normal
A003669,normal
A003670,normal
A003671,normal
A003672,normal
A003673,normal
A003674,normal
A003675,normal
A003676,normal
A003677,ring
A003678,normal
A003679,hard_negative
A003680,normal
A003681,normal
A003682,normal
A003683,normal
A003684,normal
A003685,normal
A003686,normal
A003687,hard_negative
A003688,hard_negative
A003689,normal
A003690,hard_negative
A003691,normal
A003692,hard_negative
A003693,ring
A003694,hard_negative
A003695,normal
A003696,normal
A003697,normal
A003698,normal
A003699,hard_negative
A003700,normal
A003701,normal
A003702,normal
A003703,normal
A003704,normal
A003705,hard_negative
A003706,normal
A003707,normal
A003708,normal
A003709,ring
A003710,normal
A003711,normal
A003712,normal
A003713,normal
A003714,normal
A003715,normal
A003716,normal
A003717,normal
A003718,hard_negative
A003719,normal
A003720,hard_negative
A003721,hard_negative
A003722,normal
A003723,normal
A003724,ring
A003725,normal
A003726,hard_negative
A003727,normal
A003728,normal
A003729,normal
A003730,ring
A003731,normal
A003732,hard_negative
A003733,normal
A003734,normal
A003735,normal
A003736,hard_negative
A003737,normal
A003738,normal
A003739,normal
A003740,normal
A003741,normal
A003742,normal
A003743,normal
A003744,hard_negative
A003745,normal
A003746,hard_negative
A003747,normal
A003748,normal
A003749,normal
A003750,normal
A003751,normal
A003752,normal
A003753,normal
A003754,normal
A003755,normal
A003756,normal
A003757,normal
A003758,normal
A003759,normal
A003760,normal
A003761,normal
A003762,normal
A003763,normal
A003764,normal
A003765,normal
A003766,normal
A003767,ring
A003768,normal
A003769,ring
A003770,normal
A003771,normal
A003772,normal
A003773,normal
A003774,normal
A003775,normal
A003776,normal
A003777,normal
A003778,normal
A003779,normal
A003780,normal
A003781,normal
A003782,normal
A003783,ring
A003784,hard_negative
A003785,normal
A003786,normal
A003787,hard_negative
A003788,normal
A003789,normal
A003790,normal
A003791,hard_negative
A003792,hard_negative
A003793,ring
A003794,hard_negative
A003795,normal
A003796,normal
A003797,normal
A003798,normal
A003799,normal
A003800,ring
A003801,normal
A003802,normal
A003803,normal
A003804,normal
A003805,normal
A003806,normal
A003807,normal
A003808,normal
A003809,hard_negative
A003810,normal
A003811,normal
A003812,normal
A003813,normal
A003814,normal
A003815,normal
A003816,normal
A003817,normal
A003818,normal
A003819,normal
A003820,hard_negative
A003821,normal
A003822,normal
A003823,normal
A003824,normal
A003825,normal
A003826,normal
A003827,normal
A003828,normal
A003829,normal
A003830,hard_negative
A003831,hard_negative
A003832,ring
A003833,normal
A003834,normal
A003835,normal
A003836,normal
A003837,normal
A003838,normal
A003839,ring
A003840,normal
A003841,normal
A003842,hard_negative
A003843,normal
A003844,normal
A003845,hard_negative
A003846,normal
A003847,normal
A003848,normal
A003849,normal
A003850,ring
A003851,hard_negative
A003852,normal
A003853,normal
A003854,hard_negative
A003855,normal
A003856,normal
A003857,hard_negative
A003858,hard_negative
A003859,normal
A003860,normal
A003861,normal
A003862,normal
A003863,normal
A003864,hard_negative
A003865,normal
A003866,normal
A003867,normal
A003868,normal
A003869,normal
A003870,normal
A003871,normal
A003872,normal
A003873,normal
A003874,normal
A003875,normal
A003876,normal
A003877,hard_negative
A003878,hard_negative
A003879,normal
A003880,normal
A003881,normal
A003882,normal
A003883,normal
A003884,normal
A003885,normal
A003886,normal
A003887,normal
A003888,hard_negative
A003889,normal
A003890,normal
A003891,normal
A003892,hard_negative
A003893,normal
A003894,normal
A003895,normal
A003896,ring
A003897,normal
A003898,hard_negative
A003899,normal
A003900,normal
A003901,normal
A003902,normal
A003903,normal
A003904,normal
A003905,normal
A003906,normal
A003907,normal
A003908,normal
A003909,normal
A003910,hard_negative
A003911,normal
A003912,normal
A003913,normal
A003914,hard_negative
A003915,normal
A003916,normal
A003917,normal
A003918,normal
A003919,hard_negative
A003920,normal
A003921,normal
A003922,normal
A003923,normal
A003924,normal
A003925,normal
A003926,normal
A003927,normal
A003928,hard_negative
A003929,hard_negative
A003930,normal
A003931,normal
A003932,normal
A003933,normal
A003934,normal
A003935,normal
A003936,normal
A003937,normal
A003938,normal
A003939,normal
A003940,hard_negative
A003941,normal
A003942,normal
A003943,ring
A003944,ring
A003945,normal
A003946,hard_negative
A003947,ring
A003948,normal
A003949,normal
A003950,normal
A003951,normal
A003952,normal
A003953,hard_negative
A003954,hard_negative
A003955,hard_negative
A003956,normal
A003957,normal
A003958,normal
A003959,normal
A003960,normal
A003961,normal
A003962,normal
A003963,normal
A003964,normal
A003965,hard_negative
A003966,normal
A003967,hard_negative
A003968,normal
A003969,ring
A003970,normal
A003971,normal
A003972,normal
A003973,hard_negative
A003974,hard_negative
A003975,normal
A003976,normal
A003977,normal
A003978,normal
A003979,hard_negative
A003980,normal
A003981,normal
A003982,normal
A003983,normal
A003984,normal
A003985,normal
A003986,normal
A003987,normal
A003988,normal
A003989,normal
A003990,normal
A003991,normal
A003992,normal
A003993,normal
A003994,normal
A003995,normal
A003996,normal
A003997,normal
A003998,hard_negative
A003999,hard_negative
A004000,normal
A004001,normal
A004002,normal
A004003,normal
A004004,normal
A004005,normal
A004006,hard_negative
A004007,normal
A004008,hard_negative
A004009,normal
A004010,normal
A004011,normal
A004012,normal
A004013,normal
A004014,normal
A004015,normal
A004016,normal
A004017,hard_negative
A004018,normal
A004019,normal
A004020,normal
A004021,normal
A004022,hard_negative
A004023,normal
A004024,normal
A004025,normal
A004026,hard_negative
A004027,normal
A004028,ring
A004029,normal
A004030,normal
A004031,hard_negative
A004032,normal
A004033,normal
A004034,normal
A004035,normal
A004036,hard_negative
A004037,ring
A004038,normal
A004039,normal
A004040,normal
A004041,hard_negative
A004042,normal
A004043,normal
A004044,normal
A004045,normal
A004046,hard_negative
A004047,normal
A004048,ring
A004049,normal
A004050,normal
A004051,normal
A004052,normal
A004053,normal
A004054,normal
A004055,normal
A004056,normal
A004057,normal
A004058,normal
A004059,normal
A004060,normal
A004061,ring
A004062,normal
A004063,normal
A004064,normal
A004065,hard_negative
A004066,normal
A004067,normal
A004068,normal
A004069,hard_negative
A004070,normal
A004071,normal
A004072,normal
A004073,normal
A004074,hard_negative
A004075,hard_negative
A004076,ring
A004077,hard_negative
A004078,normal
A004079,ring
A004080,normal
A004081,normal
A004082,normal
A004083,normal
A004084,normal
A004085,normal
A004086,normal
A004087,normal
A004088,normal
A004089,normal
A004090,normal
A004091,normal
A004092,normal
A004093,normal
A004094,hard_negative
A004095,normal
A004096,normal
A004097,normal
A004098,normal
A004099,normal
A004100,normal
A004101,normal
A004102,normal
A004103,normal
A004104,normal
A004105,normal
A004106,normal
A004107,normal
A004108,normal
A004109,hard_negative
A004110,normal
A004111,normal
A004112,normal
A004113,normal
A004114,normal
A004115,normal
A004116,hard_negative
A004117,normal
A004118,ring
A004119,hard_negative
A004120,normal
A004121,normal
A004122,hard_negative
A004123,hard_negative
A004124,normal
A004125,normal
A004126,hard_negative
A004127,normal
A004128,normal
A004129,normal
A004130,hard_negative
A004131,normal
A004132,normal
A004133,ring
A004134,normal
A004135,normal
A004136,normal
A004137,normal
A004138,normal
A004139,normal
A004140,normal
A004141,normal
A004142,ring
A004143,normal
A004144,hard_negative
A004145,normal
A004146,normal
A004147,normal
A004148,normal
A004149,normal
A004150,hard_negative
A004151,hard_negative
A004152,normal
A004153,normal
A004154,normal
A004155,ring
A004156,normal
A004157,normal
A004158,normal
A004159,normal
A004160,hard_negative
A004161,normal
A004162,hard_negative
A004163,hard_negative
A004164,normal
A004165,normal
A004166,hard_negative
A004167,hard_negative
A004168,normal
A004169,normal
A004170,hard_negative
A004171,normal
A004172,normal
A004173,normal
A004174,ring
A004175,hard_negative
A004176,ring
A004177,normal
A004178,normal
A004179,normal
A004180,normal
A004181,normal
A004182,normal
A004183,normal
A004184,hard_negative
A004185,normal
A004186,normal
A004187,normal
A004188,normal
A004189,normal
A004190,normal
A004191,hard_negative
A004192,normal
A004193,normal
A004194,normal
A004195,hard_negative
A004196,normal
A004197,normal
A004198,normal
A004199,normal
A004200,normal
A004201,normal
A004202,normal
A004203,normal
A004204,normal
A004205,normal
A004206,normal
A004207,normal
A004208,normal
A004209,normal
A004210,hard_negative
A004211,normal
A004212,normal
A004213,normal
A004214,normal
A004215,normal
A004216,normal
A004217,normal
A004218,hard_negative
A004219,normal
A004220,normal
A004221,normal
A004222,normal
A004223,normal
A004224,normal
A004225,normal
A004226,hard_negative
A004227,normal
A004228,normal
A004229,normal
A004230,normal
A004231,normal
A004232,normal
A004233,normal
A004234,normal
A004235,normal
A004236,normal
A004237,normal
A004238,hard_negative
A004239,normal
A004240,normal
A004241,normal
A004242,normal
A004243,ring
A004244,normal
A004245,normal
A004246,normal
A004247,normal
A004248,normal
A004249,hard_negative
A004250,hard_negative
A004251,normal
A004252,normal
A004253,normal
A004254,normal
A004255,hard_negative
A004256,normal
A004257,normal
A004258,normal
A004259,ring
A004260,hard_negative
A004261,normal
A004262,ring
A004263,normal
A004264,normal
A004265,ring
A004266,normal
A004267,normal
A004268,normal
A004269,normal
A004270,hard_negative
A004271,normal
A004272,normal
A004273,normal
A004274,normal
A004275,normal
A004276,normal
A004277,normal
A004278,normal
A004279,normal
A004280,normal
A004281,normal
A004282,normal
A004283,normal
A004284,normal
A004285,normal
A004286,normal
A004287,normal
A004288,normal
A004289,normal
A004290,hard_negative
A004291,normal
A004292,normal
A004293,hard_negative
A004294,normal
A004295,normal
A004296,ring
A004297,hard_negative
A004298,normal
A004299,normal
A004300,normal
A004301,hard_negative
A004302,normal
A004303,ring
A004304,normal
A004305,hard_negative
A004306,normal
A004307,normal
A004308,normal
A004309,normal
A004310,hard_negative
A004311,ring
A004312,normal
A004313,normal
A004314,normal
A004315,hard_negative
A004316,normal
A004317,normal
A004318,hard_negative
A004319,normal
A004320,hard_negative
A004321,normal
A004322,hard_negative
A004323,normal
A004324,ring
A004325,normal
A004326,hard_negative
A004327,normal
A004328,normal
A004329,normal
A004330,normal
A004331,ring
A004332,normal
A004333,normal
A004334,normal
A004335,normal
A004336,normal
A004337,normal
A004338,normal
A004339,normal
A004340,normal
A004341,normal
A004342,normal
A004343,normal
A004344,normal
A004345,normal
A004346,normal
A004347,hard_negative
A004348,normal
A004349,hard_negative
A004350,normal
A004351,normal
A004352,normal
A004353,normal
A004354,normal
A004355,hard_negative
A004356,hard_negative
A004357,normal
A004358,normal
A004359,normal
A004360,normal
A004361,ring
A004362,normal
A004363,normal
A004364,normal
A004365,normal
A004366,normal
A004367,normal
A004368,normal
A004369,ring
A004370,normal
A004371,normal
A004372,normal
A004373,normal
A004374,normal
A004375,normal
A004376,normal
A004377,normal
A004378,normal
A004379,normal
A004380,hard_negative
A004381,hard_negative
A004382,normal
A004383,normal
A004384,normal
A004385,normal
A004386,normal
A004387,normal
A004388,normal
A004389,normal
A004390,normal
A004391,hard_negative
A004392,normal
A004393,normal
A004394,ring
A004395,normal
A004396,normal
A004397,ring
A004398,normal
A004399,normal
A004400,normal
A004401,ring
A004402,ring
A004403,normal
A004404,hard_negative
A004405,ring
A004406,normal
A004407,normal
A004408,normal
A004409,hard_negative
A004410,normal
A004411,normal
A004412,normal
A004413,hard_negative
A004414,hard_negative
A004415,normal
A004416,normal
A004417,normal
A004418,ring
A004419,normal
A004420,normal
A004421,normal
A004422,hard_negative
A004423,normal
A004424,ring
A004425,normal
A004426,normal
A004427,normal
A004428,normal
A004429,normal
A004430,normal
A004431,normal
A004432,normal
A004433,normal
A004434,normal
A004435,normal
A004436,hard_negative
A004437,normal
A004438,hard_negative
A004439,normal
A004440,normal
A004441,normal
A004442,ring
A004443,hard_negative
A004444,normal
A004445,normal
A004446,normal
A004447,ring
A004448,normal
A004449,normal
A004450,hard_negative
A004451,normal
A004452,hard_negative
A004453,normal
A004454,hard_negative
A004455,normal
A004456,normal
A004457,normal
A004458,normal
A004459,normal
A004460,hard_negative
A004461,hard_negative
A004462,normal
A004463,normal
A004464,normal
A004465,normal
A004466,normal
A004467,normal
A004468,normal
A004469,normal
A004470,normal
A004471,normal
A004472,normal
A004473,normal
A004474,normal
A004475,hard_negative
A004476,normal
A004477,normal
A004478,normal
A004479,normal
A004480,normal
A004481,normal
A004482,normal
A004483,normal
A004484,normal
A004485,normal
A004486,normal
A004487,hard_negative
A004488,normal
A004489,normal
A004490,hard_negative
A004491,normal
A004492,normal
A004493,hard_negative
A004494,normal
A004495,normal
A004496,normal
A004497,normal
A004498,normal
A004499,normal
A004500,normal
A004501,normal
A004502,hard_negative
A004503,normal
A004504,normal
A004505,normal
A004506,normal
A004507,normal
A004508,normal
A004509,normal
A004510,normal
A004511,normal
A004512,normal
A004513,normal
A004514,normal
A004515,normal
A004516,normal
A004517,normal
A004518,normal
A004519,hard_negative
A004520,normal
A004521,normal
A004522,normal
A004523,normal
A004524,normal
A004525,hard_negative
A004526,hard_negative
A004527,normal
A004528,normal
A004529,hard_negative
A004530,ring
A004531,normal
A004532,normal
A004533,normal
A004534,ring
A004535,normal
A004536,normal
A004537,normal
A004538,normal
A004539,normal
A004540,hard_negative
A004541,normal
A004542,normal
A004543,normal
A004544,normal
A004545,normal
A004546,normal
A004547,ring
A004548,normal
A004549,hard_negative
A004550,normal
A004551,normal
A004552,normal
A004553,normal
A004554,normal
A004555,normal
A004556,normal
A004557,normal
A004558,normal
A004559,normal
A004560,hard_negative
A004561,normal
A004562,normal
A004563,normal
A004564,hard_negative
A004565,normal
A004566,normal
A004567,ring
A004568,normal
A004569,normal
A004570,normal
A004571,normal
A004572,normal
A004573,normal
A004574,ring
A004575,normal
A004576,normal
A004577,normal
A004578,normal
A004579,hard_negative
A004580,ring
A004581,normal
A004582,hard_negative
A004583,normal
A004584,hard_negative
A004585,normal
A004586,normal
A004587,normal
A004588,normal
A004589,hard_negative
A004590,normal
A004591,normal
A004592,normal
A004593,normal
A004594,normal
A004595,hard_negative
A004596,normal
A004597,normal
A004598,normal
A004599,normal
A004600,hard_negative
A004601,normal
A004602,normal
A004603,normal
A004604,normal
A004605,normal
A004606,normal
A004607,normal
A004608,normal
A004609,normal
A004610,normal
A004611,hard_negative
A004612,normal
A004613,ring
A004614,hard_negative
A004615,normal
A004616,normal
A004617,normal
A004618,normal
A004619,normal
A004620,normal
A004621,ring
A004622,normal
A004623,normal
A004624,normal
A004625,normal
A004626,normal
A004627,normal
A004628,normal
A004629,normal
A004630,normal
A004631,normal
A004632,normal
A004633,normal
A004634,hard_negative
A004635,normal
A004636,normal
A004637,normal
A004638,normal
A004639,normal
A004640,normal
A004641,hard_negative
A004642,normal
A004643,normal
A004644,normal
A004645,normal
A004646,normal
A004647,normal
A004648,hard_negative
A004649,normal
A004650,normal
A004651,normal
A004652,normal
A004653,normal
A004654,hard_negative
A004655,normal
A004656,normal
A004657,normal
A004658,normal
A004659,normal
A004660,normal
A004661,normal
A004662,normal
A004663,ring
A004664,hard_negative
A004665,hard_negative
A004666,normal
A004667,normal
A004668,normal
A004669,normal
A004670,normal
A004671,hard_negative
A004672,normal
A004673,normal
A004674,normal
A004675,hard_negative
A004676,ring
A004677,hard_negative
A004678,normal
A004679,hard_negative
A004680,ring
A004681,normal
A004682,hard_negative
A004683,hard_negative
A004684,normal
A004685,normal
A004686,normal
A004687,normal
A004688,hard_negative
A004689,ring
A004690,normal
A004691,ring
A004692,hard_negative
A004693,normal
A004694,normal
A004695,hard_negative
A004696,normal
A004697,normal
A004698,normal
A004699,hard_negative
A004700,normal
A004701,normal
A004702,hard_negative
A004703,normal
A004704,hard_negative
A004705,normal
A004706,normal
A004707,normal
A004708,normal
A004709,normal
A004710,normal
A004711,normal
A004712,normal
A004713,hard_negative
A004714,normal
A004715,hard_negative
A004716,normal
A004717,normal
A004718,normal
A004719,normal
A004720,normal
A004721,normal
A004722,normal
A004723,normal
A004724,normal
A004725,normal
A004726,normal
A004727,normal
A004728,hard_negative
A004729,normal
A004730,normal
A004731,hard_negative
A004732,ring
A004733,normal
A004734,normal
A004735,normal
A004736,normal
A004737,normal
A004738,normal
A004739,ring
A004740,hard_negative
A004741,normal
A004742,normal
A004743,normal
A004744,normal
A004745,normal
A004746,normal
A004747,normal
A004748,normal
A004749,normal
A004750,hard_negative
A004751,normal
A004752,normal
A004753,hard_negative
A004754,normal
A004755,normal
A004756,hard_negative
A004757,hard_negative
A004758,normal
A004759,normal
A004760,normal
A004761,hard_negative
A004762,hard_negative
A004763,normal
A004764,normal
A004765,normal
A004766,normal
A004767,normal
A004768,normal
A004769,normal
A004770,normal
A004771,normal
A004772,normal
A004773,normal
A004774,normal
A004775,normal
A004776,normal
A004777,normal
A004778,normal
A004779,normal
A004780,normal
A004781,normal
A004782,hard_negative
A004783,normal
A004784,normal
A004785,normal
A004786,hard_negative
A004787,normal
A004788,hard_negative
A004789,ring
A004790,normal
A004791,hard_negative
A004792,normal
A004793,normal
A004794,hard_negative
A004795,normal
A004796,normal
A004797,normal
A004798,normal
A004799,normal
A004800,normal
A004801,normal
A004802,normal
A004803,normal
A004804,hard_negative
A004805,normal
A004806,normal
A004807,normal
A004808,normal
A004809,normal
A004810,hard_negative
A004811,normal
A004812,normal
A004813,normal
A004814,normal
A004815,hard_negative
A004816,normal
A004817,hard_negative
A004818,ring
A004819,normal
A004820,hard_negative
A004821,normal
A004822,hard_negative
A004823,normal
A004824,normal
A004825,normal
A004826,normal
A004827,normal
A004828,normal
A004829,ring
A004830,normal
A004831,normal
A004832,hard_negative
A004833,ring
A004834,hard_negative
A004835,normal
A004836,normal
A004837,normal
A004838,hard_negative
A004839,normal
A004840,normal
A004841,normal
A004842,normal
A004843,normal
A004844,normal
A004845,ring
A004846,normal
A004847,normal
A004848,normal
A004849,normal
A004850,normal
A004851,normal
A004852,normal
A004853,normal
A004854,normal
A004855,normal
A004856,normal
A004857,normal
A004858,normal
A004859,hard_negative
A004860,hard_negative
A004861,normal
A004862,normal
A004863,normal
A004864,normal
A004865,normal
A004866,normal
A004867,normal
A004868,normal
A004869,normal
A004870,normal
A004871,normal
A004872,normal
A004873,normal
A004874,normal
A004875,normal
A004876,normal
A004877,normal
A004878,normal
A004879,normal
A004880,hard_negative
A004881,normal
A004882,normal
A004883,normal
A004884,normal
A004885,normal
A004886,hard_negative
A004887,normal
A004888,normal
A004889,normal
A004890,normal
A004891,normal
A004892,ring
A004893,normal
A004894,ring
A004895,hard_negative
A004896,normal
A004897,normal
A004898,normal
A004899,normal
A004900,normal
A004901,hard_negative
A004902,hard_negative
A004903,normal
A004904,normal
A004905,normal
A004906,normal
A004907,normal
A004908,normal
A004909,normal
A004910,ring
A004911,normal
A004912,normal
A004913,normal
A004914,normal
A004915,normal
A004916,ring
A004917,normal
A004918,normal
A004919,ring
A004920,hard_negative
A004921,normal
A004922,normal
A004923,normal
A004924,normal
A004925,normal
A004926,normal
A004927,normal
A004928,normal
A004929,normal
A004930,normal
A004931,normal
A004932,normal
A004933,normal
A004934,normal
A004935,normal
A004936,normal
A004937,normal
A004938,normal
A004939,normal
A004940,normal
A004941,normal
A004942,hard_negative
A004943,normal
A004944,normal
A004945,normal
A004946,normal
A004947,normal
A004948,normal
A004949,normal
A004950,normal
A004951,hard_negative
A004952,normal
A004953,normal
A004954,normal
A004955,normal
A004956,normal
A004957,normal
A004958,ring
A004959,normal
A004960,normal
A004961,normal
A004962,normal
A004963,ring
A004964,normal
A004965,normal
A004966,hard_negative
A004967,normal
A004968,normal
A004969,normal
A004970,normal
A004971,normal
A004972,hard_negative
A004973,ring
A004974,normal
A004975,normal
A004976,normal
A004977,hard_negative
A004978,normal
A004979,normal
A004980,hard_negative
A004981,ring
A004982,ring
A004983,normal
A004984,normal
A004985,normal
A004986,normal
A004987,normal
A004988,normal
A004989,normal
A004990,ring
A004991,normal
A004992,normal
A004993,normal
A004994,normal
A004995,normal
A004996,hard_negative
A004997,normal
A004998,normal
A004999,normal
A005000,normal
A005001,normal
A005002,normal
A005003,normal
A005004,normal
A005005,normal
A005006,normal
A005007,normal
A005008,normal
A005009,normal
A005010,ring
A005011,normal
A005012,normal
A005013,normal
A005014,normal
A005015,normal
A005016,normal
A005017,hard_negative
A005018,normal
A005019,normal
A005020,hard_negative
A005021,normal
A005022,normal
A005023,ring
A005024,normal
A005025,hard_negative
A005026,normal
A005027,ring
A005028,normal
A005029,normal
A005030,hard_negative
A005031,normal
A005032,normal
A005033,normal
A005034,normal
A005035,normal
A005036,normal
A005037,normal
A005038,normal
A005039,normal
A005040,normal
A005041,ring
A005042,normal
A005043,normal
A005044,normal
A005045,normal
A005046,hard_negative
A005047,normal
A005048,normal
A005049,normal
A005050,normal
A005051,hard_negative
A005052,normal
A005053,hard_negative
A005054,normal
A005055,normal
A005056,normal
A005057,normal
A005058,normal
A005059,normal
A005060,normal
A005061,normal
A005062,normal
A005063,normal
A005064,normal
A005065,normal
A005066,normal
A005067,normal
A005068,normal
A005069,normal
A005070,normal
A005071,normal
A005072,normal
A005073,hard_negative
A005074,ring
A005075,hard_negative
A005076,normal
A005077,hard_negative
A005078,hard_negative
A005079,normal
A005080,normal
A005081,normal
A005082,normal
A005083,normal
A005084,normal
A005085,normal
A005086,normal
A005087,normal
A005088,normal
A005089,normal
A005090,ring
A005091,normal
A005092,normal
A005093,normal
A005094,normal
A005095,normal
A005096,normal
A005097,normal
A005098,normal
A005099,normal
A005100,hard_negative
A005101,normal
A005102,normal
A005103,normal
A005104,normal
A005105,normal
A005106,normal
A005107,normal
A005108,normal
A005109,normal
A005110,ring
A005111,normal
A005112,normal
A005113,normal
A005114,normal
A005115,hard_negative
A005116,normal
A005117,ring
A005118,normal
A005119,normal
A005120,normal
A005121,normal
A005122,ring
A005123,normal
A005124,normal
A005125,normal
A005126,normal
A005127,normal
A005128,normal
A005129,normal
A005130,hard_negative
A005131,hard_negative
A005132,hard_negative
A005133,ring
A005134,normal
A005135,normal
A005136,normal
A005137,normal
A005138,normal
A005139,normal
A005140,normal
A005141,normal
A005142,normal
A005143,normal
A005144,normal
A005145,normal
A005146,normal
A005147,ring
A005148,normal
A005149,hard_negative
A005150,hard_negative
A005151,hard_negative
A005152,ring
A005153,normal
A005154,normal
A005155,normal
A005156,normal
A005157,normal
A005158,normal
A005159,normal
A005160,normal
A005161,normal
A005162,normal
A005163,normal
A005164,normal
A005165,normal
A005166,normal
A005167,normal
A005168,hard_negative
A005169,normal
A005170,normal
A005171,normal
A005172,normal
A005173,normal
A005174,hard_negative
A005175,normal
A005176,normal
A005177,normal
A005178,normal
A005179,normal
A005180,normal
A005181,normal
A005182,normal
A005183,ring
A005184,normal
A005185,normal
A005186,hard_negative
A005187,normal
A005188,normal
A005189,normal
A005190,normal
A005191,hard_negative
A005192,normal
A005193,normal
A005194,normal
A005195,normal
A005196,normal
A005197,normal
A005198,normal
A005199,normal
A005200,normal
A005201,hard_negative
A005202,normal
A005203,hard_negative
A005204,normal
A005205,normal
A005206,normal
A005207,normal
A005208,normal
A005209,normal
A005210,normal
A005211,normal
A005212,normal
A005213,normal
A005214,normal
A005215,normal
A005216,normal
A005217,hard_negative
A005218,hard_negative
A005219,normal
A005220,normal
A005221,hard_negative
A005222,normal
A005223,normal
A005224,normal
A005225,normal
A005226,normal
A005227,normal
A005228,normal
A005229,normal
A005230,normal
A005231,normal
A005232,normal
A005233,normal
A005234,normal
A005235,normal
A005236,normal
A005237,normal
A005238,normal
A005239,normal
A005240,normal
A005241,normal
A005242,normal
A005243,hard_negative
A005244,hard_negative
A005245,normal
A005246,normal
A005247,hard_negative
A005248,normal
A005249,normal
A005250,normal
A005251,normal
A005252,normal
A005253,normal
A005254,ring
A005255,ring
A005256,hard_negative
A005257,normal
A005258,normal
A005259,normal
A005260,normal
A005261,normal
A005262,hard_negative
A005263,normal
A005264,hard_negative
A005265,normal
A005266,normal
A005267,normal
A005268,normal
A005269,hard_negative
A005270,normal
A005271,normal
A005272,normal
A005273,normal
A005274,normal
A005275,hard_negative
A005276,hard_negative
A005277,normal
A005278,normal
A005279,normal
A005280,hard_negative
A005281,hard_negative
A005282,hard_negative
A005283,normal
A005284,normal
A005285,normal
A005286,normal
A005287,normal
A005288,hard_negative
A005289,normal
A005290,hard_negative
A005291,normal
A005292,hard_negative
A005293,normal
A005294,normal
A005295,normal
A005296,normal
A005297,normal
A005298,normal
A005299,normal
A005300,normal
A005301,normal
A005302,normal
A005303,normal
A005304,normal
A005305,normal
A005306,normal
A005307,hard_negative
A005308,hard_negative
A005309,normal
A005310,normal
A005311,normal
A005312,ring
A005313,normal
A005314,normal
A005315,hard_negative
A005316,normal
A005317,normal
A005318,normal
A005319,normal
A005320,normal
A005321,hard_negative
A005322,normal
A005323,normal
A005324,normal
A005325,normal
A005326,ring
A005327,normal
A005328,normal
A005329,normal
A005330,normal
A005331,normal
A005332,normal
A005333,normal
A005334,normal
A005335,ring
A005336,normal
A005337,ring
A005338,normal
A005339,normal
A005340,normal
A005341,normal
A005342,ring
A005343,normal
A005344,normal
A005345,normal
A005346,normal
A005347,normal
A005348,normal
A005349,normal
A005350,hard_negative
A005351,normal
A005352,normal
A005353,normal
A005354,normal
A005355,normal
A005356,hard_negative
A005357,normal
A005358,normal
A005359,normal
A005360,normal
A005361,normal
A005362,hard_negative
A005363,normal
A005364,normal
A005365,normal
A005366,normal
A005367,normal
A005368,hard_negative
A005369,normal
A005370,hard_negative
A005371,normal
A005372,normal
A005373,normal
A005374,ring
A005375,normal
A005376,normal
A005377,normal
A005378,normal
A005379,normal
A005380,hard_negative
A005381,ring
A005382,ring
A005383,normal
A005384,hard_negative
A005385,normal
A005386,normal
A005387,normal
A005388,normal
A005389,normal
A005390,normal
A005391,normal
A005392,normal
A005393,hard_negative
A005394,normal
A005395,normal
A005396,normal
A005397,normal
A005398,normal
A005399,normal
A005400,normal
A005401,normal
A005402,hard_negative
A005403,normal
A005404,normal
A005405,hard_negative
A005406,normal
A005407,ring
A005408,normal
A005409,hard_negative
A005410,hard_negative
A005411,normal
A005412,normal
A005413,normal
A005414,normal
A005415,ring
A005416,normal
A005417,normal
A005418,normal
A005419,normal
A005420,normal
A005421,normal
A005422,normal
A005423,normal
A005424,normal
A005425,normal
A005426,hard_negative
A005427,normal
A005428,ring
A005429,normal
A005430,normal
A005431,normal
A005432,normal
A005433,normal
A005434,normal
A005435,normal
A005436,normal
A005437,normal
A005438,normal
A005439,hard_negative
A005440,normal
A005441,hard_negative
A005442,normal
A005443,normal
A005444,normal
A005445,normal
A005446,normal
A005447,normal
A005448,normal
A005449,normal
A005450,normal
A005451,normal
A005452,normal
A005453,normal
A005454,normal
A005455,hard_negative
A005456,normal
A005457,normal
A005458,normal
A005459,normal
A005460,normal
A005461,hard_negative
A005462,normal
A005463,normal
A005464,normal
A005465,normal
A005466,normal
A005467,normal
A005468,normal
A005469,normal
A005470,normal
A005471,normal
A005472,normal
A005473,normal
A005474,normal
A005475,normal
A005476,normal
A005477,normal
A005478,hard_negative
A005479,normal
A005480,normal
A005481,normal
A005482,normal
A005483,normal
A005484,normal
A005485,normal
A005486,hard_negative
A005487,normal
A005488,normal
A005489,normal
A005490,normal
A005491,normal
A005492,hard_negative
A005493,normal
A005494,normal
A005495,ring
A005496,normal
A005497,normal
A005498,normal
A005499,normal
A005500,normal
A005501,normal
A005502,ring
A005503,normal
A005504,normal
A005505,normal
A005506,hard_negative
A005507,normal
A005508,hard_negative
A005509,normal
A005510,normal
A005511,normal
A005512,ring
A005513,normal
A005514,normal
A005515,normal
A005516,normal
A005517,normal
A005518,normal
A005519,ring
A005520,normal
A005521,normal
A005522,normal
A005523,normal
A005524,normal
A005525,hard_negative
A005526,hard_negative
A005527,hard_negative
A005528,normal
A005529,ring
A005530,normal
A005531,normal
A005532,normal
A005533,normal
A005534,normal
A005535,normal
A005536,normal
A005537,normal
A005538,normal
A005539,normal
A005540,normal
A005541,normal
A005542,normal
A005543,ring
A005544,normal
A005545,normal
A005546,ring
A005547,normal
A005548,hard_negative
A005549,normal
A005550,normal
A005551,normal
A005552,hard_negative
A005553,normal
A005554,hard_negative
A005555,normal
A005556,normal
A005557,normal
A005558,hard_negative
A005559,hard_negative
A005560,normal
A005561,normal
A005562,normal
A005563,normal
A005564,hard_negative
A005565,normal
A005566,normal
A005567,hard_negative
A005568,normal
A005569,normal
A005570,hard_negative
A005571,normal
A005572,normal
A005573,normal
A005574,normal
A005575,normal
A005576,ring
A005577,normal
A005578,normal
A005579,normal
A005580,hard_negative
A005581,normal
A005582,hard_negative
A005583,normal
A005584,normal
A005585,normal
A005586,ring
A005587,normal
A005588,normal
A005589,ring
A005590,normal
A005591,normal
A005592,normal
A005593,normal
A005594,normal
A005595,ring
A005596,normal
A005597,normal
A005598,normal
A005599,normal
A005600,normal
A005601,normal
A005602,normal
A005603,hard_negative
A005604,hard_negative
A005605,hard_negative
A005606,normal
A005607,normal
A005608,normal
A005609,normal
A005610,normal
A005611,hard_negative
A005612,normal
A005613,normal
A005614,normal
A005615,normal
A005616,normal
A005617,normal
A005618,normal
A005619,normal
A005620,ring
A005621,hard_negative
A005622,normal
A005623,normal
A005624,normal
A005625,normal
A005626,hard_negative
A005627,hard_negative
A005628,hard_negative
A005629,normal
A005630,normal
A005631,normal
A005632,normal
A005633,normal
A005634,normal
A005635,normal
A005636,normal
A005637,normal
A005638,normal
A005639,normal
A005640,normal
A005641,hard_negative
A005642,normal
A005643,normal
A005644,hard_negative
A005645,normal
A005646,hard_negative
A005647,normal
A005648,normal
A005649,hard_negative
A005650,normal
A005651,normal
A005652,normal
A005653,normal
A005654,normal
A005655,normal
A005656,normal
A005657,hard_negative
A005658,normal
A005659,normal
A005660,normal
A005661,hard_negative
A005662,normal
A005663,normal
A005664,normal
A005665,normal
A005666,normal
A005667,normal
A005668,normal
A005669,hard_negative
A005670,hard_negative
A005671,normal
A005672,normal
A005673,hard_negative
A005674,normal
A005675,normal
A005676,normal
A005677,normal
A005678,ring
A005679,normal
A005680,ring
A005681,normal
A005682,normal
A005683,normal
A005684,normal
A005685,normal
A005686,normal
A005687,normal
A005688,normal
A005689,normal
A005690,normal
A005691,normal
A005692,normal
A005693,hard_negative
A005694,normal
A005695,normal
A005696,normal
A005697,normal
A005698,normal
A005699,normal
A005700,normal
A005701,normal
A005702,hard_negative
A005703,normal
A005704,normal
A005705,normal
A005706,normal
A005707,normal
A005708,hard_negative
A005709,normal
A005710,hard_negative
A005711,normal
A005712,normal
A005713,normal
A005714,hard_negative
A005715,normal
A005716,normal
A005717,normal
A005718,normal
A005719,normal
A005720,normal
A005721,hard_negative
A005722,normal
A005723,hard_negative
A005724,normal
A005725,normal
A005726,normal
A005727,normal
A005728,normal
A005729,normal
A005730,normal
A005731,normal
A005732,normal
A005733,normal
A005734,normal
A005735,normal
A005736,normal
A005737,normal
A005738,normal
A005739,hard_negative
A005740,normal
A005741,normal
A005742,normal
A005743,normal
A005744,hard_negative
A005745,normal
A005746,normal
A005747,normal
A005748,normal
A005749,normal
A005750,hard_negative
A005751,normal
A005752,normal
A005753,normal
A005754,normal
A005755,hard_negative
A005756,normal
A005757,normal
A005758,normal
A005759,normal
A005760,normal
A005761,normal
A005762,normal
A005763,normal
A005764,hard_negative
A005765,normal
A005766,normal
A005767,normal
A005768,hard_negative
A005769,normal
A005770,normal
A005771,normal
A005772,ring
A005773,normal
A005774,normal
A005775,normal
A005776,normal
A005777,normal
A005778,normal
A005779,normal
A005780,hard_negative
A005781,normal
A005782,normal
A005783,normal
A005784,hard_negative
A005785,normal
A005786,normal
A005787,normal
A005788,normal
A005789,normal
A005790,normal
A005791,normal
A005792,ring
A005793,hard_negative
A005794,normal
A005795,hard_negative
A005796,normal
A005797,normal
A005798,normal
A005799,normal
A005800,normal
A005801,normal
A005802,normal
A005803,normal
A005804,normal
A005805,normal
A005806,hard_negative
A005807,hard_negative
A005808,normal
A005809,normal
A005810,normal
A005811,normal
A005812,normal
A005813,hard_negative
A005814,normal
A005815,normal
A005816,normal
A005817,normal
A005818,normal
A005819,normal
A005820,normal
A005821,normal
A005822,normal
A005823,hard_negative
A005824,hard_negative
A005825,normal
A005826,hard_negative
A005827,normal
A005828,hard_negative
A005829,normal
A005830,normal
A005831,normal
A005832,normal
A005833,normal
A005834,hard_negative
A005835,normal
A005836,normal
A005837,hard_negative
A005838,normal
A005839,ring
A005840,normal
A005841,hard_negative
A005842,normal
A005843,normal
A005844,normal
A005845,normal
A005846,normal
A005847,normal
A005848,normal
A005849,normal
A005850,ring
A005851,normal
A005852,normal
A005853,normal
A005854,normal
A005855,normal
A005856,ring
A005857,normal
A005858,normal
A005859,normal
A005860,normal
A005861,normal
A005862,normal
A005863,normal
A005864,hard_negative
A005865,normal
A005866,normal
A005867,hard_negative
A005868,normal
A005869,ring
A005870,hard_negative
A005871,normal
A005872,normal
A005873,ring
A005874,normal
A005875,normal
A005876,normal
A005877,normal
A005878,normal
A005879,hard_negative
A005880,normal
A005881,normal
A005882,normal
A005883,normal
A005884,normal
A005885,normal
A005886,normal
A005887,normal
A005888,normal
A005889,hard_negative
A005890,normal
A005891,normal
A005892,normal
A005893,normal
A005894,normal
A005895,ring
A005896,normal
A005897,normal
A005898,normal
A005899,normal
A005900,normal
A005901,normal
A005902,normal
A005903,normal
A005904,hard_negative
A005905,hard_negative
A005906,normal
A005907,normal
A005908,hard_negative
A005909,normal
A005910,hard_negative
A005911,normal
A005912,normal
A005913,normal
A005914,normal
A005915,normal
A005916,normal
A005917,hard_negative
A005918,normal
A005919,normal
A005920,normal
A005921,normal
A005922,normal
A005923,hard_negative
A005924,normal
A005925,normal
A005926,normal
A005927,normal
A005928,normal
A005929,normal
A005930,ring
A005931,normal
A005932,normal
A005933,normal
A005934,normal
A005935,normal
A005936,normal
A005937,hard_negative
A005938,hard_negative
A005939,normal
A005940,normal
A005941,normal
A005942,normal
A005943,ring
A005944,normal
A005945,hard_negative
A005946,normal
A005947,normal
A005948,normal
A005949,normal
A005950,normal
A005951,normal
A005952,normal
A005953,hard_negative
A005954,normal
A005955,normal
A005956,normal
A005957,hard_negative
A005958,normal
A005959,normal
A005960,normal
A005961,normal
A005962,hard_negative
A005963,normal
A005964,normal
A005965,normal
A005966,normal
A005967,normal
A005968,normal
A005969,normal
A005970,normal
A005971,normal
A005972,hard_negative
A005973,hard_negative
A005974,normal
A005975,hard_negative
A005976,hard_negative
A005977,normal
A005978,hard_negative
A005979,normal
A005980,hard_negative
A005981,hard_negative
A005982,normal
A005983,hard_negative
A005984,normal
A005985,normal
A005986,normal
A005987,normal
A005988,ring
A005989,normal
A005990,normal
A005991,normal
A005992,normal
A005993,hard_negative
A005994,normal
A005995,normal
A005996,hard_negative
A005997,normal
A005998,normal
A005999,normal
A006000,normal
A006001,normal
A006002,normal
A006003,normal
A006004,normal
A006005,normal
A006006,normal
A006007,hard_negative
A006008,normal
A006009,normal
A006010,normal
A006011,normal
A006012,normal
A006013,normal
A006014,normal
A006015,normal
A006016,normal
A006017,normal
A006018,hard_negative
A006019,normal
A006020,normal
A006021,normal
A006022,normal
A006023,ring
A006024,hard_negative
A006025,normal
A006026,hard_negative
A006027,normal
A006028,normal
A006029,normal
A006030,normal
A006031,normal
A006032,ring
A006033,normal
A006034,hard_negative
A006035,hard_negative
A006036,normal
A006037,normal
A006038,normal
A006039,normal
A006040,hard_negative
A006041,normal
A006042,normal
A006043,ring
A006044,normal
A006045,normal
A006046,normal
A006047,normal
A006048,normal
A006049,normal
A006050,normal
A006051,normal
A006052,normal
A006053,ring
A006054,normal
A006055,normal
A006056,normal
A006057,normal
A006058,normal
A006059,normal
A006060,normal
A006061,normal
A006062,normal
A006063,normal
A006064,hard_negative
A006065,normal
A006066,normal
A006067,normal
A006068,hard_negative
A006069,normal
A006070,normal
A006071,normal
A006072,normal
A006073,normal
A006074,normal
A006075,hard_negative
A006076,hard_negative
A006077,normal
A006078,normal
A006079,normal
A006080,normal
A006081,normal
A006082,normal
A006083,normal
A006084,normal
A006085,normal
A006086,normal
A006087,normal
A006088,normal
A006089,normal
A006090,normal
A006091,normal
A006092,normal
A006093,normal
A006094,normal
A006095,hard_negative
A006096,hard_negative
A006097,normal
A006098,ring
A006099,hard_negative
A006100,normal
A006101,normal
A006102,normal
A006103,normal
A006104,normal
A006105,hard_negative
A006106,normal
A006107,normal
A006108,normal
A006109,normal
A006110,normal
A006111,hard_negative
A006112,normal
A006113,normal
A006114,normal
A006115,normal
A006116,hard_negative
A006117,hard_negative
A006118,normal
A006119,normal
A006120,normal
A006121,ring
A006122,normal
A006123,normal
A006124,hard_negative
A006125,normal
A006126,normal
A006127,hard_negative
A006128,normal
A006129,hard_negative
A006130,normal
A006131,hard_negative
A006132,normal
A006133,normal
A006134,hard_negative
A006135,normal
A006136,normal
A006137,normal
A006138,normal
A006139,normal
A006140,normal
A006141,normal
A006142,normal
A006143,normal
A006144,normal
A006145,normal
A006146,normal
A006147,hard_negative
A006148,ring
A006149,hard_negative
A006150,ring
A006151,normal
A006152,normal
A006153,normal
A006154,normal
A006155,hard_negative
A006156,normal
A006157,normal
A006158,hard_negative
A006159,normal
A006160,normal
A006161,normal
A006162,normal
A006163,normal
A006164,normal
A006165,hard_negative
A006166,hard_negative
A006167,hard_negative
A006168,normal
A006169,normal
A006170,normal
A006171,ring
A006172,normal
A006173,hard_negative
A006174,normal
A006175,normal
A006176,hard_negative
A006177,normal
A006178,normal
A006179,hard_negative
A006180,normal
A006181,normal
A006182,normal
A006183,normal
A006184,normal
A006185,normal
A006186,normal
A006187,normal
A006188,normal
A006189,normal
A006190,hard_negative
A006191,normal
A006192,normal
A006193,normal
A006194,normal
A006195,normal
A006196,hard_negative
A006197,normal
A006198,hard_negative
A006199,normal
A006200,hard_negative
A006201,normal
A006202,normal
A006203,normal
A006204,normal
A006205,hard_negative
A006206,normal
A006207,normal
A006208,normal
A006209,hard_negative
A006210,hard_negative
A006211,normal
A006212,hard_negative
A006213,normal
A006214,normal
A006215,normal
A006216,normal
A006217,normal
A006218,normal
A006219,normal
A006220,normal
A006221,normal
A006222,normal
A006223,normal
A006224,normal
A006225,normal
A006226,normal
A006227,normal
A006228,normal
A006229,normal
A006230,hard_negative
A006231,hard_negative
A006232,hard_negative
A006233,ring
A006234,normal
A006235,normal
A006236,normal
A006237,normal
A006238,hard_negative
A006239,hard_negative
A006240,normal
A006241,normal
A006242,normal
A006243,ring
A006244,normal
A006245,normal
A006246,normal
A006247,normal
A006248,normal
A006249,normal
A006250,hard_negative
A006251,normal
A006252,normal
A006253,hard_negative
A006254,normal
A006255,normal
A006256,normal
A006257,normal
A006258,normal
A006259,normal
A006260,normal
A006261,hard_negative
A006262,normal
A006263,normal
A006264,normal
A006265,normal
A006266,normal
A006267,normal
A006268,normal
A006269,normal
A006270,normal
A006271,ring
A006272,normal
A006273,hard_negative
A006274,normal
A006275,normal
A006276,hard_negative
A006277,ring
A006278,normal
A006279,normal
A006280,hard_negative
A006281,normal
A006282,normal
A006283,hard_negative
A006284,normal
A006285,normal
A006286,hard_negative
A006287,normal
A006288,normal
A006289,normal
A006290,ring
A006291,hard_negative
A006292,normal
A006293,hard_negative
A006294,normal
A006295,ring
A006296,normal
A006297,hard_negative
A006298,ring
A006299,normal
A006300,hard_negative
A006301,normal
A006302,normal
A006303,normal
A006304,normal
A006305,hard_negative
A006306,normal
A006307,normal
A006308,normal
A006309,normal
A006310,normal
A006311,normal
A006312,normal
A006313,normal
A006314,normal
A006315,normal
A006316,normal
A006317,normal
A006318,normal
A006319,normal
A006320,normal
A006321,normal
A006322,normal
A006323,normal
A006324,normal
A006325,hard_negative
A006326,normal
A006327,hard_negative
A006328,normal
A006329,normal
A006330,normal
A006331,normal
A006332,hard_negative
A006333,normal
A006334,normal
A006335,normal
A006336,normal
A006337,normal
A006338,normal
A006339,hard_negative
A006340,normal
A006341,normal
A006342,hard_negative
A006343,hard_negative
A006344,normal
A006345,ring
A006346,normal
A006347,normal
A006348,normal
A006349,normal
A006350,hard_negative
A006351,normal
A006352,normal
A006353,normal
A006354,hard_negative
A006355,normal
A006356,normal
A006357,normal
A006358,normal
A006359,normal
A006360,normal
A006361,normal
A006362,hard_negative
A006363,normal
A006364,ring
A006365,normal
A006366,normal
A006367,normal
A006368,normal
A006369,normal
A006370,normal
A006371,normal
A006372,normal
A006373,normal
A006374,normal
A006375,normal
A006376,hard_negative
A006377,normal
A006378,normal
A006379,normal
A006380,normal
A006381,normal
A006382,normal
A006383,normal
A006384,normal
A006385,normal
A006386,normal
A006387,normal
A006388,normal
A006389,hard_negative
A006390,normal
A006391,hard_negative
A006392,normal
A006393,normal
A006394,normal
A006395,normal
A006396,ring
A006397,normal
A006398,normal
A006399,normal
A006400,normal
A006401,hard_negative
A006402,hard_negative
A006403,normal
A006404,hard_negative
A006405,normal
A006406,ring
A006407,hard_negative
A006408,hard_negative
A006409,normal
A006410,hard_negative
A006411,hard_negative
A006412,hard_negative
A006413,normal
A006414,normal
A006415,normal
A006416,normal
A006417,normal
A006418,normal
A006419,hard_negative
A006420,normal
A006421,normal
A006422,normal
A006423,normal
A006424,normal
A006425,normal
A006426,normal
A006427,normal
A006428,normal
A006429,normal
A006430,hard_negative
A006431,normal
A006432,ring
A006433,normal
A006434,normal
A006435,normal
A006436,hard_negative
A006437,hard_negative
A006438,normal
A006439,normal
A006440,hard_negative
A006441,normal
A006442,normal
A006443,normal
A006444,hard_negative
A006445,normal
A006446,normal
A006447,normal
A006448,normal
A006449,normal
A006450,normal
A006451,normal
A006452,normal
A006453,normal
A006454,normal
A006455,normal
A006456,normal
A006457,normal
A006458,normal
A006459,normal
A006460,normal
A006461,hard_negative
A006462,normal
A006463,normal
A006464,normal
A006465,normal
A006466,normal
A006467,hard_negative
A006468,normal
A006469,normal
A006470,normal
A006471,normal
A006472,ring
A006473,normal
A006474,ring
A006475,hard_negative
A006476,normal
A006477,normal
A006478,ring
A006479,normal
A006480,hard_negative
A006481,normal
A006482,hard_negative
A006483,normal
A006484,normal
A006485,normal
A006486,normal
A006487,normal
A006488,normal
A006489,normal
A006490,normal
A006491,normal
A006492,hard_negative
A006493,normal
A006494,normal
A006495,normal
A006496,normal
A006497,normal
A006498,normal
A006499,normal
A006500,normal
A006501,normal
A006502,hard_negative
A006503,ring
A006504,hard_negative
A006505,normal
A006506,normal
A006507,hard_negative
A006508,normal
A006509,hard_negative
A006510,normal
A006511,normal
A006512,normal
A006513,hard_negative
A006514,hard_negative
A006515,hard_negative
A006516,hard_negative
A006517,normal
A006518,ring
A006519,hard_negative
A006520,hard_negative
A006521,hard_negative
A006522,normal
A006523,hard_negative
A006524,normal
A006525,normal
A006526,normal
A006527,normal
A006528,normal
A006529,normal
A006530,normal
A006531,normal
A006532,normal
A006533,normal
A006534,hard_negative
A006535,normal
A006536,normal
A006537,hard_negative
A006538,hard_negative
A006539,normal
A006540,hard_negative
A006541,normal
A006542,normal
A006543,normal
A006544,normal
A006545,normal
A006546,normal
A006547,normal
A006548,ring
A006549,normal
A006550,normal
A006551,normal
A006552,normal
A006553,normal
A006554,hard_negative
A006555,normal
A006556,hard_negative
A006557,normal
A006558,normal
A006559,normal
A006560,normal
A006561,normal
A006562,normal
A006563,normal
A006564,normal
A006565,normal
A006566,normal
A006567,normal
A006568,normal
A006569,normal
A006570,normal
A006571,normal
A006572,normal
A006573,hard_negative
A006574,ring
A006575,normal
A006576,normal
A006577,normal
A006578,hard_negative
A006579,ring
A006580,normal
A006581,normal
A006582,normal
A006583,normal
A006584,normal
A006585,normal
A006586,normal
A006587,normal
A006588,normal
A006589,hard_negative
A006590,normal
A006591,normal
A006592,normal
A006593,normal
A006594,normal
A006595,hard_negative
A006596,normal
A006597,normal
A006598,normal
A006599,normal
A006600,normal
A006601,normal
A006602,normal
A006603,normal
A006604,hard_negative
A006605,normal
A006606,normal
A006607,normal
A006608,normal
A006609,normal
A006610,normal
A006611,normal
A006612,normal
A006613,normal
A006614,normal
A006615,normal
A006616,normal
A006617,hard_negative
A006618,hard_negative
A006619,normal
A006620,normal
A006621,normal
A006622,normal
A006623,normal
A006624,normal
A006625,normal
A006626,ring
A006627,normal
A006628,normal
A006629,hard_negative
A006630,normal
A006631,normal
A006632,normal
A006633,hard_negative
A006634,normal
A006635,normal
A006636,normal
A006637,normal
A006638,normal
A006639,normal
A006640,normal
A006641,normal
A006642,hard_negative
A006643,normal
A006644,normal
A006645,normal
A006646,hard_negative
A006647,normal
A006648,hard_negative
A006649,hard_negative
A006650,normal
A006651,hard_negative
A006652,normal
A006653,hard_negative
A006654,normal
A006655,hard_negative
A006656,normal
A006657,hard_negative
A006658,normal
A006659,hard_negative
A006660,normal
A006661,normal
A006662,normal
A006663,normal
A006664,normal
A006665,normal
A006666,normal
A006667,normal
A006668,normal
A006669,hard_negative
A006670,normal
A006671,normal
A006672,normal
A006673,normal
A006674,normal
A006675,normal
A006676,normal
A006677,normal
A006678,normal
A006679,hard_negative
A006680,hard_negative
A006681,normal
A006682,normal
A006683,hard_negative
A006684,normal
A006685,normal
A006686,normal
A006687,hard_negative
A006688,hard_negative
A006689,normal
A006690,normal
A006691,hard_negative
A006692,hard_negative
A006693,hard_negative
A006694,normal
A006695,normal
A006696,hard_negative
A006697,normal
A006698,normal
A006699,normal
A006700,normal
A006701,hard_negative
A006702,normal
A006703,normal
A006704,normal
A006705,normal
A006706,normal
A006707,normal
A006708,hard_negative
A006709,normal
A006710,normal
A006711,normal
A006712,normal
A006713,normal
A006714,normal
A006715,normal
A006716,hard_negative
A006717,normal
A006718,hard_negative
A006719,normal
A006720,normal
A006721,ring
A006722,normal
A006723,normal
A006724,normal
A006725,ring
A006726,normal
A006727,normal
A006728,ring
A006729,normal
A006730,normal
A006731,normal
A006732,normal
A006733,ring
A006734,normal
A006735,normal
A006736,normal
A006737,normal
A006738,hard_negative
A006739,hard_negative
A006740,normal
A006741,hard_negative
A006742,hard_negative
A006743,normal
A006744,normal
A006745,hard_negative
A006746,normal
A006747,normal
A006748,normal
A006749,normal
A006750,normal
A006751,hard_negative
A006752,normal
A006753,normal
A006754,normal
A006755,normal
A006756,normal
A006757,normal
A006758,normal
A006759,normal
A006760,normal
A006761,normal
A006762,normal
A006763,normal
A006764,normal
A006765,hard_negative
A006766,normal
A006767,hard_negative
A006768,normal
A006769,hard_negative
A006770,normal
A006771,normal
A006772,normal
A006773,hard_negative
A006774,normal
A006775,normal
A006776,ring
A006777,normal
A006778,normal
A006779,normal
A006780,normal
A006781,normal
A006782,normal
A006783,normal
A006784,hard_negative
A006785,normal
A006786,normal
A006787,normal
A006788,normal
A006789,normal
A006790,normal
A006791,normal
A006792,normal
A006793,normal
A006794,normal
A006795,normal
A006796,normal
A006797,normal
A006798,normal
A006799,normal
A006800,hard_negative
A006801,normal
A006802,normal
A006803,normal
A006804,normal
A006805,hard_negative
A006806,normal
A006807,normal
A006808,normal
A006809,normal
A006810,normal
A006811,normal
A006812,hard_negative
A006813,normal
A006814,normal
A006815,normal
A006816,normal
A006817,hard_negative
A006818,normal
A006819,normal
A006820,normal
A006821,normal
A006822,hard_negative
A006823,normal
A006824,normal
A006825,normal
A006826,normal
A006827,normal
A006828,normal
A006829,ring
A006830,normal
A006831,normal
A006832,normal
A006833,normal
A006834,normal
A006835,normal
A006836,ring
A006837,normal
A006838,normal
A006839,normal
A006840,hard_negative
A006841,hard_negative
A006842,normal
A006843,normal
A006844,normal
A006845,normal
A006846,normal
A006847,normal
A006848,normal
A006849,normal
A006850,normal
A006851,normal
A006852,normal
A006853,normal
A006854,normal
A006855,hard_negative
A006856,normal
A006857,normal
A006858,normal
A006859,normal
A006860,hard_negative
A006861,normal
A006862,hard_negative
A006863,normal
A006864,normal
A006865,normal
A006866,normal
A006867,normal
A006868,normal
A006869,hard_negative
A006870,normal
A006871,normal
A006872,ring
A006873,normal
A006874,normal
A006875,normal
A006876,normal
A006877,hard_negative
A006878,normal
A006879,normal
A006880,normal
A006881,normal
A006882,normal
A006883,normal
A006884,normal
A006885,normal
A006886,normal
A006887,normal
A006888,normal
A006889,normal
A006890,hard_negative
A006891,normal
A006892,normal
A006893,hard_negative
A006894,normal
A006895,hard_negative
A006896,normal
A006897,normal
A006898,normal
A006899,normal
A006900,normal
A006901,normal
A006902,normal
A006903,normal
A006904,hard_negative
A006905,normal
A006906,normal
A006907,hard_negative
A006908,normal
A006909,normal
A006910,normal
A006911,normal
A006912,normal
A006913,normal
A006914,normal
A006915,normal
A006916,normal
A006917,normal
A006918,normal
A006919,normal
A006920,normal
A006921,ring
A006922,ring
A006923,normal
A006924,normal
A006925,normal
A006926,normal
A006927,normal
A006928,normal
A006929,hard_negative
A006930,normal
A006931,normal
A006932,hard_negative
A006933,hard_negative
A006934,normal
A006935,normal
A006936,normal
A006937,normal
A006938,normal
A006939,normal
A006940,normal
A006941,normal
A006942,normal
A006943,normal
A006944,normal
A006945,hard_negative
A006946,hard_negative
A006947,normal
A006948,normal
A006949,normal
A006950,normal
A006951,hard_negative
A006952,hard_negative
A006953,ring
A006954,normal
A006955,hard_negative
A006956,hard_negative
A006957,normal
A006958,normal
A006959,normal
A006960,normal
A006961,normal
A006962,ring
A006963,normal
A006964,normal
A006965,hard_negative
A006966,normal
A006967,normal
A006968,normal
A006969,normal
A006970,ring
A006971,normal
A006972,normal
A006973,normal
A006974,normal
A006975,normal
A006976,normal
A006977,normal
A006978,normal
A006979,normal
A006980,normal
A006981,hard_negative
A006982,normal
A006983,normal
A006984,ring
A006985,hard_negative
A006986,normal
A006987,normal
A006988,normal
A006989,normal
A006990,normal
A006991,normal
A006992,hard_negative
A006993,normal
A006994,normal
A006995,normal
A006996,normal
A006997,normal
A006998,normal
A006999,normal
A007000,hard_negative
A007001,normal
A007002,normal
A007003,hard_negative
A007004,normal
A007005,normal
A007006,normal
A007007,normal
A007008,normal
A007009,normal
A007010,normal
A007011,normal
A007012,normal
A007013,normal
A007014,normal
A007015,normal
A007016,normal
A007017,hard_negative
A007018,ring
A007019,normal
A007020,hard_negative
A007021,normal
A007022,hard_negative
A007023,normal
A007024,normal
A007025,normal
A007026,hard_negative
A007027,normal
A007028,normal
A007029,normal
A007030,normal
A007031,normal
A007032,normal
A007033,normal
A007034,hard_negative
A007035,hard_negative
A007036,normal
A007037,normal
A007038,normal
A007039,normal
A007040,hard_negative
A007041,normal
A007042,normal
A007043,normal
A007044,hard_negative
A007045,normal
A007046,normal
A007047,normal
A007048,normal
A007049,normal
A007050,normal
A007051,normal
A007052,normal
A007053,normal
A007054,normal
A007055,normal
A007056,normal
A007057,normal
A007058,hard_negative
A007059,normal
A007060,normal
A007061,normal
A007062,hard_negative
A007063,normal
A007064,normal
A007065,normal
A007066,normal
A007067,normal
A007068,normal
A007069,normal
A007070,normal
A007071,normal
A007072,normal
A007073,normal
A007074,normal
A007075,ring
A007076,hard_negative
A007077,normal
A007078,hard_negative
A007079,normal
A007080,normal
A007081,normal
A007082,normal
A007083,hard_negative
A007084,normal
A007085,hard_negative
A007086,ring
A007087,normal
A007088,ring
A007089,hard_negative
A007090,normal
A007091,normal
A007092,normal
A007093,hard_negative
A007094,normal
A007095,ring
A007096,normal
A007097,normal
A007098,normal
A007099,normal
A007100,normal
A007101,normal
A007102,normal
A007103,normal
A007104,hard_negative
A007105,hard_negative
A007106,normal
A007107,normal
A007108,normal
A007109,normal
A007110,normal
A007111,normal
A007112,normal
A007113,hard_negative
A007114,normal
A007115,normal
A007116,normal
A007117,hard_negative
A007118,normal
A007119,normal
A007120,hard_negative
A007121,normal
A007122,normal
A007123,normal
A007124,normal
A007125,normal
A007126,normal
A007127,hard_negative
A007128,normal
A007129,normal
A007130,normal
A007131,normal
A007132,normal
A007133,ring
A007134,normal
A007135,hard_negative
A007136,normal
A007137,normal
A007138,normal
A007139,normal
A007140,normal
A007141,normal
A007142,normal
A007143,normal
A007144,hard_negative
A007145,hard_negative
A007146,normal
A007147,normal
A007148,normal
A007149,normal
A007150,hard_negative
A007151,normal
A007152,normal
A007153,normal
A007154,normal
A007155,normal
A007156,normal
A007157,normal
A007158,ring
A007159,normal
A007160,normal
A007161,normal
A007162,hard_negative
A007163,normal
A007164,normal
A007165,hard_negative
A007166,hard_negative
A007167,normal
A007168,normal
A007169,normal
A007170,normal
A007171,normal
A007172,hard_negative
A007173,normal
A007174,normal
A007175,normal
A007176,ring
A007177,normal
A007178,ring
A007179,normal
A007180,normal
A007181,normal
A007182,hard_negative
A007183,normal
A007184,normal
A007185,normal
A007186,hard_negative
A007187,normal
A007188,normal
A007189,normal
A007190,normal
A007191,normal
A007192,ring
A007193,normal
A007194,normal
A007195,normal
A007196,normal
A007197,hard_negative
A007198,normal
A007199,normal
A007200,normal
A007201,normal
A007202,normal
A007203,normal
A007204,normal
A007205,ring
A007206,normal
A007207,normal
A007208,normal
A007209,normal
A007210,hard_negative
A007211,normal
A007212,normal
A007213,normal
A007214,normal
A007215,normal
A007216,normal
A007217,normal
A007218,normal
A007219,normal
A007220,normal
A007221,normal
A007222,normal
A007223,normal
A007224,normal
A007225,normal
A007226,hard_negative
A007227,normal
A007228,normal
A007229,normal
A007230,hard_negative
A007231,normal
A007232,normal
A007233,normal
A007234,normal
A007235,normal
A007236,normal
A007237,normal
A007238,normal
A007239,normal
A007240,normal
A007241,normal
A007242,normal
A007243,ring
A007244,normal
A007245,normal
A007246,hard_negative
A007247,normal
A007248,normal
A007249,normal
A007250,normal
A007251,normal
A007252,normal
A007253,normal
A007254,hard_negative
A007255,normal
A007256,normal
A007257,normal
A007258,normal
A007259,normal
A007260,normal
A007261,normal
A007262,normal
A007263,normal
A007264,hard_negative
A007265,normal
A007266,normal
A007267,normal
A007268,hard_negative
A007269,normal
A007270,hard_negative
A007271,normal
A007272,normal
A007273,normal
A007274,normal
A007275,normal
A007276,normal
A007277,normal
A007278,normal
A007279,normal
A007280,ring
A007281,normal
A007282,normal
A007283,normal
A007284,normal
A007285,normal
A007286,normal
A007287,normal
A007288,normal
A007289,normal
A007290,normal
A007291,hard_negative
A007292,normal
A007293,normal
A007294,normal
A007295,normal
A007296,normal
A007297,normal
A007298,normal
A007299,normal
A007300,hard_negative
A007301,normal
A007302,normal
A007303,normal
A007304,normal
A007305,normal
A007306,normal
A007307,ring
A007308,normal
A007309,normal
A007310,hard_negative
A007311,normal
A007312,normal
A007313,normal
A007314,normal
A007315,hard_negative
A007316,normal
A007317,normal
A007318,normal
A007319,normal
A007320,normal
A007321,hard_negative
A007322,normal
A007323,normal
A007324,normal
A007325,ring
A007326,normal
A007327,normal
A007328,normal
A007329,normal
A007330,normal
A007331,normal
A007332,normal
A007333,normal
A007334,normal
A007335,normal
A007336,normal
A007337,normal
A007338,hard_negative
A007339,normal
A007340,normal
A007341,normal
A007342,hard_negative
A007343,normal
A007344,normal
A007345,hard_negative
A007346,hard_negative
A007347,normal
A007348,normal
A007349,normal
A007350,normal
A007351,normal
A007352,normal
A007353,hard_negative
A007354,normal
A007355,normal
A007356,normal
A007357,normal
A007358,hard_negative
A007359,normal
A007360,normal
A007361,normal
A007362,normal
A007363,normal
A007364,hard_negative
A007365,hard_negative
A007366,normal
A007367,normal
A007368,hard_negative
A007369,normal
A007370,normal
A007371,normal
A007372,hard_negative
A007373,normal
A007374,normal
A007375,normal
A007376,normal
A007377,hard_negative
A007378,normal
A007379,normal
A007380,ring
A007381,normal
A007382,normal
A007383,ring
A007384,normal
A007385,hard_negative
A007386,normal
A007387,normal
A007388,normal
A007389,normal
A007390,hard_negative
A007391,normal
A007392,normal
A007393,hard_negative
A007394,hard_negative
A007395,normal
A007396,normal
A007397,normal
A007398,normal
A007399,normal
A007400,normal
A007401,normal
A007402,normal
A007403,normal
A007404,normal
A007405,normal
A007406,normal
A007407,normal
A007408,normal
A007409,normal
A007410,ring
A007411,hard_negative
A007412,normal
A007413,normal
A007414,normal
A007415,normal
A007416,normal
A007417,hard_negative
A007418,hard_negative
A007419,normal
A007420,normal
A007421,normal
A007422,hard_negative
A007423,normal
A007424,normal
A007425,normal
A007426,hard_negative
A007427,normal
A007428,normal
A007429,normal
A007430,normal
A007431,normal
A007432,hard_negative
A007433,hard_negative
A007434,normal
A007435,normal
A007436,normal
A007437,ring
A007438,normal
A007439,normal
A007440,normal
A007441,normal
A007442,normal
A007443,normal
A007444,hard_negative
A007445,normal
A007446,hard_negative
A007447,normal
A007448,normal
A007449,ring
A007450,normal
A007451,hard_negative
A007452,normal
A007453,normal
A007454,hard_negative
A007455,hard_negative
A007456,normal
A007457,normal
A007458,ring
A007459,normal
A007460,normal
A007461,normal
A007462,hard_negative
A007463,normal
A007464,normal
A007465,normal
A007466,normal
A007467,normal
A007468,hard_negative
A007469,hard_negative
A007470,normal
A007471,normal
A007472,normal
A007473,normal
A007474,hard_negative
A007475,hard_negative
A007476,normal
A007477,normal
A007478,normal
A007479,hard_negative
A007480,hard_negative
A007481,normal
A007482,normal
A007483,normal
A007484,normal
A007485,normal
A007486,normal
A007487,hard_negative
A007488,normal
A007489,normal
A007490,ring
A007491,normal
A007492,normal
A007493,normal
A007494,normal
A007495,normal
A007496,normal
A007497,normal
A007498,normal
A007499,normal
A007500,normal
A007501,normal
A007502,hard_negative
A007503,hard_negative
A007504,ring
A007505,normal
A007506,normal
A007507,normal
A007508,normal
A007509,normal
A007510,normal
A007511,ring
A007512,normal
A007513,normal
A007514,normal
A007515,normal
A007516,normal
A007517,normal
A007518,normal
A007519,normal
A007520,normal
A007521,normal
A007522,normal
A007523,normal
A007524,normal
A007525,normal
A007526,hard_negative
A007527,hard_negative
A007528,normal
A007529,normal
A007530,hard_negative
A007531,normal
A007532,normal
A007533,normal
A007534,hard_negative
A007535,normal
A007536,normal
A007537,normal
A007538,ring
A007539,normal
A007540,normal
A007541,normal
A007542,normal
A007543,normal
A007544,normal
A007545,normal
A007546,normal
A007547,hard_negative
A007548,ring
A007549,normal
A007550,normal
A007551,normal
A007552,normal
A007553,normal
A007554,normal
A007555,normal
A007556,ring
A007557,normal
A007558,normal
A007559,normal
A007560,normal
A007561,normal
A007562,normal
A007563,normal
A007564,normal
A007565,normal
A007566,normal
A007567,normal
A007568,normal
A007569,normal
A007570,hard_negative
A007571,normal
A007572,normal
A007573,normal
A007574,normal
A007575,normal
A007576,normal
A007577,normal
A007578,hard_negative
A007579,normal
A007580,normal
A007581,hard_negative
A007582,normal
A007583,normal
A007584,normal
A007585,hard_negative
A007586,normal
A007587,normal
A007588,normal
A007589,normal
A007590,normal
A007591,normal
A007592,normal
A007593,normal
A007594,normal
A007595,normal
A007596,normal
A007597,hard_negative
A007598,normal
A007599,normal
A007600,normal
A007601,hard_negative
A007602,normal
A007603,normal
A007604,normal
A007605,normal
A007606,normal
A007607,normal
A007608,normal
A007609,normal
A007610,normal
A007611,normal
A007612,normal
A007613,normal
A007614,normal
A007615,ring
A007616,normal
A007617,normal
A007618,normal
A007619,normal
A007620,hard_negative
A007621,normal
A007622,normal
A007623,normal
A007624,normal
A007625,hard_negative
A007626,normal
A007627,normal
A007628,normal
A007629,normal
A007630,normal
A007631,normal
A007632,normal
A007633,normal
A007634,normal
A007635,normal
A007636,normal
A007637,normal
A007638,normal
A007639,normal
A007640,normal
A007641,normal
A007642,normal
A007643,normal
A007644,normal
A007645,hard_negative
A007646,normal
A007647,normal
A007648,hard_negative
A007649,normal
A007650,normal
A007651,normal
A007652,normal
A007653,normal
A007654,normal
A007655,normal
A007656,normal
A007657,normal
A007658,normal
A007659,hard_negative
A007660,hard_negative
A007661,ring
A007662,normal
A007663,normal
A007664,normal
A007665,normal
A007666,normal
A007667,normal
A007668,normal
A007669,hard_negative
A007670,normal
A007671,normal
A007672,normal
A007673,normal
A007674,hard_negative
A007675,hard_negative
A007676,normal
A007677,normal
A007678,ring
A007679,normal
A007680,hard_negative
A007681,normal
A007682,normal
A007683,normal
A007684,normal
A007685,normal
A007686,normal
A007687,normal
A007688,normal
A007689,normal
A007690,normal
A007691,normal
A007692,normal
A007693,normal
A007694,normal
A007695,normal
A007696,normal
A007697,normal
A007698,normal
A007699,normal
A007700,normal
A007701,hard_negative
A007702,normal
A007703,normal
A007704,normal
A007705,normal
A007706,normal
A007707,normal
A007708,hard_negative
A007709,normal
A007710,hard_negative
A007711,normal
A007712,normal
A007713,normal
A007714,normal
A007715,normal
A007716,normal
A007717,normal
A007718,ring
A007719,normal
A007720,normal
A007721,normal
A007722,normal
A007723,ring
A007724,normal
A007725,normal
A007726,normal
A007727,hard_negative
A007728,normal
A007729,normal
A007730,hard_negative
A007731,normal
A007732,normal
A007733,normal
A007734,normal
A007735,normal
A007736,normal
A007737,hard_negative
A007738,normal
A007739,normal
A007740,ring
A007741,normal
A007742,ring
A007743,normal
A007744,normal
A007745,normal
A007746,normal
A007747,normal
A007748,hard_negative
A007749,hard_negative
A007750,normal
A007751,normal
A007752,normal
A007753,normal
A007754,normal
A007755,normal
A007756,normal
A007757,normal
A007758,normal
A007759,normal
A007760,normal
A007761,hard_negative
A007762,normal
A007763,normal
A007764,normal
A007765,normal
A007766,normal
A007767,normal
A007768,normal
A007769,normal
A007770,normal
A007771,normal
A007772,normal
A007773,normal
A007774,normal
A007775,normal
A007776,normal
A007777,normal
A007778,normal
A007779,normal
A007780,normal
A007781,normal
A007782,hard_negative
A007783,normal
A007784,normal
A007785,normal
A007786,normal
A007787,normal
A007788,normal
A007789,hard_negative
A007790,normal
A007791,normal
A007792,hard_negative
A007793,ring
A007794,normal
A007795,normal
A007796,normal
A007797,hard_negative
A007798,normal
A007799,ring
A007800,normal
A007801,normal
A007802,normal
A007803,normal
A007804,ring
A007805,hard_negative
A007806,normal
A007807,hard_negative
A007808,normal
A007809,normal
A007810,hard_negative
A007811,normal
A007812,normal
A007813,normal
A007814,hard_negative
A007815,normal
A007816,normal
A007817,normal
A007818,normal
A007819,normal
A007820,normal
A007821,hard_negative
A007822,normal
A007823,normal
A007824,normal
A007825,normal
A007826,ring
A007827,normal
A007828,normal
A007829,normal
A007830,normal
A007831,normal
A007832,normal
A007833,normal
A007834,normal
A007835,normal
A007836,normal
A007837,normal
A007838,normal
A007839,normal
A007840,normal
A007841,normal
A007842,normal
A007843,normal
A007844,normal
A007845,normal
A007846,hard_negative
A007847,normal
A007848,normal
A007849,hard_negative
A007850,normal
A007851,normal
A007852,normal
A007853,ring
A007854,normal
A007855,normal
A007856,normal
A007857,normal
A007858,normal
A007859,hard_negative
A007860,hard_negative
A007861,ring
A007862,normal
A007863,ring
A007864,normal
A007865,normal
A007866,hard_negative
A007867,normal
A007868,normal
A007869,normal
A007870,normal
A007871,ring
A007872,normal
A007873,normal
A007874,normal
A007875,hard_negative
A007876,hard_negative
A007877,hard_negative
A007878,normal
A007879,normal
A007880,normal
A007881,normal
A007882,hard_negative
A007883,normal
A007884,hard_negative
A007885,normal
A007886,hard_negative
A007887,normal
A007888,normal
A007889,normal
A007890,normal
A007891,normal
A007892,hard_negative
A007893,normal
A007894,normal
A007895,normal
A007896,normal
A007897,normal
A007898,normal
A007899,hard_negative
A007900,normal
A007901,normal
A007902,normal
A007903,normal
A007904,hard_negative
A007905,normal
A007906,normal
A007907,normal
A007908,normal
A007909,normal
A007910,normal
A007911,normal
A007912,normal
A007913,normal
A007914,hard_negative
A007915,normal
A007916,normal
A007917,normal
A007918,hard_negative
A007919,hard_negative
A007920,hard_negative
A007921,normal
A007922,normal
A007923,hard_negative
A007924,normal
A007925,normal
A007926,normal
A007927,normal
A007928,normal
A007929,normal
A007930,normal
A007931,normal
A007932,hard_negative
A007933,normal
A007934,normal
A007935,normal
A007936,normal
A007937,normal
A007938,hard_negative
A007939,normal
A007940,normal
A007941,normal
A007942,normal
A007943,normal
A007944,normal
A007945,normal
A007946,normal
A007947,normal
A007948,normal
A007949,normal
A007950,normal
A007951,normal
A007952,normal
A007953,normal
A007954,normal
A007955,normal
A007956,normal
A007957,normal
A007958,normal
A007959,hard_negative
A007960,normal
A007961,normal
A007962,normal
A007963,normal
A007964,hard_negative
A007965,normal
A007966,ring
A007967,normal
A007968,normal
A007969,normal
A007970,normal
A007971,normal
A007972,normal
A007973,hard_negative
A007974,normal
A007975,normal
A007976,normal
A007977,normal
A007978,normal
A007979,normal
A007980,normal
A007981,normal
A007982,normal
A007983,hard_negative
A007984,normal
A007985,normal
A007986,normal
A007987,normal
A007988,ring
A007989,normal
A007990,normal
A007991,hard_negative
A007992,hard_negative
A007993,normal
A007994,normal
A007995,normal
A007996,normal
A007997,normal
A007998,normal
A007999,hard_negative
A008000,normal
A008001,normal
A008002,normal
A008003,normal
A008004,normal
A008005,hard_negative
A008006,normal
A008007,hard_negative
A008008,normal
A008009,normal
A008010,normal
A008011,normal
A008012,ring
A008013,normal
A008014,normal
A008015,normal
A008016,normal
A008017,hard_negative
A008018,normal
A008019,normal
A008020,normal
A008021,normal
A008022,normal
A008023,ring
A008024,normal
A008025,hard_negative
A008026,normal
A008027,normal
A008028,normal
A008029,hard_negative
A008030,hard_negative
A008031,normal
A008032,ring
A008033,normal
A008034,ring
A008035,normal
A008036,normal
A008037,normal
A008038,normal
A008039,normal
A008040,normal
A008041,normal
A008042,normal
A008043,normal
A008044,normal
A008045,normal
A008046,normal
A008047,hard_negative
A008048,normal
A008049,hard_negative
A008050,hard_negative
A008051,normal
A008052,normal
A008053,normal
A008054,hard_negative
A008055,normal
A008056,normal
A008057,hard_negative
A008058,hard_negative
A008059,normal
A008060,normal
A008061,normal
A008062,normal
A008063,normal
A008064,normal
A008065,normal
A008066,normal
A008067,normal
A008068,normal
A008069,normal
A008070,normal
A008071,normal
A008072,normal
A008073,normal
A008074,normal
A008075,ring
A008076,hard_negative
A008077,normal
A008078,normal
A008079,normal
A008080,normal
A008081,normal
A008082,normal
A008083,normal
A008084,normal
A008085,ring
A008086,normal
A008087,normal
A008088,normal
A008089,normal
A008090,normal
A008091,normal
A008092,normal
A008093,normal
A008094,normal
A008095,hard_negative
A008096,hard_negative
A008097,normal
A008098,normal
A008099,normal
A008100,normal
A008101,normal
A008102,normal
A008103,normal
A008104,normal
A008105,normal
A008106,normal
A008107,normal
A008108,normal
A008109,normal
A008110,normal
A008111,hard_negative
A008112,normal
A008113,normal
A008114,normal
A008115,hard_negative
A008116,normal
A008117,normal
A008118,normal
A008119,hard_negative
A008120,normal
A008121,normal
A008122,normal
A008123,normal
A008124,normal
A008125,normal
A008126,normal
A008127,normal
A008128,normal
A008129,normal
A008130,normal
A008131,normal
A008132,normal
A008133,normal
A008134,hard_negative
A008135,normal
A008136,hard_negative
A008137,hard_negative
A008138,normal
A008139,normal
A008140,normal
A008141,normal
A008142,normal
A008143,normal
A008144,ring
A008145,normal
A008146,normal
A008147,normal
A008148,hard_negative
A008149,normal
A008150,normal
A008151,ring
A008152,ring
A008153,normal
A008154,hard_negative
A008155,normal
A008156,normal
A008157,normal
A008158,normal
A008159,hard_negative
A008160,hard_negative
A008161,hard_negative
A008162,normal
A008163,normal
A008164,ring
A008165,normal
A008166,normal
A008167,normal
A008168,ring
A008169,normal
A008170,normal
A008171,normal
A008172,normal
A008173,normal
A008174,ring
A008175,normal
A008176,normal
A008177,normal
A008178,normal
A008179,normal
A008180,normal
A008181,normal
A008182,normal
A008183,normal
A008184,normal
A008185,normal
A008186,ring
A008187,normal
A008188,normal
A008189,normal
A008190,normal
A008191,hard_negative
A008192,normal
A008193,normal
A008194,normal
A008195,normal
A008196,normal
A008197,hard_negative
A008198,normal
A008199,normal
A008200,normal
A008201,normal
A008202,hard_negative
A008203,hard_negative
A008204,normal
A008205,normal
A008206,normal
A008207,normal
A008208,hard_negative
A008209,normal
A008210,normal
A008211,normal
A008212,ring
A008213,normal
A008214,normal
A008215,normal
A008216,normal
A008217,normal
A008218,normal
A008219,normal
A008220,normal
A008221,normal
A008222,normal
A008223,normal
A008224,normal
A008225,normal
A008226,normal
A008227,normal
A008228,normal
A008229,hard_negative
A008230,normal
A008231,hard_negative
A008232,normal
A008233,normal
A008234,hard_negative
A008235,ring
A008236,ring
A008237,normal
A008238,normal
A008239,normal
A008240,normal
A008241,normal
A008242,normal
A008243,normal
A008244,normal
A008245,normal
A008246,normal
A008247,ring
A008248,normal
A008249,hard_negative
A008250,ring
A008251,normal
A008252,normal
A008253,normal
A008254,normal
A008255,hard_negative
A008256,hard_negative
A008257,normal
A008258,normal
A008259,normal
A008260,normal
A008261,normal
A008262,normal
A008263,normal
A008264,normal
A008265,hard_negative
A008266,normal
A008267,normal
A008268,normal
A008269,normal
A008270,hard_negative
A008271,normal
A008272,normal
A008273,normal
A008274,normal
A008275,normal
A008276,normal
A008277,normal
A008278,normal
A008279,normal
A008280,normal
A008281,ring
A008282,normal
A008283,normal
A008284,normal
A008285,normal
A008286,ring
A008287,hard_negative
A008288,hard_negative
A008289,normal
A008290,normal
A008291,normal
A008292,normal
A008293,normal
A008294,normal
A008295,normal
A008296,normal
A008297,ring
A008298,normal
A008299,normal
A008300,normal
A008301,normal
A008302,normal
A008303,hard_negative
A008304,normal
A008305,normal
A008306,normal
A008307,normal
A008308,hard_negative
A008309,normal
A008310,normal
A008311,normal
A008312,normal
A008313,normal
A008314,normal
A008315,normal
A008316,normal
A008317,normal
A008318,normal
A008319,normal
A008320,normal
A008321,normal
A008322,ring
A008323,normal
A008324,normal
A008325,normal
A008326,normal
A008327,hard_negative
A008328,normal
A008329,normal
A008330,normal
A008331,normal
A008332,normal
A008333,normal
A008334,normal
A008335,normal
A008336,hard_negative
A008337,normal
A008338,normal
A008339,normal
A008340,normal
A008341,normal
A008342,normal
A008343,normal
A008344,normal
A008345,hard_negative
A008346,normal
A008347,normal
A008348,ring
A008349,normal
A008350,normal
A008351,normal
A008352,normal
A008353,normal
A008354,hard_negative
A008355,normal
A008356,hard_negative
A008357,normal
A008358,hard_negative
A008359,normal
A008360,normal
A008361,normal
A008362,hard_negative
A008363,normal
A008364,hard_negative
A008365,normal
A008366,normal
A008367,normal
A008368,hard_negative
A008369,normal
A008370,normal
A008371,normal
A008372,normal
A008373,ring
A008374,normal
A008375,normal
A008376,ring
A008377,hard_negative
A008378,normal
A008379,normal
A008380,normal
A008381,normal
A008382,normal
A008383,normal
A008384,normal
A008385,normal
A008386,normal
A008387,normal
A008388,normal
A008389,normal
A008390,normal
A008391,normal
A008392,hard_negative
A008393,hard_negative
A008394,normal
A008395,normal
A008396,normal
A008397,ring
A008398,normal
A008399,normal
A008400,hard_negative
A008401,normal
A008402,normal
A008403,normal
A008404,hard_negative
A008405,normal
A008406,normal
A008407,ring
A008408,normal
A008409,normal
A008410,ring
A008411,normal
A008412,normal
A008413,normal
A008414,normal
A008415,normal
A008416,normal
A008417,normal
A008418,normal
A008419,normal
A008420,normal
A008421,hard_negative
A008422,normal
A008423,hard_negative
A008424,hard_negative
A008425,normal
A008426,hard_negative
A008427,normal
A008428,normal
A008429,normal
A008430,normal
A008431,normal
A008432,normal
A008433,normal
A008434,hard_negative
A008435,normal
A008436,normal
A008437,ring
A008438,normal
A008439,normal
A008440,normal
A008441,normal
A008442,ring
A008443,normal
A008444,normal
A008445,normal
A008446,normal
A008447,normal
A008448,normal
A008449,normal
A008450,normal
A008451,normal
A008452,normal
A008453,normal
A008454,normal
A008455,normal
A008456,normal
A008457,normal
A008458,ring
A008459,normal
A008460,normal
A008461,normal
A008462,normal
A008463,hard_negative
A008464,normal
A008465,normal
A008466,hard_negative
A008467,normal
A008468,normal
A008469,normal
A008470,ring
A008471,normal
A008472,normal
A008473,normal
A008474,normal
A008475,normal
A008476,normal
A008477,normal
A008478,normal
A008479,hard_negative
A008480,normal
A008481,normal
A008482,normal
A008483,normal
A008484,hard_negative
A008485,normal
A008486,normal
A008487,hard_negative
A008488,normal
A008489,normal
A008490,normal
A008491,normal
A008492,normal
A008493,normal
A008494,normal
A008495,normal
A008496,hard_negative
A008497,normal
A008498,normal
A008499,normal
A008500,normal
A008501,normal
A008502,ring
A008503,normal
A008504,normal
A008505,normal
A008506,normal
A008507,normal
A008508,hard_negative
A008509,normal
A008510,normal
A008511,normal
A008512,normal
A008513,normal
A008514,hard_negative
A008515,ring
A008516,normal
A008517,normal
A008518,normal
A008519,hard_negative
A008520,normal
A008521,normal
A008522,hard_negative
A008523,normal
A008524,normal
A008525,ring
A008526,normal
A008527,normal
A008528,normal
A008529,normal
A008530,normal
A008531,normal
A008532,normal
A008533,normal
A008534,ring
A008535,normal
A008536,normal
A008537,normal
A008538,normal
A008539,normal
A008540,ring
A008541,normal
A008542,normal
A008543,hard_negative
A008544,hard_negative
A008545,normal
A008546,normal
A008547,normal
A008548,normal
A008549,normal
A008550,normal
A008551,normal
A008552,normal
A008553,hard_negative
A008554,normal
A008555,normal
A008556,normal
A008557,normal
A008558,hard_negative
A008559,normal
A008560,ring
A008561,normal
A008562,ring
A008563,normal
A008564,normal
A008565,ring
A008566,normal
A008567,normal
A008568,normal
A008569,normal
A008570,normal
A008571,normal
A008572,normal
A008573,ring
A008574,hard_negative
A008575,hard_negative
A008576,normal
A008577,normal
A008578,normal
A008579,normal
A008580,normal
A008581,normal
A008582,normal
A008583,ring
A008584,ring
A008585,normal
A008586,normal
A008587,normal
A008588,normal
A008589,normal
A008590,normal
A008591,normal
A008592,normal
A008593,normal
A008594,normal
A008595,normal
A008596,normal
A008597,hard_negative
A008598,ring
A008599,normal
A008600,normal
A008601,normal
A008602,normal
A008603,normal
A008604,normal
A008605,normal
A008606,normal
A008607,normal
A008608,normal
A008609,hard_negative
A008610,normal
A008611,normal
A008612,normal
A008613,hard_negative
A008614,normal
A008615,normal
A008616,normal
A008617,normal
A008618,normal
A008619,normal
A008620,normal
A008621,ring
A008622,normal
A008623,normal
A008624,normal
A008625,normal
A008626,hard_negative
A008627,normal
A008628,normal
A008629,normal
A008630,normal
A008631,normal
A008632,normal
A008633,normal
A008634,ring
A008635,normal
A008636,normal
A008637,normal
A008638,normal
A008639,normal
A008640,normal
A008641,normal
A008642,normal
A008643,normal
A008644,hard_negative
A008645,normal
A008646,normal
A008647,hard_negative
A008648,normal
A008649,normal
A008650,normal
A008651,normal
A008652,normal
A008653,hard_negative
A008654,normal
A008655,normal
A008656,normal
A008657,normal
A008658,normal
A008659,normal
A008660,normal
A008661,normal
A008662,normal
A008663,normal
A008664,normal
A008665,hard_negative
A008666,normal
A008667,normal
A008668,hard_negative
A008669,hard_negative
A008670,normal
A008671,normal
A008672,normal
A008673,normal
A008674,normal
A008675,hard_negative
A008676,normal
A008677,normal
A008678,ring
A008679,normal
A008680,normal
A008681,normal
A008682,normal
A008683,normal
A008684,normal
A008685,normal
A008686,normal
A008687,normal
A008688,normal
A008689,hard_negative
A008690,normal
A008691,normal
A008692,normal
A008693,normal
A008694,normal
A008695,normal
A008696,normal
A008697,normal
A008698,normal
A008699,normal
A008700,normal
A008701,hard_negative
A008702,normal
A008703,normal
A008704,normal
A008705,normal
A008706,normal
A008707,hard_negative
A008708,normal
A008709,normal
A008710,normal
A008711,normal
A008712,normal
A008713,normal
A008714,normal
A008715,normal
A008716,normal
A008717,normal
A008718,normal
A008719,normal
A008720,normal
A008721,normal
A008722,normal
A008723,normal
A008724,normal
A008725,normal
A008726,normal
A008727,ring
A008728,normal
A008729,normal
A008730,normal
A008731,normal
A008732,normal
A008733,normal
A008734,ring
A008735,hard_negative
A008736,normal
A008737,normal
A008738,normal
A008739,hard_negative
A008740,hard_negative
A008741,hard_negative
A008742,normal
A008743,normal
A008744,ring
A008745,normal
A008746,normal
A008747,normal
A008748,normal
A008749,normal
A008750,normal
A008751,normal
A008752,normal
A008753,normal
A008754,normal
A008755,normal
A008756,normal
A008757,hard_negative
A008758,normal
A008759,normal
A008760,hard_negative
A008761,normal
A008762,normal
A008763,hard_negative
A008764,normal
A008765,normal
A008766,normal
A008767,normal
A008768,normal
A008769,normal
A008770,hard_negative
A008771,normal
A008772,normal
A008773,normal
A008774,hard_negative
A008775,normal
A008776,normal
A008777,normal
A008778,normal
A008779,normal
A008780,normal
A008781,normal
A008782,normal
A008783,normal
A008784,normal
A008785,normal
A008786,normal
A008787,ring
A008788,hard_negative
A008789,normal
A008790,normal
A008791,ring
A008792,hard_negative
A008793,ring
A008794,hard_negative
A008795,normal
A008796,normal
A008797,normal
A008798,normal
A008799,normal
A008800,normal
A008801,normal
A008802,ring
A008803,normal
A008804,normal
A008805,normal
A008806,normal
A008807,ring
A008808,normal
A008809,normal
A008810,normal
A008811,normal
A008812,normal
A008813,normal
A008814,normal
A008815,normal
A008816,normal
A008817,normal
A008818,normal
A008819,normal
A008820,normal
A008821,ring
A008822,hard_negative
A008823,normal
A008824,normal
A008825,normal
A008826,normal
A008827,normal
A008828,normal
A008829,normal
A008830,normal
A008831,normal
A008832,normal
A008833,normal
A008834,hard_negative
A008835,normal
A008836,normal
A008837,normal
A008838,normal
A008839,normal
A008840,hard_negative
A008841,normal
A008842,normal
A008843,normal
A008844,normal
A008845,normal
A008846,normal
A008847,normal
A008848,normal
A008849,hard_negative
A008850,normal
A008851,normal
A008852,normal
A008853,hard_negative
A008854,normal
A008855,normal
A008856,normal
A008857,normal
A008858,normal
A008859,normal
A008860,normal
A008861,normal
A008862,normal
A008863,normal
A008864,normal
A008865,hard_negative
A008866,hard_negative
A008867,normal
A008868,normal
A008869,normal
A008870,normal
A008871,normal
A008872,hard_negative
A008873,normal
A008874,normal
A008875,normal
A008876,normal
A008877,normal
A008878,normal
A008879,normal
A008880,normal
A008881,hard_negative
A008882,normal
A008883,hard_negative
A008884,normal
A008885,normal
A008886,hard_negative
A008887,normal
A008888,normal
A008889,normal
A008890,normal
A008891,normal
A008892,normal
A008893,hard_negative
A008894,hard_negative
A008895,normal
A008896,normal
A008897,normal
A008898,hard_negative
A008899,normal
A008900,normal
A008901,normal
A008902,hard_negative
A008903,normal
A008904,ring
A008905,normal
A008906,normal
A008907,normal
A008908,normal
A008909,hard_negative
A008910,normal
A008911,ring
A008912,normal
A008913,normal
A008914,normal
A008915,normal
A008916,ring
A008917,normal
A008918,normal
A008919,normal
A008920,hard_negative
A008921,normal
A008922,normal
A008923,normal
A008924,normal
A008925,normal
A008926,normal
A008927,normal
A008928,hard_negative
A008929,normal
A008930,normal
A008931,normal
A008932,normal
A008933,normal
A008934,normal
A008935,normal
A008936,normal
A008937,normal
A008938,normal
A008939,normal
A008940,normal
A008941,normal
A008942,normal
A008943,hard_negative
A008944,normal
A008945,normal
A008946,hard_negative
A008947,normal
A008948,normal
A008949,normal
A008950,normal
A008951,normal
A008952,normal
A008953,normal
A008954,normal
A008955,normal
A008956,normal
A008957,hard_negative
A008958,normal
A008959,hard_negative
A008960,normal
A008961,normal
A008962,hard_negative
A008963,normal
A008964,hard_negative
A008965,normal
A008966,hard_negative
A008967,normal
A008968,hard_negative
A008969,hard_negative
A008970,normal
A008971,hard_negative
A008972,normal
A008973,normal
A008974,normal
A008975,normal
A008976,normal
A008977,normal
A008978,normal
A008979,hard_negative
A008980,normal
A008981,normal
A008982,ring
A008983,hard_negative
A008984,normal
A008985,normal
A008986,normal
A008987,normal
A008988,normal
A008989,normal
A008990,normal
A008991,hard_negative
A008992,ring
A008993,normal
A008994,normal
A008995,normal
A008996,normal
A008997,normal
A008998,normal
A008999,normal
A009000,normal
A009001,ring
A009002,normal
A009003,normal
A009004,normal
A009005,normal
A009006,hard_negative
A009007,normal
A009008,normal
A009009,normal
A009010,normal
A009011,normal
A009012,normal
A009013,normal
A009014,normal
A009015,normal
A009016,normal
A009017,normal
A009018,normal
A009019,normal
A009020,normal
A009021,normal
A009022,ring
A009023,hard_negative
A009024,normal
A009025,ring
A009026,normal
A009027,normal
A009028,hard_negative
A009029,normal
A009030,hard_negative
A009031,normal
A009032,normal
A009033,hard_negative
A009034,normal
A009035,normal
A009036,hard_negative
A009037,normal
A009038,normal
A009039,normal
A009040,normal
A009041,hard_negative
A009042,hard_negative
A009043,normal
A009044,normal
A009045,normal
A009046,normal
A009047,hard_negative
A009048,normal
A009049,hard_negative
A009050,normal
A009051,normal
A009052,normal
A009053,normal
A009054,normal
A009055,hard_negative
A009056,hard_negative
A009057,hard_negative
A009058,normal
A009059,normal
A009060,normal
A009061,normal
A009062,normal
A009063,normal
A009064,normal
A009065,normal
A009066,normal
A009067,normal
A009068,hard_negative
A009069,normal
A009070,normal
A009071,normal
A009072,normal
A009073,normal
A009074,normal
A009075,normal
A009076,normal
A009077,normal
A009078,normal
A009079,normal
A009080,normal
A009081,hard_negative
A009082,normal
A009083,hard_negative
A009084,normal
A009085,normal
A009086,normal
A009087,normal
A009088,normal
A009089,normal
A009090,normal
A009091,normal
A009092,normal
A009093,normal
A009094,normal
A009095,normal
A009096,normal
A009097,normal
A009098,normal
A009099,normal
A009100,normal
A009101,normal
A009102,hard_negative
A009103,hard_negative
A009104,hard_negative
A009105,normal
A009106,normal
A009107,normal
A009108,normal
A009109,ring
A009110,normal
A009111,normal
A009112,normal
A009113,normal
A009114,normal
A009115,normal
A009116,normal
A009117,normal
A009118,normal
A009119,normal
A009120,ring
A009121,ring
A009122,normal
A009123,normal
A009124,normal
A009125,normal
A009126,normal
A009127,normal
A009128,normal
A009129,normal
A009130,hard_negative
A009131,hard_negative
A009132,normal
A009133,normal
A009134,hard_negative
A009135,normal
A009136,hard_negative
A009137,ring
A009138,normal
A009139,normal
A009140,ring
A009141,normal
A009142,normal
A009143,normal
A009144,ring
A009145,normal
A009146,normal
A009147,normal
A009148,normal
A009149,normal
A009150,normal
A009151,normal
A009152,hard_negative
A009153,normal
A009154,normal
A009155,normal
A009156,normal
A009157,normal
A009158,normal
A009159,normal
A009160,normal
A009161,normal
A009162,normal
A009163,normal
A009164,normal
A009165,normal
A009166,hard_negative
A009167,normal
A009168,normal
A009169,normal
A009170,normal
A009171,normal
A009172,normal
A009173,normal
A009174,normal
A009175,normal
A009176,normal
A009177,hard_negative
A009178,normal
A009179,normal
A009180,normal
A009181,normal
A009182,normal
A009183,normal
A009184,normal
A009185,normal
A009186,normal
A009187,normal
A009188,normal
A009189,normal
A009190,normal
A009191,normal
A009192,hard_negative
A009193,normal
A009194,normal
A009195,normal
A009196,normal
A009197,ring
A009198,normal
A009199,normal
A009200,normal
A009201,normal
A009202,ring
A009203,normal
A009204,normal
A009205,normal
A009206,normal
A009207,normal
A009208,normal
A009209,normal
A009210,normal
A009211,normal
A009212,normal
A009213,normal
A009214,normal
A009215,ring
A009216,ring
A009217,normal
A009218,normal
A009219,hard_negative
A009220,hard_negative
A009221,normal
A009222,normal
A009223,normal
A009224,normal
A009225,normal
A009226,normal
A009227,normal
A009228,hard_negative
A009229,normal
A009230,hard_negative
A009231,normal
A009232,hard_negative
A009233,normal
A009234,normal
A009235,normal
A009236,hard_negative
A009237,normal
A009238,normal
A009239,normal
A009240,hard_negative
A009241,normal
A009242,normal
A009243,normal
A009244,normal
A009245,normal
A009246,normal
A009247,normal
A009248,ring
A009249,normal
A009250,normal
A009251,normal
A009252,hard_negative
A009253,normal
A009254,normal
A009255,normal
A009256,normal
A009257,normal
A009258,hard_negative
A009259,normal
A009260,normal
A009261,hard_negative
A009262,normal
A009263,normal
A009264,normal
A009265,normal
A009266,normal
A009267,normal
A009268,normal
A009269,normal
A009270,normal
A009271,normal
A009272,hard_negative
A009273,normal
A009274,normal
A009275,normal
A009276,normal
A009277,hard_negative
A009278,normal
A009279,hard_negative
A009280,hard_negative
A009281,normal
A009282,normal
A009283,normal
A009284,normal
A009285,hard_negative
A009286,normal
A009287,normal
A009288,hard_negative
A009289,normal
A009290,hard_negative
A009291,ring
A009292,normal
A009293,normal
A009294,hard_negative
A009295,normal
A009296,normal
A009297,normal
A009298,normal
A009299,hard_negative
A009300,normal
A009301,normal
A009302,hard_negative
A009303,normal
A009304,normal
A009305,normal
A009306,normal
A009307,normal
A009308,normal
A009309,normal
A009310,normal
A009311,normal
A009312,normal
A009313,normal
A009314,normal
A009315,normal
A009316,ring
A009317,normal
A009318,hard_negative
A009319,hard_negative
A009320,normal
A009321,normal
A009322,normal
A009323,normal
A009324,normal
A009325,hard_negative
A009326,hard_negative
A009327,ring
A009328,normal
A009329,normal
A009330,hard_negative
A009331,normal
A009332,normal
A009333,hard_negative
A009334,normal
A009335,normal
A009336,normal
A009337,normal
A009338,ring
A009339,normal
A009340,normal
A009341,normal
A009342,normal
A009343,hard_negative
A009344,normal
A009345,normal
A009346,normal
A009347,normal
A009348,normal
A009349,hard_negative
A009350,normal
A009351,normal
A009352,normal
A009353,normal
A009354,normal
A009355,normal
A009356,normal
A009357,normal
A009358,hard_negative
A009359,ring
A009360,normal
A009361,normal
A009362,normal
A009363,ring
A009364,hard_negative
A009365,hard_negative
A009366,normal
A009367,normal
A009368,normal
A009369,ring
A009370,normal
A009371,normal
A009372,normal
A009373,normal
A009374,hard_negative
A009375,normal
A009376,normal
A009377,normal
A009378,normal
A009379,hard_negative
A009380,normal
A009381,normal
A009382,normal
A009383,ring
A009384,normal
A009385,hard_negative
A009386,normal
A009387,normal
A009388,hard_negative
A009389,normal
A009390,normal
A009391,normal
A009392,normal
A009393,normal
A009394,normal
A009395,normal
A009396,normal
A009397,hard_negative
A009398,normal
A009399,normal
A009400,normal
A009401,hard_negative
A009402,normal
A009403,normal
A009404,normal
A009405,normal
A009406,normal
A009407,hard_negative
A009408,normal
A009409,hard_negative
A009410,normal
A009411,normal
A009412,normal
A009413,normal
A009414,normal
A009415,normal
A009416,normal
A009417,normal
A009418,normal
A009419,ring
A009420,normal
A009421,normal
A009422,normal
A009423,normal
A009424,normal
A009425,normal
A009426,normal
A009427,hard_negative
A009428,normal
A009429,normal
A009430,normal
A009431,normal
A009432,normal
A009433,hard_negative
A009434,hard_negative
A009435,normal
A009436,hard_negative
A009437,normal
A009438,normal
A009439,normal
A009440,normal
A009441,normal
A009442,normal
A009443,normal
A009444,normal
A009445,normal
A009446,normal
A009447,normal
A009448,normal
A009449,hard_negative
A009450,normal
A009451,normal
A009452,normal
A009453,normal
A009454,hard_negative
A009455,normal
A009456,normal
A009457,hard_negative
A009458,normal
A009459,normal
A009460,normal
A009461,ring
A009462,normal
A009463,normal
A009464,normal
A009465,hard_negative
A009466,hard_negative
A009467,normal
A009468,normal
A009469,hard_negative
A009470,normal
A009471,hard_negative
A009472,hard_negative
A009473,normal
A009474,normal
A009475,normal
A009476,normal
A009477,normal
A009478,normal
A009479,normal
A009480,normal
A009481,normal
A009482,normal
A009483,normal
A009484,normal
A009485,normal
A009486,hard_negative
A009487,hard_negative
A009488,normal
A009489,normal
A009490,normal
A009491,hard_negative
A009492,normal
A009493,hard_negative
A009494,normal
A009495,normal
A009496,hard_negative
A009497,normal
A009498,normal
A009499,normal
A009500,normal
A009501,normal
A009502,hard_negative
A009503,normal
A009504,normal
A009505,ring
A009506,normal
A009507,normal
A009508,ring
A009509,normal
A009510,normal
A009511,normal
A009512,normal
A009513,normal
A009514,normal
A009515,ring
A009516,hard_negative
A009517,hard_negative
A009518,hard_negative
A009519,normal
A009520,normal
A009521,hard_negative
A009522,normal
A009523,hard_negative
A009524,normal
A009525,hard_negative
A009526,hard_negative
A009527,ring
A009528,normal
A009529,normal
A009530,normal
A009531,normal
A009532,normal
A009533,hard_negative
A009534,normal
A009535,normal
A009536,normal
A009537,hard_negative
A009538,hard_negative
A009539,normal
A009540,normal
A009541,hard_negative
A009542,normal
A009543,normal
A009544,normal
A009545,normal
A009546,normal
A009547,normal
A009548,normal
A009549,normal
A009550,normal
A009551,hard_negative
A009552,normal
A009553,normal
A009554,normal
A009555,normal
A009556,normal
A009557,normal
A009558,hard_negative
A009559,normal
A009560,ring
A009561,normal
A009562,normal
A009563,normal
A009564,normal
A009565,ring
A009566,normal
A009567,ring
A009568,ring
A009569,normal
A009570,normal
A009571,normal
A009572,normal
A009573,hard_negative
A009574,hard_negative
A009575,hard_negative
A009576,normal
A009577,normal
A009578,normal
A009579,normal
A009580,normal
A009581,hard_negative
A009582,normal
A009583,normal
A009584,normal
A009585,normal
A009586,normal
A009587,hard_negative
A009588,hard_negative
A009589,normal
A009590,normal
A009591,normal
A009592,normal
A009593,hard_negative
A009594,normal
A009595,normal
A009596,normal
A009597,normal
A009598,normal
A009599,normal
A009600,normal
A009601,normal
A009602,normal
A009603,normal
A009604,hard_negative
A009605,normal
A009606,normal
A009607,normal
A009608,normal
A009609,normal
A009610,normal
A009611,normal
A009612,normal
A009613,normal
A009614,normal
A009615,hard_negative
A009616,normal
A009617,normal
A009618,normal
A009619,normal
A009620,normal
A009621,normal
A009622,hard_negative
A009623,normal
A009624,normal
A009625,hard_negative
A009626,ring
A009627,normal
A009628,normal
A009629,normal
A009630,normal
A009631,normal
A009632,normal
A009633,normal
A009634,normal
A009635,normal
A009636,normal
A009637,normal
A009638,normal
A009639,normal
A009640,normal
A009641,normal
A009642,normal
A009643,normal
A009644,normal
A009645,hard_negative
A009646,normal
A009647,normal
A009648,hard_negative
A009649,normal
A009650,normal
A009651,normal
A009652,normal
A009653,normal
A009654,normal
A009655,hard_negative
A009656,normal
A009657,ring
A009658,normal
A009659,normal
A009660,hard_negative
A009661,normal
A009662,normal
A009663,normal
A009664,normal
A009665,normal
A009666,normal
A009667,normal
A009668,normal
A009669,normal
A009670,normal
A009671,normal
A009672,hard_negative
A009673,hard_negative
A009674,hard_negative
A009675,normal
A009676,normal
A009677,normal
A009678,normal
A009679,normal
A009680,normal
A009681,hard_negative
A009682,normal
A009683,hard_negative
A009684,hard_negative
A009685,normal
A009686,normal
A009687,normal
A009688,normal
A009689,normal
A009690,normal
A009691,normal
A009692,normal
A009693,normal
A009694,normal
A009695,ring
A009696,normal
A009697,normal
A009698,normal
A009699,hard_negative
A009700,hard_negative
A009701,normal
A009702,normal
A009703,normal
A009704,normal
A009705,hard_negative
A009706,normal
A009707,normal
A009708,normal
A009709,normal
A009710,normal
A009711,normal
A009712,hard_negative
A009713,hard_negative
A009714,normal
A009715,normal
A009716,normal
A009717,normal
A009718,normal
A009719,normal
A009720,normal
A009721,normal
A009722,normal
A009723,normal
A009724,normal
A009725,hard_negative
A009726,normal
A009727,normal
A009728,ring
A009729,normal
A009730,normal
A009731,ring
A009732,ring
A009733,normal
A009734,normal
A009735,hard_negative
A009736,normal
A009737,normal
A009738,normal
A009739,normal
A009740,normal
A009741,normal
A009742,hard_negative
A009743,normal
A009744,normal
A009745,normal
A009746,normal
A009747,normal
A009748,normal
A009749,normal
A009750,normal
A009751,normal
A009752,normal
A009753,normal
A009754,normal
A009755,hard_negative
A009756,normal
A009757,normal
A009758,ring
A009759,normal
A009760,normal
A009761,normal
A009762,normal
A009763,normal
A009764,normal
A009765,normal
A009766,normal
A009767,ring
A009768,ring
A009769,normal
A009770,normal
A009771,normal
A009772,hard_negative
A009773,ring
A009774,normal
A009775,normal
A009776,normal
A009777,ring
A009778,normal
A009779,normal
A009780,normal
A009781,ring
A009782,hard_negative
A009783,normal
A009784,normal
A009785,normal
A009786,normal
A009787,normal
A009788,normal
A009789,hard_negative
A009790,normal
A009791,normal
A009792,hard_negative
A009793,hard_negative
A009794,normal
A009795,hard_negative
A009796,normal
A009797,normal
A009798,hard_negative
A009799,normal
A009800,normal
A009801,normal
A009802,normal
A009803,hard_negative
A009804,normal
A009805,normal
A009806,normal
A009807,normal
A009808,normal
A009809,normal
A009810,hard_negative
A009811,normal
A009812,normal
A009813,normal
A009814,normal
A009815,normal
A009816,normal
A009817,normal
A009818,normal
A009819,normal
A009820,normal
A009821,normal
A009822,normal
A009823,hard_negative
A009824,normal
A009825,normal
A009826,normal
A009827,normal
A009828,normal
A009829,normal
A009830,normal
A009831,hard_negative
A009832,normal
A009833,normal
A009834,normal
A009835,normal
A009836,normal
A009837,normal
A009838,normal
A009839,normal
A009840,hard_negative
A009841,normal
A009842,normal
A009843,normal
A009844,normal
A009845,hard_negative
A009846,normal
A009847,hard_negative
A009848,normal
A009849,normal
A009850,normal
A009851,normal
A009852,normal
A009853,normal
A009854,normal
A009855,normal
A009856,hard_negative
A009857,normal
A009858,ring
A009859,normal
A009860,normal
A009861,normal
A009862,normal
A009863,normal
A009864,normal
A009865,normal
A009866,normal
A009867,normal
A009868,normal
A009869,normal
A009870,normal
A009871,ring
A009872,normal
A009873,normal
A009874,normal
A009875,ring
A009876,normal
A009877,normal
A009878,normal
A009879,normal
A009880,normal
A009881,normal
A009882,normal
A009883,normal
A009884,normal
A009885,normal
A009886,ring
A009887,normal
A009888,normal
A009889,normal
A009890,normal
A009891,normal
A009892,ring
A009893,normal
A009894,normal
A009895,normal
A009896,normal
A009897,normal
A009898,normal
A009899,hard_negative
A009900,normal
A009901,normal
A009902,normal
A009903,normal
A009904,normal
A009905,normal
A009906,hard_negative
A009907,normal
A009908,ring
A009909,normal
A009910,normal
A009911,normal
A009912,normal
A009913,normal
A009914,normal
A009915,normal
A009916,normal
A009917,hard_negative
A009918,normal
A009919,hard_negative
A009920,ring
A009921,hard_negative
A009922,normal
A009923,normal
A009924,hard_negative
A009925,normal
A009926,normal
A009927,normal
A009928,normal
A009929,normal
A009930,normal
A009931,normal
A009932,normal
A009933,hard_negative
A009934,normal
A009935,normal
A009936,normal
A009937,normal
A009938,ring
A009939,normal
A009940,normal
A009941,ring
A009942,normal
A009943,normal
A009944,normal
A009945,hard_negative
A009946,ring
A009947,normal
A009948,normal
A009949,normal
A009950,normal
A009951,normal
A009952,normal
A009953,normal
A009954,hard_negative
A009955,normal
A009956,normal
A009957,normal
A009958,normal
A009959,normal
A009960,normal
A009961,normal
A009962,normal
A009963,normal
A009964,normal
A009965,normal
A009966,normal
A009967,normal
A009968,normal
A009969,normal
A009970,normal
A009971,hard_negative
A009972,hard_negative
A009973,normal
A009974,hard_negative
A009975,normal
A009976,normal
A009977,normal
A009978,normal
A009979,normal
A009980,normal
A009981,normal
A009982,normal
A009983,normal
A009984,normal
A009985,hard_negative
A009986,normal
A009987,normal
A009988,normal
A009989,normal
A009990,normal
A009991,normal
A009992,normal
A009993,normal
A009994,normal
A009995,normal
A009996,normal
A009997,normal
A009998,normal
A009999,normal
A010000,normal
A010001,normal
A010002,normal
A010003,normal
A010004,normal
A010005,normal
A010006,normal
A010007,normal
A010008,normal
A010009,normal
A010010,normal
A010011,normal
A010012,normal
A010013,hard_negative
A010014,normal
A010015,normal
A010016,normal
A010017,normal
A010018,hard_negative
A010019,normal
A010020,normal
A010021,normal
A010022,hard_negative
A010023,normal
A010024,ring
A010025,normal
A010026,normal
A010027,normal
A010028,normal
A010029,normal
A010030,normal
A010031,normal
A010032,normal
A010033,normal
A010034,normal
A010035,normal
A010036,hard_negative
A010037,normal
A010038,normal
A010039,normal
A010040,normal
A010041,normal
A010042,ring
A010043,normal
A010044,ring
A010045,normal
A010046,normal
A010047,normal
A010048,normal
A010049,normal
A010050,normal
A010051,normal
A010052,normal
A010053,normal
A010054,hard_negative
A010055,normal
A010056,normal
A010057,normal
A010058,normal
A010059,normal
A010060,normal
A010061,ring
A010062,normal
A010063,hard_negative
A010064,hard_negative
A010065,normal
A010066,normal
A010067,normal
A010068,normal
A010069,hard_negative
A010070,normal
A010071,normal
A010072,normal
A010073,normal
A010074,normal
A010075,normal
A010076,normal
A010077,normal
A010078,normal
A010079,normal
A010080,normal
A010081,normal
A010082,normal
A010083,hard_negative
A010084,hard_negative
A010085,normal
A010086,normal
A010087,normal
A010088,normal
A010089,normal
A010090,normal
A010091,normal
A010092,normal
A010093,normal
A010094,normal
A010095,hard_negative
A010096,normal
A010097,normal
A010098,normal
A010099,ring
A010100,hard_negative
A010101,normal
A010102,ring
A010103,hard_negative
A010104,normal
A010105,normal
A010106,normal
A010107,normal
A010108,hard_negative
A010109,hard_negative
A010110,normal
A010111,normal
A010112,normal
A010113,normal
A010114,hard_negative
A010115,hard_negative
A010116,hard_negative
A010117,normal
A010118,normal
A010119,normal
A010120,normal
A010121,hard_negative
A010122,hard_negative
A010123,hard_negative
A010124,normal
A010125,normal
A010126,normal
A010127,normal
A010128,normal
A010129,normal
A010130,normal
A010131,hard_negative
A010132,normal
A010133,normal
A010134,normal
A010135,hard_negative
A010136,normal
A010137,normal
A010138,ring
A010139,normal
A010140,hard_negative
A010141,normal
A010142,normal
A010143,ring
A010144,normal
A010145,normal
A010146,normal
A010147,normal
A010148,normal
A010149,normal
A010150,normal
A010151,hard_negative
A010152,normal
A010153,normal
A010154,normal
A010155,normal
A010156,normal
A010157,normal
A010158,normal
A010159,ring
A010160,normal
A010161,normal
A010162,hard_negative
A010163,normal
A010164,normal
A010165,normal
A010166,normal
A010167,hard_negative
A010168,normal
A010169,normal
A010170,normal
A010171,normal
A010172,hard_negative
A010173,normal
A010174,normal
A010175,normal
A010176,normal
A010177,normal
A010178,normal
A010179,normal
A010180,normal
A010181,normal
A010182,normal
A010183,normal
A010184,normal
A010185,normal
A010186,normal
A010187,normal
A010188,normal
A010189,ring
A010190,normal
A010191,normal
A010192,normal
A010193,normal
A010194,normal
A010195,normal
A010196,normal
A010197,normal
A010198,normal
A010199,normal
A010200,normal
A010201,hard_negative
A010202,normal
A010203,normal
A010204,normal
A010205,normal
A010206,normal
A010207,normal
A010208,normal
A010209,hard_negative
A010210,normal
A010211,normal
A010212,hard_negative
A010213,normal
A010214,normal
A010215,normal
A010216,normal
A010217,normal
A010218,normal
A010219,normal
A010220,normal
A010221,normal
A010222,hard_negative
A010223,hard_negative
A010224,normal
A010225,normal
A010226,normal
A010227,normal
A010228,hard_negative
A010229,normal
A010230,normal
A010231,hard_negative
A010232,normal
A010233,normal
A010234,hard_negative
A010235,hard_negative
A010236,hard_negative
A010237,normal
A010238,normal
A010239,normal
A010240,normal
A010241,normal
A010242,normal
A010243,normal
A010244,ring
A010245,normal
A010246,normal
A010247,normal
A010248,normal
A010249,normal
A010250,normal
A010251,normal
A010252,normal
A010253,normal
A010254,normal
A010255,normal
A010256,normal
A010257,normal
A010258,normal
A010259,normal
A010260,ring
A010261,normal
A010262,normal
A010263,normal
A010264,hard_negative
A010265,normal
A010266,normal
A010267,hard_negative
A010268,normal
A010269,normal
A010270,normal
A010271,hard_negative
A010272,normal
A010273,normal
A010274,normal
A010275,normal
A010276,normal
A010277,normal
A010278,hard_negative
A010279,normal
A010280,normal
A010281,normal
A010282,hard_negative
A010283,normal
A010284,normal
A010285,hard_negative
A010286,normal
A010287,normal
A010288,normal
A010289,normal
A010290,hard_negative
A010291,normal
A010292,normal
A010293,normal
A010294,hard_negative
A010295,hard_negative
A010296,normal
A010297,normal
A010298,normal
A010299,normal
A010300,normal
A010301,normal
A010302,normal
A010303,normal
A010304,normal
A010305,ring
A010306,normal
A010307,normal
A010308,normal
A010309,normal
A010310,normal
A010311,normal
A010312,normal
A010313,hard_negative
A010314,normal
A010315,normal
A010316,hard_negative
A010317,normal
A010318,normal
A010319,hard_negative
A010320,normal
A010321,normal
A010322,normal
A010323,normal
A010324,normal
A010325,normal
A010326,hard_negative
A010327,normal
A010328,normal
A010329,normal
A010330,normal
A010331,normal
A010332,normal
A010333,normal
A010334,normal
A010335,normal
A010336,normal
A010337,normal
A010338,normal
A010339,normal
A010340,normal
A010341,normal
A010342,normal
A010343,normal
A010344,hard_negative
A010345,normal
A010346,normal
A010347,normal
A010348,normal
A010349,normal
A010350,normal
A010351,normal
A010352,normal
A010353,normal
A010354,hard_negative
A010355,normal
A010356,normal
A010357,normal
A010358,normal
A010359,normal
A010360,normal
A010361,normal
A010362,normal
A010363,normal
A010364,normal
A010365,normal
A010366,normal
A010367,normal
A010368,ring
A010369,normal
A010370,normal
A010371,normal
A010372,ring
A010373,normal
A010374,normal
A010375,normal
A010376,normal
A010377,normal
A010378,normal
A010379,normal
A010380,hard_negative
A010381,hard_negative
A010382,normal
A010383,hard_negative
A010384,normal
A010385,normal
A010386,normal
A010387,hard_negative
A010388,normal
A010389,normal
A010390,normal
A010391,ring
A010392,normal
A010393,hard_negative
A010394,hard_negative
A010395,normal
A010396,normal
A010397,normal
A010398,hard_negative
A010399,hard_negative
A010400,normal
A010401,normal
A010402,normal
A010403,normal
A010404,normal
A010405,normal
A010406,normal
A010407,normal
A010408,normal
A010409,normal
A010410,normal
A010411,normal
A010412,normal
A010413,normal
A010414,normal
A010415,ring
A010416,normal
A010417,normal
A010418,hard_negative
A010419,normal
A010420,normal
A010421,normal
A010422,normal
A010423,normal
A010424,normal
A010425,normal
A010426,normal
A010427,normal
A010428,hard_negative
A010429,normal
A010430,normal
A010431,normal
A010432,normal
A010433,normal
A010434,normal
A010435,normal
A010436,normal
A010437,normal
A010438,normal
A010439,hard_negative
A010440,normal
A010441,normal
A010442,normal
A010443,hard_negative
A010444,normal
A010445,normal
A010446,normal
A010447,ring
A010448,normal
A010449,normal
A010450,normal
A010451,normal
A010452,normal
A010453,normal
A010454,normal
A010455,normal
A010456,normal
A010457,hard_negative
A010458,normal
A010459,normal
A010460,normal
A010461,normal
A010462,normal
A010463,normal
A010464,normal
A010465,normal
A010466,hard_negative
A010467,normal
A010468,normal
A010469,normal
A010470,normal
A010471,normal
A010472,normal
A010473,normal
A010474,normal
A010475,normal
A010476,normal
A010477,ring
A010478,normal
A010479,hard_negative
A010480,normal
A010481,normal
A010482,normal
A010483,normal
A010484,normal
A010485,normal
A010486,normal
A010487,normal
A010488,normal
A010489,normal
A010490,normal
A010491,normal
A010492,normal
A010493,normal
A010494,normal
A010495,hard_negative
A010496,normal
A010497,normal
A010498,normal
A010499,normal
A010500,normal
A010501,normal
A010502,normal
A010503,normal
A010504,normal
A010505,normal
A010506,normal
A010507,normal
A010508,normal
A010509,hard_negative
A010510,normal
A010511,normal
A010512,hard_negative
A010513,hard_negative
A010514,normal
A010515,hard_negative
A010516,normal
A010517,normal
A010518,hard_negative
A010519,normal
A010520,normal
A010521,normal
A010522,ring
A010523,normal
A010524,normal
A010525,hard_negative
A010526,normal
A010527,normal
A010528,normal
A010529,normal
A010530,normal
A010531,normal
A010532,normal
A010533,normal
A010534,hard_negative
A010535,normal
A010536,ring
A010537,normal
A010538,ring
A010539,normal
A010540,normal
A010541,ring
A010542,normal
A010543,normal
A010544,normal
A010545,normal
A010546,normal
A010547,normal
A010548,normal
A010549,normal
A010550,normal
A010551,normal
A010552,hard_negative
A010553,normal
A010554,normal
A010555,normal
A010556,normal
A010557,normal
A010558,normal
A010559,normal
A010560,normal
A010561,normal
A010562,normal
A010563,normal
A010564,normal
A010565,normal
A010566,normal
A010567,hard_negative
A010568,normal
A010569,normal
A010570,normal
A010571,hard_negative
A010572,normal
A010573,normal
A010574,hard_negative
A010575,hard_negative
A010576,normal
A010577,normal
A010578,normal
A010579,normal
A010580,normal
A010581,normal
A010582,hard_negative
A010583,normal
A010584,normal
A010585,normal
A010586,normal
A010587,normal
A010588,hard_negative
A010589,normal
A010590,normal
A010591,hard_negative
A010592,normal
A010593,normal
A010594,hard_negative
A010595,ring
A010596,ring
A010597,hard_negative
A010598,normal
A010599,normal
A010600,hard_negative
A010601,hard_negative
A010602,normal
A010603,normal
A010604,normal
A010605,normal
A010606,normal
A010607,ring
A010608,normal
A010609,normal
A010610,normal
A010611,normal
A010612,normal
A010613,normal
A010614,normal
A010615,normal
A010616,normal
A010617,ring
A010618,hard_negative
A010619,normal
A010620,normal
A010621,normal
A010622,normal
A010623,normal
A010624,hard_negative
A010625,normal
A010626,hard_negative
A010627,normal
A010628,normal
A010629,normal
A010630,normal
A010631,normal
A010632,normal
A010633,normal
A010634,normal
A010635,hard_negative
A010636,normal
A010637,normal
A010638,hard_negative
A010639,normal
A010640,normal
A010641,normal
A010642,normal
A010643,ring
A010644,normal
A010645,normal
A010646,normal
A010647,normal
A010648,normal
A010649,hard_negative
A010650,normal
A010651,normal
A010652,normal
A010653,normal
A010654,normal
A010655,normal
A010656,normal
A010657,normal
A010658,normal
A010659,hard_negative
A010660,hard_negative
A010661,normal
A010662,normal
A010663,normal
A010664,normal
A010665,normal
A010666,normal
A010667,hard_negative
A010668,normal
A010669,normal
A010670,normal
A010671,normal
A010672,normal
A010673,normal
A010674,hard_negative
A010675,normal
A010676,hard_negative
A010677,normal
A010678,normal
A010679,normal
A010680,normal
A010681,normal
A010682,hard_negative
A010683,normal
A010684,normal
A010685,normal
A010686,normal
A010687,normal
A010688,ring
A010689,normal
A010690,normal
A010691,normal
A010692,normal
A010693,hard_negative
A010694,normal
A010695,hard_negative
A010696,hard_negative
A010697,normal
A010698,hard_negative
A010699,normal
A010700,normal
A010701,normal
A010702,normal
A010703,hard_negative
A010704,normal
A010705,normal
A010706,normal
A010707,normal
A010708,normal
A010709,normal
A010710,normal
A010711,hard_negative
A010712,normal
A010713,normal
A010714,normal
A010715,ring
A010716,normal
A010717,normal
A010718,normal
A010719,normal
A010720,normal
A010721,normal
A010722,normal
A010723,normal
A010724,normal
A010725,hard_negative
A010726,normal
A010727,hard_negative
A010728,ring
A010729,normal
A010730,normal
A010731,hard_negative
A010732,normal
A010733,normal
A010734,normal
A010735,normal
A010736,normal
A010737,normal
A010738,normal
A010739,normal
A010740,normal
A010741,normal
A010742,normal
A010743,normal
A010744,normal
A010745,normal
A010746,normal
A010747,normal
A010748,normal
A010749,normal
A010750,normal
A010751,normal
A010752,normal
A010753,normal
A010754,normal
A010755,normal
A010756,ring
A010757,normal
A010758,hard_negative
A010759,normal
A010760,normal
A010761,normal
A010762,normal
A010763,normal
A010764,normal
A010765,hard_negative
A010766,normal
A010767,ring
A010768,normal
A010769,hard_negative
A010770,normal
A010771,normal
A010772,normal
A010773,hard_negative
A010774,normal
A010775,normal
A010776,normal
A010777,normal
A010778,normal
A010779,normal
A010780,normal
A010781,normal
A010782,normal
A010783,normal
A010784,normal
A010785,normal
A010786,normal
A010787,normal
A010788,normal
A010789,normal
A010790,hard_negative
A010791,normal
A010792,normal
A010793,hard_negative
A010794,normal
A010795,hard_negative
A010796,normal
A010797,normal
A010798,normal
A010799,normal
A010800,normal
A010801,normal
A010802,normal
A010803,normal
A010804,normal
A010805,normal
A010806,ring
A010807,normal
A010808,normal
A010809,normal
A010810,normal
A010811,normal
A010812,hard_negative
A010813,normal
A010814,normal
A010815,normal
A010816,normal
A010817,normal
A010818,hard_negative
A010819,normal
A010820,normal
A010821,normal
A010822,normal
A010823,normal
A010824,normal
A010825,ring
A010826,hard_negative
A010827,normal
A010828,normal
A010829,normal
A010830,normal
A010831,normal
A010832,hard_negative
A010833,normal
A010834,normal
A010835,normal
A010836,normal
A010837,normal
A010838,normal
A010839,normal
A010840,normal
A010841,normal
A010842,normal
A010843,normal
A010844,normal
A010845,normal
A010846,normal
A010847,normal
A010848,normal
A010849,normal
A010850,ring
A010851,normal
A010852,normal
A010853,normal
A010854,normal
A010855,normal
A010856,normal
A010857,normal
A010858,normal
A010859,normal
A010860,normal
A010861,normal
A010862,normal
A010863,normal
A010864,normal
A010865,normal
A010866,ring
A010867,normal
A010868,normal
A010869,normal
A010870,hard_negative
A010871,normal
A010872,normal
A010873,normal
A010874,normal
A010875,normal
A010876,normal
A010877,normal
A010878,normal
A010879,normal
A010880,normal
A010881,hard_negative
A010882,normal
A010883,normal
A010884,normal
A010885,hard_negative
A010886,normal
A010887,normal
A010888,normal
A010889,normal
A010890,normal
A010891,normal
A010892,normal
A010893,normal
A010894,normal
A010895,normal
A010896,normal
A010897,normal
A010898,hard_negative
A010899,normal
A010900,normal
A010901,normal
A010902,hard_negative
A010903,normal
A010904,hard_negative
A010905,normal
A010906,normal
A010907,normal
A010908,normal
A010909,normal
A010910,normal
A010911,normal
A010912,normal
A010913,normal
A010914,normal
A010915,normal
A010916,hard_negative
A010917,normal
A010918,normal
A010919,hard_negative
A010920,hard_negative
A010921,normal
A010922,normal
A010923,normal
A010924,normal
A010925,hard_negative
A010926,normal
A010927,hard_negative
A010928,hard_negative
A010929,normal
A010930,normal
A010931,normal
A010932,normal
A010933,normal
A010934,normal
A010935,normal
A010936,normal
A010937,normal
A010938,normal
A010939,normal
A010940,normal
A010941,normal
A010942,normal
A010943,normal
A010944,normal
A010945,normal
A010946,hard_negative
A010947,normal
A010948,normal
A010949,hard_negative
A010950,normal
A010951,normal
A010952,normal
A010953,normal
A010954,normal
A010955,normal
A010956,normal
A010957,normal
A010958,ring
A010959,normal
A010960,normal
A010961,normal
A010962,normal
A010963,normal
A010964,normal
A010965,hard_negative
A010966,normal
A010967,ring
A010968,normal
A010969,normal
A010970,normal
A010971,normal
A010972,hard_negative
A010973,hard_negative
A010974,normal
A010975,normal
A010976,hard_negative
A010977,normal
A010978,normal
A010979,hard_negative
A010980,normal
A010981,normal
A010982,normal
A010983,hard_negative
A010984,normal
A010985,normal
A010986,hard_negative
A010987,normal
A010988,hard_negative
A010989,hard_negative
A010990,hard_negative
A010991,normal
A010992,normal
A010993,ring
A010994,normal
A010995,ring
A010996,hard_negative
A010997,ring
A010998,ring
A010999,normal
A011000,hard_negative
A011001,hard_negative
A011002,normal
A011003,normal
A011004,normal
A011005,normal
A011006,hard_negative
A011007,normal
A011008,normal
A011009,normal
A011010,normal
A011011,ring
A011012,normal
A011013,normal
A011014,normal
A011015,normal
A011016,hard_negative
A011017,ring
A011018,normal
A011019,normal
A011020,normal
A011021,normal
A011022,hard_negative
A011023,normal
A011024,normal
A011025,normal
A011026,normal
A011027,normal
A011028,normal
A011029,normal
A011030,normal
A011031,normal
A011032,normal
A011033,normal
A011034,normal
A011035,normal
A011036,normal
A011037,normal
A011038,normal
A011039,normal
A011040,normal
A011041,normal
A011042,normal
A011043,normal
A011044,normal
A011045,normal
A011046,normal
A011047,normal
A011048,normal
A011049,normal
A011050,normal
A011051,normal
A011052,normal
A011053,normal
A011054,hard_negative
A011055,normal
A011056,normal
A011057,normal
A011058,normal
A011059,ring
A011060,normal
A011061,normal
A011062,normal
A011063,normal
A011064,normal
A011065,normal
A011066,normal
A011067,normal
A011068,hard_negative
A011069,normal
A011070,normal
A011071,normal
A011072,normal
A011073,hard_negative
A011074,normal
A011075,normal
A011076,normal
A011077,hard_negative
A011078,normal
A011079,hard_negative
A011080,hard_negative
A011081,normal
A011082,normal
A011083,hard_negative
A011084,normal
A011085,normal
A011086,normal
A011087,ring
A011088,hard_negative
A011089,normal
A011090,normal
A011091,normal
A011092,normal
A011093,normal
A011094,normal
A011095,normal
A011096,normal
A011097,normal
A011098,hard_negative
A011099,normal
A011100,normal
A011101,hard_negative
A011102,normal
A011103,normal
A011104,normal
A011105,normal
A011106,normal
A011107,normal
A011108,normal
A011109,normal
A011110,normal
A011111,hard_negative
A011112,normal
A011113,normal
A011114,normal
A011115,normal
A011116,normal
A011117,normal
A011118,normal
A011119,normal
A011120,normal
A011121,normal
A011122,normal
A011123,normal
A011124,ring
A011125,hard_negative
A011126,normal
A011127,hard_negative
A011128,normal
A011129,normal
A011130,normal
A011131,normal
A011132,normal
A011133,normal
A011134,ring
A011135,normal
A011136,normal
A011137,normal
A011138,normal
A011139,normal
A011140,normal
A011141,normal
A011142,normal
A011143,ring
A011144,hard_negative
A011145,normal
A011146,hard_negative
A011147,normal
A011148,normal
A011149,normal
A011150,normal
A011151,normal
A011152,normal
A011153,normal
A011154,hard_negative
A011155,normal
A011156,normal
A011157,normal
A011158,ring
A011159,ring
A011160,normal
A011161,normal
A011162,normal
A011163,normal
A011164,hard_negative
A011165,normal
A011166,ring
A011167,normal
A011168,normal
A011169,normal
A011170,normal
A011171,normal
A011172,normal
A011173,normal
A011174,normal
A011175,hard_negative
A011176,normal
A011177,ring
A011178,hard_negative
A011179,normal
A011180,normal
A011181,hard_negative
A011182,normal
A011183,normal
A011184,hard_negative
A011185,normal
A011186,normal
A011187,hard_negative
A011188,ring
A011189,normal
A011190,normal
A011191,normal
A011192,normal
A011193,normal
A011194,normal
A011195,hard_negative
A011196,normal
A011197,normal
A011198,normal
A011199,hard_negative
A011200,normal
A011201,hard_negative
A011202,hard_negative
A011203,normal
A011204,normal
A011205,normal
A011206,hard_negative
A011207,normal
A011208,normal
A011209,normal
A011210,normal
A011211,ring
A011212,normal
A011213,normal
A011214,normal
A011215,normal
A011216,hard_negative
A011217,normal
A011218,normal
A011219,normal
A011220,normal
A011221,normal
A011222,normal
A011223,hard_negative
A011224,normal
A011225,normal
A011226,normal
A011227,hard_negative
A011228,normal
A011229,normal
A011230,normal
A011231,normal
A011232,hard_negative
A011233,normal
A011234,normal
A011235,hard_negative
A011236,normal
A011237,normal
A011238,normal
A011239,normal
A011240,normal
A011241,normal
A011242,normal
A011243,hard_negative
A011244,normal
A011245,normal
A011246,normal
A011247,normal
A011248,normal
A011249,normal
A011250,normal
A011251,normal
A011252,normal
A011253,normal
A011254,hard_negative
A011255,normal
A011256,hard_negative
A011257,normal
A011258,ring
A011259,hard_negative
A011260,normal
A011261,hard_negative
A011262,normal
A011263,hard_negative
A011264,normal
A011265,normal
A011266,ring
A011267,normal
A011268,hard_negative
A011269,normal
A011270,normal
A011271,normal
A011272,normal
A011273,normal
A011274,normal
A011275,normal
A011276,ring
A011277,normal
A011278,normal
A011279,hard_negative
A011280,ring
A011281,normal
A011282,normal
A011283,normal
A011284,normal
A011285,ring
A011286,normal
A011287,normal
A011288,normal
A011289,normal
A011290,normal
A011291,hard_negative
A011292,normal
A011293,normal
A011294,normal
A011295,hard_negative
A011296,normal
A011297,normal
A011298,normal
A011299,hard_negative
A011300,normal
A011301,hard_negative
A011302,hard_negative
A011303,normal
A011304,normal
A011305,normal
A011306,normal
A011307,normal
A011308,normal
A011309,normal
A011310,normal
A011311,normal
A011312,normal
A011313,normal
A011314,normal
A011315,normal
A011316,normal
A011317,normal
A011318,normal
A011319,normal
A011320,normal
A011321,hard_negative
A011322,normal
A011323,ring
A011324,normal
A011325,normal
A011326,normal
A011327,normal
A011328,normal
A011329,normal
A011330,normal
A011331,normal
A011332,normal
A011333,normal
A011334,normal
A011335,normal
A011336,normal
A011337,normal
A011338,normal
A011339,normal
A011340,normal
A011341,normal
A011342,normal
A011343,normal
A011344,normal
A011345,ring
A011346,normal
A011347,normal
A011348,ring
A011349,normal
A011350,normal
A011351,ring
A011352,hard_negative
A011353,normal
A011354,normal
A011355,hard_negative
A011356,normal
A011357,normal
A011358,normal
A011359,normal
A011360,hard_negative
A011361,normal
A011362,hard_negative
A011363,normal
A011364,normal
A011365,normal
A011366,normal
A011367,normal
A011368,hard_negative
A011369,normal
A011370,normal
A011371,hard_negative
A011372,normal
A011373,normal
A011374,normal
A011375,normal
A011376,normal
A011377,hard_negative
A011378,hard_negative
A011379,normal
A011380,normal
A011381,normal
A011382,normal
A011383,normal
A011384,normal
A011385,normal
A011386,normal
A011387,hard_negative
A011388,normal
A011389,normal
A011390,normal
A011391,hard_negative
A011392,normal
A011393,hard_negative
A011394,normal
A011395,normal
A011396,normal
A011397,hard_negative
A011398,normal
A011399,normal
A011400,hard_negative
A011401,normal
A011402,ring
A011403,normal
A011404,normal
A011405,normal
A011406,normal
A011407,hard_negative
A011408,normal
A011409,hard_negative
A011410,normal
A011411,normal
A011412,normal
A011413,normal
A011414,normal
A011415,ring
A011416,normal
A011417,normal
A011418,normal
A011419,hard_negative
A011420,normal
A011421,normal
A011422,ring
A011423,hard_negative
A011424,normal
A011425,normal
A011426,normal
A011427,normal
A011428,normal
A011429,normal
A011430,normal
A011431,normal
A011432,normal
A011433,normal
A011434,ring
A011435,normal
A011436,normal
A011437,hard_negative
A011438,normal
A011439,normal
A011440,normal
A011441,normal
A011442,normal
A011443,normal
A011444,normal
A011445,normal
A011446,normal
A011447,normal
A011448,hard_negative
A011449,normal
A011450,normal
A011451,normal
A011452,normal
A011453,normal
A011454,normal
A011455,hard_negative
A011456,ring
A011457,normal
A011458,normal
A011459,normal
A011460,normal
A011461,hard_negative
A011462,normal
A011463,normal
A011464,normal
A011465,normal
A011466,normal
A011467,normal
A011468,normal
A011469,normal
A011470,normal
A011471,normal
A011472,normal
A011473,hard_negative
A011474,ring
A011475,normal
A011476,hard_negative
A011477,normal
A011478,ring
A011479,normal
A011480,normal
A011481,normal
A011482,normal
A011483,normal
A011484,normal
A011485,normal
A011486,normal
A011487,normal
A011488,normal
A011489,normal
A011490,normal
A011491,normal
A011492,hard_negative
A011493,normal
A011494,normal
A011495,normal
A011496,hard_negative
A011497,normal
A011498,hard_negative
A011499,normal
A011500,normal
A011501,normal
A011502,hard_negative
A011503,normal
A011504,normal
A011505,hard_negative
A011506,normal
A011507,hard_negative
A011508,normal
A011509,hard_negative
A011510,normal
A011511,normal
A011512,hard_negative
A011513,normal
A011514,normal
A011515,normal
A011516,normal
A011517,normal
A011518,normal
A011519,normal
A011520,normal
A011521,normal
A011522,normal
A011523,normal
A011524,normal
A011525,normal
A011526,normal
A011527,normal
A011528,normal
A011529,normal
A011530,normal
A011531,normal
A011532,normal
A011533,ring
A011534,normal
A011535,normal
A011536,normal
A011537,normal
A011538,ring
A011539,normal
A011540,normal
A011541,normal
A011542,normal
A011543,normal
A011544,normal
A011545,normal
A011546,normal
A011547,normal
A011548,normal
A011549,normal
A011550,normal
A011551,normal
A011552,normal
A011553,normal
A011554,hard_negative
A011555,normal
A011556,normal
A011557,normal
A011558,normal
A011559,normal
A011560,normal
A011561,normal
A011562,normal
A011563,normal
A011564,hard_negative
A011565,normal
A011566,normal
A011567,normal
A011568,normal
A011569,normal
A011570,normal
A011571,normal
A011572,normal
A011573,normal
A011574,normal
A011575,normal
A011576,normal
A011577,normal
A011578,normal
A011579,hard_negative
A011580,normal
A011581,hard_negative
A011582,hard_negative
A011583,normal
A011584,normal
A011585,normal
A011586,normal
A011587,normal
A011588,normal
A011589,normal
A011590,normal
A011591,normal
A011592,normal
A011593,normal
A011594,normal
A011595,normal
A011596,normal
A011597,hard_negative
A011598,normal
A011599,normal
A011600,normal
A011601,normal
A011602,normal
A011603,normal
A011604,normal
A011605,hard_negative
A011606,normal
A011607,normal
A011608,normal
A011609,normal
A011610,normal
A011611,normal
A011612,normal
A011613,normal
A011614,normal
A011615,hard_negative
A011616,normal
A011617,normal
A011618,ring
A011619,normal
A011620,hard_negative
A011621,normal
A011622,normal
A011623,normal
A011624,normal
A011625,normal
A011626,normal
A011627,normal
A011628,normal
A011629,normal
A011630,normal
A011631,normal
A011632,normal
A011633,normal
A011634,normal
A011635,hard_negative
A011636,normal
A011637,hard_negative
A011638,hard_negative
A011639,normal
A011640,normal
A011641,normal
A011642,normal
A011643,normal
A011644,normal
A011645,hard_negative
A011646,normal
A011647,normal
A011648,normal
A011649,normal
A011650,normal
A011651,hard_negative
A011652,normal
A011653,normal
A011654,normal
A011655,normal
A011656,hard_negative
A011657,normal
A011658,normal
A011659,normal
A011660,normal
A011661,normal
A011662,normal
A011663,normal
A011664,normal
A011665,normal
A011666,hard_negative
A011667,hard_negative
A011668,hard_negative
A011669,ring
A011670,normal
A011671,normal
A011672,normal
A011673,hard_negative
A011674,normal
A011675,normal
A011676,hard_negative
A011677,normal
A011678,ring
A011679,normal
A011680,normal
A011681,normal
A011682,normal
A011683,normal
A011684,normal
A011685,hard_negative
A011686,normal
A011687,normal
A011688,normal
A011689,ring
A011690,hard_negative
A011691,normal
A011692,normal
A011693,normal
A011694,normal
A011695,normal
A011696,normal
A011697,normal
A011698,normal
A011699,ring
A011700,hard_negative
A011701,normal
A011702,normal
A011703,normal
A011704,normal
A011705,normal
A011706,normal
A011707,normal
A011708,normal
A011709,normal
A011710,hard_negative
A011711,normal
A011712,hard_negative
A011713,normal
A011714,normal
A011715,normal
A011716,normal
A011717,normal
A011718,hard_negative
A011719,normal
A011720,normal
A011721,normal
A011722,hard_negative
A011723,normal
A011724,normal
A011725,normal
A011726,hard_negative
A011727,normal
A011728,normal
A011729,normal
A011730,normal
A011731,normal
A011732,normal
A011733,normal
A011734,ring
A011735,normal
A011736,hard_negative
A011737,normal
A011738,normal
A011739,normal
A011740,normal
A011741,normal
A011742,hard_negative
A011743,normal
A011744,normal
A011745,ring
A011746,normal
A011747,normal
A011748,normal
A011749,ring
A011750,hard_negative
A011751,normal
A011752,normal
A011753,normal
A011754,normal
A011755,normal
A011756,normal
A011757,normal
A011758,normal
A011759,normal
A011760,normal
A011761,normal
A011762,normal
A011763,hard_negative
A011764,normal
A011765,hard_negative
A011766,normal
A011767,normal
A011768,normal
A011769,normal
A011770,normal
A011771,normal
A011772,normal
A011773,normal
A011774,normal
A011775,normal
A011776,normal
A011777,normal
A011778,normal
A011779,normal
A011780,normal
A011781,normal
A011782,normal
A011783,normal
A011784,normal
A011785,ring
A011786,normal
A011787,hard_negative
A011788,ring
A011789,hard_negative
A011790,normal
A011791,normal
A011792,normal
A011793,normal
A011794,ring
A011795,normal
A011796,hard_negative
A011797,normal
A011798,hard_negative
A011799,normal
A011800,normal
A011801,normal
A011802,hard_negative
A011803,normal
A011804,normal
A011805,normal
A011806,normal
A011807,normal
A011808,normal
A011809,normal
A011810,normal
A011811,normal
A011812,normal
A011813,normal
A011814,normal
A011815,normal
A011816,normal
A011817,hard_negative
A011818,normal
A011819,hard_negative
A011820,normal
A011821,normal
A011822,normal
A011823,normal
A011824,normal
A011825,normal
A011826,normal
A011827,normal
A011828,normal
A011829,normal
A011830,hard_negative
A011831,normal
A011832,normal
A011833,normal
A011834,normal
A011835,normal
A011836,normal
A011837,hard_negative
A011838,normal
A011839,normal
A011840,normal
A011841,normal
A011842,normal
A011843,normal
A011844,normal
A011845,hard_negative
A011846,ring
A011847,normal
A011848,normal
A011849,hard_negative
A011850,normal
A011851,hard_negative
A011852,normal
A011853,normal
A011854,normal
A011855,normal
A011856,normal
A011857,normal
A011858,hard_negative
A011859,normal
A011860,normal
A011861,normal
A011862,normal
A011863,normal
A011864,normal
A011865,normal
A011866,normal
A011867,normal
A011868,normal
A011869,normal
A011870,ring
A011871,normal
A011872,normal
A011873,normal
A011874,hard_negative
A011875,normal
A011876,normal
A011877,hard_negative
A011878,normal
A011879,normal
A011880,normal
A011881,normal
A011882,normal
A011883,normal
A011884,hard_negative
A011885,normal
A011886,normal
A011887,normal
A011888,normal
A011889,normal
A011890,hard_negative
A011891,normal
A011892,normal
A011893,normal
A011894,normal
A011895,normal
A011896,normal
A011897,normal
A011898,normal
A011899,hard_negative
A011900,normal
A011901,normal
A011902,hard_negative
A011903,normal
A011904,normal
A011905,normal
A011906,hard_negative
A011907,normal
A011908,ring
A011909,normal
A011910,normal
A011911,normal
A011912,normal
A011913,normal
A011914,normal
A011915,normal
A011916,normal
A011917,normal
A011918,normal
A011919,hard_negative
A011920,normal
A011921,normal
A011922,normal
A011923,normal
A011924,normal
A011925,normal
A011926,normal
A011927,normal
A011928,normal
A011929,normal
A011930,normal
A011931,normal
A011932,normal
A011933,hard_negative
A011934,hard_negative
A011935,normal
A011936,normal
A011937,normal
A011938,hard_negative
A011939,normal
A011940,normal
A011941,hard_negative
A011942,normal
A011943,normal
A011944,normal
A011945,normal
A011946,normal
A011947,normal
A011948,normal
A011949,normal
A011950,normal
A011951,normal
A011952,normal
A011953,normal
A011954,hard_negative
A011955,normal
A011956,normal
A011957,normal
A011958,normal
A011959,normal
A011960,normal
A011961,hard_negative
A011962,normal
A011963,ring
A011964,ring
A011965,hard_negative
A011966,normal
A011967,normal
A011968,normal
A011969,normal
A011970,normal
A011971,normal
A011972,normal
A011973,normal
A011974,normal
A011975,normal
A011976,normal
A011977,normal
A011978,normal
A011979,normal
A011980,normal
A011981,hard_negative
A011982,normal
A011983,hard_negative
A011984,normal
A011985,normal
A011986,normal
A011987,hard_negative
A011988,normal
A011989,normal
A011990,normal
A011991,normal
A011992,normal
A011993,normal
A011994,normal
A011995,hard_negative
A011996,normal
A011997,hard_negative
A011998,normal
A011999,normal
A012000,normal
A012001,normal
A012002,ring
A012003,normal
A012004,normal
A012005,normal
A012006,normal
A012007,hard_negative
A012008,normal
A012009,normal
A012010,normal
A012011,normal
A012012,hard_negative
A012013,normal
A012014,normal
A012015,hard_negative
A012016,normal
A012017,normal
A012018,hard_negative
A012019,normal
A012020,normal
A012021,normal
A012022,normal
A012023,normal
A012024,normal
A012025,normal
A012026,normal
A012027,hard_negative
A012028,normal
A012029,normal
A012030,normal
A012031,normal
A012032,normal
A012033,normal
A012034,hard_negative
A012035,normal
A012036,normal
A012037,ring
A012038,hard_negative
A012039,normal
A012040,normal
A012041,normal
A012042,normal
A012043,normal
A012044,hard_negative
A012045,normal
A012046,normal
A012047,normal
A012048,normal
A012049,normal
A012050,normal
A012051,hard_negative
A012052,normal
A012053,normal
A012054,normal
A012055,normal
A012056,hard_negative
A012057,hard_negative
A012058,normal
A012059,normal
A012060,normal
A012061,normal
A012062,normal
A012063,normal
A012064,normal
A012065,normal
A012066,hard_negative
A012067,normal
A012068,normal
A012069,normal
A012070,hard_negative
A012071,normal
A012072,normal
A012073,hard_negative
A012074,normal
A012075,ring
A012076,normal
A012077,hard_negative
A012078,normal
A012079,normal
A012080,normal
A012081,normal
A012082,normal
A012083,normal
A012084,normal
A012085,normal
A012086,normal
A012087,normal
A012088,normal
A012089,normal
A012090,normal
A012091,hard_negative
A012092,normal
A012093,normal
A012094,normal
A012095,normal
A012096,hard_negative
A012097,normal
A012098,normal
A012099,normal
A012100,normal
A012101,normal
A012102,normal
A012103,normal
A012104,ring
A012105,normal
A012106,normal
A012107,normal
A012108,normal
A012109,normal
A012110,normal
A012111,normal
A012112,ring
A012113,normal
A012114,normal
A012115,normal
A012116,normal
A012117,normal
A012118,normal
A012119,normal
A012120,normal
A012121,normal
A012122,normal
A012123,normal
A012124,normal
A012125,normal
A012126,normal
A012127,normal
A012128,hard_negative
A012129,normal
A012130,normal
A012131,normal
A012132,normal
A012133,normal
A012134,normal
A012135,normal
A012136,normal
A012137,normal
A012138,normal
A012139,normal
A012140,normal
A012141,normal
A012142,hard_negative
A012143,normal
A012144,normal
A012145,normal
A012146,normal
A012147,hard_negative
A012148,normal
A012149,normal
A012150,normal
A012151,normal
A012152,normal
A012153,normal
A012154,normal
A012155,normal
A012156,normal
A012157,normal
A012158,ring
A012159,normal
A012160,normal
A012161,normal
A012162,normal
A012163,normal
A012164,normal
A012165,hard_negative
A012166,hard_negative
A012167,ring
A012168,hard_negative
A012169,hard_negative
A012170,normal
A012171,normal
A012172,normal
A012173,normal
A012174,normal
A012175,normal
A012176,normal
A012177,normal
A012178,normal
A012179,normal
A012180,normal
A012181,hard_negative
A012182,normal
A012183,normal
A012184,normal
A012185,normal
A012186,normal
A012187,hard_negative
A012188,normal
A012189,normal
A012190,normal
A012191,normal
A012192,normal
A012193,normal
A012194,normal
A012195,normal
A012196,normal
A012197,normal
A012198,normal
A012199,hard_negative
A012200,normal
A012201,ring
A012202,hard_negative
A012203,hard_negative
A012204,normal
A012205,ring
A012206,normal
A012207,normal
A012208,normal
A012209,normal
A012210,normal
A012211,normal
A012212,normal
A012213,normal
A012214,normal
A012215,normal
A012216,normal
A012217,normal
A012218,normal
A012219,normal
A012220,normal
A012221,normal
A012222,normal
A012223,ring
A012224,normal
A012225,normal
A012226,normal
A012227,normal
A012228,normal
A012229,normal
A012230,normal
A012231,ring
A012232,ring
A012233,normal
A012234,normal
A012235,normal
A012236,normal
A012237,normal
A012238,normal
A012239,normal
A012240,normal
A012241,hard_negative
A012242,normal
A012243,normal
A012244,normal
A012245,hard_negative
A012246,normal
A012247,normal
A012248,normal
A012249,normal
A012250,normal
A012251,normal
A012252,normal
A012253,normal
A012254,normal
A012255,ring
A012256,normal
A012257,normal
A012258,normal
A012259,normal
A012260,normal
A012261,normal
A012262,hard_negative
A012263,normal
A012264,normal
A012265,normal
A012266,normal
A012267,normal
A012268,hard_negative
A012269,normal
A012270,normal
A012271,normal
A012272,ring
A012273,normal
A012274,hard_negative
A012275,normal
A012276,normal
A012277,normal
A012278,ring
A012279,hard_negative
A012280,normal
A012281,normal
A012282,normal
A012283,normal
A012284,normal
A012285,normal
A012286,normal
A012287,normal
A012288,normal
A012289,normal
A012290,normal
A012291,normal
A012292,normal
A012293,normal
A012294,hard_negative
A012295,normal
A012296,normal
A012297,ring
A012298,normal
A012299,normal
A012300,normal
A012301,normal
A012302,hard_negative
A012303,ring
A012304,normal
A012305,ring
A012306,normal
A012307,normal
A012308,normal
A012309,hard_negative
A012310,normal
A012311,hard_negative
A012312,normal
A012313,normal
A012314,hard_negative
A012315,normal
A012316,normal
A012317,normal
A012318,normal
A012319,normal
A012320,normal
A012321,ring
A012322,ring
A012323,ring
A012324,normal
A012325,normal
A012326,hard_negative
A012327,normal
A012328,normal
A012329,normal
A012330,normal
A012331,hard_negative
A012332,normal
A012333,normal
A012334,normal
A012335,normal
A012336,normal
A012337,hard_negative
A012338,normal
A012339,ring
A012340,normal
A012341,normal
A012342,hard_negative
A012343,normal
A012344,normal
A012345,hard_negative
A012346,hard_negative
A012347,normal
A012348,hard_negative
A012349,normal
A012350,normal
A012351,normal
A012352,normal
A012353,normal
A012354,normal
A012355,normal
A012356,normal
A012357,normal
A012358,normal
A012359,normal
A012360,normal
A012361,normal
A012362,normal
A012363,normal
A012364,normal
A012365,hard_negative
A012366,normal
A012367,normal
A012368,hard_negative
A012369,normal
A012370,normal
A012371,hard_negative
A012372,hard_negative
A012373,normal
A012374,normal
A012375,normal
A012376,normal
A012377,hard_negative
A012378,hard_negative
A012379,normal
A012380,normal
A012381,normal
A012382,normal
A012383,ring
A012384,normal
A012385,hard_negative
A012386,normal
A012387,normal
A012388,normal
A012389,normal
A012390,normal
A012391,hard_negative
A012392,normal
A012393,normal
A012394,normal
A012395,normal
A012396,normal
A012397,normal
A012398,normal
A012399,normal
A012400,normal
A012401,normal
A012402,normal
A012403,normal
A012404,normal
A012405,hard_negative
A012406,normal
A012407,hard_negative
A012408,normal
A012409,normal
A012410,normal
A012411,normal
A012412,normal
A012413,normal
A012414,hard_negative
A012415,normal
A012416,ring
A012417,normal
A012418,normal
A012419,hard_negative
A012420,normal
A012421,normal
A012422,normal
A012423,normal
A012424,normal
A012425,normal
A012426,normal
A012427,ring
A012428,normal
A012429,normal
A012430,normal
A012431,normal
A012432,normal
A012433,normal
A012434,hard_negative
A012435,hard_negative
A012436,normal
A012437,hard_negative
A012438,hard_negative
A012439,normal
A012440,normal
A012441,normal
A012442,normal
A012443,normal
A012444,hard_negative
A012445,normal
A012446,hard_negative
A012447,normal
A012448,normal
A012449,normal
A012450,normal
A012451,normal
A012452,normal
A012453,normal
A012454,normal
A012455,normal
A012456,normal
A012457,normal
A012458,normal
A012459,hard_negative
A012460,normal
A012461,normal
A012462,normal
A012463,normal
A012464,normal
A012465,normal
A012466,normal
A012467,ring
A012468,hard_negative
A012469,hard_negative
A012470,normal
A012471,hard_negative
A012472,normal
A012473,normal
A012474,normal
A012475,normal
A012476,normal
A012477,normal
A012478,normal
A012479,normal
A012480,normal
A012481,hard_negative
A012482,normal
A012483,normal
A012484,normal
A012485,normal
A012486,normal
A012487,normal
A012488,normal
A012489,normal
A012490,normal
A012491,normal
A012492,normal
A012493,normal
A012494,normal
A012495,hard_negative
A012496,normal
A012497,normal
A012498,hard_negative
A012499,normal
A012500,normal
A012501,normal
A012502,normal
A012503,normal
A012504,ring
A012505,normal
A012506,normal
A012507,normal
A012508,hard_negative
A012509,hard_negative
A012510,normal
A012511,normal
A012512,normal
A012513,normal
A012514,normal
A012515,normal
A012516,normal
A012517,hard_negative
A012518,normal
A012519,normal
A012520,normal
A012521,normal
A012522,hard_negative
A012523,normal
A012524,normal
A012525,normal
A012526,normal
A012527,normal
A012528,ring
A012529,normal
A012530,normal
A012531,normal
A012532,normal
A012533,normal
A012534,normal
A012535,normal
A012536,ring
A012537,hard_negative
A012538,normal
A012539,normal
A012540,normal
A012541,normal
A012542,normal
A012543,normal
A012544,normal
A012545,normal
A012546,normal
A012547,normal
A012548,ring
A012549,normal
A012550,normal
A012551,normal
A012552,normal
A012553,normal
A012554,hard_negative
A012555,hard_negative
A012556,normal
A012557,normal
A012558,hard_negative
A012559,ring
A012560,normal
A012561,normal
A012562,normal
A012563,normal
A012564,normal
A012565,normal
A012566,normal
A012567,normal
A012568,normal
A012569,normal
A012570,normal
A012571,normal
A012572,normal
A012573,normal
A012574,normal
A012575,hard_negative
A012576,normal
A012577,normal
A012578,normal
A012579,normal
A012580,normal
A012581,normal
A012582,normal
A012583,normal
A012584,normal
A012585,normal
A012586,normal
A012587,normal
A012588,normal
A012589,normal
A012590,normal
A012591,normal
A012592,hard_negative
A012593,hard_negative
A012594,normal
A012595,normal
A012596,normal
A012597,normal
A012598,ring
A012599,normal
A012600,normal
A012601,normal
A012602,normal
A012603,normal
A012604,normal
A012605,normal
A012606,normal
A012607,normal
A012608,normal
A012609,normal
A012610,normal
A012611,normal
A012612,normal
A012613,normal
A012614,normal
A012615,normal
A012616,normal
A012617,normal
A012618,normal
A012619,normal
A012620,normal
A012621,normal
A012622,normal
A012623,normal
A012624,normal
A012625,hard_negative
A012626,normal
A012627,normal
A012628,normal
A012629,normal
A012630,hard_negative
A012631,hard_negative
A012632,normal
A012633,normal
A012634,normal
A012635,normal
A012636,normal
A012637,normal
A012638,normal
A012639,normal
A012640,normal
A012641,hard_negative
A012642,normal
A012643,normal
A012644,normal
A012645,normal
A012646,ring
A012647,normal
A012648,normal
A012649,normal
A012650,normal
A012651,normal
A012652,normal
A012653,hard_negative
A012654,ring
A012655,hard_negative
A012656,normal
A012657,normal
A012658,normal
A012659,normal
A012660,hard_negative
A012661,normal
A012662,normal
A012663,ring
A012664,hard_negative
A012665,hard_negative
A012666,normal
A012667,ring
A012668,normal
A012669,normal
A012670,hard_negative
A012671,normal
A012672,normal
A012673,normal
A012674,hard_negative
A012675,hard_negative
A012676,normal
A012677,normal
A012678,normal
A012679,hard_negative
A012680,ring
A012681,normal
A012682,normal
A012683,normal
A012684,hard_negative
A012685,normal
A012686,normal
A012687,normal
A012688,normal
A012689,hard_negative
A012690,normal
A012691,normal
A012692,normal
A012693,normal
A012694,normal
A012695,normal
A012696,normal
A012697,normal
A012698,normal
A012699,normal
A012700,normal
A012701,normal
A012702,normal
A012703,normal
A012704,ring
A012705,normal
A012706,normal
A012707,normal
A012708,normal
A012709,normal
A012710,normal
A012711,normal
A012712,normal
A012713,normal
A012714,normal
A012715,normal
A012716,normal
A012717,hard_negative
A012718,hard_negative
A012719,normal
A012720,normal
A012721,normal
A012722,normal
A012723,hard_negative
A012724,normal
A012725,normal
A012726,normal
A012727,normal
A012728,normal
A012729,normal
A012730,normal
A012731,normal
A012732,hard_negative
A012733,normal
A012734,normal
A012735,hard_negative
A012736,hard_negative
A012737,normal
A012738,normal
A012739,hard_negative
A012740,normal
A012741,hard_negative
A012742,normal
A012743,normal
A012744,normal
A012745,normal
A012746,hard_negative
A012747,normal
A012748,normal
A012749,normal
A012750,normal
A012751,hard_negative
A012752,normal
A012753,normal
A012754,normal
A012755,normal
A012756,normal
A012757,normal
A012758,normal
A012759,normal
A012760,normal
A012761,normal
A012762,normal
A012763,ring
A012764,ring
A012765,normal
A012766,normal
A012767,normal
A012768,normal
A012769,normal
A012770,normal
A012771,normal
A012772,normal
A012773,normal
A012774,normal
A012775,normal
A012776,normal
A012777,normal
A012778,normal
A012779,normal
A012780,hard_negative
A012781,normal
A012782,normal
A012783,ring
A012784,normal
A012785,normal
A012786,normal
A012787,hard_negative
A012788,normal
A012789,normal
A012790,normal
A012791,normal
A012792,normal
A012793,normal
A012794,normal
A012795,normal
A012796,normal
A012797,hard_negative
A012798,hard_negative
A012799,normal
A012800,normal
A012801,normal
A012802,normal
A012803,normal
A012804,normal
A012805,hard_negative
A012806,normal
A012807,hard_negative
A012808,normal
A012809,normal
A012810,normal
A012811,ring
A012812,normal
A012813,normal
A012814,normal
A012815,normal
A012816,ring
A012817,normal
A012818,ring
A012819,normal
A012820,normal
A012821,normal
A012822,normal
A012823,normal
A012824,normal
A012825,ring
A012826,ring
A012827,normal
A012828,normal
A012829,ring
A012830,normal
A012831,normal
A012832,normal
A012833,normal
A012834,normal
A012835,normal
A012836,normal
A012837,hard_negative
A012838,normal
A012839,normal
A012840,hard_negative
A012841,normal
A012842,normal
A012843,normal
A012844,hard_negative
A012845,normal
A012846,ring
A012847,ring
A012848,normal
A012849,normal
A012850,normal
A012851,hard_negative
A012852,normal
A012853,normal
A012854,hard_negative
A012855,normal
A012856,normal
A012857,normal
A012858,hard_negative
A012859,normal
A012860,normal
A012861,ring
A012862,normal
A012863,normal
A012864,normal
A012865,normal
A012866,normal
A012867,ring
A012868,ring
A012869,normal
A012870,normal
A012871,hard_negative
A012872,normal
A012873,normal
A012874,normal
A012875,normal
A012876,normal
A012877,hard_negative
A012878,hard_negative
A012879,normal
A012880,normal
A012881,normal
A012882,normal
A012883,normal
A012884,hard_negative
A012885,hard_negative
A012886,normal
A012887,normal
A012888,normal
A012889,normal
A012890,hard_negative
A012891,normal
A012892,hard_negative
A012893,normal
A012894,normal
A012895,normal
A012896,normal
A012897,normal
A012898,normal
A012899,normal
A012900,normal
A012901,normal
A012902,normal
A012903,normal
A012904,hard_negative
A012905,hard_negative
A012906,normal
A012907,normal
A012908,normal
A012909,normal
A012910,ring
A012911,ring
A012912,normal
A012913,normal
A012914,normal
A012915,normal
A012916,normal
A012917,normal
A012918,normal
A012919,normal
A012920,normal
A012921,normal
A012922,normal
A012923,ring
A012924,normal
A012925,normal
A012926,normal
A012927,normal
A012928,hard_negative
A012929,normal
A012930,normal
A012931,normal
A012932,normal
A012933,normal
A012934,normal
A012935,normal
A012936,normal
A012937,normal
A012938,normal
A012939,normal
A012940,normal
A012941,normal
A012942,normal
A012943,normal
A012944,hard_negative
A012945,normal
A012946,normal
A012947,normal
A012948,hard_negative
A012949,normal
A012950,normal
A012951,normal
A012952,normal
A012953,normal
A012954,ring
A012955,ring
A012956,normal
A012957,normal
A012958,normal
A012959,normal
A012960,normal
A012961,normal
A012962,hard_negative
A012963,normal
A012964,normal
A012965,hard_negative
A012966,normal
A012967,normal
A012968,normal
A012969,ring
A012970,normal
A012971,normal
A012972,normal
A012973,hard_negative
A012974,normal
A012975,normal
A012976,normal
A012977,normal
A012978,normal
A012979,normal
A012980,ring
A012981,normal
A012982,normal
A012983,normal
A012984,normal
A012985,normal
A012986,normal
A012987,ring
A012988,hard_negative
A012989,hard_negative
A012990,normal
A012991,normal
A012992,normal
A012993,normal
A012994,normal
A012995,hard_negative
A012996,normal
A012997,normal
A012998,normal
A012999,normal
A013000,normal
A013001,normal
A013002,normal
A013003,normal
A013004,normal
A013005,normal
A013006,hard_negative
A013007,normal
A013008,normal
A013009,normal
A013010,normal
A013011,normal
A013012,normal
A013013,hard_negative
A013014,normal
A013015,hard_negative
A013016,normal
A013017,normal
A013018,normal
A013019,hard_negative
A013020,normal
A013021,normal
A013022,normal
A013023,normal
A013024,normal
A013025,normal
A013026,normal
A013027,normal
A013028,hard_negative
A013029,normal
A013030,normal
A013031,normal
A013032,normal
A013033,normal
A013034,normal
A013035,normal
A013036,ring
A013037,ring
A013038,normal
A013039,normal
A013040,normal
A013041,normal
A013042,hard_negative
A013043,normal
A013044,normal
A013045,normal
A013046,normal
A013047,normal
A013048,normal
A013049,normal
A013050,hard_negative
A013051,normal
A013052,normal
A013053,normal
A013054,normal
A013055,normal
A013056,normal
A013057,normal
A013058,normal
A013059,ring
A013060,normal
A013061,normal
A013062,normal
A013063,normal
A013064,normal
A013065,normal
A013066,normal
A013067,normal
A013068,normal
A013069,normal
A013070,normal
A013071,normal
A013072,normal
A013073,hard_negative
A013074,normal
A013075,normal
A013076,normal
A013077,normal
A013078,normal
A013079,normal
A013080,normal
A013081,normal
A013082,normal
A013083,normal
A013084,normal
A013085,normal
A013086,normal
A013087,normal
A013088,normal
A013089,normal
A013090,normal
A013091,normal
A013092,normal
A013093,normal
A013094,normal
A013095,hard_negative
A013096,normal
A013097,normal
A013098,hard_negative
A013099,normal
A013100,normal
A013101,ring
A013102,normal
A013103,normal
A013104,normal
A013105,normal
A013106,hard_negative
A013107,normal
A013108,normal
A013109,normal
A013110,normal
A013111,normal
A013112,normal
A013113,normal
A013114,normal
A013115,normal
A013116,normal
A013117,normal
A013118,normal
A013119,normal
A013120,normal
A013121,hard_negative
A013122,hard_negative
A013123,normal
A013124,ring
A013125,normal
A013126,normal
A013127,hard_negative
A013128,normal
A013129,hard_negative
A013130,normal
A013131,hard_negative
A013132,normal
A013133,ring
A013134,normal
A013135,ring
A013136,normal
A013137,normal
A013138,normal
A013139,normal
A013140,hard_negative
A013141,normal
A013142,normal
A013143,normal
A013144,normal
A013145,normal
A013146,normal
A013147,hard_negative
A013148,normal
A013149,normal
A013150,normal
A013151,ring
A013152,normal
A013153,normal
A013154,hard_negative
A013155,normal
A013156,normal
A013157,normal
A013158,normal
A013159,normal
A013160,normal
A013161,normal
A013162,normal
A013163,normal
A013164,normal
A013165,hard_negative
A013166,normal
A013167,normal
A013168,normal
A013169,normal
A013170,normal
A013171,normal
A013172,hard_negative
A013173,normal
A013174,normal
A013175,ring
A013176,normal
A013177,normal
A013178,normal
A013179,normal
A013180,normal
A013181,hard_negative
A013182,normal
A013183,normal
A013184,normal
A013185,hard_negative
A013186,normal
A013187,normal
A013188,hard_negative
A013189,normal
A013190,normal
A013191,normal
A013192,normal
A013193,normal
A013194,normal
A013195,normal
A013196,normal
A013197,normal
A013198,normal
A013199,normal
A013200,normal
A013201,normal
A013202,normal
A013203,normal
A013204,normal
A013205,normal
A013206,normal
A013207,normal
A013208,normal
A013209,normal
A013210,normal
A013211,normal
A013212,normal
A013213,normal
A013214,normal
A013215,hard_negative
A013216,normal
A013217,hard_negative
A013218,normal
A013219,normal
A013220,normal
A013221,normal
A013222,hard_negative
A013223,ring
A013224,normal
A013225,normal
A013226,ring
A013227,normal
A013228,normal
A013229,normal
A013230,hard_negative
A013231,normal
A013232,normal
A013233,normal
A013234,hard_negative
A013235,ring
A013236,normal
A013237,normal
A013238,normal
A013239,normal
A013240,normal
A013241,normal
A013242,normal
A013243,normal
A013244,normal
A013245,normal
A013246,hard_negative
A013247,hard_negative
A013248,normal
A013249,normal
A013250,normal
A013251,normal
A013252,normal
A013253,hard_negative
A013254,normal
A013255,normal
A013256,normal
A013257,hard_negative
A013258,hard_negative
A013259,normal
A013260,normal
A013261,normal
A013262,normal
A013263,normal
A013264,normal
A013265,normal
A013266,normal
A013267,normal
A013268,normal
A013269,normal
A013270,normal
A013271,normal
A013272,normal
A013273,normal
A013274,hard_negative
A013275,normal
A013276,hard_negative
A013277,normal
A013278,normal
A013279,normal
A013280,normal
A013281,normal
A013282,hard_negative
A013283,normal
A013284,normal
A013285,normal
A013286,normal
A013287,normal
A013288,hard_negative
A013289,normal
A013290,hard_negative
A013291,normal
A013292,normal
A013293,ring
A013294,normal
A013295,normal
A013296,normal
A013297,ring
A013298,normal
A013299,normal
A013300,normal
A013301,normal
A013302,normal
A013303,normal
A013304,normal
A013305,ring
A013306,normal
A013307,hard_negative
A013308,normal
A013309,hard_negative
A013310,normal
A013311,normal
A013312,normal
A013313,normal
A013314,normal
A013315,normal
A013316,normal
A013317,normal
A013318,normal
A013319,normal
A013320,normal
A013321,normal
A013322,hard_negative
A013323,normal
A013324,normal
A013325,normal
A013326,ring
A013327,normal
A013328,normal
A013329,normal
A013330,normal
A013331,normal
A013332,hard_negative
A013333,normal
A013334,normal
A013335,normal
A013336,ring
A013337,hard_negative
A013338,normal
A013339,normal
A013340,normal
A013341,normal
A013342,normal
A013343,normal
A013344,ring
A013345,normal
A013346,hard_negative
A013347,normal
A013348,normal
A013349,normal
A013350,ring
A013351,normal
A013352,normal
A013353,normal
A013354,normal
A013355,normal
A013356,hard_negative
A013357,normal
A013358,normal
A013359,normal
A013360,normal
A013361,normal
A013362,normal
A013363,normal
A013364,normal
A013365,normal
A013366,ring
A013367,normal
A013368,normal
A013369,normal
A013370,normal
A013371,normal
A013372,normal
A013373,normal
A013374,hard_negative
A013375,normal
A013376,normal
A013377,normal
A013378,normal
A013379,normal
A013380,normal
A013381,hard_negative
A013382,hard_negative
A013383,normal
A013384,normal
A013385,normal
A013386,normal
A013387,normal
A013388,normal
A013389,normal
A013390,normal
A013391,normal
A013392,ring
A013393,ring
A013394,normal
A013395,normal
A013396,normal
A013397,normal
A013398,hard_negative
A013399,hard_negative
A013400,normal
A013401,normal
A013402,normal
A013403,normal
A013404,normal
A013405,normal
A013406,normal
A013407,normal
A013408,normal
A013409,normal
A013410,normal
A013411,normal
A013412,normal
A013413,normal
A013414,normal
A013415,normal
A013416,normal
A013417,normal
A013418,normal
A013419,normal
A013420,normal
A013421,normal
A013422,normal
A013423,normal
A013424,normal
A013425,hard_negative
A013426,normal
A013427,normal
A013428,normal
A013429,hard_negative
A013430,ring
A013431,normal
A013432,normal
A013433,normal
A013434,normal
A013435,normal
A013436,ring
A013437,normal
A013438,normal
A013439,normal
A013440,normal
A013441,hard_negative
A013442,normal
A013443,normal
A013444,normal
A013445,normal
A013446,normal
A013447,normal
A013448,normal
A013449,normal
A013450,hard_negative
A013451,hard_negative
A013452,normal
A013453,hard_negative
A013454,hard_negative
A013455,normal
A013456,normal
A013457,normal
A013458,ring
A013459,normal
A013460,normal
A013461,normal
A013462,normal
A013463,hard_negative
A013464,normal
A013465,normal
A013466,hard_negative
A013467,normal
A013468,normal
A013469,normal
A013470,hard_negative
A013471,normal
A013472,normal
A013473,normal
A013474,ring
A013475,ring
A013476,normal
A013477,normal
A013478,normal
A013479,normal
A013480,ring
A013481,hard_negative
A013482,hard_negative
A013483,normal
A013484,ring
A013485,normal
A013486,normal
A013487,ring
A013488,normal
A013489,normal
A013490,normal
A013491,ring
A013492,normal
A013493,normal
A013494,hard_negative
A013495,normal
A013496,normal
A013497,normal
A013498,normal
A013499,normal
A013500,normal
A013501,normal
A013502,normal
A013503,hard_negative
A013504,normal
A013505,normal
A013506,normal
A013507,normal
A013508,ring
A013509,normal
A013510,normal
A013511,hard_negative
A013512,hard_negative
A013513,normal
A013514,normal
A013515,normal
A013516,normal
A013517,ring
A013518,normal
A013519,normal
A013520,ring
A013521,normal
A013522,ring
A013523,normal
A013524,normal
A013525,normal
A013526,normal
A013527,normal
A013528,normal
A013529,normal
A013530,normal
A013531,normal
A013532,normal
A013533,normal
A013534,normal
A013535,normal
A013536,normal
A013537,normal
A013538,normal
A013539,ring
A013540,normal
A013541,normal
A013542,normal
A013543,normal
A013544,normal
A013545,normal
A013546,normal
A013547,normal
A013548,hard_negative
A013549,normal
A013550,normal
A013551,normal
A013552,normal
A013553,normal
A013554,hard_negative
A013555,normal
A013556,ring
A013557,normal
A013558,normal
A013559,hard_negative
A013560,normal
A013561,normal
A013562,normal
A013563,normal
A013564,normal
A013565,ring
A013566,normal
A013567,normal
A013568,normal
A013569,ring
A013570,normal
A013571,hard_negative
A013572,normal
A013573,normal
A013574,normal
A013575,normal
A013576,normal
A013577,ring
A013578,normal
A013579,normal
A013580,normal
A013581,hard_negative
A013582,normal
A013583,normal
A013584,normal
A013585,normal
A013586,normal
A013587,normal
A013588,normal
A013589,normal
A013590,normal
A013591,normal
A013592,normal
A013593,normal
A013594,normal
A013595,normal
A013596,normal
A013597,normal
A013598,normal
A013599,normal
A013600,normal
A013601,normal
A013602,normal
A013603,normal
A013604,normal
A013605,normal
A013606,normal
A013607,normal
A013608,normal
A013609,normal
A013610,normal
A013611,normal
A013612,normal
A013613,normal
A013614,normal
A013615,normal
A013616,normal
A013617,normal
A013618,normal
A013619,normal
A013620,normal
A013621,normal
A013622,normal
A013623,ring
A013624,normal
A013625,hard_negative
A013626,normal
A013627,hard_negative
A013628,normal
A013629,normal
A013630,normal
A013631,normal
A013632,normal
A013633,hard_negative
A013634,normal
A013635,hard_negative
A013636,normal
A013637,normal
A013638,normal
A013639,normal
A013640,hard_negative
A013641,ring
A013642,normal
A013643,normal
A013644,normal
A013645,normal
A013646,normal
A013647,normal
A013648,normal
A013649,hard_negative
A013650,normal
A013651,normal
A013652,hard_negative
A013653,normal
A013654,normal
A013655,hard_negative
A013656,normal
A013657,normal
A013658,normal
A013659,normal
A013660,normal
A013661,hard_negative
A013662,normal
A013663,hard_negative
A013664,normal
A013665,normal
A013666,normal
A013667,normal
A013668,normal
A013669,hard_negative
A013670,normal
A013671,normal
A013672,normal
A013673,normal
A013674,normal
A013675,normal
A013676,normal
A013677,hard_negative
A013678,hard_negative
A013679,normal
A013680,normal
A013681,normal
A013682,normal
A013683,normal
A013684,normal
A013685,ring
A013686,ring
A013687,normal
A013688,ring
A013689,normal
A013690,hard_negative
A013691,normal
A013692,normal
A013693,normal
A013694,normal
A013695,normal
A013696,hard_negative
A013697,normal
A013698,normal
A013699,normal
A013700,hard_negative
A013701,normal
A013702,normal
A013703,hard_negative
A013704,normal
A013705,normal
A013706,normal
A013707,normal
A013708,normal
A013709,normal
A013710,normal
A013711,normal
A013712,normal
A013713,normal
A013714,normal
A013715,normal
A013716,hard_negative
A013717,normal
A013718,normal
A013719,normal
A013720,hard_negative
A013721,normal
A013722,normal
A013723,normal
A013724,normal
A013725,ring
A013726,normal
A013727,normal
A013728,normal
A013729,hard_negative
A013730,ring
A013731,normal
A013732,hard_negative
A013733,normal
A013734,normal
A013735,normal
A013736,normal
A013737,normal
A013738,hard_negative
A013739,normal
A013740,normal
A013741,normal
A013742,normal
A013743,normal
A013744,normal
A013745,normal
A013746,normal
A013747,normal
A013748,normal
A013749,normal
A013750,normal
A013751,normal
A013752,normal
A013753,normal
A013754,hard_negative
A013755,normal
A013756,normal
A013757,normal
A013758,hard_negative
A013759,normal
A013760,normal
A013761,normal
A013762,normal
A013763,normal
A013764,normal
A013765,normal
A013766,hard_negative
A013767,normal
A013768,normal
A013769,normal
A013770,normal
A013771,normal
A013772,normal
A013773,normal
A013774,normal
A013775,hard_negative
A013776,normal
A013777,normal
A013778,ring
A013779,normal
A013780,normal
A013781,normal
A013782,normal
A013783,normal
A013784,normal
A013785,normal
A013786,normal
A013787,hard_negative
A013788,hard_negative
A013789,normal
A013790,hard_negative
A013791,normal
A013792,normal
A013793,hard_negative
A013794,normal
A013795,normal
A013796,hard_negative
A013797,normal
A013798,ring
A013799,normal
A013800,normal
A013801,hard_negative
A013802,normal
A013803,normal
A013804,normal
A013805,normal
A013806,normal
A013807,hard_negative
A013808,normal
A013809,normal
A013810,hard_negative
A013811,normal
A013812,ring
A013813,normal
A013814,normal
A013815,ring
A013816,ring
A013817,normal
A013818,normal
A013819,normal
A013820,hard_negative
A013821,normal
A013822,normal
A013823,normal
A013824,normal
A013825,normal
A013826,normal
A013827,normal
A013828,normal
A013829,normal
A013830,normal
A013831,normal
A013832,hard_negative
A013833,normal
A013834,normal
A013835,normal
A013836,normal
A013837,normal
A013838,hard_negative
A013839,normal
A013840,normal
A013841,normal
A013842,normal
A013843,normal
A013844,normal
A013845,ring
A013846,normal
A013847,normal
A013848,normal
A013849,normal
A013850,normal
A013851,normal
A013852,normal
A013853,normal
A013854,normal
A013855,normal
A013856,normal
A013857,hard_negative
A013858,normal
A013859,ring
A013860,normal
A013861,normal
A013862,normal
A013863,normal
A013864,ring
A013865,normal
A013866,normal
A013867,normal
A013868,normal
A013869,normal
A013870,hard_negative
A013871,hard_negative
A013872,normal
A013873,normal
A013874,normal
A013875,hard_negative
A013876,normal
A013877,normal
A013878,normal
A013879,normal
A013880,normal
A013881,normal
A013882,hard_negative
A013883,normal
A013884,normal
A013885,ring
A013886,normal
A013887,normal
A013888,normal
A013889,normal
A013890,normal
A013891,normal
A013892,normal
A013893,normal
A013894,normal
A013895,normal
A013896,normal
A013897,hard_negative
A013898,normal
A013899,normal
A013900,normal
A013901,normal
A013902,normal
A013903,normal
A013904,hard_negative
A013905,hard_negative
A013906,normal
A013907,normal
A013908,normal
A013909,normal
A013910,normal
A013911,hard_negative
A013912,normal
A013913,normal
A013914,normal
A013915,normal
A013916,normal
A013917,normal
A013918,normal
A013919,hard_negative
A013920,normal
A013921,normal
A013922,hard_negative
A013923,normal
A013924,normal
A013925,normal
A013926,normal
A013927,normal
A013928,normal
A013929,normal
A013930,normal
A013931,normal
A013932,normal
A013933,normal
A013934,normal
A013935,hard_negative
A013936,hard_negative
A013937,normal
A013938,normal
A013939,normal
A013940,hard_negative
A013941,normal
A013942,normal
A013943,normal
A013944,normal
A013945,hard_negative
A013946,ring
A013947,normal
A013948,normal
A013949,normal
A013950,normal
A013951,normal
A013952,normal
A013953,normal
A013954,normal
A013955,normal
A013956,normal
A013957,normal
A013958,normal
A013959,normal
A013960,normal
A013961,hard_negative
A013962,normal
A013963,normal
A013964,normal
A013965,normal
A013966,hard_negative
A013967,normal
A013968,normal
A013969,normal
A013970,normal
A013971,normal
A013972,normal
A013973,normal
A013974,normal
A013975,normal
A013976,normal
A013977,hard_negative
A013978,normal
A013979,normal
A013980,hard_negative
A013981,normal
A013982,normal
A013983,normal
A013984,normal
A013985,normal
A013986,normal
A013987,normal
A013988,normal
A013989,hard_negative
A013990,normal
A013991,hard_negative
A013992,normal
A013993,normal
A013994,normal
A013995,normal
A013996,hard_negative
A013997,normal
A013998,normal
A013999,normal
A014000,normal
A014001,normal
A014002,normal
A014003,normal
A014004,hard_negative
A014005,normal
A014006,normal
A014007,normal
A014008,normal
A014009,hard_negative
A014010,normal
A014011,normal
A014012,hard_negative
A014013,normal
A014014,normal
A014015,ring
A014016,normal
A014017,normal
A014018,normal
A014019,normal
A014020,normal
A014021,hard_negative
A014022,normal
A014023,normal
A014024,ring
A014025,hard_negative
A014026,normal
A014027,normal
A014028,normal
A014029,normal
A014030,normal
A014031,ring
A014032,normal
A014033,normal
A014034,normal
A014035,normal
A014036,normal
A014037,normal
A014038,normal
A014039,hard_negative
A014040,normal
A014041,normal
A014042,normal
A014043,normal
A014044,normal
A014045,hard_negative
A014046,normal
A014047,hard_negative
A014048,normal
A014049,normal
A014050,normal
A014051,normal
A014052,normal
A014053,normal
A014054,normal
A014055,normal
A014056,normal
A014057,normal
A014058,normal
A014059,normal
A014060,hard_negative
A014061,normal
A014062,normal
A014063,normal
A014064,normal
A014065,hard_negative
A014066,normal
A014067,normal
A014068,normal
A014069,normal
A014070,normal
A014071,normal
A014072,normal
A014073,normal
A014074,normal
A014075,normal
A014076,normal
A014077,normal
A014078,normal
A014079,normal
A014080,hard_negative
A014081,normal
A014082,normal
A014083,normal
A014084,normal
A014085,normal
A014086,normal
A014087,normal
A014088,normal
A014089,normal
A014090,normal
A014091,normal
A014092,normal
A014093,normal
A014094,normal
A014095,normal
A014096,normal
A014097,normal
A014098,normal
A014099,hard_negative
A014100,normal
A014101,normal
A014102,normal
A014103,ring
A014104,hard_negative
A014105,normal
A014106,normal
A014107,normal
A014108,hard_negative
A014109,normal
A014110,normal
A014111,normal
A014112,normal
A014113,normal
A014114,hard_negative
A014115,normal
A014116,hard_negative
A014117,normal
A014118,normal
A014119,normal
A014120,hard_negative
A014121,normal
A014122,normal
A014123,hard_negative
A014124,normal
A014125,normal
A014126,hard_negative
A014127,normal
A014128,normal
A014129,normal
A014130,normal
A014131,ring
A014132,normal
A014133,hard_negative
A014134,normal
A014135,normal
A014136,normal
A014137,normal
A014138,normal
A014139,normal
A014140,normal
A014141,ring
A014142,normal
A014143,normal
A014144,hard_negative
A014145,normal
A014146,normal
A014147,hard_negative
A014148,normal
A014149,normal
A014150,normal
A014151,normal
A014152,normal
A014153,normal
A014154,hard_negative
A014155,hard_negative
A014156,normal
A014157,normal
A014158,normal
A014159,normal
A014160,normal
A014161,normal
A014162,normal
A014163,normal
A014164,hard_negative
A014165,hard_negative
A014166,ring
A014167,normal
A014168,ring
A014169,normal
A014170,normal
A014171,normal
A014172,normal
A014173,normal
A014174,normal
A014175,hard_negative
A014176,normal
A014177,normal
A014178,normal
A014179,normal
A014180,normal
A014181,hard_negative
A014182,normal
A014183,normal
A014184,normal
A014185,normal
A014186,normal
A014187,normal
A014188,normal
A014189,normal
A014190,normal
A014191,normal
A014192,normal
A014193,normal
A014194,normal
A014195,normal
A014196,normal
A014197,normal
A014198,normal
A014199,normal
A014200,normal
A014201,normal
A014202,normal
A014203,normal
A014204,hard_negative
A014205,normal
A014206,normal
A014207,ring
A014208,ring
A014209,normal
A014210,normal
A014211,normal
A014212,hard_negative
A014213,normal
A014214,hard_negative
A014215,normal
A014216,normal
A014217,normal
A014218,normal
A014219,normal
A014220,normal
A014221,hard_negative
A014222,normal
A014223,normal
A014224,normal
A014225,normal
A014226,normal
A014227,normal
A014228,normal
A014229,ring
A014230,normal
A014231,normal
A014232,hard_negative
A014233,normal
A014234,normal
A014235,normal
A014236,ring
A014237,normal
A014238,normal
A014239,normal
A014240,normal
A014241,normal
A014242,normal
A014243,normal
A014244,hard_negative
A014245,normal
A014246,normal
A014247,hard_negative
A014248,normal
A014249,hard_negative
A014250,normal
A014251,normal
A014252,normal
A014253,normal
A014254,normal
A014255,hard_negative
A014256,normal
A014257,normal
A014258,hard_negative
A014259,normal
A014260,normal
A014261,normal
A014262,hard_negative
A014263,normal
A014264,ring
A014265,normal
A014266,normal
A014267,normal
A014268,normal
A014269,hard_negative
A014270,normal
A014271,ring
A014272,normal
A014273,normal
A014274,normal
A014275,hard_negative
A014276,hard_negative
A014277,normal
A014278,normal
A014279,normal
A014280,normal
A014281,normal
A014282,normal
A014283,normal
A014284,normal
A014285,normal
A014286,normal
A014287,normal
A014288,normal
A014289,normal
A014290,normal
A014291,normal
A014292,hard_negative
A014293,normal
A014294,normal
A014295,normal
A014296,normal
A014297,hard_negative
A014298,normal
A014299,hard_negative
A014300,normal
A014301,normal
A014302,normal
A014303,hard_negative
A014304,ring
A014305,normal
A014306,ring
A014307,normal
A014308,normal
A014309,normal
A014310,normal
A014311,normal
A014312,hard_negative
A014313,normal
A014314,normal
A014315,hard_negative
A014316,normal
A014317,hard_negative
A014318,normal
A014319,normal
A014320,ring
A014321,normal
A014322,normal
A014323,normal
A014324,ring
A014325,normal
A014326,normal
A014327,normal
A014328,hard_negative
A014329,normal
A014330,normal
A014331,ring
A014332,hard_negative
A014333,normal
A014334,normal
A014335,hard_negative
A014336,hard_negative
A014337,hard_negative
A014338,normal
A014339,normal
A014340,normal
A014341,normal
A014342,normal
A014343,hard_negative
A014344,normal
A014345,normal
A014346,normal
A014347,normal
A014348,normal
A014349,normal
A014350,hard_negative
A014351,normal
A014352,normal
A014353,normal
A014354,normal
A014355,normal
A014356,ring
A014357,normal
A014358,hard_negative
A014359,normal
A014360,normal
A014361,normal
A014362,normal
A014363,hard_negative
A014364,normal
A014365,normal
A014366,ring
A014367,normal
A014368,normal
A014369,hard_negative
A014370,hard_negative
A014371,normal
A014372,normal
A014373,hard_negative
A014374,normal
A014375,hard_negative
A014376,hard_negative
A014377,normal
A014378,normal
A014379,normal
A014380,hard_negative
A014381,normal
A014382,normal
A014383,ring
A014384,normal
A014385,normal
A014386,hard_negative
A014387,ring
A014388,normal
A014389,normal
A014390,normal
A014391,normal
A014392,normal
A014393,hard_negative
A014394,normal
A014395,normal
A014396,normal
A014397,normal
A014398,normal
A014399,normal
A014400,normal
A014401,hard_negative
A014402,normal
A014403,normal
A014404,hard_negative
A014405,normal
A014406,normal
A014407,normal
A014408,normal
A014409,normal
A014410,normal
A014411,hard_negative
A014412,normal
A014413,normal
A014414,normal
A014415,normal
A014416,normal
A014417,normal
A014418,normal
A014419,normal
A014420,normal
A014421,normal
A014422,normal
A014423,normal
A014424,normal
A014425,normal
A014426,normal
A014427,normal
A014428,normal
A014429,ring
A014430,normal
A014431,normal
A014432,hard_negative
A014433,normal
A014434,ring
A014435,normal
A014436,normal
A014437,normal
A014438,normal
A014439,normal
A014440,normal
A014441,normal
A014442,normal
A014443,normal
A014444,normal
A014445,normal
A014446,normal
A014447,normal
A014448,normal
A014449,hard_negative
A014450,normal
A014451,normal
A014452,hard_negative
A014453,hard_negative
A014454,normal
A014455,normal
A014456,normal
A014457,normal
A014458,normal
A014459,normal
A014460,normal
A014461,normal
A014462,hard_negative
A014463,normal
A014464,normal
A014465,normal
A014466,normal
A014467,normal
A014468,normal
A014469,normal
A014470,normal
A014471,normal
A014472,hard_negative
A014473,normal
A014474,normal
A014475,normal
A014476,normal
A014477,normal
A014478,normal
A014479,normal
A014480,normal
A014481,hard_negative
A014482,normal
A014483,normal
A014484,hard_negative
A014485,normal
A014486,hard_negative
A014487,normal
A014488,normal
A014489,normal
A014490,normal
A014491,normal
A014492,normal
A014493,hard_negative
A014494,normal
A014495,normal
A014496,normal
A014497,normal
A014498,hard_negative
A014499,normal
A014500,hard_negative
A014501,normal
A014502,normal
A014503,normal
A014504,normal
A014505,normal
A014506,normal
A014507,normal
A014508,normal
A014509,normal
A014510,normal
A014511,normal
A014512,normal
A014513,normal
A014514,hard_negative
A014515,normal
A014516,normal
A014517,normal
A014518,hard_negative
A014519,normal
A014520,ring
A014521,normal
A014522,normal
A014523,normal
A014524,normal
A014525,normal
A014526,normal
A014527,ring
A014528,hard_negative
A014529,normal
A014530,normal
A014531,normal
A014532,normal
A014533,hard_negative
A014534,normal
A014535,normal
A014536,normal
A014537,normal
A014538,ring
A014539,normal
A014540,normal
A014541,normal
A014542,hard_negative
A014543,normal
A014544,normal
A014545,normal
A014546,normal
A014547,normal
A014548,normal
A014549,normal
A014550,normal
A014551,normal
A014552,normal
A014553,normal
A014554,normal
A014555,normal
A014556,normal
A014557,normal
A014558,hard_negative
A014559,normal
A014560,normal
A014561,normal
A014562,normal
A014563,normal
A014564,normal
A014565,normal
A014566,normal
A014567,normal
A014568,normal
A014569,normal
A014570,normal
A014571,hard_negative
A014572,normal
A014573,normal
A014574,normal
A014575,normal
A014576,hard_negative
A014577,normal
A014578,ring
A014579,normal
A014580,normal
A014581,ring
A014582,normal
A014583,normal
A014584,normal
A014585,normal
A014586,normal
A014587,normal
A014588,normal
A014589,normal
A014590,normal
A014591,normal
A014592,normal
A014593,hard_negative
A014594,normal
A014595,hard_negative
A014596,ring
A014597,normal
A014598,normal
A014599,normal
A014600,normal
A014601,hard_negative
A014602,normal
A014603,normal
A014604,normal
A014605,hard_negative
A014606,normal
A014607,normal
A014608,hard_negative
A014609,normal
A014610,normal
A014611,normal
A014612,normal
A014613,hard_negative
A014614,hard_negative
A014615,normal
A014616,normal
A014617,normal
A014618,hard_negative
A014619,normal
A014620,normal
A014621,normal
A014622,normal
A014623,normal
A014624,normal
A014625,normal
A014626,normal
A014627,normal
A014628,normal
A014629,normal
A014630,normal
A014631,normal
A014632,hard_negative
A014633,normal
A014634,normal
A014635,normal
A014636,normal
A014637,normal
A014638,hard_negative
A014639,normal
A014640,normal
A014641,hard_negative
A014642,hard_negative
A014643,normal
A014644,normal
A014645,normal
A014646,normal
A014647,ring
A014648,normal
A014649,hard_negative
A014650,normal
A014651,hard_negative
A014652,normal
A014653,normal
A014654,normal
A014655,normal
A014656,ring
A014657,normal
A014658,normal
A014659,normal
A014660,hard_negative
A014661,normal
A014662,normal
A014663,normal
A014664,normal
A014665,normal
A014666,ring
A014667,normal
A014668,normal
A014669,normal
A014670,normal
A014671,normal
A014672,normal
A014673,normal
A014674,normal
A014675,normal
A014676,normal
A014677,normal
A014678,normal
A014679,normal
A014680,normal
A014681,normal
A014682,normal
A014683,normal
A014684,normal
A014685,normal
A014686,normal
A014687,normal
A014688,normal
A014689,normal
A014690,normal
A014691,normal
A014692,normal
A014693,normal
A014694,normal
A014695,normal
A014696,ring
A014697,normal
A014698,ring
A014699,normal
A014700,hard_negative
A014701,normal
A014702,normal
A014703,hard_negative
A014704,normal
A014705,normal
A014706,hard_negative
A014707,normal
A014708,normal
A014709,normal
A014710,hard_negative
A014711,hard_negative
A014712,normal
A014713,normal
A014714,normal
A014715,normal
A014716,normal
A014717,normal
A014718,normal
A014719,hard_negative
A014720,hard_negative
A014721,normal
A014722,normal
A014723,normal
A014724,hard_negative
A014725,normal
A014726,normal
A014727,normal
A014728,normal
A014729,normal
A014730,ring
A014731,ring
A014732,ring
A014733,normal
A014734,normal
A014735,normal
A014736,hard_negative
A014737,normal
A014738,normal
A014739,normal
A014740,normal
A014741,normal
A014742,hard_negative
A014743,normal
A014744,normal
A014745,hard_negative
A014746,normal
A014747,normal
A014748,normal
A014749,normal
A014750,normal
A014751,normal
A014752,normal
A014753,normal
A014754,normal
A014755,ring
A014756,normal
A014757,hard_negative
A014758,normal
A014759,normal
A014760,normal
A014761,normal
A014762,hard_negative
A014763,normal
A014764,normal
A014765,normal
A014766,normal
A014767,hard_negative
A014768,normal
A014769,normal
A014770,normal
A014771,normal
A014772,hard_negative
A014773,normal
A014774,normal
A014775,normal
A014776,hard_negative
A014777,hard_negative
A014778,normal
A014779,normal
A014780,normal
A014781,normal
A014782,normal
A014783,hard_negative
A014784,normal
A014785,normal
A014786,normal
A014787,normal
A014788,normal
A014789,normal
A014790,normal
A014791,hard_negative
A014792,normal
A014793,normal
A014794,normal
A014795,normal
A014796,normal
A014797,normal
A014798,normal
A014799,hard_negative
A014800,hard_negative
A014801,normal
A014802,hard_negative
A014803,hard_negative
A014804,normal
A014805,hard_negative
A014806,normal
A014807,hard_negative
A014808,hard_negative
A014809,hard_negative
A014810,hard_negative
A014811,normal
A014812,normal
A014813,normal
A014814,normal
A014815,normal
A014816,hard_negative
A014817,normal
A014818,normal
A014819,normal
A014820,normal
A014821,normal
A014822,normal
A014823,normal
A014824,normal
A014825,normal
A014826,normal
A014827,normal
A014828,normal
A014829,normal
A014830,normal
A014831,normal
A014832,normal
A014833,normal
A014834,normal
A014835,normal
A014836,normal
A014837,hard_negative
A014838,hard_negative
A014839,normal
A014840,normal
A014841,normal
A014842,normal
A014843,normal
A014844,normal
A014845,normal
A014846,normal
A014847,normal
A014848,normal
A014849,normal
A014850,normal
A014851,normal
A014852,normal
A014853,normal
A014854,normal
A014855,normal
A014856,normal
A014857,normal
A014858,hard_negative
A014859,normal
A014860,normal
A014861,normal
A014862,normal
A014863,normal
A014864,normal
A014865,normal
A014866,normal
A014867,hard_negative
A014868,normal
A014869,hard_negative
A014870,normal
A014871,normal
A014872,normal
A014873,normal
A014874,normal
A014875,normal
A014876,ring
A014877,normal
A014878,hard_negative
A014879,hard_negative
A014880,normal
A014881,ring
A014882,ring
A014883,normal
A014884,normal
A014885,normal
A014886,normal
A014887,normal
A014888,normal
A014889,normal
A014890,normal
A014891,normal
A014892,normal
A014893,normal
A014894,normal
A014895,normal
A014896,normal
A014897,normal
A014898,normal
A014899,normal
A014900,normal
A014901,hard_negative
A014902,normal
A014903,normal
A014904,hard_negative
A014905,normal
A014906,normal
A014907,normal
A014908,normal
A014909,normal
A014910,normal
A014911,normal
A014912,hard_negative
A014913,normal
A014914,normal
A014915,normal
A014916,normal
A014917,normal
A014918,normal
A014919,hard_negative
A014920,ring
A014921,hard_negative
A014922,hard_negative
A014923,hard_negative
A014924,normal
A014925,normal
A014926,normal
A014927,normal
A014928,normal
A014929,normal
A014930,normal
A014931,normal
A014932,normal
A014933,hard_negative
A014934,normal
A014935,hard_negative
A014936,normal
A014937,normal
A014938,normal
A014939,hard_negative
A014940,normal
A014941,normal
A014942,normal
A014943,normal
A014944,normal
A014945,normal
A014946,normal
A014947,normal
A014948,normal
A014949,hard_negative
A014950,normal
A014951,normal
A014952,normal
A014953,normal
A014954,normal
A014955,normal
A014956,hard_negative
A014957,normal
A014958,normal
A014959,normal
A014960,normal
A014961,normal
A014962,normal
A014963,normal
A014964,normal
A014965,normal
A014966,normal
A014967,ring
A014968,normal
A014969,ring
A014970,normal
A014971,normal
A014972,normal
A014973,normal
A014974,normal
A014975,normal
A014976,normal
A014977,normal
A014978,normal
A014979,normal
A014980,normal
A014981,normal
A014982,normal
A014983,normal
A014984,normal
A014985,normal
A014986,ring
A014987,hard_negative
A014988,normal
A014989,normal
A014990,normal
A014991,normal
A014992,normal
A014993,hard_negative
A014994,normal
A014995,normal
A014996,normal
A014997,hard_negative
A014998,normal
A014999,normal
A015000,hard_negative
A015001,normal
A015002,normal
A015003,normal
A015004,hard_negative
A015005,normal
A015006,hard_negative
A015007,normal
A015008,normal
A015009,normal
A015010,normal
A015011,normal
A015012,normal
A015013,hard_negative
A015014,normal
A015015,normal
A015016,normal
A015017,normal
A015018,normal
A015019,normal
A015020,hard_negative
A015021,normal
A015022,normal
A015023,normal
A015024,normal
A015025,normal
A015026,normal
A015027,normal
A015028,hard_negative
A015029,normal
A015030,hard_negative
A015031,normal
A015032,hard_negative
A015033,normal
A015034,hard_negative
A015035,normal
A015036,normal
A015037,normal
A015038,normal
A015039,normal
A015040,normal
A015041,normal
A015042,normal
A015043,hard_negative
A015044,normal
A015045,normal
A015046,normal
A015047,normal
A015048,normal
A015049,normal
A015050,normal
A015051,hard_negative
A015052,hard_negative
A015053,normal
A015054,normal
A015055,hard_negative
A015056,hard_negative
A015057,normal
A015058,normal
A015059,normal
A015060,normal
A015061,normal
A015062,ring
A015063,hard_negative
A015064,normal
A015065,hard_negative
A015066,normal
A015067,normal
A015068,normal
A015069,ring
A015070,normal
A015071,normal
A015072,normal
A015073,normal
A015074,normal
A015075,normal
A015076,normal
A015077,ring
A015078,hard_negative
A015079,normal
A015080,hard_negative
A015081,hard_negative
A015082,normal
A015083,normal
A015084,normal
A015085,normal
A015086,hard_negative
A015087,normal
A015088,normal
A015089,normal
A015090,normal
A015091,hard_negative
A015092,normal
A015093,normal
A015094,hard_negative
A015095,normal
A015096,normal
A015097,ring
A015098,normal
A015099,normal
A015100,normal
A015101,normal
A015102,normal
A015103,hard_negative
A015104,normal
A015105,normal
A015106,normal
A015107,normal
A015108,ring
A015109,hard_negative
A015110,hard_negative
A015111,hard_negative
A015112,normal
A015113,normal
A015114,normal
A015115,normal
A015116,normal
A015117,hard_negative
A015118,normal
A015119,normal
A015120,normal
A015121,normal
A015122,hard_negative
A015123,normal
A015124,hard_negative
A015125,normal
A015126,hard_negative
A015127,hard_negative
A015128,normal
A015129,normal
A015130,normal
A015131,normal
A015132,normal
A015133,normal
A015134,hard_negative
A015135,normal
A015136,normal
A015137,ring
A015138,normal
A015139,hard_negative
A015140,normal
A015141,normal
A015142,normal
A015143,normal
A015144,normal
A015145,normal
A015146,ring
A015147,normal
A015148,hard_negative
A015149,normal
A015150,normal
A015151,ring
A015152,normal
A015153,normal
A015154,normal
A015155,ring
A015156,hard_negative
A015157,normal
A015158,normal
A015159,normal
A015160,normal
A015161,normal
A015162,normal
A015163,normal
A015164,normal
A015165,hard_negative
A015166,normal
A015167,normal
A015168,hard_negative
A015169,normal
A015170,normal
A015171,normal
A015172,normal
A015173,normal
A015174,normal
A015175,hard_negative
A015176,normal
A015177,normal
A015178,normal
A015179,hard_negative
A015180,normal
A015181,normal
A015182,normal
A015183,normal
A015184,normal
A015185,normal
A015186,normal
A015187,normal
A015188,normal
A015189,hard_negative
A015190,normal
A015191,normal
A015192,normal
A015193,normal
A015194,normal
A015195,normal
A015196,hard_negative
A015197,normal
A015198,normal
A015199,normal
A015200,hard_negative
A015201,normal
A015202,normal
A015203,normal
A015204,normal
A015205,normal
A015206,normal
A015207,normal
A015208,normal
A015209,normal
A015210,ring
A015211,normal
A015212,normal
A015213,normal
A015214,hard_negative
A015215,ring
A015216,normal
A015217,normal
A015218,normal
A015219,normal
A015220,normal
A015221,normal
A015222,normal
A015223,normal
A015224,normal
A015225,hard_negative
A015226,normal
A015227,normal
A015228,normal
A015229,hard_negative
A015230,normal
A015231,normal
A015232,normal
A015233,normal
A015234,normal
A015235,normal
A015236,normal
A015237,hard_negative
A015238,normal
A015239,normal
A015240,normal
A015241,normal
A015242,normal
A015243,normal
A015244,normal
A015245,normal
A015246,normal
A015247,ring
A015248,normal
A015249,normal
A015250,ring
A015251,normal
A015252,normal
A015253,normal
A015254,normal
A015255,hard_negative
A015256,ring
A015257,normal
A015258,normal
A015259,hard_negative
A015260,normal
A015261,hard_negative
A015262,normal
A015263,normal
A015264,normal
A015265,normal
A015266,hard_negative
A015267,normal
A015268,normal
A015269,normal
A015270,normal
A015271,normal
A015272,normal
A015273,normal
A015274,ring
A015275,ring
A015276,normal
A015277,normal
A015278,normal
A015279,normal
A015280,normal
A015281,normal
A015282,normal
A015283,normal
A015284,normal
A015285,normal
A015286,ring
A015287,hard_negative
A015288,normal
A015289,normal
A015290,normal
A015291,normal
A015292,normal
A015293,normal
A015294,hard_negative
A015295,normal
A015296,normal
A015297,normal
A015298,hard_negative
A015299,normal
A015300,normal
A015301,hard_negative
A015302,normal
A015303,normal
A015304,normal
A015305,normal
A015306,normal
A015307,normal
A015308,normal
A015309,normal
A015310,hard_negative
A015311,hard_negative
A015312,normal
A015313,normal
A015314,normal
A015315,normal
A015316,normal
A015317,normal
A015318,normal
A015319,normal
A015320,normal
A015321,normal
A015322,normal
A015323,normal
A015324,normal
A015325,normal
A015326,normal
A015327,normal
A015328,normal
A015329,normal
A015330,normal
A015331,normal
A015332,normal
A015333,normal
A015334,normal
A015335,normal
A015336,hard_negative
A015337,normal
A015338,normal
A015339,normal
A015340,normal
A015341,normal
A015342,hard_negative
A015343,normal
A015344,normal
A015345,normal
A015346,normal
A015347,hard_negative
A015348,ring
A015349,normal
A015350,normal
A015351,normal
A015352,normal
A015353,normal
A015354,normal
A015355,normal
A015356,hard_negative
A015357,normal
A015358,normal
A015359,normal
A015360,normal
A015361,normal
A015362,normal
A015363,normal
A015364,normal
A015365,normal
A015366,normal
A015367,normal
A015368,normal
A015369,normal
A015370,normal
A015371,normal
A015372,hard_negative
A015373,normal
A015374,normal
A015375,normal
A015376,normal
A015377,normal
A015378,normal
A015379,hard_negative
A015380,normal
A015381,normal
A015382,normal
A015383,hard_negative
A015384,hard_negative
A015385,normal
A015386,normal
A015387,hard_negative
A015388,normal
A015389,hard_negative
A015390,normal
A015391,normal
A015392,normal
A015393,normal
A015394,ring
A015395,normal
A015396,normal
A015397,normal
A015398,ring
A015399,normal
A015400,normal
A015401,normal
A015402,normal
A015403,normal
A015404,normal
A015405,hard_negative
A015406,hard_negative
A015407,normal
A015408,hard_negative
A015409,normal
A015410,normal
A015411,hard_negative
A015412,normal
A015413,ring
A015414,hard_negative
A015415,normal
A015416,normal
A015417,hard_negative
A015418,normal
A015419,normal
A015420,hard_negative
A015421,normal
A015422,ring
A015423,normal
A015424,normal
A015425,normal
A015426,hard_negative
A015427,normal
A015428,normal
A015429,normal
A015430,hard_negative
A015431,normal
A015432,normal
A015433,normal
A015434,normal
A015435,hard_negative
A015436,normal
A015437,normal
A015438,normal
A015439,normal
A015440,ring
A015441,hard_negative
A015442,normal
A015443,hard_negative
A015444,normal
A015445,normal
A015446,hard_negative
A015447,hard_negative
A015448,normal
A015449,normal
A015450,normal
A015451,normal
A015452,normal
A015453,normal
A015454,normal
A015455,hard_negative
A015456,normal
A015457,normal
A015458,hard_negative
A015459,normal
A015460,normal
A015461,normal
A015462,normal
A015463,normal
A015464,ring
A015465,normal
A015466,normal
A015467,normal
A015468,normal
A015469,normal
A015470,normal
A015471,normal
A015472,normal
A015473,normal
A015474,normal
A015475,normal
A015476,hard_negative
A015477,normal
A015478,normal
A015479,normal
A015480,normal
A015481,normal
A015482,normal
A015483,normal
A015484,normal
A015485,hard_negative
A015486,normal
A015487,normal
A015488,normal
A015489,normal
A015490,hard_negative
A015491,normal
A015492,normal
A015493,normal
A015494,hard_negative
A015495,normal
A015496,hard_negative
A015497,hard_negative
A015498,normal
A015499,normal
A015500,normal
A015501,ring
A015502,hard_negative
A015503,normal
A015504,normal
A015505,normal
A015506,normal
A015507,normal
A015508,normal
A015509,normal
A015510,normal
A015511,ring
A015512,normal
A015513,normal
A015514,normal
A015515,hard_negative
A015516,hard_negative
A015517,normal
A015518,hard_negative
A015519,normal
A015520,normal
A015521,normal
A015522,normal
A015523,normal
A015524,normal
A015525,normal
A015526,normal
A015527,normal
A015528,normal
A015529,normal
A015530,normal
A015531,normal
A015532,normal
A015533,normal
A015534,normal
A015535,normal
A015536,normal
A015537,normal
A015538,normal
A015539,normal
A015540,normal
A015541,hard_negative
A015542,normal
A015543,normal
A015544,normal
A015545,hard_negative
A015546,normal
A015547,normal
A015548,normal
A015549,normal
A015550,normal
A015551,normal
A015552,normal
A015553,normal
A015554,hard_negative
A015555,normal
A015556,hard_negative
A015557,normal
A015558,normal
A015559,normal
A015560,normal
A015561,normal
A015562,normal
A015563,normal
A015564,normal
A015565,hard_negative
A015566,normal
A015567,hard_negative
A015568,normal
A015569,normal
A015570,normal
A015571,normal
A015572,normal
A015573,normal
A015574,normal
A015575,normal
A015576,ring
A015577,normal
A015578,normal
A015579,normal
A015580,normal
A015581,normal
A015582,ring
A015583,normal
A015584,normal
A015585,hard_negative
A015586,normal
A015587,hard_negative
A015588,hard_negative
A015589,normal
A015590,normal
A015591,normal
A015592,normal
A015593,normal
A015594,normal
A015595,normal
A015596,normal
A015597,normal
A015598,normal
A015599,ring
A015600,normal
A015601,normal
A015602,normal
A015603,normal
A015604,normal
A015605,hard_negative
A015606,normal
A015607,hard_negative
A015608,normal
A015609,normal
A015610,hard_negative
A015611,normal
A015612,normal
A015613,hard_negative
A015614,ring
A015615,normal
A015616,normal
A015617,normal
A015618,normal
A015619,hard_negative
A015620,normal
A015621,normal
A015622,normal
A015623,normal
A015624,normal
A015625,normal
A015626,normal
A015627,normal
A015628,normal
A015629,normal
A015630,normal
A015631,normal
A015632,ring
A015633,normal
A015634,normal
A015635,normal
A015636,normal
A015637,hard_negative
A015638,normal
A015639,normal
A015640,normal
A015641,normal
A015642,normal
A015643,normal
A015644,hard_negative
A015645,normal
A015646,normal
A015647,normal
A015648,normal
A015649,normal
A015650,normal
A015651,normal
A015652,normal
A015653,normal
A015654,normal
A015655,normal
A015656,normal
A015657,normal
A015658,normal
A015659,hard_negative
A015660,normal
A015661,normal
A015662,normal
A015663,hard_negative
A015664,normal
A015665,normal
A015666,normal
A015667,normal
A015668,normal
A015669,normal
A015670,normal
A015671,hard_negative
A015672,normal
A015673,normal
A015674,normal
A015675,normal
A015676,hard_negative
A015677,normal
A015678,ring
A015679,normal
A015680,normal
A015681,normal
A015682,normal
A015683,normal
A015684,normal
A015685,normal
A015686,normal
A015687,normal
A015688,normal
A015689,normal
A015690,normal
A015691,normal
A015692,normal
A015693,normal
A015694,normal
A015695,normal
A015696,normal
A015697,hard_negative
A015698,normal
A015699,normal
A015700,normal
A015701,normal
A015702,normal
A015703,normal
A015704,normal
A015705,normal
A015706,normal
A015707,normal
A015708,hard_negative
A015709,normal
A015710,normal
A015711,normal
A015712,hard_negative
A015713,normal
A015714,normal
A015715,normal
A015716,normal
A015717,normal
A015718,hard_negative
A015719,hard_negative
A015720,ring
A015721,normal
A015722,ring
A015723,normal
A015724,normal
A015725,normal
A015726,normal
A015727,hard_negative
A015728,normal
A015729,normal
A015730,normal
A015731,normal
A015732,normal
A015733,normal
A015734,normal
A015735,normal
A015736,normal
A015737,normal
A015738,normal
A015739,normal
A015740,normal
A015741,normal
A015742,normal
A015743,normal
A015744,normal
A015745,normal
A015746,normal
A015747,normal
A015748,hard_negative
A015749,normal
A015750,hard_negative
A015751,normal
A015752,normal
A015753,normal
A015754,normal
A015755,normal
A015756,normal
A015757,normal
A015758,normal
A015759,normal
A015760,normal
A015761,normal
A015762,normal
A015763,normal
A015764,normal
A015765,normal
A015766,normal
A015767,hard_negative
A015768,normal
A015769,normal
A015770,normal
A015771,normal
A015772,normal
A015773,normal
A015774,normal
A015775,normal
A015776,normal
A015777,normal
A015778,normal
A015779,normal
A015780,normal
A015781,normal
A015782,normal
A015783,normal
A015784,normal
A015785,hard_negative
A015786,normal
A015787,normal
A015788,normal
A015789,normal
A015790,ring
A015791,normal
A015792,normal
A015793,normal
A015794,hard_negative
A015795,normal
A015796,normal
A015797,normal
A015798,normal
A015799,normal
A015800,normal
A015801,normal
A015802,hard_negative
A015803,ring
A015804,ring
A015805,normal
A015806,normal
A015807,normal
A015808,normal
A015809,normal
A015810,normal
A015811,normal
A015812,normal
A015813,normal
A015814,normal
A015815,normal
A015816,hard_negative
A015817,hard_negative
A015818,normal
A015819,hard_negative
A015820,normal
A015821,ring
A015822,hard_negative
A015823,normal
A015824,normal
A015825,normal
A015826,normal
A015827,normal
A015828,hard_negative
A015829,normal
A015830,hard_negative
A015831,normal
A015832,normal
A015833,normal
A015834,hard_negative
A015835,normal
A015836,normal
A015837,normal
A015838,hard_negative
A015839,normal
A015840,normal
A015841,normal
A015842,normal
A015843,normal
A015844,normal
A015845,normal
A015846,normal
A015847,normal
A015848,normal
A015849,hard_negative
A015850,normal
A015851,hard_negative
A015852,normal
A015853,normal
A015854,normal
A015855,normal
A015856,normal
A015857,normal
A015858,normal
A015859,normal
A015860,normal
A015861,normal
A015862,normal
A015863,normal
A015864,normal
A015865,hard_negative
A015866,normal
A015867,normal
A015868,normal
A015869,normal
A015870,hard_negative
A015871,normal
A015872,normal
A015873,normal
A015874,normal
A015875,normal
A015876,normal
A015877,normal
A015878,hard_negative
A015879,normal
A015880,normal
A015881,normal
A015882,normal
A015883,normal
A015884,hard_negative
A015885,ring
A015886,normal
A015887,normal
A015888,normal
A015889,hard_negative
A015890,hard_negative
A015891,normal
A015892,hard_negative
A015893,normal
A015894,normal
A015895,normal
A015896,normal
A015897,normal
A015898,normal
A015899,normal
A015900,normal
A015901,normal
A015902,ring
A015903,normal
A015904,hard_negative
A015905,normal
A015906,normal
A015907,hard_negative
A015908,normal
A015909,normal
A015910,hard_negative
A015911,normal
A015912,hard_negative
A015913,normal
A015914,normal
A015915,normal
A015916,normal
A015917,normal
A015918,hard_negative
A015919,normal
A015920,normal
A015921,normal
A015922,normal
A015923,hard_negative
A015924,normal
A015925,normal
A015926,normal
A015927,normal
A015928,normal
A015929,normal
A015930,hard_negative
A015931,normal
A015932,normal
A015933,normal
A015934,hard_negative
A015935,normal
A015936,normal
A015937,normal
A015938,normal
A015939,normal
A015940,normal
A015941,normal
A015942,normal
A015943,normal
A015944,normal
A015945,ring
A015946,normal
A015947,normal
A015948,hard_negative
A015949,normal
A015950,normal
A015951,normal
A015952,normal
A015953,hard_negative
A015954,normal
A015955,normal
A015956,normal
A015957,normal
A015958,normal
A015959,normal
A015960,normal
A015961,normal
A015962,normal
A015963,normal
A015964,normal
A015965,normal
A015966,normal
A015967,normal
A015968,normal
A015969,normal
A015970,normal
A015971,normal
A015972,normal
A015973,normal
A015974,normal
A015975,normal
A015976,normal
A015977,normal
A015978,normal
A015979,normal
A015980,normal
A015981,normal
A015982,normal
A015983,ring
A015984,normal
A015985,normal
A015986,normal
A015987,normal
A015988,normal
A015989,normal
A015990,normal
A015991,normal
A015992,normal
A015993,hard_negative
A015994,normal
A015995,normal
A015996,hard_negative
A015997,normal
A015998,normal
A015999,hard_negative
A016000,normal
A016001,normal
A016002,normal
A016003,normal
A016004,normal
A016005,hard_negative
A016006,normal
A016007,normal
A016008,normal
A016009,normal
A016010,normal
A016011,normal
A016012,normal
A016013,normal
A016014,normal
A016015,normal
A016016,normal
A016017,ring
A016018,normal
A016019,normal
A016020,normal
A016021,normal
A016022,normal
A016023,normal
A016024,normal
A016025,normal
A016026,normal
A016027,hard_negative
A016028,normal
A016029,normal
A016030,hard_negative
A016031,normal
A016032,normal
A016033,normal
A016034,normal
A016035,normal
A016036,normal
A016037,normal
A016038,normal
A016039,normal
A016040,normal
A016041,normal
A016042,normal
A016043,normal
A016044,normal
A016045,normal
A016046,hard_negative
A016047,normal
A016048,normal
A016049,hard_negative
A016050,normal
A016051,hard_negative
A016052,normal
A016053,normal
A016054,ring
A016055,normal
A016056,normal
A016057,normal
A016058,normal
A016059,normal
A016060,normal
A016061,hard_negative
A016062,normal
A016063,normal
A016064,normal
A016065,normal
A016066,normal
A016067,hard_negative
A016068,normal
A016069,normal
A016070,normal
A016071,normal
A016072,normal
A016073,hard_negative
A016074,normal
A016075,normal
A016076,hard_negative
A016077,ring
A016078,normal
A016079,normal
A016080,normal
A016081,normal
A016082,ring
A016083,normal
A016084,normal
A016085,normal
A016086,hard_negative
A016087,normal
A016088,normal
A016089,normal
A016090,normal
A016091,normal
A016092,normal
A016093,normal
A016094,normal
A016095,normal
A016096,normal
A016097,normal
A016098,normal
A016099,normal
A016100,normal
A016101,normal
A016102,hard_negative
A016103,normal
A016104,normal
A016105,normal
A016106,normal
A016107,hard_negative
A016108,normal
A016109,hard_negative
A016110,normal
A016111,normal
A016112,hard_negative
A016113,normal
A016114,normal
A016115,normal
A016116,normal
A016117,normal
A016118,normal
A016119,normal
A016120,normal
A016121,hard_negative
A016122,normal
A016123,normal
A016124,normal
A016125,normal
A016126,normal
A016127,normal
A016128,normal
A016129,ring
A016130,normal
A016131,normal
A016132,normal
A016133,normal
A016134,normal
A016135,hard_negative
A016136,hard_negative
A016137,hard_negative
A016138,ring
A016139,normal
A016140,normal
A016141,normal
A016142,normal
A016143,normal
A016144,normal
A016145,hard_negative
A016146,normal
A016147,normal
A016148,hard_negative
A016149,normal
A016150,normal
A016151,normal
A016152,normal
A016153,normal
A016154,normal
A016155,normal
A016156,normal
A016157,normal
A016158,normal
A016159,normal
A016160,hard_negative
A016161,normal
A016162,normal
A016163,hard_negative
A016164,normal
A016165,ring
A016166,normal
A016167,normal
A016168,ring
A016169,ring
A016170,normal
A016171,normal
A016172,normal
A016173,normal
A016174,normal
A016175,normal
A016176,normal
A016177,ring
A016178,normal
A016179,normal
A016180,normal
A016181,normal
A016182,hard_negative
A016183,normal
A016184,ring
A016185,normal
A016186,normal
A016187,normal
A016188,normal
A016189,ring
A016190,normal
A016191,hard_negative
A016192,hard_negative
A016193,hard_negative
A016194,normal
A016195,normal
A016196,normal
A016197,normal
A016198,normal
A016199,normal
A016200,normal
A016201,normal
A016202,hard_negative
A016203,normal
A016204,hard_negative
A016205,normal
A016206,normal
A016207,normal
A016208,normal
A016209,normal
A016210,hard_negative
A016211,normal
A016212,normal
A016213,normal
A016214,normal
A016215,normal
A016216,normal
A016217,normal
A016218,normal
A016219,normal
A016220,hard_negative
A016221,normal
A016222,normal
A016223,hard_negative
A016224,normal
A016225,normal
A016226,normal
A016227,hard_negative
A016228,normal
A016229,normal
A016230,normal
A016231,normal
A016232,normal
A016233,normal
A016234,normal
A016235,normal
A016236,hard_negative
A016237,normal
A016238,normal
A016239,hard_negative
A016240,hard_negative
A016241,normal
A016242,normal
A016243,normal
A016244,normal
A016245,normal
A016246,normal
A016247,hard_negative
A016248,hard_negative
A016249,normal
A016250,hard_negative
A016251,normal
A016252,normal
A016253,normal
A016254,normal
A016255,normal
A016256,hard_negative
A016257,normal
A016258,normal
A016259,normal
A016260,hard_negative
A016261,normal
A016262,normal
A016263,normal
A016264,normal
A016265,normal
A016266,normal
A016267,normal
A016268,normal
A016269,normal
A016270,normal
A016271,normal
A016272,normal
A016273,normal
A016274,ring
A016275,normal
A016276,normal
A016277,hard_negative
A016278,normal
A016279,hard_negative
A016280,normal
A016281,normal
A016282,normal
A016283,normal
A016284,normal
A016285,normal
A016286,hard_negative
A016287,hard_negative
A016288,normal
A016289,normal
A016290,normal
A016291,normal
A016292,normal
A016293,normal
A016294,normal
A016295,normal
A016296,hard_negative
A016297,normal
A016298,normal
A016299,normal
A016300,ring
A016301,normal
A016302,normal
A016303,normal
A016304,normal
A016305,normal
A016306,normal
A016307,normal
A016308,normal
A016309,hard_negative
A016310,normal
A016311,normal
A016312,normal
A016313,ring
A016314,normal
A016315,normal
A016316,normal
A016317,hard_negative
A016318,normal
A016319,normal
A016320,normal
A016321,normal
A016322,normal
A016323,normal
A016324,normal
A016325,hard_negative
A016326,normal
A016327,ring
A016328,normal
A016329,normal
A016330,normal
A016331,normal
A016332,ring
A016333,normal
A016334,normal
A016335,hard_negative
A016336,hard_negative
A016337,hard_negative
A016338,ring
A016339,ring
A016340,normal
A016341,normal
A016342,normal
A016343,normal
A016344,hard_negative
A016345,normal
A016346,ring
A016347,normal
A016348,normal
A016349,normal
A016350,normal
A016351,normal
A016352,normal
A016353,normal
A016354,normal
A016355,hard_negative
A016356,normal
A016357,ring
A016358,normal
A016359,normal
A016360,normal
A016361,normal
A016362,normal
A016363,normal
A016364,normal
A016365,normal
A016366,hard_negative
A016367,normal
A016368,normal
A016369,normal
A016370,hard_negative
A016371,normal
A016372,normal
A016373,normal
A016374,normal
A016375,normal
A016376,normal
A016377,hard_negative
A016378,normal
A016379,normal
A016380,hard_negative
A016381,normal
A016382,hard_negative
A016383,hard_negative
A016384,normal
A016385,normal
A016386,hard_negative
A016387,normal
A016388,normal
A016389,normal
A016390,normal
A016391,hard_negative
A016392,normal
A016393,normal
A016394,hard_negative
A016395,normal
A016396,normal
A016397,normal
A016398,hard_negative
A016399,normal
A016400,normal
A016401,normal
A016402,normal
A016403,normal
A016404,normal
A016405,normal
A016406,normal
A016407,normal
A016408,normal
A016409,normal
A016410,normal
A016411,normal
A016412,normal
A016413,hard_negative
A016414,normal
A016415,normal
A016416,normal
A016417,normal
A016418,normal
A016419,normal
A016420,normal
A016421,normal
A016422,hard_negative
A016423,normal
A016424,normal
A016425,normal
A016426,normal
A016427,normal
A016428,normal
A016429,normal
A016430,hard_negative
A016431,normal
A016432,normal
A016433,normal
A016434,normal
A016435,normal
A016436,normal
A016437,normal
A016438,normal
A016439,normal
A016440,normal
A016441,hard_negative
A016442,normal
A016443,normal
A016444,normal
A016445,hard_negative
A016446,normal
A016447,ring
A016448,normal
A016449,ring
A016450,normal
A016451,normal
A016452,normal
A016453,hard_negative
A016454,normal
A016455,hard_negative
A016456,normal
A016457,normal
A016458,normal
A016459,normal
A016460,normal
A016461,normal
A016462,hard_negative
A016463,normal
A016464,normal
A016465,normal
A016466,normal
A016467,normal
A016468,normal
A016469,normal
A016470,normal
A016471,normal
A016472,ring
A016473,normal
A016474,normal
A016475,normal
A016476,hard_negative
A016477,normal
A016478,normal
A016479,normal
A016480,hard_negative
A016481,normal
A016482,normal
A016483,normal
A016484,normal
A016485,normal
A016486,normal
A016487,normal
A016488,normal
A016489,normal
A016490,normal
A016491,normal
A016492,normal
A016493,normal
A016494,normal
A016495,normal
A016496,normal
A016497,normal
A016498,normal
A016499,normal
A016500,normal
A016501,normal
A016502,normal
A016503,normal
A016504,normal
A016505,normal
A016506,normal
A016507,hard_negative
A016508,normal
A016509,normal
A016510,normal
A016511,normal
A016512,hard_negative
A016513,hard_negative
A016514,hard_negative
A016515,normal
A016516,normal
A016517,normal
A016518,normal
A016519,normal
A016520,ring
A016521,normal
A016522,hard_negative
A016523,normal
A016524,normal
A016525,normal
A016526,normal
A016527,normal
A016528,normal
A016529,normal
A016530,normal
A016531,normal
A016532,normal
A016533,normal
A016534,normal
A016535,normal
A016536,normal
A016537,normal
A016538,normal
A016539,normal
A016540,ring
A016541,normal
A016542,ring
A016543,normal
A016544,ring
A016545,normal
A016546,normal
A016547,normal
A016548,normal
A016549,normal
A016550,normal
A016551,normal
A016552,hard_negative
A016553,normal
A016554,normal
A016555,normal
A016556,normal
A016557,normal
A016558,normal
A016559,normal
A016560,normal
A016561,normal
A016562,normal
A016563,normal
A016564,normal
A016565,normal
A016566,normal
A016567,normal
A016568,hard_negative
A016569,normal
A016570,normal
A016571,normal
A016572,normal
A016573,normal
A016574,normal
A016575,normal
A016576,normal
A016577,normal
A016578,normal
A016579,normal
A016580,hard_negative
A016581,hard_negative
A016582,normal
A016583,normal
A016584,normal
A016585,hard_negative
A016586,normal
A016587,normal
A016588,normal
A016589,normal
A016590,normal
A016591,normal
A016592,normal
A016593,normal
A016594,normal
A016595,normal
A016596,normal
A016597,normal
A016598,hard_negative
A016599,hard_negative
A016600,normal
A016601,normal
A016602,normal
A016603,hard_negative
A016604,normal
A016605,ring
A016606,normal
A016607,normal
A016608,normal
A016609,hard_negative
A016610,normal
A016611,normal
A016612,normal
A016613,normal
A016614,normal
A016615,normal
A016616,normal
A016617,normal
A016618,hard_negative
A016619,hard_negative
A016620,normal
A016621,normal
A016622,normal
A016623,normal
A016624,normal
A016625,normal
A016626,normal
A016627,normal
A016628,hard_negative
A016629,hard_negative
A016630,normal
A016631,normal
A016632,normal
A016633,hard_negative
A016634,normal
A016635,hard_negative
A016636,normal
A016637,normal
A016638,normal
A016639,hard_negative
A016640,normal
A016641,normal
A016642,normal
A016643,ring
A016644,normal
A016645,normal
A016646,normal
A016647,normal
A016648,hard_negative
A016649,normal
A016650,normal
A016651,normal
A016652,normal
A016653,hard_negative
A016654,normal
A016655,normal
A016656,hard_negative
A016657,hard_negative
A016658,normal
A016659,normal
A016660,ring
A016661,normal
A016662,normal
A016663,normal
A016664,normal
A016665,normal
A016666,normal
A016667,normal
A016668,normal
A016669,normal
A016670,normal
A016671,hard_negative
A016672,normal
A016673,normal
A016674,normal
A016675,normal
A016676,hard_negative
A016677,normal
A016678,normal
A016679,normal
A016680,normal
A016681,normal
A016682,normal
A016683,normal
A016684,hard_negative
A016685,normal
A016686,normal
A016687,normal
A016688,normal
A016689,normal
A016690,normal
A016691,normal
A016692,normal
A016693,normal
A016694,normal
A016695,hard_negative
A016696,normal
A016697,normal
A016698,normal
A016699,normal
A016700,normal
A016701,normal
A016702,hard_negative
A016703,normal
A016704,normal
A016705,normal
A016706,normal
A016707,normal
A016708,hard_negative
A016709,normal
A016710,hard_negative
A016711,normal
A016712,hard_negative
A016713,normal
A016714,normal
A016715,normal
A016716,normal
A016717,normal
A016718,hard_negative
A016719,normal
A016720,normal
A016721,normal
A016722,normal
A016723,normal
A016724,normal
A016725,normal
A016726,hard_negative
A016727,normal
A016728,normal
A016729,normal
A016730,normal
A016731,normal
A016732,hard_negative
A016733,normal
A016734,normal
A016735,normal
A016736,normal
A016737,normal
A016738,normal
A016739,normal
A016740,normal
A016741,normal
A016742,normal
A016743,normal
A016744,normal
A016745,normal
A016746,normal
A016747,normal
A016748,normal
A016749,normal
A016750,normal
A016751,normal
A016752,normal
A016753,normal
A016754,normal
A016755,hard_negative
A016756,normal
A016757,normal
A016758,normal
A016759,normal
A016760,normal
A016761,normal
A016762,normal
A016763,normal
A016764,hard_negative
A016765,normal
A016766,normal
A016767,hard_negative
A016768,hard_negative
A016769,normal
A016770,normal
A016771,normal
A016772,ring
A016773,ring
A016774,normal
A016775,normal
A016776,hard_negative
A016777,normal
A016778,normal
A016779,normal
A016780,normal
A016781,normal
A016782,normal
A016783,normal
A016784,ring
A016785,normal
A016786,normal
A016787,normal
A016788,normal
A016789,normal
A016790,ring
A016791,normal
A016792,normal
A016793,hard_negative
A016794,normal
A016795,normal
A016796,normal
A016797,normal
A016798,normal
A016799,hard_negative
A016800,hard_negative
A016801,normal
A016802,normal
A016803,normal
A016804,normal
A016805,normal
A016806,ring
A016807,hard_negative
A016808,normal
A016809,normal
A016810,hard_negative
A016811,normal
A016812,normal
A016813,normal
A016814,normal
A016815,hard_negative
A016816,normal
A016817,normal
A016818,ring
A016819,normal
A016820,normal
A016821,normal
A016822,hard_negative
A016823,normal
A016824,normal
A016825,normal
A016826,normal
A016827,normal
A016828,normal
A016829,normal
A016830,normal
A016831,normal
A016832,normal
A016833,normal
A016834,normal
A016835,normal
A016836,normal
A016837,normal
A016838,normal
A016839,normal
A016840,normal
A016841,normal
A016842,normal
A016843,normal
A016844,normal
A016845,normal
A016846,normal
A016847,normal
A016848,normal
A016849,normal
A016850,hard_negative
A016851,normal
A016852,normal
A016853,normal
A016854,normal
A016855,normal
A016856,normal
A016857,normal
A016858,normal
A016859,hard_negative
A016860,normal
A016861,hard_negative
A016862,normal
A016863,normal
A016864,normal
A016865,normal
A016866,normal
A016867,normal
A016868,normal
A016869,normal
A016870,normal
A016871,normal
A016872,normal
A016873,normal
A016874,hard_negative
A016875,ring
A016876,normal
A016877,normal
A016878,normal
A016879,normal
A016880,hard_negative
A016881,hard_negative
A016882,normal
A016883,hard_negative
A016884,normal
A016885,normal
A016886,normal
A016887,normal
A016888,hard_negative
A016889,ring
A016890,normal
A016891,hard_negative
A016892,normal
A016893,normal
A016894,normal
A016895,normal
A016896,normal
A016897,normal
A016898,hard_negative
A016899,normal
A016900,normal
A016901,normal
A016902,hard_negative
A016903,normal
A016904,normal
A016905,normal
A016906,ring
A016907,normal
A016908,normal
A016909,normal
A016910,normal
A016911,hard_negative
A016912,normal
A016913,normal
A016914,ring
A016915,hard_negative
A016916,normal
A016917,normal
A016918,normal
A016919,ring
A016920,normal
A016921,hard_negative
A016922,normal
A016923,ring
A016924,normal
A016925,normal
A016926,hard_negative
A016927,normal
A016928,normal
A016929,normal
A016930,normal
A016931,normal
A016932,normal
A016933,normal
A016934,normal
A016935,hard_negative
A016936,normal
A016937,normal
A016938,normal
A016939,normal
A016940,normal
A016941,hard_negative
A016942,normal
A016943,normal
A016944,normal
A016945,normal
A016946,normal
A016947,normal
A016948,normal
A016949,normal
A016950,normal
A016951,hard_negative
A016952,normal
A016953,hard_negative
A016954,normal
A016955,ring
A016956,hard_negative
A016957,hard_negative
A016958,normal
A016959,normal
A016960,normal
A016961,normal
A016962,normal
A016963,normal
A016964,normal
A016965,ring
A016966,hard_negative
A016967,hard_negative
A016968,normal
A016969,normal
A016970,normal
A016971,normal
A016972,normal
A016973,normal
A016974,normal
A016975,normal
A016976,normal
A016977,normal
A016978,hard_negative
A016979,normal
A016980,ring
A016981,normal
A016982,hard_negative
A016983,normal
A016984,normal
A016985,normal
A016986,normal
A016987,hard_negative
A016988,normal
A016989,normal
A016990,normal
A016991,normal
A016992,normal
A016993,normal
A016994,normal
A016995,normal
A016996,normal
A016997,normal
A016998,hard_negative
A016999,normal
A017000,ring
A017001,ring
A017002,normal
A017003,normal
A017004,normal
A017005,hard_negative
A017006,normal
A017007,hard_negative
A017008,normal
A017009,normal
A017010,normal
A017011,normal
A017012,normal
A017013,normal
A017014,normal
A017015,normal
A017016,normal
A017017,normal
A017018,normal
A017019,normal
A017020,ring
A017021,normal
A017022,normal
A017023,normal
A017024,normal
A017025,normal
A017026,normal
A017027,normal
A017028,normal
A017029,ring
A017030,normal
A017031,normal
A017032,ring
A017033,normal
A017034,normal
A017035,normal
A017036,hard_negative
A017037,normal
A017038,normal
A017039,normal
A017040,normal
A017041,normal
A017042,normal
A017043,normal
A017044,hard_negative
A017045,normal
A017046,normal
A017047,normal
A017048,normal
A017049,normal
A017050,normal
A017051,ring
A017052,normal
A017053,normal
A017054,normal
A017055,normal
A017056,normal
A017057,normal
A017058,hard_negative
A017059,normal
A017060,normal
A017061,normal
A017062,normal
A017063,normal
A017064,normal
A017065,normal
A017066,normal
A017067,hard_negative
A017068,normal
A017069,normal
A017070,normal
A017071,normal
A017072,ring
A017073,normal
A017074,normal
A017075,normal
A017076,normal
A017077,normal
A017078,normal
A017079,ring
A017080,normal
A017081,hard_negative
A017082,normal
A017083,normal
A017084,normal
A017085,ring
A017086,normal
A017087,normal
A017088,normal
A017089,normal
A017090,normal
A017091,hard_negative
A017092,normal
A017093,normal
A017094,ring
A017095,normal
A017096,normal
A017097,normal
A017098,hard_negative
A017099,normal
A017100,hard_negative
A017101,normal
A017102,normal
A017103,normal
A017104,normal
A017105,normal
A017106,normal
A017107,normal
A017108,normal
A017109,ring
A017110,normal
A017111,normal
A017112,normal
A017113,normal
A017114,normal
A017115,normal
A017116,normal
A017117,normal
A017118,normal
A017119,normal
A017120,normal
A017121,hard_negative
A017122,hard_negative
A017123,normal
A017124,normal
A017125,normal
A017126,hard_negative
A017127,hard_negative
A017128,normal
A017129,normal
A017130,normal
A017131,normal
A017132,normal
A017133,normal
A017134,hard_negative
A017135,normal
A017136,normal
A017137,ring
A017138,normal
A017139,normal
A017140,normal
A017141,normal
A017142,normal
A017143,normal
A017144,hard_negative
A017145,normal
A017146,normal
A017147,normal
A017148,normal
A017149,normal
A017150,hard_negative
A017151,normal
A017152,normal
A017153,hard_negative
A017154,normal
A017155,normal
A017156,normal
A017157,normal
A017158,normal
A017159,normal
A017160,normal
A017161,normal
A017162,normal
A017163,ring
A017164,normal
A017165,normal
A017166,normal
A017167,normal
A017168,hard_negative
A017169,normal
A017170,normal
A017171,hard_negative
A017172,normal
A017173,normal
A017174,normal
A017175,normal
A017176,normal
A017177,ring
A017178,normal
A017179,normal
A017180,normal
A017181,normal
A017182,normal
A017183,normal
A017184,normal
A017185,hard_negative
A017186,normal
A017187,hard_negative
A017188,normal
A017189,normal
A017190,normal
A017191,normal
A017192,normal
A017193,normal
A017194,normal
A017195,normal
A017196,normal
A017197,normal
A017198,normal
A017199,normal
A017200,normal
A017201,normal
A017202,normal
A017203,normal
A017204,normal
A017205,normal
A017206,normal
A017207,ring
A017208,hard_negative
A017209,normal
A017210,normal
A017211,hard_negative
A017212,ring
A017213,normal
A017214,normal
A017215,normal
A017216,normal
A017217,normal
A017218,hard_negative
A017219,hard_negative
A017220,normal
A017221,normal
A017222,normal
A017223,normal
A017224,normal
A017225,normal
A017226,normal
A017227,normal
A017228,normal
A017229,normal
A017230,hard_negative
A017231,normal
A017232,normal
A017233,normal
A017234,normal
A017235,normal
A017236,normal
A017237,normal
A017238,normal
A017239,normal
A017240,normal
A017241,normal
A017242,normal
A017243,normal
A017244,normal
A017245,normal
A017246,normal
A017247,hard_negative
A017248,normal
A017249,normal
A017250,hard_negative
A017251,normal
A017252,normal
A017253,normal
A017254,normal
A017255,normal
A017256,hard_negative
A017257,hard_negative
A017258,normal
A017259,normal
A017260,normal
A017261,normal
A017262,normal
A017263,hard_negative
A017264,normal
A017265,normal
A017266,normal
A017267,normal
A017268,normal
A017269,normal
A017270,hard_negative
A017271,normal
A017272,normal
A017273,hard_negative
A017274,hard_negative
A017275,normal
A017276,normal
A017277,normal
A017278,normal
A017279,normal
A017280,normal
A017281,normal
A017282,normal
A017283,normal
A017284,normal
A017285,normal
A017286,normal
A017287,normal
A017288,normal
A017289,normal
A017290,hard_negative
A017291,normal
A017292,normal
A017293,normal
A017294,normal
A017295,normal
A017296,normal
A017297,normal
A017298,hard_negative
A017299,ring
A017300,normal
A017301,normal
A017302,ring
A017303,normal
A017304,normal
A017305,normal
A017306,normal
A017307,normal
A017308,ring
A017309,normal
A017310,normal
A017311,ring
A017312,normal
A017313,normal
A017314,normal
A017315,normal
A017316,normal
A017317,normal
A017318,normal
A017319,normal
A017320,ring
A017321,hard_negative
A017322,normal
A017323,normal
A017324,normal
A017325,normal
A017326,normal
A017327,normal
A017328,normal
A017329,normal
A017330,normal
A017331,normal
A017332,normal
A017333,ring
A017334,normal
A017335,normal
A017336,normal
A017337,normal
A017338,normal
A017339,normal
A017340,hard_negative
A017341,normal
A017342,normal
A017343,normal
A017344,hard_negative
A017345,ring
A017346,normal
A017347,normal
A017348,normal
A017349,ring
A017350,normal
A017351,normal
A017352,hard_negative
A017353,normal
A017354,hard_negative
A017355,normal
A017356,normal
A017357,normal
A017358,normal
A017359,normal
A017360,hard_negative
A017361,normal
A017362,normal
A017363,normal
A017364,normal
A017365,hard_negative
A017366,normal
A017367,normal
A017368,normal
A017369,hard_negative
A017370,normal
A017371,ring
A017372,hard_negative
A017373,normal
A017374,hard_negative
A017375,normal
A017376,normal
A017377,normal
A017378,normal
A017379,normal
A017380,normal
A017381,normal
A017382,normal
A017383,normal
A017384,hard_negative
A017385,normal
A017386,normal
A017387,normal
A017388,normal
A017389,normal
A017390,normal
A017391,normal
A017392,normal
A017393,normal
A017394,normal
A017395,normal
A017396,normal
A017397,normal
A017398,normal
A017399,normal
A017400,ring
A017401,normal
A017402,normal
A017403,normal
A017404,normal
A017405,normal
A017406,hard_negative
A017407,normal
A017408,normal
A017409,ring
A017410,hard_negative
A017411,normal
A017412,normal
A017413,normal
A017414,normal
A017415,normal
A017416,normal
A017417,normal
A017418,normal
A017419,normal
A017420,normal
A017421,normal
A017422,normal
A017423,hard_negative
A017424,normal
A017425,normal
A017426,normal
A017427,normal
A017428,hard_negative
A017429,normal
A017430,normal
A017431,normal
A017432,normal
A017433,ring
A017434,normal
A017435,normal
A017436,normal
A017437,normal
A017438,ring
A017439,normal
A017440,normal
A017441,normal
A017442,normal
A017443,hard_negative
A017444,ring
A017445,ring
A017446,normal
A017447,normal
A017448,hard_negative
A017449,normal
A017450,normal
A017451,normal
A017452,normal
A017453,normal
A017454,normal
A017455,normal
A017456,hard_negative
A017457,normal
A017458,hard_negative
A017459,normal
A017460,normal
A017461,normal
A017462,normal
A017463,normal
A017464,normal
A017465,normal
A017466,hard_negative
A017467,hard_negative
A017468,normal
A017469,hard_negative
A017470,normal
A017471,normal
A017472,normal
A017473,normal
A017474,normal
A017475,hard_negative
A017476,normal
A017477,hard_negative
A017478,hard_negative
A017479,normal
A017480,normal
A017481,normal
A017482,hard_negative
A017483,normal
A017484,normal
A017485,ring
A017486,hard_negative
A017487,normal
A017488,normal
A017489,normal
A017490,normal
A017491,normal
A017492,normal
A017493,normal
A017494,normal
A017495,normal
A017496,hard_negative
A017497,ring
A017498,normal
A017499,normal
A017500,normal
A017501,normal
A017502,normal
A017503,normal
A017504,normal
A017505,normal
A017506,normal
A017507,normal
A017508,normal
A017509,normal
A017510,hard_negative
A017511,normal
A017512,normal
A017513,hard_negative
A017514,normal
A017515,hard_negative
A017516,hard_negative
A017517,normal
A017518,hard_negative
A017519,normal
A017520,hard_negative
A017521,normal
A017522,normal
A017523,normal
A017524,ring
A017525,normal
A017526,normal
A017527,normal
A017528,normal
A017529,normal
A017530,normal
A017531,normal
A017532,normal
A017533,normal
A017534,normal
A017535,normal
A017536,hard_negative
A017537,normal
A017538,normal
A017539,normal
A017540,normal
A017541,normal
A017542,normal
A017543,normal
A017544,normal
A017545,normal
A017546,normal
A017547,hard_negative
A017548,normal
A017549,normal
A017550,normal
A017551,normal
A017552,normal
A017553,hard_negative
A017554,normal
A017555,normal
A017556,ring
A017557,normal
A017558,normal
A017559,normal
A017560,normal
A017561,normal
A017562,normal
A017563,normal
A017564,normal
A017565,hard_negative
A017566,normal
A017567,normal
A017568,normal
A017569,normal
A017570,normal
A017571,normal
A017572,normal
A017573,normal
A017574,normal
A017575,normal
A017576,normal
A017577,ring
A017578,normal
A017579,normal
A017580,normal
A017581,normal
A017582,hard_negative
A017583,normal
A017584,normal
A017585,hard_negative
A017586,hard_negative
A017587,normal
A017588,normal
A017589,normal
A017590,normal
A017591,normal
A017592,normal
A017593,normal
A017594,normal
A017595,normal
A017596,normal
A017597,normal
A017598,normal
A017599,normal
A017600,normal
A017601,normal
A017602,normal
A017603,normal
A017604,normal
A017605,hard_negative
A017606,normal
A017607,normal
A017608,normal
A017609,normal
A017610,normal
A017611,normal
A017612,normal
A017613,normal
A017614,normal
A017615,normal
A017616,normal
A017617,normal
A017618,normal
A017619,hard_negative
A017620,normal
A017621,normal
A017622,ring
A017623,ring
A017624,normal
A017625,hard_negative
A017626,normal
A017627,normal
A017628,normal
A017629,normal
A017630,normal
A017631,normal
A017632,normal
A017633,normal
A017634,normal
A017635,hard_negative
A017636,normal
A017637,normal
A017638,hard_negative
A017639,normal
A017640,normal
A017641,normal
A017642,normal
A017643,normal
A017644,normal
A017645,normal
A017646,normal
A017647,normal
A017648,normal
A017649,normal
A017650,normal
A017651,ring
A017652,normal
A017653,normal
A017654,normal
A017655,normal
A017656,normal
A017657,normal
A017658,normal
A017659,normal
A017660,normal
A017661,normal
A017662,normal
A017663,normal
A017664,hard_negative
A017665,normal
A017666,normal
A017667,ring
A017668,normal
A017669,normal
A017670,normal
A017671,normal
A017672,normal
A017673,normal
A017674,normal
A017675,hard_negative
A017676,hard_negative
A017677,normal
A017678,normal
A017679,normal
A017680,normal
A017681,normal
A017682,normal
A017683,normal
A017684,normal
A017685,normal
A017686,normal
A017687,normal
A017688,normal
A017689,normal
A017690,normal
A017691,normal
A017692,normal
A017693,normal
A017694,normal
A017695,normal
A017696,normal
A017697,normal
A017698,normal
A017699,normal
A017700,normal
A017701,hard_negative
A017702,normal
A017703,normal
A017704,ring
A017705,normal
A017706,normal
A017707,hard_negative
A017708,normal
A017709,normal
A017710,normal
A017711,normal
A017712,normal
A017713,normal
A017714,normal
A017715,normal
A017716,normal
A017717,normal
A017718,ring
A017719,normal
A017720,hard_negative
A017721,normal
A017722,normal
A017723,ring
A017724,normal
A017725,normal
A017726,normal
A017727,normal
A017728,hard_negative
A017729,normal
A017730,normal
A017731,normal
A017732,normal
A017733,normal
A017734,normal
A017735,normal
A017736,normal
A017737,hard_negative
A017738,normal
A017739,normal
A017740,normal
A017741,hard_negative
A017742,normal
A017743,normal
A017744,normal
A017745,normal
A017746,normal
A017747,normal
A017748,normal
A017749,normal
A017750,hard_negative
A017751,normal
A017752,normal
A017753,normal
A017754,hard_negative
A017755,normal
A017756,normal
A017757,normal
A017758,normal
A017759,normal
A017760,normal
A017761,hard_negative
A017762,normal
A017763,hard_negative
A017764,normal
A017765,normal
A017766,hard_negative
A017767,hard_negative
A017768,normal
A017769,normal
A017770,normal
A017771,normal
A017772,normal
A017773,hard_negative
A017774,hard_negative
A017775,normal
A017776,ring
A017777,normal
A017778,normal
A017779,normal
A017780,normal
A017781,normal
A017782,normal
A017783,normal
A017784,normal
A017785,hard_negative
A017786,normal
A017787,normal
A017788,normal
A017789,normal
A017790,normal
A017791,normal
A017792,normal
A017793,normal
A017794,normal
A017795,normal
A017796,normal
A017797,normal
A017798,hard_negative
A017799,hard_negative
A017800,normal
A017801,normal
A017802,normal
A017803,normal
A017804,normal
A017805,normal
A017806,normal
A017807,normal
A017808,normal
A017809,normal
A017810,normal
A017811,normal
A017812,normal
A017813,normal
A017814,normal
A017815,hard_negative
A017816,ring
A017817,normal
A017818,ring
A017819,hard_negative
A017820,normal
A017821,normal
A017822,normal
A017823,normal
A017824,normal
A017825,hard_negative
A017826,hard_negative
A017827,hard_negative
A017828,normal
A017829,normal
A017830,normal
A017831,normal
A017832,normal
A017833,normal
A017834,normal
A017835,normal
A017836,normal
A017837,normal
A017838,normal
A017839,normal
A017840,normal
A017841,hard_negative
A017842,normal
A017843,normal
A017844,normal
A017845,normal
A017846,normal
A017847,normal
A017848,normal
A017849,normal
A017850,normal
A017851,hard_negative
A017852,normal
A017853,normal
A017854,normal
A017855,normal
A017856,normal
A017857,normal
A017858,normal
A017859,normal
A017860,normal
A017861,hard_negative
A017862,hard_negative
A017863,normal
A017864,normal
A017865,hard_negative
A017866,normal
A017867,ring
A017868,normal
A017869,normal
A017870,normal
A017871,hard_negative
A017872,normal
A017873,normal
A017874,hard_negative
A017875,hard_negative
A017876,normal
A017877,normal
A017878,normal
A017879,ring
A017880,normal
A017881,normal
A017882,normal
A017883,normal
A017884,normal
A017885,normal
A017886,normal
A017887,hard_negative
A017888,hard_negative
A017889,normal
A017890,normal
A017891,hard_negative
A017892,normal
A017893,normal
A017894,hard_negative
A017895,normal
A017896,ring
A017897,normal
A017898,normal
A017899,normal
A017900,hard_negative
A017901,normal
A017902,normal
A017903,normal
A017904,normal
A017905,normal
A017906,normal
A017907,normal
A017908,normal
A017909,hard_negative
A017910,normal
A017911,normal
A017912,normal
A017913,hard_negative
A017914,normal
A017915,normal
A017916,normal
A017917,normal
A017918,normal
A017919,hard_negative
A017920,normal
A017921,normal
A017922,hard_negative
A017923,hard_negative
A017924,normal
A017925,hard_negative
A017926,normal
A017927,normal
A017928,normal
A017929,normal
A017930,ring
A017931,normal
A017932,normal
A017933,normal
A017934,hard_negative
A017935,normal
A017936,normal
A017937,normal
A017938,normal
A017939,normal
A017940,normal
A017941,normal
A017942,normal
A017943,normal
A017944,normal
A017945,normal
A017946,hard_negative
A017947,normal
A017948,normal
A017949,normal
A017950,normal
A017951,normal
A017952,normal
A017953,normal
A017954,normal
A017955,ring
A017956,normal
A017957,normal
A017958,ring
A017959,normal
A017960,hard_negative
A017961,normal
A017962,normal
A017963,normal
A017964,normal
A017965,normal
A017966,normal
A017967,normal
A017968,normal
A017969,normal
A017970,normal
A017971,normal
A017972,normal
A017973,normal
A017974,normal
A017975,normal
A017976,normal
A017977,normal
A017978,normal
A017979,normal
A017980,hard_negative
A017981,normal
A017982,hard_negative
A017983,normal
A017984,normal
A017985,normal
A017986,normal
A017987,normal
A017988,hard_negative
A017989,normal
A017990,normal
A017991,hard_negative
A017992,normal
A017993,hard_negative
A017994,normal
A017995,normal
A017996,normal
A017997,normal
A017998,normal
A017999,normal
A018000,normal
A018001,normal
A018002,ring
A018003,normal
A018004,normal
A018005,normal
A018006,normal
A018007,normal
A018008,normal
A018009,normal
A018010,normal
A018011,hard_negative
A018012,normal
A018013,normal
A018014,normal
A018015,normal
A018016,normal
A018017,normal
A018018,normal
A018019,normal
A018020,normal
A018021,normal
A018022,normal
A018023,normal
A018024,normal
A018025,normal
A018026,normal
A018027,normal
A018028,normal
A018029,normal
A018030,ring
A018031,ring
A018032,normal
A018033,normal
A018034,normal
A018035,normal
A018036,normal
A018037,normal
A018038,normal
A018039,normal
A018040,normal
A018041,ring
A018042,normal
A018043,normal
A018044,normal
A018045,normal
A018046,normal
A018047,normal
A018048,normal
A018049,normal
A018050,normal
A018051,normal
A018052,normal
A018053,normal
A018054,hard_negative
A018055,normal
A018056,ring
A018057,hard_negative
A018058,normal
A018059,normal
A018060,hard_negative
A018061,normal
A018062,normal
A018063,hard_negative
A018064,normal
A018065,normal
A018066,normal
A018067,normal
A018068,normal
A018069,hard_negative
A018070,hard_negative
A018071,normal
A018072,normal
A018073,normal
A018074,hard_negative
A018075,hard_negative
A018076,normal
A018077,hard_negative
A018078,normal
A018079,normal
A018080,hard_negative
A018081,normal
A018082,hard_negative
A018083,hard_negative
A018084,normal
A018085,normal
A018086,hard_negative
A018087,normal
A018088,normal
A018089,normal
A018090,normal
A018091,normal
A018092,hard_negative
A018093,normal
A018094,normal
A018095,normal
A018096,normal
A018097,normal
A018098,normal
A018099,ring
A018100,normal
A018101,hard_negative
A018102,normal
A018103,normal
A018104,normal
A018105,normal
A018106,normal
A018107,normal
A018108,normal
A018109,normal
A018110,normal
A018111,normal
A018112,normal
A018113,hard_negative
A018114,normal
A018115,normal
A018116,ring
A018117,normal
A018118,normal
A018119,normal
A018120,normal
A018121,normal
A018122,normal
A018123,normal
A018124,normal
A018125,normal
A018126,normal
A018127,normal
A018128,normal
A018129,normal
A018130,normal
A018131,hard_negative
A018132,ring
A018133,normal
A018134,normal
A018135,normal
A018136,hard_negative
A018137,normal
A018138,normal
A018139,normal
A018140,normal
A018141,normal
A018142,hard_negative
A018143,normal
A018144,normal
A018145,normal
A018146,normal
A018147,normal
A018148,normal
A018149,normal
A018150,normal
A018151,normal
A018152,normal
A018153,normal
A018154,hard_negative
A018155,normal
A018156,normal
A018157,normal
A018158,normal
A018159,normal
A018160,ring
A018161,normal
A018162,normal
A018163,normal
A018164,hard_negative
A018165,normal
A018166,normal
A018167,normal
A018168,normal
A018169,normal
A018170,hard_negative
A018171,normal
A018172,normal
A018173,normal
A018174,normal
A018175,normal
A018176,normal
A018177,normal
A018178,normal
A018179,normal
A018180,hard_negative
A018181,normal
A018182,ring
A018183,normal
A018184,normal
A018185,normal
A018186,ring
A018187,hard_negative
A018188,hard_negative
A018189,normal
A018190,normal
A018191,normal
A018192,normal
A018193,normal
A018194,ring
A018195,normal
A018196,normal
A018197,normal
A018198,hard_negative
A018199,normal
A018200,hard_negative
A018201,normal
A018202,normal
A018203,normal
A018204,normal
A018205,normal
A018206,normal
A018207,hard_negative
A018208,normal
A018209,normal
A018210,normal
A018211,normal
A018212,normal
A018213,normal
A018214,normal
A018215,normal
A018216,hard_negative
A018217,normal
A018218,normal
A018219,ring
A018220,normal
A018221,normal
A018222,hard_negative
A018223,ring
A018224,normal
A018225,normal
A018226,normal
A018227,normal
A018228,normal
A018229,normal
A018230,normal
A018231,hard_negative
A018232,normal
A018233,normal
A018234,hard_negative
A018235,normal
A018236,normal
A018237,hard_negative
A018238,normal
A018239,normal
A018240,normal
A018241,normal
A018242,normal
A018243,hard_negative
A018244,normal
A018245,hard_negative
A018246,normal
A018247,normal
A018248,normal
A018249,hard_negative
A018250,normal
A018251,ring
A018252,normal
A018253,normal
A018254,hard_negative
A018255,normal
A018256,normal
A018257,normal
A018258,normal
A018259,hard_negative
A018260,normal
A018261,normal
A018262,normal
A018263,normal
A018264,normal
A018265,normal
A018266,normal
A018267,normal
A018268,normal
A018269,normal
A018270,normal
A018271,normal
A018272,normal
A018273,normal
A018274,normal
A018275,normal
A018276,normal
A018277,hard_negative
A018278,normal
A018279,hard_negative
A018280,normal
A018281,normal
A018282,normal
A018283,hard_negative
A018284,normal
A018285,normal
A018286,hard_negative
A018287,hard_negative
A018288,normal
A018289,normal
A018290,normal
A018291,normal
A018292,hard_negative
A018293,normal
A018294,normal
A018295,normal
A018296,normal
A018297,normal
A018298,normal
A018299,normal
A018300,normal
A018301,normal
A018302,normal
A018303,normal
A018304,normal
A018305,normal
A018306,normal
A018307,hard_negative
A018308,normal
A018309,normal
A018310,normal
A018311,normal
A018312,normal
A018313,normal
A018314,normal
A018315,normal
A018316,normal
A018317,hard_negative
A018318,normal
A018319,hard_negative
A018320,normal
A018321,normal
A018322,normal
A018323,normal
A018324,normal
A018325,normal
A018326,normal
A018327,normal
A018328,hard_negative
A018329,hard_negative
A018330,normal
A018331,hard_negative
A018332,normal
A018333,hard_negative
A018334,normal
A018335,normal
A018336,normal
A018337,ring
A018338,normal
A018339,normal
A018340,normal
A018341,normal
A018342,normal
A018343,ring
A018344,hard_negative
A018345,normal
A018346,hard_negative
A018347,normal
A018348,normal
A018349,normal
A018350,normal
A018351,normal
A018352,ring
A018353,normal
A018354,normal
A018355,ring
A018356,normal
A018357,normal
A018358,normal
A018359,normal
A018360,normal
A018361,normal
A018362,hard_negative
A018363,normal
A018364,normal
A018365,normal
A018366,normal
A018367,ring
A018368,normal
A018369,normal
A018370,normal
A018371,hard_negative
A018372,normal
A018373,normal
A018374,normal
A018375,normal
A018376,normal
A018377,normal
A018378,normal
A018379,normal
A018380,normal
A018381,normal
A018382,normal
A018383,normal
A018384,normal
A018385,normal
A018386,normal
A018387,normal
A018388,normal
A018389,normal
A018390,normal
A018391,normal
A018392,hard_negative
A018393,normal
A018394,normal
A018395,normal
A018396,normal
A018397,normal
A018398,normal
A018399,ring
A018400,normal
A018401,hard_negative
A018402,normal
A018403,normal
A018404,ring
A018405,hard_negative
A018406,normal
A018407,normal
A018408,normal
A018409,normal
A018410,normal
A018411,normal
A018412,hard_negative
A018413,normal
A018414,normal
A018415,normal
A018416,normal
A018417,normal
A018418,normal
A018419,normal
A018420,normal
A018421,normal
A018422,normal
A018423,normal
A018424,normal
A018425,ring
A018426,normal
A018427,normal
A018428,normal
A018429,normal
A018430,ring
A018431,hard_negative
A018432,normal
A018433,normal
A018434,normal
A018435,ring
A018436,normal
A018437,normal
A018438,normal
A018439,hard_negative
A018440,normal
A018441,normal
A018442,normal
A018443,normal
A018444,normal
A018445,normal
A018446,normal
A018447,normal
A018448,normal
A018449,hard_negative
A018450,normal
A018451,normal
A018452,normal
A018453,normal
A018454,normal
A018455,hard_negative
A018456,hard_negative
A018457,hard_negative
A018458,normal
A018459,hard_negative
A018460,normal
A018461,hard_negative
A018462,normal
A018463,normal
A018464,ring
A018465,normal
A018466,normal
A018467,normal
A018468,normal
A018469,normal
A018470,hard_negative
A018471,normal
A018472,normal
A018473,normal
A018474,normal
A018475,normal
A018476,normal
A018477,hard_negative
A018478,ring
A018479,normal
A018480,hard_negative
A018481,normal
A018482,normal
A018483,normal
A018484,hard_negative
A018485,hard_negative
A018486,normal
A018487,hard_negative
A018488,ring
A018489,normal
A018490,normal
A018491,normal
A018492,hard_negative
A018493,normal
A018494,normal
A018495,normal
A018496,normal
A018497,ring
A018498,normal
A018499,normal
A018500,normal
A018501,normal
A018502,normal
A018503,normal
A018504,normal
A018505,normal
A018506,normal
A018507,normal
A018508,normal
A018509,normal
A018510,normal
A018511,normal
A018512,hard_negative
A018513,normal
A018514,normal
A018515,normal
A018516,normal
A018517,hard_negative
A018518,normal
A018519,normal
A018520,normal
A018521,normal
A018522,normal
A018523,normal
A018524,normal
A018525,normal
A018526,normal
A018527,normal
A018528,normal
A018529,normal
A018530,normal
A018531,hard_negative
A018532,normal
A018533,hard_negative
A018534,normal
A018535,normal
A018536,ring
A018537,normal
A018538,hard_negative
A018539,normal
A018540,normal
A018541,normal
A018542,normal
A018543,normal
A018544,normal
A018545,normal
A018546,normal
A018547,ring
A018548,ring
A018549,normal
A018550,normal
A018551,normal
A018552,normal
A018553,normal
A018554,normal
A018555,hard_negative
A018556,normal
A018557,normal
A018558,normal
A018559,normal
A018560,hard_negative
A018561,normal
A018562,normal
A018563,normal
A018564,normal
A018565,normal
A018566,normal
A018567,hard_negative
A018568,normal
A018569,hard_negative
A018570,normal
A018571,normal
A018572,normal
A018573,normal
A018574,normal
A018575,hard_negative
A018576,normal
A018577,normal
A018578,normal
A018579,normal
A018580,ring
A018581,normal
A018582,ring
A018583,normal
A018584,normal
A018585,normal
A018586,normal
A018587,hard_negative
A018588,normal
A018589,normal
A018590,normal
A018591,ring
A018592,ring
A018593,normal
A018594,normal
A018595,hard_negative
A018596,normal
A018597,normal
A018598,normal
A018599,hard_negative
A018600,normal
A018601,normal
A018602,normal
A018603,normal
A018604,normal
A018605,normal
A018606,normal
A018607,normal
A018608,normal
A018609,normal
A018610,normal
A018611,normal
A018612,normal
A018613,normal
A018614,normal
A018615,hard_negative
A018616,normal
A018617,normal
A018618,normal
A018619,normal
A018620,hard_negative
A018621,hard_negative
A018622,normal
A018623,normal
A018624,normal
A018625,normal
A018626,normal
A018627,normal
A018628,normal
A018629,normal
A018630,normal
A018631,normal
A018632,normal
A018633,hard_negative
A018634,hard_negative
A018635,normal
A018636,normal
A018637,normal
A018638,normal
A018639,hard_negative
A018640,normal
A018641,normal
A018642,normal
A018643,hard_negative
A018644,hard_negative
A018645,normal
A018646,normal
A018647,normal
A018648,normal
A018649,normal
A018650,ring
A018651,ring
A018652,normal
A018653,normal
A018654,ring
A018655,normal
A018656,normal
A018657,normal
A018658,normal
A018659,normal
A018660,ring
A018661,normal
A018662,hard_negative
A018663,normal
A018664,hard_negative
A018665,normal
A018666,hard_negative
A018667,hard_negative
A018668,hard_negative
A018669,normal
A018670,hard_negative
A018671,normal
A018672,normal
A018673,normal
A018674,hard_negative
A018675,normal
A018676,normal
A018677,hard_negative
A018678,normal
A018679,normal
A018680,hard_negative
A018681,normal
A018682,normal
A018683,normal
A018684,normal
A018685,normal
A018686,hard_negative
A018687,normal
A018688,normal
A018689,normal
A018690,normal
A018691,normal
A018692,normal
A018693,hard_negative
A018694,ring
A018695,hard_negative
A018696,normal
A018697,normal
A018698,hard_negative
A018699,normal
A018700,ring
A018701,normal
A018702,normal
A018703,normal
A018704,normal
A018705,hard_negative
A018706,normal
A018707,normal
A018708,normal
A018709,normal
A018710,normal
A018711,normal
A018712,normal
A018713,normal
A018714,hard_negative
A018715,normal
A018716,hard_negative
A018717,hard_negative
A018718,normal
A018719,normal
A018720,normal
A018721,normal
A018722,normal
A018723,normal
A018724,ring
A018725,normal
A018726,normal
A018727,normal
A018728,normal
A018729,hard_negative
A018730,normal
A018731,normal
A018732,normal
A018733,ring
A018734,normal
A018735,normal
A018736,normal
A018737,normal
A018738,normal
A018739,normal
A018740,hard_negative
A018741,normal
A018742,normal
A018743,normal
A018744,normal
A018745,normal
A018746,normal
A018747,normal
A018748,normal
A018749,normal
A018750,hard_negative
A018751,normal
A018752,normal
A018753,normal
A018754,ring
A018755,normal
A018756,normal
A018757,normal
A018758,normal
A018759,hard_negative
A018760,normal
A018761,normal
A018762,normal
A018763,normal
A018764,hard_negative
A018765,normal
A018766,normal
A018767,normal
A018768,ring
A018769,normal
A018770,hard_negative
A018771,normal
A018772,hard_negative
A018773,normal
A018774,normal
A018775,normal
A018776,normal
A018777,hard_negative
A018778,normal
A018779,normal
A018780,normal
A018781,normal
A018782,normal
A018783,normal
A018784,normal
A018785,normal
A018786,normal
A018787,normal
A018788,normal
A018789,normal
A018790,normal
A018791,normal
A018792,ring
A018793,normal
A018794,hard_negative
A018795,normal
A018796,normal
A018797,hard_negative
A018798,normal
A018799,normal
A018800,normal
A018801,normal
A018802,hard_negative
A018803,normal
A018804,normal
A018805,hard_negative
A018806,normal
A018807,normal
A018808,normal
A018809,normal
A018810,normal
A018811,normal
A018812,normal
A018813,hard_negative
A018814,normal
A018815,normal
A018816,hard_negative
A018817,normal
A018818,normal
A018819,normal
A018820,hard_negative
A018821,normal
A018822,normal
A018823,normal
A018824,normal
A018825,ring
A018826,normal
A018827,normal
A018828,normal
A018829,normal
A018830,normal
A018831,ring
A018832,normal
A018833,hard_negative
A018834,normal
A018835,normal
A018836,hard_negative
A018837,ring
A018838,hard_negative
A018839,ring
A018840,normal
A018841,normal
A018842,normal
A018843,hard_negative
A018844,normal
A018845,normal
A018846,normal
A018847,normal
A018848,normal
A018849,normal
A018850,hard_negative
A018851,normal
A018852,normal
A018853,ring
A018854,normal
A018855,normal
A018856,normal
A018857,normal
A018858,normal
A018859,normal
A018860,normal
A018861,normal
A018862,normal
A018863,normal
A018864,hard_negative
A018865,hard_negative
A018866,ring
A018867,normal
A018868,hard_negative
A018869,normal
A018870,normal
A018871,normal
A018872,normal
A018873,normal
A018874,normal
A018875,normal
A018876,normal
A018877,ring
A018878,normal
A018879,normal
A018880,normal
A018881,normal
A018882,normal
A018883,normal
A018884,normal
A018885,normal
A018886,normal
A018887,normal
A018888,ring
A018889,normal
A018890,normal
A018891,normal
A018892,normal
A018893,normal
A018894,normal
A018895,normal
A018896,normal
A018897,hard_negative
A018898,hard_negative
A018899,normal
A018900,normal
A018901,normal
A018902,normal
A018903,normal
A018904,normal
A018905,hard_negative
A018906,hard_negative
A018907,normal
A018908,normal
A018909,normal
A018910,normal
A018911,normal
A018912,hard_negative
A018913,ring
A018914,normal
A018915,normal
A018916,normal
A018917,normal
A018918,normal
A018919,normal
A018920,hard_negative
A018921,hard_negative
A018922,normal
A018923,normal
A018924,normal
A018925,normal
A018926,normal
A018927,normal
A018928,normal
A018929,normal
A018930,normal
A018931,normal
A018932,normal
A018933,normal
A018934,normal
A018935,normal
A018936,normal
A018937,normal
A018938,normal
A018939,normal
A018940,normal
A018941,normal
A018942,normal
A018943,normal
A018944,normal
A018945,normal
A018946,normal
A018947,normal
A018948,normal
A018949,normal
A018950,normal
A018951,normal
A018952,normal
A018953,normal
A018954,normal
A018955,hard_negative
A018956,normal
A018957,normal
A018958,normal
A018959,normal
A018960,ring
A018961,normal
A018962,normal
A018963,normal
A018964,normal
A018965,normal
A018966,normal
A018967,normal
A018968,normal
A018969,normal
A018970,normal
A018971,normal
A018972,normal
A018973,ring
A018974,hard_negative
A018975,ring
A018976,normal
A018977,normal
A018978,normal
A018979,normal
A018980,normal
A018981,normal
A018982,normal
A018983,normal
A018984,normal
A018985,normal
A018986,normal
A018987,normal
A018988,hard_negative
A018989,hard_negative
A018990,normal
A018991,normal
A018992,normal
A018993,normal
A018994,normal
A018995,normal
A018996,normal
A018997,normal
A018998,normal
A018999,normal
A019000,normal
A019001,ring
A019002,ring
A019003,normal
A019004,normal
A019005,normal
A019006,normal
A019007,normal
A019008,hard_negative
A019009,normal
A019010,ring
A019011,normal
A019012,normal
A019013,normal
A019014,normal
A019015,normal
A019016,normal
A019017,normal
A019018,normal
A019019,normal
A019020,normal
A019021,normal
A019022,normal
A019023,normal
A019024,hard_negative
A019025,normal
A019026,normal
A019027,normal
A019028,normal
A019029,normal
A019030,normal
A019031,normal
A019032,normal
A019033,normal
A019034,normal
A019035,normal
A019036,normal
A019037,normal
A019038,normal
A019039,normal
A019040,hard_negative
A019041,hard_negative
A019042,normal
A019043,hard_negative
A019044,normal
A019045,normal
A019046,normal
A019047,normal
A019048,normal
A019049,hard_negative
A019050,normal
A019051,normal
A019052,normal
A019053,hard_negative
A019054,normal
A019055,normal
A019056,normal
A019057,normal
A019058,hard_negative
A019059,normal
A019060,normal
A019061,normal
A019062,normal
A019063,normal
A019064,normal
A019065,normal
A019066,hard_negative
A019067,hard_negative
A019068,normal
A019069,normal
A019070,normal
A019071,normal
A019072,normal
A019073,normal
A019074,normal
A019075,ring
A019076,hard_negative
A019077,normal
A019078,normal
A019079,normal
A019080,normal
A019081,normal
A019082,normal
A019083,hard_negative
A019084,normal
A019085,ring
A019086,ring
A019087,normal
A019088,normal
A019089,ring
A019090,hard_negative
A019091,normal
A019092,ring
A019093,normal
A019094,normal
A019095,normal
A019096,normal
A019097,normal
A019098,normal
A019099,normal
A019100,normal
A019101,normal
A019102,normal
A019103,normal
A019104,hard_negative
A019105,normal
A019106,normal
A019107,normal
A019108,normal
A019109,normal
A019110,ring
A019111,normal
A019112,normal
A019113,normal
A019114,normal
A019115,normal
A019116,hard_negative
A019117,normal
A019118,normal
A019119,normal
A019120,normal
A019121,normal
A019122,normal
A019123,normal
A019124,normal
A019125,normal
A019126,normal
A019127,hard_negative
A019128,normal
A019129,normal
A019130,normal
A019131,ring
A019132,normal
A019133,normal
A019134,normal
A019135,normal
A019136,normal
A019137,normal
A019138,normal
A019139,hard_negative
A019140,normal
A019141,hard_negative
A019142,normal
A019143,normal
A019144,normal
A019145,normal
A019146,hard_negative
A019147,normal
A019148,normal
A019149,ring
A019150,hard_negative
A019151,normal
A019152,normal
A019153,normal
A019154,normal
A019155,normal
A019156,normal
A019157,normal
A019158,normal
A019159,normal
A019160,normal
A019161,normal
A019162,normal
A019163,normal
A019164,hard_negative
A019165,normal
A019166,normal
A019167,normal
A019168,normal
A019169,normal
A019170,normal
A019171,normal
A019172,normal
A019173,hard_negative
A019174,normal
A019175,hard_negative
A019176,ring
A019177,normal
A019178,hard_negative
A019179,ring
A019180,normal
A019181,normal
A019182,normal
A019183,hard_negative
A019184,hard_negative
A019185,normal
A019186,normal
A019187,normal
A019188,normal
A019189,normal
A019190,normal
A019191,hard_negative
A019192,ring
A019193,normal
A019194,normal
A019195,normal
A019196,normal
A019197,hard_negative
A019198,normal
A019199,normal
A019200,normal
A019201,normal
A019202,hard_negative
A019203,normal
A019204,normal
A019205,normal
A019206,normal
A019207,normal
A019208,normal
A019209,normal
A019210,normal
A019211,normal
A019212,normal
A019213,normal
A019214,normal
A019215,normal
A019216,normal
A019217,normal
A019218,normal
A019219,hard_negative
A019220,normal
A019221,normal
A019222,normal
A019223,normal
A019224,normal
A019225,normal
A019226,normal
A019227,hard_negative
A019228,hard_negative
A019229,normal
A019230,normal
A019231,normal
A019232,hard_negative
A019233,normal
A019234,normal
A019235,normal
A019236,normal
A019237,normal
A019238,normal
A019239,normal
A019240,normal
A019241,normal
A019242,normal
A019243,normal
A019244,normal
A019245,normal
A019246,normal
A019247,normal
A019248,normal
A019249,normal
A019250,hard_negative
A019251,normal
A019252,normal
A019253,hard_negative
A019254,normal
A019255,normal
A019256,normal
A019257,normal
A019258,normal
A019259,normal
A019260,normal
A019261,normal
A019262,normal
A019263,normal
A019264,normal
A019265,normal
A019266,normal
A019267,normal
A019268,normal
A019269,normal
A019270,hard_negative
A019271,normal
A019272,normal
A019273,normal
A019274,normal
A019275,hard_negative
A019276,normal
A019277,normal
A019278,normal
A019279,normal
A019280,normal
A019281,normal
A019282,normal
A019283,normal
A019284,hard_negative
A019285,normal
A019286,normal
A019287,normal
A019288,ring
A019289,normal
A019290,normal
A019291,normal
A019292,normal
A019293,hard_negative
A019294,normal
A019295,ring
A019296,normal
A019297,normal
A019298,ring
A019299,hard_negative
A019300,normal
A019301,normal
A019302,normal
A019303,normal
A019304,normal
A019305,hard_negative
A019306,hard_negative
A019307,normal
A019308,hard_negative
A019309,normal
A019310,normal
A019311,hard_negative
A019312,hard_negative
A019313,hard_negative
A019314,normal
A019315,normal
A019316,normal
A019317,normal
A019318,normal
A019319,normal
A019320,normal
A019321,hard_negative
A019322,normal
A019323,normal
A019324,normal
A019325,normal
A019326,normal
A019327,normal
A019328,normal
A019329,ring
A019330,normal
A019331,normal
A019332,normal
A019333,normal
A019334,normal
A019335,hard_negative
A019336,normal
A019337,normal
A019338,normal
A019339,normal
A019340,normal
A019341,normal
A019342,normal
A019343,normal
A019344,normal
A019345,normal
A019346,normal
A019347,normal
A019348,normal
A019349,normal
A019350,hard_negative
A019351,normal
A019352,normal
A019353,normal
A019354,normal
A019355,ring
A019356,normal
A019357,normal
A019358,normal
A019359,normal
A019360,hard_negative
A019361,normal
A019362,normal
A019363,normal
A019364,normal
A019365,normal
A019366,normal
A019367,normal
A019368,normal
A019369,normal
A019370,normal
A019371,normal
A019372,normal
A019373,normal
A019374,hard_negative
A019375,hard_negative
A019376,hard_negative
A019377,hard_negative
A019378,normal
A019379,hard_negative
A019380,hard_negative
A019381,normal
A019382,normal
A019383,normal
A019384,normal
A019385,normal
A019386,normal
A019387,normal
A019388,normal
A019389,hard_negative
A019390,normal
A019391,normal
A019392,normal
A019393,normal
A019394,normal
A019395,hard_negative
A019396,normal
A019397,normal
A019398,hard_negative
A019399,normal
A019400,hard_negative
A019401,normal
A019402,normal
A019403,normal
A019404,normal
A019405,hard_negative
A019406,hard_negative
A019407,normal
A019408,hard_negative
A019409,ring
A019410,normal
A019411,normal
A019412,normal
A019413,normal
A019414,hard_negative
A019415,hard_negative
A019416,hard_negative
A019417,normal
A019418,normal
A019419,normal
A019420,normal
A019421,normal
A019422,normal
A019423,normal
A019424,normal
A019425,ring
A019426,hard_negative
A019427,normal
A019428,hard_negative
A019429,normal
A019430,normal
A019431,hard_negative
A019432,hard_negative
A019433,normal
A019434,normal
A019435,normal
A019436,hard_negative
A019437,normal
A019438,normal
A019439,hard_negative
A019440,normal
A019441,normal
A019442,normal
A019443,normal
A019444,normal
A019445,normal
A019446,normal
A019447,normal
A019448,normal
A019449,normal
A019450,hard_negative
A019451,normal
A019452,normal
A019453,hard_negative
A019454,normal
A019455,normal
A019456,normal
A019457,normal
A019458,normal
A019459,normal
A019460,normal
A019461,normal
A019462,normal
A019463,hard_negative
A019464,normal
A019465,normal
A019466,normal
A019467,normal
A019468,normal
A019469,normal
A019470,normal
A019471,normal
A019472,normal
A019473,hard_negative
A019474,normal
A019475,normal
A019476,normal
A019477,normal
A019478,normal
A019479,normal
A019480,normal
A019481,normal
A019482,normal
A019483,hard_negative
A019484,normal
A019485,ring
A019486,normal
A019487,normal
A019488,normal
A019489,normal
A019490,normal
A019491,hard_negative
A019492,normal
A019493,normal
A019494,normal
A019495,normal
A019496,normal
A019497,ring
A019498,normal
A019499,normal
A019500,normal
A019501,hard_negative
A019502,normal
A019503,normal
A019504,normal
A019505,normal
A019506,normal
A019507,normal
A019508,ring
A019509,normal
A019510,normal
A019511,normal
A019512,hard_negative
A019513,normal
A019514,normal
A019515,normal
A019516,normal
A019517,normal
A019518,normal
A019519,normal
A019520,normal
A019521,normal
A019522,ring
A019523,normal
A019524,normal
A019525,normal
A019526,hard_negative
A019527,normal
A019528,hard_negative
A019529,normal
A019530,normal
A019531,normal
A019532,normal
A019533,normal
A019534,normal
A019535,normal
A019536,normal
A019537,normal
A019538,normal
A019539,normal
A019540,normal
A019541,normal
A019542,normal
A019543,normal
A019544,hard_negative
A019545,normal
A019546,normal
A019547,hard_negative
A019548,normal
A019549,normal
A019550,normal
A019551,normal
A019552,normal
A019553,normal
A019554,normal
A019555,normal
A019556,normal
A019557,normal
A019558,normal
A019559,hard_negative
A019560,normal
A019561,normal
A019562,hard_negative
A019563,normal
A019564,hard_negative
A019565,normal
A019566,normal
A019567,hard_negative
A019568,normal
A019569,normal
A019570,normal
A019571,hard_negative
A019572,normal
A019573,normal
A019574,normal
A019575,normal
A019576,normal
A019577,hard_negative
A019578,normal
A019579,normal
A019580,normal
A019581,hard_negative
A019582,normal
A019583,normal
A019584,normal
A019585,normal
A019586,normal
A019587,normal
A019588,normal
A019589,hard_negative
A019590,ring
A019591,normal
A019592,normal
A019593,normal
A019594,hard_negative
A019595,normal
A019596,normal
A019597,ring
A019598,hard_negative
A019599,normal
A019600,normal
A019601,normal
A019602,normal
A019603,ring
A019604,ring
A019605,normal
A019606,hard_negative
A019607,normal
A019608,normal
A019609,normal
A019610,normal
A019611,normal
A019612,normal
A019613,normal
A019614,normal
A019615,normal
A019616,normal
A019617,normal
A019618,normal
A019619,normal
A019620,hard_negative
A019621,hard_negative
A019622,normal
A019623,normal
A019624,normal
A019625,normal
A019626,normal
A019627,hard_negative
A019628,normal
A019629,ring
A019630,normal
A019631,normal
A019632,hard_negative
A019633,normal
A019634,normal
A019635,hard_negative
A019636,ring
A019637,hard_negative
A019638,normal
A019639,normal
A019640,hard_negative
A019641,normal
A019642,hard_negative
A019643,hard_negative
A019644,normal
A019645,normal
A019646,normal
A019647,normal
A019648,normal
A019649,normal
A019650,normal
A019651,normal
A019652,normal
A019653,normal
A019654,normal
A019655,hard_negative
A019656,normal
A019657,hard_negative
A019658,normal
A019659,hard_negative
A019660,normal
A019661,normal
A019662,hard_negative
A019663,hard_negative
A019664,ring
A019665,normal
A019666,normal
A019667,normal
A019668,normal
A019669,hard_negative
A019670,normal
A019671,normal
A019672,normal
A019673,normal
A019674,normal
A019675,normal
A019676,normal
A019677,normal
A019678,normal
A019679,normal
A019680,ring
A019681,normal
A019682,normal
A019683,normal
A019684,hard_negative
A019685,normal
A019686,normal
A019687,normal
A019688,normal
A019689,ring
A019690,hard_negative
A019691,normal
A019692,hard_negative
A019693,ring
A019694,normal
A019695,normal
A019696,normal
A019697,normal
A019698,normal
A019699,hard_negative
A019700,normal
A019701,hard_negative
A019702,normal
A019703,normal
A019704,normal
A019705,hard_negative
A019706,normal
A019707,normal
A019708,normal
A019709,normal
A019710,normal
A019711,normal
A019712,normal
A019713,normal
A019714,normal
A019715,normal
A019716,normal
A019717,hard_negative
A019718,normal
A019719,normal
A019720,normal
A019721,normal
A019722,hard_negative
A019723,normal
A019724,hard_negative
A019725,normal
A019726,normal
A019727,normal
A019728,normal
A019729,normal
A019730,normal
A019731,normal
A019732,normal
A019733,normal
A019734,hard_negative
A019735,normal
A019736,normal
A019737,normal
A019738,normal
A019739,hard_negative
A019740,hard_negative
A019741,normal
A019742,normal
A019743,normal
A019744,normal
A019745,normal
A019746,normal
A019747,normal
A019748,normal
A019749,normal
A019750,normal
A019751,normal
A019752,hard_negative
A019753,normal
A019754,normal
A019755,normal
A019756,ring
A019757,normal
A019758,normal
A019759,normal
A019760,normal
A019761,normal
A019762,normal
A019763,hard_negative
A019764,normal
A019765,normal
A019766,normal
A019767,normal
A019768,hard_negative
A019769,hard_negative
A019770,normal
A019771,normal
A019772,normal
A019773,ring
A019774,hard_negative
A019775,normal
A019776,hard_negative
A019777,hard_negative
A019778,normal
A019779,normal
A019780,normal
A019781,normal
A019782,ring
A019783,ring
A019784,normal
A019785,hard_negative
A019786,normal
A019787,normal
A019788,normal
A019789,normal
A019790,normal
A019791,normal
A019792,normal
A019793,normal
A019794,normal
A019795,hard_negative
A019796,normal
A019797,hard_negative
A019798,normal
A019799,normal
A019800,ring
A019801,normal
A019802,hard_negative
A019803,normal
A019804,hard_negative
A019805,normal
A019806,normal
A019807,hard_negative
A019808,normal
A019809,normal
A019810,normal
A019811,normal
A019812,normal
A019813,normal
A019814,normal
A019815,normal
A019816,normal
A019817,normal
A019818,ring
A019819,normal
A019820,ring
A019821,normal
A019822,normal
A019823,normal
A019824,normal
A019825,normal
A019826,hard_negative
A019827,normal
A019828,normal
A019829,normal
A019830,hard_negative
A019831,normal
A019832,normal
A019833,normal
A019834,hard_negative
A019835,normal
A019836,normal
A019837,normal
A019838,normal
A019839,normal
A019840,hard_negative
A019841,hard_negative
A019842,normal
A019843,normal
A019844,normal
A019845,ring
A019846,normal
A019847,hard_negative
A019848,normal
A019849,normal
A019850,normal
A019851,normal
A019852,normal
A019853,normal
A019854,normal
A019855,normal
A019856,normal
A019857,hard_negative
A019858,normal
A019859,normal
A019860,normal
A019861,normal
A019862,normal
A019863,normal
A019864,normal
A019865,normal
A019866,normal
A019867,normal
A019868,hard_negative
A019869,normal
A019870,hard_negative
A019871,hard_negative
A019872,normal
A019873,normal
A019874,normal
A019875,normal
A019876,normal
A019877,normal
A019878,normal
A019879,ring
A019880,hard_negative
A019881,normal
A019882,normal
A019883,normal
A019884,normal
A019885,normal
A019886,normal
A019887,normal
A019888,normal
A019889,normal
A019890,hard_negative
A019891,normal
A019892,hard_negative
A019893,normal
A019894,normal
A019895,normal
A019896,normal
A019897,normal
A019898,hard_negative
A019899,normal
A019900,normal
A019901,normal
A019902,normal
A019903,normal
A019904,normal
A019905,normal
A019906,normal
A019907,normal
A019908,normal
A019909,normal
A019910,normal
A019911,normal
A019912,normal
A019913,normal
A019914,normal
A019915,normal
A019916,normal
A019917,normal
A019918,normal
A019919,normal
A019920,hard_negative
A019921,hard_negative
A019922,hard_negative
A019923,hard_negative
A019924,normal
A019925,normal
A019926,normal
A019927,normal
A019928,normal
A019929,normal
A019930,normal
A019931,normal
A019932,normal
A019933,normal
A019934,normal
A019935,ring
A019936,normal
A019937,normal
A019938,normal
A019939,normal
A019940,normal
A019941,normal
A019942,normal
A019943,normal
A019944,hard_negative
A019945,normal
A019946,hard_negative
A019947,normal
A019948,normal
A019949,ring
A019950,normal
A019951,normal
A019952,hard_negative
A019953,normal
A019954,normal
A019955,normal
A019956,ring
A019957,normal
A019958,normal
A019959,normal
A019960,normal
A019961,normal
A019962,normal
A019963,ring
A019964,normal
A019965,normal
A019966,normal
A019967,normal
A019968,normal
A019969,normal
A019970,normal
A019971,normal
A019972,normal
A019973,ring
A019974,ring
A019975,normal
A019976,normal
A019977,normal
A019978,normal
A019979,normal
A019980,normal
A019981,hard_negative
A019982,normal
A019983,ring
A019984,normal
A019985,normal
A019986,ring
A019987,normal
A019988,normal
A019989,normal
A019990,normal
A019991,normal
A019992,normal
A019993,normal
A019994,normal
A019995,normal
A019996,ring
A019997,normal
A019998,normal
A019999,hard_negative
A020000,normal
A020001,normal
A020002,normal
A020003,normal
A020004,hard_negative
A020005,normal
A020006,normal
A020007,ring
A020008,normal
A020009,ring
A020010,normal
A020011,hard_negative
A020012,hard_negative
A020013,normal
A020014,normal
A020015,normal
A020016,normal
A020017,normal
A020018,normal
A020019,normal
A020020,normal
A020021,normal
A020022,hard_negative
A020023,normal
A020024,normal
A020025,ring
A020026,normal
A020027,hard_negative
A020028,normal
A020029,ring
A020030,ring
A020031,normal
A020032,hard_negative
A020033,hard_negative
A020034,normal
A020035,normal
A020036,hard_negative
A020037,normal
A020038,normal
A020039,normal
A020040,normal
A020041,normal
A020042,normal
A020043,normal
A020044,normal
A020045,hard_negative
A020046,normal
A020047,normal
A020048,normal
A020049,normal
A020050,normal
A020051,normal
A020052,normal
A020053,normal
A020054,normal
A020055,normal
A020056,hard_negative
A020057,hard_negative
A020058,normal
A020059,hard_negative
A020060,normal
A020061,normal
A020062,hard_negative
A020063,normal
A020064,normal
A020065,normal
A020066,normal
A020067,normal
A020068,normal
A020069,normal
A020070,normal
A020071,hard_negative
A020072,normal
A020073,normal
A020074,hard_negative
A020075,normal
A020076,normal
A020077,normal
A020078,normal
A020079,normal
A020080,normal
A020081,normal
A020082,normal
A020083,hard_negative
A020084,hard_negative
A020085,hard_negative
A020086,normal
A020087,normal
A020088,normal
A020089,normal
A020090,normal
A020091,normal
A020092,normal
A020093,normal
A020094,normal
A020095,hard_negative
A020096,hard_negative
A020097,normal
A020098,normal
A020099,normal
A020100,normal
A020101,hard_negative
A020102,hard_negative
A020103,hard_negative
A020104,normal
A020105,normal
A020106,normal
A020107,normal
A020108,normal
A020109,normal
A020110,normal
A020111,hard_negative
A020112,hard_negative
A020113,normal
A020114,normal
A020115,normal
A020116,normal
A020117,normal
A020118,hard_negative
A020119,normal
A020120,hard_negative
A020121,hard_negative
A020122,normal
A020123,normal
A020124,normal
A020125,hard_negative
A020126,ring
A020127,normal
A020128,normal
A020129,normal
A020130,hard_negative
A020131,normal
A020132,normal
A020133,normal
A020134,normal
A020135,normal
A020136,normal
A020137,normal
A020138,normal
A020139,ring
A020140,ring
A020141,hard_negative
A020142,normal
A020143,normal
A020144,normal
A020145,ring
A020146,hard_negative
A020147,normal
A020148,normal
A020149,normal
A020150,normal
A020151,normal
A020152,normal
A020153,normal
A020154,normal
A020155,normal
A020156,normal
A020157,hard_negative
A020158,normal
A020159,normal
A020160,normal
A020161,normal
A020162,normal
A020163,normal
A020164,normal
A020165,normal
A020166,normal
A020167,normal
A020168,normal
A020169,hard_negative
A020170,normal
A020171,hard_negative
A020172,normal
A020173,normal
A020174,hard_negative
A020175,normal
A020176,normal
A020177,normal
A020178,normal
A020179,normal
A020180,normal
A020181,hard_negative
A020182,normal
A020183,hard_negative
A020184,normal
A020185,hard_negative
A020186,normal
A020187,normal
A020188,normal
A020189,hard_negative
A020190,normal
A020191,normal
A020192,normal
A020193,normal
A020194,normal
A020195,hard_negative
A020196,normal
A020197,normal
A020198,normal
A020199,normal
A020200,hard_negative
A020201,hard_negative
A020202,hard_negative
A020203,normal
A020204,hard_negative
A020205,normal
A020206,normal
A020207,hard_negative
A020208,normal
A020209,normal
A020210,normal
A020211,normal
A020212,normal
A020213,hard_negative
A020214,normal
A020215,hard_negative
A020216,normal
A020217,normal
A020218,normal
A020219,normal
A020220,normal
A020221,normal
A020222,normal
A020223,normal
A020224,normal
A020225,normal
A020226,normal
A020227,normal
A020228,normal
A020229,normal
A020230,hard_negative
A020231,hard_negative
A020232,normal
A020233,normal
A020234,normal
A020235,hard_negative
A020236,normal
A020237,normal
A020238,normal
A020239,hard_negative
A020240,normal
A020241,normal
A020242,normal
A020243,normal
A020244,hard_negative
A020245,hard_negative
A020246,normal
A020247,hard_negative
A020248,ring
A020249,normal
A020250,normal
A020251,hard_negative
A020252,normal
A020253,normal
A020254,normal
A020255,normal
A020256,normal
A020257,normal
A020258,normal
A020259,normal
A020260,normal
A020261,hard_negative
A020262,hard_negative
A020263,normal
A020264,normal
A020265,normal
A020266,normal
A020267,ring
A020268,normal
A020269,normal
A020270,normal
A020271,normal
A020272,ring
A020273,normal
A020274,hard_negative
A020275,normal
A020276,normal
A020277,hard_negative
A020278,normal
A020279,normal
A020280,normal
A020281,hard_negative
A020282,normal
A020283,normal
A020284,normal
A020285,normal
A020286,hard_negative
A020287,normal
A020288,normal
A020289,hard_negative
A020290,normal
A020291,hard_negative
A020292,normal
A020293,hard_negative
A020294,normal
A020295,normal
A020296,normal
A020297,ring
A020298,normal
A020299,normal
A020300,normal
A020301,hard_negative
A020302,normal
A020303,hard_negative
A020304,normal
A020305,normal
A020306,normal
A020307,normal
A020308,normal
A020309,normal
A020310,normal
A020311,ring
A020312,normal
A020313,normal
A020314,normal
A020315,normal
A020316,normal
A020317,normal
A020318,ring
A020319,ring
A020320,normal
A020321,ring
A020322,ring
A020323,normal
A020324,normal
A020325,normal
A020326,normal
A020327,normal
A020328,normal
A020329,hard_negative
A020330,normal
A020331,hard_negative
A020332,normal
A020333,normal
A020334,normal
A020335,normal
A020336,normal
A020337,normal
A020338,normal
A020339,normal
A020340,normal
A020341,normal
A020342,normal
A020343,normal
A020344,normal
A020345,normal
A020346,normal
A020347,ring
A020348,normal
A020349,normal
A020350,normal
A020351,normal
A020352,normal
A020353,hard_negative
A020354,normal
A020355,normal
A020356,normal
A020357,normal
A020358,normal
A020359,normal
A020360,normal
A020361,normal
A020362,normal
A020363,normal
A020364,normal
A020365,normal
A020366,normal
A020367,normal
A020368,normal
A020369,normal
A020370,normal
A020371,normal
A020372,hard_negative
A020373,normal
A020374,hard_negative
A020375,normal
A020376,normal
A020377,hard_negative
A020378,normal
A020379,normal
A020380,normal
A020381,normal
A020382,normal
A020383,normal
A020384,normal
A020385,normal
A020386,normal
A020387,normal
A020388,hard_negative
A020389,normal
A020390,normal
A020391,normal
A020392,normal
A020393,normal
A020394,normal
A020395,hard_negative
A020396,normal
A020397,normal
A020398,normal
A020399,normal
A020400,normal
A020401,normal
A020402,normal
A020403,normal
A020404,normal
A020405,normal
A020406,normal
A020407,normal
A020408,normal
A020409,normal
A020410,normal
A020411,normal
A020412,normal
A020413,normal
A020414,normal
A020415,normal
A020416,normal
A020417,normal
A020418,normal
A020419,ring
A020420,normal
A020421,normal
A020422,hard_negative
A020423,hard_negative
A020424,normal
A020425,ring
A020426,normal
A020427,normal
A020428,hard_negative
A020429,ring
A020430,normal
A020431,normal
A020432,normal
A020433,normal
A020434,normal
A020435,normal
A020436,normal
A020437,hard_negative
A020438,normal
A020439,normal
A020440,normal
A020441,normal
A020442,normal
A020443,normal
A020444,normal
A020445,normal
A020446,normal
A020447,normal
A020448,normal
A020449,normal
A020450,ring
A020451,normal
A020452,normal
A020453,normal
A020454,normal
A020455,normal
A020456,normal
A020457,normal
A020458,normal
A020459,normal
A020460,normal
A020461,normal
A020462,normal
A020463,normal
A020464,ring
A020465,normal
A020466,normal
A020467,normal
A020468,normal
A020469,normal
A020470,ring
A020471,normal
A020472,normal
A020473,ring
A020474,normal
A020475,normal
A020476,normal
A020477,normal
A020478,normal
A020479,normal
A020480,normal
A020481,normal
A020482,normal
A020483,normal
A020484,normal
A020485,normal
A020486,normal
A020487,hard_negative
A020488,normal
A020489,normal
A020490,normal
A020491,normal
A020492,normal
A020493,normal
A020494,normal
A020495,normal
A020496,normal
A020497,normal
A020498,normal
A020499,normal
A020500,normal
A020501,ring
A020502,normal
A020503,normal
A020504,hard_negative
A020505,normal
A020506,normal
A020507,normal
A020508,normal
A020509,normal
A020510,normal
A020511,hard_negative
A020512,normal
A020513,normal
A020514,normal
A020515,normal
A020516,hard_negative
A020517,normal
A020518,normal
A020519,normal
A020520,normal
A020521,normal
A020522,normal
A020523,normal
A020524,normal
A020525,normal
A020526,normal
A020527,normal
A020528,normal
A020529,normal
A020530,ring
A020531,normal
A020532,normal
A020533,normal
A020534,normal
A020535,normal
A020536,normal
A020537,normal
A020538,normal
A020539,normal
A020540,ring
A020541,hard_negative
A020542,normal
A020543,normal
A020544,normal
A020545,normal
A020546,normal
A020547,normal
A020548,normal
A020549,normal
A020550,normal
A020551,hard_negative
A020552,hard_negative
A020553,hard_negative
A020554,normal
A020555,hard_negative
A020556,normal
A020557,normal
A020558,normal
A020559,normal
A020560,normal
A020561,normal
A020562,normal
A020563,normal
A020564,hard_negative
A020565,hard_negative
A020566,normal
A020567,normal
A020568,normal
A020569,normal
A020570,normal
A020571,hard_negative
A020572,normal
A020573,normal
A020574,hard_negative
A020575,normal
A020576,normal
A020577,normal
A020578,normal
A020579,normal
A020580,normal
A020581,normal
A020582,normal
A020583,normal
A020584,normal
A020585,hard_negative
A020586,hard_negative
A020587,normal
A020588,normal
A020589,normal
A020590,normal
A020591,normal
A020592,normal
A020593,normal
A020594,normal
A020595,hard_negative
A020596,normal
A020597,normal
A020598,normal
A020599,hard_negative
A020600,hard_negative
A020601,normal
A020602,normal
A020603,normal
A020604,normal
A020605,normal
A020606,normal
A020607,normal
A020608,hard_negative
A020609,normal
A020610,normal
A020611,normal
A020612,normal
A020613,normal
A020614,normal
A020615,normal
A020616,normal
A020617,normal
A020618,normal
A020619,normal
A020620,normal
A020621,normal
A020622,normal
A020623,normal
A020624,normal
A020625,hard_negative
A020626,ring
A020627,normal
A020628,normal
A020629,normal
A020630,normal
A020631,ring
A020632,normal
A020633,normal
A020634,hard_negative
A020635,hard_negative
A020636,hard_negative
A020637,normal
A020638,hard_negative
A020639,hard_negative
A020640,normal
A020641,hard_negative
A020642,normal
A020643,normal
A020644,normal
A020645,normal
A020646,normal
A020647,normal
A020648,normal
A020649,normal
A020650,normal
A020651,normal
A020652,normal
A020653,normal
A020654,normal
A020655,normal
A020656,normal
A020657,hard_negative
A020658,normal
A020659,normal
A020660,normal
A020661,normal
A020662,normal
A020663,normal
A020664,normal
A020665,normal
A020666,normal
A020667,normal
A020668,normal
A020669,normal
A020670,normal
A020671,normal
A020672,normal
A020673,hard_negative
A020674,normal
A020675,hard_negative
A020676,normal
A020677,normal
A020678,hard_negative
A020679,normal
A020680,normal
A020681,normal
A020682,hard_negative
A020683,normal
A020684,hard_negative
A020685,normal
A020686,hard_negative
A020687,normal
A020688,hard_negative
A020689,normal
A020690,normal
A020691,normal
A020692,normal
A020693,hard_negative
A020694,normal
A020695,normal
A020696,normal
A020697,normal
A020698,normal
A020699,normal
A020700,normal
A020701,hard_negative
A020702,hard_negative
A020703,normal
A020704,normal
A020705,normal
A020706,normal
A020707,normal
A020708,normal
A020709,normal
A020710,normal
A020711,normal
A020712,normal
A020713,normal
A020714,hard_negative
A020715,normal
A020716,normal
A020717,hard_negative
A020718,normal
A020719,normal
A020720,normal
A020721,hard_negative
A020722,normal
A020723,normal
A020724,normal
A020725,hard_negative
A020726,normal
A020727,hard_negative
A020728,normal
A020729,hard_negative
A020730,normal
A020731,normal
A020732,normal
A020733,normal
A020734,normal
A020735,normal
A020736,normal
A020737,normal
A020738,normal
A020739,normal
A020740,normal
A020741,normal
A020742,normal
A020743,normal
A020744,hard_negative
A020745,normal
A020746,normal
A020747,hard_negative
A020748,normal
A020749,normal
A020750,normal
A020751,normal
A020752,normal
A020753,hard_negative
A020754,normal
A020755,normal
A020756,hard_negative
A020757,normal
A020758,normal
A020759,normal
A020760,hard_negative
A020761,normal
A020762,normal
A020763,normal
A020764,normal
A020765,normal
A020766,normal
A020767,normal
A020768,hard_negative
A020769,normal
A020770,normal
A020771,normal
A020772,normal
A020773,hard_negative
A020774,normal
A020775,normal
A020776,normal
A020777,normal
A020778,ring
A020779,normal
A020780,hard_negative
A020781,normal
A020782,normal
A020783,normal
A020784,normal
A020785,normal
A020786,normal
A020787,normal
A020788,hard_negative
A020789,normal
A020790,normal
A020791,normal
A020792,normal
A020793,normal
A020794,normal
A020795,normal
A020796,normal
A020797,normal
A020798,normal
A020799,normal
A020800,normal
A020801,hard_negative
A020802,normal
A020803,normal
A020804,normal
A020805,normal
A020806,normal
A020807,ring
A020808,normal
A020809,normal
A020810,normal
A020811,normal
A020812,hard_negative
A020813,normal
A020814,normal
A020815,normal
A020816,normal
A020817,normal
A020818,normal
A020819,normal
A020820,hard_negative
A020821,normal
A020822,hard_negative
A020823,normal
A020824,normal
A020825,normal
A020826,normal
A020827,normal
A020828,hard_negative
A020829,normal
A020830,normal
A020831,normal
A020832,normal
A020833,normal
A020834,normal
A020835,ring
A020836,normal
A020837,normal
A020838,normal
A020839,normal
A020840,normal
A020841,hard_negative
A020842,normal
A020843,normal
A020844,normal
A020845,normal
A020846,normal
A020847,normal
A020848,hard_negative
A020849,ring
A020850,ring
A020851,hard_negative
A020852,normal
A020853,normal
A020854,hard_negative
A020855,normal
A020856,normal
A020857,normal
A020858,ring
A020859,hard_negative
A020860,normal
A020861,normal
A020862,normal
A020863,normal
A020864,ring
A020865,hard_negative
A020866,normal
A020867,ring
A020868,normal
A020869,normal
A020870,normal
A020871,normal
A020872,normal
A020873,normal
A020874,normal
A020875,normal
A020876,normal
A020877,normal
A020878,normal
A020879,normal
A020880,normal
A020881,normal
A020882,normal
A020883,normal
A020884,normal
A020885,normal
A020886,normal
A020887,normal
A020888,normal
A020889,hard_negative
A020890,ring
A020891,normal
A020892,normal
A020893,normal
A020894,normal
A020895,normal
A020896,normal
A020897,normal
A020898,normal
A020899,normal
A020900,normal
A020901,normal
A020902,normal
A020903,hard_negative
A020904,normal
A020905,normal
A020906,normal
A020907,normal
A020908,normal
A020909,normal
A020910,normal
A020911,normal
A020912,ring
A020913,normal
A020914,normal
A020915,hard_negative
A020916,normal
A020917,normal
A020918,hard_negative
A020919,normal
A020920,hard_negative
A020921,normal
A020922,normal
A020923,normal
A020924,normal
A020925,normal
A020926,normal
A020927,normal
A020928,normal
A020929,normal
A020930,normal
A020931,normal
A020932,normal
A020933,normal
A020934,normal
A020935,normal
A020936,normal
A020937,normal
A020938,ring
A020939,normal
A020940,normal
A020941,normal
A020942,normal
A020943,normal
A020944,normal
A020945,normal
A020946,normal
A020947,normal
A020948,normal
A020949,normal
A020950,normal
A020951,hard_negative
A020952,normal
A020953,normal
A020954,normal
A020955,normal
A020956,normal
A020957,normal
A020958,ring
A020959,normal
A020960,normal
A020961,normal
A020962,hard_negative
A020963,normal
A020964,normal
A020965,normal
A020966,hard_negative
A020967,normal
A020968,normal
A020969,normal
A020970,normal
A020971,hard_negative
A020972,hard_negative
A020973,hard_negative
A020974,normal
A020975,normal
A020976,normal
A020977,ring
A020978,hard_negative
A020979,normal
A020980,normal
A020981,normal
A020982,normal
A020983,normal
A020984,normal
A020985,normal
A020986,normal
A020987,normal
A020988,hard_negative
A020989,normal
A020990,normal
A020991,normal
A020992,normal
A020993,ring
A020994,normal
A020995,normal
A020996,normal
A020997,hard_negative
A020998,normal
A020999,hard_negative
A021000,normal
A021001,normal
A021002,normal
A021003,normal
A021004,normal
A021005,normal
A021006,normal
A021007,hard_negative
A021008,normal
A021009,hard_negative
A021010,normal
A021011,normal
A021012,normal
A021013,normal
A021014,hard_negative
A021015,normal
A021016,normal
A021017,normal
A021018,normal
A021019,normal
A021020,ring
A021021,normal
A021022,normal
A021023,normal
A021024,normal
A021025,normal
A021026,hard_negative
A021027,normal
A021028,normal
A021029,normal
A021030,normal
A021031,normal
A021032,normal
A021033,normal
A021034,normal
A021035,hard_negative
A021036,hard_negative
A021037,normal
A021038,normal
A021039,normal
A021040,normal
A021041,normal
A021042,normal
A021043,normal
A021044,hard_negative
A021045,normal
A021046,normal
A021047,hard_negative
A021048,normal
A021049,normal
A021050,normal
A021051,normal
A021052,normal
A021053,normal
A021054,hard_negative
A021055,normal
A021056,hard_negative
A021057,normal
A021058,normal
A021059,normal
A021060,hard_negative
A021061,normal
A021062,hard_negative
A021063,hard_negative
A021064,normal
A021065,normal
A021066,normal
A021067,normal
A021068,ring
A021069,normal
A021070,normal
A021071,normal
A021072,normal
A021073,normal
A021074,hard_negative
A021075,normal
A021076,normal
A021077,normal
A021078,normal
A021079,hard_negative
A021080,normal
A021081,ring
A021082,hard_negative
A021083,hard_negative
A021084,normal
A021085,normal
A021086,normal
A021087,normal
A021088,normal
A021089,normal
A021090,hard_negative
A021091,normal
A021092,normal
A021093,normal
A021094,normal
A021095,normal
A021096,normal
A021097,normal
A021098,hard_negative
A021099,hard_negative
A021100,normal
A021101,hard_negative
A021102,normal
A021103,normal
A021104,normal
A021105,normal
A021106,hard_negative
A021107,normal
A021108,ring
A021109,normal
A021110,normal
A021111,normal
A021112,normal
A021113,normal
A021114,hard_negative
A021115,hard_negative
A021116,normal
A021117,normal
A021118,hard_negative
A021119,normal
A021120,hard_negative
A021121,normal
A021122,normal
A021123,normal
A021124,normal
A021125,normal
A021126,normal
A021127,normal
A021128,normal
A021129,normal
A021130,normal
A021131,normal
A021132,normal
A021133,normal
A021134,normal
A021135,normal
A021136,normal
A021137,normal
A021138,normal
A021139,normal
A021140,normal
A021141,normal
A021142,normal
A021143,normal
A021144,normal
A021145,normal
A021146,normal
A021147,normal
A021148,normal
A021149,ring
A021150,normal
A021151,normal
A021152,normal
A021153,normal
A021154,normal
A021155,hard_negative
A021156,normal
A021157,normal
A021158,normal
A021159,hard_negative
A021160,normal
A021161,normal
A021162,normal
A021163,normal
A021164,normal
A021165,normal
A021166,normal
A021167,normal
A021168,normal
A021169,hard_negative
A021170,normal
A021171,normal
A021172,normal
A021173,normal
A021174,normal
A021175,normal
A021176,normal
A021177,normal
A021178,hard_negative
A021179,normal
A021180,normal
A021181,ring
A021182,hard_negative
A021183,ring
A021184,normal
A021185,normal
A021186,normal
A021187,normal
A021188,normal
A021189,normal
A021190,normal
A021191,normal
A021192,hard_negative
A021193,normal
A021194,normal
A021195,hard_negative
A021196,normal
A021197,normal
A021198,normal
A021199,normal
A021200,normal
A021201,normal
A021202,normal
A021203,normal
A021204,hard_negative
A021205,hard_negative
A021206,normal
A021207,hard_negative
A021208,normal
A021209,ring
A021210,normal
A021211,normal
A021212,normal
A021213,hard_negative
A021214,normal
A021215,hard_negative
A021216,normal
A021217,normal
A021218,normal
A021219,normal
A021220,normal
A021221,hard_negative
A021222,normal
A021223,normal
A021224,normal
A021225,hard_negative
A021226,normal
A021227,normal
A021228,normal
A021229,normal
A021230,hard_negative
A021231,normal
A021232,normal
A021233,normal
A021234,normal
A021235,normal
A021236,normal
A021237,normal
A021238,normal
A021239,normal
A021240,normal
A021241,normal
A021242,normal
A021243,normal
A021244,normal
A021245,normal
A021246,hard_negative
A021247,normal
A021248,normal
A021249,normal
A021250,normal
A021251,hard_negative
A021252,normal
A021253,normal
A021254,normal
A021255,ring
A021256,normal
A021257,normal
A021258,normal
A021259,hard_negative
A021260,normal
A021261,normal
A021262,normal
A021263,normal
A021264,normal
A021265,ring
A021266,hard_negative
A021267,normal
A021268,normal
A021269,normal
A021270,hard_negative
A021271,normal
A021272,normal
A021273,hard_negative
A021274,normal
A021275,normal
A021276,normal
A021277,normal
A021278,normal
A021279,normal
A021280,normal
A021281,normal
A021282,hard_negative
A021283,normal
A021284,normal
A021285,normal
A021286,normal
A021287,normal
A021288,normal
A021289,hard_negative
A021290,normal
A021291,normal
A021292,normal
A021293,normal
A021294,normal
A021295,normal
A021296,normal
A021297,normal
A021298,normal
A021299,normal
A021300,normal
A021301,ring
A021302,normal
A021303,normal
A021304,ring
A021305,normal
A021306,normal
A021307,hard_negative
A021308,normal
A021309,normal
A021310,normal
A021311,normal
A021312,normal
A021313,normal
A021314,normal
A021315,normal
A021316,normal
A021317,normal
A021318,normal
A021319,normal
A021320,normal
A021321,normal
A021322,normal
A021323,normal
A021324,normal
A021325,normal
A021326,normal
A021327,normal
A021328,normal
A021329,normal
A021330,hard_negative
A021331,normal
A021332,normal
A021333,hard_negative
A021334,normal
A021335,normal
A021336,normal
A021337,normal
A021338,hard_negative
A021339,normal
A021340,normal
A021341,hard_negative
A021342,normal
A021343,normal
A021344,normal
A021345,normal
A021346,normal
A021347,hard_negative
A021348,hard_negative
A021349,normal
A021350,normal
A021351,normal
A021352,hard_negative
A021353,normal
A021354,hard_negative
A021355,normal
A021356,normal
A021357,normal
A021358,normal
A021359,normal
A021360,normal
A021361,normal
A021362,normal
A021363,hard_negative
A021364,normal
A021365,normal
A021366,normal
A021367,normal
A021368,normal
A021369,normal
A021370,normal
A021371,normal
A021372,normal
A021373,normal
A021374,normal
A021375,normal
A021376,normal
A021377,normal
A021378,normal
A021379,normal
A021380,normal
A021381,hard_negative
A021382,normal
A021383,normal
A021384,normal
A021385,normal
A021386,normal
A021387,normal
A021388,normal
A021389,ring
A021390,normal
A021391,normal
A021392,normal
A021393,normal
A021394,normal
A021395,normal
A021396,normal
A021397,normal
A021398,normal
A021399,normal
A021400,normal
A021401,normal
A021402,hard_negative
A021403,normal
A021404,normal
A021405,hard_negative
A021406,normal
A021407,normal
A021408,hard_negative
A021409,hard_negative
A021410,normal
A021411,normal
A021412,normal
A021413,ring
A021414,normal
A021415,normal
A021416,normal
A021417,normal
A021418,normal
A021419,normal
A021420,normal
A021421,normal
A021422,normal
A021423,normal
A021424,normal
A021425,normal
A021426,normal
A021427,normal
A021428,normal
A021429,ring
A021430,normal
A021431,normal
A021432,hard_negative
A021433,normal
A021434,normal
A021435,ring
A021436,normal
A021437,normal
A021438,normal
A021439,normal
A021440,normal
A021441,normal
A021442,normal
A021443,normal
A021444,ring
A021445,normal
A021446,normal
A021447,normal
A021448,normal
A021449,normal
A021450,hard_negative
A021451,normal
A021452,normal
A021453,normal
A021454,normal
A021455,normal
A021456,normal
A021457,normal
A021458,normal
A021459,normal
A021460,normal
A021461,normal
A021462,normal
A021463,normal
A021464,normal
A021465,normal
A021466,normal
A021467,normal
A021468,normal
A021469,normal
A021470,hard_negative
A021471,normal
A021472,normal
A021473,normal
A021474,normal
A021475,normal
A021476,normal
A021477,ring
A021478,normal
A021479,normal
A021480,normal
A021481,normal
A021482,hard_negative
A021483,normal
A021484,normal
A021485,normal
A021486,ring
A021487,hard_negative
A021488,normal
A021489,ring
A021490,ring
A021491,normal
A021492,normal
A021493,normal
A021494,ring
A021495,normal
A021496,normal
A021497,ring
A021498,hard_negative
A021499,normal
A021500,normal
A021501,normal
A021502,hard_negative
A021503,ring
A021504,normal
A021505,normal
A021506,normal
A021507,normal
A021508,normal
A021509,normal
A021510,normal
A021511,normal
A021512,normal
A021513,normal
A021514,normal
A021515,normal
A021516,normal
A021517,normal
A021518,normal
A021519,normal
A021520,normal
A021521,normal
A021522,ring
A021523,normal
A021524,normal
A021525,normal
A021526,hard_negative
A021527,normal
A021528,hard_negative
A021529,normal
A021530,normal
A021531,normal
A021532,hard_negative
A021533,normal
A021534,normal
A021535,normal
A021536,normal
A021537,normal
A021538,normal
A021539,normal
A021540,normal
A021541,hard_negative
A021542,normal
A021543,normal
A021544,normal
A021545,normal
A021546,hard_negative
A021547,normal
A021548,normal
A021549,hard_negative
A021550,ring
A021551,normal
A021552,normal
A021553,normal
A021554,normal
A021555,hard_negative
A021556,normal
A021557,normal
A021558,normal
A021559,normal
A021560,normal
A021561,normal
A021562,normal
A021563,hard_negative
A021564,normal
A021565,normal
A021566,normal
A021567,normal
A021568,normal
A021569,normal
A021570,normal
A021571,hard_negative
A021572,normal
A021573,normal
A021574,normal
A021575,normal
A021576,hard_negative
A021577,normal
A021578,normal
A021579,normal
A021580,normal
A021581,normal
A021582,hard_negative
A021583,normal
A021584,normal
A021585,normal
A021586,normal
A021587,hard_negative
A021588,hard_negative
A021589,normal
A021590,normal
A021591,normal
A021592,normal
A021593,normal
A021594,hard_negative
A021595,normal
A021596,normal
A021597,normal
A021598,hard_negative
A021599,normal
A021600,ring
A021601,normal
A021602,hard_negative
A021603,normal
A021604,normal
A021605,hard_negative
A021606,normal
A021607,normal
A021608,hard_negative
A021609,normal
A021610,normal
A021611,hard_negative
A021612,normal
A021613,normal
A021614,normal
A021615,normal
A021616,normal
A021617,normal
A021618,normal
A021619,normal
A021620,normal
A021621,hard_negative
A021622,normal
A021623,normal
A021624,hard_negative
A021625,normal
A021626,normal
A021627,normal
A021628,normal
A021629,normal
A021630,normal
A021631,normal
A021632,normal
A021633,normal
A021634,normal
A021635,normal
A021636,normal
A021637,normal
A021638,normal
A021639,normal
A021640,normal
A021641,normal
A021642,normal
A021643,hard_negative
A021644,normal
A021645,normal
A021646,normal
A021647,normal
A021648,hard_negative
A021649,normal
A021650,normal
A021651,normal
A021652,normal
A021653,normal
A021654,normal
A021655,normal
A021656,normal
A021657,normal
A021658,normal
A021659,normal
A021660,normal
A021661,normal
A021662,normal
A021663,hard_negative
A021664,normal
A021665,hard_negative
A021666,normal
A021667,hard_negative
A021668,normal
A021669,normal
A021670,hard_negative
A021671,normal
A021672,normal
A021673,normal
A021674,normal
A021675,normal
A021676,ring
A021677,normal
A021678,normal
A021679,normal
A021680,normal
A021681,normal
A021682,normal
A021683,normal
A021684,normal
A021685,normal
A021686,normal
A021687,normal
A021688,normal
A021689,normal
A021690,hard_negative
A021691,normal
A021692,normal
A021693,normal
A021694,normal
A021695,normal
A021696,normal
A021697,normal
A021698,normal
A021699,normal
A021700,normal
A021701,ring
A021702,normal
A021703,hard_negative
A021704,hard_negative
A021705,normal
A021706,hard_negative
A021707,normal
A021708,normal
A021709,normal
A021710,hard_negative
A021711,normal
A021712,normal
A021713,normal
A021714,normal
A021715,normal
A021716,normal
A021717,normal
A021718,normal
A021719,normal
A021720,normal
A021721,ring
A021722,normal
A021723,normal
A021724,normal
A021725,normal
A021726,normal
A021727,normal
A021728,normal
A021729,ring
A021730,normal
A021731,normal
A021732,normal
A021733,normal
A021734,normal
A021735,normal
A021736,normal
A021737,normal
A021738,normal
A021739,normal
A021740,normal
A021741,normal
A021742,hard_negative
A021743,hard_negative
A021744,normal
A021745,normal
A021746,hard_negative
A021747,hard_negative
A021748,ring
A021749,hard_negative
A021750,normal
A021751,normal
A021752,normal
A021753,hard_negative
A021754,normal
A021755,normal
A021756,ring
A021757,normal
A021758,ring
A021759,normal
A021760,normal
A021761,normal
A021762,ring
A021763,normal
A021764,hard_negative
A021765,normal
A021766,hard_negative
A021767,normal
A021768,hard_negative
A021769,hard_negative
A021770,normal
A021771,normal
A021772,normal
A021773,normal
A021774,normal
A021775,normal
A021776,hard_negative
A021777,normal
A021778,normal
A021779,normal
A021780,normal
A021781,normal
A021782,normal
A021783,hard_negative
A021784,normal
A021785,normal
A021786,hard_negative
A021787,normal
A021788,hard_negative
A021789,normal
A021790,normal
A021791,normal
A021792,normal
A021793,hard_negative
A021794,hard_negative
A021795,normal
A021796,normal
A021797,normal
A021798,normal
A021799,normal
A021800,normal
A021801,normal
A021802,normal
A021803,normal
A021804,normal
A021805,hard_negative
A021806,ring
A021807,normal
A021808,ring
A021809,hard_negative
A021810,normal
A021811,normal
A021812,normal
A021813,hard_negative
A021814,normal
A021815,hard_negative
A021816,normal
A021817,normal
A021818,hard_negative
A021819,normal
A021820,normal
A021821,normal
A021822,normal
A021823,hard_negative
A021824,normal
A021825,normal
A021826,hard_negative
A021827,normal
A021828,normal
A021829,normal
A021830,normal
A021831,normal
A021832,normal
A021833,normal
A021834,normal
A021835,normal
A021836,normal
A021837,normal
A021838,normal
A021839,normal
A021840,hard_negative
A021841,normal
A021842,normal
A021843,normal
A021844,normal
A021845,normal
A021846,normal
A021847,normal
A021848,normal
A021849,hard_negative
A021850,normal
A021851,normal
A021852,normal
A021853,normal
A021854,normal
A021855,normal
A021856,hard_negative
A021857,normal
A021858,normal
A021859,normal
A021860,hard_negative
A021861,normal
A021862,normal
A021863,hard_negative
A021864,normal
A021865,normal
A021866,normal
A021867,normal
A021868,normal
A021869,normal
A021870,ring
A021871,normal
A021872,normal
A021873,normal
A021874,normal
A021875,normal
A021876,normal
A021877,normal
A021878,normal
A021879,hard_negative
A021880,normal
A021881,normal
A021882,normal
A021883,normal
A021884,hard_negative
A021885,normal
A021886,normal
A021887,normal
A021888,normal
A021889,normal
A021890,normal
A021891,normal
A021892,normal
A021893,hard_negative
A021894,normal
A021895,ring
A021896,normal
A021897,normal
A021898,normal
A021899,normal
A021900,normal
A021901,normal
A021902,ring
A021903,normal
A021904,normal
A021905,hard_negative
A021906,normal
A021907,normal
A021908,normal
A021909,normal
A021910,normal
A021911,normal
A021912,normal
A021913,normal
A021914,normal
A021915,normal
A021916,hard_negative
A021917,normal
A021918,normal
A021919,hard_negative
A021920,hard_negative
A021921,normal
A021922,normal
A021923,hard_negative
A021924,normal
A021925,normal
A021926,normal
A021927,normal
A021928,normal
A021929,ring
A021930,normal
A021931,normal
A021932,normal
A021933,normal
A021934,normal
A021935,normal
A021936,normal
A021937,normal
A021938,normal
A021939,hard_negative
A021940,normal
A021941,normal
A021942,normal
A021943,normal
A021944,ring
A021945,normal
A021946,normal
A021947,hard_negative
A021948,normal
A021949,normal
A021950,normal
A021951,normal
A021952,normal
A021953,normal
A021954,normal
A021955,normal
A021956,normal
A021957,normal
A021958,normal
A021959,normal
A021960,normal
A021961,normal
A021962,normal
A021963,normal
A021964,normal
A021965,normal
A021966,normal
A021967,normal
A021968,normal
A021969,normal
A021970,normal
A021971,hard_negative
A021972,normal
A021973,hard_negative
A021974,normal
A021975,normal
A021976,normal
A021977,normal
A021978,hard_negative
A021979,normal
A021980,normal
A021981,normal
A021982,normal
A021983,hard_negative
A021984,normal
A021985,hard_negative
A021986,normal
A021987,normal
A021988,normal
A021989,normal
A021990,normal
A021991,hard_negative
A021992,normal
A021993,normal
A021994,normal
A021995,normal
A021996,normal
A021997,hard_negative
A021998,normal
A021999,normal
A022000,normal
A022001,normal
A022002,ring
A022003,normal
A022004,normal
A022005,normal
A022006,normal
A022007,ring
A022008,normal
A022009,normal
A022010,normal
A022011,hard_negative
A022012,normal
A022013,hard_negative
A022014,ring
A022015,normal
A022016,normal
A022017,normal
A022018,normal
A022019,hard_negative
A022020,normal
A022021,normal
A022022,normal
A022023,normal
A022024,normal
A022025,hard_negative
A022026,normal
A022027,hard_negative
A022028,normal
A022029,normal
A022030,normal
A022031,normal
A022032,normal
A022033,normal
A022034,hard_negative
A022035,hard_negative
A022036,normal
A022037,normal
A022038,ring
A022039,normal
A022040,normal
A022041,normal
A022042,normal
A022043,hard_negative
A022044,normal
A022045,normal
A022046,normal
A022047,normal
A022048,normal
A022049,normal
A022050,normal
A022051,normal
A022052,normal
A022053,normal
A022054,normal
A022055,normal
A022056,normal
A022057,ring
A022058,normal
A022059,hard_negative
A022060,normal
A022061,hard_negative
A022062,normal
A022063,ring
A022064,hard_negative
A022065,normal
A022066,normal
A022067,hard_negative
A022068,normal
A022069,normal
A022070,normal
A022071,normal
A022072,normal
A022073,normal
A022074,normal
A022075,normal
A022076,normal
A022077,normal
A022078,normal
A022079,normal
A022080,normal
A022081,normal
A022082,normal
A022083,normal
A022084,normal
A022085,normal
A022086,hard_negative
A022087,normal
A022088,normal
A022089,normal
A022090,normal
A022091,normal
A022092,normal
A022093,normal
A022094,normal
A022095,normal
A022096,normal
A022097,hard_negative
A022098,hard_negative
A022099,normal
A022100,normal
A022101,normal
A022102,normal
A022103,normal
A022104,hard_negative
A022105,normal
A022106,normal
A022107,normal
A022108,ring
A022109,normal
A022110,normal
A022111,normal
A022112,normal
A022113,normal
A022114,hard_negative
A022115,normal
A022116,hard_negative
A022117,normal
A022118,normal
A022119,normal
A022120,ring
A022121,normal
A022122,normal
A022123,hard_negative
A022124,normal
A022125,normal
A022126,ring
A022127,normal
A022128,ring
A022129,normal
A022130,normal
A022131,normal
A022132,ring
A022133,normal
A022134,normal
A022135,normal
A022136,ring
A022137,normal
A022138,normal
A022139,normal
A022140,hard_negative
A022141,normal
A022142,normal
A022143,ring
A022144,normal
A022145,normal
A022146,normal
A022147,normal
A022148,normal
A022149,normal
A022150,normal
A022151,normal
A022152,normal
A022153,normal
A022154,normal
A022155,normal
A022156,normal
A022157,normal
A022158,normal
A022159,normal
A022160,normal
A022161,normal
A022162,normal
A022163,normal
A022164,ring
A022165,normal
A022166,normal
A022167,normal
A022168,normal
A022169,normal
A022170,normal
A022171,normal
A022172,normal
A022173,normal
A022174,hard_negative
A022175,normal
A022176,normal
A022177,normal
A022178,normal
A022179,normal
A022180,normal
A022181,normal
A022182,hard_negative
A022183,hard_negative
A022184,normal
A022185,normal
A022186,normal
A022187,normal
A022188,normal
A022189,normal
A022190,normal
A022191,normal
A022192,normal
A022193,normal
A022194,normal
A022195,normal
A022196,normal
A022197,normal
A022198,normal
A022199,normal
A022200,normal
A022201,normal
A022202,normal
A022203,normal
A022204,normal
A022205,hard_negative
A022206,normal
A022207,normal
A022208,normal
A022209,hard_negative
A022210,normal
A022211,normal
A022212,normal
A022213,normal
A022214,hard_negative
A022215,normal
A022216,ring
A022217,normal
A022218,normal
A022219,ring
A022220,normal
A022221,normal
A022222,normal
A022223,normal
A022224,normal
A022225,normal
A022226,normal
A022227,hard_negative
A022228,normal
A022229,normal
A022230,normal
A022231,normal
A022232,ring
A022233,normal
A022234,normal
A022235,normal
A022236,normal
A022237,normal
A022238,normal
A022239,normal
A022240,hard_negative
A022241,normal
A022242,normal
A022243,normal
A022244,normal
A022245,normal
A022246,normal
A022247,normal
A022248,hard_negative
A022249,normal
A022250,hard_negative
A022251,normal
A022252,normal
A022253,normal
A022254,hard_negative
A022255,normal
A022256,normal
A022257,normal
A022258,normal
A022259,normal
A022260,normal
A022261,normal
A022262,normal
A022263,normal
A022264,normal
A022265,hard_negative
A022266,normal
A022267,normal
A022268,normal
A022269,normal
A022270,normal
A022271,normal
A022272,hard_negative
A022273,normal
A022274,normal
A022275,ring
A022276,hard_negative
A022277,normal
A022278,normal
A022279,normal
A022280,normal
A022281,normal
A022282,normal
A022283,normal
A022284,normal
A022285,hard_negative
A022286,normal
A022287,normal
A022288,normal
A022289,normal
A022290,normal
A022291,ring
A022292,normal
A022293,normal
A022294,hard_negative
A022295,normal
A022296,normal
A022297,normal
A022298,normal
A022299,normal
A022300,normal
A022301,ring
A022302,normal
A022303,normal
A022304,normal
A022305,normal
A022306,normal
A022307,normal
A022308,hard_negative
A022309,normal
A022310,hard_negative
A022311,normal
A022312,normal
A022313,ring
A022314,normal
A022315,normal
A022316,normal
A022317,normal
A022318,normal
A022319,normal
A022320,normal
A022321,normal
A022322,normal
A022323,normal
A022324,normal
A022325,normal
A022326,normal
A022327,normal
A022328,ring
A022329,normal
A022330,normal
A022331,normal
A022332,normal
A022333,hard_negative
A022334,normal
A022335,normal
A022336,normal
A022337,ring
A022338,normal
A022339,normal
A022340,hard_negative
A022341,normal
A022342,normal
A022343,normal
A022344,normal
A022345,normal
A022346,normal
A022347,normal
A022348,ring
A022349,hard_negative
A022350,normal
A022351,normal
A022352,normal
A022353,normal
A022354,ring
A022355,normal
A022356,normal
A022357,normal
A022358,normal
A022359,normal
A022360,normal
A022361,normal
A022362,normal
A022363,normal
A022364,normal
A022365,normal
A022366,normal
A022367,normal
A022368,normal
A022369,normal
A022370,normal
A022371,normal
A022372,normal
A022373,normal
A022374,normal
A022375,normal
A022376,normal
A022377,hard_negative
A022378,normal
A022379,normal
A022380,hard_negative
A022381,normal
A022382,normal
A022383,normal
A022384,normal
A022385,normal
A022386,normal
A022387,normal
A022388,normal
A022389,normal
A022390,hard_negative
A022391,normal
A022392,hard_negative
A022393,hard_negative
A022394,normal
A022395,normal
A022396,ring
A022397,normal
A022398,normal
A022399,normal
A022400,ring
A022401,normal
A022402,hard_negative
A022403,ring
A022404,hard_negative
A022405,normal
A022406,normal
A022407,ring
A022408,normal
A022409,normal
A022410,normal
A022411,normal
A022412,normal
A022413,hard_negative
A022414,normal
A022415,normal
A022416,normal
A022417,normal
A022418,normal
A022419,hard_negative
A022420,normal
A022421,normal
A022422,normal
A022423,hard_negative
A022424,normal
A022425,normal
A022426,normal
A022427,normal
A022428,normal
A022429,normal
A022430,hard_negative
A022431,normal
A022432,normal
A022433,normal
A022434,hard_negative
A022435,normal
A022436,normal
A022437,normal
A022438,normal
A022439,normal
A022440,normal
A022441,normal
A022442,normal
A022443,normal
A022444,hard_negative
A022445,hard_negative
A022446,hard_negative
A022447,normal
A022448,normal
A022449,normal
A022450,normal
A022451,normal
A022452,normal
A022453,normal
A022454,normal
A022455,hard_negative
A022456,normal
A022457,normal
A022458,hard_negative
A022459,normal
A022460,ring
A022461,normal
A022462,normal
A022463,hard_negative
A022464,normal
A022465,normal
A022466,normal
A022467,normal
A022468,normal
A022469,normal
A022470,normal
A022471,normal
A022472,normal
A022473,hard_negative
A022474,normal
A022475,normal
A022476,normal
A022477,normal
A022478,normal
A022479,normal
A022480,normal
A022481,normal
A022482,normal
A022483,normal
A022484,normal
A022485,normal
A022486,normal
A022487,normal
A022488,normal
A022489,normal
A022490,hard_negative
A022491,normal
A022492,normal
A022493,normal
A022494,hard_negative
A022495,normal
A022496,normal
A022497,normal
A022498,normal
A022499,normal
A022500,ring
A022501,normal
A022502,normal
A022503,normal
A022504,normal
A022505,hard_negative
A022506,normal
A022507,normal
A022508,normal
A022509,normal
A022510,normal
A022511,normal
A022512,normal
A022513,hard_negative
A022514,normal
A022515,normal
A022516,normal
A022517,hard_negative
A022518,normal
A022519,normal
A022520,normal
A022521,hard_negative
A022522,normal
A022523,normal
A022524,normal
A022525,normal
A022526,normal
A022527,ring
A022528,normal
A022529,normal
A022530,hard_negative
A022531,normal
A022532,normal
A022533,normal
A022534,hard_negative
A022535,normal
A022536,hard_negative
A022537,normal
A022538,normal
A022539,normal
A022540,hard_negative
A022541,normal
A022542,normal
A022543,hard_negative
A022544,hard_negative
A022545,normal
A022546,hard_negative
A022547,normal
A022548,normal
A022549,normal
A022550,hard_negative
A022551,normal
A022552,normal
A022553,normal
A022554,normal
A022555,normal
A022556,normal
A022557,normal
A022558,ring
A022559,normal
A022560,ring
A022561,normal
A022562,normal
A022563,normal
A022564,normal
A022565,normal
A022566,normal
A022567,normal
A022568,normal
A022569,normal
A022570,normal
A022571,hard_negative
A022572,hard_negative
A022573,normal
A022574,normal
A022575,normal
A022576,normal
A022577,normal
A022578,normal
A022579,normal
A022580,normal
A022581,ring
A022582,normal
A022583,normal
A022584,normal
A022585,normal
A022586,normal
A022587,normal
A022588,normal
A022589,hard_negative
A022590,normal
A022591,hard_negative
A022592,normal
A022593,normal
A022594,normal
A022595,ring
A022596,hard_negative
A022597,normal
A022598,normal
A022599,normal
A022600,normal
A022601,ring
A022602,hard_negative
A022603,normal
A022604,hard_negative
A022605,normal
A022606,normal
A022607,normal
A022608,hard_negative
A022609,normal
A022610,hard_negative
A022611,normal
A022612,normal
A022613,hard_negative
A022614,hard_negative
A022615,normal
A022616,ring
A022617,normal
A022618,normal
A022619,normal
A022620,normal
A022621,ring
A022622,normal
A022623,normal
A022624,normal
A022625,hard_negative
A022626,normal
A022627,normal
A022628,hard_negative
A022629,normal
A022630,hard_negative
A022631,normal
A022632,normal
A022633,normal
A022634,normal
A022635,normal
A022636,normal
A022637,normal
A022638,hard_negative
A022639,normal
A022640,normal
A022641,normal
A022642,normal
A022643,normal
A022644,normal
A022645,hard_negative
A022646,normal
A022647,normal
A022648,normal
A022649,normal
A022650,normal
A022651,normal
A022652,normal
A022653,normal
A022654,normal
A022655,normal
A022656,normal
A022657,normal
A022658,normal
A022659,normal
A022660,normal
A022661,normal
A022662,normal
A022663,normal
A022664,normal
A022665,normal
A022666,normal
A022667,normal
A022668,normal
A022669,normal
A022670,normal
A022671,normal
A022672,normal
A022673,normal
A022674,normal
A022675,normal
A022676,normal
A022677,hard_negative
A022678,normal
A022679,hard_negative
A022680,ring
A022681,normal
A022682,normal
A022683,normal
A022684,normal
A022685,normal
A022686,normal
A022687,normal
A022688,normal
A022689,normal
A022690,normal
A022691,normal
A022692,normal
A022693,normal
A022694,normal
A022695,normal
A022696,hard_negative
A022697,normal
A022698,normal
A022699,normal
A022700,normal
A022701,normal
A022702,normal
A022703,normal
A022704,hard_negative
A022705,hard_negative
A022706,normal
A022707,normal
A022708,normal
A022709,normal
A022710,ring
A022711,normal
A022712,normal
A022713,normal
A022714,normal
A022715,normal
A022716,normal
A022717,normal
A022718,normal
A022719,normal
A022720,normal
A022721,hard_negative
A022722,normal
A022723,normal
A022724,normal
A022725,normal
A022726,hard_negative
A022727,normal
A022728,normal
A022729,normal
A022730,normal
A022731,normal
A022732,normal
A022733,normal
A022734,normal
A022735,hard_negative
A022736,normal
A022737,ring
A022738,normal
A022739,normal
A022740,normal
A022741,hard_negative
A022742,normal
A022743,normal
A022744,normal
A022745,normal
A022746,normal
A022747,normal
A022748,normal
A022749,normal
A022750,normal
A022751,normal
A022752,normal
A022753,normal
A022754,normal
A022755,normal
A022756,hard_negative
A022757,hard_negative
A022758,hard_negative
A022759,normal
A022760,normal
A022761,normal
A022762,normal
A022763,normal
A022764,normal
A022765,normal
A022766,normal
A022767,hard_negative
A022768,normal
A022769,normal
A022770,normal
A022771,normal
A022772,normal
A022773,normal
A022774,ring
A022775,normal
A022776,normal
A022777,normal
A022778,normal
A022779,normal
A022780,normal
A022781,normal
A022782,normal
A022783,normal
A022784,normal
A022785,normal
A022786,ring
A022787,normal
A022788,normal
A022789,normal
A022790,normal
A022791,normal
A022792,normal
A022793,normal
A022794,normal
A022795,normal
A022796,normal
A022797,normal
A022798,normal
A022799,normal
A022800,hard_negative
A022801,ring
A022802,normal
A022803,hard_negative
A022804,normal
A022805,normal
A022806,normal
A022807,normal
A022808,hard_negative
A022809,normal
A022810,normal
A022811,normal
A022812,normal
A022813,hard_negative
A022814,hard_negative
A022815,normal
A022816,normal
A022817,normal
A022818,normal
A022819,normal
A022820,normal
A022821,normal
A022822,normal
A022823,normal
A022824,normal
A022825,normal
A022826,normal
A022827,normal
A022828,normal
A022829,hard_negative
A022830,normal
A022831,ring
A022832,normal
A022833,normal
A022834,normal
A022835,normal
A022836,normal
A022837,normal
A022838,hard_negative
A022839,normal
A022840,normal
A022841,normal
A022842,hard_negative
A022843,normal
A022844,normal
A022845,normal
A022846,normal
A022847,normal
A022848,normal
A022849,normal
A022850,normal
A022851,normal
A022852,normal
A022853,normal
A022854,normal
A022855,normal
A022856,normal
A022857,normal
A022858,ring
A022859,ring
A022860,hard_negative
A022861,hard_negative
A022862,normal
A022863,normal
A022864,normal
A022865,normal
A022866,normal
A022867,hard_negative
A022868,normal
A022869,hard_negative
A022870,normal
A022871,normal
A022872,normal
A022873,normal
A022874,normal
A022875,normal
A022876,normal
A022877,normal
A022878,ring
A022879,hard_negative
A022880,normal
A022881,normal
A022882,normal
A022883,hard_negative
A022884,normal
A022885,hard_negative
A022886,normal
A022887,normal
A022888,normal
A022889,normal
A022890,normal
A022891,normal
A022892,normal
A022893,normal
A022894,normal
A022895,normal
A022896,ring
A022897,hard_negative
A022898,normal
A022899,normal
A022900,normal
A022901,normal
A022902,normal
A022903,normal
A022904,normal
A022905,normal
A022906,normal
A022907,ring
A022908,normal
A022909,normal
A022910,normal
A022911,normal
A022912,hard_negative
A022913,normal
A022914,normal
A022915,normal
A022916,hard_negative
A022917,normal
A022918,normal
A022919,hard_negative
A022920,normal
A022921,normal
A022922,normal
A022923,normal
A022924,normal
A022925,hard_negative
A022926,normal
A022927,normal
A022928,normal
A022929,normal
A022930,normal
A022931,normal
A022932,normal
A022933,normal
A022934,normal
A022935,normal
A022936,normal
A022937,normal
A022938,hard_negative
A022939,normal
A022940,normal
A022941,normal
A022942,normal
A022943,normal
A022944,normal
A022945,normal
A022946,normal
A022947,normal
A022948,normal
A022949,normal
A022950,normal
A022951,ring
A022952,normal
A022953,normal
A022954,normal
A022955,normal
A022956,normal
A022957,hard_negative
A022958,normal
A022959,ring
A022960,normal
A022961,normal
A022962,normal
A022963,normal
A022964,normal
A022965,normal
A022966,normal
A022967,normal
A022968,normal
A022969,normal
A022970,normal
A022971,normal
A022972,hard_negative
A022973,normal
A022974,normal
A022975,ring
A022976,normal
A022977,normal
A022978,ring
A022979,normal
A022980,normal
A022981,normal
A022982,normal
A022983,hard_negative
A022984,normal
A022985,ring
A022986,normal
A022987,normal
A022988,normal
A022989,normal
A022990,normal
A022991,normal
A022992,hard_negative
A022993,hard_negative
A022994,normal
A022995,normal
A022996,hard_negative
A022997,normal
A022998,hard_negative
A022999,normal
A023000,normal
A023001,hard_negative
A023002,ring
A023003,normal
A023004,normal
A023005,ring
A023006,normal
A023007,normal
A023008,normal
A023009,hard_negative
A023010,normal
A023011,hard_negative
A023012,hard_negative
A023013,normal
A023014,normal
A023015,normal
A023016,normal
A023017,normal
A023018,hard_negative
A023019,ring
A023020,hard_negative
A023021,normal
A023022,hard_negative
A023023,hard_negative
A023024,normal
A023025,normal
A023026,normal
A023027,normal
A023028,normal
A023029,hard_negative
A023030,normal
A023031,normal
A023032,ring
A023033,normal
A023034,ring
A023035,hard_negative
A023036,normal
A023037,hard_negative
A023038,normal
A023039,hard_negative
A023040,normal
A023041,normal
A023042,normal
A023043,normal
A023044,normal
A023045,normal
A023046,normal
A023047,hard_negative
A023048,normal
A023049,ring
A023050,normal
A023051,normal
A023052,normal
A023053,hard_negative
A023054,ring
A023055,normal
A023056,normal
A023057,normal
A023058,normal
A023059,normal
A023060,normal
A023061,normal
A023062,normal
A023063,normal
A023064,normal
A023065,normal
A023066,normal
A023067,normal
A023068,normal
A023069,hard_negative
A023070,normal
A023071,normal
A023072,ring
A023073,normal
A023074,normal
A023075,normal
A023076,normal
A023077,normal
A023078,normal
A023079,normal
A023080,normal
A023081,normal
A023082,normal
A023083,hard_negative
A023084,normal
A023085,normal
A023086,normal
A023087,hard_negative
A023088,normal
A023089,ring
A023090,normal
A023091,normal
A023092,hard_negative
A023093,hard_negative
A023094,normal
A023095,normal
A023096,normal
A023097,ring
A023098,normal
A023099,hard_negative
A023100,normal
A023101,normal
A023102,normal
A023103,normal
A023104,ring
A023105,hard_negative
A023106,normal
A023107,normal
A023108,normal
A023109,normal
A023110,normal
A023111,normal
A023112,normal
A023113,normal
A023114,normal
A023115,normal
A023116,normal
A023117,normal
A023118,normal
A023119,normal
A023120,normal
A023121,normal
A023122,hard_negative
A023123,normal
A023124,normal
A023125,normal
A023126,normal
A023127,hard_negative
A023128,hard_negative
A023129,normal
A023130,normal
A023131,normal
A023132,normal
A023133,ring
A023134,normal
A023135,hard_negative
A023136,normal
A023137,normal
A023138,normal
A023139,normal
A023140,normal
A023141,normal
A023142,normal
A023143,normal
A023144,normal
A023145,normal
A023146,normal
A023147,hard_negative
A023148,ring
A023149,normal
A023150,normal
A023151,hard_negative
A023152,normal
A023153,normal
A023154,normal
A023155,normal
A023156,normal
A023157,normal
A023158,normal
A023159,normal
A023160,ring
A023161,normal
A023162,normal
A023163,normal
A023164,hard_negative
A023165,normal
A023166,normal
A023167,normal
A023168,hard_negative
A023169,hard_negative
A023170,normal
A023171,hard_negative
A023172,hard_negative
A023173,normal
A023174,normal
A023175,normal
A023176,normal
A023177,normal
A023178,normal
A023179,hard_negative
A023180,normal
A023181,normal
A023182,normal
A023183,normal
A023184,normal
A023185,normal
A023186,normal
A023187,normal
A023188,hard_negative
A023189,normal
A023190,normal
A023191,normal
A023192,normal
A023193,normal
A023194,normal
A023195,normal
A023196,normal
A023197,normal
A023198,normal
A023199,normal
A023200,normal
A023201,normal
A023202,normal
A023203,normal
A023204,normal
A023205,normal
A023206,normal
A023207,normal
A023208,normal
A023209,hard_negative
A023210,hard_negative
A023211,hard_negative
A023212,normal
A023213,hard_negative
A023214,normal
A023215,normal
A023216,normal
A023217,normal
A023218,normal
A023219,normal
A023220,hard_negative
A023221,normal
A023222,normal
A023223,normal
A023224,normal
A023225,normal
A023226,normal
A023227,normal
A023228,normal
A023229,normal
A023230,normal
A023231,normal
A023232,normal
A023233,normal
A023234,normal
A023235,hard_negative
A023236,normal
A023237,hard_negative
A023238,normal
A023239,normal
A023240,normal
A023241,hard_negative
A023242,hard_negative
A023243,normal
A023244,hard_negative
A023245,normal
A023246,hard_negative
A023247,ring
A023248,normal
A023249,normal
A023250,ring
A023251,normal
A023252,normal
A023253,hard_negative
A023254,normal
A023255,normal
A023256,normal
A023257,normal
A023258,normal
A023259,normal
A023260,normal
A023261,ring
A023262,normal
A023263,normal
A023264,normal
A023265,normal
A023266,normal
A023267,normal
A023268,normal
A023269,normal
A023270,normal
A023271,normal
A023272,normal
A023273,hard_negative
A023274,normal
A023275,hard_negative
A023276,normal
A023277,normal
A023278,normal
A023279,normal
A023280,normal
A023281,normal
A023282,normal
A023283,normal
A023284,normal
A023285,normal
A023286,hard_negative
A023287,ring
A023288,normal
A023289,normal
A023290,hard_negative
A023291,normal
A023292,normal
A023293,hard_negative
A023294,hard_negative
A023295,normal
A023296,normal
A023297,normal
A023298,normal
A023299,normal
A023300,hard_negative
A023301,normal
A023302,normal
A023303,normal
A023304,hard_negative
A023305,ring
A023306,normal
A023307,normal
A023308,normal
A023309,normal
A023310,normal
A023311,normal
A023312,normal
A023313,normal
A023314,normal
A023315,normal
A023316,hard_negative
A023317,normal
A023318,normal
A023319,normal
A023320,normal
A023321,hard_negative
A023322,hard_negative
A023323,normal
A023324,normal
A023325,ring
A023326,normal
A023327,normal
A023328,hard_negative
A023329,normal
A023330,hard_negative
A023331,normal
A023332,normal
A023333,normal
A023334,normal
A023335,normal
A023336,normal
A023337,normal
A023338,normal
A023339,normal
A023340,hard_negative
A023341,normal
A023342,normal
A023343,normal
A023344,normal
A023345,hard_negative
A023346,hard_negative
A023347,normal
A023348,normal
A023349,hard_negative
A023350,normal
A023351,normal
A023352,normal
A023353,hard_negative
A023354,normal
A023355,normal
A023356,normal
A023357,hard_negative
A023358,normal
A023359,normal
A023360,normal
A023361,normal
A023362,hard_negative
A023363,normal
A023364,normal
A023365,normal
A023366,normal
A023367,normal
A023368,hard_negative
A023369,normal
A023370,ring
A023371,normal
A023372,normal
A023373,normal
A023374,normal
A023375,hard_negative
A023376,normal
A023377,normal
A023378,normal
A023379,normal
A023380,normal
A023381,normal
A023382,normal
A023383,hard_negative
A023384,normal
A023385,normal
A023386,normal
A023387,hard_negative
A023388,ring
A023389,normal
A023390,normal
A023391,normal
A023392,normal
A023393,hard_negative
A023394,normal
A023395,normal
A023396,ring
A023397,normal
A023398,normal
A023399,normal
A023400,hard_negative
A023401,normal
A023402,normal
A023403,normal
A023404,normal
A023405,normal
A023406,normal
A023407,normal
A023408,hard_negative
A023409,normal
A023410,normal
A023411,normal
A023412,normal
A023413,normal
A023414,normal
A023415,normal
A023416,normal
A023417,hard_negative
A023418,normal
A023419,normal
A023420,normal
A023421,normal
A023422,hard_negative
A023423,normal
A023424,normal
A023425,hard_negative
A023426,normal
A023427,normal
A023428,normal
A023429,normal
A023430,normal
A023431,normal
A023432,normal
A023433,normal
A023434,normal
A023435,normal
A023436,normal
A023437,normal
A023438,hard_negative
A023439,normal
A023440,normal
A023441,ring
A023442,normal
A023443,normal
A023444,normal
A023445,normal
A023446,normal
A023447,normal
A023448,normal
A023449,normal
A023450,normal
A023451,normal
A023452,normal
A023453,normal
A023454,ring
A023455,normal
A023456,hard_negative
A023457,normal
A023458,normal
A023459,hard_negative
A023460,normal
A023461,hard_negative
A023462,normal
A023463,normal
A023464,normal
A023465,normal
A023466,normal
A023467,hard_negative
A023468,normal
A023469,normal
A023470,normal
A023471,normal
A023472,normal
A023473,normal
A023474,hard_negative
A023475,normal
A023476,normal
A023477,normal
A023478,normal
A023479,normal
A023480,normal
A023481,normal
A023482,normal
A023483,normal
A023484,normal
A023485,normal
A023486,normal
A023487,normal
A023488,normal
A023489,normal
A023490,normal
A023491,hard_negative
A023492,normal
A023493,normal
A023494,normal
A023495,normal
A023496,normal
A023497,normal
A023498,normal
A023499,hard_negative
A023500,normal
A023501,normal
A023502,ring
A023503,normal
A023504,normal
A023505,normal
A023506,normal
A023507,hard_negative
A023508,normal
A023509,hard_negative
A023510,normal
A023511,normal
A023512,normal
A023513,normal
A023514,normal
A023515,normal
A023516,hard_negative
A023517,normal
A023518,normal
A023519,normal
A023520,normal
A023521,normal
A023522,normal
A023523,normal
A023524,normal
A023525,normal
A023526,hard_negative
A023527,normal
A023528,normal
A023529,normal
A023530,hard_negative
A023531,normal
A023532,normal
A023533,normal
A023534,normal
A023535,normal
A023536,normal
A023537,normal
A023538,normal
A023539,normal
A023540,hard_negative
A023541,normal
A023542,ring
A023543,normal
A023544,normal
A023545,normal
A023546,hard_negative
A023547,ring
A023548,normal
A023549,normal
A023550,normal
A023551,normal
A023552,normal
A023553,hard_negative
A023554,normal
A023555,normal
A023556,hard_negative
A023557,normal
A023558,normal
A023559,normal
A023560,normal
A023561,normal
A023562,normal
A023563,normal
A023564,normal
A023565,normal
A023566,hard_negative
A023567,normal
A023568,normal
A023569,normal
A023570,normal
A023571,normal
A023572,normal
A023573,normal
A023574,normal
A023575,normal
A023576,normal
A023577,hard_negative
A023578,normal
A023579,normal
A023580,normal
A023581,normal
A023582,hard_negative
A023583,normal
A023584,normal
A023585,normal
A023586,normal
A023587,normal
A023588,normal
A023589,ring
A023590,hard_negative
A023591,normal
A023592,normal
A023593,normal
A023594,normal
A023595,normal
A023596,normal
A023597,ring
A023598,ring
A023599,normal
A023600,normal
A023601,normal
A023602,ring
A023603,normal
A023604,normal
A023605,hard_negative
A023606,normal
A023607,normal
A023608,normal
A023609,normal
A023610,normal
A023611,hard_negative
A023612,normal
A023613,hard_negative
A023614,normal
A023615,normal
A023616,normal
A023617,hard_negative
A023618,normal
A023619,normal
A023620,normal
A023621,ring
A023622,normal
A023623,normal
A023624,normal
A023625,normal
A023626,normal
A023627,normal
A023628,normal
A023629,normal
A023630,normal
A023631,hard_negative
A023632,hard_negative
A023633,normal
A023634,normal
A023635,normal
A023636,normal
A023637,normal
A023638,hard_negative
A023639,hard_negative
A023640,hard_negative
A023641,hard_negative
A023642,ring
A023643,ring
A023644,normal
A023645,hard_negative
A023646,normal
A023647,hard_negative
A023648,normal
A023649,normal
A023650,ring
A023651,normal
A023652,normal
A023653,normal
A023654,normal
A023655,normal
A023656,normal
A023657,hard_negative
A023658,normal
A023659,ring
A023660,hard_negative
A023661,normal
A023662,normal
A023663,normal
A023664,normal
A023665,hard_negative
A023666,normal
A023667,hard_negative
A023668,normal
A023669,normal
A023670,normal
A023671,normal
A023672,normal
A023673,normal
A023674,normal
A023675,hard_negative
A023676,normal
A023677,normal
A023678,hard_negative
A023679,hard_negative
A023680,hard_negative
A023681,normal
A023682,normal
A023683,normal
A023684,normal
A023685,normal
A023686,normal
A023687,normal
A023688,normal
A023689,normal
A023690,normal
A023691,normal
A023692,normal
A023693,normal
A023694,normal
A023695,normal
A023696,normal
A023697,normal
A023698,normal
A023699,normal
A023700,normal
A023701,ring
A023702,normal
A023703,normal
A023704,normal
A023705,normal
A023706,normal
A023707,normal
A023708,normal
A023709,normal
A023710,hard_negative
A023711,hard_negative
A023712,normal
A023713,hard_negative
A023714,normal
A023715,normal
A023716,normal
A023717,normal
A023718,normal
A023719,normal
A023720,normal
A023721,ring
A023722,normal
A023723,normal
A023724,normal
A023725,normal
A023726,normal
A023727,normal
A023728,normal
A023729,ring
A023730,ring
A023731,normal
A023732,ring
A023733,normal
A023734,normal
A023735,normal
A023736,normal
A023737,hard_negative
A023738,normal
A023739,normal
A023740,normal
A023741,normal
A023742,hard_negative
A023743,normal
A023744,normal
A023745,normal
A023746,normal
A023747,normal
A023748,normal
A023749,normal
A023750,normal
A023751,normal
A023752,normal
A023753,normal
A023754,normal
A023755,hard_negative
A023756,normal
A023757,normal
A023758,normal
A023759,ring
A023760,normal
A023761,normal
A023762,normal
A023763,normal
A023764,normal
A023765,ring
A023766,hard_negative
A023767,normal
A023768,hard_negative
A023769,normal
A023770,normal
A023771,normal
A023772,ring
A023773,hard_negative
A023774,normal
A023775,normal
A023776,normal
A023777,normal
A023778,normal
A023779,normal
A023780,normal
A023781,normal
A023782,normal
A023783,normal
A023784,normal
A023785,normal
A023786,normal
A023787,normal
A023788,normal
A023789,normal
A023790,normal
A023791,normal
A023792,ring
A023793,normal
A023794,normal
A023795,hard_negative
A023796,normal
A023797,normal
A023798,normal
A023799,normal
A023800,normal
A023801,normal
A023802,normal
A023803,normal
A023804,normal
A023805,normal
A023806,normal
A023807,normal
A023808,normal
A023809,normal
A023810,normal
A023811,normal
A023812,normal
A023813,normal
A023814,normal
A023815,normal
A023816,normal
A023817,hard_negative
A023818,normal
A023819,normal
A023820,normal
A023821,normal
A023822,normal
A023823,normal
A023824,normal
A023825,normal
A023826,normal
A023827,normal
A023828,hard_negative
A023829,normal
A023830,normal
A023831,normal
A023832,normal
A023833,normal
A023834,normal
A023835,normal
A023836,normal
A023837,normal
A023838,normal
A023839,normal
A023840,hard_negative
A023841,ring
A023842,normal
A023843,normal
A023844,hard_negative
A023845,normal
A023846,normal
A023847,ring
A023848,normal
A023849,normal
A023850,normal
A023851,ring
A023852,normal
A023853,normal
A023854,normal
A023855,normal
A023856,normal
A023857,ring
A023858,normal
A023859,normal
A023860,hard_negative
A023861,normal
A023862,normal
A023863,normal
A023864,ring
A023865,hard_negative
A023866,normal
A023867,normal
A023868,hard_negative
A023869,hard_negative
A023870,normal
A023871,normal
A023872,normal
A023873,ring
A023874,ring
A023875,hard_negative
A023876,normal
A023877,normal
A023878,normal
A023879,ring
A023880,normal
A023881,normal
A023882,normal
A023883,normal
A023884,normal
A023885,normal
A023886,normal
A023887,hard_negative
A023888,normal
A023889,normal
A023890,normal
A023891,normal
A023892,hard_negative
A023893,normal
A023894,normal
A023895,normal
A023896,normal
A023897,normal
A023898,normal
A023899,normal
A023900,normal
A023901,normal
A023902,normal
A023903,normal
A023904,normal
A023905,normal
A023906,normal
A023907,hard_negative
A023908,normal
A023909,normal
A023910,normal
A023911,normal
A023912,normal
A023913,normal
A023914,normal
A023915,normal
A023916,normal
A023917,normal
A023918,hard_negative
A023919,normal
A023920,normal
A023921,normal
A023922,normal
A023923,normal
A023924,hard_negative
A023925,normal
A023926,normal
A023927,normal
A023928,ring
A023929,normal
A023930,normal
A023931,hard_negative
A023932,normal
A023933,normal
A023934,normal
A023935,normal
A023936,normal
A023937,normal
A023938,normal
A023939,normal
A023940,normal
A023941,hard_negative
A023942,hard_negative
A023943,hard_negative
A023944,normal
A023945,normal
A023946,normal
A023947,normal
A023948,normal
A023949,hard_negative
A023950,normal
A023951,hard_negative
A023952,normal
A023953,normal
A023954,hard_negative
A023955,normal
A023956,ring
A023957,normal
A023958,hard_negative
A023959,normal
A023960,hard_negative
A023961,normal
A023962,normal
A023963,normal
A023964,normal
A023965,normal
A023966,normal
A023967,normal
A023968,hard_negative
A023969,normal
A023970,normal
A023971,normal
A023972,normal
A023973,normal
A023974,normal
A023975,normal
A023976,normal
A023977,normal
A023978,hard_negative
A023979,normal
A023980,normal
A023981,normal
A023982,normal
A023983,normal
A023984,normal
A023985,normal
A023986,normal
A023987,hard_negative
A023988,normal
A023989,normal
A023990,normal
A023991,normal
A023992,normal
A023993,normal
A023994,normal
A023995,normal
A023996,ring
A023997,normal
A023998,normal
A023999,hard_negative
A024000,normal
A024001,hard_negative
A024002,normal
A024003,normal
A024004,normal
A024005,hard_negative
A024006,normal
A024007,hard_negative
A024008,normal
A024009,hard_negative
A024010,normal
A024011,ring
A024012,normal
A024013,normal
A024014,normal
A024015,normal
A024016,hard_negative
A024017,normal
A024018,normal
A024019,normal
A024020,ring
A024021,normal
A024022,normal
A024023,ring
A024024,ring
A024025,normal
A024026,normal
A024027,normal
A024028,hard_negative
A024029,normal
A024030,hard_negative
A024031,hard_negative
A024032,normal
A024033,normal
A024034,normal
A024035,normal
A024036,normal
A024037,normal
A024038,normal
A024039,normal
A024040,normal
A024041,normal
A024042,normal
A024043,normal
A024044,normal
A024045,normal
A024046,normal
A024047,normal
A024048,normal
A024049,normal
A024050,normal
A024051,normal
A024052,normal
A024053,normal
A024054,normal
A024055,normal
A024056,normal
A024057,normal
A024058,normal
A024059,normal
A024060,normal
A024061,normal
A024062,normal
A024063,normal
A024064,normal
A024065,normal
A024066,normal
A024067,normal
A024068,hard_negative
A024069,normal
A024070,normal
A024071,normal
A024072,normal
A024073,normal
A024074,normal
A024075,normal
A024076,normal
A024077,normal
A024078,normal
A024079,normal
A024080,normal
A024081,normal
A024082,normal
A024083,hard_negative
A024084,ring
A024085,hard_negative
A024086,normal
A024087,normal
A024088,hard_negative
A024089,normal
A024090,normal
A024091,normal
A024092,normal
A024093,normal
A024094,normal
A024095,ring
A024096,normal
A024097,hard_negative
A024098,normal
A024099,normal
A024100,normal
A024101,normal
A024102,normal
A024103,normal
A024104,normal
A024105,hard_negative
A024106,normal
A024107,hard_negative
A024108,normal
A024109,normal
A024110,normal
A024111,normal
A024112,normal
A024113,normal
A024114,normal
A024115,normal
A024116,normal
A024117,normal
A024118,normal
A024119,normal
A024120,normal
A024121,normal
A024122,ring
A024123,normal
A024124,normal
A024125,normal
A024126,hard_negative
A024127,normal
A024128,ring
A024129,normal
A024130,normal
A024131,normal
A024132,normal
A024133,normal
A024134,normal
A024135,normal
A024136,normal
A024137,normal
A024138,normal
A024139,normal
A024140,normal
A024141,normal
A024142,normal
A024143,normal
A024144,hard_negative
A024145,normal
A024146,normal
A024147,normal
A024148,normal
A024149,normal
A024150,normal
A024151,ring
A024152,normal
A024153,normal
A024154,normal
A024155,hard_negative
A024156,hard_negative
A024157,ring
A024158,normal
A024159,hard_negative
A024160,normal
A024161,hard_negative
A024162,normal
A024163,normal
A024164,normal
A024165,hard_negative
A024166,normal
A024167,normal
A024168,normal
A024169,normal
A024170,normal
A024171,normal
A024172,normal
A024173,normal
A024174,hard_negative
A024175,normal
A024176,hard_negative
A024177,normal
A024178,normal
A024179,normal
A024180,normal
A024181,normal
A024182,normal
A024183,normal
A024184,normal
A024185,normal
A024186,normal
A024187,normal
A024188,normal
A024189,normal
A024190,normal
A024191,normal
A024192,normal
A024193,ring
A024194,normal
A024195,normal
A024196,normal
A024197,normal
A024198,normal
A024199,normal
A024200,normal
A024201,hard_negative
A024202,normal
A024203,normal
A024204,normal
A024205,hard_negative
A024206,hard_negative
A024207,hard_negative
A024208,normal
A024209,normal
A024210,normal
A024211,normal
A024212,normal
A024213,normal
A024214,hard_negative
A024215,normal
A024216,normal
A024217,normal
A024218,normal
A024219,normal
A024220,hard_negative
A024221,normal
A024222,normal
A024223,normal
A024224,normal
A024225,ring
A024226,normal
A024227,normal
A024228,hard_negative
A024229,normal
A024230,normal
A024231,normal
A024232,normal
A024233,normal
A024234,normal
A024235,normal
A024236,normal
A024237,hard_negative
A024238,normal
A024239,normal
A024240,ring
A024241,normal
A024242,normal
A024243,hard_negative
A024244,normal
A024245,hard_negative
A024246,normal
A024247,normal
A024248,normal
A024249,normal
A024250,hard_negative
A024251,hard_negative
A024252,normal
A024253,normal
A024254,normal
A024255,normal
A024256,normal
A024257,normal
A024258,normal
A024259,normal
A024260,normal
A024261,normal
A024262,normal
A024263,ring
A024264,hard_negative
A024265,normal
A024266,hard_negative
A024267,hard_negative
A024268,normal
A024269,normal
A024270,normal
A024271,normal
A024272,normal
A024273,normal
A024274,normal
A024275,hard_negative
A024276,hard_negative
A024277,normal
A024278,normal
A024279,normal
A024280,normal
A024281,hard_negative
A024282,normal
A024283,normal
A024284,hard_negative
A024285,normal
A024286,normal
A024287,hard_negative
A024288,normal
A024289,normal
A024290,normal
A024291,normal
A024292,normal
A024293,normal
A024294,normal
A024295,normal
A024296,hard_negative
A024297,hard_negative
A024298,normal
A024299,normal
A024300,hard_negative
A024301,normal
A024302,normal
A024303,normal
A024304,hard_negative
A024305,normal
A024306,hard_negative
A024307,normal
A024308,hard_negative
A024309,normal
A024310,normal
A024311,normal
A024312,normal
A024313,normal
A024314,normal
A024315,normal
A024316,normal
A024317,normal
A024318,hard_negative
A024319,normal
A024320,normal
A024321,normal
A024322,normal
A024323,normal
A024324,hard_negative
A024325,normal
A024326,normal
A024327,normal
A024328,normal
A024329,normal
A024330,normal
A024331,normal
A024332,normal
A024333,normal
A024334,ring
A024335,normal
A024336,normal
A024337,normal
A024338,normal
A024339,normal
A024340,normal
A024341,normal
A024342,normal
A024343,normal
A024344,normal
A024345,normal
A024346,normal
A024347,normal
A024348,hard_negative
A024349,normal
A024350,hard_negative
A024351,normal
A024352,normal
A024353,normal
A024354,normal
A024355,normal
A024356,hard_negative
A024357,normal
A024358,hard_negative
A024359,normal
A024360,normal
A024361,normal
A024362,normal
A024363,hard_negative
A024364,normal
A024365,normal
A024366,normal
A024367,normal
A024368,normal
A024369,normal
A024370,normal
A024371,normal
A024372,hard_negative
A024373,normal
A024374,normal
A024375,normal
A024376,normal
A024377,normal
A024378,normal
A024379,normal
A024380,normal
A024381,normal
A024382,normal
A024383,hard_negative
A024384,normal
A024385,normal
A024386,normal
A024387,normal
A024388,normal
A024389,hard_negative
A024390,normal
A024391,hard_negative
A024392,normal
A024393,normal
A024394,normal
A024395,ring
A024396,ring
A024397,normal
A024398,normal
A024399,normal
A024400,normal
A024401,normal
A024402,normal
A024403,normal
A024404,normal
A024405,normal
A024406,normal
A024407,normal
A024408,normal
A024409,hard_negative
A024410,normal
A024411,hard_negative
A024412,normal
A024413,normal
A024414,normal
A024415,normal
A024416,hard_negative
A024417,normal
A024418,normal
A024419,ring
A024420,normal
A024421,normal
A024422,normal
A024423,normal
A024424,normal
A024425,hard_negative
A024426,normal
A024427,normal
A024428,normal
A024429,normal
A024430,normal
A024431,normal
A024432,normal
A024433,hard_negative
A024434,normal
A024435,normal
A024436,normal
A024437,normal
A024438,normal
A024439,normal
A024440,hard_negative
A024441,hard_negative
A024442,normal
A024443,hard_negative
A024444,normal
A024445,normal
A024446,normal
A024447,normal
A024448,normal
A024449,normal
A024450,normal
A024451,hard_negative
A024452,normal
A024453,hard_negative
A024454,normal
A024455,normal
A024456,normal
A024457,normal
A024458,normal
A024459,normal
A024460,hard_negative
A024461,hard_negative
A024462,normal
A024463,normal
A024464,normal
A024465,normal
A024466,hard_negative
A024467,normal
A024468,normal
A024469,hard_negative
A024470,normal
A024471,ring
A024472,normal
A024473,normal
A024474,normal
A024475,hard_negative
A024476,normal
A024477,normal
A024478,normal
A024479,hard_negative
A024480,normal
A024481,ring
A024482,hard_negative
A024483,normal
A024484,normal
A024485,normal
A024486,normal
A024487,normal
A024488,normal
A024489,normal
A024490,normal
A024491,hard_negative
A024492,ring
A024493,normal
A024494,normal
A024495,normal
A024496,normal
A024497,normal
A024498,normal
A024499,hard_negative
A024500,normal
A024501,normal
A024502,normal
A024503,normal
A024504,normal
A024505,normal
A024506,normal
A024507,normal
A024508,normal
A024509,hard_negative
A024510,normal
A024511,normal
A024512,normal
A024513,normal
A024514,normal
A024515,hard_negative
A024516,normal
A024517,normal
A024518,ring
A024519,normal
A024520,normal
A024521,normal
A024522,normal
A024523,normal
A024524,normal
A024525,normal
A024526,normal
A024527,normal
A024528,normal
A024529,normal
A024530,normal
A024531,normal
A024532,normal
A024533,ring
A024534,normal
A024535,hard_negative
A024536,normal
A024537,normal
A024538,normal
A024539,normal
A024540,normal
A024541,normal
A024542,normal
A024543,normal
A024544,normal
A024545,normal
A024546,normal
A024547,normal
A024548,normal
A024549,normal
A024550,hard_negative
A024551,normal
A024552,normal
A024553,hard_negative
A024554,normal
A024555,normal
A024556,normal
A024557,normal
A024558,normal
A024559,normal
A024560,hard_negative
A024561,normal
A024562,normal
A024563,normal
A024564,normal
A024565,normal
A024566,normal
A024567,normal
A024568,hard_negative
A024569,normal
A024570,normal
A024571,normal
A024572,normal
A024573,hard_negative
A024574,normal
A024575,ring
A024576,normal
A024577,normal
A024578,normal
A024579,ring
A024580,normal
A024581,normal
A024582,ring
A024583,hard_negative
A024584,normal
A024585,normal
A024586,normal
A024587,hard_negative
A024588,normal
A024589,normal
A024590,normal
A024591,hard_negative
A024592,normal
A024593,normal
A024594,normal
A024595,normal
A024596,normal
A024597,normal
A024598,normal
A024599,hard_negative
A024600,hard_negative
A024601,normal
A024602,normal
A024603,normal
A024604,normal
A024605,normal
A024606,normal
A024607,normal
A024608,normal
A024609,normal
A024610,hard_negative
A024611,ring
A024612,normal
A024613,normal
A024614,normal
A024615,normal
A024616,normal
A024617,normal
A024618,normal
A024619,normal
A024620,normal
A024621,normal
A024622,normal
A024623,hard_negative
A024624,normal
A024625,hard_negative
A024626,normal
A024627,normal
A024628,normal
A024629,ring
A024630,hard_negative
A024631,normal
A024632,normal
A024633,normal
A024634,normal
A024635,normal
A024636,ring
A024637,normal
A024638,ring
A024639,normal
A024640,normal
A024641,normal
A024642,normal
A024643,hard_negative
A024644,normal
A024645,normal
A024646,normal
A024647,normal
A024648,normal
A024649,normal
A024650,normal
A024651,hard_negative
A024652,normal
A024653,normal
A024654,normal
A024655,ring
A024656,normal
A024657,normal
A024658,hard_negative
A024659,normal
A024660,normal
A024661,normal
A024662,normal
A024663,normal
A024664,normal
A024665,normal
A024666,ring
A024667,normal
A024668,normal
A024669,normal
A024670,normal
A024671,normal
A024672,normal
A024673,normal
A024674,normal
A024675,normal
A024676,normal
A024677,normal
A024678,hard_negative
A024679,normal
A024680,hard_negative
A024681,normal
A024682,normal
A024683,normal
A024684,hard_negative
A024685,hard_negative
A024686,normal
A024687,normal
A024688,hard_negative
A024689,hard_negative
A024690,normal
A024691,normal
A024692,normal
A024693,normal
A024694,normal
A024695,normal
A024696,normal
A024697,normal
A024698,hard_negative
A024699,normal
A024700,normal
A024701,normal
A024702,normal
A024703,normal
A024704,normal
A024705,normal
A024706,normal
A024707,hard_negative
A024708,normal
A024709,normal
A024710,normal
A024711,normal
A024712,normal
A024713,normal
A024714,normal
A024715,normal
A024716,normal
A024717,hard_negative
A024718,hard_negative
A024719,ring
A024720,ring
A024721,normal
A024722,normal
A024723,normal
A024724,normal
A024725,ring
A024726,normal
A024727,hard_negative
A024728,normal
A024729,normal
A024730,hard_negative
A024731,normal
A024732,normal
A024733,normal
A024734,normal
A024735,normal
A024736,normal
A024737,normal
A024738,normal
A024739,hard_negative
A024740,normal
A024741,hard_negative
A024742,normal
A024743,hard_negative
A024744,hard_negative
A024745,hard_negative
A024746,normal
A024747,normal
A024748,normal
A024749,normal
A024750,normal
A024751,hard_negative
A024752,normal
A024753,normal
A024754,hard_negative
A024755,normal
A024756,normal
A024757,normal
A024758,normal
A024759,hard_negative
A024760,normal
A024761,hard_negative
A024762,normal
A024763,normal
A024764,normal
A024765,normal
A024766,normal
A024767,normal
A024768,normal
A024769,normal
A024770,normal
A024771,normal
A024772,normal
A024773,normal
A024774,ring
A024775,ring
A024776,normal
A024777,normal
A024778,normal
A024779,normal
A024780,ring
A024781,hard_negative
A024782,normal
A024783,normal
A024784,normal
A024785,normal
A024786,hard_negative
A024787,normal
A024788,normal
A024789,normal
A024790,normal
A024791,normal
A024792,normal
A024793,normal
A024794,normal
A024795,hard_negative
A024796,normal
A024797,normal
A024798,normal
A024799,normal
A024800,normal
A024801,normal
A024802,normal
A024803,normal
A024804,normal
A024805,normal
A024806,normal
A024807,normal
A024808,ring
A024809,normal
A024810,normal
A024811,normal
A024812,normal
A024813,normal
A024814,normal
A024815,hard_negative
A024816,normal
A024817,normal
A024818,normal
A024819,normal
A024820,normal
A024821,normal
A024822,normal
A024823,normal
A024824,normal
A024825,normal
A024826,ring
A024827,normal
A024828,normal
A024829,normal
A024830,normal
A024831,normal
A024832,normal
A024833,normal
A024834,normal
A024835,normal
A024836,normal
A024837,hard_negative
A024838,hard_negative
A024839,normal
A024840,normal
A024841,ring
A024842,normal
A024843,normal
A024844,normal
A024845,normal
A024846,hard_negative
A024847,normal
A024848,normal
A024849,normal
A024850,normal
A024851,hard_negative
A024852,normal
A024853,ring
A024854,normal
A024855,normal
A024856,normal
A024857,ring
A024858,normal
A024859,normal
A024860,normal
A024861,normal
A024862,hard_negative
A024863,normal
A024864,normal
A024865,normal
A024866,normal
A024867,normal
A024868,normal
A024869,normal
A024870,normal
A024871,normal
A024872,normal
A024873,normal
A024874,normal
A024875,normal
A024876,normal
A024877,hard_negative
A024878,ring
A024879,normal
A024880,normal
A024881,ring
A024882,normal
A024883,normal
A024884,normal
A024885,normal
A024886,normal
A024887,normal
A024888,normal
A024889,normal
A024890,normal
A024891,hard_negative
A024892,normal
A024893,normal
A024894,normal
A024895,normal
A024896,normal
A024897,normal
A024898,normal
A024899,normal
A024900,hard_negative
A024901,normal
A024902,normal
A024903,normal
A024904,normal
A024905,normal
A024906,hard_negative
A024907,normal
A024908,normal
A024909,normal
A024910,normal
A024911,normal
A024912,normal
A024913,normal
A024914,normal
A024915,normal
A024916,normal
A024917,normal
A024918,normal
A024919,normal
A024920,normal
A024921,normal
A024922,normal
A024923,normal
A024924,normal
A024925,normal
A024926,hard_negative
A024927,normal
A024928,normal
A024929,hard_negative
A024930,normal
A024931,normal
A024932,normal
A024933,normal
A024934,normal
A024935,hard_negative
A024936,normal
A024937,normal
A024938,normal
A024939,normal
A024940,normal
A024941,normal
A024942,normal
A024943,normal
A024944,normal
A024945,normal
A024946,normal
A024947,hard_negative
A024948,normal
A024949,hard_negative
A024950,normal
A024951,normal
A024952,normal
A024953,normal
A024954,normal
A024955,normal
A024956,normal
A024957,normal
A024958,normal
A024959,hard_negative
A024960,normal
A024961,normal
A024962,normal
A024963,hard_negative
A024964,normal
A024965,normal
A024966,hard_negative
A024967,normal
A024968,normal
A024969,normal
A024970,normal
A024971,normal
A024972,normal
A024973,normal
A024974,ring
A024975,normal
A024976,normal
A024977,hard_negative
A024978,normal
A024979,normal
A024980,hard_negative
A024981,normal
A024982,normal
A024983,normal
A024984,normal
A024985,normal
A024986,normal
A024987,normal
A024988,normal
A024989,normal
A024990,hard_negative
A024991,hard_negative
A024992,hard_negative
A024993,normal
A024994,hard_negative
A024995,hard_negative
A024996,normal
A024997,normal
A024998,normal
A024999,normal
A025000,normal
A025001,normal
A025002,ring
A025003,hard_negative
A025004,normal
A025005,normal
A025006,normal
A025007,hard_negative
A025008,normal
A025009,normal
A025010,normal
A025011,hard_negative
A025012,normal
A025013,hard_negative
A025014,hard_negative
A025015,normal
A025016,normal
A025017,normal
A025018,normal
A025019,normal
A025020,normal
A025021,hard_negative
A025022,normal
A025023,normal
A025024,normal
A025025,normal
A025026,hard_negative
A025027,normal
A025028,normal
A025029,hard_negative
A025030,normal
A025031,normal
A025032,normal
A025033,normal
A025034,hard_negative
A025035,normal
A025036,normal
A025037,normal
A025038,normal
A025039,normal
A025040,normal
A025041,hard_negative
A025042,normal
A025043,hard_negative
A025044,normal
A025045,normal
A025046,normal
A025047,hard_negative
A025048,normal
A025049,normal
A025050,normal
A025051,normal
A025052,normal
A025053,normal
A025054,normal
A025055,normal
A025056,normal
A025057,normal
A025058,normal
A025059,normal
A025060,normal
A025061,normal
A025062,normal
A025063,normal
A025064,hard_negative
A025065,normal
A025066,normal
A025067,normal
A025068,hard_negative
A025069,normal
A025070,normal
A025071,normal
A025072,normal
A025073,hard_negative
A025074,normal
A025075,normal
A025076,ring
A025077,normal
A025078,normal
A025079,hard_negative
A025080,normal
A025081,normal
A025082,normal
A025083,hard_negative
A025084,normal
A025085,normal
A025086,normal
A025087,ring
A025088,normal
A025089,normal
A025090,normal
A025091,normal
A025092,normal
A025093,normal
A025094,normal
A025095,normal
A025096,hard_negative
A025097,normal
A025098,normal
A025099,normal
A025100,normal
A025101,normal
A025102,normal
A025103,normal
A025104,normal
A025105,normal
A025106,normal
A025107,normal
A025108,normal
A025109,hard_negative
A025110,ring
A025111,normal
A025112,hard_negative
A025113,normal
A025114,normal
A025115,normal
A025116,normal
A025117,normal
A025118,normal
A025119,normal
A025120,normal
A025121,hard_negative
A025122,ring
A025123,ring
A025124,normal
A025125,normal
A025126,normal
A025127,normal
A025128,normal
A025129,normal
A025130,normal
A025131,normal
A025132,normal
A025133,normal
A025134,normal
A025135,normal
A025136,normal
A025137,normal
A025138,normal
A025139,normal
A025140,hard_negative
A025141,normal
A025142,normal
A025143,normal
A025144,normal
A025145,normal
A025146,normal
A025147,normal
A025148,normal
A025149,normal
A025150,hard_negative
A025151,normal
A025152,normal
A025153,normal
A025154,normal
A025155,normal
A025156,hard_negative
A025157,normal
A025158,normal
A025159,normal
A025160,normal
A025161,hard_negative
A025162,normal
A025163,normal
A025164,normal
A025165,normal
A025166,normal
A025167,normal
A025168,hard_negative
A025169,normal
A025170,normal
A025171,normal
A025172,normal
A025173,normal
A025174,normal
A025175,normal
A025176,normal
A025177,normal
A025178,ring
A025179,normal
A025180,normal
A025181,normal
A025182,normal
A025183,normal
A025184,hard_negative
A025185,normal
A025186,hard_negative
A025187,hard_negative
A025188,normal
A025189,normal
A025190,hard_negative
A025191,hard_negative
A025192,normal
A025193,normal
A025194,normal
A025195,normal
A025196,normal
A025197,ring
A025198,hard_negative
A025199,normal
A025200,normal
A025201,normal
A025202,normal
A025203,hard_negative
A025204,normal
A025205,hard_negative
A025206,hard_negative
A025207,normal
A025208,ring
A025209,normal
A025210,hard_negative
A025211,normal
A025212,normal
A025213,normal
A025214,normal
A025215,normal
A025216,hard_negative
A025217,normal
A025218,normal
A025219,hard_negative
A025220,normal
A025221,normal
A025222,normal
A025223,normal
A025224,normal
A025225,normal
A025226,normal
A025227,normal
A025228,normal
A025229,normal
A025230,normal
A025231,normal
A025232,normal
A025233,normal
A025234,normal
A025235,normal
A025236,normal
A025237,normal
A025238,normal
A025239,normal
A025240,normal
A025241,normal
A025242,normal
A025243,ring
A025244,normal
A025245,normal
A025246,normal
A025247,normal
A025248,hard_negative
A025249,normal
A025250,normal
A025251,normal
A025252,hard_negative
A025253,normal
A025254,normal
A025255,normal
A025256,normal
A025257,normal
A025258,normal
A025259,hard_negative
A025260,hard_negative
A025261,normal
A025262,normal
A025263,normal
A025264,hard_negative
A025265,normal
A025266,ring
A025267,normal
A025268,normal
A025269,normal
A025270,normal
A025271,normal
A025272,normal
A025273,normal
A025274,normal
A025275,ring
A025276,normal
A025277,normal
A025278,normal
A025279,normal
A025280,normal
A025281,normal
A025282,normal
A025283,normal
A025284,hard_negative
A025285,normal
A025286,normal
A025287,normal
A025288,normal
A025289,normal
A025290,normal
A025291,normal
A025292,hard_negative
A025293,normal
A025294,normal
A025295,normal
A025296,normal
A025297,normal
A025298,normal
A025299,normal
A025300,normal
A025301,normal
A025302,hard_negative
A025303,normal
A025304,normal
A025305,normal
A025306,normal
A025307,normal
A025308,hard_negative
A025309,normal
A025310,normal
A025311,normal
A025312,hard_negative
A025313,normal
A025314,normal
A025315,hard_negative
A025316,normal
A025317,hard_negative
A025318,normal
A025319,normal
A025320,normal
A025321,normal
A025322,normal
A025323,normal
A025324,normal
A025325,normal
A025326,ring
A025327,normal
A025328,normal
A025329,normal
A025330,normal
A025331,normal
A025332,normal
A025333,normal
A025334,normal
A025335,normal
A025336,normal
A025337,normal
A025338,normal
A025339,normal
A025340,normal
A025341,normal
A025342,ring
A025343,hard_negative
A025344,normal
A025345,normal
A025346,normal
A025347,normal
A025348,normal
A025349,normal
A025350,normal
A025351,normal
A025352,normal
A025353,normal
A025354,normal
A025355,normal
A025356,normal
A025357,normal
A025358,normal
A025359,hard_negative
A025360,normal
A025361,normal
A025362,normal
A025363,normal
A025364,hard_negative
A025365,ring
A025366,normal
A025367,normal
A025368,ring
A025369,normal
A025370,hard_negative
A025371,normal
A025372,normal
A025373,normal
A025374,normal
A025375,normal
A025376,normal
A025377,normal
A025378,normal
A025379,hard_negative
A025380,hard_negative
A025381,normal
A025382,normal
A025383,normal
A025384,hard_negative
A025385,normal
A025386,normal
A025387,hard_negative
A025388,normal
A025389,normal
A025390,normal
A025391,hard_negative
A025392,hard_negative
A025393,normal
A025394,normal
A025395,hard_negative
A025396,hard_negative
A025397,hard_negative
A025398,normal
A025399,hard_negative
A025400,normal
A025401,normal
A025402,normal
A025403,normal
A025404,normal
A025405,normal
A025406,normal
A025407,hard_negative
A025408,normal
A025409,normal
A025410,normal
A025411,normal
A025412,normal
A025413,hard_negative
A025414,normal
A025415,normal
A025416,normal
A025417,hard_negative
A025418,normal
A025419,normal
A025420,normal
A025421,normal
A025422,normal
A025423,normal
A025424,normal
A025425,hard_negative
A025426,normal
A025427,normal
A025428,normal
A025429,ring
A025430,normal
A025431,normal
A025432,normal
A025433,normal
A025434,normal
A025435,normal
A025436,normal
A025437,normal
A025438,normal
A025439,normal
A025440,normal
A025441,normal
A025442,normal
A025443,normal
A025444,normal
A025445,normal
A025446,hard_negative
A025447,normal
A025448,normal
A025449,normal
A025450,normal
A025451,normal
A025452,hard_negative
A025453,normal
A025454,normal
A025455,ring
A025456,normal
A025457,hard_negative
A025458,normal
A025459,normal
A025460,normal
A025461,normal
A025462,hard_negative
A025463,hard_negative
A025464,normal
A025465,ring
A025466,normal
A025467,normal
A025468,normal
A025469,normal
A025470,normal
A025471,ring
A025472,normal
A025473,normal
A025474,hard_negative
A025475,normal
A025476,normal
A025477,hard_negative
A025478,normal
A025479,normal
A025480,normal
A025481,hard_negative
A025482,normal
A025483,normal
A025484,normal
A025485,hard_negative
A025486,ring
A025487,normal
A025488,hard_negative
A025489,normal
A025490,normal
A025491,normal
A025492,normal
A025493,hard_negative
A025494,normal
A025495,hard_negative
A025496,normal
A025497,normal
A025498,normal
A025499,normal
A025500,normal
A025501,normal
A025502,normal
A025503,normal
A025504,normal
A025505,normal
A025506,normal
A025507,normal
A025508,normal
A025509,normal
A025510,normal
A025511,normal
A025512,hard_negative
A025513,normal
A025514,normal
A025515,normal
A025516,normal
A025517,normal
A025518,normal
A025519,normal
A025520,normal
A025521,normal
A025522,normal
A025523,normal
A025524,normal
A025525,normal
A025526,normal
A025527,normal
A025528,hard_negative
A025529,normal
A025530,normal
A025531,normal
A025532,normal
A025533,hard_negative
A025534,normal
A025535,normal
A025536,normal
A025537,normal
A025538,normal
A025539,normal
A025540,normal
A025541,normal
A025542,hard_negative
A025543,normal
A025544,normal
A025545,normal
A025546,normal
A025547,normal
A025548,normal
A025549,normal
A025550,normal
A025551,normal
A025552,normal
A025553,normal
A025554,hard_negative
A025555,normal
A025556,normal
A025557,normal
A025558,normal
A025559,hard_negative
A025560,normal
A025561,normal
A025562,normal
A025563,normal
A025564,normal
A025565,normal
A025566,ring
A025567,ring
A025568,normal
A025569,normal
A025570,normal
A025571,normal
A025572,normal
A025573,normal
A025574,normal
A025575,ring
A025576,normal
A025577,normal
A025578,normal
A025579,normal
A025580,normal
A025581,normal
A025582,normal
A025583,hard_negative
A025584,normal
A025585,normal
A025586,ring
A025587,normal
A025588,normal
A025589,normal
A025590,normal
A025591,normal
A025592,ring
A025593,normal
A025594,hard_negative
A025595,normal
A025596,normal
A025597,normal
A025598,normal
A025599,normal
A025600,hard_negative
A025601,normal
A025602,ring
A025603,normal
A025604,normal
A025605,normal
A025606,hard_negative
A025607,normal
A025608,normal
A025609,normal
A025610,normal
A025611,normal
A025612,normal
A025613,normal
A025614,normal
A025615,normal
A025616,normal
A025617,normal
A025618,normal
A025619,normal
A025620,normal
A025621,hard_negative
A025622,normal
A025623,normal
A025624,normal
A025625,normal
A025626,normal
A025627,normal
A025628,normal
A025629,hard_negative
A025630,normal
A025631,normal
A025632,hard_negative
A025633,normal
A025634,normal
A025635,normal
A025636,normal
A025637,normal
A025638,hard_negative
A025639,hard_negative
A025640,hard_negative
A025641,hard_negative
A025642,hard_negative
A025643,normal
A025644,normal
A025645,normal
A025646,normal
A025647,normal
A025648,normal
A025649,normal
A025650,normal
A025651,ring
A025652,normal
A025653,ring
A025654,normal
A025655,normal
A025656,normal
A025657,normal
A025658,normal
A025659,hard_negative
A025660,normal
A025661,normal
A025662,hard_negative
A025663,normal
A025664,normal
A025665,normal
A025666,ring
A025667,normal
A025668,normal
A025669,hard_negative
A025670,normal
A025671,normal
A025672,normal
A025673,normal
A025674,hard_negative
A025675,normal
A025676,normal
A025677,normal
A025678,normal
A025679,normal
A025680,hard_negative
A025681,normal
A025682,normal
A025683,normal
A025684,ring
A025685,hard_negative
A025686,normal
A025687,normal
A025688,normal
A025689,normal
A025690,hard_negative
A025691,normal
A025692,normal
A025693,normal
A025694,hard_negative
A025695,normal
A025696,normal
A025697,hard_negative
A025698,hard_negative
A025699,hard_negative
A025700,normal
A025701,hard_negative
A025702,normal
A025703,normal
A025704,ring
A025705,normal
A025706,normal
A025707,hard_negative
A025708,normal
A025709,normal
A025710,hard_negative
A025711,normal
A025712,normal
A025713,normal
A025714,normal
A025715,normal
A025716,normal
A025717,normal
A025718,normal
A025719,normal
A025720,normal
A025721,normal
A025722,hard_negative
A025723,normal
A025724,hard_negative
A025725,hard_negative
A025726,normal
A025727,normal
A025728,normal
A025729,normal
A025730,normal
A025731,hard_negative
A025732,normal
A025733,normal
A025734,normal
A025735,normal
A025736,normal
A025737,normal
A025738,normal
A025739,normal
A025740,normal
A025741,normal
A025742,hard_negative
A025743,normal
A025744,normal
A025745,normal
A025746,normal
A025747,ring
A025748,normal
A025749,normal
A025750,normal
A025751,ring
A025752,hard_negative
A025753,hard_negative
A025754,normal
A025755,normal
A025756,normal
A025757,normal
A025758,normal
A025759,hard_negative
A025760,normal
A025761,ring
A025762,normal
A025763,hard_negative
A025764,normal
A025765,normal
A025766,normal
A025767,normal
A025768,normal
A025769,normal
A025770,normal
A025771,normal
A025772,normal
A025773,normal
A025774,normal
A025775,hard_negative
A025776,normal
A025777,normal
A025778,normal
A025779,hard_negative
A025780,normal
A025781,normal
A025782,normal
A025783,normal
A025784,normal
A025785,normal
A025786,normal
A025787,normal
A025788,normal
A025789,normal
A025790,normal
A025791,normal
A025792,normal
A025793,normal
A025794,normal
A025795,normal
A025796,normal
A025797,normal
A025798,normal
A025799,normal
A025800,hard_negative
A025801,normal
A025802,normal
A025803,normal
A025804,normal
A025805,normal
A025806,normal
A025807,normal
A025808,normal
A025809,normal
A025810,normal
A025811,normal
A025812,normal
A025813,normal
A025814,normal
A025815,normal
A025816,normal
A025817,normal
A025818,normal
A025819,hard_negative
A025820,normal
A025821,normal
A025822,normal
A025823,normal
A025824,normal
A025825,normal
A025826,hard_negative
A025827,normal
A025828,normal
A025829,hard_negative
A025830,normal
A025831,normal
A025832,normal
A025833,normal
A025834,normal
A025835,normal
A025836,hard_negative
A025837,normal
A025838,normal
A025839,hard_negative
A025840,hard_negative
A025841,normal
A025842,normal
A025843,normal
A025844,hard_negative
A025845,normal
A025846,normal
A025847,normal
A025848,normal
A025849,normal
A025850,normal
A025851,normal
A025852,normal
A025853,normal
A025854,normal
A025855,normal
A025856,normal
A025857,normal
A025858,hard_negative
A025859,normal
A025860,normal
A025861,normal
A025862,normal
A025863,normal
A025864,normal
A025865,normal
A025866,ring
A025867,normal
A025868,ring
A025869,normal
A025870,normal
A025871,normal
A025872,normal
A025873,normal
A025874,normal
A025875,normal
A025876,normal
A025877,hard_negative
A025878,normal
A025879,normal
A025880,hard_negative
A025881,normal
A025882,hard_negative
A025883,hard_negative
A025884,normal
A025885,normal
A025886,hard_negative
A025887,normal
A025888,normal
A025889,hard_negative
A025890,normal
A025891,normal
A025892,normal
A025893,normal
A025894,normal
A025895,normal
A025896,normal
A025897,normal
A025898,normal
A025899,hard_negative
A025900,normal
A025901,ring
A025902,normal
A025903,normal
A025904,normal
A025905,normal
A025906,normal
A025907,hard_negative
A025908,normal
A025909,normal
A025910,hard_negative
A025911,hard_negative
A025912,normal
A025913,normal
A025914,normal
A025915,normal
A025916,normal
A025917,normal
A025918,normal
A025919,normal
A025920,normal
A025921,normal
A025922,normal
A025923,normal
A025924,normal
A025925,normal
A025926,normal
A025927,normal
A025928,hard_negative
A025929,normal
A025930,normal
A025931,normal
A025932,normal
A025933,normal
A025934,normal
A025935,normal
A025936,normal
A025937,ring
A025938,normal
A025939,normal
A025940,normal
A025941,normal
A025942,normal
A025943,normal
A025944,normal
A025945,normal
A025946,hard_negative
A025947,ring
A025948,normal
A025949,normal
A025950,hard_negative
A025951,normal
A025952,normal
A025953,normal
A025954,ring
A025955,normal
A025956,normal
A025957,ring
A025958,hard_negative
A025959,normal
A025960,ring
A025961,normal
A025962,hard_negative
A025963,normal
A025964,normal
A025965,normal
A025966,hard_negative
A025967,normal
A025968,normal
A025969,normal
A025970,ring
A025971,normal
A025972,normal
A025973,normal
A025974,normal
A025975,normal
A025976,normal
A025977,ring
A025978,normal
A025979,normal
A025980,normal
A025981,normal
A025982,normal
A025983,ring
A025984,normal
A025985,hard_negative
A025986,normal
A025987,normal
A025988,normal
A025989,hard_negative
A025990,normal
A025991,normal
A025992,normal
A025993,normal
A025994,normal
A025995,normal
A025996,normal
A025997,hard_negative
A025998,normal
A025999,normal
A026000,normal
A026001,normal
A026002,normal
A026003,normal
A026004,normal
A026005,normal
A026006,normal
A026007,normal
A026008,normal
A026009,normal
A026010,normal
A026011,normal
A026012,normal
A026013,normal
A026014,normal
A026015,normal
A026016,normal
A026017,normal
A026018,normal
A026019,normal
A026020,normal
A026021,normal
A026022,normal
A026023,hard_negative
A026024,normal
A026025,normal
A026026,normal
A026027,ring
A026028,normal
A026029,normal
A026030,normal
A026031,normal
A026032,hard_negative
A026033,normal
A026034,normal
A026035,normal
A026036,normal
A026037,normal
A026038,normal
A026039,normal
A026040,normal
A026041,hard_negative
A026042,normal
A026043,normal
A026044,normal
A026045,normal
A026046,normal
A026047,normal
A026048,hard_negative
A026049,normal
A026050,normal
A026051,normal
A026052,normal
A026053,normal
A026054,normal
A026055,ring
A026056,normal
A026057,ring
A026058,normal
A026059,normal
A026060,normal
A026061,ring
A026062,normal
A026063,normal
A026064,normal
A026065,normal
A026066,normal
A026067,normal
A026068,normal
A026069,normal
A026070,normal
A026071,hard_negative
A026072,normal
A026073,hard_negative
A026074,normal
A026075,normal
A026076,normal
A026077,hard_negative
A026078,normal
A026079,normal
A026080,normal
A026081,normal
A026082,normal
A026083,normal
A026084,normal
A026085,normal
A026086,hard_negative
A026087,normal
A026088,normal
A026089,normal
A026090,normal
A026091,normal
A026092,ring
A026093,normal
A026094,normal
A026095,normal
A026096,normal
A026097,normal
A026098,hard_negative
A026099,normal
A026100,normal
A026101,normal
A026102,normal
A026103,normal
A026104,normal
A026105,normal
A026106,ring
A026107,normal
A026108,normal
A026109,normal
A026110,normal
A026111,hard_negative
A026112,normal
A026113,normal
A026114,hard_negative
A026115,normal
A026116,hard_negative
A026117,normal
A026118,normal
A026119,normal
A026120,normal
A026121,hard_negative
A026122,normal
A026123,hard_negative
A026124,normal
A026125,normal
A026126,normal
A026127,normal
A026128,normal
A026129,normal
A026130,ring
A026131,normal
A026132,normal
A026133,ring
A026134,normal
A026135,normal
A026136,normal
A026137,hard_negative
A026138,normal
A026139,normal
A026140,normal
A026141,normal
A026142,hard_negative
A026143,normal
A026144,normal
A026145,normal
A026146,normal
A026147,normal
A026148,normal
A026149,normal
A026150,normal
A026151,normal
A026152,normal
A026153,normal
A026154,normal
A026155,normal
A026156,normal
A026157,normal
A026158,normal
A026159,normal
A026160,hard_negative
A026161,normal
A026162,normal
A026163,normal
A026164,hard_negative
A026165,normal
A026166,normal
A026167,normal
A026168,normal
A026169,normal
A026170,normal
A026171,normal
A026172,normal
A026173,normal
A026174,normal
A026175,normal
A026176,normal
A026177,normal
A026178,normal
A026179,normal
A026180,hard_negative
A026181,normal
A026182,normal
A026183,normal
A026184,normal
A026185,normal
A026186,hard_negative
A026187,ring
A026188,hard_negative
A026189,normal
A026190,normal
A026191,normal
A026192,normal
A026193,normal
A026194,normal
A026195,normal
A026196,hard_negative
A026197,normal
A026198,normal
A026199,normal
A026200,normal
A026201,normal
A026202,normal
A026203,normal
A026204,hard_negative
A026205,normal
A026206,hard_negative
A026207,normal
A026208,normal
A026209,normal
A026210,normal
A026211,normal
A026212,hard_negative
A026213,normal
A026214,normal
A026215,normal
A026216,normal
A026217,normal
A026218,normal
A026219,normal
A026220,normal
A026221,normal
A026222,normal
A026223,normal
A026224,hard_negative
A026225,normal
A026226,normal
A026227,normal
A026228,hard_negative
A026229,normal
A026230,normal
A026231,normal
A026232,normal
A026233,normal
A026234,normal
A026235,ring
A026236,normal
A026237,normal
A026238,normal
A026239,hard_negative
A026240,normal
A026241,hard_negative
A026242,normal
A026243,normal
A026244,normal
A026245,normal
A026246,hard_negative
A026247,normal
A026248,normal
A026249,normal
A026250,normal
A026251,normal
A026252,normal
A026253,normal
A026254,hard_negative
A026255,normal
A026256,normal
A026257,normal
A026258,normal
A026259,normal
A026260,normal
A026261,normal
A026262,normal
A026263,normal
A026264,normal
A026265,ring
A026266,normal
A026267,hard_negative
A026268,normal
A026269,normal
A026270,normal
A026271,normal
A026272,ring
A026273,normal
A026274,normal
A026275,normal
A026276,normal
A026277,normal
A026278,hard_negative
A026279,normal
A026280,hard_negative
A026281,ring
A026282,normal
A026283,hard_negative
A026284,normal
A026285,normal
A026286,normal
A026287,ring
A026288,normal
A026289,normal
A026290,normal
A026291,normal
A026292,hard_negative
A026293,hard_negative
A026294,normal
A026295,normal
A026296,normal
A026297,normal
A026298,normal
A026299,normal
A026300,normal
A026301,normal
A026302,hard_negative
A026303,normal
A026304,normal
A026305,normal
A026306,normal
A026307,normal
A026308,normal
A026309,normal
A026310,normal
A026311,normal
A026312,normal
A026313,normal
A026314,normal
A026315,hard_negative
A026316,normal
A026317,hard_negative
A026318,normal
A026319,normal
A026320,normal
A026321,normal
A026322,normal
A026323,normal
A026324,hard_negative
A026325,normal
A026326,normal
A026327,ring
A026328,normal
A026329,normal
A026330,hard_negative
A026331,normal
A026332,normal
A026333,normal
A026334,normal
A026335,normal
A026336,hard_negative
A026337,normal
A026338,normal
A026339,normal
A026340,normal
A026341,normal
A026342,hard_negative
A026343,normal
A026344,normal
A026345,normal
A026346,normal
A026347,normal
A026348,hard_negative
A026349,normal
A026350,normal
A026351,normal
A026352,normal
A026353,normal
A026354,hard_negative
A026355,normal
A026356,normal
A026357,hard_negative
A026358,ring
A026359,normal
A026360,hard_negative
A026361,normal
A026362,hard_negative
A026363,normal
A026364,normal
A026365,hard_negative
A026366,normal
A026367,ring
A026368,normal
A026369,normal
A026370,normal
A026371,normal
A026372,normal
A026373,normal
A026374,normal
A026375,hard_negative
A026376,hard_negative
A026377,normal
A026378,normal
A026379,normal
A026380,normal
A026381,normal
A026382,normal
A026383,hard_negative
A026384,normal
A026385,normal
A026386,normal
A026387,normal
A026388,normal
A026389,normal
A026390,normal
A026391,normal
A026392,hard_negative
A026393,normal
A026394,hard_negative
A026395,normal
A026396,normal
A026397,normal
A026398,normal
A026399,normal
A026400,normal
A026401,hard_negative
A026402,normal
A026403,normal
A026404,hard_negative
A026405,normal
A026406,normal
A026407,normal
A026408,normal
A026409,normal
A026410,normal
A026411,normal
A026412,normal
A026413,normal
A026414,normal
A026415,normal
A026416,normal
A026417,normal
A026418,hard_negative
A026419,normal
A026420,normal
A026421,normal
A026422,ring
A026423,normal
A026424,normal
A026425,normal
A026426,hard_negative
A026427,normal
A026428,ring
A026429,normal
A026430,normal
A026431,normal
A026432,normal
A026433,normal
A026434,normal
A026435,normal
A026436,hard_negative
A026437,normal
A026438,normal
A026439,normal
A026440,normal
A026441,normal
A026442,normal
A026443,normal
A026444,hard_negative
A026445,normal
A026446,normal
A026447,normal
A026448,normal
A026449,hard_negative
A026450,normal
A026451,normal
A026452,normal
A026453,normal
A026454,normal
A026455,normal
A026456,normal
A026457,normal
A026458,normal
A026459,normal
A026460,normal
A026461,normal
A026462,normal
A026463,normal
A026464,normal
A026465,normal
A026466,normal
A026467,hard_negative
A026468,hard_negative
A026469,normal
A026470,hard_negative
A026471,normal
A026472,hard_negative
A026473,normal
A026474,normal
A026475,normal
A026476,normal
A026477,normal
A026478,normal
A026479,normal
A026480,normal
A026481,normal
A026482,normal
A026483,normal
A026484,normal
A026485,normal
A026486,normal
A026487,normal
A026488,normal
A026489,hard_negative
A026490,normal
A026491,normal
A026492,normal
A026493,hard_negative
A026494,ring
A026495,normal
A026496,normal
A026497,normal
A026498,normal
A026499,normal
A026500,normal
A026501,normal
A026502,normal
A026503,normal
A026504,normal
A026505,normal
A026506,hard_negative
A026507,hard_negative
A026508,hard_negative
A026509,normal
A026510,normal
A026511,normal
A026512,normal
A026513,normal
A026514,normal
A026515,normal
A026516,normal
A026517,hard_negative
A026518,normal
A026519,normal
A026520,normal
A026521,normal
A026522,ring
A026523,normal
A026524,normal
A026525,normal
A026526,normal
A026527,normal
A026528,normal
A026529,hard_negative
A026530,ring
A026531,normal
A026532,normal
A026533,normal
A026534,normal
A026535,normal
A026536,hard_negative
A026537,hard_negative
A026538,normal
A026539,normal
A026540,normal
A026541,normal
A026542,normal
A026543,normal
A026544,normal
A026545,normal
A026546,normal
A026547,normal
A026548,normal
A026549,hard_negative
A026550,normal
A026551,normal
A026552,hard_negative
A026553,normal
A026554,normal
A026555,normal
A026556,hard_negative
A026557,normal
A026558,normal
A026559,normal
A026560,normal
A026561,normal
A026562,normal
A026563,normal
A026564,normal
A026565,normal
A026566,normal
A026567,normal
A026568,normal
A026569,hard_negative
A026570,normal
A026571,normal
A026572,normal
A026573,hard_negative
A026574,normal
A026575,normal
A026576,normal
A026577,normal
A026578,normal
A026579,normal
A026580,normal
A026581,normal
A026582,hard_negative
A026583,normal
A026584,hard_negative
A026585,normal
A026586,hard_negative
A026587,normal
A026588,normal
A026589,normal
A026590,normal
A026591,normal
A026592,normal
A026593,normal
A026594,normal
A026595,normal
A026596,ring
A026597,normal
A026598,normal
A026599,normal
A026600,ring
A026601,normal
A026602,hard_negative
A026603,hard_negative
A026604,normal
A026605,ring
A026606,normal
A026607,normal
A026608,hard_negative
A026609,hard_negative
A026610,normal
A026611,hard_negative
A026612,normal
A026613,normal
A026614,ring
A026615,normal
A026616,normal
A026617,normal
A026618,normal
A026619,normal
A026620,ring
A026621,hard_negative
A026622,normal
A026623,normal
A026624,normal
A026625,ring
A026626,normal
A026627,normal
A026628,normal
A026629,normal
A026630,hard_negative
A026631,hard_negative
A026632,normal
A026633,normal
A026634,normal
A026635,normal
A026636,normal
A026637,normal
A026638,normal
A026639,normal
A026640,normal
A026641,normal
A026642,normal
A026643,normal
A026644,normal
A026645,normal
A026646,normal
A026647,normal
A026648,normal
A026649,normal
A026650,normal
A026651,normal
A026652,normal
A026653,normal
A026654,hard_negative
A026655,normal
A026656,normal
A026657,normal
A026658,normal
A026659,normal
A026660,normal
A026661,normal
A026662,normal
A026663,hard_negative
A026664,normal
A026665,normal
A026666,normal
A026667,normal
A026668,hard_negative
A026669,normal
A026670,normal
A026671,hard_negative
A026672,normal
A026673,normal
A026674,hard_negative
A026675,normal
A026676,normal
A026677,hard_negative
A026678,normal
A026679,hard_negative
A026680,normal
A026681,normal
A026682,hard_negative
A026683,normal
A026684,normal
A026685,hard_negative
A026686,normal
A026687,hard_negative
A026688,normal
A026689,normal
A026690,hard_negative
A026691,normal
A026692,normal
A026693,normal
A026694,ring
A026695,normal
A026696,normal
A026697,hard_negative
A026698,normal
A026699,normal
A026700,normal
A026701,normal
A026702,normal
A026703,normal
A026704,normal
A026705,normal
A026706,normal
A026707,hard_negative
A026708,normal
A026709,hard_negative
A026710,ring
A026711,normal
A026712,normal
A026713,normal
A026714,normal
A026715,hard_negative
A026716,normal
A026717,normal
A026718,normal
A026719,normal
A026720,normal
A026721,ring
A026722,normal
A026723,normal
A026724,normal
A026725,normal
A026726,hard_negative
A026727,normal
A026728,hard_negative
A026729,normal
A026730,normal
A026731,normal
A026732,hard_negative
A026733,normal
A026734,ring
A026735,normal
A026736,normal
A026737,normal
A026738,normal
A026739,normal
A026740,normal
A026741,normal
A026742,normal
A026743,normal
A026744,normal
A026745,normal
A026746,normal
A026747,normal
A026748,normal
A026749,ring
A026750,normal
A026751,normal
A026752,normal
A026753,ring
A026754,normal
A026755,normal
A026756,normal
A026757,normal
A026758,normal
A026759,normal
A026760,hard_negative
A026761,normal
A026762,normal
A026763,normal
A026764,normal
A026765,normal
A026766,normal
A026767,hard_negative
A026768,normal
A026769,normal
A026770,normal
A026771,hard_negative
A026772,normal
A026773,normal
A026774,normal
A026775,hard_negative
A026776,normal
A026777,hard_negative
A026778,normal
A026779,normal
A026780,ring
A026781,normal
A026782,normal
A026783,normal
A026784,normal
A026785,normal
A026786,normal
A026787,normal
A026788,normal
A026789,normal
A026790,normal
A026791,normal
A026792,hard_negative
A026793,normal
A026794,ring
A026795,normal
A026796,normal
A026797,normal
A026798,normal
A026799,normal
A026800,normal
A026801,normal
A026802,normal
A026803,normal
A026804,normal
A026805,normal
A026806,hard_negative
A026807,hard_negative
A026808,normal
A026809,normal
A026810,normal
A026811,normal
A026812,ring
A026813,hard_negative
A026814,normal
A026815,ring
A026816,hard_negative
A026817,normal
A026818,normal
A026819,normal
A026820,normal
A026821,normal
A026822,hard_negative
A026823,hard_negative
A026824,hard_negative
A026825,normal
A026826,normal
A026827,ring
A026828,normal
A026829,normal
A026830,ring
A026831,normal
A026832,normal
A026833,hard_negative
A026834,normal
A026835,normal
A026836,normal
A026837,normal
A026838,normal
A026839,ring
A026840,normal
A026841,normal
A026842,normal
A026843,hard_negative
A026844,normal
A026845,normal
A026846,normal
A026847,ring
A026848,normal
A026849,normal
A026850,normal
A026851,hard_negative
A026852,normal
A026853,normal
A026854,normal
A026855,normal
A026856,normal
A026857,normal
A026858,normal
A026859,normal
A026860,normal
A026861,normal
A026862,normal
A026863,hard_negative
A026864,hard_negative
A026865,normal
A026866,normal
A026867,normal
A026868,hard_negative
A026869,normal
A026870,normal
A026871,normal
A026872,normal
A026873,normal
A026874,normal
A026875,normal
A026876,normal
A026877,hard_negative
A026878,normal
A026879,normal
A026880,normal
A026881,normal
A026882,ring
A026883,normal
A026884,normal
A026885,normal
A026886,ring
A026887,normal
A026888,normal
A026889,normal
A026890,normal
A026891,normal
A026892,normal
A026893,normal
A026894,hard_negative
A026895,hard_negative
A026896,normal
A026897,normal
A026898,normal
A026899,normal
A026900,normal
A026901,normal
A026902,normal
A026903,normal
A026904,normal
A026905,normal
A026906,normal
A026907,normal
A026908,normal
A026909,normal
A026910,normal
A026911,normal
A026912,normal
A026913,ring
A026914,normal
A026915,normal
A026916,ring
A026917,normal
A026918,normal
A026919,hard_negative
A026920,normal
A026921,normal
A026922,normal
A026923,normal
A026924,normal
A026925,hard_negative
A026926,normal
A026927,normal
A026928,normal
A026929,normal
A026930,normal
A026931,normal
A026932,normal
A026933,hard_negative
A026934,hard_negative
A026935,normal
A026936,normal
A026937,normal
A026938,normal
A026939,hard_negative
A026940,normal
A026941,normal
A026942,normal
A026943,normal
A026944,normal
A026945,normal
A026946,normal
A026947,normal
A026948,normal
A026949,normal
A026950,hard_negative
A026951,normal
A026952,hard_negative
A026953,normal
A026954,normal
A026955,normal
A026956,hard_negative
A026957,normal
A026958,normal
A026959,normal
A026960,normal
A026961,normal
A026962,normal
A026963,normal
A026964,normal
A026965,normal
A026966,normal
A026967,hard_negative
A026968,normal
A026969,normal
A026970,hard_negative
A026971,hard_negative
A026972,normal
A026973,normal
A026974,normal
A026975,normal
A026976,normal
A026977,ring
A026978,normal
A026979,hard_negative
A026980,normal
A026981,normal
A026982,normal
A026983,normal
A026984,normal
A026985,normal
A026986,normal
A026987,normal
A026988,normal
A026989,normal
A026990,normal
A026991,normal
A026992,normal
A026993,normal
A026994,normal
A026995,normal
A026996,normal
A026997,normal
A026998,normal
A026999,normal
A027000,normal
A027001,normal
A027002,normal
A027003,normal
A027004,hard_negative
A027005,normal
A027006,ring
A027007,normal
A027008,normal
A027009,normal
A027010,normal
A027011,normal
A027012,normal
A027013,normal
A027014,normal
A027015,normal
A027016,normal
A027017,normal
A027018,normal
A027019,normal
A027020,normal
A027021,normal
A027022,normal
A027023,normal
A027024,normal
A027025,normal
A027026,normal
A027027,hard_negative
A027028,normal
A027029,normal
A027030,normal
A027031,normal
A027032,normal
A027033,normal
A027034,hard_negative
A027035,normal
A027036,normal
A027037,normal
A027038,normal
A027039,normal
A027040,normal
A027041,normal
A027042,ring
A027043,normal
A027044,normal
A027045,ring
A027046,normal
A027047,normal
A027048,hard_negative
A027049,normal
A027050,normal
A027051,normal
A027052,normal
A027053,normal
A027054,hard_negative
A027055,normal
A027056,normal
A027057,normal
A027058,normal
A027059,normal
A027060,normal
A027061,normal
A027062,normal
A027063,normal
A027064,normal
A027065,hard_negative
A027066,normal
A027067,normal
A027068,hard_negative
A027069,hard_negative
A027070,normal
A027071,normal
A027072,normal
A027073,normal
A027074,normal
A027075,hard_negative
A027076,normal
A027077,normal
A027078,hard_negative
A027079,normal
A027080,hard_negative
A027081,normal
A027082,normal
A027083,ring
A027084,normal
A027085,normal
A027086,normal
A027087,normal
A027088,normal
A027089,normal
A027090,normal
A027091,hard_negative
A027092,ring
A027093,hard_negative
A027094,normal
A027095,normal
A027096,hard_negative
A027097,normal
A027098,normal
A027099,normal
A027100,hard_negative
A027101,normal
A027102,normal
A027103,normal
A027104,normal
A027105,normal
A027106,ring
A027107,normal
A027108,normal
A027109,normal
A027110,normal
A027111,normal
A027112,hard_negative
A027113,normal
A027114,normal
A027115,normal
A027116,normal
A027117,normal
A027118,hard_negative
A027119,normal
A027120,normal
A027121,normal
A027122,normal
A027123,hard_negative
A027124,hard_negative
A027125,normal
A027126,normal
A027127,normal
A027128,normal
A027129,normal
A027130,normal
A027131,normal
A027132,normal
A027133,normal
A027134,normal
A027135,normal
A027136,normal
A027137,normal
A027138,hard_negative
A027139,normal
A027140,hard_negative
A027141,normal
A027142,normal
A027143,hard_negative
A027144,normal
A027145,ring
A027146,normal
A027147,hard_negative
A027148,normal
A027149,normal
A027150,normal
A027151,normal
A027152,normal
A027153,normal
A027154,normal
A027155,hard_negative
A027156,normal
A027157,normal
A027158,normal
A027159,normal
A027160,ring
A027161,normal
A027162,normal
A027163,normal
A027164,normal
A027165,normal
A027166,normal
A027167,normal
A027168,normal
A027169,normal
A027170,normal
A027171,normal
A027172,normal
A027173,normal
A027174,normal
A027175,normal
A027176,normal
A027177,normal
A027178,normal
A027179,normal
A027180,hard_negative
A027181,normal
A027182,normal
A027183,normal
A027184,normal
A027185,normal
A027186,normal
A027187,normal
A027188,normal
A027189,normal
A027190,normal
A027191,normal
A027192,normal
A027193,ring
A027194,normal
A027195,normal
A027196,normal
A027197,normal
A027198,normal
A027199,normal
A027200,normal
A027201,normal
A027202,ring
A027203,normal
A027204,normal
A027205,normal
A027206,normal
A027207,normal
A027208,normal
A027209,normal
A027210,normal
A027211,ring
A027212,normal
A027213,normal
A027214,normal
A027215,normal
A027216,hard_negative
A027217,normal
A027218,normal
A027219,normal
A027220,hard_negative
A027221,normal
A027222,ring
A027223,normal
A027224,hard_negative
A027225,normal
A027226,ring
A027227,normal
A027228,normal
A027229,normal
A027230,normal
A027231,hard_negative
A027232,hard_negative
A027233,hard_negative
A027234,normal
A027235,normal
A027236,normal
A027237,normal
A027238,normal
A027239,normal
A027240,normal
A027241,normal
A027242,normal
A027243,hard_negative
A027244,normal
A027245,normal
A027246,normal
A027247,ring
A027248,normal
A027249,normal
A027250,hard_negative
A027251,normal
A027252,normal
A027253,hard_negative
A027254,hard_negative
A027255,normal
A027256,normal
A027257,normal
A027258,normal
A027259,normal
A027260,normal
A027261,normal
A027262,normal
A027263,normal
A027264,normal
A027265,normal
A027266,normal
A027267,normal
A027268,ring
A027269,normal
A027270,normal
A027271,hard_negative
A027272,normal
A027273,normal
A027274,normal
A027275,normal
A027276,normal
A027277,hard_negative
A027278,normal
A027279,normal
A027280,normal
A027281,normal
A027282,normal
A027283,hard_negative
A027284,normal
A027285,hard_negative
A027286,hard_negative
A027287,hard_negative
A027288,normal
A027289,ring
A027290,hard_negative
A027291,normal
A027292,normal
A027293,hard_negative
A027294,hard_negative
A027295,normal
A027296,normal
A027297,normal
A027298,normal
A027299,normal
A027300,normal
A027301,normal
A027302,normal
A027303,normal
A027304,normal
A027305,normal
A027306,normal
A027307,normal
A027308,normal
A027309,normal
A027310,normal
A027311,normal
A027312,normal
A027313,normal
A027314,normal
A027315,normal
A027316,normal
A027317,normal
A027318,normal
A027319,normal
A027320,normal
A027321,hard_negative
A027322,hard_negative
A027323,normal
A027324,hard_negative
A027325,hard_negative
A027326,normal
A027327,normal
A027328,normal
A027329,hard_negative
A027330,hard_negative
A027331,normal
A027332,hard_negative
A027333,normal
A027334,normal
A027335,normal
A027336,normal
A027337,normal
A027338,normal
A027339,normal
A027340,normal
A027341,hard_negative
A027342,ring
A027343,normal
A027344,normal
A027345,hard_negative
A027346,normal
A027347,normal
A027348,normal
A027349,normal
A027350,hard_negative
A027351,normal
A027352,normal
A027353,normal
A027354,normal
A027355,normal
A027356,normal
A027357,normal
A027358,normal
A027359,normal
A027360,normal
A027361,normal
A027362,hard_negative
A027363,normal
A027364,normal
A027365,hard_negative
A027366,hard_negative
A027367,hard_negative
A027368,hard_negative
A027369,normal
A027370,normal
A027371,ring
A027372,hard_negative
A027373,normal
A027374,normal
A027375,normal
A027376,normal
A027377,normal
A027378,normal
A027379,normal
A027380,normal
A027381,normal
A027382,normal
A027383,normal
A027384,normal
A027385,normal
A027386,normal
A027387,normal
A027388,normal
A027389,hard_negative
A027390,normal
A027391,ring
A027392,normal
A027393,hard_negative
A027394,normal
A027395,normal
A027396,normal
A027397,normal
A027398,normal
A027399,normal
A027400,ring
A027401,hard_negative
A027402,normal
A027403,normal
A027404,normal
A027405,normal
A027406,normal
A027407,normal
A027408,normal
A027409,normal
A027410,normal
A027411,normal
A027412,normal
A027413,hard_negative
A027414,normal
A027415,normal
A027416,normal
A027417,normal
A027418,normal
A027419,normal
A027420,normal
A027421,normal
A027422,normal
A027423,normal
A027424,normal
A027425,normal
A027426,normal
A027427,normal
A027428,normal
A027429,normal
A027430,normal
A027431,normal
A027432,normal
A027433,normal
A027434,hard_negative
A027435,ring
A027436,normal
A027437,hard_negative
A027438,normal
A027439,normal
A027440,normal
A027441,normal
A027442,normal
A027443,normal
A027444,normal
A027445,normal
A027446,hard_negative
A027447,normal
A027448,normal
A027449,normal
A027450,normal
A027451,normal
A027452,normal
A027453,normal
A027454,normal
A027455,normal
A027456,hard_negative
A027457,normal
A027458,normal
A027459,normal
A027460,normal
A027461,normal
A027462,hard_negative
A027463,normal
A027464,hard_negative
A027465,normal
A027466,normal
A027467,normal
A027468,hard_negative
A027469,normal
A027470,ring
A027471,normal
A027472,ring
A027473,normal
A027474,normal
A027475,normal
A027476,normal
A027477,normal
A027478,hard_negative
A027479,normal
A027480,normal
A027481,normal
A027482,normal
A027483,normal
A027484,ring
A027485,normal
A027486,hard_negative
A027487,normal
A027488,hard_negative
A027489,normal
A027490,normal
A027491,normal
A027492,normal
A027493,hard_negative
A027494,normal
A027495,normal
A027496,ring
A027497,normal
A027498,normal
A027499,normal
A027500,normal
A027501,normal
A027502,normal
A027503,normal
A027504,hard_negative
A027505,normal
A027506,normal
A027507,normal
A027508,normal
A027509,normal
A027510,normal
A027511,normal
A027512,normal
A027513,normal
A027514,normal
A027515,normal
A027516,normal
A027517,hard_negative
A027518,normal
A027519,normal
A027520,normal
A027521,normal
A027522,normal
A027523,normal
A027524,ring
A027525,hard_negative
A027526,normal
A027527,hard_negative
A027528,normal
A027529,normal
A027530,normal
A027531,normal
A027532,normal
A027533,hard_negative
A027534,normal
A027535,normal
A027536,normal
A027537,normal
A027538,normal
A027539,normal
A027540,normal
A027541,normal
A027542,normal
A027543,normal
A027544,normal
A027545,normal
A027546,normal
A027547,ring
A027548,normal
A027549,normal
A027550,normal
A027551,normal
A027552,normal
A027553,normal
A027554,normal
A027555,normal
A027556,normal
A027557,normal
A027558,hard_negative
A027559,normal
A027560,normal
A027561,normal
A027562,normal
A027563,normal
A027564,hard_negative
A027565,normal
A027566,hard_negative
A027567,normal
A027568,hard_negative
A027569,normal
A027570,normal
A027571,normal
A027572,normal
A027573,ring
A027574,ring
A027575,normal
A027576,hard_negative
A027577,normal
A027578,normal
A027579,normal
A027580,normal
A027581,normal
A027582,hard_negative
A027583,normal
A027584,normal
A027585,normal
A027586,normal
A027587,normal
A027588,normal
A027589,normal
A027590,normal
A027591,normal
A027592,hard_negative
A027593,normal
A027594,normal
A027595,normal
A027596,normal
A027597,normal
A027598,normal
A027599,hard_negative
A027600,hard_negative
A027601,ring
A027602,normal
A027603,hard_negative
A027604,normal
A027605,normal
A027606,hard_negative
A027607,normal
A027608,normal
A027609,hard_negative
A027610,normal
A027611,hard_negative
A027612,normal
A027613,hard_negative
A027614,normal
A027615,hard_negative
A027616,hard_negative
A027617,normal
A027618,hard_negative
A027619,hard_negative
A027620,hard_negative
A027621,normal
A027622,hard_negative
A027623,normal
A027624,normal
A027625,normal
A027626,normal
A027627,normal
A027628,normal
A027629,normal
A027630,hard_negative
A027631,normal
A027632,normal
A027633,normal
A027634,normal
A027635,normal
A027636,normal
A027637,normal
A027638,normal
A027639,hard_negative
A027640,normal
A027641,normal
A027642,ring
A027643,normal
A027644,normal
A027645,normal
A027646,ring
A027647,normal
A027648,hard_negative
A027649,normal
A027650,hard_negative
A027651,hard_negative
A027652,normal
A027653,normal
A027654,hard_negative
A027655,normal
A027656,hard_negative
A027657,normal
A027658,normal
A027659,hard_negative
A027660,normal
A027661,normal
A027662,hard_negative
A027663,hard_negative
A027664,normal
A027665,normal
A027666,normal
A027667,normal
A027668,normal
A027669,normal
A027670,normal
A027671,normal
A027672,normal
A027673,hard_negative
A027674,normal
A027675,normal
A027676,normal
A027677,normal
A027678,normal
A027679,normal
A027680,normal
A027681,hard_negative
A027682,normal
A027683,normal
A027684,normal
A027685,normal
A027686,normal
A027687,hard_negative
A027688,normal
A027689,ring
A027690,normal
A027691,normal
A027692,normal
A027693,normal
A027694,normal
A027695,hard_negative
A027696,hard_negative
A027697,hard_negative
A027698,normal
A027699,normal
A027700,normal
A027701,normal
A027702,hard_negative
A027703,normal
A027704,hard_negative
A027705,normal
A027706,normal
A027707,normal
A027708,normal
A027709,normal
A027710,normal
A027711,hard_negative
A027712,normal
A027713,normal
A027714,normal
A027715,normal
A027716,hard_negative
A027717,normal
A027718,normal
A027719,ring
A027720,normal
A027721,ring
A027722,normal
A027723,hard_negative
A027724,hard_negative
A027725,hard_negative
A027726,hard_negative
A027727,hard_negative
A027728,hard_negative
A027729,hard_negative
A027730,normal
A027731,hard_negative
A027732,normal
A027733,normal
A027734,ring
A027735,normal
A027736,normal
A027737,normal
A027738,ring
A027739,normal
A027740,normal
A027741,normal
A027742,hard_negative
A027743,normal
A027744,normal
A027745,normal
A027746,normal
A027747,normal
A027748,normal
A027749,normal
A027750,normal
A027751,ring
A027752,normal
A027753,normal
A027754,hard_negative
A027755,normal
A027756,normal
A027757,normal
A027758,normal
A027759,normal
A027760,normal
A027761,hard_negative
A027762,hard_negative
A027763,ring
A027764,ring
A027765,normal
A027766,normal
A027767,normal
A027768,normal
A027769,hard_negative
A027770,hard_negative
A027771,normal
A027772,normal
A027773,normal
A027774,normal
A027775,ring
A027776,normal
A027777,normal
A027778,normal
A027779,normal
A027780,hard_negative
A027781,normal
A027782,normal
A027783,normal
A027784,hard_negative
A027785,hard_negative
A027786,normal
A027787,normal
A027788,normal
A027789,normal
A027790,normal
A027791,normal
A027792,hard_negative
A027793,normal
A027794,normal
A027795,normal
A027796,normal
A027797,normal
A027798,normal
A027799,normal
A027800,normal
A027801,normal
A027802,normal
A027803,normal
A027804,normal
A027805,hard_negative
A027806,normal
A027807,normal
A027808,normal
A027809,normal
A027810,normal
A027811,normal
A027812,normal
A027813,normal
A027814,hard_negative
A027815,normal
A027816,hard_negative
A027817,normal
A027818,ring
A027819,normal
A027820,hard_negative
A027821,normal
A027822,normal
A027823,ring
A027824,normal
A027825,normal
A027826,normal
A027827,normal
A027828,normal
A027829,hard_negative
A027830,normal
A027831,normal
A027832,normal
A027833,normal
A027834,normal
A027835,normal
A027836,normal
A027837,normal
A027838,normal
A027839,normal
A027840,normal
A027841,normal
A027842,normal
A027843,normal
A027844,hard_negative
A027845,normal
A027846,normal
A027847,hard_negative
A027848,normal
A027849,normal
A027850,hard_negative
A027851,hard_negative
A027852,normal
A027853,hard_negative
A027854,normal
A027855,normal
A027856,normal
A027857,normal
A027858,hard_negative
A027859,normal
A027860,normal
A027861,normal
A027862,hard_negative
A027863,normal
A027864,normal
A027865,normal
A027866,normal
A027867,normal
A027868,normal
A027869,normal
A027870,ring
A027871,normal
A027872,normal
A027873,hard_negative
A027874,hard_negative
A027875,normal
A027876,normal
A027877,hard_negative
A027878,normal
A027879,ring
A027880,normal
A027881,normal
A027882,normal
A027883,hard_negative
A027884,normal
A027885,normal
A027886,normal
A027887,normal
A027888,normal
A027889,normal
A027890,normal
A027891,normal
A027892,normal
A027893,hard_negative
A027894,normal
A027895,normal
A027896,normal
A027897,normal
A027898,normal
A027899,normal
A027900,normal
A027901,normal
A027902,normal
A027903,normal
A027904,hard_negative
A027905,normal
A027906,normal
A027907,normal
A027908,normal
A027909,normal
A027910,normal
A027911,normal
A027912,normal
A027913,normal
A027914,normal
A027915,normal
A027916,normal
A027917,normal
A027918,ring
A027919,normal
A027920,normal
A027921,normal
A027922,normal
A027923,normal
A027924,normal
A027925,hard_negative
A027926,normal
A027927,normal
A027928,normal
A027929,normal
A027930,normal
A027931,hard_negative
A027932,normal
A027933,normal
A027934,normal
A027935,ring
A027936,normal
A027937,normal
A027938,normal
A027939,normal
A027940,normal
A027941,hard_negative
A027942,normal
A027943,normal
A027944,normal
A027945,normal
A027946,normal
A027947,normal
A027948,normal
A027949,ring
A027950,normal
A027951,hard_negative
A027952,ring
A027953,normal
A027954,ring
A027955,normal
A027956,normal
A027957,normal
A027958,normal
A027959,normal
A027960,normal
A027961,normal
A027962,ring
A027963,normal
A027964,normal
A027965,normal
A027966,ring
A027967,normal
A027968,normal
A027969,normal
A027970,normal
A027971,normal
A027972,normal
A027973,normal
A027974,hard_negative
A027975,normal
A027976,normal
A027977,normal
A027978,normal
A027979,normal
A027980,normal
A027981,normal
A027982,normal
A027983,hard_negative
A027984,normal
A027985,normal
A027986,normal
A027987,normal
A027988,normal
A027989,normal
A027990,normal
A027991,normal
A027992,normal
A027993,normal
A027994,ring
A027995,normal
A027996,normal
A027997,normal
A027998,normal
A027999,normal
A028000,normal
A028001,normal
A028002,normal
A028003,normal
A028004,normal
A028005,hard_negative
A028006,normal
A028007,normal
A028008,hard_negative
A028009,normal
A028010,normal
A028011,normal
A028012,normal
A028013,normal
A028014,normal
A028015,normal
A028016,normal
A028017,normal
A028018,hard_negative
A028019,normal
A028020,normal
A028021,normal
A028022,normal
A028023,normal
A028024,normal
A028025,normal
A028026,normal
A028027,normal
A028028,normal
A028029,normal
A028030,hard_negative
A028031,normal
A028032,normal
A028033,normal
A028034,normal
A028035,normal
A028036,normal
A028037,normal
A028038,normal
A028039,normal
A028040,normal
A028041,normal
A028042,normal
A028043,normal
A028044,normal
A028045,normal
A028046,normal
A028047,normal
A028048,normal
A028049,normal
A028050,normal
A028051,normal
A028052,normal
A028053,normal
A028054,normal
A028055,normal
A028056,normal
A028057,normal
A028058,normal
A028059,normal
A028060,normal
A028061,normal
A028062,normal
A028063,normal
A028064,hard_negative
A028065,normal
A028066,normal
A028067,normal
A028068,normal
A028069,normal
A028070,normal
A028071,normal
A028072,normal
A028073,hard_negative
A028074,normal
A028075,normal
A028076,normal
A028077,hard_negative
A028078,normal
A028079,normal
A028080,normal
A028081,normal
A028082,ring
A028083,normal
A028084,normal
A028085,normal
A028086,hard_negative
A028087,normal
A028088,normal
A028089,ring
A028090,normal
A028091,normal
A028092,normal
A028093,hard_negative
A028094,normal
A028095,normal
A028096,normal
A028097,ring
A028098,normal
A028099,normal
A028100,normal
A028101,normal
A028102,normal
A028103,hard_negative
A028104,normal
A028105,normal
A028106,hard_negative
A028107,normal
A028108,normal
A028109,normal
A028110,normal
A028111,normal
A028112,normal
A028113,normal
A028114,normal
A028115,normal
A028116,normal
A028117,normal
A028118,normal
A028119,normal
A028120,hard_negative
A028121,hard_negative
A028122,normal
A028123,normal
A028124,normal
A028125,normal
A028126,normal
A028127,hard_negative
A028128,normal
A028129,hard_negative
A028130,normal
A028131,normal
A028132,normal
A028133,hard_negative
A028134,normal
A028135,hard_negative
A028136,hard_negative
A028137,normal
A028138,normal
A028139,normal
A028140,hard_negative
A028141,normal
A028142,normal
A028143,normal
A028144,normal
A028145,normal
A028146,normal
A028147,normal
A028148,normal
A028149,normal
A028150,normal
A028151,normal
A028152,normal
A028153,normal
A028154,normal
A028155,normal
A028156,normal
A028157,hard_negative
A028158,normal
A028159,hard_negative
A028160,normal
A028161,hard_negative
A028162,normal
A028163,normal
A028164,normal
A028165,normal
A028166,normal
A028167,hard_negative
A028168,ring
A028169,normal
A028170,normal
A028171,normal
A028172,normal
A028173,normal
A028174,ring
A028175,normal
A028176,normal
A028177,normal
A028178,normal
A028179,hard_negative
A028180,hard_negative
A028181,normal
A028182,normal
A028183,normal
A028184,normal
A028185,hard_negative
A028186,normal
A028187,hard_negative
A028188,hard_negative
A028189,normal
A028190,normal
A028191,normal
A028192,normal
A028193,normal
A028194,normal
A028195,normal
A028196,normal
A028197,normal
A028198,normal
A028199,hard_negative
A028200,hard_negative
A028201,normal
A028202,normal
A028203,normal
A028204,normal
A028205,normal
A028206,hard_negative
A028207,hard_negative
A028208,normal
A028209,hard_negative
A028210,normal
A028211,normal
A028212,normal
A028213,hard_negative
A028214,normal
A028215,normal
A028216,normal
A028217,hard_negative
A028218,hard_negative
A028219,normal
A028220,hard_negative
A028221,normal
A028222,normal
A028223,normal
A028224,normal
A028225,normal
A028226,normal
A028227,normal
A028228,normal
A028229,normal
A028230,normal
A028231,normal
A028232,normal
A028233,normal
A028234,ring
A028235,normal
A028236,normal
A028237,normal
A028238,normal
A028239,normal
A028240,ring
A028241,normal
A028242,normal
A028243,normal
A028244,normal
A028245,normal
A028246,hard_negative
A028247,normal
A028248,normal
A028249,hard_negative
A028250,hard_negative
A028251,normal
A028252,normal
A028253,normal
A028254,normal
A028255,normal
A028256,normal
A028257,hard_negative
A028258,normal
A028259,ring
A028260,normal
A028261,normal
A028262,normal
A028263,normal
A028264,normal
A028265,hard_negative
A028266,hard_negative
A028267,normal
A028268,normal
A028269,hard_negative
A028270,normal
A028271,normal
A028272,normal
A028273,normal
A028274,hard_negative
A028275,normal
A028276,normal
A028277,normal
A028278,normal
A028279,normal
A028280,normal
A028281,normal
A028282,normal
A028283,ring
A028284,normal
A028285,normal
A028286,normal
A028287,normal
A028288,normal
A028289,normal
A028290,hard_negative
A028291,normal
A028292,normal
A028293,hard_negative
A028294,normal
A028295,normal
A028296,normal
A028297,normal
A028298,normal
A028299,normal
A028300,normal
A028301,normal
A028302,normal
A028303,hard_negative
A028304,normal
A028305,normal
A028306,hard_negative
A028307,normal
A028308,normal
A028309,hard_negative
A028310,ring
A028311,normal
A028312,normal
A028313,normal
A028314,normal
A028315,normal
A028316,normal
A028317,normal
A028318,normal
A028319,normal
A028320,normal
A028321,normal
A028322,normal
A028323,normal
A028324,normal
A028325,hard_negative
A028326,normal
A028327,normal
A028328,normal
A028329,normal
A028330,normal
A028331,normal
A028332,normal
A028333,normal
A028334,normal
A028335,normal
A028336,normal
A028337,normal
A028338,normal
A028339,normal
A028340,normal
A028341,normal
A028342,normal
A028343,hard_negative
A028344,hard_negative
A028345,normal
A028346,normal
A028347,normal
A028348,normal
A028349,normal
A028350,normal
A028351,hard_negative
A028352,hard_negative
A028353,normal
A028354,hard_negative
A028355,normal
A028356,normal
A028357,normal
A028358,normal
A028359,normal
A028360,normal
A028361,hard_negative
A028362,hard_negative
A028363,normal
A028364,normal
A028365,normal
A028366,normal
A028367,normal
A028368,normal
A028369,normal
A028370,normal
A028371,normal
A028372,normal
A028373,normal
A028374,normal
A028375,normal
A028376,normal
A028377,normal
A028378,normal
A028379,hard_negative
A028380,normal
A028381,normal
A028382,normal
A028383,normal
A028384,normal
A028385,hard_negative
A028386,normal
A028387,normal
A028388,normal
A028389,normal
A028390,normal
A028391,normal
A028392,normal
A028393,normal
A028394,normal
A028395,normal
A028396,normal
A028397,ring
A028398,normal
A028399,normal
A028400,normal
A028401,normal
A028402,normal
A028403,normal
A028404,normal
A028405,normal
A028406,normal
A028407,normal
A028408,hard_negative
A028409,normal
A028410,ring
A028411,hard_negative
A028412,normal
A028413,hard_negative
A028414,normal
A028415,normal
A028416,hard_negative
A028417,normal
A028418,normal
A028419,normal
A028420,normal
A028421,normal
A028422,normal
A028423,normal
A028424,ring
A028425,hard_negative
A028426,hard_negative
A028427,hard_negative
A028428,normal
A028429,normal
A028430,normal
A028431,ring
A028432,normal
A028433,normal
A028434,hard_negative
A028435,normal
A028436,hard_negative
A028437,normal
A028438,normal
A028439,normal
A028440,normal
A028441,normal
A028442,normal
A028443,hard_negative
A028444,normal
A028445,hard_negative
A028446,normal
A028447,hard_negative
A028448,normal
A028449,normal
A028450,hard_negative
A028451,normal
A028452,normal
A028453,normal
A028454,hard_negative
A028455,normal
A028456,normal
A028457,normal
A028458,normal
A028459,normal
A028460,normal
A028461,normal
A028462,hard_negative
A028463,normal
A028464,normal
A028465,hard_negative
A028466,hard_negative
A028467,ring
A028468,normal
A028469,ring
A028470,normal
A028471,normal
A028472,normal
A028473,normal
A028474,ring
A028475,normal
A028476,normal
A028477,normal
A028478,normal
A028479,normal
A028480,normal
A028481,normal
A028482,hard_negative
A028483,normal
A028484,normal
A028485,normal
A028486,normal
A028487,hard_negative
A028488,normal
A028489,hard_negative
A028490,normal
A028491,normal
A028492,normal
A028493,normal
A028494,normal
A028495,hard_negative
A028496,hard_negative
A028497,normal
A028498,normal
A028499,normal
A028500,normal
A028501,hard_negative
A028502,normal
A028503,ring
A028504,normal
A028505,hard_negative
A028506,normal
A028507,hard_negative
A028508,normal
A028509,normal
A028510,normal
A028511,normal
A028512,normal
A028513,normal
A028514,normal
A028515,normal
A028516,normal
A028517,normal
A028518,normal
A028519,normal
A028520,hard_negative
A028521,normal
A028522,ring
A028523,hard_negative
A028524,normal
A028525,normal
A028526,normal
A028527,normal
A028528,normal
A028529,normal
A028530,normal
A028531,normal
A028532,normal
A028533,hard_negative
A028534,hard_negative
A028535,normal
A028536,normal
A028537,ring
A028538,hard_negative
A028539,normal
A028540,hard_negative
A028541,normal
A028542,hard_negative
A028543,normal
A028544,normal
A028545,hard_negative
A028546,normal
A028547,normal
A028548,normal
A028549,normal
A028550,normal
A028551,hard_negative
A028552,normal
A028553,normal
A028554,normal
A028555,hard_negative
A028556,normal
A028557,normal
A028558,hard_negative
A028559,normal
A028560,normal
A028561,hard_negative
A028562,normal
A028563,normal
A028564,normal
A028565,hard_negative
A028566,normal
A028567,hard_negative
A028568,normal
A028569,hard_negative
A028570,normal
A028571,normal
A028572,hard_negative
A028573,normal
A028574,normal
A028575,ring
A028576,normal
A028577,normal
A028578,normal
A028579,normal
A028580,normal
A028581,normal
A028582,normal
A028583,normal
A028584,normal
A028585,normal
A028586,normal
A028587,normal
A028588,normal
A028589,normal
A028590,normal
A028591,normal
A028592,normal
A028593,normal
A028594,normal
A028595,hard_negative
A028596,normal
A028597,normal
A028598,normal
A028599,normal
A028600,ring
A028601,normal
A028602,ring
A028603,normal
A028604,normal
A028605,normal
A028606,hard_negative
A028607,normal
A028608,normal
A028609,normal
A028610,normal
A028611,normal
A028612,normal
A028613,normal
A028614,normal
A028615,normal
A028616,normal
A028617,normal
A028618,hard_negative
A028619,hard_negative
A028620,normal
A028621,normal
A028622,normal
A028623,hard_negative
A028624,normal
A028625,normal
A028626,normal
A028627,normal
A028628,normal
A028629,normal
A028630,normal
A028631,normal
A028632,normal
A028633,normal
A028634,normal
A028635,normal
A028636,normal
A028637,hard_negative
A028638,normal
A028639,hard_negative
A028640,normal
A028641,normal
A028642,hard_negative
A028643,ring
A028644,normal
A028645,normal
A028646,normal
A028647,normal
A028648,normal
A028649,normal
A028650,normal
A028651,normal
A028652,normal
A028653,normal
A028654,normal
A028655,normal
A028656,normal
A028657,normal
A028658,normal
A028659,normal
A028660,normal
A028661,normal
A028662,hard_negative
A028663,normal
A028664,normal
A028665,normal
A028666,normal
A028667,normal
A028668,normal
A028669,normal
A028670,normal
A028671,normal
A028672,normal
A028673,normal
A028674,normal
A028675,normal
A028676,normal
A028677,hard_negative
A028678,normal
A028679,ring
A028680,normal
A028681,normal
A028682,normal
A028683,normal
A028684,normal
A028685,normal
A028686,normal
A028687,normal
A028688,normal
A028689,normal
A028690,normal
A028691,normal
A028692,normal
A028693,ring
A028694,normal
A028695,normal
A028696,ring
A028697,normal
A028698,normal
A028699,normal
A028700,normal
A028701,normal
A028702,normal
A028703,normal
A028704,normal
A028705,normal
A028706,normal
A028707,normal
A028708,normal
A028709,normal
A028710,normal
A028711,hard_negative
A028712,normal
A028713,normal
A028714,normal
A028715,normal
A028716,normal
A028717,normal
A028718,normal
A028719,normal
A028720,normal
A028721,normal
A028722,normal
A028723,normal
A028724,normal
A028725,normal
A028726,normal
A028727,hard_negative
A028728,normal
A028729,normal
A028730,normal
A028731,normal
A028732,normal
A028733,hard_negative
A028734,normal
A028735,normal
A028736,normal
A028737,normal
A028738,normal
A028739,normal
A028740,normal
A028741,normal
A028742,ring
A028743,hard_negative
A028744,normal
A028745,normal
A028746,normal
A028747,hard_negative
A028748,hard_negative
A028749,normal
A028750,normal
A028751,hard_negative
A028752,normal
A028753,normal
A028754,normal
A028755,normal
A028756,normal
A028757,normal
A028758,normal
A028759,ring
A028760,normal
A028761,hard_negative
A028762,ring
A028763,normal
A028764,normal
A028765,normal
A028766,normal
A028767,normal
A028768,normal
A028769,hard_negative
A028770,normal
A028771,normal
A028772,normal
A028773,normal
A028774,hard_negative
A028775,normal
A028776,normal
A028777,hard_negative
A028778,normal
A028779,normal
A028780,hard_negative
A028781,normal
A028782,hard_negative
A028783,hard_negative
A028784,hard_negative
A028785,normal
A028786,hard_negative
A028787,normal
A028788,ring
A028789,normal
A028790,normal
A028791,normal
A028792,normal
A028793,normal
A028794,normal
A028795,normal
A028796,normal
A028797,normal
A028798,normal
A028799,normal
A028800,normal
A028801,normal
A028802,normal
A028803,normal
A028804,normal
A028805,ring
A028806,normal
A028807,normal
A028808,normal
A028809,hard_negative
A028810,hard_negative
A028811,normal
A028812,normal
A028813,normal
A028814,hard_negative
A028815,normal
A028816,normal
A028817,normal
A028818,normal
A028819,normal
A028820,normal
A028821,normal
A028822,ring
A028823,normal
A028824,hard_negative
A028825,normal
A028826,normal
A028827,hard_negative
A028828,normal
A028829,hard_negative
A028830,normal
A028831,ring
A028832,normal
A028833,normal
A028834,normal
A028835,hard_negative
A028836,normal
A028837,normal
A028838,normal
A028839,normal
A028840,hard_negative
A028841,normal
A028842,normal
A028843,normal
A028844,normal
A028845,normal
A028846,hard_negative
A028847,ring
A028848,normal
A028849,normal
A028850,normal
A028851,normal
A028852,normal
A028853,normal
A028854,ring
A028855,normal
A028856,normal
A028857,normal
A028858,normal
A028859,normal
A028860,normal
A028861,normal
A028862,normal
A028863,ring
A028864,hard_negative
A028865,normal
A028866,normal
A028867,normal
A028868,normal
A028869,normal
A028870,normal
A028871,hard_negative
A028872,normal
A028873,ring
A028874,hard_negative
A028875,normal
A028876,hard_negative
A028877,hard_negative
A028878,normal
A028879,hard_negative
A028880,normal
A028881,normal
A028882,normal
A028883,normal
A028884,normal
A028885,normal
A028886,ring
A028887,normal
A028888,normal
A028889,normal
A028890,normal
A028891,normal
A028892,normal
A028893,normal
A028894,normal
A028895,normal
A028896,normal
A028897,normal
A028898,normal
A028899,normal
A028900,hard_negative
A028901,hard_negative
A028902,hard_negative
A028903,normal
A028904,normal
A028905,normal
A028906,hard_negative
A028907,ring
A028908,normal
A028909,normal
A028910,normal
A028911,normal
A028912,normal
A028913,normal
A028914,hard_negative
A028915,normal
A028916,normal
A028917,ring
A028918,normal
A028919,normal
A028920,normal
A028921,normal
A028922,normal
A028923,hard_negative
A028924,normal
A028925,normal
A028926,normal
A028927,ring
A028928,normal
A028929,normal
A028930,hard_negative
A028931,normal
A028932,normal
A028933,hard_negative
A028934,normal
A028935,normal
A028936,normal
A028937,normal
A028938,hard_negative
A028939,hard_negative
A028940,normal
A028941,normal
A028942,hard_negative
A028943,normal
A028944,normal
A028945,normal
A028946,normal
A028947,normal
A028948,hard_negative
A028949,normal
A028950,normal
A028951,normal
A028952,normal
A028953,normal
A028954,normal
A028955,hard_negative
A028956,normal
A028957,normal
A028958,hard_negative
A028959,normal
A028960,normal
A028961,normal
A028962,ring
A028963,ring
A028964,normal
A028965,hard_negative
A028966,normal
A028967,normal
A028968,ring
A028969,normal
A028970,normal
A028971,normal
A028972,normal
A028973,normal
A028974,normal
A028975,normal
A028976,normal
A028977,normal
A028978,normal
A028979,ring
A028980,hard_negative
A028981,normal
A028982,hard_negative
A028983,normal
A028984,normal
A028985,normal
A028986,normal
A028987,ring
A028988,normal
A028989,normal
A028990,normal
A028991,normal
A028992,normal
A028993,normal
A028994,normal
A028995,normal
A028996,normal
A028997,normal
A028998,normal
A028999,normal
A029000,normal
A029001,normal
A029002,normal
A029003,normal
A029004,normal
A029005,normal
A029006,hard_negative
A029007,normal
A029008,normal
A029009,normal
A029010,normal
A029011,normal
A029012,normal
A029013,normal
A029014,normal
A029015,normal
A029016,ring
A029017,hard_negative
A029018,normal
A029019,normal
A029020,normal
A029021,hard_negative
A029022,normal
A029023,normal
A029024,ring
A029025,normal
A029026,hard_negative
A029027,normal
A029028,normal
A029029,normal
A029030,normal
A029031,normal
A029032,normal
A029033,hard_negative
A029034,normal
A029035,normal
A029036,normal
A029037,ring
A029038,normal
A029039,hard_negative
A029040,hard_negative
A029041,ring
A029042,normal
A029043,normal
A029044,normal
A029045,hard_negative
A029046,normal
A029047,normal
A029048,normal
A029049,normal
A029050,normal
A029051,normal
A029052,normal
A029053,normal
A029054,normal
A029055,normal
A029056,normal
A029057,normal
A029058,normal
A029059,normal
A029060,normal
A029061,normal
A029062,normal
A029063,normal
A029064,normal
A029065,normal
A029066,normal
A029067,normal
A029068,normal
A029069,normal
A029070,normal
A029071,normal
A029072,hard_negative
A029073,normal
A029074,normal
A029075,hard_negative
A029076,normal
A029077,normal
A029078,normal
A029079,normal
A029080,normal
A029081,normal
A029082,normal
A029083,normal
A029084,ring
A029085,normal
A029086,normal
A029087,normal
A029088,normal
A029089,hard_negative
A029090,normal
A029091,normal
A029092,normal
A029093,normal
A029094,normal
A029095,normal
A029096,normal
A029097,normal
A029098,normal
A029099,normal
A029100,hard_negative
A029101,normal
A029102,normal
A029103,normal
A029104,normal
A029105,normal
A029106,normal
A029107,normal
A029108,normal
A029109,normal
A029110,normal
A029111,normal
A029112,normal
A029113,hard_negative
A029114,hard_negative
A029115,hard_negative
A029116,normal
A029117,normal
A029118,normal
A029119,normal
A029120,ring
A029121,normal
A029122,hard_negative
A029123,normal
A029124,normal
A029125,normal
A029126,normal
A029127,hard_negative
A029128,normal
A029129,normal
A029130,normal
A029131,normal
A029132,normal
A029133,normal
A029134,normal
A029135,ring
A029136,normal
A029137,normal
A029138,normal
A029139,normal
A029140,normal
A029141,normal
A029142,normal
A029143,normal
A029144,normal
A029145,normal
A029146,hard_negative
A029147,normal
A029148,normal
A029149,normal
A029150,normal
A029151,normal
A029152,hard_negative
A029153,normal
A029154,normal
A029155,normal
A029156,normal
A029157,normal
A029158,ring
A029159,normal
A029160,normal
A029161,normal
A029162,normal
A029163,normal
A029164,normal
A029165,normal
A029166,normal
A029167,normal
A029168,normal
A029169,normal
A029170,normal
A029171,hard_negative
A029172,normal
A029173,normal
A029174,normal
A029175,normal
A029176,normal
A029177,normal
A029178,normal
A029179,normal
A029180,normal
A029181,normal
A029182,normal
A029183,normal
A029184,normal
A029185,normal
A029186,normal
A029187,ring
A029188,hard_negative
A029189,normal
A029190,normal
A029191,normal
A029192,normal
A029193,normal
A029194,normal
A029195,normal
A029196,normal
A029197,normal
A029198,normal
A029199,normal
A029200,hard_negative
A029201,normal
A029202,hard_negative
A029203,normal
A029204,ring
A029205,hard_negative
A029206,normal
A029207,normal
A029208,normal
A029209,normal
A029210,normal
A029211,normal
A029212,normal
A029213,normal
A029214,normal
A029215,normal
A029216,ring
A029217,hard_negative
A029218,normal
A029219,hard_negative
A029220,normal
A029221,normal
A029222,hard_negative
A029223,normal
A029224,normal
A029225,normal
A029226,normal
A029227,normal
A029228,hard_negative
A029229,normal
A029230,normal
A029231,normal
A029232,ring
A029233,normal
A029234,normal
A029235,normal
A029236,ring
A029237,normal
A029238,normal
A029239,normal
A029240,hard_negative
A029241,normal
A029242,normal
A029243,normal
A029244,normal
A029245,normal
A029246,normal
A029247,normal
A029248,hard_negative
A029249,normal
A029250,normal
A029251,normal
A029252,hard_negative
A029253,normal
A029254,hard_negative
A029255,normal
A029256,normal
A029257,hard_negative
A029258,hard_negative
A029259,normal
A029260,hard_negative
A029261,normal
A029262,normal
A029263,normal
A029264,hard_negative
A029265,normal
A029266,normal
A029267,normal
A029268,normal
A029269,normal
A029270,ring
A029271,normal
A029272,normal
A029273,normal
A029274,normal
A029275,normal
A029276,normal
A029277,normal
A029278,normal
A029279,normal
A029280,normal
A029281,normal
A029282,hard_negative
A029283,ring
A029284,hard_negative
A029285,normal
A029286,normal
A029287,normal
A029288,normal
A029289,normal
A029290,normal
A029291,normal
A029292,ring
A029293,normal
A029294,normal
A029295,normal
A029296,hard_negative
A029297,normal
A029298,normal
A029299,normal
A029300,normal
A029301,normal
A029302,normal
A029303,normal
A029304,normal
A029305,normal
A029306,normal
A029307,ring
A029308,normal
A029309,normal
A029310,normal
A029311,normal
A029312,normal
A029313,normal
A029314,normal
A029315,normal
A029316,normal
A029317,normal
A029318,ring
A029319,normal
A029320,normal
A029321,normal
A029322,normal
A029323,normal
A029324,normal
A029325,normal
A029326,normal
A029327,hard_negative
A029328,normal
A029329,normal
A029330,ring
A029331,normal
A029332,normal
A029333,hard_negative
A029334,normal
A029335,normal
A029336,normal
A029337,normal
A029338,normal
A029339,normal
A029340,normal
A029341,normal
A029342,normal
A029343,normal
A029344,normal
A029345,normal
A029346,normal
A029347,normal
A029348,normal
A029349,hard_negative
A029350,normal
A029351,normal
A029352,normal
A029353,normal
A029354,normal
A029355,hard_negative
A029356,normal
A029357,normal
A029358,hard_negative
A029359,hard_negative
A029360,normal
A029361,normal
A029362,normal
A029363,normal
A029364,normal
A029365,ring
A029366,normal
A029367,normal
A029368,normal
A029369,normal
A029370,ring
A029371,normal
A029372,normal
A029373,normal
A029374,normal
A029375,normal
A029376,hard_negative
A029377,normal
A029378,normal
A029379,normal
A029380,normal
A029381,normal
A029382,hard_negative
A029383,hard_negative
A029384,normal
A029385,normal
A029386,normal
A029387,normal
A029388,normal
A029389,normal
A029390,normal
A029391,ring
A029392,normal
A029393,normal
A029394,normal
A029395,normal
A029396,normal
A029397,normal
A029398,normal
A029399,normal
A029400,normal
A029401,ring
A029402,normal
A029403,normal
A029404,normal
A029405,normal
A029406,normal
A029407,normal
A029408,hard_negative
A029409,normal
A029410,normal
A029411,normal
A029412,normal
A029413,normal
A029414,normal
A029415,normal
A029416,hard_negative
A029417,normal
A029418,normal
A029419,normal
A029420,normal
A029421,normal
A029422,normal
A029423,normal
A029424,hard_negative
A029425,normal
A029426,normal
A029427,normal
A029428,normal
A029429,normal
A029430,normal
A029431,normal
A029432,normal
A029433,normal
A029434,normal
A029435,hard_negative
A029436,hard_negative
A029437,normal
A029438,normal
A029439,normal
A029440,hard_negative
A029441,normal
A029442,normal
A029443,normal
A029444,normal
A029445,normal
A029446,normal
A029447,normal
A029448,normal
A029449,normal
A029450,ring
A029451,normal
A029452,normal
A029453,normal
A029454,normal
A029455,normal
A029456,normal
A029457,normal
A029458,normal
A029459,normal
A029460,normal
A029461,normal
A029462,normal
A029463,hard_negative
A029464,normal
A029465,normal
A029466,normal
A029467,normal
A029468,normal
A029469,normal
A029470,normal
A029471,hard_negative
A029472,normal
A029473,hard_negative
A029474,hard_negative
A029475,hard_negative
A029476,normal
A029477,normal
A029478,normal
A029479,normal
A029480,normal
A029481,hard_negative
A029482,normal
A029483,normal
A029484,normal
A029485,hard_negative
A029486,hard_negative
A029487,normal
A029488,hard_negative
A029489,normal
A029490,ring
A029491,hard_negative
A029492,hard_negative
A029493,normal
A029494,normal
A029495,normal
A029496,normal
A029497,normal
A029498,normal
A029499,normal
A029500,normal
A029501,normal
A029502,normal
A029503,normal
A029504,normal
A029505,normal
A029506,normal
A029507,hard_negative
A029508,normal
A029509,normal
A029510,normal
A029511,normal
A029512,normal
A029513,hard_negative
A029514,normal
A029515,normal
A029516,normal
A029517,normal
A029518,hard_negative
A029519,hard_negative
A029520,normal
A029521,normal
A029522,normal
A029523,ring
A029524,normal
A029525,normal
A029526,hard_negative
A029527,normal
A029528,normal
A029529,normal
A029530,hard_negative
A029531,normal
A029532,normal
A029533,normal
A029534,hard_negative
A029535,normal
A029536,normal
A029537,normal
A029538,normal
A029539,normal
A029540,normal
A029541,normal
A029542,normal
A029543,hard_negative
A029544,normal
A029545,normal
A029546,normal
A029547,normal
A029548,normal
A029549,normal
A029550,normal
A029551,normal
A029552,normal
A029553,normal
A029554,hard_negative
A029555,hard_negative
A029556,normal
A029557,normal
A029558,normal
A029559,hard_negative
A029560,normal
A029561,ring
A029562,normal
A029563,ring
A029564,normal
A029565,normal
A029566,normal
A029567,normal
A029568,hard_negative
A029569,normal
A029570,normal
A029571,normal
A029572,hard_negative
A029573,normal
A029574,hard_negative
A029575,normal
A029576,ring
A029577,normal
A029578,hard_negative
A029579,normal
A029580,normal
A029581,normal
A029582,hard_negative
A029583,normal
A029584,normal
A029585,normal
A029586,normal
A029587,normal
A029588,hard_negative
A029589,normal
A029590,ring
A029591,hard_negative
A029592,normal
A029593,normal
A029594,hard_negative
A029595,normal
A029596,normal
A029597,normal
A029598,normal
A029599,hard_negative
A029600,normal
A029601,normal
A029602,normal
A029603,hard_negative
A029604,normal
A029605,normal
A029606,normal
A029607,normal
A029608,normal
A029609,normal
A029610,normal
A029611,normal
A029612,normal
A029613,normal
A029614,normal
A029615,normal
A029616,normal
A029617,normal
A029618,hard_negative
A029619,normal
A029620,normal
A029621,normal
A029622,normal
A029623,hard_negative
A029624,normal
A029625,normal
A029626,normal
A029627,normal
A029628,normal
A029629,normal
A029630,hard_negative
A029631,normal
A029632,normal
A029633,hard_negative
A029634,normal
A029635,normal
A029636,normal
A029637,normal
A029638,normal
A029639,normal
A029640,normal
A029641,normal
A029642,normal
A029643,normal
A029644,ring
A029645,normal
A029646,normal
A029647,normal
A029648,normal
A029649,normal
A029650,normal
A029651,normal
A029652,hard_negative
A029653,normal
A029654,normal
A029655,hard_negative
A029656,ring
A029657,normal
A029658,normal
A029659,normal
A029660,normal
A029661,normal
A029662,normal
A029663,normal
A029664,normal
A029665,normal
A029666,normal
A029667,normal
A029668,normal
A029669,hard_negative
A029670,normal
A029671,normal
A029672,ring
A029673,normal
A029674,normal
A029675,normal
A029676,hard_negative
A029677,normal
A029678,normal
A029679,normal
A029680,normal
A029681,normal
A029682,normal
A029683,normal
A029684,normal
A029685,normal
A029686,normal
A029687,hard_negative
A029688,normal
A029689,normal
A029690,normal
A029691,normal
A029692,normal
A029693,normal
A029694,normal
A029695,normal
A029696,normal
A029697,normal
A029698,normal
A029699,normal
A029700,normal
A029701,normal
A029702,normal
A029703,normal
A029704,normal
A029705,normal
A029706,normal
A029707,hard_negative
A029708,normal
A029709,normal
A029710,normal
A029711,normal
A029712,normal
A029713,normal
A029714,hard_negative
A029715,ring
A029716,normal
A029717,normal
A029718,normal
A029719,hard_negative
A029720,normal
A029721,normal
A029722,hard_negative
A029723,normal
A029724,normal
A029725,hard_negative
A029726,normal
A029727,normal
A029728,hard_negative
A029729,normal
A029730,hard_negative
A029731,normal
A029732,normal
A029733,normal
A029734,normal
A029735,normal
A029736,normal
A029737,normal
A029738,hard_negative
A029739,normal
A029740,hard_negative
A029741,normal
A029742,normal
A029743,normal
A029744,normal
A029745,normal
A029746,normal
A029747,normal
A029748,normal
A029749,normal
A029750,normal
A029751,normal
A029752,normal
A029753,normal
A029754,normal
A029755,normal
A029756,normal
A029757,normal
A029758,normal
A029759,normal
A029760,normal
A029761,normal
A029762,hard_negative
A029763,normal
A029764,normal
A029765,normal
A029766,normal
A029767,normal
A029768,normal
A029769,hard_negative
A029770,hard_negative
A029771,hard_negative
A029772,normal
A029773,normal
A029774,normal
A029775,normal
A029776,ring
A029777,hard_negative
A029778,hard_negative
A029779,normal
A029780,ring
A029781,hard_negative
A029782,normal
A029783,hard_negative
A029784,normal
A029785,normal
A029786,normal
A029787,normal
A029788,normal
A029789,normal
A029790,hard_negative
A029791,normal
A029792,normal
A029793,normal
A029794,normal
A029795,normal
A029796,normal
A029797,normal
A029798,hard_negative
A029799,normal
A029800,normal
A029801,normal
A029802,normal
A029803,normal
A029804,normal
A029805,normal
A029806,normal
A029807,normal
A029808,normal
A029809,normal
A029810,normal
A029811,normal
A029812,normal
A029813,hard_negative
A029814,hard_negative
A029815,normal
A029816,normal
A029817,ring
A029818,normal
A029819,normal
A029820,hard_negative
A029821,normal
A029822,normal
A029823,normal
A029824,normal
A029825,normal
A029826,normal
A029827,normal
A029828,normal
A029829,ring
A029830,normal
A029831,normal
A029832,normal
A029833,normal
A029834,normal
A029835,normal
A029836,hard_negative
A029837,normal
A029838,normal
A029839,normal
A029840,normal
A029841,hard_negative
A029842,normal
A029843,normal
A029844,normal
A029845,hard_negative
A029846,normal
A029847,normal
A029848,normal
A029849,normal
A029850,normal
A029851,normal
A029852,normal
A029853,hard_negative
A029854,normal
A029855,normal
A029856,normal
A029857,normal
A029858,normal
A029859,normal
A029860,normal
A029861,hard_negative
A029862,hard_negative
A029863,normal
A029864,normal
A029865,normal
A029866,normal
A029867,normal
A029868,ring
A029869,normal
A029870,normal
A029871,normal
A029872,hard_negative
A029873,ring
A029874,normal
A029875,hard_negative
A029876,normal
A029877,normal
A029878,normal
A029879,normal
A029880,normal
A029881,normal
A029882,normal
A029883,normal
A029884,normal
A029885,normal
A029886,normal
A029887,hard_negative
A029888,normal
A029889,normal
A029890,normal
A029891,hard_negative
A029892,normal
A029893,normal
A029894,normal
A029895,normal
A029896,normal
A029897,normal
A029898,normal
A029899,normal
A029900,normal
A029901,normal
A029902,normal
A029903,normal
A029904,hard_negative
A029905,normal
A029906,hard_negative
A029907,normal
A029908,normal
A029909,normal
A029910,normal
A029911,normal
A029912,hard_negative
A029913,normal
A029914,normal
A029915,normal
A029916,ring
A029917,normal
A029918,normal
A029919,normal
A029920,hard_negative
A029921,normal
A029922,normal
A029923,hard_negative
A029924,normal
A029925,normal
A029926,normal
A029927,normal
A029928,normal
A029929,normal
A029930,hard_negative
A029931,normal
A029932,normal
A029933,normal
A029934,normal
A029935,normal
A029936,normal
A029937,normal
A029938,normal
A029939,normal
A029940,normal
A029941,hard_negative
A029942,normal
A029943,normal
A029944,normal
A029945,normal
A029946,normal
A029947,normal
A029948,normal
A029949,normal
A029950,normal
A029951,hard_negative
A029952,normal
A029953,normal
A029954,normal
A029955,normal
A029956,ring
A029957,normal
A029958,normal
A029959,normal
A029960,normal
A029961,normal
A029962,normal
A029963,normal
A029964,normal
A029965,normal
A029966,normal
A029967,normal
A029968,hard_negative
A029969,normal
A029970,normal
A029971,hard_negative
A029972,normal
A029973,normal
A029974,normal
A029975,normal
A029976,normal
A029977,normal
A029978,hard_negative
A029979,normal
A029980,normal
A029981,normal
A029982,normal
A029983,hard_negative
A029984,normal
A029985,normal
A029986,normal
A029987,hard_negative
A029988,ring
A029989,normal
A029990,normal
A029991,normal
A029992,normal
A029993,normal
A029994,normal
A029995,normal
A029996,ring
A029997,normal
A029998,normal
A029999,normal
