phone_hash,first_seen_at
634ea255a78abc04,2026-01-21 23:00:00
9be4a6409730cb56,2026-02-05 16:00:00
1b7e86e8a21df1cd,2026-01-24 08:00:00
87ed74af8db9f589,2026-01-09 20:00:00
8860a16fc47b459e,2026-01-06 04:00:00
da4c77080fc7b038,2026-02-06 14:00:00
f9ff780db322b028,2026-01-24 14:00:00
8fce72289574dbdb,2026-01-28 17:00:00
c0774e9711f65a08,2026-02-13 16:00:00
4cf317b075b9f3f3,2026-01-30 00:00:00
caa363574e617566,2026-01-03 01:00:00
cbf8923510ffffea,2026-01-12 15:00:00
44cd284681dffd88,2026-01-05 15:00:00
8bdf1942211a2762,2026-01-19 08:00:00
c03a753733303d09,2026-02-03 11:00:00
da7238fde55a3318,2026-01-29 09:00:00
732e23d0a96f4a16,2026-01-05 18:00:00
255f2453d09304ed,2026-02-14 09:00:00
fe6873c7cb7112a3,2026-02-04 21:00:00
06db7ff4de102d46,2026-01-29 10:00:00
13f7b4f38642c8ad,2026-01-05 19:00:00
9954409cb3801d29,2026-01-15 14:00:00
405bd07ed2b08599,2026-02-03 13:00:00
175cf01ef55ccd7a,2026-02-01 13:00:00
7954b317697c4158,2026-01-29 03:00:00
b588c987dd1cf2f2,2026-01-08 19:00:00
c382f1ce54e40168,2026-01-04 04:00:00
cff0dc39e9795f80,2026-02-05 15:00:00
fb38844c64542a27,2026-02-14 21:00:00
5fc60e0f42e2efd7,2026-01-18 23:00:00
ef16aff5a3c04e11,2026-01-10 23:00:00
fd4a54c544f29249,2026-01-23 20:00:00
b7981d6c12ea5cd9,2026-01-05 14:00:00
62e6cb7d96142051,2026-01-11 04:00:00
6c3a9ebbbf017e51,2026-01-01 18:00:00
6e5e3de3dde0b6cb,2026-01-20 15:00:00
3c94aa38864589de,2026-01-24 19:00:00
ba8da1fab074af9c,2026-02-05 15:00:00
6c4d653b0990c044,2026-02-11 12:00:00
5298f59283023963,2026-02-12 05:00:00
a1ca1642a21df4e9,2026-02-01 02:00:00
d69c14ee35e51a2b,2026-02-07 15:00:00
2eefd4bd1086578b,2026-01-23 21:00:00
00843b28342ccbd2,2026-02-04 23:00:00
2af6af5577fd981c,2026-02-05 02:00:00
8882ba9447f4e42a,2026-01-29 07:00:00
37e9862f7edf46b4,2026-02-11 04:00:00
edaf495ce422b338,2026-01-17 14:00:00
5c9ae8af0b3a0202,2026-01-12 01:00:00
ca961ae208d7bf90,2026-01-16 23:00:00
664bf66ea8ebc6dd,2026-01-01 16:00:00
f3a0d10a3ca578f8,2026-01-20 04:00:00
2ecdee5389ab69ec,2026-01-09 21:00:00
9558d148855d9a5b,2026-02-06 18:00:00
86e1657028ee069a,2026-02-12 15:00:00
519c28190d22729e,2026-01-14 16:00:00
8adaf497b3c36e35,2026-01-27 05:00:00
a91b4c19a47881f1,2026-01-05 01:00:00
5cc96e8df5806fcc,2026-01-17 21:00:00
582e8fa354bd8b3b,2026-01-22 15:00:00
18bb4e8e65a7afce,2026-02-05 02:00:00
4e7f0ad2eba5b9cd,2026-01-06 00:00:00
5540d933286dc2fb,2026-02-13 22:00:00
53d0515458153ee2,2026-01-17 14:00:00
1cbef749c7bc5ab2,2026-01-27 17:00:00
0b5f27d323bab738,2026-02-05 18:00:00
bd95b527ff7e9b7c,2026-01-22 13:00:00
bf61accbaab627ac,2026-01-05 13:00:00
e4e230e129c7c4a2,2026-02-14 09:00:00
bad68dd3e0116c66,2026-01-05 16:00:00
5cce66c2623def9e,2026-01-26 05:00:00
4c2ca7553a72e3cd,2026-01-26 14:00:00
cca31138f05bfcd5,2026-01-27 05:00:00
73afe270492b086c,2026-01-06 18:00:00
a3ff1c1184e03431,2026-02-02 21:00:00
e2ab03e594e4a537,2026-01-25 15:00:00
a396b230b10d24da,2026-01-29 03:00:00
ce5d14f5ab8401ad,2026-01-19 22:00:00
50ce1b0122aa73f4,2026-02-04 02:00:00
c987b05b8ec605a6,2026-01-09 09:00:00
b1046aca6ff597e8,2026-01-03 06:00:00
f0c80834142c035c,2026-02-13 14:00:00
cee3f3e0cd4975d9,2026-01-08 20:00:00
04d43eb8410ad5ed,2026-01-10 14:00:00
c0c943edeae8304f,2026-01-29 17:00:00
2dca6659135888d5,2026-02-04 06:00:00
c7be05bbe25d01b2,2026-01-22 03:00:00
acdd049c6d9e5885,2026-01-26 18:00:00
76cf419b54b6fe0e,2026-01-01 01:00:00
944e711051749239,2026-01-31 17:00:00
e748944d55bc2daf,2026-01-01 10:00:00
21e1af4c9734d4aa,2026-01-14 00:00:00
cb824d9d589f1aca,2026-01-17 04:00:00
c74cad4e022f1fbb,2026-02-04 12:00:00
be8a6873d77ba33a,2026-01-12 02:00:00
3e457ed18c4cf911,2026-02-12 07:00:00
60c825272a1cc9ec,2026-01-22 03:00:00
f4a6b17301a9a28f,2026-01-05 17:00:00
1957b6c2d66f40af,2026-02-09 04:00:00
ff2e6ebabb94c619,2026-01-13 16:00:00
2d8329f5a0d5ee70,2026-01-10 20:00:00
461dbcbb80dc24cd,2026-02-03 07:00:00
4a0fa9fac33d2d5b,2026-01-08 10:00:00
fb1525750c0f44dc,2026-01-10 17:00:00
e2163c6f6453a92f,2026-02-01 19:00:00
907b7728d27a1313,2026-01-17 16:00:00
a465a0d519fd2142,2026-01-23 09:00:00
996d02922f976ce3,2026-01-19 11:00:00
7940a9cf979620b7,2026-02-10 05:00:00
8f37ba6a217652ed,2026-02-02 22:00:00
589db8e7e286278c,2026-01-11 21:00:00
130e60b1f6f44990,2026-01-26 05:00:00
c733b7db2c69fe18,2026-01-19 23:00:00
1352ed04b68fa87c,2026-01-11 07:00:00
ce3ce89d7932d69f,2026-01-11 15:00:00
274a62b0290531f1,2026-02-11 03:00:00
9dba6ace9f3db6f7,2026-01-08 08:00:00
20895c50fca95748,2026-01-06 11:00:00
52d56e234fd7b7a8,2026-01-22 11:00:00
1583f1543347ad3f,2026-01-23 16:00:00
d23570e79a4e128e,2026-02-03 08:00:00
217195ff2e6cd302,2026-02-05 22:00:00
b1940097bd3ff4bf,2026-02-05 23:00:00
7553b6ad609af0d9,2026-02-13 22:00:00
696e3e435307ccbb,2026-01-13 16:00:00
9a0b6b5898d608c4,2026-01-30 11:00:00
12170b16f69d1b44,2026-02-03 21:00:00
f8c9eeb445afecae,2026-01-18 17:00:00
4133b78e3182ef42,2026-01-24 16:00:00
810b8d8995b53dcb,2026-01-24 01:00:00
9a2003125984322c,2026-02-02 19:00:00
2a35f338da296742,2026-01-15 10:00:00
27c4ccc1a3a7ddf9,2026-01-13 10:00:00
4254f60b119f0643,2026-01-02 08:00:00
0f104190a58720d6,2026-01-31 13:00:00
fd08b57555d1b661,2026-01-28 17:00:00
2b0880942a074cf6,2026-01-17 12:00:00
df65501d1d843535,2026-01-08 01:00:00
e82fb25ccd4f2187,2026-01-19 12:00:00
ba473249eb89f7d6,2026-01-19 14:00:00
dc00f080ac6500cb,2026-01-31 13:00:00
5648e02f433f8b83,2026-02-07 09:00:00
ab7b2cc57fa829c9,2026-01-06 22:00:00
164497b6ff053c06,2026-01-07 14:00:00
3b58fffd8c9562e3,2026-02-14 07:00:00
17c013f42fd9cc82,2026-01-30 21:00:00
3ec6645df0dd6f58,2026-01-06 23:00:00
b66b9875c1d6f39d,2026-02-11 06:00:00
de2a255ee2942c9d,2026-01-27 00:00:00
dec2eeac78975ed6,2026-01-20 14:00:00
c7241a29d60ee2f6,2026-02-01 18:00:00
ec2c3e9d12593718,2026-01-12 10:00:00
822a6747730b3c2b,2026-01-13 11:00:00
60874607c32e5b13,2026-01-05 18:00:00
09c7f32568d559cb,2026-01-19 02:00:00
130a9a7e4f930ef4,2026-02-08 06:00:00
3749e46547784df4,2026-01-07 12:00:00
3fd968af11434a4a,2026-01-05 04:00:00
fd2b2463ccdb75ec,2026-02-09 19:00:00
5dcbd70c726eb29c,2026-01-04 11:00:00
b257afc143b6a5be,2026-02-03 06:00:00
6119013fee362a7e,2026-01-26 22:00:00
257007ddbd2091f5,2026-01-28 23:00:00
0ca13d57c7f15ff9,2026-01-20 09:00:00
8b67de5ebe2651a2,2026-02-03 00:00:00
aa55555efe93919c,2026-01-09 23:00:00
5cfbcac3a8204295,2026-01-23 02:00:00
364e7b6e7282513c,2026-02-05 09:00:00
987b594a838f2524,2026-01-19 07:00:00
c2f752d7744c9257,2026-01-31 18:00:00
c9365d1fd4a8c206,2026-02-08 09:00:00
6d58d72fd23a7d2a,2026-01-29 14:00:00
b9718642003c51cd,2026-02-02 14:00:00
f916f1ea4891985f,2026-02-13 16:00:00
9abfc56012f65df2,2026-01-03 11:00:00
d6809ea4a73d0145,2026-01-31 11:00:00
9ebab71375ae6235,2026-01-16 15:00:00
46b441fc4489be50,2026-01-15 11:00:00
f9197421ef9b656a,2026-02-13 02:00:00
1dac6f806b0a276f,2026-02-06 14:00:00
c14798ce2ca0bd72,2026-01-06 22:00:00
308bedb8c6f0964e,2026-01-24 02:00:00
651a04497385debc,2026-02-07 10:00:00
2d2c43758f3fd1ce,2026-02-04 22:00:00
7a1b2c284b3914ca,2026-02-05 13:00:00
3f03de6853a802a0,2026-02-07 14:00:00
36d1e5f9d5f8b7e9,2026-02-07 22:00:00
9dbef2e840a02bb5,2026-01-23 18:00:00
4c4d042d046caa60,2026-02-04 15:00:00
d81f2da6f5bfe885,2026-02-07 13:00:00
3998fd1836afdc87,2026-02-13 15:00:00
a8eadab4c9f7285b,2026-02-03 09:00:00
33550e4d680162e7,2026-01-29 10:00:00
99bc73074910516e,2026-01-10 17:00:00
eb67336c0511c278,2026-01-19 04:00:00
067375e62af237f3,2026-02-13 12:00:00
4524153e76cca16f,2026-01-31 08:00:00
a58b6c89d18fafa5,2026-01-05 21:00:00
df74e51cbc5d5e11,2026-02-12 13:00:00
6f0bb5505a4cc53b,2026-01-23 23:00:00
87e9ec7f32b01560,2026-02-01 20:00:00
b052a3f2c1551f79,2026-01-10 01:00:00
92e509e2d87271ea,2026-02-08 01:00:00
8c361c55cd8df6ff,2026-01-01 16:00:00
479a24882d0f3c4f,2026-02-04 10:00:00
38d2753022f19ecb,2026-02-08 07:00:00
9cd1cb98892b1437,2026-01-18 13:00:00
a0cc2c14298b3ed2,2026-02-14 13:00:00
844bf398d86243e7,2026-01-18 22:00:00
c87f2260b06025d1,2026-01-20 06:00:00
6ddd01a18965baf0,2026-01-09 10:00:00
0ff938419e8e9378,2026-02-07 05:00:00
a8dcf0829b9ab9ef,2026-02-05 07:00:00
40e57ea17f8a389b,2026-01-07 23:00:00
079ca71c19ad5724,2026-02-11 21:00:00
fe43724647ee0f7d,2026-01-17 01:00:00
59b94a76edccf24e,2026-01-14 14:00:00
ee8c211baa8dbac2,2026-01-16 18:00:00
d491fb764f0630e5,2026-02-09 22:00:00
ab22db89f32c9ac9,2026-01-08 05:00:00
c7f7deda6ef73efd,2026-02-13 13:00:00
b438b55be85f4c8d,2026-02-11 04:00:00
8b503aacfd3262af,2026-01-08 01:00:00
2fe41cb13a2bf491,2026-01-17 21:00:00
a74ab5fc1f4576e9,2026-01-22 01:00:00
79f86f4875c06871,2026-01-26 20:00:00
b7b1308b35a9d05c,2026-01-24 22:00:00
946082defc6c835e,2026-01-19 11:00:00
7dea39aa745dbe4d,2026-01-01 16:00:00
0901044243e5a003,2026-01-22 21:00:00
0965169f5485dc5c,2026-02-09 05:00:00
8e40ada50fe54c0c,2026-02-08 08:00:00
be4f46d7e1a05e8f,2026-02-14 05:00:00
605063f29340f849,2026-01-17 23:00:00
d6044e464c8b7600,2026-01-30 20:00:00
5f3a4e30b6383bd5,2026-01-08 10:00:00
3c14edea346d62a8,2026-02-11 13:00:00
604065a61ad40055,2026-02-08 06:00:00
8288f1693e885485,2026-01-13 04:00:00
143484f19a0b1fdf,2026-01-22 23:00:00
f3746c6243952915,2026-01-16 22:00:00
4aa96b8f46cc106a,2026-02-01 18:00:00
93bd9b100d4cbbf1,2026-01-15 07:00:00
fa1ae158291c7e2b,2026-01-09 20:00:00
4a2f281dd4b6d564,2026-02-04 17:00:00
146b1f634e10e0d5,2026-01-26 13:00:00
6682d53631b66284,2026-01-29 15:00:00
2a51703925b1a416,2026-02-01 00:00:00
5d17ab3387366b26,2026-01-07 10:00:00
2f80b8003da02af1,2026-01-08 23:00:00
9f7b7342acab8850,2026-01-29 14:00:00
465a8c869135bdaf,2026-01-24 09:00:00
91560d64b52668fe,2026-01-02 15:00:00
80cbf44857fb2aef,2026-01-24 14:00:00
378122aeb7dc425a,2026-01-14 20:00:00
e37802f07f94243e,2026-01-15 20:00:00
b133d2057659d636,2026-01-04 03:00:00
e0badd7611f7aff6,2026-01-09 17:00:00
d815ab102dfb356a,2026-01-22 08:00:00
f3e4b284868128b9,2026-02-08 15:00:00
8112c30070daa782,2026-01-03 17:00:00
34ea09be858eeca9,2026-02-04 02:00:00
9aeb30022cdda6a2,2026-02-04 08:00:00
ecef28cd83997030,2026-01-04 10:00:00
169151b8e8f52ff2,2026-02-06 13:00:00
9469ebf5e8dff844,2026-02-10 03:00:00
51e7d78a61121a37,2026-01-19 16:00:00
9d5aef775e22a405,2026-02-11 09:00:00
b276c6443c565415,2026-02-10 07:00:00
273f362313788d17,2026-02-09 04:00:00
4c7b76cd807f6d83,2026-01-10 03:00:00
a4ce1c4f1a441966,2026-01-31 03:00:00
d3cf26323d2b9337,2026-01-12 14:00:00
230358cd87160bce,2026-02-03 11:00:00
129df3a6910e24e4,2026-01-06 10:00:00
72e8d33cedd16d7f,2026-02-04 15:00:00
8a28aade298d1c99,2026-02-02 00:00:00
19918d14d9a528fd,2026-01-22 02:00:00
aaa6de17d7f126c4,2026-02-05 19:00:00
5bc009bd7ae9a441,2026-01-08 01:00:00
caee792c9a69fa4e,2026-01-06 22:00:00
3927bf902a734cb3,2026-02-03 15:00:00
fec0375ed260ab7e,2026-01-25 04:00:00
53684ab11e415a11,2026-01-11 10:00:00
cbec0ce27bc3c888,2026-01-10 08:00:00
ff06c12e58a9fca3,2026-01-04 06:00:00
6a478b6961ea159b,2026-01-30 00:00:00
5693028d4ef83ee9,2026-01-09 23:00:00
dfd15f71eaa2bffc,2026-02-03 06:00:00
a90481946a5d35be,2026-01-28 18:00:00
09480bd3314d479a,2026-01-20 09:00:00
f1db743a4b0ae7fc,2026-02-02 11:00:00
8286d1d4bae93432,2026-02-13 02:00:00
8045ff3640371277,2026-01-04 00:00:00
6ca3b683f0b02437,2026-02-04 04:00:00
6b0e8eb091807794,2026-01-15 20:00:00
d4cd26e8f917bc15,2026-01-25 03:00:00
4c79a7bfc69e3b55,2026-02-13 14:00:00
db24e31655a802d1,2026-01-09 20:00:00
e0967b9b7be2c0c4,2026-01-18 18:00:00
260553e4f0cbc2bf,2026-02-01 12:00:00
63f3c114021340f4,2026-01-05 07:00:00
2ba3ec213491f207,2026-02-03 00:00:00
c114ecb2f7a91bae,2026-01-20 07:00:00
7ffa8f67ea4bf249,2026-01-14 02:00:00
85338c5bbaf3ca88,2026-01-24 20:00:00
229c04f9b9db82b3,2026-01-27 07:00:00
f129aed5e2102085,2026-02-07 16:00:00
ed097efa654369dd,2026-01-01 13:00:00
bf855a34372b1a44,2026-01-13 09:00:00
851fd2265bfa0c88,2026-01-11 22:00:00
046e691832cd42f6,2026-02-04 18:00:00
60a3fb31729904a9,2026-01-25 10:00:00
b08975541aaa2ba6,2026-01-19 04:00:00
31c55873626a9931,2026-02-03 20:00:00
81294a945120dc8b,2026-01-01 02:00:00
6d72778659e23f8b,2026-02-06 05:00:00
11c08fb2178be654,2026-01-09 09:00:00
c3f89c8a09c314c6,2026-02-14 01:00:00
761e6076b18d3d63,2026-01-02 07:00:00
4e51799f8167c5e5,2026-01-26 09:00:00
25ab6074e8ae41cc,2026-02-12 20:00:00
709bbf9671ac52e4,2026-01-24 09:00:00
7b37ed6273f34fc5,2026-02-07 13:00:00
6400bb04c9fbb8d5,2026-01-22 01:00:00
83fdab8545d81027,2026-01-06 04:00:00
aa604ffe791e58c6,2026-01-22 06:00:00
d9da121e8b8e4ba7,2026-01-23 13:00:00
773bc6e7d1e351d2,2026-01-12 02:00:00
fccce982bdb9297d,2026-01-16 17:00:00
5c484ec3e89d4175,2026-01-20 02:00:00
e80cbf6a5e3447ed,2026-01-12 21:00:00
de070a2ad24af4e3,2026-01-17 03:00:00
3ae5b4c39bc4ad5a,2026-02-08 01:00:00
644b4fff7c38c460,2026-02-06 07:00:00
d96a53f6fa6d024a,2026-01-22 22:00:00
b25812fd2dd6fa42,2026-02-01 14:00:00
2d5e9401a78552a5,2026-01-08 01:00:00
90e24d06d8835d9f,2026-01-19 00:00:00
78a05f7ac94f1be7,2026-01-13 07:00:00
4ee92e003e1feade,2026-01-07 23:00:00
a50b56d94a4d6905,2026-01-17 00:00:00
ce4e51a8ea216d3f,2026-01-14 08:00:00
99d409c318cfcd05,2026-01-16 15:00:00
0803a45da0e9b7a5,2026-01-28 22:00:00
137bb5e8117b0c75,2026-01-21 00:00:00
38792e98817665dd,2026-01-04 07:00:00
97170eeeb4728f64,2026-01-23 04:00:00
bc57717ba44acb0e,2026-02-04 05:00:00
f37d52ed5853815b,2026-02-02 00:00:00
988b68248c031a9c,2026-01-11 21:00:00
5fdf5ec1e14495bc,2026-01-23 21:00:00
be2eac4962dc4573,2026-01-08 00:00:00
4a4d962447ac6719,2026-01-19 23:00:00
c6aa746727ebea6f,2026-02-01 20:00:00
6177c944a9bfead5,2026-01-03 20:00:00
1d60fa2bec7e6d43,2026-01-08 18:00:00
0e5cc710225014de,2026-02-02 12:00:00
de5f8e965b7ea8f9,2026-01-22 01:00:00
eec498220fb17968,2026-01-26 04:00:00
69ac4a514cbe039c,2026-01-12 07:00:00
4a277eba39e4937d,2026-01-12 00:00:00
57e2ff24d86259e3,2026-01-12 02:00:00
b445fa0eed8189d5,2026-01-11 06:00:00
946f6d56c79be85a,2026-02-10 03:00:00
f3c13dae1b121db1,2026-01-04 00:00:00
eb37180e459d2837,2026-01-21 07:00:00
96b15d66d4f92110,2026-01-14 17:00:00
3714ae2e7a504f9a,2026-01-08 20:00:00
4699f8e8e1ab69ab,2026-02-06 02:00:00
f3afdc9ac2bfaf28,2026-01-17 21:00:00
2eea16811f15fe3a,2026-01-31 08:00:00
407c476252425264,2026-02-14 05:00:00
4d478ab5292ba827,2026-01-10 13:00:00
a788af421f58ae7c,2026-01-25 15:00:00
284005fb1a62e472,2026-01-04 03:00:00
1e7b7d8e3e9590cc,2026-01-05 22:00:00
2abe12753a6458be,2026-01-15 19:00:00
b6478b92a1b1cbb4,2026-01-21 21:00:00
d309948df0af8113,2026-01-11 12:00:00
6d587393c5f0f953,2026-01-30 04:00:00
e76d1ee0158848c1,2026-02-09 22:00:00
b78f7c5767048030,2026-01-29 04:00:00
b627257180ed4fca,2026-02-09 17:00:00
6e5543796cf4aaca,2026-01-30 20:00:00
43a96294782bea15,2026-01-11 01:00:00
5ed444ef92d7464f,2026-02-10 00:00:00
5f0858612c40c4ed,2026-01-21 01:00:00
c13c73a224a4663e,2026-02-05 06:00:00
b17caa11855b8b07,2026-01-28 16:00:00
12a27fe91f0bccc4,2026-01-23 12:00:00
fd1cd63ba942cb10,2026-01-08 13:00:00
d2f4c78cded72e1c,2026-01-29 01:00:00
4035b2781368f406,2026-02-05 09:00:00
165ef8d565638679,2026-01-15 14:00:00
882c163253efb645,2026-02-05 00:00:00
3a518e615c883918,2026-01-24 14:00:00
5c2cbadcd5347a8a,2026-01-27 19:00:00
e64078eba170754a,2026-01-24 23:00:00
f374c8dd619c0b2b,2026-02-05 22:00:00
80cbe584a67c8b36,2026-01-18 18:00:00
4a5d12e5af431c71,2026-01-26 08:00:00
c0faa9bb0d707890,2026-01-04 10:00:00
41c5caa0587a2de6,2026-02-12 14:00:00
9ce06005196a4e64,2026-01-13 14:00:00
14c6d8258fca4be7,2026-02-07 22:00:00
18e0267453542f4d,2026-01-22 16:00:00
2fd09f34651e2856,2026-02-03 00:00:00
3edceec12461082a,2026-01-23 10:00:00
d730dc18c694a821,2026-02-04 22:00:00
7ba4e85f27e7121d,2026-01-18 23:00:00
ade9924580831355,2026-01-02 15:00:00
4456e9c6e6b6fca8,2026-01-31 08:00:00
3a802c118b1cc4c8,2026-01-05 07:00:00
1e8e0470460f4dec,2026-01-06 16:00:00
654dc110ce16f2b4,2026-01-21 14:00:00
34e2e0b7e1cacee2,2026-02-12 17:00:00
549f302c91d90c82,2026-01-23 21:00:00
ab492a2fc4f69af6,2026-01-30 17:00:00
28fcfffe14a1a6d1,2026-01-10 14:00:00
11936879b7f9b546,2026-01-06 02:00:00
1a9c49a71e013921,2026-01-04 08:00:00
41a137c078d80fc6,2026-01-27 06:00:00
754531de5232ec8e,2026-01-15 06:00:00
9da4ad77b1e0f283,2026-01-26 22:00:00
94e42d07fbb68213,2026-02-04 04:00:00
51ad34095fb66a3c,2026-02-10 05:00:00
2268fcb011dfbf07,2026-01-15 02:00:00
cd9eec287bad71c5,2026-01-12 09:00:00
9e782137e88d2ad9,2026-01-14 03:00:00
a11327f184c2109d,2026-01-17 06:00:00
19737f128c82fd8c,2026-02-07 13:00:00
33fffa0336dd4c41,2026-02-13 08:00:00
290c4ca847608a46,2026-01-12 09:00:00
a30b032df83d1cc5,2026-02-11 00:00:00
c484d2627075679d,2026-01-16 06:00:00
ef132e9e7faab419,2026-01-13 03:00:00
b9962c1959dde192,2026-01-16 12:00:00
25136cda99bf7fb0,2026-01-27 23:00:00
debf975d7c9630b4,2026-01-08 07:00:00
04d9d102a90fe26a,2026-01-15 13:00:00
801e0791f3531902,2026-02-12 07:00:00
af3034293e9ae984,2026-01-25 08:00:00
cf841ef27ddfe0ff,2026-01-09 11:00:00
fb2e2a60b0b3f1d1,2026-01-18 16:00:00
a4d8905cf5ea2ea8,2026-01-22 02:00:00
3530ab67e5eefda0,2026-01-23 12:00:00
5b5ab9d49d39b720,2026-02-13 15:00:00
9eeda4231d096664,2026-02-12 15:00:00
233d1b372fb6ba5f,2026-01-07 18:00:00
f535e9ee53dd4ec3,2026-01-13 19:00:00
b8f6d88a3ca9800e,2026-01-21 13:00:00
1a87fe85396bc0b5,2026-01-10 00:00:00
c3d91fc24855e048,2026-01-20 03:00:00
f68c2f4dbb48cdbb,2026-01-17 12:00:00
86f95e2a08afaa18,2026-02-01 21:00:00
1dcd34e009acf254,2026-02-07 22:00:00
760a37d2333fde98,2026-02-06 08:00:00
7b700957ba3fd22e,2026-01-14 09:00:00
cb33a1cf6df72fea,2026-02-12 02:00:00
806a173f7ab4bd19,2026-01-11 23:00:00
6aa63a56d6a84aa9,2026-01-06 20:00:00
7526921634e114dd,2026-01-12 00:00:00
e44aa49097f7f317,2026-01-24 07:00:00
07bf5ca7e210ebe6,2026-02-09 00:00:00
91494edb1400f20f,2026-01-31 00:00:00
f932bb1639290ff2,2026-02-04 06:00:00
4b3b5283391a892f,2026-01-10 02:00:00
3aecf27a8362aa8c,2026-01-30 22:00:00
c51932f616c667e4,2026-02-01 06:00:00
9725c0a85f038455,2026-01-22 17:00:00
39a044ac1790dde5,2026-01-30 21:00:00
18dfefee1bd302c4,2026-02-03 00:00:00
32cb4c85549d53b9,2026-01-11 23:00:00
5224778730258496,2026-01-29 14:00:00
e0cd80396136975f,2026-01-05 16:00:00
b62bbcd617e1f5f1,2026-01-05 05:00:00
89d89857f8bdd527,2026-01-17 08:00:00
7288a7353ee8b152,2026-01-27 06:00:00
4048756aeb7efeb7,2026-01-24 01:00:00
03c317832b3a222d,2026-01-12 18:00:00
50dd32bb7000a694,2026-01-11 07:00:00
34cd651a2e4a50cd,2026-02-07 18:00:00
7c8ce261a96a676e,2026-01-12 15:00:00
37e56a301b98cfd1,2026-01-28 04:00:00
45a9cf4177ce84f1,2026-01-23 15:00:00
af74f8152d34a755,2026-02-07 00:00:00
214827f8de300856,2026-01-31 00:00:00
52d8e33206e9558d,2026-01-27 06:00:00
fa7e6dffc88837eb,2026-01-16 03:00:00
3569287832065b14,2026-01-03 23:00:00
265a773c513e6b1e,2026-01-16 07:00:00
84aa258449b15a11,2026-02-06 09:00:00
2272769ac185492d,2026-01-30 02:00:00
0bab1d03b790ad85,2026-01-03 04:00:00
7e4d45294156abe5,2026-02-12 02:00:00
654e0762430cf6ab,2026-01-31 14:00:00
6f14369e6af0d24b,2026-01-05 12:00:00
7c0ea963674c31c0,2026-01-15 09:00:00
eabad64e3435f8d3,2026-01-04 12:00:00
1b8d7de8118ba654,2026-01-06 05:00:00
68463e0b2a12f38a,2026-01-18 01:00:00
40f6a64e249700f6,2026-01-06 05:00:00
55e8ed57c31af5ef,2026-01-28 05:00:00
860378979e75e192,2026-01-27 07:00:00
e3d3aa8b84ccde18,2026-02-08 19:00:00
2c10bb5db68c88b6,2026-01-28 18:00:00
a61320d87a0301c3,2026-01-21 19:00:00
4ec879ddcbaed469,2026-01-25 13:00:00
50a0f548b391cfa7,2026-02-05 17:00:00
49fe4fd6c775317b,2026-01-28 09:00:00
b59c74cee7028845,2026-02-07 08:00:00
0ecd3f297ba435b7,2026-01-20 20:00:00
193968ee90956c6a,2026-01-08 13:00:00
7a97d2c41366ae83,2026-02-11 17:00:00
dafc62974ddb23d0,2026-02-02 15:00:00
78d4ca0a29479f2e,2026-01-16 18:00:00
24592ef738583c07,2026-02-13 13:00:00
0749b4210b8ffe6d,2026-01-17 23:00:00
5e46e339712f1c6f,2026-01-10 00:00:00
2bd79861df692390,2026-01-29 13:00:00
f4c607b3c78e405e,2026-01-10 03:00:00
1946aa2a21ca7b90,2026-02-01 21:00:00
cac5e70e4fdda4ce,2026-01-20 01:00:00
8d6f19e79db11452,2026-02-08 12:00:00
df8183e2a7f06aba,2026-02-01 15:00:00
811e2b1e54f801c7,2026-01-14 05:00:00
70fc4a600288adb1,2026-02-01 22:00:00
8426bc2d65397620,2026-01-15 01:00:00
6adbc43152bb3658,2026-01-11 00:00:00
cc543cb2d00f415f,2026-02-01 01:00:00
4caa4bb0883e764b,2026-01-20 15:00:00
b2458eb2d5064330,2026-01-14 15:00:00
d9cfa3465b313f82,2026-02-04 13:00:00
db1a4039bd38dd27,2026-02-03 12:00:00
c2f3204cd58d2a07,2026-02-09 11:00:00
b22554ca16e8d131,2026-01-01 14:00:00
17acf8881672bdd5,2026-02-14 22:00:00
772ebcd0c054edce,2026-02-10 19:00:00
9f74cb09e28eedd5,2026-02-11 21:00:00
59478a38b1a4b4b2,2026-01-26 21:00:00
84becc5a8932c003,2026-02-03 09:00:00
013ac901d668fae2,2026-01-15 01:00:00
bb03e38860a77cd7,2026-01-22 01:00:00
b7f25f70aa55a4de,2026-02-01 01:00:00
683eb08b701fe641,2026-01-31 14:00:00
13b2bbef9a9b970c,2026-01-22 16:00:00
06089e2ea466f8b8,2026-02-06 13:00:00
f42376ebe1df15e4,2026-01-09 03:00:00
16bfcc2e52e3bd40,2026-02-02 14:00:00
ecd3c10efd275e94,2026-02-12 19:00:00
723f6516fb0b65cc,2026-01-17 23:00:00
6b0b0784a4d57b05,2026-01-19 14:00:00
30bdcdbeb6bed37b,2026-01-10 19:00:00
90a49f5cb908fd5d,2026-01-17 11:00:00
e80d8e5a3ac74b9d,2026-01-17 06:00:00
c8f2c8457be89f9b,2026-02-14 23:00:00
c338c0a85c16d1d9,2026-02-09 15:00:00
f59a5c6df4fe93f8,2026-01-08 06:00:00
4e23fb2ab3612762,2026-02-02 12:00:00
cb2a0fedf9243366,2026-01-04 18:00:00
a574315fe8f69f6e,2026-02-13 07:00:00
24c132ddd7a43905,2026-01-27 19:00:00
c362120f66b8b5bd,2026-01-11 15:00:00
8d7ee6bffeaa92b1,2026-01-14 09:00:00
7cdd4ab9f860d517,2026-01-02 00:00:00
be9a87c675039f4a,2026-01-28 13:00:00
fe58e8b5964e5374,2026-01-31 07:00:00
18dad1bc470111d4,2026-01-14 22:00:00
340a07633775432a,2026-02-14 10:00:00
d6fef29a0cfcaeb6,2026-01-15 18:00:00
fed8946fdf1a2c45,2026-02-01 03:00:00
77ad30a5fafa2a5c,2026-02-08 11:00:00
4d228cdf65d36b5e,2026-02-04 09:00:00
523a3847d5dff144,2026-02-07 21:00:00
1646870e694a8b49,2026-01-12 04:00:00
16e23cf984f579ca,2026-01-11 20:00:00
558bc037f24a42b1,2026-01-25 03:00:00
10da5ab2cd6158a3,2026-01-25 08:00:00
662920bde981e1e7,2026-02-09 07:00:00
7afb77345fb41357,2026-01-09 09:00:00
eb9ce1c22a8f1a2a,2026-02-13 08:00:00
3d0650abe9cba400,2026-02-01 22:00:00
975cafc70eac8596,2026-01-21 14:00:00
ec471859111530da,2026-01-17 14:00:00
6b36678f86442c89,2026-01-21 15:00:00
e80f912dab7729cf,2026-01-17 00:00:00
8f434018843b053a,2026-02-09 06:00:00
0ff4a5d5cc4ea821,2026-01-24 21:00:00
e9fd45bfd35067a3,2026-02-12 10:00:00
c1c7605c1c5321ea,2026-01-14 22:00:00
25874af2572b9396,2026-02-02 17:00:00
1eeb94533562f20f,2026-01-10 23:00:00
006a8ba6d6c5e88d,2026-01-08 07:00:00
d811ad087ac14470,2026-02-10 09:00:00
d13ec39e0ab2e010,2026-01-16 12:00:00
4858ed04382672cf,2026-01-25 12:00:00
7c1a4853382a3a3f,2026-01-06 20:00:00
7c09f85913c98d6a,2026-02-07 23:00:00
8450e665ec85d66d,2026-02-01 21:00:00
0c212aa7825ce00c,2026-01-11 01:00:00
149da90e2a669ace,2026-01-31 22:00:00
89277e5cdb03acf6,2026-01-16 23:00:00
1742a21a66924e93,2026-02-07 02:00:00
50526cd61be06398,2026-01-11 02:00:00
2736f85182a20edf,2026-02-12 04:00:00
8bacf82c2ba94ea0,2026-02-04 14:00:00
1cedf12de9d4f97a,2026-02-02 11:00:00
af10cfded2cdac30,2026-02-05 21:00:00
4f8f5c880b6b5436,2026-01-02 14:00:00
e58222669cc16287,2026-01-24 18:00:00
cb65a279b363a336,2026-02-02 20:00:00
39918fbf141d9e71,2026-02-09 19:00:00
9fab0ca6bbc12bbe,2026-01-27 15:00:00
7fc6b7bded50cc8f,2026-02-05 14:00:00
0c82c0d6d586a733,2026-01-31 21:00:00
0122635a75c0fed5,2026-02-01 12:00:00
e66439e0f8ed38c0,2026-01-25 08:00:00
6ba092fdbcc176bf,2026-02-11 21:00:00
bcd4de34a3f684d7,2026-01-02 21:00:00
7418d6f8cda24137,2026-01-23 09:00:00
e7fd08454592dfc4,2026-01-03 00:00:00
c42f08538cf4aae4,2026-02-07 14:00:00
999459a54b0d5657,2026-02-03 05:00:00
457c8b1153b0749b,2026-01-30 06:00:00
cca3d75187f3069c,2026-01-29 15:00:00
206425e9a23e8c53,2026-01-12 08:00:00
7becf861d6b47419,2026-01-16 22:00:00
704d678842fd00a1,2026-02-10 10:00:00
a711a761d1e7e9b0,2026-01-20 01:00:00
dea48d555d40fa84,2026-01-30 08:00:00
56660eb007e2acb9,2026-02-05 01:00:00
31420b0ed499d788,2026-01-25 11:00:00
bdb200073dc473bb,2026-02-03 06:00:00
9e442ce261f93ba4,2026-02-02 05:00:00
2b66c6c37bd870c2,2026-01-13 05:00:00
afcc6ccf3cbb6279,2026-01-05 08:00:00
7f0213a38c14ed21,2026-01-19 16:00:00
297928c1034f647e,2026-02-06 10:00:00
2c2d7e4ed4488ff8,2026-01-22 07:00:00
1d59eed438655110,2026-01-22 15:00:00
6b6eb81125fd9036,2026-02-04 08:00:00
f83c45d62f9f3016,2026-02-06 07:00:00
932c613d8b003ce7,2026-01-14 17:00:00
4e274c53c285d0e5,2026-01-24 12:00:00
c2d9a4ab1276fe59,2026-02-03 18:00:00
33b46d77d277677a,2026-01-14 23:00:00
94ad0ac507ec1306,2026-01-06 09:00:00
cce0bf151420fd1b,2026-01-18 19:00:00
46b04d2383523220,2026-01-04 13:00:00
e48960c0faf7c889,2026-01-01 01:00:00
99d9c7cdfbe22817,2026-02-11 10:00:00
40e4a4608ea08085,2026-01-30 17:00:00
24d651de7639b37a,2026-01-21 06:00:00
a25d8998c4deb2cf,2026-01-21 03:00:00
57b85883e6263f3e,2026-01-01 04:00:00
57ef98ce8bfd9247,2026-01-13 23:00:00
c5b1d647afb67e9f,2026-01-21 06:00:00
9f86a21a1d072f6b,2026-01-12 06:00:00
146b982725279e02,2026-01-06 17:00:00
a6b82fe4ee9f98e1,2026-01-31 06:00:00
2b18063c3d42bbbf,2026-01-11 13:00:00
def940e62fd3b188,2026-02-08 12:00:00
cdcf6d58ee2f216d,2026-01-12 17:00:00
838fc53fc326bfe4,2026-02-09 18:00:00
b8fd67f7e5b21522,2026-02-09 05:00:00
bb1969346429fbc2,2026-01-27 16:00:00
18d6dc02990ffa0c,2026-02-10 01:00:00
d7c93723a4842c2a,2026-01-05 09:00:00
ce96dd1b4fe8773f,2026-02-05 18:00:00
ddb2ef1acd68a6e4,2026-01-03 01:00:00
816615e1458a7719,2026-02-08 23:00:00
00a1328701660e1c,2026-01-06 03:00:00
67ca1ccf3f3b6680,2026-02-07 17:00:00
36b63112b1ff17d3,2026-01-30 14:00:00
b5b3f91f5a1677f3,2026-02-09 14:00:00
b55a821261a0628d,2026-01-31 19:00:00
6085f7bb55fad6c2,2026-01-23 16:00:00
2bc42acf23c00ee1,2026-01-15 23:00:00
e00247409d5cc737,2026-02-08 05:00:00
c87af44b15caf8ef,2026-02-11 21:00:00
d716323cc7b6040b,2026-02-14 05:00:00
d1b6c8b4894d5b9c,2026-02-01 05:00:00
2add92f5f847d6da,2026-02-11 10:00:00
8109a1ee5a06c08a,2026-02-12 18:00:00
b32a52cfd37e3d50,2026-01-19 23:00:00
8684112fa9cd59a4,2026-01-14 08:00:00
22dfca8788267475,2026-02-04 02:00:00
f934a32574b8659c,2026-02-14 13:00:00
4f62ab65063ace96,2026-01-22 14:00:00
b6e22a2996321860,2026-02-02 15:00:00
aca10046503ca3f3,2026-02-13 22:00:00
68fb07681d9ea643,2026-01-20 23:00:00
9fb5728e62a39bd6,2026-01-11 04:00:00
745d0d7e539690ac,2026-01-29 20:00:00
2addbab6646cce89,2026-01-16 22:00:00
9a3f57f3e6d6b432,2026-02-12 11:00:00
83a6df3bc020e5e5,2026-02-12 23:00:00
b6bd5c92f03e314f,2026-01-25 22:00:00
78eaa0172addaf80,2026-02-08 04:00:00
8d22ab6f049ddc21,2026-02-10 15:00:00
eea011edce1568b0,2026-01-13 13:00:00
3ab7e5b75a8ee0ad,2026-01-17 21:00:00
e90b1d5a4245060d,2026-01-08 13:00:00
a49849692a30c87c,2026-02-03 18:00:00
4c44f98895d71372,2026-01-03 05:00:00
1616029d62d75a85,2026-01-25 04:00:00
1285bf64a0655cfb,2026-01-26 22:00:00
8762006c0334d78d,2026-01-01 15:00:00
960b824d3b818891,2026-02-12 09:00:00
22380f23366040c6,2026-02-01 12:00:00
4b554eacc6e4f492,2026-02-12 04:00:00
7db64deda13efc21,2026-01-17 06:00:00
865d5aa63803199d,2026-02-10 15:00:00
84d008a4c062a477,2026-01-03 14:00:00
0451b36a08d93815,2026-01-25 20:00:00
e266dee1876ff701,2026-01-28 22:00:00
4bd7fbc5eb4c8255,2026-02-13 00:00:00
75c2397608b7a479,2026-02-11 13:00:00
67f829bf5e4258f8,2026-02-12 03:00:00
2f9233f40a67e346,2026-01-04 16:00:00
3604f6bb2234a583,2026-01-01 19:00:00
8fc4209bb01e46e3,2026-01-28 22:00:00
422ef1969a02112c,2026-01-26 04:00:00
b0dafcc0b8a65811,2026-02-05 16:00:00
21af89162b102773,2026-02-11 20:00:00
69d927df8b97c14f,2026-01-17 11:00:00
ef629b7cc9b14bf6,2026-02-01 02:00:00
db822265bda6f155,2026-01-03 12:00:00
0551d5971afb7019,2026-01-27 13:00:00
98e23a69c5dcbde3,2026-01-25 11:00:00
76128c36ba6f0d35,2026-01-18 06:00:00
5d01a28720aff2e8,2026-02-06 23:00:00
2e08ff5faf6bc297,2026-01-29 01:00:00
b3e2ebb37e7bc9a8,2026-01-18 15:00:00
e7e015919c79c0af,2026-01-18 16:00:00
a65157aac5629547,2026-01-14 15:00:00
c49ed2de223064ea,2026-02-12 12:00:00
984b1b9ef4d7cd18,2026-02-05 23:00:00
f7fbd03281cd25f7,2026-02-07 14:00:00
91c831f7f930edee,2026-01-05 10:00:00
a9cf135371536ac7,2026-01-07 10:00:00
d1583b59c376432c,2026-01-23 18:00:00
8fea02cfd3c724f1,2026-01-22 01:00:00
4fffc2b3834f0fa3,2026-01-16 23:00:00
0a3c2984c49b8ebb,2026-01-16 05:00:00
0b4bca0fb9d8afa4,2026-02-03 09:00:00
8ee66e9b94f9713c,2026-02-02 03:00:00
cb3c66a5c44edbea,2026-01-31 14:00:00
36a0c50ac086f29b,2026-01-23 07:00:00
d3c44ba37b95d8b7,2026-02-01 19:00:00
fd70bb88bf1c25b7,2026-01-14 11:00:00
fae80207fa731ff7,2026-01-21 16:00:00
4896e0dfc10bef7c,2026-01-05 14:00:00
dda788dfd1ecc2f0,2026-01-12 07:00:00
9852473a09d25779,2026-01-22 04:00:00
feecdc83cdd749a2,2026-01-22 00:00:00
73bc17da798e7ba3,2026-01-12 09:00:00
6e5a72c33c43c8e2,2026-01-02 13:00:00
ff181090ef9a298b,2026-01-22 10:00:00
9449c3cb8212169d,2026-01-10 04:00:00
a292d43126596f03,2026-01-23 17:00:00
ec77dc98b38828f3,2026-01-07 09:00:00
f6f4a68288333f4f,2026-02-09 02:00:00
bd14799bc11014c5,2026-02-08 10:00:00
7e933a513eccbc74,2026-02-10 20:00:00
f57c972782c345a8,2026-01-26 10:00:00
a6cfbcb5af8eb983,2026-01-05 23:00:00
5429db07c80d419b,2026-01-31 14:00:00
69466860f39785df,2026-01-27 21:00:00
2f0159fc540eaed0,2026-01-23 19:00:00
e2b49ee445b1337a,2026-02-10 08:00:00
6b728dc27b8c757d,2026-01-05 21:00:00
944c99b9e7be2a85,2026-01-28 09:00:00
d7fe4ab5441c0c1e,2026-01-15 22:00:00
abd53d7d75f2fbb4,2026-01-11 19:00:00
273b669f39e7173d,2026-02-11 13:00:00
15535d9655da4a56,2026-01-20 23:00:00
4f71d79051721e12,2026-02-11 22:00:00
336c22ea25736825,2026-01-28 14:00:00
7489cb25e9481722,2026-02-04 00:00:00
fad399f14ccc89a5,2026-01-10 19:00:00
459e6bab4db7cd73,2026-01-04 02:00:00
1dd382faa7a03ba4,2026-01-24 09:00:00
3ac850165392c21a,2026-02-04 20:00:00
f24e5f387b10af9d,2026-01-31 05:00:00
977a7854caf254cc,2026-02-14 01:00:00
ee76da8d2094205d,2026-02-10 22:00:00
4fefb4f77a242a91,2026-01-09 10:00:00
dd29067391f8465e,2026-02-02 19:00:00
1dfd451aebf4f330,2026-01-30 09:00:00
983191c0d1a86a39,2026-01-17 00:00:00
c2a04fc39c6c24f4,2026-01-30 11:00:00
dc4c3eaccf3e347a,2026-01-20 07:00:00
09225050fdada84f,2026-02-05 05:00:00
c252eaa67e8bc192,2026-01-30 06:00:00
addd87fb48129fdc,2026-01-31 06:00:00
23aee6e48934dce4,2026-01-19 03:00:00
89999eec1d30861c,2026-01-22 23:00:00
f156d9fe26971ad6,2026-01-12 00:00:00
12b1a1ac9bcc6dbb,2026-01-02 07:00:00
6471baee0c2ea81a,2026-01-06 13:00:00
5bf19662f6caa238,2026-01-10 06:00:00
b5f5d24626aa1f67,2026-01-09 20:00:00
90a11393b2f77056,2026-01-06 22:00:00
3571021a0fe8adbc,2026-01-29 16:00:00
80929b8b4b297e08,2026-01-09 12:00:00
b5e6b9d237441efb,2026-02-02 06:00:00
e49cc1bbf749b92d,2026-02-13 03:00:00
f01e6bdc5e94857f,2026-02-06 02:00:00
eddb8cac89e00aed,2026-01-10 20:00:00
b3d9b4a4a0fa5b2e,2026-01-04 06:00:00
670892a02869b0df,2026-02-12 05:00:00
b1d6cf1ecfe92b4f,2026-02-06 19:00:00
5518b7955af53604,2026-02-07 17:00:00
a8f0bc961ea8fcf3,2026-01-12 15:00:00
4ccbddd218480175,2026-01-17 12:00:00
059c5acbcab15627,2026-01-11 16:00:00
7ab3f833037232c0,2026-01-17 18:00:00
bb94a4c264dbedd0,2026-01-21 21:00:00
4db431ce33f02aa8,2026-01-28 08:00:00
ba4a4fe5cfffafd2,2026-01-11 18:00:00
33a0872fd0507ac8,2026-01-30 19:00:00
d9fea42a38ec9381,2026-01-25 03:00:00
fc8eafabeacc8b38,2026-01-06 01:00:00
831e5e6b6860b577,2026-02-14 01:00:00
f510145c1fc097de,2026-01-28 17:00:00
0ad5b5b6e3ce13b4,2026-01-14 12:00:00
34a0f3a5ad37689f,2026-01-02 16:00:00
ba4900412e3dc52f,2026-01-31 07:00:00
38d052512b1f8895,2026-01-10 19:00:00
8259cae70ec9fdd0,2026-02-12 18:00:00
21f1385dfb2114cc,2026-02-14 10:00:00
571ad8fa89b28b7c,2026-01-10 04:00:00
6eb87d43c0580ca8,2026-01-27 02:00:00
dfaf01c0860210f5,2026-01-06 03:00:00
1d5612bbb1440e25,2026-02-12 04:00:00
9b5d3b3421e7c934,2026-01-07 20:00:00
69785d325d751df3,2026-01-31 01:00:00
7d46b844755b96c8,2026-02-08 06:00:00
0cc4a29060a7a0be,2026-01-31 06:00:00
278215e9a649c81c,2026-02-10 02:00:00
06d118eb3b2c796c,2026-01-06 14:00:00
c5a41a797c6425ea,2026-01-27 20:00:00
479300f68af88b54,2026-01-09 07:00:00
f843d6d6dfaefec5,2026-01-28 07:00:00
2b4aeee2153de4a3,2026-01-18 18:00:00
2172f27cee4cb29e,2026-01-25 01:00:00
3d406a42f3234309,2026-01-04 19:00:00
b74c2f9dc4041799,2026-02-01 09:00:00
e1caae22d1adb4a9,2026-01-22 08:00:00
69861cb3d16bf396,2026-01-07 04:00:00
2f6c620003226f89,2026-02-11 09:00:00
787ddac7bdaf93b1,2026-01-10 21:00:00
5369c1bdb3d1f295,2026-02-13 04:00:00
45b84f2e2a0842da,2026-01-13 04:00:00
d8c5b86fb9a9ec81,2026-01-08 08:00:00
5438638f62088e4e,2026-01-25 12:00:00
6e04cbcaa727eb80,2026-01-24 03:00:00
4bf0e969bdbccedb,2026-01-07 21:00:00
b72924c0a86ec4de,2026-02-07 03:00:00
de7a15b76fb373ac,2026-01-31 21:00:00
e89be3c4fe2f8e8f,2026-02-07 14:00:00
c9c78a26f1452592,2026-01-10 09:00:00
0f71103b8b311e71,2026-01-10 13:00:00
e67a170c1366430b,2026-02-12 08:00:00
09c7e4e5f2a9cdd6,2026-01-21 20:00:00
70a89cddb665a9a6,2026-02-11 13:00:00
9c6d087ab44ce17f,2026-02-13 11:00:00
a2288f5a936710bf,2026-01-12 12:00:00
8547321bceb8bfdc,2026-02-09 10:00:00
14032ac9be6ccb12,2026-01-12 04:00:00
3c4389248e547b4f,2026-01-05 08:00:00
80fcdbea86b25e3e,2026-01-10 16:00:00
0556d9f74037051d,2026-02-06 03:00:00
a583538c53023221,2026-01-21 13:00:00
8439c336604779e7,2026-01-31 10:00:00
cf3311e4a68b59d2,2026-02-02 17:00:00
4a131a8475f094b8,2026-01-14 18:00:00
c647e5ed388fbef3,2026-02-04 11:00:00
65f27af1f619a1c8,2026-02-11 13:00:00
076cf4628709d4c1,2026-01-29 12:00:00
3a48caf52e678ddc,2026-02-05 03:00:00
0d6a2277066eaaef,2026-02-04 00:00:00
45de1f5db166c609,2026-02-04 15:00:00
9c655485b0f8b435,2026-01-28 17:00:00
493228ff102e791c,2026-01-15 01:00:00
e80480e8bf8c3cca,2026-01-13 09:00:00
4384f0d471dc8ef4,2026-01-29 11:00:00
a676fa877fc49258,2026-01-10 14:00:00
6836fee44b4e8510,2026-01-31 22:00:00
13bfa05d7eed9ff3,2026-01-12 00:00:00
9a9cc2b1ac9f01ad,2026-01-01 14:00:00
9cbc5b05ef20ead9,2026-01-18 16:00:00
0767b90af522c2ff,2026-01-11 16:00:00
446d75bcf1174fd9,2026-01-03 13:00:00
1dc01ee03ae08a11,2026-01-05 01:00:00
e38d94d7164ba8ff,2026-01-13 02:00:00
6964b29c761bd773,2026-01-02 02:00:00
1a58357069750b28,2026-02-02 01:00:00
1b3a9dcef8e4c24a,2026-02-01 12:00:00
b21e645323f964dd,2026-01-18 09:00:00
36226861d78177b7,2026-01-08 21:00:00
9f839bfdf67d63a5,2026-01-14 03:00:00
5966053bce480a1b,2026-01-21 01:00:00
e8b6baa8c0e0045d,2026-01-17 03:00:00
ad3bbc2013e71e9e,2026-02-03 12:00:00
53bec186d218dd22,2026-02-01 07:00:00
ac1747da91f333e0,2026-02-01 22:00:00
ea63120f3eb90a23,2026-01-15 17:00:00
9bab572fbf070629,2026-01-31 01:00:00
8a1e2869c6d80d58,2026-01-23 00:00:00
113f46c24a15a296,2026-01-08 12:00:00
701a7d069103352b,2026-02-12 04:00:00
1d3186a7ade6a5ce,2026-01-25 10:00:00
0f62c5c1723cc3da,2026-01-08 01:00:00
58eddbb350ca9056,2026-01-18 15:00:00
3cdc16a1d874684e,2026-01-14 07:00:00
920aadb4abf6765e,2026-01-18 13:00:00
eb6b36c52667ab86,2026-01-12 09:00:00
825e7d68d8e09e7a,2026-01-14 04:00:00
5b69e82c95ef698c,2026-01-27 06:00:00
ab550188ec0479d7,2026-01-23 21:00:00
3489c063f360cb03,2026-02-01 14:00:00
086818b3222eb0f4,2026-02-04 21:00:00
095fbe04097dbcb1,2026-01-23 04:00:00
086d8b526aa5541b,2026-01-15 17:00:00
83ecefc17f9c66ef,2026-02-13 13:00:00
749f7d1be48efdc0,2026-01-04 15:00:00
142b01125d36ec49,2026-02-13 19:00:00
d6e6ccb2a3451c2f,2026-01-13 00:00:00
3f216fd030c25d92,2026-01-28 11:00:00
2e334900503edbc4,2026-02-04 23:00:00
31cd59582ad8bd97,2026-01-20 07:00:00
771006ff590b599d,2026-01-21 08:00:00
b43dced96361793e,2026-01-19 05:00:00
3ec5a1e8f360c578,2026-02-14 13:00:00
8038efee99c7cf72,2026-02-05 00:00:00
8dde5590b3986a55,2026-01-26 13:00:00
b0823fcd0288b6cc,2026-02-05 14:00:00
6db1b586ba8e4115,2026-01-17 02:00:00
26fcd24a9ff764a0,2026-01-12 00:00:00
4bba7cb2b66f69cc,2026-01-13 19:00:00
cb31cd1a0363fd5a,2026-02-04 04:00:00
cafc7f1534742532,2026-02-11 02:00:00
b0f5adec160fa3f1,2026-01-30 00:00:00
07edfa012ab897f4,2026-01-19 05:00:00
2026a76b406b3ae6,2026-01-16 15:00:00
7c73514cb768a7b6,2026-01-09 09:00:00
2f3af2bc97a2f92e,2026-01-31 19:00:00
fcaebec03f0c582d,2026-02-03 09:00:00
65a7ee7235d7c97f,2026-01-24 08:00:00
42b721bbb42d8e57,2026-01-08 00:00:00
8656c5be8b888d02,2026-02-14 12:00:00
5148d83cb17f3f41,2026-02-09 22:00:00
a491d34fe80c8140,2026-01-31 14:00:00
5d5f0c7f3e882833,2026-01-14 09:00:00
dda2977f84298933,2026-01-13 09:00:00
3b5fb72f4c73bb45,2026-02-03 13:00:00
b248bccce28b5169,2026-02-07 06:00:00
53c63394821c2b4f,2026-01-14 22:00:00
91fa197d0f3b8602,2026-02-05 05:00:00
35ab905897523e3d,2026-01-17 06:00:00
4c3b6f4f6e30ff95,2026-02-05 12:00:00
d8957526cd2c41ec,2026-01-11 11:00:00
b7f97ed07b10066d,2026-02-06 17:00:00
7fe8c181fd8ae037,2026-02-11 13:00:00
1c19034e84951307,2026-01-27 21:00:00
67818c444c97fe3c,2026-02-03 12:00:00
100331d4ee7c0d19,2026-02-04 17:00:00
b1223a60b0bf4714,2026-02-11 05:00:00
fd565e19ee772578,2026-01-12 02:00:00
77c8941bd6d729aa,2026-01-14 14:00:00
7c87007653a62e0f,2026-01-12 01:00:00
a6d98f17007bd7b4,2026-02-02 10:00:00
22bb0885ce51ce78,2026-01-01 00:00:00
6f9044461675241c,2026-02-12 22:00:00
dfc10a08a403236a,2026-02-04 09:00:00
b99620a818740f5f,2026-02-09 18:00:00
cb73bcd54e2063b5,2026-01-27 23:00:00
43f97e1de9a167c6,2026-01-31 07:00:00
2ade7a6336b05b99,2026-01-20 20:00:00
d1becba10ced64ca,2026-02-11 16:00:00
ebb9571d876e1672,2026-01-29 09:00:00
e96fa8906052f581,2026-01-11 15:00:00
84823220776c4526,2026-02-01 21:00:00
79ca5546ebeed6fa,2026-02-13 08:00:00
854f3a39b80558a1,2026-01-19 11:00:00
7a5e4b215e03dc09,2026-01-24 11:00:00
791f38d9efeb447b,2026-01-30 20:00:00
6707b76b3f37834a,2026-02-10 22:00:00
a8efc301d25cf106,2026-01-03 16:00:00
37518ddf6df6cc9f,2026-01-04 16:00:00
de5b3fb6ffa6a905,2026-01-05 04:00:00
beb3289f8ee6e716,2026-02-04 18:00:00
3daf12949be039d5,2026-01-02 07:00:00
d22128f01ace01b7,2026-01-05 08:00:00
15c601218ae0c83a,2026-01-11 12:00:00
d08d7e99307e2c40,2026-02-13 15:00:00
012d04a03cdb4dd9,2026-02-01 23:00:00
34e9a191e9f266cb,2026-02-07 01:00:00
a1fe6588c03320ea,2026-01-01 08:00:00
f8950e6d2b3507ed,2026-02-07 22:00:00
fdd4fb2a9f2a87cb,2026-01-12 11:00:00
28ac8cf019a9afa8,2026-02-08 23:00:00
28078cb7a2656152,2026-01-20 11:00:00
861de8755762cc5a,2026-01-18 13:00:00
6aa29a701d3034ea,2026-02-11 02:00:00
2c6ef5d8bc8cc824,2026-01-24 02:00:00
eda0e7de32f91459,2026-01-30 14:00:00
f319acfa9d3194c0,2026-02-03 19:00:00
6f0d1b8a00f11b44,2026-01-08 10:00:00
9e7e4ee0b4cdfd30,2026-02-12 19:00:00
31276b2b9e7beae2,2026-01-13 17:00:00
b37493ece02371fd,2026-01-16 11:00:00
884eaaa0838f5ff8,2026-01-07 06:00:00
74e9f1a8fe6d1db4,2026-02-10 12:00:00
cf18fb0390a8fa06,2026-02-07 02:00:00
a0b6148feb973f56,2026-01-20 07:00:00
0ad46e4b9d024389,2026-01-04 17:00:00
8e182253840232a9,2026-02-05 08:00:00
e16a0d233ee4ed95,2026-01-16 06:00:00
055fd263f817c380,2026-01-26 19:00:00
371583c26f442047,2026-01-13 17:00:00
1d1c628dcbddb357,2026-02-10 03:00:00
1b62a1317009a99d,2026-02-04 17:00:00
39fba887975cad1c,2026-01-01 22:00:00
6e5665d8016ceb1d,2026-01-17 09:00:00
9ee6eeb7271a04f3,2026-01-06 14:00:00
790c2f295e6cf6f7,2026-01-09 14:00:00
0cd55d9e586ed642,2026-01-20 15:00:00
bf2307fcb6ed873b,2026-01-08 12:00:00
7f14cb7e72c95652,2026-02-07 17:00:00
e34dc416a7201879,2026-01-17 15:00:00
1c8d8095be77d1b1,2026-01-12 00:00:00
e10429610d416208,2026-01-04 03:00:00
9863acd5947c9d42,2026-02-09 16:00:00
d65dd393fe72f2bf,2026-02-14 04:00:00
4abcce98c8f0b34a,2026-01-08 13:00:00
098e00b9767153c6,2026-01-10 22:00:00
922911d4e8138e79,2026-01-03 16:00:00
b42ccd0cb016d705,2026-01-01 14:00:00
2a3006149a6579a2,2026-02-01 05:00:00
893aef18d2b174d3,2026-01-11 19:00:00
6f9a314a5525d713,2026-01-14 02:00:00
1999312bf316493d,2026-01-27 11:00:00
4ebcae7f208215f2,2026-01-15 09:00:00
7e25cca224f75871,2026-01-24 02:00:00
d7096acc0ae2c82e,2026-01-08 03:00:00
8e30e1c5afb18aab,2026-01-14 11:00:00
b64e34f802da374d,2026-01-16 16:00:00
7b45b395f496c923,2026-02-14 20:00:00
9c3090c9ee094cc9,2026-01-02 09:00:00
4cde6de7cb08576f,2026-01-07 08:00:00
2dbb024756d6f66f,2026-01-11 13:00:00
356fdf295a6e61ae,2026-01-05 22:00:00
88f43c594eacb559,2026-01-24 05:00:00
87475a12b2ee0bd5,2026-01-27 12:00:00
8a7b154a5d1f5ebf,2026-02-10 03:00:00
b3ee6536079c0d89,2026-02-07 12:00:00
9da02156a83aa63b,2026-01-01 05:00:00
9d5cbd4b0fd1f42f,2026-01-12 21:00:00
c53f00472cdf8a7b,2026-02-05 05:00:00
8140d503e696bd9b,2026-01-01 20:00:00
0dab035c1f5427bd,2026-02-09 07:00:00
3f5a6a6a454b590e,2026-01-26 12:00:00
52ef5f7a717e48d6,2026-02-10 17:00:00
96dee707d74dc569,2026-01-01 16:00:00
e39b073974747cdd,2026-02-13 21:00:00
421b2296f624d659,2026-01-10 02:00:00
c47379dbbc4123cf,2026-02-13 12:00:00
69547e80d830ef50,2026-01-07 01:00:00
35b57524d61e509f,2026-01-16 06:00:00
fe6b8a6dd049f70c,2026-02-07 15:00:00
2bd53731face3c51,2026-02-02 08:00:00
e49691c90fa572aa,2026-02-09 18:00:00
32ab48d6a4428c41,2026-01-31 00:00:00
226d34a193962315,2026-02-12 09:00:00
758b0abfb8b9781a,2026-01-01 17:00:00
03301baf4df74b30,2026-01-15 19:00:00
578c8bda7e08743f,2026-01-17 17:00:00
5509405bc08168f7,2026-02-09 20:00:00
fba1866e44dba684,2026-02-10 04:00:00
ed41e3a901b4ff48,2026-01-21 01:00:00
2b50883a5b80008c,2026-01-04 21:00:00
3ccac4aa065959b6,2026-01-08 22:00:00
083e3c42d4dc1749,2026-01-27 06:00:00
5e6e99f85f6c2baa,2026-02-09 18:00:00
e229713e9c83a506,2026-01-30 20:00:00
dede87f19643939f,2026-01-30 14:00:00
1fa5146653f6ac2d,2026-01-20 22:00:00
119b20b308c00a8b,2026-01-11 23:00:00
b69443ce06e2783d,2026-02-14 23:00:00
bf4c143ef6c49ec3,2026-01-12 17:00:00
c523c4e97bf17531,2026-01-19 04:00:00
ce4d1117222e5668,2026-01-11 01:00:00
f9f03370deaffd64,2026-01-26 17:00:00
6b4a7423da5e2184,2026-02-07 17:00:00
94a3d4e873c07f18,2026-02-14 09:00:00
208662688d2358f3,2026-01-31 21:00:00
3ce73d2089dae14a,2026-01-21 20:00:00
699797198893047e,2026-01-01 21:00:00
d60fee1793ffa80c,2026-01-22 09:00:00
ce9101fc91682d89,2026-02-02 09:00:00
9bfd82935bec690c,2026-01-01 01:00:00
f239dfa8fc2a2f54,2026-02-06 08:00:00
6137093f0b84126e,2026-01-28 15:00:00
5eb45773470c58a3,2026-01-05 09:00:00
0184e83678985195,2026-01-05 17:00:00
5798c65be3537ee9,2026-02-02 02:00:00
545e3a60d24b2c46,2026-01-06 01:00:00
6399f71eff4926ef,2026-02-12 17:00:00
e3b8404cf902859a,2026-01-02 03:00:00
62ea188614411525,2026-01-20 03:00:00
b8ae09a697933fee,2026-02-11 14:00:00
5d784b19db79d379,2026-01-13 07:00:00
fc841d9770783bb6,2026-02-14 08:00:00
6962171ccae09654,2026-01-31 23:00:00
5d5a93baabb813e8,2026-01-01 19:00:00
88e286590612bd0d,2026-01-20 12:00:00
6abc484ee63187de,2026-02-05 10:00:00
6f0b35eb391fae30,2026-01-25 20:00:00
ce0f2da4d07c58bc,2026-01-11 23:00:00
68468164454bccf7,2026-02-02 20:00:00
89795c3170733ae8,2026-01-26 01:00:00
95ed121af0ce54ac,2026-01-14 02:00:00
ffcea6c42a9674e4,2026-01-09 22:00:00
768c3876c8d29575,2026-01-06 08:00:00
8aa23793ab5e60fc,2026-01-30 02:00:00
1c5c8f738c28a6e4,2026-01-26 21:00:00
9a66e34ce6980b00,2026-01-09 09:00:00
828609d34a51a8e6,2026-02-10 17:00:00
4dbbcf28716b5241,2026-01-21 14:00:00
53a4a843facc6202,2026-01-26 18:00:00
e4eab5b2916dd07c,2026-02-04 17:00:00
677ad818547e8fcb,2026-01-17 18:00:00
63c59efc5ed02c7d,2026-02-05 23:00:00
02ad616ad87a2664,2026-02-12 22:00:00
08230916ff5ffd29,2026-01-22 12:00:00
118818f3fa258786,2026-01-06 19:00:00
5e70d9d7bb221b3d,2026-02-09 01:00:00
a39f7e590950a30f,2026-01-23 22:00:00
663ddfb1f79f80fb,2026-01-17 08:00:00
fb3735572fffabd6,2026-02-13 18:00:00
e5351a1530d00d4c,2026-01-19 19:00:00
47299a9a5a386644,2026-02-06 08:00:00
25e44b2b79af17a6,2026-01-04 16:00:00
89b1483a4c20ab15,2026-01-21 16:00:00
3f9ca1fc194edd42,2026-01-31 07:00:00
3f9affe6f0f7f0f5,2026-01-14 04:00:00
26b04a6200a65282,2026-02-09 05:00:00
bb332d306e481aa0,2026-01-24 14:00:00
f468911ef36143c3,2026-01-28 18:00:00
497e03b7e374a5ea,2026-01-01 23:00:00
45aa30233795eebf,2026-02-05 13:00:00
fc1759a7af3497ba,2026-01-10 19:00:00
dee4115d2d66c82b,2026-01-31 01:00:00
281ab940d6c4a211,2026-01-20 03:00:00
55579cb55d58f6ec,2026-01-10 18:00:00
17efa6da9e9d92d4,2026-01-08 13:00:00
a85210f2f40d4a79,2026-01-19 01:00:00
9c44c37a802abefa,2026-02-11 04:00:00
283f9d63ee284f40,2026-01-16 10:00:00
ab98feff35279118,2026-01-01 01:00:00
58a1f5d6df044ab9,2026-01-12 22:00:00
1cdcdf111433fe16,2026-01-27 00:00:00
5755b049af101a4e,2026-01-06 11:00:00
901ff9b6051629d5,2026-02-01 04:00:00
209c7d6dcf03d1a4,2026-02-04 14:00:00
8df4caac5584c5f8,2026-02-06 02:00:00
93cf8a301072c767,2026-01-18 05:00:00
1e4404fb2decd8af,2026-01-10 08:00:00
fbc937db5bf7f114,2026-02-14 06:00:00
dc93e93773a0e601,2026-01-10 04:00:00
00d8b89c78bc1ba6,2026-01-25 17:00:00
8ac0c0510d83b900,2026-01-17 11:00:00
aa52402fe0670ea3,2026-01-18 19:00:00
e803b3f13ca183de,2026-01-10 18:00:00
eaaa3f73d5b92fc7,2026-01-06 14:00:00
8fa6cd6330309715,2026-01-08 21:00:00
aafff7da3ce44db6,2026-01-10 18:00:00
1d6208e932bfa242,2026-01-15 20:00:00
9ef0b653ebc09d00,2026-01-10 12:00:00
2a40b87be812cc93,2026-01-15 15:00:00
36dc77b3357859d1,2026-01-21 16:00:00
4f9dde3cd693efcb,2026-01-04 01:00:00
7148d3c75a77b9f3,2026-02-06 01:00:00
0c55330aa970038f,2026-01-30 19:00:00
696c1748db9355db,2026-01-06 23:00:00
3ca8931f8be1dd2b,2026-01-30 08:00:00
292d045962f3f484,2026-02-14 10:00:00
4dde75953c8324fb,2026-02-14 10:00:00
0c4610301e9da57b,2026-01-25 16:00:00
8dcd6f4a95b12a13,2026-02-13 17:00:00
0fd1b1bc84c1d0b5,2026-01-10 03:00:00
bf01ec0dc058d11e,2026-02-03 01:00:00
3bc81a3d5fc8f561,2026-02-14 22:00:00
94500c6778393ca4,2026-01-05 05:00:00
06ea5488d5018032,2026-01-11 07:00:00
bb98660833e281b7,2026-02-09 18:00:00
4387c6689c8be292,2026-02-13 18:00:00
88c0f799e13f680f,2026-01-23 13:00:00
2045c819b6b6e390,2026-02-07 15:00:00
a84f772a86d9c98a,2026-01-11 14:00:00
1212618f4dc6e55a,2026-01-22 21:00:00
b9b31f582915c209,2026-01-11 01:00:00
57a34f2cfe2ad642,2026-01-01 02:00:00
eb616a509dc8fecb,2026-01-23 01:00:00
56336757f4fc925d,2026-02-12 20:00:00
de1fc73afff8913f,2026-01-27 13:00:00
541ab9850d4a6b38,2026-01-25 22:00:00
a28733732466a0c7,2026-02-09 15:00:00
05f7a21250b009ff,2026-02-07 01:00:00
c58bdc7164c2c184,2026-02-11 07:00:00
e9c6a5d9e170ac74,2026-01-09 02:00:00
291321671cc94881,2026-02-08 08:00:00
46629e8e17530044,2026-01-22 19:00:00
61fb0c0ba7361578,2026-02-11 12:00:00
ea332220fbc293a1,2026-01-10 15:00:00
ef61d834b70d1bb2,2026-02-05 12:00:00
873cbdd0a038e314,2026-01-05 23:00:00
f7988663aab9f6c7,2026-02-01 03:00:00
213a9b29f0e3a144,2026-01-01 10:00:00
b7058ff2ed033f23,2026-02-01 07:00:00
35907557d21baeae,2026-01-08 01:00:00
18100cd571d5e23e,2026-02-01 02:00:00
5877a24e7816e965,2026-01-30 09:00:00
4567e9a0afafdfa2,2026-02-10 02:00:00
82aa1ad3e81ba5c8,2026-01-28 11:00:00
0ead41b4df50dead,2026-01-29 23:00:00
c0422607ae1a1242,2026-02-11 04:00:00
91ce5552608558ac,2026-01-27 11:00:00
5c338e2b71b6711c,2026-01-12 13:00:00
1da81135602143c6,2026-02-09 08:00:00
36f36440bbbae08c,2026-01-25 20:00:00
f574d7d6273c0a95,2026-02-02 14:00:00
761ed7f91eb3b01c,2026-01-25 20:00:00
42167b21596f527d,2026-01-05 17:00:00
2db98b2f6e5031dd,2026-01-01 17:00:00
e00c660350de34cb,2026-02-02 11:00:00
2f2869e4181aa587,2026-02-03 11:00:00
676208b9555f1bf3,2026-01-05 18:00:00
e0e51f1a8737e374,2026-02-05 14:00:00
e3b52be18c2447ef,2026-02-04 21:00:00
76d2f4f5457bed2a,2026-01-19 01:00:00
e3b58fd51c8a529d,2026-02-09 22:00:00
882cdefa06e37445,2026-02-11 09:00:00
070316cb9a1ff0a3,2026-02-11 10:00:00
ed985f47514529b1,2026-02-03 17:00:00
e5265827e6d056e8,2026-01-26 15:00:00
c0f3d2678f2416da,2026-02-14 22:00:00
73374ff9f9eacbd2,2026-01-17 10:00:00
da1d8740c7490649,2026-02-04 01:00:00
946cd11ff7c5ffeb,2026-02-05 21:00:00
5a386f1440e1c920,2026-02-14 04:00:00
c13e426d3e8d3556,2026-02-11 05:00:00
b4010c6e4f6d03cd,2026-01-31 22:00:00
931e3777ff83d43c,2026-01-23 23:00:00
b74f339254712701,2026-01-16 13:00:00
1dda0c15bf4e0fe3,2026-01-16 19:00:00
cf9370d6e2d775d5,2026-02-03 18:00:00
2532343a11cad2ce,2026-01-14 15:00:00
73f4dd94e703d07f,2026-01-13 13:00:00
c6383b1505b287ab,2026-01-13 22:00:00
aa1b5713e5770871,2026-01-09 15:00:00
580c6875a66f08b7,2026-01-21 03:00:00
d480cf82a6bb48df,2026-01-14 17:00:00
cc5cee65cf0d245a,2026-01-24 12:00:00
4361bbf81457ecb1,2026-02-14 00:00:00
de5c4f41fc0d0a8b,2026-01-02 23:00:00
383b840a18efb60b,2026-02-12 11:00:00
0806a715cb2ef624,2026-01-09 18:00:00
539d1aa950044d50,2026-01-21 19:00:00
a87380761d8a2d11,2026-01-25 10:00:00
960b15c792894559,2026-01-05 23:00:00
3addd771eb64ec6a,2026-01-19 13:00:00
68b38d6e39571ef5,2026-02-03 02:00:00
00d11e385b950d7a,2026-01-18 21:00:00
136724228d4c512b,2026-01-27 07:00:00
39cc69468b003446,2026-01-03 09:00:00
f434f21648c5323c,2026-01-03 17:00:00
9eb323cf983cc360,2026-01-04 13:00:00
4f721ae690ed2e0c,2026-01-25 07:00:00
f923d4571d413df1,2026-02-08 15:00:00
2cfc334062fb0591,2026-02-04 10:00:00
4778a1cf1b8c20ae,2026-01-12 16:00:00
73acdf60cf13f256,2026-01-24 06:00:00
b7ca98972e5d7bb9,2026-01-25 22:00:00
6ae022732611d8e9,2026-01-23 07:00:00
29bce47730276f3d,2026-01-20 12:00:00
bd3d326595c1f2b3,2026-01-16 12:00:00
10d09ebf4a4c92e1,2026-02-09 15:00:00
971eb195c1a1d437,2026-02-14 19:00:00
55bd655f02a5544a,2026-02-08 17:00:00
8b9d61d8cd06467c,2026-01-31 07:00:00
b0d8ca236f417491,2026-01-04 01:00:00
7268fceab8f5dd53,2026-01-23 22:00:00
5cda8c812ade6c4d,2026-01-22 06:00:00
e37d07479719751d,2026-02-12 12:00:00
17dd5a6dc4ea4d1c,2026-02-10 21:00:00
c560a597e44fdf48,2026-01-11 02:00:00
87a823772b54485d,2026-01-04 15:00:00
005e559c20bd5bb1,2026-01-04 17:00:00
3ec091b5baf2ab1d,2026-02-10 14:00:00
4778cc75e8007299,2026-01-12 13:00:00
9023e094f60cce89,2026-02-14 05:00:00
a78d7afd68eb4535,2026-01-19 11:00:00
10265d42c43d3106,2026-01-29 18:00:00
9cf46b076c1a48b3,2026-01-08 11:00:00
ca22a56a64d43d8e,2026-02-10 07:00:00
2141e63a9c8bbb10,2026-01-29 23:00:00
7cb38575e6243af8,2026-01-29 09:00:00
3190940c8f45fdbf,2026-01-02 22:00:00
5da9dd7031316581,2026-01-06 09:00:00
8706b5a70c7b9410,2026-01-18 04:00:00
3d7c32689d6356cf,2026-01-26 10:00:00
680ecef9da8e9ee6,2026-01-18 11:00:00
2ea9275d9d727177,2026-01-11 20:00:00
b88b8872ee56f286,2026-01-22 04:00:00
bcfe9c1f586475ad,2026-02-01 07:00:00
cd36a7385818d523,2026-02-03 22:00:00
285894b219393084,2026-01-30 00:00:00
8faa9eb7f7f6bbe1,2026-02-02 15:00:00
20bce8c6ab211fb8,2026-02-10 23:00:00
49a6d1f587141393,2026-01-25 23:00:00
1b67ea5f564c2e05,2026-02-01 23:00:00
b23c3304266cfb73,2026-01-22 11:00:00
019bae1ae2743dbe,2026-01-26 15:00:00
6abe159d75b74997,2026-01-19 02:00:00
0113168539aa5afd,2026-01-31 16:00:00
76fbf793b2ff815e,2026-02-03 04:00:00
7e6ad5bb21cb233d,2026-01-02 16:00:00
65fb8821acc66f2d,2026-01-30 20:00:00
abcf3edd18b0b40d,2026-01-17 20:00:00
90b2c483acbb5cc7,2026-02-03 18:00:00
32bf8c493fa3d032,2026-01-30 09:00:00
fb33e414d3f0ab50,2026-01-24 20:00:00
77514ab105114504,2026-01-18 20:00:00
f75e7d3cde2800e4,2026-01-14 23:00:00
131e22dfd115df28,2026-01-20 07:00:00
8b7def64bd3f19a2,2026-01-04 02:00:00
74aa7f380f014718,2026-02-02 00:00:00
cfc3b57560cd9713,2026-02-04 00:00:00
05018c691e8c3305,2026-01-17 19:00:00
ebf92fe49130b3e0,2026-01-15 02:00:00
1f6b8b0981397bbe,2026-01-20 06:00:00
2f7028e9f04d985b,2026-02-09 04:00:00
ea96509fb524f524,2026-02-08 05:00:00
b6166933485c6987,2026-01-08 21:00:00
e06dddde17dccce8,2026-01-18 05:00:00
565aaebfc1abf5e1,2026-02-06 07:00:00
fd5dceec927bb61c,2026-01-04 08:00:00
f735f5d989534afb,2026-01-28 21:00:00
fa8b4e957a5980ab,2026-01-10 12:00:00
f8491447c176f429,2026-02-12 01:00:00
452e2ef61ac6c69e,2026-02-13 16:00:00
de81d8991aeb2f5d,2026-02-02 11:00:00
aabd76852838e150,2026-02-04 04:00:00
89692c3a22c72eef,2026-01-27 21:00:00
a1b208c8c47249fc,2026-01-28 01:00:00
64360fa64fa23863,2026-01-29 06:00:00
dfe1baa14988c6a5,2026-01-05 08:00:00
726041fe09bafba6,2026-01-01 09:00:00
1a6619d5e223ae17,2026-02-14 20:00:00
a3281e54962715a8,2026-01-16 09:00:00
8894aad12127cb77,2026-01-24 02:00:00
556a214dbea1c4e5,2026-01-26 16:00:00
0ad29ce320126116,2026-01-10 12:00:00
abcd8c398328c2b4,2026-02-03 10:00:00
d98a2ef85a3ac84b,2026-01-13 05:00:00
e003f938c45cd2ee,2026-01-23 04:00:00
b664f030d4d6d3f9,2026-01-16 18:00:00
63cd46b18166b3ab,2026-01-31 10:00:00
f4e8e4cc6f47eb5f,2026-01-28 05:00:00
5d1c22ef5f54e01e,2026-01-27 12:00:00
2dcd43384965a94d,2026-02-04 07:00:00
eee815e9b2cbb3f6,2026-01-12 04:00:00
5281aabefc269380,2026-01-08 18:00:00
6816334743c69b4e,2026-01-15 23:00:00
ce76b2a8f958a383,2026-01-01 18:00:00
5298f29eeaa2d738,2026-02-02 07:00:00
4b8d91200ae2d6cf,2026-01-03 19:00:00
0be9dd755a06e2b1,2026-01-11 13:00:00
f33f3ba3e8037a4d,2026-02-08 16:00:00
57adf5a74fc1c05d,2026-01-25 20:00:00
825f47cb8e7963e0,2026-01-02 18:00:00
935e0ff891e17a0f,2026-01-07 02:00:00
f1748f61e965b198,2026-01-24 10:00:00
c713d7999f881785,2026-01-06 02:00:00
cda26a7af95f0345,2026-02-11 02:00:00
bd43878c7415274e,2026-01-24 03:00:00
310161111cf8be5e,2026-01-29 17:00:00
d2a103978f572af1,2026-01-18 05:00:00
96b6c1fde9d3a5a0,2026-02-13 05:00:00
5abb02ead70ccf09,2026-02-03 01:00:00
501df899c6e250b3,2026-01-17 19:00:00
bfd063f90bff1168,2026-02-02 20:00:00
bc2729bc5b8376a9,2026-02-10 00:00:00
4d6fa85e93e2192f,2026-01-25 20:00:00
71f818668ada64cf,2026-02-11 15:00:00
e07d6e60b82d204d,2026-01-09 17:00:00
dddbe691fab169e6,2026-01-21 21:00:00
f0e41a8ca12df5c8,2026-01-16 09:00:00
3ca50c3099f37f58,2026-02-11 07:00:00
973d4eb81a44c96d,2026-02-09 02:00:00
ac027dd9cf8db3e9,2026-01-16 02:00:00
af41d6213ad207f2,2026-01-20 22:00:00
9fce2ed1b982b436,2026-01-26 22:00:00
e68e55d75e13ab12,2026-01-17 03:00:00
8a0222d069bb4c53,2026-01-21 19:00:00
dde9acc49c2de315,2026-01-22 09:00:00
5203fd4a5e084046,2026-01-07 07:00:00
368ba8e5cb4bc19d,2026-02-01 18:00:00
fad107c1c6971cab,2026-01-14 21:00:00
c0c8796697afc166,2026-01-14 00:00:00
4dcffa042d144385,2026-01-19 18:00:00
be11c2fa3a0c1742,2026-01-04 15:00:00
b093a8a6586bc61c,2026-02-12 18:00:00
1ce5e58f87165f43,2026-01-22 03:00:00
959bd12e5fe8ba02,2026-01-26 01:00:00
2f55d2cacb0e92e3,2026-02-13 04:00:00
87bfd307f2c794d7,2026-01-22 02:00:00
903ab62eaab2c3b6,2026-02-08 10:00:00
d9fc82619e0dedce,2026-01-13 08:00:00
ec7958522d9831e2,2026-01-16 03:00:00
8ca0f6630200875a,2026-01-05 23:00:00
15f24e037bac440f,2026-01-02 11:00:00
00ac15d2ee59fe70,2026-01-17 04:00:00
f546823bee356f21,2026-02-01 12:00:00
d78e92ecba40c496,2026-01-08 12:00:00
1c5aaf7864a5577a,2026-01-12 05:00:00
8419ff757bacbfd4,2026-01-05 09:00:00
40aa0a852b355a05,2026-01-29 02:00:00
1cc5069be8b92f7d,2026-01-16 06:00:00
409541f52cd44205,2026-02-05 03:00:00
f06a6226a3ff7f5f,2026-02-08 10:00:00
af910759d6cb6cfa,2026-02-13 13:00:00
c922187f4c4f9d4c,2026-02-08 04:00:00
761372139f91ee70,2026-02-05 21:00:00
ca2e66f74f6405af,2026-02-05 11:00:00
296702e15f9b71a1,2026-01-21 00:00:00
932e447c4c03fe89,2026-01-01 17:00:00
4e1e6e0d11a1a090,2026-02-01 16:00:00
32d7755720316d11,2026-01-08 07:00:00
8804b0ed5a33c8e5,2026-01-04 13:00:00
a983d7701f92ceee,2026-02-11 15:00:00
835f11269e20893e,2026-01-02 10:00:00
f6d9d32d1934481a,2026-01-29 19:00:00
cdb6ac573325e22f,2026-02-06 16:00:00
72c8d55c97c31d75,2026-01-02 12:00:00
f3a89fb34d357113,2026-02-04 05:00:00
1acf3fe4fbd8990d,2026-01-21 13:00:00
9c76f2d6d7cc0836,2026-02-03 08:00:00
db6bfbc1922ac133,2026-01-10 04:00:00
451fe01d69502b1c,2026-01-10 18:00:00
5ec2186dac8d6a70,2026-01-04 16:00:00
a9d035aee68a68df,2026-02-08 15:00:00
513fe4dd733c0d51,2026-01-13 20:00:00
e18f272e4f98031d,2026-02-14 02:00:00
d8f7333acf4d4e7f,2026-01-29 06:00:00
2541657aa901c7f5,2026-02-14 02:00:00
16300b22d1d012f6,2026-01-26 08:00:00
e22d6a0b97b67d71,2026-02-05 17:00:00
af4338ea217c6b5e,2026-01-17 21:00:00
1d6b12343c3c300a,2026-02-02 21:00:00
74b2d8a3e926c610,2026-01-15 04:00:00
fe80824d7d5f500d,2026-01-03 07:00:00
83f1f91488b234fd,2026-02-06 21:00:00
48be751ca0e1628e,2026-02-13 05:00:00
c51ae4201e9ea4b1,2026-02-09 15:00:00
c1fac2f85e9762ad,2026-02-04 17:00:00
2e19fb9fd4fa15ea,2026-01-30 06:00:00
798aec35391a1462,2026-01-17 08:00:00
e9efac088b7006b7,2026-01-07 06:00:00
6e4d470856a3b943,2026-02-13 03:00:00
ee13f0dca6ccfdb6,2026-02-04 08:00:00
e99cae0fbb2f5398,2026-02-01 14:00:00
2ab3c54d87576380,2026-01-26 11:00:00
2423e0ac503d114b,2026-01-09 17:00:00
a9fad17598e9b89c,2026-01-10 03:00:00
0184ec4dee004cbe,2026-02-04 14:00:00
1b039152099f7e48,2026-02-03 04:00:00
4312656e0469dfd5,2026-01-16 06:00:00
f859bbd3f6d83aa8,2026-01-15 04:00:00
77bec582ed436532,2026-01-22 16:00:00
e6ff369baec99c4d,2026-01-05 23:00:00
448ca388a5174cd9,2026-01-30 15:00:00
93c00f4e6fd68eb0,2026-02-10 15:00:00
27c65ff14bdefe6a,2026-02-09 22:00:00
bd0ae6f8b83b00b7,2026-01-31 03:00:00
e0917f1213c44136,2026-02-11 20:00:00
2fd9a640702526f2,2026-01-18 04:00:00
186021d522a67a82,2026-02-14 04:00:00
2912687b5846dbea,2026-02-06 03:00:00
7ac408542a3f2805,2026-01-01 14:00:00
cf248f2d948e32ad,2026-01-26 01:00:00
7827831f82fe6168,2026-02-06 18:00:00
ceaf62d6dd9d6d67,2026-01-26 05:00:00
2c06592784b691b5,2026-01-07 07:00:00
3b09b03127e56440,2026-02-08 03:00:00
81e261a12c45f7dd,2026-02-08 06:00:00
0669ceee592684d3,2026-02-10 05:00:00
68fb61ac5f462e18,2026-02-07 17:00:00
83ee66c4d4b03f07,2026-01-03 11:00:00
146eb434a28f6d4c,2026-02-07 10:00:00
724f4d1e43fd6dfd,2026-02-02 23:00:00
4ed9fc0803b158f6,2026-01-19 01:00:00
b3796e419e235ea9,2026-01-28 12:00:00
a9e88c020e426be5,2026-01-04 13:00:00
ac7bccea531defa9,2026-01-26 11:00:00
8694f3b7b19d1659,2026-01-26 08:00:00
d67f4950136d11be,2026-01-30 18:00:00
dcb13b2c29b3d512,2026-01-01 08:00:00
be3396b1f1264444,2026-01-21 10:00:00
f826c67f1b571703,2026-02-05 19:00:00
cdfbf4a5f551680c,2026-01-06 02:00:00
c9c56080978bbe89,2026-02-10 12:00:00
33e7dc43bea7e0fb,2026-01-29 15:00:00
d4fd147afe32a1ee,2026-01-20 06:00:00
3ba038ee45d5ac40,2026-01-19 08:00:00
0974a4ca4d36a183,2026-01-06 09:00:00
1b92c468b4eafedf,2026-01-08 20:00:00
3a9828f64932915c,2026-02-12 19:00:00
545dda111017df62,2026-02-03 21:00:00
4a91e76483c8c576,2026-01-30 21:00:00
9dd175147ed1ec71,2026-01-17 00:00:00
398be670cb66406a,2026-02-12 23:00:00
d50802b0939c6103,2026-01-03 10:00:00
2754f1da62e72118,2026-02-08 22:00:00
ef57b664ca25c144,2026-02-01 01:00:00
7e5618c15a0c7472,2026-02-06 05:00:00
2cfaf95f01c3f4d7,2026-02-09 11:00:00
5ad6691fc936383e,2026-01-17 10:00:00
9dda6e6ad9ec2c30,2026-01-30 08:00:00
35ff3f82b21c6b3b,2026-01-16 14:00:00
40dcf3c663bbcc85,2026-01-29 23:00:00
7e7ea92d7c61539d,2026-01-14 14:00:00
13745d0458ce9169,2026-01-28 20:00:00
3b83495508f85e46,2026-02-11 16:00:00
e06df565367c4f9c,2026-01-07 03:00:00
35e88be8711c7e4c,2026-01-17 12:00:00
5aedc904c65ab4de,2026-01-17 13:00:00
a4fa9416f2b481c1,2026-02-03 02:00:00
9635752fede2dbe4,2026-02-09 07:00:00
4218dac351373454,2026-02-04 07:00:00
96712000b7ae3dca,2026-01-02 22:00:00
c469927ce6a39aad,2026-01-10 01:00:00
61e420bbb3d37d5d,2026-01-17 21:00:00
d11d0f2d9b10286b,2026-01-31 06:00:00
bd4b63b3776ffba1,2026-01-14 07:00:00
5818b7530e88e928,2026-01-05 14:00:00
320bc4525d6b1d09,2026-01-21 05:00:00
be5e8f0f7888222e,2026-01-13 16:00:00
543d63e21dfb72c0,2026-01-02 16:00:00
26b5d1931ff4e9d9,2026-01-22 21:00:00
97bbfb215d800faa,2026-01-16 21:00:00
48e2007b5d19bbb1,2026-01-26 08:00:00
526716dbbc44db08,2026-02-08 20:00:00
21b38c3c577b3ab5,2026-01-31 16:00:00
f04bae60e65862ff,2026-01-17 06:00:00
aa27ee1103c097d8,2026-01-16 15:00:00
203ae8edf739b74e,2026-01-19 11:00:00
61b989ea46d79e0a,2026-01-09 03:00:00
2c3db02d81a53a14,2026-01-07 14:00:00
995773e2e84d7d3d,2026-02-07 07:00:00
6ee1b73acd28084a,2026-02-05 11:00:00
ede55e8234007ab5,2026-02-02 16:00:00
bf4c3094e716fdcf,2026-02-12 09:00:00
0857b759f2987a60,2026-02-01 22:00:00
b90dbdd263195f97,2026-02-14 04:00:00
27245b08914a12c8,2026-01-13 20:00:00
6d6856770b6433bc,2026-01-02 05:00:00
5d5b3832b3c7b84c,2026-01-16 11:00:00
39ce7826d120eeb6,2026-02-03 16:00:00
29e945bbc442d4f5,2026-01-01 20:00:00
ea9a9c39cc95e7ec,2026-02-01 23:00:00
68150a2945dc024e,2026-01-15 00:00:00
534b0e41ff073967,2026-01-10 11:00:00
d98facb9ef7a8f65,2026-01-29 07:00:00
aeb6270a79b581ff,2026-02-14 22:00:00
d1edcba7c0988e9b,2026-02-12 10:00:00
be9c20a6de9657c0,2026-02-12 02:00:00
0b0ce21abd6e007e,2026-01-08 23:00:00
0224523602680bd4,2026-01-26 09:00:00
e4a26e0b27f4f2ef,2026-01-10 04:00:00
88d07110056d1242,2026-01-02 21:00:00
685dfb3ae9be9f7c,2026-01-14 15:00:00
a698aa7604b9e7ea,2026-01-06 00:00:00
1755018345ac7ace,2026-01-08 13:00:00
973ca611cb76152d,2026-01-25 01:00:00
9d7cabf77c01787b,2026-02-08 18:00:00
a3ef1ab86358a5ce,2026-01-26 04:00:00
d499e79ce5e40847,2026-01-09 23:00:00
3c84be1f566c10a0,2026-01-13 18:00:00
7b41fd68520b72d8,2026-01-21 06:00:00
82c44a069000f79c,2026-01-12 01:00:00
a396212d238fa491,2026-02-07 22:00:00
bfe74f018adf2d95,2026-01-03 10:00:00
203fc7b18e0e5510,2026-01-13 06:00:00
501245c3a0e2ad55,2026-02-07 08:00:00
0a43a0b16c09afe3,2026-01-07 14:00:00
028a4e66b65a51cb,2026-01-21 13:00:00
f1ad2e5238b5b5a5,2026-01-18 08:00:00
b3d4b44655313af8,2026-01-21 20:00:00
e330f6868debfb26,2026-01-14 06:00:00
f64e3de302a5eeaf,2026-01-18 11:00:00
d3db0274a767cb99,2026-01-30 14:00:00
f5cf120f32201690,2026-02-09 05:00:00
2eead649c6d67dc0,2026-02-09 15:00:00
90f62290c9b2f012,2026-01-14 02:00:00
2b8b13cfee561458,2026-02-10 04:00:00
1085d56ae026d096,2026-02-01 00:00:00
4ba6c8a824a6a33c,2026-02-12 18:00:00
9d5b193de1a92393,2026-02-01 11:00:00
f83cd56a66bc837f,2026-01-26 06:00:00
aea8168e2905ccfd,2026-01-06 21:00:00
b25f84431b94250d,2026-02-13 05:00:00
1e45db8421c75a6f,2026-01-16 13:00:00
7802fd89bd14d250,2026-01-06 00:00:00
05f5e2fb53457a0c,2026-01-05 08:00:00
98c68f27800fce55,2026-01-27 12:00:00
369e0e943c23c2d6,2026-02-05 14:00:00
75337c4c3ea8e04c,2026-02-08 16:00:00
416fe9dde8a08713,2026-01-06 11:00:00
046ca063902067e2,2026-02-09 14:00:00
4bec2cfdc15752b5,2026-01-05 06:00:00
0f02f093bd98521e,2026-01-19 17:00:00
20d4cc2062ea4c6e,2026-01-08 03:00:00
a59c5cde32ab11c6,2026-01-18 06:00:00
4ca83c589b23185c,2026-02-08 02:00:00
7da903521d81e6b6,2026-02-04 01:00:00
ea007b42c9285287,2026-01-10 23:00:00
0d1190097cef0107,2026-02-07 23:00:00
ba268d2c1aab8316,2026-02-14 00:00:00
b57d473779b7437b,2026-01-25 07:00:00
d8d4ea5b706f1ea7,2026-02-11 00:00:00
2d2238ad6ec785c2,2026-02-07 12:00:00
0c096c3274d42f83,2026-02-01 08:00:00
08d7fb60068f7a71,2026-01-02 10:00:00
0ead0fc3e95822b3,2026-01-14 23:00:00
3d86ca661012136d,2026-01-02 09:00:00
725af5e6c0313444,2026-01-31 17:00:00
6a11a0042d9abbea,2026-02-04 19:00:00
f749671f1dbf7715,2026-01-09 02:00:00
3cbf530fe5a22371,2026-02-06 00:00:00
14d45b97780f26f6,2026-01-16 13:00:00
4af32052e3422638,2026-01-12 14:00:00
91656c6b58493e8f,2026-01-23 20:00:00
86f0e2ac2ef5df67,2026-02-11 17:00:00
5e421955867625dc,2026-01-21 05:00:00
dff2be5f2f6713c7,2026-02-08 21:00:00
d06bbed212d4a1e0,2026-01-28 05:00:00
ee395310f0728ac9,2026-02-14 05:00:00
e3116336c8d14d7c,2026-01-04 10:00:00
0c17c789e6fc9b39,2026-02-08 04:00:00
4dd66ec72679849a,2026-01-17 15:00:00
abbda00eb13f4937,2026-02-02 19:00:00
0bbf50d54065f414,2026-02-10 19:00:00
f4bd6c1b3f704ec9,2026-01-16 15:00:00
61ab8bd225fed060,2026-01-29 18:00:00
b15a3606691338ac,2026-01-16 16:00:00
96a047e6da248db8,2026-01-19 07:00:00
f12acd19d45e97bb,2026-01-27 10:00:00
6af01a65c0b48a8f,2026-01-22 21:00:00
0bd92ded8b031d1b,2026-01-09 11:00:00
dcf2ed959652f26d,2026-01-26 00:00:00
9b315458c13bc841,2026-02-02 15:00:00
d557b80b58ae60c3,2026-02-07 01:00:00
78561118a9af5856,2026-01-09 01:00:00
a999e5dea87520c4,2026-01-31 11:00:00
5b17f888a33a32af,2026-01-20 04:00:00
b458d47e9dd7340d,2026-01-28 22:00:00
618fbb0fa642e684,2026-02-10 22:00:00
d7253eab76075df5,2026-02-03 09:00:00
5336f6b41d726f47,2026-02-03 14:00:00
9e894a8402a9aca5,2026-01-08 20:00:00
bd6fef12b0b4f513,2026-01-19 16:00:00
8f09fb4352ae6b7c,2026-01-02 22:00:00
711ac2e63e844ecb,2026-01-02 00:00:00
ce78591b77f4caf9,2026-01-24 04:00:00
15536e57f2828649,2026-02-08 06:00:00
4c4a9881974d1c82,2026-02-03 21:00:00
2057c794cf4792f5,2026-01-23 17:00:00
dca1bf73cdf74fb3,2026-02-03 13:00:00
91b56ee70f1e1817,2026-02-06 12:00:00
ad19b0fd18b0c5be,2026-01-24 10:00:00
371e6ab6c6038f61,2026-02-12 15:00:00
a472f72567ada035,2026-01-07 20:00:00
3ce82f11e9beede2,2026-01-30 19:00:00
1b850c02ad904727,2026-01-03 07:00:00
21a2f93a7eb0ab17,2026-01-01 19:00:00
790887739852d26c,2026-01-17 07:00:00
df9cdfd730c09a21,2026-02-02 13:00:00
85288999b5799684,2026-01-08 09:00:00
0ae4537d93a32042,2026-01-16 11:00:00
6d38df084546148f,2026-02-09 12:00:00
5ba0b30bbca4c418,2026-01-10 00:00:00
9a1edcfb7d7e7622,2026-01-21 10:00:00
1350cd2129d943ab,2026-01-14 07:00:00
2c375d9593b989d7,2026-01-16 17:00:00
89e9a9c3c8316707,2026-01-04 05:00:00
83d8a8b9916b7696,2026-01-26 05:00:00
ce2a6e744615dab2,2026-01-12 05:00:00
44d80cf6613e3ee9,2026-01-25 02:00:00
1af3cb003d49994f,2026-02-06 09:00:00
0fd236f1fa78568a,2026-01-17 19:00:00
b4dde1cef55841f4,2026-01-06 02:00:00
0040a8090b1181a1,2026-01-22 12:00:00
fec8f6a8c599aeee,2026-02-06 14:00:00
d764be9048c2bc8c,2026-01-12 06:00:00
14afdde963913709,2026-02-10 04:00:00
830014fad03ec722,2026-01-22 02:00:00
a04dd5cda2a79679,2026-01-14 03:00:00
acedda3c26ea844a,2026-01-27 19:00:00
49e908b6660412d8,2026-01-12 16:00:00
e0b92ed95424e3b0,2026-01-16 01:00:00
5346108c75366b01,2026-01-21 11:00:00
e47a2664ee63d598,2026-01-07 01:00:00
c93bf8a36b7eadf5,2026-01-26 07:00:00
9417d0e06c45c3e6,2026-02-08 23:00:00
fffa21badc6a85f3,2026-01-05 14:00:00
9b50995ed7c065d1,2026-01-02 06:00:00
fc52acfd705f08eb,2026-01-13 16:00:00
ba73fdedc6b3ac25,2026-01-17 22:00:00
79d6abaec39c2a3c,2026-01-09 14:00:00
e877fadba72a5cd1,2026-02-14 15:00:00
c55af6f487be5cfb,2026-01-03 18:00:00
f15bc8617819bdda,2026-01-24 09:00:00
a86aba12e495a57e,2026-01-11 16:00:00
581cc3825680ed8d,2026-01-05 12:00:00
1b0d3101d03f4238,2026-01-04 14:00:00
a46af6d29f817162,2026-01-27 22:00:00
ea2cb156442897b1,2026-02-12 20:00:00
49d8d78ba7aaf994,2026-01-20 02:00:00
4247160a5ff0cd8f,2026-01-27 13:00:00
707688762c1173c5,2026-02-02 10:00:00
702968807bfb51b5,2026-02-14 11:00:00
d3af8b5e8a3ee574,2026-01-09 17:00:00
9f24395deeda7b36,2026-02-14 17:00:00
60b8ff1711448978,2026-01-13 07:00:00
0dfee1c17d10de30,2026-01-08 19:00:00
6ddf8e4c1edfda9a,2026-01-03 19:00:00
2d9720b2b9ce2651,2026-01-09 08:00:00
6d1d7b9274f37c8c,2026-01-08 09:00:00
510517f42b9b4403,2026-01-30 14:00:00
1ecd2cd18515d959,2026-01-18 00:00:00
718d9ff9a340c257,2026-01-29 11:00:00
70fd99b1c7ac10a6,2026-01-15 11:00:00
24fde6c8c1cb96fc,2026-01-01 22:00:00
164960a27ddf10fd,2026-01-30 00:00:00
b6eb3806452cacba,2026-01-31 22:00:00
2866802b944c8132,2026-02-05 07:00:00
55ebd1ce9ab4cf4d,2026-01-30 19:00:00
e7594a8fd295c2d8,2026-01-05 08:00:00
038019380b621e78,2026-01-30 06:00:00
877425f2f4d8fb16,2026-01-11 16:00:00
d90a06e8b1edd80a,2026-01-25 13:00:00
6381c45e3ab9c9ee,2026-02-07 03:00:00
ca39ad02a9b8284c,2026-01-05 01:00:00
2618f090f25c2833,2026-01-14 12:00:00
6a1a91111302b200,2026-02-08 01:00:00
85cda505559fe6e8,2026-01-11 16:00:00
c36ec32c7d1bd9ea,2026-02-06 11:00:00
47b6049eacab077b,2026-02-08 21:00:00
1d9d4e1a89ed9633,2026-01-17 19:00:00
e4f303acf31503a6,2026-01-07 04:00:00
cea89de76d66e9c7,2026-01-04 05:00:00
a8c3a7b4540b49dc,2026-01-23 23:00:00
39922ea936db813e,2026-01-20 02:00:00
7b8bf60d072ac375,2026-02-07 17:00:00
b7c08427ad9b6833,2026-01-29 23:00:00
f191af5d3d204668,2026-02-04 01:00:00
2b5e3e3813cb0a30,2026-01-24 22:00:00
a0cc776d6287b36f,2026-01-26 17:00:00
71d02ed44f18bd59,2026-01-16 10:00:00
2e8c8a9af37364c6,2026-02-14 04:00:00
0ec38add08031926,2026-01-13 20:00:00
1ee02322ee79eccb,2026-01-31 07:00:00
745dc672dda9ae2d,2026-01-28 15:00:00
0dc70e69a59dc4c9,2026-02-14 01:00:00
e2b3439abdb91046,2026-01-09 12:00:00
b50b00b2adac668b,2026-01-01 09:00:00
a2935c5fa1a7f5ec,2026-01-17 19:00:00
266ed39b7626010b,2026-02-04 04:00:00
4b273fcbd7ea15c3,2026-01-14 18:00:00
87f3b56a6b3ebafa,2026-02-01 06:00:00
7c8eca96d83a5f7b,2026-01-09 05:00:00
a56ca246a68382cb,2026-01-29 12:00:00
9ad95356fdae9b02,2026-01-30 01:00:00
2813e1ef8fd527b9,2026-01-27 15:00:00
e39d2d31453e1607,2026-01-15 19:00:00
71fdd70087b73294,2026-02-09 12:00:00
8fbaa4c89ec8b470,2026-02-06 03:00:00
226bbb2f371a8480,2026-02-13 02:00:00
e0cb92790612e26d,2026-02-12 03:00:00
30ee5ba68cfc3cf9,2026-01-17 17:00:00
d5c62dd2b1429f83,2026-01-01 22:00:00
6ccf3c7d2ef2f0d6,2026-01-30 13:00:00
67387ade6bc520d5,2026-02-14 19:00:00
b3216da2b77d724b,2026-01-31 06:00:00
a7802ae7e70560ba,2026-02-03 20:00:00
56aba9b86b54efa6,2026-01-21 22:00:00
5165b6a6f32078d5,2026-02-09 02:00:00
2839fbc1a6d7ff13,2026-02-11 17:00:00
4e8b1d3ef232e2d0,2026-01-08 18:00:00
0192cb3e2ce5c793,2026-01-11 15:00:00
4bff0384ddd38a18,2026-01-19 08:00:00
bf79735a1417df6d,2026-02-06 00:00:00
a184e250bd8b27af,2026-01-21 11:00:00
56e0cc5b7751b1c0,2026-01-02 22:00:00
5a1244ef3b15fee3,2026-02-14 12:00:00
6f24a4d6539703b9,2026-01-10 08:00:00
37be079fb1794d54,2026-01-26 01:00:00
671663234b1be637,2026-02-08 06:00:00
c4e4794b1b32b31e,2026-01-31 02:00:00
dcd196c14e1e91dc,2026-01-25 06:00:00
e7f1c58a711aca28,2026-02-03 20:00:00
bbfc6111bf389ee4,2026-01-09 15:00:00
128759a845cc2c3e,2026-01-03 19:00:00
4b36a479c31fe3e1,2026-02-01 08:00:00
2f478ce9744b1a4b,2026-01-08 07:00:00
67d8ee4fda75f285,2026-02-13 16:00:00
d452d4ff77d381f9,2026-01-06 15:00:00
ddaddf59ced562b6,2026-02-12 14:00:00
a24c0414d3bd23ff,2026-01-21 05:00:00
4fa8bc7b65605c0d,2026-02-02 03:00:00
6d30500caf116c82,2026-01-25 03:00:00
93b554899b23751b,2026-02-14 17:00:00
2e99eefebdaae7bc,2026-01-14 08:00:00
f917a8e14c48649f,2026-01-29 01:00:00
867270e2a5c32475,2026-01-25 10:00:00
a5608c1650cd03e2,2026-02-08 14:00:00
35e07c91a94bd1a6,2026-01-09 21:00:00
5d5b42277ea09dac,2026-01-17 01:00:00
af4d00174923404f,2026-01-11 11:00:00
ec8844e0f451915b,2026-02-13 01:00:00
1bca46c37bb192df,2026-01-03 18:00:00
f20b728b12d61f50,2026-02-12 15:00:00
48c2ee9cfd7cc4a4,2026-02-01 08:00:00
cff30665032b0991,2026-01-01 02:00:00
a22ebf7f349871a6,2026-01-01 04:00:00
3477a06613c2c24b,2026-01-14 11:00:00
46c8949fed908e08,2026-02-09 03:00:00
5a351e00d2a6b387,2026-01-22 02:00:00
9818160b7a0008d2,2026-01-09 08:00:00
bcfce11960917092,2026-01-02 17:00:00
ff88a7bcb04a851a,2026-02-14 20:00:00
d3a0860abc1a60d0,2026-01-23 18:00:00
306ece9bade346d5,2026-01-12 22:00:00
8526d2184f38bab1,2026-01-19 10:00:00
a8c022ae1e11be4a,2026-01-01 14:00:00
ab35aa3d9cb4e3d7,2026-01-14 00:00:00
574e2ff1482cc0c0,2026-01-16 10:00:00
ddbc2ec4d6a44289,2026-01-13 12:00:00
20e14e2ba6b3ed22,2026-02-04 14:00:00
129fbe8533c12e3f,2026-01-30 10:00:00
f0a7249e85531561,2026-01-26 03:00:00
9bcff1a467726a4d,2026-01-02 18:00:00
2f6c0b1d6ad827a8,2026-01-14 11:00:00
c8adb71bc985cd26,2026-01-31 07:00:00
7a134b19eb955d5e,2026-01-10 12:00:00
f913387e78434351,2026-02-09 03:00:00
80483feee8ee3c3e,2026-01-18 20:00:00
b6f0f60375cb5b12,2026-01-16 17:00:00
6549322b46ac14bd,2026-02-05 10:00:00
923df69b63acbac4,2026-01-26 20:00:00
1cca685de58f084e,2026-02-03 08:00:00
787916919eceef19,2026-01-03 12:00:00
bdff71e2e5039cbc,2026-01-14 04:00:00
d216ed64e9dd52a8,2026-01-13 15:00:00
71fd215a110b060c,2026-01-15 16:00:00
c109c3f92484058d,2026-01-30 23:00:00
994f7a841f7d639e,2026-01-26 11:00:00
fd1933a7f6fb2446,2026-02-09 04:00:00
59515424b18b7f75,2026-02-08 10:00:00
bbfa9fca996f8058,2026-01-19 04:00:00
957380a2febe4107,2026-01-01 07:00:00
2ceab0cac1fd0a18,2026-01-21 07:00:00
ca4677ee8f3cc67f,2026-02-09 19:00:00
9963c017f0a51062,2026-01-10 00:00:00
1063f6af0e54367a,2026-01-31 19:00:00
4790b0a119a87aae,2026-01-17 03:00:00
27ea01e94b512881,2026-02-01 17:00:00
91d3c4bd37d72424,2026-01-31 02:00:00
c39d29ed07607ab1,2026-01-31 19:00:00
76f0c6575bac85e6,2026-01-30 06:00:00
5e7bbc33290a4b14,2026-01-16 21:00:00
3af592c356b1043c,2026-01-07 14:00:00
d1da206963be9ad2,2026-01-17 17:00:00
e7cedf80a98ba616,2026-01-05 00:00:00
0810bf5bc5933965,2026-01-14 12:00:00
38d729ff8104a99c,2026-02-08 22:00:00
984911fade3650fc,2026-01-03 20:00:00
11506e52454c0408,2026-01-08 06:00:00
d630844daf0234de,2026-01-14 19:00:00
7044f2a457e775d0,2026-01-17 18:00:00
d0efd61a414bd777,2026-01-24 11:00:00
be03ceaa486592c3,2026-01-24 23:00:00
51e3553c983fa443,2026-01-24 17:00:00
48527fd94390ec41,2026-01-15 06:00:00
34dc99d574567684,2026-01-20 05:00:00
6d86344bb49e10cd,2026-01-22 09:00:00
dcbc6054741d1e03,2026-01-04 03:00:00
ee78ea973b1a8a29,2026-02-09 19:00:00
1bf5a2143f4b08ff,2026-02-02 06:00:00
f3030e51141c02b5,2026-02-12 03:00:00
188337535f0ba921,2026-02-01 02:00:00
3e8abecd005d5b39,2026-01-15 23:00:00
1d985f85ec3098cb,2026-01-10 21:00:00
d5e0ff098f352360,2026-01-10 00:00:00
c517ed0466be30ee,2026-01-20 22:00:00
82615cb6f85474e5,2026-01-16 00:00:00
b45225be82bfd4a7,2026-01-23 17:00:00
3dbff0adfd57032f,2026-01-01 03:00:00
654247a8c8e47a80,2026-01-03 14:00:00
2f9cafef743e821b,2026-01-07 14:00:00
b3c859d4628b3b4a,2026-01-11 11:00:00
21deeb78d12aaaef,2026-02-12 16:00:00
a3c15dc078a2056c,2026-01-06 09:00:00
38a3dcbcff7edf23,2026-02-03 05:00:00
bef82ac90ad43aec,2026-01-31 11:00:00
b0a38d06a0324eca,2026-01-08 15:00:00
859cd1d77076d01e,2026-01-05 11:00:00
c93de93c4df82539,2026-01-26 07:00:00
61deb766d7e692f5,2026-02-12 12:00:00
088b4d17c537703e,2026-01-12 22:00:00
59e3fa1a45ce5d49,2026-01-02 14:00:00
fe26ef5427aaf1a6,2026-01-25 01:00:00
cfa8f6d238610fc7,2026-01-17 12:00:00
af5f0a793e8757c1,2026-01-30 08:00:00
8ea068e33413f4e0,2026-01-28 19:00:00
549be5c97646b739,2026-01-27 04:00:00
009f8521b2df225f,2026-01-25 13:00:00
8e5c0f0b5983ed67,2026-02-13 01:00:00
33b9edbacdafd8c5,2026-01-31 03:00:00
837fdeb983aa291c,2026-01-03 02:00:00
d6835b676d651097,2026-02-07 09:00:00
f2c9688582f7450c,2026-01-01 09:00:00
feaa310b48cdf4e8,2026-01-29 15:00:00
65fd000a81172bf1,2026-01-23 08:00:00
4d3a08d908087d02,2026-02-08 18:00:00
0bc75c907fdcc5a3,2026-01-04 00:00:00
58611393fb59b94f,2026-01-02 01:00:00
0cea711561b3c2fb,2026-01-26 11:00:00
7afd0216458758f2,2026-01-30 14:00:00
cb10113f218256ed,2026-02-06 11:00:00
a684cb111675f109,2026-01-18 23:00:00
cbfc1256a3b9c311,2026-02-10 20:00:00
a39511bb73e7cf26,2026-01-11 19:00:00
2e6474e00f4eaaf4,2026-01-16 00:00:00
fb07cc5d29fdb284,2026-01-19 07:00:00
a5eea96a5213c4d8,2026-01-28 02:00:00
5d9fd183f8658612,2026-02-03 14:00:00
baff24aec2710d1f,2026-01-04 13:00:00
afa88d5915fcc976,2026-01-06 09:00:00
a05c710b86185ade,2026-01-25 06:00:00
fefbc89083fece0d,2026-02-12 11:00:00
cf978a196abff180,2026-01-02 10:00:00
82d371b93f8532a1,2026-01-27 11:00:00
f4b2ddf3ea5bbdde,2026-01-09 04:00:00
5fc77bed89b7aea3,2026-01-29 18:00:00
6e4ef282f1f7e2ac,2026-01-10 01:00:00
98030a0617d2ba58,2026-02-13 14:00:00
5aac1b5ab868223a,2026-01-22 22:00:00
ae86b5ce10348eb1,2026-01-09 16:00:00
4abff4f6aa7437d1,2026-01-10 20:00:00
f2b426d30b6bba74,2026-02-07 05:00:00
165d65194e9d8056,2026-02-09 15:00:00
c3bccba0c63f53fe,2026-02-14 22:00:00
07dd768b02aca5b3,2026-01-17 00:00:00
ad3b7697d1c93c07,2026-01-05 04:00:00
f1bca83bc89d1bbb,2026-02-10 09:00:00
e2be5ee950c09653,2026-01-03 16:00:00
93f7bb7fcac6f80b,2026-01-01 00:00:00
55f6fb9e3d320408,2026-01-03 23:00:00
f38a8f294cdedb8d,2026-01-28 15:00:00
d6f7b9d5b7b5b5db,2026-01-09 07:00:00
3cbdcd2ad5bfc1e0,2026-02-07 00:00:00
56a11e70cc699dc5,2026-01-03 02:00:00
60f0b105425d08b8,2026-02-08 04:00:00
b61a1ee41cb57be9,2026-01-30 17:00:00
b9c155bb7ec8f909,2026-01-15 22:00:00
1a95b7769a8c1a13,2026-01-20 13:00:00
5c61fb15e6ba8323,2026-01-28 06:00:00
dffd42986929b1b5,2026-02-05 01:00:00
2be79c60bb2a08da,2026-01-27 01:00:00
903794718956bd54,2026-01-29 23:00:00
05fc51dba2112aca,2026-01-15 15:00:00
1e0e8da97318d606,2026-02-02 07:00:00
31f6707e5460a90f,2026-02-06 13:00:00
756b23b0f66363ce,2026-01-02 17:00:00
5362ac05697eb5de,2026-02-04 10:00:00
2be9e25f4adff319,2026-01-18 07:00:00
5ed7a773cd0d1d47,2026-01-29 01:00:00
bef9b54c1296c658,2026-01-28 19:00:00
9f4e9d7cd9a37674,2026-02-02 02:00:00
598ca74bef163145,2026-01-29 16:00:00
48816ebf51031de1,2026-02-10 19:00:00
0da4fa3ec1fd5e7b,2026-01-27 13:00:00
a9d15891110880f7,2026-01-25 09:00:00
7c011f4a6d1d36c0,2026-01-04 02:00:00
e5c9e51bdd87c5e8,2026-01-22 15:00:00
a92df91c4671a5e2,2026-01-02 21:00:00
1a974af2574aa509,2026-01-01 01:00:00
25dc9fd56f947cee,2026-01-15 19:00:00
e5ffd2f6a0e1ffaa,2026-01-21 22:00:00
f5e9732116e5dd15,2026-02-02 04:00:00
a36087c1b7f9647a,2026-01-24 13:00:00
cb6ada06c78b3b9e,2026-01-26 23:00:00
5869c704e2184ff4,2026-01-19 03:00:00
1e42b14fad86988f,2026-01-20 12:00:00
6c076a4d725357a2,2026-02-07 01:00:00
18fdabbe19d978d5,2026-02-12 01:00:00
70fe6c605d9116c3,2026-01-24 03:00:00
d432ab0e9b8fe601,2026-01-09 19:00:00
5d7a885726b80ac4,2026-01-03 03:00:00
474ae58b9dd93a57,2026-02-13 13:00:00
0dfd0ec01447f90a,2026-02-02 03:00:00
a80084a1cb467792,2026-01-01 20:00:00
417dfe877092efea,2026-01-07 00:00:00
39249b131241a4cb,2026-01-08 20:00:00
268088fb0311d5e2,2026-01-03 05:00:00
d462847e664fe24a,2026-01-02 04:00:00
194a3c069699821d,2026-01-15 17:00:00
f602cdc1de47e2a9,2026-01-28 22:00:00
758e3ea207142c52,2026-02-01 00:00:00
d8bef1cb463e43f6,2026-01-09 00:00:00
a7432f1325a75359,2026-02-08 16:00:00
d274e6761e953a19,2026-02-02 13:00:00
e88568393a18cc7e,2026-02-11 18:00:00
31afdca5c70ee312,2026-01-31 01:00:00
fc5a7705497d34e8,2026-01-03 06:00:00
bbe35ae2e1c3fd7b,2026-01-15 21:00:00
4abf947e6673b5c1,2026-01-08 09:00:00
3475b87d2dd19b6c,2026-01-16 23:00:00
187e031bd2d2b5c8,2026-01-19 01:00:00
be74a0cad3d2d3dd,2026-02-12 08:00:00
504f39728649dbe1,2026-01-13 04:00:00
28a88b9e33cc332a,2026-01-14 17:00:00
826c19fe146cd651,2026-01-06 02:00:00
375c2feaa170185d,2026-01-09 08:00:00
a70e95ae8f91c994,2026-01-04 06:00:00
a8836995705f1af7,2026-02-08 13:00:00
097e8c7ce129de52,2026-01-23 17:00:00
761b461a38360519,2026-02-04 03:00:00
88f75be896308b34,2026-02-07 06:00:00
9659eea0598c7c48,2026-01-30 01:00:00
835db467df6a82d3,2026-02-01 15:00:00
db6b0957f2a2fb5f,2026-01-01 08:00:00
c9041eb5c2912e26,2026-02-01 07:00:00
3e98234574460de7,2026-02-07 05:00:00
b14a627f11e974e7,2026-01-25 03:00:00
ba970c7c9ee773b2,2026-01-08 17:00:00
fbeaf823306c6901,2026-01-31 04:00:00
88890fee87c67fdf,2026-01-01 00:00:00
5708188282f00429,2026-01-20 17:00:00
873ba38e99a46cff,2026-01-22 07:00:00
12798033e0206460,2026-02-04 07:00:00
abe9e3d1196f3617,2026-01-31 05:00:00
5fb8b82bd0e7f452,2026-01-01 04:00:00
bbef1e8c324019a7,2026-01-12 17:00:00
1fc0fe0731004973,2026-02-07 22:00:00
d7a50068caa587da,2026-02-05 21:00:00
d941a3ff53a4d4a3,2026-01-24 05:00:00
44bab4da4369b929,2026-02-11 19:00:00
411247a1ee5b5c6b,2026-01-15 04:00:00
477609be3a5c68d1,2026-01-28 08:00:00
f5fbc9136d9b1729,2026-01-15 08:00:00
8034a79c966cf20c,2026-01-26 00:00:00
082d8ac1a5342008,2026-01-23 13:00:00
4d8aa6924e5830bf,2026-01-17 21:00:00
b0a4120529dc871e,2026-02-14 05:00:00
81f7630498cc5a6d,2026-01-28 16:00:00
f2830dc5a582b30b,2026-02-11 16:00:00
8bb12a8d6378c0c5,2026-01-03 16:00:00
b0107f32e5597708,2026-02-09 18:00:00
af856326c6ae2199,2026-01-06 22:00:00
093bd2ef38add79f,2026-02-03 15:00:00
ebdff74b89b247d0,2026-02-07 15:00:00
f65e24c7ff7ea52a,2026-01-22 13:00:00
ffbae029a767ddde,2026-01-06 01:00:00
279516f338cf9a6c,2026-01-16 11:00:00
21832df769bc5399,2026-01-04 09:00:00
d14318182cc8c7d5,2026-02-12 17:00:00
0551296f15e3db34,2026-02-11 08:00:00
96670e874318dca2,2026-01-19 15:00:00
90d036f60597a381,2026-01-21 14:00:00
8aa68d87dd094562,2026-02-12 09:00:00
f18349c7e07416e8,2026-01-26 17:00:00
b8b7b80c9a729e5d,2026-01-07 11:00:00
28737304656490ad,2026-02-12 08:00:00
f782f20dc048a99f,2026-01-30 10:00:00
f600289dfd56f8e5,2026-01-25 04:00:00
8c7ff2949899dd6f,2026-02-10 09:00:00
05b5bed5bdf4597b,2026-02-02 20:00:00
85de4a999793eef6,2026-01-25 15:00:00
8f3131ff9b95c1ac,2026-01-07 21:00:00
59c9d947eaf5d483,2026-01-08 13:00:00
0f756f3bd7e0300d,2026-01-22 19:00:00
8f5eda3e6f024b0f,2026-01-24 09:00:00
ab92560a93383554,2026-02-11 13:00:00
28cc0dc1ebe6c6f2,2026-02-10 17:00:00
b18307557c25d3fa,2026-02-10 22:00:00
12bb42d5524770af,2026-02-14 12:00:00
b8e3deeba33cae7e,2026-02-02 03:00:00
c5061d5d452bcb48,2026-01-11 08:00:00
0f11cd68f5738340,2026-02-12 14:00:00
be02c0a1034556ae,2026-01-19 05:00:00
f9e8be3d3c24c033,2026-02-05 19:00:00
cece618cda79e9d3,2026-02-03 20:00:00
e3604e5a9ce2864a,2026-01-10 20:00:00
a4eefc93eb3d4f96,2026-02-02 01:00:00
ef05d4f78e89f638,2026-02-12 16:00:00
9f3aa8f6d20efdcc,2026-01-15 19:00:00
8d8e6f549e16b052,2026-02-06 18:00:00
e0822d1deb68caa7,2026-01-10 04:00:00
b4e1d9c69926e615,2026-02-04 02:00:00
4679b856375217fd,2026-02-11 19:00:00
d0503aafacac16af,2026-01-26 19:00:00
23f5afdcc4d147ba,2026-02-07 08:00:00
31039dc126f1c775,2026-01-12 00:00:00
4248a2b14d57d636,2026-01-07 22:00:00
c01b666024c66420,2026-02-12 23:00:00
ff98c3bc57d89bd9,2026-01-11 00:00:00
ea61277c5ec79fab,2026-02-08 06:00:00
6107db16071ca7ac,2026-02-08 23:00:00
7bb335fdeafcab7d,2026-02-07 17:00:00
d234af9006d0f0ac,2026-01-19 09:00:00
cbd0bca2a6ca6cab,2026-02-05 14:00:00
62bdbfe961a83f44,2026-02-03 19:00:00
edc8d0b688117e93,2026-02-06 08:00:00
b9fa2f4ab6ca261e,2026-01-06 08:00:00
498028f4d1b40143,2026-01-25 07:00:00
94f19792b07766e7,2026-01-30 11:00:00
1eae4f079ee2c022,2026-01-29 09:00:00
01c064c88f66eb07,2026-01-30 03:00:00
ad7d413eea1cabad,2026-01-15 23:00:00
07fa9797b554e2e8,2026-01-12 11:00:00
46667b29e17bf58b,2026-01-09 03:00:00
a5627469662d28e2,2026-01-29 23:00:00
b31a5903e22cb423,2026-01-13 17:00:00
e1584b6b9664b884,2026-01-25 15:00:00
e88b8d9f886e1009,2026-01-16 14:00:00
67e8fe955b40e650,2026-01-09 23:00:00
70c5f0ce52feb04f,2026-01-22 07:00:00
3ad9c6a700947d3c,2026-02-08 20:00:00
fcc9a8c75325c8d8,2026-01-27 17:00:00
3909e134c75b1644,2026-01-21 13:00:00
70fd1ca9f98a253e,2026-01-16 11:00:00
92cc74efdb06bdb3,2026-01-26 16:00:00
05f5bd2edf7bbd31,2026-01-06 07:00:00
bc53933735b71213,2026-01-28 17:00:00
67466de11d043067,2026-02-09 13:00:00
929c4ffbb48b800e,2026-01-01 20:00:00
62d784164ec74b1a,2026-01-26 12:00:00
4aaa94b0c7567cdc,2026-01-03 05:00:00
1c54bc79cf89f2aa,2026-02-10 02:00:00
61bb97a5b5a49e8a,2026-01-14 00:00:00
af7fd1ce3bd95b5e,2026-01-25 15:00:00
0e9cbf234dfd1683,2026-01-09 12:00:00
8fbe310ee84d0152,2026-01-02 08:00:00
b66d9c9b798f22dd,2026-01-29 21:00:00
b9cd6b29f06037c5,2026-02-03 18:00:00
26757e0b45c5e280,2026-02-04 05:00:00
6da667ab8148963a,2026-01-24 07:00:00
283f628910fe5aee,2026-01-28 04:00:00
55e19debe556cf80,2026-02-13 23:00:00
14428be270fcdf25,2026-02-14 10:00:00
00908b7021d943b6,2026-02-12 08:00:00
fba142293752aa83,2026-02-07 06:00:00
89341c5a867b6efb,2026-01-29 14:00:00
62577ae0fdc2b51d,2026-01-30 12:00:00
0321f7ccb12c39c8,2026-01-25 08:00:00
e3573539a3ff8932,2026-01-24 00:00:00
9a81e60ec820c22a,2026-01-14 00:00:00
891b6c8e9d42c87e,2026-02-04 21:00:00
c7bb1a2d7894a2a0,2026-02-09 20:00:00
582cc504fd7c24b2,2026-02-07 09:00:00
633a03052ba65238,2026-02-02 22:00:00
76824fec959afc76,2026-02-12 22:00:00
57e2a0a274b36a0a,2026-01-27 11:00:00
b25deeecc5988b16,2026-01-17 20:00:00
0802fd6bb1bfdca9,2026-02-08 12:00:00
eda610c2f23b8a61,2026-01-29 03:00:00
c41915007e0cc125,2026-01-03 19:00:00
40e5d9ec1a0af388,2026-02-04 15:00:00
d7d86360be4bdbdc,2026-01-22 06:00:00
6b1c15bbd6e08214,2026-01-25 07:00:00
991129a6b7900e3c,2026-02-01 01:00:00
24d290937d177702,2026-02-12 18:00:00
ac902e904226e40a,2026-01-03 20:00:00
d6407b82d40d1cbc,2026-02-12 13:00:00
3d77cc2684911409,2026-01-27 18:00:00
401ab52737ef5e1b,2026-02-11 22:00:00
2be87dfb38673a1d,2026-01-22 04:00:00
b9c2d9a5fced1622,2026-02-13 19:00:00
454a95681e4d62f0,2026-01-20 06:00:00
0bf313ffb37aeb52,2026-02-12 18:00:00
73b09cabb5c20cf7,2026-01-21 18:00:00
b7610173c3f46f68,2026-02-04 07:00:00
7bd198b84146614c,2026-01-24 18:00:00
e661266dbddc9496,2026-01-11 05:00:00
5c20791cfae709b5,2026-02-05 08:00:00
2549a6ded6df8a51,2026-02-09 10:00:00
207574d3d8868fdd,2026-01-10 17:00:00
c936a1ed67222799,2026-02-05 02:00:00
fdedf0eeb53cf405,2026-02-08 09:00:00
c1410de31643634f,2026-01-12 15:00:00
c444be612742b9d1,2026-01-26 03:00:00
17fffa91ffc2c67e,2026-02-01 23:00:00
0ecb8fa7c85020be,2026-02-11 11:00:00
72a7e423c7f7719c,2026-02-08 13:00:00
e9a304cb35065509,2026-01-30 10:00:00
a7e109e0b1f4995c,2026-02-10 21:00:00
f2d7e93d3b76fa40,2026-02-11 13:00:00
3041b89a85865d57,2026-01-13 04:00:00
dd59964317e5624e,2026-02-03 13:00:00
758ed863b92ff03a,2026-01-20 07:00:00
6d921e7b7ec59357,2026-01-15 17:00:00
f75c9c0afcf6602a,2026-02-09 06:00:00
afd9e39c575b3cd9,2026-01-28 21:00:00
e26de06a3a6eebd4,2026-01-15 08:00:00
96d068793401f3ab,2026-01-13 06:00:00
8de560649446ef36,2026-02-07 07:00:00
1dd014e102ffcc6c,2026-01-28 14:00:00
51b5563cfaf50ca1,2026-01-06 21:00:00
7d187fe5c0944c50,2026-01-26 16:00:00
82278e417ee781d4,2026-01-21 19:00:00
23421c424d2c4013,2026-01-29 12:00:00
cb3e46bfe9ac24cb,2026-01-28 08:00:00
626f84e02dffa845,2026-01-21 04:00:00
7adb39a2cc29b66c,2026-02-05 20:00:00
874bcd24286f0f6d,2026-01-06 09:00:00
ca2ac5035e3b3a1d,2026-02-07 13:00:00
26791a5b0f045e56,2026-02-04 03:00:00
cb26994fc916ac06,2026-01-03 07:00:00
0fe0aaccc6994883,2026-01-10 12:00:00
f4095a44878e776e,2026-01-17 08:00:00
448420d2c72f8022,2026-01-06 16:00:00
256a50eefbdd1b63,2026-01-21 20:00:00
b74daa4668c4728d,2026-01-06 12:00:00
8393f73d5cbd04c5,2026-01-11 08:00:00
f607d4c86e6bd07b,2026-01-29 19:00:00
0b1d20a734aeb641,2026-01-24 15:00:00
b1b1ff0eb8873e6b,2026-02-02 12:00:00
811132dab008e5d5,2026-01-04 00:00:00
664f8db576dc1236,2026-02-13 14:00:00
49bf2fd2b65c0ddb,2026-01-26 10:00:00
675f983705c6cc0f,2026-01-24 09:00:00
2d5cbbcf231b9697,2026-02-04 11:00:00
6b616a562d4ac01f,2026-01-16 15:00:00
5742e2200a0dea7b,2026-01-29 13:00:00
93449c746f257483,2026-02-01 14:00:00
978518b84b5876f1,2026-01-15 10:00:00
89ea117099cc9236,2026-01-30 10:00:00
6d1e7c53a968aa89,2026-01-23 13:00:00
2ade0098ce1f9bb5,2026-02-05 13:00:00
27360b7dec9b8767,2026-01-01 17:00:00
093201c23724b4be,2026-01-20 13:00:00
2ca95cb25788c0b0,2026-02-02 09:00:00
1ef6b4cc530d1b4c,2026-01-15 07:00:00
bdbb8ce832d9ea42,2026-02-06 16:00:00
7855b5951efd020a,2026-01-07 10:00:00
e8bd43f78c985474,2026-02-08 22:00:00
60746ec19c8f5494,2026-01-26 06:00:00
fab1663dba4e225d,2026-02-12 16:00:00
bbcf734e5777dce8,2026-02-12 04:00:00
cc76d4e75313fc4f,2026-01-19 11:00:00
fcbfddac3411ebdf,2026-01-30 18:00:00
db46e252a5e91166,2026-01-05 14:00:00
3d9ab89967148da7,2026-01-07 20:00:00
1bacdc85d7568226,2026-01-16 19:00:00
d2839a8a6e05ba4c,2026-01-08 13:00:00
3d0c7015df8d08a6,2026-01-14 10:00:00
c0c4c195eba7366e,2026-01-11 07:00:00
ccec982ea960e0b3,2026-01-25 14:00:00
838f6ef208218364,2026-01-10 14:00:00
3fa6596ad49825b1,2026-01-23 14:00:00
524bee6df4a95dc2,2026-01-08 22:00:00
07d8dcdf51cb5493,2026-01-01 01:00:00
097b99128c9abcac,2026-01-18 03:00:00
3082c34a70b044fd,2026-01-31 07:00:00
13ef30351e8ee70f,2026-01-25 21:00:00
97d1f2ef7161bfb8,2026-01-25 01:00:00
6eda07663b461787,2026-02-05 05:00:00
5a34dfee57ebad65,2026-02-09 12:00:00
96312d401aa54de6,2026-01-13 22:00:00
03dd48d106461733,2026-02-02 12:00:00
18f9ad832d928897,2026-01-18 15:00:00
0a7f7cc5e25c2490,2026-01-23 13:00:00
cc79f0b1a9d2c9f9,2026-01-12 01:00:00
208cabf188becd5a,2026-01-05 08:00:00
8b8fdc445ba75416,2026-01-10 02:00:00
b11a6deef399404d,2026-01-08 19:00:00
a911778ff6bfc824,2026-01-23 12:00:00
3860b4a56d4cfa1c,2026-01-26 20:00:00
aa2c7cbc67d71852,2026-01-21 09:00:00
ceed5a45b04313e1,2026-02-12 20:00:00
f986ce97adcee125,2026-01-13 00:00:00
784d751f6319a8f7,2026-02-04 08:00:00
4219861f144d397d,2026-01-13 10:00:00
27664fc270ae8fe6,2026-02-13 16:00:00
9e5bdd52aa7e8cbd,2026-01-22 14:00:00
e9b3a7b6e42f12ef,2026-02-10 00:00:00
85014b93028a45f8,2026-01-11 20:00:00
7ea5976cdef5276c,2026-01-02 17:00:00
6e63938ed2714094,2026-01-12 06:00:00
8dd3f0c44edd07b0,2026-01-13 13:00:00
18b4811856c6d903,2026-01-16 00:00:00
ce888199ace3bc1a,2026-01-04 05:00:00
64cf4f4323fc9fd6,2026-01-16 17:00:00
aed24e6f162e650e,2026-02-03 21:00:00
0e8ae9476e2ffd08,2026-01-21 13:00:00
2ae708d3c0ecaf21,2026-02-10 18:00:00
58d7eb303a5b2a04,2026-01-18 16:00:00
a10d62fb71ba9200,2026-01-22 02:00:00
fc2ff49333a00500,2026-01-19 13:00:00
781a77770807faee,2026-02-02 00:00:00
0c80f2e28bf897cc,2026-01-09 18:00:00
05941a1351ef87d9,2026-01-26 01:00:00
4219658280eef690,2026-02-03 12:00:00
20e61976c9decce2,2026-02-13 12:00:00
a0403fe6f603ddb2,2026-01-25 22:00:00
4eb68c56bf4dcf8c,2026-01-20 23:00:00
3b28631931879151,2026-01-19 17:00:00
487d53761858bf7d,2026-01-07 17:00:00
8a807207ffcb4392,2026-02-05 09:00:00
5ae9d7d453524989,2026-02-03 09:00:00
d12f4568477599b6,2026-02-12 04:00:00
ecc750f84091ef1b,2026-02-14 04:00:00
1987a7caafce1a80,2026-02-03 15:00:00
40ac82608a40d11f,2026-01-28 17:00:00
8924787558a8a6a8,2026-01-25 04:00:00
888ebd81e6708785,2026-01-03 19:00:00
f3d4c88f9a429a5e,2026-02-05 14:00:00
1c0ca65f4e211b96,2026-01-15 23:00:00
2658bef0c9f2e76e,2026-02-05 02:00:00
43121ac84de7d52b,2026-01-24 06:00:00
8e9fb1f54d10b4d2,2026-02-13 16:00:00
ef0be13404c486a4,2026-01-20 15:00:00
789f025afacc313d,2026-02-04 16:00:00
035d7a71c20b549c,2026-01-09 09:00:00
eff411d55297ce57,2026-02-07 22:00:00
2c0d602e1d87729f,2026-02-11 16:00:00
b8aa2927dda1f962,2026-02-08 12:00:00
5eab08c8fca09c40,2026-02-05 22:00:00
bb036c4518d005a5,2026-01-17 00:00:00
040367b2e0925558,2026-02-03 07:00:00
3274f33a5e2b8b7a,2026-02-01 02:00:00
2953f04e0c7483bb,2026-01-24 02:00:00
c86ff0e2e37cecd0,2026-01-29 18:00:00
e1f82bf596e89816,2026-01-22 00:00:00
f340e839876149b5,2026-01-24 23:00:00
33dd3e5052d5d91a,2026-01-26 15:00:00
22e8b04e4fe279e0,2026-02-03 04:00:00
1bc57511adab50c3,2026-01-04 01:00:00
8535357285aacb94,2026-01-07 08:00:00
060210d878c8d52e,2026-01-03 19:00:00
0350b6223bc83227,2026-01-25 17:00:00
9437d4f663c4e38a,2026-01-09 11:00:00
e940b2e7349054e3,2026-01-12 13:00:00
0c4d0219fe6d3ad6,2026-01-07 20:00:00
a354fa43c8afd619,2026-01-28 17:00:00
5317678df6340d5a,2026-01-01 16:00:00
43d88fd81fe2ca98,2026-01-17 14:00:00
9bd760d127b3059b,2026-01-14 07:00:00
9c5a05fe8013a00d,2026-01-28 01:00:00
282ae43745af5c75,2026-01-29 23:00:00
1e48b2916a338df4,2026-01-16 17:00:00
e8f4fe570030713e,2026-01-15 14:00:00
6eeb374ae0906bb2,2026-02-03 11:00:00
fea4a6190b3bbc3b,2026-01-17 03:00:00
a342a0880b5ce1ee,2026-01-07 04:00:00
027139d2c46b1c7e,2026-01-18 23:00:00
0e6f288d720a6759,2026-02-05 04:00:00
7b53762df4b1c666,2026-01-22 09:00:00
d40342cd7b436051,2026-01-05 05:00:00
eb18392546847875,2026-02-14 09:00:00
8ad2ee9c7cc7eb1f,2026-01-11 10:00:00
3e61fe9f74804a75,2026-02-08 09:00:00
6c6f14a79233f1b0,2026-01-22 15:00:00
7dc085cf9275b90e,2026-01-16 21:00:00
5344b615a141e3f8,2026-01-22 15:00:00
c8647afbc3005cd7,2026-01-03 06:00:00
ffef872e90956c07,2026-02-11 03:00:00
90ccd4efb6ed304f,2026-01-22 13:00:00
a404baf7fd0b8ff9,2026-01-15 18:00:00
a1ca71b623c291e8,2026-02-11 01:00:00
e52c0741e6395e19,2026-02-04 07:00:00
b490ef409a799a31,2026-01-12 14:00:00
34199eb92dcbe03b,2026-01-24 18:00:00
57d696097da8f702,2026-01-15 11:00:00
533a495821555837,2026-01-27 08:00:00
8ad82b0f824a354e,2026-01-28 05:00:00
923d15331722e02c,2026-01-12 22:00:00
544f7e648050f6f9,2026-02-02 08:00:00
168938f7825608e1,2026-01-23 14:00:00
f4f7db65014a1b77,2026-01-02 03:00:00
cc77b5794e4d9906,2026-01-31 14:00:00
6ca85dc6800c9866,2026-01-30 11:00:00
086b4442e4feca68,2026-02-01 08:00:00
fa06470fbb8b3493,2026-02-05 15:00:00
f922f0ee9a38e5b0,2026-02-06 15:00:00
54c630697202f3d6,2026-02-09 12:00:00
7975781b1eac25e5,2026-02-11 03:00:00
793260af4923fd52,2026-01-25 14:00:00
e4754e210da9b22e,2026-01-27 01:00:00
eafda3a86775f3fe,2026-02-13 08:00:00
079322fd10ec95e1,2026-01-03 03:00:00
3a1ff45b5a3fe713,2026-02-01 04:00:00
1d518cd70fda2e1b,2026-01-30 20:00:00
d10b610698672563,2026-01-12 19:00:00
9465f37f40df3614,2026-01-07 23:00:00
d28e2a2ab875c676,2026-01-24 21:00:00
d448b70543a9aef1,2026-01-02 15:00:00
bef6029d96b87396,2026-01-02 16:00:00
46fa9bb8ca6f61d0,2026-02-10 20:00:00
af12de215c625dfd,2026-01-08 13:00:00
6ed98169f4f216e7,2026-01-07 10:00:00
d11759dcf8ce7ec8,2026-01-26 15:00:00
d3e62361c1da5065,2026-01-27 05:00:00
e6007d87d5aad63d,2026-02-12 13:00:00
4bcf24865c99c7f2,2026-02-08 20:00:00
485c4eaaa470005c,2026-02-12 04:00:00
e5168553ef4e1fd1,2026-01-27 06:00:00
7ab4394dc5ae0b09,2026-02-01 19:00:00
86004896cf2be5eb,2026-02-06 08:00:00
7bf83b3d6637ee7b,2026-01-22 00:00:00
b09787a407a28bd0,2026-01-31 02:00:00
1bcd6514b60aa053,2026-02-04 23:00:00
13b52f068247781a,2026-01-14 07:00:00
9f923f66c163fd7c,2026-02-06 11:00:00
4bc8895cd034490d,2026-02-13 12:00:00
31a33a573dfb1f0b,2026-01-22 20:00:00
8a90a2a8ecd1f478,2026-01-04 18:00:00
a6112b90893dd047,2026-02-08 14:00:00
9db6a434147e270b,2026-01-17 03:00:00
cdd92e02b2522456,2026-02-09 11:00:00
9f442277043aedfb,2026-01-05 16:00:00
9ddc6461f62a1f5b,2026-02-09 06:00:00
6a09bcd6855b2335,2026-01-10 19:00:00
d57d0343e67f0353,2026-02-01 18:00:00
83d88f64fa91dd0f,2026-01-21 01:00:00
32a1a5db9af09ef0,2026-02-10 17:00:00
e303bfe98d524922,2026-01-17 18:00:00
05d69454bf4cacee,2026-01-10 18:00:00
0fc8bc9ebbd01073,2026-01-28 17:00:00
531e31c3af2dd970,2026-02-02 16:00:00
e942dc7dc721c07e,2026-01-04 06:00:00
b8ee78ecd2bd5baf,2026-01-26 13:00:00
0d62248e7050597a,2026-01-14 17:00:00
8648f4e176297dbc,2026-02-14 17:00:00
fe29face53afafb2,2026-02-06 08:00:00
b4388ef8d64e6628,2026-01-26 15:00:00
d822e672e7ae7edb,2026-01-23 05:00:00
b1c5ccb0efadff19,2026-01-12 05:00:00
c8c4c9db93c3ee2a,2026-01-30 10:00:00
c22e192ed21f718d,2026-01-26 21:00:00
28e289c7135c354f,2026-02-14 14:00:00
fc79c14db46b8c83,2026-01-07 21:00:00
19a7e52371ce9273,2026-02-08 12:00:00
6a816ac13a8c6834,2026-01-30 09:00:00
7091e5d2edd06f75,2026-01-24 09:00:00
cdfe697d974a416d,2026-01-29 14:00:00
69f59e32ae5efea3,2026-01-27 20:00:00
3f722ed2d6ac0444,2026-01-16 13:00:00
87c0604cf4a872e3,2026-01-22 18:00:00
c5b646e51a93a8eb,2026-02-13 13:00:00
ccf14ded6cd3ead3,2026-01-22 05:00:00
2bdcc8f7036a37ad,2026-01-06 18:00:00
d19cb11b4be31cb0,2026-01-17 00:00:00
f777e2c048c31ef2,2026-01-31 00:00:00
ac9ec9c791005d0e,2026-02-05 08:00:00
1ef19b91d178e353,2026-02-03 04:00:00
b689b3fe39386d65,2026-01-30 17:00:00
c19e7db25fe4956b,2026-02-07 21:00:00
1d2cf9f7fefd762d,2026-02-03 03:00:00
b0d846ec9f9b4914,2026-02-12 12:00:00
e36cced341b80b54,2026-01-10 09:00:00
e91a394321054f88,2026-01-22 23:00:00
4b2549822e5e0d75,2026-02-01 11:00:00
095a7704fe399d5f,2026-01-08 05:00:00
1daa953cf9dc0286,2026-02-03 02:00:00
ec5632eee9c7bb2d,2026-01-30 04:00:00
ad684a2ac50ab050,2026-02-03 18:00:00
418971ffe8346b10,2026-01-06 12:00:00
1e69e8ae678437df,2026-01-08 18:00:00
95b8823e847b512d,2026-02-05 22:00:00
b47ecd743ae6d15b,2026-01-20 18:00:00
67c5f7a9e94bd195,2026-01-22 15:00:00
3eea8e467db00146,2026-01-12 13:00:00
a5ff4a74ee570993,2026-01-02 03:00:00
fe7533e7ff53a996,2026-02-05 05:00:00
f661c7cb97198bf5,2026-01-30 00:00:00
12811297ab40a9ab,2026-02-08 01:00:00
a87f83ac725c0963,2026-01-01 08:00:00
fdb03a22ca3a088d,2026-02-06 19:00:00
a7c6bdaefbbe1199,2026-01-09 07:00:00
e4517ac3779da9c5,2026-01-07 18:00:00
1241383d8bf5e1ea,2026-02-05 04:00:00
675d4d5e000b30ec,2026-02-10 09:00:00
0f5f87a9de14b88b,2026-01-05 00:00:00
e953b06fb4693ced,2026-01-19 04:00:00
a4f2deebe472cccb,2026-01-30 06:00:00
4f65eeac5073dfc9,2026-01-02 06:00:00
5e38ebed9b656ea6,2026-01-02 12:00:00
35b61037eb0730e0,2026-02-03 22:00:00
2ba0936f4cd06ddd,2026-01-12 15:00:00
f7a02343bc15f68f,2026-01-21 10:00:00
0679fd80a2f30d18,2026-01-08 13:00:00
d227b776e20c0be8,2026-02-13 08:00:00
16970678360f06e2,2026-01-29 22:00:00
3b54cc7e42ec65ec,2026-02-12 21:00:00
81b6b4b94fbd2949,2026-01-10 23:00:00
031e47ad91311f6d,2026-01-19 10:00:00
501a9354aa1c6eb3,2026-02-06 15:00:00
dd3003520744fb3c,2026-01-22 09:00:00
94d2303cd129f4d4,2026-01-21 21:00:00
9251db64283932e8,2026-02-09 09:00:00
d8e5a819270b2255,2026-02-12 18:00:00
07736055dd37e36a,2026-02-02 15:00:00
684d16ed517525c2,2026-01-01 02:00:00
efe505bda375ba1d,2026-01-15 08:00:00
b63008229b08914b,2026-01-16 03:00:00
879ea55d99ade95a,2026-02-05 06:00:00
be6f85f6cdeed157,2026-01-15 21:00:00
743a66d0d3c4cac1,2026-01-18 09:00:00
78e1461a9a4d9d69,2026-01-11 09:00:00
60741be16f540dcf,2026-01-01 06:00:00
97afdd3fda47c85e,2026-02-07 12:00:00
d01c065ec2a76b73,2026-01-01 06:00:00
914e5a4feb954ec7,2026-02-07 15:00:00
43ab5a9e111aa806,2026-02-05 23:00:00
03a4765fc744b632,2026-01-01 00:00:00
abf8024fd02dcc55,2026-02-14 18:00:00
bb3820872c745cc9,2026-01-12 05:00:00
500edeabda50fa7b,2026-01-31 10:00:00
7f7410b864c18e66,2026-01-13 10:00:00
3f20976c7ac83783,2026-02-11 12:00:00
dbba4d3d12867a6d,2026-01-01 21:00:00
0b30e20401a503ca,2026-01-06 19:00:00
27c9d8d564ff6a9b,2026-01-21 21:00:00
f5d5ee61ef8b763d,2026-01-20 03:00:00
537f58413793faf4,2026-01-08 06:00:00
f75b0c0990b3f206,2026-01-14 11:00:00
357f421d29d613d8,2026-02-12 06:00:00
1e16e6c45c9db16b,2026-02-04 12:00:00
1201e1fb7e6dfe69,2026-01-15 12:00:00
113058dbfd48b909,2026-02-03 09:00:00
efc4f588c1857265,2026-01-01 20:00:00
314360ca0c70facf,2026-01-05 04:00:00
ba5a7544144268b7,2026-01-09 17:00:00
5a31548f07cf466f,2026-01-26 11:00:00
05a7d116f5db3b0c,2026-01-25 02:00:00
c1980b75d1b23e98,2026-01-04 22:00:00
b6f1df609aca7d66,2026-01-31 02:00:00
be3a614910a88f6f,2026-02-01 00:00:00
0153e1bbf9f16303,2026-01-26 13:00:00
be42e7a5a1cce531,2026-01-16 21:00:00
9ad7a747f773566c,2026-02-10 19:00:00
e3ea00039bb07376,2026-02-10 06:00:00
2f18b0c3eaf1f6f9,2026-01-30 17:00:00
9ea071f1398dfb9e,2026-01-18 18:00:00
c9f4baef7adbb6e0,2026-01-13 09:00:00
be867bdcdd4b61e5,2026-02-09 16:00:00
5066e28149f9abb8,2026-01-16 00:00:00
bdf2317502f56303,2026-01-19 13:00:00
3f9fbb64f9a46b64,2026-02-03 14:00:00
569297488d13c32f,2026-01-18 14:00:00
8af91c7d074503ef,2026-01-06 21:00:00
42a1e67d777072ee,2026-02-13 02:00:00
bd05d7c2c74b488b,2026-02-06 05:00:00
b9791692644d239e,2026-01-21 08:00:00
5c9af8442377c698,2026-02-08 01:00:00
7fd83c88f549cc96,2026-01-18 00:00:00
12d3160807bea10b,2026-01-08 14:00:00
d90aa0fe02809ed6,2026-02-11 08:00:00
d3c4fe91e18cbaeb,2026-01-17 11:00:00
77ebb17e5aab2e56,2026-01-17 02:00:00
3a02dc21b9283049,2026-01-10 12:00:00
9293ac9968071559,2026-01-25 02:00:00
cf4aa1a31b57719e,2026-01-20 02:00:00
a8a4293bb36ffe72,2026-01-12 04:00:00
89d376aa9afe94e6,2026-01-29 01:00:00
0525398217179b0e,2026-02-07 07:00:00
85581db757d44c23,2026-01-24 14:00:00
c62dc1eebc5b2e3b,2026-01-19 16:00:00
3873151a8e601171,2026-01-26 00:00:00
d2f5db45ff5f2237,2026-01-29 02:00:00
3078f7c9e2f83637,2026-01-21 01:00:00
1a2a9a09069f4ceb,2026-01-06 13:00:00
90063701a85a99b8,2026-01-23 05:00:00
237546e79f4d51c8,2026-02-06 23:00:00
89cb5878a308268f,2026-01-20 13:00:00
8762547ac880369a,2026-02-11 21:00:00
44647c3dca6578b1,2026-01-29 00:00:00
16599518195e02db,2026-01-22 14:00:00
19314bf90d7d5129,2026-01-24 13:00:00
44b981b9a83403b1,2026-01-28 23:00:00
cc6860dd266a9bcb,2026-01-13 08:00:00
926df7487ddb9cd7,2026-01-15 04:00:00
cea05b32e02132d3,2026-01-21 01:00:00
3cf42b1ec5e8a768,2026-02-09 16:00:00
3a725229770efda2,2026-01-15 08:00:00
025ffc97eac679ab,2026-02-08 01:00:00
0ad18d94b9715f8f,2026-01-21 14:00:00
ed0376604e2e3ca6,2026-01-24 00:00:00
ee83fdd702f42a84,2026-02-13 21:00:00
ccdd9edca717a95f,2026-01-09 12:00:00
cb40d8ee09bbf2d0,2026-01-28 13:00:00
d7aaa4092a4ac07f,2026-01-03 14:00:00
519a579638ac0ba6,2026-01-24 08:00:00
50099337a82ea7ef,2026-01-14 05:00:00
6eaa53ccc96b56e4,2026-01-25 22:00:00
4283b65ba50a588b,2026-01-10 09:00:00
2037f4675b61dcf1,2026-02-02 10:00:00
acfdf80fb3e95b66,2026-01-17 18:00:00
ae924fbd4d4f6d90,2026-01-15 05:00:00
f15d3764d06890bb,2026-02-09 17:00:00
f5e984be68109ac7,2026-01-26 11:00:00
4ff1347c89c1d0a8,2026-01-12 02:00:00
d4c7d2452ba91c09,2026-02-13 18:00:00
ba57b35a826891b8,2026-01-25 13:00:00
7cc2a7945bd47bfb,2026-01-25 23:00:00
17d4250bd0f34407,2026-01-01 09:00:00
5556110ff8f1fb7f,2026-01-04 13:00:00
324bdd4656d997cb,2026-02-08 02:00:00
32aaf5c80d3adf17,2026-01-30 16:00:00
aae039c0551af2ad,2026-02-04 00:00:00
4d19ac5bcbb6f8a5,2026-01-25 11:00:00
507051d0da655084,2026-01-21 16:00:00
ec6fb8606626e2b7,2026-01-04 18:00:00
69cfd8571ab2314f,2026-02-14 18:00:00
7e803b84cfebc151,2026-02-02 10:00:00
576df0aa52861f92,2026-01-27 22:00:00
13fe73ffc4e7bfe6,2026-01-20 09:00:00
18c1b5d9adb3b814,2026-01-29 21:00:00
f75acd63378c89a2,2026-02-10 08:00:00
04055b97dea4ebad,2026-02-03 03:00:00
ef3940009a0320d0,2026-02-04 00:00:00
b9db3b18b6d42a43,2026-02-09 08:00:00
78d63296375e9c57,2026-02-09 03:00:00
3b17ba2cc1f02e0f,2026-01-16 00:00:00
ee83902464ee4636,2026-01-13 20:00:00
452d9b90ba5fa60a,2026-01-04 06:00:00
c8256162a180bb86,2026-01-24 16:00:00
458191d4fe24b2b3,2026-02-04 13:00:00
ce2d1ca8d68ebb42,2026-01-11 03:00:00
80d79fca1740d884,2026-02-06 06:00:00
f2d928ead9e23fda,2026-02-08 18:00:00
588419304c453d81,2026-02-05 10:00:00
7a844b158f795fef,2026-02-08 16:00:00
c8fa870606f37778,2026-01-24 19:00:00
7e24ed0bda6c6e16,2026-02-10 16:00:00
9f0ac8735d40c837,2026-02-13 00:00:00
bd6d76483a7e26cb,2026-01-26 05:00:00
0bf1ea0711d179c5,2026-01-26 03:00:00
fbbde24ed06abed1,2026-02-13 02:00:00
c2e9a5b82d49ff3c,2026-01-25 17:00:00
b3076b247d6f08dc,2026-01-08 05:00:00
96cbd5c075a7a92c,2026-01-23 18:00:00
40c62d238feb58f1,2026-01-10 21:00:00
114504f734ae25b6,2026-01-31 03:00:00
010a4b00351bb3c0,2026-02-03 13:00:00
a9f74c7451bfd6e8,2026-01-29 17:00:00
1faebafdb4030a87,2026-01-12 21:00:00
e671c49db6eb0871,2026-02-01 21:00:00
6e4b1927a67cf496,2026-01-29 11:00:00
932a283487e787ef,2026-01-25 01:00:00
f42dc8c0bb6cdb69,2026-01-02 01:00:00
79f5f8401e138143,2026-01-23 21:00:00
4e44c637b91a300c,2026-01-21 18:00:00
0f44b96fa85b2986,2026-02-14 17:00:00
501783f2dd183b3c,2026-01-11 12:00:00
386559bae6eeb991,2026-02-05 22:00:00
25d581f4ca42b1cc,2026-01-31 01:00:00
3879757ba84ded1b,2026-02-11 19:00:00
b4907d0f79d0ff09,2026-02-11 18:00:00
ee243bbf91bc34ef,2026-02-01 19:00:00
33350be9401b86f0,2026-01-06 08:00:00
348195fdd145b14f,2026-02-01 19:00:00
d57fab513f10a09d,2026-01-23 14:00:00
444150cffdc606bc,2026-02-06 07:00:00
4d4b6a505d2d07e1,2026-01-19 03:00:00
70a4145a9bf6788f,2026-01-15 14:00:00
77ebef278d93ceac,2026-01-15 05:00:00
8e9cdd76389f6de0,2026-01-07 21:00:00
a9f6a148d7bc3fc5,2026-01-18 15:00:00
8d79cc91b60a8ef1,2026-02-08 08:00:00
bf8507fc36729caa,2026-01-15 20:00:00
921717b995b0481e,2026-02-11 11:00:00
a7b7042b3228ea98,2026-01-23 10:00:00
7c947cf2e130e027,2026-02-05 14:00:00
ab05b15ef320b7de,2026-02-10 06:00:00
d4d71410a7614006,2026-02-03 12:00:00
0ad5710d10d9df1a,2026-02-03 01:00:00
1e3abdf1ea70ba20,2026-02-09 14:00:00
896d8235d50b603e,2026-02-03 11:00:00
ab05b585a45df2be,2026-01-21 01:00:00
fe66eb365e82feea,2026-01-23 16:00:00
381bb6f2065d55ae,2026-01-19 13:00:00
92b15693696285b8,2026-01-17 16:00:00
d41e31c29758241b,2026-02-01 16:00:00
2dd82b23d710a369,2026-01-05 16:00:00
e4e4e4181dc4d1ab,2026-01-16 04:00:00
31280bbdaef660a3,2026-01-11 05:00:00
456417db323722de,2026-01-21 21:00:00
c1d35a890b63560f,2026-01-02 00:00:00
cb715f10f9921148,2026-01-02 01:00:00
682305028daf60f4,2026-01-23 17:00:00
ea8a41c08feac579,2026-01-22 15:00:00
c2de5982b3c17a76,2026-02-02 16:00:00
da6628db8f06bf0d,2026-01-16 19:00:00
2bba5b5741cbc60d,2026-01-29 15:00:00
8f6571b38948947e,2026-01-07 00:00:00
cec370ccb7de1642,2026-01-17 23:00:00
247d29dc9340b2f6,2026-01-13 03:00:00
3535a650f1e7de59,2026-01-12 18:00:00
412b0f4c448094b6,2026-02-01 09:00:00
5c7433994ca5c0f9,2026-02-11 11:00:00
26a94abf9a323376,2026-01-05 02:00:00
e24ab64ee9646b72,2026-02-14 12:00:00
10554355fa31b0b9,2026-01-01 06:00:00
12ed9cd700e9af50,2026-01-21 00:00:00
bac7f3f157ffb60c,2026-01-01 13:00:00
8aa6638fd07b3f01,2026-01-06 02:00:00
db376edd5a94bd64,2026-01-23 09:00:00
f172789a7c8406b6,2026-01-11 16:00:00
dd7e0469290fcc8b,2026-01-06 09:00:00
c7059a0f279965da,2026-02-03 23:00:00
fb4dd877042ee484,2026-01-24 16:00:00
ee8c2afd91e576fc,2026-02-01 08:00:00
1ea075acee1c151e,2026-02-09 16:00:00
6a7065d6f6d90351,2026-02-10 17:00:00
9637a77f9c91c6fd,2026-02-11 21:00:00
6818e81956fa3503,2026-01-24 18:00:00
2e68d990c8e3da4c,2026-01-11 04:00:00
1bcb0a9cad820aaa,2026-02-04 21:00:00
7da1c69ec8bd06b0,2026-01-10 14:00:00
8fac24100821dd99,2026-01-23 14:00:00
8f1f7cf751a46f0d,2026-02-01 23:00:00
b79c468a0a0162cf,2026-01-29 13:00:00
64a84cb8010c2221,2026-01-17 21:00:00
324e5ee27dcad588,2026-01-08 07:00:00
d9d0c9f6b78e616b,2026-01-05 09:00:00
82f99c69e7d00a76,2026-02-08 22:00:00
ae395a9d906ea3c2,2026-01-03 10:00:00
0982271910e6d423,2026-02-02 23:00:00
3469933414fe62ad,2026-02-12 06:00:00
b33117125845014e,2026-01-07 11:00:00
f2fd62f267eb7154,2026-02-09 17:00:00
d544bb450e231eea,2026-02-14 16:00:00
e9cce98d79f42795,2026-01-07 22:00:00
931916cd60240c85,2026-01-08 16:00:00
79a7876933242a67,2026-02-11 16:00:00
9f6c0691bdd19bb1,2026-01-18 01:00:00
117bcb58495ebe0a,2026-02-01 06:00:00
477eab911f2a8a5d,2026-02-13 20:00:00
993fc02bca7a4980,2026-02-04 14:00:00
47a12cdb2f15d10a,2026-01-11 02:00:00
c2f84ef8079730d6,2026-01-30 05:00:00
3d82e45a4c2ca8c3,2026-01-25 04:00:00
a27cfec8d7f96144,2026-02-06 14:00:00
142241359e6320dc,2026-01-08 06:00:00
55362d3202ab63f1,2026-02-14 23:00:00
bdd87376838a8ec1,2026-01-01 03:00:00
d0d6ded847db7a66,2026-01-08 22:00:00
d2cf469c60d72383,2026-02-13 06:00:00
3708d15c7781b16f,2026-01-29 18:00:00
ba11de1b43130549,2026-01-12 14:00:00
72fc289bc615e182,2026-02-11 20:00:00
8998ec33d211b514,2026-01-23 03:00:00
e6533a55f1532afc,2026-01-25 19:00:00
282399dda6e0456a,2026-01-11 00:00:00
cc784e277f51087a,2026-01-31 13:00:00
b6690adf17b32259,2026-01-31 07:00:00
7b1df57b1ab14349,2026-02-13 17:00:00
daf81037c9ce4355,2026-02-06 01:00:00
38b1daf8582be096,2026-02-14 20:00:00
27215eea4cb4a915,2026-01-13 06:00:00
2e1296dd99e1d6ac,2026-02-13 12:00:00
a7806cd37b488330,2026-01-20 16:00:00
764722568c519590,2026-01-28 21:00:00
773960ae5b0bced2,2026-01-03 06:00:00
f028f9dd84a4e87e,2026-01-12 11:00:00
5e560823ce61e5ab,2026-01-30 13:00:00
8ed4a56061de9d39,2026-02-08 08:00:00
d859f9be6f3941ad,2026-01-23 03:00:00
17443bda52468fad,2026-01-24 15:00:00
48b276cc611e7f0c,2026-01-31 22:00:00
82191eda9115d337,2026-01-22 16:00:00
b0775acd3a1f0d9d,2026-02-01 04:00:00
a5d3399f2ab10ae6,2026-01-04 01:00:00
775828711729eeaa,2026-01-24 07:00:00
cdaff8b346971fd3,2026-01-18 17:00:00
1162f0554d28d663,2026-02-13 02:00:00
5dba5985bc0214f7,2026-02-07 11:00:00
914e61910bf1b989,2026-01-17 20:00:00
fee4af149d7493f1,2026-02-06 19:00:00
e0315f4049285bfb,2026-01-09 11:00:00
1e126829556f6941,2026-01-21 03:00:00
4badd72c3d1c7a31,2026-01-06 22:00:00
8838241df9295cb8,2026-02-01 18:00:00
5846d8974b18e1dc,2026-01-29 11:00:00
016c3b058919042d,2026-01-18 13:00:00
4adf3d5bb8b3e5fb,2026-01-04 23:00:00
499b0253fc4239e9,2026-01-17 03:00:00
15b15ed51c4c586a,2026-01-30 15:00:00
aa1c7ffe19c9f58f,2026-01-31 10:00:00
66bb1f4168197ba4,2026-01-10 04:00:00
dbdc13ee7d815944,2026-01-18 18:00:00
bc6297fb17704bff,2026-02-08 03:00:00
4e358783d700caa8,2026-01-27 09:00:00
25c6077ec85ec986,2026-02-06 18:00:00
59ef972d43770144,2026-01-10 19:00:00
ed97b4ca1a8c2cdd,2026-01-14 14:00:00
e4666b4e007d927f,2026-01-19 12:00:00
97df0d4ac6804ed3,2026-01-05 04:00:00
7b3090df28205c7c,2026-01-28 11:00:00
6d69e3682ef5d148,2026-02-03 14:00:00
0dee15ed4216503c,2026-02-07 16:00:00
2e53c4c22750a7ac,2026-02-03 04:00:00
848beab2f8650ca4,2026-02-11 04:00:00
036a316718f5c402,2026-01-05 00:00:00
37663b80e6e2f731,2026-01-11 23:00:00
099421f96a36863e,2026-01-23 06:00:00
f1da3a778a945531,2026-01-03 12:00:00
6450b8dcb15f1295,2026-01-25 15:00:00
a7d5e4779cf89c6d,2026-01-23 03:00:00
70fdb09543aeb971,2026-01-28 00:00:00
2df36ebadbdd4080,2026-01-04 18:00:00
bceb9e5e4bfe364d,2026-02-02 01:00:00
fbe1d55251c43007,2026-01-09 21:00:00
38102e2a0bd05f96,2026-02-01 02:00:00
2eee9554e38e8e57,2026-01-28 07:00:00
15d0ea93cfd09549,2026-01-17 02:00:00
f4251b81c41ef83b,2026-01-10 03:00:00
7eb514f246f3fc12,2026-01-24 21:00:00
98d09f203db04e68,2026-01-20 06:00:00
65445529767e2cd8,2026-01-10 22:00:00
ac5cc6cd7123f984,2026-02-10 16:00:00
844a789931b938ff,2026-02-07 06:00:00
4868ec0cf8bd1de6,2026-01-27 14:00:00
10034b10c8947df5,2026-01-26 06:00:00
ad782145b89f4fbe,2026-01-26 09:00:00
fef0629dc461a418,2026-02-01 05:00:00
11da5648bb2f2505,2026-02-11 21:00:00
cc4af9f624b4111d,2026-01-10 08:00:00
a3fe83abae6b0fd5,2026-01-09 01:00:00
1bbd08fde74820c3,2026-01-04 22:00:00
875b4b61b08edc96,2026-01-06 06:00:00
4483579d903dd819,2026-01-14 03:00:00
185672ab83962205,2026-01-18 07:00:00
18fe6828170c5dc6,2026-01-28 23:00:00
9e440afefed11d5d,2026-01-10 17:00:00
9fcc3252b855a41c,2026-02-04 20:00:00
6fc65388e38774fb,2026-02-14 12:00:00
0acf980678f7376e,2026-01-08 17:00:00
e120b117f2bda963,2026-02-09 06:00:00
d443c316fa85fc9c,2026-01-29 06:00:00
34e653865168ccdd,2026-01-24 04:00:00
7f124f3a24a57bf3,2026-01-23 01:00:00
09e8f25e274cd665,2026-01-28 03:00:00
613312c15fc57545,2026-01-05 00:00:00
13309b38f62c8979,2026-01-31 23:00:00
0d92daadff13fcfc,2026-01-19 05:00:00
3acde6100eed6fbb,2026-02-04 04:00:00
368b6e2746c6ae0e,2026-01-15 02:00:00
748ce873879ceed8,2026-01-20 00:00:00
c5bc95541bd49c3a,2026-01-05 03:00:00
1efc70b620bf80e0,2026-01-14 19:00:00
708e02dc6aa8222a,2026-01-28 18:00:00
5a661bcb2e5b247f,2026-01-17 22:00:00
0dc4415d38f81d5a,2026-01-17 13:00:00
a8c50c59f4b5b789,2026-02-13 17:00:00
b86274635a3950f9,2026-02-11 00:00:00
761f930528a22d06,2026-01-02 02:00:00
d2a4c684ff2112bd,2026-02-05 16:00:00
343a516862ba4fb7,2026-02-08 21:00:00
f8bec61c6d036252,2026-01-24 03:00:00
609ea1eaaa5ef2d9,2026-01-17 11:00:00
314efbd8b4d3251b,2026-02-07 17:00:00
524eea36154bccd2,2026-01-26 21:00:00
a281bb477b2cb0b1,2026-02-07 16:00:00
ce391099e193e6c1,2026-01-27 15:00:00
9dd2aaa1e9eb9cb9,2026-02-12 02:00:00
8bb1a5c493cd8379,2026-01-11 02:00:00
8114deb3c1c3644d,2026-01-18 01:00:00
ff85ed1b83b077e5,2026-01-20 04:00:00
0aef7b72b3137828,2026-01-05 19:00:00
f34daf5bd874b1bc,2026-02-01 00:00:00
19822e1ca22fa062,2026-01-28 08:00:00
9e96e9d684dbf432,2026-01-07 07:00:00
491a383ad5fd8c52,2026-01-15 01:00:00
98f268596e636410,2026-01-18 04:00:00
80ce17ab2a9b3ffb,2026-02-10 20:00:00
994a7b5243853676,2026-01-16 09:00:00
53ace93da305a26b,2026-02-11 13:00:00
29f541f3f29a51c3,2026-01-26 01:00:00
38cf0bdf78d90a1d,2026-01-30 03:00:00
5e0741c3c5887573,2026-01-11 14:00:00
5b262d6899fae799,2026-01-09 20:00:00
374085816ecbf1f2,2026-01-07 06:00:00
a210a6a58db66930,2026-01-22 07:00:00
7537e9f34f87f99f,2026-01-25 17:00:00
602d3c0e8eedd4d5,2026-01-11 13:00:00
6abb6142b41c0bcd,2026-02-04 20:00:00
8768306e3970f754,2026-01-14 08:00:00
d3a02a78c7ad9654,2026-01-10 06:00:00
41180c97ee987441,2026-02-14 10:00:00
839920ecd23550aa,2026-02-04 13:00:00
9422813843e6b37a,2026-01-21 22:00:00
7625dc0c4bae24ec,2026-01-04 12:00:00
7508788b4499f62e,2026-01-14 21:00:00
db60a30a48fc0e93,2026-01-24 13:00:00
2614cf56bbe33b10,2026-01-06 14:00:00
ac576f2128cd86b8,2026-01-07 06:00:00
2b18c0d513b1fa44,2026-01-04 18:00:00
499628564c61797a,2026-01-04 11:00:00
d3191aa639f9836c,2026-02-04 21:00:00
97215ee3c4e9a17c,2026-02-06 03:00:00
fea89cf7c38bf942,2026-01-06 07:00:00
75a09dc92e05600f,2026-02-14 00:00:00
3355888954ead5f1,2026-01-20 09:00:00
fc9726517851155b,2026-01-11 02:00:00
868c2cf06df6b880,2026-01-27 23:00:00
5af312d35fa7bd3f,2026-01-25 03:00:00
0cadd04b2e24fa7d,2026-01-07 14:00:00
052cd2b56408a3a7,2026-02-13 11:00:00
6ec011df7f307f07,2026-01-08 09:00:00
c7ed3f457ab84ebf,2026-01-17 14:00:00
562e1e1875940678,2026-01-31 12:00:00
60c787cd3a4d8547,2026-01-03 18:00:00
64581c354f6c073d,2026-01-31 06:00:00
8d9ec03195ad69d0,2026-02-13 20:00:00
759cb3223086e65d,2026-01-07 18:00:00
ec25df0036574415,2026-01-27 22:00:00
989ee603bb297ffe,2026-01-02 02:00:00
43108f7b4b1ad50d,2026-01-29 17:00:00
62e9ef3f0d4c7fde,2026-01-01 22:00:00
8d9e199c0d67c4fe,2026-01-16 21:00:00
b2f7d9ca21b1e368,2026-02-10 22:00:00
6a61e48f06c6a703,2026-01-25 15:00:00
574ce365f363a1b5,2026-01-03 21:00:00
339efbe1efbcc5a4,2026-01-28 06:00:00
c2af79fd3080f293,2026-01-17 22:00:00
06792a2fb67db024,2026-01-24 13:00:00
1c3d945f8c48d724,2026-01-28 22:00:00
d31e01497db00f55,2026-01-11 17:00:00
703bc066ce94e25e,2026-01-06 01:00:00
d1478d81cd7d0734,2026-01-03 02:00:00
18a2d44c426622b3,2026-01-27 03:00:00
c80508732b7c473a,2026-02-03 05:00:00
961084528e765cdb,2026-01-06 12:00:00
7d2c7abccad9dac9,2026-01-13 22:00:00
4ae07e1746876911,2026-02-12 13:00:00
da73e54290972fe2,2026-01-10 01:00:00
d497c5667898fef9,2026-02-08 13:00:00
d8048be6b85396bb,2026-02-04 16:00:00
c7eaeef3d904601b,2026-01-27 23:00:00
a9f64e6c9399ab24,2026-01-01 15:00:00
b4e8c74e5c862880,2026-01-10 22:00:00
42b80a6b9e43fd71,2026-01-15 05:00:00
4953fc30b3a27c1b,2026-01-09 19:00:00
bced6b9e180cd358,2026-02-09 18:00:00
65b76e27403a177f,2026-02-02 17:00:00
9375f94f4c7645f7,2026-01-07 03:00:00
73873a9e3196d822,2026-02-12 16:00:00
474697254195c0ab,2026-01-22 11:00:00
399a53ca4208f5f8,2026-02-07 05:00:00
21f3408e514ca559,2026-01-07 08:00:00
3f30fee9a83f25b8,2026-02-10 13:00:00
e0596a4a24c1939b,2026-01-08 06:00:00
7bf83b38a7250a1c,2026-01-21 16:00:00
c8c7ff5132299971,2026-01-09 19:00:00
483eb8a505f520b1,2026-01-26 15:00:00
d35f270917b60005,2026-01-09 06:00:00
79a45f8245d8a03e,2026-01-28 00:00:00
95e6046053f9d987,2026-02-03 15:00:00
0d0577ebebdc8eac,2026-01-14 02:00:00
b15c24d81e83c05d,2026-01-03 00:00:00
eda34c2658f955ae,2026-01-22 05:00:00
f49e27b2498d25d7,2026-01-08 22:00:00
faa16a4ab676a2f1,2026-02-06 23:00:00
c42e68e5ff0ccac0,2026-01-24 15:00:00
7cf45c1073942455,2026-01-13 10:00:00
f313e908cb5aba5f,2026-02-05 12:00:00
6cd09e79ef6703bb,2026-01-14 23:00:00
65b76ecc39519440,2026-01-13 01:00:00
71aa3ae7ae40bbe8,2026-02-07 06:00:00
18db175a6a5cac8d,2026-02-03 05:00:00
d84f031a8c2d8285,2026-01-26 20:00:00
fc3805adf511f2d8,2026-01-30 18:00:00
c902bfd48b3854c8,2026-02-06 06:00:00
3749842a5442e829,2026-01-04 15:00:00
09a0ce760a059bcc,2026-01-10 17:00:00
3eaeb881f00e2f04,2026-02-04 04:00:00
d32ccf368f2f47f2,2026-01-02 21:00:00
682c5dfe6bafa7dd,2026-02-03 20:00:00
1577283a35bb8758,2026-01-08 12:00:00
8d9a137168a6393a,2026-01-25 09:00:00
56fb41bfbb6ed111,2026-02-10 11:00:00
1b7233325622a1dc,2026-01-24 12:00:00
2bfb67461f442b23,2026-02-08 01:00:00
f2d7d7dd213d0537,2026-01-10 08:00:00
d224d30c26ee5db9,2026-02-10 12:00:00
ac86ae3f35f6f496,2026-02-14 19:00:00
e44477cef3cfa685,2026-01-20 10:00:00
0dabc1135e6ce3d4,2026-01-14 18:00:00
0f984aac95c26453,2026-01-20 19:00:00
3bf8913968c3cbd8,2026-01-04 10:00:00
0302ec1300cf8af5,2026-01-01 07:00:00
4840ae64459de80c,2026-01-12 19:00:00
08188f4e0bf38913,2026-01-31 20:00:00
bacf29004a469550,2026-02-10 02:00:00
34db2f2396bc4bb0,2026-01-06 13:00:00
30b732955cccce18,2026-01-01 06:00:00
8f87cf1e6d66f5a6,2026-01-23 15:00:00
b2031bb1610dfcc0,2026-01-07 12:00:00
56dc62045890a75b,2026-01-11 12:00:00
e7483a60cb990d0c,2026-01-17 19:00:00
69820550897fc455,2026-01-06 15:00:00
3dd52a95e55ec67c,2026-01-31 23:00:00
03b0d5a5118cf4b0,2026-01-11 15:00:00
8f69eac1e883a1a4,2026-01-20 23:00:00
0afdef525c92ee58,2026-02-04 19:00:00
5467e03fa3356ab8,2026-01-14 03:00:00
f4779c1358a3dd23,2026-01-07 00:00:00
fb39335d60723c8c,2026-01-30 03:00:00
f8a92a09f518f314,2026-02-10 21:00:00
372bfab686850e75,2026-02-03 09:00:00
af7bf8765cc34b8c,2026-02-12 18:00:00
e30225aaacbc0e1d,2026-02-06 11:00:00
a924c242388893f4,2026-02-13 14:00:00
7e0e2d6209612faa,2026-01-28 19:00:00
d5b849822ef162f8,2026-01-17 03:00:00
1bd798a1556a7c54,2026-01-25 06:00:00
66966bdc9b4bb4a2,2026-02-10 04:00:00
0dc0c36908b62ed0,2026-02-04 16:00:00
ed5fd67345d86275,2026-01-02 18:00:00
0afa1bded39e0591,2026-01-26 20:00:00
928c64ae8b0c5449,2026-01-03 18:00:00
c53e4f57100e9024,2026-01-08 12:00:00
06929e7a196ce806,2026-02-03 09:00:00
f2865d29d45bd537,2026-01-23 16:00:00
6e16073e17bf53b6,2026-01-11 22:00:00
7f591bb1def2b1a8,2026-02-05 23:00:00
79eac34f6aa4da20,2026-01-25 16:00:00
98279c2b90116c0b,2026-01-09 17:00:00
4125f18efea68ded,2026-01-21 11:00:00
3cdea479c9894f74,2026-01-30 13:00:00
60714e0be95f546a,2026-01-02 22:00:00
da7be1834c01d26a,2026-02-08 15:00:00
d75d4874d1194e9e,2026-01-14 05:00:00
2cb08c896a6d1bed,2026-01-25 21:00:00
872b19cde0cdf5c2,2026-02-05 13:00:00
4711883c18ecbe9b,2026-02-01 12:00:00
c074bfb07a39b452,2026-01-20 15:00:00
f346f4d3baa5ae93,2026-01-25 13:00:00
0e2b94cd60ae784a,2026-01-25 07:00:00
7e589aa87bd67c45,2026-01-02 00:00:00
ba98fee7ca6a9bbf,2026-02-11 20:00:00
7bdd52908e9e5d97,2026-02-04 13:00:00
3be976246bbde0d0,2026-01-29 02:00:00
f0cd614cb92a14c2,2026-02-10 05:00:00
ef562670c1a699cf,2026-01-21 15:00:00
d7018cf6235392e9,2026-01-27 10:00:00
c2e22d0ccabe6eee,2026-01-02 09:00:00
ea868e4377d6dcad,2026-01-10 13:00:00
158d0868842e7b56,2026-01-22 18:00:00
7b88f5dab257bed0,2026-01-14 18:00:00
02d0297dbb8afc76,2026-01-27 05:00:00
89218887f67fabe1,2026-01-20 16:00:00
dad468b9e4d2d236,2026-02-12 19:00:00
5799d125b86ca4ff,2026-01-27 13:00:00
352490c3b8c26e11,2026-02-09 12:00:00
165e9553d9e6acf9,2026-02-11 17:00:00
ac97daee1a7de308,2026-02-10 10:00:00
2ca8bc3a41fa01f1,2026-01-02 22:00:00
ae6e612ab650c60b,2026-02-01 20:00:00
ae56a69b1aa53ff8,2026-01-09 18:00:00
5bbccc70b89d25b2,2026-02-10 02:00:00
ca00ee5daff8a120,2026-01-31 09:00:00
9232c0129e86ece5,2026-02-07 08:00:00
02e42919f2980dfb,2026-01-30 21:00:00
1fafb512a0f4d9bc,2026-02-11 09:00:00
e49789558360eed0,2026-02-07 09:00:00
fcc29ab2225c3d2d,2026-01-29 22:00:00
a65b02416805fb03,2026-02-05 14:00:00
ce0c2c4bb0495946,2026-02-07 21:00:00
44aa1f1d1805db53,2026-01-04 17:00:00
fac4bb0275522fa3,2026-01-08 05:00:00
283710d836c924f2,2026-02-07 12:00:00
6081a85a4409dc9b,2026-01-10 17:00:00
ef9d11965e935f5b,2026-01-23 01:00:00
9249402d90c212be,2026-01-31 05:00:00
7da0ecd05bc95659,2026-01-18 19:00:00
4705e11ecd4a45cb,2026-01-02 12:00:00
6a8fce6b0eeb006d,2026-02-13 03:00:00
ae5c48a85f28c99b,2026-01-05 00:00:00
54a658697f97bcb7,2026-01-25 00:00:00
ac8f8bb72177850a,2026-02-06 09:00:00
747a22d077018a57,2026-01-14 20:00:00
f2cf16da4c7f2499,2026-01-19 02:00:00
d611bddbca1aed57,2026-01-20 06:00:00
661bb57f18b427d6,2026-01-11 17:00:00
2411a129dfa01e27,2026-01-04 18:00:00
2d65383ff0f3323a,2026-01-13 02:00:00
e34e947beb251063,2026-01-27 09:00:00
e51ece7ecff55131,2026-01-09 21:00:00
85e53845e93f179b,2026-02-03 02:00:00
bd98ab325c437c6b,2026-02-08 13:00:00
e1551226b8c8b12f,2026-02-13 10:00:00
8552dbf1421e478d,2026-01-03 18:00:00
4f174524ce2097b4,2026-01-05 21:00:00
48f9230325268237,2026-01-24 15:00:00
a1239bcc9255d4f1,2026-01-13 01:00:00
4eb994fec36ad1c7,2026-02-04 10:00:00
a88f353ce003f576,2026-01-17 14:00:00
41dfdd3aa67074d6,2026-02-10 04:00:00
6e85b05a36345ff4,2026-02-06 11:00:00
c6fc33f2bf7f7637,2026-01-11 14:00:00
f749709839ef842e,2026-01-08 11:00:00
0b3565f1df6bd5f8,2026-01-23 22:00:00
672885754e995ae8,2026-02-14 14:00:00
b15e8ae658fae422,2026-02-14 01:00:00
a6f555544d220f78,2026-01-11 15:00:00
c48904cc1c9be90e,2026-02-13 23:00:00
032f53a36d0781bf,2026-01-21 18:00:00
fe387c69a1fa79cc,2026-01-13 16:00:00
714ea2286e5c4dc7,2026-01-14 23:00:00
a89b95b7806acae6,2026-01-09 21:00:00
7705efb6ea2d4a26,2026-01-23 10:00:00
ff13376f32fd5b85,2026-01-08 11:00:00
1d08aded2c17ce43,2026-02-06 00:00:00
faba4e3b8c334e93,2026-01-26 16:00:00
574400f83757211e,2026-01-19 08:00:00
b055d617993db6ad,2026-02-04 06:00:00
70599ed42f1b021e,2026-01-03 10:00:00
48cac62bb4363c22,2026-01-07 10:00:00
5c581c1245c39952,2026-01-05 02:00:00
b2132460d7354b6d,2026-01-27 10:00:00
9145d8a5b3722db3,2026-01-09 15:00:00
4239f83f2d997481,2026-02-10 03:00:00
19a2c6a951551122,2026-01-15 07:00:00
bd5c29587fd05a27,2026-01-10 23:00:00
ec727dd24ff428a9,2026-01-05 14:00:00
a79e796ad6552806,2026-02-02 12:00:00
39bb46ccba2340f4,2026-01-10 03:00:00
d095dd4ff6da74f6,2026-01-01 04:00:00
38899d1a29e9a610,2026-01-29 17:00:00
630da7806d085b47,2026-02-12 02:00:00
e5612dbf5f81e404,2026-01-15 01:00:00
f849006fc3d4a41d,2026-01-17 10:00:00
4093acfa29417e65,2026-01-21 11:00:00
b6197232c6b8423f,2026-02-06 02:00:00
c4207b5b5e563997,2026-02-06 22:00:00
8609b09323c4ea4d,2026-01-28 11:00:00
7242e83580d3210b,2026-01-03 13:00:00
3df2c8bf77596f6d,2026-01-16 21:00:00
2cfca4993420aac9,2026-01-08 17:00:00
ca977aa635d88487,2026-01-14 08:00:00
f96c2abb570d55cd,2026-02-03 00:00:00
e9edf2ea020fe20c,2026-01-24 09:00:00
76d9d61a405a1901,2026-01-04 18:00:00
51d61e451bf84c46,2026-02-06 01:00:00
3ec5c48686c9ad74,2026-01-20 22:00:00
0abc824c46805ff4,2026-01-12 05:00:00
50f2112203997ec0,2026-02-07 22:00:00
ee9cb8cbab5b6130,2026-01-11 08:00:00
9d0298728cb61fa6,2026-01-05 00:00:00
913c4ef89cb85862,2026-01-22 03:00:00
d18fdde6ef2c7c0a,2026-02-11 22:00:00
29facd3e99357507,2026-01-15 19:00:00
0510bd4fa49c6068,2026-01-31 20:00:00
8c28fbaa5aff7c77,2026-01-22 13:00:00
c49d9829927e6bf8,2026-01-21 09:00:00
c208107253e41142,2026-01-24 23:00:00
31725a528018d88e,2026-01-24 22:00:00
349d39fe13187246,2026-02-09 03:00:00
6efcd19a2148b38c,2026-01-17 19:00:00
aa731efc4ac1e707,2026-01-28 05:00:00
9739b5b70db1eb24,2026-01-01 04:00:00
39602f8cd11ba730,2026-01-29 09:00:00
478b25f72c8fbd91,2026-02-07 13:00:00
72c5ff6b49d1f04b,2026-01-20 16:00:00
178e1f62362903b7,2026-01-17 11:00:00
53c0ee0afd8c74ac,2026-02-10 00:00:00
a1729ce3b0c88e8e,2026-01-19 17:00:00
41c575f4d90ea638,2026-01-11 16:00:00
47f44d08a3bfc178,2026-01-09 01:00:00
17e51744cf0a5b90,2026-01-11 19:00:00
9b7f458b5ef4fc5a,2026-01-30 00:00:00
0c1a057cd875d827,2026-01-26 14:00:00
e4d289266ec52980,2026-01-01 02:00:00
2987776c49fb4203,2026-01-22 19:00:00
d3f13ab7e3be9023,2026-01-28 22:00:00
39f6a21e4d3887be,2026-01-19 12:00:00
de933752b06904ed,2026-01-30 05:00:00
09269bbea36b4c62,2026-02-04 18:00:00
c44a54462866d814,2026-02-11 12:00:00
64947a8dac1e5254,2026-01-13 06:00:00
b2a657a902911ab9,2026-01-22 06:00:00
d5ffc62900d3e970,2026-02-12 10:00:00
d174d7256bdf58dc,2026-02-09 04:00:00
ed6fadeed6610b45,2026-01-01 01:00:00
e12174ebf53cc581,2026-01-16 11:00:00
44d84f341b6c39d1,2026-01-04 17:00:00
4808d3103a1c8033,2026-01-17 14:00:00
4a59d2ce2919f602,2026-01-31 06:00:00
4a9c80f82577d2f3,2026-01-24 03:00:00
c13bc76efbd5b674,2026-01-11 18:00:00
14b373271dcf7f73,2026-01-08 08:00:00
0db76f6a81703e8a,2026-01-19 14:00:00
1e067e35d8ab8600,2026-01-04 02:00:00
a3fdaa4f5213fc70,2026-01-18 07:00:00
ea3bef2f933e3c72,2026-01-23 20:00:00
300fdc183ae64e55,2026-01-11 20:00:00
06031bbd4c8eaa5e,2026-02-08 20:00:00
92a015d1fb35abee,2026-01-14 20:00:00
3ceb048691604809,2026-02-10 11:00:00
465043200f586ed8,2026-01-15 19:00:00
12373269ffedd205,2026-01-31 12:00:00
33ae67feb08e1a8e,2026-01-06 12:00:00
52970e845cb019e1,2026-01-23 02:00:00
e2a8076ac29b632b,2026-02-10 19:00:00
c2dc6d1a5abb15fb,2026-01-29 10:00:00
f14b2d66b6516cca,2026-01-20 09:00:00
9165fdb7a55bbbb3,2026-02-13 16:00:00
71a5ac2b242550f9,2026-01-17 00:00:00
de7e495afb0e7f9e,2026-01-16 17:00:00
fec1733f511e51b5,2026-02-01 06:00:00
f7657862f6dc8744,2026-01-11 10:00:00
560a94b16d94d0f5,2026-01-02 11:00:00
8dfc82cc4718adeb,2026-01-24 17:00:00
60a17f260a2c7eca,2026-01-19 05:00:00
2e20dca1b6e7c6d2,2026-02-12 14:00:00
e456adae47a13764,2026-01-14 08:00:00
6e99e49a14c0d451,2026-01-26 00:00:00
83ab86447335300a,2026-01-30 05:00:00
f66ce078c2d42aeb,2026-01-14 23:00:00
31f89cb38c04e27c,2026-01-29 18:00:00
f9e515bace005f32,2026-02-10 22:00:00
23c20c43deadb793,2026-01-18 09:00:00
174c1e27b46f60e1,2026-02-02 04:00:00
533a81972d9d787d,2026-02-01 08:00:00
6b4808c6f1a5c0d9,2026-01-09 01:00:00
88e396e941d09a60,2026-01-25 04:00:00
5baa05b18cc60c36,2026-02-08 23:00:00
bdfe0695cc3dedbe,2026-02-02 11:00:00
1d3c04c9855a82fc,2026-01-25 05:00:00
1eb0670fabf6272b,2026-02-02 06:00:00
0efa55bee2171013,2026-01-14 16:00:00
ce161318805edc2e,2026-01-22 23:00:00
1370eea6f4481bbb,2026-02-11 18:00:00
422d5e0f0098d774,2026-02-07 12:00:00
b922d0e292063c4a,2026-01-02 10:00:00
5fc96e4b0fcbc5ee,2026-01-18 07:00:00
7e7b22d15ab80103,2026-01-26 01:00:00
36c5c72bab8659c8,2026-02-05 12:00:00
eb1d32af9a191e04,2026-01-24 01:00:00
920496fddbcdc85a,2026-01-04 17:00:00
844636ea6a442229,2026-01-01 16:00:00
dc078b38e7ad471b,2026-02-10 00:00:00
0c24f1f9beeb784e,2026-02-12 10:00:00
545cf4f774f7466b,2026-01-16 07:00:00
de78acb7f0c6df78,2026-01-08 06:00:00
5e79d22635b69583,2026-02-08 04:00:00
d86af97749868a5b,2026-01-15 01:00:00
05a1451ffa8b4395,2026-02-05 03:00:00
c85bdc90d71f0985,2026-01-12 23:00:00
c7bc8b9905956cf5,2026-01-29 18:00:00
911ebf6441cb3eb3,2026-01-04 23:00:00
a45f6c1a5ed1ecb8,2026-01-15 12:00:00
76cbe96b6f956adb,2026-02-05 06:00:00
e61d410bf77252b6,2026-01-07 01:00:00
63e9b57ff809e305,2026-01-03 03:00:00
77a9626fa2dfe19c,2026-01-11 10:00:00
e5e72acef92a9595,2026-02-12 13:00:00
82803437b1912bac,2026-02-07 18:00:00
51990957b72872b9,2026-02-01 03:00:00
a04226edca6f79e7,2026-01-04 06:00:00
044b45aa29912436,2026-02-06 04:00:00
d2de07c5e7279216,2026-02-02 21:00:00
55a856b6220e0082,2026-01-12 22:00:00
306cf29ab8d1e125,2026-01-31 20:00:00
1ba6c883172a0dd3,2026-01-12 14:00:00
2ef3a4f4d6413dbc,2026-01-08 13:00:00
1ca50b3afbaa64e7,2026-01-08 09:00:00
f172546481e37b5e,2026-02-12 14:00:00
6270a7922f081c51,2026-01-22 15:00:00
985cb3848a9981f7,2026-01-05 21:00:00
35e8106de1d69c81,2026-02-10 20:00:00
9f56ff233743687d,2026-01-18 03:00:00
fc963e24ddd05cd0,2026-01-18 05:00:00
33692f9da4d1eacd,2026-01-30 08:00:00
63f3e1a1d9f83862,2026-01-24 09:00:00
67b1ff5bbe5862ca,2026-02-09 20:00:00
e398b0b8b8c8ce3c,2026-01-13 16:00:00
57774130bd9a4a92,2026-01-22 04:00:00
27f78e90f073dc1f,2026-01-06 17:00:00
9f8238a436201c21,2026-01-07 00:00:00
2d11b55e16f6fb19,2026-01-24 07:00:00
bbf88f9b7a3fcae5,2026-02-01 14:00:00
dcd5830886b472cb,2026-01-11 22:00:00
ba556f3bffcaa03b,2026-01-31 07:00:00
e268ab15634d97ff,2026-01-15 18:00:00
41b559f58173f204,2026-01-09 05:00:00
ca5049d637c94822,2026-01-11 19:00:00
9aec92ced87734b6,2026-01-17 07:00:00
b970c6d1b7162700,2026-01-25 09:00:00
17ab553cf2087acf,2026-02-04 13:00:00
5321c722de2aecff,2026-01-24 05:00:00
f7d324e4a7c75e25,2026-02-09 12:00:00
d6e81f7e0ab191b6,2026-02-04 03:00:00
9109692a3b7ed3ba,2026-02-11 09:00:00
be8f251c1e9e9d91,2026-02-09 05:00:00
dc1441bca80adcc2,2026-01-30 16:00:00
933adac07575ade0,2026-01-02 11:00:00
ff2664943dd3dd7b,2026-01-25 08:00:00
5e883749988802a8,2026-02-13 21:00:00
df8a94b509d3a16d,2026-01-01 06:00:00
6486e35647e952c8,2026-01-12 23:00:00
e9f5ce2da6eb8cb1,2026-01-07 22:00:00
0702fe8bb8b2aba1,2026-02-10 04:00:00
d9413ddc5e51287b,2026-01-08 14:00:00
323cd12ce9613e40,2026-01-23 12:00:00
f80f53395e368e54,2026-02-11 16:00:00
9192ff4fe00aecae,2026-01-13 06:00:00
8641c08990a87c91,2026-01-12 23:00:00
a3743e3c314c5ad8,2026-01-22 22:00:00
8858a5cab9afc48d,2026-01-07 09:00:00
71caf8f3df5bb068,2026-02-03 02:00:00
43a999634122dd9d,2026-02-08 06:00:00
70a6e0633dbc4363,2026-01-17 10:00:00
8f42fb569e7ddaca,2026-01-31 07:00:00
27fb3a05aa2876f4,2026-01-21 06:00:00
f1424ad7bce3b3d4,2026-01-03 19:00:00
ee50389dc2301e76,2026-01-14 10:00:00
7227f99047c81d95,2026-01-31 12:00:00
76a9cd74bf540869,2026-01-31 16:00:00
44463abbb1cd2af7,2026-01-04 00:00:00
86e8f130eb725925,2026-01-31 09:00:00
f42f1f1620fa66d9,2026-01-20 11:00:00
30a6f653f7601cca,2026-01-12 17:00:00
f66b58c3fb0414ae,2026-01-09 06:00:00
880e98ae63a82b2f,2026-01-17 02:00:00
b0ca596447dce1a6,2026-01-16 15:00:00
cd1235771bc79a08,2026-01-21 11:00:00
d7eeb007d6a850c7,2026-02-09 15:00:00
fb9f0c4f1a7c8003,2026-02-02 04:00:00
3eb0a5bcf739d2b3,2026-02-05 03:00:00
26e5b6725d961fa1,2026-01-26 07:00:00
3d41927107fdc7b7,2026-01-16 03:00:00
43dc34a853d3edea,2026-01-15 07:00:00
9b21c7a91ac6d600,2026-01-13 07:00:00
c9e6cbd5033c95b6,2026-01-30 09:00:00
7252b3682a9c1ea8,2026-02-09 19:00:00
d9ea5d2c88c28c5e,2026-01-01 11:00:00
0c8356a3dd947b58,2026-01-26 06:00:00
2f431138f4ecc10e,2026-01-27 12:00:00
b02b673bab4219ab,2026-02-14 13:00:00
a442993640f2c424,2026-01-16 18:00:00
8e6ea72b57629da7,2026-01-21 18:00:00
f006424537e523d6,2026-01-29 02:00:00
95b0ef26b7485cd9,2026-01-14 00:00:00
f7d416c672eb208a,2026-02-06 20:00:00
9cfd026a62b6b5bd,2026-01-02 08:00:00
e6380f16640f7939,2026-01-17 14:00:00
3015e9edcd7b06aa,2026-01-05 05:00:00
8169d01eeb9cf6e2,2026-02-03 09:00:00
5410ab487eb4a511,2026-02-14 22:00:00
f0a0f6bc2fabc424,2026-01-26 23:00:00
b34f7c39c33c56d2,2026-01-12 13:00:00
230e748655f13300,2026-01-26 00:00:00
d8db4a4067d6e06c,2026-02-08 13:00:00
820275c3925cad31,2026-01-15 18:00:00
f7416697c003f4ac,2026-01-10 21:00:00
55a29ccd083c0051,2026-01-09 11:00:00
282b26a5b6e6f2d8,2026-01-19 11:00:00
cdbed100b5ab919f,2026-01-23 01:00:00
3e2b0c8916d00cd5,2026-01-01 17:00:00
51d685dd706d89b9,2026-01-23 06:00:00
17fbff28fa66bd5d,2026-02-11 14:00:00
25520ff227520089,2026-01-21 23:00:00
15d8ad18d06e0abe,2026-02-03 15:00:00
2aab8cc093f29f67,2026-01-23 21:00:00
e7b4392b4d841e6a,2026-01-29 03:00:00
c78cd54790bd1027,2026-01-17 22:00:00
c61d4e3516315b6d,2026-01-17 21:00:00
016eb0ebb095ec4c,2026-01-28 20:00:00
b38b7e061f2bc75b,2026-01-01 01:00:00
db73dd15c82868f4,2026-01-31 13:00:00
bc8e1dfca2397e47,2026-01-12 13:00:00
1895096478620b88,2026-02-02 02:00:00
9d614f06f434d22a,2026-02-11 13:00:00
93485cb6740d0085,2026-01-19 14:00:00
a2c9bac05cf07e07,2026-02-07 20:00:00
a815542d624621ed,2026-01-01 01:00:00
cb963e715088cbbd,2026-02-05 13:00:00
51102f0373f5d6ca,2026-02-02 18:00:00
e581e3185c1ba3d9,2026-02-03 09:00:00
189121b927762266,2026-01-14 03:00:00
510bf6474627fd48,2026-01-24 13:00:00
496d8fc651875273,2026-02-11 05:00:00
30cc6b67f7d0008e,2026-01-21 15:00:00
5477b7b49b4cbabf,2026-01-02 20:00:00
04639e26596ae460,2026-02-13 12:00:00
8fe5a67a74f3750b,2026-02-02 05:00:00
78cce79c28eb8ee3,2026-02-13 16:00:00
48d0a6942fd06adf,2026-01-14 12:00:00
bece2a4f864eb635,2026-01-18 02:00:00
9b28fab410f7aa7e,2026-02-14 05:00:00
b63273253d6a883c,2026-02-02 12:00:00
93e0e52a4aad4d93,2026-01-15 12:00:00
92f89291a46ea3ac,2026-01-31 08:00:00
6b6e7832c594ec40,2026-01-25 03:00:00
7df830e8e9f1c031,2026-02-05 10:00:00
eaa733bacf046f1d,2026-01-07 07:00:00
2030dd0d8ab076d5,2026-01-18 15:00:00
0ed54d6e5fdc58d3,2026-02-11 15:00:00
2883f4cc7dcd6a67,2026-02-02 16:00:00
d2f5283d2b329189,2026-01-07 00:00:00
7ef1721cee20e17d,2026-01-12 06:00:00
83aabe147933399e,2026-01-06 06:00:00
2a2f944b90e4b72e,2026-01-17 15:00:00
bfd3997e9f615894,2026-02-04 20:00:00
cfb697c3dce7411f,2026-02-11 20:00:00
5613c73544b7c880,2026-02-07 10:00:00
427d127dd38a4f59,2026-01-20 19:00:00
f0c6e15a956545d2,2026-01-02 10:00:00
5b50df064708eb5b,2026-01-04 12:00:00
769c67fdb3971901,2026-01-26 14:00:00
bfa401c0714113dc,2026-01-04 02:00:00
17ec4904e0289b56,2026-02-05 04:00:00
5f16c71688481c4c,2026-02-01 00:00:00
83333b4391a8d072,2026-01-24 20:00:00
f1d6c4e36f6594d5,2026-02-11 02:00:00
cad19c7d7dba5305,2026-01-27 14:00:00
0607666dbe6f2db1,2026-01-30 22:00:00
002275799a54f24a,2026-01-04 23:00:00
170e0a0cb71fcd97,2026-01-09 15:00:00
157e62554cec9684,2026-02-02 03:00:00
7b382d31b71131f8,2026-01-15 11:00:00
f48e2321c2d8fafd,2026-01-04 02:00:00
ee7d44ea928ce279,2026-01-24 16:00:00
d561600d5e91ecba,2026-01-09 02:00:00
03c975b306049f81,2026-02-10 20:00:00
64f0c4d96be2beb2,2026-02-04 05:00:00
57d31aeccc857586,2026-01-26 12:00:00
67626b5c5cc514fc,2026-01-13 09:00:00
2833c17a6e643ce8,2026-01-25 12:00:00
dce3f3872263af88,2026-01-17 09:00:00
b87ff022ac42eb9a,2026-02-01 18:00:00
d02357b2cf593786,2026-02-10 20:00:00
f2679003cdfcc16f,2026-02-02 11:00:00
1a5697759b18b0be,2026-01-22 14:00:00
0288c8c40fb68cd1,2026-02-04 06:00:00
dc98f9d6467e86b9,2026-01-05 09:00:00
c1411781d95600da,2026-01-14 09:00:00
ee08faad8fcb9566,2026-02-04 21:00:00
5f8bd9bd75cb8aab,2026-01-30 07:00:00
1b151cddbe220514,2026-01-03 07:00:00
95e00a43144c3dea,2026-02-10 23:00:00
11de9de771e5512d,2026-01-19 11:00:00
a76e370a68fa8996,2026-02-13 04:00:00
c0df1fb7cf44cbca,2026-01-14 04:00:00
62d102f01d6c8dee,2026-02-04 10:00:00
f8e2d64eda27d278,2026-01-01 12:00:00
23b9aa75f8bdf08d,2026-01-27 17:00:00
fd2bf76b1febac8f,2026-01-18 10:00:00
dcdabaf39eb2dc05,2026-01-06 11:00:00
2f395a10560bb780,2026-01-13 00:00:00
09b87ee3fd648f8d,2026-02-08 21:00:00
f865892a63e562d8,2026-01-17 06:00:00
13fc99652b6e2699,2026-01-11 02:00:00
742df5a6d1ac3f04,2026-01-09 09:00:00
2424b62e10a5a553,2026-01-19 10:00:00
cfbe12dfe0654567,2026-01-03 03:00:00
716bc99c41e4360b,2026-02-14 01:00:00
82c2df328fa94356,2026-01-27 03:00:00
dd3570ff65f59d4b,2026-02-14 15:00:00
d6dfe7e59b068de4,2026-01-21 03:00:00
0150db65cb60e20a,2026-01-30 22:00:00
59f946a3da783fc3,2026-02-06 11:00:00
165de56a15f8a8b1,2026-01-06 16:00:00
012d07f5aa0e70b5,2026-01-11 11:00:00
38a8670b895a8553,2026-01-04 17:00:00
8aaad1be52614ed1,2026-02-07 08:00:00
d4bffde0db2344bc,2026-01-11 00:00:00
f5359087244ff858,2026-01-13 21:00:00
d96d46377cf2ceec,2026-01-03 16:00:00
ec7d04ddb9b0e63b,2026-01-21 02:00:00
97c4f9345d3890fd,2026-01-30 00:00:00
0dd257ee547be0ad,2026-01-31 10:00:00
98e7f5bd29185d8b,2026-01-01 00:00:00
d2f09a1996a71aec,2026-01-05 03:00:00
d8c77f75ef2e1c3d,2026-02-09 04:00:00
2d4ce2c3de3ef4d2,2026-02-08 04:00:00
2e45eafffbbf3f5f,2026-01-15 00:00:00
889674be4f4001fa,2026-01-10 12:00:00
d682eeac60647e2a,2026-02-05 13:00:00
518c65221790ac57,2026-01-23 14:00:00
291b526f3f6cfa57,2026-01-27 17:00:00
214170bf5bf3a94f,2026-02-13 04:00:00
dbb8ed587bd589ea,2026-01-02 07:00:00
62bb56ad5d22381f,2026-01-12 09:00:00
1de874294e8d5098,2026-01-04 09:00:00
541204cc16fa5776,2026-02-10 07:00:00
dba1e76ecfc61c0a,2026-02-04 08:00:00
1845e2087e765f84,2026-01-02 00:00:00
60130f54fa3c4995,2026-01-17 01:00:00
d9aa214164996e0f,2026-01-14 02:00:00
f590abf47a21dd0e,2026-02-01 16:00:00
546a764a61808bad,2026-01-06 15:00:00
41dc3ed5ef4d0a6e,2026-01-15 17:00:00
10f677a54900f78f,2026-01-24 18:00:00
1739e4bf67d4d73c,2026-02-13 01:00:00
3e8fac186a7f1479,2026-01-03 09:00:00
94d6630c1b132268,2026-01-05 17:00:00
7e6a26f7ede44693,2026-01-30 12:00:00
02d1d2c79174ad0e,2026-02-08 07:00:00
7889c6198b6cc145,2026-01-05 09:00:00
39b07aebc5bc4c83,2026-02-13 22:00:00
f7b12c409a94491a,2026-01-30 03:00:00
ce0966589c6a0845,2026-01-23 14:00:00
857878778b2df0b9,2026-01-21 22:00:00
27fe87eef6c63c00,2026-01-31 12:00:00
5c99b9216a178791,2026-01-26 06:00:00
0f77a5e997c09b7b,2026-01-10 23:00:00
1ab0d0c27b673878,2026-02-08 12:00:00
4104bcafe81dfc57,2026-02-13 21:00:00
53d2c440af90aa78,2026-02-09 13:00:00
b7e8857933f1da8d,2026-01-05 16:00:00
d37ea1fd02c2ab41,2026-01-19 09:00:00
38dd708d8cd4bfde,2026-01-19 12:00:00
7db9c47f29a7fbde,2026-02-02 04:00:00
f9c098b1910b3f21,2026-02-02 03:00:00
4a7006b40af25aa3,2026-02-01 10:00:00
0a48a6b4615a4854,2026-02-04 13:00:00
6d7db86eb6919be8,2026-01-05 11:00:00
51938aacd58c6b87,2026-02-06 07:00:00
7fc6dd16398f011e,2026-01-30 23:00:00
5fb806156c0de169,2026-01-17 03:00:00
9e9c651ac4a98a88,2026-01-07 10:00:00
e975b53b7ca6f990,2026-01-16 22:00:00
d3603110ef812cf8,2026-01-19 00:00:00
535a934bd100d882,2026-02-12 10:00:00
240998fba12a0420,2026-01-09 08:00:00
cce56b9bdd657272,2026-01-26 08:00:00
f83c15ad1e495039,2026-01-17 01:00:00
29c504cadd1720c3,2026-01-11 07:00:00
bc28f11981492c70,2026-01-05 03:00:00
f9c675c9492429ea,2026-02-02 01:00:00
4ac5fa299b4d1fcb,2026-01-01 01:00:00
e2c2fd7578a50242,2026-01-06 16:00:00
9e98e4acc1006fb2,2026-01-09 08:00:00
bf279ce34b5d9f7a,2026-02-08 05:00:00
c6652ca46541eaed,2026-02-12 20:00:00
a824126c7acd8692,2026-01-06 05:00:00
8caa44ebba36c051,2026-01-11 03:00:00
f5c31c6d5c1a2a35,2026-01-21 11:00:00
7ba678d2fe87457e,2026-02-03 06:00:00
e55ee75e19a64c4f,2026-01-15 20:00:00
32819f1d8bd5afe3,2026-02-07 16:00:00
5ae0be3b23711794,2026-01-04 00:00:00
d7414f978b250ba0,2026-02-01 03:00:00
60c2f78fe43bbcbb,2026-02-02 00:00:00
61a73a9a95c51400,2026-01-01 12:00:00
ac5d90bfe07b9ce6,2026-01-10 20:00:00
d0bc975b7c9a63ce,2026-01-11 17:00:00
190763390963046c,2026-02-01 13:00:00
76dc23a1ec8d453d,2026-01-11 10:00:00
071f5808403b6f1c,2026-01-31 02:00:00
a64170922e3ef4f2,2026-01-08 04:00:00
cf5d04816a197d4d,2026-01-26 17:00:00
8de40b5a144cd8cb,2026-01-09 20:00:00
18e1ef7128ba1c6e,2026-01-14 22:00:00
6292fa88f14597e8,2026-01-06 14:00:00
4d3e67d83387b28d,2026-01-06 09:00:00
dee2a055dc84916a,2026-01-02 13:00:00
15d80896f9b47d26,2026-01-03 08:00:00
850f61637ac5338a,2026-01-28 09:00:00
c8047c6446ff9d19,2026-01-16 00:00:00
890eb6ddd23aff1d,2026-01-17 12:00:00
cd32732ec4f944bb,2026-01-29 09:00:00
3c9d2a0dffc0ebd4,2026-01-27 22:00:00
cd2d852cb5d7f59b,2026-01-09 18:00:00
069c3ee5f7208adb,2026-02-06 23:00:00
6f4d8f10b4565b5b,2026-01-09 03:00:00
62dc85eea3fff77e,2026-02-06 01:00:00
296007392c4fa7a7,2026-01-03 01:00:00
29ea3fc5a8bd81f9,2026-02-08 04:00:00
73919817261e8b7b,2026-01-31 09:00:00
1f45b1e2ce3b61e0,2026-02-11 10:00:00
8c9993294c0ce6c7,2026-01-21 13:00:00
f8aa4cadff98fef8,2026-01-28 09:00:00
3f9eff1aa2802c82,2026-01-29 12:00:00
20bcd73b65e74840,2026-01-23 14:00:00
c9254d903375a19d,2026-01-29 07:00:00
42b13d175cc7571b,2026-01-04 12:00:00
e05f96a0e6a1ab35,2026-02-12 21:00:00
e25ca1e3bd7d815b,2026-02-13 23:00:00
c1f80021dd72ad24,2026-01-27 08:00:00
2d3385b6d7deb178,2026-01-20 13:00:00
f0192a0e01c898f0,2026-01-16 22:00:00
5a76e0970d7497b5,2026-01-25 07:00:00
98472d891ec9394e,2026-01-05 23:00:00
480a496d9e183268,2026-01-25 11:00:00
bbac3ed149c5979a,2026-01-29 23:00:00
dc9edd62916d9e28,2026-01-16 13:00:00
488eaf96b44ee1d7,2026-01-28 19:00:00
b1db0b204dced447,2026-01-18 18:00:00
9a25a0768d695ebd,2026-02-09 22:00:00
439ad28689829465,2026-01-07 19:00:00
13a8f84bd0025e34,2026-01-08 15:00:00
428a59df235d731d,2026-02-01 11:00:00
97f88fef45ecbd9a,2026-01-03 21:00:00
124b72d01c0124f1,2026-01-01 04:00:00
586ed2d6a90579e9,2026-01-11 16:00:00
d9171954379a30dd,2026-02-09 00:00:00
830dc757373f0ef9,2026-02-05 14:00:00
93775d9b2f53efeb,2026-01-03 00:00:00
1ad8580e0911c5ec,2026-01-16 02:00:00
2fc5ed7286047b0e,2026-01-17 12:00:00
d67e8dcb07dda8a8,2026-01-04 14:00:00
c5b778211c489769,2026-02-05 14:00:00
96b7f0d697e571fa,2026-01-21 05:00:00
7ea179bb05222053,2026-01-21 23:00:00
6ec872aa3b83ea83,2026-01-21 21:00:00
c861ce56caa746cc,2026-01-13 07:00:00
dda729b80c1f110a,2026-01-27 08:00:00
31ff99fa99b430c8,2026-02-05 16:00:00
adcc3a07978911af,2026-01-27 17:00:00
b91f00c75954c1e2,2026-01-28 13:00:00
d730c4d60e1c224c,2026-01-01 08:00:00
cd217e21361b94f7,2026-01-26 03:00:00
73b2b0885703e13e,2026-02-08 08:00:00
74086015dfcbd51b,2026-02-14 00:00:00
d68e76a8bde03ee1,2026-01-19 14:00:00
aa0cbf982ff7e652,2026-01-25 15:00:00
05cbf28219a0d31d,2026-01-15 18:00:00
f0fbe57e95e06d02,2026-01-01 01:00:00
8eb8bac8250225fc,2026-01-31 00:00:00
4d73bb9e5a546b00,2026-02-09 16:00:00
966b771b9b946bb7,2026-01-23 15:00:00
3214508acc7e1d11,2026-01-02 04:00:00
121d642b95cc1253,2026-02-07 00:00:00
e4b732eb31c639f4,2026-01-30 15:00:00
f0f441b67c3bdfbe,2026-01-29 14:00:00
5120ecfcac43e12f,2026-01-16 06:00:00
239b1c9d069a9485,2026-01-20 03:00:00
b20a0707c4f47bdc,2026-01-20 16:00:00
090ac33e99c02f52,2026-01-20 18:00:00
ccd59ca06bc72e60,2026-02-05 11:00:00
22e60fed89ed6d08,2026-01-12 18:00:00
61fb73278dd48bca,2026-01-29 08:00:00
ca4cbf01f237b36b,2026-01-24 11:00:00
b97f0a4d94aa5a12,2026-01-22 14:00:00
42176945fa8da402,2026-02-11 21:00:00
6c654e79898f03d7,2026-02-07 06:00:00
c0509ba7ff2bb5c8,2026-02-12 18:00:00
77ac5aee7325293e,2026-01-28 00:00:00
bc531d5a3a4600f3,2026-01-21 10:00:00
d5c1443df5db0f3b,2026-02-03 00:00:00
51905372d0928cb3,2026-01-27 18:00:00
19d678a4044e3c63,2026-02-13 17:00:00
e74f45648c20195c,2026-01-20 04:00:00
d5d04578dfb774d9,2026-01-18 07:00:00
9d6c5b4b1e8ac65f,2026-02-14 18:00:00
7e177354cca7e6d0,2026-02-02 13:00:00
8b0f920430dad68d,2026-01-11 14:00:00
831e2fe3c0fc2921,2026-01-12 21:00:00
a5049b7f58be60ec,2026-02-03 15:00:00
50e1ac1725453d8b,2026-01-02 01:00:00
78e849e97bd99e08,2026-02-13 06:00:00
502fea050fec92c1,2026-01-31 07:00:00
2692ddc24392541c,2026-01-06 11:00:00
378a93d84a2af03b,2026-01-11 01:00:00
1e67fa24fcc4cef8,2026-01-24 09:00:00
2c2d5ded8e020788,2026-01-15 01:00:00
87c75ab55b683ea2,2026-02-11 22:00:00
f4f1ae5cbc30d4f8,2026-01-01 02:00:00
224d75d595d96692,2026-01-22 10:00:00
60bb02d74c16225c,2026-01-29 23:00:00
0564a2de5e20a606,2026-02-12 16:00:00
ac6f9b15612535a6,2026-01-05 15:00:00
18eb7f19fe4d53d1,2026-02-10 16:00:00
142d2130ade69954,2026-01-10 02:00:00
17170fa215f8c8f7,2026-01-10 01:00:00
54dd50c1a75a5aa4,2026-01-05 21:00:00
b6e08e88616d5f43,2026-01-27 19:00:00
44b43f0373bc92b9,2026-02-04 02:00:00
0d77c426d5ca8690,2026-01-10 05:00:00
a026ee5e533a1160,2026-01-14 18:00:00
3ff91cbf664f1fc2,2026-01-27 13:00:00
655341e98fac36b7,2026-01-02 05:00:00
0bb286fda541ae93,2026-01-26 17:00:00
9f1f2ead8b6f6f18,2026-02-13 12:00:00
39d71e0365e99340,2026-01-22 21:00:00
749ca4582a975587,2026-01-10 05:00:00
8dff7af2ff07271c,2026-01-09 09:00:00
61cbb652f78a6ea3,2026-01-02 13:00:00
eb729012dbb902d3,2026-01-24 00:00:00
1a60af5156a38a04,2026-01-06 17:00:00
0e814210cf815b50,2026-02-02 02:00:00
1bfefffe87450fe1,2026-01-21 16:00:00
2957cdb301820f3d,2026-02-06 00:00:00
19223d39364e4696,2026-01-14 02:00:00
0933d372082fde09,2026-02-11 19:00:00
2dabed32ae3114c4,2026-01-25 14:00:00
f14e4c8897ccb16b,2026-02-05 00:00:00
084c2ab03653dedd,2026-02-14 17:00:00
09c5d695d09a21bd,2026-01-19 19:00:00
65597b4db55727b2,2026-02-04 06:00:00
1376f6b3b1beee06,2026-01-29 22:00:00
ca829121c4d45e88,2026-01-16 15:00:00
ad6354d3f796f140,2026-01-24 09:00:00
a4948468b4959a43,2026-01-28 13:00:00
cc0c286db6802cde,2026-02-04 19:00:00
2099c852ed915079,2026-01-18 18:00:00
4631222033a975e6,2026-01-14 08:00:00
1b11ca5a2bbb15c0,2026-02-14 21:00:00
a5204d64a2921f55,2026-01-04 19:00:00
db61cdc566069476,2026-01-26 00:00:00
15325bd3d619b48e,2026-01-01 19:00:00
2d100751888910fe,2026-01-16 01:00:00
dc6247c2f0c256dc,2026-02-01 06:00:00
87b4738c57d8eb32,2026-01-06 17:00:00
8f47fb03ffdb385c,2026-01-28 18:00:00
c75fb14de7920bec,2026-02-05 03:00:00
bc76da1a120e2bee,2026-01-23 18:00:00
bdfa061b63ee1343,2026-02-12 14:00:00
d9aebc4d7c3237f4,2026-01-24 22:00:00
ee00bdf91880c025,2026-02-02 11:00:00
8a7c8b517c4d8500,2026-01-29 00:00:00
fb48be05eb19126a,2026-02-04 05:00:00
8d9e48a802c97d82,2026-02-03 01:00:00
b65144a31ddcd368,2026-02-10 11:00:00
5005a6e1333e67cc,2026-01-20 15:00:00
037d1f888f34ffb8,2026-02-13 17:00:00
a0a13815a1ddd925,2026-01-13 16:00:00
b9175432244eafb8,2026-01-06 10:00:00
a8e95b2668ec84d8,2026-01-17 19:00:00
3bc4128348d96a7d,2026-02-05 23:00:00
5d6c87d8882d6ce0,2026-01-01 07:00:00
93cf280d6b0d5e90,2026-01-21 17:00:00
d7bca538ffedb198,2026-01-04 06:00:00
2673a6d489a75fa0,2026-01-27 09:00:00
0d84fac5442657e4,2026-02-03 04:00:00
e289a28df311e692,2026-01-26 20:00:00
37f2b51415c84063,2026-01-08 12:00:00
5752b1f0764c1390,2026-01-30 17:00:00
bbf00f32ee3a55a4,2026-02-07 12:00:00
fffea43daca92f50,2026-01-26 16:00:00
d5f7e09861b25d5f,2026-02-06 22:00:00
82b3dba693b562c3,2026-01-14 12:00:00
7423c0dca2f38679,2026-01-18 03:00:00
71d4343f4c6eaf20,2026-01-23 12:00:00
409e87633cc5f8a1,2026-02-10 20:00:00
aaaa0517bf46a1cd,2026-02-03 19:00:00
2bf1da2887c5b502,2026-02-03 12:00:00
e3775b9c2997c130,2026-01-22 22:00:00
f9052471a46aefaa,2026-01-23 05:00:00
0629239e56ec411d,2026-02-03 06:00:00
41476e8b92ef6205,2026-01-01 22:00:00
c00fea808401982d,2026-02-02 15:00:00
043772ef197e0a65,2026-01-09 07:00:00
f15c93fe06e32de6,2026-01-09 23:00:00
5bd5f1a45ab9b4d5,2026-01-30 10:00:00
683ed6806fea935d,2026-01-18 20:00:00
fd3b15e83a52e372,2026-01-10 14:00:00
3cd2f624f2b0723f,2026-01-29 05:00:00
723bfaa471153265,2026-02-14 16:00:00
36c5a98f718810f8,2026-01-15 21:00:00
63ecca746ce3fc1a,2026-01-29 06:00:00
24bab983514f927e,2026-01-21 21:00:00
e174f51a4d9aa297,2026-02-08 23:00:00
ef48f722cf11a9a2,2026-02-02 10:00:00
6feba61728330a77,2026-02-06 10:00:00
9d6ff326eabc0e19,2026-02-08 11:00:00
6aa08c3f78b2cc2f,2026-01-11 17:00:00
c8d782a269d64307,2026-02-11 00:00:00
c2749fc078bb1f51,2026-01-15 19:00:00
e7deefc2618603b7,2026-01-21 18:00:00
7fa38fd3c3a85b56,2026-02-10 19:00:00
bdaa87735f1d0f3c,2026-02-03 11:00:00
ec354c86f5867bd6,2026-01-22 14:00:00
a390799025f75653,2026-01-09 02:00:00
67845d6bf9a07b9f,2026-01-23 00:00:00
cc9f2c6c773c219d,2026-01-30 03:00:00
298d429eaadbe071,2026-02-02 00:00:00
1d9aa67d79849d09,2026-02-14 15:00:00
02c425b5b1b4a5d7,2026-02-07 09:00:00
4e3cb943bab054bd,2026-01-14 11:00:00
9c380d1d4f045dff,2026-02-04 02:00:00
b2b0247b13895573,2026-01-24 07:00:00
24f052a3b912cf7a,2026-02-03 09:00:00
dfb0c84d8806cfab,2026-01-05 17:00:00
3961eee42567a5c5,2026-01-31 17:00:00
a49d0f7e9b0963d4,2026-01-28 07:00:00
ec56dfb9af8025c7,2026-01-12 04:00:00
2798f57e12607f67,2026-01-06 17:00:00
26eecebd87e63e1a,2026-02-04 16:00:00
72a921586e166440,2026-02-06 10:00:00
37b7093f99790654,2026-01-22 07:00:00
b3b7912ef017dd9f,2026-01-14 08:00:00
c153b389d89b15a7,2026-01-26 02:00:00
962a3d07be5abc17,2026-01-30 11:00:00
063f425e7a279194,2026-01-22 09:00:00
8b16a318004ee30f,2026-01-15 04:00:00
41aae1a4e65cffa7,2026-01-05 05:00:00
6c5b85fb832f881f,2026-02-02 12:00:00
4d44e2314872cf59,2026-01-05 02:00:00
4940624333462f93,2026-01-12 20:00:00
b20cb9154e418d8c,2026-02-05 06:00:00
e5f8d5b76243102d,2026-01-12 22:00:00
688e8d020662a0b9,2026-01-09 09:00:00
92bcaeb501c9afce,2026-01-08 00:00:00
0f8915fecd353140,2026-01-06 12:00:00
b5cbcef57e7cecb7,2026-01-28 14:00:00
478b8d111a9399cf,2026-01-28 20:00:00
74df0847156445a1,2026-02-10 06:00:00
858985646ed40169,2026-02-02 13:00:00
693a37ef9f482087,2026-01-22 10:00:00
c327bb8b37bc60c1,2026-01-19 23:00:00
d9ff6a0aec1cdb89,2026-02-11 15:00:00
0ff312d8f4cfa715,2026-01-24 13:00:00
3d935193a433e708,2026-01-09 05:00:00
fd80a132ebc2180b,2026-01-27 03:00:00
25d66376c89d1442,2026-02-11 00:00:00
de6b191b00b32b73,2026-01-04 23:00:00
03cbd9d8c439fab8,2026-02-05 20:00:00
67d223564e5b1741,2026-01-13 22:00:00
64b60fc24e21da70,2026-01-04 01:00:00
43b680334d211d1f,2026-01-04 15:00:00
2f735c79dc4b1f73,2026-01-17 05:00:00
3473612d4d2aa04a,2026-01-15 08:00:00
e703bb040526ef02,2026-02-13 00:00:00
b46195a880119e04,2026-01-23 02:00:00
b0ca7300658b648e,2026-01-06 07:00:00
f4ee7624a98e73bc,2026-01-30 17:00:00
307b543244d52a3b,2026-01-02 05:00:00
7967d6730ba6bb15,2026-02-01 07:00:00
8d75dcc84c15b4b8,2026-02-12 13:00:00
d26c471563a767c1,2026-01-23 20:00:00
37bb295ab2a9a29d,2026-02-12 08:00:00
06d287d068c3edd7,2026-01-04 10:00:00
ce43b2090dee4737,2026-01-23 08:00:00
58362fcc2d2ca453,2026-01-20 14:00:00
0fdd78b68b83cac2,2026-02-14 23:00:00
37a5909079544753,2026-01-01 21:00:00
742ccb617c8fca51,2026-01-25 23:00:00
bddd8cc279211bf5,2026-01-15 21:00:00
075f00fd5babc74a,2026-02-14 15:00:00
7511c23fe81ca82d,2026-01-02 01:00:00
67057be259a015eb,2026-01-03 18:00:00
6f15cccb7b1c7a5a,2026-01-21 02:00:00
45877bc78f54836e,2026-01-09 05:00:00
fb78145217b31f89,2026-02-09 04:00:00
834812cbe3e38d18,2026-01-23 13:00:00
2d1572cdac5131ba,2026-02-03 14:00:00
be111153e73f4c9a,2026-01-10 00:00:00
8999a87e20d60c47,2026-01-18 14:00:00
d4a5507cb90a43e5,2026-02-05 18:00:00
0469043d78c81bd8,2026-01-24 09:00:00
a82a7715d32590aa,2026-02-08 16:00:00
e77b180bdf384b6e,2026-01-20 08:00:00
6859eafe9bdf4bb9,2026-02-04 08:00:00
980ad4760df6e65c,2026-01-31 19:00:00
105c76f153d4efaa,2026-01-10 20:00:00
cebdd1f4a91dfb1f,2026-01-16 05:00:00
db125fb13ef1db11,2026-02-04 19:00:00
9bf0bcf20bd91d34,2026-01-09 23:00:00
856ddfbd01cbd597,2026-01-09 19:00:00
4a8b43251b151cf7,2026-01-28 23:00:00
b32dce2bdc274b4d,2026-01-22 13:00:00
5df65ac4bd52185b,2026-01-02 03:00:00
4a7fcf4fb3d2caaa,2026-02-01 09:00:00
15a942baf0574a48,2026-01-26 07:00:00
1fd947a3cadaf88e,2026-01-04 01:00:00
5cb9c80e463025f0,2026-01-13 07:00:00
d4186100ffa5cf85,2026-01-24 17:00:00
bbac5b233680de83,2026-01-10 00:00:00
12a09a5adde75ecf,2026-02-09 09:00:00
a4f25ad75f15e42a,2026-02-08 18:00:00
2e7fef502709b321,2026-01-28 05:00:00
ef784f6bd5830010,2026-02-02 08:00:00
8899bd74d39ea521,2026-02-12 17:00:00
a2493f23c5ef1be7,2026-01-11 20:00:00
b90357f4089c5f35,2026-01-08 03:00:00
1145f3d54bd47f48,2026-02-01 15:00:00
8bfc9557213f8c6e,2026-01-27 18:00:00
cda6dceac44c27c2,2026-01-03 12:00:00
b368ec140b9ece28,2026-01-05 19:00:00
70ee99e838dc1480,2026-01-16 21:00:00
02cb65dc44520df1,2026-02-14 18:00:00
d6643ad335537453,2026-01-20 01:00:00
84a7d9e13f2ed232,2026-01-10 03:00:00
54f631bc804bc84f,2026-02-08 23:00:00
21b29a230693ba57,2026-01-06 10:00:00
4a895b8b6a2fbb48,2026-01-26 13:00:00
7fac493ae4f39435,2026-01-03 10:00:00
b6404d85543562cf,2026-01-08 02:00:00
de7b248ce3863175,2026-01-27 16:00:00
58af366f0ae4274d,2026-01-05 20:00:00
a71ce659efed06b4,2026-02-02 23:00:00
ad0d2fca2cd1e4ff,2026-02-10 17:00:00
ca8180b762ac6f0d,2026-02-04 20:00:00
852640560d2fa16b,2026-02-10 17:00:00
6d40d4d1b16b6639,2026-01-31 09:00:00
0237e94b9d67d1d7,2026-01-04 12:00:00
45f26efe07fb5b34,2026-02-04 03:00:00
6b1d4714f5fde7df,2026-01-20 18:00:00
d35c111731ee1cd6,2026-01-04 19:00:00
e462c06f87336eae,2026-02-08 20:00:00
be78111c90e232be,2026-02-09 09:00:00
d1323f777c7bb367,2026-01-02 21:00:00
28e26cc7572d8bb3,2026-01-21 12:00:00
7d39fa8112166659,2026-01-13 00:00:00
fc329ede04502b56,2026-01-14 09:00:00
a592c9e6bcdc8597,2026-02-10 15:00:00
72077ad9209f17c8,2026-02-07 15:00:00
8a793e85d0a20a6c,2026-02-14 08:00:00
7b918c6d5a78a6c4,2026-01-04 04:00:00
8611def7848566ea,2026-01-30 04:00:00
e06040baf4b9357f,2026-02-11 08:00:00
98a8772f2cdab59d,2026-01-22 15:00:00
efd4ce098d6e0470,2026-02-10 09:00:00
5ae5c287edf844dd,2026-01-03 02:00:00
cc33f46f8d0552cf,2026-02-04 15:00:00
75a3e6726faea8ba,2026-01-15 06:00:00
6cd63bf72b1d4dd2,2026-02-14 17:00:00
69827e1bd4eb68b8,2026-01-13 09:00:00
f74f1fd804fb93b5,2026-02-11 18:00:00
8c7720fbed1c8d9e,2026-02-08 21:00:00
9e8aa4175c95da54,2026-01-01 05:00:00
212034617bd6ee39,2026-01-14 05:00:00
36cdaf4a8a1a9f46,2026-01-09 13:00:00
f9ccb811188ebb97,2026-01-31 07:00:00
7e4f837ef31374b8,2026-01-28 01:00:00
579817ea7a7afae5,2026-01-06 18:00:00
6041b46aa0d4631d,2026-01-02 14:00:00
9ae6de42cf50bf42,2026-01-20 11:00:00
1e47b36128332a88,2026-02-09 04:00:00
3f7aa43d4d49e309,2026-01-03 15:00:00
e1da19a50b6cfaf8,2026-02-13 14:00:00
ee7195a1082e04f5,2026-01-14 23:00:00
152dff5638ffd291,2026-01-31 00:00:00
9bc2c5492ec16af2,2026-01-10 20:00:00
8ec7718acff7132b,2026-01-05 20:00:00
8d0b6662ee953bcf,2026-01-23 15:00:00
ea4208a2b0ce9099,2026-01-17 22:00:00
d58b0eb2be25b743,2026-01-24 16:00:00
e665b799b4de20bb,2026-01-26 12:00:00
1ec134098b951e95,2026-02-10 17:00:00
6e32cefd2b68b26b,2026-01-21 07:00:00
8ab286853852abf9,2026-01-06 08:00:00
bbaf59483eaa815a,2026-01-16 13:00:00
86ea18b1f5baa555,2026-01-17 11:00:00
8a9d601f29b1da43,2026-01-20 08:00:00
7170e9127092bae0,2026-01-31 18:00:00
98d284d58a10fdb0,2026-01-10 18:00:00
a709fac70c107217,2026-02-10 12:00:00
79707d6fde6621d9,2026-02-06 18:00:00
15467239695906f2,2026-01-15 15:00:00
8acaf2c53b1878eb,2026-01-29 19:00:00
a538b65a1f3775a8,2026-01-05 07:00:00
1d5327ccfccf2f15,2026-02-03 08:00:00
a4d8eec880c87550,2026-01-16 02:00:00
85a3836efa300f32,2026-02-07 18:00:00
96e189377993827e,2026-02-13 23:00:00
5e9e396e5d2729d2,2026-02-13 17:00:00
5b95de28f0610b43,2026-01-27 20:00:00
73e65b45e250dfe8,2026-02-04 20:00:00
29658710f97db20b,2026-01-11 06:00:00
750933dd40b74032,2026-02-14 01:00:00
b72a6dff9d348b9e,2026-02-05 04:00:00
bfd6c79c9f856663,2026-01-03 12:00:00
94572b5778959eea,2026-02-10 21:00:00
0ecc47efe5d4869c,2026-01-06 08:00:00
27cda4121420c5c5,2026-01-14 03:00:00
b34e430bf9d3947a,2026-01-28 14:00:00
367340a281345910,2026-01-27 14:00:00
2249e18f16c7dcae,2026-02-05 16:00:00
ea7d04ee64622fd2,2026-02-05 11:00:00
20b0d62c37ed52b9,2026-01-30 16:00:00
fb89c613d5edc4c9,2026-01-21 06:00:00
fe4338e2b1ba541c,2026-01-19 15:00:00
5196afe9c0b14a06,2026-01-23 02:00:00
f340ed7052c40591,2026-01-16 06:00:00
2530831ec75babf8,2026-01-22 21:00:00
21f5498a61580e3d,2026-01-19 03:00:00
afe42d763bab7f00,2026-01-18 00:00:00
9445350f0e8ac21d,2026-02-10 06:00:00
848ed0b8f6657074,2026-02-03 17:00:00
9c8526b33dcaff26,2026-01-20 01:00:00
2519f5ac26b25699,2026-01-12 17:00:00
3f83ecfa4a28ca23,2026-01-06 15:00:00
565c6f9cd325cfb8,2026-01-17 05:00:00
f4ea2f1f643327d9,2026-01-10 06:00:00
2592248611ee3a49,2026-01-25 15:00:00
b760dbc6efb09a07,2026-01-06 11:00:00
f9fd7fbf3b44d07e,2026-01-24 20:00:00
ca74ef87bc860072,2026-01-16 07:00:00
6e8356f11716c986,2026-01-15 02:00:00
9577177aedd18bc9,2026-01-31 11:00:00
7b821b8341c4d3b9,2026-01-01 05:00:00
991212cf4c535457,2026-02-02 15:00:00
022e5b11150d6632,2026-01-22 22:00:00
3c33b6e0a9fb04fe,2026-01-08 16:00:00
666d0397bc7cb2f9,2026-01-11 20:00:00
dd5ca3baebfa4ae3,2026-01-02 12:00:00
605c05bb848b4b8f,2026-01-08 07:00:00
4574eb688ef8daf7,2026-02-03 19:00:00
73e090b7cd11e7cf,2026-01-19 00:00:00
bbe83a6cd4367310,2026-01-05 14:00:00
7ff7cd989a4e2a4b,2026-01-26 12:00:00
3ee35e632603a496,2026-01-23 03:00:00
f9d14d3d89f5ab1c,2026-01-20 09:00:00
285ceda234bcde20,2026-01-01 05:00:00
cfaa1bbf67176f09,2026-01-30 20:00:00
643a454380818add,2026-01-17 23:00:00
ec118d2b47dbc332,2026-01-20 12:00:00
65cf63a640850d0c,2026-01-27 09:00:00
41084cee90947fa9,2026-01-08 21:00:00
a6a7bf5f8a05abeb,2026-01-25 03:00:00
ad33198902b6761f,2026-02-13 11:00:00
06264bbde935c731,2026-01-21 08:00:00
940a2b7499513b72,2026-01-15 09:00:00
aa3a18422e82dd91,2026-01-16 15:00:00
fafabe75e1fd7435,2026-01-28 03:00:00
0504a4c04c792a36,2026-01-05 15:00:00
462385aaf8db8e62,2026-02-09 07:00:00
723819e563877ed5,2026-01-07 01:00:00
f7e9f3e30c5fbb96,2026-01-22 03:00:00
bf921712695a3f89,2026-01-05 02:00:00
04258a0f166c31b6,2026-01-22 22:00:00
173a06bc71273884,2026-01-05 00:00:00
db6c629b4edeac60,2026-01-26 17:00:00
74f7eb3f50c58f85,2026-01-14 05:00:00
5c34269972731086,2026-01-06 05:00:00
378a693b09515ea2,2026-02-12 22:00:00
96585a57466c000f,2026-01-21 00:00:00
a2576aed7c076b9f,2026-01-13 13:00:00
3c8418d54c1edcfe,2026-01-05 11:00:00
d0be589960f1ae4a,2026-02-12 19:00:00
f5c1495bced3185c,2026-01-12 16:00:00
585524eeac85c00e,2026-01-05 20:00:00
bd2bf78893e972c2,2026-01-27 19:00:00
2388b058efb4138f,2026-02-07 16:00:00
39b356645d7e2892,2026-01-07 16:00:00
8fde488207b54f77,2026-02-13 01:00:00
46ad4d8c446581a0,2026-01-21 18:00:00
4db5dc1fdbfe89d7,2026-01-28 15:00:00
2ca2bf1c352ec81f,2026-01-23 09:00:00
6a743cf76953f534,2026-01-08 23:00:00
aa56ee21dc33deb4,2026-02-03 14:00:00
dabe25f8fa45d094,2026-02-03 09:00:00
89061f272f7ead41,2026-01-15 11:00:00
ba4684938f0fc88a,2026-01-02 02:00:00
9203e36ce4536449,2026-02-06 05:00:00
87c083817d19fbd7,2026-01-31 04:00:00
f25521d29dbc0404,2026-01-15 00:00:00
768324a693d6df8f,2026-01-24 19:00:00
88bcc0f8aaf222a0,2026-02-13 03:00:00
b6509430119c8ce3,2026-01-28 19:00:00
54786546020b053e,2026-02-10 18:00:00
ff8a8cb280e55966,2026-01-09 12:00:00
6241ba879c530207,2026-02-01 12:00:00
5a20f140f8aff592,2026-01-27 10:00:00
0ba734e7c01eb143,2026-01-29 10:00:00
da532d435954dbb3,2026-01-01 20:00:00
19666867aefbc7ab,2026-01-15 04:00:00
a84d128bbc0dd45e,2026-01-21 18:00:00
a83b73e326b758c8,2026-02-14 00:00:00
b0ee82b4b8bb5374,2026-01-14 18:00:00
a060d9bf17cee130,2026-02-09 19:00:00
85dbb63bf696e500,2026-01-14 09:00:00
2093378f2d5f5960,2026-01-10 18:00:00
daa0bbf138629391,2026-01-19 06:00:00
0c09f1ddcec9defe,2026-01-18 01:00:00
b9fea2fd1ae6ff6f,2026-01-17 03:00:00
04d62a559489c787,2026-01-30 19:00:00
14b3394860f778de,2026-01-13 03:00:00
d57327c3793a0cf0,2026-02-14 21:00:00
892b30e29eb63987,2026-01-08 12:00:00
76d23bf09e7a9eaa,2026-01-06 08:00:00
b52722afb51d9c54,2026-02-04 08:00:00
b45c4181824986de,2026-02-09 05:00:00
c8d67718b626f309,2026-01-14 21:00:00
95fd9e1cf8cec4d6,2026-01-13 08:00:00
f6bba5b49db9298b,2026-01-01 18:00:00
be09d7b345e40e2c,2026-02-09 05:00:00
d139b403839f2340,2026-02-07 10:00:00
2076953510d1bae8,2026-02-08 15:00:00
b0f035a3b0a3babb,2026-02-09 17:00:00
e48a8223c7852bc6,2026-01-27 23:00:00
143e84b3a7c1c4ec,2026-01-12 20:00:00
64ade8054343389c,2026-01-24 09:00:00
33ca3b56137bb7a5,2026-01-15 17:00:00
3a67aa5bd46cdac7,2026-02-05 00:00:00
67943c3ef19787bb,2026-02-09 15:00:00
1d9550cd9a4e3390,2026-01-02 18:00:00
bb0e5f8b1f6fdfc2,2026-02-03 02:00:00
31bcbac6485f9ea0,2026-01-12 23:00:00
fa8258040a53b82a,2026-02-10 21:00:00
af893faae73628d6,2026-02-09 06:00:00
2c5f6e41a22fa77c,2026-01-07 22:00:00
ee20afba00eb90a6,2026-02-12 18:00:00
50e3a31b3bfe6379,2026-01-10 05:00:00
6660bf137e85e554,2026-02-08 15:00:00
d8a7379f2e25e0bd,2026-01-03 07:00:00
356c07ea6bfe9533,2026-01-29 10:00:00
dd82b307f4a376cf,2026-02-11 22:00:00
7b7d2b5100dd05dd,2026-01-01 21:00:00
c62973f4b344fa3e,2026-01-05 08:00:00
a21d2e88814d5770,2026-02-03 14:00:00
5009af92f351fac0,2026-01-30 13:00:00
9d4be6b751bb34c7,2026-02-14 00:00:00
e806f7a8f5e6b972,2026-02-12 17:00:00
99fe7f4ca9b3e7e5,2026-01-13 15:00:00
f64caa2a659fa717,2026-01-13 00:00:00
11a1db7c9a044e81,2026-01-05 01:00:00
f509814f89e424e9,2026-02-04 20:00:00
48d56f66251a6a86,2026-01-01 15:00:00
55d19d63eb4d4420,2026-02-04 19:00:00
5a090583f8d17535,2026-01-09 17:00:00
5836591b3b0fe43b,2026-01-14 14:00:00
7e4284809511e823,2026-01-19 00:00:00
4312658a079a053e,2026-01-15 07:00:00
4ab19be314fdc4dc,2026-02-12 00:00:00
c7c591371fa0ab86,2026-02-03 02:00:00
064f4ddbb04bb881,2026-01-24 15:00:00
636d195396a32d83,2026-01-16 23:00:00
e02f0d5ee95bf443,2026-01-24 10:00:00
1fab89bb0afd34bc,2026-01-07 14:00:00
d69d58137a53d7e9,2026-01-04 19:00:00
9af7a851f079b3c0,2026-01-05 07:00:00
7ccefd2143ead4a3,2026-01-26 13:00:00
435787a85f3e2896,2026-01-30 14:00:00
f76b75116123e230,2026-01-06 15:00:00
7423d7ecb9881dcd,2026-01-12 22:00:00
4f17a90f05dc1529,2026-01-29 21:00:00
634ce4e8d388f5c7,2026-01-14 22:00:00
e591b73308566eff,2026-01-21 12:00:00
e4841d067ed9429b,2026-01-31 15:00:00
4e0da9081cdb2085,2026-01-29 15:00:00
780bb90fbd90494d,2026-02-05 13:00:00
b28413536c3d2c2a,2026-01-07 20:00:00
7db77e1f4fb62bb2,2026-01-26 01:00:00
5d43066a4b05cd68,2026-01-07 08:00:00
061bdf25db523fc2,2026-01-18 16:00:00
4647d14a933d7e8c,2026-01-07 17:00:00
8e5a0fcf738d5d11,2026-01-27 09:00:00
15aba222f2afd261,2026-01-11 08:00:00
865ddf92e7ef983d,2026-01-01 20:00:00
353b859973435b56,2026-01-11 20:00:00
a5b09ed6b6d95095,2026-01-08 05:00:00
f7ad011e97c5c8f5,2026-02-10 05:00:00
b4914155d4a7e5cb,2026-01-07 03:00:00
fe7f82f0986423f8,2026-01-31 09:00:00
86f72a9402d1d4bc,2026-01-29 16:00:00
65b6ba753e589702,2026-01-30 00:00:00
acb95c7261291c8d,2026-01-16 18:00:00
ac9b2a027646dc89,2026-01-11 16:00:00
b67b93eab855468c,2026-02-03 05:00:00
10bbe4ccee052498,2026-01-17 13:00:00
b1029bc0b5a848a1,2026-01-26 15:00:00
4acf68f2ea0a46f1,2026-02-07 09:00:00
08f25f943548d9ce,2026-01-14 03:00:00
cfcc8080c862895a,2026-01-06 16:00:00
f92e16ba1b846f14,2026-02-02 07:00:00
79fbaf97a3287f69,2026-01-10 11:00:00
19337e286923c27b,2026-01-03 05:00:00
31f1045b838cf433,2026-01-18 12:00:00
44cda2d95a744507,2026-01-26 21:00:00
330ad4092a63fb08,2026-01-18 05:00:00
4761002d3f44c5e7,2026-02-03 04:00:00
d8528c06f7c28e8e,2026-01-16 10:00:00
1471990af8102623,2026-01-21 18:00:00
f1567b270ca505de,2026-01-25 09:00:00
00a559fb392cf757,2026-01-03 06:00:00
c0b7ffbcb3acb990,2026-01-01 09:00:00
b14abfe62123c5ca,2026-01-16 16:00:00
722f013b6dea1b88,2026-01-23 16:00:00
cfd52e06e5883784,2026-01-18 22:00:00
67a644af3284947f,2026-01-04 02:00:00
6f031ac4bce69853,2026-01-12 14:00:00
ef3e264167e03a1a,2026-01-06 13:00:00
5e8c802eaa616ac8,2026-02-14 12:00:00
a1d988afeaab09e7,2026-02-05 12:00:00
3e309c555ced2a42,2026-02-12 19:00:00
94c7f058f5e04103,2026-01-06 09:00:00
93b34e7593eff9dc,2026-02-12 07:00:00
b3953b192d62c9b8,2026-02-02 03:00:00
7040457aef3f2d1d,2026-01-28 06:00:00
1a30002f3192bccf,2026-01-19 13:00:00
c68efccaf76ae336,2026-02-03 10:00:00
2bd6fc50c5906e8f,2026-01-25 12:00:00
77b495519f90b954,2026-01-19 14:00:00
f0502134be8cc139,2026-02-05 18:00:00
067616d8c05a59c2,2026-01-02 19:00:00
a5cf1b401c5412a1,2026-02-11 19:00:00
4b97ec82f719a074,2026-02-03 18:00:00
afa733edb9ece692,2026-01-01 10:00:00
f2074257223bae17,2026-01-02 05:00:00
71b0ea050a989820,2026-01-03 05:00:00
75887e1ecf07199c,2026-02-07 23:00:00
385d35518c14f54f,2026-01-06 21:00:00
2ff2fde1eecbaa8f,2026-01-17 05:00:00
80c8918520036afc,2026-02-13 15:00:00
ff89b4f2d76867fb,2026-01-29 06:00:00
856bd13a8b3db8dc,2026-01-03 13:00:00
f939097fea0f9359,2026-01-03 00:00:00
ecaf5194fad910bb,2026-02-06 23:00:00
5b12f7549a8f02a2,2026-02-06 20:00:00
84282dde7ccdb633,2026-01-03 09:00:00
fa642855be19347a,2026-01-30 09:00:00
70937ef37942b669,2026-01-25 15:00:00
73c5da858097f46a,2026-01-03 13:00:00
4c1a986ee895314e,2026-02-11 16:00:00
44aae16c77ed72ec,2026-01-13 00:00:00
ac4c044b1d66b227,2026-01-21 00:00:00
74f0d6b9cbaf8533,2026-01-18 17:00:00
19996e6ed7ab5ca9,2026-01-25 08:00:00
f0f24d30b0acc5d3,2026-02-05 15:00:00
9916e59cc5e62464,2026-01-10 18:00:00
4ddb2c1554356be2,2026-01-29 11:00:00
4825403db864fc3e,2026-02-13 01:00:00
a06ff439de919a6a,2026-02-13 18:00:00
ac546695b8ca4866,2026-02-10 21:00:00
37b34d94c5e306ab,2026-01-30 17:00:00
c910adbc8178295d,2026-01-31 23:00:00
e75d22146364b53e,2026-01-06 08:00:00
ab1c39172161c2e6,2026-01-02 07:00:00
3556870bbac71538,2026-01-17 20:00:00
fff24eb99992ef9b,2026-01-23 02:00:00
6ce636183911c431,2026-01-16 08:00:00
24431d36f9c9a868,2026-01-20 11:00:00
b35d1caab2c43b1c,2026-01-06 21:00:00
aeb308e4d59ca084,2026-02-13 16:00:00
7a0bb9e5440a6b54,2026-01-05 19:00:00
5567cd96e1abae3d,2026-02-01 03:00:00
f27adb7c88ffccb0,2026-01-17 23:00:00
d4c40aa2153b1964,2026-01-10 10:00:00
259f784e18779bab,2026-01-13 06:00:00
6e9ce74419810f35,2026-01-09 01:00:00
75c51dadbe43422d,2026-01-24 13:00:00
1d68212febb945e6,2026-02-14 08:00:00
a0aaeb0f14115bf3,2026-01-16 10:00:00
f349e90f6eeed005,2026-02-09 17:00:00
e42d81ba5b39f3c8,2026-02-09 03:00:00
b8359f4a146915f7,2026-02-13 04:00:00
33758932eceafdb1,2026-02-14 11:00:00
256becd1e46ce079,2026-01-17 12:00:00
6bf65f7b0ebb6042,2026-01-14 07:00:00
cdb59d82ab929a0b,2026-01-31 07:00:00
cd545c07b1026b80,2026-02-08 16:00:00
3b42337f4298336c,2026-01-13 22:00:00
b30bc96d6d6362a9,2026-02-03 21:00:00
eb8ecb4ea06f9cb9,2026-02-04 18:00:00
792545d9c9a80faf,2026-01-31 17:00:00
8d7dda99a42553d5,2026-01-06 23:00:00
582be1b2891974aa,2026-01-24 10:00:00
ebb60c59eeb5b1e9,2026-02-12 07:00:00
97737784f68ff1e4,2026-01-09 21:00:00
af6960b6c7e3b4d8,2026-01-05 23:00:00
6675dfe3072cf387,2026-01-10 01:00:00
770ee78a4b7ccec8,2026-01-14 02:00:00
3bc8cf8c4997f3e9,2026-01-31 02:00:00
d94391347ff4386c,2026-01-11 10:00:00
3bf0e10d6cda73c1,2026-01-28 04:00:00
d0bb6b1a9cf5934d,2026-01-06 12:00:00
82936b5d042c7704,2026-01-23 08:00:00
2b0d4ebb1d7062ae,2026-01-29 13:00:00
3091f92ad02e6a66,2026-01-08 12:00:00
f42f2425bbe3ed6a,2026-02-04 16:00:00
eff424c27ae6ab21,2026-02-01 07:00:00
ecd1bd4e5bc0f1b9,2026-01-17 13:00:00
4efac2cf3e8c2cd3,2026-01-22 17:00:00
60813418191724eb,2026-01-10 09:00:00
6d0b4d72126db97b,2026-02-10 12:00:00
3e53a57a749e0a02,2026-02-02 01:00:00
5927a88c594d4c1f,2026-01-04 17:00:00
20f3e0bf223fec54,2026-01-12 18:00:00
e587eb47585548d3,2026-02-10 01:00:00
fb16c3efa6e726a5,2026-01-19 10:00:00
07502726b3cbb6b3,2026-01-12 06:00:00
f682db7633bcf672,2026-01-25 14:00:00
43d9c5d6570e0fc2,2026-01-11 10:00:00
9846a8a710596356,2026-01-16 22:00:00
a3e6ed7ae4950b64,2026-02-10 10:00:00
6ce7c74c06014a65,2026-01-31 11:00:00
5a6a079d188df391,2026-01-19 19:00:00
5becc52b29053952,2026-01-20 00:00:00
03c653ac2b85b529,2026-01-20 04:00:00
c116d4462e9e9207,2026-01-16 13:00:00
989093b8fd88a78c,2026-02-07 05:00:00
6dc03c62e87dc6e4,2026-01-16 09:00:00
2377313d705f18f4,2026-01-15 16:00:00
89f208ea63fc4dcf,2026-02-14 18:00:00
0507c4a11db7130f,2026-01-02 05:00:00
f39edaa6be4c2d71,2026-01-31 12:00:00
89b0614112a5f597,2026-02-07 20:00:00
d44751829b6421e0,2026-02-12 10:00:00
b44340898768060d,2026-01-31 19:00:00
251b2b29641f9f42,2026-02-12 20:00:00
24813cc74e7d5f05,2026-02-13 19:00:00
a8ce4cf616e34a75,2026-01-20 18:00:00
8abe62c092fb960c,2026-01-01 15:00:00
fcdbaff9c1d6bfa0,2026-02-13 02:00:00
30754a5d145591a2,2026-02-04 02:00:00
66e6fb2ed1ca18b8,2026-02-06 13:00:00
a646dc7da7f3a3c7,2026-01-29 00:00:00
014b18c56b3225d5,2026-01-20 15:00:00
6f6ec52deff05fb5,2026-01-01 04:00:00
2324c8a566b36f51,2026-01-17 17:00:00
2d7556845ba3cc0d,2026-01-16 04:00:00
5e0883ece56b0a8b,2026-01-30 17:00:00
06439ee43bd318d8,2026-01-24 07:00:00
1a496987cc3b2fd5,2026-01-05 15:00:00
57cf7d0096f043c1,2026-01-04 19:00:00
6803ea9d1a84e66d,2026-02-04 22:00:00
b177e2e4b9b3db24,2026-01-07 21:00:00
2dc27d8e2b6e92de,2026-02-06 03:00:00
052cc491a101a365,2026-02-08 09:00:00
a70e9aebcea54172,2026-02-01 07:00:00
04de51fe49cc5fa9,2026-02-03 15:00:00
815f92aee4bb3451,2026-01-09 14:00:00
a5ab0a8fc2254245,2026-01-27 03:00:00
8aa5d431f35959e1,2026-01-13 16:00:00
aa06b4073fedf913,2026-01-04 19:00:00
206231050e9b02f4,2026-01-24 18:00:00
38ed5c042273e591,2026-01-26 03:00:00
f550bd28fb394393,2026-01-18 11:00:00
55ff7475b619358f,2026-02-04 14:00:00
56f694ce64eff7a7,2026-01-03 06:00:00
5c486c3fdb9c4df5,2026-01-10 00:00:00
55e231f5e1f83229,2026-01-15 20:00:00
c4259bdfb7bc5f8a,2026-01-14 06:00:00
76785ff891ef8658,2026-02-08 14:00:00
1fdf1c48acde2e2f,2026-02-04 22:00:00
9dad94ecfbca6601,2026-02-12 01:00:00
617a5d1d1ba5991e,2026-02-09 05:00:00
a8c988c345ba2878,2026-01-11 10:00:00
8152a367112919b3,2026-01-10 09:00:00
c2b4b07fa4a89e16,2026-01-12 08:00:00
87fa3e9b7110ced8,2026-01-28 04:00:00
54b5f16e75c00dfe,2026-01-24 13:00:00
2b1b202fc6178369,2026-01-08 13:00:00
a0d55efe61b02401,2026-01-30 21:00:00
6249795f70d51ad7,2026-02-13 18:00:00
de02bd0273b3c1c4,2026-01-21 04:00:00
0f93b3f0891b27d8,2026-01-24 21:00:00
9a42c3c5831216c2,2026-01-14 12:00:00
d7935167b8585166,2026-02-03 15:00:00
67067b8202478189,2026-01-04 06:00:00
803349830979d929,2026-01-02 09:00:00
c8c221c4be18d1a3,2026-01-25 05:00:00
cb2d7eede0ac51a4,2026-01-02 21:00:00
4df53bb53252b838,2026-01-29 06:00:00
52b2c5f3f43224b1,2026-01-19 10:00:00
eb2cf53ec268764d,2026-01-15 00:00:00
13978de416d912c0,2026-01-19 03:00:00
03e58b31226e0080,2026-01-29 02:00:00
db77abad1dd25c9d,2026-02-09 04:00:00
a7d17dcf6f1f6aec,2026-02-13 06:00:00
4c142169f7e8e192,2026-02-01 09:00:00
c0424f2cf42480b5,2026-01-05 05:00:00
56ccf7760b2c100d,2026-01-29 18:00:00
4b33af1cff070243,2026-01-04 08:00:00
fd018c12db8561f0,2026-01-07 12:00:00
71ab9d2915e83e58,2026-02-02 21:00:00
e85e4d2d994dd904,2026-01-19 05:00:00
d1e8f99fe5a1c3da,2026-01-14 17:00:00
4f6114682b60e851,2026-01-28 17:00:00
c3813f2337e8071b,2026-02-03 07:00:00
9b41b99e35e12eeb,2026-02-01 07:00:00
1c0665d899174cec,2026-01-25 13:00:00
4d517c070002660f,2026-01-11 08:00:00
fef447d34083c9ae,2026-01-04 20:00:00
4cedaec3ce734db7,2026-02-14 11:00:00
42b2110f65dfa284,2026-02-07 22:00:00
b95f482449188710,2026-01-12 05:00:00
8f4ba87b49ef6589,2026-02-06 03:00:00
44b94a49b69f7471,2026-01-28 00:00:00
b6f4c5de23d51329,2026-01-31 21:00:00
fe184efc3933387a,2026-02-13 03:00:00
528ce6d0b2b2c9fd,2026-01-20 16:00:00
18c70f1bc02ba443,2026-02-07 08:00:00
b12166dfece2ee43,2026-01-22 08:00:00
5311c3edb08bbc17,2026-01-04 04:00:00
64fc894d61b1b6bd,2026-01-12 18:00:00
ed38f99ebc4d05df,2026-01-06 18:00:00
c2edbf5cf471bd8b,2026-01-22 04:00:00
cbac5ab5148f591c,2026-01-23 01:00:00
a4ac58be7fe7541c,2026-02-08 10:00:00
824974d53972d80d,2026-01-24 00:00:00
c34e7913acc8f2fa,2026-01-25 06:00:00
2c328a94a68d8e10,2026-02-08 07:00:00
17a65be2d2f23b08,2026-02-02 06:00:00
3f13a2881f6530b3,2026-01-01 10:00:00
063a0e879202baae,2026-01-22 16:00:00
b08e68b9f22c5729,2026-02-09 14:00:00
a973bfa769f65b02,2026-02-06 21:00:00
230e1e9e88646390,2026-01-19 20:00:00
57e3357a432ab5cb,2026-02-13 08:00:00
9673bd9aefa4ddd1,2026-02-05 17:00:00
594e4a27650d2305,2026-01-27 23:00:00
846f02afc1b88d3c,2026-01-10 21:00:00
b2d8c345133f5a08,2026-02-11 06:00:00
f0217b7c9774fab0,2026-01-17 23:00:00
0dad754bdb70d233,2026-02-10 01:00:00
75f0764cb8441d26,2026-01-08 17:00:00
6224026f52cd09de,2026-01-10 07:00:00
da169374e770fa30,2026-01-03 12:00:00
e28a6b760af05af9,2026-02-11 14:00:00
bda7b270c7b80781,2026-01-15 10:00:00
43278828c3d5d1dd,2026-01-19 10:00:00
0e4fc1b3ec7f2f7d,2026-01-18 10:00:00
344c3fd776e27a71,2026-01-28 10:00:00
6b350543257af9e6,2026-01-31 03:00:00
b4cde475646a81cb,2026-01-25 23:00:00
f6c91a56dd856c3c,2026-01-22 02:00:00
42539f978f01dcf8,2026-01-31 10:00:00
313383b0e744b53e,2026-01-25 22:00:00
ea0fe8f65ee27021,2026-01-14 02:00:00
3897cc5b5538511e,2026-01-16 09:00:00
fef58ec65c39d3ea,2026-01-19 03:00:00
14ac3a4de7aa32bb,2026-01-21 10:00:00
9fda40261ce4c6e4,2026-02-07 17:00:00
d0f29367afb8e5ba,2026-01-03 20:00:00
c07e75c102a425f4,2026-01-06 19:00:00
c168209b404a2485,2026-01-12 04:00:00
b2808cb931654d6d,2026-01-22 05:00:00
ebc474db49f4a358,2026-01-16 09:00:00
9188b741f404008f,2026-01-11 20:00:00
b4c50f35e6162452,2026-01-11 19:00:00
990849e7f545b182,2026-01-09 06:00:00
97c18e6b4e1a964d,2026-01-08 14:00:00
d511a8e073496a1a,2026-02-03 04:00:00
004f8f5359cce693,2026-02-02 02:00:00
671b23ec57009387,2026-01-25 15:00:00
c66617cb1bdd33c7,2026-01-20 11:00:00
231b060fc4b5f7fd,2026-02-07 18:00:00
77c108985070df5f,2026-01-14 16:00:00
a9e3639f569f2801,2026-01-21 19:00:00
86751ae368245533,2026-02-08 07:00:00
572efbbe55f0c2b5,2026-01-13 12:00:00
7f1f1c1d8791eaf3,2026-02-08 08:00:00
cccf8dfc2ddcd4a5,2026-01-21 18:00:00
3a3f410807b96e7e,2026-01-12 02:00:00
37d32e88caa876c4,2026-01-08 10:00:00
9592fbd580770034,2026-01-24 05:00:00
6160fa27b18abb93,2026-01-25 07:00:00
8be63e80227b490a,2026-02-06 08:00:00
27a49063f80383ea,2026-01-20 23:00:00
e19b7a31417840a3,2026-01-16 14:00:00
66e272c18b517ec2,2026-01-29 18:00:00
ee16609b10a72fba,2026-02-06 00:00:00
ccb7fd9fc90fdc25,2026-02-07 18:00:00
d2fc03cfedbb91b8,2026-01-21 18:00:00
bd7af52ea15a53db,2026-01-31 06:00:00
62a1a4d59feab5a8,2026-01-23 08:00:00
6bc17542129b3493,2026-01-01 04:00:00
94e57317845473a1,2026-01-07 01:00:00
5d7d7331a4200b7e,2026-01-01 01:00:00
439e835cdda2c934,2026-01-21 17:00:00
7cf427b1e836308c,2026-01-29 09:00:00
6b4c5eb5ea4ac1c0,2026-01-12 23:00:00
f9f7d2211fcb3d79,2026-01-26 14:00:00
09bca7a60471645e,2026-01-28 05:00:00
cdc4ef5762bb6977,2026-02-05 06:00:00
f7e8bb5fb75e4e49,2026-01-02 09:00:00
65fca7a54a0761ca,2026-02-06 08:00:00
cbb6f134077620b3,2026-01-30 15:00:00
64e3a2d252e8050e,2026-02-02 02:00:00
cf8843d001e478de,2026-02-10 06:00:00
355581eb689b2c22,2026-01-06 05:00:00
0dd16f1968938a99,2026-01-05 22:00:00
ce4b9a55e411cf24,2026-02-10 15:00:00
63029941a5e5ec05,2026-02-13 17:00:00
e5322a1a453807a6,2026-02-05 10:00:00
5ef6dd20290f2064,2026-01-25 13:00:00
855402acd0640c56,2026-02-05 17:00:00
8f3e5d217bcdfa12,2026-01-21 12:00:00
e359d1fc939f5bf0,2026-01-21 23:00:00
eecc94d1e6c38a65,2026-01-21 05:00:00
dce8ce3de7ba2e28,2026-01-08 23:00:00
e15bdaddc4f3e0c9,2026-01-09 14:00:00
ac9a06b6ebcfadec,2026-02-10 15:00:00
7c6d93fdd0f42c86,2026-01-04 22:00:00
b88e0f062d1cdfe4,2026-01-24 07:00:00
a47ec34f1aaacd69,2026-02-13 01:00:00
ae5bd0037205f2fc,2026-01-09 10:00:00
20ac00320420ab0a,2026-01-01 11:00:00
06b251fad42ce088,2026-02-13 02:00:00
9ca6e38187af50fd,2026-01-10 18:00:00
2d01c13e8fc2b165,2026-01-17 12:00:00
49020c9d91b7d030,2026-01-13 16:00:00
6918b8d3175ef1b4,2026-02-04 18:00:00
c6cb80b6a38d44fd,2026-01-02 15:00:00
31189a08f19ced96,2026-02-05 07:00:00
b96460bbef954625,2026-01-28 04:00:00
29e251753edd1730,2026-01-26 03:00:00
3a04bdc8fc495226,2026-01-17 23:00:00
9711c5a745821c81,2026-01-08 23:00:00
121f65428c93bb63,2026-01-06 07:00:00
b367e5e05894d75a,2026-01-04 11:00:00
de6e2ca53e080e27,2026-01-26 14:00:00
a65760a0548dbdb6,2026-01-01 05:00:00
112c3549faf98b78,2026-01-26 18:00:00
28db2b59acdc6065,2026-01-14 20:00:00
89f11151e84656e4,2026-02-09 21:00:00
1d39d6227bff1df7,2026-01-11 07:00:00
41d48e0770790f6a,2026-02-14 11:00:00
28e7331370ce456e,2026-01-01 23:00:00
9812945dd897082f,2026-02-10 18:00:00
dd7c517b9c0c0127,2026-01-06 12:00:00
db0cd57cf5b44561,2026-01-16 02:00:00
63895f227048208d,2026-01-15 16:00:00
7a38971b6ea4c905,2026-01-18 16:00:00
50dd414eff3ff6b0,2026-01-30 07:00:00
9c95c58bed8ac915,2026-02-14 03:00:00
a892719881b7cf25,2026-01-01 04:00:00
590c7c8dde446a4d,2026-02-13 21:00:00
3bb49e2692b1b8a2,2026-02-12 01:00:00
7d02c6ce3dfb3006,2026-01-24 22:00:00
df712429ea2e70bb,2026-02-09 01:00:00
e2be704b4ffcd425,2026-01-28 10:00:00
688a1fb8b81aad77,2026-02-11 05:00:00
31f5e698ca0bbd69,2026-01-18 02:00:00
9aa55ffc52ff1942,2026-01-14 15:00:00
cfd1cf5b0737e443,2026-01-04 04:00:00
35a74acaf064849e,2026-01-23 16:00:00
8c5d768ee7dadcb5,2026-01-03 15:00:00
7ca12606bdb4b089,2026-02-09 02:00:00
8c9e8da80ae79a95,2026-01-27 01:00:00
641138346ad01c3c,2026-02-10 04:00:00
a19f47c2774196b8,2026-01-17 23:00:00
930f236a2d4359ac,2026-01-08 11:00:00
6a76e812a5c9cbc4,2026-01-19 10:00:00
161311bf0e88de52,2026-01-23 23:00:00
4f9345073d520ff6,2026-01-22 16:00:00
6404d132a83b6507,2026-01-05 07:00:00
0d52154cef2cdba0,2026-01-25 22:00:00
b3ac1ea3c2173a05,2026-02-06 23:00:00
f8400a254a88bb88,2026-01-22 21:00:00
dfe1142b7e522be3,2026-02-03 15:00:00
6afd924f80d3b5e4,2026-02-04 07:00:00
a188401596e67cff,2026-01-30 07:00:00
0774da79487a0ff5,2026-02-09 19:00:00
8f53b465d8c381e8,2026-01-18 09:00:00
c04fe7f406ea17c3,2026-01-27 13:00:00
6dfcecda2c534c2a,2026-02-13 08:00:00
2c56dbb9b8e102f2,2026-01-24 21:00:00
e5cfdf7abd36c33b,2026-01-25 22:00:00
f4f892fe4efefcde,2026-01-07 22:00:00
0361e0fc2d7db685,2026-01-06 05:00:00
df78296ee67ed088,2026-01-26 13:00:00
74df860094b99242,2026-01-27 03:00:00
5bdc135d584caff5,2026-01-18 10:00:00
c0b35592449f4ff7,2026-01-22 17:00:00
28a58ed149ab4ff7,2026-01-15 00:00:00
55af2a133615eec2,2026-01-31 14:00:00
363dafcb3765a405,2026-01-26 00:00:00
cd0d4d239848d436,2026-01-31 20:00:00
74b77c3674280b87,2026-01-11 16:00:00
f55377dea0dd42a3,2026-01-04 00:00:00
459e98aa1715e024,2026-02-04 04:00:00
7059b1e3389d0243,2026-02-03 05:00:00
0962577ae28f4215,2026-01-03 00:00:00
4edbbb5b1bf3ab91,2026-01-16 18:00:00
574745be06d5ab20,2026-01-12 03:00:00
d66e26873589a0a7,2026-01-05 20:00:00
f14e228a88a21347,2026-01-01 22:00:00
7bfcad0458048c4c,2026-01-15 11:00:00
bf63d75045eec098,2026-01-04 07:00:00
591f9f9856ac28ef,2026-01-21 15:00:00
528145dab4722b91,2026-01-15 02:00:00
4a28cf0589eec6a1,2026-01-13 02:00:00
62dc4828da5e643b,2026-01-14 22:00:00
f43c17b2d3ce187a,2026-01-25 00:00:00
4e3b806ba0589608,2026-01-02 18:00:00
73ff05d12b3ee128,2026-01-28 13:00:00
d9776211a9c5ff6b,2026-01-14 07:00:00
f896e9cec6d94d00,2026-01-14 00:00:00
586ee7889dd09788,2026-01-23 13:00:00
953a463946ea6229,2026-02-08 15:00:00
6dcc7c28619a29c1,2026-01-08 03:00:00
47538661493a4723,2026-01-31 16:00:00
64f84cb3c9bb5b1c,2026-01-27 11:00:00
df6156bbad5a276f,2026-01-02 13:00:00
b7c7eae6d8e29f13,2026-01-15 15:00:00
da24de520bb394a1,2026-01-26 00:00:00
5c6b039a05c03583,2026-01-06 23:00:00
6dfd92cb69b7ccc7,2026-02-10 17:00:00
0dde30c3edce79a4,2026-01-02 09:00:00
d465c08d48f250ce,2026-02-13 20:00:00
f810bfb966012a5c,2026-01-06 09:00:00
fb9b98ba71fe7ad0,2026-02-10 14:00:00
487a091af20fea00,2026-01-15 09:00:00
82dbd8d30a693d10,2026-02-10 04:00:00
5d19aee6b451f087,2026-01-06 01:00:00
bcb22b044af12baa,2026-01-25 13:00:00
21e141ffed10fdfa,2026-01-12 15:00:00
bc05099be64e2bb8,2026-02-11 17:00:00
5fd90eedf0bff703,2026-01-11 19:00:00
ea6645877e42998a,2026-01-01 17:00:00
c4f05b546a7d2b7d,2026-02-13 17:00:00
ff85e1897d6e072f,2026-02-02 01:00:00
4e96dcb131a838b7,2026-02-07 18:00:00
4fc095c42a6da5ba,2026-01-19 21:00:00
b248ed6ff416662e,2026-02-05 20:00:00
283fa8e5671285af,2026-01-19 10:00:00
de0154642d424928,2026-01-24 08:00:00
0bada9584fe29b6c,2026-01-03 00:00:00
5a3ddaa0c4bdc83f,2026-02-01 12:00:00
1af6e3fa10243e63,2026-01-07 16:00:00
86d55269ffafd463,2026-02-12 16:00:00
09c9f2e78f947a58,2026-01-15 12:00:00
305c9f82b63f9954,2026-01-22 09:00:00
5d534a3b5f6e4a13,2026-01-01 20:00:00
df6c87edf8bb92dc,2026-02-09 15:00:00
f498c311eaa9ba31,2026-01-31 19:00:00
db989a7df202a383,2026-01-31 14:00:00
fb11c2ab4b2e36ca,2026-02-01 11:00:00
e8ec9368690ca589,2026-01-03 18:00:00
c605b32ea95cd6fd,2026-02-06 21:00:00
94a2fb051c449227,2026-01-30 23:00:00
dff0811db54b4141,2026-01-16 09:00:00
15eaf954ef991ba7,2026-01-30 02:00:00
82dee5c0ae7f7ff4,2026-01-06 05:00:00
24665c64114f21bf,2026-02-14 04:00:00
84c2906d9181b900,2026-01-27 14:00:00
3674ffbf639db309,2026-01-31 19:00:00
ffa82cc4270f7802,2026-01-30 15:00:00
9640e3c3c9a879cc,2026-02-04 21:00:00
eca366e6a6358deb,2026-01-19 23:00:00
fbe8300513982c50,2026-01-08 17:00:00
f50af9cbcbc4aae1,2026-01-29 17:00:00
60dcac2764009537,2026-01-05 23:00:00
e77ae9d3488e58e3,2026-02-01 05:00:00
4ddb16daf30ed6dd,2026-02-12 02:00:00
54c4a557392192c8,2026-01-25 04:00:00
29abcec8d7144f92,2026-01-22 05:00:00
094eee8cd467a032,2026-01-10 12:00:00
6200ce65b735cc7a,2026-02-12 13:00:00
81dea48113c014b3,2026-01-06 06:00:00
3de9c768e66ab70d,2026-01-15 11:00:00
b7bb738248b3d336,2026-01-20 01:00:00
7d2ee3553459f957,2026-02-03 10:00:00
968438b855799c76,2026-02-02 22:00:00
e4a3b4fc53b90f23,2026-01-25 20:00:00
932aa7a6056a0a4d,2026-01-18 06:00:00
0df2a87ffbb1fcb1,2026-02-11 15:00:00
58907ba30a633acd,2026-01-03 00:00:00
a1bbe04ac0b91b93,2026-01-08 03:00:00
6646bfc7855f062d,2026-02-06 13:00:00
ddae0d017ca9726f,2026-01-13 23:00:00
ddb592a13fbbc6b5,2026-01-22 13:00:00
7597afb184d80889,2026-02-06 12:00:00
cdc3d87c80409260,2026-01-13 07:00:00
bf95145113887721,2026-01-29 00:00:00
08a5651d3cc91406,2026-02-11 21:00:00
a0596cfd73efb480,2026-02-02 10:00:00
f6a17fbb7a403ceb,2026-01-21 03:00:00
b17e45de8a112218,2026-01-12 02:00:00
635f6d60754203e0,2026-02-07 22:00:00
2aa28dd6ea09ef90,2026-02-12 19:00:00
5f4110cbe001ac7f,2026-01-19 05:00:00
016d109cb16a95e5,2026-01-09 19:00:00
b882bc85356c4905,2026-02-11 16:00:00
5c441fb75949d83d,2026-01-19 11:00:00
5fa1b6ad09d5e49f,2026-01-04 22:00:00
21d164551a36fde9,2026-01-08 18:00:00
22e0551a83353d3c,2026-02-10 22:00:00
b36285fb17c6db81,2026-01-05 05:00:00
63423eb3e5cfc36d,2026-01-07 01:00:00
743342866ab0dc28,2026-02-07 13:00:00
0242bed31aeb2778,2026-01-25 22:00:00
976569db9bad9b5f,2026-01-21 00:00:00
e0cc0d49437e56bd,2026-01-25 17:00:00
1498c1c1a7661d0f,2026-01-24 21:00:00
be13b7295dd1220e,2026-01-18 08:00:00
0ee042488bb3a223,2026-01-18 10:00:00
f762cb9ae11287ec,2026-01-29 00:00:00
638b69c1dbdbbdd0,2026-01-08 04:00:00
d622aa18bcfe4ea0,2026-01-16 14:00:00
9f17a7efae7e37f2,2026-02-09 02:00:00
56b2b2ded2715f7f,2026-01-04 22:00:00
b187cf6f16576f0a,2026-02-02 09:00:00
1be567eebf0bf35f,2026-01-19 04:00:00
dc8d320eb655118a,2026-02-09 08:00:00
48aab00af9094b52,2026-01-02 18:00:00
4fb4605abf490298,2026-01-16 16:00:00
998205ca5420680e,2026-01-26 15:00:00
055682638d0ea573,2026-02-01 03:00:00
a9cda603a5ab934b,2026-01-29 16:00:00
8505431727a76db6,2026-02-06 20:00:00
a2bfde73612eaaf0,2026-02-09 06:00:00
cb0da4784e74c080,2026-01-15 05:00:00
474c98f7e527530e,2026-01-06 20:00:00
068c29a2bef2a83f,2026-01-11 02:00:00
731b68651c248102,2026-01-04 13:00:00
0b650ba244d78641,2026-02-09 17:00:00
3d63d21a1b31df66,2026-01-08 02:00:00
be98a1e548fb77dc,2026-01-13 12:00:00
f8a9a6870503b8db,2026-01-08 22:00:00
fa1a0352bc617a11,2026-02-14 09:00:00
6e6d5098a49e2850,2026-02-09 14:00:00
fcd301bdc66120d9,2026-01-17 23:00:00
c30f554c1c854d4a,2026-02-04 14:00:00
5d1f7cf70905edf7,2026-01-17 00:00:00
5ec355f280762f9b,2026-01-21 23:00:00
6c63b39ed11c00ef,2026-01-21 09:00:00
6fa67a43d7fa1bf6,2026-01-09 16:00:00
5341e0788434e58a,2026-02-04 07:00:00
c49cae428f8d48d1,2026-02-11 16:00:00
a15a8c536ff0a0be,2026-01-18 02:00:00
65580ee9b88afcd5,2026-02-11 18:00:00
ae06009bea7d7155,2026-02-09 05:00:00
145e39a0dd303563,2026-01-11 15:00:00
5816dc5cd1f491f1,2026-01-28 10:00:00
bb7067f0f28376e8,2026-01-04 03:00:00
2edb26dcc858bec8,2026-01-24 07:00:00
d6eb0c478d31610c,2026-01-18 00:00:00
44c466c4385d490d,2026-01-19 02:00:00
f20328adce330539,2026-02-10 01:00:00
d00d94f70b7c3f60,2026-02-11 06:00:00
d0ae0716db9bc806,2026-01-16 11:00:00
bb08709a130cbd7e,2026-01-29 02:00:00
08bc0ae2fe4e65ae,2026-01-10 22:00:00
7ce9b03a05efba52,2026-02-10 07:00:00
72333e3944786b78,2026-01-09 09:00:00
52ff26fa2f6748c2,2026-01-03 02:00:00
ad6b3db65da826f7,2026-02-02 17:00:00
09ea32c643aec7f6,2026-01-01 23:00:00
af52e1c1de8a33b1,2026-01-20 08:00:00
e4343dae46d2909d,2026-01-18 09:00:00
d6e24502b9e45157,2026-02-13 18:00:00
70a0e0cd79ce57d5,2026-02-04 19:00:00
c6127a2642fc304b,2026-01-04 15:00:00
809effcf8b2af9d2,2026-01-07 23:00:00
631476becc0ec229,2026-01-27 03:00:00
138b75fae961b1d8,2026-01-27 17:00:00
851de318cda076df,2026-01-28 09:00:00
651d8d072e9677f0,2026-01-14 14:00:00
674e8bddb9b5c357,2026-02-02 13:00:00
63245ea9ff49181b,2026-01-03 19:00:00
872065856d707620,2026-01-27 10:00:00
9fec3fa13d6f865a,2026-01-15 13:00:00
d1760f9884bfc50d,2026-01-25 01:00:00
b8fbf1920739a3af,2026-02-04 14:00:00
46708f65e6ded5e7,2026-01-14 19:00:00
6ce4e737c1aac088,2026-02-01 16:00:00
39f70ff5767e62ce,2026-02-04 03:00:00
fb7f2113cb72fed5,2026-01-22 01:00:00
abec534eb54231cf,2026-02-02 15:00:00
77a4e26ab16b1c16,2026-02-05 15:00:00
52e92db606023b22,2026-01-26 03:00:00
b550756bec8a1390,2026-01-20 23:00:00
2b24107793f313a1,2026-02-02 18:00:00
124dcadf8881c3c8,2026-01-24 00:00:00
5f6ef05cb3909cd5,2026-01-27 19:00:00
fc5581c2ac9c1c25,2026-01-05 04:00:00
d4909d5c03a677c4,2026-02-02 15:00:00
23f249d2b6fa4772,2026-01-06 00:00:00
3aef769aee0f943b,2026-01-27 08:00:00
bce23dbc24a10478,2026-02-01 00:00:00
75a470260eec4400,2026-01-15 22:00:00
2f26c1031c0bb564,2026-01-06 03:00:00
e4167df1bd7b0fa4,2026-01-13 01:00:00
64239a8ab30f47c3,2026-02-08 17:00:00
6e107dfba0b05fe8,2026-01-24 00:00:00
4197185aa9b77c3f,2026-01-10 06:00:00
0f61d9f53974eed7,2026-02-01 08:00:00
edc77efe00ae00da,2026-01-01 07:00:00
009377c4bca04c7c,2026-01-09 05:00:00
af40aa3c15404167,2026-01-07 16:00:00
c657e9babaeadea8,2026-02-14 20:00:00
b2d8de144e974c0e,2026-01-17 00:00:00
9813b1d94099d864,2026-01-03 05:00:00
430275e138d0c361,2026-01-17 17:00:00
a51216f82feb3b9d,2026-02-05 21:00:00
b0b1b9917189679f,2026-01-28 21:00:00
379cd8d13c9637b3,2026-01-11 06:00:00
e8d88b3356d1b3ad,2026-01-24 02:00:00
a8e11b78186a0de1,2026-01-18 04:00:00
cf89ca129d0b858b,2026-01-30 22:00:00
eb827ed294e7e731,2026-01-05 08:00:00
8fc927a27b863347,2026-01-19 09:00:00
dffa27a210a8659d,2026-02-11 18:00:00
e199c12ddbfa013d,2026-01-27 09:00:00
7ef174a7ca657388,2026-02-12 00:00:00
7ebddf10f813026e,2026-01-02 14:00:00
1754e6cca6844d06,2026-01-23 21:00:00
71a3e33befb41825,2026-01-19 06:00:00
226a5739710af2cb,2026-02-14 05:00:00
46d5196246880f18,2026-02-11 15:00:00
6e51e6d85578fcb2,2026-01-12 07:00:00
c3ad8f71023cb05d,2026-01-21 03:00:00
fbed5efbe38d978e,2026-01-21 10:00:00
d609daa3067654a9,2026-01-18 08:00:00
f8f7b7d8b3031970,2026-01-08 00:00:00
b14663ba4710006b,2026-01-03 21:00:00
e2b44a599f4176f8,2026-02-04 19:00:00
5bf6c6c6a7f8b493,2026-01-07 19:00:00
7d833401cb233399,2026-01-17 21:00:00
f6b58f033d78cb3b,2026-01-11 11:00:00
f36697500a7b02eb,2026-01-27 15:00:00
3e331b286e0d2e2b,2026-01-22 22:00:00
4d82c692cd24ac53,2026-01-18 06:00:00
fc6857775e647550,2026-01-03 08:00:00
db3ed7684663dd5e,2026-01-24 05:00:00
ece402e319d2bb0e,2026-01-07 14:00:00
23d661304a749fb9,2026-01-06 02:00:00
fcb0816169e243b0,2026-01-30 06:00:00
0a3b1d800dea99e5,2026-02-12 14:00:00
f580f09a9443ccfd,2026-01-05 00:00:00
8d899c7ef903dcaa,2026-02-02 11:00:00
5ec444eee6c861f7,2026-01-25 09:00:00
cb2090ef58773818,2026-01-18 10:00:00
34556417cdafee54,2026-02-11 04:00:00
914cfd996ea90d62,2026-01-03 22:00:00
615093e665a2d2dd,2026-01-08 21:00:00
6ebbddce97e57625,2026-02-07 04:00:00
095f438a5e252dfa,2026-01-13 23:00:00
8f6db84628bffbf8,2026-01-16 18:00:00
a3f27a0a2a55e3b9,2026-01-25 19:00:00
4b6765784b6e0234,2026-01-27 05:00:00
ae40d5715801ad87,2026-01-29 15:00:00
916cd7bed0c185b5,2026-01-28 01:00:00
030de5ed2d620cf3,2026-01-17 04:00:00
e49b9b752a8f09ba,2026-01-03 15:00:00
2fe85e3fefaabf25,2026-01-09 10:00:00
45ab01210a6b4ba4,2026-02-11 06:00:00
e3cbedd561d9c2ae,2026-02-08 20:00:00
8fad1bb9aabe0821,2026-01-05 19:00:00
c4720bf674b7390e,2026-01-17 12:00:00
17bfa6922c85a33d,2026-01-16 17:00:00
7ed6d9c53e6bba73,2026-01-05 07:00:00
072ca960797929d1,2026-02-13 11:00:00
9325992b88e29a27,2026-01-10 06:00:00
49abd04567478eba,2026-01-25 01:00:00
460487a987c9f2cf,2026-01-28 20:00:00
8877262d7ea64f20,2026-01-19 12:00:00
5e90bccc7b49bbb5,2026-01-11 19:00:00
9611c5fafcef42ba,2026-01-03 08:00:00
7dfe595262f3689c,2026-01-01 21:00:00
992f12a3fb176358,2026-01-11 05:00:00
f7d3c265305c8854,2026-01-16 19:00:00
978336c32b2624eb,2026-01-16 08:00:00
0f629882a787a6f9,2026-02-08 13:00:00
99a3b518acc19a69,2026-02-06 21:00:00
a3c85437dd923cdd,2026-01-23 15:00:00
172c9aed296c3607,2026-01-22 03:00:00
2057e4a4aaa59c24,2026-01-11 23:00:00
95bc439e42228ec3,2026-01-02 05:00:00
99554184a9cc0872,2026-01-02 02:00:00
78f5fb230e5d0fe9,2026-02-10 21:00:00
678d3de6bf713c1a,2026-02-07 18:00:00
84cd1e939999f36d,2026-02-09 21:00:00
2390418040c46d7b,2026-01-27 23:00:00
0f775c2c208b052f,2026-01-22 02:00:00
63164163effaf516,2026-01-27 17:00:00
46170a90cde2b225,2026-01-29 08:00:00
70fb5b247a52fe9c,2026-01-24 17:00:00
03115cd4bae23d3e,2026-02-04 01:00:00
1abab432a9c3c05d,2026-01-01 18:00:00
58173a55784bf8f8,2026-01-15 12:00:00
23faf46f288f786b,2026-01-13 10:00:00
f890f3ae6744f731,2026-02-08 13:00:00
850db573547915b6,2026-01-31 11:00:00
de103fd6eac046a8,2026-02-10 23:00:00
3070191e67b0b09b,2026-02-10 06:00:00
694bcbc1be631cbd,2026-01-22 00:00:00
7e5a85f5d50179a8,2026-01-17 10:00:00
f6f65d38002c65ae,2026-01-26 17:00:00
4c99655d6a4387b6,2026-01-07 01:00:00
2e63142675e242a5,2026-01-26 20:00:00
43b8426554b75e79,2026-01-17 03:00:00
7a35dd10b849ec20,2026-01-10 18:00:00
33faf7391312c314,2026-01-21 19:00:00
40ffc0ee2fa16578,2026-01-11 05:00:00
beca04b111ecc258,2026-01-01 23:00:00
e5de61341b811412,2026-02-02 13:00:00
b1434dad0cde3b74,2026-01-17 01:00:00
051cb9f235e06962,2026-02-01 02:00:00
a4aeeaddc8eedef2,2026-01-29 10:00:00
40ed801ca1100771,2026-01-31 02:00:00
183937fd87b92149,2026-01-14 03:00:00
31e343650150ddbd,2026-02-11 07:00:00
e36af1bb948cb4cc,2026-02-01 16:00:00
f2720a2af36bfe5c,2026-01-01 15:00:00
9d9ed571eddb5fb0,2026-01-27 19:00:00
1bef1f9983278fd2,2026-02-01 15:00:00
545104c18ff64822,2026-01-07 17:00:00
2874176bfeccbac1,2026-02-10 15:00:00
ba682b6eef67f30f,2026-01-04 06:00:00
ba44a18840719c83,2026-01-02 17:00:00
ccd3ceb527337557,2026-01-21 23:00:00
53145b3a3c3ae4ec,2026-01-04 22:00:00
40c529361087e182,2026-02-09 13:00:00
4024661c42ae1ae3,2026-01-12 02:00:00
b085cf1634ebc0ed,2026-01-08 09:00:00
b1677c5ca9d193da,2026-02-06 06:00:00
d6aeda099684309d,2026-02-07 18:00:00
9c178b864b4a7aa2,2026-02-04 10:00:00
0a28119fb3b1f41a,2026-01-14 09:00:00
9ccb19b126ccfe16,2026-02-06 02:00:00
d1728c6c215460a4,2026-01-18 17:00:00
6dca7c8fd126ffe4,2026-01-24 04:00:00
682024c19d34dfc3,2026-01-11 04:00:00
4f219a25b013564b,2026-01-18 03:00:00
0557153f7073fded,2026-01-09 18:00:00
d5dcea9060effcf2,2026-02-08 08:00:00
6c48cdcaaa56186e,2026-01-10 07:00:00
2eb417e482dcf9b0,2026-01-06 04:00:00
a799f13ef0b2f045,2026-01-01 08:00:00
ddfc52e91ba86c4e,2026-01-09 09:00:00
057cce65e47256b6,2026-02-09 15:00:00
0653b883f2c06caf,2026-01-19 18:00:00
7551b79ddf3209ae,2026-01-04 11:00:00
aca5585b891bf5b0,2026-02-03 14:00:00
af622af17b815619,2026-01-29 16:00:00
7ae43b7ba4ff91c4,2026-02-06 04:00:00
a676d57bdea541f9,2026-01-28 17:00:00
f92aede450489823,2026-01-14 01:00:00
80bf571fe758664c,2026-01-13 13:00:00
f27d79828dde2658,2026-01-28 01:00:00
1cc2090c9fa71888,2026-01-15 07:00:00
d6b085a8ecf156ae,2026-01-26 13:00:00
3af26b87eb1b7dee,2026-02-05 16:00:00
ab78edb436c0f08f,2026-02-05 04:00:00
58d3cff12f524e75,2026-01-26 19:00:00
dfa87342e1b5058b,2026-02-10 14:00:00
102c5438c241afd9,2026-01-03 00:00:00
16b2b0fdb383f2af,2026-02-06 07:00:00
c278d39a4824df6e,2026-01-14 22:00:00
97b8c5ffb1293a7a,2026-01-07 22:00:00
fbe0a2db796a26f6,2026-01-29 11:00:00
052d1d6019db2ec4,2026-02-13 09:00:00
5750818e5d454f3a,2026-02-07 02:00:00
2b05a2714f012027,2026-01-08 21:00:00
c8473979ee25103b,2026-02-05 06:00:00
bedfb54cdd464717,2026-02-01 10:00:00
cfad9c1d63f49e33,2026-01-31 21:00:00
98a1e1f56c632052,2026-01-10 07:00:00
93e2fffc4d48d0e5,2026-02-09 01:00:00
a75f0826af91281d,2026-02-12 01:00:00
014a2f560c98ff09,2026-01-18 03:00:00
544c542744421184,2026-01-10 21:00:00
ca96215146889467,2026-01-30 16:00:00
08467763ceb9776e,2026-02-03 19:00:00
b91c7d010a17b2d6,2026-01-29 10:00:00
e21ed71eecd913a9,2026-02-02 23:00:00
74298cf3d788e243,2026-01-05 17:00:00
c870e7e83e32ebe0,2026-01-13 15:00:00
abcc0e9da54a8b88,2026-01-25 22:00:00
7d7da74d531d6c57,2026-01-16 04:00:00
13e70a28e1388b13,2026-01-17 13:00:00
f280abe80d11a78b,2026-01-11 15:00:00
77501ee877a463a6,2026-01-03 17:00:00
50afb10e33896770,2026-02-08 22:00:00
4a69ed511d1fd637,2026-01-31 16:00:00
184c461f16b2f3db,2026-01-31 10:00:00
727890ec81517e2c,2026-02-12 15:00:00
2afb4eeb6ecd40aa,2026-02-01 17:00:00
4567a2405f15efb8,2026-02-07 09:00:00
44bf48824af6bef7,2026-01-25 09:00:00
0b39f6036b0a46bc,2026-02-03 17:00:00
0ec5c809e0dacd9e,2026-01-17 15:00:00
e89914301ecc98f6,2026-01-31 16:00:00
71f25a6a27eb98b5,2026-01-16 03:00:00
8be98eeb90000274,2026-01-24 07:00:00
887b3bec4d9da843,2026-02-03 18:00:00
f660e2e401055f4e,2026-01-07 11:00:00
eb6afba159755434,2026-02-12 07:00:00
a7c6e3d3e088866e,2026-01-03 19:00:00
a83731af2de40b0c,2026-01-10 07:00:00
99a8f6b7983b9fc8,2026-01-12 03:00:00
0d6e8d3659618eed,2026-01-07 23:00:00
f9e8099d4ae1ac68,2026-01-09 02:00:00
a49bbc65af2031d0,2026-02-09 15:00:00
3c0b52da790b2c76,2026-01-26 13:00:00
01a423158a891fcd,2026-02-04 03:00:00
a67eaf6117e8ca18,2026-01-04 19:00:00
92cee53073622b91,2026-01-11 14:00:00
6de9abec8d8f4eac,2026-01-16 06:00:00
ab9e6a8ec3926cbc,2026-02-08 11:00:00
0ea6b4e2acb76442,2026-02-07 22:00:00
cb3a6c11c0ae4c4e,2026-02-11 03:00:00
374716e4332ab9be,2026-01-28 12:00:00
81569adfd59f8e95,2026-01-10 00:00:00
dbd264aea8b6f953,2026-02-13 08:00:00
fc682274618cde05,2026-01-01 03:00:00
c6ef187565db2d22,2026-01-20 18:00:00
ce6c9c4c51b4a5c6,2026-01-17 23:00:00
53900d8cf8312079,2026-02-12 09:00:00
6644d5c2a0d43dfd,2026-01-14 13:00:00
08aa7393a8c771f9,2026-02-07 01:00:00
70b33ebe3c278eb0,2026-01-15 14:00:00
023477eccc040cc4,2026-01-05 09:00:00
c7a09dd58c6cd652,2026-01-12 23:00:00
665fd31a0d329b8a,2026-01-14 18:00:00
6b1a3ca71148e164,2026-01-20 12:00:00
3ab2ecd5b0f60cd2,2026-02-06 08:00:00
21b58ca1d6161a12,2026-02-07 02:00:00
ab7f51236377821b,2026-01-14 22:00:00
dadc000eb8470518,2026-01-08 22:00:00
b17f54eb665d1bb7,2026-01-11 21:00:00
230622c95f8c723f,2026-01-12 20:00:00
e8a410397ba7094c,2026-01-24 15:00:00
0fe54ee4d5810765,2026-02-05 15:00:00
c28b0420e4e15fdb,2026-01-25 22:00:00
978fc671cb2d736d,2026-01-23 18:00:00
944a1843305d4868,2026-01-10 20:00:00
a8eb376ef3bd5b88,2026-01-02 09:00:00
9a2aed43a88b7072,2026-02-14 13:00:00
29a026237c936a81,2026-02-09 01:00:00
36ac6fa3d31f44af,2026-01-03 23:00:00
13161aa85ce2966b,2026-01-10 18:00:00
d0be93d99a5365a9,2026-01-12 20:00:00
aa9c0c185c4f9fbe,2026-02-11 22:00:00
eda42e21aa935c1c,2026-01-30 17:00:00
495f17c6d250d10e,2026-01-30 06:00:00
d74a153621cc820a,2026-01-28 09:00:00
5e39117289482b43,2026-01-23 11:00:00
7de03a38847553bb,2026-01-11 23:00:00
ebec350fa6ba795a,2026-01-19 22:00:00
754065315db2efc3,2026-01-06 20:00:00
9340835133ed03bf,2026-01-06 11:00:00
e3397c238569631b,2026-01-06 21:00:00
c9261b7390a2cd38,2026-02-05 18:00:00
46b4222aa2d282ae,2026-01-22 21:00:00
762fe5041aa07698,2026-01-12 00:00:00
7945a72e34b7d0ec,2026-02-11 01:00:00
ca422c97db0665f4,2026-02-04 04:00:00
ce56bd2ed43f2c6a,2026-01-06 09:00:00
ee25850fea5d6546,2026-01-25 08:00:00
7d550e55fc0f2d2e,2026-01-24 20:00:00
678e00747230314d,2026-01-01 06:00:00
334dd0ef02c7c069,2026-01-22 22:00:00
5e037769f31260df,2026-02-09 20:00:00
6360bd2df1c6eb38,2026-02-09 09:00:00
9731b2888b47e4c6,2026-02-13 16:00:00
b702c4d47cd63387,2026-01-18 07:00:00
3c32f61b4d7cf7c6,2026-01-28 01:00:00
477f42ab3c0b1eb9,2026-01-13 00:00:00
110aa7da41629f78,2026-01-15 00:00:00
0a7345ce27ba50d5,2026-01-16 07:00:00
f2ba3f8fef0d8b3e,2026-01-15 12:00:00
fbc3222dfe3367ac,2026-02-14 03:00:00
9c20d041034f5601,2026-02-01 01:00:00
498fe4805213af6d,2026-02-14 12:00:00
72841cee93ca470c,2026-01-04 19:00:00
ddf6fbd42352274e,2026-01-08 00:00:00
e1c97db8bdd95ea6,2026-01-23 08:00:00
5ae37c0163f2c575,2026-02-01 11:00:00
0be6dfbcb6ea9de4,2026-01-06 01:00:00
ca7253f305543e53,2026-01-08 21:00:00
8b5de92d9b81f3b6,2026-01-16 15:00:00
91773f006ad1544b,2026-01-12 11:00:00
ea964c0755c0379a,2026-01-26 17:00:00
e2e13268e7e85c82,2026-01-09 20:00:00
85d3ea4ff0d04d03,2026-01-13 17:00:00
d121cb52e5fae3cb,2026-01-30 05:00:00
0bb5e552616b1b13,2026-01-06 19:00:00
87ecf0a3ece9e2c6,2026-01-05 03:00:00
176e2fdb5c1aed9f,2026-01-21 20:00:00
a489f45519640a78,2026-01-15 02:00:00
ec82a13d52b9d6e4,2026-01-09 02:00:00
d27fe945092d9764,2026-01-23 17:00:00
ef67b28450f20a88,2026-02-09 09:00:00
45c8a9c1dfe189b1,2026-01-06 09:00:00
00a13bbc525b97ba,2026-01-15 01:00:00
7e33560a928e705c,2026-01-23 23:00:00
4eed1e5e1a4aaeec,2026-02-05 05:00:00
d8e9d145ac5ea65e,2026-02-06 18:00:00
a6e4edd7ccea7b3f,2026-01-22 06:00:00
a096f9f6cf6805b1,2026-02-13 04:00:00
fa2bcd38c2c3b284,2026-01-27 15:00:00
7ba36e6041ff17aa,2026-01-06 05:00:00
1e69b470a8562a60,2026-01-23 19:00:00
573c4b6e0902a9b2,2026-01-30 23:00:00
7e38c2589d8e2b7b,2026-01-10 13:00:00
d0fff99860ffe9af,2026-01-05 01:00:00
31116ce90758935f,2026-02-08 22:00:00
4e25af875dff717d,2026-02-12 10:00:00
8a800840f90e4b54,2026-01-25 03:00:00
297df288eb0cb139,2026-01-04 19:00:00
05511822ce855553,2026-01-21 23:00:00
467545b025b9c73d,2026-01-20 13:00:00
e583f4ad35f3e6e1,2026-02-09 16:00:00
abcb927f133ff04a,2026-01-28 22:00:00
08470035e3d0605f,2026-01-03 09:00:00
b7d4e4595f6dd31f,2026-01-01 15:00:00
a987e1c72259c963,2026-01-01 01:00:00
4b50f7a5a65f922c,2026-01-21 12:00:00
e775ea4ffc7133fd,2026-01-26 04:00:00
592d85e3118d95c4,2026-01-18 06:00:00
297cc0e940dee189,2026-02-11 17:00:00
8b9155d020981c8c,2026-02-04 12:00:00
5e25a2313195df10,2026-01-26 04:00:00
003c92903f4022bb,2026-01-29 01:00:00
9c678513172968c9,2026-02-04 21:00:00
021c9a1fb9dc1284,2026-01-29 14:00:00
24b264e9dcbb74ef,2026-01-25 10:00:00
32b990edc04fe6a6,2026-02-06 10:00:00
fbdeb2ff43d1e9d0,2026-02-01 19:00:00
6cc672bbf665d720,2026-01-16 21:00:00
6e1c3aeac78ef40a,2026-02-08 17:00:00
ea83cb646a9a4ec8,2026-01-04 04:00:00
394e56910c3c702c,2026-02-09 18:00:00
e867c08bd381b36d,2026-01-27 19:00:00
8fcc600dd67c6c6e,2026-01-03 15:00:00
03742af6956da339,2026-01-24 06:00:00
4aa8297893bffd9e,2026-02-12 10:00:00
405ec719719e3c4d,2026-02-08 19:00:00
5eb5e22af49cf5fa,2026-02-05 03:00:00
71f804f4afe19964,2026-01-10 01:00:00
b7b9a97bf15b2bd9,2026-01-25 13:00:00
23c6961413ea8493,2026-01-11 14:00:00
bd95a3d6a29a1cd5,2026-02-01 05:00:00
a4a5de862bdbdd3f,2026-01-29 02:00:00
ccd746b90ca5de80,2026-01-05 06:00:00
8aac0c93ef3e937e,2026-02-05 06:00:00
2ccd42dd4e803f8c,2026-02-07 18:00:00
d48a850699acc89e,2026-02-04 04:00:00
c9100ea2990a1ca2,2026-01-01 03:00:00
c1810416c38ad24d,2026-01-30 01:00:00
d2bb14339f272e38,2026-02-10 02:00:00
68abced1fee700fe,2026-01-12 04:00:00
229c9f54ba8c1a0f,2026-01-27 16:00:00
6f34cdbe387c4ceb,2026-01-30 03:00:00
efbd3bfdbdbe6554,2026-02-13 10:00:00
0e1ca9e219b5c62e,2026-02-04 04:00:00
c863c8cde2db8cc5,2026-02-13 20:00:00
516e2049ab37b57f,2026-01-29 20:00:00
73efe6593dbfde91,2026-02-13 00:00:00
eb04f3de6baa9401,2026-01-15 23:00:00
4f9aab2b5aa51aec,2026-02-11 02:00:00
32c6c5db397bda8c,2026-01-08 11:00:00
d19ed371b15a9527,2026-02-03 11:00:00
c8c3cf57d644337a,2026-02-06 13:00:00
78ad487476f37a37,2026-01-20 21:00:00
3697e63772b7544f,2026-01-15 19:00:00
fd29d392c4a6f049,2026-01-11 16:00:00
5d3d73f7e275cb9d,2026-01-31 02:00:00
3d6244b4852a1a57,2026-01-29 14:00:00
0100dc3e7e52b01a,2026-02-11 16:00:00
a8e501b2347f421e,2026-01-08 17:00:00
72becf704c5ff4d1,2026-02-07 00:00:00
fe96ea93dee8006a,2026-02-05 19:00:00
3b789eda91877379,2026-01-10 20:00:00
7d612ed621b78e09,2026-01-11 21:00:00
e32adb232a3cd3fb,2026-01-04 02:00:00
eb01d0b780178252,2026-01-27 07:00:00
2e2d1aecda744114,2026-01-28 16:00:00
d232b01081b04792,2026-02-03 02:00:00
68eb6da0d4e456bd,2026-01-10 11:00:00
e3a28a12a7ed1a9f,2026-01-31 09:00:00
2978da0b5884f38c,2026-02-03 13:00:00
e9be8cfb36e8f546,2026-02-10 00:00:00
4e4ed813e8f3051b,2026-01-30 11:00:00
46df809c57bba799,2026-01-17 21:00:00
330807cfbc7d6a8f,2026-01-04 22:00:00
0aafc2abc73f45d1,2026-01-30 01:00:00
b194a615e66a2deb,2026-01-29 13:00:00
f4c8eccf64a58fbf,2026-01-22 19:00:00
6f72517338e5c423,2026-02-09 02:00:00
d82bfc0abc77ebfe,2026-01-22 18:00:00
34dc48eb9438e7e3,2026-01-16 06:00:00
49d14b5dce3b4135,2026-02-03 11:00:00
e18435804cb8ec10,2026-01-30 07:00:00
496cb9e3770d163e,2026-01-03 16:00:00
4ba13f6445f0141f,2026-01-09 10:00:00
0ee35f78bee51e01,2026-01-12 12:00:00
a61bc193423b92ea,2026-02-07 10:00:00
6ad6a35086696ae2,2026-01-07 18:00:00
3d4e3c99cf74e16f,2026-01-28 22:00:00
007b328e46f8ff73,2026-02-02 10:00:00
ab6eacc28c4d0b83,2026-01-08 21:00:00
f6c121e424f310f6,2026-02-11 14:00:00
a9cd93e3b2d62656,2026-02-09 08:00:00
211938504c3c9b9d,2026-01-18 22:00:00
223fe8bae9ae57dd,2026-01-21 13:00:00
49e8fb25126c2a78,2026-01-24 21:00:00
fdc7ceb0098eae9b,2026-01-23 11:00:00
1082d13ccd350fbe,2026-02-07 14:00:00
ad5d0b07d6394e23,2026-01-20 09:00:00
c76e66e80a738dbf,2026-02-12 13:00:00
7c5305bd0adc9713,2026-01-20 16:00:00
37109ef8d6b2bb18,2026-01-15 03:00:00
a923fc25e096e20e,2026-02-08 07:00:00
a0ef63326a968326,2026-01-06 03:00:00
632b0f70216521eb,2026-01-18 13:00:00
aa48e6a29b000490,2026-01-05 23:00:00
0a541d05c1dc4d27,2026-02-12 12:00:00
817e5a312eb1a2fe,2026-02-01 03:00:00
6c64bf8acd75b2d0,2026-01-09 14:00:00
e90597c7756fea6a,2026-02-08 22:00:00
0443511f89a066ab,2026-01-07 12:00:00
e787009a4a06b04a,2026-01-05 22:00:00
30b6042d1b229f7f,2026-01-30 18:00:00
ae0f74ba8c8eb6d6,2026-01-25 00:00:00
858ce6319f14a53e,2026-02-01 08:00:00
a22f6a9a8436b9c4,2026-02-03 20:00:00
8ceb180b2872efde,2026-02-10 19:00:00
a94c8f447d10380e,2026-01-16 17:00:00
4e52eea3d070607a,2026-02-01 06:00:00
68e09d61730c4754,2026-01-18 01:00:00
269f02c0d01a1f31,2026-01-14 10:00:00
dc27fbfb598b8778,2026-01-24 02:00:00
f67f4df253aa9441,2026-01-18 02:00:00
8ee8ce3b5dc316e3,2026-01-12 20:00:00
73f9fa5f628cda0b,2026-01-27 10:00:00
fea9d167bb26db99,2026-01-01 08:00:00
876e98255f95c643,2026-01-23 20:00:00
89e85f5eb530686f,2026-01-13 23:00:00
3753c4de492c2dfc,2026-01-11 04:00:00
645b47d761483bfb,2026-01-12 05:00:00
8cd61cd359ad70ff,2026-01-20 04:00:00
6205be2ad68385fc,2026-01-03 08:00:00
cc1ee3225e8821fb,2026-01-07 08:00:00
1c5d89301a0b8bcf,2026-02-11 03:00:00
1c4a0893d61bff7b,2026-01-20 04:00:00
6234ab5e8589e56e,2026-02-02 12:00:00
ec9a911221eef392,2026-01-26 13:00:00
a0e8914ce130e409,2026-02-14 14:00:00
d847c88fb54ccdae,2026-01-15 08:00:00
88a60ef3edc19b7f,2026-02-07 11:00:00
f2fb188f247e39ef,2026-02-13 23:00:00
fc203e4d96dda827,2026-02-05 21:00:00
3d39a1eab8b6153b,2026-02-14 09:00:00
aa348bde22ab28ea,2026-02-12 09:00:00
f1684d390b9ce4bc,2026-01-02 22:00:00
b3f6877489a12a50,2026-01-29 14:00:00
961281ffeaf98dc7,2026-02-05 05:00:00
bf789563712fab29,2026-01-21 14:00:00
9637559caf077388,2026-01-29 17:00:00
c26dbb51e064af19,2026-01-19 03:00:00
bc40489b42e66743,2026-01-04 07:00:00
233277133ef995b6,2026-01-11 02:00:00
8a855fd6e60880c7,2026-01-07 01:00:00
4db7198401c44a61,2026-02-06 06:00:00
5ce876d1cb54597d,2026-01-11 01:00:00
2590b1a6047c68f3,2026-01-18 22:00:00
5a118c649e2bf450,2026-01-19 15:00:00
e83e597d98220d3e,2026-01-17 05:00:00
63a534b399ad9e7d,2026-02-14 17:00:00
32579eb04d04256c,2026-01-31 12:00:00
a6c11d76f45996fa,2026-02-06 06:00:00
4ab490e97b6625e0,2026-02-06 09:00:00
211e4984f58e75c5,2026-01-25 07:00:00
b09f92d976e2528b,2026-02-12 04:00:00
bbedf1f5bf446bfa,2026-01-09 21:00:00
058646a484378593,2026-01-09 06:00:00
4d56842fb5e3e4ec,2026-02-02 01:00:00
92ac949b6d81c9c7,2026-02-05 08:00:00
540690af22161733,2026-01-31 17:00:00
c3fcd2201c0c95ed,2026-02-06 20:00:00
6c4da525791e5e8d,2026-01-31 17:00:00
4c1cab4e86328234,2026-02-05 08:00:00
f3d15b81b7cd208a,2026-01-07 18:00:00
5af1c349cf5583d1,2026-02-08 21:00:00
97ad0af1b425c0ea,2026-02-05 05:00:00
96a7702ed7ed5f5a,2026-01-17 15:00:00
9d652b1b7e76a211,2026-01-26 01:00:00
2509a0ac10d310e9,2026-02-11 02:00:00
3237ae9beb3b1775,2026-02-05 23:00:00
eea4f832de5e782a,2026-01-17 01:00:00
c6175cf3bd8ab07a,2026-01-05 23:00:00
29fcee9da6fa4e1d,2026-01-01 01:00:00
fef40591351e0ea3,2026-02-04 03:00:00
8b02c0a23ba9c168,2026-01-13 04:00:00
9d7769bd126727f4,2026-01-17 16:00:00
3285bba28eb33329,2026-01-18 02:00:00
04300d205febe44c,2026-01-23 02:00:00
6ee4d29c3c02aa97,2026-01-25 04:00:00
a3263733d374028c,2026-02-12 03:00:00
1f89bc10cafe2e05,2026-02-03 15:00:00
60af408048fbee49,2026-01-25 11:00:00
f79c5fe7dafc68eb,2026-02-02 18:00:00
6efc91f9ed73862d,2026-02-10 13:00:00
33112ed0d06f72c7,2026-02-10 00:00:00
41a88f05142e9a4f,2026-01-29 02:00:00
53a122918b2e60ff,2026-02-01 01:00:00
133801ccec9494b1,2026-02-12 00:00:00
c69cb4abfc08af08,2026-01-20 06:00:00
31a61bb322498308,2026-01-21 15:00:00
c4660c3b1333ffb6,2026-02-09 20:00:00
7787e8fe859961b6,2026-01-19 14:00:00
f3630f3895353781,2026-01-28 19:00:00
a81e9ad788b30bcb,2026-01-24 11:00:00
e47eeaa6fc5971df,2026-01-29 15:00:00
5def1ef08c4d351b,2026-02-10 07:00:00
5cc0db183b0f95ff,2026-01-30 15:00:00
aae3b9de95023c53,2026-02-07 10:00:00
e31a0b87b24e7d0b,2026-02-11 12:00:00
15ec00ef4cde2c42,2026-01-19 08:00:00
9bd27340f25b8f0d,2026-01-14 09:00:00
802197debb9e919b,2026-02-08 01:00:00
535cd9c5baca2adc,2026-02-04 04:00:00
c982e09b06938b9a,2026-02-07 03:00:00
9f9c08305ea1262e,2026-01-17 21:00:00
68d8e850c593e220,2026-02-03 02:00:00
b565a765f876d999,2026-01-26 13:00:00
092ba6be9273de2a,2026-01-16 13:00:00
c30971b82ac231b2,2026-02-09 03:00:00
5a65619bfb5c8921,2026-02-03 03:00:00
e60beeb924e5a978,2026-02-01 03:00:00
deaed1a06d0ee306,2026-02-09 12:00:00
992a46d32bbcc586,2026-01-22 13:00:00
1d39c06c17d45b9d,2026-02-03 12:00:00
a73c74f13fe3a863,2026-01-27 18:00:00
a894f46f37119121,2026-02-08 10:00:00
0524afe48880a8e6,2026-02-02 15:00:00
a3070955e543549b,2026-01-25 18:00:00
6912e4bca12ee43b,2026-01-21 00:00:00
ab8b2f803aabee12,2026-02-02 21:00:00
0a6fea541ceed57c,2026-01-27 21:00:00
68fa7d5cc821b220,2026-01-08 10:00:00
9b53cea798cbaa04,2026-01-22 08:00:00
32b93857636b93b9,2026-01-20 17:00:00
6a62de0d4299e5d5,2026-01-24 13:00:00
274209d2e6876c65,2026-01-31 14:00:00
2d6710a421591e7b,2026-02-05 16:00:00
22675167367edd20,2026-01-12 19:00:00
8f516d6360ce122c,2026-01-31 06:00:00
aa3ff1b37442215b,2026-01-21 14:00:00
686156fffd6ca02d,2026-01-21 20:00:00
2b8ae1681267b74b,2026-01-10 18:00:00
84823cd8644b56e6,2026-01-16 00:00:00
44713fdc61f5d5dd,2026-02-14 05:00:00
aaf23dd81dc8f4f6,2026-02-03 21:00:00
0f5c25cba05f6824,2026-01-15 00:00:00
516e7281fde9b185,2026-01-18 15:00:00
89e79244c9d742f9,2026-01-16 18:00:00
6110a37fa902d755,2026-01-02 14:00:00
b7c96a89e7b4d495,2026-01-27 02:00:00
e4fc25a13e6a6f51,2026-01-19 00:00:00
2e6620acb3a9a154,2026-01-08 18:00:00
918ec1a8173adb61,2026-01-29 13:00:00
8759fa4413767018,2026-02-12 08:00:00
5d88fbc5312ac2a3,2026-02-09 20:00:00
67efba5d69b12032,2026-01-14 21:00:00
975b94f62b96f622,2026-01-31 13:00:00
5e57f976ea9def37,2026-01-12 05:00:00
aeeab21b7982fe67,2026-02-12 03:00:00
ebba6b354861ec15,2026-01-08 16:00:00
43708c67967be109,2026-01-19 07:00:00
a2c4532c200b4db9,2026-02-09 04:00:00
8d1efefa8bf5649b,2026-01-01 07:00:00
c7485226e96c292c,2026-02-07 04:00:00
7e8fa671c9b2ce3b,2026-02-09 20:00:00
7eb6948bdf7078bf,2026-01-04 17:00:00
950ef407f1caeb2e,2026-02-05 16:00:00
38a747da685b5946,2026-02-05 04:00:00
d2803f4a1008ec3b,2026-02-06 22:00:00
5a2d92b524c3ffbf,2026-02-05 20:00:00
469d27e7e788381e,2026-01-29 10:00:00
39bbae81cec83883,2026-01-29 00:00:00
1bb3da197d5d12a9,2026-01-27 09:00:00
55a62cf82ab97b36,2026-02-04 18:00:00
312244984cfa980a,2026-01-01 00:00:00
0e52abeaa6c87832,2026-01-28 14:00:00
1e5f1c30b5a58ece,2026-01-17 05:00:00
a924d8a25a1b5df3,2026-01-25 10:00:00
4d90020f1f23d956,2026-01-05 20:00:00
10ec7cc2af7cc913,2026-02-12 23:00:00
8dca44de07d17deb,2026-01-20 07:00:00
d65b8939a23e7a27,2026-02-06 01:00:00
2a0d0e4c64e11f3a,2026-01-03 03:00:00
6536b3e4a429023f,2026-01-23 22:00:00
95729513425b9c5b,2026-01-07 14:00:00
2881157d5ed1e4ef,2026-01-18 06:00:00
dff7b6980ed7b579,2026-01-03 20:00:00
89c06082d5ede119,2026-01-17 21:00:00
4183c27d1ea70e46,2026-01-09 19:00:00
d7c2134621c15919,2026-01-19 08:00:00
9a367c9754fd35d5,2026-02-13 13:00:00
d2b673783c977393,2026-01-01 16:00:00
568f67e2f7d02617,2026-01-01 12:00:00
63d28ce6a67fc08d,2026-01-03 17:00:00
874e593904547fd7,2026-01-06 16:00:00
a6f061b62046186a,2026-01-31 07:00:00
e9d81cf08c3858a7,2026-02-11 11:00:00
8ffad9fec8a86707,2026-01-06 01:00:00
0f819ed8eaae8a88,2026-01-04 14:00:00
b5b50ce434a38d40,2026-01-20 00:00:00
6706f960e2182935,2026-01-23 07:00:00
f7cd897cd5869040,2026-01-03 19:00:00
e54533ec0212440d,2026-01-06 23:00:00
91681745a3636b8c,2026-01-11 18:00:00
38442bcff38ad4e1,2026-01-29 10:00:00
321849c613bfd0da,2026-02-11 15:00:00
bf763be1b9f6ecda,2026-01-23 21:00:00
daada7bdae1c613b,2026-01-11 23:00:00
b69ac88602df1359,2026-01-15 09:00:00
860dbbb2b4a21b51,2026-02-03 19:00:00
081c31ab1e1e5889,2026-01-10 13:00:00
ed412b9a760523c7,2026-02-09 22:00:00
f592603552cc5e5b,2026-01-08 01:00:00
e6eb64f47dd121f5,2026-01-21 02:00:00
8c276b36a996a04c,2026-02-11 20:00:00
1a8eab4c099d2035,2026-02-14 00:00:00
11042ecadd74a656,2026-02-04 20:00:00
46d62383ea9578fe,2026-02-03 08:00:00
d10ced262ac6e306,2026-02-10 08:00:00
2bbdd06919259194,2026-01-01 03:00:00
a307efeb5322c66e,2026-02-05 18:00:00
ffb749a9feaf2940,2026-01-12 12:00:00
fb4fe20021bf4a25,2026-01-19 20:00:00
d48dab1fb60f4218,2026-02-13 11:00:00
e73e154feff2b727,2026-01-06 02:00:00
ba2ac5b8ab5eff7b,2026-01-23 15:00:00
f06258b2b165be32,2026-02-13 19:00:00
edeb4cfc590297e4,2026-01-22 12:00:00
387934384e5cf71a,2026-01-13 04:00:00
c289f075cc21eaf3,2026-02-12 00:00:00
f4d0cec8b3f4f4cc,2026-01-10 20:00:00
d66fe3b599c94195,2026-01-08 15:00:00
7ac04e04c1ce5738,2026-01-25 16:00:00
f498863a8f67a3cc,2026-01-25 10:00:00
049e94712312b416,2026-01-26 04:00:00
71f6f412cc6a2875,2026-01-10 13:00:00
481a8c7ed50dd38e,2026-02-12 22:00:00
64a6efa08a5ee82c,2026-01-07 11:00:00
6c90a6a72a4f2481,2026-02-03 15:00:00
829c4adf64fb944b,2026-01-15 05:00:00
2a954f705725f675,2026-01-02 02:00:00
1c3bca63bab398a4,2026-01-27 09:00:00
0da2205cfe2e2a50,2026-02-14 10:00:00
ab18344094318146,2026-01-24 15:00:00
b0694885a26568e4,2026-01-11 04:00:00
3b1121b49d2bf3d3,2026-01-05 18:00:00
3cc7fa19ab18740c,2026-01-29 16:00:00
ec648bb3417b22ec,2026-01-07 21:00:00
9b63b40ac22ec876,2026-01-14 03:00:00
cef8e8822b5326c9,2026-02-03 12:00:00
b122f114efa81866,2026-01-04 01:00:00
5e354c967f31cc41,2026-01-08 01:00:00
85e4d28a9473f54c,2026-01-17 13:00:00
503da689f0de51ee,2026-01-03 12:00:00
359cdd889cb055d5,2026-02-03 07:00:00
b7a77da49202b9cf,2026-02-12 07:00:00
5c61add6ab118005,2026-02-08 19:00:00
e15a0e7f6c497fe0,2026-01-27 23:00:00
f4d11a000e5fdb62,2026-01-17 20:00:00
a84f379717a0d752,2026-02-03 02:00:00
77fae9ea1bbfec92,2026-01-25 08:00:00
b43895362c8afe40,2026-01-07 14:00:00
bf433c012512b144,2026-02-02 10:00:00
51a9685f8ad5db16,2026-01-13 03:00:00
8569fe11b24469fb,2026-02-01 08:00:00
db4fb83dd4bf4a45,2026-01-20 18:00:00
4f426c2e8d8f87ce,2026-01-25 22:00:00
756ae2ec833e4db8,2026-02-03 02:00:00
8476d2a581199545,2026-01-29 08:00:00
3659081c1855d74a,2026-01-14 06:00:00
5338363d40b24276,2026-01-23 00:00:00
c432db8f991744d5,2026-01-01 14:00:00
afd594b1c311bf8f,2026-01-15 21:00:00
572075283297724f,2026-01-20 14:00:00
1ac25623e0a93186,2026-01-09 06:00:00
afca65194718b33d,2026-02-08 12:00:00
f2b18c0cf65651b7,2026-01-31 00:00:00
7585d353037d95a8,2026-01-04 20:00:00
216efa0404d30d10,2026-01-26 16:00:00
4cf3f5ee9b39812e,2026-02-11 04:00:00
55ff890662acbe14,2026-02-02 07:00:00
b72ab0ddb8f3ebf7,2026-01-28 17:00:00
5d5a2e5f47cdca07,2026-02-09 19:00:00
335e66390eb78e0c,2026-01-16 03:00:00
d2626520d41b02cc,2026-01-22 01:00:00
a2a30dee95fbdad5,2026-01-22 06:00:00
1fe914a486b618b7,2026-02-05 00:00:00
737a72f95c0dcaab,2026-01-24 21:00:00
e4caaf622eb34214,2026-01-31 08:00:00
8f13182a94745427,2026-01-12 19:00:00
626ccadd3a44b9e4,2026-01-13 15:00:00
65c968d9e4ab8502,2026-01-27 13:00:00
8099ebca30d80f31,2026-01-26 05:00:00
04795f49895649be,2026-01-15 05:00:00
ceed9b291d9e1e13,2026-02-04 12:00:00
dc68614b33df6176,2026-01-23 18:00:00
4229efb0825d6140,2026-01-20 12:00:00
5c87e6651807c348,2026-02-07 10:00:00
2868c42fe86aafdc,2026-01-05 00:00:00
3e5c6f83f9c127a2,2026-01-21 11:00:00
f1d66ff7e6d65381,2026-01-05 05:00:00
6e553b301bc8c9de,2026-02-13 11:00:00
807f783994bf3b2c,2026-02-05 06:00:00
f23080df1f120088,2026-01-10 08:00:00
166943c74d9d1916,2026-01-26 10:00:00
26bcec4de11a597d,2026-01-23 19:00:00
c4e1f53db2616b1c,2026-01-18 09:00:00
e025e2fb4e372247,2026-02-04 16:00:00
367659d7a7bace35,2026-01-31 09:00:00
bb2c9e7ad2ef61c8,2026-01-29 18:00:00
061c5e50cd87fea3,2026-01-02 07:00:00
9509d16b49e7ec38,2026-02-09 23:00:00
e666b86b516be3dc,2026-02-13 22:00:00
4c0524f86b30ff39,2026-01-08 16:00:00
76931e89a6c05ce4,2026-01-15 11:00:00
7e114597418a2b89,2026-01-09 02:00:00
47b22ffa350c01bd,2026-01-18 05:00:00
5e5b8312c9b25e72,2026-02-07 01:00:00
405b6e1da69ec099,2026-02-04 09:00:00
fb4a75bb02d5249a,2026-01-30 06:00:00
fac2aab43666461e,2026-01-31 04:00:00
04db1a2c25bdc6e5,2026-01-28 11:00:00
df102960f3eeaab7,2026-01-02 16:00:00
a0ce175c764deb5c,2026-01-07 09:00:00
081cad5f7b77ba57,2026-01-25 07:00:00
e060962869a1500f,2026-01-24 12:00:00
1a37531068ad4d63,2026-01-29 09:00:00
0476e636ac1189c9,2026-02-05 12:00:00
8d2cbff66cf23c05,2026-01-13 21:00:00
ac35dbd8545243ef,2026-02-14 00:00:00
c9a8ea5613349e98,2026-01-03 06:00:00
8345f73eed910d07,2026-02-04 14:00:00
3c9beea26623a492,2026-01-02 07:00:00
c2b13d86a3112757,2026-02-02 23:00:00
d5bae2095eac3149,2026-01-10 09:00:00
19400f606e665949,2026-01-02 10:00:00
769a2209816744e2,2026-01-16 09:00:00
6f87430d79c37a7a,2026-02-10 00:00:00
1ebe2886d9011a59,2026-01-12 17:00:00
6f677c33edb64025,2026-02-08 11:00:00
ad5b82ad9c87406a,2026-01-08 19:00:00
7eaa62e87a75698e,2026-02-10 17:00:00
bd09d431c8c06d4c,2026-01-29 01:00:00
1ac437eba2093478,2026-01-24 16:00:00
5385ee1286c4fe5b,2026-01-12 20:00:00
8ef8c96ac0f82a14,2026-02-01 22:00:00
f58ab2e67defecee,2026-01-12 02:00:00
06f9657536185816,2026-01-01 15:00:00
223688b4aa293d75,2026-02-07 21:00:00
23b9f1354769a519,2026-01-20 02:00:00
81cef143e8c8d0af,2026-01-25 14:00:00
6b2e2a4f4bf1a1b6,2026-01-16 16:00:00
a40d5e4cbdfa79a7,2026-01-23 18:00:00
0a371739e12fb418,2026-02-13 16:00:00
e75c43ed73e0ef66,2026-01-14 05:00:00
779f49de9558cdbd,2026-01-09 07:00:00
94525f87e1e22156,2026-01-03 19:00:00
752e534e97d3fccf,2026-02-07 08:00:00
cd14fe351c4e376c,2026-01-29 14:00:00
93da76c91fe28b45,2026-01-08 03:00:00
2bfb532da7778ee0,2026-02-09 10:00:00
3a22f1a1fa1d0a4f,2026-01-07 05:00:00
e480b5547681473c,2026-02-09 16:00:00
3035e0c452fa510c,2026-02-02 15:00:00
200d973bb3e26be2,2026-01-30 23:00:00
7a7cdb6651187dd6,2026-02-10 03:00:00
50e5b96d1f738063,2026-01-20 22:00:00
09dea8cfe6e4b3c3,2026-01-30 01:00:00
17d23eeeccc56d18,2026-01-14 17:00:00
cae75f9f82b4c36e,2026-01-29 07:00:00
46730da6ef8fdf5e,2026-01-21 21:00:00
a5fb3a6e067890ff,2026-01-08 22:00:00
456afa1565ed1193,2026-02-05 01:00:00
292b2eff8ccefed7,2026-02-04 03:00:00
66a296a8eac7711c,2026-01-08 22:00:00
5e89e20746c29cd8,2026-01-08 18:00:00
d28e849873081351,2026-01-22 04:00:00
9a685b5037731db5,2026-02-10 06:00:00
e770e43459b4fe48,2026-01-16 02:00:00
7616a729d23f2204,2026-01-27 01:00:00
d4af5751a04903e2,2026-01-06 21:00:00
6a62d00fb63aec1b,2026-01-20 13:00:00
2ed66889261a33a1,2026-01-03 12:00:00
b3427c7dab436d89,2026-01-03 09:00:00
64fda6fdc8ac41f3,2026-01-16 15:00:00
40dbb8847159fa04,2026-01-02 17:00:00
5249e3975846e3f5,2026-01-25 11:00:00
0c790732f88f9171,2026-02-02 12:00:00
df777a6b088debb7,2026-01-24 16:00:00
edb38bd6702ecd42,2026-01-31 18:00:00
e195e9837727bfbd,2026-01-08 18:00:00
01d8cb5d0cfa7224,2026-01-26 15:00:00
656ce5d8f3640444,2026-01-19 05:00:00
06b20b39d2f19636,2026-01-20 01:00:00
3c5b758ab98790ec,2026-02-03 01:00:00
7e2c26ab283654b0,2026-01-30 12:00:00
a0b968f08a3ceea8,2026-01-29 23:00:00
ca912ca1967ee125,2026-01-23 07:00:00
0ba15b320253ad60,2026-01-08 14:00:00
f77604d4cbc334f3,2026-01-05 21:00:00
ec7603109b1ef4b2,2026-02-05 06:00:00
c573f3af29a29d63,2026-02-03 09:00:00
f16fa056cbce98f1,2026-01-27 10:00:00
bef99f66a4b68536,2026-01-19 13:00:00
ddc2673f9ef65b5e,2026-01-28 04:00:00
83f9db7e8e3d8804,2026-01-26 03:00:00
7ba2d67537f215c7,2026-02-13 00:00:00
eda959ee2f2511e8,2026-02-12 11:00:00
d1cc60a03a6ebd0c,2026-02-13 11:00:00
238f95a880381beb,2026-01-23 23:00:00
b68bd22c2c045941,2026-01-16 04:00:00
73a6856554407470,2026-02-10 06:00:00
0924a8d6a3f64de8,2026-01-30 03:00:00
d6ce6480e6eafe2e,2026-01-11 04:00:00
dc906b52e72bced5,2026-01-19 07:00:00
632384d8449aab7b,2026-02-11 23:00:00
0f445cfd1f3e9fa3,2026-01-13 02:00:00
2a8c76b16b3812b5,2026-01-27 10:00:00
fa59640c3ce45376,2026-01-22 20:00:00
65af6025b1356d28,2026-01-28 05:00:00
a9f7e2edbfb7bf2c,2026-02-10 20:00:00
873d2a35d50d4bd0,2026-01-30 20:00:00
c0d4d845b186fa01,2026-01-31 04:00:00
56b166d4c07be40e,2026-01-27 20:00:00
594ba748b60fd132,2026-02-11 03:00:00
64561ed964edb5ce,2026-02-07 06:00:00
ed88f439bcca75d3,2026-01-26 15:00:00
6ff075a31af6ee39,2026-02-13 13:00:00
d0a05a32998d4800,2026-01-01 10:00:00
05afd7c52a75e4fc,2026-01-27 12:00:00
0c78e7e1504cb677,2026-02-14 09:00:00
f5c2016987f4616e,2026-01-06 18:00:00
0640f03b020151fb,2026-02-14 15:00:00
c7cbf3823c79a084,2026-02-14 19:00:00
c6332c733754c7e6,2026-01-05 23:00:00
89d60bbdbe7fd4e8,2026-02-14 23:00:00
9a2a91e9c30a5fe6,2026-01-04 02:00:00
5dfe1f3f3fd2438b,2026-01-16 18:00:00
6ed0cd734944b5cc,2026-01-10 07:00:00
16ed4b0cdc852bc3,2026-02-10 19:00:00
1ad79dc6bcdae237,2026-01-13 20:00:00
d0efec3e5acce5f9,2026-01-11 11:00:00
31af811e1750ce89,2026-02-06 23:00:00
8a4523dc47575f57,2026-01-26 22:00:00
322de5e4dfda94f8,2026-02-12 11:00:00
fc3439d92c54c7d6,2026-01-17 09:00:00
6687afd95d958037,2026-01-01 06:00:00
f0d23d8b99d8c29a,2026-01-11 05:00:00
12d56ebdb891a7c8,2026-02-03 08:00:00
f0a1cce64528a838,2026-02-07 19:00:00
936f1712ccefaf4b,2026-01-05 14:00:00
2b38932eb67b1829,2026-02-02 03:00:00
98f91e9be707e730,2026-02-07 22:00:00
fd79160895e6ef9d,2026-01-02 12:00:00
b982644b89ff3e20,2026-01-31 10:00:00
8f22348ab05be4b8,2026-01-12 08:00:00
234a49cc627ab39a,2026-01-30 12:00:00
b58cf81b96ac7a93,2026-01-10 21:00:00
4a9a6694f6c63957,2026-02-05 09:00:00
90de1d3984231440,2026-01-02 06:00:00
3ae618301089ff12,2026-01-20 21:00:00
c7a377ec2e33e3d8,2026-01-14 03:00:00
9d18a7a96a160165,2026-01-20 12:00:00
7f17b03c8d1828c8,2026-02-04 21:00:00
b1137fd49f104020,2026-01-26 11:00:00
85f5a7ced76f5bcb,2026-01-23 12:00:00
6d42a31307ad152b,2026-01-04 04:00:00
59242711e1cab29e,2026-01-05 22:00:00
c0d787303a475f2b,2026-01-30 07:00:00
a0d7672e7ebfd3c4,2026-02-02 11:00:00
1cd38520efd928ff,2026-01-13 21:00:00
12fa5aca9e84f3eb,2026-01-11 18:00:00
5bf0e92425a20f69,2026-01-17 19:00:00
70ed91e68ef0cad0,2026-02-01 00:00:00
aceb88a885eb2ca9,2026-01-08 03:00:00
d0cc54bca7b6f1f2,2026-01-11 04:00:00
2290a94772a171e4,2026-01-06 01:00:00
9a029cafa316928a,2026-02-05 15:00:00
2a19eee8e6521dd7,2026-02-14 18:00:00
292db21159e3d4e9,2026-01-19 02:00:00
2f363b21ea8c41dd,2026-02-01 13:00:00
a31b25c7424c2940,2026-02-07 03:00:00
c9d531c872b1611e,2026-01-02 04:00:00
61ed42c8ae5322c2,2026-01-25 00:00:00
bbdd1ebcdeb7636f,2026-01-08 08:00:00
ae3f033f0ef5016d,2026-01-25 10:00:00
60c3ef8f931e6b6f,2026-02-07 01:00:00
6f6dc9aff89251fd,2026-01-05 12:00:00
66fa409ef1772684,2026-01-22 03:00:00
b6bd8cf2452b49b2,2026-02-08 04:00:00
2c55e6c10a41554c,2026-02-12 00:00:00
58f130e1dad31098,2026-01-12 01:00:00
8f031b8c98acd9d0,2026-02-14 00:00:00
498fc43b1f0fb0da,2026-01-29 16:00:00
3f84f0d08dbc1d8f,2026-01-14 19:00:00
434308c83b6ca6a1,2026-01-04 21:00:00
2239e60c2b3365b1,2026-01-11 05:00:00
cacaf60b0b1c3fe2,2026-02-04 22:00:00
c64228bdc45284a8,2026-02-08 14:00:00
3d90abce32cd7c70,2026-02-02 21:00:00
66dde257db38e286,2026-01-17 07:00:00
8a4eb03703139baf,2026-02-10 05:00:00
608050315d28dd57,2026-02-13 18:00:00
fefdf2964ed8fd4f,2026-01-20 09:00:00
c3d778a9e1da59a7,2026-01-16 22:00:00
c33e530464f0b1c6,2026-01-10 02:00:00
30af6d12e868935e,2026-01-10 13:00:00
4b3186afcea05ffd,2026-01-27 15:00:00
832821400802d4c6,2026-01-06 22:00:00
3e4ac4e1b329ea9d,2026-02-09 04:00:00
e98cbbae5e98f76a,2026-01-09 06:00:00
e1b72331e87a7f51,2026-02-05 15:00:00
fe8983a11ea8e2d9,2026-01-14 00:00:00
ffe44b1e04ccb24b,2026-01-08 23:00:00
b4184c90cc95e7a6,2026-02-08 10:00:00
cc984b98ad7d9160,2026-01-05 14:00:00
77ed0f028f515319,2026-01-28 07:00:00
af06178fbec30a0b,2026-01-19 12:00:00
6a9199dbf5755a05,2026-02-04 17:00:00
d9d8dc2f12e308fa,2026-02-14 03:00:00
b04b29893d18a1c7,2026-01-13 03:00:00
9305e8b56ba9ee3b,2026-01-21 22:00:00
d21d95aff8290c67,2026-01-29 14:00:00
5b624ddbb426dd92,2026-02-07 19:00:00
9efbd1a34dd01d8f,2026-01-21 19:00:00
a95cfeb6265d8026,2026-02-11 04:00:00
a3f3ec08e24a344a,2026-01-11 15:00:00
dd0570f0d219840b,2026-01-27 19:00:00
d2bfd165b5ac535c,2026-01-11 19:00:00
2d8c93bea8b27038,2026-01-24 12:00:00
aedb46201080d803,2026-01-07 14:00:00
b5bd17399f942001,2026-01-11 16:00:00
7f431715e82f47f9,2026-01-13 00:00:00
c604981c75613941,2026-01-16 08:00:00
47fcf1e921a69b50,2026-02-12 08:00:00
366e864beb7f0dd3,2026-01-12 20:00:00
ac8eaa9fafd11216,2026-01-16 11:00:00
3c1aaead686643d9,2026-01-29 14:00:00
05b5700626ccfe53,2026-02-04 09:00:00
c09843227ee696ba,2026-02-06 13:00:00
e60c448c672a5795,2026-02-06 03:00:00
7bcb95b905a2e5e6,2026-01-27 15:00:00
d2ce71ce527b99f2,2026-01-31 02:00:00
7fcb79055fffa40a,2026-01-26 12:00:00
2c385deedfb04658,2026-01-11 20:00:00
4f3b8536a86239a4,2026-02-04 02:00:00
c831159613d45867,2026-01-14 10:00:00
db7345b64ac831d2,2026-02-07 10:00:00
f9d730ec5d8c0f61,2026-02-02 04:00:00
fe9cdee9b1f5bb01,2026-01-29 16:00:00
c059ccdeeebe6f9b,2026-01-01 22:00:00
8f6e265f5a14e8ab,2026-01-21 03:00:00
4592b6b7df7902b4,2026-01-29 01:00:00
6f9cd54d286abef3,2026-01-07 00:00:00
e0ff57754ebe9a92,2026-01-28 03:00:00
1d9a0b426b9eccd6,2026-01-29 17:00:00
9f1e98038e6e6f9f,2026-01-20 09:00:00
624a23fa1d47205e,2026-01-27 03:00:00
83638a7b585a5c14,2026-02-09 06:00:00
4b093bea4b603124,2026-01-27 08:00:00
c6fff18544052941,2026-01-29 08:00:00
a283747b181e405a,2026-01-05 22:00:00
171d2716c9241cd5,2026-02-06 21:00:00
927a627be59217d3,2026-02-06 01:00:00
3a7e1c3ee697cd36,2026-01-17 04:00:00
5736339fdbb70a64,2026-01-30 06:00:00
9e072db4bd96b791,2026-01-31 15:00:00
10f714feb7162c01,2026-01-29 05:00:00
e8580cea092fd19f,2026-01-14 15:00:00
ae1a71d284858fbd,2026-01-09 01:00:00
5510aa0cf673df51,2026-02-04 19:00:00
010217a8ac6453e5,2026-01-08 09:00:00
a5acec8388a337a1,2026-02-09 01:00:00
3fc5c156a1b48962,2026-02-06 16:00:00
ebc4c8fa122b96cf,2026-02-03 09:00:00
b697a72b0c901f8a,2026-01-14 07:00:00
17dbd19c4ac81b67,2026-02-07 04:00:00
604f213f0df2d369,2026-01-31 08:00:00
030552de9bbb1ab1,2026-02-13 11:00:00
4d4e2e38accb4e49,2026-02-10 05:00:00
e45bcb61f6c05b8c,2026-02-04 04:00:00
0be3bb7ba2295b3f,2026-01-20 06:00:00
4cd418323fb07c85,2026-01-28 08:00:00
8d77f95faa97797f,2026-01-29 06:00:00
ac8b93045dd18000,2026-02-10 13:00:00
9645ef7fe2888053,2026-01-31 18:00:00
69c4f56311cb0042,2026-01-29 22:00:00
a5abf6ea15246341,2026-02-08 15:00:00
54fe1217756b3f82,2026-01-11 05:00:00
9beec0b4a683c65c,2026-01-19 00:00:00
468cd1c6ddf718de,2026-01-31 08:00:00
a669746b80bf7c19,2026-01-20 14:00:00
88dfd2b1d8a399ea,2026-02-03 19:00:00
480fe75c124ed516,2026-01-26 04:00:00
6302abd7f3212ba3,2026-02-13 23:00:00
01e4cf99f9880b3d,2026-02-01 18:00:00
538e4dc0375eaf09,2026-01-14 18:00:00
1ccf3b00378a3af5,2026-01-20 02:00:00
5b50460b5d273a5c,2026-01-11 15:00:00
2960678a11ac14df,2026-01-22 08:00:00
890dd6aca93ce7cc,2026-02-09 04:00:00
cf0c1f1547cdc73a,2026-01-03 02:00:00
9e52ba948fcd686f,2026-01-21 23:00:00
7a58e72b974ee15d,2026-01-11 13:00:00
e0849c54a2323755,2026-01-12 04:00:00
523ba8399d2d8ad0,2026-01-05 17:00:00
f01a5f38d709772d,2026-01-28 16:00:00
90310e54d308bd56,2026-01-11 07:00:00
56de742477be349d,2026-01-09 21:00:00
1993a4f17f2facb2,2026-02-12 16:00:00
112b7461c284078b,2026-02-13 06:00:00
f464f377a6486001,2026-01-06 06:00:00
61442994101e4eca,2026-01-14 05:00:00
091e96781a181d05,2026-02-03 08:00:00
1074400476f71335,2026-01-06 14:00:00
f284a1053fc13ed1,2026-01-20 20:00:00
132632f65640a703,2026-01-05 10:00:00
3c4ac170a66f849b,2026-01-23 00:00:00
7e363e88e0c2e0bf,2026-02-02 17:00:00
27e80beaa8a837b7,2026-01-17 19:00:00
82dddb5947e7ca49,2026-01-17 08:00:00
842b5afbaee954b4,2026-01-21 22:00:00
e45a8ac6542765fd,2026-01-01 01:00:00
777844806c0eb1d5,2026-01-25 18:00:00
6b3558ecdd1bd8d7,2026-02-01 18:00:00
77c37dd72d5fbae4,2026-02-13 20:00:00
11ff2e44ca3bdc1a,2026-02-07 20:00:00
afb07ffda3772d2b,2026-01-01 06:00:00
b64322381dcb00b4,2026-01-29 01:00:00
85b05c1ccdbc40a4,2026-01-19 16:00:00
d5eeb772184431fa,2026-01-02 07:00:00
0d383e131ed1edb2,2026-01-13 23:00:00
360d96768f244fa2,2026-01-06 04:00:00
177f837b516fd143,2026-01-19 02:00:00
31d67adc2c8e5229,2026-01-31 07:00:00
4fbe650d3f8229de,2026-01-29 20:00:00
3397cc1b164a51f5,2026-01-02 16:00:00
543433a6ac24b264,2026-01-31 14:00:00
80aba288c30dcf41,2026-01-15 11:00:00
9b6416364f2101e0,2026-01-11 06:00:00
b13550aa8b5b3ca7,2026-01-25 00:00:00
5f0aa350bcdf1dca,2026-01-17 07:00:00
b1233dbdce2a71d1,2026-02-11 17:00:00
e69b414075356527,2026-01-01 13:00:00
21b384df0a7952ac,2026-01-16 02:00:00
4223856fd439a96b,2026-01-15 00:00:00
3f43329f49415bc5,2026-01-08 15:00:00
b3f142b7a4f68560,2026-01-09 22:00:00
4cfefe2c61a274a2,2026-02-11 08:00:00
82da22e5bb9d72e4,2026-01-09 10:00:00
43dedbba4ba65829,2026-01-10 23:00:00
809febab34d189c5,2026-02-02 01:00:00
3c41b311fc1fe4ba,2026-02-10 20:00:00
8b16c4e48b4338d2,2026-02-05 14:00:00
5f5c3efc3903adfe,2026-01-09 06:00:00
a3d78e5629fa073f,2026-01-16 01:00:00
c7f1aeec06cdaf22,2026-02-07 10:00:00
7ab2ddd215b103c7,2026-02-01 15:00:00
549b7e0c4ea5395f,2026-02-01 23:00:00
929aab8f5a825d73,2026-02-07 17:00:00
a7c0f01a2a71fe12,2026-01-01 23:00:00
98438f803fc065f4,2026-02-09 05:00:00
6f49ea19d9f4c95c,2026-02-03 05:00:00
486baf8b8361cd07,2026-01-04 22:00:00
84d75bc7ff33f1d9,2026-02-09 02:00:00
ddf4371a905025c4,2026-01-01 09:00:00
5bf640fde551b9b5,2026-01-29 06:00:00
beeabc431ac16668,2026-02-13 20:00:00
4c99684afed1fe36,2026-02-04 15:00:00
03254655fa65b27e,2026-01-21 07:00:00
748656476e115ca9,2026-01-21 10:00:00
ff0ec34cf947b6ad,2026-01-09 02:00:00
d42fa3b29100c314,2026-01-30 02:00:00
96e340f53380bcb3,2026-02-12 14:00:00
0b71cccb80de72d1,2026-01-16 21:00:00
c4d89664a1e280b8,2026-01-01 07:00:00
c33d8fdb813a609d,2026-01-29 15:00:00
212f38bdf2bf92af,2026-02-08 03:00:00
7150f99e41a3de32,2026-01-27 07:00:00
348e4800ada0ea45,2026-01-11 19:00:00
81c1752e3f821d37,2026-01-24 23:00:00
747ae35aa35a1f96,2026-01-12 02:00:00
de75f0aff4354d0a,2026-02-01 15:00:00
48d81042755855d6,2026-01-16 08:00:00
a4edee20b17a27e6,2026-01-09 18:00:00
aded30ea1802316d,2026-02-06 08:00:00
4a0354d25bc1279e,2026-01-24 09:00:00
955af2e610c1a8fd,2026-01-07 01:00:00
fd4126d793f5139b,2026-02-13 17:00:00
3897a5f6f41d65f9,2026-01-30 22:00:00
872c7b662bf8fd2b,2026-01-13 08:00:00
823b757135118562,2026-01-05 22:00:00
ce9faeae83da2f68,2026-01-16 19:00:00
fa30e6c2c7b73aee,2026-01-15 13:00:00
0f238e9442fb7b91,2026-01-17 17:00:00
f392f39f30bbb17a,2026-01-04 09:00:00
d1ae6f40dd7d61c4,2026-01-17 21:00:00
570a013164f76258,2026-01-04 20:00:00
7bf095859aaf1cb5,2026-01-21 05:00:00
331448e53a432e3b,2026-01-19 08:00:00
dd0ac23dc84c122e,2026-02-05 15:00:00
b513fc621d728f95,2026-01-12 18:00:00
4e38cecadaaef912,2026-01-05 09:00:00
388ebf22c1475053,2026-02-03 04:00:00
f1b8c8244f0db828,2026-02-02 11:00:00
053139fe97e6af1f,2026-01-27 10:00:00
3179cc7140335d49,2026-01-11 10:00:00
ea4c1140c61e3cf2,2026-02-11 09:00:00
d03c8a97396c6c7f,2026-01-09 07:00:00
7c03b66753a06ca0,2026-01-16 02:00:00
9adbd07bf5865096,2026-01-25 08:00:00
3bdd67e279914f49,2026-02-10 01:00:00
402b514b058b5885,2026-01-22 16:00:00
b501eaa7724456cd,2026-01-18 04:00:00
d86ad232088fcbb3,2026-01-31 13:00:00
f979ec5d3d4137e4,2026-01-20 02:00:00
00b8d52ac64ae251,2026-02-10 14:00:00
d063ba33dc1c6723,2026-01-25 20:00:00
d2f03130f8b7c121,2026-02-13 09:00:00
11143ec4082c6f95,2026-02-04 14:00:00
7a288dff8bc8514f,2026-02-05 01:00:00
274fda3136714a5f,2026-01-30 23:00:00
eecc9ad8183ea80c,2026-01-10 22:00:00
02f9ad0ea1a688ff,2026-02-10 04:00:00
d6eb4d2eedabbba8,2026-01-11 04:00:00
57ebd10e98ed7d54,2026-01-03 12:00:00
286adb8f1f3640b4,2026-02-11 17:00:00
e0220c17984b0722,2026-01-18 09:00:00
60b8c253f222d8e0,2026-01-30 16:00:00
ccc204600451cbce,2026-01-09 09:00:00
d77109c9f35be20f,2026-01-21 00:00:00
6060510a24d83784,2026-01-28 09:00:00
ac5b2ea1106b8aeb,2026-01-27 04:00:00
5bae40499aa3e37e,2026-02-06 08:00:00
a26213290df36b61,2026-02-06 03:00:00
d38d6c7dd5d2526e,2026-01-10 12:00:00
5178ca2867e867c4,2026-01-23 03:00:00
3e0ac4133526b0cc,2026-01-04 22:00:00
2c7e2a0a2d501bf5,2026-01-22 16:00:00
bffc1eecbd7b105a,2026-02-03 02:00:00
2ac8e25f58a91171,2026-01-30 12:00:00
c2052440cd3f3136,2026-01-15 00:00:00
b917ef2af7989b33,2026-01-14 07:00:00
787193421a6d4b33,2026-01-31 17:00:00
d3da6a92d0a12fac,2026-01-15 04:00:00
17c93f74bf355912,2026-01-19 07:00:00
7f2f6ec17e957d8f,2026-02-08 11:00:00
bf0c00b181626858,2026-01-04 19:00:00
3ea444afc20dfd26,2026-02-03 08:00:00
4a8fcf26387cca0c,2026-01-24 19:00:00
4f81bd985167bae5,2026-01-22 14:00:00
0da9c327a467c3a1,2026-02-11 10:00:00
0d86fd3db60c612f,2026-01-08 16:00:00
ebbd2a57aacca23c,2026-01-11 21:00:00
6fadfde4290d3df2,2026-02-07 08:00:00
0921d6b6df44966d,2026-01-12 08:00:00
f770593a81588653,2026-01-14 09:00:00
315aaa99d7488100,2026-02-12 00:00:00
9b01f8115dec6d5d,2026-01-25 16:00:00
1abc3f71db7a8ad5,2026-02-10 17:00:00
771ccb67d475d609,2026-01-23 20:00:00
e69b6e4d3275b222,2026-01-05 11:00:00
a78e67f8ee49c4f1,2026-01-03 15:00:00
def7621340c45116,2026-01-19 08:00:00
4ed46baba8325069,2026-01-14 04:00:00
633ee130c89ef55c,2026-01-17 06:00:00
6a20f83557de3383,2026-02-03 21:00:00
1e68b231de3de030,2026-01-20 02:00:00
465473ea9ed49ec1,2026-01-29 02:00:00
1a8125b498ef645e,2026-02-08 01:00:00
68047495d341369d,2026-01-05 20:00:00
ff90f0e46fa17f00,2026-01-19 21:00:00
e269869613e2ffb4,2026-01-28 04:00:00
ece5c14552cf4837,2026-01-01 20:00:00
e9a2486c3c7b2ed3,2026-01-17 07:00:00
71656504647ca5e0,2026-01-19 03:00:00
3f13fea37d4b6ac2,2026-01-21 20:00:00
64db57fcdabe232d,2026-01-15 10:00:00
118767a88be7fa66,2026-01-30 11:00:00
5d765d4bc093d30e,2026-02-04 15:00:00
440e766963f483ed,2026-02-12 07:00:00
b9490287f7ca149b,2026-02-03 19:00:00
577ef44f72920514,2026-01-20 09:00:00
0e44fbd63784c4dc,2026-01-05 18:00:00
6b0595d49c13a298,2026-02-14 09:00:00
379a5a840360268e,2026-01-05 07:00:00
5f147b34ad7207c8,2026-01-24 02:00:00
77f389403251a19d,2026-02-04 07:00:00
790b833062c55eae,2026-01-10 21:00:00
830dab702e7a76a1,2026-01-27 15:00:00
6aaaa68cf6d42b59,2026-02-01 07:00:00
df2e701de44c7655,2026-02-03 09:00:00
dd21da5cc81486da,2026-02-09 22:00:00
c6c0fc28ae6231b2,2026-01-07 06:00:00
85014bf9f56edd60,2026-01-17 14:00:00
070c29e174712775,2026-02-05 09:00:00
d15aebb25c67c7c9,2026-01-15 18:00:00
a0d9bc6ab213b5cb,2026-01-07 04:00:00
086abc4e8bbf8625,2026-01-17 13:00:00
0f4a65848e89dee8,2026-01-08 15:00:00
ebc9a936fe995f98,2026-01-01 02:00:00
588ce7773ed3eb4c,2026-01-30 09:00:00
f09c54eb4eb2eaa3,2026-01-22 16:00:00
c3c41707a14a3e60,2026-02-07 19:00:00
27c19335a4e89638,2026-02-04 15:00:00
23f8f3cd035fc51a,2026-02-06 08:00:00
a0556af9e24de4cb,2026-02-03 21:00:00
903754299d74e210,2026-01-22 10:00:00
3bba11bee35ffce2,2026-02-07 16:00:00
a25a0d518601531c,2026-01-05 21:00:00
16448b86b30f26d2,2026-01-21 09:00:00
746569523cae71a2,2026-01-09 05:00:00
3703ff4851b82735,2026-01-29 04:00:00
e98922e3db289c69,2026-02-01 20:00:00
dfd36bfe6c638ff7,2026-01-12 21:00:00
38f810a9d7f556a3,2026-02-04 20:00:00
a1a350b27d0dd10a,2026-02-03 01:00:00
bd3202d8dacfff6c,2026-02-02 00:00:00
bb334fe6b88a4c0f,2026-01-04 13:00:00
fcffa48f2bedaac0,2026-01-09 08:00:00
4eaa63f3fcc45449,2026-01-12 01:00:00
d67b3c7ae969ccab,2026-01-08 00:00:00
ca1bcb7c6a7a2e15,2026-02-12 06:00:00
3dd7dbaeef7adee7,2026-01-25 18:00:00
7f223ca253eb2d1e,2026-01-11 02:00:00
ff2114ae7262ba6c,2026-01-06 01:00:00
08932ac1aa920220,2026-01-07 11:00:00
7a99ffcc51f9bcf7,2026-01-18 13:00:00
ef201bd70939ff2f,2026-01-04 10:00:00
89b83b701fc40479,2026-01-02 16:00:00
56f377aa83b12472,2026-01-05 05:00:00
b15b06ab8399c8e7,2026-02-05 05:00:00
7ec3cffcf0f5910e,2026-01-06 21:00:00
82d4ebf7dd8df773,2026-01-02 22:00:00
c2a56dfbc2887e12,2026-01-05 14:00:00
43d7846d37e74624,2026-01-24 04:00:00
6c2f265e5b1a5810,2026-02-10 08:00:00
01b1e0a96dd83ea1,2026-01-14 02:00:00
ed9038bcdffd8995,2026-01-10 19:00:00
e2ce4acee24fef8c,2026-01-11 00:00:00
a3d16d5a23e17b7e,2026-01-20 17:00:00
b7bf6a927cceef92,2026-01-01 18:00:00
4cf34b822303ca7b,2026-01-24 00:00:00
4a05d74245d552f8,2026-02-02 22:00:00
240e02a3785f4529,2026-02-10 05:00:00
177d475a06ac826f,2026-01-28 10:00:00
bb678782e5ec6f07,2026-01-01 09:00:00
1207afd0c8d551e7,2026-01-28 23:00:00
f4e33ce9de30af5a,2026-01-19 20:00:00
bde32513e6d52886,2026-01-04 23:00:00
89cc54a3cdef0717,2026-01-20 05:00:00
c03c6aca3f3a259b,2026-01-11 15:00:00
0e46cdbedf30a9e7,2026-02-12 19:00:00
0f4cdaf49b67d9fa,2026-02-03 13:00:00
039c7b36b73db199,2026-01-17 08:00:00
c73ec6e28578d801,2026-01-09 13:00:00
31797f17e9732495,2026-02-08 15:00:00
d07029a5f792ed43,2026-01-16 20:00:00
cfe68c8677441325,2026-02-04 17:00:00
eb329e6cb5c2f39c,2026-01-30 11:00:00
222846f4256242dc,2026-01-25 08:00:00
24e4532fb518af05,2026-01-28 22:00:00
15d61ee1e532deb3,2026-01-01 06:00:00
504b41e65f98734e,2026-02-09 09:00:00
c4b3bb930da3e695,2026-02-14 02:00:00
de386625cd7575b9,2026-02-05 20:00:00
b520d25f416ea7ee,2026-01-26 07:00:00
9bc9b325da91d356,2026-01-18 00:00:00
3f2fc60df7dba8fc,2026-01-17 22:00:00
f73ba76b8f668824,2026-01-20 12:00:00
4550d4b26daeb7b7,2026-01-28 11:00:00
905dcb7e3a09e07d,2026-01-20 07:00:00
6c1be80f1d5db25a,2026-01-14 04:00:00
fb93207ac598e7f9,2026-02-13 17:00:00
09102f4dca4c4c4b,2026-01-21 14:00:00
4842af8ed2dbe9f4,2026-02-01 00:00:00
a0237e45898902f0,2026-02-08 02:00:00
18f801c0253bcf60,2026-01-03 22:00:00
591e735d4fcb479b,2026-01-04 08:00:00
4dbde196768ae1cf,2026-01-21 11:00:00
98eac71da582991f,2026-01-25 20:00:00
c858cf4d0556b4c8,2026-01-14 03:00:00
e10ec0ab9f1c955b,2026-01-04 20:00:00
867ec8dc4a2781ed,2026-01-28 13:00:00
a674ddf884df75ad,2026-02-10 08:00:00
78bd8a7a32b40050,2026-01-17 11:00:00
8f420deecc6e9793,2026-02-13 17:00:00
30df3be7d1c434bd,2026-01-07 01:00:00
074b4a4f679cb6f7,2026-01-16 20:00:00
8c2f354086414fe5,2026-02-07 22:00:00
44205985ad388864,2026-01-18 05:00:00
aa31125d3c42b8eb,2026-02-09 00:00:00
5038e3b0f3704d99,2026-02-03 08:00:00
f3db51847eb046a8,2026-02-10 23:00:00
ddf08b0d92841df5,2026-01-01 04:00:00
618e7527179ac4fd,2026-02-06 10:00:00
329b2de8041da921,2026-01-23 14:00:00
b0c3ef366bccedf8,2026-02-06 15:00:00
aad29a5eef47ab60,2026-02-09 21:00:00
6b78fb664d8a6c84,2026-01-18 23:00:00
65558762d6c7ef7f,2026-01-14 04:00:00
9d1922c363c92ed0,2026-01-27 09:00:00
e7edd711dc18d2cc,2026-01-03 17:00:00
77e2bce5f881f946,2026-01-05 02:00:00
d57412b8e2a54b08,2026-01-07 05:00:00
432cf55e4464d612,2026-01-08 14:00:00
6b90d3501cc3b70a,2026-01-14 14:00:00
a2126dd38e58bdce,2026-01-06 15:00:00
3ffd370c38c591ee,2026-01-04 18:00:00
38fc1785f2681613,2026-02-11 04:00:00
21ded754a6e9b497,2026-01-09 15:00:00
947bebea60a2e997,2026-01-31 19:00:00
c6289029d1c4453d,2026-01-06 21:00:00
9b4ec9d5d360d0a1,2026-01-22 12:00:00
8277262ea856693a,2026-01-04 14:00:00
5d320fea2b111638,2026-01-28 10:00:00
adb21eea1da9fade,2026-01-31 13:00:00
807d7de1d019dd48,2026-01-04 06:00:00
ba843983981665b5,2026-02-01 11:00:00
ac3f55cabc70bf0d,2026-02-08 00:00:00
4223e885040afb0a,2026-01-05 18:00:00
61d63b1321cc1a5b,2026-02-12 03:00:00
9e321883e1e1ba7f,2026-02-14 16:00:00
7f4cc29566315770,2026-01-16 04:00:00
583f66d34dc439e9,2026-01-22 00:00:00
0a09df0224c4b4eb,2026-02-11 19:00:00
096b664f71e69130,2026-02-09 03:00:00
42930ca76910813b,2026-02-04 20:00:00
860cee7a1b3de8f2,2026-01-22 02:00:00
ae217cb99fabff08,2026-01-02 21:00:00
03d6dde3e2cfc53e,2026-01-15 22:00:00
66402b150545334e,2026-02-14 11:00:00
c6709c99fb7e9a6c,2026-02-03 19:00:00
4e9e1782ef1aaa1f,2026-02-14 06:00:00
f4d7a667087e3c24,2026-02-12 00:00:00
60ced6fb3988550b,2026-02-09 06:00:00
1e16d134df943dd3,2026-01-11 16:00:00
0fea6e82249b1446,2026-01-03 15:00:00
57e2f8c2e78a78b8,2026-02-05 22:00:00
f2942250a0fa1688,2026-01-31 05:00:00
ec85150b45e17930,2026-02-02 09:00:00
ada44050a975f259,2026-01-26 23:00:00
d5b9687d015456f9,2026-01-29 17:00:00
8e8a1c89fcf7aded,2026-02-06 05:00:00
ab3018d338371fcf,2026-01-06 19:00:00
8b1ec1bc4a9a612e,2026-02-01 04:00:00
de21a1d10187cffa,2026-01-26 07:00:00
bbb13e6e7835b9fa,2026-01-10 03:00:00
b887d1a46ed223ca,2026-02-07 14:00:00
8f5df31a9b7cb0fd,2026-01-17 07:00:00
e19294af12c33636,2026-01-30 17:00:00
b4d8a3af02fc193a,2026-02-04 14:00:00
3f44291081e571e0,2026-01-04 08:00:00
2a1af026ba355076,2026-01-11 19:00:00
929d8d4728c90e4c,2026-01-28 12:00:00
f094c48b535e4b1f,2026-02-12 22:00:00
e89d770eedd5ba99,2026-01-10 01:00:00
d484088681544323,2026-02-14 07:00:00
6717b6b7f3d6abdc,2026-01-11 00:00:00
edd41fea8b81370e,2026-01-26 17:00:00
6be099744352d309,2026-01-21 23:00:00
cb6bc7cdfe6e26f4,2026-02-04 23:00:00
725f9212269014cd,2026-01-12 04:00:00
2a958035555b6401,2026-02-04 02:00:00
0ca5e2151c728361,2026-02-10 04:00:00
cc29d062115dc761,2026-01-07 03:00:00
1db9f54357b56528,2026-01-23 07:00:00
0eea7d094dfa3995,2026-01-09 22:00:00
2328320cd569bba8,2026-01-25 01:00:00
18d992158556b217,2026-01-02 11:00:00
0a816747e2a18d9c,2026-01-12 04:00:00
d797866774e78da1,2026-01-15 22:00:00
7001e8f83e12dfcc,2026-02-12 07:00:00
34be4ceabb3f912e,2026-02-08 16:00:00
e1cc0d246a10109b,2026-01-16 04:00:00
3f33b517ec7133f4,2026-01-05 04:00:00
4a0e4d1e36477f7e,2026-01-15 10:00:00
aabc3f47f2d762ca,2026-01-05 21:00:00
1c867922717aaa46,2026-01-21 03:00:00
f21f8d0f785cd301,2026-01-22 13:00:00
8273e6188906daa6,2026-02-01 21:00:00
0dda1042c69f7b89,2026-02-06 19:00:00
d539401ef2695d36,2026-01-23 01:00:00
32b839de6f81206f,2026-02-04 04:00:00
09f2dbc6d84c12ef,2026-02-12 07:00:00
f27941bdfb3b6598,2026-01-12 18:00:00
f85869c28524956a,2026-01-24 23:00:00
f366848b1dccfc55,2026-01-01 16:00:00
be2bdc3c0dd96679,2026-02-12 19:00:00
ec06fe7baf6e77e1,2026-01-27 23:00:00
8d72e3e3ec877a3f,2026-01-10 07:00:00
6865fb4022e8052a,2026-02-04 22:00:00
842263cd207e9055,2026-01-14 10:00:00
711e93fea2afb95a,2026-02-08 00:00:00
7b97b86dd1bfe6b3,2026-01-25 00:00:00
803fe9b91b92d97f,2026-01-01 17:00:00
a2364cbf418b3fd0,2026-02-06 21:00:00
4a7d6de2e56fac5e,2026-02-09 10:00:00
124a0ea22102aede,2026-02-11 00:00:00
d1018ecef2f3e8fd,2026-02-02 03:00:00
312054118e2394f7,2026-02-03 10:00:00
3453f88cabf3e329,2026-01-18 08:00:00
9c106ec8e16c1a9b,2026-01-28 20:00:00
c011c481bb7938b8,2026-02-05 05:00:00
265aca077722a42b,2026-01-19 16:00:00
a4464ae51c1f0d0f,2026-01-26 00:00:00
02edec19ab8bfe47,2026-01-22 21:00:00
5f4f7e77a437f1b2,2026-01-29 08:00:00
4e1ea0d2094a28ed,2026-02-04 16:00:00
2942fad8038d9486,2026-01-25 20:00:00
79223e4fb075c7fc,2026-01-16 01:00:00
b2e0566741c5870c,2026-01-11 23:00:00
ae165b0cb5667ec8,2026-01-07 09:00:00
e94bffa90c8f1a45,2026-01-17 16:00:00
d0451c2e83acd7cd,2026-01-10 09:00:00
80671a40c8e8b648,2026-01-24 13:00:00
889b81bcd745b967,2026-02-13 19:00:00
998828288fe391f3,2026-01-01 14:00:00
295ae13453469e91,2026-02-07 22:00:00
6781cf9550448fe7,2026-01-17 17:00:00
1391fc8cbd3a0c71,2026-02-05 07:00:00
b358df4325b98d55,2026-01-14 22:00:00
52c7a854cb22fb24,2026-01-14 02:00:00
95b057028df56e50,2026-01-31 04:00:00
f11768f801796727,2026-01-17 02:00:00
f865bb911e96822b,2026-01-03 20:00:00
b309ddb654254fba,2026-01-10 19:00:00
40bf38701905bc22,2026-01-30 13:00:00
6a94a9bad0a40199,2026-01-04 00:00:00
fb55b1fd59f3315b,2026-01-05 11:00:00
7c46914356cd2684,2026-01-09 03:00:00
db4dce81a29a0a47,2026-01-05 12:00:00
2929edb09f66bf6f,2026-02-08 00:00:00
e571816db8ca3e95,2026-01-14 15:00:00
93e593a6e946c89e,2026-01-14 14:00:00
4ca9ab8962119b74,2026-01-01 17:00:00
dd0136d047317245,2026-01-14 19:00:00
f12daef394b33437,2026-01-28 00:00:00
1943e6d5eb60ff6a,2026-02-10 21:00:00
0c452b29e32a335c,2026-02-14 16:00:00
b82b85e148587fe8,2026-01-08 11:00:00
544dd17e44269739,2026-02-01 01:00:00
f7a6a1435febfa18,2026-01-21 01:00:00
1f18895bab20a1a7,2026-01-15 20:00:00
6a3bc4805d3227f2,2026-01-08 11:00:00
1e2142bd68055c8c,2026-01-09 05:00:00
cc06ae1ced48cc40,2026-01-17 06:00:00
d666507fb7e71952,2026-02-09 10:00:00
b91add705fe85499,2026-01-15 23:00:00
69a0bb9dd1740516,2026-01-06 22:00:00
1bdb44076ce62bfd,2026-01-27 10:00:00
f6310b411e8b584b,2026-02-02 00:00:00
40d48644c7aa2994,2026-02-08 06:00:00
4c35642f55b08f89,2026-01-26 19:00:00
c3b8e2d2a8b14819,2026-01-20 00:00:00
9c7e4966838f9b48,2026-02-07 15:00:00
99048313b47ecfdd,2026-02-04 12:00:00
5ef1d71cfb9958c3,2026-02-09 15:00:00
9289df36359aaa37,2026-01-09 01:00:00
95a789d643452321,2026-02-05 22:00:00
4e4b7723dc4196ac,2026-01-26 13:00:00
069d279baca32029,2026-02-12 17:00:00
b27184c0aadd7d98,2026-01-07 22:00:00
e0f21288ea7d8c15,2026-02-03 14:00:00
fc629b4ecd6cb025,2026-02-12 12:00:00
67ff0f4abd6312c8,2026-02-07 16:00:00
a92d5d236d3b6fd6,2026-01-04 00:00:00
24f3b14cea49b36e,2026-02-11 17:00:00
9da7fd69018cc6fa,2026-01-29 01:00:00
88ee20a197a70646,2026-01-28 22:00:00
bbd121b146556017,2026-01-29 01:00:00
8650ff752627f0f6,2026-01-03 13:00:00
6c5e26bb25925bb6,2026-01-25 00:00:00
b901c8459f78948c,2026-01-23 22:00:00
17fcbbdf55177090,2026-02-08 11:00:00
1be0be89b3d3157a,2026-01-10 14:00:00
7ddf59a65353ab11,2026-01-13 13:00:00
48d5691ddda03fd6,2026-01-05 02:00:00
4db420ddb3ec0462,2026-02-09 04:00:00
c4330fde77028eaf,2026-02-09 01:00:00
d1f18801b1c19c41,2026-01-14 20:00:00
47a0b3b0c0cb5f8f,2026-01-08 08:00:00
97b204eb6dc6dcff,2026-02-12 22:00:00
306ab7fbab1aaad4,2026-01-18 02:00:00
4bb583cc13e1cb2f,2026-02-05 22:00:00
363b38cafba0e403,2026-01-30 18:00:00
070b7d6d82d94d07,2026-01-21 16:00:00
1df884d328c66145,2026-01-03 20:00:00
049a931b3ce47d7e,2026-02-14 05:00:00
a459b03eb902bef8,2026-02-02 04:00:00
b3afeb4ec756e1f2,2026-01-15 08:00:00
ec5fcffba3731777,2026-02-04 08:00:00
9028b129c57aa6b9,2026-02-07 02:00:00
3067c72617e8f955,2026-01-22 03:00:00
5218552974fb17f3,2026-02-09 03:00:00
0c186b6fa3f3217f,2026-02-05 16:00:00
39e4a48c15c64892,2026-01-05 22:00:00
5537d57500e9eb27,2026-02-03 18:00:00
c3743f0e7a04d784,2026-01-27 15:00:00
d256a65efc1b81c0,2026-02-06 13:00:00
bfe5d5e5f540d3de,2026-01-27 11:00:00
44f0f1ba72745d09,2026-01-03 22:00:00
455902d2188a6105,2026-01-21 07:00:00
5e2d11170c27ac93,2026-01-14 18:00:00
d130281c41aca020,2026-02-04 15:00:00
913c4c39faf0c71d,2026-01-05 05:00:00
b777cd7f586d9a12,2026-02-12 08:00:00
9207f28b25171aa5,2026-01-10 12:00:00
b0bec93ff428939b,2026-01-27 22:00:00
62f38e1c2e826977,2026-02-03 15:00:00
75a59f5f1eb9753a,2026-01-17 19:00:00
51b00cccee31890b,2026-01-01 09:00:00
269ebfa35d3373bf,2026-02-05 06:00:00
43852780c3f34cfd,2026-02-07 17:00:00
cc36e35d980c4cd4,2026-01-18 22:00:00
ba2a61059232c6e9,2026-02-07 07:00:00
d776155df19181ad,2026-01-04 03:00:00
e585088fecdfe45f,2026-02-10 20:00:00
75f85f5cee48097c,2026-02-10 17:00:00
d5e25310a8797e58,2026-01-30 23:00:00
b8a1ae21b0060b17,2026-02-07 14:00:00
1454e5a521afcfaf,2026-02-05 10:00:00
d56466ee77dde1ec,2026-01-06 19:00:00
c346caae341249f2,2026-01-17 21:00:00
f1289498312e0bc6,2026-01-16 13:00:00
502f051e7d0c5125,2026-02-12 16:00:00
4ef91c1df8b3d121,2026-01-15 19:00:00
2812113ef1bbbae5,2026-02-04 01:00:00
ee9a529dc2270a58,2026-01-15 21:00:00
04103d332061f550,2026-01-06 00:00:00
9f54c5791a13587e,2026-02-05 16:00:00
b0f6c9e743f04b0d,2026-01-30 03:00:00
0cd5037fe6f9081c,2026-02-03 10:00:00
857707283558d425,2026-01-10 03:00:00
cc75184e33679dc9,2026-01-27 22:00:00
c1513d9d72123624,2026-01-05 20:00:00
28db1ca86357de17,2026-01-04 22:00:00
1e4fb7712688e09e,2026-01-21 05:00:00
671c78a25a31b2b9,2026-01-11 20:00:00
a19837a00e44bd58,2026-01-22 07:00:00
2c7a3493c4184c57,2026-01-02 03:00:00
64add8fb13efd7fd,2026-01-28 03:00:00
5b9e0961b21645f2,2026-01-20 07:00:00
3cc8c7619f26fc34,2026-01-29 23:00:00
2a2d9717447f6933,2026-01-27 03:00:00
b7ca7c1f0739887c,2026-01-28 21:00:00
1e296ee969ed34f7,2026-02-13 06:00:00
7ed5d84ad9f477f0,2026-01-30 10:00:00
cb0015b7f5f16783,2026-01-04 14:00:00
023e747ae4b0b075,2026-02-09 19:00:00
ed19ad0bcd2b1d96,2026-01-23 12:00:00
053379cc49dcdcae,2026-01-15 03:00:00
37e977b3ed816f68,2026-01-09 01:00:00
e6a57752d16c5396,2026-02-06 15:00:00
cd524c6aba300dfd,2026-02-09 22:00:00
02ecd25cbecd3c2e,2026-01-18 23:00:00
26d911bd3a9eea8b,2026-01-30 11:00:00
f0cb0c4e5df385fd,2026-02-05 00:00:00
41070441b6ecc4d7,2026-01-21 08:00:00
087909f1c6b990ca,2026-01-22 03:00:00
600a70572e55a6e4,2026-01-11 07:00:00
35cb551104494d44,2026-01-07 20:00:00
fbf0ce82c176e088,2026-01-01 19:00:00
7e9883365ce8125c,2026-01-14 06:00:00
a82f323d0d8b2768,2026-02-12 04:00:00
e914d02eb5075dd8,2026-01-13 10:00:00
612ed5d25033dd48,2026-02-06 08:00:00
8695126a0c823785,2026-01-10 18:00:00
9f1809238b835c21,2026-01-26 03:00:00
c2c250378bbcf456,2026-01-25 07:00:00
b8c4b2a058baaea9,2026-01-12 06:00:00
b12c87a76672875d,2026-02-08 05:00:00
5f80cf6a7296a14a,2026-01-23 03:00:00
f8c27f70864a4328,2026-01-10 02:00:00
2eed93736bcf9935,2026-01-06 05:00:00
9dbfdbf2053829b2,2026-01-10 11:00:00
92054cd4216e3bef,2026-02-06 22:00:00
e2ac33ecae418cb2,2026-01-31 16:00:00
d35545bba33077e2,2026-01-13 12:00:00
c9a4fdff5583c54c,2026-01-11 13:00:00
3e35fd18fe730818,2026-01-18 00:00:00
17909695a26973cb,2026-02-13 16:00:00
02e1b5a579fe677b,2026-01-08 17:00:00
afd5d055440c2ce3,2026-01-07 20:00:00
912867e30c71afe6,2026-02-04 04:00:00
e7962752f265803b,2026-02-02 09:00:00
80ee62a8fd777b5c,2026-01-14 20:00:00
f0693a376bd914e7,2026-01-19 01:00:00
30e563436d840cad,2026-01-21 23:00:00
6fd696d5beff8d5e,2026-02-12 17:00:00
60c63397c7414293,2026-01-26 13:00:00
d1baf3a19b3606de,2026-01-03 09:00:00
4d6005ac9d78884f,2026-01-07 18:00:00
5255cf8b4080780c,2026-01-12 22:00:00
5996f6cc90d09bf5,2026-02-10 14:00:00
1c167e4ccbd80990,2026-02-04 16:00:00
d7527293f9764071,2026-01-22 11:00:00
28abd82eafe4afb1,2026-01-22 00:00:00
2044bac62476e736,2026-01-22 16:00:00
9259674ad665ac10,2026-01-08 02:00:00
b9af9a77acd9c68c,2026-01-08 21:00:00
6ee3c5ba55373077,2026-01-20 13:00:00
c4f32ac72839f056,2026-01-08 00:00:00
909a2e44f89d9f4d,2026-01-18 09:00:00
36d19b149da584de,2026-02-10 20:00:00
7e6ca4c6248559a1,2026-02-14 18:00:00
9b5e20ee633f713c,2026-02-08 02:00:00
17a000ec54ece1eb,2026-02-06 16:00:00
69291776e8daa15d,2026-01-28 07:00:00
99709c6e0ff0b2a1,2026-01-02 11:00:00
2470d46c7616c39c,2026-01-28 06:00:00
ed677f67fcc7bb90,2026-01-11 18:00:00
8c28785678b61e3f,2026-01-02 10:00:00
1b753b8e5390b6d4,2026-01-20 07:00:00
6fee69f24d792ede,2026-01-11 01:00:00
7c76fc01e21c766e,2026-01-01 04:00:00
0a8c6e0e9d79e62c,2026-02-13 09:00:00
8f499a12419e72f8,2026-01-08 20:00:00
b329aab31a64527b,2026-01-14 01:00:00
d2491842767b5814,2026-01-19 09:00:00
c1412c3bf4521ebf,2026-01-29 07:00:00
fb6a1d3c38d62b25,2026-02-02 06:00:00
eb273bda7e0d7b7d,2026-01-07 22:00:00
7ff09fda5e24ad79,2026-02-03 13:00:00
d9167385b1335b78,2026-01-02 10:00:00
ad124eb537742e9e,2026-01-13 11:00:00
e5876a3a7efd425e,2026-02-01 13:00:00
3b0d740c16889291,2026-02-11 07:00:00
0f64e626a2a57350,2026-02-02 05:00:00
5d937c4eb77b2d79,2026-01-15 13:00:00
259de9cc0ccb84d7,2026-01-08 01:00:00
ec99abb161dd1880,2026-01-14 07:00:00
7c1734deb933405c,2026-02-05 12:00:00
fb72ff42b9859731,2026-01-18 15:00:00
604ac0cb48e21e57,2026-02-01 08:00:00
940265a7c1381980,2026-01-19 04:00:00
ec6c9e651ecfed03,2026-01-28 02:00:00
5c2d51d3e8c47fb0,2026-01-30 22:00:00
6c064cb167c3ffda,2026-02-01 02:00:00
bb08514acfa647ae,2026-01-21 06:00:00
5a59e9d1d7a6be07,2026-01-31 21:00:00
edf0e268af24640a,2026-01-15 05:00:00
b2fecaec86dc54e7,2026-01-02 02:00:00
33744c21cbc2ecd5,2026-02-14 10:00:00
9de0ad6b03d39a59,2026-01-31 07:00:00
e56b3436094d33c1,2026-02-07 15:00:00
26531fb8933e7205,2026-01-26 03:00:00
6a45d5e3b2641aa0,2026-01-03 10:00:00
e380af4f74d568e6,2026-02-14 13:00:00
78f5e5e8698e2325,2026-02-08 00:00:00
3da959d483955ae3,2026-01-08 04:00:00
b3b69bcd8450d5c6,2026-02-01 20:00:00
2406c275122c2323,2026-01-06 15:00:00
7b22de1499b9b51e,2026-01-26 05:00:00
3c1ef49806f0a972,2026-01-23 12:00:00
218d5448a872c44d,2026-01-07 03:00:00
2022950f89e249e9,2026-02-01 01:00:00
6e7e31718204f098,2026-01-27 15:00:00
9fd5c86ccec14edd,2026-02-01 19:00:00
88df974f5857b41d,2026-01-15 13:00:00
691d1c9ce0f898d6,2026-01-25 07:00:00
6d88050a631692fa,2026-01-23 04:00:00
27033a1ab776fde9,2026-01-09 19:00:00
4f888b4d938293c8,2026-01-12 17:00:00
2318521f3d9bfde3,2026-01-05 00:00:00
96a37db3a0ec5013,2026-02-04 12:00:00
dcd9b272be9666ca,2026-02-07 11:00:00
6916ccda3d760803,2026-01-02 03:00:00
eadd41068db2b1bd,2026-01-18 03:00:00
b04c63129da88d2a,2026-02-03 19:00:00
b1010a58d90d9ee3,2026-01-13 02:00:00
70784a2812b3ddd7,2026-01-12 16:00:00
7d5687bd0f9b346d,2026-02-06 12:00:00
58d92085bd375634,2026-02-01 15:00:00
258dd0dec8a9b7af,2026-02-04 09:00:00
b41ad163970a7ea3,2026-02-02 02:00:00
9a2fe972af974cfa,2026-01-26 20:00:00
ba0ee395ac1e2567,2026-01-15 14:00:00
bf471790aed6e82f,2026-01-15 10:00:00
b8c283c5ba55183d,2026-01-13 19:00:00
46293e21d884054d,2026-01-16 06:00:00
ade56933410fb9de,2026-01-18 07:00:00
64ccd95cf877bb42,2026-01-24 02:00:00
552d23c78ef7c744,2026-01-06 04:00:00
e6e287fc4f07106e,2026-02-11 21:00:00
eb3b950a5be8bed9,2026-02-06 11:00:00
310590ee596d53c0,2026-01-07 14:00:00
5d1c4f25335c2581,2026-02-02 00:00:00
bde59f03ee5ff146,2026-01-26 01:00:00
72d50ec1a6f46a77,2026-01-31 18:00:00
59ec07c2916d29a9,2026-01-02 05:00:00
0d519ae6395ffd5d,2026-01-16 01:00:00
af8e0c7a3edd8631,2026-02-01 09:00:00
640e20404b199cb0,2026-01-02 09:00:00
d18700d0254e3412,2026-02-01 13:00:00
53bf9f428c1c589f,2026-01-22 12:00:00
81e5b33167d5267f,2026-02-06 23:00:00
201e716d11f02508,2026-01-04 15:00:00
82de6c995c29f7ee,2026-01-22 12:00:00
929bc1133751014f,2026-02-10 18:00:00
b0eb54c497d25f78,2026-02-05 04:00:00
e6fd92b3d0ff21b8,2026-01-14 09:00:00
5988bf25dc832e1d,2026-01-29 13:00:00
81239061da243680,2026-02-09 19:00:00
7ba6743b3da26a26,2026-02-13 15:00:00
e5efc05bb8b4c37b,2026-02-02 15:00:00
eb5ff41dbf1f25ef,2026-02-04 01:00:00
06f5b8f321cc7dbb,2026-01-24 12:00:00
89d116c0f0b75ac3,2026-01-22 17:00:00
51025f3625e69b59,2026-02-12 16:00:00
245037c3b968bd63,2026-01-10 19:00:00
54fb996b8f24df33,2026-01-01 12:00:00
bde45399e6b802d7,2026-02-04 08:00:00
4db1da7ceae278c6,2026-01-19 05:00:00
66b8997307f77507,2026-01-31 07:00:00
46b6ab8affb2bc86,2026-01-03 01:00:00
257f8ac0a191b39b,2026-01-21 06:00:00
586369ea1bd3837e,2026-01-01 13:00:00
279b8329c3cc7ac9,2026-02-13 02:00:00
881600afc5ef7c81,2026-01-10 08:00:00
a655266db5915ca3,2026-02-08 09:00:00
b98838b797f25dfd,2026-01-07 15:00:00
c7edd3202a8d8f22,2026-02-06 14:00:00
a0ff88e1936fe32a,2026-01-15 09:00:00
152231a042a89ac2,2026-01-08 11:00:00
19d73569ac18fa44,2026-01-02 19:00:00
709bad2054491c4b,2026-02-01 19:00:00
6ff9dc7d75e9a7a7,2026-01-08 06:00:00
91919efa6d7481ae,2026-02-09 19:00:00
c41166d2bb875e80,2026-01-05 19:00:00
a9ea90c9a1680c8a,2026-01-20 16:00:00
1160a9ab5d0421b3,2026-02-04 02:00:00
49edb36da21039fe,2026-01-15 01:00:00
0c701af3ce3dcf10,2026-01-04 16:00:00
0bbe7e664537dd6b,2026-01-27 07:00:00
7c88ef4c93456914,2026-01-10 13:00:00
0b2969461afa2997,2026-01-07 06:00:00
5d396b5db2d9afe5,2026-01-14 09:00:00
32565131fe8d1998,2026-01-01 18:00:00
cc32044284f2a139,2026-02-04 23:00:00
a55fc070d2e1150d,2026-01-07 21:00:00
dcc5243d5ad97e04,2026-01-07 06:00:00
552c7962012b96d1,2026-01-25 15:00:00
c5a54449d1cdb414,2026-01-03 08:00:00
c6d1651ff4081597,2026-01-15 21:00:00
af5e6d7e1c2a7d95,2026-02-04 10:00:00
59915bf658fd5a36,2026-01-07 11:00:00
569165c4b7826458,2026-01-17 19:00:00
15795c030ff712ec,2026-01-30 17:00:00
a1c077e5bc5c51b8,2026-02-13 11:00:00
5f24081150add5c4,2026-02-14 11:00:00
440082da16d785a7,2026-01-27 00:00:00
2b01c484da1b246f,2026-02-07 00:00:00
567b6dc4aae49374,2026-02-05 22:00:00
6e3506daca42fd41,2026-01-11 11:00:00
7f1d5b06c9efa8fa,2026-01-31 09:00:00
2707a9ed4dd5280b,2026-02-08 04:00:00
9d4913383468808c,2026-01-28 19:00:00
927c12bec6a3280c,2026-02-11 04:00:00
892887b015ed96c6,2026-01-29 08:00:00
6f19624d840d48c3,2026-02-01 16:00:00
615402a887196e3f,2026-01-16 08:00:00
49dfc880324a52fa,2026-01-27 18:00:00
d702ee7e7faee063,2026-02-01 19:00:00
c293702ac9e9ce45,2026-01-07 04:00:00
2ccea60c1e62a6f3,2026-02-04 05:00:00
67548930a4758a79,2026-01-04 13:00:00
d5c5b0382fd18445,2026-01-20 03:00:00
3a2498df9371aff5,2026-01-12 07:00:00
0f41520985244721,2026-02-06 04:00:00
babc7097334af55b,2026-01-01 02:00:00
8b384c171375d071,2026-01-28 04:00:00
298f3ab4260cbfb3,2026-01-13 03:00:00
ced1282ed134fcee,2026-01-13 21:00:00
1cb4663b3748ef66,2026-01-11 12:00:00
6ff861dc3b7e406a,2026-01-29 02:00:00
4a8f614447076cec,2026-01-17 10:00:00
fce9853cf1b37ede,2026-01-18 01:00:00
5ae82ab4d272f6e6,2026-02-03 15:00:00
cbe3fe007d2e2ccf,2026-01-30 17:00:00
d9202870eaa9b610,2026-01-31 11:00:00
ae728a429f8b3492,2026-01-31 20:00:00
a30f0afa57dc2c36,2026-02-10 00:00:00
f96ffe901a3a731b,2026-01-23 07:00:00
0baba532532ec33c,2026-01-29 00:00:00
b053bb587e8acf0e,2026-01-25 17:00:00
c7477af15b40fdea,2026-01-25 13:00:00
23f0718a4a486b61,2026-01-14 04:00:00
69d692f0a4bf73d6,2026-02-07 19:00:00
742d77e00b5ab50c,2026-01-06 10:00:00
138c57c6de6562d9,2026-02-02 08:00:00
e76ab46d0541a1e8,2026-01-16 12:00:00
7d84145275dc4af7,2026-01-06 03:00:00
f606983e309924a4,2026-01-13 01:00:00
12940685ed96bd6a,2026-01-29 12:00:00
0b527c671908bf99,2026-01-02 13:00:00
3f9621c446a1b791,2026-02-12 16:00:00
c07ebe1dd910b1e9,2026-01-05 23:00:00
216bb778514d8179,2026-01-02 19:00:00
ad39b47b703ad293,2026-01-30 01:00:00
bed077af725cf055,2026-01-25 10:00:00
48f5595a46f1858e,2026-01-18 14:00:00
026f291aa8b7bc86,2026-01-24 03:00:00
bed00028ed213bd1,2026-01-24 15:00:00
f24e93731b55e65a,2026-02-12 14:00:00
cdab03c03ba74a23,2026-02-10 14:00:00
41c8d44a7214413b,2026-01-27 12:00:00
4df6ce1e081878c6,2026-01-08 06:00:00
79d0c5abf0e1f956,2026-01-26 01:00:00
4ed5397b807a5d1b,2026-01-31 09:00:00
d02b999451783b65,2026-02-07 23:00:00
0ef0ca2640a9ecdc,2026-02-05 18:00:00
dae6d491aea59706,2026-01-08 08:00:00
35a679e001f49874,2026-01-05 11:00:00
cdcf844c58572515,2026-01-05 13:00:00
c9421dc9d6319763,2026-02-11 18:00:00
24f854c5c321676b,2026-02-09 23:00:00
06fd7a63da9f1be2,2026-01-19 14:00:00
935c8ae1660b3456,2026-01-06 13:00:00
5549fde047bbc9a2,2026-02-14 15:00:00
f8f945583d2e7d26,2026-01-30 05:00:00
73c10007cb0bff2a,2026-02-06 20:00:00
334ffe613a2d1ef0,2026-01-22 06:00:00
49d48dee45e2ffb3,2026-01-31 15:00:00
bf017216d659356c,2026-01-19 17:00:00
e73cbbdcfdd04ecf,2026-01-20 18:00:00
13c70b85e41616e8,2026-01-14 21:00:00
4f414c45c70f6407,2026-01-28 08:00:00
2509d972e1ff15bd,2026-01-16 23:00:00
0e1cbb7d96c081c5,2026-01-25 08:00:00
e89b081b96e0fb04,2026-01-22 10:00:00
2a0ffc510f48bb56,2026-01-04 11:00:00
e24ffc7446b37a13,2026-01-02 03:00:00
dd46bd5b6136398b,2026-01-11 23:00:00
1679f317e2d03c25,2026-01-29 21:00:00
26943555e79aaca7,2026-02-13 01:00:00
d56a4b84c569b8ed,2026-01-06 11:00:00
67f8cb2e75d2fd9a,2026-01-09 15:00:00
a2ac83528e508096,2026-02-10 09:00:00
22c857d68ffbaefb,2026-01-22 05:00:00
1b5dd6123dd9c254,2026-01-18 06:00:00
42db0c07096b18d1,2026-01-25 18:00:00
5da82f990ec5429f,2026-01-25 23:00:00
b925d0caa76eac10,2026-02-07 02:00:00
c168e8924676c6b2,2026-01-31 09:00:00
935517c4c8908a19,2026-01-22 06:00:00
5c9015af491d7e32,2026-02-01 15:00:00
24c0af65865c1452,2026-01-08 12:00:00
dd82b222a7efea60,2026-02-05 06:00:00
edc047da6e9b2f47,2026-02-13 09:00:00
c54fe454aaf75b48,2026-01-28 04:00:00
0eb0b5238a1be206,2026-01-02 19:00:00
670644547ce899e1,2026-01-08 12:00:00
c0888bd653954cb9,2026-02-08 20:00:00
613844443712027f,2026-01-05 09:00:00
c80d68a321aaca33,2026-02-08 00:00:00
a5ee82ee38515f41,2026-01-23 22:00:00
cefa5455bcb6ee11,2026-01-14 15:00:00
3bc44a9e6e82a6cf,2026-01-22 07:00:00
b2dd6c90a45fc1b6,2026-01-26 22:00:00
3a2aa13387c8303b,2026-01-22 06:00:00
1378e94ac324f03a,2026-01-22 13:00:00
73206dbeb62e5873,2026-02-02 14:00:00
d01352d37ed5bc2b,2026-01-20 07:00:00
388687be9f86c0e0,2026-01-11 04:00:00
7e95c944e7902d00,2026-01-22 07:00:00
014d5a3b2a0eed94,2026-01-27 08:00:00
6050a4782071c69d,2026-01-07 23:00:00
cf90f0b3155304b2,2026-02-01 03:00:00
bc6c45f9f4f8a098,2026-01-03 07:00:00
1e9f74bcddc04c3c,2026-01-27 15:00:00
8b5d9739641d425b,2026-01-16 12:00:00
151ff49dc8b6ae95,2026-01-31 12:00:00
69be83302c798286,2026-01-26 08:00:00
d20089648bae6c23,2026-01-04 04:00:00
f4b2b16453a91553,2026-01-24 17:00:00
e9570af886d37331,2026-02-04 09:00:00
20c164dca3c3ca48,2026-02-07 13:00:00
ad4d5c2f5b020f4e,2026-01-03 13:00:00
70f0d4872be84a11,2026-02-05 13:00:00
ed3e5b4c05b62cda,2026-02-03 22:00:00
237af25756862953,2026-01-20 03:00:00
fa66b6a5e1900764,2026-01-28 03:00:00
e840ac3329e67e87,2026-01-15 07:00:00
2bee3a1f8648d09e,2026-01-02 16:00:00
bcf3292df548264a,2026-01-09 07:00:00
368a188e195e0b37,2026-01-31 22:00:00
4159c6b800fc77f1,2026-02-04 01:00:00
d44e48af83aa8bde,2026-01-20 20:00:00
78a8e1d10f8c8b92,2026-01-22 16:00:00
2bd2b0be972d5c54,2026-01-06 16:00:00
5a72cdbecdf97582,2026-01-26 20:00:00
51948988babb66ce,2026-01-10 08:00:00
bce9ec4e6921a11c,2026-02-03 06:00:00
712c424053c67839,2026-02-05 08:00:00
388c47794f0ebdae,2026-02-08 05:00:00
6975baeb3cf8a168,2026-01-27 19:00:00
400be28462cd5f8f,2026-01-23 21:00:00
a0f6abc482d78b60,2026-01-04 05:00:00
509d00d0fb0a26f2,2026-01-06 21:00:00
536a09e11da6f364,2026-01-30 09:00:00
74402faee2140e77,2026-01-06 11:00:00
1e6a2e779698a351,2026-02-01 06:00:00
dc20a1607d0cd5bf,2026-01-20 22:00:00
686993e587ced841,2026-02-08 17:00:00
b9813159dd6e62d4,2026-01-19 12:00:00
d05316304cbc2b00,2026-01-26 17:00:00
15da03bfe280c7d8,2026-01-17 04:00:00
f5ef12553c7adcbb,2026-01-30 13:00:00
7069edb6eb0f6ed7,2026-01-17 21:00:00
6c7adbc48124cf48,2026-01-10 03:00:00
598081648d7b6f81,2026-01-14 16:00:00
59eadb1b523b61af,2026-02-12 03:00:00
dad8b938e8c4f595,2026-01-09 11:00:00
16a09920b7bd03f7,2026-02-08 14:00:00
170926e43caf5757,2026-01-28 00:00:00
305b05bbefb9763a,2026-01-06 03:00:00
991f65f3def5f27a,2026-02-07 22:00:00
0e7ce8ebb1ba7d6a,2026-02-10 09:00:00
ee283fbeaeefd4d8,2026-01-27 12:00:00
c261344fa7806728,2026-02-08 14:00:00
4625bf644b972de5,2026-01-15 17:00:00
08bcce2059e20d96,2026-01-25 01:00:00
bd5061d18aa0b5c8,2026-01-13 07:00:00
09419570a3cf9a29,2026-02-08 17:00:00
be9b6b64126a86cd,2026-02-05 17:00:00
3f723e410eec4fe6,2026-02-07 21:00:00
63c3e7249f630de9,2026-01-03 19:00:00
781779ba0b162af5,2026-01-11 07:00:00
9e681044480f16ff,2026-02-02 17:00:00
8e2902889cebd796,2026-01-30 21:00:00
9c9b6e25a8e16797,2026-02-06 09:00:00
e74ee7713babe00b,2026-01-26 13:00:00
cccecbe9ffcb2a98,2026-01-11 09:00:00
7440a589702bd189,2026-01-30 09:00:00
c00f513f52e317df,2026-02-11 22:00:00
140f40ea6bb5e5e9,2026-01-12 01:00:00
f5436ca3b04c155b,2026-01-10 23:00:00
6c3ebf99fdecd121,2026-01-21 02:00:00
893a95b80929cc5b,2026-02-06 04:00:00
bd8c17147de2c8e3,2026-01-14 08:00:00
e7563e23e1d88f70,2026-02-07 11:00:00
6706ea70c5f52d3a,2026-01-14 01:00:00
8e4ca378938de62b,2026-01-14 06:00:00
122fc83630d1f8d1,2026-01-10 05:00:00
603a26cdc8103150,2026-01-01 19:00:00
faefcae3637d7c17,2026-01-05 23:00:00
c63a44ba356dfc9f,2026-01-13 02:00:00
380685d3982e6e64,2026-02-08 07:00:00
c7702cda1aeef27e,2026-02-10 08:00:00
ab377e322b345fa2,2026-02-11 09:00:00
01477833bc199633,2026-02-03 05:00:00
76913b47aec4e29c,2026-01-09 01:00:00
23b446f71740f4c9,2026-01-13 13:00:00
f27c035471d90ba1,2026-01-26 13:00:00
62ffa286a99e5589,2026-01-28 07:00:00
132ba22ea17117af,2026-02-10 02:00:00
b2935d650196d67d,2026-01-05 04:00:00
519c5aade69cfb68,2026-01-03 18:00:00
ec3d21e077ad547d,2026-01-26 23:00:00
1201636a1443db9f,2026-01-20 05:00:00
16a5f39f2786767a,2026-02-11 08:00:00
88d4b00d5f7181b5,2026-01-02 10:00:00
26df805afdf4ae20,2026-01-15 15:00:00
33632eb6eecb2df6,2026-02-02 10:00:00
c53d5078f3f39dc1,2026-01-31 08:00:00
e93633082dee8159,2026-02-04 23:00:00
5c47bfcd818baeb2,2026-01-28 15:00:00
e49e5d794d89cb9e,2026-02-12 00:00:00
dbf9b34b864deeff,2026-02-04 19:00:00
edbc305d451fe3d3,2026-01-17 18:00:00
a77a83029e89c62d,2026-01-16 17:00:00
f0e812def251e987,2026-01-29 12:00:00
304fc55dcc4b860f,2026-02-05 12:00:00
b98081f48fafc157,2026-02-13 20:00:00
faf265bf705ed71c,2026-02-13 03:00:00
c99f99302255e2c5,2026-01-30 10:00:00
0ef7ea9eda0f2c55,2026-01-04 13:00:00
89b52fc1f202feaf,2026-01-02 11:00:00
21ed40d2bf144381,2026-01-19 17:00:00
f13e5a2ac3970888,2026-02-05 04:00:00
6474221a81b29189,2026-01-09 04:00:00
0c21c817078772b4,2026-01-23 21:00:00
232f1581a485ce03,2026-01-28 02:00:00
ea4b06e9cee286ac,2026-01-18 17:00:00
7c8eba73cadb5315,2026-01-08 09:00:00
cec5d126558f3fae,2026-01-08 14:00:00
24467509653b830b,2026-01-31 20:00:00
5bb7b77d1124284f,2026-02-06 21:00:00
15b0619e326b61fb,2026-01-30 14:00:00
665f689092c91bbf,2026-01-26 17:00:00
9f156670ecd1fa52,2026-01-20 14:00:00
8346719661bee6a3,2026-01-02 06:00:00
8684c6e4595a9497,2026-01-14 15:00:00
d39b4bda1f45db4e,2026-01-24 10:00:00
4ce26949c241fb4a,2026-02-09 13:00:00
2e85264b283db42d,2026-02-14 06:00:00
dbaf8a59ebafe68d,2026-02-11 07:00:00
c94c07f4e52f1008,2026-01-01 14:00:00
f1e429d482eea327,2026-01-18 14:00:00
dcbff4bc847e54d7,2026-02-11 10:00:00
8663e191a09b1017,2026-01-01 19:00:00
bc5eb74bf2ec7650,2026-01-15 14:00:00
3253c00ff60515a0,2026-01-22 01:00:00
eb0111cadd6e9239,2026-02-14 22:00:00
7a0f4693f91c6a4a,2026-01-15 06:00:00
0e3f1fdd461bd237,2026-01-30 21:00:00
fea6264144371d87,2026-01-17 03:00:00
9401d0edfcd2e826,2026-01-31 09:00:00
6a2091b0dd9598d0,2026-02-10 00:00:00
36c68546eee47b3a,2026-02-09 08:00:00
a91c4633dd511079,2026-01-14 21:00:00
56a1b9b2224efeab,2026-01-15 05:00:00
fff3f24c1db216d3,2026-01-01 12:00:00
2212fb5b787a56e1,2026-01-11 22:00:00
43e2e13c83decfbd,2026-01-02 13:00:00
443d2b470473ff26,2026-01-15 22:00:00
590cde9fa0a97377,2026-02-07 12:00:00
0de5ae331933f67d,2026-02-14 23:00:00
768e9d78edbe1a9f,2026-01-12 07:00:00
0ba5416c1688fa6b,2026-01-28 08:00:00
19b8e336b71f283c,2026-01-29 17:00:00
a277aa2370bb4fdf,2026-01-03 14:00:00
9317dfa0ea16cf83,2026-01-25 23:00:00
9cfbbeedf1bf6505,2026-02-05 23:00:00
6a946961f5a0b595,2026-02-12 09:00:00
753ac12b6ea55f9d,2026-02-13 22:00:00
0001dcf5e431d0ba,2026-01-20 12:00:00
17789a847e4bab4d,2026-01-17 07:00:00
37ca78de0f9764e1,2026-01-24 01:00:00
5c9435177908c5bf,2026-01-21 11:00:00
39512c380cee5428,2026-01-28 18:00:00
13dea662a32e4b21,2026-01-25 10:00:00
e8707d61951bb5f6,2026-01-10 05:00:00
c44d516b3e846350,2026-01-19 04:00:00
7725173acfadb85f,2026-01-14 14:00:00
de56595ff641bcbf,2026-01-27 23:00:00
29972aad983cf502,2026-01-23 17:00:00
c6440ce23e9d534e,2026-02-03 08:00:00
28abe42d34e96c7e,2026-01-04 07:00:00
4d8aa874d7bf8dc4,2026-01-04 11:00:00
f15d2bfafc399514,2026-01-02 15:00:00
7c7bd3a21af34506,2026-02-14 20:00:00
bb91c8aa169c2f8a,2026-01-22 13:00:00
8fc24572751c87bc,2026-01-22 13:00:00
2a15c38128c1cc45,2026-01-23 13:00:00
8bfd1cbf7465216c,2026-01-16 07:00:00
ca81a06e94ad3732,2026-02-05 05:00:00
3c5d4f3ef7e37678,2026-02-02 09:00:00
d51daa315a392416,2026-02-05 18:00:00
02f454be049c9a30,2026-01-31 03:00:00
823c2d42bf73f539,2026-01-20 18:00:00
e1b6ba094eb0d9d3,2026-01-07 05:00:00
e29008e6f8573011,2026-01-04 04:00:00
827abe7a50503939,2026-01-25 09:00:00
40cababee1300b26,2026-01-23 09:00:00
fc5a046424b99181,2026-01-17 03:00:00
f17ed61b1ae37e3c,2026-02-11 03:00:00
93e493bb64fca932,2026-01-25 00:00:00
364792b31af43988,2026-01-11 18:00:00
f2dceaa2595ffc8a,2026-01-11 22:00:00
0d727e8669b007c6,2026-01-17 00:00:00
d14d7db5deb34ca7,2026-01-16 01:00:00
2e523e6acda10270,2026-01-26 07:00:00
7609a8fe784aed75,2026-01-05 12:00:00
c1c6165b47c58f1d,2026-01-18 01:00:00
6399963ce8ba2c73,2026-02-08 17:00:00
7cd7f71561f7605e,2026-01-19 05:00:00
03fabd6cdb1ea6a1,2026-01-05 05:00:00
9f66ef0d025e846d,2026-01-21 16:00:00
80fc3977f9561c74,2026-01-08 05:00:00
e4bf683bc242aae3,2026-02-05 08:00:00
9bf257c6efc0ed05,2026-01-10 15:00:00
deb473a8d8501b48,2026-01-02 02:00:00
9be4c7cb2e24e729,2026-01-21 19:00:00
a3b2251cf6c7c237,2026-02-02 23:00:00
08ff476e7341e846,2026-02-04 03:00:00
96c4992f0495f880,2026-01-14 03:00:00
df8f157a7fad7cb9,2026-02-04 07:00:00
29997be11b0fa325,2026-01-21 16:00:00
7caf832e5b98c925,2026-01-16 02:00:00
f5e9ef36fe869eeb,2026-01-06 12:00:00
f5d78f7f0f352a68,2026-02-10 21:00:00
ef85d55676f14853,2026-01-31 14:00:00
2ab92fd20ed56422,2026-01-21 05:00:00
344ba057b2432c91,2026-01-11 01:00:00
ce5a8145ac987b5e,2026-01-14 13:00:00
76e31a5b2ea378b4,2026-01-25 23:00:00
926d7c6def669b9f,2026-01-13 04:00:00
5a0fda25fb27de2c,2026-01-24 03:00:00
132dee5383ce0094,2026-01-12 14:00:00
15e2229a06cb0f1f,2026-02-09 04:00:00
8c8afebf7e9741c0,2026-01-21 02:00:00
62ddeaf5d5033442,2026-01-13 14:00:00
729ee2224497db79,2026-01-18 23:00:00
c243572710e49c8f,2026-01-26 20:00:00
8cc17aa38fbe5d59,2026-01-21 05:00:00
4232d6dcb1e09bde,2026-01-08 07:00:00
1b3d0da04ac68093,2026-02-03 15:00:00
49a7716c0f94859e,2026-02-13 15:00:00
0b1d5265dda11ae7,2026-01-02 15:00:00
e9f5904eadbcde76,2026-01-11 10:00:00
73c26bd27f6802f1,2026-02-01 09:00:00
8e8d0c6b9a36d3c9,2026-01-19 09:00:00
ed314ec6f95de42f,2026-01-17 14:00:00
227a415c394c9422,2026-01-04 20:00:00
baeb65912cffd9ea,2026-02-01 10:00:00
ead3bb6bad84152e,2026-01-29 22:00:00
3237700a60cc5ce6,2026-02-10 09:00:00
dd3edb3c93c46af6,2026-02-06 16:00:00
decaff5f3458fdf5,2026-02-05 13:00:00
5ecc3120765dc56b,2026-01-03 12:00:00
139ce4104ec7ca7e,2026-02-12 08:00:00
0238c410d64218f5,2026-01-14 10:00:00
6fa20a5a27665ceb,2026-01-18 11:00:00
b0a3a540d2b45fc3,2026-01-01 01:00:00
fe534b7c9bb62c4f,2026-01-05 01:00:00
6d7960f40a43a0f1,2026-01-27 11:00:00
f871a533986c23b7,2026-01-06 23:00:00
77857f9ca870ce5f,2026-02-01 18:00:00
4aaa46d244cc3d65,2026-01-19 16:00:00
186acbbe0820c69f,2026-01-17 11:00:00
884faf1032806f2e,2026-01-19 19:00:00
fe9494959631922f,2026-01-12 05:00:00
6974f98d64fa5623,2026-02-06 10:00:00
3d9f20eccd551586,2026-02-02 06:00:00
4445583fe3675519,2026-01-16 12:00:00
deef498e209ccebe,2026-02-12 04:00:00
d78f2aea9fb82611,2026-01-14 13:00:00
60d17a8ab5b94a38,2026-01-10 03:00:00
f8e9616b50c81d99,2026-01-12 18:00:00
fdecb2204f3c4133,2026-02-03 07:00:00
adff005d3e4df868,2026-02-13 06:00:00
9d237fe2a5d858c9,2026-01-16 04:00:00
70d53e53953f3fe9,2026-01-07 09:00:00
29b82c022678cacb,2026-01-15 22:00:00
ffb459ada504a508,2026-02-08 06:00:00
bfee5d7c59e810e7,2026-01-11 02:00:00
2d2ae63d44fe54c9,2026-02-04 07:00:00
f911b8d9ab132182,2026-01-02 20:00:00
2fc7c74f5511ab3d,2026-02-13 08:00:00
b1e75bf28c9afb5f,2026-01-17 23:00:00
357761b95a8c1bd8,2026-02-10 17:00:00
58b2c7425a0d79f2,2026-01-10 17:00:00
fd46bc61f4f9fba4,2026-01-12 04:00:00
89b5adc9246588cb,2026-02-01 14:00:00
024f276c11c0405e,2026-01-09 11:00:00
2dd0dea82ba23e4d,2026-01-01 17:00:00
87f20c053b85fd50,2026-01-26 14:00:00
e1a270105cb435c5,2026-01-25 23:00:00
90f5534a655d5242,2026-01-15 21:00:00
8a38907206323569,2026-02-07 16:00:00
3c1f12e83e5bbef3,2026-02-09 11:00:00
47993fad76b2c3cc,2026-01-03 13:00:00
93f91d68035ff2d6,2026-01-31 03:00:00
3ea413de338607cc,2026-01-29 07:00:00
c46e599abb2127d4,2026-01-08 05:00:00
66a385f2ae26a774,2026-02-12 01:00:00
9287f9360a028429,2026-01-14 02:00:00
04c5e0cb1f8cc06f,2026-01-23 20:00:00
e52f8cf73f8a81ab,2026-01-11 07:00:00
b8165ff39d4211f1,2026-01-22 23:00:00
39fc74d957a8f9a4,2026-01-03 09:00:00
9076f098c38e196b,2026-01-25 08:00:00
225c1f25a51dec5d,2026-01-19 08:00:00
03bdf1783478f8ba,2026-02-13 07:00:00
0caa96a490ee5cd7,2026-01-04 08:00:00
2477cf9ec368a480,2026-01-26 08:00:00
13bcff27269e57e3,2026-01-26 19:00:00
b49b426088a5bdba,2026-01-19 17:00:00
9e5cab2d72c16c7a,2026-01-29 07:00:00
dd755b33b52e6bbd,2026-01-31 07:00:00
b7ed572bcd0e05cb,2026-01-23 09:00:00
c8147c43cea6d1b4,2026-02-06 10:00:00
833d90962e800066,2026-01-04 14:00:00
e1f1da6febbf7883,2026-01-19 05:00:00
8fd58b5be2e8ef4b,2026-01-01 10:00:00
c49e035d72bd27be,2026-01-08 07:00:00
2c3318f4814c656b,2026-02-12 03:00:00
80885638601b9389,2026-01-04 15:00:00
27456ed974615f97,2026-01-12 10:00:00
054e0a59ddcd4658,2026-02-03 21:00:00
2d63ffeeec448992,2026-02-02 13:00:00
1cf10057a051c18f,2026-02-11 21:00:00
225102e637e7fb01,2026-01-08 21:00:00
d9e5e94dc943df5b,2026-01-01 11:00:00
4be9ba05d58ea0ca,2026-01-04 04:00:00
f2cf3954812355a1,2026-02-05 09:00:00
0370f9c6be73e78a,2026-01-10 15:00:00
266db3599986fe8f,2026-01-24 00:00:00
d5b5c1b293c134af,2026-01-30 16:00:00
cc60f238d23f4fcf,2026-01-26 12:00:00
1a75f39e50324ebc,2026-01-03 13:00:00
55077fe5db08867f,2026-01-30 21:00:00
e699afec8af1534b,2026-01-14 06:00:00
f310af8ede65998d,2026-01-09 11:00:00
c8a6e8e25bef095b,2026-02-09 23:00:00
cae981f8a2c59f06,2026-01-20 18:00:00
d1d55473465bea61,2026-01-23 00:00:00
8e6e23b374e173d0,2026-01-02 11:00:00
29bb61cf2b4554f2,2026-01-19 11:00:00
ad6ed9ad57c2aa31,2026-01-12 22:00:00
6cbbffcf15f839c4,2026-01-27 13:00:00
f5ad8e267aa82c0e,2026-02-04 06:00:00
66d59517085453af,2026-01-06 15:00:00
ebc77bae6c09d1ae,2026-01-05 08:00:00
97115df3b2e7b603,2026-01-14 16:00:00
d65f420b33641901,2026-01-03 14:00:00
a24e56ef7bfba81b,2026-01-31 12:00:00
8952f46041338ebf,2026-02-11 11:00:00
d54b69fa6a2a4e36,2026-02-13 16:00:00
2cab5a9e4c10b267,2026-01-18 19:00:00
d1e4117ccf2f4aa1,2026-02-06 22:00:00
a1cecc97f33b5d67,2026-01-25 13:00:00
a20b21215246ce75,2026-01-02 15:00:00
6f3e20478cb6aa0a,2026-01-15 00:00:00
c8896092845e1217,2026-01-26 21:00:00
d29f97bcdf18bd13,2026-01-01 02:00:00
7d8bb8829e1f9105,2026-01-06 19:00:00
8854e0b4fc7380ad,2026-01-06 10:00:00
c3feebe0b032686e,2026-01-05 12:00:00
e2f797ec2a120743,2026-01-18 16:00:00
6d64f7a79b17bbdb,2026-01-10 22:00:00
1e275ea2b73672e1,2026-02-01 10:00:00
dabe773d1b81c0eb,2026-01-12 13:00:00
39dd125883554bf1,2026-02-08 17:00:00
ef3b9d758c13763e,2026-01-06 08:00:00
fd74e32ee8f7b03b,2026-01-09 19:00:00
ec4828e08f4159fa,2026-01-24 22:00:00
1e59dbb317131e12,2026-01-26 07:00:00
edec916c54533d23,2026-02-05 04:00:00
59e3fea2c02bd5d4,2026-01-11 23:00:00
3fa21798e383afc2,2026-01-07 16:00:00
bfacb2e8dd8824cb,2026-01-18 01:00:00
ce2aecbd6db3d4bf,2026-02-12 23:00:00
702f583fad0b3d28,2026-01-25 09:00:00
80352785861a953b,2026-02-03 15:00:00
b8c5b87cbb9a1336,2026-01-17 09:00:00
59e9d2f7f6fae1fa,2026-02-10 01:00:00
eeb9a154a70f91a5,2026-01-01 04:00:00
f9e37b9b1672e58a,2026-01-02 01:00:00
852dc296ae9c3540,2026-01-08 19:00:00
618afadc6640a412,2026-02-11 22:00:00
d14c8ed153f50571,2026-01-08 11:00:00
362ec7b62cac768a,2026-01-29 04:00:00
aa394bddba95bfbc,2026-01-10 08:00:00
0027c444dbb8799a,2026-01-29 11:00:00
3dd444d420bf7cea,2026-01-27 01:00:00
51c682051a2cba06,2026-01-24 10:00:00
1eb834e8b8e51c2b,2026-01-08 05:00:00
7b684aedac80d018,2026-02-01 04:00:00
8837f3ce01a16eb7,2026-02-04 08:00:00
baaec3703537354b,2026-01-07 17:00:00
8b1c881f0fced1b9,2026-02-02 18:00:00
137753eda24f57d5,2026-01-28 04:00:00
98728fc6408dfded,2026-01-05 09:00:00
dc1ad43cd366ae00,2026-01-05 18:00:00
22c40c8bd062d59b,2026-01-08 20:00:00
8233a10b5ca817e4,2026-01-27 23:00:00
5ad07d7a594d8531,2026-01-15 18:00:00
27032010517003d5,2026-02-01 22:00:00
b1d872ac1610e5fc,2026-01-01 05:00:00
e9bda8f0779bd6e1,2026-01-04 06:00:00
94dfdec52786751a,2026-01-17 12:00:00
bb3c5695b93e003a,2026-01-20 15:00:00
fb3b849118782c56,2026-01-26 03:00:00
be939ccee17965d6,2026-01-29 16:00:00
ed4a264d56b2bbc2,2026-01-30 19:00:00
7582a38620544366,2026-01-28 05:00:00
416780972bc2bda9,2026-01-31 14:00:00
c32cb4f831f5811d,2026-01-17 16:00:00
8c4c718271c664f5,2026-02-02 05:00:00
86c087c79a146440,2026-01-08 05:00:00
5e9cfc1984dcc9e4,2026-01-18 23:00:00
f9b07fd746cb2bf4,2026-01-22 22:00:00
3b32ba5fb459ee13,2026-01-10 18:00:00
9934ccf1323c4dd7,2026-01-11 13:00:00
a38f2573a3b4799f,2026-01-03 21:00:00
5ba9ed2115cef52c,2026-01-18 15:00:00
492477eb42b1362d,2026-01-21 05:00:00
00d9035a0bf5565e,2026-01-16 01:00:00
431639c1f39db221,2026-01-22 23:00:00
958d568d6013adc0,2026-01-27 11:00:00
9ab4952ccc91b08e,2026-02-01 03:00:00
4ec68d6d4b300daf,2026-01-29 05:00:00
801255326071a745,2026-02-06 15:00:00
f09c5ac948046b53,2026-01-17 10:00:00
2f84ce976671a756,2026-02-01 13:00:00
90e5ab199018842e,2026-01-16 03:00:00
4da43220053100da,2026-01-22 23:00:00
d52ab9733ec62c61,2026-02-05 22:00:00
c03943e7a11addc6,2026-01-20 20:00:00
d8c3b372fa959f2e,2026-02-04 13:00:00
a3c0a3b77695f0b0,2026-01-08 18:00:00
f2f221820f6ff4f4,2026-02-10 00:00:00
0ee65a1568af9b41,2026-02-09 08:00:00
ec1cce1312768322,2026-01-09 11:00:00
c34a2bb4531772c6,2026-01-17 08:00:00
312d27aaec8fbda9,2026-02-12 10:00:00
f31b0ee87ec68bf6,2026-01-10 20:00:00
0ab092a41661c446,2026-01-14 23:00:00
bab26a8c8a7fe354,2026-02-02 12:00:00
68fe9efbf2bd59e0,2026-01-16 22:00:00
1060479dd7281df0,2026-01-23 19:00:00
3ca76777767e1ffd,2026-01-05 16:00:00
1d5bb09e573a7882,2026-02-10 17:00:00
63ec3b3e6efa87c4,2026-01-02 10:00:00
4b8074b6c27f27bb,2026-01-18 18:00:00
a341ae5b420e939a,2026-02-09 21:00:00
554b3c6ed42ddef7,2026-01-01 14:00:00
d3851b77d3cff747,2026-01-21 10:00:00
50b5a37b32692ef9,2026-01-11 19:00:00
c54bba075fdb5945,2026-01-05 06:00:00
708d86cc2d74ad83,2026-01-21 02:00:00
4b9cc3828a51c58c,2026-01-08 23:00:00
0772e4414026193f,2026-01-20 12:00:00
a6e36ab520c6360b,2026-01-17 00:00:00
8cf69d5f28d00f76,2026-02-11 01:00:00
b2ebed74e403a437,2026-02-14 18:00:00
bffe4e4fa270977d,2026-02-10 09:00:00
009bd1ee889cfd2d,2026-02-07 14:00:00
cc4a4a91251a029e,2026-01-13 10:00:00
997542cd6b288bf9,2026-02-09 23:00:00
7b46a7e5c64d5ec2,2026-01-23 13:00:00
47b2295bb2491ed7,2026-01-03 19:00:00
e9e769bdcbe10cd1,2026-01-08 06:00:00
f038b60e1cdab43f,2026-01-24 05:00:00
cb11b2e9787a05cb,2026-02-07 07:00:00
9dcb4ffb50638589,2026-01-24 18:00:00
5214d00e0f767e2c,2026-02-08 07:00:00
6bc9a9ee0aa1afed,2026-01-06 12:00:00
caf9ba4c011fd117,2026-01-18 17:00:00
854a2941e2dc088b,2026-02-12 23:00:00
983812a2bbb5647e,2026-01-28 22:00:00
79363285ef551b38,2026-02-05 00:00:00
a1d8d586d2221f07,2026-02-02 22:00:00
0e767a67f6408b8c,2026-02-05 00:00:00
943ae9f13af204b0,2026-01-26 03:00:00
1bd7ccda402b9bc9,2026-02-05 23:00:00
fe38f78ad2e96a47,2026-02-14 01:00:00
dd83b81954ed0e8a,2026-01-07 09:00:00
2242214197a0c44c,2026-02-03 01:00:00
e2d25a81f8bc2672,2026-01-11 08:00:00
4d7b66b22b3eaa8c,2026-01-06 18:00:00
90e7dd74b6120ac8,2026-01-28 18:00:00
5e1db904fcd672c9,2026-01-18 00:00:00
a264a5dc4b3a6e07,2026-01-30 20:00:00
0b33f38692f42282,2026-01-30 17:00:00
314b780f3a25f904,2026-02-05 14:00:00
65cc6a753d06f844,2026-01-16 20:00:00
4eba5ffaf57572cf,2026-02-10 07:00:00
848daf2a46a97457,2026-01-03 01:00:00
1673625831a193ea,2026-01-06 18:00:00
eea99cc3c96cf79c,2026-01-19 19:00:00
ac9b0533ddbd8262,2026-02-07 05:00:00
0d768daec8ddd18e,2026-01-13 13:00:00
a75bc9db67004bb9,2026-01-10 04:00:00
505b08d455aa654f,2026-01-18 09:00:00
a537f04a926ce5ad,2026-02-02 02:00:00
62b0574e1aa578d0,2026-02-12 00:00:00
519255a054549e11,2026-01-20 02:00:00
890b26d1a9141e3e,2026-02-04 19:00:00
b87b03a11bac7adb,2026-02-10 20:00:00
9642153f4ab779a7,2026-02-11 18:00:00
1876ca3420c0efc0,2026-01-27 23:00:00
d8bbdd83d9c31ded,2026-01-30 06:00:00
c894b5eda9dda131,2026-02-12 04:00:00
6e107dc31b5b0ef9,2026-02-01 21:00:00
9fc3be3a8dff9ad9,2026-02-03 04:00:00
0334b7600c94d9bb,2026-02-07 12:00:00
201f09eff2f87664,2026-01-21 14:00:00
d5b0ecd28e560f6e,2026-01-18 06:00:00
0be127b7b6dc6773,2026-01-05 13:00:00
0d248685eb59db56,2026-01-22 10:00:00
d25a7f902df836be,2026-01-25 06:00:00
7a13bdc75ff92205,2026-01-21 07:00:00
9020362e6181d0b3,2026-01-02 18:00:00
893998248be6af0f,2026-01-25 02:00:00
9ac234f1da3e1047,2026-02-05 17:00:00
a04a8330580bf1bf,2026-01-12 13:00:00
25634495a91b3aec,2026-01-26 03:00:00
a9747c9d2daa0fc6,2026-01-02 00:00:00
a42634f37d736fab,2026-01-01 18:00:00
ac6877a13bf1e077,2026-01-02 10:00:00
9012a129c40f36eb,2026-01-09 16:00:00
38a2c21b773bdb88,2026-02-08 02:00:00
2be8126ae3c7ad43,2026-02-13 10:00:00
4ce506f1489608cf,2026-01-16 14:00:00
fdfc36c399051a5f,2026-01-19 15:00:00
08cafd9db6cb9258,2026-01-11 07:00:00
330165bcbec88c92,2026-02-09 23:00:00
921f739de134a12e,2026-02-06 20:00:00
0e4e6563bbdaf97b,2026-01-14 12:00:00
e62443596194cd28,2026-01-04 13:00:00
a94a6787bbb6db11,2026-01-01 15:00:00
2f2b8f8804b59f56,2026-01-29 01:00:00
b33c91f4497b00b6,2026-01-04 04:00:00
49dc6122b43fa86c,2026-01-25 03:00:00
4d755d265b796626,2026-01-26 10:00:00
81820f675abdd3c9,2026-01-01 15:00:00
8d7d6c52dba8298e,2026-01-05 17:00:00
75b2e1b4e06e1e16,2026-02-06 17:00:00
0ca94c066028923f,2026-01-18 11:00:00
6713c780140cf10b,2026-01-18 08:00:00
82e6631923f63dbf,2026-02-13 18:00:00
83060b4bf85a9f5f,2026-02-14 00:00:00
6984584b59c65c1b,2026-02-02 04:00:00
204c758197a44340,2026-01-08 20:00:00
5fd6d6fd1af6ef65,2026-01-15 13:00:00
6e2e2f3584537739,2026-01-21 02:00:00
9fef32bb651d8ebf,2026-01-01 23:00:00
dea6c13da876437f,2026-01-21 09:00:00
079e7e364569eefa,2026-01-01 02:00:00
e63d2eeecd036c75,2026-01-13 10:00:00
233b579fca65f5a7,2026-02-07 15:00:00
98c614f8591ea3cf,2026-01-31 01:00:00
659ecadfd911cae4,2026-01-05 12:00:00
2c35ed3b79c2b9c0,2026-02-04 11:00:00
d753bf3aab383173,2026-02-02 07:00:00
d7b01223277dac78,2026-01-04 14:00:00
932e55e327210f54,2026-01-03 14:00:00
7644fcbf85a1b124,2026-02-05 14:00:00
aa438e8603f682c2,2026-01-04 13:00:00
237c4d370218104f,2026-01-26 17:00:00
890ba6f693221a05,2026-01-15 22:00:00
b12e4ed8630ba54b,2026-01-28 21:00:00
fb00f6846c4acc1f,2026-01-08 08:00:00
f4ef365d092a20e0,2026-01-02 23:00:00
44bb1bc2752ecb45,2026-01-02 17:00:00
2fc7bd521858a0f5,2026-01-03 00:00:00
86f3d14aed6e69ce,2026-02-07 10:00:00
507e6081f798bfd5,2026-02-10 23:00:00
0b6c8e63ba2ad400,2026-01-03 01:00:00
fbaf21b964b362d0,2026-01-31 22:00:00
34f1f4d2b8777ce2,2026-01-26 11:00:00
6156e794db8a8c3c,2026-01-21 05:00:00
4eb7755bb6b5d05b,2026-01-06 15:00:00
be3c27e2b362f897,2026-01-21 09:00:00
b5235b3e955810b8,2026-01-25 07:00:00
b1c479952f77804c,2026-02-05 23:00:00
9ac79f5b7f386a49,2026-02-03 19:00:00
dcbf1648703fb0a6,2026-01-22 07:00:00
c5c0b7e0fb5047b3,2026-01-28 13:00:00
400bbdbc7e62382e,2026-01-29 15:00:00
3089a0fc5cdf1c17,2026-01-02 10:00:00
66155c4df47f47c6,2026-01-05 11:00:00
8acf139a283c6f33,2026-01-31 18:00:00
0c93f45e76e8a44b,2026-01-21 23:00:00
d1f7f68f23f5321f,2026-01-13 04:00:00
82d4a92955aad793,2026-01-16 22:00:00
2fb5bc00c1f08998,2026-01-24 19:00:00
ffa43d1d30e3a9a5,2026-01-10 01:00:00
1e619626674ef1e1,2026-01-28 21:00:00
485a5c1f34bf5cb0,2026-02-10 11:00:00
502c664052ce2c09,2026-01-25 09:00:00
c1568f87cf162824,2026-01-08 20:00:00
69e79c82311979d1,2026-01-25 13:00:00
a067e4c3ec3eaa4a,2026-01-06 19:00:00
e818bb89c92a4102,2026-01-15 09:00:00
1d7ee4d8f16c72c7,2026-01-30 13:00:00
aa07294a574c172a,2026-02-01 15:00:00
d1e6f89ad55a5337,2026-01-07 22:00:00
a6a47ea9fb0efac9,2026-01-06 19:00:00
bc66e4e32babdd34,2026-02-12 04:00:00
6f80440264583cb8,2026-02-06 05:00:00
da8e3d09fc73ba6b,2026-01-21 19:00:00
9fafae7cbe68a07e,2026-01-04 16:00:00
fe78607e6d30cc9d,2026-02-12 11:00:00
96c9650ac94eaa71,2026-02-03 16:00:00
0d951413594904b0,2026-01-26 13:00:00
32182d076b01bd92,2026-02-11 11:00:00
e57b851555132739,2026-01-16 11:00:00
5c2b7718c4b76cfb,2026-01-12 22:00:00
d26538d0721613af,2026-01-11 16:00:00
fb78b92975a77002,2026-01-20 03:00:00
4b08e52e623a5a1c,2026-01-07 17:00:00
ca70233ce5e9f0dc,2026-01-31 03:00:00
bb482b74c8a4233c,2026-01-25 20:00:00
b55ea01a2cd6d76d,2026-01-30 03:00:00
1765e95e1f774a7d,2026-01-30 04:00:00
85cf85433bfae03d,2026-02-07 19:00:00
7b4dbd7c9492f0c8,2026-01-04 02:00:00
e3b4171514de8583,2026-01-07 05:00:00
ef7d1a2e731d8802,2026-01-03 23:00:00
9b4632d4b2cf81b1,2026-01-22 17:00:00
7603b91805a13664,2026-01-28 00:00:00
ba51bdad40342b37,2026-01-03 04:00:00
0fdfadb4aff293e9,2026-01-12 16:00:00
eeb56071e21c387b,2026-02-01 15:00:00
aa51e3beac75cb17,2026-02-09 02:00:00
402a99812d35e142,2026-01-06 03:00:00
5dab0227a207dba3,2026-01-08 06:00:00
2ca3117958a8ec02,2026-01-03 21:00:00
b12b3872830951e7,2026-01-27 16:00:00
5ee021d2f2eede4e,2026-01-28 05:00:00
f5b92037ba62116d,2026-01-27 09:00:00
31bed05cef49e4ab,2026-01-06 07:00:00
9e92bae193c7003d,2026-02-12 10:00:00
d7b3f8c1c57cfeb6,2026-01-16 04:00:00
781ebafcf6880aeb,2026-02-12 03:00:00
0a42727213897910,2026-01-05 01:00:00
bc6b37f77880b3c3,2026-01-27 16:00:00
a61be11d50543daf,2026-01-11 06:00:00
af6868d3c9d6a348,2026-01-03 13:00:00
c1ee90fd0a7d4101,2026-01-24 09:00:00
8c7d51cb0dba2b42,2026-02-01 11:00:00
a817a8a685db3c7b,2026-01-11 11:00:00
95be4ba715b09aba,2026-01-26 20:00:00
63f460411f7913e1,2026-01-03 07:00:00
ffce57dd4ad9dd7f,2026-01-03 02:00:00
63db8229e8432086,2026-02-13 06:00:00
a3083d5c54b9d0e9,2026-01-08 19:00:00
3a6b45998e31e180,2026-02-14 13:00:00
fa3dadad38eb233b,2026-02-05 13:00:00
ec56a1bf5f21fa21,2026-01-04 14:00:00
0023b413f002a51d,2026-01-30 08:00:00
ccdd0aa216bd0dee,2026-01-27 12:00:00
fc7176a82323b3e9,2026-01-21 14:00:00
67fd85e701434cb8,2026-01-03 09:00:00
eb73ad8ddc3b3a0a,2026-01-09 02:00:00
4b94cd439c2cc7fb,2026-01-10 01:00:00
076019437e9de17f,2026-01-20 23:00:00
515c2b45c895ef80,2026-01-29 14:00:00
923e54028dac114e,2026-01-29 12:00:00
be92baaa0152ad0c,2026-01-25 04:00:00
eceb46365bc06463,2026-01-08 02:00:00
94f498c62bd7f8b9,2026-02-09 09:00:00
bee38b1f0fb1fd8c,2026-01-05 08:00:00
9c2e7a558a49594f,2026-01-27 14:00:00
76fa904554c94a31,2026-01-07 21:00:00
d2d7119ec44b265c,2026-02-03 22:00:00
2b9505a083bb0eba,2026-01-29 00:00:00
4b13e971c63a4fde,2026-01-13 22:00:00
7821dfaf16891707,2026-02-08 05:00:00
e80448082b2965fb,2026-01-23 17:00:00
e81d8e1398245571,2026-02-03 09:00:00
9087b84c420573e6,2026-01-27 11:00:00
231becc171f630f3,2026-01-01 10:00:00
21510feaebb56760,2026-01-09 07:00:00
fb28b07138e3184a,2026-01-21 12:00:00
456b70f5f84e92ca,2026-01-26 03:00:00
1416bf221c92dabe,2026-01-26 07:00:00
fe28dfdbf6917683,2026-01-30 17:00:00
35bcbce6141c8536,2026-02-14 08:00:00
ef64fc8128c182e7,2026-01-13 14:00:00
c5729adf642f97f8,2026-01-01 20:00:00
03880a5f63187740,2026-02-11 14:00:00
d75bcd6ecb69cd44,2026-01-05 13:00:00
af5d45ddd636b8b5,2026-01-08 00:00:00
592b1b4dca25b1c0,2026-01-03 11:00:00
14421556dd0a2546,2026-01-14 00:00:00
c6a9765b20ffc131,2026-02-01 06:00:00
51803274e1e930f7,2026-02-11 09:00:00
4b8640c7bebeb15a,2026-01-16 06:00:00
dd857545c5729129,2026-01-17 06:00:00
361fa2ff4abf754a,2026-01-12 02:00:00
9c4453b4529e35bd,2026-01-10 22:00:00
3a0eee894789e4a5,2026-01-21 04:00:00
dbde735dbdd910e6,2026-01-01 23:00:00
ea894098ac6a3ad5,2026-01-01 07:00:00
e7b783075af07392,2026-01-04 17:00:00
160fbeb17e984229,2026-01-17 06:00:00
f4700ac53d2ca7ab,2026-01-18 02:00:00
7e8158ba783209c8,2026-02-14 19:00:00
0dc7ccbc3175dcb2,2026-02-02 18:00:00
e2360ce5f4a3a039,2026-02-08 21:00:00
5269e3790711b31d,2026-02-05 18:00:00
3ddaec891ce3c581,2026-01-22 10:00:00
83ad94a741e6648a,2026-01-22 17:00:00
11eb845e589a871c,2026-02-13 22:00:00
6d6f88bc082276f3,2026-01-11 00:00:00
d6dab1898eb85420,2026-02-07 08:00:00
724c772ea0dc5041,2026-02-14 22:00:00
a9f53e567d1e5c80,2026-01-13 09:00:00
a9153c2374455225,2026-02-05 06:00:00
ba59143a9f57702f,2026-02-12 08:00:00
adff73de2589de00,2026-02-11 04:00:00
ab97d691c346f2bb,2026-01-01 11:00:00
0b742317870f076c,2026-01-26 16:00:00
b32488c5f88899a7,2026-02-10 20:00:00
e69e87d67d041e1d,2026-01-24 04:00:00
31aee0575e27326b,2026-01-21 05:00:00
08731a236a657ff6,2026-01-09 13:00:00
c0046ef817c2523e,2026-01-21 03:00:00
1598ba71689d55e9,2026-01-31 08:00:00
355cef3f4e794a61,2026-01-20 07:00:00
3d283553eb5b8019,2026-01-20 01:00:00
c8aab2d537385dcb,2026-01-19 05:00:00
7aece68a5700ba2f,2026-02-06 10:00:00
1c6d68d649fc422e,2026-01-28 21:00:00
f91a4480404ab473,2026-02-08 20:00:00
ccbe097404744d06,2026-01-24 04:00:00
60e924db0df5557b,2026-01-28 09:00:00
e15d25cbc1380d59,2026-02-07 10:00:00
734effad066dee4f,2026-01-02 23:00:00
b9b12338e1221eba,2026-01-22 03:00:00
53072752006f87d3,2026-01-03 04:00:00
3ddfbe2fe3d1d7a3,2026-01-25 19:00:00
2cec4759d6783a01,2026-01-15 08:00:00
c71fba1085303323,2026-01-10 13:00:00
1064d8167049c01b,2026-01-01 06:00:00
43bef936d344d625,2026-01-13 00:00:00
98c54e616f58881c,2026-02-02 08:00:00
37593a71581779c1,2026-01-07 03:00:00
a7075d4072f577bc,2026-02-08 11:00:00
307a7e6a0ea8b522,2026-01-01 01:00:00
ebe8e5c7587608d9,2026-01-23 07:00:00
04772c2f69483f78,2026-01-15 02:00:00
5b69827433d7a5ea,2026-01-20 12:00:00
bc27b28a69ba9d5d,2026-01-19 08:00:00
290897e69ea44913,2026-01-13 07:00:00
c809b199be0b0168,2026-01-27 01:00:00
b046bdee71f57dd2,2026-01-23 14:00:00
5dab9f47c9ee048b,2026-02-07 15:00:00
8b87c33827d53b5a,2026-02-01 04:00:00
9449d83bee66fd8a,2026-01-23 18:00:00
90b90b335c6c50fe,2026-01-19 05:00:00
86ea7d6a77089ce3,2026-01-03 23:00:00
b935a3a41c2b877f,2026-01-04 09:00:00
5e13dbba519d828c,2026-01-08 11:00:00
59efc3b2fb9b0597,2026-01-25 10:00:00
6bad90d655fbd7a4,2026-01-13 08:00:00
8c16071d21cef62f,2026-02-04 21:00:00
8f06fa3e1fd01876,2026-01-17 10:00:00
b6093bca6a94dd63,2026-02-07 15:00:00
b57c74ef8390e14e,2026-01-16 13:00:00
b567c976ab3e6be4,2026-02-07 06:00:00
6266ccb37515cd7a,2026-01-15 15:00:00
1859772a28c38b35,2026-01-20 08:00:00
f5a8841c6cff9b8a,2026-02-10 20:00:00
faff8d978b52e5d9,2026-01-04 23:00:00
ce9e6839207d37b9,2026-02-07 12:00:00
591818cc872e8dfa,2026-01-17 01:00:00
67f1241040b8811a,2026-02-06 14:00:00
061337cc725b5a94,2026-01-21 11:00:00
c1a825aca133c333,2026-01-21 23:00:00
a9bf262442643129,2026-02-14 18:00:00
f5124a3e186c5be6,2026-02-12 18:00:00
543262904054d81d,2026-02-03 16:00:00
a1d7538930bdbab9,2026-02-05 00:00:00
f5c6961ecea2b578,2026-01-05 12:00:00
34967c74ba03000a,2026-01-05 11:00:00
1eb725d09ba4c80f,2026-01-17 22:00:00
04d90aa66cfcac7a,2026-01-10 12:00:00
0d09fc01fb4b4942,2026-02-07 10:00:00
472f7591e578904b,2026-02-09 18:00:00
ddf15702a0a1f80d,2026-02-13 12:00:00
70e6835b19a3affd,2026-02-05 12:00:00
52ffa9d300d2e7b7,2026-01-14 16:00:00
9bf55f00fbf9b10c,2026-02-05 12:00:00
96c9c0b358de01f8,2026-01-10 03:00:00
54a247a2411bc0ae,2026-01-28 17:00:00
740390f5fb966249,2026-02-01 16:00:00
93325a17991deb04,2026-01-27 04:00:00
15fa0fda83d6364d,2026-02-04 13:00:00
3877b95017fc4584,2026-02-04 19:00:00
83d3aac221ba5094,2026-02-14 23:00:00
8fc1e725e8158f54,2026-01-03 11:00:00
4e2ab7754c50359e,2026-01-05 03:00:00
ff57367ccdf44901,2026-01-18 22:00:00
228d72b7c5aca3e9,2026-01-20 15:00:00
ff61dbac4224c438,2026-01-06 03:00:00
d9cd1badfb702302,2026-01-08 23:00:00
e525bdf4e1e92ce5,2026-01-31 10:00:00
90c128d879ad92cc,2026-02-10 22:00:00
91d611a76c2e78d2,2026-02-11 19:00:00
f43b15b2392c118d,2026-01-07 02:00:00
950742985487eff7,2026-01-18 08:00:00
5b2dff3cab5000b3,2026-01-22 10:00:00
f6d749f8c4164bb2,2026-01-24 08:00:00
2f0b3c20867c2984,2026-02-05 07:00:00
3d390da11e11ccf9,2026-02-03 18:00:00
ea349ef132163463,2026-01-17 10:00:00
7c24fda6164e9f02,2026-01-27 12:00:00
44469069fe448812,2026-02-07 09:00:00
732b850e90ca5c92,2026-01-28 05:00:00
85338d6ad73c9692,2026-02-11 13:00:00
a5cc9c9d4184b98a,2026-02-02 19:00:00
b3e38e2e2d6b9d86,2026-01-30 00:00:00
0754bf284f45926b,2026-01-02 00:00:00
2d909718de8076b6,2026-02-01 15:00:00
b1af8f9de728cf8a,2026-01-22 11:00:00
094909daaf298a8f,2026-01-28 15:00:00
958bdcb5f00c78ac,2026-02-10 01:00:00
7bb99b94b9a7bcc9,2026-01-04 22:00:00
292eb7ea5f0e7742,2026-01-11 15:00:00
a135b18ae42e217f,2026-01-19 22:00:00
896e25bca2189c2b,2026-02-01 16:00:00
b467582132468f37,2026-01-07 01:00:00
cad9e3b10bd89b4f,2026-02-04 15:00:00
969f3dae09771757,2026-02-01 06:00:00
1ce3ba3d4489e50e,2026-01-24 12:00:00
56f16900280a093f,2026-01-04 14:00:00
684280cad0103334,2026-01-16 21:00:00
256613d1d8e8fb95,2026-01-25 04:00:00
1e04905fd63d3750,2026-02-10 12:00:00
32e5a052b3629404,2026-01-27 00:00:00
99aed9bda50b2e16,2026-01-18 05:00:00
dc34bd030eae9151,2026-01-13 20:00:00
f89b1ba77edeb857,2026-01-22 01:00:00
d0128d61f7e750d4,2026-01-15 20:00:00
79d39215a498e9c3,2026-02-10 00:00:00
efa7ede96eb4b7ad,2026-02-04 20:00:00
fa6542c91e0f17e7,2026-01-17 23:00:00
76d262cdc284f5f8,2026-01-31 13:00:00
c5d3f03b5b698a06,2026-01-03 23:00:00
a4b0b2e5a0ab41eb,2026-01-19 11:00:00
4bb7f129db669e3f,2026-01-21 01:00:00
222e4a3975dd5c18,2026-02-07 08:00:00
0c49987c344d238c,2026-01-27 07:00:00
296d7e0f2d1f993c,2026-02-03 20:00:00
5cf4945dc0ca9180,2026-01-23 05:00:00
2d2364884f9a68e9,2026-02-07 10:00:00
c135de5e3c4014f9,2026-01-31 04:00:00
73be7d815925c2a1,2026-02-10 07:00:00
47f14736b15ff316,2026-02-14 02:00:00
0d0d99deaa0ab931,2026-01-19 05:00:00
8961dc2cfc7256c2,2026-01-13 08:00:00
5fe83abe4af786d9,2026-01-20 03:00:00
166316b74870608b,2026-01-25 10:00:00
bd407adad810a0f6,2026-01-15 16:00:00
2f5c9d9d1812864f,2026-01-01 02:00:00
378aeca6e6f51677,2026-02-14 20:00:00
f1372f34a47f2ce8,2026-01-23 14:00:00
8ae826bf3b4728e3,2026-01-09 19:00:00
07b04238ecd4704b,2026-01-22 00:00:00
dac48af0cae8b9a4,2026-02-06 18:00:00
24b59b0656e248cb,2026-01-09 18:00:00
81ef69269a561aed,2026-01-04 10:00:00
96a016b9cef6c8b6,2026-01-29 14:00:00
1a677a992b87520b,2026-02-01 14:00:00
8d00639da5c04cf8,2026-01-02 03:00:00
ede5badf3267e3d9,2026-02-13 18:00:00
290017f8946e1f82,2026-01-20 01:00:00
45f5a30ebbb654ed,2026-02-11 06:00:00
eadf6929ab351726,2026-01-17 18:00:00
c1da0c93a6fe68f1,2026-01-22 21:00:00
28457c2f266ec7d2,2026-01-03 02:00:00
5c423438704c7189,2026-01-31 14:00:00
7914e10d7e924c62,2026-01-20 08:00:00
b4912f3ad32dbfbc,2026-01-23 09:00:00
c7eb1544718ebe0c,2026-01-12 20:00:00
bbde82031e94b6fc,2026-01-27 21:00:00
28454746acf24f2a,2026-01-10 04:00:00
8c231143b3cea4fb,2026-01-19 12:00:00
dc93c3e8dfaf6a06,2026-02-12 21:00:00
312ec124bee9212d,2026-01-06 13:00:00
8767c5070e3d7d2f,2026-01-27 01:00:00
6ae61bec4b8cced4,2026-01-24 00:00:00
229e3436d14015c7,2026-02-07 10:00:00
f99af179972359e5,2026-01-17 09:00:00
e4b1e0dfdf7542bc,2026-01-03 00:00:00
14dc937da01d97df,2026-02-14 17:00:00
952c8fe1258780b0,2026-01-15 06:00:00
d4b2e6e04df702dd,2026-02-14 03:00:00
b0cb7bcd95dcb874,2026-01-18 19:00:00
844be8a74ef218fe,2026-01-27 17:00:00
2c2f583d695c9334,2026-01-23 15:00:00
79d94f7a494858c5,2026-02-06 03:00:00
b5b48bffd49b65a9,2026-01-14 15:00:00
b55da8576eafa287,2026-01-09 12:00:00
9d431880a8646597,2026-01-09 06:00:00
c91e1fadd63e2a21,2026-01-29 22:00:00
1545853006dcf9ef,2026-02-04 07:00:00
6954d1f0c1290b29,2026-01-03 00:00:00
00ad38d88358c254,2026-01-03 00:00:00
ae2899b3886f3e74,2026-01-16 16:00:00
884ee99c30496f82,2026-01-01 13:00:00
4fa5790677c0064a,2026-01-29 07:00:00
f9cae16925a1616e,2026-01-10 15:00:00
ddcc3a31c032ee98,2026-01-26 12:00:00
244b29e9ebfe722d,2026-01-24 18:00:00
0849569d4845e8cb,2026-01-22 12:00:00
7bd49455c9ca73cf,2026-01-09 14:00:00
9f3285bd27e0ae54,2026-02-13 10:00:00
05a826bf36a46bb4,2026-01-07 02:00:00
6b2ee17d06e58fb1,2026-01-28 12:00:00
ac6488fd7cc72561,2026-02-01 02:00:00
1d733134ab0d0629,2026-01-11 20:00:00
f51898401cd01f6f,2026-02-13 00:00:00
52284ea67c4ca162,2026-01-16 02:00:00
265190baeb07f0c6,2026-01-23 04:00:00
5f37cd30d5645947,2026-01-30 03:00:00
234c40cc54235ac0,2026-02-02 11:00:00
5aa971294ab01dc2,2026-01-31 01:00:00
b44d56d78b0b596a,2026-01-13 02:00:00
3d4ecc1ddfd829f8,2026-01-03 17:00:00
fbce14b731e477fb,2026-01-27 23:00:00
ea27f853b1510d28,2026-01-21 12:00:00
eb91da3cc95737a1,2026-02-01 11:00:00
3b6e823fc37b3a87,2026-01-19 16:00:00
be29856f87392a90,2026-01-21 12:00:00
0138bc9d7c4ef963,2026-02-08 08:00:00
f80a8a6a7fb33437,2026-01-30 01:00:00
6daeb987e2011ceb,2026-01-22 10:00:00
8e914c0f0b5af58b,2026-01-12 00:00:00
17a6484adc30acf9,2026-02-03 01:00:00
80c5b9adec63918d,2026-01-07 14:00:00
e2ebb301d9856161,2026-02-10 00:00:00
6fad86e38334f564,2026-01-03 16:00:00
8209ca917f54be5e,2026-01-04 09:00:00
365c49586a5cd8c5,2026-01-13 03:00:00
013362ef1eb8bbf0,2026-01-19 13:00:00
6aaca0c7eb9e0e68,2026-01-29 17:00:00
0841d0b540127c8b,2026-02-12 18:00:00
6ce94625df0390b1,2026-01-20 02:00:00
340a52bdf6516609,2026-01-19 05:00:00
7249caf224a869a8,2026-01-17 21:00:00
42b7eabc7eef8c64,2026-01-17 17:00:00
369b196a81b02b8e,2026-01-26 10:00:00
457e8ea3502d8541,2026-02-08 06:00:00
ee8569c0bef7b881,2026-02-12 08:00:00
209f8bc330fab2dc,2026-01-25 10:00:00
fd8c47617a5cec9a,2026-02-08 08:00:00
79cf382887840f43,2026-02-02 12:00:00
5d3c6cb601fb91c6,2026-01-25 07:00:00
7ffd86212f12907e,2026-01-10 04:00:00
f70cabbc10087a51,2026-01-15 01:00:00
284d339fada616b7,2026-02-13 12:00:00
cd3bd88b2a74f0c5,2026-01-31 09:00:00
5fdc89a36cdf5e31,2026-02-01 08:00:00
b63d936864791bf0,2026-01-29 21:00:00
d7e668675da27ade,2026-01-08 05:00:00
0bf39c4df2f5ee04,2026-02-06 23:00:00
acf84462c6bd1762,2026-01-25 22:00:00
80f73b244de28663,2026-01-06 10:00:00
03187491d4815bc4,2026-01-23 18:00:00
e032544c0e6a444e,2026-01-23 14:00:00
340fe8a84e4f96fc,2026-01-24 06:00:00
e23acddf9bd0e9c4,2026-01-10 08:00:00
6ba7c5ecf1a51ac7,2026-01-22 11:00:00
2d69a407948322bb,2026-02-13 19:00:00
7e5adfc7c834e0d8,2026-01-08 02:00:00
eee0e54759495a27,2026-01-28 10:00:00
d3544bb3cfbdd176,2026-01-09 10:00:00
f7b900598e643f93,2026-02-05 16:00:00
c949cc9801c7c136,2026-02-03 07:00:00
e96baafa29e30112,2026-01-26 07:00:00
3942382dd6bd334e,2026-01-07 15:00:00
1f7548a79ec169cc,2026-02-05 22:00:00
3a30919daa4617c6,2026-01-17 06:00:00
97960221255e8331,2026-02-11 22:00:00
db0c5b286495ac90,2026-01-06 22:00:00
d8d30e2da3d22707,2026-01-16 22:00:00
de616f9f4d73fdc8,2026-01-11 01:00:00
c1303cc3158a83ff,2026-01-20 03:00:00
1671518d8b49810a,2026-01-04 02:00:00
8f3a177920c1c454,2026-01-13 07:00:00
6c5e3d777c1869b9,2026-02-05 16:00:00
05b3dfdb84a7eef1,2026-01-24 03:00:00
804c337467bbecd4,2026-01-15 08:00:00
d0427f736dda9a2c,2026-02-02 16:00:00
b732dc19e529ed21,2026-01-06 01:00:00
27d9208c7bea3cad,2026-02-06 07:00:00
30bad652f1931a3b,2026-02-09 03:00:00
057e43226d735b8f,2026-01-24 20:00:00
66eb0430985fb743,2026-01-29 06:00:00
49cb3d1da792e9bc,2026-01-29 23:00:00
8c5c31168c4d7dea,2026-01-30 07:00:00
614a9d8393126098,2026-02-05 10:00:00
137864c44356c813,2026-01-22 17:00:00
e81fc614b67d3a93,2026-01-07 20:00:00
223a6a1794579896,2026-01-24 18:00:00
9fde9db34c9c642e,2026-01-02 18:00:00
c0b6d987a69e4dbc,2026-01-31 22:00:00
631557192b495d40,2026-02-04 16:00:00
2c7ec15393c441cc,2026-02-05 10:00:00
2e910c7b490f855b,2026-01-30 08:00:00
4d07bac6a2be80d0,2026-01-20 03:00:00
4f0c900021035f03,2026-02-13 23:00:00
90454192afd4f93b,2026-02-05 07:00:00
1f280881d3d705d4,2026-01-18 02:00:00
d38b2d8fa712aba8,2026-01-14 20:00:00
9a98f51038a7cbcc,2026-02-11 04:00:00
df40b1bfaa1220b0,2026-02-12 12:00:00
b763f040e670d95c,2026-01-06 08:00:00
d97797533cd93496,2026-01-28 19:00:00
464efc0a6840e068,2026-01-16 11:00:00
e29e0162f98700b4,2026-02-11 03:00:00
d9148c4afb4c86bb,2026-01-16 18:00:00
e7c8dbb7d9ea823a,2026-02-03 11:00:00
d6b23a7f9c0be537,2026-02-03 02:00:00
ae19dac325a8b044,2026-01-14 13:00:00
123583297238b2ce,2026-01-13 14:00:00
0eaf1d86b11a230b,2026-01-14 19:00:00
32567abb5eb0b50a,2026-01-09 13:00:00
7d68b6e772456f75,2026-01-08 18:00:00
043626571b6c9db0,2026-02-11 16:00:00
c30d6bafc59cb885,2026-01-01 06:00:00
7be5cde4a8c8eae1,2026-02-06 21:00:00
4e742b1123acf671,2026-01-11 06:00:00
e47260ed1a6a584e,2026-02-01 18:00:00
dc632475f279aa85,2026-02-06 23:00:00
7d21472a400da02b,2026-01-14 12:00:00
8740d0e8d39667af,2026-01-16 12:00:00
ab134e5412ce122c,2026-01-04 05:00:00
2a29228368ab87e4,2026-01-22 04:00:00
87ade2cc895e87a7,2026-01-22 14:00:00
a4944aee2718d21c,2026-01-30 18:00:00
9be58d9884420ee4,2026-01-16 07:00:00
f8f8b0094644a5ca,2026-02-11 07:00:00
c1397d3287194d9c,2026-01-31 18:00:00
b45474e2c39a2f3e,2026-01-24 12:00:00
a1ed0dc03212be9d,2026-01-06 06:00:00
b6f1b32406fd9814,2026-02-02 05:00:00
bb29aaa016d7edce,2026-01-31 14:00:00
9b581d89a6575976,2026-01-06 22:00:00
b596fcfa02457e51,2026-01-18 11:00:00
9abdbb81749cbbc1,2026-02-01 09:00:00
7f94c41c0394b510,2026-01-06 20:00:00
66fcd8c547b653b8,2026-01-20 11:00:00
cce49a96671fe013,2026-01-19 09:00:00
e59019b79bba7bd5,2026-01-18 02:00:00
afc499eb6bbf4cdc,2026-02-01 18:00:00
d126cab8281e4cdf,2026-01-07 22:00:00
d6e4c81c0b6ceb88,2026-01-11 09:00:00
14c9e386ce1a6fba,2026-01-23 08:00:00
3557748108653c69,2026-02-05 06:00:00
aede4c71b1c93177,2026-01-26 05:00:00
02f9a688c2de58a0,2026-02-09 17:00:00
7f092e7613f63d77,2026-01-01 16:00:00
1113c73b8bc2cb06,2026-01-29 09:00:00
35bb2310bc7c3d52,2026-01-18 02:00:00
1acaf750e52e0061,2026-02-11 01:00:00
b5824c1a451356c9,2026-01-18 02:00:00
04e0f98e6ff35399,2026-01-25 09:00:00
591227aababa018e,2026-01-22 09:00:00
629b6f2c1c20c30f,2026-02-09 12:00:00
ef9be70562aeb265,2026-01-19 06:00:00
e7322495791c6837,2026-02-06 12:00:00
4b42ee299f626fe3,2026-01-12 14:00:00
f5cbc85e2a1fd98c,2026-02-06 23:00:00
74a5201b3047e38a,2026-01-04 16:00:00
6c77645542d8c46f,2026-01-21 09:00:00
d5aca29ff48e24af,2026-01-23 21:00:00
d84c344659f26a3f,2026-01-11 05:00:00
cb026cbe126f34e1,2026-01-10 04:00:00
5534ee1367a662d4,2026-01-30 14:00:00
f3170e101ff70df7,2026-01-11 01:00:00
0d166d2d1978f4a6,2026-01-15 12:00:00
300c47ad4fb1f1c7,2026-01-25 06:00:00
c40795e0643ddf3c,2026-01-25 06:00:00
aa13d4865aefc7ef,2026-01-07 19:00:00
66ef341f48f716df,2026-01-03 22:00:00
b2524979ced3aadc,2026-01-11 16:00:00
d5f2277be37c8089,2026-01-23 11:00:00
dff346fd9e09045d,2026-02-11 21:00:00
9fa1bb31f8a82527,2026-01-09 01:00:00
11754bc0b834aae6,2026-01-30 02:00:00
77d585e63f6ac59a,2026-02-02 11:00:00
cf0ad166964ca17d,2026-01-20 01:00:00
aedcf275c2efb4d8,2026-01-31 08:00:00
0a9b125f38c16e4b,2026-01-16 18:00:00
78f453b2cc0c11aa,2026-01-28 01:00:00
c644d1e7e1bcaaf0,2026-01-13 00:00:00
b6db2ed93fcc4ad9,2026-01-05 14:00:00
b9fe31e440d83b3c,2026-02-07 06:00:00
6dd2c267017ef8de,2026-02-08 23:00:00
1c7e72ebb5cc941d,2026-02-14 14:00:00
249756202117df2f,2026-02-02 16:00:00
32da8046da7611f9,2026-01-03 22:00:00
475e292a6317f6ff,2026-02-01 17:00:00
eadce4ffab4a0a43,2026-02-07 05:00:00
0f6990196eff34fa,2026-01-24 05:00:00
b1bb60c6dfb96241,2026-01-14 06:00:00
60e713b7923a522b,2026-02-09 20:00:00
73c27bca996cd941,2026-01-25 19:00:00
694ec12038d45613,2026-01-23 08:00:00
8951bdea72981d11,2026-01-16 11:00:00
888cccdb38380ce9,2026-01-20 11:00:00
9e85a0cb73040bae,2026-01-24 12:00:00
632d966316e82bae,2026-02-05 03:00:00
d93b8ce873998c1b,2026-02-05 21:00:00
cf051b905e40622f,2026-02-06 21:00:00
1a370778950547bc,2026-01-24 13:00:00
414dd103fb0510d7,2026-01-20 07:00:00
d1189c66e135e2d4,2026-02-09 00:00:00
8731d8c941ed1ad9,2026-01-10 18:00:00
4b412663d54e212a,2026-01-17 06:00:00
93d495ff48a69b85,2026-02-11 18:00:00
274449276e6f44a6,2026-01-24 05:00:00
c551d4323402e94c,2026-01-08 00:00:00
95a30a5b892c8981,2026-01-15 20:00:00
12ede5249224712f,2026-01-15 08:00:00
7ba73724b36a95c6,2026-01-27 02:00:00
3b7c54387d45836f,2026-01-17 07:00:00
33abbc8c1e1de85f,2026-01-08 18:00:00
f823e492f5c64c18,2026-01-03 19:00:00
939445f02fbadfdf,2026-01-16 14:00:00
1f928506d8268771,2026-01-18 17:00:00
af4a62fa8f88b26e,2026-01-17 00:00:00
0613c1aae93cc6bd,2026-01-16 20:00:00
afac9960b077ae3a,2026-01-19 05:00:00
d8f596b7ba1780a2,2026-01-15 12:00:00
2b5ee494f1274a9a,2026-01-03 22:00:00
c4290ec7bf343e8f,2026-01-22 09:00:00
82a15b7b35588315,2026-01-15 02:00:00
d3e110fb9426093c,2026-01-11 14:00:00
06a3e37ff25e812b,2026-02-14 05:00:00
0f3d1a5a15e7502d,2026-01-20 18:00:00
75d73802d7b96575,2026-02-01 14:00:00
f3ece5d2738abec4,2026-01-05 12:00:00
3fe0820d2fd9b3c3,2026-02-07 23:00:00
888e6b54a2dd1438,2026-01-27 00:00:00
1320e8d4bc098463,2026-02-01 20:00:00
61420fc3e319cf6c,2026-01-27 00:00:00
bc6ca6ff2299aec8,2026-01-15 08:00:00
8da3dc8b1eda7417,2026-01-29 10:00:00
571e962568e0bdf1,2026-01-29 20:00:00
14b91490e394a111,2026-01-06 22:00:00
49ff3cd5f4ed22c5,2026-01-01 18:00:00
a678272708e3fd7c,2026-01-03 15:00:00
091b6d7ae0ce87c3,2026-01-05 23:00:00
d926d898dfc143a4,2026-01-27 00:00:00
e26e369e58d87934,2026-02-05 14:00:00
0f1d1e540133e4a8,2026-01-22 22:00:00
3f83e3357c89dd1a,2026-01-07 20:00:00
62d5fdf37f37cb54,2026-01-12 14:00:00
1e364e9185e5c8b3,2026-01-23 05:00:00
4256336ab9786a29,2026-01-10 04:00:00
6b495264aec0aa8a,2026-02-04 21:00:00
66d7fdf585ea3504,2026-02-01 23:00:00
030afe8eeed91f2b,2026-01-26 02:00:00
9888b33818561461,2026-01-10 23:00:00
2f14cee315624b16,2026-01-27 23:00:00
875f7425f8e6a1e3,2026-02-12 20:00:00
0275a529b7da00b4,2026-01-25 21:00:00
e74cfa9bd860cfb6,2026-01-31 07:00:00
5227283008fec581,2026-02-04 07:00:00
cf0c74a991ebb901,2026-02-04 08:00:00
051b358e710955e5,2026-02-14 23:00:00
cf95a32fa6255260,2026-01-08 21:00:00
e81adde7d80c121d,2026-01-06 17:00:00
f3a7bc479fe8d5a3,2026-01-16 00:00:00
be43d3198c00e519,2026-02-06 00:00:00
977c826545093a1a,2026-01-08 15:00:00
1211bda21117097f,2026-01-01 21:00:00
ac5a4bb9d9bdd27d,2026-01-25 10:00:00
ba76b6b86b4481b7,2026-01-23 09:00:00
e75e3f10b65931ad,2026-02-12 10:00:00
300cb72ea1ac3410,2026-02-14 00:00:00
ce46d4e4d031bed6,2026-02-08 04:00:00
4e7cb97ccc48d89a,2026-01-17 19:00:00
9a82221dfaa84df7,2026-01-06 21:00:00
efdfe418842b5628,2026-01-20 01:00:00
b6eb0320f32bf026,2026-01-03 12:00:00
103a10ae41f612fd,2026-02-11 06:00:00
43796bbc7c482367,2026-02-01 03:00:00
830d8744b582f1b0,2026-01-27 00:00:00
07c70f422e8b90eb,2026-01-21 04:00:00
218583552eac6fdf,2026-01-10 01:00:00
80f50bdfd48958bd,2026-02-12 00:00:00
d82d3966d53a0cb6,2026-02-08 16:00:00
903ad05d1b5f4524,2026-01-19 22:00:00
9d8fe8c62ad6c2d4,2026-01-11 18:00:00
3a597c8dcfb16dd2,2026-02-08 11:00:00
da3a6a1ea7cd023d,2026-02-05 04:00:00
8d6d2f2885650a13,2026-01-09 11:00:00
9689af4b36d05cfd,2026-01-03 06:00:00
5e89ea508cc59386,2026-01-13 08:00:00
39f83b923c6e84ef,2026-02-10 14:00:00
46600728537c3c66,2026-01-17 10:00:00
84d4ef3c4a44bf8f,2026-01-08 08:00:00
3ebd217d9181a6d3,2026-01-27 10:00:00
387eeeb9f596b485,2026-02-03 08:00:00
42b53044cfd48d51,2026-01-21 01:00:00
8dba4beb540b16b6,2026-01-20 10:00:00
ca1c373304e8d02c,2026-01-26 20:00:00
3c6efae440539965,2026-01-01 02:00:00
19427188d7993c76,2026-01-29 12:00:00
53081a81430cc4c8,2026-01-10 05:00:00
0ecfca44b7abeca2,2026-01-11 12:00:00
6025d1ac4e0b56b8,2026-02-11 00:00:00
3106aa2abc52e0e7,2026-01-04 07:00:00
e6b3dca27aa86827,2026-01-20 10:00:00
3fb270136f74b359,2026-01-19 21:00:00
51d4e9dd4b7993dd,2026-01-29 05:00:00
67f3d6989fd2e8b6,2026-01-14 08:00:00
35a94c4811594e53,2026-01-05 13:00:00
725bf779de1a95a2,2026-01-02 12:00:00
5425389d1a30483a,2026-02-06 05:00:00
ad725a5190847873,2026-01-14 12:00:00
1a6bca52a7e25db3,2026-01-15 20:00:00
a8880109e99374bd,2026-01-04 23:00:00
d32fffd6c086f5ba,2026-02-01 13:00:00
2005435f01479dc3,2026-01-01 16:00:00
504abf28210fa63e,2026-02-13 02:00:00
86164644d02077db,2026-01-31 22:00:00
3ee80cf437f8fd07,2026-02-07 19:00:00
b73cc9d8edc71976,2026-01-17 17:00:00
dff3a6149604e815,2026-02-12 01:00:00
9ba932bc49eba56c,2026-01-19 21:00:00
4e7a4688d10c5c4d,2026-01-11 03:00:00
013d49bada847c64,2026-01-11 21:00:00
4901c6005c3186c0,2026-01-07 10:00:00
2d807ce692cfbe77,2026-01-25 05:00:00
c59a67a1ceb5022f,2026-01-05 14:00:00
1671df419fdf5cf3,2026-01-26 09:00:00
4fc3a7ab9c2d2eae,2026-01-05 21:00:00
f40356d45a127ee7,2026-02-12 23:00:00
290f1a823beac66f,2026-01-25 00:00:00
be3a133275f8d49a,2026-01-28 21:00:00
dee53de318fb676c,2026-02-10 21:00:00
57a88a8ea3f58f93,2026-01-03 14:00:00
32abf33cd06bdf1f,2026-01-09 02:00:00
0ab465b5e26f33a1,2026-01-11 10:00:00
d7966030094c34d4,2026-01-18 18:00:00
5ecfe6e31c8428d2,2026-01-18 14:00:00
de1d931a10fb1bd4,2026-02-06 12:00:00
2e2fbec9735bbf4e,2026-01-13 05:00:00
e195b5756854826d,2026-01-24 16:00:00
88e789f096532529,2026-02-01 09:00:00
1d9082b5bc91c16c,2026-01-11 18:00:00
ee5fa658e3e87929,2026-01-15 06:00:00
3c8c761d65bb3253,2026-01-22 22:00:00
08d2c7d4e87de1a8,2026-01-22 03:00:00
4a9a7c7da22aed5c,2026-02-14 00:00:00
8554e01c1fc456f2,2026-02-01 05:00:00
de04b3fc74b941c4,2026-01-25 19:00:00
835b864b8603d397,2026-01-18 03:00:00
d9544557f224d2a7,2026-01-13 02:00:00
de3c3bf6b0e00749,2026-01-14 02:00:00
d1f262ef999b51c4,2026-01-23 20:00:00
68aca0ba7db58d63,2026-02-04 08:00:00
e83997d7bebcd21f,2026-01-07 12:00:00
3f349b7ac99393a6,2026-02-07 07:00:00
7ef8fac1fc861a22,2026-02-04 21:00:00
922cbb77cfbb00c3,2026-01-05 15:00:00
0b8ea3125baabaff,2026-01-06 09:00:00
f22a2203ebb4f093,2026-01-21 07:00:00
05c74e924a5c1839,2026-01-01 01:00:00
1803456326daf292,2026-01-21 20:00:00
e804cbf631041a46,2026-02-12 03:00:00
83cb7075c3cf4c12,2026-01-05 14:00:00
910bfb59131a7c94,2026-01-24 09:00:00
16924dfd96466158,2026-01-18 05:00:00
2b2751dc618209d7,2026-02-11 06:00:00
5fc3d9afe2ca214a,2026-02-09 20:00:00
f16ad4fe1384fed0,2026-02-01 08:00:00
90d36faaab5e4f7e,2026-02-12 23:00:00
834282fbf17c5ec2,2026-01-10 22:00:00
1aab66e980b95e29,2026-01-18 23:00:00
ff136d60c3434185,2026-01-07 13:00:00
046f4da428d37056,2026-02-14 15:00:00
75d053f620f8eb99,2026-01-03 11:00:00
f97faf49852e6f8b,2026-01-01 23:00:00
90c9537de6e90a80,2026-01-03 20:00:00
cd1f038f13ba1848,2026-02-12 08:00:00
9f07779e0fddcbc7,2026-01-05 01:00:00
94535b76f25522b5,2026-01-21 01:00:00
6ab156a9fd983a49,2026-01-24 15:00:00
4b9edc3df4d59e5e,2026-01-15 17:00:00
566fbe5de5c99f42,2026-01-20 20:00:00
86a8ed991256ae1a,2026-01-20 17:00:00
1c4b480d9d4e5b88,2026-01-09 03:00:00
4e8780ab84a5d296,2026-01-30 11:00:00
22d53d48bdc5f22f,2026-01-03 19:00:00
f37756178b214122,2026-01-27 16:00:00
12901e5c880600ad,2026-01-27 01:00:00
a542981b2c08214b,2026-01-04 03:00:00
0dc5313e6e920167,2026-02-14 17:00:00
095f7de0fe95e659,2026-01-18 03:00:00
9e83686c5f30508a,2026-01-10 21:00:00
d02ac58cb7c9f889,2026-01-05 19:00:00
9e63c52d3ca3959c,2026-01-13 23:00:00
c30f038e7c6dbd04,2026-01-01 22:00:00
5d606ce7ff8d5dd4,2026-01-03 21:00:00
4912c454dde6ba27,2026-01-16 03:00:00
ea9820f817b1ed1d,2026-01-27 13:00:00
fe755716f2ae0443,2026-01-20 06:00:00
7fe16233a0fcbc5e,2026-01-19 19:00:00
f4269870b699b929,2026-01-22 16:00:00
7c24255dd5239bb0,2026-01-13 04:00:00
f41779bdf3e7f16e,2026-02-08 10:00:00
02200c032c7499ad,2026-01-09 19:00:00
1f9c13c8e0441e78,2026-01-30 07:00:00
1f037880dfc6c2e9,2026-01-18 18:00:00
cc00b99b6915cdc6,2026-01-26 03:00:00
2c08cf9e51e149e8,2026-01-01 23:00:00
ae442c6ef1c96cc4,2026-01-13 22:00:00
fb73afa235d6ba98,2026-01-24 07:00:00
06cea0bca6a979c0,2026-01-13 00:00:00
c819e51383898612,2026-02-01 00:00:00
c138fafdb68800c3,2026-02-03 00:00:00
933d2c9801c54450,2026-01-29 05:00:00
3fb503c87f00d730,2026-01-09 09:00:00
29309627a5e8d70d,2026-01-25 20:00:00
32f1b39307a3c446,2026-01-02 14:00:00
57f85f09dfb6fa13,2026-01-28 16:00:00
2fdd48665cf6f624,2026-01-29 08:00:00
b458460ebc8c15e7,2026-01-05 18:00:00
d7fff0b4871463da,2026-02-06 12:00:00
e0f84a41cc726a9d,2026-02-08 05:00:00
2f8e1c1fc3a1cd71,2026-01-14 19:00:00
059e310491626b0f,2026-02-03 17:00:00
701e640f8f84c857,2026-01-07 00:00:00
3c4d4c10b290ac39,2026-01-04 22:00:00
9c8340ca2a153eab,2026-02-01 06:00:00
ca92fe09f4eec146,2026-01-11 07:00:00
6653f74ff8c2db12,2026-01-10 07:00:00
3ffaa116466abbda,2026-01-02 06:00:00
ae22a6251de5808b,2026-01-16 07:00:00
ece215a0d824186c,2026-02-08 17:00:00
53216cb6d7ca6275,2026-02-06 06:00:00
059d380f69cc6b3f,2026-01-12 00:00:00
2a5c3c593d8cb747,2026-01-16 03:00:00
ea419d0058aeab44,2026-01-19 22:00:00
30a894755b5b40a0,2026-02-10 23:00:00
a5299460e89a585d,2026-01-29 19:00:00
e0f265265c0f38ab,2026-01-26 13:00:00
aae94979b8301864,2026-01-03 20:00:00
65f12cb574be3d8c,2026-02-01 06:00:00
29d4c2881a2ad21c,2026-02-13 21:00:00
d045493d7190291c,2026-02-03 05:00:00
14da496d869c89a4,2026-01-15 15:00:00
f2726758aa625acc,2026-01-25 13:00:00
0da2933e51e0685c,2026-01-03 09:00:00
fff968f7f6384dd3,2026-02-08 16:00:00
acbe22af7add526f,2026-01-05 23:00:00
13588c1191dce69c,2026-01-25 03:00:00
29738be515bd87fc,2026-01-04 09:00:00
b801adc095ee6872,2026-02-07 06:00:00
7e0789904b48743e,2026-02-01 04:00:00
3e71c253476c7f7c,2026-01-09 16:00:00
6426264ad242f3eb,2026-01-07 23:00:00
570a544f26c2349c,2026-02-07 12:00:00
e7f8c0130f1c9612,2026-01-31 10:00:00
37e6d3fbe323cec1,2026-01-12 06:00:00
e1e49a462226947c,2026-01-10 21:00:00
cf109352611abb4b,2026-01-11 21:00:00
89bbced1f74ce502,2026-02-10 19:00:00
0c67dd023a17bfce,2026-02-03 21:00:00
f805a604fc37d726,2026-01-07 01:00:00
330cb2dd2a9171ce,2026-01-22 18:00:00
749f1336d19f86f6,2026-01-20 04:00:00
4afe876799d4e9e0,2026-01-15 02:00:00
be74ea3a0fd38b3e,2026-01-06 21:00:00
c5a8d40767ec1a19,2026-01-07 19:00:00
a53a7d9e7709ac93,2026-01-19 05:00:00
8e6fb0faca508679,2026-01-18 16:00:00
378f2544e4cc2338,2026-01-11 09:00:00
265d577351c2aeb8,2026-01-03 18:00:00
2b1db290db5ee419,2026-01-22 10:00:00
ee664d5d57ab839f,2026-01-08 14:00:00
1a7bc3417cba7f99,2026-01-01 20:00:00
826ffa743d881e9c,2026-01-23 15:00:00
2a1d03789638ca71,2026-01-08 09:00:00
f7fc0b16df4a7128,2026-01-31 04:00:00
6a853e5ca694c619,2026-02-09 07:00:00
f1d0759d29be27c4,2026-02-04 02:00:00
812ce81117c82699,2026-02-08 14:00:00
32226fae74f48f79,2026-01-15 20:00:00
3a5cfd97369e6040,2026-01-22 22:00:00
cd01e718cc01bed4,2026-01-15 10:00:00
5b6b19fcae4ea2ef,2026-01-18 10:00:00
5e0b673b852e5fc9,2026-01-10 02:00:00
aedd6d855700eb9a,2026-01-22 12:00:00
c86eba585f091d90,2026-01-30 03:00:00
b26e9ae032c176f8,2026-01-15 21:00:00
92061098e30c774c,2026-02-14 03:00:00
b0b6106c71eabfca,2026-01-11 07:00:00
c8b810c4ef08fa55,2026-01-13 05:00:00
3b6bca63dea3c919,2026-02-13 11:00:00
ec2f86dfdcffeeb5,2026-01-27 23:00:00
9deccdcca62757e3,2026-02-13 15:00:00
cb20b9ab682a05d0,2026-02-07 17:00:00
ef8bfddf262bc316,2026-02-09 14:00:00
60af769d30dc3824,2026-02-02 10:00:00
afdec219ffa0e4d2,2026-01-15 08:00:00
a6be8d96d9aa939d,2026-01-05 07:00:00
926f96317c4a0443,2026-01-03 20:00:00
1f71aa8551912cf2,2026-01-08 04:00:00
d1b467dfa2c5db87,2026-02-08 02:00:00
7ca1374008bcf208,2026-01-04 03:00:00
ced48598113a469e,2026-01-01 18:00:00
e6638f51c2f30a7e,2026-01-26 04:00:00
b31312255b655d06,2026-01-03 18:00:00
4aa9703fd8761c4a,2026-01-19 00:00:00
651c8a16dbae8f6b,2026-01-10 12:00:00
f51bfeacd81a5222,2026-01-28 06:00:00
346831644e277835,2026-01-26 14:00:00
a289d99c94b08039,2026-01-11 20:00:00
b48861d92a788f73,2026-01-05 08:00:00
0c555f2f528c7a3b,2026-01-15 14:00:00
043c04ea3ef306d2,2026-02-08 23:00:00
81fcd36b31128426,2026-01-28 05:00:00
9ab977dc72e85332,2026-02-11 23:00:00
39e2050ee1ac491a,2026-01-19 13:00:00
4b6706e883cdb6e9,2026-01-05 17:00:00
e4da283f399dda69,2026-02-08 02:00:00
c7268e69f17881bf,2026-01-23 10:00:00
a1eca3858eb6cdf7,2026-02-09 20:00:00
22c2d195b3d0138c,2026-01-08 14:00:00
b92b29094f2faedc,2026-02-01 00:00:00
7cb1a4144b1697a7,2026-02-13 18:00:00
3985a142f74aed64,2026-01-20 14:00:00
34973fed73f8a90b,2026-02-07 04:00:00
a595b0bc318278bf,2026-02-04 17:00:00
e13cf4f85055074c,2026-02-10 03:00:00
78d243e497277104,2026-01-05 14:00:00
e0789f88258a0b1e,2026-01-23 06:00:00
4d794e0ccdb6a741,2026-01-06 00:00:00
d1a47d00d8b11631,2026-01-27 15:00:00
6197a463fbe248d1,2026-01-01 21:00:00
8a1731e250b002ca,2026-01-10 17:00:00
85a22e96b1f0a3f3,2026-02-13 01:00:00
7198712df03ae5ee,2026-01-04 07:00:00
6ae9b1176f809eb1,2026-01-01 23:00:00
d67c2d7565de834a,2026-01-29 09:00:00
d4585b383726c9a8,2026-01-26 09:00:00
09eb0fad9d05279b,2026-02-05 01:00:00
bb041b5c76df8488,2026-02-06 07:00:00
60aaefee3e781fed,2026-01-23 13:00:00
7346b3544228cffc,2026-02-11 17:00:00
1773073048dfd232,2026-02-03 02:00:00
e4ea538842c246ef,2026-02-01 16:00:00
58e09b395fa880d5,2026-01-08 13:00:00
605880ac97321fd6,2026-01-24 04:00:00
86d93629a09e3ac9,2026-01-20 15:00:00
9172455ba0863935,2026-01-17 17:00:00
2f52e9fdfde0c42d,2026-02-02 12:00:00
a145a51d27650ca5,2026-01-05 17:00:00
7d840da90f5d077c,2026-02-04 08:00:00
1613abee373a4f51,2026-02-10 15:00:00
3f65bd7fa36d561a,2026-02-01 11:00:00
e8bd2a9cc909dc14,2026-02-06 01:00:00
b03897e1a00436ab,2026-01-29 00:00:00
157e02ab16286ea3,2026-01-05 10:00:00
96bfc56723503e3d,2026-01-28 17:00:00
8b16338c7f195f2a,2026-01-28 03:00:00
4adbfe55e9dcb442,2026-01-23 13:00:00
d76e1c0e1fcc1d90,2026-01-28 22:00:00
1587422355d5df5b,2026-01-15 09:00:00
b18fa050a2302c33,2026-01-06 22:00:00
45a0929d2c2232a1,2026-01-01 09:00:00
2a3075ccc5cc9a7a,2026-02-08 08:00:00
9e8f36aea743f427,2026-01-30 20:00:00
e089c906c53e8b3c,2026-01-10 02:00:00
80b370b7e0b3ea22,2026-02-05 09:00:00
9701e5053be8bde4,2026-02-05 03:00:00
28e23c5bc4146c82,2026-01-27 20:00:00
c49990f7dfdd75a2,2026-01-24 06:00:00
b5e93907371e49bd,2026-02-10 16:00:00
07de4ada12a4e537,2026-01-22 20:00:00
c2c5f8edb099800e,2026-01-05 12:00:00
d27be90ac0678c5e,2026-02-08 20:00:00
fc18de0ec2e858fc,2026-02-09 10:00:00
80c987f30f8f8dfe,2026-02-09 03:00:00
5d682acb94f46791,2026-01-28 22:00:00
2842bb63ce203d16,2026-02-04 19:00:00
ac1e024fcd38854b,2026-02-03 00:00:00
ff04e8bcd684f4a0,2026-01-29 12:00:00
f8a53578dd17bfb2,2026-02-06 17:00:00
761f2579ec605af5,2026-01-21 08:00:00
088e9c00d33fb37f,2026-01-16 06:00:00
595e0db74eb55c91,2026-01-24 05:00:00
4841602569b6e800,2026-02-10 19:00:00
a95dcf576d93c449,2026-01-06 06:00:00
2dacb8f5644768a5,2026-01-15 05:00:00
aba3c0d51b2afa9e,2026-02-12 22:00:00
3786dc3ed898c2c7,2026-01-22 16:00:00
730997b3d23ac6d4,2026-02-11 00:00:00
c898a8e944bdc9c4,2026-01-04 03:00:00
aab89359518d53fd,2026-02-04 03:00:00
fb851fae1f831853,2026-01-30 03:00:00
fc15eee12a5ceb34,2026-01-19 05:00:00
c92dedf6a1d70374,2026-01-09 10:00:00
c4f6de162e3acbea,2026-02-09 03:00:00
0b43a898b59489ce,2026-01-09 01:00:00
68316ea143f17f3f,2026-01-03 16:00:00
3f874bc9a2f015be,2026-01-21 03:00:00
1cc4ad348213a311,2026-01-19 05:00:00
5b8b90710823bf50,2026-01-27 02:00:00
7ccb320dd56f1e33,2026-01-01 22:00:00
974b09ae27c757d6,2026-01-15 12:00:00
87b45adbc1dfc514,2026-01-13 09:00:00
0ba9cbb7b189fcea,2026-02-11 23:00:00
07eade4c02c279b9,2026-01-06 08:00:00
4122860ab39fb0f6,2026-02-06 20:00:00
fd73b74371634732,2026-02-12 15:00:00
2c2e08f3073a6d71,2026-01-27 00:00:00
701717c613b96497,2026-01-17 15:00:00
9317a1cacfe07ef9,2026-01-27 23:00:00
d0b64698e14a4a6b,2026-01-28 19:00:00
48901e911cbbfa09,2026-01-28 18:00:00
a8860c3f5e3bbc08,2026-02-01 23:00:00
17b0a760f73cbb64,2026-01-05 23:00:00
16026efca596fbb0,2026-01-13 22:00:00
42654bbdce766695,2026-02-14 15:00:00
42c2531ab7d09d03,2026-01-22 06:00:00
2803ab32c1460f0c,2026-02-01 12:00:00
1464b0d5f97bdba0,2026-01-25 10:00:00
e44a67a6da496d09,2026-01-11 20:00:00
ac0377a2fbfe7acf,2026-01-23 02:00:00
3ca4bcc2643be004,2026-02-14 09:00:00
863d4e52f05c1827,2026-02-13 21:00:00
5c13d8d88cf13121,2026-01-18 14:00:00
9087977411029c92,2026-02-09 05:00:00
404b4724b7f5fc2d,2026-02-08 01:00:00
f5f4e0880322537c,2026-01-12 21:00:00
7ba9f34150d6717f,2026-02-09 16:00:00
1f699a472f96620a,2026-01-07 14:00:00
488bafef76ea8a52,2026-01-25 14:00:00
fe88d605e767d662,2026-02-09 01:00:00
98a116770d28723b,2026-01-29 13:00:00
8c1e33f66993f03b,2026-01-10 03:00:00
2b585da784c4430c,2026-01-12 07:00:00
5846384a9ef41cde,2026-02-02 00:00:00
a47eac7715e77c2c,2026-01-17 04:00:00
947749a63a141037,2026-01-29 22:00:00
b9b8be9ccc0f0caa,2026-01-29 06:00:00
f8d61315db7d90b8,2026-01-25 07:00:00
28790178d88252f9,2026-01-25 09:00:00
b45d3f56fed88110,2026-01-24 06:00:00
f93a8bb26baf7a04,2026-02-04 09:00:00
de905c3c84af2434,2026-01-16 20:00:00
fbabd0b1caeaa943,2026-02-06 21:00:00
d0643b890316d263,2026-01-30 05:00:00
2fde05d3513ad58a,2026-01-07 04:00:00
d4e234ac23ac9e42,2026-01-19 07:00:00
823d286cce838903,2026-02-11 11:00:00
81916aef50ef7a5e,2026-01-21 03:00:00
26fa15b99e5fe87b,2026-01-20 03:00:00
5245e24e9509ae2e,2026-01-31 00:00:00
8937bcf958a7eeb4,2026-01-05 05:00:00
d1eb6e9bf15aade1,2026-01-25 07:00:00
94ba43712bb5d905,2026-01-28 20:00:00
4ddbbde99ba8ab75,2026-02-09 21:00:00
92cd8bbf1c96f126,2026-01-21 23:00:00
3f6e3a54ddb15f89,2026-01-27 21:00:00
fa58ea1fa5f55a18,2026-01-08 20:00:00
9981ded142ce2dca,2026-01-22 21:00:00
0d2ba30397ec5856,2026-02-11 22:00:00
ac69cb69b1eb4498,2026-02-03 23:00:00
c8b0d23ecb060139,2026-01-07 06:00:00
450ec799963e55e4,2026-01-25 03:00:00
eaf91f202316fd66,2026-01-23 23:00:00
117eb702ce7ed721,2026-01-13 15:00:00
307c01a43e10da05,2026-01-21 07:00:00
89e986df1600c1a9,2026-02-06 17:00:00
dbc4e564e097afb2,2026-01-12 11:00:00
cf130dd0b69fe345,2026-01-09 17:00:00
e43c6aa1324e310e,2026-01-11 21:00:00
94ff6b8de7aedc72,2026-01-31 04:00:00
5dfc386511712ac2,2026-01-21 10:00:00
c2cb469ff7f095fb,2026-01-28 23:00:00
2f7e579bbcbc4c51,2026-01-20 18:00:00
c00637131a8bc599,2026-01-15 23:00:00
5166bdae15b646b7,2026-01-17 00:00:00
71a5f91aa3c0df42,2026-01-10 11:00:00
b772d77e6ab070fd,2026-02-09 23:00:00
e6fc85114b5df658,2026-01-06 16:00:00
ee6d8cc42cdfcd94,2026-02-13 07:00:00
77f04a4882abc2f3,2026-01-12 09:00:00
7147c671ce5f2121,2026-02-09 11:00:00
187bc973a4364ac3,2026-01-04 05:00:00
0f71e3e3d6eae900,2026-01-29 05:00:00
bc0a8212eaea5926,2026-01-22 02:00:00
042f7d2b6d1366f2,2026-01-27 08:00:00
326b499bffde72e6,2026-01-22 13:00:00
2b98056c0f36261d,2026-01-15 04:00:00
53c800625c368101,2026-01-12 14:00:00
480d2c6e4aaa0c96,2026-01-09 10:00:00
0af38347d03b91bd,2026-01-12 10:00:00
89f1c621a9df7bab,2026-01-08 17:00:00
c0baaf43156b3792,2026-02-13 22:00:00
82d3d6aeef6ba9c2,2026-01-26 03:00:00
0c827d38bc32224e,2026-01-10 08:00:00
72cbf34832579636,2026-01-04 02:00:00
f683df57c03d428b,2026-01-08 06:00:00
52b89c1a7d54288a,2026-01-11 14:00:00
bd563936e4925100,2026-02-11 00:00:00
63a4c60ab25d9671,2026-01-27 14:00:00
cae430993d33d40f,2026-02-01 17:00:00
f6764c0ab600cc55,2026-01-19 18:00:00
42b00619d3561098,2026-02-10 08:00:00
964173a9548f5bcc,2026-01-03 21:00:00
6e6d29378b493fd1,2026-01-04 09:00:00
79fc48c0ab898840,2026-02-03 12:00:00
07c6e217616ec5fe,2026-01-19 06:00:00
47c99e01b8d6c2f3,2026-01-01 10:00:00
606fc0735042a0bf,2026-02-11 10:00:00
0f6e4ff50eafee9f,2026-01-31 23:00:00
83681889b2ab417a,2026-01-01 00:00:00
9d4992caf1b5f948,2026-02-13 16:00:00
f95f925721f85a61,2026-02-14 11:00:00
71b8194655ab5987,2026-01-27 09:00:00
79a2c80aa38f9834,2026-01-16 22:00:00
26f5e2bddb019169,2026-01-21 01:00:00
cbd4cc597022dad0,2026-01-14 17:00:00
f18e80b582bad070,2026-01-04 12:00:00
a46320c93d865439,2026-02-01 19:00:00
4af7383b275fd5ef,2026-01-13 03:00:00
77dee6a5e0b57feb,2026-02-01 09:00:00
d95cda085598d450,2026-01-13 15:00:00
04194e0805c3d519,2026-01-28 01:00:00
1dc2d99ff30cbe91,2026-02-03 00:00:00
38d34bcff687e8be,2026-02-01 16:00:00
eac28085ecb5b5bd,2026-02-12 07:00:00
c355c739c0d39e9c,2026-02-11 08:00:00
478f8a071ba8d86d,2026-01-06 12:00:00
11f5d66a3376e420,2026-02-02 13:00:00
57d1be8846895681,2026-01-04 10:00:00
40d7403955b1ab5a,2026-01-27 10:00:00
efa0123a37032d3d,2026-02-05 12:00:00
f258306997191ac2,2026-01-10 02:00:00
3a7d4a95230b20b7,2026-01-07 01:00:00
b10c219b4c679f59,2026-01-10 06:00:00
32abf3d1d63b1a86,2026-01-19 18:00:00
2b1fcc77dada9844,2026-01-27 13:00:00
f1173e034a173fe8,2026-01-29 16:00:00
865f5f4a56beb7ae,2026-01-24 01:00:00
f796209a51208d1a,2026-02-11 01:00:00
576e82515218c8a0,2026-01-13 23:00:00
e64d69235aec0f4f,2026-01-14 18:00:00
0f2d7d8c7b62a993,2026-01-13 09:00:00
10b4393798f0451d,2026-02-10 07:00:00
ce112876b40fe99b,2026-01-27 15:00:00
1ab27a1552bad07c,2026-02-05 21:00:00
d13948b880f4480e,2026-01-06 07:00:00
6aaeaf430d3e9963,2026-01-20 14:00:00
4cc3bada314468d1,2026-01-18 01:00:00
95260f632070ce53,2026-01-24 05:00:00
4ff982c1e5fc02c3,2026-01-20 00:00:00
70f18b9bef5e81bd,2026-02-07 10:00:00
b6d2917fa29f3beb,2026-01-25 07:00:00
d6521bbe9b12237f,2026-02-03 09:00:00
048e2c8cc76ea57d,2026-01-30 10:00:00
f0652ccff052adc6,2026-01-21 12:00:00
8dfa588389a71f48,2026-02-02 17:00:00
6e3d3bc5f6f0fdb2,2026-02-01 05:00:00
6373b37b80d816ec,2026-01-15 08:00:00
eca5476b318545de,2026-01-27 00:00:00
87ba62d65c1c0d25,2026-02-05 11:00:00
f730967a18acaa17,2026-02-02 02:00:00
3466a4fd39d6b514,2026-01-09 14:00:00
8b0dd13796a549dd,2026-01-10 01:00:00
6806507c3b64c0ee,2026-01-25 17:00:00
0a2a5837e67462e2,2026-01-10 17:00:00
ec572a0eb3abfbcf,2026-01-06 00:00:00
9a87acfe3c04205b,2026-01-10 05:00:00
49e9576e863f923c,2026-01-30 19:00:00
b4a404c2f8261a6f,2026-01-23 22:00:00
dc5859edb838014b,2026-01-13 00:00:00
7e001ae0d47cf829,2026-02-14 21:00:00
fbe63d151aa82be1,2026-01-28 19:00:00
99bdc9303dc0fb2e,2026-01-20 03:00:00
a041c74a86a30c97,2026-01-22 05:00:00
19cb05db06ea8223,2026-02-03 05:00:00
89ee2b78bf87ca10,2026-01-17 17:00:00
6870049c8b76e97e,2026-01-04 10:00:00
b13245e6d05a2e18,2026-02-05 09:00:00
f0a4cb25c1e13603,2026-01-20 02:00:00
785b947299d25891,2026-02-03 05:00:00
25c386c92aeb4342,2026-01-08 12:00:00
02c4675707863d51,2026-02-14 07:00:00
98f7c4c8112855a5,2026-02-05 18:00:00
ac7636386a2ec85c,2026-02-14 01:00:00
6543499aacc79521,2026-01-09 07:00:00
35fd3b6392adb94f,2026-02-14 15:00:00
891201082b4073d6,2026-01-25 04:00:00
e22797e73dca7825,2026-01-23 15:00:00
1f594e13ef859169,2026-02-09 00:00:00
493310f211107b61,2026-01-10 05:00:00
0d48b540d8e8ac76,2026-01-13 03:00:00
2cf5c62f7542bf62,2026-01-31 19:00:00
990f33a7e698f167,2026-02-13 05:00:00
f03fc7dc63bcddc9,2026-01-17 00:00:00
06ea69b79a284020,2026-02-09 21:00:00
65981bdcccdc3a76,2026-01-14 17:00:00
c006ce9e49e603c0,2026-01-12 16:00:00
be48ea5613b11d82,2026-01-13 14:00:00
3c96dcc780eeabbf,2026-02-13 18:00:00
8173759666b78a52,2026-01-25 03:00:00
7d729d22ac5e5e84,2026-02-07 19:00:00
59a6b492547c3a68,2026-02-04 05:00:00
f7a5cbd47826bc8f,2026-01-04 20:00:00
289cd917d4aa42ab,2026-01-26 23:00:00
43cd3e306c5acd02,2026-01-01 22:00:00
0021adcc5cffce17,2026-01-04 18:00:00
ff264957dfa429bd,2026-02-06 16:00:00
9ba12c6cd1d86681,2026-02-03 12:00:00
180dbf6eec090fd5,2026-02-01 02:00:00
82d7636c1d23b11b,2026-01-09 18:00:00
0f59fbd6f53658bc,2026-02-01 15:00:00
b7ea052647845d12,2026-02-05 14:00:00
fd2d3cdca1ab8b2a,2026-02-01 18:00:00
4112e04b6ba0109b,2026-02-13 08:00:00
bed2280e1d380d5b,2026-02-07 16:00:00
344f79e4021b0bb1,2026-02-13 00:00:00
42e84cd5f01f6f3f,2026-02-08 01:00:00
4d2aef64f706ee98,2026-01-04 22:00:00
53db706a08df959a,2026-02-01 11:00:00
4ed465a32f5b56f0,2026-01-01 05:00:00
34cc2c298cef580c,2026-01-18 06:00:00
0a248d50af35aa14,2026-01-06 08:00:00
914dcbd6b83f5ca7,2026-01-16 02:00:00
1142903df6e85cbd,2026-01-21 17:00:00
b5a81e0adeb7fcd5,2026-01-13 17:00:00
9136f6b326fae62b,2026-01-03 02:00:00
83624f55947d1665,2026-02-07 14:00:00
5253cc2c90650cd3,2026-02-11 03:00:00
ad3709c9d1853810,2026-01-05 05:00:00
3e9851f51e595f3c,2026-01-12 18:00:00
f4d791d791f146fc,2026-01-25 11:00:00
0a0176d3b0e27fdf,2026-01-26 17:00:00
0ff9fb53ce4a01ee,2026-01-22 08:00:00
40f79b1316eeb69d,2026-02-02 12:00:00
abd784cca8348934,2026-01-15 21:00:00
55e47581e278e74d,2026-01-16 06:00:00
ffbb0060f2ce2a84,2026-01-22 05:00:00
f0c6337730610356,2026-01-27 21:00:00
a41f951f5a9138a6,2026-01-15 15:00:00
2946295c8f12e93c,2026-02-02 22:00:00
6b1bb3530af5eed1,2026-01-23 05:00:00
5138124366bf570f,2026-01-29 21:00:00
268eb6df7afab6ee,2026-02-09 00:00:00
2602ff7fa2804560,2026-02-08 12:00:00
72860c60011ce1ff,2026-01-16 19:00:00
4ef2fb93b0eeb06c,2026-01-09 20:00:00
b668c25b83d73225,2026-01-09 05:00:00
d2cce8bbcf4a3127,2026-01-29 06:00:00
b41d2b0737a66007,2026-01-13 09:00:00
3ed81a6866ff6ee1,2026-01-20 14:00:00
5f7c015d5012cf5f,2026-01-20 03:00:00
83ce0f1e0f82b837,2026-01-02 12:00:00
ed2b20248dc17023,2026-01-07 06:00:00
d01269cc8954e3a1,2026-01-21 12:00:00
e89df84915ec3ab6,2026-01-09 17:00:00
a9ffdd1214be5508,2026-01-27 04:00:00
76e9345eb9666ef2,2026-01-06 07:00:00
617e7ccfa7510b63,2026-01-01 16:00:00
b88c707f62565847,2026-01-09 01:00:00
c00f289c0a5ee51e,2026-01-11 09:00:00
e53318fbd5c57170,2026-02-03 23:00:00
2016cacdbacea58b,2026-02-11 19:00:00
8e1e4692d0ae52d6,2026-02-10 08:00:00
ae2eb3d14bfde79a,2026-01-14 06:00:00
730c3314a80673ae,2026-01-11 00:00:00
bbbcb23a19406d6e,2026-01-22 00:00:00
63cc922c3ed39b1f,2026-02-14 14:00:00
ad38e8377ded7588,2026-02-08 23:00:00
6a65e3b7c84ff2ac,2026-01-20 16:00:00
8bd8af09486c2cfc,2026-01-11 16:00:00
8398d9ef620f411e,2026-02-14 02:00:00
f4264a5947648be7,2026-02-05 20:00:00
3f5e96d08b5d6141,2026-02-08 16:00:00
061aec733c6fb11e,2026-02-13 14:00:00
04b39deb5acf766d,2026-02-07 13:00:00
c19942c8c5fc832a,2026-01-20 10:00:00
cfe8f0c8aa770756,2026-01-28 13:00:00
26e2f2fed28a9bfa,2026-01-18 16:00:00
298ef2c13c8db1a2,2026-02-07 07:00:00
75eef7c33a26fb95,2026-02-04 08:00:00
cc068c4b8a0c2800,2026-01-01 15:00:00
47edbc171928cde3,2026-01-09 08:00:00
6d795274b40a3b29,2026-01-12 01:00:00
64329996b8028c69,2026-01-08 16:00:00
e0c3f0ba49ba5f33,2026-01-26 00:00:00
bd835021133cc715,2026-02-13 18:00:00
9d47d9282703281b,2026-01-29 15:00:00
b75be36ab95743b8,2026-01-27 16:00:00
e2cae1530fee4764,2026-01-23 15:00:00
50bc9c6d8577bccf,2026-01-15 20:00:00
d4dcec7f54ddb278,2026-02-13 05:00:00
132fd4438f8fb6e1,2026-01-27 16:00:00
f03c4b0708011588,2026-01-21 13:00:00
cee8fd6c98da30f2,2026-02-10 06:00:00
68f672ac7efc7df9,2026-02-03 06:00:00
f39369dddc0d081c,2026-02-05 04:00:00
5895fb16e6d4a845,2026-01-15 02:00:00
2b165efafaa60075,2026-01-05 14:00:00
124a841b15045090,2026-01-10 03:00:00
9a56421aeda57b02,2026-02-10 07:00:00
9bd28602cc9f9378,2026-01-03 18:00:00
885f40d1b3a74302,2026-02-14 19:00:00
89c37e0fdb73433e,2026-01-15 01:00:00
b582fb7a17645ea1,2026-01-13 23:00:00
d27d32d939d86ad0,2026-01-02 07:00:00
a1b2a5d37ea7ba9d,2026-02-12 06:00:00
9d073f7a09631b22,2026-01-16 11:00:00
23fbfe6c4b2b5d32,2026-02-01 09:00:00
0829e8b2ed14d064,2026-01-23 02:00:00
c49506353b318364,2026-01-28 20:00:00
55c227e38d3be7a6,2026-02-07 01:00:00
2b56baaae2ec3a01,2026-02-08 00:00:00
ae530f9a462b5b75,2026-02-05 19:00:00
ea3ec855f9c05681,2026-01-27 20:00:00
572ea9e6288fab4f,2026-02-11 04:00:00
4529879dff64b1fb,2026-02-09 22:00:00
1ad451a367287271,2026-01-22 09:00:00
874a45213a1fdead,2026-01-30 01:00:00
b4d57fc8951d74fb,2026-01-27 18:00:00
78469533907615a8,2026-01-12 06:00:00
2068841b577fe4ee,2026-01-12 01:00:00
6a30eccedf790699,2026-01-12 02:00:00
d8e65ac86546ff51,2026-02-01 09:00:00
b8704d33084c8db6,2026-01-28 02:00:00
c00effd74fd19229,2026-01-01 01:00:00
f9f8147c67623b8d,2026-01-29 05:00:00
8e51209aec8ff68d,2026-01-18 04:00:00
f102849ba914fd0d,2026-01-31 10:00:00
dfa70f4231ac81c5,2026-01-16 06:00:00
1ed732204f89b893,2026-02-06 01:00:00
6d43e2b10fde0628,2026-01-03 02:00:00
257b85d3c512aa8a,2026-02-06 07:00:00
672a79c6c38f794a,2026-01-30 22:00:00
934e17e7a825b8f6,2026-02-08 04:00:00
af673f88c01fff57,2026-02-08 11:00:00
54178ee5bf9f515c,2026-02-04 09:00:00
bfc043f9c74cf8ff,2026-01-27 15:00:00
9b01c0e512249812,2026-01-01 20:00:00
11adee5b31f5a931,2026-02-02 22:00:00
4a25d20b69f7c298,2026-01-03 00:00:00
3f04e760ed9ad693,2026-01-21 19:00:00
0a7f63c44f76a7c5,2026-02-07 22:00:00
2017ceb2b5044cfc,2026-01-27 21:00:00
8b706d1a441f93df,2026-01-23 09:00:00
661212ff2683dc7c,2026-01-03 11:00:00
7bc06698f8e32cd7,2026-01-27 02:00:00
474857699666f7c0,2026-01-19 10:00:00
4a5f219a4de1c0fe,2026-01-27 02:00:00
acaec946df1fe5a4,2026-01-02 21:00:00
9a897326635034db,2026-01-31 20:00:00
acae8a736d5d6479,2026-01-09 15:00:00
98d19ff8e672aed0,2026-01-14 16:00:00
a44c08d73c1ed34f,2026-01-26 02:00:00
12d038c37be43221,2026-01-11 11:00:00
907644bf30896f39,2026-01-28 22:00:00
58dd4532412411d5,2026-01-29 23:00:00
3e6e851cde235a24,2026-01-01 23:00:00
ff98a74adc90409e,2026-01-12 01:00:00
c9929b733896522e,2026-01-24 10:00:00
29a2a5b2106a9dae,2026-01-10 21:00:00
9bfe1dca9e37d4ba,2026-01-14 18:00:00
ccc8637e09e438a4,2026-01-23 06:00:00
7845fd31abc52419,2026-01-29 11:00:00
975bfd0c7b4301a8,2026-02-04 05:00:00
35f1e99b27696141,2026-02-01 00:00:00
1e70d9341ed0eb5a,2026-01-21 03:00:00
23f7a3a77cb8ae92,2026-01-10 12:00:00
cd264f209100336e,2026-02-10 18:00:00
4b116c246d63f66e,2026-01-06 13:00:00
a427f6207c0c23e0,2026-01-30 06:00:00
d5860b608a6082ae,2026-02-08 13:00:00
29185b8143f5004f,2026-01-14 12:00:00
2177f10254c46160,2026-01-04 16:00:00
6ea3aac0cac58079,2026-01-04 16:00:00
c2edbb36f0317920,2026-01-29 23:00:00
1d4baede80090cc2,2026-01-05 05:00:00
f72d7f412458964d,2026-01-08 00:00:00
5100301a29d344f6,2026-01-03 16:00:00
007c78ec84903999,2026-01-20 22:00:00
c49145ab1a821241,2026-02-04 19:00:00
90784a3dc9423c13,2026-02-04 07:00:00
ba7b4d44b5b09f25,2026-02-07 05:00:00
523e6b5642746b13,2026-01-28 16:00:00
215336818dbcc5e7,2026-01-28 16:00:00
be5403b3955c51c9,2026-02-04 16:00:00
3b5b182449673e11,2026-02-09 09:00:00
d29c1d42d6c43a2b,2026-01-21 07:00:00
7f73ec2c1158a586,2026-02-05 02:00:00
ab6a70719116d669,2026-02-07 14:00:00
b55be46b62de97b9,2026-01-10 07:00:00
c5382a0de854bdb2,2026-01-16 02:00:00
a359df3a37adafbc,2026-01-29 23:00:00
8cb0864cd14dc8c4,2026-02-13 14:00:00
592ac541cdb423de,2026-01-22 23:00:00
3301584cfc572f59,2026-02-01 16:00:00
071a87473558e096,2026-01-12 09:00:00
bbe58707b14d414e,2026-02-09 06:00:00
de6def8e5b0da464,2026-01-29 20:00:00
76d1a25b7ec898e4,2026-02-08 19:00:00
f349b384540f85fb,2026-02-08 14:00:00
323fdc90838eb15b,2026-01-20 23:00:00
a6fbca5ff7655012,2026-01-02 15:00:00
cb174ccf633b9779,2026-01-24 13:00:00
d12230e97840ffe6,2026-01-01 11:00:00
4577e0a692711bf9,2026-01-02 19:00:00
ee0623102fd6dbe4,2026-01-02 23:00:00
a04a6304cf1eee01,2026-02-06 19:00:00
06f0194b60930e59,2026-01-28 05:00:00
750788da5704bbec,2026-01-25 19:00:00
a193b215c6269092,2026-02-11 02:00:00
3ebeebc33f400a62,2026-01-11 20:00:00
64e9a78802fa6782,2026-01-14 02:00:00
7a5e6a732749934d,2026-02-01 04:00:00
2681b7772eed7205,2026-01-16 17:00:00
df59cf082cbfe5f7,2026-02-06 20:00:00
593fa7929d947881,2026-02-08 13:00:00
efe7963b7f8f679e,2026-01-03 07:00:00
8f1e83400a6e8fca,2026-01-02 08:00:00
012a0e6fb429ee9a,2026-01-06 06:00:00
7e7993a334a8ed2d,2026-02-08 04:00:00
81bdf7026b4510dd,2026-02-04 11:00:00
152bb46f9dc264ed,2026-01-29 03:00:00
eb24bd752d56bd84,2026-01-22 23:00:00
fcf7515a55ffc620,2026-01-17 16:00:00
b5d89d45070a7bb6,2026-01-17 06:00:00
6f9e85ee865fba1d,2026-01-24 05:00:00
5bba372e762294d2,2026-01-25 11:00:00
bae18483b85e0d0a,2026-01-09 06:00:00
bcaf4a7b07b3cdb7,2026-02-08 19:00:00
068ff522d2780e57,2026-02-08 12:00:00
9aee52a181d24821,2026-01-19 20:00:00
f095c8df8844dd89,2026-02-10 17:00:00
79d1306a6830c2df,2026-01-03 05:00:00
cb9534349628a5e6,2026-02-03 15:00:00
b2a06a63a6988d15,2026-02-03 16:00:00
e1bc50b68f090fc9,2026-01-18 20:00:00
732598cbf5561bc8,2026-01-24 19:00:00
08a98cc3b61bf2f7,2026-01-25 08:00:00
4d93ca8f5f9131b8,2026-01-04 16:00:00
c3c5b798c2ea3845,2026-01-14 17:00:00
0a9c4672b75edeb1,2026-01-24 03:00:00
4bd78836d7ab16a8,2026-01-31 23:00:00
a15146aff8381701,2026-01-25 10:00:00
233dc20c03742d95,2026-01-24 12:00:00
811858d65f95af4c,2026-01-29 02:00:00
70cffe877b08d8d6,2026-02-04 16:00:00
24961b1a8bbc5454,2026-01-29 12:00:00
2ac9e22341a7ff02,2026-02-01 23:00:00
d087de17880c3998,2026-02-13 19:00:00
3ad90aecf8a126b9,2026-01-19 03:00:00
c8ae01c05ea5a238,2026-01-17 09:00:00
9970642aaab98611,2026-02-10 12:00:00
c2e5dd0a722299d3,2026-01-21 05:00:00
7e2050386033d710,2026-01-26 19:00:00
c6a2232c24702496,2026-01-15 21:00:00
8406fdf84da38124,2026-01-19 13:00:00
5409e7d334faec74,2026-02-01 09:00:00
551c38466ea256bf,2026-01-27 03:00:00
b21f1f57be17d65d,2026-01-08 12:00:00
e468e60b25920967,2026-01-01 12:00:00
ea2f315a586de144,2026-02-12 23:00:00
ca9150f722531797,2026-01-13 19:00:00
f6d81247a6931b78,2026-01-04 10:00:00
38abc17aa5afca17,2026-01-13 05:00:00
d3ef4c547836c019,2026-02-02 18:00:00
1c2d84fb40ffbd18,2026-01-04 11:00:00
9e06d4cf765aec38,2026-02-02 22:00:00
9050c3c6794247a6,2026-02-05 13:00:00
5eee1f67f164760c,2026-02-01 13:00:00
2ff58d64f702ccd9,2026-01-05 23:00:00
fb0008b2650cb621,2026-01-18 10:00:00
227dffece6ef5275,2026-01-11 11:00:00
1e909cc225686696,2026-02-03 01:00:00
767da7ddb7e6582c,2026-01-24 01:00:00
c35cffea41c67806,2026-01-26 21:00:00
81a517b0c5bfbbf4,2026-01-27 21:00:00
dcb074206975b2b0,2026-01-19 06:00:00
34bbcd836037d2b3,2026-01-16 20:00:00
9e607f4d5421c6d8,2026-02-08 20:00:00
4f13a85624ba13a6,2026-01-19 03:00:00
7a38704f8fae5669,2026-02-01 00:00:00
9f4e66d510968669,2026-01-23 18:00:00
15de3357a00e1e3b,2026-01-05 04:00:00
106065bd23de956e,2026-02-09 18:00:00
5e39f46c8c5496a4,2026-01-08 19:00:00
f74b5e96f60df890,2026-01-27 21:00:00
81b893f8439d5bdd,2026-01-31 21:00:00
f38c7685a07be5c3,2026-02-10 14:00:00
c401a6aa10bb94a7,2026-01-22 00:00:00
555c78e693ae3193,2026-01-24 10:00:00
a49041520a606d74,2026-01-22 14:00:00
5e959e7cd3fedbab,2026-01-12 14:00:00
21a56f834bd3b221,2026-01-07 22:00:00
ea76433398b6a87b,2026-01-08 08:00:00
1396397f082d8c1f,2026-02-08 06:00:00
fa884882e1e1e2c8,2026-02-03 17:00:00
254b91a42e1d4265,2026-01-31 22:00:00
4455a9f53ce2da75,2026-01-08 06:00:00
a75098130600b7a9,2026-01-31 18:00:00
2fed7c9bce18eabf,2026-02-14 22:00:00
01dea9fd3273a1e7,2026-02-14 17:00:00
f186e46c0af7f0bd,2026-02-14 00:00:00
2c2621b49afc83e7,2026-01-25 20:00:00
0b8d357106b00ba6,2026-01-03 16:00:00
fe51b654b2929258,2026-02-04 07:00:00
f79514d4569ddf58,2026-01-18 15:00:00
30da5e0608beeddf,2026-01-28 07:00:00
a5b589d3e56cb261,2026-01-27 08:00:00
456b60d25a6d8398,2026-02-01 08:00:00
47aff2b19a1b9821,2026-01-31 14:00:00
80b0dff5de8b6ede,2026-01-17 08:00:00
65eaff53f396de03,2026-02-08 10:00:00
42f4d2a30667c64b,2026-02-12 13:00:00
d8b1847a6a13738d,2026-01-21 06:00:00
a8ecd1d58dabde3e,2026-01-09 17:00:00
81d8374cdbf815cf,2026-02-06 01:00:00
c6bb32390fa7d67d,2026-01-09 13:00:00
75d7badac21b64ea,2026-02-13 23:00:00
7c11e863c61ddf44,2026-02-10 22:00:00
c811ab8e77000aa7,2026-02-13 13:00:00
50f0899c272aa029,2026-01-31 12:00:00
a063a0902b677329,2026-01-22 09:00:00
9c9ed7992049bda1,2026-01-27 10:00:00
1338de26c951be5c,2026-01-22 03:00:00
29368b3c561a3b8e,2026-01-15 23:00:00
8316bb2911695b67,2026-01-10 10:00:00
f449742b013afd04,2026-02-13 13:00:00
d0bae133b36916db,2026-01-14 01:00:00
3a0f91dd3a1526bd,2026-01-12 19:00:00
da7f461399bde4ce,2026-01-16 15:00:00
94387f1e5996ef65,2026-01-15 15:00:00
53cbc030ed04d534,2026-02-12 22:00:00
568f7f63be9c3a28,2026-02-11 00:00:00
cdd8e59fd1d3336e,2026-02-04 17:00:00
f02420ffaea9468d,2026-01-19 07:00:00
6f8fb5bad4601523,2026-01-14 04:00:00
8359eae11c8440dc,2026-01-16 23:00:00
bfae3245e771407e,2026-01-12 11:00:00
f3670bad06137ede,2026-01-01 04:00:00
bbc56c49e1f735ae,2026-01-25 20:00:00
deba6e4e36be732f,2026-02-05 22:00:00
e310af30aee96de6,2026-01-03 10:00:00
ea82c79914ecdc82,2026-01-29 18:00:00
c51d1ffd076a2360,2026-02-01 02:00:00
b71da75a56a7ac09,2026-01-29 09:00:00
21d7e3db6cb144e8,2026-01-08 06:00:00
b63b24739043d420,2026-01-16 03:00:00
23b94ce30f027b7e,2026-01-18 08:00:00
55e0a42408afd8d7,2026-02-13 04:00:00
092456030d66d142,2026-01-18 23:00:00
dbe35e41b7668fff,2026-02-14 07:00:00
f1c040fe6b3e062f,2026-01-15 01:00:00
8a98d6e0def71966,2026-01-23 22:00:00
6c3419b521ddc979,2026-01-17 08:00:00
42607ced93dd476b,2026-02-07 04:00:00
dc6d36412b62a56f,2026-02-07 04:00:00
ad6ce268c831dba9,2026-01-03 04:00:00
40044a861c891682,2026-01-03 12:00:00
1812ad699f95ebc6,2026-02-01 02:00:00
5e2b4a955b37920a,2026-01-05 16:00:00
37c8cbfb429fdbfe,2026-01-01 07:00:00
8b5fb1d572092619,2026-02-06 14:00:00
138c50b48a64b61f,2026-01-17 05:00:00
0694cfa9f7375d7c,2026-01-19 21:00:00
67a4b967ce019de9,2026-02-05 23:00:00
bd0112ff79d82307,2026-02-11 12:00:00
df61fe85c8e86579,2026-01-22 21:00:00
78ddcdb130b009b5,2026-01-31 17:00:00
b44b83f22be1bd64,2026-01-04 20:00:00
2e2644e941b91e25,2026-02-09 00:00:00
ec1cff9255b75e0a,2026-01-25 21:00:00
a04eef245f70dd36,2026-02-11 01:00:00
88f3f34d936587d5,2026-01-27 18:00:00
f064dbe39b75bf06,2026-01-24 16:00:00
95205c14aed4a1b7,2026-02-11 22:00:00
3ef9a7bad9d26160,2026-01-28 14:00:00
a45169afaa2de225,2026-01-12 11:00:00
4c41eae667693c26,2026-01-02 20:00:00
2cfa48372fd74bd9,2026-01-04 12:00:00
aaeaf5a458f1483b,2026-01-03 00:00:00
e298bb198128ad0d,2026-02-01 11:00:00
ebc5fa542e2b1bad,2026-01-31 10:00:00
eb3ef8a9995adead,2026-02-02 12:00:00
aa35930216283329,2026-01-01 11:00:00
ac91e04341f617bd,2026-02-12 22:00:00
2430f5847d6c2fe0,2026-02-09 14:00:00
323d8dcbea7b64d9,2026-02-08 17:00:00
5333c4664b876bf7,2026-01-13 05:00:00
c7fada8bd3a99b22,2026-01-07 13:00:00
27b2fffdfbd1257e,2026-02-13 05:00:00
e57bbc702bebaed6,2026-02-09 04:00:00
649dff7ad08065c7,2026-02-02 16:00:00
6a86aa7f9f2a6c89,2026-01-31 01:00:00
8fce6c7a6b6267d0,2026-02-11 15:00:00
96bf3dfd7e58d53f,2026-02-07 10:00:00
5452e46244bac208,2026-01-01 21:00:00
b1ce112f61bfbb85,2026-02-09 06:00:00
788ac1dad54f9716,2026-01-28 11:00:00
857a9d5ff2ae4812,2026-01-01 09:00:00
090e1b8c1b8c6058,2026-01-17 12:00:00
68c71c186c190afd,2026-01-22 21:00:00
c28e9ecfbc3aa965,2026-01-22 11:00:00
030ecc759af3e09f,2026-01-17 05:00:00
d82802f3b02f1975,2026-02-12 06:00:00
2f55afdc32808752,2026-02-14 05:00:00
3d957eeaeec14d69,2026-01-19 23:00:00
b7cc384fc2d8e20f,2026-02-05 21:00:00
ff0b6da97a26b7cc,2026-01-07 03:00:00
712c68129bb8eb51,2026-01-01 05:00:00
f7af85c7cb1d4053,2026-02-09 02:00:00
5a8d3ab93a3c7a9b,2026-01-20 13:00:00
15d3c7d30639d77d,2026-02-13 02:00:00
555c5e78b9f6a777,2026-01-14 15:00:00
06339e2313e35e8a,2026-01-21 03:00:00
795c0f4db603b199,2026-01-18 19:00:00
22f0168676e5048b,2026-02-04 19:00:00
ea7cc12e0dcdb142,2026-01-08 19:00:00
39de323b983caa28,2026-01-10 22:00:00
7c24b729767ff655,2026-01-14 14:00:00
0f4e8c45b5e5e810,2026-02-08 06:00:00
6a73daa899ba7fdc,2026-01-09 19:00:00
a9536f6d0a95f071,2026-02-07 03:00:00
fdafd57e9776f50c,2026-02-08 12:00:00
879dcf22a04727bd,2026-01-31 23:00:00
94436c66c44e5918,2026-01-25 11:00:00
72fbdf2134256622,2026-02-07 02:00:00
93b1b529b687929d,2026-01-20 08:00:00
7236e38e31aecd24,2026-01-15 22:00:00
5500d59fb21c4ed6,2026-02-06 07:00:00
1617f236a31a1ec0,2026-01-26 17:00:00
02211a6a6abaa179,2026-01-09 13:00:00
a7266a9420791f85,2026-01-06 22:00:00
263b07c68eb47c61,2026-01-03 21:00:00
7cdeeb0a1b2ac663,2026-02-01 00:00:00
59da8a5144b19c8c,2026-01-10 03:00:00
61437f6ff6a0459a,2026-01-02 02:00:00
77773809db267a57,2026-01-30 05:00:00
9e77cb88b19296bc,2026-01-22 23:00:00
427d30be060a7aa6,2026-01-14 01:00:00
29134d597c9842fd,2026-02-07 03:00:00
4b0e732128925704,2026-01-21 10:00:00
7e635ebd78273481,2026-01-24 02:00:00
d65535cd65a3fdc1,2026-01-22 20:00:00
e1e4254e807362c2,2026-01-19 19:00:00
d3136e2eba73e163,2026-01-08 08:00:00
69d3cd70882d3a79,2026-01-19 05:00:00
8f3099ccf9897da9,2026-02-03 11:00:00
d96f5552a80ee844,2026-01-30 01:00:00
8e2c8f43f7a682f6,2026-01-23 12:00:00
c669e8e389a14cfc,2026-01-29 05:00:00
a6ce7dbb0a27ac01,2026-01-08 11:00:00
11e1419e60f1fff1,2026-02-14 01:00:00
7cf308a1ceb35903,2026-01-11 22:00:00
99df441399207339,2026-01-04 02:00:00
284a045c555854ca,2026-02-10 15:00:00
54ea9fbf1935f13a,2026-01-12 23:00:00
7c4665dc57cd5ac2,2026-01-09 12:00:00
ec3a49587eca2a66,2026-01-06 07:00:00
e76c3dac8a645d26,2026-01-04 01:00:00
054fef48ade8e220,2026-02-13 19:00:00
80a5c989e83153e0,2026-01-29 21:00:00
f44323734f55b87a,2026-02-08 08:00:00
ff377d00585847ed,2026-01-04 22:00:00
63bd624da3ad4452,2026-01-12 01:00:00
1daf7436044d4d85,2026-01-12 09:00:00
b1b87300df355aa9,2026-02-03 19:00:00
e6b9f16112216f9e,2026-01-06 11:00:00
875c080a392eff6f,2026-01-13 16:00:00
fdc1e52bd843e989,2026-02-10 08:00:00
3d43b2e25d1460d5,2026-01-29 05:00:00
55caa78f98c90d6f,2026-02-01 20:00:00
8c31f40b70774823,2026-02-08 20:00:00
b7bb739be185ce55,2026-01-02 10:00:00
9c3227ce5534fcb3,2026-01-06 05:00:00
7177541f4791dcb9,2026-02-03 23:00:00
b2d922e1b394a378,2026-01-12 21:00:00
53a262a792d59cd3,2026-01-20 11:00:00
728e21ed8599355e,2026-01-07 23:00:00
dcb03a03e5cabbf3,2026-01-06 10:00:00
fde11d6603f43f9c,2026-01-22 06:00:00
17968f243bbbbc40,2026-02-05 14:00:00
d39b9f7ecdf3ef7f,2026-01-19 16:00:00
214749973e6ac02b,2026-01-19 10:00:00
ba2df4fc21148e3e,2026-01-08 15:00:00
a47ee4c15ce2c3ed,2026-02-09 21:00:00
7cc27bdcf815191c,2026-02-08 02:00:00
099a375d46c96460,2026-01-09 20:00:00
0b1ab300dbb9a0b1,2026-02-14 11:00:00
f532d232f61f752d,2026-02-05 14:00:00
40d511fcc0b0a3e2,2026-02-12 18:00:00
7ad96160f23d1005,2026-01-01 22:00:00
133555b7adc68504,2026-01-13 11:00:00
13fdfe6972295bbb,2026-02-11 13:00:00
c8b1da77e3038f59,2026-01-29 16:00:00
e79061b86854242e,2026-02-05 01:00:00
a8400dc40de37503,2026-01-18 16:00:00
844ccb4770ab4c13,2026-01-05 17:00:00
2ccaf8a2e9919e10,2026-01-17 00:00:00
3e6e0828cb27a1fa,2026-01-01 16:00:00
d9af8042c8c4636c,2026-01-06 04:00:00
a2e9d476f5141c49,2026-02-09 18:00:00
eac83244a31c37a6,2026-02-06 15:00:00
8f62533c1c2e14f6,2026-02-03 02:00:00
9ae845ee6d506e3b,2026-01-20 21:00:00
d8a6ead57dd13874,2026-01-27 20:00:00
0ab84770db925add,2026-01-31 09:00:00
3de972106531e87f,2026-01-23 04:00:00
b9a6ea6fa25595b4,2026-01-17 07:00:00
78eb5ee1b017ee9b,2026-01-24 23:00:00
33ba73755779b7ed,2026-01-19 19:00:00
bba255762edb7321,2026-01-15 09:00:00
e25b0fa5cc88dc27,2026-01-01 01:00:00
ff0fa8b4085a2f05,2026-01-06 08:00:00
c2aa6e69c29af75f,2026-02-13 14:00:00
1c0f55c6e63aaf35,2026-01-17 18:00:00
718529c2bb7684fc,2026-02-02 12:00:00
f5eebeff3b21dcf5,2026-02-14 09:00:00
35656c5a78a916be,2026-01-21 08:00:00
1e748146512c63bc,2026-01-19 12:00:00
ae851259375b524c,2026-02-02 10:00:00
ed633ecc8ed64bc5,2026-01-06 17:00:00
c37f903b32255329,2026-01-03 13:00:00
85396a5faee509d8,2026-01-06 06:00:00
a7d31cf09d881e9b,2026-01-26 00:00:00
6326b2cb7a5d0712,2026-01-11 01:00:00
0165c35bab4a2011,2026-01-30 11:00:00
051bc061fa39a3d7,2026-02-09 18:00:00
9181e54e0ed7a2dc,2026-02-13 02:00:00
89cbc5d8f20f972d,2026-01-27 18:00:00
05c134c9231473a6,2026-01-14 11:00:00
51fed16f6e7c0473,2026-01-21 15:00:00
d69170595c50eee5,2026-01-29 04:00:00
3dad004939d79e70,2026-02-08 22:00:00
f568df29005bad54,2026-02-02 01:00:00
83c9586ed5a9436d,2026-02-02 04:00:00
67c7d520b16a55e7,2026-01-01 12:00:00
1967dcfb804436ff,2026-01-03 14:00:00
b2ca76592b1a8836,2026-01-26 07:00:00
a11898db68c99471,2026-02-02 04:00:00
ba2eb7a34b376943,2026-01-13 23:00:00
d51efd7421d07a9b,2026-01-13 05:00:00
c79bf7ffd170b4cf,2026-02-04 21:00:00
12ef9ebc7800fa40,2026-02-02 01:00:00
27a16a9007c156d9,2026-01-06 12:00:00
6f710bedf15c187c,2026-01-08 04:00:00
8a8837887c19d531,2026-01-14 03:00:00
461f5cadf0a218bc,2026-01-11 09:00:00
f4dbf8643e9adcce,2026-01-17 01:00:00
a6d48c175d4e9ab9,2026-02-05 12:00:00
e63956918c121453,2026-01-22 14:00:00
f84a070f97bb867e,2026-01-02 12:00:00
c371ea28bb8686ce,2026-01-14 15:00:00
f06a6ea7c5d7d5b4,2026-01-19 23:00:00
0bbef91fc4bdfd12,2026-01-10 14:00:00
a18434a8713d836b,2026-01-13 19:00:00
39d5110a9cd9b6e2,2026-01-29 11:00:00
67d5a259b24d328c,2026-01-23 13:00:00
c2b9bf35ac93d866,2026-01-11 19:00:00
4fad00b120a76e42,2026-01-23 11:00:00
7c1040c94fbd5118,2026-01-09 05:00:00
96b0e62b5bc97f27,2026-01-14 17:00:00
43535697935a740f,2026-02-13 04:00:00
5bb27dcdbbccf9de,2026-01-03 11:00:00
cdd4059acda29a8a,2026-02-09 20:00:00
b8029cc252388e7c,2026-01-14 17:00:00
a87631e31250007f,2026-01-07 13:00:00
27619da4aebf01c7,2026-02-06 08:00:00
580d2a90718cd6ad,2026-01-23 06:00:00
66b84f2ca3607429,2026-01-29 05:00:00
69ef45cda0541473,2026-01-04 11:00:00
c5f3549f2ac7d536,2026-01-01 18:00:00
0d513a532581692c,2026-01-08 16:00:00
21d5482dfdc6bc06,2026-01-01 21:00:00
ac55b74775204415,2026-01-13 16:00:00
1b1f54115c3d8546,2026-01-20 23:00:00
14f5e6f97d43cfc1,2026-01-26 06:00:00
4ee11150e189bc64,2026-01-14 19:00:00
a54623ed9691fc14,2026-01-27 17:00:00
1183fa5c1547ec9c,2026-01-07 02:00:00
69d2eb9d9958ea48,2026-02-13 16:00:00
d4732ca2797feeba,2026-02-14 14:00:00
71a38a3d9ac70b63,2026-01-19 10:00:00
e824f151b89f4fc3,2026-01-09 07:00:00
c04876e0764c555a,2026-01-14 07:00:00
fe7f7231e571123e,2026-01-05 17:00:00
ce707c12bcdfeb84,2026-01-19 02:00:00
e846298e1a12fb0d,2026-01-30 17:00:00
fba68dcfb0a51163,2026-01-30 17:00:00
a75ea0bf98ef650a,2026-01-15 11:00:00
aaf104521bdefc08,2026-01-02 03:00:00
c29f08c43db315d5,2026-01-03 19:00:00
4421d631fac6e79b,2026-01-01 01:00:00
7e817bb3df15b830,2026-01-27 04:00:00
666e3077b48245de,2026-01-04 20:00:00
d13619c13ca7f5c0,2026-02-14 16:00:00
1223228921225db1,2026-01-19 16:00:00
53e86abe9a139790,2026-01-29 11:00:00
9059003a3f0d3423,2026-02-02 17:00:00
d44991fb9779d591,2026-01-12 04:00:00
eff513a708fb2a5d,2026-01-24 10:00:00
661e58ee64233c29,2026-01-08 15:00:00
13415bc82f23b0cc,2026-01-13 17:00:00
9ba7b9769fa2ac24,2026-01-06 03:00:00
0c56f224d816255a,2026-01-15 01:00:00
004fc5f070c8fba0,2026-01-03 02:00:00
3fab751c2b783399,2026-01-28 23:00:00
485af6f2dcb510ac,2026-02-09 02:00:00
3c03df1c20ac343f,2026-01-16 07:00:00
9e264eaed4d76ac3,2026-01-03 10:00:00
e593728c6d66e53f,2026-01-31 16:00:00
5573618c5b78e342,2026-01-01 00:00:00
97d51e2bc15c9e64,2026-01-02 21:00:00
4f7524b214e35a48,2026-01-24 17:00:00
b782e4d9dcf0f458,2026-01-26 09:00:00
131d9f6d4afb5e08,2026-01-30 20:00:00
a044c6327bc5997c,2026-01-29 22:00:00
4b68694c56c789d8,2026-01-15 06:00:00
2b7bea784b73c764,2026-01-02 13:00:00
dc1a52d97dae3be2,2026-02-14 00:00:00
79928afa545cd150,2026-01-02 17:00:00
d940ad891bc515f0,2026-01-15 02:00:00
655c781b5f620d57,2026-02-10 09:00:00
475bd1de0d1c0f48,2026-01-12 18:00:00
5bf4a9073e80fe0f,2026-01-08 17:00:00
3899a62c817da6da,2026-01-19 12:00:00
ad510e5cb0734a6b,2026-01-01 22:00:00
901606936f3b8e5d,2026-02-01 13:00:00
353d6bea98e9b0fa,2026-01-03 22:00:00
2dbcba0a9fac73c3,2026-01-03 20:00:00
6cec68b90558c653,2026-02-08 14:00:00
e6f7c8228d1b55af,2026-01-09 15:00:00
a2be2af23c55571f,2026-01-25 17:00:00
757b4ffe11d6bb10,2026-02-14 10:00:00
09466eba6c370a68,2026-01-19 04:00:00
665a664b3b1b8169,2026-02-08 19:00:00
f326928592c49dd2,2026-02-06 00:00:00
5f3511926daa767e,2026-01-26 08:00:00
b87b2079878ec79f,2026-01-24 06:00:00
4e2cfab1d1ce4f48,2026-02-05 08:00:00
1273a81fd23b9bed,2026-01-18 13:00:00
c470e7a6de8b8f10,2026-01-02 14:00:00
9af71f4dff9ac6aa,2026-01-01 14:00:00
6b96b3529956fa9d,2026-01-16 13:00:00
1afdb174f54f1c2f,2026-01-17 04:00:00
0ad955d65ea7e8ba,2026-01-19 23:00:00
2f996ac0707a1583,2026-02-11 18:00:00
95ee98b90818096e,2026-01-13 07:00:00
8156ced40e013be4,2026-01-05 01:00:00
a80caab676e4f402,2026-01-13 06:00:00
606993a1edcd3b23,2026-02-07 10:00:00
721861f7f8017fb9,2026-02-05 15:00:00
ed2bd7c2d566ce77,2026-01-13 06:00:00
40d1b85d01e8222a,2026-01-11 07:00:00
635c4593a33838fc,2026-01-10 02:00:00
ae0456fb1f636568,2026-02-14 23:00:00
e7d9a36988a77eed,2026-01-14 12:00:00
9d5c7cddf716d248,2026-01-25 09:00:00
cb4508094cf5621b,2026-01-23 00:00:00
d4537723badaf614,2026-01-30 00:00:00
2bd42154d9b4667f,2026-01-26 23:00:00
3271d271c94799d1,2026-02-13 01:00:00
5ad7f434039fb9d6,2026-01-05 14:00:00
4d775ee9b06a2d5f,2026-01-08 06:00:00
89924f2b45a16559,2026-01-06 13:00:00
9dc252176c1bde51,2026-01-07 15:00:00
e31fbc1687f2817f,2026-01-02 17:00:00
e8191cc6bd264a8e,2026-02-10 09:00:00
e9a435e06012789a,2026-01-18 03:00:00
380fd34512b56928,2026-02-01 07:00:00
00ead4016a5b3427,2026-01-09 10:00:00
634facc38980e252,2026-01-14 13:00:00
32667979e02e86b4,2026-01-04 09:00:00
22d6dc3ba3305915,2026-01-01 20:00:00
6072d40983cb4d9b,2026-01-19 08:00:00
49503b5e55042160,2026-01-05 07:00:00
0b452b75460dc333,2026-01-29 15:00:00
c04bcb77d638dff2,2026-02-02 18:00:00
91f74eba5d21ba3b,2026-01-11 09:00:00
d435fe7fd7d72a92,2026-02-01 06:00:00
3c7c038e727af740,2026-02-05 20:00:00
0c225757fc200f10,2026-01-07 02:00:00
1557c2137fb2fa6e,2026-02-10 06:00:00
e4178d1acd758221,2026-01-10 01:00:00
b22537dbcfdcd424,2026-01-31 10:00:00
7bbe958fbf46df67,2026-01-17 07:00:00
360381c4866ce08a,2026-01-20 11:00:00
6be7407ec0d190bc,2026-01-22 15:00:00
5873b7751426415e,2026-02-03 23:00:00
82a8703bcbcadbee,2026-02-02 18:00:00
820b32eab5188598,2026-01-06 02:00:00
95e9837c17c085b6,2026-02-11 09:00:00
e045b25dbddd810c,2026-01-15 11:00:00
070b44765966dc35,2026-01-15 03:00:00
46dbf3c1bf4b6e26,2026-02-05 04:00:00
18ed08138aec038d,2026-01-14 16:00:00
7e04f62f145f7290,2026-02-01 16:00:00
36091034d8cfda4c,2026-01-02 22:00:00
1c1825ed20566211,2026-01-04 03:00:00
734c16436fa2fe44,2026-01-22 21:00:00
464be97eb977a098,2026-01-14 18:00:00
519a9b9e3709e0bd,2026-01-04 01:00:00
792fb8d5b42e5555,2026-01-12 13:00:00
d6621700e26f674b,2026-01-12 09:00:00
caa32364b1321d7a,2026-01-22 12:00:00
0f84c01611e60758,2026-01-06 20:00:00
bc4326c0a0d0079a,2026-02-14 07:00:00
bbc75f3006a790df,2026-02-10 08:00:00
e762bbfd4536befb,2026-02-09 03:00:00
4e6fcde13c297537,2026-02-12 02:00:00
eeceddf5fe491d3d,2026-01-05 15:00:00
2beabd1e477ab206,2026-02-08 05:00:00
887e25f19099a915,2026-01-08 00:00:00
d20f2d76c33c8520,2026-01-05 06:00:00
9f2b55b8b8df325d,2026-01-02 04:00:00
1055bb8f22b8fd25,2026-01-09 04:00:00
acbb788d00be4d33,2026-01-29 08:00:00
6125e8aa43dc64af,2026-02-02 03:00:00
bc714ad16df00e58,2026-01-16 07:00:00
58d1c5360eea31ed,2026-01-18 20:00:00
e82909dd40186db9,2026-01-24 22:00:00
f9134b54e610e812,2026-01-29 06:00:00
39ca4594c09edc62,2026-01-16 00:00:00
622452153abf6526,2026-01-12 20:00:00
24d117e3871265ea,2026-02-11 04:00:00
4d62ca92518490bc,2026-01-03 11:00:00
5f16a3a98d0c0e90,2026-02-06 01:00:00
757d5163ca7dc204,2026-02-13 14:00:00
fae0be6805cc083b,2026-01-30 13:00:00
f2ca84f48a240870,2026-02-14 03:00:00
7d75cbabad6fa7be,2026-01-15 13:00:00
835d59dbf9245c7f,2026-02-09 10:00:00
46463073a052c605,2026-02-06 14:00:00
1aa2f6cd0a26a1d8,2026-02-05 16:00:00
6b36e28544cece39,2026-01-29 10:00:00
d193ab1a4922356d,2026-01-30 11:00:00
0c2bec964c98600e,2026-02-14 04:00:00
286b7141e16328cf,2026-02-09 06:00:00
07e35bcef99ac00e,2026-02-12 07:00:00
64b8e8efed16cdd3,2026-01-12 12:00:00
9c3aa4e10b287560,2026-01-24 08:00:00
8b518f330a519c16,2026-01-06 11:00:00
62f72da35d7a0fa6,2026-01-25 17:00:00
09cf18502fb883f5,2026-01-06 21:00:00
c1439fc5eb145709,2026-01-22 04:00:00
8be510757a9a503f,2026-01-14 10:00:00
996f61fe99c9fcb4,2026-01-05 06:00:00
8330101e7a4000ab,2026-01-23 12:00:00
36ed1f100782994b,2026-01-23 07:00:00
ce242e0178ca48de,2026-02-09 09:00:00
2e2735b2cac9d0eb,2026-01-27 01:00:00
4d131a77429a47da,2026-01-03 07:00:00
18faec01878c73af,2026-01-24 11:00:00
a0471a85cadc3582,2026-02-09 01:00:00
cd149f4bb336ad63,2026-01-01 21:00:00
f53964eb097f3362,2026-01-20 15:00:00
7972b98e78e9ad43,2026-01-14 15:00:00
4ebb8dbaddd17498,2026-01-18 22:00:00
7c8fef7612a4cdf6,2026-01-22 22:00:00
ea8314609086cc90,2026-01-29 20:00:00
7b935613fe73f83a,2026-02-01 00:00:00
db2b2644b87721a6,2026-01-15 19:00:00
bcf7748d67f749a5,2026-01-07 18:00:00
2efd42b2e419a88e,2026-01-07 12:00:00
6fa2814fccff691b,2026-02-03 07:00:00
d14d677d37d7ffe7,2026-02-08 17:00:00
3f57be184d8f217d,2026-01-18 20:00:00
f56b34803e9baf4a,2026-02-12 06:00:00
e1d5f15209b3884a,2026-01-14 23:00:00
a7831703a5f73d6f,2026-02-13 01:00:00
250555c1378aa3d1,2026-01-30 03:00:00
c6435283e91fb6ef,2026-02-07 18:00:00
7b38c7fbf26040ae,2026-01-03 07:00:00
0ea9b5d2db6aec31,2026-02-14 21:00:00
907ab86f3be547a1,2026-01-09 02:00:00
8e23bfec3ab08ae2,2026-01-25 17:00:00
73a3c923360fb40b,2026-02-13 12:00:00
b3d429275a72c83a,2026-02-04 01:00:00
77f5e11822822387,2026-01-09 06:00:00
427f1224705c89b7,2026-01-04 21:00:00
d2fada644bffa62d,2026-02-03 12:00:00
d9810d0687fe0a93,2026-01-27 13:00:00
b2db1e7504c94ef2,2026-02-14 16:00:00
211b17ae31f223ac,2026-02-06 15:00:00
87a3b87662d14b96,2026-01-02 01:00:00
6afcd0564c06328e,2026-02-04 21:00:00
5119da4931105137,2026-02-08 03:00:00
643e3d46cd3a2228,2026-02-09 01:00:00
7d4990e6738d744e,2026-01-30 16:00:00
cb6b57494275b227,2026-01-06 04:00:00
a7b67ce5165ba4ce,2026-01-24 16:00:00
d155f12fe80c9511,2026-01-29 15:00:00
60cda3081230a440,2026-02-13 20:00:00
75022342abbf1d3d,2026-01-25 06:00:00
e2f56c1ae1107e13,2026-01-10 02:00:00
672a7e9ba5ae2167,2026-01-07 10:00:00
c9eb42cc5c019f18,2026-01-23 00:00:00
9704d9b8e3457606,2026-01-22 06:00:00
4b738409d03b4684,2026-02-10 13:00:00
f8ab1f9817f04bd6,2026-02-05 14:00:00
6a07bcf372144cc7,2026-01-23 12:00:00
62154fb311d81770,2026-01-03 17:00:00
70f83a0c3930e902,2026-01-31 03:00:00
00d03a39e0e720a7,2026-01-30 23:00:00
b4584b9a9bceb3cb,2026-02-02 08:00:00
7de10e7a3a138a29,2026-01-25 10:00:00
109b2b51b4a9e583,2026-02-05 15:00:00
f61372cfddba0ab8,2026-01-20 20:00:00
8dfcb56b095d056d,2026-02-05 21:00:00
0a2c17f7c2c2ffa9,2026-02-12 22:00:00
95bfe7c2cb5d6785,2026-01-13 23:00:00
c6d2db337bf6b035,2026-01-11 19:00:00
1c64d1bcfe6f899d,2026-02-03 14:00:00
da5d4ffc3bc66396,2026-02-06 07:00:00
f58388cd1e486834,2026-02-02 06:00:00
f5f195b652f4bd45,2026-01-26 03:00:00
a60bdc600c421f8a,2026-01-08 18:00:00
1f7d2cfe2366ab02,2026-01-14 11:00:00
6be9ff1e46ee8d1e,2026-01-20 01:00:00
e6e10534308171ea,2026-02-08 07:00:00
9e43d946eb3de681,2026-01-05 14:00:00
956a138573b2db18,2026-01-15 13:00:00
29243c2ec2f5dc6f,2026-01-14 02:00:00
ebffec5b21e0b8c2,2026-01-17 09:00:00
21927aae61e29343,2026-02-04 07:00:00
574ab78f044c9fe5,2026-01-15 02:00:00
290be1e7dd5360e7,2026-01-07 21:00:00
5416edcf4ae3ca71,2026-01-24 14:00:00
05bdbd9a69b01cb0,2026-02-07 09:00:00
25238f58e2ca8376,2026-01-19 06:00:00
2420bfca53082ea0,2026-01-28 17:00:00
56aeb18e3a1f3d36,2026-02-09 08:00:00
4af924461042ce5b,2026-02-01 08:00:00
353aaf8e1e8442b3,2026-01-24 07:00:00
dd0cafa641f8963a,2026-02-11 18:00:00
148b6b00254d4d54,2026-01-22 02:00:00
64a3317d49888a38,2026-02-08 04:00:00
3922a364315a49af,2026-01-20 02:00:00
05d5c454bd80aa11,2026-01-04 15:00:00
c20341f1f97f3563,2026-02-08 08:00:00
8daec2df3bc341b7,2026-02-06 05:00:00
a7d145dff5f2f9c1,2026-01-24 01:00:00
83b22d389535032e,2026-01-23 10:00:00
5138d45489b310a4,2026-01-11 09:00:00
4107de41e593cb08,2026-01-01 08:00:00
20066e8d14d81436,2026-02-06 07:00:00
4513ad6131a12f1e,2026-01-13 23:00:00
d29cf92c8a872e7e,2026-01-19 04:00:00
5437222c19daf80a,2026-01-23 07:00:00
2f552cabf913d12f,2026-01-11 14:00:00
cc0eb961a8140176,2026-01-25 10:00:00
f40eb6ce5eb94e8f,2026-01-14 23:00:00
7068453a7f8caf51,2026-02-07 04:00:00
bcf5de3bb6dfca77,2026-02-14 14:00:00
81a7649eb63f7c45,2026-01-13 20:00:00
162c6479194425bf,2026-01-03 01:00:00
c4fe07c8e0cc1823,2026-02-14 22:00:00
93b8e3ce07766d39,2026-01-15 11:00:00
803a481113659378,2026-01-15 05:00:00
114a91b8f5e50988,2026-01-08 10:00:00
4171c53765f7b690,2026-01-09 15:00:00
d1c6e8cb13ed3892,2026-02-03 22:00:00
5b8a09b40281a1eb,2026-01-13 01:00:00
666f62a16bb982cf,2026-01-15 10:00:00
f67152d74695d8e1,2026-01-15 20:00:00
2ca36e127fe28903,2026-01-27 06:00:00
a99f112ecff504e2,2026-02-05 18:00:00
9af17bd0927c51d1,2026-02-07 12:00:00
231b6baf45607bef,2026-02-03 17:00:00
444ff6f78d154920,2026-01-24 19:00:00
031b08be5a0748ee,2026-01-19 20:00:00
dea8df326c96fcde,2026-01-26 14:00:00
dc38b2e760d5385a,2026-02-09 22:00:00
80f2adf0d8be15b4,2026-01-05 20:00:00
e85c3dba79c43312,2026-01-21 17:00:00
fec77dddce506585,2026-01-30 15:00:00
171557b569dafe6b,2026-01-22 00:00:00
8aa20d1b59f746cf,2026-02-02 12:00:00
08813ae1dbcc645a,2026-01-15 21:00:00
6abb44c64957551f,2026-01-04 10:00:00
dd17d7c25b47f186,2026-01-17 23:00:00
7daff9a4edcfa31f,2026-01-26 03:00:00
215fd613746835df,2026-01-16 10:00:00
66324e2088ecaf0c,2026-01-25 23:00:00
3e365872a597a713,2026-01-31 13:00:00
a5fabfca716186f9,2026-01-02 16:00:00
5777d596e830e2e4,2026-02-06 11:00:00
d25d7e509f8551a1,2026-01-17 01:00:00
4fcc2b5386b2949a,2026-02-14 13:00:00
35c2e446bdfd75ca,2026-01-14 23:00:00
ee4a490b5286ac06,2026-01-21 11:00:00
42c82e6d98479e6e,2026-01-21 08:00:00
458c2dd78f68168f,2026-02-11 15:00:00
757ce177bf2b1e9d,2026-01-08 16:00:00
ca9adfa788b006a7,2026-01-19 11:00:00
35b5872c512b92f7,2026-02-11 23:00:00
6a084ebb0d90e0bc,2026-02-02 19:00:00
706fa77427aa6642,2026-02-04 12:00:00
bd7cb3924747a8d5,2026-01-13 16:00:00
5589281f3c989000,2026-01-14 05:00:00
b2b7e4cafebc454b,2026-02-03 07:00:00
3ed003fe16ea52ad,2026-01-18 01:00:00
3d75ce3fbf5a1672,2026-01-05 01:00:00
aea483318ed52502,2026-01-26 10:00:00
edf7fe79cbe81e62,2026-01-17 13:00:00
0bc4c28035ddbcf7,2026-02-03 12:00:00
3dcab9976dcb0135,2026-01-24 14:00:00
d6f989452f8f1bf7,2026-01-03 06:00:00
f837cb1ad625dd83,2026-02-03 23:00:00
fa4d973c04b38a44,2026-01-10 06:00:00
bae93f0846b3223e,2026-01-15 02:00:00
b73a3504a11af485,2026-01-18 00:00:00
8a44361104f1608e,2026-02-04 17:00:00
bb090a352db2a0e0,2026-01-10 02:00:00
e6309c2cc5ea22f8,2026-02-08 09:00:00
db49a99d26961a55,2026-02-01 22:00:00
bfcdb66f9938c049,2026-02-10 05:00:00
0790ef1a33e00c38,2026-01-20 20:00:00
97fc795b742db884,2026-01-07 02:00:00
6fcbf169a3bb7e39,2026-01-01 01:00:00
11fe1ed3be8e4207,2026-02-06 22:00:00
a111dccb1ba00c8a,2026-01-26 16:00:00
f64cc470ed4ad553,2026-01-17 21:00:00
7923895960386d9c,2026-02-02 04:00:00
88e58db273670bb2,2026-01-15 13:00:00
39359d927a10de34,2026-02-14 12:00:00
aae08d1844d0f009,2026-01-25 12:00:00
567122d1d34f75fe,2026-01-07 10:00:00
d0304228a1ba3f1d,2026-02-02 20:00:00
431b9a7bfadd0b39,2026-01-15 07:00:00
dd62de0004499690,2026-02-09 14:00:00
88548d042b1f0ee9,2026-01-09 22:00:00
1e77618f24261851,2026-01-02 20:00:00
9f047d217647bf44,2026-02-04 00:00:00
87aa1be21ea1dd9b,2026-01-01 19:00:00
46af07649e15a176,2026-02-14 02:00:00
737c26e12b082425,2026-01-25 12:00:00
91f49b71b08cfc68,2026-01-28 03:00:00
cd4179a46e998770,2026-02-06 14:00:00
e89cc7ef19da34bb,2026-02-12 20:00:00
e630a044ba9f7080,2026-01-28 10:00:00
0b0c6f9c60c42171,2026-01-18 14:00:00
aa8e3305e5d2684e,2026-01-14 16:00:00
b227558a82f316fe,2026-01-25 13:00:00
781a17b64e0122fd,2026-01-08 04:00:00
61e0b8fc0aa16876,2026-01-22 08:00:00
f6a91c340a41001e,2026-01-09 00:00:00
8632b800e5c62472,2026-01-29 02:00:00
ed3547b17aa4712a,2026-01-09 00:00:00
c3f54a573337d135,2026-01-15 23:00:00
12decda607026ee6,2026-01-13 07:00:00
a5d4f5e7c1303631,2026-01-29 11:00:00
0b2eb92d74c171f7,2026-02-08 16:00:00
cacb979541923894,2026-01-26 23:00:00
5f4b3f8032094186,2026-01-29 22:00:00
032c4b4491eea050,2026-01-31 20:00:00
0295028b90be3feb,2026-01-17 19:00:00
3d6203b324b719be,2026-01-27 01:00:00
a83ac622b292f0db,2026-01-02 10:00:00
fc3dfd4b3bfc7494,2026-01-09 15:00:00
ac1eae5cfc0cb8bd,2026-02-04 18:00:00
cf6902cd65aaefae,2026-01-16 14:00:00
dfc7a96c6c874c47,2026-01-19 08:00:00
9aa57b92ab7eea7e,2026-01-10 09:00:00
6f88b8717ea99311,2026-01-03 02:00:00
393a440220cbeb85,2026-01-05 06:00:00
d261ea6de9891da7,2026-01-12 08:00:00
2e8bde111e5eaa32,2026-02-12 12:00:00
851068a2199241a3,2026-01-15 08:00:00
b7dc095281b63a4c,2026-02-06 01:00:00
32978166240bc5e5,2026-01-10 20:00:00
fe5ebae5799a43dc,2026-01-06 05:00:00
03a5569c0e773318,2026-02-04 17:00:00
d3f9329cba972a75,2026-01-01 09:00:00
eca985ad633c7f49,2026-02-04 17:00:00
698721bb10552fbb,2026-02-07 15:00:00
eb7ea5d03b8f89e4,2026-02-03 16:00:00
dcaead774ff8ccfe,2026-01-30 01:00:00
8df1c99c2f997afe,2026-01-23 13:00:00
f56c2de7058fd4dd,2026-02-08 04:00:00
ec6bdf0a73579476,2026-01-07 02:00:00
bbad743131cfec6e,2026-01-08 18:00:00
23eae84bf8c7d107,2026-01-27 14:00:00
5267c9ff0108b913,2026-01-03 19:00:00
4134386049b44f9c,2026-01-22 18:00:00
f0b900d4cf6d74de,2026-01-19 21:00:00
796db8c943a5f0b1,2026-01-23 12:00:00
71f6928d3e8b44ae,2026-01-16 17:00:00
e6d4c673431280ba,2026-01-28 07:00:00
4ade8f975add985a,2026-01-02 06:00:00
faa9a5e2403b1bf3,2026-01-10 15:00:00
4e08fe7917abe4de,2026-01-20 14:00:00
b0401343c9f7f878,2026-01-09 02:00:00
7c6b97652dbd68b6,2026-02-03 03:00:00
fcb8bc338a1b9949,2026-01-21 12:00:00
0077c13519b242f5,2026-01-22 08:00:00
1fd7287c993afb51,2026-02-10 23:00:00
01576aed0429965b,2026-01-19 04:00:00
b5eef1ea9e5e7760,2026-01-24 02:00:00
cf07e2cb6f97c139,2026-01-24 14:00:00
762056f5d26d46d6,2026-02-08 00:00:00
8c16b9c2ef09fa15,2026-01-02 23:00:00
a71f1d9ec05cbc5e,2026-01-02 20:00:00
c769de7a81e5d7c0,2026-01-19 21:00:00
9a6f7f4286f28aac,2026-02-05 08:00:00
c86da9dea8ea2880,2026-01-20 15:00:00
f606ff3ead9884dd,2026-01-07 05:00:00
2f54f827e86ebba2,2026-01-29 19:00:00
3970eaadbc35727a,2026-01-28 08:00:00
618bda845364aca1,2026-01-30 09:00:00
a9d267211bb573de,2026-02-01 07:00:00
a1253ffe67cef1f6,2026-02-12 10:00:00
cf5977f4fdd4ff48,2026-01-07 02:00:00
553cfee85dd32ec3,2026-01-01 12:00:00
7bfd0931948ad769,2026-02-11 11:00:00
068f9e1b9dab4eb8,2026-01-01 05:00:00
2dcd58d1cadea1e7,2026-01-29 03:00:00
4eae29dd50a5374f,2026-02-04 17:00:00
90cab1c331b6e755,2026-01-12 13:00:00
3524242b207e46ac,2026-02-14 22:00:00
7650d4d3b95ec195,2026-02-03 22:00:00
2bff8db66a4880b8,2026-01-02 07:00:00
d65dfb24565d7601,2026-02-12 21:00:00
d3950d8e8aa7e697,2026-01-04 02:00:00
e6150cc0817f8272,2026-01-07 14:00:00
43617e4b4ac8ff10,2026-01-04 02:00:00
0e58ea1688e31d37,2026-01-17 20:00:00
d5d7187c2152b071,2026-01-17 07:00:00
877ec2ecb6c08d98,2026-01-06 23:00:00
672f2c87954cf75e,2026-01-12 08:00:00
616e8cd7a1ebe91e,2026-02-01 07:00:00
fb4ac9dea3998fe8,2026-01-18 02:00:00
54c3fae8e44372e5,2026-01-12 02:00:00
0365fb15babef6d0,2026-01-11 03:00:00
435681d6648f78cc,2026-01-27 01:00:00
53f72d29b049edb7,2026-02-06 19:00:00
6fc9e29fe4381454,2026-02-09 20:00:00
c3d342c2c775ad2b,2026-02-02 08:00:00
9279112d5833d374,2026-02-01 15:00:00
5a7aa04a2e7082f7,2026-02-08 14:00:00
8de66bf107d21aab,2026-01-04 02:00:00
91563f64113893b7,2026-01-19 19:00:00
b466ee2325b21d59,2026-01-05 14:00:00
a2e73640700bb020,2026-02-11 18:00:00
6a25d45e04a590ba,2026-01-11 08:00:00
3455d63c6a28083d,2026-01-25 03:00:00
69da1a46bf0df381,2026-01-08 14:00:00
2b93b4de53cf82e2,2026-02-05 14:00:00
cc29511201ffccab,2026-01-15 13:00:00
45db09d98be42d83,2026-01-29 06:00:00
3ee7f8e6dd350085,2026-01-08 18:00:00
c3baa523d84a14af,2026-01-13 09:00:00
4a4e90b484035662,2026-01-06 09:00:00
45aa216cc7f4e06a,2026-01-14 21:00:00
e7763c2c7acab60a,2026-02-09 12:00:00
c19c62afe688f9cd,2026-02-03 23:00:00
e574d279ad0277bc,2026-01-19 04:00:00
160e33f087e82538,2026-01-15 21:00:00
248542f664861d63,2026-01-29 23:00:00
4f4585e070efd535,2026-01-24 22:00:00
a1a080804461aa32,2026-01-10 02:00:00
9878100757398922,2026-01-26 14:00:00
122e571e032d468d,2026-01-08 11:00:00
1877ae102d173cdb,2026-02-04 21:00:00
2abdbc5356ae17fc,2026-02-06 08:00:00
81f65263545c3e33,2026-01-21 09:00:00
808dc7aaedf9df1b,2026-02-04 21:00:00
b9fa94e6369e3378,2026-01-23 01:00:00
15f48647fdad11a2,2026-01-29 15:00:00
7035e5e8643d4eda,2026-01-25 05:00:00
ccce0a628f7fb59d,2026-01-13 07:00:00
5f4feca60912e283,2026-01-26 17:00:00
8acf2d3c2674eb2a,2026-01-11 09:00:00
a22bdeedd7d9f9c8,2026-01-28 18:00:00
284881c66ec5959d,2026-01-05 05:00:00
4c8b9ec3718c2ef8,2026-01-31 22:00:00
55fcaefa8b0f2af1,2026-02-09 08:00:00
08fd59185d658ed9,2026-02-01 21:00:00
7bc48cfac98ee6c1,2026-02-12 21:00:00
46df1936d62b0ad4,2026-01-07 20:00:00
c0ff16cd7d8c7b27,2026-01-06 23:00:00
bd50644f1c50df6d,2026-01-05 21:00:00
5881394c2196a4f7,2026-01-27 23:00:00
3df0cfe39e958545,2026-01-26 18:00:00
9b47bad1697dcf60,2026-01-21 08:00:00
21728536202f68d7,2026-02-13 17:00:00
db328c0bb63c6cf9,2026-02-06 20:00:00
613b5f191f3831ed,2026-01-14 07:00:00
aabfeca288e8b86d,2026-02-02 01:00:00
c3b5a4ba824ca515,2026-01-14 14:00:00
01b5e7a22805b719,2026-02-11 00:00:00
756168dd75f677ae,2026-01-05 15:00:00
3af9e4840a34e2d1,2026-01-03 14:00:00
7ec963d71682b0af,2026-01-12 23:00:00
e5ae3b41a7a00336,2026-02-13 12:00:00
578b586b864b4707,2026-01-07 02:00:00
33764765ff00ec5d,2026-01-12 08:00:00
f4322842ff609609,2026-02-11 03:00:00
707c6e59edf98795,2026-01-22 01:00:00
69e33b173f0215c9,2026-01-28 17:00:00
7a3655a1afe86b50,2026-01-07 14:00:00
713814bf397bd6c2,2026-01-25 09:00:00
1bf082e4998a7c8f,2026-02-06 22:00:00
d86296c2c303d351,2026-02-13 05:00:00
674f2613a9a07d9a,2026-01-09 07:00:00
9d522ffef9add6be,2026-02-14 19:00:00
1c75d88718e296da,2026-01-23 14:00:00
72932a93b9fa8ee2,2026-01-10 06:00:00
9a40d27a75cd9541,2026-01-06 00:00:00
25656142054a60c0,2026-01-23 01:00:00
c44ca8ca94217917,2026-02-09 16:00:00
6783316fe1392f73,2026-02-05 10:00:00
2a2e405ec4fe51c1,2026-02-03 01:00:00
0b8a0f1a64ddc710,2026-02-14 23:00:00
981ad1248cb9f019,2026-02-11 12:00:00
9e5d9b0e4ee1354c,2026-02-02 07:00:00
57a77292a35775a4,2026-01-20 21:00:00
5da8ba0964989e89,2026-01-03 20:00:00
7750e7c6fc56d814,2026-01-21 03:00:00
3ee819f4de3687f7,2026-01-09 07:00:00
f0d2782b874e6316,2026-01-29 16:00:00
698b2d7c8dc80f3e,2026-01-10 07:00:00
4493982459a8a9b8,2026-01-26 18:00:00
d68428a430023457,2026-02-08 16:00:00
cc3adfdc0daf2e97,2026-01-28 14:00:00
812f755dcc48bb0f,2026-01-12 09:00:00
47dcefbaf1f59410,2026-01-04 13:00:00
b6c998b2aea932c7,2026-01-23 18:00:00
4aa3689f670f01d6,2026-01-19 22:00:00
ee7388abd8817352,2026-01-15 21:00:00
e8f843a8ea6eb368,2026-02-09 11:00:00
9c5ba1e338c02a89,2026-01-18 05:00:00
e042b392555c9568,2026-01-28 07:00:00
85b26b1b2a4b3dc2,2026-01-28 01:00:00
dfd715aeac37c4e5,2026-01-14 07:00:00
0d224d342fdefc05,2026-01-04 11:00:00
05e8e04dd48b22ac,2026-02-03 17:00:00
90732a8ba1d8e631,2026-01-29 00:00:00
6fcce242748dea4e,2026-01-14 08:00:00
e50d8eb222263d32,2026-01-24 19:00:00
be3d0d291da80be7,2026-02-01 05:00:00
2e486599b1a6e8da,2026-01-26 12:00:00
2775a92c4cb6eaf7,2026-01-29 13:00:00
ea3e862988b266f1,2026-01-09 07:00:00
5bcb74bae193355d,2026-01-14 10:00:00
0ff1825ee6d8dbb1,2026-02-14 21:00:00
c3dfa9593344bf06,2026-01-16 02:00:00
225a937de0f031c4,2026-01-14 11:00:00
e10abc7c232b9970,2026-02-06 22:00:00
e3b090b5545c4115,2026-02-11 10:00:00
9e252fd632a30d44,2026-01-20 15:00:00
626a37712cf2c3b1,2026-02-03 04:00:00
97fd53f7ffe470ce,2026-01-10 17:00:00
957112f8d7f48343,2026-01-12 23:00:00
76f99e0b263a0dac,2026-01-21 20:00:00
4aa13da31ec80fcc,2026-01-03 17:00:00
c19def25031d5b5c,2026-01-01 13:00:00
1aa25466087892f4,2026-01-27 02:00:00
ec138731b3074544,2026-01-22 10:00:00
94ab23f2edd1ab04,2026-01-21 14:00:00
0f43d2a2ae8f6618,2026-01-23 23:00:00
5ff87c1c1872a658,2026-02-02 18:00:00
930a3eeae1c36f0d,2026-02-14 20:00:00
8b29c31e3b85ea0b,2026-01-22 05:00:00
64ae1615636409fb,2026-01-01 11:00:00
ca8e660824fbd82c,2026-01-28 13:00:00
c59f9826955e183e,2026-01-13 21:00:00
59c31eb1db552abe,2026-02-12 11:00:00
d553a31c86e17cb4,2026-01-22 01:00:00
6ce39036d637bcb2,2026-01-10 12:00:00
f07f5379013e1946,2026-01-14 23:00:00
f4e79bb44e1fa332,2026-01-18 07:00:00
d8c635c7e05b154b,2026-01-12 15:00:00
cb678d4fdd1aa812,2026-02-09 02:00:00
fda1b3a7193f64b9,2026-02-11 06:00:00
62a2ba26b503b977,2026-01-01 20:00:00
7de1c39d11f95914,2026-01-08 06:00:00
33d02762234393a6,2026-02-04 17:00:00
7275b9ec1580b16a,2026-01-16 22:00:00
e3f374727088e749,2026-02-09 01:00:00
e0551fa5e94c5d2f,2026-02-12 00:00:00
ac95bae792c522b3,2026-01-01 00:00:00
3ea0b20a748f3239,2026-01-25 04:00:00
d230293adae7506e,2026-01-06 09:00:00
18d534b4c24c49be,2026-02-08 02:00:00
44043889ffce0cd0,2026-02-12 16:00:00
394203a206367ffe,2026-02-10 17:00:00
7fcc3ce5164f4cb9,2026-01-12 22:00:00
268f7ace36563458,2026-01-18 01:00:00
f14d9fddc1c60f77,2026-01-12 05:00:00
1f2a567059cca007,2026-01-20 23:00:00
884b13dcb655ab92,2026-01-21 06:00:00
f554b3c1d11374f1,2026-01-08 11:00:00
fc5adf671727d47e,2026-01-29 13:00:00
28051c8285de6934,2026-01-07 15:00:00
ce42e9875ebf28e2,2026-01-13 03:00:00
60463b188df7cc71,2026-01-11 20:00:00
dc2005e0e7414c5b,2026-01-30 17:00:00
ba225960b4aa59cc,2026-01-16 19:00:00
38a28eccad9d625c,2026-02-09 22:00:00
3566e76093b529cf,2026-01-24 00:00:00
cd2f615d0c269546,2026-01-26 23:00:00
8546e6e2cfc123f1,2026-02-11 04:00:00
04d0901a3a3abe56,2026-02-02 15:00:00
f8fe5f39948a5bfc,2026-01-05 18:00:00
04d56e445bdef5da,2026-02-08 20:00:00
000a28f3d3796276,2026-02-01 04:00:00
f25d0f5fdb871977,2026-02-09 20:00:00
d2249ca5b1d1e6ab,2026-01-24 07:00:00
ee2e39d8b88ebe7e,2026-01-10 17:00:00
6d0f44c0b6787244,2026-01-15 09:00:00
719fd8da2b3d8146,2026-01-04 05:00:00
4e34e263cae9a049,2026-02-13 21:00:00
176029332e328c52,2026-02-08 02:00:00
b094fc59eaff8e12,2026-01-15 17:00:00
90b5edda0d6a6f17,2026-02-04 20:00:00
fe68155cbab73678,2026-01-12 17:00:00
b2bd8a6b8889a6e8,2026-01-29 19:00:00
5e08c5052373f9ad,2026-02-09 03:00:00
ecc65f3b8612868d,2026-01-29 17:00:00
8061bfc7c15b86bf,2026-01-20 05:00:00
781a97a4d0642bc0,2026-02-07 12:00:00
454eb345856a5f17,2026-01-22 13:00:00
ad7cabc2073c4889,2026-01-13 17:00:00
4defbaa54b6a28a0,2026-02-09 13:00:00
d296c6e17a829f64,2026-01-29 02:00:00
df20260031ac2425,2026-01-03 12:00:00
a94b339153f6286e,2026-02-06 00:00:00
46f953c2a38e3f5a,2026-02-05 03:00:00
03c9a67387de35e0,2026-01-20 12:00:00
bedc8891b11d35cb,2026-02-13 19:00:00
2ab77bcb428b8011,2026-01-02 22:00:00
1b005284b59a4683,2026-01-24 14:00:00
01f9010e37e14928,2026-02-11 16:00:00
44705ac4eddbbab2,2026-02-08 05:00:00
42240732e5747fc2,2026-02-09 11:00:00
b30c5ec9ec3256da,2026-01-06 13:00:00
585b7cfcaef45fc1,2026-01-14 22:00:00
2f084dd0932d48a3,2026-01-23 23:00:00
663f62b5ce2de82d,2026-01-08 22:00:00
c3cccad21bbf64a0,2026-01-28 23:00:00
d4533eb8d5b1c8bb,2026-01-10 05:00:00
261c914123242900,2026-01-02 23:00:00
5d075bcef1d5d8e6,2026-02-08 22:00:00
89ce3c4dc5b0ad2a,2026-01-25 08:00:00
1f0cd79de266feba,2026-02-02 11:00:00
8bf3532741052769,2026-01-02 01:00:00
f2259b33f2fbe16f,2026-01-13 04:00:00
1497880f9c69cd03,2026-02-03 10:00:00
aaf8f24ee2bb832b,2026-01-09 22:00:00
b4d58201606c7d49,2026-02-12 14:00:00
917f6de18c6b848b,2026-01-31 23:00:00
7b3f83f0608ba04d,2026-02-12 04:00:00
01ca9abc68ea2dd1,2026-02-10 08:00:00
ecc4ce036a8eb297,2026-02-08 17:00:00
343b9de225669bb3,2026-01-17 05:00:00
4b5b2aab9eea1c13,2026-01-22 15:00:00
f12ad9e605bd0a04,2026-01-12 06:00:00
d7a78728b3a09d29,2026-01-03 05:00:00
dd67fd69806166f1,2026-01-30 17:00:00
0cbaa550cb4fdbe1,2026-02-09 01:00:00
0a09d86139e37f37,2026-01-11 19:00:00
40d31788a8a32a3f,2026-01-06 01:00:00
1a7a59ca9e975599,2026-01-15 14:00:00
74fd10dca79182a6,2026-01-01 03:00:00
835399fea9aa068c,2026-01-01 22:00:00
79364461aeba4f37,2026-02-14 01:00:00
a7887cbd7adc31d0,2026-01-06 22:00:00
0008f2c96ae746c6,2026-02-02 21:00:00
f6dcd4cb535b836b,2026-02-12 15:00:00
73e6c61bbdbaa902,2026-01-31 15:00:00
d115dae96738f16f,2026-01-02 15:00:00
87a45a1f67c3a268,2026-01-13 17:00:00
9afd35b7200d3976,2026-01-12 09:00:00
92b42d0787b5e359,2026-01-10 11:00:00
a834d00309cbfc43,2026-02-14 14:00:00
d2fcf5500d39b330,2026-01-11 14:00:00
27713eac78d36a9c,2026-02-09 15:00:00
9f3146f8dec8aa73,2026-01-29 06:00:00
d65d8e832063b065,2026-01-10 19:00:00
d1421026439ea830,2026-01-22 00:00:00
a563d3dcf271f9ae,2026-02-08 06:00:00
c245a4d630ba448a,2026-02-08 23:00:00
b59ef6b57b234775,2026-02-01 01:00:00
9a062d98f63ab0e5,2026-01-28 01:00:00
d124cfe1df96940f,2026-01-07 19:00:00
331e8cb63bf1c874,2026-02-01 15:00:00
b40c7c7614491d11,2026-01-21 02:00:00
7b2b8315c13a01de,2026-01-09 21:00:00
7bdbcf9ee241fa41,2026-01-14 05:00:00
7242d798e6fe3edc,2026-01-23 11:00:00
2ee312181700977e,2026-02-06 08:00:00
146d8d41635fab22,2026-01-31 21:00:00
8ccdeb1fa99f6b25,2026-01-25 01:00:00
5eae77bdc57dfce7,2026-01-02 06:00:00
d1317481e7807925,2026-01-18 16:00:00
c00e6fae6f199521,2026-02-11 00:00:00
e29f7c9a18ec9d85,2026-01-13 02:00:00
23768d0da43cd715,2026-02-03 13:00:00
5e4433b449ae6dfe,2026-01-09 10:00:00
34c8c58b6a785d8f,2026-01-04 17:00:00
12a7bbacd5685454,2026-01-10 05:00:00
a563cb7aa30b1b71,2026-01-04 09:00:00
c859e9706bfbb888,2026-01-21 09:00:00
05faf69d9bf69b74,2026-01-31 06:00:00
e264968eea9f976d,2026-01-25 01:00:00
53e0d1b71b330831,2026-01-04 11:00:00
436c758cc558392d,2026-01-08 10:00:00
3cb57ab0022cde45,2026-01-30 15:00:00
0695f98db58cffab,2026-01-30 07:00:00
b03c63a9bacbb983,2026-02-07 03:00:00
4e854c42319e7942,2026-01-06 13:00:00
fcf037c4eb3a0f8c,2026-01-10 04:00:00
fcacd58180674b2f,2026-01-16 17:00:00
d22e2319fbc7e24c,2026-01-04 11:00:00
4725852bc6238cac,2026-01-03 22:00:00
2527cb96363363bb,2026-01-30 01:00:00
f75ecb6577594554,2026-01-16 21:00:00
ad3e166b57776451,2026-01-31 12:00:00
e7bb94b7529ca1cf,2026-01-26 05:00:00
8d5607766638b7d0,2026-01-23 20:00:00
5daabd3bcac92641,2026-01-30 04:00:00
b6f8bcc16511bcb2,2026-01-01 01:00:00
0970e6cb3aaf424a,2026-01-30 00:00:00
a6df0a5875ca0eaf,2026-01-24 06:00:00
8707b855db039d9e,2026-01-24 12:00:00
436d3149c1f20ffc,2026-01-11 23:00:00
69d5b5ef3bc991cd,2026-01-25 06:00:00
cd2dd4ea37babe89,2026-02-12 17:00:00
047cd2b73f4201fe,2026-01-20 01:00:00
21a34e0b54a0604b,2026-01-28 21:00:00
8c776132ffe43b95,2026-02-05 18:00:00
af7fd410e239b4be,2026-01-23 08:00:00
e6ed214bb8bf881b,2026-01-10 19:00:00
21ad41be27b99e52,2026-02-03 13:00:00
b893a8558ed7889a,2026-01-06 03:00:00
8673bf4cd7875f49,2026-01-08 08:00:00
b940ed7c5369ab7e,2026-02-09 20:00:00
317e342397df12ca,2026-01-03 13:00:00
633efad069b33831,2026-01-11 19:00:00
7cce66a7e8caa4c6,2026-01-11 06:00:00
0df84960df16a04b,2026-01-30 05:00:00
7594101e8a4647ae,2026-01-16 14:00:00
73f334f6e780a438,2026-01-06 12:00:00
497ff298e3e8b8a6,2026-01-07 06:00:00
fb507efee7f4ab7a,2026-02-02 18:00:00
181a478a2d788404,2026-02-07 06:00:00
5e655816c0caf5d2,2026-01-29 12:00:00
24639e97225848d3,2026-01-02 06:00:00
65207d486efd24c6,2026-01-06 09:00:00
c12deb70e4ff2e8f,2026-01-05 20:00:00
7f123e413e606f30,2026-01-18 23:00:00
78f2a4a065ebff44,2026-01-18 14:00:00
d21411fd5a7302e7,2026-01-31 10:00:00
8497f186abdb4417,2026-02-10 10:00:00
3e26bb9e1ecda642,2026-02-09 14:00:00
0a8e857549f4f0d0,2026-01-23 11:00:00
b185e244db643067,2026-02-06 05:00:00
7e6ee971d5b7060c,2026-02-11 16:00:00
28f06b4113852776,2026-01-10 08:00:00
110ba3757b6d8853,2026-01-07 08:00:00
ee9f971d5bd4a298,2026-02-07 00:00:00
c77a562f518330dc,2026-01-11 02:00:00
8d72050034997ce3,2026-01-11 08:00:00
c65db48869d3f16a,2026-02-09 13:00:00
038dce654ff0d1c8,2026-02-12 04:00:00
dc71d8b7b49174ef,2026-01-06 04:00:00
30726792768a98c3,2026-02-01 06:00:00
7ae4dc417b88c911,2026-01-10 17:00:00
370d4cbe74d5961f,2026-01-19 17:00:00
a1d87239fa4090b6,2026-01-03 01:00:00
e9aab5178bdee53d,2026-02-14 13:00:00
b133ac27afd16276,2026-01-05 18:00:00
46b4debcaba900b7,2026-02-06 13:00:00
d74ccff99d8e32bc,2026-01-04 09:00:00
51b34e1f29df9446,2026-02-02 09:00:00
7522c8cf48806760,2026-01-27 13:00:00
6499915624cdc6c0,2026-01-03 16:00:00
b638f724718b17ba,2026-02-04 22:00:00
82a50cf8d40864f2,2026-01-23 08:00:00
fc157e9f813844c1,2026-01-07 04:00:00
0c7fff1bd6e5ad27,2026-01-25 00:00:00
9609be005809c20e,2026-02-06 23:00:00
d5253944f0ad08cb,2026-01-28 17:00:00
439056a726151af1,2026-02-07 07:00:00
9e8d8304124bb89d,2026-02-03 21:00:00
1844b44026ccc082,2026-01-14 14:00:00
2a459f87a205a6d0,2026-01-21 08:00:00
a2f00ede45426d19,2026-01-13 21:00:00
4cf7984d2622103f,2026-01-01 13:00:00
38c8da83844653a5,2026-02-07 02:00:00
c0d266649a1ee143,2026-01-18 15:00:00
52b5810f75165196,2026-02-02 12:00:00
f00f656130a20f31,2026-01-28 00:00:00
6947424251ffa4d2,2026-01-28 15:00:00
76101ac951cfbfd3,2026-02-05 18:00:00
4928d486ef808f2a,2026-01-10 16:00:00
1d736c5193c0c51a,2026-02-10 18:00:00
78ec68e6f030f345,2026-01-03 19:00:00
77f5df82250b1112,2026-02-12 10:00:00
55794f813cd9adf6,2026-01-04 07:00:00
b6281efba3903d2e,2026-02-14 10:00:00
ed06327c4e4bf2b8,2026-01-31 00:00:00
d9bd163bc9ed9b09,2026-02-12 16:00:00
80e14c641beed374,2026-01-09 13:00:00
660ef55b8521776e,2026-01-18 09:00:00
518f2326678c36e4,2026-01-23 18:00:00
b1f3da9291b03902,2026-02-11 19:00:00
9b3595975659a280,2026-01-06 21:00:00
50cd52b0a1a2248b,2026-01-18 05:00:00
8c1fc9bfa3e750a5,2026-01-14 07:00:00
7dad189aa63b7e86,2026-01-28 17:00:00
1f9897095b870f6f,2026-01-16 23:00:00
217f62c7f53f3d14,2026-01-11 13:00:00
1a51b08e2e78ac54,2026-01-04 05:00:00
e9e53140d07c08d5,2026-01-03 07:00:00
8624565b5cbdcebc,2026-01-11 06:00:00
53346e325f20340c,2026-02-01 19:00:00
fedeeae28e7ebed8,2026-02-08 19:00:00
920a9d4825857904,2026-01-19 01:00:00
eae21ba8adaced17,2026-02-14 21:00:00
07599b9e64d9fc6b,2026-01-28 17:00:00
74c73ce1a558e4a0,2026-01-17 22:00:00
113763fd8710174b,2026-02-14 22:00:00
31131edd6e56c05c,2026-02-01 20:00:00
ba6c03db1447adde,2026-01-28 13:00:00
35b26b0c600e3689,2026-01-06 14:00:00
7c15b334982ae9f3,2026-02-06 06:00:00
e9c288c055bb56b1,2026-01-15 03:00:00
fbc9525f07917457,2026-02-08 04:00:00
4018b0c7d768a68e,2026-01-14 05:00:00
4d2e0db6c7acdd82,2026-01-12 18:00:00
5711d99f9073ac5d,2026-02-05 07:00:00
71a15a52048adb74,2026-01-21 03:00:00
2416f73659c04ec2,2026-01-25 02:00:00
170ba7f6b692f757,2026-01-14 22:00:00
b1ac685a806ae488,2026-01-07 18:00:00
8137121daabb3a40,2026-01-18 10:00:00
6c63be13c1c9adcf,2026-01-24 15:00:00
52f3cc6534affb3c,2026-02-12 20:00:00
5b0bea226d1ae987,2026-01-04 17:00:00
64ec671a90480120,2026-01-30 17:00:00
67c6f2d6afd2b8be,2026-02-12 04:00:00
5afc3e3a1d141284,2026-01-09 08:00:00
8319fe9bb9caf970,2026-01-03 14:00:00
b7118c11ed6aed2f,2026-02-01 13:00:00
47c37976c9592da3,2026-01-12 04:00:00
05d905b335386af9,2026-01-25 00:00:00
f71a96c0e596fe17,2026-01-03 14:00:00
3ced5e683d31a5e7,2026-01-25 05:00:00
6f39b0aee70dc30d,2026-01-07 01:00:00
c672607749129da2,2026-01-04 18:00:00
9fe827291c6618a3,2026-02-01 18:00:00
5f21d03125da28dd,2026-01-08 16:00:00
73bd2a5c5734207f,2026-02-01 09:00:00
dbe474d746843b2f,2026-01-26 06:00:00
eceea53a239e10e2,2026-01-26 09:00:00
c327b4dba66bb3f2,2026-02-11 07:00:00
af55e6957d6b0448,2026-02-08 09:00:00
082af12e136a0b3b,2026-01-08 03:00:00
0811eee89cff40f8,2026-01-04 12:00:00
df39d719a7a35902,2026-02-08 16:00:00
e320d054ae405b76,2026-01-28 09:00:00
7fefd9643750539f,2026-01-12 08:00:00
703c44fefe0f97ce,2026-01-14 15:00:00
c88ef557ad475174,2026-01-08 01:00:00
2745fdc03f95d708,2026-01-15 08:00:00
8ff9301bb5ba51c3,2026-02-10 12:00:00
cf18125bad18ceff,2026-02-07 15:00:00
1a206c38918cbbae,2026-01-13 04:00:00
f48e7438951b5eb3,2026-01-14 22:00:00
817ef8566586ebd2,2026-01-03 06:00:00
4f9b94d2f1c096fb,2026-01-20 01:00:00
666269cfd03f8ab4,2026-01-31 14:00:00
43a2e8d1c09b3e80,2026-02-13 20:00:00
ca1d46c97cdbf805,2026-01-19 00:00:00
ff2a2f5f8e4faa0c,2026-01-25 22:00:00
91daa78f7bfaa7a7,2026-01-30 20:00:00
8110dbddca83e570,2026-01-03 08:00:00
a36ff64d5ea8d561,2026-02-10 10:00:00
1a693d23c276f189,2026-01-26 10:00:00
3ff363eb101efeeb,2026-01-28 21:00:00
f3aae04af2b3ae9e,2026-02-08 11:00:00
a0d61f98fde70c07,2026-01-19 04:00:00
6580ec2a2dffdf46,2026-01-01 02:00:00
231e94cea2912404,2026-01-06 18:00:00
fa443bcfe468627c,2026-01-27 19:00:00
d4d449adc300a95f,2026-02-04 11:00:00
957494ca3e5efedf,2026-01-10 20:00:00
eeddff073fdbe394,2026-01-15 06:00:00
c1f07053d9a7b1da,2026-01-13 23:00:00
da5b8591cb6ebfcd,2026-02-13 23:00:00
2e3d7bc18e0280f0,2026-01-19 23:00:00
d0e24e8cb7fb3f77,2026-01-23 19:00:00
12778e8203894661,2026-01-20 18:00:00
0ee123004e38d5e0,2026-01-30 19:00:00
7837f81eaf3d0893,2026-01-20 15:00:00
42103631c23c790a,2026-01-11 10:00:00
a988abfa0ecc90f7,2026-01-17 22:00:00
4d0e4a31bfc160c5,2026-01-27 15:00:00
17a0bdd500828337,2026-01-26 15:00:00
b5297c4a09d506cd,2026-01-16 12:00:00
530d619d51788a78,2026-02-02 18:00:00
436793f1fdc61e08,2026-01-21 01:00:00
5024a9401df0f3b0,2026-01-17 18:00:00
7e36c00d7357c731,2026-01-02 19:00:00
309ebd2f7ebb4e10,2026-01-22 20:00:00
7056117e207c006d,2026-01-14 16:00:00
f07355a13b9fc22d,2026-01-03 16:00:00
7890811689021577,2026-01-02 01:00:00
c8129eb9b24f4b3a,2026-02-02 12:00:00
da8e39e6d2a45fc0,2026-01-27 20:00:00
8f2332bc41b57d06,2026-01-14 19:00:00
9d10e4802130f16f,2026-02-06 00:00:00
f975ddd01f3ebf3e,2026-01-13 19:00:00
f3949cd2865b0ed4,2026-02-03 22:00:00
c8ca4493eb9490ae,2026-02-12 00:00:00
0bbd4669c284edff,2026-01-07 19:00:00
46975dce427be157,2026-01-28 18:00:00
4e0dd738fad97214,2026-01-23 04:00:00
5318f9caa6fb1ac9,2026-01-03 13:00:00
06cb8ec72add517b,2026-01-12 14:00:00
1c73ecb4736dc576,2026-02-04 03:00:00
f578886b611d57cf,2026-01-16 06:00:00
2b108c558abac588,2026-01-22 17:00:00
4f65ab85d87a8ae6,2026-01-04 22:00:00
01b1574d48f7fee4,2026-02-09 13:00:00
b25bae54b1a426e7,2026-02-13 18:00:00
88f5cbfdec20026c,2026-01-05 01:00:00
692af0246349a1c3,2026-01-20 21:00:00
a8f3fba0b1bfbd64,2026-02-10 20:00:00
08e045c1b20633b2,2026-01-12 15:00:00
1dfbc743837c60a3,2026-02-09 21:00:00
64b6c880f2f145c8,2026-02-02 08:00:00
a3ee27a3196849f5,2026-01-05 05:00:00
2376ac5250e53d94,2026-01-29 06:00:00
f3ebe7862119259f,2026-01-18 07:00:00
42f32ffd483184b8,2026-01-26 22:00:00
edf821d3df9260a0,2026-02-10 08:00:00
ee4f333eaeae325b,2026-01-31 07:00:00
af568ea8fe7800f6,2026-01-23 12:00:00
0a64ddf2055f965a,2026-02-09 20:00:00
af0335211ae933da,2026-01-18 18:00:00
6255bacb955d375e,2026-01-17 08:00:00
5369d3010399cb3a,2026-01-01 10:00:00
eaa63ea9ae2b2f41,2026-01-26 05:00:00
ec6b8ac0e24c824d,2026-01-20 18:00:00
821287d998c1959e,2026-01-27 15:00:00
704b0a4087479425,2026-02-13 22:00:00
c155f04d2b983cdf,2026-01-31 18:00:00
95675623913ec352,2026-01-15 03:00:00
a0c834f957cf6d52,2026-01-12 18:00:00
fad52ce64b0e61c2,2026-01-21 04:00:00
412fcdde4bd2f56a,2026-01-03 02:00:00
e5348959f757ac5d,2026-01-20 23:00:00
9462396861adcdd7,2026-02-01 07:00:00
f9df632d657d40e6,2026-01-05 03:00:00
f98b08b3dd65b7db,2026-02-02 10:00:00
9208ca869938b1ea,2026-01-06 05:00:00
feff7602dcbf5841,2026-01-29 07:00:00
b084b0d8852c8d35,2026-01-25 12:00:00
f10dd99f3ab8d5d7,2026-02-02 19:00:00
49f4a78f1ada499f,2026-01-15 20:00:00
31ddb91e9e3daab4,2026-02-05 12:00:00
13675e279d889caa,2026-01-08 13:00:00
822c5a6194161569,2026-01-02 18:00:00
2a9789c5796f1d07,2026-01-04 05:00:00
526bc2b1bc860840,2026-02-07 00:00:00
079b9f419a1253bf,2026-01-08 11:00:00
ff8073ceab38efe2,2026-01-28 22:00:00
9b490621beab8617,2026-01-11 12:00:00
f1bb49d184293cda,2026-01-22 06:00:00
196b436035685bb9,2026-02-03 05:00:00
540a954094367574,2026-02-03 08:00:00
ee3ee4de0ace4334,2026-02-05 00:00:00
b231b0cd6d993e22,2026-01-26 03:00:00
4dacf2745c7d6b85,2026-01-12 09:00:00
7bbe10033111ebe5,2026-02-05 03:00:00
2c345068a03b02d2,2026-02-09 10:00:00
a2b4cd811744ab24,2026-01-19 10:00:00
56b7a421e3092d8b,2026-01-21 19:00:00
089289bce5be29f5,2026-02-09 19:00:00
b33124ae864ca0b2,2026-01-25 03:00:00
28aac02f2ca5aa69,2026-01-18 20:00:00
2fcc411eec0a39df,2026-01-31 10:00:00
e29d31a5ea6c50f6,2026-01-29 10:00:00
788f628d88c6dafe,2026-01-09 13:00:00
cf8afbb328813b1f,2026-01-02 20:00:00
71711270e1dcb804,2026-02-07 21:00:00
486058161d2f437d,2026-01-14 16:00:00
d0afb87a56f685d6,2026-01-27 06:00:00
d8e0ba02e488f02c,2026-02-13 22:00:00
85da335c562e3ed4,2026-01-01 10:00:00
5f77af665a312968,2026-01-13 20:00:00
df0b3dfe2ce2b536,2026-01-03 21:00:00
51a89d1dfea70255,2026-02-13 12:00:00
f9936b74a9873443,2026-01-04 22:00:00
e9c0c9edd03297a2,2026-02-06 20:00:00
5a0d69b4967ce90b,2026-02-03 17:00:00
bbe768d9196d32e5,2026-01-28 11:00:00
c582d79fdaa3de04,2026-02-06 10:00:00
58d5a92d82d358bd,2026-01-27 00:00:00
a4802a2481aec5c5,2026-01-16 04:00:00
dd84983584805b43,2026-01-10 04:00:00
c643edf862699dfb,2026-01-10 00:00:00
dcfc23108368beb6,2026-01-23 19:00:00
040e5881f4a77c1e,2026-01-28 20:00:00
319835fab5c9f6c7,2026-02-01 04:00:00
d81894fc9f00bb37,2026-01-03 18:00:00
d6deea5e77324c96,2026-02-07 07:00:00
15951cfe732bf97d,2026-01-26 23:00:00
8a02c47226c6b489,2026-01-14 08:00:00
77908bb795be1347,2026-02-02 14:00:00
b1bca46f23c99360,2026-02-04 10:00:00
02c21f63c37a6e8b,2026-02-08 01:00:00
43ef1d220c1735cb,2026-02-12 04:00:00
b9e99f030cdaf5b8,2026-01-09 13:00:00
b5072ef9f612b7b4,2026-02-05 17:00:00
d6330baf866350fb,2026-01-19 06:00:00
54b0295bbee2210f,2026-01-11 11:00:00
4cf4b1279d07670f,2026-01-20 07:00:00
2f8134a581bebb86,2026-01-11 05:00:00
a651154e6e62152d,2026-01-29 09:00:00
29770a23204eaf89,2026-01-25 05:00:00
ad54e04f57656a14,2026-02-14 15:00:00
3e9a7829dec7fa18,2026-02-04 11:00:00
e132dfaa8e6d86ea,2026-01-13 11:00:00
242cdf6c29280908,2026-02-12 15:00:00
a451e62c030d49e4,2026-01-03 01:00:00
b276375bcf635931,2026-02-05 12:00:00
6a6a436ec75f622c,2026-02-05 19:00:00
8f2012908c3278ed,2026-01-11 18:00:00
4f1bfe65fb316ab6,2026-01-04 16:00:00
1f39bb75dc1143e7,2026-01-18 01:00:00
4748401a37bb9bf3,2026-02-14 10:00:00
1fdf42c19b96fa6d,2026-01-25 01:00:00
7f551484ab56670d,2026-01-26 15:00:00
da24ce4960d3d338,2026-01-15 22:00:00
f7ec259f931c81fb,2026-02-07 07:00:00
8efb8f6695495a4b,2026-01-27 20:00:00
7ed83f43302ee81b,2026-02-14 03:00:00
034c74dbcb73349d,2026-01-05 04:00:00
1a8988229f5bc122,2026-02-11 07:00:00
71e8cd9ee303169a,2026-02-02 15:00:00
9a18fde0eee5832f,2026-01-27 20:00:00
5f69b2ba806ab7e7,2026-01-16 10:00:00
1bec7c87968503cf,2026-01-19 09:00:00
9c7af07e7de8a703,2026-02-12 08:00:00
bbacd6de2578412d,2026-02-10 04:00:00
dd1eca498fb9c093,2026-02-04 11:00:00
dd176a8a9417b7bf,2026-01-31 00:00:00
e804b759a9943cc6,2026-01-27 21:00:00
5219b1377bb68cb6,2026-01-24 03:00:00
1fb6ba4cf75cbdfb,2026-01-25 01:00:00
0b0aec5de2f436e4,2026-01-17 09:00:00
9311edc18a921d93,2026-01-12 17:00:00
7ce5c43e750368fc,2026-02-09 08:00:00
60ee99ded1735ab1,2026-01-20 23:00:00
fb44a5d28cde4366,2026-01-31 13:00:00
f2593f55b8d1f58f,2026-01-21 02:00:00
807873676bac5a7b,2026-01-02 10:00:00
607f2bb21d101247,2026-02-07 06:00:00
a090eac901678ff3,2026-02-14 07:00:00
5eb383e3b9b8f9a1,2026-01-23 10:00:00
00692cf4f2a0e922,2026-01-22 07:00:00
817ad2515b9131b4,2026-02-14 00:00:00
d769d2db0a979363,2026-01-17 05:00:00
914ce6ac501899d6,2026-01-22 03:00:00
a1a1f4aef6914bb2,2026-01-24 14:00:00
373b46c61f0482cc,2026-01-20 01:00:00
141f19d360647b7d,2026-01-30 13:00:00
bd6d022df753925e,2026-01-31 23:00:00
f128c84bda0f8619,2026-01-27 18:00:00
deb40276c17b7720,2026-01-25 18:00:00
7e24feb63517b975,2026-01-23 23:00:00
16ff5f9c57a59e8d,2026-01-23 22:00:00
e1c36475c27d3f4b,2026-01-04 21:00:00
6a7742323112e6cf,2026-02-12 03:00:00
d3a7fd4b492c89fb,2026-01-18 06:00:00
cb288590ab7e31bb,2026-01-24 13:00:00
bbb33b51882a4a81,2026-01-21 07:00:00
5eaf5b98683642e4,2026-01-28 07:00:00
07adebe94d4cbdd4,2026-01-19 16:00:00
93b7d14a6cdbc5cb,2026-02-11 07:00:00
5090d47dfc839fd6,2026-01-22 05:00:00
07962be61621fdb8,2026-02-11 05:00:00
68d909f40a531dc9,2026-01-21 03:00:00
1aa4bc1a4e39fab6,2026-02-07 14:00:00
cad31e319bd75e49,2026-01-29 05:00:00
6fe34201119e1e27,2026-01-30 20:00:00
daec3a3f2df7e722,2026-01-11 14:00:00
622bf01300a5deda,2026-01-07 18:00:00
87febe919f4898dc,2026-02-10 08:00:00
50a8094bdcf971d9,2026-01-17 05:00:00
4459d143592f428c,2026-01-15 06:00:00
0100216f6ba806f0,2026-01-01 19:00:00
58afeb4a89233461,2026-01-05 10:00:00
102bff4c9115eea5,2026-01-14 22:00:00
1efe51c54593c674,2026-02-06 18:00:00
e1e63ec80feb29ee,2026-02-08 21:00:00
0b9a7a3e50edd200,2026-02-04 12:00:00
5943601aa88ba8e9,2026-02-06 11:00:00
140fe8a0b378442a,2026-01-26 14:00:00
7c32fc5da3908dc3,2026-01-08 16:00:00
779cf41304b41eba,2026-01-15 18:00:00
446c3930ccb8c8b1,2026-02-11 19:00:00
2bb85898036b9dff,2026-02-10 15:00:00
7b1b292ac11b8f3d,2026-01-05 17:00:00
0777991880c3e122,2026-02-03 01:00:00
703ceb2dd100ddd2,2026-01-25 01:00:00
15d4a96aa6e561cc,2026-01-11 07:00:00
e1a4dd5cf14b44f0,2026-01-18 11:00:00
3bf7bde08ad72b95,2026-01-02 23:00:00
e423ee3e90b70b82,2026-02-07 01:00:00
5dad6c1a1b98c6d2,2026-01-20 20:00:00
b0548fced6b704b0,2026-02-12 03:00:00
ee7b953def8acc00,2026-01-27 20:00:00
4ec71f5058aa2683,2026-01-29 04:00:00
97b7b04ae72bcc41,2026-01-30 21:00:00
cd134a453dbc5253,2026-02-08 03:00:00
ec45953347bf15c4,2026-01-15 15:00:00
6a9ba53c8a3dbc29,2026-02-10 18:00:00
b693214f16c04a74,2026-02-13 20:00:00
d128eadb8476f245,2026-02-10 03:00:00
7821de412c71072a,2026-01-12 10:00:00
3f68aa55e7089235,2026-01-07 06:00:00
b9da461ba9973191,2026-01-15 05:00:00
4ea4b30a268519d5,2026-01-29 14:00:00
a9ce31f6aaa20b7d,2026-01-11 16:00:00
69d6696ab00f5817,2026-02-12 07:00:00
24aa288b944fd01b,2026-02-02 16:00:00
f879128d54e3d885,2026-01-06 03:00:00
280d760f4006265f,2026-01-06 10:00:00
d21b88b08e644e27,2026-02-10 15:00:00
579c61161ce76c64,2026-02-05 11:00:00
4020fe5a33e1263e,2026-01-16 10:00:00
a3c8a94fc2e375ad,2026-01-29 00:00:00
b0d8bd636b9b47d2,2026-02-01 14:00:00
a3485e0598c93a72,2026-02-10 11:00:00
3f79f686841b8096,2026-02-03 18:00:00
f10675227b26d7c8,2026-01-30 06:00:00
86b972e119a8830f,2026-01-20 01:00:00
e9f1000a1d8b06a7,2026-01-10 16:00:00
1937fe08332dfdf5,2026-01-09 17:00:00
76e114958015d35c,2026-01-16 08:00:00
255ac14abe1c800b,2026-01-21 10:00:00
05ae7509b741a12e,2026-01-22 11:00:00
0beea7942964ed5a,2026-01-15 06:00:00
cc847bb6dac12545,2026-02-03 14:00:00
ad2b4ce95745757d,2026-01-13 12:00:00
23d8e69361ec1eb0,2026-01-07 01:00:00
949de8984995288f,2026-01-05 12:00:00
3bf29ae153965ccb,2026-01-14 13:00:00
8625abf5e7b86a3c,2026-02-05 10:00:00
f63c6333caaadbef,2026-02-04 15:00:00
5da6eb42a74cda9c,2026-01-07 22:00:00
1d6b29489edc8d0c,2026-02-10 04:00:00
678faed62f60cb25,2026-01-24 00:00:00
ca9686f3f4afdffc,2026-01-30 19:00:00
a30a3601342303d2,2026-01-26 21:00:00
1a4f6b318869fb41,2026-02-04 07:00:00
7f0b2fe6b1102b4d,2026-01-15 13:00:00
46aca61297700b51,2026-01-09 21:00:00
4680487fd4b2507e,2026-01-16 08:00:00
799038a1b9d24580,2026-01-18 11:00:00
feaf4d315d85b3b1,2026-01-07 02:00:00
f3cb7311ee95c326,2026-02-14 12:00:00
275e629696228fca,2026-01-19 11:00:00
044bfbb70ea5a376,2026-02-01 13:00:00
b7389af2c8764112,2026-01-03 08:00:00
91adab76899a7f25,2026-02-13 13:00:00
e956589a60806335,2026-01-26 20:00:00
b7250f7e41675463,2026-02-07 03:00:00
99479412c0986e14,2026-02-06 12:00:00
7616ca4bcd126bf4,2026-02-07 22:00:00
fae5021fd1a3bbc2,2026-01-17 12:00:00
0b16a0aa721aef40,2026-02-08 14:00:00
5901c1c146706f79,2026-02-10 14:00:00
f7db39393a88c25b,2026-01-28 10:00:00
6753e8f805ab8fcb,2026-01-26 05:00:00
5a4b7bb2d0ccd4e0,2026-01-04 16:00:00
575b818b6c1586f0,2026-01-01 05:00:00
78f7108eaf4333ab,2026-02-09 02:00:00
acc83003f2d95da7,2026-02-06 16:00:00
d0545dd36fbb99a8,2026-02-12 01:00:00
ad943092b1a4cdfd,2026-02-03 17:00:00
0d16f8571701db4e,2026-01-02 03:00:00
94fa70c6844f2bbf,2026-01-18 03:00:00
d12b2114e9674c8e,2026-01-02 07:00:00
9f2f9d8b3da1bca8,2026-02-05 14:00:00
4abe06780b821c32,2026-01-06 06:00:00
f20f5c831d3c9387,2026-01-29 08:00:00
baf763f0fbbac5ab,2026-02-08 22:00:00
72b14ce58f0a81b6,2026-01-17 06:00:00
9900eb2eaf4b17ae,2026-01-25 08:00:00
e4e9a2cd91953263,2026-01-22 02:00:00
be03b30b3439a2d0,2026-02-13 20:00:00
d3cdc9730fd1ca5d,2026-02-02 02:00:00
a2633f3e025490ca,2026-01-10 19:00:00
b87b5ed17fbd2d5e,2026-02-11 16:00:00
69257b7f49e316f7,2026-01-27 05:00:00
f1a3c26588103696,2026-01-26 07:00:00
6fb2712a6c3af568,2026-02-04 01:00:00
780886ecaed7cabf,2026-02-12 00:00:00
9e87f6ec27ed7821,2026-02-14 22:00:00
7d57632bac35dea5,2026-01-08 06:00:00
06cc3a7636cfe0b2,2026-02-02 11:00:00
f63dc21ac1851fb1,2026-01-12 02:00:00
54c2e97fbaf2f333,2026-01-22 04:00:00
2611aef1627c6116,2026-02-05 17:00:00
d8b7f9a9865615bd,2026-02-14 17:00:00
99b8d4cfd1cccbbb,2026-01-16 07:00:00
5a6c32c85319745f,2026-02-02 20:00:00
0f80996675b9bfb9,2026-02-02 19:00:00
0c13eb9f148c0cf7,2026-02-02 02:00:00
b77159c90ee0946e,2026-01-28 09:00:00
483bc93f38c7dd7e,2026-01-06 21:00:00
d6d590ba079122ab,2026-01-16 21:00:00
b56115176eff4f93,2026-02-08 21:00:00
642da3df77bf5843,2026-01-08 20:00:00
dd0dc0ef2d93f340,2026-01-27 09:00:00
779792e4ad1964ae,2026-01-30 01:00:00
6f797c206d0b1ab3,2026-01-29 07:00:00
cfd6852964aa266b,2026-02-11 02:00:00
1a9969fb30545a7f,2026-02-01 17:00:00
0a6ac10d73b1e514,2026-01-04 16:00:00
c8d2b65826454120,2026-01-23 19:00:00
ea68ea63c3b8e4fb,2026-01-22 10:00:00
01ba55722bb7a1a4,2026-01-10 07:00:00
a784b29f1d6eb1b5,2026-01-05 13:00:00
19c9765f05e27b96,2026-01-15 07:00:00
70476c6275fb8180,2026-01-29 19:00:00
9c36dbf8f37e293f,2026-01-07 09:00:00
1980839020522ef3,2026-02-10 21:00:00
41fe230a7503bec6,2026-01-19 03:00:00
95b3a9eb65b26df9,2026-01-06 02:00:00
46a20891d927ce4b,2026-01-07 06:00:00
6be03395c0374a71,2026-01-20 22:00:00
5e8260024b32b0cd,2026-01-21 02:00:00
4ea4273069e85daa,2026-02-06 13:00:00
b24561b25f2aa5c1,2026-01-18 04:00:00
6f0005acee81e943,2026-01-02 06:00:00
dd6d7f85986e538f,2026-01-10 19:00:00
8d055b2cb4d78b9e,2026-01-25 22:00:00
da063ba256697010,2026-01-07 15:00:00
e7ed97f6f33627b0,2026-01-04 11:00:00
c705985727476b98,2026-01-13 04:00:00
5acbed0fc81cfa47,2026-01-09 02:00:00
be3f10bce4c2ebb4,2026-01-28 03:00:00
8affb16edb7a51b0,2026-01-29 00:00:00
7cf1a059c8a8f3f4,2026-01-17 01:00:00
7d013d355e7ea40a,2026-01-18 16:00:00
3790e3e7d55bd767,2026-02-10 16:00:00
b1795edb57012ceb,2026-02-09 16:00:00
521e4ce967262b12,2026-01-31 03:00:00
f05eceaf8e12ae46,2026-01-10 02:00:00
784517233e2b7566,2026-02-06 08:00:00
3575e0c0cd2b5755,2026-01-10 07:00:00
ef2c7c35016629ed,2026-01-03 23:00:00
5c7858aafe96a353,2026-02-08 02:00:00
c4d89bf17c34e042,2026-02-04 19:00:00
f238174af034c64c,2026-01-29 23:00:00
1da1c52fe4268cff,2026-01-07 21:00:00
df9c29f3c2cec769,2026-02-09 04:00:00
eb31388e47992104,2026-01-28 15:00:00
adab762dfbdf7377,2026-01-16 12:00:00
a871092e7d19f88b,2026-01-25 15:00:00
3a1370c19f55b649,2026-01-15 11:00:00
b99a7653ca652529,2026-01-04 19:00:00
dfaac1629132b6d3,2026-02-10 02:00:00
e253abbc91d26ee0,2026-02-01 04:00:00
5884713cd030fb8a,2026-01-26 11:00:00
2ff341c7aa17e5c6,2026-02-08 12:00:00
3f58b1c73dbf72bb,2026-01-02 22:00:00
10c5753a31eaf979,2026-01-13 16:00:00
64670d856808fcb4,2026-02-11 12:00:00
6c56b3417ea0ef48,2026-02-02 10:00:00
278558af50998714,2026-02-05 15:00:00
70587f5977b8d40d,2026-02-05 19:00:00
be8d04f499ad737c,2026-02-04 14:00:00
0702c7be7d152c30,2026-01-11 08:00:00
37db33d7a8d61fb4,2026-01-03 17:00:00
955fe8e9c35b00d5,2026-01-29 00:00:00
ab7001ceb62d6940,2026-02-12 04:00:00
982908f7df57c32c,2026-01-10 09:00:00
18063d21c8c0737f,2026-01-27 20:00:00
d78c75b3130f9321,2026-01-06 02:00:00
f8a16d8536416fe3,2026-01-26 17:00:00
2b6a7019cb778cb5,2026-02-06 14:00:00
96c0c4124640cb5f,2026-01-29 08:00:00
ea38d362e2dfec2c,2026-01-05 09:00:00
e5393dc64bed799a,2026-01-01 19:00:00
96889d079e901c5d,2026-01-13 11:00:00
e0136fa7cb6873c5,2026-01-06 20:00:00
27a13c77dbe7fa02,2026-01-06 08:00:00
3ae5d5ac53126814,2026-01-28 18:00:00
0e50b0c7f99d3a48,2026-01-26 15:00:00
77ec1406370e95b8,2026-01-29 02:00:00
add794e2be78a9cc,2026-01-16 03:00:00
faf7bf2e064a0431,2026-01-22 13:00:00
b0e701bd3fb1fe6d,2026-01-02 20:00:00
e2631ff5b160879d,2026-01-15 09:00:00
fb394e451bdb4d37,2026-01-31 09:00:00
4bcdab1b209e82c6,2026-01-04 01:00:00
7e543430108b95ed,2026-01-11 01:00:00
a7341fee187252aa,2026-01-19 08:00:00
ff64d928322b38bc,2026-01-25 08:00:00
3b868e195dba5153,2026-01-18 21:00:00
f4ce3cc5a3139201,2026-01-16 00:00:00
27fb10cb1543cc0b,2026-02-02 15:00:00
12e0547c3f84e670,2026-02-12 22:00:00
03278e6b6040dd71,2026-01-27 09:00:00
eea8efaec79bbb54,2026-01-22 05:00:00
ab1c3efd5a77b976,2026-01-10 05:00:00
692fa50593f0cd02,2026-01-31 11:00:00
9701def65fb84d1b,2026-02-02 18:00:00
9611a90a07d6dd27,2026-02-10 01:00:00
9fce27ff5eb6ca56,2026-01-25 15:00:00
a350fc4f9126102e,2026-02-06 18:00:00
0ffc1d21d1e03db5,2026-02-12 02:00:00
bc6b0e372f60a710,2026-02-06 09:00:00
b505da0973e97b1d,2026-01-26 05:00:00
037a199aea9c93ca,2026-02-14 12:00:00
66733eb3f65b59e0,2026-01-27 03:00:00
01c2430fbee33874,2026-01-14 09:00:00
e80e376029495f08,2026-01-09 04:00:00
9e294a6ce9db0fe2,2026-02-06 02:00:00
ad03cb9d5f86a71a,2026-01-06 23:00:00
ef0bd44f90ff9387,2026-01-30 14:00:00
f2c391f0a57f1205,2026-01-20 10:00:00
4f7510cf55c00be7,2026-02-14 10:00:00
614a640b1a1fe198,2026-01-30 19:00:00
257c53dacffc5ceb,2026-01-04 21:00:00
796c0dc5b1ae7a7d,2026-01-18 20:00:00
c37a89437e0972f0,2026-02-10 23:00:00
fdce3797d0436853,2026-01-18 09:00:00
201116ede7a9ea2f,2026-01-14 00:00:00
ae043d070d71b816,2026-01-27 05:00:00
7d6651580c404f17,2026-02-13 21:00:00
808cd349c90df9d7,2026-01-19 10:00:00
b018e19aee6121d4,2026-02-06 17:00:00
f4752acdd955ea3b,2026-01-15 10:00:00
03d87941c3485977,2026-01-25 19:00:00
d0018bbbd36ba459,2026-01-06 12:00:00
67eb726d1a493b41,2026-01-18 18:00:00
4aae62133375e99e,2026-01-06 08:00:00
31c72401947e1f75,2026-01-25 17:00:00
b51fe5392de09571,2026-02-04 15:00:00
d6d631e3b732a15c,2026-02-04 22:00:00
b6092b332f792798,2026-02-03 15:00:00
d565dffa45abd2d3,2026-01-14 18:00:00
277aa121356b0911,2026-01-09 12:00:00
450ce9a9099c0b88,2026-01-10 14:00:00
b109a45fbd1fc26a,2026-01-13 12:00:00
8bcaa68cbe351b99,2026-02-05 01:00:00
1ab91cbfcb620346,2026-01-25 01:00:00
3516db8674dcf931,2026-01-20 15:00:00
afd393404d04c7a1,2026-01-15 15:00:00
b0fff44545770909,2026-02-10 22:00:00
55879e93b30eed8a,2026-01-25 20:00:00
be47e8eb7fa0ed22,2026-01-12 20:00:00
e7abb3774ac37b2a,2026-01-08 02:00:00
0c355faf8da2c492,2026-02-04 22:00:00
c7919aae469080c2,2026-02-02 15:00:00
8bbc9d1a04f7efba,2026-01-15 03:00:00
58a156b3afa6fd05,2026-01-11 03:00:00
b95341a84c141999,2026-01-28 10:00:00
24e878f2c3c62024,2026-01-22 17:00:00
16953c8461d497eb,2026-01-16 20:00:00
08f5ec3849a9c2f5,2026-01-04 15:00:00
1ab5c755709fdb92,2026-01-04 04:00:00
b4de8a5c488a1cfd,2026-01-09 03:00:00
2cb0e188de62fc03,2026-01-04 12:00:00
ebe7f4beaa64432f,2026-01-13 04:00:00
17316c90bf6e9f7f,2026-01-08 18:00:00
bcd54ecf78344b9d,2026-01-15 01:00:00
e558233cf06b8a10,2026-01-19 12:00:00
4f648918cc18ea48,2026-01-19 12:00:00
d9130b4f7b839ec7,2026-01-29 22:00:00
953e8e25963e54c0,2026-01-10 16:00:00
f794b4448d27b6cb,2026-02-07 04:00:00
c770fa9731bb6035,2026-01-02 01:00:00
9c8a3448abb87994,2026-02-14 17:00:00
aa189f0e1f8176f2,2026-02-01 18:00:00
be900e577988cf23,2026-01-03 07:00:00
998d929fce5674a5,2026-02-11 13:00:00
989336a61bb1752f,2026-01-29 04:00:00
1dfacbcd47060468,2026-01-09 18:00:00
89d45d63b272dcb8,2026-01-15 04:00:00
e444414d5aaa308c,2026-01-03 03:00:00
681f3e3c2d1c9c06,2026-02-04 15:00:00
56befa2bcbbc886b,2026-01-29 22:00:00
48692aea102b5de1,2026-02-10 04:00:00
d7df008ac810b85f,2026-01-10 10:00:00
15edcd5566453462,2026-02-13 22:00:00
9dc53b1360922a32,2026-02-03 03:00:00
44711df47d1768a4,2026-01-20 04:00:00
065daab9b4cbef65,2026-01-14 10:00:00
244d3aca52fc8c21,2026-02-01 22:00:00
1fff7b06832e739d,2026-01-29 20:00:00
0a71ad99f736c309,2026-01-29 01:00:00
887e3b766918a104,2026-02-10 01:00:00
c608cab05028a7bc,2026-02-06 20:00:00
f477c3c86ae03081,2026-02-06 09:00:00
307dba3449805ec2,2026-01-20 13:00:00
9637fc7d459464b2,2026-01-10 00:00:00
49771be658103e0f,2026-01-03 10:00:00
886b5836f174bce1,2026-01-01 14:00:00
6b6a6663be932435,2026-01-04 21:00:00
4229461d80c5ff40,2026-01-16 14:00:00
38088f6677cf4fad,2026-01-03 18:00:00
50609dadc467a453,2026-01-02 15:00:00
d53d10e5ef44d570,2026-01-25 16:00:00
a37081e25bcdbb84,2026-02-01 10:00:00
da44bdb97d6d71d5,2026-01-13 19:00:00
6e129d99e43922a4,2026-02-06 10:00:00
0664111fd7f257de,2026-02-14 08:00:00
9d4cf8497a320fcd,2026-01-15 00:00:00
d5421cb2361354c9,2026-01-12 19:00:00
746c728eeb04857a,2026-01-04 16:00:00
7b620d8de1ce0493,2026-01-24 15:00:00
84d858b37515824e,2026-01-09 01:00:00
51866cc52bffee5d,2026-02-07 12:00:00
9b88b4253d268181,2026-02-03 13:00:00
ffeedfda30a3ff55,2026-02-04 03:00:00
7981f94388527c5b,2026-01-17 18:00:00
bc6f836a84e7775c,2026-01-11 09:00:00
ebabfa8fce543c56,2026-01-06 02:00:00
5dcb6b8d9f044fbc,2026-02-01 23:00:00
60a829a6a421b968,2026-02-05 02:00:00
299dc06be8673144,2026-02-06 05:00:00
2e7c888d13a8bbaf,2026-01-24 13:00:00
032aae1bbaf5d2cb,2026-01-24 12:00:00
524f8d182f3bc68f,2026-01-06 03:00:00
0fa9f28f7cbb464b,2026-01-26 14:00:00
524e80a7aa8a30f1,2026-01-19 02:00:00
649737dca5363813,2026-01-26 23:00:00
d79bd93aefbf822d,2026-01-06 09:00:00
a64e1ae22bb389e5,2026-01-03 19:00:00
0253e3906b7a7ef5,2026-01-13 11:00:00
e32a603291e217ee,2026-01-28 11:00:00
fed77fd51b7ed30d,2026-01-17 03:00:00
e5341c8682311b8a,2026-01-25 16:00:00
fe70ad0f12d93d64,2026-01-29 13:00:00
b5d22af19cc160f7,2026-01-25 21:00:00
e126e30eabf2e665,2026-01-03 08:00:00
aa12530ae1c31ab4,2026-01-04 15:00:00
8a147e8e7da8ca2f,2026-01-09 16:00:00
dc3e39887105c7ae,2026-01-01 22:00:00
89a2cf23ab4ee338,2026-02-12 06:00:00
00205730a538ac2b,2026-01-21 06:00:00
0907162feb74ea71,2026-01-05 20:00:00
9bc1850e3abc2131,2026-01-06 04:00:00
dcc41b54eaef5135,2026-02-09 19:00:00
b6bb08e3f1b6aa06,2026-01-10 13:00:00
a738d6423cf5afc9,2026-01-12 11:00:00
b50a01558cef92f1,2026-01-03 22:00:00
689785b9abc6b36e,2026-01-17 10:00:00
2c6f14bf04439553,2026-01-01 13:00:00
8669bd445602b300,2026-02-07 16:00:00
4c7e6de5fcbb4462,2026-02-13 23:00:00
439b25898436382a,2026-02-08 03:00:00
7cb78eb271b9b7d4,2026-01-30 12:00:00
9636c8af211309c7,2026-01-18 23:00:00
75e82d13b9fdbeb3,2026-02-10 11:00:00
37a63cd842f90770,2026-01-21 19:00:00
a31535890c431eec,2026-01-30 13:00:00
46d1955c60d98245,2026-01-10 14:00:00
472c08e422a76c6a,2026-01-24 10:00:00
778de37427bd9fa1,2026-01-05 03:00:00
5ee9911d0c16778e,2026-02-07 02:00:00
5968c82e0153a9ed,2026-01-08 10:00:00
cfb0720c0eacbb83,2026-01-05 09:00:00
1aca9999c9d64736,2026-02-09 04:00:00
7efd2d1e314b7b2d,2026-01-05 15:00:00
903cb5f25127301e,2026-01-20 08:00:00
5c8ea69263854ab0,2026-02-14 08:00:00
b648615949a5fcf5,2026-01-16 22:00:00
e95fb8335a9ea60e,2026-01-07 02:00:00
81915b9cc7c3c002,2026-01-28 05:00:00
c148ae54b4575c86,2026-02-05 13:00:00
3886d81d3782cc01,2026-01-22 04:00:00
5a62c7572672cb79,2026-01-21 01:00:00
f0236fb50aea6017,2026-02-01 06:00:00
f5552e271ee609fa,2026-01-08 22:00:00
876a50c2bdfe70a8,2026-02-08 04:00:00
6e9b2455e65b84c3,2026-01-24 17:00:00
03329bc9fcd79662,2026-02-13 05:00:00
51b59d1718ba8418,2026-02-11 10:00:00
d3f27aaced801b3e,2026-01-29 14:00:00
01539bff2890fe1c,2026-01-25 14:00:00
bcc1f0313cab7b9f,2026-01-20 21:00:00
2aa1192a7471c2cf,2026-01-08 02:00:00
404854c70433393d,2026-01-26 21:00:00
dfd6a016a23daf75,2026-01-29 17:00:00
baf6a7802a4896ca,2026-01-24 21:00:00
1bc806fefd2febd9,2026-01-17 20:00:00
906025801155b6fa,2026-01-27 08:00:00
d1d8caa975f85d5e,2026-01-25 06:00:00
5d80c67dd42dd433,2026-01-26 03:00:00
9a2379c8333544e1,2026-01-24 17:00:00
eceb7e4884aa6ca8,2026-01-02 06:00:00
5d7270b76339be64,2026-01-16 11:00:00
7fe4368bc568e72d,2026-02-08 09:00:00
8302f83fde3c9a49,2026-02-09 05:00:00
ecf8d06749042e1e,2026-01-25 18:00:00
bc88307b03149754,2026-02-12 06:00:00
947fdad3200371f7,2026-02-05 04:00:00
0378df9f9bc9eed3,2026-01-08 20:00:00
961e8c1d2423b49d,2026-02-13 17:00:00
0a9dd895271a97ac,2026-01-10 22:00:00
9a3358fc9a8e1a7a,2026-01-02 07:00:00
1fbb62f5d37d4dd5,2026-01-11 12:00:00
faaf792574d3ea44,2026-02-07 04:00:00
a29304cd7e35c966,2026-01-29 22:00:00
a2836fd88f95f9fa,2026-02-02 04:00:00
682a130c74d6ed90,2026-02-06 18:00:00
99a47108aa9b146f,2026-01-05 13:00:00
40ef0134a35ba2d8,2026-01-13 12:00:00
3de24351b1d22527,2026-02-09 05:00:00
46e92b4c59ca4d13,2026-01-12 01:00:00
fce5305491b57f57,2026-02-06 03:00:00
0ea33f0b6b2e3c23,2026-02-07 09:00:00
710bff3998f11247,2026-01-01 02:00:00
7b4540778864d4cd,2026-02-03 06:00:00
f09245106e510834,2026-01-15 17:00:00
af6a043b573a3e9b,2026-01-19 05:00:00
b07aadae3c2092e8,2026-01-25 15:00:00
4d8f0a06e6d6b149,2026-01-21 17:00:00
32ff2a391892121d,2026-02-10 07:00:00
4e73dad3c0bafbb5,2026-01-29 11:00:00
540eedb19459cde9,2026-01-13 21:00:00
dff051d4985cfba7,2026-01-03 14:00:00
766173a1a1a7fb4e,2026-01-11 00:00:00
c965621162ff64e1,2026-02-11 14:00:00
a8bf32586485d41a,2026-01-13 13:00:00
eea6a6bb21de9fd3,2026-01-27 11:00:00
dd681222504867ab,2026-01-06 10:00:00
0663901ac892307e,2026-02-11 18:00:00
e6f63163fa0c55de,2026-01-26 20:00:00
7d6812ac72296553,2026-02-01 05:00:00
c242b0549c145381,2026-01-28 21:00:00
a3c35f802efc1b7e,2026-01-09 17:00:00
b884dbca8d31f551,2026-01-24 21:00:00
8e4a36fdff3487e4,2026-01-27 01:00:00
cb153473bdbb0807,2026-01-21 18:00:00
1c7ec85f8a9e537e,2026-01-01 18:00:00
d0f0a1e3604db99d,2026-02-06 06:00:00
0ce3e6806e482796,2026-01-05 18:00:00
c4981d9acb5debfd,2026-01-21 22:00:00
1e68969be27f9f60,2026-02-07 07:00:00
3300ad782c9ced0c,2026-01-10 16:00:00
7d7ba274f4e32238,2026-02-09 13:00:00
41f86d452703b7c2,2026-02-10 06:00:00
52f9d8ee96e6aeaa,2026-01-28 20:00:00
3e094cb906a084cb,2026-01-11 07:00:00
ed302dd388445482,2026-02-13 02:00:00
a1f068bfd17ac54f,2026-01-19 00:00:00
d2ebaeb832becfc4,2026-01-22 16:00:00
9dc2c981f412172f,2026-02-10 12:00:00
ebe8d2fafdaeb351,2026-01-06 17:00:00
1df311784817259e,2026-01-06 12:00:00
101185c52c002cfd,2026-01-24 03:00:00
eae375c6928fef10,2026-01-21 01:00:00
2193f69d918a96b5,2026-01-17 05:00:00
b62b58063dab44a5,2026-02-10 05:00:00
bd7779491aade2d3,2026-01-07 07:00:00
619919d1c5654677,2026-01-16 22:00:00
1334541eaf702112,2026-02-08 07:00:00
8e20d73086338a00,2026-01-22 19:00:00
3d0efd3c3f549084,2026-01-29 10:00:00
96f1434ee7b0ff81,2026-02-12 22:00:00
0357292ef5b2f19f,2026-01-06 11:00:00
35a7fb701ffe666e,2026-01-09 21:00:00
cc5746c8900a921b,2026-02-02 00:00:00
dafb2142951f103a,2026-01-25 05:00:00
905dc75fc9b7d93c,2026-01-08 05:00:00
030e7b7071b99432,2026-02-07 10:00:00
67f0c4d403e3c8eb,2026-01-25 17:00:00
694056a2775dc80f,2026-01-18 03:00:00
0bf835d3345cc073,2026-02-13 11:00:00
e63d101a2efd3cab,2026-01-08 14:00:00
79f0d7b42195a254,2026-01-14 23:00:00
2b8d2024ae436ac1,2026-02-11 18:00:00
90fb97691dd79b31,2026-01-30 21:00:00
766a80fa9937763a,2026-01-01 18:00:00
6218722edf987ec7,2026-01-30 00:00:00
b6b19415a880cdf5,2026-02-01 18:00:00
5d6b0f99b5b5b625,2026-02-06 03:00:00
c021bddec47d449b,2026-02-08 23:00:00
24b03b96bbbf70c2,2026-01-07 12:00:00
91b1c4fb66f68c2d,2026-01-08 19:00:00
8e17e2440d3a4ae7,2026-01-20 17:00:00
5806cb8856dc5069,2026-01-21 12:00:00
990b51409b2ae141,2026-02-10 22:00:00
d4ed9e3d2231743d,2026-01-13 20:00:00
25f1f2610cf510a3,2026-02-10 07:00:00
16d3f92a7f369bb2,2026-01-09 02:00:00
8655b8018dbf0ca3,2026-01-12 23:00:00
bba660ffb8ea1c7c,2026-01-13 15:00:00
d055f7e96845a3eb,2026-02-09 06:00:00
c34694aff7da678c,2026-01-30 11:00:00
766c48ab9598be49,2026-01-08 09:00:00
320ad9edd92cfac1,2026-02-08 12:00:00
3f40fde2890df81e,2026-01-20 17:00:00
fd1e8e6c358a0cf4,2026-02-11 05:00:00
ccff622d4ca00f59,2026-01-13 03:00:00
49fec45b0d3cd66a,2026-01-20 10:00:00
42e41bda6ba55462,2026-01-06 17:00:00
c8197fc6b8a1b743,2026-01-11 23:00:00
aa069b8fe265a72b,2026-02-13 14:00:00
b4ef816d586092b6,2026-02-01 02:00:00
d3668009255140b5,2026-01-05 03:00:00
463754484a62eacb,2026-02-07 14:00:00
a8c43cfba77bb9fe,2026-01-05 14:00:00
d90cb3917e83149f,2026-01-10 02:00:00
f6c1758db9ea050c,2026-02-14 06:00:00
50d2bc5f7fbeca92,2026-01-18 18:00:00
5d968aefc308ee3c,2026-02-03 13:00:00
7827b7c5286133fe,2026-01-09 05:00:00
54eda4e5d6875d58,2026-01-26 11:00:00
3e40dea9606ecc2b,2026-02-14 01:00:00
2e5bed951b08ac0f,2026-01-04 21:00:00
cc00ca410d0247bf,2026-01-06 02:00:00
fe82d15d32abb38d,2026-01-16 18:00:00
056e7f678e6af5fe,2026-01-24 17:00:00
0cc9c52153f68490,2026-01-14 08:00:00
c6636e040df0a566,2026-02-02 03:00:00
a187d3e4d91f3004,2026-02-09 15:00:00
7640c0080b363ec3,2026-02-09 21:00:00
7538bf29e4335bb9,2026-02-05 22:00:00
27d72f286ab5319a,2026-02-14 06:00:00
e8132a649e513d4c,2026-01-14 06:00:00
3448c61d5e2a5a0c,2026-01-03 22:00:00
2556a44fd1c8e395,2026-01-26 01:00:00
a621310d71488127,2026-01-21 06:00:00
a4110c4af4a03299,2026-02-06 13:00:00
609b16f7b8467a4e,2026-01-23 11:00:00
74ad6e8576326141,2026-01-12 03:00:00
8f5c8f4af2adf3f9,2026-01-11 02:00:00
02b547068d24a6cf,2026-02-14 18:00:00
f403d0c5ed6e3a1b,2026-01-23 18:00:00
b09ea7c34d705973,2026-01-29 20:00:00
02b3d36a7bea9cef,2026-02-04 23:00:00
12b40d479bd5b083,2026-01-09 02:00:00
24a47543b29c250a,2026-02-01 06:00:00
0d832fcbfb76a862,2026-02-06 04:00:00
f4a7657fb6f9cbbd,2026-01-01 03:00:00
218cb399cacc131e,2026-02-12 00:00:00
d2f9d5ac75315870,2026-02-11 13:00:00
17407328a40ca874,2026-01-03 01:00:00
dcd3198da6650725,2026-01-10 02:00:00
d5c1e4cc0557925f,2026-02-02 14:00:00
f9273a8c775949d0,2026-01-07 20:00:00
e5d8069c9c97ffdf,2026-01-26 20:00:00
b1fdb46b6a506abb,2026-01-26 12:00:00
d44c20c95a34c91b,2026-01-08 12:00:00
030dff81789d3d72,2026-01-01 02:00:00
7a26cc51e2ab9722,2026-01-13 15:00:00
48f91a4221d2a0ea,2026-02-13 06:00:00
a5371b28ac687e7d,2026-01-07 02:00:00
cde6fefbcefd83c6,2026-01-24 18:00:00
4949eff580e3f67f,2026-01-25 06:00:00
d2410c996d3b5a96,2026-02-10 09:00:00
c56d8b6ff7bee6fd,2026-01-12 04:00:00
f6dae1b9effad88f,2026-01-08 22:00:00
eb836069df2f3238,2026-02-02 10:00:00
d080e2fdbaa6f8e4,2026-01-16 07:00:00
5900ac49a2e4d1e7,2026-01-29 05:00:00
fc440c9e7d30eee7,2026-01-10 01:00:00
fef1c4ef3a75b151,2026-02-14 21:00:00
10fc7c3242a163bf,2026-02-07 15:00:00
51379ab7f05346a7,2026-01-02 23:00:00
23788c91965e79a7,2026-01-03 22:00:00
feb885de34eec83c,2026-01-27 14:00:00
a6f2789273e2974e,2026-01-31 12:00:00
868fdc1eef0c5e11,2026-02-09 02:00:00
61967dcc51026dac,2026-01-13 18:00:00
dde37c640b9635f4,2026-01-08 02:00:00
b0b93a04b2bf171e,2026-01-28 21:00:00
412e9e1636061f22,2026-02-14 01:00:00
0ff55fcefeb2418e,2026-01-01 09:00:00
12e2e09e143753f4,2026-01-12 05:00:00
649c8c2f2ebfcbce,2026-01-06 06:00:00
6eb197458efc7029,2026-01-08 14:00:00
7c57f43a48291e89,2026-01-22 01:00:00
5f48b00cbbc041e7,2026-02-08 21:00:00
defe1a4f1fc69dd1,2026-01-21 16:00:00
f7c4d2b70ddd6efa,2026-01-07 15:00:00
7179fcbc95558e0b,2026-01-14 02:00:00
9cccbadef127bdc4,2026-01-05 21:00:00
5ac7d6ec207b7c10,2026-02-10 02:00:00
e43a41e0d6004b73,2026-01-29 21:00:00
ab4e3d0d17d2aa48,2026-01-21 21:00:00
e8f0c4b5ace9fbe7,2026-01-13 04:00:00
e40a9a83fee9b3b2,2026-01-24 17:00:00
0b63e64da267f7c9,2026-02-14 18:00:00
84013b0889535559,2026-01-26 11:00:00
f7d41804b076515c,2026-01-23 09:00:00
535e7b0bf1500479,2026-01-06 20:00:00
fa10013c5b3d8a3e,2026-01-30 05:00:00
771335ae3a7ed990,2026-01-12 01:00:00
45cf0dfb0794291f,2026-01-21 04:00:00
10f05b1114d638c6,2026-02-07 13:00:00
32f3105ead6c1967,2026-01-24 19:00:00
03602291addf9fcc,2026-01-17 04:00:00
61692819fd0f9b76,2026-02-11 23:00:00
90a398c2ec095697,2026-01-12 07:00:00
ee1ce5a43482ed9a,2026-02-03 19:00:00
c4f6a055e8ca333f,2026-01-05 10:00:00
b124b1a899016a90,2026-01-12 06:00:00
ce76ab887a8cb3fc,2026-01-22 22:00:00
a1cd0c8ac57d6809,2026-01-11 02:00:00
f2c87ebc3e884dab,2026-01-17 14:00:00
0b39405f0eaa3af7,2026-01-20 18:00:00
eafa46c484d46833,2026-01-26 08:00:00
a2c0e5eab45086e4,2026-02-02 09:00:00
72d05633e0791d2b,2026-01-09 01:00:00
8ed312e18b2662eb,2026-02-06 23:00:00
55ad5d37f74c4b7a,2026-01-28 02:00:00
74b4084c4c2176fe,2026-01-25 03:00:00
d986c0095ff1023b,2026-02-10 08:00:00
4ee3b3bd2e0fea13,2026-01-06 13:00:00
976daf2ffc9f9bd7,2026-01-22 02:00:00
cf1bb41bb16ff0b2,2026-01-05 05:00:00
2aedf0b30a5248bc,2026-01-06 18:00:00
ef5fe59a2b3dbc13,2026-01-06 21:00:00
1d0a092f4b5fc6c6,2026-01-06 19:00:00
dcaab9b651fdb7dc,2026-01-23 03:00:00
7ab3a02a334b7647,2026-01-16 17:00:00
4284f6810bff1b81,2026-01-03 15:00:00
402470c43f57b86d,2026-01-05 02:00:00
3c3b950e50ed847e,2026-01-11 08:00:00
bec7ecf55d5d8f22,2026-01-11 09:00:00
2374477bf8ef9f43,2026-01-04 22:00:00
bd0871826b8504bb,2026-02-09 03:00:00
37d17926ada064f5,2026-01-20 08:00:00
9844eab102649c80,2026-01-06 20:00:00
742380a0d9bcdb0f,2026-01-15 13:00:00
bef3a9c7e0b9db91,2026-01-17 07:00:00
97b21b8e35e766e5,2026-01-05 07:00:00
26b1da22663fbc34,2026-02-04 20:00:00
a8d500ae1585d5ce,2026-01-22 00:00:00
c1014fee92cf0272,2026-01-08 17:00:00
2b0439dabe77173d,2026-02-06 23:00:00
546b3f2a2344f2ab,2026-01-02 21:00:00
bed46dfd36edbf6d,2026-02-10 14:00:00
4f9c8600385a8534,2026-02-14 19:00:00
9f22f824e69300da,2026-02-02 00:00:00
185fc664050b0fdf,2026-02-04 18:00:00
56338a135822a0ef,2026-01-22 07:00:00
55c7e7801a4d9eef,2026-01-03 16:00:00
7ea2f977230c43be,2026-01-21 22:00:00
420ba05417e0fa8d,2026-01-09 07:00:00
755b45db95b10dd5,2026-01-09 15:00:00
4177398c8a5e1ebf,2026-01-13 12:00:00
9728e8cf1da199b0,2026-01-07 00:00:00
bd22781aae39a86f,2026-01-27 14:00:00
9e812cad6de3913a,2026-01-15 14:00:00
436d08d3fd1d1675,2026-01-29 09:00:00
3980dda455279adb,2026-01-29 00:00:00
353ece4b32c08fb5,2026-01-03 12:00:00
4ae2bb0f814eaa57,2026-01-24 02:00:00
58d2e1776976ea80,2026-01-29 08:00:00
3f377abd6f9ec792,2026-01-04 21:00:00
fc5ff0bade6151a7,2026-01-09 22:00:00
60f86964b1e41be2,2026-01-07 20:00:00
a48e97d9964680f9,2026-01-23 10:00:00
b8742fa52ccb16b9,2026-01-13 08:00:00
9bfa2afbb7662d36,2026-01-03 00:00:00
22391b6986c8affc,2026-01-21 17:00:00
18211365ca5db727,2026-01-02 18:00:00
86d4db299b157ab9,2026-01-09 18:00:00
8cefbb5b2e12f5ab,2026-01-27 15:00:00
9a3c25adffbb94e9,2026-02-08 10:00:00
8774e9e38d28fa8b,2026-01-27 06:00:00
8e15ebd7b78ed304,2026-02-08 01:00:00
5c399adef8adfaff,2026-01-29 13:00:00
58f8c934ccb405a0,2026-01-01 17:00:00
e4a602dcef76d0a5,2026-02-02 23:00:00
d98b344b821fa432,2026-02-01 13:00:00
1b33f29d73395eac,2026-01-05 14:00:00
d92e3e9a1a811630,2026-02-05 17:00:00
c56fd4e71f6c2d9c,2026-01-01 01:00:00
6e5f2f0b55766a2a,2026-01-20 10:00:00
01b1b8768b36f463,2026-01-29 23:00:00
36bdc57b406e7711,2026-02-05 04:00:00
5e45b8b980ea0709,2026-01-28 14:00:00
e426dd30525032a0,2026-01-27 06:00:00
f723968afb658dd6,2026-02-04 00:00:00
d9d40c2d7ee70014,2026-02-13 15:00:00
8fcbde333e2006eb,2026-01-01 22:00:00
0600a092191ff16e,2026-01-01 05:00:00
b4fe7ffa8f12e1f7,2026-01-07 20:00:00
77fc45dd9d4c1432,2026-01-02 04:00:00
8995fb64c3be8a9e,2026-01-07 01:00:00
a76b0efa7819e60b,2026-02-10 05:00:00
d1c744cb9bfbb445,2026-01-17 05:00:00
f45dbdf2b26bcc06,2026-01-20 19:00:00
72db3bbcd9ba3b6e,2026-02-12 18:00:00
8812f9d522bb9a31,2026-01-02 14:00:00
998cebe2a08313e4,2026-01-04 03:00:00
becdbe04e29fb2b7,2026-01-01 15:00:00
c9d335f787f9a463,2026-01-30 12:00:00
08a8af602051ace3,2026-01-03 10:00:00
718a90819549f833,2026-02-06 07:00:00
bf30245bee35637a,2026-01-21 21:00:00
9f2080fe67f890c4,2026-01-14 03:00:00
47a90918c31ca233,2026-01-29 00:00:00
5f3a3f7ac9185a36,2026-02-01 01:00:00
7a23fb884ed4c069,2026-01-27 08:00:00
19412c319715ba40,2026-01-24 00:00:00
ff482d7ac08ed2a5,2026-01-08 14:00:00
8bc16f1914fd3c39,2026-01-01 04:00:00
fa54e176b26ad77b,2026-01-21 23:00:00
4f266f4d0f238b0e,2026-01-30 02:00:00
9705dbae24020057,2026-02-07 17:00:00
5da65cf1a4e00a88,2026-01-25 01:00:00
c8fff756b1dda035,2026-01-07 10:00:00
2f514fe195ab56f0,2026-01-20 21:00:00
d8bcd9116d2fe0b1,2026-01-31 21:00:00
e65910532aca5c28,2026-02-02 21:00:00
2d6a22e358a3432e,2026-02-14 23:00:00
0997f352e163dc9b,2026-01-18 04:00:00
23fba58e5df92738,2026-01-26 00:00:00
8d790ac7fc5dd013,2026-01-28 14:00:00
3c1b5f850ad1e0eb,2026-01-02 02:00:00
154dbc4a881c5d94,2026-01-26 10:00:00
93b7b9d1a71e2c96,2026-01-08 02:00:00
00c4a6c5b68353b4,2026-02-04 11:00:00
da526377fdac19ee,2026-01-31 20:00:00
f6327bd6d35515ad,2026-01-28 21:00:00
64c0f2e4afe2cddc,2026-01-23 17:00:00
d5cd121c8ce6d171,2026-01-06 07:00:00
7acd30fb29d17016,2026-01-04 23:00:00
077d387f683e17cf,2026-02-13 13:00:00
2f1f4d58e0a1b356,2026-01-16 11:00:00
cf8208e650b67cd4,2026-01-06 16:00:00
4537979355c9ba40,2026-02-14 00:00:00
9a9403a0b56b5016,2026-02-10 12:00:00
930e162ea10bf73e,2026-01-13 13:00:00
ac0f505b50c49b85,2026-01-02 19:00:00
8e4d0f9a6db475b1,2026-02-03 10:00:00
de2f49ad0412cbf1,2026-02-05 17:00:00
10d778d5f2c1654a,2026-02-02 11:00:00
66c17adb95ba69ec,2026-01-25 08:00:00
72657c654ca13e7c,2026-01-07 23:00:00
4700a31d18f4730c,2026-01-24 00:00:00
79350edfc7a53b1d,2026-02-12 04:00:00
bffef16682956f5d,2026-01-31 11:00:00
5ae7282ba69dc4b0,2026-01-31 04:00:00
2eb9a73b73e97c7a,2026-02-07 00:00:00
fb991d694368a9ea,2026-01-30 06:00:00
d1298bea40578f3b,2026-01-12 11:00:00
c803a39e4340b0ea,2026-02-04 16:00:00
818b64034b430b66,2026-01-20 17:00:00
3c3c34ff0ff9d1b9,2026-01-29 23:00:00
6ebecda1f6b80c52,2026-01-02 09:00:00
5bbf990aee900e30,2026-01-21 06:00:00
1464ae1cb020f20a,2026-01-28 08:00:00
9d1c67f7f12d100e,2026-01-02 08:00:00
c4433ecf9fdf197c,2026-01-15 13:00:00
75037a1f0780def8,2026-01-17 00:00:00
0626562600865b87,2026-01-21 11:00:00
edca65cd6ebc0968,2026-01-17 03:00:00
bfe08499f826e630,2026-01-29 01:00:00
97066673b18ff5c8,2026-01-28 08:00:00
9a0eb9b9e88b762f,2026-01-06 12:00:00
e49c46ed55b34b7e,2026-02-14 07:00:00
8b83a1b9fb55c08f,2026-01-29 18:00:00
bfbf55ba8e5f02c2,2026-01-21 22:00:00
6393019f56038f6f,2026-02-13 05:00:00
28275355ed236813,2026-01-04 14:00:00
c34b0873dea1b3a7,2026-02-01 03:00:00
1dea033b9dc84568,2026-01-08 08:00:00
469de0caec64744c,2026-01-16 23:00:00
6b45daf4be2e4a55,2026-02-07 16:00:00
ddbda5796e1beb78,2026-02-04 08:00:00
d6154e18f04717cd,2026-02-07 17:00:00
2207749b2c319f8c,2026-01-25 08:00:00
1fd3bb77584496e1,2026-02-13 08:00:00
ea56293b9bf26de0,2026-02-01 08:00:00
d956cf4f59badfda,2026-01-15 13:00:00
ff976dca061b40dc,2026-01-20 20:00:00
6e5a34c437a888f4,2026-01-08 10:00:00
5e07ea8cd86bcec6,2026-01-21 23:00:00
a52424e7722e26f8,2026-01-08 08:00:00
9128485a93592f3a,2026-02-11 00:00:00
fa5f42a31c1e7ac9,2026-01-19 21:00:00
5502e7efbcaa02fa,2026-02-07 21:00:00
7f43ae94d115049e,2026-01-14 19:00:00
6d159a7d0371ed15,2026-02-13 00:00:00
762405a3df5b300c,2026-01-14 15:00:00
a74e3071d581fd32,2026-01-14 10:00:00
9c26c8d0c9ca383a,2026-01-30 04:00:00
68d5f8cc91ae013c,2026-01-31 06:00:00
499441093cca4427,2026-01-22 12:00:00
6ecb0115439ca694,2026-02-04 19:00:00
d3baca1b13e942ba,2026-01-14 12:00:00
dc6e6c9355ad1089,2026-01-15 08:00:00
62494af9b93a3d73,2026-01-03 14:00:00
4ce866f804593362,2026-01-24 06:00:00
12de6ea071e46a3d,2026-01-29 11:00:00
d9723bfd810c29ca,2026-02-08 10:00:00
4aa1192a047332ff,2026-02-04 05:00:00
11353672fab5c9e0,2026-02-07 18:00:00
a8c09813947c2d98,2026-01-28 04:00:00
d8d4e01d90f08cb0,2026-01-27 16:00:00
c61500a98724d3f8,2026-01-05 13:00:00
cfc65dd6a380d295,2026-01-09 20:00:00
944dcbf2215a4663,2026-01-02 23:00:00
5d529aed73d11337,2026-02-07 17:00:00
4826138975e87e6e,2026-02-11 04:00:00
3a6b80914c3eccd9,2026-02-02 15:00:00
445e53d3b30fac6e,2026-01-27 23:00:00
5721cbaba0c27df9,2026-01-11 12:00:00
49eb26df37e1cd2c,2026-02-02 12:00:00
4b8682275b8e4f78,2026-02-09 00:00:00
42a6be8dc643cd0e,2026-01-19 09:00:00
6db2a811e0773190,2026-01-15 12:00:00
8403cfd4b35350b6,2026-01-09 08:00:00
8db51edff5a63658,2026-01-06 06:00:00
bdd91a907d6955d6,2026-01-31 03:00:00
d2fd915d23915e50,2026-01-28 15:00:00
106fefac2193b840,2026-01-27 13:00:00
56d2c1f4d4e2a01e,2026-01-12 21:00:00
b9e6449f27bdc91d,2026-02-08 22:00:00
91663d6c4ff2a552,2026-01-04 15:00:00
8d455dfbb77fc4a6,2026-02-04 08:00:00
ece10f5bca6ad2db,2026-01-18 22:00:00
2667999e3f0eb4f4,2026-02-10 21:00:00
67787d2c556166ed,2026-01-21 14:00:00
28c75455fdb9b08d,2026-01-14 21:00:00
514e54b24586f853,2026-02-11 19:00:00
9d90f49bafaec786,2026-02-05 13:00:00
8f7fcb84ac12e7ff,2026-02-14 11:00:00
18a8499a1d376410,2026-01-31 03:00:00
b9473c0937e94dc5,2026-01-24 22:00:00
dd6172e9afef287a,2026-01-10 14:00:00
31c8ef6dfcbead7b,2026-01-06 02:00:00
79d7cf5d903a0f80,2026-01-01 16:00:00
0deff123d0bf08fe,2026-02-10 15:00:00
3a507e882db6d482,2026-02-09 03:00:00
1597273792f1febe,2026-01-05 12:00:00
3cca42297f133370,2026-01-07 14:00:00
26cbd07de66a22e2,2026-02-02 10:00:00
9d5289e02efa7a77,2026-01-19 20:00:00
76dfe98a22df27d0,2026-01-01 22:00:00
09767fa46832fc2a,2026-01-10 15:00:00
bede5b4c47ae63cf,2026-01-13 23:00:00
397965e2510b4657,2026-01-26 21:00:00
ec2c39a57bd83e94,2026-01-20 01:00:00
13d6286c9a2ee191,2026-02-02 14:00:00
1b99b4494452cbdc,2026-01-05 16:00:00
92eafe7fa70f679e,2026-01-20 03:00:00
2e24073592d655b1,2026-02-10 04:00:00
6e5a2ebf013df1bb,2026-01-09 08:00:00
07ba81aef54ca207,2026-01-14 21:00:00
cebeb1d1b47d69eb,2026-02-07 00:00:00
0f02b5cea0aeaa31,2026-01-26 10:00:00
ba88c6671398607f,2026-01-28 12:00:00
0eba3594f04a4944,2026-01-30 09:00:00
931c9165976fed0c,2026-01-06 13:00:00
61c42c9942e65dd1,2026-01-15 07:00:00
fa324f86d64c2e35,2026-02-14 21:00:00
cb97e90d1031af88,2026-01-21 16:00:00
d9ce179afbf7a9fc,2026-02-13 04:00:00
e1b9bb4861df2396,2026-01-25 11:00:00
c7638f7b28a80e76,2026-02-05 03:00:00
4ba7fefb36166883,2026-02-03 14:00:00
d7afb5b6664a44a3,2026-01-24 19:00:00
d84bc8c2cb037728,2026-01-30 05:00:00
24f66126a4ad10fa,2026-01-08 11:00:00
b36212db98198cca,2026-02-06 16:00:00
6bcb5420389d85d7,2026-01-08 16:00:00
0424777944c802fc,2026-02-14 08:00:00
214b3acdd7b7a889,2026-01-11 03:00:00
46d62e819f9a8820,2026-02-11 17:00:00
ddbfdcf2df7b89d9,2026-01-15 23:00:00
f826b3cb2f56fddb,2026-01-27 11:00:00
78c6e09caf7d9226,2026-02-12 12:00:00
aca49127be4d017d,2026-01-22 00:00:00
adfefc641c6cbe02,2026-01-06 19:00:00
4ff25877dc7a3bda,2026-01-05 16:00:00
bade295c6bc12a17,2026-01-05 15:00:00
d39fda5c2991c5ff,2026-01-18 12:00:00
24bc53dd9d64d2dc,2026-01-16 10:00:00
b84037fa674dac26,2026-02-02 17:00:00
4ebb9b44ee24fd73,2026-01-11 04:00:00
06869da6a7c4afa5,2026-02-06 16:00:00
8de1e2ff0014771e,2026-01-20 21:00:00
a1518ecd8ba7090a,2026-01-25 17:00:00
5b2e43731db16a42,2026-01-22 00:00:00
088e5f6f7f90d9a2,2026-02-04 02:00:00
a1ba63a34d3550a5,2026-01-28 12:00:00
b2cc3ede6216940a,2026-01-25 06:00:00
05614ad01f485a50,2026-02-12 03:00:00
1b89e0b658feb093,2026-01-18 13:00:00
88443c68bdb44cbb,2026-01-30 20:00:00
efe54cf04044d305,2026-01-16 06:00:00
742c6a0120c8e33e,2026-02-01 11:00:00
0f978d86ed93719e,2026-01-28 06:00:00
84beb2e3425f25cc,2026-01-22 11:00:00
0f464daeea0668e7,2026-01-22 22:00:00
2fd98e1d32337175,2026-01-21 21:00:00
a0a9afaa4b9c647c,2026-01-26 03:00:00
015f95255459932f,2026-01-11 22:00:00
bf94f0eead04e107,2026-01-18 03:00:00
e18c02719f6814dc,2026-01-18 18:00:00
050db1dc3a3ac8c6,2026-02-03 15:00:00
4361cae11913cfc8,2026-01-09 02:00:00
3dd8203b5982c082,2026-02-01 21:00:00
3684ba9f7f1e88b5,2026-01-13 23:00:00
17d2d0dd5fd7a035,2026-01-30 13:00:00
af8a0324589c15ba,2026-02-04 01:00:00
71048c4de6fff4a4,2026-01-10 01:00:00
572284193c6716db,2026-02-04 13:00:00
365997293d95d3d9,2026-01-14 23:00:00
886cebeb268b3e34,2026-01-24 22:00:00
261325da0191d94b,2026-02-08 21:00:00
66805497941970f4,2026-01-27 06:00:00
1f97684dfca1ab83,2026-01-27 17:00:00
d8e4666b20d8fdba,2026-02-13 19:00:00
ab826a125518a3d2,2026-01-06 09:00:00
299a3de1a4973c8b,2026-02-12 19:00:00
6eaa70ea8ec8b457,2026-02-07 16:00:00
46f9d43ed0d609f9,2026-01-29 12:00:00
1056e90ca4202376,2026-01-13 14:00:00
63e55ff5f29e2503,2026-02-11 12:00:00
03a459f6792bed91,2026-01-22 08:00:00
0524aa1899bebd48,2026-02-09 23:00:00
094532036d7600cb,2026-01-03 12:00:00
b5aa027d69f9b2a7,2026-01-19 00:00:00
11a11e4dbec4a982,2026-02-03 23:00:00
1eddb3407dc7db4b,2026-01-04 00:00:00
d6a88be678a332d2,2026-01-21 02:00:00
1b031f184a9add9d,2026-01-21 09:00:00
6d7fcef2286192b4,2026-01-22 14:00:00
63999600d8d88353,2026-01-08 12:00:00
932212221054a2f7,2026-01-20 18:00:00
bfc9e30b4564d4ee,2026-01-13 23:00:00
0971ed01dc82be15,2026-01-14 17:00:00
53af672fe57703a3,2026-01-07 10:00:00
06ce5e6f435580ad,2026-01-30 04:00:00
ab222de5067955c1,2026-02-06 11:00:00
dc7d4c9d63a6457d,2026-02-06 23:00:00
ed2d119839e4069e,2026-01-21 09:00:00
1fd6c0f0d81c96c8,2026-01-01 07:00:00
1c96cc3deb2794d7,2026-02-04 08:00:00
e4d1aae83d379891,2026-01-27 07:00:00
7ad1753fe98e2a4b,2026-01-07 11:00:00
0ab898e2a7242fcb,2026-02-14 14:00:00
954a6ecad965548c,2026-01-28 12:00:00
32a4cd3a00a14d98,2026-01-24 19:00:00
10651ae586fd9bcc,2026-01-16 10:00:00
86acef07af4d270c,2026-01-24 04:00:00
ce6b10f59dad8ea1,2026-01-26 08:00:00
1e9a146f2fd3ff50,2026-01-12 22:00:00
2126289d2ab6576b,2026-01-03 13:00:00
1cc3b95914b2707d,2026-01-09 07:00:00
0528655311579983,2026-02-08 09:00:00
316a2142f43b54a3,2026-01-29 03:00:00
a9fd61166dfe286f,2026-01-18 19:00:00
c6d6579e873f91b7,2026-01-28 05:00:00
6eeb7728c728e22e,2026-02-09 05:00:00
65828dc09f8fa816,2026-01-24 23:00:00
8ab5f1b2c8c5a729,2026-01-09 16:00:00
712a94043056d5f0,2026-01-10 10:00:00
3bf71d3167feef3e,2026-02-12 11:00:00
2cda28183504ae92,2026-01-08 04:00:00
e0338966f6b4e10c,2026-01-27 00:00:00
d586abf7be779c59,2026-02-13 21:00:00
ccbd2008dbad4713,2026-02-11 14:00:00
04a33808c607f31f,2026-02-14 10:00:00
b9274633876325fe,2026-01-02 14:00:00
39060a5bafab19e5,2026-02-04 21:00:00
c032f5a2b3309310,2026-01-12 08:00:00
f1afae27c0b474ff,2026-01-01 00:00:00
dc4861bb70683439,2026-01-01 18:00:00
923229458e8440f7,2026-02-12 23:00:00
1ffd3a914fd97e94,2026-02-08 14:00:00
53cea3eb3033f363,2026-01-05 07:00:00
035ed5e0bbb18f37,2026-01-28 05:00:00
1b562bdc78433c20,2026-01-25 13:00:00
cb6906583c3ed53b,2026-01-26 03:00:00
473aff56f6719dfa,2026-01-03 17:00:00
82a078035237ad7e,2026-02-13 13:00:00
82625c1082d09834,2026-01-28 13:00:00
1343326fd7536b29,2026-01-03 00:00:00
6d9f433aab8ae6de,2026-01-20 18:00:00
0843cd50b4ee79ce,2026-02-10 07:00:00
0feb1016575cdc86,2026-01-04 23:00:00
e2478ae62e783343,2026-01-29 04:00:00
60a292b961903d3c,2026-01-05 14:00:00
e296de99f0704abc,2026-01-26 03:00:00
120cdf125d430eab,2026-01-27 14:00:00
b40b8067f906a0d0,2026-02-06 00:00:00
98f1efb6ba6cb8f8,2026-02-02 22:00:00
8c38d17cdbb772d3,2026-01-12 10:00:00
dd7326b0e2023633,2026-01-09 21:00:00
c5db459e8c91ee12,2026-02-06 17:00:00
bb60565ff7f739b6,2026-02-14 06:00:00
3381b3fada857df1,2026-01-16 21:00:00
210a1e06a2cee599,2026-01-16 03:00:00
e24154679a22aadf,2026-01-19 13:00:00
971129d0f8608f59,2026-01-27 02:00:00
260176ae71604b44,2026-01-25 17:00:00
de9cfc97f48defd3,2026-02-11 00:00:00
4040dfaa0e93ab15,2026-01-15 22:00:00
e85686cb8432a30d,2026-01-10 09:00:00
6c3e39a8d9fd203a,2026-01-06 14:00:00
7fd78ff41db3be5e,2026-01-24 13:00:00
c26f443f47c5809d,2026-01-05 04:00:00
af9d9d24937b1b42,2026-01-03 01:00:00
5d488d94b4af87b9,2026-01-13 23:00:00
c85e14147d88ea3b,2026-01-17 00:00:00
c865db6bec2eb9b0,2026-02-13 14:00:00
f717a673c5520164,2026-01-26 00:00:00
847a0bd6316128a8,2026-01-20 02:00:00
303f50031ff805e5,2026-02-04 14:00:00
10c27dd567d407bd,2026-01-05 21:00:00
e462936dfca3c553,2026-02-04 05:00:00
f350e2c8fe936926,2026-01-07 08:00:00
4d5f7d4d09feea52,2026-02-05 14:00:00
a4f2a82ea262190a,2026-01-22 11:00:00
ea6aae73135bbeb9,2026-02-12 16:00:00
b4ad73c2d0c47ef7,2026-01-18 11:00:00
e5c2b9c62b19fb9f,2026-01-14 19:00:00
2c88beaa2accde1f,2026-01-21 06:00:00
dd727bc72c113495,2026-01-29 23:00:00
bf3a5cbca2a642c2,2026-02-07 02:00:00
1383ecaaa326fa78,2026-01-06 09:00:00
4c42705209cd2f4d,2026-01-09 15:00:00
360e04a5681e5f65,2026-01-22 01:00:00
2da3c62d08701063,2026-02-07 16:00:00
1669bd134c1420f0,2026-01-10 06:00:00
7e3f20aa7c369ae8,2026-01-31 06:00:00
f7ece89baec35be8,2026-01-23 23:00:00
4c87513533dd8256,2026-01-30 00:00:00
a121ed611c84079d,2026-02-14 19:00:00
a21554caaa172f67,2026-01-30 07:00:00
479b34af96f542cc,2026-01-28 17:00:00
3afff1ac24c6ad20,2026-02-13 17:00:00
9892f97a01f57f92,2026-01-21 03:00:00
7df64f5b698eb868,2026-01-03 00:00:00
5dde48e548fa7a5a,2026-01-16 21:00:00
069aa4c177391bd9,2026-01-12 14:00:00
fe6ce85bae3c864b,2026-01-09 11:00:00
17846f0be1f2cbe2,2026-02-06 18:00:00
b610b041f9b84684,2026-01-10 04:00:00
cd697f1288e92ddb,2026-01-15 22:00:00
4369e32af9a527b1,2026-02-09 12:00:00
2348a7bdb123e915,2026-01-16 08:00:00
6e27b9c1c9ec8a56,2026-01-09 09:00:00
39c61570c334b527,2026-01-07 15:00:00
af1a613122906275,2026-01-10 18:00:00
d542b9a1b866f9ab,2026-01-05 12:00:00
db944e39e05ac47e,2026-01-23 17:00:00
e197989298b11927,2026-01-06 23:00:00
eb877c796cebefb3,2026-01-28 03:00:00
e1aa464c7b9c805a,2026-01-23 23:00:00
c3ba3d35c3cbe234,2026-01-04 18:00:00
66ab71733885e3f4,2026-01-10 19:00:00
0c0a229ded78e60d,2026-01-07 09:00:00
8d3a9a6b9f75c409,2026-01-23 18:00:00
20fed2367564aed6,2026-01-02 06:00:00
72b650b4d7a67348,2026-01-13 06:00:00
a2721c0cb97a923a,2026-01-19 20:00:00
3e2f3a1228df5ceb,2026-01-23 09:00:00
a2e1cabd5c7a02cd,2026-01-20 22:00:00
df0f13ac030a40d4,2026-02-03 05:00:00
01775c46ebe6a817,2026-01-12 15:00:00
79d11cad700d8a20,2026-02-02 19:00:00
2aa2be649ccb5210,2026-01-06 23:00:00
d1112cc544878585,2026-02-10 13:00:00
d1bbaf55791b7bb9,2026-02-07 14:00:00
926a262ca60ecc61,2026-01-14 04:00:00
089f2b8cd80e1229,2026-01-31 18:00:00
d233e8bb8228ac40,2026-02-04 19:00:00
d4bf68bb9a6140d6,2026-01-21 11:00:00
5066a8f24bceab84,2026-02-05 17:00:00
077fc1fef2fefa58,2026-01-30 20:00:00
a6e81f119648573a,2026-01-25 21:00:00
86ebbd53746f0a9a,2026-01-18 18:00:00
da18887857695ec8,2026-01-21 18:00:00
1314977684f6894d,2026-02-11 03:00:00
ae0c53af83919f2a,2026-02-14 21:00:00
61df237b13adb2eb,2026-01-18 02:00:00
61e8460ab5f56872,2026-01-29 21:00:00
a5bdfeccf7a03610,2026-01-24 17:00:00
adbec85497a567f4,2026-01-30 18:00:00
d1a254967354075d,2026-01-23 22:00:00
0341cec08ecf1d0b,2026-02-14 12:00:00
865774ce08037b03,2026-01-19 21:00:00
cb99726e352cfd9c,2026-01-12 09:00:00
ef93f3cb3d0a5084,2026-02-07 23:00:00
a848be0c4865fdef,2026-01-17 02:00:00
9a66d5ce97e8e810,2026-01-29 11:00:00
d11348b865ae920e,2026-02-14 12:00:00
20704577b053d355,2026-01-27 00:00:00
646660fc0c54ead0,2026-02-12 17:00:00
ccbdd3c1cf2e3707,2026-02-03 05:00:00
63b4e5c389e3760d,2026-01-05 01:00:00
f35a6c36846ba205,2026-01-30 09:00:00
af1b7ce0171d7246,2026-01-01 17:00:00
e2648e8b01472a4d,2026-01-07 22:00:00
aa833b1fa3ac742e,2026-01-11 04:00:00
cfb49cdd291c474d,2026-01-23 21:00:00
65161537a18023f4,2026-01-04 09:00:00
2c644f1b15a17dab,2026-01-11 06:00:00
40f84fe2b26fc9e4,2026-02-10 19:00:00
3bae9bbf10cdae67,2026-02-08 13:00:00
35eb6b1cf404bbcc,2026-01-20 13:00:00
e49438a34c1a24cd,2026-01-29 03:00:00
aa1032af1edf3a7f,2026-01-17 06:00:00
ec8dfd3936ce58a1,2026-02-04 09:00:00
3f81858ba376b97a,2026-01-31 06:00:00
aaaf182454bc161d,2026-01-02 06:00:00
74d2e9f5235affca,2026-02-09 19:00:00
aed7999296aac9b0,2026-01-19 04:00:00
2ff4ec695dde45e5,2026-01-07 07:00:00
6c80889093b55925,2026-02-14 08:00:00
3cfc31a768d1fd4a,2026-01-01 04:00:00
9a11b12f212ec531,2026-01-10 21:00:00
f878d8ff3b46952d,2026-02-01 06:00:00
0a7386b91f9d6953,2026-01-11 00:00:00
0f2b4ce57874dee8,2026-02-08 03:00:00
5c8da073b8dd4e23,2026-02-01 17:00:00
08c296cd09ed4420,2026-01-08 16:00:00
1527738670324d0f,2026-01-29 07:00:00
e68bb1375363c3e6,2026-01-28 15:00:00
22effa6ba05e498d,2026-01-16 07:00:00
e438f2b24ce31733,2026-01-23 13:00:00
1e181eb656788942,2026-01-04 07:00:00
84967835b66c3b42,2026-01-01 18:00:00
934639a7be9269b2,2026-01-27 07:00:00
0c4b071622652273,2026-01-03 19:00:00
a9a7c70f2a008138,2026-01-24 20:00:00
d27f6a494213896b,2026-02-01 02:00:00
067d7875e902095b,2026-01-04 17:00:00
82e0c67672ce560b,2026-01-24 08:00:00
faa77a399c294158,2026-02-09 15:00:00
3b6d6e7404a4a716,2026-02-12 02:00:00
822adb2f8fac9d69,2026-02-13 02:00:00
69571d71dc8b562d,2026-02-13 20:00:00
bf3c4d67dc56fda1,2026-02-07 19:00:00
bbde89d7c75a762c,2026-02-06 23:00:00
588c9d1f3984ce34,2026-02-05 11:00:00
3f432fde1c2a81cd,2026-01-06 16:00:00
1af0fef43c1e3c1a,2026-02-12 11:00:00
d2ff3af9c2af43a6,2026-01-17 17:00:00
86a7abc5edcc4dd4,2026-02-07 03:00:00
32f4d4ffc8cbc18a,2026-01-28 07:00:00
472f5dfac5296403,2026-01-04 23:00:00
1ba6ac6329367459,2026-01-24 20:00:00
936299fc12926cee,2026-01-12 21:00:00
6bbebc2021dddfb8,2026-01-17 17:00:00
d8414060f0c5a76b,2026-01-03 19:00:00
f6e03195da5e9538,2026-01-17 02:00:00
856c6d34d5290f73,2026-02-06 03:00:00
2161b61457f141bf,2026-01-28 05:00:00
54e53da6756d55bf,2026-02-03 17:00:00
b59ae4a0fa670811,2026-01-18 01:00:00
b5fff26ffc4bd223,2026-02-07 08:00:00
95a333e389493da6,2026-01-03 05:00:00
1175f475a80320d7,2026-01-22 17:00:00
386c0eb1aeee63ec,2026-01-09 19:00:00
6fcd8bfaede9e0d8,2026-01-17 11:00:00
ce729ddc99aa33b4,2026-01-29 14:00:00
546e2a8d58d80cf8,2026-02-04 19:00:00
9e2a54c2a02d932f,2026-02-06 22:00:00
3ac66d8ca031e75b,2026-01-17 05:00:00
bef33f3b0af3e684,2026-01-02 07:00:00
f47c7d2f20fece9d,2026-01-29 08:00:00
23a05fd13d284152,2026-02-03 05:00:00
25c5a034d54ada76,2026-01-10 03:00:00
a1db6ba47cec6e22,2026-01-22 15:00:00
a32cec3145fad418,2026-01-26 01:00:00
e766b984e2efa126,2026-01-18 12:00:00
06ac797eba94bb1e,2026-02-11 10:00:00
407871cd1692ed5d,2026-01-09 01:00:00
d9a48084f08ea9d3,2026-01-08 03:00:00
03e33f6699157def,2026-01-16 10:00:00
8b447d91c3261c9c,2026-01-20 06:00:00
0fcf5878ca60f52b,2026-01-09 17:00:00
0a9e960aadf4dc86,2026-02-13 08:00:00
9c0b817d3ee1b184,2026-01-13 04:00:00
798efd6128ed75e4,2026-01-15 20:00:00
98df6af434422fc1,2026-01-13 17:00:00
67fc047e726b4778,2026-02-10 21:00:00
1867ef20dad22fb0,2026-01-08 17:00:00
c43ed1a18b15e5c4,2026-01-17 06:00:00
49d628f7025bdae0,2026-02-12 14:00:00
961bbfcc7c08dc28,2026-01-17 18:00:00
e344da483fb82403,2026-01-14 22:00:00
09ace562298c1339,2026-02-11 20:00:00
17caeb4ea30178a3,2026-02-01 01:00:00
91e15159d20fbbb5,2026-01-24 03:00:00
86e4aaa39eb81ba8,2026-01-10 12:00:00
262d3633b3b802cd,2026-01-23 09:00:00
f9ec7280ffe28be4,2026-02-05 17:00:00
d10b11bdf712e494,2026-01-04 17:00:00
790e48cf2dcc1cf4,2026-01-06 07:00:00
fc13913ef399fe44,2026-02-10 10:00:00
c1d88c8c5dde36ed,2026-02-04 03:00:00
0e13f22c82f38f2f,2026-02-03 20:00:00
9bcce00371d14594,2026-01-08 06:00:00
d767d103f27120de,2026-01-16 10:00:00
3da3edd6bb2cef47,2026-01-16 05:00:00
3e9a95d901771f60,2026-01-13 14:00:00
6a2f439fd2c6cfbe,2026-01-06 11:00:00
e9011b093929107e,2026-01-23 09:00:00
b2e153c5ed8967e4,2026-01-31 00:00:00
19a9b6e372145c5b,2026-02-13 06:00:00
ba5f48b9db05acc3,2026-01-15 05:00:00
8857dc25d510d9a8,2026-02-01 15:00:00
7d71c7f55fa1bd63,2026-01-22 04:00:00
96d11df322bccd6e,2026-02-05 02:00:00
61efb803fbb0cf3e,2026-01-19 13:00:00
c73fcfabf27e4d5a,2026-02-04 17:00:00
5bb33f98923c50ec,2026-01-30 04:00:00
25c9f01333a28066,2026-01-27 03:00:00
35b21ba6b650cc72,2026-02-13 08:00:00
6a04309ac59283f4,2026-01-25 05:00:00
d93429913bac1926,2026-01-23 10:00:00
fcf0ba2d981dc6e0,2026-01-03 17:00:00
351d1e223b5164d2,2026-01-04 02:00:00
0401ef28f93f8c8a,2026-02-04 02:00:00
57ee7ed74fba265f,2026-01-27 10:00:00
495f8b27d6e287ee,2026-01-24 10:00:00
e4d7781ed889d69c,2026-02-03 19:00:00
b60d08e643dcbb48,2026-01-06 22:00:00
0d3aaa95ad637b49,2026-01-01 18:00:00
cd9a3bb822069d9d,2026-02-07 20:00:00
40ad67f46aa6575e,2026-02-05 18:00:00
caaccca5c7c1f8cb,2026-02-07 15:00:00
aa143a7e2945fa9e,2026-01-30 08:00:00
cedd052a5f116819,2026-02-05 10:00:00
cc0f679880b5dc5e,2026-02-13 01:00:00
78ddcae7e227ce6e,2026-01-24 05:00:00
0df726a92d5735ef,2026-02-03 00:00:00
162a42399e38317f,2026-02-05 14:00:00
2d09ec738769eba3,2026-02-12 11:00:00
dd6c926b55aa6b13,2026-01-10 07:00:00
166212bec3f10961,2026-01-11 22:00:00
395d72fbe28b48f2,2026-01-09 10:00:00
d80e5b3b42d26a1b,2026-01-30 18:00:00
dd55edefed47bb83,2026-01-06 16:00:00
925c12d45c920cbd,2026-01-11 15:00:00
6013e6a4d0c70dd1,2026-02-11 23:00:00
e449c902f6ee0b9a,2026-01-07 15:00:00
9f26fd7c157eb270,2026-01-13 09:00:00
9eb35850ebb44f4e,2026-02-10 03:00:00
146717c07db2989b,2026-01-18 23:00:00
c4554dad2dd023da,2026-01-17 10:00:00
de1ad9ac76156790,2026-02-12 22:00:00
2227b3cb1bf9e0fb,2026-01-19 01:00:00
c7492720c33637bd,2026-01-17 18:00:00
758199d81714ddf6,2026-01-21 05:00:00
6329e4b1196501a0,2026-02-06 15:00:00
1ac5ee29931bf901,2026-01-10 13:00:00
1e24d2f5ef4df52e,2026-01-03 16:00:00
0e84dcbfc0d02b7a,2026-01-10 12:00:00
090411466b567b0e,2026-01-27 19:00:00
5097ba8c667f5629,2026-01-20 03:00:00
8c412e82c788bb13,2026-01-16 16:00:00
82020076d37cc27b,2026-01-30 19:00:00
d8961503a839a5ba,2026-01-21 14:00:00
9fe15437382a3668,2026-01-15 18:00:00
739efc5de5faf67d,2026-01-02 00:00:00
eaa633a4cabb575d,2026-02-03 21:00:00
d047714c49e7c715,2026-01-18 20:00:00
37c2ca10bcaa944c,2026-01-14 11:00:00
a359c0dd358aec0a,2026-01-23 23:00:00
237c45ae6cf1543d,2026-01-25 02:00:00
df25f0b2f626089f,2026-02-08 08:00:00
6eec61c5332ce4bf,2026-01-30 20:00:00
7744b4c124e7dc89,2026-01-21 08:00:00
9ec7642c5c038bbb,2026-02-14 22:00:00
5cb95eabfe3f4627,2026-02-13 20:00:00
86527fd6faa13ede,2026-02-08 12:00:00
97c50b62417cf3b2,2026-01-28 02:00:00
b6119272663f8a4f,2026-01-14 14:00:00
7b2d098ebf26a63c,2026-01-19 10:00:00
cc68904f5b88cd41,2026-01-29 02:00:00
b4f2afafd112dd00,2026-02-01 20:00:00
8d1c5b5cd7d297bd,2026-02-06 07:00:00
fe2c11df808b5a44,2026-02-13 10:00:00
69153893802b1161,2026-02-01 11:00:00
658868d4f4625d0b,2026-02-12 06:00:00
a072ff5bac479945,2026-02-14 06:00:00
de43e2cc1232400c,2026-01-12 11:00:00
62358a51f0441ac2,2026-02-10 19:00:00
3077715beab4b335,2026-02-07 22:00:00
d514d0ddbf519843,2026-01-21 06:00:00
1105db9baeae1d20,2026-02-01 15:00:00
220287124df40d59,2026-01-12 17:00:00
ab0415f36974af22,2026-02-08 19:00:00
6b89a7a3788e01f0,2026-01-12 15:00:00
1e1c1f0c898d0864,2026-01-22 03:00:00
b183768946e9d65b,2026-02-07 21:00:00
be2315df00366974,2026-02-09 21:00:00
c688fac72e349484,2026-02-12 18:00:00
c87e36b2125b50fd,2026-01-22 02:00:00
51ed01305838acd6,2026-02-12 06:00:00
ee7647203b44f7f2,2026-01-25 11:00:00
9dc4f3080338251a,2026-01-12 22:00:00
58ab00f77ab0c124,2026-01-24 00:00:00
4f520bdaa8d9fdaf,2026-02-07 11:00:00
e595a5b384054025,2026-01-16 19:00:00
62ac66ad28401799,2026-02-14 07:00:00
3438a5bf965e92e8,2026-01-13 00:00:00
c6c8c2ab41c46e03,2026-01-22 21:00:00
741a42ee8567cf74,2026-01-22 08:00:00
f403199bf2d5b926,2026-01-27 14:00:00
9a030a584feecb3f,2026-02-04 21:00:00
79d2961c14d14315,2026-01-04 01:00:00
6004d8e01c2b2394,2026-02-09 00:00:00
f278b15876b28964,2026-01-19 08:00:00
7ac089b9ddd32a2f,2026-02-06 04:00:00
31b2b5a8d585a34a,2026-01-21 12:00:00
8fc72aaeaf44ff09,2026-01-25 00:00:00
d35911780e27152e,2026-02-12 04:00:00
029f236bf21a9fc8,2026-01-18 18:00:00
32bf6bef1c7fed86,2026-02-12 16:00:00
7082374c9a659784,2026-01-16 22:00:00
8ef0954b7088d7e4,2026-01-08 22:00:00
cab2edf4e7fe4fc1,2026-01-16 00:00:00
3ef8f5ee655d5e9c,2026-01-12 05:00:00
1c6c7494ed3a0298,2026-01-23 19:00:00
bf522e67883f099d,2026-02-12 22:00:00
fe8283d2ab5307c7,2026-02-02 09:00:00
ef76c7e38d3ce326,2026-01-26 20:00:00
fb75944f74ba8f29,2026-01-30 18:00:00
24e482ac3fcde8d0,2026-02-03 17:00:00
c9a35d3a9736805a,2026-01-09 04:00:00
f514e2874e714448,2026-01-14 16:00:00
1b1bbfd74619ae04,2026-02-11 07:00:00
2560df453ed09b26,2026-02-04 11:00:00
01f0b333f477f6b8,2026-02-04 21:00:00
8d029cc0e6deefa8,2026-01-13 16:00:00
f8fe1fe8ea4b7909,2026-02-11 03:00:00
0607e8c8d2d07a21,2026-01-01 02:00:00
8c164769b08745e4,2026-01-21 15:00:00
93685a90fe30829d,2026-01-06 06:00:00
fb4a1d286c07c863,2026-02-06 13:00:00
bd8c77b1a1d08891,2026-01-25 02:00:00
1360bf21c024f15e,2026-01-09 02:00:00
2a534ac78ef4b80d,2026-01-18 11:00:00
ea00f53449c3f474,2026-02-06 16:00:00
2255681cec65ff70,2026-01-23 09:00:00
5a62da11ac93b7b6,2026-02-12 16:00:00
54bb948767851c05,2026-01-10 22:00:00
d3f4d314ac6c41a9,2026-01-01 12:00:00
accb179ba2b68b3f,2026-02-05 11:00:00
3c0b6fc8158c04e0,2026-02-04 04:00:00
d2efed62543334ab,2026-01-27 04:00:00
f2daa80c25ff1bef,2026-02-01 12:00:00
e19f17f05001c74f,2026-02-11 23:00:00
617240f5e2a35521,2026-02-05 20:00:00
c7e5dd54ff21bdd7,2026-01-23 01:00:00
863a6f82579af3e5,2026-02-09 10:00:00
bd5d569d6ffa5c69,2026-02-04 21:00:00
5cf7faa3ce122c37,2026-01-12 19:00:00
4dde635087be2906,2026-01-01 18:00:00
7a3fd555bd42d65f,2026-01-09 08:00:00
37217ce0681d63d6,2026-01-03 23:00:00
b081c48e014af962,2026-01-11 14:00:00
7693431e1e9417dc,2026-01-15 13:00:00
9de009d8f57d9b30,2026-01-01 19:00:00
b5a86ee2e1bbf5f1,2026-02-07 07:00:00
e30ebcd1b5fa0483,2026-01-05 10:00:00
2a213f50f4fdf92b,2026-02-03 19:00:00
e10e2b1460ef5118,2026-01-24 04:00:00
861f713f4de79ded,2026-01-30 09:00:00
76194a1b804dd2ad,2026-02-11 19:00:00
8ac239c851f487a0,2026-02-10 21:00:00
d124228bd0f5ee19,2026-01-30 13:00:00
074d18561333a125,2026-01-15 14:00:00
8ed895c59aa534b9,2026-01-31 15:00:00
e0fca784b950987a,2026-01-10 06:00:00
5db83cec86eead22,2026-02-08 01:00:00
03adc74c3deddde7,2026-01-05 09:00:00
06c252d1af01c203,2026-02-09 16:00:00
c64430f5c426c1a1,2026-02-10 13:00:00
311f6e54dd54a8b6,2026-01-11 11:00:00
5d8ec4ebe8d5821e,2026-01-04 17:00:00
274c53e699e85bec,2026-01-11 08:00:00
4db179b581e99e5d,2026-01-21 15:00:00
803d59fbeefc44fa,2026-01-12 04:00:00
649b864961a8873f,2026-02-14 13:00:00
acf68b746df63231,2026-01-05 14:00:00
08859ff4d2e37d19,2026-01-25 07:00:00
bb56b0aca1551d6e,2026-01-18 16:00:00
73f490cc18a66430,2026-02-04 07:00:00
a2b3e4a00f3ced49,2026-01-25 07:00:00
8c79e0a9dfbe8ec0,2026-01-22 06:00:00
21956f56cd78727d,2026-01-13 19:00:00
71db1366d0367d94,2026-01-05 08:00:00
e905000fdfe01244,2026-01-04 15:00:00
3f85ae5da55c6c68,2026-02-03 23:00:00
ee06db74f270d7d8,2026-01-22 22:00:00
2c522d2e726c01f5,2026-02-02 16:00:00
4db8c48d312d13f3,2026-01-19 07:00:00
5cef1f0c4747f416,2026-01-25 08:00:00
2bdb77047417c2d5,2026-01-26 21:00:00
5360c01d45434466,2026-01-23 23:00:00
b6876aea0820fbb2,2026-02-14 03:00:00
43a6c89dc779b1ee,2026-01-03 03:00:00
a49a7cf0147219f6,2026-02-12 15:00:00
80a6bf054f4cd127,2026-01-03 17:00:00
11c2aa3400f63892,2026-01-31 08:00:00
9ed7ef35808f7c4d,2026-01-28 03:00:00
c7df6cec20617a94,2026-01-09 12:00:00
efad750f7fe7f70b,2026-01-05 15:00:00
c6b78b3fe8b83784,2026-02-05 18:00:00
ea1787c1cde6bf16,2026-01-07 21:00:00
2bd1621f8db10923,2026-02-07 08:00:00
1289c4adcef9ed22,2026-01-19 14:00:00
23f5a9fac6f2a596,2026-01-06 22:00:00
cd41bd0a3d392f67,2026-01-21 04:00:00
92dbc80dded8d467,2026-02-07 12:00:00
5cf74906db539134,2026-01-07 05:00:00
8d7f95ba8485538f,2026-01-07 09:00:00
ac266e69ba395175,2026-01-03 10:00:00
270b19fde7c4551e,2026-02-02 11:00:00
fff6f101ee46c8aa,2026-01-22 15:00:00
7e23162a8544c76d,2026-02-12 19:00:00
8d1aad3667ccaac4,2026-01-16 05:00:00
29a73348d4302b2c,2026-02-14 20:00:00
92b9edce8718d364,2026-02-10 00:00:00
93def461fe8b61d0,2026-01-24 11:00:00
69f3b270aee4b48d,2026-01-10 01:00:00
2cf9aa93c14ccf80,2026-01-29 22:00:00
47d21ce86e2eeff6,2026-02-04 09:00:00
0a023aa3c816eaa5,2026-01-18 07:00:00
610e92f4051a4785,2026-02-12 22:00:00
04809cd1566baa7c,2026-02-07 21:00:00
b022f606293af72b,2026-01-25 03:00:00
fe2314a452fb0186,2026-01-25 23:00:00
d28dbbacd295d4ab,2026-01-27 10:00:00
a51bad93259adad3,2026-01-13 09:00:00
34344d8491212682,2026-02-04 08:00:00
5fd3bf401c4bb689,2026-02-03 03:00:00
fbd1cc028179af21,2026-01-03 16:00:00
006abe168b28c770,2026-01-02 15:00:00
de71453782047ad7,2026-01-24 12:00:00
ab88269b6d5ad856,2026-01-27 06:00:00
8e7c0d74ac373397,2026-02-12 11:00:00
2ebc4f10ec202957,2026-01-14 20:00:00
bfd783e82697c5f2,2026-01-30 10:00:00
dd3eccb95b168b1a,2026-02-07 13:00:00
05281b342dbb0454,2026-01-14 17:00:00
2674b2a47bfb61e8,2026-01-21 13:00:00
5c57e8b424519368,2026-02-02 16:00:00
c8c107aa098241b8,2026-01-20 23:00:00
0efc01c76e739d20,2026-01-30 18:00:00
468bb487516f0ef5,2026-01-19 04:00:00
8787303b84e89a2f,2026-01-13 17:00:00
97a07d0401052c19,2026-02-14 10:00:00
ee3e9a03144f7f87,2026-01-20 18:00:00
e7dc7738ef7cef0e,2026-01-24 02:00:00
c8220a4b84b00aba,2026-01-24 00:00:00
b30d79b94cf0ddda,2026-02-06 18:00:00
d1754fd4a2af1d31,2026-01-11 07:00:00
98ee803662ebbafe,2026-02-04 01:00:00
cb6aea418030f9d2,2026-01-23 15:00:00
4a9460ae0fc2350b,2026-02-14 04:00:00
89c667073464e2c5,2026-01-20 15:00:00
8ad9cd20dd7c3e88,2026-02-12 21:00:00
3eca7e6208696ffc,2026-01-28 17:00:00
69c62847201cd02f,2026-02-04 10:00:00
9af9514245c9608f,2026-01-31 10:00:00
94e1cd87c3558935,2026-01-23 07:00:00
cdb58d0464344272,2026-01-19 09:00:00
36bcc56ab21d0f94,2026-01-12 07:00:00
7ed06494f0cb15a9,2026-01-26 19:00:00
c510c734e556438e,2026-02-01 11:00:00
4ebd282fc1b1f488,2026-01-10 17:00:00
f7dc36b90b88c81f,2026-01-09 13:00:00
74920c47df26a1c9,2026-01-16 09:00:00
f4e98fc05e5d8d80,2026-02-01 01:00:00
84dba5394aa1730e,2026-01-02 08:00:00
b72370eed5e30111,2026-02-14 08:00:00
71824ee78bad2c2e,2026-02-07 20:00:00
47391b87b6fa54ee,2026-01-17 18:00:00
4a16ef9a09a6627a,2026-02-11 10:00:00
c23584ac612be77e,2026-02-02 08:00:00
4112e5789b4e85b8,2026-02-02 08:00:00
932de864d4b194c8,2026-02-05 11:00:00
a79caca1a1a16f7c,2026-01-20 23:00:00
8789e8a051f87f4d,2026-01-06 10:00:00
6d9838fbb36d3cfd,2026-02-05 08:00:00
8e1f9861f08adef6,2026-02-11 06:00:00
eeb5f8159ccc24db,2026-01-16 22:00:00
1d5cb2e40aedfd56,2026-01-27 00:00:00
ac4144922aecac48,2026-01-26 17:00:00
a76f68ce013ebfd9,2026-02-06 21:00:00
c422dc67bd4fab8a,2026-02-01 14:00:00
2da9e9723b938738,2026-02-08 13:00:00
7c7cd77b98c222be,2026-02-05 09:00:00
467d31d9227fa490,2026-01-20 23:00:00
d939ffc46a694ea9,2026-02-13 21:00:00
34d7e7dfe50ea1d1,2026-02-07 10:00:00
24586da3ece52e8f,2026-01-25 21:00:00
6c85b2be84fea2f0,2026-01-28 15:00:00
f11ed08d907f3efc,2026-01-29 22:00:00
1878b33253b2b04b,2026-02-07 17:00:00
f58f82762e018886,2026-02-08 02:00:00
2cbd80830847f70f,2026-02-08 05:00:00
ec916d8ec1aba2e3,2026-02-14 01:00:00
c22dbec74b0ce285,2026-02-01 17:00:00
94a8d7903923f810,2026-01-05 14:00:00
546f1dc5ead225f9,2026-01-25 07:00:00
760c0d9bd559ae66,2026-01-21 11:00:00
01cb98aec88e11a9,2026-02-07 05:00:00
487dd256c6fb4715,2026-01-07 08:00:00
4a668209f4795bc1,2026-01-15 17:00:00
4a8352db3c4c866c,2026-01-20 07:00:00
b698728c6c258b91,2026-01-18 22:00:00
a4aadf004c246459,2026-01-20 12:00:00
149c8642cce00b39,2026-01-09 12:00:00
eb6607829a6d571f,2026-01-01 16:00:00
a57c1bea36a5863b,2026-02-14 22:00:00
b376e3286e23d706,2026-02-08 19:00:00
391111aef6ebc068,2026-01-31 20:00:00
b9ad52499398d8c0,2026-01-01 08:00:00
8c514e1096b27174,2026-01-30 18:00:00
91c9b82304024ca6,2026-01-20 12:00:00
4bf3233875034288,2026-01-29 16:00:00
4c81b4ed7ce9e4c3,2026-01-14 06:00:00
6866512e62342f2f,2026-02-07 01:00:00
3c9b1a9ce4110f5f,2026-02-08 13:00:00
6da9b661496fcdcc,2026-02-11 00:00:00
7f38ae9102342e85,2026-02-04 14:00:00
969ab349dd8908a3,2026-02-10 15:00:00
26ef6b2310382b49,2026-01-08 03:00:00
684ecebfd232ed34,2026-01-24 04:00:00
8ac8f6b9aaa4250f,2026-01-30 03:00:00
9286f755e87c6d25,2026-01-01 13:00:00
17a3604052b6afa5,2026-02-14 11:00:00
40bd13c8c601f697,2026-02-07 21:00:00
8f1629345e5fcadf,2026-02-05 07:00:00
8220f168419ecc06,2026-01-06 09:00:00
e169c8d9c8216b5e,2026-02-08 19:00:00
e3757f49fc45aa64,2026-01-22 08:00:00
26a261ce806f72ee,2026-02-03 20:00:00
f9b6cf18be870ad3,2026-01-09 15:00:00
f38357f071fd85bc,2026-01-25 21:00:00
ac750b2ea7160506,2026-01-11 06:00:00
663af461343f8b3e,2026-01-10 01:00:00
fd97d41c28f991fa,2026-02-08 07:00:00
daca8a549ba40287,2026-01-28 07:00:00
8487dc91f1249903,2026-01-11 05:00:00
9c4a73cf49e2ca5f,2026-01-26 01:00:00
e6f0ad48bf0737af,2026-01-28 16:00:00
85c525c7d4452d53,2026-02-14 04:00:00
7d5f222894d7b9fc,2026-01-11 02:00:00
aaa48a1a20748a00,2026-02-10 09:00:00
37df056b8909a193,2026-01-25 16:00:00
9e0cd1c01ce1ef22,2026-01-26 11:00:00
1bb48372cb66fa00,2026-01-06 09:00:00
60d98d3a0353a810,2026-01-13 17:00:00
de3c4f473c343b78,2026-02-04 21:00:00
21b955d33fa5769c,2026-01-28 00:00:00
d940a8772925ded4,2026-02-12 11:00:00
acd091ce8c88e97f,2026-02-04 19:00:00
e8c75a16fb401c97,2026-02-11 03:00:00
d9a3085e4f6cb0b9,2026-02-09 22:00:00
acf9c9e3f7567879,2026-02-11 22:00:00
abdc3ae0286d1605,2026-01-01 23:00:00
006d05d44081e623,2026-01-20 02:00:00
a61e244491fcdd1f,2026-01-06 15:00:00
437084e7a445ca96,2026-02-03 07:00:00
f1cc5cf675aee5e9,2026-01-16 03:00:00
2862824e8de9329f,2026-01-30 09:00:00
2be669629f25fa8f,2026-02-14 05:00:00
fc13f45d1da58346,2026-01-26 14:00:00
5c1301dff3060ff1,2026-01-02 16:00:00
fa283f9b04ef3ad0,2026-02-05 06:00:00
2d789cdf36dff7fa,2026-02-09 02:00:00
9caef4dec0581f13,2026-01-14 12:00:00
835dd71c685afee1,2026-02-08 04:00:00
c4087b0a35040a9b,2026-01-24 23:00:00
01d26571d50edee1,2026-01-29 18:00:00
db21e965a2070795,2026-01-24 12:00:00
bbb9075531556651,2026-01-17 02:00:00
52ed85ccab268ade,2026-01-19 22:00:00
afc37792c3d12fc9,2026-01-18 12:00:00
83a6f0a840322c18,2026-02-02 05:00:00
33507e423583aaf5,2026-01-07 00:00:00
814395d568c4fc22,2026-01-27 14:00:00
a8e3690679832153,2026-02-08 23:00:00
af19b73777b49f80,2026-01-14 07:00:00
d27568480e312554,2026-01-01 11:00:00
5d611126e72cc5ad,2026-01-28 13:00:00
f81e2c09253b62f5,2026-02-01 22:00:00
0f8c6a9266b3b006,2026-01-25 18:00:00
2b8dd1df310d86e1,2026-01-23 08:00:00
563d9bf85bee711d,2026-01-02 03:00:00
f18442e42f7911d0,2026-01-17 10:00:00
cfd9040449f5969d,2026-01-22 04:00:00
6a458f2ab24e315d,2026-01-23 17:00:00
092752ec7ae3b833,2026-02-12 02:00:00
0f583c9fc5c25ac4,2026-01-10 06:00:00
e241b6935305e463,2026-01-23 16:00:00
aa1de66db5ee9c36,2026-01-08 18:00:00
a1b01f385d9aad8c,2026-01-07 22:00:00
7af111e7f2ff6172,2026-02-04 05:00:00
577bb09f621a7cd6,2026-01-10 23:00:00
6dc8f566bcad1589,2026-01-22 18:00:00
5fb6886e2d513c41,2026-01-06 13:00:00
a4a9360be9116d62,2026-02-06 08:00:00
029030a113d69d65,2026-01-15 16:00:00
fa8978dd1e5916df,2026-01-13 13:00:00
03606fa0880934e5,2026-02-04 11:00:00
0e2f0fbacfd118da,2026-01-07 14:00:00
249a8f085175e172,2026-02-12 05:00:00
ae28146747f77bbe,2026-02-11 17:00:00
fa8ea486a73da3cf,2026-01-15 13:00:00
4842610ca2721828,2026-01-19 14:00:00
d7f2f76653bd3f36,2026-01-01 04:00:00
3511d51c3b0e3788,2026-01-05 00:00:00
bccc2f79c43a1ec9,2026-01-01 22:00:00
f39fb1ca38e7f02c,2026-02-10 07:00:00
25bde5c5f879e0a5,2026-01-14 01:00:00
df497fa8ded0de27,2026-02-10 13:00:00
0502539337e08abe,2026-02-13 10:00:00
0cd0f1af020af780,2026-01-21 15:00:00
d8e8ec935af7d1dc,2026-02-04 17:00:00
aa8e11c14d1b88e8,2026-01-27 09:00:00
fff1cab5e8fa4eb0,2026-01-07 10:00:00
54a217cce398f017,2026-01-13 09:00:00
9e24215341d2c2d3,2026-01-06 02:00:00
d888633d3991b268,2026-01-19 17:00:00
8a30c5d17a5a0151,2026-02-08 04:00:00
d772f82b26270284,2026-01-11 15:00:00
23d7f6600d43c34d,2026-01-17 10:00:00
405d2d07c5d778e6,2026-01-11 18:00:00
d4b4e16c7e0f4420,2026-02-08 13:00:00
74e874e50c99d4df,2026-01-02 19:00:00
abaf80c0b1c5be2b,2026-01-16 23:00:00
b1bcd2c4f4134985,2026-01-20 12:00:00
f4c4165fc0219d60,2026-01-07 16:00:00
972958fdda05c409,2026-01-08 19:00:00
705cd227071c5d11,2026-01-19 20:00:00
72214972618d6a6c,2026-02-06 14:00:00
a6a1b2dc42bed0e6,2026-01-30 01:00:00
915bdc342d011a25,2026-01-01 12:00:00
b49d4713ea63d994,2026-01-07 16:00:00
baa1c8e7f43a1dae,2026-01-06 17:00:00
ac134cc9b45c3660,2026-01-18 00:00:00
b01735d64307e2c2,2026-01-10 05:00:00
4bc113f79a94f880,2026-02-11 01:00:00
c9ea30eb3e156990,2026-01-11 02:00:00
7884344d5011ec0b,2026-01-05 07:00:00
b2b68fec78b98be5,2026-01-05 20:00:00
3bd5ea5373660607,2026-01-21 01:00:00
5908f2821f2b855f,2026-01-21 17:00:00
35ab34639c12bac5,2026-01-12 17:00:00
f09e060f569f94a2,2026-01-12 07:00:00
b07d48c2d65d49ec,2026-01-15 13:00:00
47059b1216ec3724,2026-02-01 19:00:00
85dfe98c5e745da1,2026-01-26 13:00:00
8cc9397a2d2cd821,2026-02-10 18:00:00
a353dfd4c7ac583a,2026-01-12 18:00:00
72742ddc22ef14ed,2026-01-01 18:00:00
e9cbe73cf0b4fbb3,2026-01-24 06:00:00
4810cc10e74f073e,2026-02-10 22:00:00
30f700e4bdb101dc,2026-01-07 16:00:00
4790674eaf321a74,2026-01-15 02:00:00
e063f67d76b24bb7,2026-01-29 08:00:00
bc0faf6ad159a6ed,2026-01-22 05:00:00
b3bd73d06a713809,2026-01-29 01:00:00
d66c9928ef337f23,2026-02-11 14:00:00
72c81556516f184a,2026-02-13 17:00:00
d741af77286a07e7,2026-01-22 19:00:00
30b133eaa35744c4,2026-01-07 08:00:00
b2b960ecff8e00ad,2026-01-01 04:00:00
5d94f46896ba15eb,2026-01-13 19:00:00
aba5bde6cf1e8237,2026-01-26 09:00:00
8d2bc17022240485,2026-01-10 19:00:00
72b32e85b410298e,2026-01-19 14:00:00
7e238af175307ee6,2026-02-05 16:00:00
8da579bc46c5cad5,2026-01-08 01:00:00
baa6de92ec0ffe85,2026-01-31 23:00:00
ee8b48502126efad,2026-02-01 02:00:00
fe4aa049efd933e6,2026-02-12 08:00:00
c19f2dbef3d88036,2026-01-23 05:00:00
cbd45fc548bc1ee2,2026-01-14 18:00:00
8dbff10ea36802e6,2026-02-09 22:00:00
4d1e4e8e85d9b443,2026-01-18 08:00:00
4c5d0d5b03a9f8e7,2026-02-01 04:00:00
7c0f83faa2036d04,2026-01-27 14:00:00
3d8c2c2a3fdbbce1,2026-01-27 17:00:00
91d5042bcb9c0e09,2026-02-14 00:00:00
45ee4566929dae83,2026-01-28 02:00:00
a527bac619f3ea8f,2026-01-21 15:00:00
59c5ef6f132cd733,2026-02-12 05:00:00
b071f95fae043ee0,2026-01-10 06:00:00
59607340d809e2bb,2026-02-06 23:00:00
1fdf76a60a086ebf,2026-01-15 09:00:00
df73e3a82c1c47ce,2026-01-25 15:00:00
58981602a87d7032,2026-01-21 19:00:00
724cbab9865e46ce,2026-01-20 04:00:00
0c683c892bf1ed63,2026-02-10 05:00:00
1a7cdd5857e9f560,2026-01-23 05:00:00
6e865d3bc3125371,2026-02-06 22:00:00
f26907419220435e,2026-01-02 16:00:00
32f8a79dd9f2f649,2026-01-16 23:00:00
0424db2730a58a28,2026-02-05 19:00:00
635ace6c783b6ec5,2026-02-04 12:00:00
fe92aae50d7fc5ce,2026-02-10 10:00:00
d7744edf4a8067fc,2026-02-10 21:00:00
ea49063c51c146fd,2026-01-02 19:00:00
be852ad2ccdb491b,2026-01-18 12:00:00
86f026d7547e01f2,2026-01-04 17:00:00
3d90dd9287fd7a19,2026-02-06 13:00:00
3d3ace8c4e9133ae,2026-01-08 19:00:00
d7d17dce11d27603,2026-02-09 18:00:00
78674a069171c17d,2026-02-11 08:00:00
23569c5d27c12d59,2026-01-03 03:00:00
c79cb3fc33a71923,2026-01-14 15:00:00
cdd803b8ae991abd,2026-01-26 09:00:00
6d74552dd0d28bd6,2026-02-03 04:00:00
bf7ec49a545f6656,2026-01-04 10:00:00
9cd183f521595ac0,2026-01-13 23:00:00
28f1aab601260800,2026-02-12 17:00:00
5640833b04ffd0cf,2026-01-14 02:00:00
89af302cc08ddb00,2026-01-18 01:00:00
341225f219f736fb,2026-02-08 20:00:00
cfe6c468b120056c,2026-01-02 23:00:00
40bada94776588d6,2026-01-22 05:00:00
424ec1265367bb1d,2026-02-13 23:00:00
ffb3e62aef4d5db7,2026-01-01 17:00:00
b543e94c143d199a,2026-01-26 21:00:00
ebb4504789d2d536,2026-01-03 14:00:00
39600d4e934b5b21,2026-01-07 12:00:00
dc0512b28cfa2be5,2026-01-19 00:00:00
6d4a9e41080ecc95,2026-01-31 05:00:00
01774c6c160a0ccc,2026-01-18 13:00:00
aeffa33f779aaf7d,2026-01-09 12:00:00
11aa1f9e562f48fe,2026-02-08 02:00:00
4aa84e82c756d695,2026-01-30 12:00:00
b246908c9b8c75c2,2026-02-09 23:00:00
0534582dc8e9e075,2026-01-03 07:00:00
61db73b931506bef,2026-01-01 13:00:00
fa0296a0afdea3b4,2026-01-20 03:00:00
b9c7b93144c8acf2,2026-02-08 18:00:00
558dd33151cdfa7c,2026-01-20 06:00:00
c2454a1d180e829e,2026-01-10 02:00:00
95454c4634dff42d,2026-01-04 23:00:00
e69a7199b730bb6d,2026-01-13 23:00:00
542e21cc742e95cf,2026-01-10 12:00:00
70cb16f584bbcf62,2026-02-01 18:00:00
954ef27e59fb233a,2026-02-03 05:00:00
e1bd1b2053d72eed,2026-01-23 16:00:00
ee1d39f0d954686a,2026-02-09 21:00:00
06d94d62488e22d2,2026-02-08 18:00:00
b43602a4cecb1dfd,2026-01-24 00:00:00
eeaeff29a398337c,2026-01-31 12:00:00
796b64a0677d0044,2026-01-30 03:00:00
57d4fff4ee91f8c7,2026-01-17 03:00:00
4f7ad9ed776208b0,2026-01-18 11:00:00
92b9c13c825edc31,2026-01-28 12:00:00
aed577c217ca9561,2026-01-14 16:00:00
2c3e728896ae9129,2026-02-12 05:00:00
26c14d214555c54c,2026-01-06 19:00:00
d74ed39b8db29a65,2026-02-13 16:00:00
801db5d3996e497e,2026-01-20 07:00:00
2fc88fc9966aab0e,2026-02-14 06:00:00
2bfd3430a6524873,2026-01-21 09:00:00
bfb50cdc73d9af79,2026-01-13 10:00:00
2c87afb0283b18e0,2026-01-07 03:00:00
5a64afce555ad933,2026-01-15 00:00:00
d7fca37c0f83f45a,2026-02-05 09:00:00
7db71e94d60c6857,2026-01-15 09:00:00
925cff92b07b5ec4,2026-02-12 00:00:00
8f34aa4e5bbdf064,2026-02-01 22:00:00
fd400cdf02054c78,2026-01-14 00:00:00
699f014d1e87352a,2026-02-03 18:00:00
31f657d6b4630b19,2026-01-11 21:00:00
5e9e3531afce505d,2026-02-08 02:00:00
ae0179dfc13f6a51,2026-02-11 03:00:00
fb1091bf9a7a3bbf,2026-02-05 11:00:00
ebffadded49a05fa,2026-01-17 02:00:00
64dd1077603e1cf3,2026-01-09 07:00:00
ff2fb6ad1a6e7a83,2026-02-02 01:00:00
77d677a3a20a76e9,2026-02-13 11:00:00
c5cafc023204136a,2026-02-03 21:00:00
6291cb610fd53b63,2026-01-13 15:00:00
cda1018959b0d948,2026-02-05 08:00:00
51c95ae5d811589b,2026-01-19 16:00:00
718ea90f8b93ccb9,2026-01-07 15:00:00
30b354b433b81966,2026-02-14 09:00:00
41fd6893e24c0392,2026-02-12 02:00:00
fff7f2bf94f84529,2026-01-12 17:00:00
ed1b198e8a1071a7,2026-02-05 01:00:00
ce17d82eb36eb505,2026-01-06 07:00:00
d3a69de170b13bc6,2026-01-20 13:00:00
0e1239e345338303,2026-01-05 23:00:00
fb7c07e15a3d2ec0,2026-01-09 13:00:00
02488243115d6bbe,2026-02-09 19:00:00
b209041cca7343fc,2026-01-26 02:00:00
c5167f47718aa76a,2026-02-11 15:00:00
23ef860e2d92acb6,2026-02-11 21:00:00
acfcba2fde5a2a36,2026-01-29 15:00:00
1581e59ecfa53049,2026-01-27 00:00:00
ec6cefba970d50a8,2026-01-02 03:00:00
3a7f4d2ff68cb993,2026-01-07 06:00:00
113f617f81bb23e8,2026-01-18 18:00:00
4b41a950c9d50263,2026-01-28 12:00:00
bdedc706a707a4c8,2026-01-05 02:00:00
47b3c0bdc7e6ae03,2026-01-28 19:00:00
c32210ae3efa2b1c,2026-01-20 09:00:00
a34c6264f75a6b07,2026-01-27 09:00:00
38b4eee7b1ab6e75,2026-02-06 22:00:00
90e7ecb2a153ca18,2026-02-10 23:00:00
87e01960dd151972,2026-01-21 07:00:00
78c50d62db3b21e6,2026-01-01 04:00:00
5260e83459fd6d06,2026-01-28 14:00:00
a5f248e7b746a91d,2026-02-07 20:00:00
3c09aae020da1573,2026-01-11 11:00:00
327f283113d11002,2026-01-02 06:00:00
9c0c888e429d4fec,2026-01-21 04:00:00
e488c17f77a2d229,2026-01-21 03:00:00
b67e9f555947afd1,2026-02-13 06:00:00
2869016ef45e68d1,2026-01-30 02:00:00
280fb165832ac29e,2026-01-11 20:00:00
967b6a19a0f13751,2026-01-10 10:00:00
04bf3656cbe5bcd6,2026-01-30 01:00:00
ea259be4aee49188,2026-01-02 05:00:00
129ec5196654c115,2026-02-10 22:00:00
349c4f63c9f13ece,2026-02-04 00:00:00
4d639facd12704c8,2026-01-20 07:00:00
490e812e869f56e9,2026-01-23 03:00:00
11566165712a38a9,2026-01-02 17:00:00
4a6a617e1da1f950,2026-01-21 00:00:00
a1beec24da93ba8b,2026-01-24 13:00:00
5d49040aee639f1a,2026-01-22 13:00:00
5105ead8e1e45449,2026-01-08 03:00:00
9190d11778c82dd2,2026-01-24 05:00:00
db1bdc7eea32a895,2026-01-29 20:00:00
374ebcae06ead347,2026-01-31 01:00:00
915acc4c6ef9bdf6,2026-01-05 03:00:00
c95ebe001db9a6aa,2026-02-09 02:00:00
fb832d9ec0101f97,2026-01-22 17:00:00
b19f660af7d4b3cc,2026-01-14 23:00:00
f573ab16d4183158,2026-02-07 08:00:00
203c4a12de8752d7,2026-02-10 20:00:00
29adc4b4debebb04,2026-01-06 03:00:00
347adf1ca04bb776,2026-01-23 11:00:00
ad6672b667768087,2026-01-12 01:00:00
6b96b2d84c027da2,2026-02-03 02:00:00
4ff17906d19a8c0f,2026-02-11 21:00:00
adf756e07b1a0280,2026-02-10 01:00:00
391aa95b581ba30d,2026-01-11 04:00:00
082e06dc9d19d0b3,2026-01-19 21:00:00
fc2c6cd8be62bd6b,2026-01-03 19:00:00
b1fa84d3ee45c3d0,2026-02-03 10:00:00
e39e60842f4a438c,2026-01-10 05:00:00
acef57675ad54de8,2026-02-05 04:00:00
3bb58d6e6bd3f3bd,2026-02-12 00:00:00
390050889e5302b5,2026-01-29 20:00:00
9ed2f8299ea94082,2026-01-21 03:00:00
7f8e720292f114f2,2026-01-03 02:00:00
82e1d73c04b58887,2026-02-02 03:00:00
56f839b5cb9ca75f,2026-01-20 08:00:00
cc0622642c74b4c3,2026-01-20 19:00:00
ba21cee18990ab38,2026-01-12 10:00:00
09153eb468c76a2c,2026-01-01 16:00:00
0a539bdc64d1816b,2026-01-28 02:00:00
c1ec44c4d2667a0c,2026-01-09 17:00:00
139592ad84d2fe84,2026-02-10 16:00:00
eee192815fe5f67b,2026-01-26 09:00:00
d509dfbac70f6b71,2026-02-05 23:00:00
e01c44463d072cd5,2026-01-27 20:00:00
600a8edce64b7267,2026-01-23 06:00:00
3ef5dc50956a3f36,2026-02-08 21:00:00
7943262994b2968d,2026-01-01 15:00:00
c8cfa0ebe44f5b00,2026-01-30 14:00:00
29c177a161e14a5a,2026-01-31 15:00:00
d023a4c8798eb53f,2026-01-15 22:00:00
1bef0e268675c3b3,2026-01-16 20:00:00
6a78f44723f2746f,2026-02-08 19:00:00
73cf6c676373a77e,2026-02-11 20:00:00
eb61749f8019c024,2026-01-28 15:00:00
abd467c9fad36efc,2026-01-22 23:00:00
b5e41bebf39dd5c8,2026-01-11 02:00:00
a8e75feffca29a8b,2026-01-09 05:00:00
de2f87f5868c178e,2026-01-22 17:00:00
028ae704b11018bc,2026-02-14 23:00:00
bb97302aa563b87b,2026-01-16 09:00:00
a7fbc3f70a6a9ac7,2026-01-27 09:00:00
cc34254417ed7b9f,2026-01-26 08:00:00
c603271acf9ee8d1,2026-01-30 16:00:00
ffc1ea0ccdb39b9b,2026-01-10 13:00:00
d73bab8f5c3348d6,2026-01-14 16:00:00
938da19ee482b185,2026-01-03 14:00:00
9d5bf18e3062fb80,2026-02-03 10:00:00
9643bba6e28a69be,2026-01-19 17:00:00
4476e5866ec666f2,2026-01-21 01:00:00
aed7a268df8d4549,2026-02-11 02:00:00
1200ad207973511c,2026-01-25 00:00:00
8e33f5c0bfb42c3c,2026-01-07 11:00:00
9bf6c1936fde8f0e,2026-02-11 08:00:00
7c36e951b53b752c,2026-02-10 16:00:00
a9d7ba53797bfb58,2026-01-27 17:00:00
238c5ffbef4662df,2026-02-03 01:00:00
dc5b2d4f03f16880,2026-02-04 04:00:00
4f5151354264809b,2026-02-03 16:00:00
917eeb3dcc354632,2026-01-18 12:00:00
6c0bc2c24f50e4e4,2026-01-06 14:00:00
5a68c2e63a92666b,2026-02-05 05:00:00
6c58fbf9e34c20ca,2026-02-08 22:00:00
5e378529191178bc,2026-01-23 04:00:00
a3e11529ea287ccb,2026-01-14 14:00:00
68dc1e798675dc0f,2026-01-22 23:00:00
57e7e9fcd9f1dddc,2026-01-07 17:00:00
032d0c054fabc1c9,2026-01-28 22:00:00
e237ecad1eadc470,2026-01-12 04:00:00
0ff85e0a7c7fce8f,2026-01-02 22:00:00
86bb4411590ee250,2026-01-30 12:00:00
55ceab9687f6791c,2026-01-24 04:00:00
44955ce531a86a77,2026-02-14 18:00:00
6f65253a709c0f38,2026-01-08 07:00:00
9ebd987ea38b1174,2026-01-11 11:00:00
feec8fb2bcc757fa,2026-01-18 16:00:00
0f520f64924b3458,2026-02-12 01:00:00
170eef4d31f10389,2026-01-14 06:00:00
960da4fcd758c81d,2026-01-23 22:00:00
f4461c1e77cfad53,2026-01-29 15:00:00
a0347355692e052f,2026-02-06 13:00:00
1e9a5b899d858cc9,2026-01-29 06:00:00
e44d4b9ca74f0bd4,2026-01-01 18:00:00
30e1ad3f2446e4a8,2026-01-29 01:00:00
6fff1acf90a66e6b,2026-02-04 00:00:00
8d6344e9d08fd09f,2026-01-14 11:00:00
4896f8eb33f8e1ab,2026-01-25 09:00:00
1cc9b655ec92fc95,2026-01-16 19:00:00
c7cdb51f173d2cb3,2026-01-24 20:00:00
e6dfc0c8c0f6ca79,2026-02-13 18:00:00
57d8370bf7e49a0e,2026-01-12 13:00:00
a511befaa04e3fa6,2026-01-15 23:00:00
298a3f7f10ea779e,2026-01-11 09:00:00
a337bfdea8bf798d,2026-01-10 06:00:00
ac310127b7b3494b,2026-01-10 20:00:00
7e5f5c7425d48c4f,2026-01-06 12:00:00
094e4425db75c9f5,2026-01-20 19:00:00
8346bcac76b75d19,2026-02-09 13:00:00
2e8b3e92a186195d,2026-01-09 07:00:00
e2881f4afc317fb1,2026-01-21 19:00:00
0a2a201376740778,2026-01-01 04:00:00
2ae751745f98d22e,2026-01-11 09:00:00
5ea7615e239c6d7a,2026-01-13 02:00:00
139e0f6c51d8fff3,2026-02-11 08:00:00
056b963eeb588d96,2026-01-07 01:00:00
07362e77f1afd0b4,2026-01-17 01:00:00
53b6063b8e132c72,2026-01-12 00:00:00
3a1635fbd3ce1352,2026-01-22 05:00:00
2e2c40baf2d68b85,2026-02-07 20:00:00
60a00a84008784b6,2026-02-10 01:00:00
86d25a8e9b873bc4,2026-01-16 17:00:00
4cc9a1284f68f630,2026-01-10 13:00:00
0c89e0c10fe52658,2026-01-10 11:00:00
64e99aca5944b612,2026-01-13 20:00:00
52d2c2001649d514,2026-01-25 07:00:00
644b34c77c579c00,2026-02-01 01:00:00
b7eacd3f1e5744f5,2026-01-07 04:00:00
cdde6e54daaaf7c3,2026-01-27 09:00:00
b77fd37d838d8404,2026-01-10 06:00:00
0ff5ccc45bb83c28,2026-01-30 08:00:00
64e65bdc4d5f1f0c,2026-02-06 15:00:00
e6712292304ccda5,2026-02-07 22:00:00
57bb898ba74efe9f,2026-01-13 21:00:00
0d07c6bf55f322c8,2026-02-08 22:00:00
4381639382bd2e4d,2026-01-22 04:00:00
17823fc37bc30fb1,2026-01-16 13:00:00
6afc7afb835ab4dc,2026-02-13 15:00:00
59bf8665e3253e6e,2026-02-06 04:00:00
7e631de57f048009,2026-01-15 21:00:00
112b7367e4adec99,2026-01-11 16:00:00
124495c0166f0c01,2026-01-16 14:00:00
c3a1276450c9afcf,2026-02-06 02:00:00
d1a1411a98a015d6,2026-01-11 03:00:00
ed433f74ad15ff53,2026-02-04 04:00:00
a1502625f936877a,2026-02-10 01:00:00
ecd614a7c01c4ee6,2026-01-18 11:00:00
d12039ec22345fac,2026-01-08 17:00:00
ccf357b4cac57f81,2026-01-02 05:00:00
a5c2a9351959fb4f,2026-01-09 02:00:00
99f2f9f14affe774,2026-02-13 23:00:00
99aba76c0e8fc613,2026-01-02 03:00:00
9592d7f24a7c8954,2026-02-01 08:00:00
b25394abc7dc5339,2026-01-13 01:00:00
4d1b4598842d1776,2026-01-29 05:00:00
6e5e9adb6d72dc2a,2026-02-14 13:00:00
fa6d1c27385e43b5,2026-01-03 19:00:00
e8787382c29d6189,2026-01-20 22:00:00
5b214c2a8676f58d,2026-01-03 10:00:00
2bdbb402db868902,2026-01-09 22:00:00
b3005398ac3e511f,2026-01-20 20:00:00
811ea4154c2b67d5,2026-01-19 10:00:00
c2c63838ac096293,2026-01-17 11:00:00
108f3b584b183e54,2026-02-01 00:00:00
e26b047f78d0b6eb,2026-01-15 07:00:00
dd0140befb6f19fd,2026-01-31 14:00:00
88738af96cd90a68,2026-01-06 07:00:00
f1923d1dfdcf93a4,2026-01-29 17:00:00
d03796c95ad5c146,2026-01-12 19:00:00
59edc395304f4563,2026-01-10 14:00:00
cca30c9e1e8a545d,2026-01-10 00:00:00
1ad72c0a7150ba6f,2026-01-04 11:00:00
dc0cb28c59bb4b6b,2026-02-04 16:00:00
ff95c855b8cf59ba,2026-02-03 17:00:00
da1594111d0a4c9d,2026-02-04 20:00:00
fec9a016af8b0dba,2026-01-08 12:00:00
57a4463d548f62d2,2026-01-24 13:00:00
a3cefa3a6dec0f3e,2026-01-02 20:00:00
be81c74288f5bc09,2026-01-16 23:00:00
5a629a4e10999f70,2026-01-08 01:00:00
3cc3d3a8a80748b5,2026-01-28 02:00:00
16ae123f0360344b,2026-02-14 20:00:00
8728ecec739d1463,2026-01-25 11:00:00
d80fe28bb94bb569,2026-01-05 11:00:00
0a60127525e7274f,2026-01-18 11:00:00
dbdbf14da949f100,2026-01-04 20:00:00
c6afee5c1706da5f,2026-01-14 22:00:00
122275c8c7ca2a99,2026-02-08 17:00:00
d2ccb68e2e5fa65e,2026-01-02 22:00:00
2324a140f0dfcf72,2026-01-31 20:00:00
10b194e03f586df5,2026-01-24 21:00:00
07bfb049554c1fce,2026-02-06 16:00:00
2a7526a57f1c0c16,2026-01-05 11:00:00
caa0c03565663777,2026-01-24 23:00:00
6da796b7539e08af,2026-01-31 22:00:00
5cc554330796bcac,2026-02-11 19:00:00
6e401820e7ca1801,2026-02-04 17:00:00
92ecb0f9002b2c64,2026-02-13 09:00:00
f2b15e1d255dbc17,2026-01-13 00:00:00
59e23826b457c3c4,2026-02-13 00:00:00
f711509d96623db3,2026-02-11 20:00:00
40e036ca015a8110,2026-02-04 18:00:00
790c3f8abb57fc1b,2026-01-10 19:00:00
1e03b3c6d4a9389c,2026-01-14 15:00:00
aba662cfc2eb1948,2026-01-22 02:00:00
9c1c69d275ed7279,2026-01-20 13:00:00
3a0a16e2ead13555,2026-01-23 20:00:00
a26debd1f126ec56,2026-01-28 16:00:00
d4cdde99a68df1b7,2026-01-12 06:00:00
f9e92214dde512e4,2026-01-29 04:00:00
cc734642c788541e,2026-01-07 06:00:00
7a2b86f2b7f5b868,2026-02-10 21:00:00
f361e79f56010054,2026-02-10 16:00:00
c097308925717c63,2026-02-03 19:00:00
37b030f0da3cb323,2026-01-27 16:00:00
db4789b63e81487c,2026-01-24 20:00:00
3a0b563f487bba76,2026-01-10 20:00:00
4e8d6e46b0ca4ae6,2026-02-08 01:00:00
8488a9acfbf78f22,2026-01-22 09:00:00
f757bbd1488396b2,2026-01-06 04:00:00
bb17841efcb6635a,2026-02-03 03:00:00
b7ee773c8a2a7aee,2026-02-04 18:00:00
e6208ad5dde33978,2026-02-10 12:00:00
5f75974c6ffb9ed0,2026-01-30 05:00:00
1707761b226c48e2,2026-02-02 17:00:00
d28177b697d0526f,2026-01-15 07:00:00
3248621cfeb12a0a,2026-01-08 02:00:00
4d6a753ecee65e08,2026-01-12 03:00:00
780a3ea7dd018f9c,2026-01-14 18:00:00
efa38ddeb29c3cd8,2026-01-07 08:00:00
4117bdb579860e62,2026-01-01 02:00:00
d23e572746271706,2026-02-09 16:00:00
c33a8a867df6010f,2026-02-07 02:00:00
6b33a98d8bdef3b6,2026-02-02 03:00:00
bb37bed97c09d3a2,2026-01-03 10:00:00
0d466ff46ba46814,2026-01-15 07:00:00
aeceec9cc3accdf6,2026-02-14 15:00:00
8b167c6c9638c4f1,2026-02-05 04:00:00
caafd15c7b2e7a04,2026-01-11 06:00:00
4fa3ff4a7a646850,2026-01-25 01:00:00
b59aa5e7b864c9ce,2026-02-07 09:00:00
da4ba5fe9faf3dc0,2026-02-11 01:00:00
20231566fb2f3c14,2026-01-12 04:00:00
65b7d9976ff88400,2026-02-02 18:00:00
5bf34ea682d2c0e0,2026-02-02 14:00:00
1e297bfe1fa277fe,2026-01-18 04:00:00
da54372bbe3fd7be,2026-01-17 23:00:00
ee7eea2b8367f0c4,2026-01-06 03:00:00
dc0be8b62a123f87,2026-01-09 12:00:00
dd3c81eb6a3d089e,2026-01-12 22:00:00
1aff214ec9ae0243,2026-01-08 09:00:00
ba1762fde3717ea4,2026-01-10 14:00:00
3836a04af4469701,2026-01-18 02:00:00
b4368f2a630cf492,2026-01-03 22:00:00
2194798534d115f9,2026-01-26 00:00:00
62c05a8f7c90fd05,2026-01-06 07:00:00
57c7f89c1ce50414,2026-01-06 13:00:00
e70bf1c0bcf631e8,2026-01-26 01:00:00
df2ab94a2cd24d49,2026-01-13 12:00:00
d03b69ec5cb7b457,2026-02-03 10:00:00
efa3a8158a0713f0,2026-01-18 06:00:00
e58d5c3cb9a6493e,2026-01-28 07:00:00
d58729713968d083,2026-01-25 03:00:00
397288370f25af76,2026-02-03 10:00:00
59d096f9f880daa8,2026-02-11 14:00:00
99bc6a1ad5c5bc36,2026-02-13 15:00:00
b0264cce7d162697,2026-01-19 08:00:00
4d1d6101b868d588,2026-01-14 22:00:00
3b85849d04990fda,2026-01-24 02:00:00
1b0cc776f5eab368,2026-01-01 15:00:00
8ec1bdcb0e2b9709,2026-01-20 14:00:00
302bc016ee27a0ce,2026-02-12 16:00:00
13cd16915a55b65f,2026-01-05 20:00:00
d5cedb5e7942e844,2026-01-10 08:00:00
26915704edd659b2,2026-02-11 23:00:00
81798f2851bdd2bb,2026-02-07 10:00:00
827b60d627efaa79,2026-01-01 02:00:00
31bd7dc3b9bbff05,2026-01-04 03:00:00
284dd76f9f670f5d,2026-01-06 20:00:00
ba96f229b8e51c72,2026-01-07 16:00:00
ae76ff7a9af5bfba,2026-01-05 03:00:00
bd8db50eb877a7d7,2026-02-02 07:00:00
01fa175840fd3157,2026-01-27 04:00:00
5ccab7e4008b1d06,2026-01-02 10:00:00
a6bea20b932abcb3,2026-01-14 12:00:00
96a8a99e46a60cd8,2026-02-03 06:00:00
03ac79a3c088c70e,2026-02-10 14:00:00
426e78605414de0b,2026-01-08 11:00:00
6512d3410534a77a,2026-01-07 16:00:00
56f63a3f3bc9467e,2026-01-28 02:00:00
d288cf0ed8680cd6,2026-01-01 00:00:00
547bbec7164a0407,2026-02-08 16:00:00
7f4c980d375582a4,2026-01-28 15:00:00
edb5e3e8f43a9947,2026-01-24 07:00:00
85442e5cc70b1f8b,2026-01-01 00:00:00
ce4cf6f5607cb388,2026-01-18 17:00:00
0fbd19e6a3128ba4,2026-01-10 00:00:00
2b24c12dbb0f4c4c,2026-01-16 04:00:00
9da99cdee185c2b3,2026-02-13 18:00:00
185bd582aa3829f9,2026-01-18 20:00:00
9b2bc07d307bc8c6,2026-02-10 01:00:00
16f5b812ab3d9192,2026-01-12 01:00:00
165fd29e1782ef88,2026-01-01 21:00:00
b5861a29ea690392,2026-02-10 18:00:00
4e3e01a4e562c64b,2026-01-23 00:00:00
0a7a8aad759a4814,2026-01-21 21:00:00
17036a7e294f5dfd,2026-01-16 00:00:00
15e9d0ca0511e82b,2026-01-07 17:00:00
2ed8fa9136c72678,2026-02-09 10:00:00
89e82ff58ccbb304,2026-02-10 21:00:00
5c4df4d28f2f66db,2026-01-14 22:00:00
3cf7a6024a245f30,2026-01-25 06:00:00
ea46d925f06631cb,2026-02-13 16:00:00
9613070ebf6dfe94,2026-02-04 18:00:00
e68c54973d27a538,2026-01-29 03:00:00
8ea27896488de2a5,2026-01-28 20:00:00
a28df844f535a1d5,2026-01-23 19:00:00
4dea8b16f6cc36c7,2026-01-22 02:00:00
4948b202dbe418c1,2026-01-20 08:00:00
a216e7649ca78487,2026-01-05 17:00:00
4a6db0caf46a9937,2026-01-23 12:00:00
a0373571b8af9472,2026-01-19 18:00:00
540b8d9fecbe35a5,2026-01-21 20:00:00
66abca3ba2c58802,2026-01-15 04:00:00
696453d3c6cd20fa,2026-02-10 18:00:00
ec2ea4f6bd441fcf,2026-01-08 17:00:00
a94c6c056fce878f,2026-02-10 07:00:00
e1e93d95957bed2f,2026-01-27 02:00:00
246162ff5e87bb89,2026-01-29 20:00:00
35c997dffc63e171,2026-01-13 22:00:00
522a8667c8259dc8,2026-01-18 01:00:00
e2b259594897f755,2026-02-03 04:00:00
eb0915887eeaa647,2026-01-29 17:00:00
31b20b344a4e4b4a,2026-01-31 07:00:00
5d32c7f56b8162ed,2026-01-01 16:00:00
76eed68bf027ff83,2026-02-08 18:00:00
e060a03f22067836,2026-02-02 20:00:00
f0841fe63bb0e123,2026-01-16 06:00:00
a94b2d14f4a57110,2026-01-31 01:00:00
9351d10cac59118b,2026-02-02 04:00:00
c2c18c9ea6c4bb68,2026-02-07 23:00:00
5e8429b611b1968b,2026-01-27 21:00:00
6cecf3df43aa504e,2026-01-01 01:00:00
4579f4ead06759c6,2026-01-28 11:00:00
54953f3c19c0ae34,2026-01-04 20:00:00
db61202a633f81e5,2026-01-11 01:00:00
9fce209cce996e75,2026-02-08 20:00:00
59d8b6996a87955b,2026-01-12 00:00:00
b81dcd762d1b6628,2026-01-27 02:00:00
51f47fa664ff7650,2026-01-09 14:00:00
09caec911d44b440,2026-01-02 10:00:00
1ebb2badc68ecadc,2026-02-12 12:00:00
c280d767ba42ae15,2026-02-01 02:00:00
11e7216b5d515d95,2026-02-01 17:00:00
da3a24b90837b349,2026-01-23 02:00:00
284358fdcdf33885,2026-01-26 19:00:00
804aa09767a0318e,2026-01-22 13:00:00
9356868558c6ef69,2026-01-14 01:00:00
09e56e7c72dd7602,2026-02-12 14:00:00
d0a073d8da11de1f,2026-01-31 10:00:00
e3b97ceb4521d8d3,2026-01-27 17:00:00
3123ac219a3761d2,2026-01-07 15:00:00
f14b09a8445da14c,2026-01-19 22:00:00
75c1591305c068bd,2026-02-04 11:00:00
52b07fc387d8547c,2026-01-07 20:00:00
f751c3cbedb00eef,2026-02-07 17:00:00
f34253917a76c610,2026-02-09 00:00:00
2729677586cb7693,2026-02-14 18:00:00
9d4c6d7271ff970f,2026-02-14 00:00:00
348271090b3d4589,2026-01-17 01:00:00
883dbf9c91a8e29b,2026-01-02 14:00:00
dfed01fa64c3b620,2026-01-30 13:00:00
e428ef03337a94e3,2026-01-02 04:00:00
df611cb836a45ead,2026-01-11 06:00:00
496ae6fa86b57f9b,2026-02-08 02:00:00
77c7c152335ac578,2026-01-25 18:00:00
c38237a3644748a5,2026-01-26 04:00:00
79293aad42dec554,2026-02-08 20:00:00
87f8b4ecf0b50571,2026-01-31 06:00:00
c9ba74df0ac1612a,2026-01-30 22:00:00
0217973a313f9f02,2026-02-09 23:00:00
180085efc01dc842,2026-02-12 14:00:00
f72f2cccaed4cb4e,2026-01-12 17:00:00
a7ef88fd3a44c5e1,2026-02-12 20:00:00
3f9c1269acb6d7c0,2026-01-08 04:00:00
0f85189d35743d00,2026-01-17 08:00:00
e841482cb6bc342b,2026-01-13 18:00:00
8532d7cb5dd9cf53,2026-01-28 01:00:00
0ae70f3849174dfd,2026-01-23 14:00:00
106186828a7ff665,2026-01-04 08:00:00
cbb423b9bb41faf4,2026-01-16 13:00:00
05d56b7995ce80d1,2026-01-20 01:00:00
d94812fdf1f38def,2026-01-08 09:00:00
8b4195966fb30194,2026-01-05 12:00:00
7432cb88213675ae,2026-02-10 04:00:00
b62ff739a2180a2e,2026-01-14 05:00:00
1c5b4117b1967aab,2026-02-11 16:00:00
09413440d58f404d,2026-01-09 12:00:00
f09fc239defb416e,2026-01-25 11:00:00
a1680ed4f6a73651,2026-02-14 19:00:00
021229f3f65c4a1b,2026-01-16 02:00:00
1dbd936b5a66da8f,2026-02-04 15:00:00
5c2ec29a281d4158,2026-01-23 19:00:00
6b6612f01c8f6000,2026-01-30 05:00:00
ab15226417755031,2026-02-13 04:00:00
743a0ee65fdd6365,2026-01-26 16:00:00
e548f19257f7dc43,2026-02-06 18:00:00
1cb2938bb7fede80,2026-01-06 10:00:00
830347226963d4dc,2026-02-11 20:00:00
aec62f62d3822a8c,2026-01-15 14:00:00
f5b847dd8451ac65,2026-01-10 16:00:00
f9abef479c56a0f7,2026-01-06 21:00:00
7520691cc6c30e44,2026-01-17 05:00:00
76967fc13c1c9b1e,2026-01-15 20:00:00
42b6014707c0a31f,2026-01-18 16:00:00
788b1deaff357113,2026-02-08 12:00:00
98fb41e9a45ca671,2026-02-06 13:00:00
24e04fe37e6e9faf,2026-01-13 07:00:00
e19bce78229095db,2026-01-24 15:00:00
36c010c8efb82ef7,2026-01-29 11:00:00
a6eef5ade0577781,2026-02-08 12:00:00
a3120dd01035140e,2026-01-05 21:00:00
20416f9b96cf3af6,2026-01-04 11:00:00
bb40d53c57905c3d,2026-01-03 01:00:00
8930ef54b4f33e5a,2026-01-25 08:00:00
65c961cc04deda92,2026-02-04 08:00:00
a7a17dc1dd1f679d,2026-02-07 07:00:00
d8963b08856b9592,2026-01-02 14:00:00
3c748a3af926976a,2026-01-19 16:00:00
387694e4e23f6e79,2026-02-08 18:00:00
44a468f94ac6aa2c,2026-01-05 04:00:00
a14441fd8ad3ed74,2026-01-14 13:00:00
8c96d3713022a680,2026-02-10 04:00:00
90e645c4e98f6506,2026-02-11 10:00:00
794849bd0960b74c,2026-01-29 13:00:00
db7796135fde6e0b,2026-01-18 19:00:00
0cd6812df91d5d37,2026-02-10 17:00:00
8b51d4ae6bce2338,2026-01-15 17:00:00
52a6704192c50e27,2026-01-09 09:00:00
705faee580831fec,2026-01-23 13:00:00
1bd70f6c61eedc68,2026-01-24 00:00:00
4dc285bfec9bf982,2026-02-07 08:00:00
0ad3bcaf65bb4780,2026-01-01 21:00:00
bb12937b4a4127f1,2026-02-08 15:00:00
7e259ab3c4f2a2a6,2026-01-16 13:00:00
cc8163dacaeb0274,2026-01-10 06:00:00
d32f196ade35512a,2026-01-21 23:00:00
05d0fcf4428d3dd3,2026-01-27 17:00:00
cad553132e804b81,2026-01-16 09:00:00
740a239b8bd031c3,2026-02-01 07:00:00
7464c00719977ab4,2026-01-27 02:00:00
003d719847d1ff45,2026-02-03 02:00:00
38aa969f889fa291,2026-01-15 07:00:00
b2af7352ccb03c0b,2026-02-14 00:00:00
e9352bd01b8ba99c,2026-01-11 05:00:00
bf25c0712c1c84e5,2026-01-10 10:00:00
a3c5c28a76b8fd83,2026-01-22 23:00:00
fae0a326751da3fc,2026-01-09 13:00:00
436297d5db2e0488,2026-02-13 13:00:00
77c4b602e291e7b0,2026-01-25 00:00:00
5c731f34e44f57ae,2026-01-09 08:00:00
7f538f26673e4e13,2026-02-02 04:00:00
106150c7bf4054e6,2026-01-31 16:00:00
350e3c927b269116,2026-02-14 02:00:00
ce00b1fa3dbd0dfa,2026-01-31 10:00:00
4413e14dacd0690b,2026-02-09 05:00:00
49c26a7d9494ca7e,2026-01-27 06:00:00
6a4e63e61a25b27c,2026-02-02 22:00:00
0434318f55298a0c,2026-01-21 06:00:00
6710f7428e1b6c9a,2026-02-05 00:00:00
e77971943970c265,2026-02-12 23:00:00
d5d89a5235185868,2026-01-27 03:00:00
be2c967b4587a1bf,2026-01-06 01:00:00
eac61ff73f76c7b9,2026-01-18 09:00:00
2f1b6966d9a1c928,2026-02-02 06:00:00
4ed30d27d94c566f,2026-01-26 21:00:00
26103dab745657d5,2026-02-07 05:00:00
c60e00fac929d515,2026-02-03 06:00:00
23694af27846aac6,2026-01-23 02:00:00
33a0d1d39f492f20,2026-01-22 20:00:00
e34846850eff3b84,2026-02-03 03:00:00
1e1f1da9ff742b38,2026-02-09 17:00:00
4c821aab4c53f506,2026-02-04 19:00:00
a1baf067b6d6b8d2,2026-02-07 16:00:00
f38f69848d0fc633,2026-01-02 01:00:00
a993860ce00bd914,2026-01-17 13:00:00
f147ec8459095967,2026-01-30 19:00:00
3fb647d4154d68a6,2026-01-11 15:00:00
ced92786f7490639,2026-01-16 10:00:00
4ca9ea2f8e865d89,2026-01-02 09:00:00
13c62a00b8c72327,2026-01-24 16:00:00
530c632767a59b15,2026-01-04 12:00:00
244ea651fc82f286,2026-02-05 21:00:00
3aaacd8ab0d7e9c7,2026-01-15 02:00:00
f3849d2b5669f6e5,2026-01-27 05:00:00
0bf59748f5c3be6c,2026-02-04 23:00:00
9be5c907d6cdf4b6,2026-01-01 14:00:00
c4ecd52c11c1a352,2026-01-17 05:00:00
31fa21c1d8ed05f8,2026-01-15 01:00:00
c2d8aa61ffecd2d2,2026-01-29 03:00:00
51b3f23651ba0b72,2026-02-06 03:00:00
8d262b0706737007,2026-01-28 23:00:00
60e851f1f7eadc0e,2026-01-08 17:00:00
262bcc8d8dde9c9d,2026-02-11 09:00:00
d7777004554523f1,2026-01-08 18:00:00
327b39b95dc611ec,2026-01-10 23:00:00
a85547dcf375eefa,2026-01-30 13:00:00
d087af42843979e3,2026-01-08 15:00:00
a81914486d6a48e0,2026-02-13 01:00:00
b6ca0a510b1de94e,2026-02-13 11:00:00
5b1cc14eec75aaa3,2026-01-02 12:00:00
0156a45e5cd3c4ab,2026-01-15 13:00:00
17824d139fae1527,2026-01-25 00:00:00
2e80576259630c07,2026-01-02 00:00:00
6f486d4a7a8a0143,2026-01-10 18:00:00
abc6fc7a2792a8a9,2026-01-08 22:00:00
f6ae5366bb4fc3c9,2026-01-14 00:00:00
b5f925e4afc02eb2,2026-01-14 07:00:00
c7c2d73eee0e8c06,2026-01-30 02:00:00
2fdac8ffa3fab992,2026-01-31 19:00:00
b475146edfea8593,2026-02-14 04:00:00
f737981fd5f4ce5c,2026-01-08 07:00:00
b235e50b448738fe,2026-02-07 05:00:00
6c16b2d7cfb0dcef,2026-02-10 07:00:00
10ae10f217534fed,2026-02-01 04:00:00
8d2ff9058318b957,2026-01-01 20:00:00
6f91cccfe1b90efd,2026-01-03 19:00:00
64980abdf995ee76,2026-01-31 02:00:00
e02fa4879d6d50b3,2026-01-07 13:00:00
5979218e96e80119,2026-01-05 16:00:00
825c856b867f9525,2026-01-21 09:00:00
d2f5a12e4cdff543,2026-01-26 05:00:00
972b298b4272d29b,2026-01-11 11:00:00
270bca0587fceeba,2026-01-02 09:00:00
ecce844ad611ba4e,2026-02-08 11:00:00
f86afe3ba81c9890,2026-01-02 20:00:00
5a93a93db2cf4cda,2026-01-31 06:00:00
836ffda570c71763,2026-02-05 13:00:00
b872779a17157b0b,2026-01-06 04:00:00
b7bd8e9a825df445,2026-01-27 01:00:00
65b4b3c3a63a627b,2026-01-12 02:00:00
3ec09739e096757c,2026-01-04 16:00:00
227e18498208d9ce,2026-02-13 05:00:00
030b1bab9c77ffa0,2026-02-07 13:00:00
3a17cd5e8a39baa9,2026-01-23 16:00:00
57548e5c66a24af5,2026-01-23 15:00:00
31792cc1184dda2d,2026-01-31 04:00:00
653d73c8f1192154,2026-01-30 21:00:00
d8f54c5c831f027d,2026-01-19 08:00:00
6777b517aa64db1d,2026-01-16 04:00:00
acc0fae2546ee5ae,2026-02-12 03:00:00
808edd2a1a9871f1,2026-01-07 20:00:00
d1962192722dbfaa,2026-01-26 10:00:00
a754558bca5f2a44,2026-02-02 10:00:00
f9373a6d26a1a60e,2026-01-17 23:00:00
13d9ef56a49ab508,2026-01-22 06:00:00
8132d6e4c6dd9b91,2026-01-13 13:00:00
d129cf660a950df0,2026-01-07 20:00:00
da47e74daa35172c,2026-01-22 12:00:00
b48f38080f23d244,2026-01-06 07:00:00
0e4365ca8b1b3c1b,2026-01-31 13:00:00
71ebd151c1a579bc,2026-01-01 23:00:00
458b8d7b3cb55811,2026-01-03 20:00:00
32c0bd79f84798d8,2026-02-05 14:00:00
bf5b9dde4f7455bf,2026-01-07 20:00:00
22facde5960eb455,2026-01-20 00:00:00
2f3fceaf699c68f4,2026-02-09 23:00:00
2331b89eed233f02,2026-01-23 13:00:00
3cd2c0c6abe7aa01,2026-01-20 15:00:00
edb26307bfe3b060,2026-01-30 16:00:00
54cdc14649581210,2026-02-09 00:00:00
af980568e5462e05,2026-01-16 22:00:00
bde90b721f5fe9cd,2026-01-25 15:00:00
113b58e0f11c44e9,2026-02-05 19:00:00
1da52d329b48786b,2026-01-28 03:00:00
4816f8aaece50a7b,2026-02-10 09:00:00
67e7630015e87fd2,2026-01-28 23:00:00
ef5959c8a1a6fbe4,2026-01-01 01:00:00
f283654f928a2abe,2026-01-22 09:00:00
b52ab7ba59f76af2,2026-01-19 21:00:00
a9b86fcd26ba3fff,2026-01-27 10:00:00
5b54dd39c99bb32a,2026-01-28 04:00:00
3f41bd635ff00e38,2026-01-10 15:00:00
e0bb0eec53755865,2026-01-25 22:00:00
4eadea57ac660606,2026-02-08 20:00:00
345c85d12af48003,2026-01-28 20:00:00
557dee3c8213fbe5,2026-02-11 13:00:00
27f951945ef5e0dc,2026-01-10 11:00:00
5599ef413cdd3ecb,2026-01-14 01:00:00
ae69cde519ac8b92,2026-01-04 03:00:00
9c68bb83c4873f7f,2026-01-09 09:00:00
e468a0e5717073c7,2026-01-01 00:00:00
ec99271b81c83859,2026-01-16 06:00:00
25614d366e912bad,2026-02-11 01:00:00
2b06a453a33c8c54,2026-01-17 18:00:00
265c95957e8c8cff,2026-01-30 11:00:00
d4b6bd37c4d4a7c5,2026-01-25 22:00:00
f07fb3ad1dd8f459,2026-01-30 10:00:00
2bdea341ba323eff,2026-01-26 11:00:00
7df1a261b22c36b9,2026-01-22 16:00:00
ab9ff78b52d78e26,2026-01-07 13:00:00
0f3c592cc168af42,2026-02-08 02:00:00
10ef85886898ee9d,2026-01-29 22:00:00
80e7a65c66110e5e,2026-01-01 11:00:00
f55e8426babf235a,2026-01-20 00:00:00
f48ab4457c6c8f87,2026-02-03 12:00:00
35d434e2e6ebb4fa,2026-01-15 12:00:00
3508576dfa0ec3eb,2026-01-05 05:00:00
25f714b972bd7061,2026-01-18 18:00:00
9b8c9774fc9f5716,2026-01-14 13:00:00
6a46b5d687608106,2026-02-01 15:00:00
46ef7a0127ee2cf2,2026-01-29 18:00:00
12a78e485c2bdc04,2026-01-28 17:00:00
3cd0fa3b6fe8bb42,2026-02-03 04:00:00
46c3388ab36a1f7a,2026-01-07 19:00:00
03ef51e2c418cadc,2026-02-06 08:00:00
2648b0b47af9dc2e,2026-01-05 01:00:00
32eb7615f17601c2,2026-01-07 02:00:00
e453756fd180c2c7,2026-01-05 14:00:00
4e2d0ee5dad4ea7b,2026-01-19 22:00:00
e70b1983c06fdb00,2026-01-12 10:00:00
86ff019c2a95848e,2026-01-07 19:00:00
94586d53eee0a13c,2026-02-04 08:00:00
a3e3907347e2c842,2026-01-13 11:00:00
20c8d2ca0a726ba8,2026-01-02 11:00:00
b59a9a24f18fda14,2026-01-05 14:00:00
863471957d916d7e,2026-01-01 01:00:00
44a153fd86ca4332,2026-01-19 02:00:00
9102e477b5662ad8,2026-02-04 16:00:00
7da1d4b7f45f6267,2026-01-31 06:00:00
6201f505d152e851,2026-01-22 05:00:00
0673e5931c5cf3d4,2026-02-10 06:00:00
4fdb91da94b029a5,2026-01-16 11:00:00
4848fe95635a3ca2,2026-01-17 14:00:00
5aba5317c99df4b9,2026-01-03 04:00:00
ac087dbef5890464,2026-01-21 13:00:00
81839abf6b1f3015,2026-01-18 04:00:00
9a30d034f562cc1c,2026-02-14 14:00:00
4de9d28962eed54f,2026-01-29 19:00:00
359d5e7e94de66c6,2026-02-05 06:00:00
53f2492775d2a494,2026-01-03 14:00:00
b23545067b1b4494,2026-02-03 12:00:00
0348fa12dd73ef9a,2026-02-07 04:00:00
d41e90ee8d28cdaf,2026-01-01 12:00:00
89be99e7d290cf56,2026-02-05 09:00:00
807e229fed4a17b9,2026-02-09 02:00:00
e8ddb3809c08bb0a,2026-01-06 16:00:00
05e1b3b3cc839ca7,2026-01-21 13:00:00
0300a72057ff44be,2026-02-13 06:00:00
152aa2bf9c29a776,2026-01-15 10:00:00
66fe28c8ec5245ce,2026-01-26 03:00:00
9d136da5139d484b,2026-02-12 16:00:00
08a1415bff93e39f,2026-02-07 05:00:00
090c9ac6810fff7b,2026-01-19 10:00:00
9417c0dc4a6a9233,2026-01-07 02:00:00
fab994e893a8fbc1,2026-02-03 05:00:00
cf4434da7be666df,2026-01-27 15:00:00
461b53184de52559,2026-01-09 11:00:00
dae9d390c290cb55,2026-01-06 11:00:00
ab18560d92fcadaf,2026-01-09 19:00:00
4ce0eadb4da127dd,2026-02-14 23:00:00
83f9f964c1314293,2026-01-13 10:00:00
5e17314b9a2f53dd,2026-02-01 03:00:00
a6c54d709c6b477a,2026-02-07 05:00:00
ef7ac56866afbbe9,2026-02-12 04:00:00
27019a9a96276a6f,2026-01-18 16:00:00
aa6c029c351bacb6,2026-02-09 18:00:00
4c38a3c5fe2d4510,2026-02-01 17:00:00
949d765fe9b71d8d,2026-01-09 08:00:00
e3b74dea65ff1ad4,2026-01-13 16:00:00
6d6beea3e42ffacc,2026-01-30 05:00:00
2e264208a31413ea,2026-02-01 22:00:00
792a3345981c805d,2026-02-09 03:00:00
6d16c426f8abd1ec,2026-01-21 23:00:00
d5909acd52045317,2026-01-30 22:00:00
9f85acfeac167d8f,2026-01-15 06:00:00
7503635e81d1340d,2026-01-24 19:00:00
b3ea3acc37e2eee4,2026-01-14 17:00:00
149da181b6a580f0,2026-01-07 17:00:00
3eb7abc85204c764,2026-02-07 08:00:00
3eaab88c752ccddc,2026-01-04 08:00:00
eec337567b8c5f17,2026-02-06 23:00:00
3729d1826e2752ca,2026-02-10 14:00:00
06b78b036d36e781,2026-01-19 10:00:00
8a21d3cbb2224428,2026-01-18 09:00:00
88c7f7fef228989f,2026-01-16 12:00:00
bcf786b1128439c0,2026-02-12 23:00:00
cf8c51096e75919a,2026-01-19 05:00:00
0cad620010142abd,2026-02-10 07:00:00
469b027428fe8cf2,2026-01-15 11:00:00
e0ea19ab96cca332,2026-02-09 02:00:00
fd1360a7e3612cd8,2026-02-10 22:00:00
30e30c840f80def6,2026-01-11 04:00:00
e45bb743e1859905,2026-01-23 10:00:00
74846baa54f133d5,2026-01-04 14:00:00
5b3f1190a5162c05,2026-02-01 00:00:00
76c893e0b414d9ff,2026-01-07 07:00:00
996ea7df0621e369,2026-01-04 05:00:00
8562e1addac52b00,2026-01-23 07:00:00
89ee2541f82c8051,2026-02-04 19:00:00
95d49bf15e5b0949,2026-01-22 14:00:00
b00d63851fee5f3c,2026-02-09 15:00:00
672fee434567baf2,2026-01-08 05:00:00
e14c243501193850,2026-02-03 17:00:00
78eac9e6f65bfab6,2026-02-10 00:00:00
bc5170155902faab,2026-01-15 15:00:00
73c976a4f6a4f041,2026-01-03 13:00:00
c0f5419955a4b27e,2026-02-06 03:00:00
0565f62bbd09b591,2026-01-01 10:00:00
d0786f0023996fc2,2026-01-02 12:00:00
e534b00a48b50442,2026-01-22 15:00:00
161d2fc337a21082,2026-01-08 21:00:00
c237b39c5c8caf23,2026-01-23 15:00:00
f1b70c10e9d756a0,2026-01-25 19:00:00
5a4382d28b47ae40,2026-01-04 09:00:00
dc4f481c4070c7d3,2026-01-14 03:00:00
b4ea6f2ac8fd84a7,2026-01-25 05:00:00
528643cea929433a,2026-01-25 01:00:00
47bd950972851c9f,2026-01-16 19:00:00
0dfc2e8f358c138e,2026-01-28 00:00:00
2c478a5785945245,2026-02-05 09:00:00
990e03094756e52f,2026-01-08 20:00:00
a1add04e212a8e28,2026-01-19 04:00:00
420e16fa54012b21,2026-01-07 02:00:00
f82a7e78a6a9711b,2026-01-04 02:00:00
1b9debe753806ac8,2026-01-17 06:00:00
3c0ef4dff495d0e6,2026-01-01 14:00:00
e145a9e51a2806e1,2026-02-12 05:00:00
f35811ef9127741b,2026-02-10 12:00:00
15086d1efdb77ef2,2026-02-09 13:00:00
b16a5e9be1498193,2026-02-03 08:00:00
2ca614ef1ff215ac,2026-01-29 21:00:00
c669d3ce6f4ea1a5,2026-02-04 01:00:00
df601e6ae4769c72,2026-02-08 23:00:00
9a40bbed76b20b75,2026-01-21 15:00:00
8d10da2050ba90cf,2026-01-04 15:00:00
0f04ee85a5dbf2c6,2026-01-07 11:00:00
a9704a8ba19a18ec,2026-01-16 20:00:00
af77b9a1306826cb,2026-01-01 08:00:00
9dd72bd2e816748d,2026-01-14 14:00:00
ff7c146f3bea9d20,2026-01-06 12:00:00
03a83c6e29653203,2026-01-13 06:00:00
be81d30f89e5522b,2026-01-23 13:00:00
1029e94ca505f500,2026-01-03 17:00:00
866e38085fc75239,2026-01-30 12:00:00
185e5d29798dc923,2026-01-12 20:00:00
8e7dc04fdcc9a828,2026-01-17 18:00:00
2c2c7fa01fe93773,2026-01-13 14:00:00
09e6f582b271d8f1,2026-01-05 06:00:00
387e43cd84fa1be6,2026-02-05 12:00:00
ece87e4a93c88faa,2026-01-25 22:00:00
b9d5f17b234f6281,2026-01-29 19:00:00
44c85f981758654c,2026-02-08 01:00:00
aacb54bafa364ecf,2026-02-12 01:00:00
830dfd822372ce50,2026-01-24 07:00:00
eaeededb3e37fc6d,2026-02-07 18:00:00
2fd42c9b291fe2fa,2026-01-18 16:00:00
fbbef74fbebdf4be,2026-02-09 23:00:00
7d296441d96ad9ff,2026-02-02 17:00:00
fd6517382f101821,2026-02-12 18:00:00
1a546141377169a4,2026-02-03 08:00:00
559a4ff5db00f2ad,2026-02-04 19:00:00
8a723b31384e7d64,2026-01-31 14:00:00
ffd038d02511090e,2026-02-11 00:00:00
b4ede95d10d88d47,2026-01-06 03:00:00
31c623b7227b56b2,2026-01-09 13:00:00
f3585485a7f85d55,2026-01-30 22:00:00
00b36c73680d717d,2026-02-07 02:00:00
0193379a13c5e52d,2026-01-21 17:00:00
7b4dc0aee49d5285,2026-02-08 17:00:00
532f778af3ca8064,2026-02-14 02:00:00
3ccbe036b8209163,2026-01-03 18:00:00
3705a06f4636c383,2026-01-19 10:00:00
ea7d92e60f9d99cd,2026-02-12 09:00:00
40cdcd065967c232,2026-01-24 10:00:00
1f3c77a8c0244e80,2026-01-11 00:00:00
94b09ecc65e281bd,2026-02-11 09:00:00
5ce690df1530c458,2026-01-11 06:00:00
be07be2e88838583,2026-01-22 03:00:00
9b70fb6e134a9150,2026-01-20 13:00:00
85f7fe9cef314b33,2026-01-28 05:00:00
0cbb55c52755c1e9,2026-01-30 14:00:00
c8cb64306922bf9f,2026-01-27 10:00:00
a67cd02a4465d6b1,2026-02-06 03:00:00
de773f026bfeb57c,2026-01-03 19:00:00
b5e63ee5001b1880,2026-01-20 09:00:00
5ed59522f789ca8c,2026-01-22 08:00:00
ea685030d601b34d,2026-01-04 03:00:00
cdf07b001ddbdb8c,2026-01-19 08:00:00
a936b26447a7a5ab,2026-01-18 03:00:00
6c46ef59a01b0d6b,2026-01-05 09:00:00
a34e54f7efd23cbc,2026-02-13 21:00:00
87cc126a4c92f5a0,2026-02-11 01:00:00
7e94ff50fed8c3da,2026-01-06 10:00:00
a4f3247548fa64fc,2026-01-17 11:00:00
0391f452059ee583,2026-01-22 14:00:00
45d0e24ff80399b2,2026-01-12 01:00:00
bacd59313cf09122,2026-02-08 03:00:00
dc676f6086fdb7c9,2026-01-29 01:00:00
a36af16891c49c60,2026-02-01 22:00:00
017b2454733c26aa,2026-01-05 09:00:00
eed2cf373909ff96,2026-01-17 06:00:00
a146fec330b15c15,2026-01-29 15:00:00
510f8b151bf12217,2026-01-28 03:00:00
5c1a8f47e8795706,2026-02-09 15:00:00
6418bec27c9ea2e0,2026-01-24 23:00:00
6e7b370b4c5b3ee2,2026-01-27 17:00:00
642c687e4f3dbc19,2026-01-20 07:00:00
e7d94fb22556a187,2026-01-13 01:00:00
911d906135c93ab8,2026-02-14 23:00:00
9a4e61fa1bb9aa76,2026-01-20 22:00:00
87f7f2d35115cb2c,2026-01-07 21:00:00
2a66502bcc77b0ee,2026-02-12 16:00:00
84c07af9809c6841,2026-01-10 13:00:00
077dd8147b424792,2026-01-16 16:00:00
5f985e3af1752c33,2026-01-09 16:00:00
626bde2c8062a720,2026-02-04 11:00:00
246cd84818ea5184,2026-01-12 00:00:00
09ce2ccbcd4a6cf0,2026-01-05 10:00:00
bb573023a0544584,2026-01-28 21:00:00
e25825591b8871b1,2026-01-19 05:00:00
2ea2a97e4e2f42d2,2026-01-13 03:00:00
fc7110c24b038101,2026-01-20 04:00:00
404c85e4ec13373a,2026-02-11 08:00:00
0a1a5de446e891f1,2026-01-29 11:00:00
f0b7ff4e31e01856,2026-02-09 23:00:00
802577e65d979475,2026-01-10 01:00:00
4370d0bfdfb09529,2026-02-03 07:00:00
e498290f1223bbec,2026-02-08 07:00:00
305a841e3a04cc73,2026-01-12 05:00:00
c36c7b69e4390db6,2026-01-25 02:00:00
bcca150b34ae5cc3,2026-01-21 12:00:00
8bb4ffd37fccca18,2026-02-14 15:00:00
700a133eeff6caa9,2026-02-02 09:00:00
c293458fb9a9d88b,2026-02-03 16:00:00
fa949d4c44595dee,2026-01-06 02:00:00
4ab5a8c65f007f86,2026-01-24 22:00:00
b8a62b30d87844f9,2026-02-03 23:00:00
af9504ecb0715122,2026-01-05 11:00:00
ae6d802c3d6ff9bc,2026-02-04 03:00:00
f71fd44c1e3cdeeb,2026-01-24 05:00:00
831efed443082d21,2026-01-11 02:00:00
156fdaae6f26ac21,2026-01-21 01:00:00
d0f24cd5a6f5df74,2026-01-18 15:00:00
7d2f044edb2d5637,2026-01-09 20:00:00
0757b0fcfcd8df89,2026-02-14 00:00:00
5f6d9b948729ed76,2026-02-02 10:00:00
8a5e63d5c462bc46,2026-02-08 18:00:00
0e92496e4dfce843,2026-01-27 12:00:00
bbeb2b6fcd0fc59b,2026-02-02 18:00:00
07f1967fbf8f02a4,2026-01-27 15:00:00
8efdf04557e9e615,2026-01-01 05:00:00
db9b3b5bce661781,2026-02-01 02:00:00
07b443dfa6b0dfe0,2026-01-04 22:00:00
04b36e64f88a9968,2026-01-21 11:00:00
2bcd2a4152d41b16,2026-02-13 06:00:00
b40c9aa0f6ced603,2026-01-08 00:00:00
8d0f77499039c287,2026-01-14 07:00:00
3e7743ea506a4700,2026-01-19 00:00:00
8caece4e877c8853,2026-02-08 10:00:00
4fb5b81492e14785,2026-01-26 19:00:00
4009e7af8c4d8784,2026-02-13 09:00:00
4146f2c8a5935794,2026-01-17 10:00:00
a5732d3220bdd429,2026-01-01 05:00:00
32c3d77d0cc9c4c6,2026-01-07 20:00:00
30592b3ee34b7317,2026-01-12 01:00:00
40cccd2d7b955089,2026-01-21 13:00:00
722ed4e829bf44e5,2026-01-22 10:00:00
6f26ec99b7f51981,2026-02-14 18:00:00
ca91559470d37e18,2026-01-17 16:00:00
cb7df7274f5e2374,2026-02-01 09:00:00
5dbe80c7cf5f8b4f,2026-02-12 08:00:00
42a8fb4d07880a39,2026-02-10 23:00:00
9caee26f4f7861f9,2026-02-11 16:00:00
4f50a5b93a9125ae,2026-02-14 04:00:00
29ef9d3b45482881,2026-01-26 22:00:00
c47998a26628c404,2026-02-13 11:00:00
3af04742724c8c4e,2026-01-27 10:00:00
532ead224a735c66,2026-01-19 15:00:00
5278ccaba207c0d8,2026-01-02 14:00:00
255d910eaaab791e,2026-01-09 18:00:00
d4701c4480688cae,2026-01-11 06:00:00
2ebd990e45cabbd6,2026-01-12 02:00:00
c67646ec05ff9613,2026-01-23 14:00:00
057bc734e540e2f7,2026-01-22 05:00:00
1d20fa86476616c5,2026-01-08 08:00:00
6033bcaae45f59bd,2026-01-09 01:00:00
b22f99c62de919ac,2026-01-10 05:00:00
ebf4c8eae68d1e40,2026-01-25 00:00:00
23546fb116a24904,2026-02-10 08:00:00
31b0579c10325f92,2026-01-14 08:00:00
10981e3efe3049f0,2026-01-30 19:00:00
d614c1e5b81a3b01,2026-01-15 10:00:00
de048b8eb858f436,2026-01-24 05:00:00
145489bd2496d5d1,2026-01-11 12:00:00
2010bcd6ceed7f5b,2026-01-16 09:00:00
63c61c790028db2d,2026-01-02 23:00:00
42d1177a05cf09d7,2026-02-13 09:00:00
f8507551388c4b38,2026-01-23 14:00:00
407cf733184c5f8b,2026-01-22 17:00:00
13fab5a979c6514a,2026-01-28 06:00:00
9a528d2ddc9e7785,2026-01-16 13:00:00
e1e8e2f0993ccbfb,2026-02-14 07:00:00
dad7a7d66332d1a9,2026-01-07 13:00:00
6d1f7c69ee5905eb,2026-01-24 06:00:00
6cb274247f5c1443,2026-02-04 10:00:00
91140e5b9ab4a81b,2026-01-05 05:00:00
cdefdb813bf870b3,2026-01-30 20:00:00
3f42e165dbbd047f,2026-02-10 20:00:00
d59698df37b093d0,2026-01-23 16:00:00
42c36260494ac6cc,2026-02-14 10:00:00
077194973ce3a638,2026-01-24 03:00:00
0892611240a45a88,2026-01-22 17:00:00
b9bd8ed604447de7,2026-01-23 16:00:00
05cde5e946a22de1,2026-01-01 04:00:00
6830e1e976d7688a,2026-02-11 23:00:00
e7bd3f667325c70c,2026-01-30 03:00:00
3093bd3ef0548230,2026-01-28 00:00:00
6be3f326f277382f,2026-01-05 16:00:00
3293c5c46b437402,2026-02-03 05:00:00
3917b70b15560e34,2026-01-08 04:00:00
db1f1e6e499e836c,2026-01-10 14:00:00
cf5af29f86c15331,2026-01-08 08:00:00
e8a57dfb6acde00d,2026-01-19 06:00:00
3a5fb11b79f18edd,2026-01-08 04:00:00
1053bac549bd80b4,2026-02-12 03:00:00
7b072a4742daed26,2026-01-23 21:00:00
31c465124f80436a,2026-02-03 09:00:00
f784d1c546976fae,2026-02-08 12:00:00
b72c40f4d926e36c,2026-01-27 12:00:00
6ce1971bf63f9be0,2026-01-08 07:00:00
d3bf46a711d079fa,2026-01-08 09:00:00
b93ef89d1a016b2d,2026-02-08 19:00:00
7b4b12be4d85ac58,2026-01-26 07:00:00
7debde637324b8a1,2026-01-12 16:00:00
51bbd014d8326499,2026-01-03 08:00:00
71ae77b1f9e88264,2026-01-08 17:00:00
fde4e1e4f9ae9d89,2026-01-30 22:00:00
9a22e9e142450cbe,2026-01-24 18:00:00
476926df66e34e6d,2026-01-18 12:00:00
727fa5dcf1ddc8e0,2026-02-02 07:00:00
2be603eb6d0002a2,2026-02-03 09:00:00
ab00f61ee60be326,2026-01-09 18:00:00
ad0e4db6476eddb6,2026-01-02 18:00:00
2d41514f9128bc73,2026-01-12 22:00:00
9161b33ec27905e4,2026-02-07 05:00:00
b2f6b2d875ddd30e,2026-01-27 01:00:00
beb8841bfd802f83,2026-01-10 01:00:00
b64ea77246044b38,2026-01-25 16:00:00
d332e19d4f3bf1c4,2026-01-15 12:00:00
20165560b875b63e,2026-02-08 07:00:00
63c235c851fb59cc,2026-01-23 11:00:00
7b4a9f03b79ad51c,2026-01-11 00:00:00
65a23d2085062250,2026-01-05 03:00:00
15f51f5f332b9349,2026-01-31 11:00:00
ffa45284199f3b1c,2026-02-12 10:00:00
b38d8bcccefaeb4c,2026-02-07 09:00:00
4ce6883843d6fc66,2026-01-29 21:00:00
dc037fbd41bff79d,2026-01-26 12:00:00
8dd33ca0cfa2ef34,2026-01-20 12:00:00
b693571bebb86519,2026-01-05 08:00:00
eef06125eb8c9cce,2026-02-04 07:00:00
e1f689220fd97216,2026-01-28 17:00:00
2a870a1ec5df0454,2026-01-07 00:00:00
3b6b0592a9ad0505,2026-02-10 09:00:00
9945ac6a5e64e4b1,2026-01-01 08:00:00
83430e1a67c05581,2026-02-08 08:00:00
123e79d46ead620b,2026-02-08 06:00:00
61620b550366170a,2026-01-05 14:00:00
b0f0b4bbe71b07a3,2026-01-20 19:00:00
8fd46de9cf626231,2026-01-16 01:00:00
3308286b56dc06ce,2026-02-12 14:00:00
1f14e691a0aa0bc0,2026-01-27 05:00:00
6517262cf3f9b88b,2026-02-03 03:00:00
a7046eaad06f4998,2026-01-15 16:00:00
7b032a63d97fc4cc,2026-02-13 23:00:00
d59b61b6e7f5ae02,2026-01-04 20:00:00
16e8f4b1a4366621,2026-01-08 03:00:00
9866cca13de360c1,2026-02-05 15:00:00
ae47552ff06d5d26,2026-02-05 05:00:00
17cf549fa7496d67,2026-01-20 04:00:00
e4be533a8b1b095f,2026-01-25 00:00:00
1dbe86e76bd1d0d1,2026-01-16 05:00:00
ed7f9447919d2ce0,2026-01-09 09:00:00
7557c857deeb0525,2026-02-03 04:00:00
1a261a8a2a4d0985,2026-01-17 05:00:00
1850ba21fa40fd6f,2026-02-13 00:00:00
286d9a89d6359792,2026-01-11 22:00:00
5b4c528c753640f9,2026-01-27 00:00:00
c06602f5129ed723,2026-01-08 19:00:00
8972bdc205740fc5,2026-01-19 16:00:00
74dba50d6bb26e19,2026-01-20 07:00:00
81e343019e720532,2026-02-05 21:00:00
dd120c0098197704,2026-02-10 05:00:00
4938e3f5d7d97e51,2026-01-13 17:00:00
74a335e58e9b9ed2,2026-02-10 03:00:00
466e19e68625b0ee,2026-01-05 13:00:00
414fc91e8172a4f7,2026-01-16 09:00:00
6b2b73ff38b14261,2026-01-23 03:00:00
9c463434548524ac,2026-01-29 09:00:00
2f985d3918f97761,2026-02-12 08:00:00
803b71efc32ddcc2,2026-02-03 03:00:00
c88cd50c4f17df0c,2026-01-06 01:00:00
881177c25d1b8948,2026-02-13 16:00:00
0179e3f2e53f9acc,2026-01-05 12:00:00
e97d69eff9405b4e,2026-01-06 09:00:00
cd74da75c7284b6e,2026-02-01 20:00:00
3e0a1d4f3e7b6b22,2026-01-25 10:00:00
713a825ddc86f85d,2026-01-04 02:00:00
e844931193489d58,2026-01-15 18:00:00
c680c964bc1e8dec,2026-02-09 02:00:00
6c97bec8e327f1cb,2026-01-01 14:00:00
837dfc19e1dd0f67,2026-01-03 18:00:00
5e2efb0442cf0450,2026-01-10 10:00:00
316cda7bef08a47a,2026-01-28 10:00:00
ccf39b18837ed395,2026-01-02 03:00:00
fbce3c5ed802718e,2026-01-16 11:00:00
3a640c8f30509056,2026-01-04 04:00:00
c89437b2dfa94d7b,2026-01-06 01:00:00
76859de55b3db46a,2026-02-10 19:00:00
5089358e1e97562c,2026-01-29 20:00:00
857885ea42cd1a7d,2026-01-19 21:00:00
c72ba7451fc91a1a,2026-01-23 22:00:00
46ab7cced9db1457,2026-01-25 10:00:00
e89e97ffcd0fa015,2026-01-23 22:00:00
9a5429fe2f9fd509,2026-02-12 00:00:00
33957e364c745a6b,2026-02-01 17:00:00
da4f3e3efafa5ef4,2026-01-09 12:00:00
b9e6992b6f90ee18,2026-01-12 20:00:00
0a240baa35a9796e,2026-01-29 17:00:00
dc766bd10cd53f66,2026-01-19 06:00:00
f70ac50a5decdf68,2026-01-13 05:00:00
96257dde733451c2,2026-02-03 01:00:00
b4d7588deba268ab,2026-01-11 09:00:00
98d44759e27bf2fb,2026-02-13 18:00:00
50ac762182bbe848,2026-02-13 17:00:00
105a4d77da653fc5,2026-02-11 02:00:00
bb19b6738b44b907,2026-01-24 10:00:00
84a2f8ab50805d31,2026-01-29 16:00:00
12bb980bd457305c,2026-02-04 23:00:00
4903f5c5b13bad17,2026-02-12 13:00:00
c152b144cd4345db,2026-02-02 08:00:00
c6445e9a2ff07fe6,2026-01-25 10:00:00
55f01a23b5116157,2026-01-22 00:00:00
eb94e869281da0e5,2026-02-07 15:00:00
6ccd2fc4bdffb0b5,2026-01-27 18:00:00
084a9f9aafb7f447,2026-01-17 21:00:00
f8742459bc62864a,2026-01-12 17:00:00
4f484f740c209cea,2026-01-12 20:00:00
cf4518c07362987f,2026-02-14 12:00:00
abfb171ddcc0da51,2026-01-11 12:00:00
795ee4812b01af17,2026-01-05 22:00:00
c82e2330b87648c7,2026-01-12 17:00:00
8ac9acacccfc5786,2026-01-18 18:00:00
4671d4ffda48e367,2026-02-06 16:00:00
d583c7d8a529fe9e,2026-01-02 15:00:00
291fa40b0250732a,2026-01-04 16:00:00
e872687c91d88817,2026-01-16 09:00:00
c7d721c5b94b59b9,2026-01-22 06:00:00
da9c3f6205d9ac25,2026-01-26 03:00:00
6f2cf4f5e693947f,2026-01-08 04:00:00
3dfa24ca21c793c8,2026-01-24 10:00:00
e9047de8c9847ca3,2026-01-13 20:00:00
148cc702e109b482,2026-01-16 13:00:00
723256ae90d4b1a5,2026-01-13 05:00:00
9c6acbed60ccec14,2026-01-08 11:00:00
b57446efca889023,2026-01-26 13:00:00
fb5fbda465dc4136,2026-02-08 04:00:00
fe0b4e10f46054f0,2026-01-27 04:00:00
55f7b0d8abf7832c,2026-02-08 23:00:00
57fca8cd0bb28f56,2026-01-28 06:00:00
b798e79d11209dd2,2026-01-20 22:00:00
3679d226afcc4e92,2026-01-26 16:00:00
83d955f993168d14,2026-01-09 04:00:00
0e07926304f51a72,2026-01-16 12:00:00
bd212b788c40b934,2026-01-31 09:00:00
cf45aeaa52d2a61d,2026-01-03 19:00:00
8075aa8af6e0e98c,2026-02-13 15:00:00
6582d1c8714a5518,2026-02-14 19:00:00
c45d7eb1aa979246,2026-01-14 07:00:00
14f4733ab30dd556,2026-01-07 13:00:00
5e834b0b7a185ab5,2026-01-23 05:00:00
840520c6052f5490,2026-01-10 03:00:00
1836ae5e99b8dcca,2026-01-24 05:00:00
a17c8745b6a0698b,2026-02-06 00:00:00
c4236fe97038e34a,2026-01-23 11:00:00
9533ba4ac7237fb0,2026-01-18 23:00:00
290a943a5f28f5c9,2026-02-05 14:00:00
31e5ca2ea6d47f96,2026-01-10 05:00:00
397f4d001946d995,2026-01-05 12:00:00
a86fc663fb8480fe,2026-01-13 17:00:00
e30d8df1e948cf93,2026-01-06 10:00:00
d8588cd78344707e,2026-02-03 06:00:00
ac0604cfa98569df,2026-02-04 00:00:00
acff2d9d0e1b9632,2026-02-02 02:00:00
c3a0ecce313dba06,2026-02-07 23:00:00
cf5837758ebcb149,2026-01-24 10:00:00
a778152625deb38e,2026-02-14 17:00:00
07073529d57c8636,2026-01-13 14:00:00
c294c09f59a6c375,2026-01-28 19:00:00
7d7eb863d672a065,2026-01-31 11:00:00
696af1cd14113f82,2026-02-11 10:00:00
6f96e1750179588e,2026-01-01 00:00:00
d544d21e2e6eb640,2026-01-15 17:00:00
dc775f8c228ae307,2026-01-21 09:00:00
650023282db6fbfb,2026-02-05 05:00:00
cdc707a9776654de,2026-02-12 10:00:00
27cec812621a0ea1,2026-01-19 06:00:00
36b64a0f65d23012,2026-02-14 00:00:00
6a94c7bd0f45b4f5,2026-01-19 23:00:00
38f3acad65a61078,2026-01-02 00:00:00
f161c05d0d13e63d,2026-01-30 04:00:00
2e3aea99bd108cee,2026-02-08 22:00:00
d730f4cec54b29cf,2026-01-31 02:00:00
f18060aefb226a17,2026-01-25 12:00:00
d3b94a103a45e5a9,2026-01-26 23:00:00
e4bda9487078d1d0,2026-02-03 20:00:00
59803447dace48d1,2026-01-11 09:00:00
5236802220773c34,2026-01-25 14:00:00
e27120613b4b798e,2026-01-14 23:00:00
d7fa4988a5c26f89,2026-02-03 00:00:00
3541882a47f67599,2026-02-12 23:00:00
581240ac8d153785,2026-01-31 19:00:00
7ca746fc344799f9,2026-01-29 18:00:00
fcecad17234877fd,2026-02-12 05:00:00
ab36aac671618a7f,2026-01-02 15:00:00
a365e08122c84ac9,2026-01-11 13:00:00
bbe1a58ae852de43,2026-01-30 02:00:00
1ecce03366b564cf,2026-01-21 03:00:00
9e3fb25d18e3448a,2026-01-07 13:00:00
0d525508ef82fc8c,2026-01-07 14:00:00
a155f18e38aa50ed,2026-01-16 03:00:00
b23b02605a9595ec,2026-01-15 06:00:00
6aa9947878b959bd,2026-01-07 03:00:00
83476aac81d66e45,2026-01-17 16:00:00
8677b00f747bd76d,2026-01-08 23:00:00
15de276aaae36129,2026-02-14 06:00:00
7bdf420e622fe619,2026-01-01 18:00:00
9b4f1b75b0923a15,2026-02-03 13:00:00
7d15b313a8594bda,2026-01-21 14:00:00
78d3db318476a721,2026-01-05 02:00:00
a55f9ebc86fec353,2026-02-09 20:00:00
c703a4ae73e4bd72,2026-02-11 20:00:00
158a72cf8cc46037,2026-01-16 20:00:00
b5624c34a5352c4b,2026-02-03 20:00:00
38e6339776454adb,2026-02-14 03:00:00
2b383f7fdce44175,2026-01-17 10:00:00
4e3c5963aaf9b477,2026-01-30 21:00:00
e390b389e28f3ca2,2026-01-26 23:00:00
8f1586b35546b4e9,2026-02-08 10:00:00
d74cb87dc4cf788e,2026-01-27 12:00:00
0cf4e5435185a023,2026-01-07 22:00:00
836d82cd3d15854e,2026-01-24 09:00:00
c6df77760280c4f8,2026-01-30 05:00:00
14fb8802509968da,2026-02-01 04:00:00
bde268b57d49b475,2026-02-03 13:00:00
e92a735e72e654c0,2026-01-02 17:00:00
a847d3f78fbf7a3e,2026-01-31 13:00:00
9e6513a34993b4c5,2026-01-08 03:00:00
bb6332058af8fc0b,2026-02-01 02:00:00
5f82958296291cbd,2026-02-11 19:00:00
73278fa692944d36,2026-01-08 13:00:00
25ef33a1b3fafcd5,2026-02-11 19:00:00
d6385afa4caadb9d,2026-01-17 00:00:00
8185dc335b54d72c,2026-01-29 23:00:00
10f736a2464242e6,2026-02-01 13:00:00
9c26459a7a195d35,2026-02-14 06:00:00
f85ada0e272becd5,2026-02-10 05:00:00
34494e39f901a057,2026-02-03 09:00:00
aa4a2c439bd1e30b,2026-01-07 20:00:00
ee7d697bfdd7e5b1,2026-01-23 00:00:00
a0dd39fc98f6662f,2026-01-16 08:00:00
2fe814642fee74f5,2026-02-07 22:00:00
fa5d0769c952143b,2026-01-09 05:00:00
31c927699cf905f6,2026-01-05 10:00:00
d4c8b34a2fdc1ec5,2026-01-10 02:00:00
4eb9db7be2d09cd1,2026-01-26 06:00:00
5a3f207732f0bda6,2026-01-22 22:00:00
1c1c1804382d795c,2026-01-08 14:00:00
6689851d67ddc18d,2026-01-04 21:00:00
f046f4dea37cc5c2,2026-02-11 02:00:00
a54aae3456eee176,2026-01-30 18:00:00
2a014ab3323b8078,2026-01-22 16:00:00
c1d93e25d13432f1,2026-01-23 21:00:00
2207ea20eb0988c3,2026-01-15 18:00:00
e61536608140842c,2026-02-01 09:00:00
dd413fdaa44c377e,2026-02-04 10:00:00
9d0805c1eb4cab11,2026-01-31 01:00:00
0212759a41a82e4e,2026-01-26 03:00:00
3c73bf0b2938ccf1,2026-01-17 01:00:00
ab5dbafc34830b15,2026-01-15 00:00:00
46a6d0924c03f738,2026-01-25 20:00:00
445762e9a6176867,2026-02-14 05:00:00
a6c8a3179f59e86c,2026-01-26 00:00:00
0d2c7fbae77bfb8a,2026-01-13 02:00:00
15172290548c6cc9,2026-01-22 08:00:00
3725b8d364d8170b,2026-01-28 22:00:00
f495f154b08dffaa,2026-01-05 17:00:00
dc1da39cf660bcb9,2026-01-27 11:00:00
c4dbb4c0b086a355,2026-02-01 12:00:00
7e55d187a8bf9ea0,2026-01-17 20:00:00
8d348b9a854df396,2026-01-24 10:00:00
901b07e1a21f1a71,2026-02-12 21:00:00
1e9ba0a0fe5bae5d,2026-02-08 06:00:00
56e2ee2adffe7bfb,2026-02-08 15:00:00
fe1bd70826483f03,2026-01-05 12:00:00
a88cb452099b09ed,2026-01-17 19:00:00
e5b52dccbca63439,2026-01-19 15:00:00
792d429f5007f9d3,2026-01-16 10:00:00
d29a20d5a6336baf,2026-01-05 22:00:00
3970f061f9f6c8ff,2026-01-11 10:00:00
53aa6f60eedd7491,2026-02-08 16:00:00
515651a16ebde63d,2026-01-09 06:00:00
ffb081097110ebeb,2026-01-15 04:00:00
d4cd78cdb4b2dbbf,2026-01-16 13:00:00
8b431200dadf8f24,2026-02-03 09:00:00
8c2911625e1994a0,2026-02-01 13:00:00
d8d6f735abef4842,2026-02-08 06:00:00
c8aeaec26c6b8a59,2026-01-24 05:00:00
16888b912dfffad3,2026-02-06 14:00:00
0584feb7a1fbb487,2026-01-15 10:00:00
4142d4055924cfcb,2026-02-10 14:00:00
410aa0b1def9a991,2026-01-12 04:00:00
6aafbd02303e99c7,2026-01-06 14:00:00
bfb122aebf148d63,2026-01-19 00:00:00
5e62db8dbb123445,2026-01-03 22:00:00
3a176086e4ef58df,2026-02-13 06:00:00
c08bec98ec806435,2026-02-14 14:00:00
8c2b7684c37ddad9,2026-01-28 13:00:00
527fd71a9872ac4e,2026-01-27 18:00:00
504dd6fc13d953c5,2026-02-10 03:00:00
4e312f7494363abf,2026-02-07 11:00:00
aad0d3f73f592f76,2026-02-08 04:00:00
8e9ebe039a404162,2026-02-02 22:00:00
8f1af46a48893f7f,2026-01-28 21:00:00
6c6e987c7cb0e7e7,2026-02-09 09:00:00
dd102e8fd2137d33,2026-01-15 13:00:00
26e0071afe821fdc,2026-02-06 02:00:00
bb60025c832c96bf,2026-01-31 02:00:00
027784f80f537550,2026-01-06 14:00:00
0a5501fa5ec870ae,2026-02-09 06:00:00
17a69353159dbf2c,2026-01-27 19:00:00
804400ad97d3924c,2026-01-16 01:00:00
5c1251724379d6aa,2026-01-12 15:00:00
15af9e29f5650194,2026-01-01 10:00:00
f0821a6add768e65,2026-02-09 22:00:00
8a5e67152e7a1d0d,2026-01-01 04:00:00
bd170fed82de2ed1,2026-01-03 18:00:00
a5d1fcdc898b3682,2026-01-26 12:00:00
df285bf29725363f,2026-02-13 22:00:00
1c9f8c41da78c80f,2026-02-10 18:00:00
5c9f0b724195b861,2026-01-19 19:00:00
0689a351d32b1401,2026-01-18 20:00:00
f21600221da5219c,2026-01-16 20:00:00
4d855ce27dfe28d1,2026-01-24 21:00:00
214d0fe569c0ff9e,2026-02-13 09:00:00
e47f3ec05b1818a0,2026-01-19 00:00:00
fc314c0292a838a6,2026-02-10 01:00:00
bbc6a2b993c8c419,2026-01-31 16:00:00
e954e70862757f5e,2026-01-26 11:00:00
f708382fe64935ea,2026-01-30 21:00:00
cf954eab5c4dd212,2026-01-24 10:00:00
67bf7dcd2396798f,2026-01-09 11:00:00
88407e513e7c81b2,2026-02-10 08:00:00
c00b2ab58cd8866e,2026-02-11 18:00:00
c096fcb56a7f8d1f,2026-02-07 05:00:00
075751c58479140e,2026-01-03 13:00:00
91e91c74a8705a3d,2026-01-11 18:00:00
4b3b73ab5e225c57,2026-01-02 13:00:00
cd8d0fd415c8811f,2026-01-15 16:00:00
3bf2161536d583a9,2026-02-05 06:00:00
1d36121a3eefdb5c,2026-02-01 20:00:00
e17e1626c4f4977d,2026-01-07 14:00:00
dbfb97e68124f1c5,2026-02-01 05:00:00
482fe71b55ecce12,2026-01-26 21:00:00
2fcd86bbad544578,2026-01-20 11:00:00
5d8337fc3e116f6e,2026-02-04 00:00:00
9b936ee71bfe8507,2026-02-02 12:00:00
403c70ddd74bc859,2026-01-16 04:00:00
1f25b91d4bc75e38,2026-02-10 10:00:00
126246700f20fe83,2026-01-12 14:00:00
d319f0fc322ad07e,2026-01-07 02:00:00
4711b52ee7a26d3c,2026-01-25 20:00:00
d5a3e75fb0d62ff6,2026-01-16 04:00:00
ec7e2c158bb9d991,2026-02-14 20:00:00
06f85f15ab3dab44,2026-01-31 02:00:00
f8e13a2b7c194077,2026-02-10 12:00:00
67b8f5d453c27ef6,2026-01-05 10:00:00
a2113f8948ad0e67,2026-01-12 14:00:00
9903a2650524f07a,2026-01-02 16:00:00
857abccdb76e6f2f,2026-01-29 03:00:00
6a286e87251d353a,2026-01-29 08:00:00
f01dfcd23f658294,2026-01-12 18:00:00
0f0332b4b23cc433,2026-02-11 05:00:00
16fce4c4e7153376,2026-01-03 02:00:00
94885f3df3cc7196,2026-02-13 21:00:00
244b28ecda8465fd,2026-01-19 16:00:00
4b1e4420fef7cd57,2026-01-15 05:00:00
9f76c8432f7d9a50,2026-02-01 23:00:00
aa9f60778cc54e32,2026-01-19 05:00:00
675c72c39d925287,2026-01-18 22:00:00
1ccb43dbb9cbd355,2026-01-03 10:00:00
2509a748423ad141,2026-01-10 06:00:00
4128ca94baa004b0,2026-01-07 08:00:00
0707e41c22ea8f9c,2026-01-29 22:00:00
78b93f294f496003,2026-01-29 01:00:00
fe2f38148e21b864,2026-01-09 04:00:00
0b9f91885c747505,2026-01-05 22:00:00
8f3c3865cf570f11,2026-01-03 08:00:00
e8bfabafecb6dfc3,2026-01-31 00:00:00
61a862a013ec3693,2026-02-13 15:00:00
fb8e07b309a7b4fd,2026-01-31 19:00:00
b103334de3839e87,2026-01-19 19:00:00
465889fa192954d2,2026-01-21 12:00:00
04fdcda734e19159,2026-01-03 17:00:00
beac654c1bc0c103,2026-01-31 19:00:00
5da06a571988c89e,2026-01-30 20:00:00
ff30bef6a80773e1,2026-01-09 15:00:00
a95945a1d68a6e35,2026-01-12 21:00:00
f5153561e27e259f,2026-01-30 05:00:00
7cc7007180d48cbc,2026-01-21 18:00:00
593ff6635594923a,2026-01-16 22:00:00
bdc1cb6b93222438,2026-01-04 01:00:00
2a5a9b331df984eb,2026-01-07 11:00:00
69e336c53b97a862,2026-02-08 13:00:00
738d2df3ef3b0e20,2026-01-06 01:00:00
fcb3caa84657040b,2026-01-02 04:00:00
6d91f3464b1dc6d9,2026-01-18 00:00:00
6adb2c08be9efff3,2026-01-14 05:00:00
0d02a6564eb60249,2026-01-03 23:00:00
d7b804a949a8b8ef,2026-01-24 22:00:00
3667c610f80d5c7f,2026-01-02 12:00:00
47487aaa7a78a966,2026-01-30 22:00:00
e7398ce8e0dc3a84,2026-02-12 13:00:00
7646ef940f652465,2026-01-01 04:00:00
f60840a8929067c2,2026-01-10 19:00:00
4418b812b31b42a8,2026-02-06 15:00:00
2b0812a77c31f72d,2026-02-11 19:00:00
64353a8e7fd90c1c,2026-02-10 10:00:00
99b1c1a1d4e48bb8,2026-02-01 09:00:00
c939ad78490af7d4,2026-01-31 14:00:00
91b094aed567b57f,2026-01-17 07:00:00
318bdd89d6cf6c5d,2026-01-06 17:00:00
a39c74ebfe900dc9,2026-02-03 18:00:00
8c93dc715ca6bb06,2026-02-01 00:00:00
7b16598d99b3edb7,2026-01-30 07:00:00
4a81111a83029a0d,2026-01-09 04:00:00
e5bcd07c8923f118,2026-02-05 15:00:00
e10909d52abdb9d8,2026-01-05 13:00:00
46656682bab1609d,2026-01-08 12:00:00
ce26b7074add71c3,2026-01-24 16:00:00
7e0b4cff6c9c3017,2026-02-01 19:00:00
ccd5f28f98d34c41,2026-02-01 03:00:00
75a61a47ea09dd32,2026-01-04 16:00:00
a5f50862410fe67a,2026-01-04 01:00:00
c806689a46bed66e,2026-01-27 13:00:00
b87c2ad46f78da9a,2026-01-18 21:00:00
e82a5b908e516569,2026-02-09 03:00:00
079c0eb0f99b0202,2026-01-27 23:00:00
86ea398b874b4daa,2026-02-03 00:00:00
ec679bbaf54e060e,2026-01-17 06:00:00
ae5cf9afd03c1352,2026-02-06 12:00:00
96dc5f9d8f963eb3,2026-02-03 22:00:00
7ef39464254318b5,2026-01-09 22:00:00
967b3e5bf3d77976,2026-01-11 15:00:00
02fdcc4eddff4c95,2026-02-11 18:00:00
5368e7aaa3834008,2026-01-24 13:00:00
15754e5b91acf016,2026-02-09 03:00:00
381dbd1e03f73511,2026-01-20 00:00:00
89df7612ed0ae97a,2026-02-14 13:00:00
7f11c1c19cae192f,2026-01-22 12:00:00
898ca82b26ace081,2026-02-01 12:00:00
e90543441670dad6,2026-01-31 16:00:00
d9aa9493aa96a468,2026-01-02 14:00:00
3319f2b144314ed8,2026-01-12 01:00:00
4e360f62eefe0fdf,2026-02-13 21:00:00
41dae61bdd268799,2026-01-17 15:00:00
910985f6f411b52c,2026-02-01 12:00:00
8672f8d3ae0c44b8,2026-02-03 06:00:00
a135c22b7a4102f9,2026-02-13 20:00:00
0c085e45fa879316,2026-02-12 05:00:00
381604f9212e2eff,2026-01-15 13:00:00
e5c1204f2f53cda7,2026-01-23 21:00:00
6dfb2a282a3a8591,2026-02-06 18:00:00
78919ca1b3d38f1b,2026-01-24 20:00:00
73091bac148cc8cf,2026-01-12 05:00:00
33fe5e703bfb2744,2026-02-07 00:00:00
f6c003821a5e1627,2026-01-21 21:00:00
60cbc381bd336b10,2026-01-23 05:00:00
218c310e7e2a3930,2026-01-30 06:00:00
e45cda40cf9a79a5,2026-01-31 06:00:00
6f673629758bc673,2026-02-08 00:00:00
fc5865e6c7864532,2026-02-09 16:00:00
0b91ddd3579b5441,2026-01-22 05:00:00
250286643477f8f2,2026-02-03 20:00:00
efbe353f50b999a5,2026-01-06 11:00:00
29bfb223b606705d,2026-01-19 03:00:00
ef077cba87bac44d,2026-02-03 00:00:00
8bbfef41a6952532,2026-01-08 18:00:00
6aea709fb00dffb2,2026-01-26 11:00:00
b111e0ad05bee35e,2026-02-08 03:00:00
28f5043ace00a815,2026-01-13 21:00:00
afa98ecc11d88e49,2026-02-14 21:00:00
321925262bb885f0,2026-01-05 15:00:00
4da10f3ce37247db,2026-01-31 15:00:00
21dee4db14de2d7e,2026-01-07 08:00:00
3f672b3a4449c8de,2026-02-12 11:00:00
04f75d079f0a5a00,2026-01-08 05:00:00
d6290868d51659d6,2026-01-07 18:00:00
24d4fb31aa4f1e31,2026-02-10 13:00:00
7faf53c0e3b1717a,2026-02-02 22:00:00
0642a9d9035ac962,2026-01-22 00:00:00
4a422d5704a674d5,2026-02-06 14:00:00
68e8f26bd87e5219,2026-01-30 06:00:00
a1b532855cd9ad48,2026-02-03 20:00:00
75194feaf79ea893,2026-02-14 17:00:00
f0a2fa2520a2cd1b,2026-02-13 10:00:00
73b981fc8c8715b6,2026-02-10 17:00:00
32203f088277473a,2026-01-09 18:00:00
30420079bad4f3de,2026-02-09 07:00:00
80d90f8a7f68fc00,2026-02-09 18:00:00
09624c423d0217d9,2026-01-16 03:00:00
24dd9a337079e7c3,2026-01-12 04:00:00
e15649978fb816be,2026-02-04 10:00:00
961a39e4fb708204,2026-01-08 07:00:00
7014eaee4485153e,2026-01-17 03:00:00
697d9c6c19f225ea,2026-02-01 09:00:00
43cf740c12d03061,2026-02-10 21:00:00
f1f8a317f034e6cb,2026-01-01 19:00:00
0c2647a59c01a8b3,2026-02-09 14:00:00
8c3e68fdb615a494,2026-01-18 17:00:00
5a0437d18b13fef7,2026-02-05 17:00:00
acfa688eb7bafad7,2026-01-29 04:00:00
015709fbecdc74a8,2026-02-11 16:00:00
b6e7c456f300b0b7,2026-01-11 07:00:00
1261297900fd1267,2026-02-09 10:00:00
2e735c7044314bf6,2026-02-07 12:00:00
b928e76fcd60b0db,2026-02-05 23:00:00
01318a05d9d40325,2026-01-29 02:00:00
326dce32c181a082,2026-01-03 21:00:00
e3129a1da6749f06,2026-01-17 07:00:00
a7431051d4165f5a,2026-01-01 13:00:00
63e82ffe33dba06e,2026-02-04 11:00:00
72bc9b8680ec786f,2026-01-30 11:00:00
d5b8175e76978dd8,2026-02-05 23:00:00
5c6e7362f467c6bb,2026-02-09 22:00:00
3b6aae044d19bbc4,2026-02-08 04:00:00
51c17f114c4166f3,2026-01-19 13:00:00
845c2ca451188a40,2026-01-09 03:00:00
63b7f489edb34577,2026-01-27 11:00:00
9e37873ffb79ac65,2026-01-10 23:00:00
2476d49b16dad2f4,2026-01-10 09:00:00
aed9254eafdce750,2026-01-16 10:00:00
f68c81f5900d9e36,2026-01-27 05:00:00
af77d40d2ac00d6f,2026-01-28 00:00:00
c82ed9bf7df289bb,2026-01-11 14:00:00
c084e3497ca6216c,2026-01-28 01:00:00
f1b7bd298ab7110b,2026-02-08 17:00:00
3f21397227cb4e4f,2026-01-14 15:00:00
ff53f3d627d8ca30,2026-01-30 07:00:00
9b857ad358f5f5d6,2026-01-24 16:00:00
bc4d9d8661ec95af,2026-01-02 22:00:00
ed77f1dbcbf64978,2026-02-05 13:00:00
74f6c8d3ba31df2e,2026-01-09 09:00:00
431ff17eaff43e06,2026-01-02 04:00:00
70c6dfe5e3460207,2026-01-08 05:00:00
66350d9ee25d047f,2026-02-02 05:00:00
93fe80a68567b599,2026-01-07 11:00:00
adaaacf046c4c1a5,2026-01-20 21:00:00
bf5e206a336a674b,2026-01-27 21:00:00
4693c08fb91cc00f,2026-01-31 07:00:00
bbd6aa1c3fce6ce2,2026-01-26 23:00:00
0ee70649c16c56d4,2026-01-03 03:00:00
45a9206af820c2fa,2026-02-12 02:00:00
b26f8dd864ed4b73,2026-01-28 07:00:00
aec3d67a8a37cdf6,2026-01-16 21:00:00
d3c8fb29aa3379f0,2026-02-04 08:00:00
3698cced2a880a77,2026-01-14 03:00:00
0bec3376652086d4,2026-01-13 21:00:00
1c71e074f6a44546,2026-02-04 23:00:00
220ba548051bb626,2026-01-13 03:00:00
c8f27d9e3bbe9870,2026-01-09 09:00:00
7ae1103a03a253b6,2026-01-20 20:00:00
7ff63177e32e4d56,2026-02-02 16:00:00
f3514f95151499b3,2026-01-06 23:00:00
1b1f4e162f7f88fb,2026-01-30 11:00:00
3de202962eb03226,2026-01-08 17:00:00
fb612c88686f8b12,2026-01-29 13:00:00
d10822118e886a88,2026-01-04 03:00:00
2cfbaba91c007a2e,2026-01-04 14:00:00
6c102e8fc06af530,2026-01-20 21:00:00
21e2089f427f315a,2026-01-18 16:00:00
ba127fd27e0fdd29,2026-01-27 16:00:00
c6dc87b93da4bf21,2026-01-02 18:00:00
509ac5139cf78bc5,2026-02-03 02:00:00
76d3cf270064a3ae,2026-01-07 10:00:00
4fe5b5501a1862ed,2026-01-28 00:00:00
39756b79ecddb6ae,2026-02-02 01:00:00
65a763cacdbb9b26,2026-01-20 01:00:00
424a313ba092da85,2026-01-02 03:00:00
5b0cdb04ac25883d,2026-01-06 05:00:00
8aa278aaf9c72d36,2026-01-03 02:00:00
a6f195ef10904249,2026-01-24 00:00:00
fbc3d9017d694d5f,2026-01-13 02:00:00
a93b0b5aad1d885c,2026-01-09 04:00:00
146504adb5a62ffe,2026-02-07 23:00:00
2ffc07b7b0243200,2026-02-06 00:00:00
dbad24bc8af4908e,2026-02-04 12:00:00
cc44e35e3262db16,2026-02-05 15:00:00
89b86d3da090e48f,2026-02-04 23:00:00
9426c68f9b01eed9,2026-01-12 08:00:00
fcb108fd0ebfc100,2026-01-18 19:00:00
3d2eb096992f63e4,2026-02-08 22:00:00
542f7c0746dff385,2026-01-01 15:00:00
0cc38da2fad4872e,2026-01-03 22:00:00
2baa3f4396236da8,2026-01-23 13:00:00
be8fac5ea2b4835b,2026-02-14 22:00:00
238717da89bf8bc1,2026-01-12 08:00:00
11595cca4911eff7,2026-01-15 11:00:00
3a3c7fe4b153fec1,2026-01-13 12:00:00
8a3c4e3f09565882,2026-02-11 01:00:00
cd131c7d23f3f13e,2026-02-07 04:00:00
2e619260cffa1392,2026-02-11 03:00:00
6306f0e9670d2aaa,2026-02-02 16:00:00
f071fa27fa436f8d,2026-01-16 08:00:00
ee4351d78bdf8ae6,2026-01-29 01:00:00
edcb7d7d55ea5be6,2026-01-06 04:00:00
3bd8db90f27b95b7,2026-01-23 18:00:00
a37f0e69fa2e4f7a,2026-01-10 22:00:00
afd6abda1f9bd225,2026-01-05 18:00:00
e8a6a985b0a5e384,2026-01-01 09:00:00
e914d9d544397d3e,2026-01-04 13:00:00
73a7a580278270a2,2026-01-09 09:00:00
b1208be4626a1784,2026-01-20 22:00:00
fc932b5f7b6b7b06,2026-01-06 02:00:00
c4f7d429b87e8209,2026-01-07 18:00:00
76fd1e123a107c3b,2026-01-20 06:00:00
d44718e0da02267e,2026-02-01 23:00:00
bcde7241968f41f8,2026-01-21 08:00:00
c87661196cc0730f,2026-01-27 00:00:00
fc54fbe4e43e3bff,2026-02-14 09:00:00
af69cd931f373d12,2026-01-03 22:00:00
3fb27c29c026ddbe,2026-01-20 10:00:00
f3dcb83b0f39be53,2026-01-14 14:00:00
68154220326fd7d5,2026-01-20 14:00:00
21504d6fbeb3c17e,2026-01-13 20:00:00
b9ef4bdd8dee256e,2026-01-23 10:00:00
2a2cf48b5ff92f1f,2026-01-24 10:00:00
99039ad01bbf3e7a,2026-01-19 13:00:00
144084074c858f32,2026-02-14 19:00:00
2946404f2f72fd6d,2026-02-09 11:00:00
95fa210c58abb14e,2026-02-08 23:00:00
d40fdb36382b99be,2026-01-06 18:00:00
fe0ad3d9a29437b4,2026-01-22 10:00:00
70055c51b3c76a33,2026-02-04 05:00:00
5c28359866fae1d3,2026-01-28 05:00:00
fb75dbc33ffbc330,2026-01-25 17:00:00
cbb13105e828e74f,2026-01-25 09:00:00
c785e711a3c6d125,2026-01-30 14:00:00
5286a27c5abfaf99,2026-01-13 01:00:00
d3cfa8bd7891d567,2026-01-05 15:00:00
692f1b3c2e1d68af,2026-01-22 09:00:00
0fda30975c778ebe,2026-01-02 01:00:00
c50e81a2c6bef215,2026-02-12 20:00:00
95af26b80e4a4fa5,2026-02-12 14:00:00
b8cbc8c26b8ff679,2026-01-13 02:00:00
dc8b37eeddc04599,2026-01-28 18:00:00
8044eeb54858b076,2026-01-13 23:00:00
e3e401b63269362e,2026-01-22 21:00:00
a6c5218687deb3dd,2026-01-30 15:00:00
b47f22d224aed0ac,2026-01-18 13:00:00
2fb43206fb2402a7,2026-02-02 12:00:00
d986de5c977d11bd,2026-01-20 02:00:00
c7777e7bb482322d,2026-01-09 13:00:00
27195a322cf4a971,2026-02-03 22:00:00
2c3b28ba66a1e518,2026-02-04 15:00:00
7561465a4b93f69d,2026-02-06 11:00:00
441a03874ba5e7ab,2026-01-10 21:00:00
9b239fd75d26a9df,2026-01-09 21:00:00
42d74b511a90c496,2026-01-01 20:00:00
079bd718eaaae58d,2026-01-20 14:00:00
525f2957716d6591,2026-01-05 19:00:00
b5a6cdbb30fa161e,2026-02-09 00:00:00
b274b51b57fc8208,2026-01-24 20:00:00
eb377e60e258ecb9,2026-02-13 09:00:00
b9e0a36c6805c5c7,2026-02-07 18:00:00
12e377f8d6a463af,2026-02-05 23:00:00
db5f78c9a3853a91,2026-01-10 13:00:00
8b5843e69b734e17,2026-01-02 18:00:00
5610b3791969f207,2026-01-08 08:00:00
d5b2b2f5f1f09850,2026-01-08 06:00:00
85028a2ee46fdd90,2026-01-12 10:00:00
feed8c0d40dad4dd,2026-01-02 07:00:00
192a83142331a780,2026-01-27 17:00:00
b6f0480d9dee1800,2026-01-01 17:00:00
95417a712f679cd6,2026-01-29 09:00:00
203824b4fdc6d868,2026-01-01 09:00:00
d793e11db65f20b9,2026-02-14 19:00:00
8cf808c9cfadf3af,2026-02-02 10:00:00
29785973954037a1,2026-02-04 04:00:00
f6faa542fd0fd281,2026-01-26 01:00:00
1204a0c225342dc5,2026-01-29 14:00:00
71fb4e77b8c9f3f6,2026-01-25 12:00:00
33961b68bead5096,2026-01-24 19:00:00
547b5513b68bd91b,2026-01-13 23:00:00
8f2bbb32e6f17462,2026-01-28 13:00:00
d12c0c75db6dcd4b,2026-02-03 11:00:00
e2d70d6104ae9d5d,2026-02-14 12:00:00
99df0f8457083f37,2026-01-26 09:00:00
f1709e89f72af193,2026-01-13 08:00:00
ca1fbf2098a0a041,2026-02-02 17:00:00
fdee3ebb5383d321,2026-01-14 22:00:00
c3b95cb0f8e9b685,2026-01-16 10:00:00
375b131a3bc01529,2026-01-08 08:00:00
ade026c3c104b813,2026-01-21 12:00:00
2bc8b7daf4b078c0,2026-01-09 03:00:00
28f89f6e884f8858,2026-01-17 15:00:00
49e0317b5030286a,2026-01-13 08:00:00
b253efa71e34cceb,2026-01-13 23:00:00
6d7a2cf8b3d46f90,2026-01-27 21:00:00
e9c2b8829c76bde0,2026-01-03 23:00:00
e48d045d1cf3d1b2,2026-01-06 12:00:00
b369451f6a5b6d86,2026-01-06 11:00:00
53f3b30b00b2532b,2026-02-05 05:00:00
3ce200c2210ad977,2026-01-07 18:00:00
29b9ce42c8dd480d,2026-01-25 08:00:00
f0f2f78bbff1717d,2026-01-01 13:00:00
c45b846c307959f7,2026-01-14 07:00:00
9232787525880326,2026-02-06 17:00:00
2ec41e84fa79f19b,2026-01-23 22:00:00
af0c9ceeb5fff001,2026-01-07 08:00:00
4631ce0aa8fc9309,2026-01-25 20:00:00
26b0224530fdf956,2026-01-05 18:00:00
7650685ebffb1341,2026-02-04 21:00:00
ba50c541f2b13dee,2026-01-13 21:00:00
fc6a4f7c2a9868d5,2026-01-11 02:00:00
fa8b8035618ba67e,2026-01-01 13:00:00
d78f068fa864be88,2026-01-23 14:00:00
d8de1f3542c73125,2026-01-03 00:00:00
77571a84fdb46f2e,2026-01-10 18:00:00
82150cda97c79f8c,2026-01-06 21:00:00
3ef932af7cd3b647,2026-02-10 20:00:00
5cdf1135feab8a51,2026-02-13 18:00:00
caf707795c582c7f,2026-01-10 20:00:00
22c6ce57e715501c,2026-01-11 15:00:00
32208b914b1caa4c,2026-01-18 20:00:00
e0cff92ee300c5df,2026-02-01 23:00:00
0351b7306e45df79,2026-01-25 11:00:00
ac6fb30a85db917a,2026-02-10 08:00:00
bb25d872f9504de9,2026-01-31 09:00:00
e4a294030c3befad,2026-02-09 04:00:00
95f58fbcc38a4914,2026-01-24 04:00:00
2c946d39482c6227,2026-02-04 11:00:00
ff989d28be4fe0a4,2026-01-22 12:00:00
c05e2c4f90b78c3d,2026-01-21 23:00:00
becd38270b32d41d,2026-01-27 07:00:00
ab08a77eb0216ff8,2026-02-01 19:00:00
a6de908c32e5c46a,2026-01-05 00:00:00
0346df78f3102099,2026-01-08 10:00:00
840a0e9198687774,2026-01-04 12:00:00
867c3c63c7bf764a,2026-01-04 13:00:00
46797f7ada16b2ea,2026-01-17 07:00:00
1605b2e8e5cccc60,2026-01-07 22:00:00
99e6ccb9c6be2c32,2026-02-14 12:00:00
73cfe92f4407060d,2026-01-08 05:00:00
441ad3acd74cf409,2026-02-01 11:00:00
f565adac30f8d16e,2026-01-10 18:00:00
9ce16ba7aed38ba2,2026-01-07 01:00:00
54aee7bfddbd653f,2026-01-13 08:00:00
586a5625b33e7295,2026-01-29 11:00:00
b310110726de7ddc,2026-02-11 23:00:00
dda7e941d5fe0367,2026-01-05 02:00:00
3273e631dbf8108e,2026-01-11 07:00:00
3e07de8600e6061f,2026-02-01 03:00:00
b727ecd70a2885a6,2026-01-21 10:00:00
5e0485097d6f3dc8,2026-01-27 18:00:00
d21bb154918213f2,2026-02-03 13:00:00
7ef4e587857e1b6c,2026-02-05 18:00:00
e0d6319fd66b2209,2026-01-24 01:00:00
b92055abedf8d57c,2026-01-08 15:00:00
120a6523351748a2,2026-02-12 12:00:00
8a0aeff6f8bb1296,2026-01-09 02:00:00
dd974be089b7acab,2026-01-03 18:00:00
75082f99b993648a,2026-01-06 09:00:00
5657ca890331f08e,2026-02-01 15:00:00
fb8209b45d9cb391,2026-02-10 10:00:00
10165431175404ea,2026-01-22 14:00:00
a7f103e89840697c,2026-01-11 09:00:00
9059dd9a24dfa92f,2026-01-10 08:00:00
fda03dee80af208a,2026-02-04 19:00:00
72ca695370eadb84,2026-01-12 23:00:00
9212c4c5c2ee5a8f,2026-02-08 13:00:00
1ecaf2af2736666b,2026-02-07 13:00:00
ca3d244c809fc0c3,2026-01-13 07:00:00
f00d8f7ee7569cbc,2026-01-27 12:00:00
31cb4c7c2ab1c299,2026-01-10 21:00:00
6c3395a8903e7045,2026-01-21 07:00:00
ad3518aff588a296,2026-02-07 16:00:00
b661e6b1c262179a,2026-01-22 11:00:00
5d262632745718db,2026-02-12 14:00:00
3987758568d5a2cb,2026-01-04 00:00:00
d931e749f7d642ee,2026-01-30 18:00:00
d55d9f03789535a5,2026-02-14 12:00:00
41973acbfade3b10,2026-01-04 10:00:00
26b29fbc9f90a5a5,2026-01-09 07:00:00
956401f621db19ef,2026-01-25 06:00:00
1d4525ff08227cca,2026-02-05 18:00:00
86ac7eae5f024231,2026-02-14 00:00:00
80854ab496440bda,2026-01-03 17:00:00
dc66b53b8c9d67c6,2026-02-05 11:00:00
401da3be5e3faf7b,2026-01-12 22:00:00
607699e0c27af31b,2026-01-18 11:00:00
83fad0379958f5cb,2026-01-23 10:00:00
a3c918578df1ce21,2026-01-22 05:00:00
18c7d334f6e5437c,2026-01-12 07:00:00
eb075528755baad6,2026-01-08 14:00:00
b02fdf9f66b581ab,2026-01-09 15:00:00
af298f54cd4b771b,2026-01-17 06:00:00
f580867f8be269bc,2026-02-11 02:00:00
a2e93d2b3aab74f5,2026-01-25 00:00:00
9556dd762ea7a8fe,2026-02-07 15:00:00
6407c73e53c4b674,2026-01-22 04:00:00
c13cac50301271cf,2026-01-16 04:00:00
1310de721bf363eb,2026-01-11 14:00:00
08bd3445f8683f66,2026-01-12 01:00:00
5db974b4e5742846,2026-01-14 16:00:00
584f4247d7843115,2026-01-28 23:00:00
ff4d50c810b0db8b,2026-02-12 13:00:00
4ea2fa1266b70301,2026-01-16 13:00:00
2239e0ec525e3790,2026-01-11 16:00:00
aaea1d5b19002c77,2026-02-03 04:00:00
a5ac0a9bea34b724,2026-02-14 10:00:00
a11992be2bae7c74,2026-01-19 05:00:00
b4f39fcfff1710a9,2026-01-03 18:00:00
6b08d2287646b6c6,2026-01-16 15:00:00
c34c883e72aa55c3,2026-02-08 09:00:00
bbc65521a10c5215,2026-01-25 23:00:00
fb3bd2b172528d5f,2026-01-14 08:00:00
f38f771e9e1e7b94,2026-01-30 11:00:00
a7c9dddb0007e42e,2026-02-06 00:00:00
3a7933f8927e9e13,2026-01-21 04:00:00
50db98817e09c60e,2026-01-23 13:00:00
ca39ee9c0da6bd3b,2026-02-10 04:00:00
30fdf2a39896b50c,2026-01-15 04:00:00
c0a27e0ca24bc896,2026-02-07 19:00:00
62e3034bb35c595d,2026-02-09 10:00:00
84acae14bf84838e,2026-01-13 12:00:00
86a358a5ec778c56,2026-01-21 09:00:00
d22501e826ca8b23,2026-02-08 19:00:00
350cc3f1416d0d99,2026-02-07 04:00:00
931bbe324e844544,2026-02-11 10:00:00
abba84d0dcbbe1bc,2026-01-03 12:00:00
03326cb2bb05f15c,2026-01-21 15:00:00
87acadb349b541a2,2026-01-04 17:00:00
60ac181d2e88d8ef,2026-01-11 07:00:00
dfeb751c57fd79da,2026-01-12 15:00:00
cae7dbb06ff2af13,2026-01-08 19:00:00
940666e96f583cf5,2026-01-25 09:00:00
a48543b0365f76b2,2026-02-13 23:00:00
9a6cf455380b00da,2026-01-07 18:00:00
77fdec1d15394471,2026-01-07 16:00:00
397a705580a614b6,2026-01-31 20:00:00
54b055a0ba9adc14,2026-01-10 21:00:00
f13ee300a1e23af1,2026-01-09 07:00:00
86f35aa6a19829cf,2026-01-09 08:00:00
8b75ac10a2913b05,2026-01-03 01:00:00
6a92d7d3556287ac,2026-01-14 05:00:00
10f1ac9e497f79fc,2026-02-06 20:00:00
a7decdecbe1c0c31,2026-01-09 08:00:00
c683a6911929cad3,2026-01-15 07:00:00
e83090fd7ccde3ad,2026-02-08 05:00:00
eaeaf3d72e676737,2026-01-13 10:00:00
0a02c52e3272ab36,2026-01-02 10:00:00
ff81a53f13031a0d,2026-01-01 07:00:00
f7e6653bab14d8d1,2026-02-11 09:00:00
9e29a76e0313ef63,2026-01-29 04:00:00
626407c8e75e35de,2026-01-12 14:00:00
8cec5246edcebb4a,2026-01-04 02:00:00
7aa270e09775a46c,2026-01-28 17:00:00
c3ad085eac5018ab,2026-02-13 18:00:00
bee83cb9485e2aac,2026-02-14 09:00:00
3af4ed4250f57505,2026-02-13 01:00:00
6f0109dab64ef024,2026-01-01 20:00:00
1803ac26ea50f60a,2026-01-29 04:00:00
3ded4ea3c414911c,2026-02-08 07:00:00
abc93bfec7237ff4,2026-01-28 03:00:00
e58214e1ca108ac9,2026-01-05 00:00:00
cc643df065cbf639,2026-01-18 09:00:00
4f30fd8bddaa75ba,2026-02-14 10:00:00
d8424d425db7621a,2026-01-23 19:00:00
d3761e4f787ab66c,2026-02-06 03:00:00
bf900ac45ba81ca0,2026-02-05 21:00:00
4eed37468b5b58a2,2026-02-12 04:00:00
9677df211e40064e,2026-02-04 02:00:00
35c897f8ccca32c7,2026-01-17 01:00:00
55e9a6447d0a0e3a,2026-01-13 23:00:00
e945de4efa172a7b,2026-01-22 19:00:00
4f14054a1f04e719,2026-01-29 18:00:00
1917b149acf0ee46,2026-01-31 22:00:00
c93ba8c320931e03,2026-01-13 09:00:00
d81cf631ef46f961,2026-01-22 06:00:00
672b65692d045e95,2026-01-03 21:00:00
7bfdfb163ad7eb2b,2026-01-28 14:00:00
4db729db90fe90a4,2026-01-25 23:00:00
a53e1445d09fed41,2026-01-20 19:00:00
8777fe407bb6f2be,2026-02-05 23:00:00
e542cb3944ec5542,2026-01-23 08:00:00
2a6a42e711eef0d1,2026-01-18 21:00:00
44019813660d61ed,2026-01-17 07:00:00
78753b082fba3795,2026-01-16 12:00:00
0ab16049cd25202d,2026-01-17 22:00:00
fd38c5867c10c0e0,2026-01-14 21:00:00
017bb12b0202c823,2026-02-06 05:00:00
14293146971d60ff,2026-02-08 15:00:00
fe92282bd2b6062f,2026-01-27 10:00:00
8165490b211c18ef,2026-01-06 11:00:00
cde12ad5abb52404,2026-02-02 20:00:00
389370fc4eaaed81,2026-01-13 03:00:00
872e0665d8e1fac5,2026-01-11 16:00:00
65f8374856c1e8dc,2026-01-17 20:00:00
13caf1f2c5f159a0,2026-02-04 06:00:00
b2d9a724dc13ca15,2026-02-01 12:00:00
c72ec7ba4891afe9,2026-01-23 01:00:00
e1421c2c216f9f5c,2026-01-03 23:00:00
5c61e4a60d365b36,2026-01-13 13:00:00
100c640224e4316d,2026-02-04 19:00:00
8b1e2d36a9fff487,2026-02-09 23:00:00
ae6cc116192766ba,2026-01-29 14:00:00
6f99a37c5bc66cd6,2026-01-05 09:00:00
c94753e72e28f2b4,2026-02-01 22:00:00
905ce697a3cd5732,2026-02-09 23:00:00
0c3e89779842c320,2026-02-03 08:00:00
7101603cba3f1b71,2026-01-18 19:00:00
400a6167755851a8,2026-01-31 05:00:00
e39cbd0339597bc7,2026-02-13 02:00:00
1621578c33188b6a,2026-01-18 21:00:00
6f8fda22b3935ae7,2026-01-19 01:00:00
daec073d96a0a649,2026-01-29 16:00:00
aaf8ccba613cb2e7,2026-01-10 04:00:00
4f99d1544cbb110b,2026-02-08 01:00:00
265ec908f7743ff6,2026-02-07 22:00:00
0738f83a3d35a2ba,2026-01-03 14:00:00
14099bc918301380,2026-01-14 19:00:00
557834071f68ef84,2026-01-09 04:00:00
aee893fadf5b16bd,2026-02-03 10:00:00
1d1e8cd740965501,2026-01-04 17:00:00
851b0ce0ac5df7f1,2026-01-19 06:00:00
a3a500c4674c8585,2026-02-11 08:00:00
e97d175a4f673aba,2026-02-01 21:00:00
a5dda4b815d9ce37,2026-01-21 19:00:00
3bd8be8354e9e61e,2026-01-18 20:00:00
f53004318120ba69,2026-01-28 01:00:00
0054f0bbe98edbb4,2026-01-14 08:00:00
cc96f3361762e225,2026-01-14 14:00:00
df7ac30b1f748e9c,2026-01-12 21:00:00
cf97bd437403b587,2026-01-20 19:00:00
5ff2d27b346ce937,2026-01-01 20:00:00
007cfe3d114994d0,2026-02-06 16:00:00
c3fbab7ade7f4769,2026-01-05 13:00:00
a068dab85dc7be2f,2026-01-07 19:00:00
0290d0c8f04171b7,2026-01-08 23:00:00
83d02a9f2967ba95,2026-01-31 19:00:00
f7eb556afb550775,2026-01-05 07:00:00
e104078f0589c743,2026-02-14 18:00:00
ca5c1e2feb499a8b,2026-01-12 01:00:00
36f0d6885dbc02dc,2026-01-29 23:00:00
d498a5e9454fe603,2026-01-22 22:00:00
be2faadc7d12f48a,2026-02-04 17:00:00
0a22db87b5a7dd5c,2026-01-03 06:00:00
561badc608fc65d8,2026-02-09 11:00:00
d95d0f7aadbcec73,2026-01-29 06:00:00
df74ec01cb31d3df,2026-01-18 22:00:00
e2bec62497bd6fb9,2026-01-09 09:00:00
e6349d269147d0d5,2026-01-15 11:00:00
ddaf76b352014c33,2026-01-09 03:00:00
205b2195078b6b0e,2026-02-02 07:00:00
a94ae1630e4fe11a,2026-01-17 20:00:00
aea63f3ec84eb55f,2026-01-23 03:00:00
aa73efa2bb671076,2026-02-06 23:00:00
ced34567bcdcb686,2026-01-10 07:00:00
1bde447fa0bdda67,2026-01-30 09:00:00
367c4a77649ec983,2026-01-08 10:00:00
458eff4f9a66bb00,2026-01-30 14:00:00
10d1881697cd60ba,2026-02-07 01:00:00
cc73460d49e24402,2026-02-10 19:00:00
ee4333a3a3d28719,2026-02-07 15:00:00
0be6101b699caf29,2026-02-09 04:00:00
47622effc5bc95ce,2026-02-11 10:00:00
c2a8d9d6e8979aea,2026-01-09 23:00:00
d904ba0e3b26a654,2026-02-02 20:00:00
01cff3ba708b20a9,2026-01-23 16:00:00
4445e21ea0f00856,2026-01-19 12:00:00
4b7f3f30f1c61a69,2026-01-19 22:00:00
6a62e095c741df11,2026-01-13 09:00:00
7b9d4182fc3aa132,2026-01-18 12:00:00
8b0fc36cc65d4553,2026-01-05 01:00:00
eaf8b0e25e058a9a,2026-01-15 03:00:00
11a5c509e549f640,2026-01-31 06:00:00
4ad99203bd07e0f8,2026-01-23 12:00:00
0939e61aa3e8dd38,2026-01-21 17:00:00
ee9d56c4239fbdeb,2026-01-16 15:00:00
7fabd5ec1cb101d5,2026-02-11 02:00:00
9cc3be0c305d3eb3,2026-01-16 14:00:00
a9f67b2cf08c1208,2026-01-14 01:00:00
f2f4f5d98db7c93c,2026-01-01 22:00:00
3cc7e4dd49b0130d,2026-02-08 01:00:00
12559b9c1b309460,2026-01-27 12:00:00
60f2f7e80e352515,2026-01-27 07:00:00
86d9c4f8ad1b4db1,2026-02-05 17:00:00
6598c684f8e5773c,2026-02-03 15:00:00
03868478d27f2f4d,2026-02-06 07:00:00
a173db598e45d09d,2026-01-28 23:00:00
b9a64e39340117c5,2026-02-14 16:00:00
13c6f8f895d98588,2026-02-09 21:00:00
c5ae7ba297e9720e,2026-01-30 14:00:00
671076353405616a,2026-01-27 10:00:00
b6c9d26b288e1f23,2026-01-06 11:00:00
4fde065f5586c042,2026-02-01 00:00:00
d22852c515734d0a,2026-02-04 22:00:00
9631590d83f81636,2026-01-23 15:00:00
df39b1dc4b167ed8,2026-02-10 06:00:00
b7266cb0005fb61f,2026-01-13 02:00:00
58826a745ec20f01,2026-01-11 15:00:00
f6f7a604c68304e5,2026-01-28 14:00:00
924308e5a8821409,2026-01-10 04:00:00
85fcac745cbc0d15,2026-02-01 15:00:00
5c76a541ae704ee9,2026-01-31 10:00:00
6254ea16478f30f9,2026-01-17 03:00:00
dbe870cff96f69ac,2026-01-11 05:00:00
2f2b3994a0382dfc,2026-01-06 18:00:00
c7e98e59ae2489bf,2026-01-23 14:00:00
20066111d1d4a2ae,2026-01-14 06:00:00
c51658ec5721d772,2026-02-02 05:00:00
80c6314980a41c7d,2026-02-14 22:00:00
358064ca9ef40f94,2026-02-05 03:00:00
0ab8cb7aa7bb74af,2026-02-09 06:00:00
0dae9ec697cd1d88,2026-01-24 14:00:00
653921f5b29be137,2026-01-29 10:00:00
0f3a94871467e5d5,2026-01-14 19:00:00
1badef56534758c1,2026-02-01 17:00:00
bcd37f26f3c3b6c0,2026-02-06 08:00:00
a4a6140b902d296d,2026-02-12 15:00:00
48669399f4c1ddd1,2026-01-30 16:00:00
e7bdfd58af7e88c2,2026-01-20 19:00:00
7400e7199e4bdba1,2026-01-02 17:00:00
da8ab5afd1c2e260,2026-01-22 12:00:00
f900debf964714b5,2026-01-12 19:00:00
b4ad17f87431e017,2026-01-13 07:00:00
697cfe4524cc7c3a,2026-01-06 10:00:00
0e8823d2732d3d04,2026-01-06 21:00:00
7c034b9ed2088ab0,2026-01-03 10:00:00
a92303e26b67d087,2026-01-07 11:00:00
ea8451d548ae7b4f,2026-01-09 21:00:00
821d63fd2704e9f7,2026-01-04 21:00:00
6cba33d1f70ff0cf,2026-01-28 15:00:00
f6f9b609217fb3d7,2026-01-24 20:00:00
b997ac8aa54ca85d,2026-01-09 21:00:00
bf3e041cfc142696,2026-01-20 03:00:00
21c045d9a2b0e47b,2026-02-10 17:00:00
10b12b4b57de686f,2026-02-09 19:00:00
2083ebd667f87381,2026-01-15 05:00:00
15bd4532cb8658a6,2026-01-29 09:00:00
a8fe11e7977413a0,2026-01-17 15:00:00
31ef6cad10f7c55a,2026-01-18 01:00:00
ba37ed6b5cb2a50e,2026-01-14 04:00:00
7ff2371c9f30c64c,2026-02-12 17:00:00
fe19e2b773a5981c,2026-02-13 23:00:00
325eb383242b9009,2026-01-14 09:00:00
69b71ca53263d830,2026-02-05 16:00:00
18c113523b99261e,2026-01-22 14:00:00
2970d366098053ee,2026-02-07 21:00:00
91dbcc4629875ac0,2026-02-04 14:00:00
dc87b761628f3a28,2026-01-17 10:00:00
7a952f129b86ae90,2026-01-21 19:00:00
aefb30829ff3ecd3,2026-01-01 04:00:00
261d37fd8f29f604,2026-01-22 14:00:00
58f6674b9ff67a58,2026-02-12 23:00:00
7b88c7e049d57eef,2026-01-19 20:00:00
93c17230cee1d2d6,2026-01-11 16:00:00
871d0f957050f9a7,2026-01-28 10:00:00
db9210c34a885baf,2026-02-08 08:00:00
2931139ff1baf784,2026-01-24 08:00:00
6a17b4edc1a0a0db,2026-01-28 21:00:00
7d8b15efd73fc40c,2026-01-23 10:00:00
60fb4d6e8b826362,2026-01-21 01:00:00
9b9c75c75f86791e,2026-01-26 18:00:00
26951f144e18a66c,2026-02-08 05:00:00
f1325cbc722b605b,2026-01-01 06:00:00
2612ce7a4b1b1649,2026-02-12 12:00:00
ebed0db94f890137,2026-02-06 12:00:00
1cfa3fc0f11b36aa,2026-01-25 20:00:00
c23a6cd87d6b40ca,2026-01-23 06:00:00
baeb5af916915b2b,2026-01-21 21:00:00
999e15ab1d8f6538,2026-01-13 18:00:00
ca3b3faccd44ac4c,2026-01-28 12:00:00
8ba1a065fb9f54d6,2026-01-26 06:00:00
a711b19122668533,2026-01-27 09:00:00
95c6f1dcbc519802,2026-01-20 08:00:00
48c405bddbb70a62,2026-01-09 14:00:00
f3da43c7b73c1caf,2026-01-07 23:00:00
4e449f8dd5417543,2026-01-20 18:00:00
41d3ee65f610ffcb,2026-01-28 02:00:00
0d6df13363e07580,2026-01-02 01:00:00
71094cef07acabd6,2026-02-12 17:00:00
261bb7053c1b0fc3,2026-01-11 14:00:00
fe9f9832aa3e1060,2026-01-25 18:00:00
24150bd9232b440a,2026-01-30 14:00:00
3d6f0fc1415eb727,2026-01-11 19:00:00
bccf56954153c690,2026-02-08 06:00:00
7ff06238b2cb0fbf,2026-01-26 01:00:00
47152fed49c3c3f0,2026-02-13 13:00:00
68fba5bd2dc4c947,2026-01-04 08:00:00
e2d04811f57b73a9,2026-02-08 16:00:00
e5dafc7f7ee82ca8,2026-01-02 00:00:00
68193ea9ed4fbfc8,2026-02-06 10:00:00
1a963d2f9893276c,2026-02-03 00:00:00
3d89df8c6881e30c,2026-01-24 01:00:00
789561d21030ccee,2026-01-04 05:00:00
aed144613d3f15b1,2026-01-02 18:00:00
5422ebf980f3e581,2026-02-13 15:00:00
4bf89572e14094bf,2026-01-31 19:00:00
18c10d77e5b9127a,2026-02-02 05:00:00
c12533265f1eec35,2026-01-31 18:00:00
33a737c71a1e7d4c,2026-01-19 14:00:00
f1860685019cb37d,2026-01-03 17:00:00
6c43d54ccaf28d24,2026-01-09 17:00:00
1f6bc8420440bac7,2026-02-08 02:00:00
65a5f2c7f2219679,2026-02-06 20:00:00
32986d082dbda52f,2026-01-29 23:00:00
f60f0536eab89ff4,2026-01-01 23:00:00
14fac4f81382cb1f,2026-02-13 08:00:00
348c225087f92aac,2026-01-15 11:00:00
87b488894c012bc9,2026-02-08 16:00:00
8654e5dc97755a8b,2026-01-23 06:00:00
3022343ffa70d40a,2026-01-12 17:00:00
e1136c5637698ad0,2026-01-21 00:00:00
e52d9b1374b4155b,2026-01-04 16:00:00
be802eccacae2ca1,2026-01-15 03:00:00
542730ac9b45644c,2026-01-22 20:00:00
c49894b0bcf6a5c3,2026-02-13 17:00:00
459442be0dedf19c,2026-01-15 14:00:00
7b1de0d28711e5a4,2026-02-01 21:00:00
2f786b9f0f377e46,2026-01-17 06:00:00
22779f6cce4fa64e,2026-02-12 00:00:00
365ab82117412703,2026-01-11 18:00:00
086a739a28f8f1c5,2026-01-15 21:00:00
f0bf9400f17db460,2026-01-07 07:00:00
fcaabad26004f67b,2026-01-02 23:00:00
236f8c25d44de211,2026-01-31 19:00:00
526e15b3373867b9,2026-01-19 13:00:00
584939fb1f3dee00,2026-01-20 19:00:00
59291c2e902e50d3,2026-01-26 23:00:00
77e1bd7c104f5187,2026-01-06 20:00:00
4eb0e9c69dcfaaf8,2026-01-13 13:00:00
5ee530c20a3f5e26,2026-02-08 17:00:00
d1f03d00ef4335d6,2026-01-10 21:00:00
19dd9cf060879f5e,2026-02-01 05:00:00
ff0e6672149f9b96,2026-01-15 04:00:00
bd9216789e3a5407,2026-02-04 09:00:00
2a13d5825f702926,2026-02-11 06:00:00
1757d2a047c1fcdd,2026-01-04 23:00:00
4c0de64f20b07903,2026-02-13 00:00:00
bbd313a0d39f70e6,2026-01-21 22:00:00
66c4be852e2adbc4,2026-01-30 00:00:00
573b332f1da5f543,2026-01-07 22:00:00
89d9fd0eccd0f9d6,2026-02-01 12:00:00
52afb207863fa87c,2026-01-14 20:00:00
b9b91d67e2ade810,2026-01-04 16:00:00
39a39ec17620ced9,2026-02-14 13:00:00
e9eb95e40a5eebdb,2026-02-11 16:00:00
855305bf7cd560bf,2026-01-29 14:00:00
b478fdba2f62cf0f,2026-01-26 11:00:00
05239f9a69ea4f1d,2026-01-12 06:00:00
0157680bc128ad9b,2026-01-22 21:00:00
98cd44160ececc6f,2026-02-01 16:00:00
c515094b96602338,2026-02-13 06:00:00
924a7fa124f7fddd,2026-01-13 20:00:00
4cc9f1d6b3b2feba,2026-01-01 05:00:00
b5d9150b3e6eedb3,2026-01-02 14:00:00
065727dab503fe0c,2026-01-18 10:00:00
0464e466d5064175,2026-01-04 17:00:00
8ef5cbc4b244ac3d,2026-02-12 08:00:00
893819b60b7be96c,2026-01-24 00:00:00
10894e46c89a6de9,2026-01-04 04:00:00
824f9fcfb4914790,2026-01-12 09:00:00
bb97e35b096a289f,2026-01-03 14:00:00
15adbf00002d4aa7,2026-01-19 15:00:00
4172a6cdfbc142d9,2026-01-18 03:00:00
103728f86dddb924,2026-01-22 20:00:00
ac60fd9a7cec51c0,2026-01-21 04:00:00
0a26be16e6f83d7f,2026-02-06 02:00:00
80754f2acfebec65,2026-01-04 12:00:00
1799ef34d7e207be,2026-02-07 16:00:00
39f2b14269a18976,2026-02-08 00:00:00
7bf4b1a7fe9fd275,2026-02-11 23:00:00
60d6a7717841ca03,2026-02-14 19:00:00
26fb6d63b7f28cba,2026-01-22 18:00:00
3c5d7c73b4c6d22d,2026-01-02 08:00:00
ab3322ac825f836f,2026-01-21 00:00:00
ed22bcc8850df714,2026-02-09 13:00:00
a4a4d3f7e7693132,2026-02-13 01:00:00
b2db7a4ba3b75b15,2026-01-15 07:00:00
2dd9e116d90e9a1d,2026-02-05 05:00:00
343bf5497271fba3,2026-02-04 14:00:00
1499cf8ef4c0917e,2026-02-10 10:00:00
3e5a6e33c7c08b84,2026-01-18 09:00:00
7c053ea4364273aa,2026-01-04 19:00:00
f9a8ff2741b24720,2026-01-02 22:00:00
3734442ea1c25f3c,2026-02-01 16:00:00
427ea62cfcacd899,2026-02-10 08:00:00
823d03fed3f2142d,2026-01-16 19:00:00
f49ed632667af674,2026-01-28 10:00:00
c0024d1cef877207,2026-01-04 12:00:00
034733cd6234c1a1,2026-01-17 16:00:00
9344d4a1ba974889,2026-02-10 15:00:00
71b39665819bd837,2026-01-19 08:00:00
fc96cdee5c12cf14,2026-02-10 03:00:00
64ad85027d35f61b,2026-01-28 06:00:00
4377e96af8abca1b,2026-01-10 22:00:00
eefc5c64289129be,2026-01-04 20:00:00
58ce3763e0714b1a,2026-01-22 16:00:00
4b85a425609d68eb,2026-01-21 08:00:00
712d6a82ec01a4ec,2026-01-11 08:00:00
f7713ede973648f3,2026-01-16 04:00:00
ee26adef28978185,2026-01-28 19:00:00
b4ba91630ccbdcff,2026-01-16 04:00:00
e542286ca4e00098,2026-01-31 11:00:00
14825485f5ab9587,2026-01-28 21:00:00
18e74c639d7d1e96,2026-01-25 19:00:00
0ae6628121344fb4,2026-02-07 20:00:00
be3ba470f6979e6c,2026-01-20 16:00:00
17e6946e031f5921,2026-02-11 18:00:00
a67fccbdf590cfe6,2026-01-30 03:00:00
4b4bec8cb8849e5f,2026-01-10 00:00:00
5b79890249f3ea36,2026-02-11 05:00:00
359a9aeec037271a,2026-01-16 02:00:00
151b6f10068bbb30,2026-02-14 05:00:00
08a33faacf530c8a,2026-01-03 08:00:00
06ab007e4121bbbd,2026-02-14 05:00:00
cbcc4ad1486fec54,2026-02-01 13:00:00
d600f961eb0c4ce3,2026-01-24 10:00:00
8cb55c6acf6416c1,2026-02-13 17:00:00
cb1a6b8260f97a54,2026-01-12 08:00:00
9842017dfedacb9f,2026-02-03 01:00:00
b0d4e0904ceabd9a,2026-01-04 14:00:00
9e7afbb8284a49d1,2026-01-24 17:00:00
c0f808222d43b105,2026-01-01 10:00:00
e63fabf2af06a6a9,2026-01-14 17:00:00
4d5bf7aba2c7d0ac,2026-01-22 06:00:00
91b24cb4a99c3b58,2026-01-18 10:00:00
08c4a47f2d391792,2026-01-11 04:00:00
35583534e5b6a107,2026-01-02 11:00:00
61bf9fbf2a49c56e,2026-02-06 00:00:00
90fb673da9e46c3e,2026-01-28 01:00:00
cd2375c6105d9638,2026-02-08 13:00:00
bb22894a176da604,2026-02-05 01:00:00
c2cde2036e55083a,2026-01-22 06:00:00
615944c3addab581,2026-01-14 09:00:00
cc2c91d17b81d5a7,2026-01-13 04:00:00
9561c9108b6c3691,2026-01-05 17:00:00
534776e856d39436,2026-01-21 06:00:00
ff79eb2fad0d071d,2026-01-05 15:00:00
6448ac8811e129eb,2026-01-01 10:00:00
d1360fc5b54918a6,2026-01-09 06:00:00
7c14ddf8b4cfa604,2026-01-30 22:00:00
28dc4ee637bf5adc,2026-02-04 02:00:00
990897d718c0de14,2026-02-12 10:00:00
65817a94fa16a574,2026-01-16 01:00:00
804cef26e265ebb2,2026-02-13 21:00:00
5417148de3163a3f,2026-01-22 05:00:00
24bcc64e7fdf7915,2026-01-13 17:00:00
8dd97d176cd8ec33,2026-01-08 15:00:00
2955b540b00832f9,2026-01-27 01:00:00
1dccd05cf4bb2b41,2026-02-02 00:00:00
fb75a877fa726e8f,2026-02-07 12:00:00
bcfc13c95e12076e,2026-02-08 06:00:00
4c850ecbd52ad060,2026-02-04 04:00:00
03e87fb2ecb0c21e,2026-01-15 17:00:00
e835213372d071cb,2026-01-23 11:00:00
ce3edfe599216cc3,2026-01-17 12:00:00
c5871835293d5bc1,2026-01-06 12:00:00
b2fb855d325bbad2,2026-01-03 18:00:00
3eaa2ad640d4dd0f,2026-01-09 19:00:00
457088f05915ec11,2026-01-15 23:00:00
f1877538e8cab47d,2026-01-06 17:00:00
60f0c5fb59a399bb,2026-01-09 09:00:00
6e0a8b3a0c60c194,2026-02-03 04:00:00
f33b785600109fec,2026-02-03 05:00:00
2af6be80c53a43c8,2026-02-09 03:00:00
6b4cb04cc91a9105,2026-01-05 21:00:00
e72da0119b05d984,2026-02-04 14:00:00
68d8cf16ad02e96f,2026-02-07 08:00:00
f8434c36d1d8898c,2026-01-18 04:00:00
510c7e3c3b34618a,2026-01-27 21:00:00
9e7696d2dfea6307,2026-01-12 19:00:00
0da11eea9be734e7,2026-01-27 16:00:00
522e72020f469e15,2026-02-07 20:00:00
f8dd8ea675d841f6,2026-02-10 13:00:00
78b1bdb3e3c41fd1,2026-01-21 09:00:00
9b0f6b3a78453e45,2026-01-10 12:00:00
4a119f0d29ba4698,2026-01-08 10:00:00
2718fedfd7ad2dc9,2026-01-29 08:00:00
038dafd8b107bf5c,2026-01-21 21:00:00
6d8f49a39edb8876,2026-01-01 14:00:00
0f2814f37caf0879,2026-02-14 07:00:00
6ac7090142b1f8c2,2026-01-01 18:00:00
9ce7c7733526ae56,2026-01-28 18:00:00
658c73c6161f9e5c,2026-01-15 20:00:00
9d76cfb1cfddeb90,2026-01-28 23:00:00
73f45f865fd1e3ee,2026-01-08 20:00:00
679c863cab820a11,2026-01-02 11:00:00
684d6f7a3fde8f82,2026-02-12 15:00:00
31f3ace641fd29fa,2026-02-11 01:00:00
e267cfc4741da053,2026-01-17 17:00:00
2271a51ee8a629de,2026-01-29 17:00:00
c8baefe9cbb51edc,2026-01-26 23:00:00
ddbe985310dc0f79,2026-02-02 15:00:00
4a2a4fdc46461bed,2026-01-15 22:00:00
2894126d017665f2,2026-01-07 11:00:00
d722e3b96445eef4,2026-01-24 01:00:00
e236ae37e6c9c503,2026-01-09 01:00:00
db279c9d846f7f25,2026-01-09 03:00:00
21858e99efda9616,2026-02-07 17:00:00
118be8bd3c077f8b,2026-02-13 14:00:00
9eb0b19cd6b66710,2026-02-09 10:00:00
9e7565d363f484e9,2026-01-24 01:00:00
97126925fa079924,2026-01-31 15:00:00
d438b56615322253,2026-01-19 07:00:00
84834172cf2d1ebe,2026-01-18 05:00:00
a45e8d2ea8179ccb,2026-01-10 04:00:00
1a29149a29477d01,2026-02-13 09:00:00
50ffc66d9c93dbef,2026-01-19 03:00:00
e1e89b5567b3f935,2026-01-12 07:00:00
fb710289045ef44c,2026-02-06 07:00:00
3a73e06c8a76127e,2026-01-11 00:00:00
5e352161d9127fad,2026-02-13 01:00:00
4dfde560105becfa,2026-01-28 00:00:00
81f5acf3629c1026,2026-02-08 16:00:00
ce186c44f154bb49,2026-01-26 03:00:00
3324989c062b7cc5,2026-02-09 22:00:00
51fd4a2ffef504ae,2026-01-18 19:00:00
d5802f4275b980e2,2026-01-07 08:00:00
18911b770d6d85f7,2026-01-11 22:00:00
859e06c12ebd0047,2026-02-08 14:00:00
38482223d899c9d6,2026-02-05 17:00:00
42a9128b1df0eba5,2026-01-22 09:00:00
c142de4cdafe6d27,2026-01-06 12:00:00
5ff77ef002d8454d,2026-01-28 17:00:00
652f19073978be95,2026-01-19 08:00:00
468fc9e76c57ab62,2026-02-14 03:00:00
913bd8a18968d0f3,2026-02-06 19:00:00
9eef4367b413cea5,2026-02-14 07:00:00
cb2fe78ce660128c,2026-01-09 18:00:00
012a851480424c7a,2026-01-22 06:00:00
fa7741c9090eb4f3,2026-01-09 19:00:00
4085e4d697d2affc,2026-01-29 00:00:00
0019346c213676b2,2026-01-21 02:00:00
fb65406bbf2c1213,2026-02-02 22:00:00
4499ae9c811b76d9,2026-01-26 19:00:00
ddd9a0e2272901a5,2026-01-30 10:00:00
e78089cb42172184,2026-01-17 06:00:00
1f39b21cd813542b,2026-02-10 21:00:00
22fba92ff713993f,2026-01-30 04:00:00
59a10caf7f2d02e8,2026-01-20 20:00:00
cb33b0e318b1e298,2026-01-05 23:00:00
099520cd7adc72e9,2026-01-01 05:00:00
eac9ccb274e3288e,2026-01-26 00:00:00
26de8345c444a2d0,2026-01-28 19:00:00
2136153b717c0f0c,2026-02-04 02:00:00
ca3d01365a7589e1,2026-01-28 17:00:00
e763666cb4a77955,2026-02-10 22:00:00
187644acfa638a71,2026-01-11 13:00:00
c04a905ac96496e6,2026-01-20 21:00:00
d8e1d90680a96fb8,2026-01-14 03:00:00
fbb8d6bf027dd1e2,2026-01-12 20:00:00
e8ba955b8c104d34,2026-02-02 07:00:00
8d75eeaf07964950,2026-01-22 00:00:00
fa945c6829f75114,2026-02-08 23:00:00
e33d7559d77d1fe6,2026-01-19 00:00:00
e66e0a078d3ea746,2026-01-19 13:00:00
500d267f23671a60,2026-02-05 19:00:00
6cecd13e2295e7df,2026-02-05 01:00:00
882dec4a8568c3f8,2026-01-16 00:00:00
2e637a6c59d0c928,2026-01-30 18:00:00
c2304d9be927e70c,2026-01-26 04:00:00
32ffb1c9857f9ed3,2026-01-21 10:00:00
1fecaa03b4e92c5c,2026-02-03 20:00:00
4eaf95a206a5ba98,2026-01-02 17:00:00
69b716ff75c574f7,2026-01-17 11:00:00
051a4a3f5c8f23db,2026-01-05 06:00:00
b85c3a621efb7af6,2026-02-14 20:00:00
ed90e6dee8292d2a,2026-01-14 05:00:00
f32bab7f9a71afc9,2026-02-03 18:00:00
ba930226097dc0a9,2026-01-26 17:00:00
459842c2409f2175,2026-01-29 20:00:00
77d22003bed96694,2026-01-24 12:00:00
11bb86cb70f4f1bf,2026-01-05 04:00:00
c4d251e370a59da4,2026-01-16 22:00:00
f4a0908e89d3b86e,2026-01-15 23:00:00
d8e1f22dd54d3cba,2026-01-03 08:00:00
73c9af57d7e4473f,2026-01-16 16:00:00
53def290367088a1,2026-01-22 23:00:00
266ec7dd54aa74f7,2026-01-23 16:00:00
13b7df8f5a2a231c,2026-02-02 01:00:00
7a5f3caf4efaaca4,2026-01-17 12:00:00
335fcefd8156fa88,2026-01-10 20:00:00
65a41c9a813c2f4c,2026-01-25 16:00:00
5e3b8b462ef551d4,2026-01-11 17:00:00
3bef62be3e96d953,2026-01-16 12:00:00
2cd6737190f84454,2026-01-03 15:00:00
1d2a5587e0c23162,2026-01-11 16:00:00
c949aedd5e80e8f6,2026-02-01 05:00:00
0c4678349db95676,2026-02-04 09:00:00
df9cd8da5876f546,2026-01-12 01:00:00
3ff589d5eec4ee47,2026-01-17 12:00:00
9f4362f08f71112b,2026-02-07 15:00:00
3cb6915ccda2b20a,2026-02-02 19:00:00
dcf65958bd1ace84,2026-02-08 11:00:00
8be1eef9cc42cd14,2026-01-24 09:00:00
fbe4119ff05f4e28,2026-01-08 06:00:00
efc16c93800b69a5,2026-01-08 18:00:00
8f1a98f054165cae,2026-01-24 20:00:00
79d69f78bbd5e568,2026-01-27 20:00:00
408b1419452328e7,2026-01-19 04:00:00
da0209208845a0f2,2026-02-11 05:00:00
11ce6bfc9640a59d,2026-01-12 18:00:00
615725543d33fa4f,2026-02-11 19:00:00
bf8fbc4338eb1681,2026-01-14 14:00:00
79ceb4538b3df361,2026-01-12 10:00:00
4983b2cf3d8bc898,2026-01-27 02:00:00
f6ed6cef17e68a18,2026-01-09 15:00:00
fbbdbb7e350d471a,2026-01-01 18:00:00
fd747b989965084f,2026-01-16 09:00:00
d45ad3e1d5343b69,2026-01-27 00:00:00
d94b984a1fc20c50,2026-02-12 10:00:00
5d962dff9f2da081,2026-01-24 05:00:00
b854464aaee8852f,2026-01-16 23:00:00
a325c10d0041d4ed,2026-01-16 17:00:00
5cc190f7f5ebeb9e,2026-01-13 06:00:00
ba4d85c49f66b8c4,2026-02-10 20:00:00
b917551867c3ebc0,2026-01-07 11:00:00
70d840c4049b3c6c,2026-01-16 14:00:00
d7e0e574207eee74,2026-01-24 16:00:00
b1777351afc9fc0b,2026-01-11 14:00:00
c2745ecb5c0ac625,2026-01-02 22:00:00
21ef942a135bf8ba,2026-02-09 16:00:00
4fca25e125e28b6e,2026-01-31 04:00:00
cefd602c97792e68,2026-02-03 19:00:00
a9c6b96342fafab9,2026-01-26 17:00:00
030bb1b94c938520,2026-01-06 15:00:00
9cae311fdf4386e5,2026-02-08 15:00:00
2a4748659a5c8801,2026-02-09 01:00:00
34d4d5319a57cbb5,2026-01-10 18:00:00
bfb5a2378c2a6075,2026-01-14 01:00:00
f9507b235e718329,2026-01-15 12:00:00
1b4a17e210245346,2026-02-08 02:00:00
788e9eee82ec06ec,2026-02-05 07:00:00
3279a53ae7862e3b,2026-01-12 07:00:00
cb5d84c18357555d,2026-02-11 05:00:00
25178504368fc9dd,2026-02-08 13:00:00
78fbb124386b7a08,2026-01-20 22:00:00
3741e5b21d63ac65,2026-01-12 09:00:00
889a77bf4066eb17,2026-02-14 02:00:00
9961e87c6773dc85,2026-02-04 14:00:00
3fda3b26ff31dfe4,2026-01-16 04:00:00
96fbb8d3ee23a3a8,2026-01-29 16:00:00
a106944f8f016f96,2026-02-08 10:00:00
4fcd5be66e10a1d0,2026-02-11 11:00:00
db41d323a56b5326,2026-01-21 02:00:00
bcd391fd9935ce80,2026-01-25 03:00:00
9439c315c95353c3,2026-01-14 11:00:00
b5bbab0f96434686,2026-01-13 15:00:00
b0afed7f6509c148,2026-02-11 20:00:00
0198185a3abd76ae,2026-01-08 07:00:00
24372de02a9078e4,2026-01-30 08:00:00
de83bd43865ff1c0,2026-01-23 15:00:00
39b568837d2e997f,2026-01-15 11:00:00
18fe280bbc9c0062,2026-01-31 04:00:00
9f2c6ef8743533e5,2026-01-25 04:00:00
fd6b3539cde2ded1,2026-01-28 16:00:00
e608eeb78a5d50ae,2026-01-28 10:00:00
24e5bcb5c7d6e28d,2026-01-31 23:00:00
50bfe77e7e53d2ed,2026-01-08 03:00:00
e36906ef0e2ac51b,2026-02-07 17:00:00
6da39d0243a7c75b,2026-01-07 01:00:00
8dcceddc4da4a648,2026-02-05 00:00:00
0a157320722462a8,2026-02-06 22:00:00
b9ff2c0312e53bc6,2026-01-19 20:00:00
23f440affe45fa0f,2026-01-02 11:00:00
51bb32753dc5f0cf,2026-01-04 12:00:00
772caf6546fe66f4,2026-01-24 19:00:00
fbf250e1e6e30014,2026-01-18 12:00:00
94f68f513ce44416,2026-01-12 02:00:00
af63be166b892fc2,2026-01-26 12:00:00
bb1d61093023c6df,2026-02-12 11:00:00
7cff3f3abc1356d6,2026-02-05 07:00:00
0c2c544dbdf4f0b8,2026-02-14 07:00:00
4abe88588b02f1da,2026-01-12 03:00:00
761bf00ce8d49680,2026-01-17 04:00:00
28eee115bc871da4,2026-02-09 06:00:00
2fa7b8dd22a5da9a,2026-02-10 22:00:00
13bcbde4461eb5df,2026-02-05 06:00:00
c3bd83d68bbee231,2026-02-01 15:00:00
540a3eb1757369aa,2026-01-29 18:00:00
3043d731d67e1761,2026-01-12 11:00:00
15e8648dbe02bb11,2026-01-07 12:00:00
f3b69cc8333376c9,2026-01-09 16:00:00
231c02b3f1bec0af,2026-02-01 05:00:00
d7e141713d4de6b1,2026-01-24 09:00:00
abad1b099b01d8b0,2026-01-30 05:00:00
d3b32a383250617a,2026-01-06 11:00:00
275d1040b84a7111,2026-01-11 22:00:00
589dd601b3f722b0,2026-02-12 17:00:00
e73d5f700fc2fbe8,2026-01-19 04:00:00
07ceb58b34e90d48,2026-02-09 00:00:00
0f1469241a73b8b5,2026-01-02 08:00:00
5054f655c2dd95fb,2026-01-29 03:00:00
45f34e11b53bb219,2026-02-04 13:00:00
67017ccff64a111e,2026-02-09 10:00:00
6c8835aa5b529cba,2026-01-23 23:00:00
1a44d2191047edd2,2026-02-14 15:00:00
6b104e5a7c8192ef,2026-01-31 00:00:00
91d0afaa4e15e9c0,2026-01-01 03:00:00
ea1b67e9ee5113b4,2026-02-04 18:00:00
73eff54f67dc6303,2026-02-08 04:00:00
689b64bf158536f8,2026-01-10 12:00:00
51733647d810d50c,2026-02-13 05:00:00
996c1bc96441c33f,2026-01-10 14:00:00
be3839bc4e1a68ed,2026-01-23 15:00:00
2829ded00afe1a6c,2026-02-05 00:00:00
9a13a74a3b203efc,2026-02-10 07:00:00
00671d8e59cd62cf,2026-02-01 18:00:00
7203f2eb8b404687,2026-01-09 18:00:00
25f8ac201c31a28d,2026-01-01 17:00:00
98a57008a1977863,2026-02-07 07:00:00
9265fe6f307a413b,2026-01-22 19:00:00
a3c87ad5a9eb88c4,2026-01-29 12:00:00
86a3d97352b83543,2026-02-02 09:00:00
9a0e85d25b6cad98,2026-01-18 22:00:00
ca74d23593fd3747,2026-01-29 07:00:00
c6794a2be0dc924f,2026-01-30 06:00:00
0b88b464c245119d,2026-02-05 09:00:00
b7154a8f0d8f6f8f,2026-01-01 14:00:00
ffd3ba54a059c4d7,2026-02-10 07:00:00
6e096797458a16b0,2026-01-05 00:00:00
5e0bf7745125ec9c,2026-01-01 13:00:00
e996b28a1a634b55,2026-02-05 13:00:00
5c9f2efe05739401,2026-01-08 14:00:00
b630ec73f6542e4b,2026-01-14 07:00:00
c961bc4554fc97f8,2026-01-26 00:00:00
5dd5b08de50590e5,2026-01-04 22:00:00
5a41bed36c15582e,2026-01-20 16:00:00
b5098cf4f8b804fd,2026-02-07 13:00:00
3fd3758c1cf28b0d,2026-01-18 10:00:00
bddcd1eb50488f5d,2026-01-05 08:00:00
43a49e1884afe368,2026-02-02 02:00:00
6ba780734b699333,2026-02-01 12:00:00
678582b7e82311d0,2026-01-19 00:00:00
c86a5b1126d84392,2026-02-08 06:00:00
1aca5b893e3c0109,2026-01-04 07:00:00
7d8b9e060622f4ae,2026-01-19 14:00:00
c51ea0a8eb8cac33,2026-01-27 21:00:00
06410bfcc668f48d,2026-01-09 15:00:00
6fa8a23ed2796057,2026-02-14 19:00:00
bb03d65520065dbd,2026-01-07 02:00:00
c5d0e518d1636900,2026-02-14 18:00:00
f5daae19e2d8e4a2,2026-01-21 09:00:00
3921a15bd2f15a8d,2026-01-01 21:00:00
e9c48c68c2c3618b,2026-01-21 20:00:00
79b9b006e6049852,2026-01-20 04:00:00
a7a75d282a706f39,2026-02-01 00:00:00
ab432cc3d4d4b2bf,2026-02-02 10:00:00
81533a6700a6b899,2026-02-07 06:00:00
dc0f896254ecc037,2026-01-07 02:00:00
1eb2c6419eb9ea19,2026-02-10 09:00:00
5d7921a8fc521c69,2026-01-02 16:00:00
4738478b3053ad81,2026-01-17 01:00:00
c4eda3f87c864e96,2026-01-07 03:00:00
8b2b5414884eccda,2026-01-16 23:00:00
59328f399f69e095,2026-01-24 22:00:00
df7eec7a4a46dfaa,2026-02-06 10:00:00
3c2d60cd4e8e72e5,2026-01-10 19:00:00
2e915faaca59a76d,2026-01-17 01:00:00
2f073eb4fbb7765d,2026-01-14 18:00:00
bfe31bbe38a4acb9,2026-02-06 16:00:00
a1f660949ff4ead7,2026-01-08 15:00:00
c5f505ff3daa2785,2026-02-06 17:00:00
f8e5c66f2835d01f,2026-01-25 20:00:00
a2551aea03b3ff58,2026-01-10 11:00:00
9f87fc7715946297,2026-01-01 05:00:00
45c66878fdeb27ac,2026-01-05 19:00:00
c30f792e93b21306,2026-01-30 17:00:00
5cdee0de9e957d93,2026-02-13 07:00:00
57b02c175e34a738,2026-01-10 08:00:00
e6731ed716ebb4b5,2026-01-11 01:00:00
5bc740b961ba452b,2026-01-25 16:00:00
4fd221cb8e529c5c,2026-01-03 07:00:00
576c5efd18f1fac9,2026-01-12 15:00:00
a3bd262cfca0e176,2026-01-09 15:00:00
082af7cfcba7657c,2026-01-31 15:00:00
94851e12d938692f,2026-02-07 22:00:00
ca9168eb49763270,2026-01-10 20:00:00
d7729245f393134a,2026-01-08 05:00:00
e95c6fd8aa85c941,2026-02-07 05:00:00
b754e21f83bbb6e6,2026-01-11 08:00:00
c2644e5b43af6e36,2026-01-24 22:00:00
960b5dcc4c492cb6,2026-01-25 06:00:00
d4a4a00ef3fca6e5,2026-02-11 17:00:00
d7663fa3b9017313,2026-01-02 06:00:00
bd8876766dba71f4,2026-02-09 13:00:00
70235ff2644ffc65,2026-02-14 08:00:00
8630453ffff46ca0,2026-01-22 13:00:00
16e38a14bf8e30ce,2026-02-12 13:00:00
fc7b27c39e7de4f4,2026-01-05 03:00:00
5ea3f9e9b2f35aeb,2026-01-11 21:00:00
e76e354b15fd0ac2,2026-01-28 00:00:00
38ca4af743b36424,2026-01-28 12:00:00
09e0a4643fec9cda,2026-01-21 12:00:00
4c43394b2400c995,2026-02-05 07:00:00
5aa04ab104589356,2026-02-11 20:00:00
3bebc55d1d3a3970,2026-01-21 19:00:00
e1cb1271bd1ff47d,2026-01-24 01:00:00
880d428f746f1d50,2026-02-14 11:00:00
791e3bafff4ac828,2026-02-01 07:00:00
9c1d1a36fd1ad868,2026-02-13 21:00:00
7e74b64d94d3751a,2026-01-25 01:00:00
c4d258cb841a0eb7,2026-01-15 08:00:00
6106e22e7509659c,2026-02-12 12:00:00
a71bb05821bded20,2026-01-12 14:00:00
0a031ed2c589dd78,2026-01-01 13:00:00
04d6df250eba8f5d,2026-01-28 02:00:00
3c34fcf216cd9e7b,2026-02-07 07:00:00
b4bd9a731555cc06,2026-01-23 06:00:00
3cdc7e9747347b17,2026-01-29 05:00:00
3a509476ce586c52,2026-01-28 18:00:00
560933c53178356a,2026-01-23 22:00:00
11ed3b333971f8ad,2026-01-24 05:00:00
e795dd8836518dc1,2026-01-14 20:00:00
01a35070af46fde4,2026-01-26 17:00:00
5f879187c2842dc1,2026-01-23 09:00:00
27b0f4f77119e24d,2026-01-12 07:00:00
1695a12b917ece91,2026-01-19 18:00:00
faf99183a88d1958,2026-01-01 22:00:00
15f3bbd0393b03dc,2026-02-04 15:00:00
5cf2125756955d8d,2026-01-29 17:00:00
8c92df02c6530b0e,2026-02-06 09:00:00
36ea0e01d86007e8,2026-01-19 03:00:00
301802e1fa83bccb,2026-01-03 14:00:00
02a1b9094b7eb7ac,2026-01-15 13:00:00
c61044c5bcaf886a,2026-01-24 20:00:00
32a22e41209563a3,2026-01-16 13:00:00
0c50f5df0e949afa,2026-01-08 03:00:00
4ed6774e298ad237,2026-01-18 07:00:00
44a9f8fb963c6341,2026-02-12 01:00:00
533010472c636282,2026-01-08 10:00:00
87f1f38017f7a3d9,2026-02-05 20:00:00
26db2e454849ee9e,2026-01-15 19:00:00
264a334987ff576e,2026-01-27 07:00:00
905aab3fa325e880,2026-01-26 08:00:00
e0edf414bee0147e,2026-01-07 21:00:00
5d393828dc0522b8,2026-02-12 16:00:00
b9fa3e3e095c4ae0,2026-02-12 13:00:00
203dc07ceccec69d,2026-02-10 04:00:00
97f14c1a6e56c8b2,2026-02-09 05:00:00
10179ac4a253c97d,2026-01-25 16:00:00
2859b5695c579ef5,2026-01-05 18:00:00
5407862762f8b0fb,2026-01-25 01:00:00
ddc3d5b3f838444c,2026-01-07 00:00:00
8cc33be17d021fcf,2026-01-23 06:00:00
7937c5fea169f481,2026-01-29 09:00:00
440ad05ae3a397b4,2026-01-06 23:00:00
6b916c53b08f8ea4,2026-01-22 01:00:00
fa1272acbad1dce8,2026-01-05 23:00:00
930bd4bb4e58c0cb,2026-01-15 14:00:00
57ec54f2c70a67c0,2026-02-02 10:00:00
32b71e6339c4b6d0,2026-01-03 18:00:00
b5cf8f1aedfb0cdd,2026-02-07 18:00:00
83677459e698bc9a,2026-02-04 13:00:00
711635470a8a040a,2026-01-07 16:00:00
5a1b5a37ad3ea8af,2026-01-31 03:00:00
66d3d841f29662d9,2026-01-05 17:00:00
a252a9903e061daf,2026-02-07 08:00:00
a80074a10f854a86,2026-02-02 15:00:00
b58d9be3c06c69cd,2026-01-28 21:00:00
8798668e270d10e3,2026-02-07 23:00:00
962d99deaf5cc939,2026-01-30 01:00:00
6abc7165181b5539,2026-02-01 09:00:00
875438807a12d8e7,2026-02-03 14:00:00
9c603f09b171971f,2026-01-17 21:00:00
743cadae2c86934c,2026-01-15 09:00:00
6a080d7b67007469,2026-02-06 18:00:00
7886aa47e31a6b29,2026-02-08 01:00:00
3f075911c1ac63a7,2026-01-29 22:00:00
1f1051cebdad0778,2026-02-07 23:00:00
bd4eab93a415e572,2026-01-28 00:00:00
21c00a96bfe3477f,2026-01-03 04:00:00
8c5a2506dc8f81f1,2026-01-18 03:00:00
eedc0b288645596c,2026-01-05 19:00:00
5158794f846c9438,2026-01-03 20:00:00
e376a907bcaf0a15,2026-01-20 19:00:00
acc2c8690de85a6a,2026-01-06 08:00:00
a482290c4f6f3c03,2026-02-01 01:00:00
e5bb8bf9f534782c,2026-01-18 03:00:00
b46f1ea5f276af0c,2026-01-02 11:00:00
7b3b6d6caec94362,2026-02-13 17:00:00
3b5c3f72d3814366,2026-01-21 10:00:00
1b97e97b2523756e,2026-01-07 13:00:00
17f662c092475eba,2026-02-08 02:00:00
a8b6e3a14728a764,2026-01-10 06:00:00
f01c0eb6b8378e5d,2026-02-13 11:00:00
ad8c6e4d208a67ec,2026-01-12 17:00:00
1b3c57d21e04acf7,2026-01-22 05:00:00
dc68b8ecd04f5ef7,2026-02-14 07:00:00
d069236b4516c3df,2026-02-12 01:00:00
1eb89aab7519cc6b,2026-02-03 14:00:00
b48f70405f4de4ad,2026-02-01 21:00:00
0945b7150db3cbe1,2026-01-27 19:00:00
8649c2c2b76f903d,2026-01-20 21:00:00
b82c164c49fe0a3a,2026-01-24 04:00:00
01e1e49191e22972,2026-01-14 22:00:00
0a20f156eef60d9b,2026-01-30 05:00:00
d68c82aa96d7386a,2026-01-15 16:00:00
6aabfa82d10a26e3,2026-02-10 07:00:00
ac447e6906b7dc0c,2026-01-24 14:00:00
cd76e835773f23d6,2026-01-09 01:00:00
ea4418bfdaaa08a0,2026-01-01 12:00:00
eaed27b27f4dd7ba,2026-02-02 21:00:00
44dc805a32de20ad,2026-02-04 18:00:00
93c77e35fd9ae294,2026-01-10 10:00:00
62bde6e3fbf61d6f,2026-01-04 05:00:00
edfb384a40a18797,2026-01-23 08:00:00
61d04ceadd5855a9,2026-01-26 18:00:00
3a053f917874b07b,2026-02-05 05:00:00
da73c4ec4fe5d050,2026-01-11 11:00:00
43f2749363ea7acf,2026-01-24 17:00:00
e0182f8384ee5eca,2026-02-13 15:00:00
2988400333a2f648,2026-01-20 14:00:00
366bceebae66ec86,2026-01-18 11:00:00
2e9fd48997f38cd4,2026-02-02 14:00:00
9d17b832ff64e9ad,2026-01-17 03:00:00
7068b68fc8b3fea4,2026-01-15 15:00:00
e38a894c9a717a3b,2026-02-08 17:00:00
d1d423004d94f31f,2026-01-25 00:00:00
f90c8e65dfb11cff,2026-01-14 23:00:00
4942aa6978165b08,2026-01-09 08:00:00
23241321b8ff86d5,2026-01-24 11:00:00
92631af7466518f9,2026-02-08 06:00:00
2c6ceb29c5367b12,2026-01-01 05:00:00
9a177e5d4790b2ab,2026-01-10 13:00:00
3ad752cc8ce57c0f,2026-02-12 19:00:00
2280fdbcb6403530,2026-01-16 20:00:00
f8da673c6ccec76e,2026-01-29 04:00:00
73b9c2cd961a788f,2026-01-10 12:00:00
2e948341132042b4,2026-02-02 09:00:00
29b012f5cfb73f64,2026-01-28 00:00:00
83428d3251d1d2dd,2026-02-08 17:00:00
10c56d194237a1c0,2026-02-14 16:00:00
cc486ebd1cd67b89,2026-01-27 07:00:00
cd8f6f477ab04c4d,2026-02-06 07:00:00
b4a5434cac978a1d,2026-01-27 19:00:00
a7bae3561f4eaad5,2026-01-07 03:00:00
07b7eb96d7c51119,2026-01-08 11:00:00
3d3396a23c102f68,2026-01-12 08:00:00
c584d5543339b666,2026-02-07 03:00:00
8a510353a7105f29,2026-01-15 18:00:00
49a77bf81f7d6d2c,2026-02-09 10:00:00
9abb0f8fa40306d4,2026-01-25 00:00:00
40450daeb9959ecb,2026-01-26 18:00:00
6b5c03d1b87a321d,2026-01-31 03:00:00
8fe3606aa27a32df,2026-01-12 00:00:00
5a45104b2877d80f,2026-01-16 17:00:00
1cdc2fe9ef0f287b,2026-01-03 20:00:00
3101bca0acbaf6d4,2026-01-14 09:00:00
b857b4d18a7b9166,2026-01-07 22:00:00
006968555eac647e,2026-02-05 23:00:00
0b2580cc2b9a35b0,2026-01-07 23:00:00
7b007d1eb4d45438,2026-01-11 11:00:00
ecd7802a25a3957e,2026-01-09 06:00:00
8611412866aee4bf,2026-02-08 23:00:00
a1f053c94315ebf1,2026-02-06 06:00:00
4a19f775069503a4,2026-01-07 16:00:00
278646489b16ee6c,2026-02-10 02:00:00
25bce430c3edfa4a,2026-01-30 14:00:00
6fb43a35d176fb63,2026-02-12 23:00:00
a50149c18b8791a8,2026-01-01 23:00:00
193ee64186219781,2026-02-03 11:00:00
c3fe18891dd7ac9f,2026-01-14 19:00:00
adb2681d2ddb1a61,2026-02-13 15:00:00
88a6804df14ccb70,2026-01-25 17:00:00
7f1ca8dc956c4c89,2026-01-18 02:00:00
9ba73911c55dbd02,2026-01-08 07:00:00
766ba4fcb018f412,2026-02-05 10:00:00
8771344fde6c0e3e,2026-01-18 03:00:00
8e3a5417dea1b1d4,2026-01-08 15:00:00
9b977e090e5c0265,2026-01-03 17:00:00
3b386fdcde3f233b,2026-02-12 17:00:00
187ce864af338e26,2026-01-05 05:00:00
b07c1191fb218ff0,2026-01-07 16:00:00
3fce95ae14baa6b2,2026-01-09 01:00:00
0aa51ef0c00e840d,2026-01-04 08:00:00
e3c9a6b9b8195b74,2026-02-13 14:00:00
480fd3144381b0f1,2026-01-12 02:00:00
83ccb3d937934d66,2026-01-31 10:00:00
3cbc5de39ee1ba88,2026-01-25 08:00:00
0d1eeb0f98dfe798,2026-01-30 07:00:00
6dc98db89b1b50fe,2026-01-13 02:00:00
c29657ac9dd8406a,2026-01-31 08:00:00
8edcefd2181992c7,2026-02-05 16:00:00
de9ad5310b78db1c,2026-01-11 08:00:00
950e548fa653d203,2026-01-27 10:00:00
49f678021620659d,2026-01-22 19:00:00
baa6f0d7d6e8bb03,2026-01-12 08:00:00
117c2ade71681130,2026-02-07 21:00:00
670271eb1f9c68d9,2026-01-22 18:00:00
bcb4cb110596c86a,2026-01-14 19:00:00
b44005fd0a310ad7,2026-02-14 10:00:00
bdca77674eb31af3,2026-01-30 17:00:00
6d5457c65d2b1164,2026-01-01 09:00:00
3047b1e62b498337,2026-01-30 22:00:00
ba974f8d74d8bc96,2026-01-07 18:00:00
98d42b161d565464,2026-02-04 22:00:00
744b4dca61c440b9,2026-02-02 15:00:00
e2e9384fe3e7b137,2026-01-28 18:00:00
e78d116f091a9203,2026-01-29 05:00:00
efb5815f4df698af,2026-02-06 15:00:00
7d9c7b9173aade99,2026-01-24 06:00:00
548dc2ba0015a3cb,2026-01-14 10:00:00
d45d54d1d3ccf1c7,2026-01-01 05:00:00
ae41f27df95a3fd8,2026-02-10 15:00:00
7362ba6706488099,2026-02-11 23:00:00
6fdf3f12b329ce97,2026-01-22 23:00:00
ae0f366d1338372e,2026-01-17 19:00:00
d80213b7b2e14580,2026-01-31 10:00:00
b36e24b5854c6741,2026-01-15 06:00:00
d8936717df45ce67,2026-02-13 05:00:00
c14872e5412e0fcf,2026-02-11 21:00:00
feb83c69a1ab33ea,2026-02-13 12:00:00
23151e79d26093b4,2026-01-27 13:00:00
06ae00247e5dae1f,2026-01-16 11:00:00
f741c629816439f7,2026-01-24 22:00:00
ba0cc0c2829d2887,2026-02-03 05:00:00
0980afa2fde7b44f,2026-02-05 03:00:00
bc5ad9a3e7bb2a73,2026-01-15 22:00:00
461ed4327500e6e5,2026-01-26 16:00:00
86846cf8579d25d9,2026-02-07 20:00:00
ea73c5065b3d8f43,2026-01-08 13:00:00
2d41fab9fd61a6da,2026-01-24 02:00:00
5fd09f04c7c27643,2026-01-06 16:00:00
2a3f702fc297e747,2026-01-24 01:00:00
3825b2eb5b765a64,2026-02-11 07:00:00
6f62f4ab32a76029,2026-01-23 14:00:00
4211d9e20d54d708,2026-01-31 08:00:00
8d3e6461c86e088c,2026-02-02 02:00:00
7c19adabf9d1ccda,2026-02-08 17:00:00
00dc595695122c4c,2026-01-15 17:00:00
cd68a827fe2633c0,2026-01-01 20:00:00
c5cac9771a066c9f,2026-01-26 17:00:00
9061e3573de911ab,2026-01-29 21:00:00
6d94ea922ac0a14c,2026-01-01 03:00:00
13a19c34b6241437,2026-02-07 20:00:00
4e645fb917a1c150,2026-02-08 20:00:00
5a3924b5807d9015,2026-01-21 13:00:00
f28c0cfdf6cb2d96,2026-02-07 06:00:00
9173daf8272cbe03,2026-01-01 09:00:00
c358b5b8a0e6c19e,2026-02-10 08:00:00
5fd8364ebd11ef81,2026-01-24 14:00:00
07dd76a97c31b076,2026-01-12 17:00:00
b005ab5cac1dd291,2026-01-15 04:00:00
e494c3924b1ddbde,2026-01-13 00:00:00
0572e03fefb0a9ac,2026-01-23 20:00:00
b52899a0e69046de,2026-02-10 06:00:00
9c5bd1e590130271,2026-01-01 04:00:00
9afc7ee13b47ccfd,2026-01-25 03:00:00
5d5f5a5866f2d843,2026-01-30 12:00:00
c603ab333d4e433b,2026-02-07 06:00:00
b94f514afa32bc90,2026-01-09 09:00:00
a1af9c3a6fbbd0ca,2026-01-31 13:00:00
55610e85d9e4bde0,2026-01-14 16:00:00
2204548005455bff,2026-01-02 12:00:00
89862777b0c8dcfa,2026-02-03 22:00:00
f09801090458ea39,2026-01-03 23:00:00
e4ff9fcd85d548fc,2026-01-25 21:00:00
e923c71e2d16dc43,2026-02-08 09:00:00
9775ec116c955fca,2026-01-01 13:00:00
bf820d0ca487377f,2026-01-10 06:00:00
b72288d4df6257f4,2026-01-10 09:00:00
785094f7acfaa1fc,2026-01-22 21:00:00
1c6c5961f787b600,2026-01-14 21:00:00
839542ad49cb38e2,2026-02-13 16:00:00
75fbeda5c0ca5d3b,2026-01-15 07:00:00
1a6c320058dbacba,2026-02-06 15:00:00
0efcabb411b0caf3,2026-02-04 07:00:00
b8fd2668802855cc,2026-01-25 15:00:00
55e5beb9e8d89bb5,2026-01-21 02:00:00
61f7d54a7d6bb0fc,2026-02-08 06:00:00
de26fdd1a23b8e3e,2026-01-31 11:00:00
5cdaf9c7b3389bc0,2026-02-14 04:00:00
ce7ee9cdff5d9f95,2026-01-30 04:00:00
be70efb7b24bdb26,2026-01-16 16:00:00
fa097d019c7e8318,2026-01-03 01:00:00
1b91c6c42918c45c,2026-02-12 12:00:00
3fed541874b9227b,2026-01-22 22:00:00
9e9c57f71dc520aa,2026-01-03 18:00:00
e5796ad603cb2c98,2026-01-21 13:00:00
13752ee60a868c70,2026-02-03 15:00:00
652e6cec94a7eeb5,2026-01-13 16:00:00
74a300bae5b09d74,2026-01-31 17:00:00
d15b78ff8701ad8c,2026-01-11 02:00:00
eee432d63b71c42f,2026-01-19 12:00:00
90a1feb4868f87e6,2026-01-19 02:00:00
9c1a169c17a428a0,2026-02-13 12:00:00
de50f3c8f14d784f,2026-01-13 06:00:00
5566c603d8b92fda,2026-02-04 09:00:00
e6fc7406f96555c3,2026-02-03 02:00:00
a36607c59df54e4a,2026-01-11 13:00:00
46edc9e4d9ad9f43,2026-01-18 21:00:00
3f351e8e64c0a445,2026-01-12 21:00:00
d389b377961708c9,2026-01-02 12:00:00
7cbffa30e92e449f,2026-02-03 14:00:00
dfe32eb2bb7124a1,2026-01-28 01:00:00
16d42fbee8df5bd8,2026-01-02 17:00:00
0db93eb4a44a1ea7,2026-01-11 01:00:00
9ba4e077236a2c53,2026-01-21 17:00:00
90413ab1f8b3903d,2026-01-10 08:00:00
261166248dd87897,2026-02-05 14:00:00
2646d0821eba111e,2026-01-19 08:00:00
d11290c76c357d77,2026-02-10 20:00:00
926bd3c228e148c5,2026-01-11 11:00:00
1c41ca5d4d7b6f31,2026-01-04 19:00:00
12d808934f3833ed,2026-01-25 00:00:00
f0974af1bc7d370c,2026-01-21 21:00:00
eace96aad2ef6404,2026-01-31 22:00:00
505ca33f501f7f35,2026-02-14 08:00:00
6143b00b08276a15,2026-01-23 14:00:00
779fd306a37ec62c,2026-01-15 01:00:00
5bfc43309855dead,2026-01-19 22:00:00
31dfdb6e69f4a7b7,2026-02-09 20:00:00
c38ac717d07df0de,2026-01-15 05:00:00
56e3051d5f7cb6ce,2026-01-08 01:00:00
14edac97ef2f4796,2026-01-04 21:00:00
bd905018fd9b8b89,2026-01-02 07:00:00
0e78ccffb232f547,2026-01-29 14:00:00
c06ee93d68342761,2026-01-21 13:00:00
f9190b85755b926d,2026-02-01 17:00:00
11d88873363275c9,2026-01-14 12:00:00
9d4cc100c2c418a0,2026-02-05 07:00:00
282c986987abdb5a,2026-02-10 03:00:00
7345fcea2d540af2,2026-02-02 14:00:00
b76e78c9fe019c9c,2026-01-10 10:00:00
8103672ba10b723a,2026-01-29 18:00:00
d267436a3d3ccd9c,2026-01-06 18:00:00
77e273b7acb06e9d,2026-01-29 18:00:00
84f70d24673be4ca,2026-01-12 23:00:00
cff958f989cba733,2026-01-22 21:00:00
d2f2b2bc0d185978,2026-01-13 01:00:00
820774cab3c3475f,2026-01-23 01:00:00
faa10b1fc47d6261,2026-01-09 12:00:00
516b31d6b5ca282b,2026-02-09 19:00:00
7df7e99580c34ae3,2026-02-06 17:00:00
4529668052ba637d,2026-02-11 14:00:00
831c160972f8875b,2026-02-04 20:00:00
6cb0ab4b21cfeaf5,2026-02-10 07:00:00
4b3057311945050f,2026-01-27 19:00:00
9c5e7f2bbde4bff3,2026-02-10 17:00:00
772c96776fd76704,2026-01-29 11:00:00
948ba6c17c1e25ff,2026-01-12 08:00:00
99ad9f7976772987,2026-01-21 15:00:00
a2001d5388c724d2,2026-01-31 22:00:00
dc414e788dae2628,2026-02-07 06:00:00
8fb0a4bdd2eedd4e,2026-02-04 04:00:00
d514bb037e824cfa,2026-01-24 22:00:00
8011b5b52cdc7632,2026-01-28 00:00:00
c647cd3d18189fbd,2026-01-22 23:00:00
568514c8047fd127,2026-01-13 12:00:00
79a52f1ab6d7d6a9,2026-02-04 05:00:00
2ea15041dbf829b0,2026-02-11 02:00:00
3b5895fffb69efcb,2026-02-05 15:00:00
9c97cb0af84361f5,2026-01-23 06:00:00
07e7136aee872d9c,2026-02-01 22:00:00
6015bfca04456754,2026-01-11 06:00:00
1b69a36855cef107,2026-01-03 04:00:00
a1bc854137ff9b90,2026-01-21 07:00:00
84779254e18b7a33,2026-01-06 02:00:00
7ca8386a4218b9b7,2026-01-01 18:00:00
645fdff53d6ce100,2026-01-15 09:00:00
8b6eaaf72fbbb354,2026-01-17 04:00:00
3fbf2307183bbdd7,2026-02-01 16:00:00
3db73d8bcff28495,2026-01-05 15:00:00
9985a3524999f690,2026-02-08 22:00:00
b40c573a58142e3f,2026-01-08 03:00:00
4496068251da9639,2026-01-14 00:00:00
97cde68f6eae4df9,2026-01-03 04:00:00
22154d5d6cb2a6d6,2026-01-08 18:00:00
1c6b270c41968dbb,2026-01-29 07:00:00
d59b7c23a7e24439,2026-01-13 03:00:00
16c929df5caa1a6a,2026-01-25 16:00:00
c656b17e69f430f2,2026-01-06 16:00:00
033904c8d76e164d,2026-01-02 19:00:00
13361215a3a92e58,2026-01-29 10:00:00
55af148a2befa96d,2026-01-20 03:00:00
a99654b5a31e9f0d,2026-01-03 08:00:00
5f78ab225d2cc702,2026-01-20 16:00:00
afac569575a7bb8b,2026-02-07 11:00:00
3e87c9c655bebd02,2026-01-17 22:00:00
16632f16ddf3fdd4,2026-01-21 17:00:00
634172b542198ac2,2026-01-06 12:00:00
e80acb4261665f5c,2026-02-06 21:00:00
0d4cbcd069c07283,2026-01-17 08:00:00
4f6f9ac74029dfb4,2026-01-07 10:00:00
b243b10e9a4f7828,2026-01-03 21:00:00
0be1a6762a4d8b08,2026-02-05 12:00:00
2571b27d3f3729bc,2026-01-22 15:00:00
5248356fa6cef67f,2026-01-02 00:00:00
e58cf597889cdc0c,2026-01-18 01:00:00
ced6533e57d8702e,2026-01-12 12:00:00
7410b23fb246afa3,2026-02-08 14:00:00
4db5fe0ecece023f,2026-02-06 18:00:00
1d854f8635a6c83c,2026-01-26 14:00:00
70d2a3d2684ec74c,2026-02-06 11:00:00
b4e00ef83955a627,2026-02-02 23:00:00
91a10c1ea931d1fa,2026-02-06 20:00:00
ce672ab200e0dea1,2026-02-04 16:00:00
91dbc4f7f30f947d,2026-02-11 15:00:00
32842032f48601ad,2026-01-15 05:00:00
e9a6546489a8bddf,2026-01-23 20:00:00
2c710e24428642b0,2026-01-01 02:00:00
6f55e952ee9b0d9d,2026-01-18 19:00:00
d58b50a23a91e02a,2026-02-05 05:00:00
c2f11c98115c5ad5,2026-01-01 01:00:00
b410d8171ad4abb5,2026-01-15 20:00:00
2ab456b60f6c1cce,2026-01-14 01:00:00
187d6eb5a74957f9,2026-02-09 11:00:00
9a49164494cd89e7,2026-01-02 20:00:00
a9739e30a769a9a0,2026-02-10 15:00:00
1ba37d55fa74a100,2026-02-05 04:00:00
b04f004eff51ad21,2026-02-01 06:00:00
35e444a08429bc92,2026-02-13 06:00:00
af6a8020ce1573bc,2026-02-11 02:00:00
2d1accad0f256d44,2026-01-04 20:00:00
f531e2af404c7452,2026-01-02 09:00:00
b7c8476b30bb8c6a,2026-01-01 18:00:00
dde9f16e446e3526,2026-01-22 19:00:00
0cd8ace1e8170b03,2026-02-13 14:00:00
44aa2c62fa6bdbad,2026-01-19 07:00:00
5c8696a91b685a5d,2026-01-23 08:00:00
116e7a09aa58275d,2026-01-07 22:00:00
4ff131e77e71f53c,2026-01-08 02:00:00
9ce46d3f9b584094,2026-02-13 13:00:00
a0ad295416685c96,2026-02-10 15:00:00
49081150b9bcd3d0,2026-02-12 02:00:00
54efd2b515769251,2026-01-31 12:00:00
48256d8a58591ab8,2026-01-22 23:00:00
4905dce2bb684ff1,2026-01-04 01:00:00
40baccca0261b111,2026-01-29 12:00:00
296e0c356349bd02,2026-01-30 01:00:00
c29cef505112239f,2026-02-03 11:00:00
ffc601f30ac22008,2026-02-07 01:00:00
3f5a1b44b007d84a,2026-01-11 12:00:00
3f1c111c0fc4a870,2026-01-18 19:00:00
a984a8d4d0920222,2026-01-04 20:00:00
d52bbda41e5edb1b,2026-01-10 15:00:00
fd1c8a24b6e3565d,2026-02-07 20:00:00
b68757cf201f6d4c,2026-01-16 17:00:00
08d303ab3f3e41c8,2026-01-04 03:00:00
fedc511d0054fb13,2026-01-05 20:00:00
3bfcb7ef0bef0a34,2026-01-14 22:00:00
c5bb790a33be54c8,2026-01-02 11:00:00
879c67d39b6239e9,2026-02-05 23:00:00
58e23061bf3241be,2026-01-06 03:00:00
967f93ae04b191a1,2026-01-17 11:00:00
379426003995bf80,2026-02-07 09:00:00
3f289e8f8335ee73,2026-01-08 10:00:00
719808eb2980eb18,2026-01-06 10:00:00
f0dfcb0331c8d7bf,2026-01-10 09:00:00
0ad5c6d2c03290c9,2026-01-06 23:00:00
31ec28fd5f9ea3b9,2026-01-30 04:00:00
1064ccb5fc599a12,2026-01-14 06:00:00
d97e3fc46e80af45,2026-01-31 20:00:00
b24a4fd154bfcdd7,2026-02-03 06:00:00
78f1e5b342849e9b,2026-01-03 18:00:00
4f70bc2652423b68,2026-01-03 09:00:00
e7a463d49e72fc5a,2026-01-17 05:00:00
cc19aeac2c92c5ff,2026-01-30 22:00:00
856c86793a415c15,2026-01-10 20:00:00
73f059c86da033e2,2026-01-30 14:00:00
46b68f0766504c7c,2026-02-14 06:00:00
4022708e37ab6c69,2026-01-30 11:00:00
e7cdb43d0327be87,2026-01-24 01:00:00
fd55e407acb7d8da,2026-02-14 03:00:00
ac20831e6bd8d070,2026-01-01 14:00:00
bf3c5ff043b3b411,2026-01-01 13:00:00
cae5d64b7aac2f38,2026-01-09 10:00:00
ff5156ab522d6c41,2026-01-23 06:00:00
7cc986a8ba6d449e,2026-01-08 06:00:00
a238586c14fdc345,2026-02-08 10:00:00
2891ba1ced70eb92,2026-02-03 12:00:00
8e1acc45d469f924,2026-02-07 20:00:00
690f3e251c3b396b,2026-01-13 00:00:00
97e768c19f2dfa57,2026-01-24 23:00:00
7ff9eb31934fd01c,2026-01-12 00:00:00
ce81363fb94e33cc,2026-01-09 20:00:00
60bf6e48a3d92a00,2026-02-14 06:00:00
b9f9b741d816f07f,2026-02-05 22:00:00
6c6177e5b7771f66,2026-01-26 11:00:00
3ab7c58a9ed4cd38,2026-02-13 15:00:00
3db5532baa0d7d89,2026-02-13 04:00:00
f6a27a191d21fb73,2026-01-24 19:00:00
35d13b6c74f3ba1a,2026-01-25 04:00:00
5c52b43e95c60eae,2026-01-07 00:00:00
a4b2f85eae78508c,2026-02-04 19:00:00
42be164b8b61a465,2026-01-06 21:00:00
2cae3a947af7dab5,2026-01-26 11:00:00
05a07bb099a5469e,2026-02-02 18:00:00
e3c661127593f88f,2026-01-08 06:00:00
b848b669eee7cc58,2026-01-16 09:00:00
4db31ffa97df2e67,2026-01-21 19:00:00
90615caafda5481e,2026-01-19 03:00:00
69b30d78fb06c254,2026-01-13 05:00:00
01930b166cfd9cbe,2026-01-18 17:00:00
c05daa95bd94d8a9,2026-02-11 10:00:00
a9517f881353eb43,2026-01-18 11:00:00
ccc9b468740be627,2026-02-10 08:00:00
a0a880a865e5048a,2026-01-29 21:00:00
f7eb4c251e4d628e,2026-02-07 17:00:00
262fce29aee0ed53,2026-02-14 06:00:00
5dd0baa19fdd67a7,2026-01-09 22:00:00
201557a1f864cfce,2026-02-02 23:00:00
a17a8923e003cb92,2026-02-07 01:00:00
eaa17775c9ec5c09,2026-02-06 10:00:00
d7ceeaafe62748e1,2026-01-01 21:00:00
6dbea6101549df98,2026-01-22 07:00:00
4c482d6cdc848cc4,2026-02-06 02:00:00
fe0e8ea22c09a87f,2026-01-02 04:00:00
f422300507289714,2026-01-09 10:00:00
4954aea2e0258016,2026-01-05 13:00:00
27486cd16b54b2c1,2026-01-26 20:00:00
6114add6a2d7ac59,2026-01-02 21:00:00
a6bd56f16f0754f0,2026-01-07 14:00:00
7cc9db9d2c2092a5,2026-02-11 23:00:00
2002a611a9fd845f,2026-01-21 07:00:00
03d527aa499cc551,2026-01-03 15:00:00
1ee9e70d733d6f04,2026-01-01 03:00:00
cb4de56f1b2687f6,2026-02-07 07:00:00
2e2195c738b08a1d,2026-01-03 22:00:00
cac02b01e8c3f526,2026-02-08 17:00:00
40f9cc899a3abded,2026-02-08 03:00:00
9c1afe8a8a6de867,2026-02-05 17:00:00
92e65f0df04db1c0,2026-01-21 22:00:00
6c28731013f1e245,2026-02-04 23:00:00
92d42e2bd7ff4587,2026-01-27 02:00:00
05cfa0aa30961af6,2026-01-21 08:00:00
8cef3f03fb057e6f,2026-02-02 02:00:00
99972035dc41f4f5,2026-01-06 01:00:00
02673dee83011fc8,2026-01-01 09:00:00
9ef830eec7da1097,2026-01-16 06:00:00
46cef1e240a3cbd5,2026-02-04 17:00:00
272d1095d9e60a73,2026-01-13 21:00:00
c54a2e9f1d853f1f,2026-01-27 10:00:00
fd325d934eaa58c1,2026-01-12 03:00:00
8adef0f7adaadf71,2026-01-10 01:00:00
0c821d6dac24e669,2026-01-04 00:00:00
5c96e95516613777,2026-02-12 00:00:00
7b554c3c64860faa,2026-01-19 05:00:00
5543f485f3924bcc,2026-01-25 17:00:00
c0a62c61a9151052,2026-01-04 08:00:00
077c74dbd1fd1b4b,2026-01-18 09:00:00
ade76923f6e89123,2026-01-09 22:00:00
8c7057b8ff2b624d,2026-01-18 02:00:00
7f0a2d66ce37c4ae,2026-01-29 17:00:00
fc1239ddf71aff4c,2026-01-05 09:00:00
31b008429e518b9e,2026-01-27 03:00:00
41b2d21d17eb95af,2026-02-05 13:00:00
9f0e6ce99aa0ceaa,2026-02-13 18:00:00
b03ac9d37ff55d4f,2026-01-17 08:00:00
df7184e0218562d6,2026-01-06 01:00:00
ab1d1e6b1bf08c30,2026-01-02 16:00:00
1f8c8c504eb228f0,2026-01-24 00:00:00
f451a6cc9d71e961,2026-01-28 03:00:00
1c93264669f0e3c8,2026-01-15 17:00:00
792aa487532e0213,2026-01-17 04:00:00
2f8bc808ef7783a9,2026-01-11 20:00:00
f6faf2bae011630b,2026-02-02 09:00:00
ae72d90e9e25f7ed,2026-01-29 00:00:00
bf35716daf361828,2026-02-04 23:00:00
41f9c54eafe7cc84,2026-02-01 06:00:00
080b9d6bb1762897,2026-02-14 11:00:00
c5a72e252f340dfb,2026-02-07 01:00:00
38f4a9e1cc44a7d3,2026-02-03 08:00:00
ca442a8f67833f63,2026-01-05 21:00:00
b1d391645f3e2074,2026-01-27 23:00:00
07a6290183eb58b5,2026-01-12 22:00:00
483246342ba3c905,2026-02-11 13:00:00
77f5234018f704f0,2026-02-01 07:00:00
77d57b1e78b9cc22,2026-01-07 19:00:00
5738a8476a060a14,2026-01-07 08:00:00
6e53774589fbe6d5,2026-01-13 08:00:00
ccdf4f4d4e2349d3,2026-01-12 07:00:00
251ef213801b88e2,2026-01-12 13:00:00
0cd681be0daf5d0d,2026-01-11 01:00:00
8ee12e89e44ef64d,2026-01-23 07:00:00
2053e5b8a9132db5,2026-01-02 19:00:00
0b57d2ed566b1ac1,2026-01-21 05:00:00
0617c6286f08e073,2026-01-21 21:00:00
8df9fda7649e1b68,2026-01-21 20:00:00
a97c5d660e3cddd0,2026-01-29 22:00:00
856322ccdb7f6668,2026-02-01 15:00:00
319f9e84f3b79925,2026-01-19 14:00:00
e871adcdf4918004,2026-01-31 06:00:00
b12534a554c9d137,2026-01-14 09:00:00
5602845ae9b5c4d6,2026-01-20 20:00:00
6645b9ff0a5f81e8,2026-01-31 22:00:00
5b454333621b4b52,2026-01-30 01:00:00
38a688e9b7a3292a,2026-01-10 10:00:00
d9ceef10439dcc9a,2026-01-31 22:00:00
eed9cb6125d2bfb5,2026-02-13 07:00:00
96b1a00e099cd025,2026-02-09 04:00:00
a7d30fab6facec10,2026-01-30 18:00:00
5242aa48c7c721c2,2026-01-19 18:00:00
88933352b6271751,2026-02-13 13:00:00
57e88be2ec1accaf,2026-02-03 18:00:00
9977109d09c1bbc2,2026-01-10 12:00:00
dd0490b2458eaf37,2026-02-02 19:00:00
a64e2f6ec76ef033,2026-01-06 03:00:00
fa49e6a47ea497d3,2026-01-30 19:00:00
4b2b36eaf8f0035d,2026-01-28 12:00:00
bc5157a09ffb604c,2026-01-24 11:00:00
a0292989148ac1a3,2026-01-25 10:00:00
5063911b8d0b19ac,2026-01-06 10:00:00
f8e36e7dac3b74b7,2026-01-28 22:00:00
2838490e7cf9ff9e,2026-01-27 00:00:00
738bbad4eacbcd07,2026-02-12 23:00:00
9dea652e487a89f6,2026-01-19 23:00:00
2aea09c0a13d96ac,2026-01-28 00:00:00
2563fb645d64974e,2026-01-10 02:00:00
967c4478f936a819,2026-01-08 09:00:00
252e165cb4b56fe4,2026-01-11 04:00:00
d5ae0e423be60892,2026-01-17 07:00:00
118f917d73dff8d8,2026-01-30 16:00:00
4e30b87ac0fb82ba,2026-01-08 06:00:00
a8f6f3c982cbdc82,2026-01-21 14:00:00
2a5127d7ee73b5b4,2026-01-14 09:00:00
262023ed509bebb7,2026-02-11 02:00:00
bbec17cb7db013e4,2026-01-30 23:00:00
866a9daa46a5a6d1,2026-01-17 19:00:00
9d6c1a8f97c9fdc6,2026-02-11 06:00:00
0a039df46bf605eb,2026-01-15 04:00:00
29b4664add11ec5e,2026-01-12 03:00:00
ce5a4e2f54ebaab8,2026-02-05 01:00:00
c6888527b8e77a1e,2026-01-14 02:00:00
63bf19ce35047fe1,2026-01-27 12:00:00
91e093bc72e4922f,2026-01-12 19:00:00
463c90b0c962903a,2026-02-14 01:00:00
d852697712816263,2026-01-19 05:00:00
2f34219cc31d4912,2026-02-07 12:00:00
4f42b74d5a4ac4e9,2026-02-05 00:00:00
caa12bd1d266c2ac,2026-01-26 00:00:00
c8ecda2294c253c4,2026-01-18 07:00:00
262cbdd856edc511,2026-02-05 19:00:00
29af86f8fee51f89,2026-01-23 01:00:00
9de26fe9ae5f23dd,2026-01-02 03:00:00
d35d6afa2c735ac3,2026-01-03 04:00:00
3269fe117e250bc9,2026-01-26 19:00:00
2b7aabdc284ec35b,2026-02-07 11:00:00
f2ca074072b58659,2026-02-08 21:00:00
1a3ee9e986833dc7,2026-01-30 01:00:00
2762520cbd537509,2026-01-25 04:00:00
9cc6c3156c1d68bb,2026-01-20 00:00:00
93966d18d9e6f2a4,2026-01-25 16:00:00
4db5184348086ea3,2026-01-31 10:00:00
8255f612e0e35846,2026-01-30 23:00:00
409116410efa561f,2026-01-20 07:00:00
adcf38e0dfd5284b,2026-02-12 07:00:00
59471a55a02be392,2026-02-06 20:00:00
6dc1653d03417c5c,2026-01-19 13:00:00
a1e38004419a6ac4,2026-01-06 02:00:00
f47903b2a3ab6465,2026-01-29 10:00:00
51667b2527d2eb7b,2026-01-26 11:00:00
943336f395d66e03,2026-01-29 14:00:00
7dd587e39db7d4a9,2026-01-30 11:00:00
c9ffdf6986745e5e,2026-01-16 13:00:00
baf3ea29adaea5a3,2026-01-01 03:00:00
1d2419bd07f24bf5,2026-01-19 15:00:00
9dc1586f78004eb5,2026-01-25 15:00:00
8634ee58fb7d3722,2026-02-02 15:00:00
03c12172b6e40202,2026-01-14 01:00:00
2084c5ad1d5d71e5,2026-01-03 22:00:00
b5e8af7e38ab9313,2026-01-12 12:00:00
65197013481d9658,2026-01-30 23:00:00
b20a61cdbb8e5f40,2026-01-04 13:00:00
ea8a77320b37b211,2026-01-20 00:00:00
2031ac6b54ed9e44,2026-02-13 23:00:00
cdd76ac1e7f7b1ad,2026-02-11 20:00:00
a71c0ce4874240ea,2026-02-12 10:00:00
6496d7b3c2c173c3,2026-01-04 15:00:00
022b507bf4b6755b,2026-02-08 06:00:00
ee49b08f419e7838,2026-01-26 19:00:00
812f1988a0075679,2026-01-16 17:00:00
c6f6993f7a6971d5,2026-01-02 08:00:00
41fc05b2907d2335,2026-01-03 18:00:00
a2cddba22733ae9d,2026-02-08 11:00:00
aa0043064a4c3797,2026-01-04 01:00:00
bc63809d9858ad8b,2026-01-10 20:00:00
d3d7919bf4fc4f23,2026-01-03 12:00:00
be7ddbeb8f5fe891,2026-01-02 21:00:00
1743212986890fcd,2026-01-05 06:00:00
2e13719d93f5ab95,2026-01-12 07:00:00
306f72cd92cd48de,2026-01-05 05:00:00
02c55984edbd67fb,2026-01-19 07:00:00
ba3be8d049c940ce,2026-01-11 16:00:00
3aa6542b54d56a30,2026-02-03 00:00:00
64bd4191ecbec013,2026-01-24 15:00:00
5ff486085e57cfbd,2026-02-02 07:00:00
a5aeca80d0bf631f,2026-01-06 05:00:00
37c7cdea73db8620,2026-01-15 10:00:00
afe75e638c654403,2026-02-07 04:00:00
82b031acf33e32e0,2026-02-13 23:00:00
32bb8df68b378a17,2026-02-01 01:00:00
beb511ec37288575,2026-01-03 00:00:00
f1ac12f24d4059c9,2026-01-11 19:00:00
0250e04b9e9413bf,2026-01-14 17:00:00
522de19466d1757b,2026-02-02 03:00:00
e4b3983275ac23ef,2026-01-09 17:00:00
7dd8e6220591b0c9,2026-01-11 23:00:00
7e3cae8a60d0ea43,2026-02-08 22:00:00
c2a725938091beaf,2026-02-06 05:00:00
51931ee2edb0cf17,2026-01-05 01:00:00
9f468ad2bf6930d6,2026-01-13 23:00:00
7a729011ac786dab,2026-01-05 03:00:00
0cb8ce59e42dcf47,2026-01-11 18:00:00
73175cbd18cffd52,2026-01-05 16:00:00
7c0d6848c9f84423,2026-01-12 05:00:00
d11e858afbdcc196,2026-01-28 10:00:00
812de3f8906d3f71,2026-02-08 23:00:00
3598537b40b94e6d,2026-02-14 22:00:00
45acd2f5d4184769,2026-01-19 00:00:00
1ec8abfdc7c2fd2c,2026-01-12 15:00:00
586f537e7f563d1c,2026-01-29 08:00:00
e44402757aacbe6d,2026-01-10 12:00:00
70a18913079338fa,2026-01-13 23:00:00
bf186648caa5c45c,2026-01-04 11:00:00
7b6e9ce6aad8432e,2026-02-10 08:00:00
6a91bae20f4893b7,2026-01-28 06:00:00
78482ca485dd4e06,2026-01-19 23:00:00
484130cec5eec2de,2026-01-02 11:00:00
98be73cff2451e89,2026-02-02 18:00:00
deb8d1fb62588291,2026-01-25 18:00:00
6413f136caba8b23,2026-02-08 10:00:00
911ca1f9c7e2febe,2026-02-10 12:00:00
23d03c92d88d29cb,2026-01-22 19:00:00
49009a145c40c894,2026-01-10 08:00:00
a9a32df2d01c63ea,2026-02-06 09:00:00
4cde8aaf5f5b0072,2026-01-23 15:00:00
571cfb832d162165,2026-01-10 04:00:00
c833ac49eb226a1f,2026-01-28 17:00:00
a3ae938d2cfcc28a,2026-01-18 21:00:00
5728ed09b092979f,2026-01-03 13:00:00
14145d5081317d61,2026-01-28 18:00:00
3377aaae173805bd,2026-01-16 09:00:00
acaa10985de915a0,2026-01-02 15:00:00
9cf8570f1e1aa3ab,2026-02-11 02:00:00
a488cc6d7df3f05d,2026-02-04 04:00:00
834c3185bdeb9ad7,2026-02-07 11:00:00
e744fff1dd21bf12,2026-01-10 00:00:00
38faad0faeb38348,2026-02-04 09:00:00
0441f50e7d89ef8c,2026-01-30 04:00:00
8dca0ae12ee0aa12,2026-02-08 09:00:00
a4832296617b16cc,2026-02-04 05:00:00
4dfb1e0502abd1e6,2026-01-29 13:00:00
9766afb2bfb10989,2026-01-27 13:00:00
d3b0f9a5187d4c4d,2026-02-06 19:00:00
3dfbe24076d3c30b,2026-01-26 17:00:00
3afded79a946936e,2026-01-31 16:00:00
6a7155b1ce4b8a5d,2026-02-08 11:00:00
f2a5ca146105d776,2026-01-22 04:00:00
91757dd2fbab1174,2026-02-02 16:00:00
73f35f68b3f9f6d8,2026-01-16 09:00:00
0dd7a46c093ba611,2026-01-01 20:00:00
ee4674cbf759b409,2026-02-05 05:00:00
9413199bcb6fd8da,2026-01-13 19:00:00
87ce29c8ff3f4b5c,2026-01-02 23:00:00
e30e022ef2bf2346,2026-01-03 22:00:00
9c35c343ec6cf6ea,2026-02-08 20:00:00
5c9bc6158bbdcd97,2026-01-25 10:00:00
c071e0591062cfdb,2026-02-13 01:00:00
c7fecc58289b0e33,2026-01-27 13:00:00
646616a25d6d8b9a,2026-02-03 06:00:00
a32c4b2e921b34c9,2026-01-27 06:00:00
629cf9ba2adf43a7,2026-02-04 17:00:00
b412eef1c6c53d43,2026-01-06 04:00:00
7c979da53f0af928,2026-01-03 20:00:00
1b41274a36abff9a,2026-02-03 01:00:00
8f536fe8f11ea4dc,2026-01-27 05:00:00
571761aa95fbe202,2026-02-04 16:00:00
b4ca84ac990d1e89,2026-01-09 14:00:00
6118db03dbe3373a,2026-02-14 03:00:00
386e12088bee8612,2026-01-13 21:00:00
236d8c08978bdf1c,2026-02-11 12:00:00
116226995a890755,2026-02-08 17:00:00
d6af5e9e4a17b7ce,2026-01-06 19:00:00
fd6bc6c04eb3a584,2026-01-25 07:00:00
1fa1da3518bda3c9,2026-01-25 06:00:00
fc36319ccd720838,2026-02-13 11:00:00
459c865822561dbe,2026-01-08 09:00:00
d82ec39ab388eb52,2026-01-10 15:00:00
a60ed91c723435c5,2026-01-09 18:00:00
d545a19e03e393c3,2026-01-09 17:00:00
04eea697721dacc2,2026-02-11 02:00:00
96719b3e17e69cf6,2026-02-03 02:00:00
b3d5e00e52dffd27,2026-01-14 18:00:00
54f4f6ff9b8010b7,2026-01-02 23:00:00
810cd4c52ff77411,2026-02-13 16:00:00
18cb6a3f5e0f67fe,2026-02-02 00:00:00
5fcba3bc0e42957a,2026-01-09 10:00:00
89343eecbcb3fe96,2026-01-12 04:00:00
ffc8780da449ac5f,2026-01-07 19:00:00
926fc3d1dc832f77,2026-01-10 00:00:00
798ef6e5933cc718,2026-01-04 07:00:00
34da8a4b14147958,2026-01-10 20:00:00
939e253881fa73ae,2026-01-22 22:00:00
c976ca1e23de85a2,2026-01-30 06:00:00
7f47530f28839e28,2026-02-12 02:00:00
c17bac582031fedd,2026-01-26 00:00:00
e182b5c06f284d6b,2026-01-23 01:00:00
ac5a9cade484f777,2026-02-01 12:00:00
f4a0703c3a507953,2026-01-20 14:00:00
e166f602d5457a32,2026-02-10 13:00:00
e0a644bb8d270404,2026-01-15 13:00:00
7d59f7718197bbff,2026-02-03 11:00:00
81531bc207ca828b,2026-02-03 01:00:00
280a9cdc08b0378a,2026-01-18 01:00:00
ebdfcd3e48967fa4,2026-01-03 05:00:00
4be744bc60ab8129,2026-01-17 21:00:00
0168450963b70cf1,2026-02-06 16:00:00
77f9094c2be8461c,2026-01-02 02:00:00
bec6df76b57af37f,2026-01-03 19:00:00
95c7d9b16c41fda3,2026-02-11 08:00:00
31c068bb26c44ced,2026-01-01 17:00:00
62094fc764b621d7,2026-02-04 03:00:00
afd37b17b7375b59,2026-02-05 12:00:00
da0d188decfd456e,2026-01-28 01:00:00
ce043b74d2f91406,2026-01-08 17:00:00
82b9d09564cfcf42,2026-02-04 18:00:00
949c4850b6325ccd,2026-02-08 22:00:00
43e8c65ff58e0d44,2026-02-10 06:00:00
0b7901e6e86192ec,2026-01-30 21:00:00
7d6c748ae1b54ccb,2026-02-05 05:00:00
f07cc41f4d42749d,2026-02-08 01:00:00
263dde92981f0052,2026-02-13 19:00:00
183db2f507aba151,2026-02-11 23:00:00
bbd3906b7ac762f2,2026-01-13 22:00:00
7ed191c033dab55a,2026-01-16 07:00:00
f4adb96227994ace,2026-01-30 20:00:00
757096a16c8501d4,2026-02-14 16:00:00
4e1bf5f31bddd376,2026-01-08 14:00:00
f070a2bbfd977cb5,2026-02-13 19:00:00
da6b5078c40cba9c,2026-01-07 16:00:00
547576cfcb8cbb80,2026-01-19 12:00:00
ed0a7f463739cbcb,2026-01-17 22:00:00
c3a01ca85beca835,2026-01-02 14:00:00
59e11d065588b6d7,2026-01-24 03:00:00
4ea38ff6d2322b44,2026-02-05 01:00:00
f3beea7cfc025320,2026-01-12 11:00:00
0e1f6e33a2749b6e,2026-01-06 04:00:00
c4a7f10341b5e170,2026-02-02 09:00:00
d52f32fe4f7101aa,2026-01-29 08:00:00
7c1f29eec3c9f613,2026-01-20 00:00:00
12d1f081958302ca,2026-01-03 18:00:00
867a40204983cfdf,2026-02-07 00:00:00
5cadfd79814f9fb8,2026-02-10 04:00:00
ca7cc268a73fbf08,2026-02-12 13:00:00
6b0b3d63f268c9d8,2026-01-30 08:00:00
8956c35c2d89257c,2026-02-12 04:00:00
beb4527babdfc157,2026-02-04 10:00:00
bd8708999556b666,2026-01-21 17:00:00
f96b09825dd335cd,2026-01-01 06:00:00
f0d78c0c9e6af331,2026-02-11 05:00:00
5dc952e2e99c2b12,2026-01-20 00:00:00
4948fc000fbf3906,2026-01-08 22:00:00
8f71d75b1aaebb2f,2026-02-09 06:00:00
8a07660adfbda6ca,2026-01-30 02:00:00
e50b05fe1bae9f00,2026-02-13 08:00:00
0c3a3898fbc84b42,2026-01-25 09:00:00
066fb7a13d641f0a,2026-01-22 23:00:00
0c1e3fad4d768c4e,2026-02-05 04:00:00
a58ce96adbc11b22,2026-01-04 08:00:00
fa10758f327d2891,2026-01-24 22:00:00
6a74afb3171d2502,2026-01-11 21:00:00
ff28d5407208cb51,2026-01-19 16:00:00
026425effb94b887,2026-01-17 22:00:00
9db0461b6f4c62e4,2026-02-09 19:00:00
beb386071224b38d,2026-01-26 14:00:00
88d4eb88fb90b33c,2026-01-28 10:00:00
79da831f0e11aa6c,2026-01-06 19:00:00
dfe1f3767d3470b2,2026-02-01 04:00:00
d308a5b1d81ad56e,2026-02-14 14:00:00
6d41e33f2663e2a3,2026-01-15 21:00:00
8b9bb1500486a099,2026-02-03 13:00:00
aa41834d2c621128,2026-02-09 21:00:00
c36795716d6a47f1,2026-02-12 00:00:00
b5e4d51f63cf87ef,2026-01-09 11:00:00
3ae219e6e74ad5b8,2026-01-14 11:00:00
0e5f3ccb740ab748,2026-01-13 19:00:00
c2e1e012447a02e4,2026-02-10 22:00:00
489002a3992c736a,2026-01-26 10:00:00
020f774a9e9e01ac,2026-02-05 15:00:00
5d3c3125c4065194,2026-02-08 01:00:00
302f467d53fd2c19,2026-02-10 06:00:00
c89b83f117616e13,2026-02-01 22:00:00
c9bbedf78f497f0e,2026-01-08 01:00:00
4a614c27539f0410,2026-02-03 00:00:00
4b6136491391922d,2026-01-07 12:00:00
12ac9b0ce49d67ac,2026-01-16 17:00:00
9382d23c79d6b471,2026-01-30 15:00:00
9d761197818100c5,2026-01-12 06:00:00
b464c3cd939a1487,2026-02-11 02:00:00
497392d60ba95607,2026-01-13 14:00:00
bfe1007e336b1640,2026-01-25 04:00:00
b46fd6293fbfce87,2026-02-09 12:00:00
6568f4e13c53b963,2026-01-22 04:00:00
2cd334f31b967f13,2026-02-08 19:00:00
87ccc408b117573e,2026-02-07 23:00:00
ccd4eca4af99f208,2026-02-13 07:00:00
32ce7172c55f11d6,2026-02-07 15:00:00
11b05c812c48f454,2026-01-23 10:00:00
a6817f7480285b8f,2026-02-05 08:00:00
8f506c8e4fb1691e,2026-02-05 00:00:00
dbc4814ccb85392e,2026-01-07 06:00:00
37218bfa2006fdbd,2026-01-13 19:00:00
2115405c0d9d6ff1,2026-01-28 01:00:00
65d920b8849a1d30,2026-02-10 21:00:00
125a98fd85d5cfd9,2026-01-11 00:00:00
cb34ad53365fab6f,2026-01-01 08:00:00
a5343eaa7a778bdb,2026-02-04 20:00:00
cf37564bc2b6e1fe,2026-02-01 13:00:00
04cf10bb62f196f9,2026-01-24 11:00:00
0dcdf735e7061dd0,2026-01-25 08:00:00
b2232f3dc1819ac5,2026-01-17 09:00:00
a15dcc4e6c9db250,2026-01-22 23:00:00
d0d39bb165a3abc5,2026-02-07 19:00:00
e2d813534e6472a5,2026-01-03 14:00:00
c0bf0fcb78fdc47d,2026-01-28 00:00:00
23a768f5efb9fad5,2026-02-04 20:00:00
4443aea1cb4af1f6,2026-01-21 09:00:00
769c50c6da2a7f82,2026-01-04 01:00:00
65e4bd08ddd3d1d1,2026-01-30 06:00:00
94d9636bb706490f,2026-01-10 23:00:00
6011a55e74edba53,2026-01-14 14:00:00
3f45b71cd0536bae,2026-01-24 03:00:00
0b8a8b0aaebf4fe5,2026-02-07 20:00:00
28d65b1a363671c9,2026-02-09 09:00:00
8aa6b0110696093b,2026-01-22 10:00:00
4b9fd5b2f0360d76,2026-01-14 18:00:00
30fa21c73f99fdbb,2026-01-07 21:00:00
ca7a0383185a24b6,2026-02-14 19:00:00
1aa1291987ed5ce1,2026-01-29 01:00:00
4e0507a29c86a44a,2026-01-01 21:00:00
a3c5071657e40d6b,2026-01-28 04:00:00
57d47eb5a7d64992,2026-01-19 10:00:00
96720aeb787ab928,2026-01-05 17:00:00
e18f95732768421b,2026-02-08 12:00:00
c1d8c91321e42154,2026-01-25 08:00:00
4bdbfdf20bb86277,2026-01-21 07:00:00
030cb7b4b3998279,2026-02-09 21:00:00
f6912df4f0aa029e,2026-01-08 00:00:00
395d5a4de482fb0a,2026-01-27 13:00:00
595f982de08d58fd,2026-02-12 13:00:00
97becee1a35b1fa4,2026-01-16 09:00:00
c4f54aca5734f8e6,2026-02-13 10:00:00
231f34c35663a919,2026-02-11 07:00:00
f222fb59dd90a7b3,2026-01-04 05:00:00
029d7a89b1fa6a4c,2026-02-07 08:00:00
837e228210a75f2c,2026-01-25 21:00:00
5c4590846cfe3520,2026-01-18 08:00:00
c9a8f7462d27f7f1,2026-02-02 13:00:00
eb6d385bdd2ed966,2026-02-11 14:00:00
4a4be5fe551fb65c,2026-01-11 11:00:00
ccec50b3b1b95f7a,2026-01-14 10:00:00
d6459793cbebfc99,2026-01-23 21:00:00
4913e88c26dda36c,2026-01-20 06:00:00
d7a9363175633b2b,2026-01-11 20:00:00
2af62d4cbe693626,2026-01-18 08:00:00
0e8d2782e8692f9b,2026-01-19 15:00:00
2dac947a0cb9a94d,2026-02-13 21:00:00
b14245201793486b,2026-01-10 17:00:00
67987b5dd169264f,2026-02-06 06:00:00
ef5379de036e6c2d,2026-01-09 21:00:00
5cf46f251cecd326,2026-01-19 19:00:00
dd0945da841a1080,2026-01-07 11:00:00
fe720b7123a81760,2026-01-23 07:00:00
69b8bee6791c18b8,2026-01-05 15:00:00
7dfb50a5f9f343ee,2026-01-02 03:00:00
c666046eb77542e6,2026-01-16 14:00:00
efbc7ad472a00ed6,2026-02-09 14:00:00
c6ed35032923fc2e,2026-01-06 02:00:00
56ae7ecf2324b462,2026-01-15 07:00:00
632461c5a0a49f6d,2026-02-02 02:00:00
23f3df6e8fd3269f,2026-02-12 16:00:00
8c364437d3bd2079,2026-01-28 14:00:00
d9cfdad0e0d4811b,2026-01-21 17:00:00
2e469957b4d187ce,2026-02-05 22:00:00
31080407ad38699d,2026-01-02 19:00:00
edd839fdee6b736a,2026-01-14 10:00:00
5b4c3aaca4c9570b,2026-02-08 12:00:00
20679b2f2873505e,2026-02-03 19:00:00
e8a9b66ba88d6b9d,2026-02-12 09:00:00
85546393ee23fe1b,2026-01-14 14:00:00
e6f4c557b04af019,2026-02-06 06:00:00
dccc4ce070a1d6e4,2026-02-14 00:00:00
63e759181928dfae,2026-01-04 09:00:00
f30f9fe16fe28f34,2026-01-19 01:00:00
abb4c81fa92b4897,2026-01-09 16:00:00
28f691197925ae14,2026-01-19 21:00:00
63de5bf0edebda61,2026-02-01 17:00:00
50d6e685c0a7ccad,2026-01-01 15:00:00
dea00ebf93a54156,2026-01-06 04:00:00
e9b6b471824f37ba,2026-01-06 06:00:00
ccb0103423de8f03,2026-01-22 22:00:00
9a07526b878be3ef,2026-01-26 15:00:00
ce7813b70cc654cb,2026-01-03 09:00:00
b114920351e827d5,2026-02-13 16:00:00
7670763894b9b0d6,2026-01-25 10:00:00
04066fade65eb744,2026-02-14 11:00:00
6b089c14212c5536,2026-01-22 15:00:00
89c2b53e0b8fa68f,2026-02-13 13:00:00
cd035ae1ab6bb60d,2026-01-15 15:00:00
6985f5781811459c,2026-01-16 15:00:00
03fd908b4de1a247,2026-01-19 02:00:00
2e24916642428b80,2026-01-26 17:00:00
45b8402e8d078a88,2026-01-03 08:00:00
f02ddcdfa79adaf9,2026-01-29 10:00:00
621b5f2bf9a263dc,2026-01-14 02:00:00
c2dc6aaa6eac81ba,2026-01-21 00:00:00
dbb0762e218d5442,2026-01-14 06:00:00
74f157e6441ce392,2026-02-14 17:00:00
69c3672710d27a4d,2026-01-31 14:00:00
4dfe518bf85b39fd,2026-02-03 06:00:00
48b69e1908c43789,2026-01-07 00:00:00
7c96fdaecd16baca,2026-01-14 21:00:00
172f3471f7849b79,2026-01-03 05:00:00
5dfc2b8eb3dbb0db,2026-01-31 03:00:00
f277247a09a30d81,2026-01-16 12:00:00
8874d70c380dc61b,2026-02-10 18:00:00
c83eb911a7218d2c,2026-02-14 11:00:00
763f852669a38e51,2026-01-25 18:00:00
7e65e7035b4de626,2026-01-06 10:00:00
44bbfd5d2a069831,2026-01-18 00:00:00
3a75a73b77f0eb22,2026-01-21 23:00:00
5322e9593d766c88,2026-02-07 15:00:00
f19443e21d968d02,2026-01-19 03:00:00
f499adcdcb77bac5,2026-01-11 11:00:00
baa2a7ee32f3072e,2026-01-04 14:00:00
33fd16b3252c03dd,2026-01-21 08:00:00
804719738dad3599,2026-01-17 13:00:00
e327097efe81c32e,2026-02-13 10:00:00
f1cbfa22c4969f7c,2026-02-01 10:00:00
ef37a5da45e63423,2026-01-01 11:00:00
113c54bf03c193ac,2026-01-01 11:00:00
9198685f94510d2c,2026-02-10 19:00:00
b9417501992a3c15,2026-01-11 08:00:00
b08fb5238832c700,2026-01-10 17:00:00
3af9763e5b996b3c,2026-01-15 16:00:00
d1a2745a698049a1,2026-01-24 04:00:00
21936a0eaca31dec,2026-02-04 16:00:00
8132244e8f0600b6,2026-02-13 03:00:00
b2073706fd240e20,2026-01-16 05:00:00
45129a0377a237f8,2026-02-11 23:00:00
50724f12a1688738,2026-01-02 08:00:00
4ec045f3df887a4b,2026-01-14 14:00:00
08c2f845b67b66ea,2026-02-14 15:00:00
79271db03e63b0af,2026-02-13 05:00:00
e6ca8deda6c013ba,2026-01-16 03:00:00
e43ffff837ff7b2a,2026-02-03 13:00:00
4fa2547f47910f03,2026-01-20 18:00:00
f50a51cea65f9d70,2026-01-22 04:00:00
fb3f4e397cc776d9,2026-01-05 20:00:00
27d81641b401b4df,2026-01-23 08:00:00
b3053f63e36df98d,2026-01-16 19:00:00
0e822ef1ac43eb6c,2026-02-01 08:00:00
d56b1577cdb36847,2026-02-08 16:00:00
8a6f81a8fb407e2f,2026-02-07 07:00:00
f5f7cf51d59c1311,2026-01-18 02:00:00
5c2f1d9c2112adc9,2026-01-06 07:00:00
072028a9c7915863,2026-01-06 06:00:00
98d3dc8d13b30f97,2026-02-05 17:00:00
ec4433fb132d9fa6,2026-01-25 22:00:00
ed5847c9c66eb7a9,2026-01-04 05:00:00
6685c36e87ae7e83,2026-01-26 02:00:00
fcce2a3e56ef0965,2026-01-12 03:00:00
03434cb60db47fb2,2026-02-05 12:00:00
6cb73dd6c57c5acf,2026-01-27 17:00:00
92d7c49a05074745,2026-01-18 14:00:00
16508ea0db8454d7,2026-01-02 20:00:00
5453d6e893f01c20,2026-01-21 21:00:00
66aad5744e90c55c,2026-01-28 16:00:00
afaff2243fb732a6,2026-01-27 08:00:00
5b3b907ea404c890,2026-01-30 10:00:00
59e0a3a4b16d0b1e,2026-01-27 22:00:00
45fe79267e0ee838,2026-01-23 23:00:00
1d0ccc4067b0e287,2026-02-02 07:00:00
89bb243be10965c0,2026-01-16 22:00:00
7f3537cf146860a1,2026-02-10 22:00:00
9dfbf8d04ce982ce,2026-01-23 04:00:00
6246589a2c671762,2026-02-08 10:00:00
4976df53e7967608,2026-01-28 04:00:00
22d129dab041c740,2026-01-18 04:00:00
945b259ab5de8a66,2026-01-05 06:00:00
94138268d3b90430,2026-02-02 07:00:00
f7e8d573fa24b920,2026-01-03 06:00:00
5dddf5d84cb13b29,2026-02-14 22:00:00
bfe31c547578d4f1,2026-01-21 17:00:00
0f13ac053bae11db,2026-02-10 04:00:00
cae4981fffc806ed,2026-01-16 17:00:00
4b153aeb975f92b5,2026-01-04 21:00:00
52b0b407af0a5604,2026-02-10 01:00:00
e70422e1be915d15,2026-01-29 19:00:00
17873640a16e1215,2026-01-20 19:00:00
3c5462bab0bd4224,2026-01-11 15:00:00
0fb12613993a9b57,2026-01-18 23:00:00
269884616e69997b,2026-01-18 06:00:00
eabab477a4b09269,2026-01-19 19:00:00
065a2621cf9b306e,2026-01-03 06:00:00
9d73f4d145c78bc3,2026-01-03 11:00:00
59ff11dbca1497ec,2026-01-26 10:00:00
c8263b2e6009b896,2026-01-29 19:00:00
d45b9b62d3d35b00,2026-02-07 10:00:00
64e0d4f295b79c3d,2026-01-18 22:00:00
a9d4ce06b8dc04c5,2026-02-04 03:00:00
383cd1f4b8aeb266,2026-02-07 11:00:00
e22f79985e50a779,2026-02-13 05:00:00
e7f9e050a8ebc9c4,2026-01-10 19:00:00
f1c3b3135214c253,2026-02-03 06:00:00
5f7edc8d8a5e5e20,2026-01-11 05:00:00
3684d644716a83b9,2026-02-13 01:00:00
d4de3ed27fa45e63,2026-02-10 05:00:00
9adf0cd6a9080549,2026-02-13 00:00:00
3fa23c08d6710adb,2026-02-13 09:00:00
096b3fb37748c1de,2026-01-26 18:00:00
11ae550bb8020610,2026-01-31 04:00:00
961f2a22a33b8886,2026-01-21 03:00:00
018a3bba1b8ce92d,2026-01-02 21:00:00
7a7e3192611d19b1,2026-02-07 15:00:00
01bd8e785a479b78,2026-01-31 22:00:00
bea3baef552d2f05,2026-02-08 11:00:00
9e77ef1eba303cfc,2026-01-01 19:00:00
a86c83bb21446f79,2026-01-28 12:00:00
cd701cfc2f05c864,2026-01-03 03:00:00
35ff8fe1cbaf29b3,2026-01-31 09:00:00
a98b4b9c1191e223,2026-01-23 15:00:00
ad697b7b2a9c9ec1,2026-01-10 15:00:00
781281f431249d4a,2026-02-06 03:00:00
885d93f0e16e58d2,2026-02-10 10:00:00
53b75fac786e0a5d,2026-02-02 01:00:00
31e12a63b767d6a7,2026-01-06 02:00:00
fdad0151a404cedc,2026-01-22 10:00:00
9bddceda56def5e5,2026-01-06 02:00:00
ba18d72914044c62,2026-01-02 01:00:00
13166392defe4d80,2026-01-18 19:00:00
4ae316ca5b3406d1,2026-01-19 08:00:00
b87af9f67323273e,2026-01-13 14:00:00
ba64269a69ff7a1c,2026-01-06 14:00:00
0e35bf206ee86e4a,2026-02-09 06:00:00
0ce57c70c8aa1123,2026-01-03 12:00:00
b4a95a75477a75f7,2026-02-07 03:00:00
14c20df37d7f7cfb,2026-01-10 15:00:00
f958d25847361a4e,2026-01-19 06:00:00
7cf137747e8209ce,2026-01-23 03:00:00
871f1a0a5411be9f,2026-01-27 05:00:00
46ffe713647f89bf,2026-02-05 14:00:00
4a0b9810f61ec70a,2026-02-03 16:00:00
17c21031abb1320e,2026-01-01 01:00:00
4098f87e351e73d8,2026-02-05 03:00:00
843edbba178c2cd1,2026-02-01 10:00:00
7e9c20729b318886,2026-01-04 09:00:00
f1b24e9896af5e3e,2026-01-08 19:00:00
cacd52e8e9b2c165,2026-01-28 06:00:00
8a15640f3f1221a9,2026-01-23 04:00:00
07ade0ae94afb349,2026-01-06 04:00:00
281911676ae19717,2026-01-16 04:00:00
e5e687693425cd46,2026-01-05 16:00:00
94087526b2775395,2026-02-14 20:00:00
9c7f4ae5d15e42db,2026-01-12 11:00:00
7cfa2cb49e010150,2026-02-12 02:00:00
2e0c3b863bf9aab6,2026-01-09 15:00:00
eef55aa0d1d9efcc,2026-01-13 21:00:00
d7e9cbe7cbdf943d,2026-01-02 02:00:00
191b61364f144d80,2026-02-14 16:00:00
31d468403fbcbd68,2026-01-18 14:00:00
75d0b2888e2b1013,2026-01-21 04:00:00
5ba766d0503f90db,2026-02-05 03:00:00
9d8f97b17566d17e,2026-01-30 12:00:00
ca3a562ac9f595b2,2026-02-05 08:00:00
d0a0e750c693e5ef,2026-02-14 01:00:00
15cc3b3394a8368e,2026-01-29 05:00:00
68a7a3f4d5f10265,2026-01-08 13:00:00
3022f246de3816c5,2026-01-09 14:00:00
8a53bb0ff76aef7d,2026-02-11 16:00:00
bcd4d7c0d0dcd603,2026-01-05 04:00:00
ac70fa9524266481,2026-02-11 04:00:00
f82975436acd5a76,2026-02-04 05:00:00
4d139bec802bf4b3,2026-02-12 05:00:00
51a3d3befd023c21,2026-01-31 23:00:00
d83351aa6c2ebf86,2026-01-26 02:00:00
71f092c3d09eb31d,2026-01-30 03:00:00
f84af74a1022e413,2026-01-19 08:00:00
24d33907ee580197,2026-02-11 06:00:00
905736644a4a8455,2026-02-12 20:00:00
f291abcc61fce4f9,2026-01-02 16:00:00
49760d793c523240,2026-02-13 14:00:00
0eae96d68fb982d8,2026-01-14 19:00:00
7eec924b79694a3b,2026-01-26 15:00:00
0d53d34a4be9ed14,2026-01-02 11:00:00
a2f5bc1dfd237575,2026-01-02 17:00:00
fd449143e78bb86e,2026-01-08 01:00:00
3298065c111539d6,2026-02-12 21:00:00
48c05723c232a1f0,2026-02-07 21:00:00
f3dae4eca0a89702,2026-01-21 03:00:00
555d5f4b7e68e1e0,2026-02-05 11:00:00
b101b31c3aac638f,2026-01-29 23:00:00
0cab2961eafa6e3e,2026-02-01 07:00:00
efe4193be5892adc,2026-01-27 10:00:00
ec4412e2171e108d,2026-01-07 14:00:00
50662f2a41e58f3c,2026-01-23 21:00:00
7151eac085d836ba,2026-01-12 17:00:00
b18c3c697bc4dbc8,2026-01-02 09:00:00
33e2b28dc4d2be1e,2026-01-31 21:00:00
f87f76f5b9b6930b,2026-01-08 15:00:00
d2e0c787baa5ae61,2026-01-23 22:00:00
2db0784784314cb4,2026-02-14 09:00:00
7863d0fc000540aa,2026-02-04 12:00:00
c1b784a05b2955f8,2026-02-13 13:00:00
42e116e42a46cd5e,2026-01-03 06:00:00
352b7921b6943765,2026-01-08 19:00:00
ee20af3d2e3f3283,2026-01-03 14:00:00
9926015656102786,2026-01-06 12:00:00
cdaea5ea00818e42,2026-02-01 08:00:00
bc8d4797b08d2af2,2026-01-31 10:00:00
24cba44718495084,2026-01-16 03:00:00
880457668b8c910d,2026-02-09 14:00:00
307cea5c6022c1b3,2026-01-06 11:00:00
94c5d4840e15a4e1,2026-02-06 00:00:00
94a66ab3f085bca9,2026-01-23 14:00:00
12f1fc3fc3c69b9f,2026-01-24 22:00:00
7a29d02e79a08679,2026-02-12 16:00:00
ab26f34b348ebd58,2026-01-19 07:00:00
546c7449392dc4bc,2026-01-07 19:00:00
50adc961d2016924,2026-02-11 19:00:00
b111691a37073a3a,2026-01-14 18:00:00
99332459f76c9356,2026-01-07 04:00:00
d0aa61dba121ce2b,2026-01-04 01:00:00
e6c9a62adbedaab6,2026-02-11 21:00:00
5815f29cc62db2f7,2026-02-11 22:00:00
92c2ec56cd57bb70,2026-01-15 11:00:00
56d7c70bf53c0aa7,2026-01-25 12:00:00
98198ce3d21078c3,2026-01-09 12:00:00
48bc52603aacd53c,2026-02-10 00:00:00
087893973469b18d,2026-01-11 06:00:00
a1ec2c91487b241e,2026-01-25 19:00:00
99436db5876f0b2b,2026-01-05 11:00:00
3d6e298ddcdae6a8,2026-01-23 09:00:00
ae398120626ecaa4,2026-02-01 20:00:00
3a8796956b0e1d05,2026-01-23 12:00:00
56498027d9a22ce6,2026-02-01 06:00:00
ba2d07cdae6e4314,2026-01-21 13:00:00
0b72fd4725174bd3,2026-02-04 18:00:00
6463d82f822cf786,2026-02-06 23:00:00
914684f77021a666,2026-01-29 23:00:00
e0a489895f1d883b,2026-01-07 23:00:00
1edd709b7771565b,2026-01-30 01:00:00
69f782066cce6494,2026-01-14 10:00:00
0e7d10e4163a7808,2026-01-15 14:00:00
f253758c1e23d3b5,2026-01-16 18:00:00
552e583e7df9548f,2026-01-31 01:00:00
f5e31e36f12667b1,2026-02-07 14:00:00
479505784664065c,2026-01-15 17:00:00
409816de1bb2d6d0,2026-02-09 22:00:00
ad13d3789e1dbf50,2026-01-25 03:00:00
813ab0a9cb2c47ed,2026-01-20 03:00:00
28ea44e9533e22fe,2026-01-04 19:00:00
de11899e8dfcb73a,2026-02-07 06:00:00
870be7e9d4dc4c97,2026-01-01 01:00:00
4b3ac96cf66c0cb9,2026-01-20 19:00:00
73b4ce6470d6f895,2026-01-18 15:00:00
5b6b37e5f3eed3d4,2026-02-11 22:00:00
846a211e585834bb,2026-01-13 19:00:00
bf65e075d92248b6,2026-02-05 05:00:00
7fd991fd77e7c614,2026-02-06 20:00:00
51333e46c8032e20,2026-02-13 19:00:00
778b139b378b4ddf,2026-01-05 04:00:00
64694127611036bf,2026-01-29 14:00:00
029d5e26ab913ab4,2026-01-28 13:00:00
4f7b1312a934f2ab,2026-01-24 15:00:00
b7c2306ed14045be,2026-01-24 06:00:00
560a08a94f81487a,2026-01-26 22:00:00
b79e6e62220bb355,2026-02-02 19:00:00
cff0715cbe108140,2026-02-02 13:00:00
d4b53e4d4b29871f,2026-01-08 06:00:00
d1e6d574c1bf28ce,2026-01-26 01:00:00
06e143ffeb4ee26b,2026-01-20 00:00:00
81954a0b764f7215,2026-01-31 00:00:00
1b8bf218dc092328,2026-01-01 21:00:00
248e4b2b36ae6cdb,2026-01-17 13:00:00
ba662b09b4ea1e0b,2026-02-01 14:00:00
dbcfd076885d9392,2026-02-04 15:00:00
d4ed4b89c8ae7dda,2026-01-25 07:00:00
caa63fe5bff3f53b,2026-02-05 12:00:00
81bcbe3447da041b,2026-01-30 17:00:00
e5281dc397b584d9,2026-01-26 13:00:00
a4a7b3bad6cd91e4,2026-01-04 06:00:00
4465b0b44d949d3f,2026-01-23 15:00:00
fe6943601b790bbc,2026-02-02 22:00:00
f1ea437de7146c0e,2026-02-05 03:00:00
af9bd58c67a144df,2026-02-01 03:00:00
bfd1decf8985ee56,2026-01-29 14:00:00
95bfaf5fc17bfc37,2026-01-22 23:00:00
6ec1c5e176e71cbc,2026-02-08 06:00:00
736012fd40372be5,2026-02-04 07:00:00
1d5839c0f13a4800,2026-01-20 03:00:00
b0b7faad3e38b05d,2026-02-06 14:00:00
7bca9ccc5e1d587a,2026-01-10 17:00:00
7f3033aeb7170844,2026-01-29 05:00:00
b1a2de09abd61797,2026-01-05 17:00:00
0d476cc3dbb8a6a7,2026-01-26 00:00:00
0da0de4cd0e7361f,2026-01-03 04:00:00
2a5b6518222b3f73,2026-01-27 06:00:00
f9576d038d15031d,2026-01-03 07:00:00
42232fe73b7fcb66,2026-02-04 16:00:00
56074b495d97c18e,2026-02-12 19:00:00
0489d501aa318fc3,2026-01-11 06:00:00
0e5366083142f64e,2026-02-02 11:00:00
97746a5c8d15fde3,2026-01-20 10:00:00
c2fa80c501ba1f1f,2026-02-08 02:00:00
b660c7be0bdcafe8,2026-01-11 21:00:00
c5502c9d90f7c2f8,2026-01-29 23:00:00
8fc365ba04f0a089,2026-01-17 22:00:00
8e0c0ac3e4d3508e,2026-01-21 13:00:00
6068bff8c6d3b7f1,2026-02-03 04:00:00
086219b3fc930a38,2026-01-05 14:00:00
6262bf23aad04d9a,2026-02-01 02:00:00
ac732d3806af2cc0,2026-01-05 17:00:00
8d3bb842b47460e6,2026-01-29 19:00:00
0211ee299d1de23c,2026-02-02 09:00:00
c153cf0c7518188f,2026-01-28 19:00:00
f0cc45c256b66d47,2026-01-13 13:00:00
b2d0545dd9405110,2026-01-25 23:00:00
bfcdd4f977241a2b,2026-02-10 22:00:00
30d4d5c217e47f49,2026-01-30 23:00:00
fba6afdfaec70e6a,2026-01-01 19:00:00
7e6a50f42684fabb,2026-01-26 03:00:00
2655e2306ce34178,2026-01-18 12:00:00
078f6104a24320b4,2026-01-31 23:00:00
cc996df9bd566438,2026-02-03 05:00:00
4d4437a04f04e8df,2026-02-08 00:00:00
5797817e1c2cd79b,2026-01-23 16:00:00
0ba3b4e762b2da16,2026-02-03 15:00:00
d02d36384b7659a6,2026-02-14 20:00:00
7c70d837b1f2a49f,2026-01-01 20:00:00
e85df0f5c8846307,2026-01-15 06:00:00
39f9d05ad046b893,2026-02-09 12:00:00
ab3c3bc392763ed2,2026-02-11 17:00:00
aaf3d90573322ab9,2026-01-07 21:00:00
692975b5b6690bf1,2026-01-11 20:00:00
7db7e90ff49900dc,2026-01-25 11:00:00
159493b10fc303ca,2026-01-02 00:00:00
19f189cf5c296b9a,2026-01-21 05:00:00
ca3c0e96714a2e58,2026-01-09 07:00:00
f23cdae57519080f,2026-02-11 03:00:00
5bf392158a7aaefe,2026-01-15 14:00:00
f3b1a6ae2ce15535,2026-02-08 20:00:00
a3bf96957b4b8189,2026-01-16 19:00:00
12c62f9367f7046c,2026-02-06 14:00:00
66c1c22ee3ed6e60,2026-02-06 04:00:00
cf838510bd6b4367,2026-02-02 09:00:00
6bc229a797e1a98c,2026-01-20 13:00:00
b714027c3a91adf5,2026-02-03 04:00:00
21176f1467060200,2026-01-02 03:00:00
ac27f1a14e3a39eb,2026-01-23 08:00:00
1373115b974dddb0,2026-02-09 02:00:00
cd11c41ddf5de402,2026-01-25 22:00:00
210c48885e9d34e8,2026-01-29 18:00:00
744f5e969d720fee,2026-01-15 22:00:00
6fa0b462cf6fd588,2026-01-18 09:00:00
d729305d785ef6b0,2026-02-14 13:00:00
22a55df812a3b7f1,2026-01-27 20:00:00
9ef70dd534f154bd,2026-01-08 22:00:00
72c54fe856b36535,2026-02-07 11:00:00
8f6556481a87431a,2026-02-03 14:00:00
88574549f9e27a42,2026-02-10 14:00:00
0a1cf2677a3d7a6d,2026-02-01 17:00:00
7d3c02b019085c99,2026-01-09 07:00:00
c05dce1299a534b1,2026-01-30 14:00:00
8601faf1fe0829d3,2026-01-15 12:00:00
3ec9ef6d972bfceb,2026-01-14 22:00:00
5fd51b3778a660ae,2026-01-31 17:00:00
a9e2d09d52bb954b,2026-01-26 17:00:00
28337c6b8c422c5d,2026-01-31 08:00:00
d28e374620610e54,2026-01-20 19:00:00
68128f821b337f45,2026-01-04 19:00:00
746136e98ebd16f2,2026-01-26 07:00:00
e28248c12328d229,2026-01-21 05:00:00
71ff94200aeced63,2026-01-04 22:00:00
63aad43e62b2beb3,2026-01-22 05:00:00
49f465b522c7569f,2026-02-05 18:00:00
7257d6d1ad5b602b,2026-01-12 18:00:00
679acf8a71a41768,2026-02-13 09:00:00
c1fc3b6717f14220,2026-01-03 21:00:00
c63934349d498f07,2026-01-22 16:00:00
cce8747910a10807,2026-01-06 01:00:00
e518a94d3a1584d9,2026-01-23 14:00:00
b4fe50ccdad10696,2026-02-07 09:00:00
cfc6c7e67769d27f,2026-01-31 20:00:00
e0537aeee07ce2e4,2026-01-11 19:00:00
7076601e1d7f13bd,2026-01-11 10:00:00
e0254ea64d27b776,2026-01-13 10:00:00
e313bc4aa83f6589,2026-02-07 05:00:00
ad7f85d4dd40741c,2026-01-26 02:00:00
075c04b4a7055b1c,2026-02-06 13:00:00
e8f1160da4073819,2026-01-29 16:00:00
bb047af82a0e7802,2026-02-10 13:00:00
9fdb5d5962b2de02,2026-01-18 00:00:00
e5c34e91d8ac9b37,2026-01-22 11:00:00
683a9521d00df256,2026-01-22 11:00:00
258f6613f645d3bd,2026-01-07 09:00:00
b753794d5f8154b2,2026-01-17 19:00:00
50758ea4ac37954d,2026-01-31 05:00:00
28820de74cab3dc5,2026-01-16 07:00:00
50a21dc2b74eda26,2026-01-31 00:00:00
424198e8edfac121,2026-02-01 23:00:00
03270615911b945a,2026-02-06 21:00:00
75432c81faafe9fb,2026-01-30 19:00:00
96dc873d5a0adfcb,2026-01-23 01:00:00
a16ea4a50abff351,2026-02-07 05:00:00
acacb087fff5e057,2026-01-05 00:00:00
38bba4ea637d1529,2026-01-23 14:00:00
ea5eb617095f00ae,2026-01-26 21:00:00
266f9db88a1967c3,2026-01-24 17:00:00
9c2fe2dce61a30a8,2026-01-20 05:00:00
a538605a5c39ad66,2026-01-17 07:00:00
12c8d22a8afa5a66,2026-01-18 06:00:00
d372b16a0ecb76ed,2026-01-21 08:00:00
242228f4b29c84d7,2026-01-02 00:00:00
90ca0cae5fe89b3a,2026-01-15 12:00:00
8b442f70da92d41d,2026-01-16 10:00:00
a4a5af7ee664ed44,2026-02-05 04:00:00
adb8ba5e2b4c5e79,2026-02-06 00:00:00
f5c94e8889a2512c,2026-01-10 01:00:00
04a7a67fddca1148,2026-01-21 04:00:00
b835890e06710e98,2026-01-25 09:00:00
d3fed061b1d0c9bb,2026-02-01 17:00:00
c8f4602662c1dfbc,2026-01-22 02:00:00
e56a09f87bcf4a34,2026-01-13 17:00:00
5d14b3185adf410f,2026-01-30 06:00:00
e4ef6f5dfa3a4fed,2026-02-14 13:00:00
39fc6e82be7980ab,2026-01-28 00:00:00
71f77d6ae9073c43,2026-01-16 16:00:00
4406d43cbd5f803b,2026-01-04 20:00:00
63b1229a0441d930,2026-01-25 17:00:00
2c3fe28a8b6cb57e,2026-01-26 01:00:00
c2b03c83ee32f006,2026-02-03 15:00:00
0ca945bee8c72bd6,2026-01-07 22:00:00
1e7258d734ebc47e,2026-02-12 05:00:00
75b684762b125c53,2026-01-01 23:00:00
65010e38614036d9,2026-02-06 17:00:00
e0b98f2fa748ffee,2026-01-04 07:00:00
1f3f3846b1e63d74,2026-02-05 08:00:00
98165f2b1175d4b6,2026-01-09 18:00:00
18b3c18564909bdf,2026-01-26 23:00:00
f02c7fc633013cdd,2026-01-22 07:00:00
4ff4527baa8ba1b2,2026-02-13 16:00:00
3d83dfac0547ab95,2026-01-28 13:00:00
75d704b744c36d47,2026-01-24 00:00:00
dd89bca34b4ba42b,2026-02-10 19:00:00
edaffd7f3ea24fcc,2026-02-10 19:00:00
7d090bdab64c60f2,2026-01-14 15:00:00
0fd3746c218f8b87,2026-02-10 23:00:00
3661e6b7ad78321a,2026-01-01 22:00:00
74f16c5846689582,2026-01-03 20:00:00
83e4c31e774e0ed0,2026-01-21 12:00:00
74bcf492e1738309,2026-01-15 21:00:00
b1cd612796ffa82b,2026-01-08 17:00:00
67c47e5c47ea9642,2026-02-13 04:00:00
ccd290fb1ccb55dc,2026-02-10 22:00:00
1979af00562ad935,2026-01-19 13:00:00
83e7954810438024,2026-01-30 03:00:00
631218b1b9fea3a1,2026-01-17 23:00:00
313fdd2f1355518e,2026-01-26 04:00:00
5c6333ba47be0fd9,2026-02-01 10:00:00
aae75859c084cfcf,2026-02-02 16:00:00
81f94eeed4145178,2026-01-03 22:00:00
e7e8b7e8278d9048,2026-02-06 09:00:00
7c406f1568514b77,2026-01-29 16:00:00
ffd197a9593a406b,2026-01-31 16:00:00
d1d218774e8aee6b,2026-01-25 09:00:00
c5b77d5f4441ac5e,2026-02-04 16:00:00
3029ec83db4c8ccb,2026-01-05 21:00:00
8441304fb23a7dbd,2026-01-08 03:00:00
ae6be090f8a7dc43,2026-01-23 04:00:00
e10adef1a688e23b,2026-01-30 00:00:00
4de9bc9e832fb448,2026-02-03 19:00:00
2dcba7786aceee95,2026-01-03 17:00:00
8e574d9a0e706c3f,2026-01-14 09:00:00
350f9cb3b506a243,2026-02-07 13:00:00
b4b32780f96fc363,2026-01-14 03:00:00
f3e58ac9de11bf31,2026-02-04 17:00:00
e5aa3c80da624eb9,2026-01-04 17:00:00
81563e3ee4a4faa4,2026-01-23 06:00:00
07d4b9fc35ac6b33,2026-01-26 13:00:00
907cf9b564847b13,2026-02-02 03:00:00
e7861522730e6977,2026-01-14 14:00:00
ac04109188a3b11d,2026-02-02 04:00:00
9d0c97fb1605eeed,2026-02-04 03:00:00
52cce07977d5fb06,2026-01-15 22:00:00
1228988c87f33746,2026-02-01 16:00:00
3eafacc988722f3e,2026-02-12 05:00:00
839a0d81ebe0f5b3,2026-01-21 05:00:00
7c31f5d2daf0860e,2026-01-11 04:00:00
32d6d2bf6193f048,2026-02-06 19:00:00
8980abcec94832a9,2026-01-29 20:00:00
353340e789a63531,2026-01-18 08:00:00
d6c81f313e508017,2026-02-14 10:00:00
d7fae4645926e74f,2026-01-02 13:00:00
e73cd2ef4634982f,2026-01-24 10:00:00
d939fb84f50d7075,2026-02-09 20:00:00
18759288cf475557,2026-01-25 13:00:00
1a6662d8482fe03e,2026-01-03 01:00:00
9b812f72eef4737f,2026-01-06 03:00:00
67fc6651721c0b68,2026-02-07 02:00:00
0a96c087c0a64864,2026-01-07 08:00:00
82a77083e4172af8,2026-02-04 00:00:00
9f61b16ef787a0ae,2026-01-06 10:00:00
6e265ede7c46f5d2,2026-01-03 08:00:00
c5e848a30a38db6e,2026-01-21 23:00:00
f60872805801bae7,2026-01-31 18:00:00
b67baef08a1163e8,2026-01-02 10:00:00
08dcbb5f8dc15ef0,2026-02-13 14:00:00
065c3e1b276f2ccf,2026-01-10 12:00:00
cdb182e405f39258,2026-01-08 05:00:00
63dddd213ac5db7c,2026-02-07 22:00:00
2ab8f49f5703b02a,2026-01-05 10:00:00
b419285ef13e5fc3,2026-01-07 12:00:00
6639f7645093a108,2026-02-03 09:00:00
edd5d1744fb062f1,2026-01-02 17:00:00
850ceab51bbca894,2026-01-20 12:00:00
c605c31f24b87125,2026-02-08 22:00:00
f11ef8ee895d64a3,2026-01-03 17:00:00
049532d04d93a208,2026-01-23 09:00:00
e54d0d7ca22631c0,2026-01-25 19:00:00
056305ac8613680c,2026-01-02 04:00:00
e4118c2f1daebf9a,2026-02-09 13:00:00
a26b6cb0802ea4ae,2026-02-11 21:00:00
2457294b091c7657,2026-01-09 10:00:00
93dbad2d408f113d,2026-01-07 21:00:00
9dda1499e6433d57,2026-01-13 15:00:00
c9e385097046e08e,2026-02-06 03:00:00
9b06f8ad10d16fb0,2026-01-09 14:00:00
87d1d0e49317ece2,2026-01-05 00:00:00
2c4771e26b150b5b,2026-02-01 09:00:00
0ee9f518bcb43480,2026-01-13 07:00:00
fae18690facfc217,2026-01-09 06:00:00
e71fa047ba50ea75,2026-01-02 10:00:00
fe8a20d876fcf33a,2026-01-31 00:00:00
a259a69cc36836d1,2026-01-21 18:00:00
a8e1a9e625393c1b,2026-01-20 09:00:00
f685647405d244bb,2026-02-11 07:00:00
480c2aefb2f91386,2026-01-17 21:00:00
9ddaf4d3ba5c6d3c,2026-01-31 17:00:00
5e2550e5e36a0a55,2026-01-13 17:00:00
6c68e57979aa829e,2026-01-23 05:00:00
df3ba03c8141e184,2026-01-14 03:00:00
5cc5b0f70add04ab,2026-01-14 23:00:00
11876c26db33af73,2026-02-13 07:00:00
0b1bb9571faac777,2026-01-30 04:00:00
6437632fa87768c5,2026-01-24 05:00:00
3473a2f752c40453,2026-02-12 07:00:00
b12450902f211ce8,2026-01-04 03:00:00
3c1a53cd34623eed,2026-01-09 07:00:00
e20c7950aab9a7e7,2026-01-24 17:00:00
f236a44ae1c0902a,2026-01-06 02:00:00
802a058245660fa1,2026-02-11 09:00:00
b0f5e6f75ace844c,2026-01-26 20:00:00
49af8fb512f2e9f5,2026-01-25 07:00:00
cea96170d5ec87d9,2026-01-02 11:00:00
ae9f2d48930a6059,2026-01-18 22:00:00
24665a41b4fcb034,2026-01-27 00:00:00
506beb81db00df89,2026-01-03 20:00:00
8bc58296e7202617,2026-01-31 15:00:00
de7fc58ba8e68eda,2026-01-16 17:00:00
ec9203b6538f68a5,2026-01-26 20:00:00
8538c4a7581d3f89,2026-02-01 22:00:00
0715ce0d69bd8850,2026-01-25 19:00:00
3c63652905817401,2026-01-25 23:00:00
99ae8d0958bbb790,2026-01-29 06:00:00
586736818b67ae17,2026-01-04 06:00:00
8d86072ded97719c,2026-02-08 16:00:00
b4e2995d23a0dd55,2026-01-06 10:00:00
a3d903a8644f1af4,2026-01-02 05:00:00
a50494c849627932,2026-02-04 01:00:00
23b7f54b3b1a0d12,2026-01-16 19:00:00
1778639d46b7f217,2026-01-13 10:00:00
3dadf8d5d5aa1aa3,2026-02-07 14:00:00
d68ce5671297ed3a,2026-01-18 23:00:00
2698d01f82617e70,2026-02-11 18:00:00
1fa885258dd686e5,2026-01-11 03:00:00
cd87c90c3077642d,2026-01-07 15:00:00
848c2811bd07d38a,2026-02-11 06:00:00
9d0e3bf91c35c977,2026-01-30 05:00:00
45d4eed235dee55d,2026-01-10 08:00:00
147d60a7e25c8abb,2026-02-10 11:00:00
8f4d6fbf42f952c1,2026-01-25 19:00:00
52cf88ce3d5388cd,2026-01-17 01:00:00
e4e91a4ed5fa1998,2026-01-11 13:00:00
126fd32e8f5492bf,2026-02-14 06:00:00
2fe801c3ad571fc1,2026-01-27 03:00:00
98c4e44c3cda82e2,2026-01-06 08:00:00
8842e136d7d5403a,2026-01-02 10:00:00
b8ed5bd5663c957e,2026-01-09 16:00:00
0db3c367daea5dbd,2026-02-08 09:00:00
e222d664ce3e4f6b,2026-02-13 23:00:00
0d142ef1499635be,2026-01-24 08:00:00
a5fdab3750ce4e45,2026-02-14 23:00:00
fa2c41ed52a54ce1,2026-02-08 10:00:00
f34fedbc7b51c95a,2026-01-25 02:00:00
e791ef4d9822d080,2026-02-13 13:00:00
2bc1645159b2c19f,2026-01-02 09:00:00
e8bee15ea0566dd1,2026-01-05 05:00:00
fbd38b2062a624e3,2026-01-13 15:00:00
b0812d9457db1aea,2026-02-01 10:00:00
1c4b984d7b8051d1,2026-01-21 13:00:00
fac11e87e8f43db8,2026-01-05 16:00:00
a19984bfe3006f63,2026-01-04 06:00:00
0e8d3c6bf4b6c299,2026-02-02 11:00:00
0c81127aac8acf3c,2026-01-22 08:00:00
5c0fb54fa123d53a,2026-02-07 17:00:00
3e871c446703dd25,2026-01-24 14:00:00
3c11edca7544545a,2026-01-14 20:00:00
2dcc9f9fe80410e9,2026-01-14 10:00:00
36919148d118de8a,2026-02-14 05:00:00
61fce7a36d1ad8bf,2026-02-04 17:00:00
4593f1f2fac6793e,2026-01-11 20:00:00
1e02a4925411561a,2026-01-27 15:00:00
8b1095d81b723e73,2026-01-05 07:00:00
f358c7efa40f7d0a,2026-02-08 08:00:00
ce54f3881d52f062,2026-01-23 01:00:00
d63cb384d608c0e6,2026-01-27 03:00:00
945dd4ad97b0559a,2026-01-24 17:00:00
8ae5f9a40ea5d040,2026-01-13 07:00:00
54e33e6f1d54827f,2026-01-10 15:00:00
54c2e7c805e8c3ad,2026-01-30 12:00:00
6b231d2c8fadefed,2026-01-12 08:00:00
91075149a4e2b4c2,2026-01-14 21:00:00
4a5c5348decf1101,2026-01-02 05:00:00
608c95e392470f8a,2026-01-03 00:00:00
ac1ff90482bd147a,2026-01-11 00:00:00
45e4eefefbf51bde,2026-01-28 21:00:00
f64afda1aec47ef5,2026-02-06 15:00:00
ea89002d3cf54c51,2026-01-20 07:00:00
4ea6c6dfcd57b402,2026-01-03 06:00:00
6d0a4b86c66d8520,2026-01-26 07:00:00
99eb07a28d15da8d,2026-02-13 13:00:00
cf4e07a9277bff87,2026-01-20 13:00:00
b1e8e88af64ac399,2026-02-05 15:00:00
562dc9d920eb3a9b,2026-01-31 05:00:00
ef9d925d1bbc562f,2026-01-28 09:00:00
3454dca6b088c971,2026-01-20 20:00:00
c23c9583848ae52e,2026-01-19 04:00:00
5ce2aeb763a0433e,2026-01-25 01:00:00
bb71b1f4d24cd888,2026-01-30 16:00:00
ce53624248c23ff4,2026-01-18 14:00:00
1780871241642428,2026-01-30 12:00:00
1d6d1e0de12cadf2,2026-02-12 15:00:00
ab5fa40dbb075823,2026-02-13 10:00:00
d9ddf1c0d3f3feb3,2026-02-10 15:00:00
e4ffb3929bd0896a,2026-01-21 12:00:00
9ed5c31930c7c83e,2026-01-30 00:00:00
6d6e6e27135d8012,2026-01-20 18:00:00
aa1632f036fa65dc,2026-01-31 00:00:00
769943289052f13f,2026-01-19 15:00:00
3c44d8cc9697a9ff,2026-01-29 20:00:00
4157da6611f8a2e5,2026-01-10 02:00:00
b81693505880b2a9,2026-01-12 21:00:00
5ac6c2595cd1f2e3,2026-01-22 14:00:00
f9a314a0ee8c7152,2026-01-09 18:00:00
871050b105778b01,2026-01-05 05:00:00
1db2a5fed7ed1b95,2026-01-02 17:00:00
d25bde1e772f8fe4,2026-01-19 12:00:00
36473bc23eb2b840,2026-01-20 01:00:00
6f46caf6902fd1d2,2026-01-02 15:00:00
cb8cc0a015e26cfe,2026-01-29 06:00:00
261bc6095ebc346e,2026-01-18 10:00:00
2091cdf7ed16e4dd,2026-02-08 17:00:00
88c448adfffb59c1,2026-01-14 11:00:00
7e1d74fae4410937,2026-01-24 02:00:00
b55794be3e1d783e,2026-01-24 14:00:00
8e16d043eb94db77,2026-01-01 13:00:00
ecf1e5d136acda07,2026-02-10 10:00:00
e3d41d5b851d63fb,2026-01-20 21:00:00
af658717c6d7bd98,2026-01-18 22:00:00
486c931e968ae6f2,2026-01-13 06:00:00
c6c5e35d48996708,2026-01-13 20:00:00
0652e806437d381e,2026-01-18 08:00:00
3fbf3695595d2dc5,2026-01-24 02:00:00
9598517b498e921d,2026-01-14 14:00:00
6f93520f35956de4,2026-02-12 09:00:00
49fe5717f905b388,2026-02-04 02:00:00
15e150ac2faeaca8,2026-01-26 23:00:00
8f603c5bc0ca2c87,2026-01-24 03:00:00
d5ab144fe983eac2,2026-01-29 23:00:00
207b5b31314cb3a5,2026-01-04 02:00:00
592d77d9284d70c0,2026-01-26 23:00:00
40a06e805b916f12,2026-01-24 17:00:00
37bdb6f4bb61bc5e,2026-01-26 01:00:00
4a0cf83e9c366e49,2026-01-26 13:00:00
9f63477bfec46907,2026-01-11 15:00:00
dc4997ea4d8e2f8d,2026-01-04 23:00:00
7b402cfd70058330,2026-02-09 15:00:00
8133f4e1f0377f47,2026-01-06 02:00:00
9419f1c95f02368b,2026-01-13 14:00:00
0f5855e4b4370a13,2026-02-11 14:00:00
eee7b39b46da7360,2026-02-11 13:00:00
cb9dc1b372f2df9d,2026-01-07 17:00:00
efe35b1cb9939cfc,2026-01-12 06:00:00
445f9a1d71b4b469,2026-01-02 20:00:00
d825a9e31a996a67,2026-01-23 21:00:00
1d2d735d3ee1aea1,2026-01-22 06:00:00
e8d338f98d95d7c1,2026-01-23 07:00:00
21982f1fb54e78ea,2026-02-04 11:00:00
abf89836261427f8,2026-02-09 19:00:00
0ac4f2c621db3c7d,2026-01-23 11:00:00
e4a37c0f0cd4fea9,2026-01-22 11:00:00
ea8ee9352affbbf2,2026-02-13 17:00:00
7eff5e964fa152af,2026-01-15 02:00:00
6c5a1cb668e15d4f,2026-01-25 23:00:00
4092a3ab4c7b3372,2026-01-01 05:00:00
3a4fe37805514daf,2026-01-04 19:00:00
7dc560228a0ffd38,2026-01-17 11:00:00
6dbc88ab02b033c0,2026-01-02 21:00:00
757ff35c811e5b3a,2026-01-29 19:00:00
eeb1eb8bff965b0b,2026-01-13 18:00:00
496fb4c565bdda4f,2026-01-30 21:00:00
43bd7c18ebb575e1,2026-01-29 14:00:00
77e357a92fdf8947,2026-02-11 15:00:00
125680107323af36,2026-01-13 07:00:00
2b0ffc4fc66beac2,2026-02-13 18:00:00
4e8a2bc57fb7417e,2026-01-02 17:00:00
4f66b9e117581403,2026-01-02 12:00:00
ab9f88366ac6d38d,2026-01-22 16:00:00
b2da26c141a301d3,2026-01-06 19:00:00
2ef5a81d16dff9fc,2026-02-10 20:00:00
fd40b9a761ac1f94,2026-02-02 17:00:00
f9a81867c37dd9f3,2026-02-04 14:00:00
c95457c3a6824c4d,2026-01-25 15:00:00
300fce71ac9d3f95,2026-02-09 18:00:00
b10dd2b7fe90ff12,2026-02-12 05:00:00
251d65a1cbbe2618,2026-01-23 08:00:00
481add650e95e534,2026-01-19 05:00:00
27b47d91fdf18e45,2026-02-02 06:00:00
c44cfab41e7aa8aa,2026-01-27 13:00:00
0c24a733a90fa424,2026-01-24 00:00:00
d1f5f858690ba107,2026-01-19 11:00:00
a946e216a1417537,2026-01-25 08:00:00
374da826fcf42351,2026-01-09 14:00:00
de703c0320f9d133,2026-02-06 13:00:00
402e1821a8dfd1a5,2026-01-09 04:00:00
16b3ce88477e6776,2026-01-18 22:00:00
bb49b90601bcf3bd,2026-01-13 08:00:00
b11602051270daf9,2026-01-28 08:00:00
3288314e720a569c,2026-02-03 10:00:00
cd067dc59a07494b,2026-01-25 21:00:00
a4b52ca76d57eec4,2026-01-02 01:00:00
7b5273ccf3f62f9d,2026-01-05 10:00:00
7eb500f46d99c5e0,2026-01-25 23:00:00
265d7be0eca720d9,2026-01-08 07:00:00
241b755c4e21f775,2026-01-14 09:00:00
b8fb7bef6032c23f,2026-02-01 22:00:00
e4d3ee24302df055,2026-01-06 14:00:00
d536d5ca5c2a4096,2026-01-29 19:00:00
5ae8362b4c5bc3da,2026-02-11 09:00:00
d5d17e52ba4590d5,2026-01-18 13:00:00
0885cb505a4a0fc0,2026-02-06 00:00:00
c2e3739b2b74af17,2026-01-26 04:00:00
8f86871afa96bb1f,2026-01-17 00:00:00
d6703e4033eaad9e,2026-02-01 21:00:00
627f5cf1b4d8d63f,2026-02-13 04:00:00
5b32bd84da8ff291,2026-01-01 04:00:00
a88b988dbb0133bf,2026-02-09 10:00:00
f6ea4a8a6a451b8d,2026-02-01 22:00:00
a55a8d6cda65f745,2026-01-09 15:00:00
5c044f0cc67ad0ea,2026-01-26 08:00:00
39c1e2c3acab870f,2026-01-14 22:00:00
fd89789b036720ed,2026-01-04 16:00:00
7c0c94354d459aa3,2026-01-03 06:00:00
78db32839c58df62,2026-01-16 16:00:00
50ab7d5a5c0581e4,2026-01-27 21:00:00
cf40610f2369f0ce,2026-01-06 12:00:00
e4b5272934df2349,2026-01-02 23:00:00
13bc17a2592b2a8c,2026-02-12 12:00:00
e3d6e44e685f80a0,2026-01-04 00:00:00
30fdf1cc0cd96b51,2026-01-15 03:00:00
15f6dde5286661a9,2026-02-07 16:00:00
20d08efec7433753,2026-02-03 08:00:00
fb9d710bccba293f,2026-02-08 06:00:00
6ed7b00b6ab19019,2026-02-12 07:00:00
7afa5cb6a9131286,2026-01-12 05:00:00
542876ba56f635cc,2026-01-20 05:00:00
f25764c2c54948ed,2026-01-20 09:00:00
a5e790731790dfc7,2026-01-03 05:00:00
795789dd121ecb5a,2026-02-03 11:00:00
dfe30ef455c42a36,2026-01-01 15:00:00
84e2c91c0a8c8413,2026-02-03 23:00:00
3e335bc57cfca6d4,2026-01-16 06:00:00
759a00841b898ae5,2026-01-04 14:00:00
8f6c3b2e1d4eb059,2026-02-10 04:00:00
022e8f9fe25cc797,2026-01-30 22:00:00
f71b3538ae487785,2026-01-23 21:00:00
696d043f76b6f597,2026-01-16 16:00:00
8cc44198a5e89bad,2026-01-07 03:00:00
712c9a6d815891f4,2026-02-10 01:00:00
06010a76a41f5423,2026-01-13 21:00:00
091d8215da13cdb8,2026-01-10 14:00:00
0f741c6479a61087,2026-01-14 15:00:00
cb0a506d7c2f006b,2026-02-11 22:00:00
da5c32325d8ec8be,2026-01-27 21:00:00
95c717cf5f3569a9,2026-01-01 09:00:00
9f760fb81ccca93d,2026-01-08 21:00:00
6a502f9435a59001,2026-01-06 10:00:00
633e51c35c705360,2026-01-23 08:00:00
8958708e286c5921,2026-01-01 03:00:00
b0ac49f0a8e65e53,2026-01-14 04:00:00
230bf94d9f1d5e76,2026-01-02 15:00:00
8e13615245f6bb96,2026-01-02 11:00:00
5c4e3668b7ee2cd9,2026-01-27 09:00:00
a12af392fd7e27ef,2026-02-13 15:00:00
dfe4287413b2e242,2026-02-04 20:00:00
5ccc841be913c112,2026-01-27 08:00:00
8ec1ab5ccc2ca8cb,2026-01-11 13:00:00
dc34193ad6731ee2,2026-01-23 17:00:00
32223e3a97c85da2,2026-02-06 16:00:00
44d8828fda24a8ef,2026-01-12 18:00:00
775ed32a4277a4b8,2026-01-10 01:00:00
64f7a97da4c3028c,2026-01-10 21:00:00
22356b2b2e813cfc,2026-02-11 03:00:00
c73efa619dc87b50,2026-01-05 11:00:00
715825de428ad7f3,2026-02-11 07:00:00
623657d92824c726,2026-02-11 04:00:00
36130e3a2284865a,2026-01-14 16:00:00
c1c4b3429ca460e4,2026-01-18 10:00:00
091719419a39663b,2026-01-09 22:00:00
a0fcac0f86248c08,2026-01-13 17:00:00
dd25430d5a96a4ea,2026-01-21 16:00:00
012c8158e0625cf7,2026-02-11 04:00:00
746b109504a8d702,2026-01-24 01:00:00
659a22dbeca80446,2026-01-09 08:00:00
a8034b749eaf7767,2026-01-16 17:00:00
e7dae840c4366d70,2026-02-13 16:00:00
265d2c81ef11e13a,2026-01-09 04:00:00
78f4960e7ed27121,2026-01-07 04:00:00
4a1d05372f9db90b,2026-01-05 20:00:00
fc252e302859cced,2026-01-16 17:00:00
c8816afa52aafc33,2026-01-08 10:00:00
ea80b9a915ad2356,2026-01-02 06:00:00
81a4eb7781991dfb,2026-01-03 00:00:00
3966f191ed9d73d4,2026-01-19 18:00:00
7e70ab8f61f824df,2026-01-01 05:00:00
7257ba1c05060595,2026-01-13 11:00:00
e36e1cc78defc552,2026-01-20 10:00:00
ff3f21bdcd34bb22,2026-02-02 17:00:00
085a54a1b4a8de15,2026-02-06 16:00:00
280427989a9e320d,2026-01-02 03:00:00
0b6ad9e096b76f13,2026-01-06 08:00:00
19dbcc30ac4d2702,2026-02-01 00:00:00
4c2f04d9abcbbd38,2026-01-25 07:00:00
9f3bcd585cbae134,2026-01-12 14:00:00
6e530c375d86292b,2026-01-31 16:00:00
f642198a9f98d883,2026-01-28 11:00:00
09bb12d9618c2f2b,2026-01-26 21:00:00
93a85bb4e52b9842,2026-01-20 09:00:00
97e62479d9c96705,2026-01-01 20:00:00
a1cc7975bb74b59b,2026-01-04 03:00:00
b5be0d8fcf30b930,2026-01-31 15:00:00
ff324b4e89514af0,2026-01-08 00:00:00
df2bc51609a0d344,2026-01-18 03:00:00
65193f648f4f5dc5,2026-02-05 03:00:00
d94fc712ff3ce471,2026-01-26 23:00:00
bed55726e38cd60d,2026-01-29 07:00:00
b64b8d650f67fff5,2026-02-04 10:00:00
b2659a5a8a1d67c5,2026-01-12 20:00:00
3194684b350f2793,2026-02-06 01:00:00
70275a146195faa5,2026-01-04 18:00:00
635163bdcc0608b2,2026-01-08 20:00:00
08d85f08b8592c02,2026-01-22 04:00:00
a358664aaba546cb,2026-01-27 06:00:00
221dad5566e6a6b0,2026-01-06 11:00:00
526b5627bdc632e7,2026-01-21 07:00:00
d886df226be8ef94,2026-02-05 08:00:00
a5b81345d9c74a4d,2026-01-27 12:00:00
2cf4d8ad5cdc5dc6,2026-01-11 13:00:00
79bd4b9442b65744,2026-01-05 04:00:00
a6894c12185ee272,2026-01-27 10:00:00
864f12422e6d822c,2026-02-09 03:00:00
3a3c23cca506b68d,2026-01-01 04:00:00
79a5eb28a1160619,2026-01-23 01:00:00
56d698493c2800ed,2026-02-10 02:00:00
402278a97a302049,2026-02-01 16:00:00
602dc601c7d59fa7,2026-01-15 06:00:00
edf51e30b61b92bd,2026-01-24 13:00:00
1e8e1163f8424924,2026-02-05 03:00:00
feb74cdb5f3c3c5c,2026-02-03 00:00:00
78e1a62f1a0b8291,2026-01-03 06:00:00
a4fa9c2ce5712536,2026-01-13 05:00:00
f200e79171799f49,2026-01-28 07:00:00
3170879822983b13,2026-01-24 02:00:00
ebf3004a64018132,2026-02-05 15:00:00
4a032651bb399193,2026-01-06 19:00:00
502aff9ea6d2be25,2026-02-09 12:00:00
c8b88689200f4b6c,2026-01-10 00:00:00
49dc454826d7cb95,2026-02-12 17:00:00
d01acfc4ec843138,2026-02-07 13:00:00
abd5b791eb635324,2026-01-28 22:00:00
8eca4f5d02cb8b2b,2026-01-12 16:00:00
17696fd50379c732,2026-02-06 05:00:00
b6388819d51f6868,2026-02-06 10:00:00
87bc6772f1d7e2e6,2026-02-01 13:00:00
6f4318a2c102b387,2026-01-29 23:00:00
45819878f18d4bca,2026-02-13 15:00:00
fc6a3ee5419e29a0,2026-01-20 10:00:00
a0cb4c4c9a24c30f,2026-01-01 18:00:00
ab54a1fd29fae490,2026-02-01 22:00:00
e1859d0e505d7793,2026-01-07 14:00:00
5cd42969f589dc30,2026-02-12 19:00:00
7e77d6d833ede6b8,2026-02-01 13:00:00
c3e008eae3100371,2026-01-26 03:00:00
605bc0cfff02b680,2026-01-29 22:00:00
18da2408a3ebb7bc,2026-01-12 05:00:00
a978c334553cc07a,2026-01-22 13:00:00
888d123d2169656f,2026-01-26 18:00:00
af476cd36f70c3af,2026-02-13 12:00:00
f1302db327ea16ed,2026-01-29 19:00:00
c53305f17ff5aa98,2026-01-18 15:00:00
7d18efce4ab3808c,2026-01-30 16:00:00
fae1d0b96d7e98db,2026-01-05 19:00:00
6fcbc20be01594f6,2026-01-23 08:00:00
27c7398bce14bb01,2026-01-24 20:00:00
a78148e9166650a5,2026-01-25 14:00:00
a72e9a9f3d96c0f5,2026-01-16 04:00:00
b3208fd48112345d,2026-02-14 05:00:00
259f6e6af5214cd8,2026-02-09 21:00:00
a5ed84e780443eed,2026-02-09 02:00:00
c5966dc8642dd340,2026-01-07 05:00:00
e3bceb956343c36f,2026-01-11 20:00:00
1e53b70688847b52,2026-01-02 14:00:00
350ae88a7544ae08,2026-02-06 22:00:00
de325bea6a9bf59e,2026-02-01 03:00:00
8fdc03dec60bfb9d,2026-02-08 10:00:00
9ae628a61147deab,2026-01-09 13:00:00
01bee3a821156268,2026-02-09 00:00:00
f7933ca4fc509e38,2026-01-07 18:00:00
f2056f22c2cd37e4,2026-01-18 16:00:00
72a1bca43c6bfb39,2026-02-02 15:00:00
0bbe3d8d87b4465a,2026-01-19 21:00:00
0303555d8abe3b5b,2026-02-03 23:00:00
28ddd5c61665da89,2026-01-30 07:00:00
8a68560cacf06e21,2026-01-01 13:00:00
7e83c74969df0089,2026-02-12 05:00:00
0fa98a5bbff48997,2026-02-03 07:00:00
3706426ae83e1acd,2026-01-17 06:00:00
f441c2d4d0853d27,2026-01-14 22:00:00
8c64bf4a0868fb71,2026-01-17 11:00:00
c379ff6494f506ef,2026-01-28 15:00:00
284e3478faa0d9f3,2026-01-07 03:00:00
e8418d627185f246,2026-02-09 07:00:00
a5a6c42c37e304f6,2026-01-27 02:00:00
98cf2648874a983f,2026-01-20 13:00:00
c19fd1fc357c9ab8,2026-01-10 02:00:00
e24e47fb845201c2,2026-02-03 09:00:00
4ec0e0d8ff9c758f,2026-01-16 20:00:00
2d4f0558dfb6ed0e,2026-01-25 08:00:00
9d3360e07c0cae15,2026-01-24 12:00:00
cd9619d3c346d1a3,2026-01-15 00:00:00
97c866286d701455,2026-02-03 06:00:00
1d1c17053e59bf63,2026-01-31 04:00:00
417a8f3502dc2358,2026-02-05 15:00:00
f4265173fc7a34d2,2026-01-05 10:00:00
3af87d4298d7a678,2026-02-08 20:00:00
b0721980e5722da5,2026-01-31 00:00:00
5a112cf2331f2aa2,2026-02-01 00:00:00
766fccd3f802c82b,2026-01-17 01:00:00
e601885d9947d8b2,2026-01-22 10:00:00
f3d82d9d081334de,2026-01-27 13:00:00
9fbdb24d29868d3b,2026-01-26 00:00:00
033370870706c8f5,2026-02-06 08:00:00
5b84a826f0a236af,2026-01-27 19:00:00
a5f95c98dae290c6,2026-02-12 05:00:00
6e53bfca5c0c3027,2026-01-31 02:00:00
a90469852f77a13a,2026-01-15 19:00:00
5782edbafa4a0b75,2026-01-14 14:00:00
89fe48a249ee836a,2026-02-01 05:00:00
7b8aca9863e99f49,2026-01-11 06:00:00
02e76ca9a7bb995c,2026-01-23 09:00:00
50291b3a669a2970,2026-01-27 13:00:00
b2aac89c0a72398a,2026-01-14 21:00:00
0ca01c0312d8b9ff,2026-01-04 10:00:00
2b7f30251499581a,2026-02-12 06:00:00
5ec2ac9a409c3cbc,2026-01-26 15:00:00
8035f710f4eb580d,2026-02-12 14:00:00
65e832c93198e3b6,2026-02-10 19:00:00
9bfa81ce2f587d89,2026-01-23 16:00:00
48b73a45bd804d7b,2026-01-24 04:00:00
a4d9cde1542b92b7,2026-02-08 08:00:00
cfe15ed117a34be0,2026-02-02 05:00:00
cbbf2077cfc24f24,2026-01-30 17:00:00
464be5bea864944b,2026-01-12 22:00:00
3a6b55aabbcbe989,2026-01-12 03:00:00
e5658632a42f802b,2026-01-31 01:00:00
36be0dbbf0a3ed4f,2026-02-03 07:00:00
5071031f19a75549,2026-02-12 03:00:00
e5bee74f8dd6edd0,2026-02-08 05:00:00
040f3b19eb39a0db,2026-01-21 03:00:00
2ac90e1bec3ca688,2026-02-07 20:00:00
ec12a4ba1177899c,2026-02-07 14:00:00
a0c3ae6794193dcb,2026-01-12 02:00:00
2e6f6e817bf01383,2026-01-17 20:00:00
6bad1ef3f92b2d66,2026-02-01 13:00:00
0aff95e2549f78ba,2026-02-08 04:00:00
07702bb8f0bf9f7c,2026-02-01 05:00:00
cddb2ddd36b1821b,2026-02-07 08:00:00
78c9f731f4635113,2026-01-24 20:00:00
53fe45c3931926de,2026-01-11 10:00:00
219339f6a630771f,2026-01-16 05:00:00
bcfe1ccb50400416,2026-02-06 05:00:00
5148d71892000e43,2026-01-13 07:00:00
49a49799add65f63,2026-02-08 20:00:00
bc74d6fbcc56177c,2026-01-06 07:00:00
3781a3e1daf724f8,2026-01-26 19:00:00
7c758a50af53ecd2,2026-01-11 09:00:00
c4f876c66d5f5f44,2026-01-19 22:00:00
1279e8f68abd9ed8,2026-01-06 14:00:00
cb973dfc8da724ba,2026-02-03 22:00:00
dec67e6307dc40f3,2026-01-18 22:00:00
4f6190ff9835ddb9,2026-01-31 05:00:00
bf61194a38abbd4d,2026-01-13 23:00:00
ed9bfd4241044c2d,2026-01-05 22:00:00
7535cc1a4eab8d9d,2026-02-07 00:00:00
d151a9266bb1e121,2026-01-22 23:00:00
b25b103188db73da,2026-01-28 10:00:00
fbfba60c4f4c2264,2026-01-31 22:00:00
f2bf2244c9206846,2026-02-02 15:00:00
8372374f9acc36b3,2026-01-23 23:00:00
c30a946d9fe0ff2c,2026-02-12 10:00:00
dbfe51189b62c6f1,2026-02-07 03:00:00
374522041973c5c4,2026-02-10 18:00:00
a087586bc244063f,2026-01-26 14:00:00
e6ddf12e567d7c8b,2026-01-28 04:00:00
cff518106c63e58e,2026-01-04 16:00:00
f956bc07470df803,2026-01-13 14:00:00
4956ef22b51c4c77,2026-01-18 04:00:00
a2215940c695423e,2026-01-06 02:00:00
4ebd1a1ef2d704ca,2026-01-07 16:00:00
789aabc2f41c6eff,2026-01-29 16:00:00
bb486d8355c0f90d,2026-01-31 02:00:00
91acf45fad4e23c1,2026-01-19 08:00:00
8e5f8d56a156c6a6,2026-01-20 12:00:00
05af9a58b65482c9,2026-01-11 21:00:00
fcdd829d78138353,2026-01-16 16:00:00
241f6d211eb86165,2026-02-02 03:00:00
3a7a84d44ed84dbe,2026-01-25 07:00:00
d1868cce1c9c5615,2026-01-31 10:00:00
8676e2dafe730ac1,2026-01-12 17:00:00
d7b6abc1c602ecda,2026-02-12 11:00:00
9fd5f56fd70a8289,2026-01-18 15:00:00
9e9c52119b18a54d,2026-01-18 15:00:00
ef9c692d193caff5,2026-02-03 18:00:00
75e3669fdbc9d611,2026-01-26 05:00:00
4bc2a43bd7e276b5,2026-01-31 14:00:00
1acd9bd80ac978d5,2026-02-01 09:00:00
c633f0dc802f332d,2026-02-12 02:00:00
adda34638b437e2c,2026-01-17 12:00:00
b2268173ec95018f,2026-01-18 20:00:00
c1e1ee806f183b35,2026-01-02 08:00:00
0c8fce7a60156296,2026-01-12 00:00:00
7eaaecf3030b7446,2026-01-15 17:00:00
13afd92de83c7eb5,2026-01-07 21:00:00
9c7ee6b0cb892113,2026-02-12 17:00:00
40d1df9944a18bc9,2026-01-03 16:00:00
41f9d03f372e21d6,2026-02-09 20:00:00
a12580f7b1468aae,2026-01-20 13:00:00
b924039fb3e6b7ae,2026-01-12 05:00:00
69d9fb21a94a7b4c,2026-02-09 22:00:00
8df04d099c85a6c6,2026-02-05 22:00:00
cecd3aa37f0d0a73,2026-02-05 06:00:00
575d2f2086667074,2026-01-23 06:00:00
e2fdb0fa45660177,2026-01-22 20:00:00
bf7103fbef8be4c9,2026-01-15 01:00:00
5589433e37dad97a,2026-02-01 18:00:00
1599ca83a0931190,2026-02-11 13:00:00
7180b873b29b9c0a,2026-01-06 04:00:00
5b856f9fb1760e84,2026-02-12 23:00:00
9a096491d8816dce,2026-01-12 01:00:00
89a86bad2e1bb07c,2026-02-01 10:00:00
9b6e4ea746c89629,2026-01-27 06:00:00
f5330c38a2d1a1fe,2026-01-15 06:00:00
d1ded3ddd9e0b407,2026-01-05 18:00:00
ffb03329f9a2fdf4,2026-02-05 17:00:00
a440b9ee0e8037a8,2026-01-18 10:00:00
44f7126775994400,2026-02-07 11:00:00
812613d4083e75f8,2026-02-01 09:00:00
b56f662a6fd1dbac,2026-01-06 13:00:00
fb41323e23ae2728,2026-01-30 02:00:00
8a000deb958dd2c1,2026-01-21 11:00:00
17a8eb08c8d03f34,2026-01-19 19:00:00
c44bdd4f9bc2148e,2026-01-22 00:00:00
c165bda3fa428401,2026-01-23 21:00:00
d0da0191cc716fec,2026-01-03 23:00:00
4c5b03fb96c4b75a,2026-02-10 09:00:00
910cda9bfa0ba006,2026-01-02 23:00:00
5d9ea838f915cf14,2026-01-16 21:00:00
e158d2b198b86163,2026-02-04 01:00:00
ecbd4ac946aeeb79,2026-01-13 16:00:00
d3128ba66e961427,2026-02-08 16:00:00
61fc9934f7981821,2026-01-06 02:00:00
864dce22d976a1c4,2026-01-15 15:00:00
7f6f30bd94f38cfd,2026-01-02 00:00:00
dbf1cc7cd86ca5ff,2026-01-22 09:00:00
060649241caa92cb,2026-02-11 02:00:00
21098d5803aa0811,2026-01-18 12:00:00
d02da018b4df8ebb,2026-01-06 17:00:00
77c9c16a15a73879,2026-01-01 08:00:00
d6ca59d1f7ec2b47,2026-01-22 20:00:00
f9975bd00c0f5de6,2026-01-02 12:00:00
ea5cf895ae6826e6,2026-01-12 10:00:00
86adaf9d995a6bca,2026-01-15 17:00:00
5656fc18156280c4,2026-02-06 05:00:00
e7c45c9d48e06d49,2026-01-17 20:00:00
5053682a54daf2c5,2026-01-04 08:00:00
fbeb018afb41db61,2026-01-26 22:00:00
999d652ba82080d1,2026-01-13 16:00:00
61b6a6589a69f014,2026-02-14 05:00:00
f2afd9112f24c43b,2026-01-08 02:00:00
7f3e8d0da0a9588d,2026-01-28 19:00:00
ffbacbafc5537724,2026-01-27 07:00:00
2411e4fc9a56d6dd,2026-01-07 01:00:00
0dd38ea6d06984e0,2026-01-05 20:00:00
4de902756cd8467e,2026-02-02 07:00:00
39dfbe9411e3a040,2026-01-30 15:00:00
924681a8b90d65ad,2026-02-08 05:00:00
1a072ce8f7918600,2026-01-03 04:00:00
b6e6fd0d08221982,2026-01-11 19:00:00
af7b719b50666e01,2026-01-31 05:00:00
4137bc0e3bdd7318,2026-01-10 03:00:00
6d0ffec8443edae2,2026-01-06 19:00:00
11b08637ee955d9c,2026-02-11 14:00:00
897ea9f6400fc32b,2026-01-09 12:00:00
b2383e89a46af7b0,2026-01-14 04:00:00
6f983d1973769a46,2026-02-02 05:00:00
8565809bc429d6cc,2026-01-03 00:00:00
a533e2098c814fb9,2026-01-25 23:00:00
6be1b1ee74cc1a26,2026-01-16 21:00:00
f26babc784baff00,2026-02-01 18:00:00
9ddd25ae4c5d8513,2026-01-19 15:00:00
ce4c1837e2b753e1,2026-02-01 12:00:00
21101d5a7af4a4cc,2026-01-30 18:00:00
0bd5a2cbd9ab9897,2026-01-14 04:00:00
613772f41a8c51f4,2026-02-07 16:00:00
10bf52299e368cd6,2026-01-05 23:00:00
61a44b33abf6b301,2026-02-13 11:00:00
fcf9727a04743e90,2026-02-14 01:00:00
a929dcb02d3e845e,2026-02-04 05:00:00
cde94c9a2bced732,2026-02-01 11:00:00
20c2d00aef65f6c8,2026-01-14 07:00:00
b8893b1c25592752,2026-01-09 02:00:00
dd5f1741526a9518,2026-02-05 05:00:00
f8db38aa4e3744a1,2026-01-10 12:00:00
1244360169056fee,2026-01-07 14:00:00
7fe065a31c9720c4,2026-02-07 20:00:00
38495d490f57bdf3,2026-01-16 09:00:00
eaa17e9f83c307a3,2026-01-17 15:00:00
f8490487a4ddd7a4,2026-01-19 06:00:00
e0432fdb63fdb461,2026-01-27 23:00:00
653f88b9ca118226,2026-01-14 18:00:00
7b72ba8ea0c2b291,2026-01-30 18:00:00
61832ef9850f46c2,2026-01-28 00:00:00
c6b4cfa7663682ce,2026-01-30 02:00:00
7acac4191547f530,2026-01-14 09:00:00
4e418221739883b3,2026-01-13 18:00:00
7ebf5b88835abb75,2026-02-02 07:00:00
55c3408f4ce0dc50,2026-01-02 07:00:00
de5225d99f176aea,2026-01-20 15:00:00
683aef76d131b4b6,2026-02-02 07:00:00
350f9ba73e640b8a,2026-01-18 21:00:00
f867e10d4df3f4c7,2026-01-12 03:00:00
7a2d4ab48738a1bd,2026-02-06 19:00:00
ff9c4e1aa2e27bb6,2026-02-04 11:00:00
ac119ba229e7f739,2026-01-21 04:00:00
70440af0381c9a44,2026-01-15 13:00:00
4ff71b62c0fd337e,2026-02-09 09:00:00
a3986ca86beaa8bb,2026-02-09 00:00:00
ca2b4e6c1bcdd67c,2026-02-13 11:00:00
449008a26ac02580,2026-01-18 19:00:00
029430e644b8398a,2026-02-06 05:00:00
4a536a57f6a35afa,2026-01-05 04:00:00
81f888e5458d70ce,2026-01-25 00:00:00
3a3f4a49053dd391,2026-02-02 09:00:00
f1d59f59e315c492,2026-01-25 06:00:00
7038fe560ae64e83,2026-01-15 03:00:00
6aa98afc5ecbdd8d,2026-01-21 18:00:00
07640d119a19aea1,2026-01-18 18:00:00
24c55667ebc9ecd6,2026-02-13 03:00:00
8870ac569e898c00,2026-02-07 21:00:00
db1967451b5206d7,2026-02-10 01:00:00
813be5c57e7d11b1,2026-01-04 10:00:00
a8f9dcfd4ea7fc56,2026-01-16 14:00:00
f8d54af95d6b17d7,2026-02-04 19:00:00
cce07125742ee6b6,2026-01-12 03:00:00
15fb911d42ac152f,2026-02-11 08:00:00
2a14af0df0b3e9ca,2026-01-16 11:00:00
d7f06c6f9dc9eb0e,2026-01-05 21:00:00
19d3aeb81bca9472,2026-02-03 05:00:00
44064d63afa9ccc6,2026-01-02 22:00:00
9a851ade9a3be35a,2026-01-08 20:00:00
2be3d63a45ae8e1c,2026-01-14 04:00:00
62ce7781c078b05a,2026-01-23 10:00:00
21fbd0f07bbfe4ff,2026-02-09 09:00:00
36e6ee3e4a82e67c,2026-02-08 15:00:00
8490c4c7f2ac8d8b,2026-01-12 09:00:00
555d12d3c11d1f95,2026-02-07 09:00:00
8e6d7b879f45777f,2026-01-08 11:00:00
1c88fe27463c691e,2026-01-12 07:00:00
cf52b9cd1f392f55,2026-01-24 18:00:00
b3a7c53e57de23b8,2026-01-24 21:00:00
de1a0a8aa9e4e15d,2026-01-27 03:00:00
ab3c8a74f41deeed,2026-01-19 00:00:00
5599af0535891f69,2026-02-12 08:00:00
f8a18749acc93b9c,2026-01-11 04:00:00
fc50c6e508f7fefe,2026-01-24 02:00:00
1e8390219e22412c,2026-02-14 22:00:00
7b4e3c728731778c,2026-01-17 00:00:00
9ce10f5b401bfcd8,2026-02-14 06:00:00
f3d94ecb936eb8f6,2026-02-07 03:00:00
db7c516c4ec54c61,2026-02-04 04:00:00
bc4396f33e4517c4,2026-02-07 21:00:00
fb2ae430ca56b063,2026-02-09 13:00:00
f2b03b714713ee93,2026-01-27 19:00:00
6ca6edf9c01f41ac,2026-01-14 23:00:00
04e0f835a40b07e8,2026-02-07 22:00:00
456346bf4450817c,2026-01-26 11:00:00
174f5145b45bce59,2026-01-05 22:00:00
431b6bea5947f951,2026-01-31 14:00:00
a9036446fce6ee1d,2026-01-07 21:00:00
16feb018eae48a2c,2026-01-06 18:00:00
1ed43d73627c4c96,2026-01-10 09:00:00
a99cf7bd90999a49,2026-02-11 15:00:00
ba20263adf69922f,2026-01-07 05:00:00
5bee58890589b0b8,2026-01-12 10:00:00
818b7e52d1ce3b85,2026-01-18 15:00:00
663b49d4903f0451,2026-01-08 03:00:00
1f67b0366cc08595,2026-02-08 17:00:00
946bdb7877d31c30,2026-01-17 22:00:00
62ad5a7a4db9cfbc,2026-01-03 20:00:00
fbed00477ee5e3b1,2026-01-30 05:00:00
af78f58e8e2d3a31,2026-02-07 20:00:00
fe3adb716b13819c,2026-02-01 21:00:00
8bffe7f83fd3585b,2026-02-06 06:00:00
00c7ae5b58bb12cc,2026-02-01 08:00:00
0a2082ecd2075819,2026-01-25 23:00:00
c8144ae1a79b5b28,2026-01-02 03:00:00
7ebc714c658baf3a,2026-01-01 13:00:00
796e6812a1f397a6,2026-02-06 10:00:00
31b5230a3ec3b222,2026-02-05 04:00:00
44670caef50df8cf,2026-02-03 14:00:00
cacdc20e55da2b1a,2026-01-08 22:00:00
ce4549776bcfe728,2026-01-09 03:00:00
dc2a1d0846ed343e,2026-01-24 19:00:00
34cf23fee2fcc771,2026-01-10 22:00:00
afd47d511d9fdc79,2026-02-13 11:00:00
fd02161a79c53781,2026-02-14 23:00:00
9e5d1c8e443762a7,2026-02-12 19:00:00
12979e1751365d82,2026-01-28 20:00:00
83bea107c277a1d5,2026-02-12 15:00:00
4f78571e78fd734b,2026-01-27 11:00:00
c403501259f3c90c,2026-01-27 20:00:00
01e47f6f6a04c051,2026-01-08 23:00:00
39463bef16065c17,2026-02-05 12:00:00
111dd4c8cb8ec373,2026-01-19 15:00:00
f7ce4150097f3fd9,2026-02-13 14:00:00
893f6e68b3947aee,2026-02-05 15:00:00
a0fe7d71bf9b0635,2026-02-10 18:00:00
2fd2f76e54b79ffd,2026-01-12 22:00:00
154daf1e06033b56,2026-01-27 15:00:00
a58557d0bf8bd934,2026-01-09 10:00:00
d6a8b7833116dfaa,2026-01-19 10:00:00
9bdd3ef9364271c3,2026-02-06 21:00:00
836693860cf307ef,2026-01-24 16:00:00
9bbaf9f90ca4f1e9,2026-01-31 01:00:00
fce7f7eb8dedbd3e,2026-01-15 17:00:00
171118e8ded8f90b,2026-01-31 23:00:00
25461e3223c51f6d,2026-02-03 05:00:00
386427d1f42dccd5,2026-02-07 03:00:00
294a5883cace018d,2026-01-05 23:00:00
dda57c92855be0f2,2026-02-09 17:00:00
e01d6bcc7d22e4ab,2026-01-03 03:00:00
b5c59d6591ab3fe0,2026-02-14 04:00:00
4e4695dfa90f2815,2026-02-01 00:00:00
4b097389b7c27c0a,2026-02-07 02:00:00
576b87d0cc39b9f3,2026-02-06 19:00:00
ec25d768bb729265,2026-01-10 09:00:00
567a3e08ee513182,2026-01-13 06:00:00
c70b67d74f92dc76,2026-01-18 09:00:00
51fad553a32f3f98,2026-01-23 23:00:00
d00eb5f26844b7ba,2026-02-08 02:00:00
9efd7bc5777446f3,2026-01-10 04:00:00
71bbbe760335c080,2026-01-26 03:00:00
b6234a90738c4d42,2026-02-06 04:00:00
e16319eaa8230b2f,2026-01-17 02:00:00
2b66731510c3f672,2026-01-10 18:00:00
4ff3918f29ab1a08,2026-01-08 06:00:00
cc32c5d64e80e1a4,2026-01-03 08:00:00
56794d7d98ef66c1,2026-01-21 09:00:00
a9a7f007a1d5a1e4,2026-01-17 08:00:00
b88a74bcf1de77c0,2026-02-14 00:00:00
ad62d9bbad48b36a,2026-02-10 17:00:00
d45ff20d6b3774a7,2026-01-22 23:00:00
38dc783311a8e617,2026-02-02 02:00:00
2b38a4091d33721c,2026-01-06 11:00:00
b5efd8bc01b32c98,2026-01-07 12:00:00
5998eb49f437102d,2026-01-14 13:00:00
d6fbb83942fd29bc,2026-01-04 11:00:00
0a25a45305977b33,2026-01-24 02:00:00
b3f9b3d662274c48,2026-01-08 12:00:00
9b9d2dfe645b0505,2026-01-06 20:00:00
929897f382867e55,2026-01-27 08:00:00
3213883090e8acc4,2026-01-03 10:00:00
c1b54ef2ac05607c,2026-02-14 18:00:00
c586491065a21584,2026-01-08 09:00:00
97890a57c23e1003,2026-02-03 12:00:00
c855fa472ce3801e,2026-02-06 08:00:00
cff268b4eb6087ac,2026-01-01 21:00:00
500db2c47dbc5fd5,2026-01-31 09:00:00
9129d3ecc6a89623,2026-01-03 06:00:00
0fc517696f0c5ce2,2026-01-21 00:00:00
3cc04567cf2b69dc,2026-01-22 11:00:00
d344c9d62ed0081c,2026-01-04 23:00:00
fa2ecc60f468b6b5,2026-01-14 07:00:00
7885d05116a4d1d5,2026-01-08 13:00:00
c85549e5a03f297c,2026-01-18 09:00:00
5bc1d63fd11e81d4,2026-02-07 06:00:00
0ab5c4174e687d77,2026-02-08 00:00:00
e5b1391bf9a3ad54,2026-02-04 23:00:00
959de1e6e13da4e3,2026-02-14 17:00:00
59e31a2a2c21ea69,2026-01-16 13:00:00
f115133b3a696a0c,2026-01-30 21:00:00
b2da3568033930da,2026-01-04 03:00:00
1c4d05af7e08e26c,2026-02-02 07:00:00
f6712d966a1752e2,2026-01-28 12:00:00
0da7439d9e37402a,2026-02-03 18:00:00
d4305d63794988fd,2026-02-07 07:00:00
64ef2c994e963174,2026-01-06 02:00:00
3b8f565c9a995573,2026-02-12 02:00:00
a6f2bd3fb7e4282f,2026-02-05 15:00:00
c41204e934eab1be,2026-01-17 17:00:00
c156b4e03df84196,2026-01-30 01:00:00
5dc7895cbaeac74e,2026-01-04 19:00:00
d54d1075fea8f2b8,2026-01-28 16:00:00
a04c9467744ba3f8,2026-01-03 03:00:00
ff7fdd30f19ecf9d,2026-01-29 15:00:00
93c48a0970bf9571,2026-01-24 08:00:00
f3522aca0ae3dece,2026-01-10 06:00:00
435b069bd42cd889,2026-02-10 07:00:00
0733462d9ffa7e82,2026-01-07 04:00:00
2c4aeeac60e149c7,2026-02-04 18:00:00
45033e04d972782a,2026-02-13 18:00:00
315e2eb38e1ce56b,2026-01-05 12:00:00
8eaf786acb959435,2026-02-01 02:00:00
e80d130d4a64b412,2026-01-30 23:00:00
84fc2d7c89ee6e78,2026-01-25 18:00:00
fc9070b98abdb9e5,2026-02-07 19:00:00
06baea8e5334ec2f,2026-02-09 12:00:00
c50c41909df6ad64,2026-01-31 09:00:00
23c3a61d2bc9028b,2026-02-11 04:00:00
aefd7930bd85a86a,2026-02-14 20:00:00
5cf4e9a804e98dca,2026-01-19 21:00:00
b2856e71f4681723,2026-01-30 02:00:00
efb1ac1e42235b24,2026-01-23 21:00:00
6815d08155247258,2026-01-08 12:00:00
e5222184cdb7b122,2026-02-13 05:00:00
c19e8f06fd4fbec7,2026-01-10 03:00:00
74ebc01a1d28e249,2026-01-30 16:00:00
6e4a5cc1009de645,2026-02-14 03:00:00
263d3aba9aa41f87,2026-01-11 06:00:00
5823610d7031acb0,2026-01-23 07:00:00
6ac0d7020142f9d9,2026-01-26 03:00:00
372b690e234fd054,2026-02-09 12:00:00
15bc9839585957ff,2026-02-04 09:00:00
76aa881021b4ec0b,2026-01-13 19:00:00
5f0f96ddbbc19126,2026-02-04 10:00:00
54ef3a4527759b2e,2026-01-05 04:00:00
1c4bf20c3dc1ead6,2026-01-18 07:00:00
059ff575faf8bda7,2026-01-28 01:00:00
f9a9416a174b19a6,2026-01-03 12:00:00
4cbbf0daec51fae3,2026-02-06 12:00:00
94e9a501f5522cb3,2026-01-04 03:00:00
d2f6217d431dec88,2026-01-14 13:00:00
aacc42b360d1ed5e,2026-01-03 04:00:00
36bb297e51e8044c,2026-01-08 04:00:00
b7d69e04dc888ed1,2026-01-21 16:00:00
6cf3e8430cb3a3c2,2026-01-28 23:00:00
1c71107a366bae93,2026-02-04 17:00:00
75050f51359d373c,2026-01-04 22:00:00
48825d8d106a0b00,2026-01-09 05:00:00
31c77cfbf7d00328,2026-02-02 14:00:00
b072114770294fbb,2026-02-08 16:00:00
e9c266a7eacea82c,2026-02-09 21:00:00
ceadddae8647868e,2026-01-13 01:00:00
39dd2e371e85f9c2,2026-01-11 00:00:00
85ed9dd093b5d376,2026-01-03 05:00:00
784e417794907ddb,2026-02-13 20:00:00
430b068f8ba81470,2026-01-09 07:00:00
95109efc230c6e86,2026-01-21 19:00:00
a4e4fedf8e5c699e,2026-01-05 23:00:00
7880d4593fc8b3e6,2026-01-24 03:00:00
3f433077b3d4f355,2026-01-04 00:00:00
188523ecaaf382b6,2026-02-01 21:00:00
918e99b1a00776e1,2026-01-03 18:00:00
dc21b5a23e06c947,2026-01-04 11:00:00
e95a73b2e177e910,2026-01-22 19:00:00
fefdff44bf9222d2,2026-01-08 10:00:00
c6a175351208518e,2026-02-06 05:00:00
018203a541ee13d8,2026-02-01 08:00:00
382a0a2396379ede,2026-01-28 20:00:00
c2225dffa8e524f9,2026-01-10 06:00:00
4c82b3e6c78c3df2,2026-02-08 11:00:00
62fa270b0484c4e6,2026-01-01 07:00:00
66bf5c24a7395b8d,2026-02-08 00:00:00
15ae6efb50cc690b,2026-01-14 21:00:00
523c26adc80ffe38,2026-02-09 21:00:00
f8ff3b8f36c6763f,2026-01-14 23:00:00
44b68e52b7414a94,2026-01-02 04:00:00
f6e8978816f0ea73,2026-02-13 02:00:00
58cb79764bf6e703,2026-01-02 00:00:00
a45888023f870f50,2026-01-15 11:00:00
f3a35ed1241851cf,2026-02-06 22:00:00
2174314e588b9be3,2026-01-14 01:00:00
76abc3b2133e9d04,2026-02-13 23:00:00
80f73e28682f8649,2026-01-30 16:00:00
e6d99c182a89808a,2026-01-19 11:00:00
09b8b16098d59c3d,2026-01-12 16:00:00
aff4bc8647c6ee42,2026-01-30 17:00:00
87092230badec38b,2026-01-10 04:00:00
3ee398d493e25ac5,2026-01-13 18:00:00
b51936db5f2f22e0,2026-01-31 21:00:00
b42421f182407b8a,2026-01-09 00:00:00
c42228ea7a153ee5,2026-01-22 16:00:00
bbc7b55dc41b01e2,2026-01-27 17:00:00
6e40303eb67070a8,2026-02-13 21:00:00
645129c1e285399e,2026-01-25 21:00:00
f6f1924d95677860,2026-01-04 17:00:00
ceecb15d8757dc48,2026-01-08 19:00:00
e7ee3cd0f0047a09,2026-01-04 02:00:00
5c71f53f89e7dcef,2026-01-01 17:00:00
58534516f29da492,2026-02-11 01:00:00
901ca395ad7514ee,2026-02-06 00:00:00
ad3dda2348652ac4,2026-02-07 06:00:00
144d657305e9468a,2026-02-11 11:00:00
c7bc3e89dc595131,2026-01-31 15:00:00
12cba8f8349224be,2026-01-12 16:00:00
07bfc9a199c0e3a7,2026-01-02 11:00:00
559ad709af2b5893,2026-01-14 05:00:00
71e8f8590b17e316,2026-01-23 08:00:00
1793fd0b988a2321,2026-01-04 21:00:00
b454f352d14d3ad6,2026-01-12 00:00:00
05cf1e2df5a1c770,2026-01-17 06:00:00
67af0e0d904d83dc,2026-02-11 00:00:00
243617dd337c359b,2026-01-26 13:00:00
a35b9f5d4cf131f7,2026-01-10 19:00:00
99d8ceb3b4056747,2026-02-09 23:00:00
2b7d0274c6671f98,2026-01-12 11:00:00
8547cfc0b7ba516b,2026-02-14 06:00:00
2fe3eac2cafd0a6f,2026-02-01 17:00:00
4eaac02fa3dbdb4b,2026-01-12 02:00:00
e2471c186755ba77,2026-01-22 01:00:00
cd5fc27dea62406a,2026-02-01 18:00:00
fa342e69ac214228,2026-01-10 11:00:00
bb7b9db5873de292,2026-01-14 12:00:00
dde590a5b37cd71d,2026-02-03 23:00:00
a81c21362904dfa3,2026-01-16 06:00:00
9bf6d7d771021797,2026-02-11 20:00:00
e2c56bfc9bf6b147,2026-01-25 20:00:00
a2b2c72cbc05553e,2026-01-06 14:00:00
7901b1801ab619d4,2026-01-30 09:00:00
22d5f291d624be29,2026-01-27 17:00:00
fcbf61ba0b660504,2026-01-12 17:00:00
8982019f314170b2,2026-02-09 07:00:00
0a1c2e06213b28a9,2026-01-19 07:00:00
30ea6f98a0f6bd9b,2026-01-01 04:00:00
6b51a8872cd205a2,2026-02-04 07:00:00
114c1f0989c5ba78,2026-01-24 13:00:00
acf00ecfc765cd8f,2026-01-20 15:00:00
cc10e8961c149658,2026-01-23 07:00:00
f3fccc06afa1bda6,2026-01-13 20:00:00
d9e70f53cd89a88c,2026-02-09 08:00:00
d52f22c26ac9bb63,2026-02-04 23:00:00
0ab5a12fd5bf00c9,2026-01-18 16:00:00
2f1b0b324480ac5f,2026-01-29 19:00:00
874dd0163a215aa7,2026-01-24 16:00:00
3c7f780a8335e331,2026-01-31 09:00:00
e7f87cd96f577443,2026-02-05 12:00:00
52600f250547a13a,2026-01-12 22:00:00
03548b983d6acac2,2026-02-05 07:00:00
b71bc7a5cbbeef32,2026-01-28 16:00:00
8444d5152fcb02d7,2026-02-07 03:00:00
8b5962af8e77794f,2026-01-25 17:00:00
f885c44d7ff34902,2026-01-12 00:00:00
7e6053ac869ac313,2026-01-24 14:00:00
2bcf73b51940b364,2026-01-24 15:00:00
fea331fa29930d6f,2026-01-15 01:00:00
22453c1701b6f3a5,2026-01-20 10:00:00
09116c4fad35e477,2026-01-30 16:00:00
d04b2a2baf6638b5,2026-02-02 20:00:00
a687386172e1c1b3,2026-02-06 16:00:00
8048aaa6ffc32d4d,2026-02-05 02:00:00
afdffe22bdccb5b6,2026-01-11 17:00:00
338c000d939939c8,2026-02-03 21:00:00
6d30a0228ce848bc,2026-01-06 09:00:00
5d26cd32889edbb9,2026-02-03 17:00:00
3cd410ea8c720dc9,2026-01-04 02:00:00
01f02ed8c2ba139d,2026-01-16 17:00:00
9c0f6334b976a61b,2026-01-14 01:00:00
68d73c852f1b28f7,2026-02-01 17:00:00
2c3d6ee2b17cd054,2026-01-07 07:00:00
768c30b41c50251c,2026-01-22 10:00:00
beaebdeb8975b10a,2026-02-08 04:00:00
b26679d7013f6f15,2026-02-10 13:00:00
83915c7c576bee64,2026-02-01 14:00:00
3cc16c1df801dba3,2026-01-17 22:00:00
2e7c256e178516c9,2026-01-14 13:00:00
3c0fdc165dc35fc8,2026-01-09 06:00:00
8c8a049795e01827,2026-02-09 07:00:00
401934b7ae049293,2026-01-14 01:00:00
10bef542865d4d8a,2026-02-03 11:00:00
4fc7abbd25c8f28e,2026-02-04 21:00:00
b6bacdc02a473ce6,2026-01-15 03:00:00
0d72fae98c08bf1e,2026-01-01 11:00:00
3fe93a028609ddc5,2026-01-01 03:00:00
4cad61f741afca56,2026-01-15 23:00:00
1d2ea25ac7738c1d,2026-01-18 20:00:00
cf5f8cc16c26629a,2026-01-17 10:00:00
74524adedecef947,2026-02-05 19:00:00
8472241d866f4d7f,2026-01-18 02:00:00
f2cc5d67febb90eb,2026-01-01 00:00:00
2dcf1cc87a2ecfc1,2026-02-14 21:00:00
c48ce2f0d6f49c14,2026-01-09 22:00:00
081dfc61fa0450b6,2026-01-31 10:00:00
b850be0eba82302f,2026-01-25 07:00:00
a0843e4cbced4a09,2026-01-04 07:00:00
99f065819bef3ec9,2026-01-25 17:00:00
073f6d31160b6ae8,2026-02-04 13:00:00
b792bde92a34befb,2026-02-08 03:00:00
15695c22e2b718a2,2026-01-14 17:00:00
8830d9d8797db3e0,2026-01-16 11:00:00
5830fab7bd5f5aba,2026-02-07 22:00:00
b88209ea75723c46,2026-01-15 23:00:00
01ef4197a018166c,2026-01-02 03:00:00
8fae63561a6e0eb5,2026-01-10 07:00:00
7c1d60452e454dbc,2026-01-03 10:00:00
3c9ba4e7af1d9a99,2026-02-06 05:00:00
5303a6bfdf60279d,2026-01-28 07:00:00
ec5b83b291ad9745,2026-01-24 16:00:00
4a1eb113afcd0521,2026-01-23 16:00:00
b928c140c628ef6d,2026-01-05 07:00:00
1ab293d107b55a45,2026-01-12 06:00:00
570a8c5afc04e00e,2026-02-08 13:00:00
92c7220bf00706bf,2026-02-13 23:00:00
b55b59a704b5d1d4,2026-01-09 12:00:00
d2907b5001610ad2,2026-01-19 06:00:00
3765f6fad3829575,2026-01-23 23:00:00
761603c1ddd75f7c,2026-01-07 21:00:00
bf964634e5b20f0a,2026-01-09 04:00:00
3ce71b8d7f613b6e,2026-02-05 00:00:00
738ed706cc1f0f0c,2026-01-29 13:00:00
724c473fa2460598,2026-02-03 08:00:00
781b0abc3f687fdf,2026-01-22 01:00:00
8d5e70c652619bab,2026-02-03 18:00:00
c9c67f5e65ed3eb2,2026-01-03 16:00:00
a78a28d22c6aab1c,2026-01-24 13:00:00
9e688b5afc1045ca,2026-01-20 01:00:00
903ec11cd16d92b4,2026-01-02 02:00:00
e177cf5366f46b22,2026-02-10 01:00:00
691a3d26879cff5d,2026-01-03 15:00:00
e34cd445b1837941,2026-01-27 16:00:00
cb837dd9559bf4b7,2026-01-20 11:00:00
2e5a4679e11ba706,2026-01-20 21:00:00
ed0761788079dc44,2026-01-10 13:00:00
c1765ed4d0b825c8,2026-01-20 09:00:00
52177373be96a547,2026-02-06 08:00:00
0627de1cd8128dbd,2026-01-17 20:00:00
79d41c161fb12061,2026-01-08 04:00:00
315d0a7fc7106b81,2026-01-27 03:00:00
091d2c5b80f94e3c,2026-02-07 09:00:00
6fdcae773cec0ece,2026-01-26 08:00:00
1a878d58591f191a,2026-01-31 20:00:00
d73b2f1b59b8eabf,2026-01-15 22:00:00
bb0b400857344614,2026-01-17 10:00:00
8dd70fd1d716b2e5,2026-02-13 05:00:00
84b72e07566f6161,2026-02-01 05:00:00
88c772817d60498d,2026-02-01 15:00:00
1c9a6a4c5a601c86,2026-02-09 06:00:00
25b06b6519fc20b7,2026-01-13 07:00:00
2cfe538d2830ef1f,2026-01-25 12:00:00
07585af74b7b3596,2026-01-29 08:00:00
48fb980efbc120f7,2026-01-15 10:00:00
510d85dae6928aef,2026-01-27 18:00:00
9d2c8a155736b3d8,2026-01-12 15:00:00
6f37e9f2b2424a99,2026-01-09 02:00:00
0a8a6353c3b97b8f,2026-01-24 17:00:00
95b5a9fcaa12a465,2026-02-05 04:00:00
02b83955080b376f,2026-01-06 02:00:00
d457b01753feacfa,2026-01-23 13:00:00
461b7cd48eed8a39,2026-01-12 22:00:00
e739f7b1ac8ec8f7,2026-01-31 00:00:00
224771a4c2ecd6b9,2026-01-14 13:00:00
061929e1fcfd4c67,2026-01-10 08:00:00
82ad3867648a8107,2026-02-14 07:00:00
a0c56ec99ac211d6,2026-02-13 16:00:00
459655ac22f5f96b,2026-01-25 13:00:00
aa29b0b3d3327262,2026-01-20 21:00:00
f8aef680db75ed2d,2026-01-16 17:00:00
08bb3805bccd6273,2026-01-27 13:00:00
4a42bf0cb16ee305,2026-01-10 08:00:00
d11deb11b41ccd59,2026-01-31 22:00:00
09260c09bd19e1cd,2026-02-09 01:00:00
1c1d7bee07808de5,2026-01-06 09:00:00
c19c3c0b64fd5240,2026-01-09 18:00:00
a069cba27ecf00c4,2026-01-13 16:00:00
b34679ba492ee959,2026-01-23 16:00:00
44b48e8e4185d7a7,2026-01-12 19:00:00
077463d1474b6edc,2026-01-16 08:00:00
d6751bf661ffe5f5,2026-02-13 15:00:00
59798c4ece9e5d0f,2026-01-07 16:00:00
6c51efa90b3e79e0,2026-02-11 10:00:00
60f8f69e8dfec264,2026-01-11 06:00:00
161a56fb07f9b806,2026-01-21 23:00:00
b0c020ff48f9b8d0,2026-01-08 08:00:00
d6bbdb973753d82b,2026-01-10 22:00:00
f96a32234c981327,2026-01-19 11:00:00
8802d1e7b3d6853c,2026-01-12 06:00:00
4c9c207c081fc19d,2026-01-27 04:00:00
51ca324da7fe4854,2026-01-27 21:00:00
27f68e1cf423c714,2026-01-30 01:00:00
094d0b859c862474,2026-01-06 21:00:00
07a1c728d388a40f,2026-01-06 03:00:00
4f969cbc32eb2018,2026-02-02 12:00:00
60681a9431b4526c,2026-01-26 13:00:00
8caf97ed1c63f2b7,2026-01-18 15:00:00
456e5ae72d5097d2,2026-01-19 17:00:00
624788c5af895d10,2026-01-22 05:00:00
fdae23e8e2274139,2026-01-02 03:00:00
96e197dc31d7fcb2,2026-01-19 05:00:00
0fee010d1eb0147e,2026-02-08 01:00:00
bbe72f667b20a3bb,2026-02-06 09:00:00
591876817ec30154,2026-01-05 05:00:00
c423abec9ef777c0,2026-02-10 04:00:00
e5d7a2ed085dabc5,2026-01-04 00:00:00
ed7631164c11b101,2026-01-16 19:00:00
5e76a0fa4698ba43,2026-01-04 00:00:00
6682bb848cf18ed3,2026-02-08 10:00:00
32095b556b0f8a88,2026-01-18 05:00:00
b44e09fac2b6151f,2026-02-08 02:00:00
363fb9c4f972d7a2,2026-01-22 22:00:00
e4d471e620ecddef,2026-01-07 08:00:00
b1180975be54f192,2026-02-09 12:00:00
9f860734f22a38ee,2026-01-30 12:00:00
713ef1cbd11f34f7,2026-01-24 00:00:00
a992ded5d14d6eed,2026-01-26 22:00:00
42b6a06429dd91a9,2026-01-04 22:00:00
cda8486c5c5487cd,2026-01-15 19:00:00
a10066a003cb79a5,2026-01-10 08:00:00
ea9f3d4208dbb04f,2026-01-25 09:00:00
ea2c7ba429e44571,2026-01-29 14:00:00
bb34db59457ec5e9,2026-01-15 20:00:00
3eff4c0e45712797,2026-02-08 13:00:00
8d7aa76b0b919235,2026-01-10 04:00:00
863cfaf080e5b4c1,2026-02-04 02:00:00
6337a6aefbba17a1,2026-02-11 00:00:00
e39f6ae6a44aced3,2026-02-08 19:00:00
508305ec3196c38d,2026-01-19 17:00:00
1c76e7bf20be57b8,2026-01-10 16:00:00
1f391d6305ca9fbb,2026-01-08 15:00:00
9fdf65ba1316e30d,2026-02-14 06:00:00
408d05ac1c083462,2026-02-11 16:00:00
0f2820805951fce3,2026-01-09 20:00:00
fcbb052d9baa885e,2026-01-21 00:00:00
c6f5901da1a95ff3,2026-01-21 08:00:00
b8699c63ef25be84,2026-01-20 15:00:00
6ab5b43450c4f300,2026-01-17 02:00:00
f8476e793e7b6eb5,2026-01-28 14:00:00
d83c503eea6d194f,2026-01-24 10:00:00
dc418241b19bb7c9,2026-01-17 04:00:00
419c5b9ea833c5bf,2026-01-12 03:00:00
88bbccfcab65a204,2026-01-10 02:00:00
5bf059085d65d0b2,2026-01-02 19:00:00
3fe34cba0dd20d2e,2026-01-24 15:00:00
578fa65567655ca5,2026-01-19 20:00:00
b265db9500ec82e1,2026-02-10 12:00:00
5d2752156d759f88,2026-01-14 17:00:00
f6cbfba89591d3bd,2026-01-21 19:00:00
ea0c0777e70c67ed,2026-01-22 11:00:00
ee8bfd6928228526,2026-01-31 23:00:00
2d4813b4e179de22,2026-01-08 20:00:00
373f94d42c11b1ae,2026-01-21 20:00:00
6a84405d54cc9bad,2026-01-09 05:00:00
8119f1b8ce22a24b,2026-01-04 23:00:00
dba8854f9bfc4c32,2026-01-10 18:00:00
42fd37e19e68c2b1,2026-02-07 17:00:00
bf284e6c9d1b3af4,2026-01-11 10:00:00
5bf3e123d25e9b82,2026-01-24 19:00:00
b007b1c44a7f0271,2026-01-10 01:00:00
d07bb82b6dd2351f,2026-01-30 23:00:00
448d1dee5c5268a4,2026-02-09 23:00:00
426aa9e2a64b6964,2026-01-25 00:00:00
14217f22e753b03a,2026-02-10 01:00:00
fe7251aa60cce54d,2026-01-29 09:00:00
8572ee52a2dbf038,2026-01-29 18:00:00
148b741bf8cc10ed,2026-01-20 18:00:00
2fd0c5e181b56027,2026-02-07 13:00:00
f2af4f57f07a681a,2026-01-31 12:00:00
a50323dc0d088d20,2026-01-25 10:00:00
c1219090e40c4c49,2026-01-16 17:00:00
75f9ed6fef138f0f,2026-01-26 22:00:00
4bccb544c7d7d8ae,2026-01-29 02:00:00
438668232fbf8953,2026-01-03 21:00:00
bf46002e74801b68,2026-01-07 07:00:00
4592e24e2c82a764,2026-01-16 07:00:00
01424e05afa2282c,2026-01-17 22:00:00
764a169244b8efce,2026-02-06 15:00:00
4228a8bdb7bf90b5,2026-02-07 19:00:00
428cd4ece93c4526,2026-01-09 01:00:00
db5bbc5f375eb60b,2026-01-18 07:00:00
18615fec823a3bc3,2026-02-10 06:00:00
ef1232dfd0a110f7,2026-02-14 09:00:00
87336331d1c9913a,2026-01-19 09:00:00
5bd1e17e13a16d92,2026-01-02 23:00:00
9b2a45aa3f82fae5,2026-01-15 03:00:00
9c8c38ca1fba1072,2026-01-01 21:00:00
caaf2b9aa429a215,2026-01-04 05:00:00
ce90e090fdfd7d42,2026-01-23 01:00:00
84c17b40b4815234,2026-01-26 04:00:00
3eef811071aa7575,2026-01-21 02:00:00
dc150f4495ae1b66,2026-01-30 12:00:00
2e463e0fbb6408a3,2026-02-06 03:00:00
8e8b42999b5df029,2026-01-04 19:00:00
9c06e6b4f95c606d,2026-01-28 06:00:00
8fb2237e7d62a5f6,2026-02-08 22:00:00
d1faadbd5b7685b9,2026-01-29 20:00:00
d2a62edafcb40454,2026-02-10 10:00:00
1ab7112117cee4ea,2026-01-07 19:00:00
148b7f1d0442aa55,2026-01-29 12:00:00
d13defed8fee21ce,2026-02-14 14:00:00
35199b9f2068dea8,2026-01-17 22:00:00
90a492db1635a9ab,2026-02-13 08:00:00
6ea592cfa20d7474,2026-01-15 15:00:00
d37118d7a5cb8c87,2026-01-28 14:00:00
8e5603b101f36b73,2026-01-17 22:00:00
f99002dbf07ede96,2026-01-24 05:00:00
6164427c5fdb5289,2026-01-23 20:00:00
2727698c2e5a3a7d,2026-02-12 11:00:00
68cbc2123bde2114,2026-01-28 21:00:00
bd1ea418176a4561,2026-01-20 03:00:00
a196ef3e9235ec18,2026-01-02 07:00:00
50b609d1f39f5d16,2026-01-20 16:00:00
a469e05711b48e45,2026-01-07 15:00:00
ab7d5c41050f8069,2026-02-07 16:00:00
70483f1a19c6cdaf,2026-02-02 00:00:00
0e9a72a6b878a277,2026-02-04 17:00:00
0453b78ea7d6b9dd,2026-01-13 04:00:00
0708a9e8a5176ea2,2026-01-18 15:00:00
d5478240ed4a2452,2026-01-28 19:00:00
fe0126dca69851b9,2026-01-09 05:00:00
071248270da66dab,2026-01-02 05:00:00
e7f42a4603aa91a0,2026-01-16 15:00:00
0e425cd293ddc9c5,2026-01-06 08:00:00
e181f172e39d3780,2026-02-07 13:00:00
9b32b2957dea3ec6,2026-01-20 05:00:00
0357ae62d0422b2f,2026-01-26 07:00:00
bc7f2adf7f3c93a6,2026-02-04 10:00:00
71721e516b2dd13c,2026-01-28 00:00:00
032c35ecee9cf9b1,2026-01-02 08:00:00
6b06e5bad89f7718,2026-02-03 22:00:00
7910a6f7b8005a00,2026-01-14 05:00:00
9c694062cec989b3,2026-01-03 23:00:00
033d145d8116e470,2026-01-16 16:00:00
874112cc96f35141,2026-01-13 20:00:00
3d6a89e57bdc008e,2026-01-03 06:00:00
44cf3e068544515b,2026-01-04 21:00:00
0654455cf56184af,2026-01-26 14:00:00
9e35a2b4b916ce8f,2026-01-05 15:00:00
c9c34133c7bbd8ad,2026-01-08 09:00:00
a86502bbe8fa0b6a,2026-01-17 20:00:00
9317577784c2cef3,2026-02-11 05:00:00
b6d9fb36defcf05b,2026-01-16 18:00:00
d9edb9508aa4f299,2026-01-20 12:00:00
1c728991d59df0b7,2026-02-13 08:00:00
4afcdc6c0cc8ae38,2026-01-27 06:00:00
59d74e761f20aa5a,2026-01-21 17:00:00
b29e6f9ea46ccb3d,2026-01-28 14:00:00
e5f8663bb4bfc089,2026-02-01 02:00:00
e614f3c496ec08a7,2026-01-02 08:00:00
dfb45fbb484b015a,2026-02-01 23:00:00
6746b6f9efe7d52c,2026-02-11 11:00:00
fbb18061b65506c3,2026-01-22 18:00:00
0d5b77d79e0ef484,2026-01-16 16:00:00
793fb4265d765360,2026-01-25 13:00:00
11bb819c9c09ad3a,2026-02-01 03:00:00
e1e9a24fd77f84df,2026-01-25 11:00:00
ac203ddf474f53f8,2026-01-11 18:00:00
430255fc8ef828df,2026-01-26 06:00:00
a81104dce0725f67,2026-02-13 00:00:00
2c4b8b1e46b05d9c,2026-02-13 08:00:00
a9c9246a8a84fb9c,2026-02-02 14:00:00
1256ea84e6d7ccb8,2026-02-08 02:00:00
af397a469246d1ec,2026-01-18 09:00:00
795680e0ff3f0ed9,2026-02-14 08:00:00
6f15e3f1e4764c77,2026-02-13 02:00:00
3970e6d20a240d09,2026-01-18 09:00:00
3b3a22abad475993,2026-02-01 05:00:00
c43f46b84a45ea36,2026-01-27 06:00:00
b17149aa859dbbc0,2026-01-26 09:00:00
db264ad5c30e1617,2026-02-13 12:00:00
754407629ffb9f02,2026-01-15 15:00:00
6c6eaaad80ff27c4,2026-01-02 16:00:00
ffcc8a640bf9f96e,2026-02-12 03:00:00
96bd9e178cc03e03,2026-01-02 16:00:00
4ba844db2b8deafc,2026-01-05 16:00:00
297272f02d78e08d,2026-01-13 16:00:00
d0fa6afc321883e1,2026-01-01 12:00:00
cb1a5cfb074cac67,2026-01-11 02:00:00
c685b7f062c67efa,2026-02-14 12:00:00
a0253e41e67fd7fe,2026-02-08 09:00:00
436cbf88d056ec35,2026-02-02 09:00:00
2b69f094d3cb4e53,2026-02-08 03:00:00
ef755efb952568af,2026-01-31 11:00:00
8b2fb167b679598d,2026-01-08 19:00:00
92faaa5c7ed96ac3,2026-02-11 18:00:00
54cf5cfbab5f8ec8,2026-01-06 13:00:00
2ef1f5170abaae6b,2026-01-25 14:00:00
f0d1796bf721c49f,2026-01-18 07:00:00
dfbea3d9b6b3666e,2026-01-23 02:00:00
5a9ef31e0d4698d1,2026-01-09 22:00:00
206dfd778536c0cb,2026-01-16 08:00:00
91cfce9032eb77e1,2026-01-20 14:00:00
bf5e39176df0f5ef,2026-01-07 02:00:00
2e6abdd15e7861eb,2026-01-27 13:00:00
8fb1d1bcfca92bc2,2026-01-30 03:00:00
9d143a77a3d9cd5f,2026-02-11 08:00:00
85ab58f8cd019cd8,2026-01-13 23:00:00
9dc87c662e4cc543,2026-01-30 14:00:00
06ba7e1f9949a545,2026-02-02 13:00:00
292fb4095abce845,2026-01-02 15:00:00
4f997d6637596994,2026-01-27 00:00:00
ad7f3da52a89c601,2026-02-13 04:00:00
49d539225e584b3f,2026-01-16 20:00:00
d7e3b098e8603e47,2026-01-24 03:00:00
53c85621957802d4,2026-01-09 04:00:00
fdbfe6630030f0d9,2026-01-27 13:00:00
6c0be60500b33edf,2026-01-12 06:00:00
30067fb8542d055d,2026-02-02 01:00:00
14de7fbd9186bc73,2026-02-06 06:00:00
200616e69dfad077,2026-02-04 00:00:00
efc24ea513eaab8d,2026-01-18 12:00:00
172381decefb5de1,2026-01-21 04:00:00
76676294717c944c,2026-01-21 18:00:00
a607fcc1aff310f8,2026-02-03 02:00:00
21bb448c6438d5b7,2026-01-31 04:00:00
45ed25aef66ac15d,2026-01-24 17:00:00
f9cc91088917d86e,2026-02-08 16:00:00
6d2787e3a387307a,2026-02-11 07:00:00
42ce97e4abac01d2,2026-02-13 16:00:00
c79f74d43df53588,2026-01-07 13:00:00
d4b43f47a189a20b,2026-01-02 08:00:00
7e24c501e3a30aee,2026-01-25 17:00:00
a25707379d2e330c,2026-01-02 16:00:00
f508533006d2de25,2026-01-21 02:00:00
c8694e7371e2b47b,2026-02-07 09:00:00
eec7ccfd24428d24,2026-01-31 15:00:00
0a62bb226a921ee7,2026-01-21 17:00:00
1d19c865cb344697,2026-01-15 02:00:00
b95366016d815f2f,2026-01-22 21:00:00
164ffdb575aaf6a6,2026-02-14 22:00:00
9e92946af17e44eb,2026-02-05 06:00:00
ce63d4946a0a463a,2026-01-21 19:00:00
d523a948000c7c75,2026-01-14 22:00:00
fc7d3f64c6efc1c3,2026-02-01 12:00:00
e43c7c8d46e4e30e,2026-02-09 06:00:00
a8be073dee29f721,2026-02-12 22:00:00
e1800693cfa51744,2026-01-27 16:00:00
01f85415256b2763,2026-02-04 08:00:00
ae9191cb6acd12c1,2026-01-18 03:00:00
8d737aa0e1ec9e1f,2026-01-11 05:00:00
ee860b40ec916b2a,2026-02-07 02:00:00
d9790d04d00cba70,2026-01-13 03:00:00
4776e98e6b9d6a13,2026-01-14 00:00:00
0846d9b9f96a5af8,2026-01-07 05:00:00
2318991f0d262460,2026-01-13 03:00:00
6813feae7fd500ed,2026-01-28 07:00:00
375ac0fb19f1e0e7,2026-02-05 00:00:00
923bca46e344dded,2026-01-30 23:00:00
c6ea8635ac497edb,2026-02-03 13:00:00
36426c6bfff2e6b8,2026-01-07 19:00:00
62cdbaf68aaff3f8,2026-01-26 06:00:00
ce1145092f5dc9cd,2026-01-18 04:00:00
5914b08e9f544772,2026-01-26 06:00:00
db3ee8e0ca4d5365,2026-01-19 21:00:00
47e9818c36fab814,2026-01-06 05:00:00
a3b308765e488c19,2026-02-05 09:00:00
6901d9fa2f71e64d,2026-01-10 06:00:00
54b6621da0439915,2026-01-24 05:00:00
c5d896558d7e8401,2026-01-03 03:00:00
2bfb194a7af0845c,2026-01-02 19:00:00
8583e6f9a97d1070,2026-02-03 18:00:00
f70dc2ead0ccca61,2026-01-30 00:00:00
5754c026d9fbe4f3,2026-02-04 15:00:00
940f146f66f7052f,2026-01-03 20:00:00
218236a4a9147f7c,2026-01-15 19:00:00
6cc686c1bb102b74,2026-02-01 13:00:00
0a8cc66fee003aae,2026-01-18 23:00:00
a89d36ebc79cfaeb,2026-01-16 16:00:00
6c693be791562f47,2026-01-16 03:00:00
d92ad2dea229e22d,2026-01-06 01:00:00
d9530dd3f9274f16,2026-02-09 21:00:00
7ceefcf430dce682,2026-02-11 16:00:00
1753fd119f4a287a,2026-01-25 20:00:00
3074fb6536577507,2026-01-29 04:00:00
96142e41337c8e88,2026-01-18 18:00:00
9dd53bc180026b7d,2026-01-19 15:00:00
bcdb47b37ad42190,2026-01-04 16:00:00
f3ce5bb125bafccb,2026-01-28 12:00:00
5627345506baf299,2026-02-14 08:00:00
4f672fe4794b9fcb,2026-01-24 01:00:00
506f8e0f4ffce468,2026-02-09 11:00:00
4442f662e8cf52d2,2026-01-13 22:00:00
21ff026d02b7e427,2026-02-03 23:00:00
a5f7909454839135,2026-02-08 14:00:00
86c720ad7838764e,2026-01-22 07:00:00
b39cc8a85fc5926a,2026-02-10 11:00:00
b401d04c1b8e6dfb,2026-01-22 18:00:00
1d78229fc6c3d01c,2026-01-09 22:00:00
447828cc33a181b7,2026-01-15 08:00:00
884cb896d145e848,2026-01-30 10:00:00
7d149623dba3094f,2026-02-13 22:00:00
43e2c09e5aedb8d3,2026-01-06 22:00:00
1103612ceebbad28,2026-02-09 00:00:00
4427b504bc22f338,2026-01-07 23:00:00
378f92694cf74a4e,2026-02-03 16:00:00
2f95ade19dadb409,2026-01-06 10:00:00
ff3c75ed57298864,2026-02-10 01:00:00
ba9072e09ba34679,2026-02-14 23:00:00
05ccbaace55dfe80,2026-02-10 21:00:00
effa7a3e3e6dac79,2026-01-06 05:00:00
f8bc9553287c944e,2026-02-03 14:00:00
a06a1faab65ac63e,2026-01-05 14:00:00
1e5a209be3ac7177,2026-01-11 23:00:00
5cc27d354cd7ae62,2026-01-28 23:00:00
3e1093449fdef04e,2026-01-30 07:00:00
01750d25712760a2,2026-02-02 01:00:00
3bc7dcfc60ce1fcb,2026-01-10 20:00:00
c72c59bd7c9ed169,2026-01-28 04:00:00
453860084c4ccdef,2026-01-18 23:00:00
fb109c47542fcd8c,2026-01-06 06:00:00
b3fac6c2a53d3330,2026-02-03 13:00:00
40f4c3bb06db4bf8,2026-02-01 05:00:00
b45c170c4c947b57,2026-01-17 23:00:00
5c5d1dcb493d81e1,2026-02-11 16:00:00
91af7d6fcb7a9d86,2026-01-02 17:00:00
ce22c53504e1f689,2026-01-01 08:00:00
d3acaf3e3d6efbd7,2026-01-24 18:00:00
2bc305804615bf0d,2026-01-15 23:00:00
d65497a6bfbc6b54,2026-01-14 09:00:00
71a960c99073d4e3,2026-01-28 17:00:00
3aa4199dd638dce8,2026-01-22 11:00:00
ad0d0bd9ad51c6d2,2026-01-01 02:00:00
26f8a46ca401ee1c,2026-02-13 23:00:00
20c9efaa092d36bf,2026-01-02 18:00:00
eef494d5b8051781,2026-01-09 22:00:00
ec65f5a9d6b9ebb2,2026-02-08 12:00:00
d4b2a8708daa24a4,2026-01-23 15:00:00
5b82ae250157f7ee,2026-02-05 17:00:00
66b3d7c5261cf1e0,2026-01-15 11:00:00
401c3898fb3bbc86,2026-02-07 11:00:00
04f0b9341aa98474,2026-01-24 17:00:00
f66d37fabfb98f80,2026-01-27 15:00:00
a79246b4c697b50c,2026-01-07 23:00:00
605424e031600d5a,2026-01-22 07:00:00
20b33762df7d1041,2026-02-01 03:00:00
0fb53e8641cee73f,2026-01-07 03:00:00
05b9232c917c8ea5,2026-02-01 13:00:00
a9421a5e738c6041,2026-01-11 06:00:00
8781f06168d42474,2026-01-27 19:00:00
26eaddf1f41477af,2026-01-30 13:00:00
021b83e90788f6ea,2026-01-25 03:00:00
4648163240ef2cff,2026-02-11 16:00:00
4c60cbde94bd956a,2026-01-19 23:00:00
dbd739ff6cf8f8d2,2026-02-12 14:00:00
d394c0144cd61eb5,2026-01-08 04:00:00
b969ca1956832f4a,2026-01-25 11:00:00
a9a46fd7eab54d32,2026-01-27 11:00:00
9ed55069efd7ca18,2026-01-13 10:00:00
8149c22bf1cf7ad2,2026-02-10 02:00:00
0656699961281e5a,2026-01-14 03:00:00
af55a073f45575ef,2026-01-10 08:00:00
eb6201d5fbe3bf6a,2026-01-17 08:00:00
ae1089546b296146,2026-01-15 08:00:00
04634929ccb46daf,2026-01-25 01:00:00
864755898d982bea,2026-02-07 10:00:00
9fba5edbc89cc954,2026-01-13 19:00:00
f1ea26b6f0075e4d,2026-01-13 19:00:00
a802f5fdc78d0ed0,2026-01-06 23:00:00
c03b223feec06ef0,2026-01-11 17:00:00
9b0cad9fc22eb3c5,2026-02-13 13:00:00
c18dc78b21cdc14b,2026-01-31 00:00:00
07f9c107a32d2cb7,2026-02-05 22:00:00
981bd09ee1989b6a,2026-01-31 11:00:00
632c5d8aa4a7997a,2026-01-18 06:00:00
66bbfd80b6c819ab,2026-02-11 09:00:00
c8b1718274d7624f,2026-01-03 11:00:00
1d7359efa7f075c6,2026-01-08 10:00:00
55c8a73d0472c99e,2026-01-20 00:00:00
db85fbfd193dd897,2026-01-24 14:00:00
70458f2dc11e535e,2026-01-17 10:00:00
21b972edb3661b8b,2026-01-31 20:00:00
f5873c6403d8fa3b,2026-01-03 10:00:00
de7c2cb6f4bba19a,2026-01-29 04:00:00
88192abb6f894a90,2026-02-11 19:00:00
32e4ba523c5b9519,2026-01-01 00:00:00
7e766a17a7ac08bb,2026-01-15 11:00:00
166bc0bd9a2a8bfd,2026-01-28 04:00:00
153ba0be125ebea0,2026-01-13 11:00:00
1339c6cbb5db85c9,2026-01-10 19:00:00
102167a75fb559ab,2026-01-09 08:00:00
c6cf4093effb8850,2026-02-03 05:00:00
bfb58e5c1502be8b,2026-01-05 10:00:00
13067014459da3f4,2026-01-19 19:00:00
138b97bf6d0208eb,2026-01-26 02:00:00
40cbdd37d36e33d0,2026-01-31 08:00:00
676e0822d8d1830c,2026-01-31 20:00:00
df4e8a8106a1bd34,2026-01-07 18:00:00
1ee06b3e92d452a0,2026-02-05 10:00:00
02ee383463c230e4,2026-01-03 14:00:00
5decd4cc65d05f41,2026-01-26 07:00:00
4e8228cc35a926a4,2026-02-02 14:00:00
6212596ce800dd22,2026-02-03 00:00:00
e334780122fcc091,2026-01-10 22:00:00
f482256b75777f59,2026-01-13 21:00:00
29c87c9c5f06cb87,2026-01-03 22:00:00
6ca349cd63a75cd3,2026-02-10 05:00:00
ea5c0626da2bcf01,2026-02-03 17:00:00
c8fa135e832ae53f,2026-01-21 04:00:00
835dda53ea3dc91a,2026-01-18 21:00:00
9b1a7719f7fe2cd6,2026-02-03 06:00:00
c9f7e00711051d86,2026-01-06 23:00:00
b6eda516081b8789,2026-02-05 08:00:00
0c1d7ae462f3b327,2026-02-01 12:00:00
79f52c55e648b595,2026-01-02 15:00:00
f0782644b1c92465,2026-01-23 04:00:00
d412caba309d9871,2026-01-28 19:00:00
eed0a48b7f4c194b,2026-01-09 18:00:00
4251370ee066b1ee,2026-01-10 19:00:00
a0fdfa8ceae7372f,2026-01-02 02:00:00
adc3b1e90b709291,2026-01-20 17:00:00
af04595c4cd93ffe,2026-02-09 05:00:00
e11c0762bd398a79,2026-01-02 00:00:00
c7394bca3fe2c348,2026-02-13 02:00:00
269c0cbdc613d8a1,2026-01-18 20:00:00
20e8e3de57bcb866,2026-02-06 20:00:00
b4f2d5a99770edd6,2026-02-02 01:00:00
3ea4b236bd418a7b,2026-02-11 05:00:00
a7d1f0a03db3a630,2026-02-07 12:00:00
64c2fad1c4d564d9,2026-01-12 20:00:00
5f39e34668b84c84,2026-01-29 08:00:00
78f729d987dc9156,2026-01-19 00:00:00
1971ec7acbf136a4,2026-01-20 08:00:00
f079477e6e24d30a,2026-01-15 06:00:00
acd797abd1a5b60b,2026-01-21 22:00:00
5e91630eca8dff58,2026-02-11 04:00:00
dcf7c5452f4e6295,2026-02-05 17:00:00
094aaa844566969a,2026-01-26 18:00:00
a8c319f058542f0d,2026-01-25 01:00:00
1f3b636a588cbdfa,2026-01-18 07:00:00
43af52026338d56d,2026-01-29 06:00:00
618207ec90f7df0b,2026-02-10 16:00:00
4f9452477cf35d77,2026-02-02 20:00:00
0ba44c761e87d572,2026-01-01 09:00:00
80e80ef6fa221c06,2026-02-13 06:00:00
43f12c123f47f18c,2026-02-04 14:00:00
481c50bf2c4c809d,2026-01-10 13:00:00
bc9917822c5d8af3,2026-02-08 19:00:00
5c1c029da0f637b8,2026-02-11 09:00:00
7735de5b2a969fbe,2026-01-13 19:00:00
7d3c4bb10fe781f1,2026-02-05 16:00:00
c46d34f74a3e1b21,2026-01-11 18:00:00
6b49baf0772c8a35,2026-02-10 11:00:00
d13e4ab1ab958ad6,2026-01-05 23:00:00
50847cbe74e06342,2026-01-15 06:00:00
ecfb6a4693055031,2026-01-01 16:00:00
65c2ef79a88a613b,2026-01-30 07:00:00
48bc915121780856,2026-01-06 06:00:00
f226ac832ce73f8f,2026-01-17 15:00:00
d8fef28d84d432d3,2026-02-14 07:00:00
1cf3cdbce6ac2546,2026-02-01 14:00:00
0982dbdcda29abcc,2026-01-03 01:00:00
55e36a708efae143,2026-01-05 01:00:00
5333ae4d7e02cc1e,2026-01-24 09:00:00
ed3950ce96da026a,2026-02-02 15:00:00
cb6e91825ee4cf39,2026-01-05 17:00:00
8b50d05593594b2c,2026-02-03 09:00:00
06ddf82bf0648514,2026-01-19 14:00:00
49ec48d59abcd614,2026-01-02 15:00:00
903d8ffda3c75586,2026-02-07 10:00:00
a525ad2953549285,2026-01-03 09:00:00
7143ac838b51a9a7,2026-01-01 11:00:00
189b1ddb2b59767e,2026-01-01 00:00:00
6928d9db03777133,2026-01-14 04:00:00
261705048f88b30f,2026-01-01 14:00:00
4539ccf2001410f5,2026-02-01 20:00:00
dab126cc8b95d673,2026-01-25 01:00:00
c41a046dea7a8789,2026-01-09 13:00:00
65fdc72c8a194f09,2026-02-10 13:00:00
b4ec8dbb400766e0,2026-02-10 16:00:00
5225e67d618f1e9f,2026-01-02 23:00:00
92617bff6dc903cf,2026-01-10 00:00:00
a615332359db0fc2,2026-01-23 11:00:00
6b9cf25983e66c08,2026-01-10 07:00:00
289bd9f363e81dce,2026-01-13 11:00:00
1fb665ed76172fbd,2026-02-05 23:00:00
45297d3c02695f9a,2026-02-12 23:00:00
dc815a7ac7e1736c,2026-01-03 05:00:00
702016197e70fa4c,2026-01-12 17:00:00
60a4db73d1fff353,2026-01-27 07:00:00
1439f3e6be5faf41,2026-01-04 01:00:00
815a2351b3d18a05,2026-02-10 19:00:00
34da584118d5a688,2026-02-10 01:00:00
8e970422ac9b643f,2026-01-27 22:00:00
210754c37c888586,2026-01-21 12:00:00
711f204b1ad05208,2026-01-06 16:00:00
c1de0d05e71c6079,2026-02-10 18:00:00
1139a32501c824ff,2026-01-10 03:00:00
9ad102b0b8f68885,2026-02-09 21:00:00
a374bbc050bcb57e,2026-01-22 23:00:00
657cff69e7e8fda9,2026-01-11 06:00:00
55bae4d23f5a355b,2026-01-28 06:00:00
a74ba62784b06772,2026-01-08 12:00:00
0817088871354428,2026-01-15 16:00:00
466e5c7e2ba7fd33,2026-02-07 00:00:00
81190e2747e2d1ec,2026-02-13 19:00:00
12bfe0291d4cf664,2026-02-09 21:00:00
db691c375957ce5a,2026-01-13 01:00:00
037b2becdebec058,2026-01-01 14:00:00
0687a4eb646ba2b2,2026-01-05 19:00:00
7b61a9f90eed48c8,2026-02-12 22:00:00
2904bd4f2b395730,2026-01-24 05:00:00
49e92035d11f098d,2026-01-19 05:00:00
bf1de28023e69809,2026-01-12 09:00:00
a296933f6b237990,2026-01-04 06:00:00
73fce911f4d38eed,2026-01-15 14:00:00
c61a05d0933de612,2026-01-01 07:00:00
3500bde9d8bad98a,2026-01-24 18:00:00
d683f8253bcef35b,2026-02-08 23:00:00
0697ed9c22d7a8cb,2026-01-29 07:00:00
f3cef0987c03414e,2026-02-14 14:00:00
1fc1dbe0f60416a4,2026-01-19 05:00:00
8023b3d87542651b,2026-01-11 20:00:00
e718509d98f94eba,2026-01-23 02:00:00
7306b03c01999742,2026-01-29 13:00:00
d3106b281c471ae1,2026-01-20 02:00:00
6d5d38d32ce4cc1a,2026-01-19 16:00:00
76940c2162812de5,2026-02-09 17:00:00
2bc6dcac1aa16bf6,2026-01-23 22:00:00
506b246424aad92b,2026-02-14 20:00:00
f166b9e41647535b,2026-01-29 19:00:00
faec41a6f61f381a,2026-01-16 21:00:00
5951e58754c2c878,2026-01-25 14:00:00
7e43bc187875f65b,2026-02-14 21:00:00
04fe219d55095ba1,2026-01-29 09:00:00
8c458f60c81ec2d4,2026-01-05 22:00:00
07090a5856956351,2026-01-27 01:00:00
79cc136e3bba27cb,2026-02-10 22:00:00
48840ff0e3ece5ab,2026-01-23 05:00:00
145334129ce9712a,2026-02-06 02:00:00
16c025c5f6f1d30b,2026-02-07 06:00:00
1f1a2156df339d95,2026-01-13 13:00:00
b3acbe3fac02c4e4,2026-01-27 05:00:00
4cdfda262a23fa5c,2026-02-13 01:00:00
3355f6a665b1cf51,2026-01-31 13:00:00
1ca9afe5cb357f57,2026-02-04 00:00:00
7d23c5a1cb3e1699,2026-01-16 17:00:00
bf6cbf8d3c04f0ab,2026-02-09 23:00:00
957b68f89aa09d62,2026-01-12 08:00:00
e17b10bf8a4e83e9,2026-02-08 23:00:00
19652cec1fe5c584,2026-01-10 11:00:00
3c1331fb6ddd554a,2026-01-11 21:00:00
0ed5d7083ec66330,2026-02-10 23:00:00
2f4942bb3ac21478,2026-01-23 12:00:00
7b78bdad8e1fcb78,2026-02-05 04:00:00
4586c0f65321260c,2026-02-14 17:00:00
d9b64c820d93b4ee,2026-02-06 06:00:00
0a0b27288a35948a,2026-02-06 06:00:00
825ef499954ce357,2026-01-10 16:00:00
8f48640b49fea3bf,2026-02-08 03:00:00
fcd98613ed304b8e,2026-02-06 06:00:00
3af1382b7499f6dd,2026-02-08 05:00:00
9569c44667d7e571,2026-01-27 05:00:00
82493e7faadc5c3f,2026-02-08 00:00:00
b6acd52fa3623574,2026-02-11 04:00:00
920a788039380e4f,2026-02-07 13:00:00
36d015ec196abd03,2026-01-15 11:00:00
6faf81b50535b701,2026-02-07 20:00:00
17f9b3b71a760741,2026-01-21 20:00:00
440f3f941ff4cd75,2026-01-16 15:00:00
c79c1a74cee6154c,2026-01-22 13:00:00
011ba23e402403e0,2026-01-08 21:00:00
4ad7f0cd3cb2015e,2026-02-07 01:00:00
0f997a77b0cda9d7,2026-01-16 23:00:00
e8938576b9162976,2026-01-30 02:00:00
68c175841d53e82b,2026-01-20 10:00:00
a544baef667517e1,2026-01-30 23:00:00
962b3b5ce35c2ce9,2026-02-13 16:00:00
06f7aac5440fd871,2026-01-14 18:00:00
5af46a9e76b30034,2026-01-10 02:00:00
1350674b8764987f,2026-01-14 18:00:00
dc73ec90f797f847,2026-01-04 07:00:00
db416e579669f73b,2026-01-28 21:00:00
10d869f681b33e28,2026-02-01 22:00:00
0e82518535698c8f,2026-01-04 22:00:00
419aa9694af13919,2026-01-09 15:00:00
19d0d97f2aa041b2,2026-01-16 10:00:00
ce6710d95b962873,2026-01-21 18:00:00
0b1d1fd394806c21,2026-01-06 11:00:00
a6a9355ae7f0579f,2026-01-27 03:00:00
16335ff550d6ce79,2026-01-11 19:00:00
76aa4c794cd1bc67,2026-01-05 08:00:00
4df878eb147ffe93,2026-02-14 14:00:00
bad286347376c3ba,2026-01-03 20:00:00
9328e99f8841c374,2026-01-14 01:00:00
666d7ab84db838f1,2026-02-07 00:00:00
fc6b300258200536,2026-02-02 00:00:00
008eeb0faf4dea89,2026-01-21 05:00:00
fe341e797f74ea55,2026-02-09 06:00:00
4cd6952c98d0d315,2026-01-13 21:00:00
3db12370387634b6,2026-01-27 12:00:00
d5e703ff8a9f1359,2026-01-01 01:00:00
6f4ec84a92155591,2026-01-21 22:00:00
5eb5dae16c83aa77,2026-01-04 12:00:00
8825ff7d49282505,2026-02-07 03:00:00
177967c4d07d2526,2026-01-06 16:00:00
7c706e57ba78a7cc,2026-01-17 01:00:00
2efad486d8130eff,2026-02-10 09:00:00
81152004b69fecc8,2026-01-06 01:00:00
21e36ddae0f86b98,2026-02-11 13:00:00
be7f53e2bac6cd7c,2026-01-24 13:00:00
826e84b2b9a5d607,2026-01-04 19:00:00
4d1c3e36752d02c6,2026-02-03 07:00:00
a169dee668e39853,2026-01-12 16:00:00
e8ac5ef5a8e5437f,2026-01-01 17:00:00
dbc67a38ca9d371a,2026-01-24 10:00:00
32fb57d5b138943b,2026-01-04 01:00:00
0d760396406f75ef,2026-01-03 08:00:00
2ab2cb8dcc41c6cd,2026-01-13 19:00:00
f330a76643cb6ffd,2026-01-16 04:00:00
9df374d21c736681,2026-02-04 01:00:00
e923b3206363ac47,2026-01-15 10:00:00
298e6749475ce61f,2026-01-25 14:00:00
fec8d16093bc3f2f,2026-02-01 03:00:00
34988af18ed6c24f,2026-01-14 19:00:00
5d6985eb7e8383a4,2026-02-10 09:00:00
7e4248839b44aab5,2026-01-30 02:00:00
cb3179ffc01cf74b,2026-01-05 09:00:00
5cd784fb7d20bcf6,2026-01-13 01:00:00
915a1bbc7bdb47ff,2026-01-22 00:00:00
143cc09177b2bbdd,2026-01-13 22:00:00
8ded60c7c624cafa,2026-01-30 19:00:00
3ca2f90561fd23cc,2026-02-04 01:00:00
90e772f3662a3ef8,2026-01-30 06:00:00
84aae70d5634e519,2026-01-15 09:00:00
d7408d4f48b4b6db,2026-02-04 15:00:00
9577241cfdea87f9,2026-01-17 03:00:00
4203a5879084c993,2026-01-01 22:00:00
acc46a1b113893bb,2026-01-05 08:00:00
15e6bcb1cf9ff0be,2026-01-16 22:00:00
58671be729b2ea46,2026-01-20 12:00:00
2c9d9eabd1ba9427,2026-01-08 16:00:00
e76d294434a7f995,2026-02-09 23:00:00
21b30b28b9c3fcb4,2026-01-11 21:00:00
4d28fa2408d870f1,2026-01-14 02:00:00
36ee29bf6a534605,2026-01-07 03:00:00
cdf15d07fb515ca0,2026-01-10 13:00:00
216f49f3dfe23e88,2026-02-01 08:00:00
dad0c14dc504f7ed,2026-01-04 04:00:00
ec31546ed56826a6,2026-01-05 02:00:00
341fe07016d958d4,2026-01-22 09:00:00
b906050a007a33b9,2026-01-25 10:00:00
d3d8e1f42522f7d8,2026-01-03 07:00:00
41c9aa7b6f6ec2d6,2026-01-02 21:00:00
52fdc6097805be39,2026-01-19 10:00:00
4e341bdf221bc1ac,2026-02-01 06:00:00
e57e1b1562653f8e,2026-01-05 05:00:00
6910fe03d40f4ab2,2026-01-15 13:00:00
8b5b6b5d7d323700,2026-01-15 10:00:00
88cd4904ebcdd172,2026-01-16 11:00:00
b06d097b00a07968,2026-01-18 15:00:00
d71ec85231188ecd,2026-01-24 18:00:00
3aee2f7f1b8c4414,2026-02-10 07:00:00
57099436c8f42f37,2026-02-02 13:00:00
a0197a2764f7204e,2026-02-09 10:00:00
1cba4e0166a1db3e,2026-02-05 00:00:00
d1c7b1a62bec06d3,2026-01-06 20:00:00
22e5b0ead2328441,2026-01-15 11:00:00
f7824b6d3b4b2e79,2026-02-08 11:00:00
60bd64908b78bec7,2026-01-22 00:00:00
1e9dec0356b02ba5,2026-01-16 09:00:00
36bd1799e516cf82,2026-02-10 03:00:00
4bf32752ea2b267e,2026-01-11 18:00:00
69c9dda231df16bc,2026-02-01 04:00:00
f6883a99015114bf,2026-01-11 08:00:00
491cbd56f904830a,2026-01-08 07:00:00
44bdf08c51c36ba2,2026-01-01 15:00:00
2c877235ca50fb55,2026-01-12 03:00:00
fda271227fb8959d,2026-01-26 21:00:00
f87dac26abede6fb,2026-02-09 02:00:00
38f4df8ae2984856,2026-01-16 21:00:00
bd2bab4afed36845,2026-01-21 15:00:00
b6f2a2169868a4a8,2026-01-25 21:00:00
ed5c292e7a9cee02,2026-01-28 12:00:00
7d25f618f304a417,2026-01-01 20:00:00
93cae36ec1e8a946,2026-01-13 05:00:00
ed98165cefed66e8,2026-01-13 13:00:00
f1fc6f8bc3594374,2026-01-19 02:00:00
32015287c3b5a2e5,2026-01-16 17:00:00
f032050f3a9230ce,2026-02-10 01:00:00
503936f26763377d,2026-01-24 05:00:00
d66f99cb73902bca,2026-01-30 07:00:00
a5e50a6fd72452dd,2026-01-26 17:00:00
49306cb8a3275991,2026-01-15 08:00:00
44ce270b6c107eb6,2026-01-08 20:00:00
1584186ca08bfee4,2026-01-31 02:00:00
b0c61718480c91f6,2026-01-12 02:00:00
ff8e69cf15e0080b,2026-02-01 14:00:00
dd39ed373113e6fd,2026-02-04 00:00:00
e7efb7ac664aea64,2026-01-02 18:00:00
127edb80d10c0d23,2026-02-10 00:00:00
c8f22a90cb7c26d5,2026-02-02 00:00:00
1de3b83c461b9871,2026-01-02 23:00:00
021ad3db90724aa0,2026-01-19 08:00:00
a6ca1eb110baa2c1,2026-01-09 14:00:00
fb091aeaa9ab79b2,2026-02-05 10:00:00
9f265d620311446b,2026-01-21 06:00:00
7a4719020f696e07,2026-01-17 15:00:00
45ddcbe69ace18fd,2026-01-25 19:00:00
bc029385189130e0,2026-02-02 16:00:00
53206fc658715dd0,2026-01-14 12:00:00
3f422a0a895383ae,2026-01-06 22:00:00
6e34fa1adccda5a9,2026-01-21 00:00:00
9d256ccaa8c901ed,2026-01-04 10:00:00
000691f99899689c,2026-01-19 06:00:00
11b82f270ec27a88,2026-02-11 06:00:00
73981ee028abdc0f,2026-01-27 06:00:00
698fe6aa0c8eb943,2026-01-04 12:00:00
154c8e75669b21d9,2026-02-13 13:00:00
c95958696fd5e681,2026-02-05 05:00:00
29e3433c87d2a17e,2026-01-11 12:00:00
38edba7ee28e6d69,2026-01-08 23:00:00
d23c2f702648f07e,2026-01-31 23:00:00
60c53ed07b2f045b,2026-01-06 20:00:00
df2146fab768cb40,2026-02-03 08:00:00
783f364f6fae8496,2026-01-06 14:00:00
4ac760059f57df5a,2026-02-01 17:00:00
7000c25808e78397,2026-01-21 04:00:00
d1cea95d01d9bcb1,2026-01-18 09:00:00
1ae85b44ca535c3c,2026-02-03 08:00:00
ca36eb3c2650b781,2026-01-17 22:00:00
72803c38b2168520,2026-01-11 16:00:00
802936e797ec1425,2026-01-21 11:00:00
3d8b86ffc2d8fdb0,2026-01-28 21:00:00
244deadf2eab8b1f,2026-01-23 05:00:00
4498cd3eb4cfe371,2026-01-08 20:00:00
352203e924560aab,2026-01-15 17:00:00
f13066ebfb3c73c2,2026-02-07 02:00:00
644d1a56e02f7b54,2026-01-29 02:00:00
b9f2bc22dc91f688,2026-02-13 18:00:00
8a92649db0d17a1e,2026-02-09 06:00:00
4069a3a1f9222da4,2026-02-01 02:00:00
0e2c8babbcdf0404,2026-01-16 23:00:00
33ebe5c5ba76fbc4,2026-01-12 18:00:00
e76fe4d7f941cae2,2026-02-11 01:00:00
14d1a31dbd3eb49e,2026-02-10 19:00:00
cf48767b8daa1919,2026-01-09 08:00:00
c843c857e61a18fb,2026-01-24 07:00:00
653057ba766ae6d7,2026-01-06 22:00:00
1fc664c622dbab8c,2026-02-04 10:00:00
f0f72d1489a543d6,2026-02-06 09:00:00
56128f47e3bfccba,2026-02-08 00:00:00
0f6c8e857e224434,2026-01-13 13:00:00
d1e31634c49a57a7,2026-01-27 09:00:00
7d7f7272f2477a28,2026-01-06 05:00:00
eff9417b9e541792,2026-01-12 18:00:00
637c893a9fd7a61a,2026-01-01 15:00:00
d56952de62e5d93a,2026-01-13 02:00:00
c96a2c7c65213470,2026-01-14 00:00:00
867faa83372ee5f2,2026-02-09 09:00:00
0814aa58277ade8d,2026-01-07 17:00:00
25891590dcfc3e05,2026-01-24 04:00:00
0423e7b51bedc6a9,2026-01-25 21:00:00
088125baa399b98d,2026-02-07 00:00:00
797ac36da77b88f5,2026-01-19 10:00:00
9f1f219dab395e5a,2026-02-14 07:00:00
5a1e3daf90c8c4f2,2026-01-01 21:00:00
aa81be04d81ecd6e,2026-01-28 09:00:00
9d7dc53051ea8144,2026-01-20 05:00:00
0cfe64ed42f53922,2026-01-26 13:00:00
7c228d38443224e0,2026-02-08 10:00:00
5253807f802862a7,2026-01-11 18:00:00
f04349945c8f5ee2,2026-01-29 04:00:00
a5b85aabaa706566,2026-02-14 00:00:00
5fd283fcf19d5298,2026-01-21 06:00:00
dad1efc90923e2cd,2026-01-29 16:00:00
650b2827f0ca70ca,2026-02-10 10:00:00
c1d2fa165b3f0086,2026-01-18 14:00:00
1d7e4f1be805257e,2026-02-09 03:00:00
276eac32cb70a10a,2026-01-18 17:00:00
56e33818ee8f3047,2026-01-20 06:00:00
a249d5d6972aa006,2026-01-04 13:00:00
a62173836a7f2298,2026-02-03 18:00:00
f509e0fd1a159e72,2026-02-05 15:00:00
a0ef08dc2be2171f,2026-01-12 12:00:00
337849c6f151a48f,2026-02-12 12:00:00
1fcefa1eb22ecf4a,2026-01-13 21:00:00
e55f39a921810370,2026-01-03 12:00:00
1e51f8ed24717add,2026-01-17 03:00:00
cbcf18f669361681,2026-01-11 00:00:00
24b7a1c05b559b2d,2026-01-24 16:00:00
cf995632f6ac1d3b,2026-01-12 09:00:00
280e127a05ccc094,2026-02-14 20:00:00
a641babf243fa3e8,2026-01-24 19:00:00
2d1a29008f8b5651,2026-02-09 11:00:00
2173ef587d0d684a,2026-01-29 22:00:00
30ee8dce81f99866,2026-01-15 21:00:00
a33100e724ca3d19,2026-01-18 22:00:00
94b7f6b621a1621f,2026-01-24 08:00:00
1a72cfd743177d07,2026-01-12 04:00:00
2004b09aec51148a,2026-01-28 01:00:00
ddccc49eee2715d4,2026-02-03 10:00:00
5850a8ab5cc62df4,2026-01-03 16:00:00
b2e4f22b5c99460f,2026-01-21 18:00:00
ec3c1170ac80dfbe,2026-01-30 14:00:00
2089c35d5743407e,2026-01-30 06:00:00
01f1f737b0c22145,2026-01-10 09:00:00
5561f4905bc25f2d,2026-01-24 14:00:00
ed010ec1aec18ae0,2026-02-12 23:00:00
a7013717ac683021,2026-01-15 13:00:00
ffb9de0895c36a77,2026-02-06 10:00:00
80058699ed8e498d,2026-01-20 17:00:00
b223a1fb86a70812,2026-02-11 06:00:00
b251d697f025bf42,2026-02-01 02:00:00
f06527bd9c0a8db4,2026-01-16 20:00:00
3d0172a50707be9a,2026-01-11 14:00:00
b49bf97a08d3ad46,2026-01-07 01:00:00
8e486b2e3b5bd275,2026-02-07 09:00:00
3e011a16b6c8f36a,2026-01-13 01:00:00
7847c4344a1d71cd,2026-01-10 04:00:00
0e54ef679ad14cb6,2026-01-10 02:00:00
65be0a8eb54612aa,2026-02-04 03:00:00
dff3fb053f158d0a,2026-02-09 10:00:00
8623bf4725e5bea7,2026-02-11 01:00:00
901c721b27581a45,2026-02-14 04:00:00
58dbe68064864085,2026-01-13 19:00:00
08606c7717901133,2026-02-10 22:00:00
dfa984a8da73e1b6,2026-02-11 15:00:00
ce002790895bbe32,2026-01-10 07:00:00
9310ce85bbfd9316,2026-01-27 20:00:00
72295db0cdfe8bb1,2026-02-09 13:00:00
9626a837d79a3749,2026-01-16 18:00:00
2fc78631355081a9,2026-02-06 14:00:00
b3ae01338b028380,2026-01-21 08:00:00
90511794241178c7,2026-02-02 23:00:00
71eebec09c838e2a,2026-01-20 04:00:00
f73a5ab027cc8ce1,2026-01-16 14:00:00
563e66838434b121,2026-01-21 16:00:00
09234e45ae34ef25,2026-02-14 17:00:00
db9899d1deaaf089,2026-02-13 10:00:00
fe268402c939ba0c,2026-02-08 08:00:00
98c5505affc0cd2e,2026-01-07 02:00:00
67b55a207de5d846,2026-01-27 11:00:00
ea4d3180a74123af,2026-01-19 11:00:00
303011f19fb13ae5,2026-01-27 11:00:00
8d4c040420c0dc66,2026-02-03 20:00:00
5c9f92ec638bd83d,2026-02-11 09:00:00
e718f90652d47d56,2026-01-07 07:00:00
6acd5b7ae50ceca9,2026-01-12 23:00:00
7daaa8ddc53727d5,2026-02-09 17:00:00
856b5d997420dcec,2026-02-09 08:00:00
a9b672069e493805,2026-02-08 14:00:00
dc2c2810a0c6e02f,2026-01-05 22:00:00
fcd19ccbabc48be5,2026-01-22 17:00:00
3fc7a5a8d5e4d6c3,2026-01-16 23:00:00
c02d9a99007c1de2,2026-02-12 11:00:00
bf546cd918ed7af1,2026-01-27 13:00:00
d881566667014943,2026-02-12 22:00:00
058da4473a5b3527,2026-01-27 08:00:00
8827d08a4aa90ee5,2026-02-14 10:00:00
228fb30ccccfe955,2026-01-09 03:00:00
447590cbc51ca499,2026-01-11 10:00:00
09b24ed8dfc20380,2026-02-02 19:00:00
7db4de94666b48d3,2026-01-21 14:00:00
d3ee23226202e5a0,2026-01-06 13:00:00
88c7b51b19702a31,2026-01-21 18:00:00
6a9eaa5774ddad90,2026-01-22 23:00:00
bbaea41ec6d1d17d,2026-01-31 06:00:00
f1e9b0a07eaa192b,2026-01-09 12:00:00
1a022106b36e1ce2,2026-02-06 07:00:00
7503873f4ed3c5ee,2026-01-03 18:00:00
2026728f824e02b1,2026-01-19 13:00:00
c9793d06b52252de,2026-02-04 05:00:00
aa98be4297851a55,2026-01-14 08:00:00
2ea7ff7ad2c7bdf2,2026-02-01 16:00:00
93353fd25f720eee,2026-01-01 13:00:00
68734a738316e783,2026-02-08 08:00:00
c662520b249f7442,2026-01-08 13:00:00
c4016a9946c12417,2026-01-05 04:00:00
b79aace1167e926b,2026-01-26 15:00:00
8994f2b7b9d14494,2026-02-13 00:00:00
cb88de2f2bc49a7b,2026-01-30 07:00:00
69fbbbed3cbfc4d1,2026-01-07 21:00:00
e278266bdfa1cf5c,2026-01-05 07:00:00
ceb8c888805077f1,2026-01-15 06:00:00
069654c48ed88693,2026-02-10 16:00:00
73d161ddffbf8776,2026-01-10 19:00:00
2d606c0458693a72,2026-01-28 12:00:00
49618c64d6a5f000,2026-01-14 10:00:00
ded54394dfd30f08,2026-01-14 22:00:00
83f99d1353d203b9,2026-01-24 20:00:00
bf2483bf33246696,2026-02-10 21:00:00
d689942cb47afe89,2026-01-08 16:00:00
3e2c798ea110ddb5,2026-01-10 19:00:00
98cc262ca84beaa5,2026-01-30 23:00:00
2e1ecdbbf2e0eb33,2026-01-16 13:00:00
2c7ac88c5230493d,2026-01-04 10:00:00
ab2058c0d1581c45,2026-02-04 22:00:00
cc3711bb8af5856c,2026-01-22 06:00:00
7dd451e0e5673b45,2026-02-03 22:00:00
85c9effa0d9abe4e,2026-01-26 07:00:00
bf68c55aa5c29368,2026-01-08 00:00:00
850299d9c28e093a,2026-01-16 14:00:00
4efc89ab1cb63bdb,2026-01-04 02:00:00
e22197f93c65adeb,2026-02-09 19:00:00
007ef906bc588e18,2026-01-02 21:00:00
6a8ccc6eb036f4d1,2026-02-02 07:00:00
16e7e36f3c38b174,2026-01-18 17:00:00
e35a4e9b0f780023,2026-01-15 08:00:00
5166480365d1fbac,2026-02-13 21:00:00
116e05f2403a9773,2026-02-03 03:00:00
44f632a041d2e531,2026-02-09 12:00:00
7c2ede29f4c309f0,2026-02-06 07:00:00
cd25ff1179a9171c,2026-02-05 02:00:00
262274f89331444e,2026-01-17 20:00:00
eef24c8fafa80a00,2026-01-19 17:00:00
c1706e01b16d8a00,2026-01-19 09:00:00
b8853eb8d975d7fa,2026-02-04 23:00:00
e066a98e50dd684d,2026-01-05 21:00:00
902b136d904f1c8a,2026-01-06 08:00:00
ed8793043a6fcbdf,2026-01-12 22:00:00
45a859746a6b29b5,2026-01-28 10:00:00
b597ec2936e05d09,2026-01-01 13:00:00
08adcd1a2a380e2a,2026-01-28 17:00:00
b8cc006261c1e762,2026-01-15 07:00:00
d8a6b8093aa2c810,2026-01-22 01:00:00
1cc94769b72050ca,2026-01-05 16:00:00
78db56fe57ad3754,2026-01-21 09:00:00
f0b2ba5d7b5455ad,2026-01-13 12:00:00
90106c43e92fd923,2026-01-09 18:00:00
abca51cc41397623,2026-01-13 08:00:00
c546f0a0419b807e,2026-01-02 19:00:00
60fd62daff3b28e8,2026-01-16 15:00:00
687e9f116bd493a6,2026-01-09 13:00:00
acbad970b08abc00,2026-01-15 11:00:00
5c4fe2fa0de4e582,2026-01-26 21:00:00
e587fae1ba15087b,2026-01-08 09:00:00
b7b4ade936eb46ee,2026-01-06 14:00:00
fc8035f52acea1c3,2026-01-28 10:00:00
288a29b3b75a3a93,2026-01-10 21:00:00
93d04ed119f3fe37,2026-01-17 14:00:00
846e7e681fcac65d,2026-02-07 11:00:00
1cb980397a1902f6,2026-02-11 14:00:00
88f3268da0600ade,2026-01-26 19:00:00
fbccf9e17b55b945,2026-01-28 09:00:00
bb703aa8ebd64a8d,2026-01-06 12:00:00
32a435e5c788e97c,2026-02-06 07:00:00
6b1e450393ee6bb1,2026-02-11 16:00:00
e1c141d5d8b02e74,2026-01-08 02:00:00
f28f71ce0fdac2cb,2026-01-03 05:00:00
bb029ff8adf6373c,2026-01-28 09:00:00
e6670ab23c38e817,2026-01-09 19:00:00
12a4f39c21637f41,2026-01-01 20:00:00
b5a190cc3af7cccf,2026-02-12 17:00:00
69bfd17af383cc87,2026-02-12 17:00:00
360e3440b3d52dd6,2026-02-14 03:00:00
0700a84050c9c8a5,2026-01-23 15:00:00
5c6864976014eada,2026-01-07 06:00:00
a2cb8fd9d12285b5,2026-01-19 21:00:00
bc0dad22f2905768,2026-01-09 17:00:00
75816e781ca30a34,2026-02-09 01:00:00
01ed3bddcf02c777,2026-01-07 02:00:00
8f8721e188010fd6,2026-02-11 04:00:00
b795cb4c8e96ef87,2026-01-30 10:00:00
dbe2e8cff5a93d10,2026-01-27 08:00:00
752442535903b558,2026-01-28 09:00:00
461615b28b1e7ecb,2026-02-01 13:00:00
3413277100389001,2026-01-16 22:00:00
fecda0a731d95fe7,2026-01-09 13:00:00
90dc3aa6edcc3866,2026-01-08 08:00:00
bdf23655bdbcc328,2026-01-10 22:00:00
ccf442d73d7de95e,2026-01-18 17:00:00
2d877225245eea43,2026-02-13 22:00:00
905053347b921a99,2026-01-18 11:00:00
c366b182342dad61,2026-01-25 17:00:00
31e24ba0ef70d770,2026-01-09 07:00:00
d27a28ea07ee3127,2026-01-16 00:00:00
22a108dbedd4f674,2026-01-29 03:00:00
7167763773e683ba,2026-02-01 11:00:00
1315869f116be70f,2026-02-02 23:00:00
1092fea90a328440,2026-02-14 10:00:00
27293ed7d69c78a2,2026-02-02 13:00:00
2bb2517d0d4f31a6,2026-01-19 07:00:00
dae0856f453bdbde,2026-01-28 09:00:00
15f6e852a8e7f4b6,2026-02-09 11:00:00
ca47b27b115eb4eb,2026-02-06 02:00:00
886bddb494f9bfd4,2026-01-23 06:00:00
6c966195dfd48dac,2026-01-07 00:00:00
beb2f90a3901f1f7,2026-01-11 17:00:00
429b4bfd6ee0a250,2026-01-08 20:00:00
ea01a72b9d942574,2026-01-17 16:00:00
51d33f3c501ca2fb,2026-02-07 06:00:00
07f28b81f4b72861,2026-02-06 20:00:00
33b5bbfdfa478068,2026-02-03 19:00:00
636e04971b88719a,2026-01-06 02:00:00
1ef0e9c7cc64263b,2026-02-02 15:00:00
2107794777dd33ee,2026-02-05 01:00:00
1b58bf92659e93d8,2026-02-07 12:00:00
a5a150195a7ca1d0,2026-01-27 09:00:00
51ab486aefaf67c0,2026-01-02 04:00:00
7fed67a3aa3ea5bf,2026-01-16 22:00:00
b26eb067d047790f,2026-02-03 19:00:00
7ada83cbcbf7a251,2026-02-06 12:00:00
de9b4719c6b229a3,2026-01-10 17:00:00
76b51ee91160b31b,2026-01-26 03:00:00
7deb9db121e3a406,2026-02-07 20:00:00
eb9582fd74dee201,2026-01-03 14:00:00
14a6fd8c92c0090c,2026-01-02 16:00:00
990bce18799fd897,2026-01-03 12:00:00
426c11be7968b940,2026-01-31 09:00:00
fede4cb1a419d8f2,2026-02-04 02:00:00
72e74ce506b19d1b,2026-02-12 22:00:00
40b3ffadeef1eb58,2026-01-26 13:00:00
7f195e6d5e0e6c97,2026-01-03 23:00:00
20804941a86be1d0,2026-01-12 19:00:00
ada73e15cd63b813,2026-01-28 02:00:00
ecc589fd51f64dca,2026-02-09 08:00:00
3fc7e85887d71724,2026-02-06 01:00:00
6619838235221383,2026-02-07 23:00:00
71e56d262a1dfd24,2026-01-05 19:00:00
0313e56fe6226314,2026-01-14 21:00:00
69de1ea759721fab,2026-01-08 18:00:00
7d2be9b0f36c3422,2026-02-13 04:00:00
665f4171764c8d0e,2026-02-12 04:00:00
2f558fb381cd3318,2026-02-06 00:00:00
69f2a9a7a9622ade,2026-02-11 12:00:00
4289c5799c82df28,2026-01-16 22:00:00
80e5d0914e37f6e7,2026-01-03 03:00:00
6c7d77d73d089ee1,2026-02-07 10:00:00
c57b3c29e7b2fabd,2026-01-19 23:00:00
8bd517388be6080e,2026-01-31 17:00:00
016dbbc9df80e59e,2026-01-27 04:00:00
7bc04e505a689ed2,2026-01-17 14:00:00
bbe8caffb62a52a2,2026-01-29 11:00:00
3c89d515bfb8fa40,2026-01-31 21:00:00
e4e68d0d50434f3b,2026-01-17 12:00:00
a15d75b1a28048d5,2026-02-05 20:00:00
fb0c736cb9ffa722,2026-02-03 12:00:00
f73c08c8ebc32365,2026-02-13 07:00:00
f276cecaa6439400,2026-01-28 04:00:00
560ceecbb114eaa2,2026-01-24 06:00:00
8a8a378b7c5fbc5a,2026-01-29 07:00:00
740fdbed7eddef7c,2026-01-06 04:00:00
1becf54729f5e87c,2026-02-09 17:00:00
1109d8307168bbc1,2026-01-02 13:00:00
5f6359b7d8c3a38b,2026-02-13 15:00:00
72427f386398e7d9,2026-01-17 20:00:00
eaf986307eabf044,2026-02-12 08:00:00
25bfea3f6e647a42,2026-02-05 13:00:00
525f4a73201d68cc,2026-02-14 18:00:00
3c7a67c51c448c75,2026-02-04 02:00:00
2e233a0dba230cbe,2026-02-02 09:00:00
83b4939dbf1e7f11,2026-01-19 06:00:00
f948ff83c7b70a8f,2026-01-22 21:00:00
9137b992cf742cd9,2026-02-06 18:00:00
e5264b236ce00401,2026-02-09 00:00:00
8c2188c6679cfdb8,2026-02-13 20:00:00
569b6d989c604b2e,2026-02-12 10:00:00
899d84275d8f675a,2026-02-14 17:00:00
905f5d7020e592b0,2026-01-19 18:00:00
7402109906eec5f3,2026-01-20 04:00:00
534dfd8ece30c356,2026-02-03 22:00:00
dbf8c87aa1763953,2026-02-13 02:00:00
9d99c8b714960c22,2026-01-06 13:00:00
deaf8a1d7a498098,2026-01-02 08:00:00
a23d44dafa5badc5,2026-01-04 15:00:00
635bb2940b450f84,2026-01-07 18:00:00
2e8a71613ed582e2,2026-01-19 17:00:00
895535cc7bfc8787,2026-02-01 06:00:00
24730cfd7fa807d2,2026-02-06 11:00:00
49421516948287b3,2026-01-12 19:00:00
8b12f0a7d5cd080e,2026-02-13 17:00:00
2a65d52682a68f31,2026-01-09 08:00:00
09544b70c15a2d3c,2026-01-17 05:00:00
dd7b5a9a667d80ba,2026-02-05 07:00:00
e4d55d99234e207a,2026-01-24 12:00:00
7d39fb335c2a5ef6,2026-01-14 05:00:00
bc4308be7e3748b9,2026-02-14 10:00:00
cd7a101144b04c04,2026-01-30 16:00:00
7cc3f1826c464915,2026-01-27 12:00:00
d1b2fc3b0881d007,2026-02-14 13:00:00
467bee68c94164c0,2026-02-01 08:00:00
348dde47e6b5245d,2026-01-20 18:00:00
fe594ea249b62530,2026-02-04 01:00:00
ff707d668b5c20b0,2026-01-04 09:00:00
99c85c61df305e2d,2026-01-01 01:00:00
626545898decdc4a,2026-01-25 12:00:00
0d5761e681c81847,2026-01-20 04:00:00
718b922df69413b3,2026-01-17 04:00:00
c6e88140169196fa,2026-02-13 00:00:00
4f8c863b695b9848,2026-02-12 11:00:00
1dd1aa77fa73f5d4,2026-02-01 03:00:00
53918f56f54a8919,2026-01-06 07:00:00
3031354e7302d511,2026-01-18 16:00:00
35d3792512f7966a,2026-02-13 21:00:00
242adebc85e0bfeb,2026-01-25 12:00:00
9775c88e3ccf4bba,2026-02-09 11:00:00
ff97f09d743af4e5,2026-02-07 23:00:00
8525918f7a2ff00a,2026-02-14 22:00:00
e4bf59afcfe2aa4e,2026-01-15 18:00:00
8568d38a1cc30410,2026-01-23 19:00:00
19bb74a93c0631f7,2026-01-08 03:00:00
a23a1eb5cec425bb,2026-01-22 10:00:00
0ef1bbcbd9e83420,2026-01-27 00:00:00
6a400122c721af79,2026-02-04 02:00:00
877cebb2a0602e91,2026-01-13 19:00:00
a1c92367d55ab3dc,2026-02-06 06:00:00
3f846cfbb5d549dd,2026-01-27 17:00:00
e2bb710e2470f367,2026-01-19 13:00:00
4250341eacbfeccd,2026-01-01 06:00:00
02bda11da4465f2c,2026-01-07 20:00:00
eda234094181716f,2026-01-11 03:00:00
f5b87a621b77a32e,2026-01-27 02:00:00
9954b132485f84a0,2026-02-02 09:00:00
c7f1ad0ef0012949,2026-02-03 19:00:00
9dc55f1063515f22,2026-01-31 04:00:00
6810d46081ef9f52,2026-01-21 02:00:00
d528aeba6579273a,2026-01-14 19:00:00
685311bf45741047,2026-01-15 00:00:00
e0841d2b54b18d71,2026-02-13 02:00:00
80a02a9cb8b85aa3,2026-01-02 05:00:00
2ee6d7b144574ef8,2026-01-26 14:00:00
5025e569c2134b7d,2026-01-21 15:00:00
ef5b64f835aa5da5,2026-02-04 16:00:00
43d53e066e4417e7,2026-01-15 00:00:00
c2908bf69b516e29,2026-02-03 11:00:00
733f26a2fe3db74d,2026-01-28 07:00:00
9dee73cedf8a002d,2026-02-08 09:00:00
aee5af75a7342735,2026-01-13 13:00:00
d900729d538f58fe,2026-02-03 23:00:00
297e71fc36f28a59,2026-01-08 04:00:00
4a722b6fada36834,2026-01-17 15:00:00
9bce39cf80ba2933,2026-01-20 21:00:00
51cb481b1aca9ad4,2026-01-14 17:00:00
3a167ef475f24b65,2026-02-01 17:00:00
d3688326fc6caeeb,2026-01-20 17:00:00
0c033eb3be95d07b,2026-01-13 08:00:00
ede025b5ae8b61cc,2026-01-06 21:00:00
e3c42a166aeab8bd,2026-01-13 03:00:00
33df706c5eced19e,2026-01-22 10:00:00
fd6926e1509f32e1,2026-02-11 10:00:00
98c1adf53d42c45e,2026-02-09 03:00:00
767497bff5bfea8a,2026-01-16 10:00:00
bfeee3ebff356444,2026-02-02 19:00:00
8243d2d46ab8c0f1,2026-01-31 17:00:00
abc9a1c5e46d4f75,2026-02-03 13:00:00
8f338f5669250e98,2026-01-25 00:00:00
4c2778677cada528,2026-01-15 06:00:00
6c64b341ef8df86c,2026-01-12 10:00:00
b6196f8bf584bc4c,2026-01-19 03:00:00
d69b1d2993ae2ac9,2026-01-22 06:00:00
d7fe29b18e7e0201,2026-01-02 12:00:00
8c91f6c1d86b0e92,2026-01-22 20:00:00
0a7199549a35e4b2,2026-01-01 10:00:00
79796239ea557510,2026-01-13 19:00:00
6117e21c7b054749,2026-02-13 19:00:00
abd274626e5998ca,2026-01-26 21:00:00
53e3ede0b0566cc6,2026-02-05 02:00:00
9b7c755a6e070181,2026-02-14 01:00:00
5ff3eca5c1619dc9,2026-02-08 21:00:00
415e48a2da108f26,2026-01-17 21:00:00
6e931298bf145de9,2026-01-07 06:00:00
7ab7385b838aa244,2026-02-13 07:00:00
e6f95f2f0af41c8f,2026-01-11 17:00:00
8da97e7c4d4f1534,2026-02-13 16:00:00
d1f2dd25c7091542,2026-02-05 01:00:00
036be8cb8b8b2ca6,2026-01-16 22:00:00
8a0bdc4203dd2dee,2026-02-14 05:00:00
d589ca0ccaf5ee2c,2026-01-11 16:00:00
87165ab1c4316ab7,2026-01-20 11:00:00
445f97b03ecd3335,2026-01-01 07:00:00
3f516672aaa5a63e,2026-01-21 18:00:00
57bdc54048f976c6,2026-01-09 00:00:00
d1e5a6977fafb349,2026-01-24 14:00:00
c460e87f2b0a3eff,2026-02-14 05:00:00
7c210ca7f6359e9f,2026-02-12 06:00:00
e913c5f55df30b61,2026-01-14 03:00:00
0e30e0c116fc5fd1,2026-01-07 04:00:00
dd87393047d260c7,2026-02-14 15:00:00
6b7be86ba61b18bb,2026-01-21 21:00:00
6083e9693f418a2f,2026-02-09 12:00:00
0a9ad4ca2038a75c,2026-02-08 15:00:00
ffe7c1ff3bf0c90d,2026-01-16 12:00:00
5d2be22202ece54f,2026-02-07 20:00:00
6e7266226d562c63,2026-02-14 17:00:00
bf5ee36c24b599e6,2026-01-04 15:00:00
943fe70ee2b09f53,2026-01-23 12:00:00
c0b6ba8adfb36bec,2026-01-23 13:00:00
0b23384ad7ca40ee,2026-01-17 10:00:00
6bde50017902aff3,2026-02-11 07:00:00
5cc951ad37374ba2,2026-01-30 22:00:00
3bbf14f5deaf6a11,2026-02-01 03:00:00
693ebed89e021c06,2026-01-07 11:00:00
1d0ecdeabfe84794,2026-01-08 12:00:00
dfe9031315878e13,2026-01-03 05:00:00
dae7fd3e6c13f50f,2026-01-07 08:00:00
6ec28bbad28746a9,2026-01-25 17:00:00
598e198516eeb2f2,2026-01-27 00:00:00
6474947069d07508,2026-02-10 16:00:00
c28cb389c015b0c4,2026-01-17 19:00:00
52dd3acee906881c,2026-02-11 08:00:00
813aafb29717cb22,2026-02-03 22:00:00
4aca8a63edbcedda,2026-01-30 13:00:00
39bfa5797068fd35,2026-01-12 00:00:00
6906a5f53bff5e39,2026-01-02 15:00:00
2631fc6375e0b655,2026-01-22 21:00:00
8425078abb6ad30e,2026-01-15 07:00:00
e40b47d8631c58aa,2026-01-09 21:00:00
66294e7eab195b0f,2026-02-04 17:00:00
0545846439018b12,2026-01-28 18:00:00
419be3d9dba5b843,2026-01-30 21:00:00
3fc3c23f14d071b0,2026-01-25 11:00:00
6b235775f1b03f22,2026-01-29 05:00:00
3e317e34c5215772,2026-01-22 22:00:00
9dc8fc8cc355c20a,2026-02-03 00:00:00
cf2c999ec26db4d6,2026-02-01 01:00:00
62f9299e4dd64e9e,2026-01-01 00:00:00
28025422fe3b9e4e,2026-01-13 10:00:00
5b407bcc837e1a1e,2026-02-13 13:00:00
5dbed5c6e187bcf2,2026-02-04 07:00:00
efb4f639bdcd0ccd,2026-02-09 22:00:00
9e75c9670ca1e06b,2026-01-29 16:00:00
4eb8ce1e6e61b093,2026-02-12 08:00:00
7800d826168f7665,2026-01-28 06:00:00
052dac63a1f443b5,2026-02-14 01:00:00
0abb5b1847fe0f62,2026-01-20 07:00:00
abc3f0768dde30eb,2026-01-15 03:00:00
75e979c3d8eb22d7,2026-02-09 21:00:00
b363ebf4f89dbfb8,2026-01-11 18:00:00
e5fd0bd96eacd0e4,2026-01-27 05:00:00
b03ae59853f2b779,2026-02-01 23:00:00
6846676ea3468c6c,2026-02-06 04:00:00
c6a645dba8c974bf,2026-01-27 18:00:00
fe2629426b96347b,2026-01-31 14:00:00
c537a9803fa6962a,2026-02-08 16:00:00
8d310518e84a526d,2026-01-03 20:00:00
1c62327c9bf83d24,2026-02-11 22:00:00
3a1d9b158e922d0d,2026-02-06 12:00:00
d9d066ac44ac2917,2026-02-11 15:00:00
35128623aa2032cc,2026-01-10 08:00:00
c88ec0f203129520,2026-02-09 11:00:00
99864699ddd9c6ee,2026-01-02 18:00:00
d7418ffd64166045,2026-02-05 23:00:00
3db248c42768d05d,2026-01-12 21:00:00
abc886ba7773093b,2026-02-09 08:00:00
6480e9710d596240,2026-01-22 22:00:00
44a4a51f7cb43320,2026-01-22 20:00:00
ff532331a2a9ada3,2026-01-28 04:00:00
3d21424352e1a747,2026-01-10 12:00:00
c4994d481531cad9,2026-01-23 20:00:00
1e35f8a31140dfbd,2026-02-06 15:00:00
a1e04f4c21a2db89,2026-02-14 19:00:00
53abb6c0c1c4b67a,2026-01-10 17:00:00
948fe0d4cba4cf7f,2026-01-08 15:00:00
623399e41cc24012,2026-02-04 04:00:00
e44263fd5b1aca17,2026-02-01 11:00:00
beba311240670b9c,2026-01-24 06:00:00
910c73bd90c49d46,2026-01-27 06:00:00
7c9bab4f1c8d1840,2026-01-25 07:00:00
43add0d4faa6c93b,2026-01-19 02:00:00
e896a770bbdb9294,2026-01-20 10:00:00
d934b9e2d112c938,2026-01-28 04:00:00
34cc5c5ab9d527b9,2026-01-07 06:00:00
ce68c64e8bd09cb8,2026-02-10 00:00:00
ba3442e0cc3fd282,2026-01-28 21:00:00
8662674f8909225c,2026-01-28 10:00:00
5094736f4a946cbb,2026-02-10 21:00:00
5abb1821d12f35cc,2026-02-07 08:00:00
cd7c13e4272b0971,2026-02-12 21:00:00
994b9db19bb6776e,2026-01-31 02:00:00
c88fea6aea627003,2026-01-10 04:00:00
964b26153189e9ef,2026-01-11 08:00:00
8d81c40d1107a031,2026-01-23 18:00:00
f6b33e979c4ca8fa,2026-02-04 05:00:00
7b6c4eb80a105d98,2026-01-12 23:00:00
25fa2c4048c89004,2026-01-16 01:00:00
413f706d5ecd8a79,2026-01-11 11:00:00
712c0da4423e3756,2026-01-30 08:00:00
9658457407fac0a3,2026-01-19 08:00:00
1e09c0cff2498cf1,2026-01-09 07:00:00
5a2edf16dcfcde97,2026-01-09 20:00:00
b853004e56373063,2026-02-03 00:00:00
1fbe84f46fe90267,2026-01-18 11:00:00
2a09f223186d17a5,2026-01-15 20:00:00
7803d27b791a06cb,2026-01-12 05:00:00
1300431155bbc7f7,2026-01-02 08:00:00
037ffb36305dd0ac,2026-01-02 01:00:00
de66847fc0ebd752,2026-01-25 19:00:00
0fb8e8475e009715,2026-01-16 23:00:00
287992c07cc9a417,2026-01-26 05:00:00
ae22fd4a298fc187,2026-01-03 21:00:00
e6234282fcada79b,2026-01-26 07:00:00
4d62bc0499394595,2026-01-05 06:00:00
1b3dbdf8f666199f,2026-02-12 01:00:00
01e31f90b8b0c57d,2026-01-09 04:00:00
938f3cbdef45e136,2026-01-29 00:00:00
5446529c7ff80b23,2026-02-13 05:00:00
1636fc5c308fb409,2026-01-14 13:00:00
5b25bb6edb641f78,2026-01-27 01:00:00
2d98faf857ad99bc,2026-01-26 19:00:00
e36c6dc593f9fdaf,2026-01-09 04:00:00
11f37d5dd8820638,2026-02-02 20:00:00
e66822bdedeae595,2026-01-21 09:00:00
5b9eb176bdc1d55a,2026-01-24 14:00:00
2d2717af15033f4b,2026-01-10 11:00:00
6822ed0130e41704,2026-02-07 19:00:00
c9004c21a364faed,2026-01-24 11:00:00
1fab562cefa101b3,2026-01-12 11:00:00
89563f62d8690593,2026-01-08 00:00:00
635297f131e9993c,2026-01-24 14:00:00
bf2ab1cee0bb2cd4,2026-01-19 23:00:00
100295df8fbe26cf,2026-02-01 23:00:00
462f3334ed400748,2026-02-06 17:00:00
e5fd871c0aecbc25,2026-02-11 22:00:00
a1b2a56f1df1c57b,2026-01-04 07:00:00
dc07aeaa38fa608b,2026-01-25 09:00:00
08555c47d68445b1,2026-01-27 01:00:00
b46bbb87b38b890a,2026-01-07 14:00:00
082c1896e8de8789,2026-02-05 22:00:00
d6da7d256e403c71,2026-01-02 20:00:00
bf90481c97debed1,2026-02-11 14:00:00
f956e4833e5ab934,2026-01-18 22:00:00
abe981737d041939,2026-01-17 17:00:00
527826934a7701df,2026-01-01 07:00:00
54feead55d173327,2026-02-01 04:00:00
fbdb5eaef38dbc1c,2026-01-19 14:00:00
78e1eeb44fe3ea1b,2026-01-13 09:00:00
801efdbbeb0a8526,2026-01-15 13:00:00
0bb93ea8fbc8dc0d,2026-01-27 09:00:00
23d47da3aa5a728c,2026-01-30 02:00:00
3d5e029aab0f9163,2026-02-07 11:00:00
61265b26c5f4812d,2026-01-31 04:00:00
90f31c740f23777f,2026-02-02 11:00:00
9bda497bea80e41f,2026-01-29 09:00:00
1776c215afc72a58,2026-01-03 18:00:00
f44c6af481c388ea,2026-01-10 19:00:00
933d9e2b73e4b4c3,2026-01-24 07:00:00
b0d5d8c4e4a16f82,2026-02-11 18:00:00
e22a45732c08f2c9,2026-01-02 12:00:00
36c97504ed5c0819,2026-01-07 03:00:00
432a9fa290d5d4c7,2026-01-27 21:00:00
92e81d1345af9dd4,2026-01-16 13:00:00
93ec4ca45c8c6070,2026-01-15 21:00:00
cc19f0e0c2a39f42,2026-02-02 19:00:00
27fb762f7370cfbf,2026-02-08 22:00:00
1713a98b498b0932,2026-01-27 14:00:00
24651cfa8854c9f6,2026-01-27 18:00:00
a3dea55bb6f1bb33,2026-01-19 03:00:00
1bf5728f32ab1979,2026-02-05 16:00:00
421f6cf5df0fbd62,2026-01-21 10:00:00
3271483ecf88d1ff,2026-02-11 23:00:00
811a390c1cab4888,2026-02-03 23:00:00
14da48bfdb428266,2026-02-11 17:00:00
21bdfbce83380378,2026-02-13 03:00:00
96723f85e0470404,2026-01-09 04:00:00
aa55c15a4e93fec5,2026-01-24 11:00:00
2f5fe7b89b58308c,2026-02-14 01:00:00
5a28d96e7333a1bd,2026-01-18 15:00:00
d6fc0d34f4ef9582,2026-01-02 11:00:00
7c98d7845c4c5958,2026-01-30 20:00:00
4748ebe608fbd2fe,2026-01-27 07:00:00
a84af4d29a32cefd,2026-01-26 12:00:00
1b387298f5ac067e,2026-01-29 20:00:00
91275b4415eeaa2b,2026-02-01 08:00:00
01dc1d40317058a5,2026-01-10 23:00:00
a7051903d28fed20,2026-01-20 13:00:00
e1d6118af9b9f1cc,2026-01-25 21:00:00
c7fb742d828fcd8d,2026-01-08 03:00:00
ef968824181ce617,2026-02-13 00:00:00
6cc439d8f240fefe,2026-01-03 09:00:00
82f9a9c20bd8d3b0,2026-01-04 08:00:00
d8ff605e63b0c3e8,2026-01-26 20:00:00
55dd8454a5055bd8,2026-01-26 11:00:00
853d4f1cb2fb2d7f,2026-01-04 10:00:00
d29bb50d768a3b24,2026-01-26 08:00:00
b697bcb1a02e73e9,2026-01-07 12:00:00
d588b3e6d1d289d7,2026-01-16 02:00:00
c669e348c73e0c4d,2026-01-02 15:00:00
824ecfaab9eeb9bc,2026-01-08 07:00:00
23a128af51ccb199,2026-01-16 17:00:00
4669f019b07c4621,2026-02-05 04:00:00
21ce392afba87118,2026-01-08 00:00:00
50751a5bc56efd5f,2026-02-08 12:00:00
374ce35af78417d2,2026-01-02 21:00:00
de5eed69928ddbdf,2026-01-23 04:00:00
de3a4b0890d462ab,2026-01-12 05:00:00
ceed9f46d6f80d1f,2026-01-27 15:00:00
5cf1142be5dff0b7,2026-02-11 18:00:00
d9727f13cd69ba01,2026-01-29 01:00:00
02af2f89dd3cfc69,2026-01-22 02:00:00
5f76aec27e35b30f,2026-02-03 18:00:00
e05d9f9401cf80a8,2026-02-13 01:00:00
660600e6ba9aeba1,2026-01-20 16:00:00
d8ffc9aeb2c4241f,2026-01-09 05:00:00
4618c2288bcb156c,2026-02-04 00:00:00
c75ccb0e1544d26f,2026-01-30 18:00:00
572920b12648084a,2026-01-01 22:00:00
27c35570901d9689,2026-01-29 01:00:00
067db0db247fcaff,2026-02-07 09:00:00
d4fa02a83738c354,2026-01-18 20:00:00
adb2cfdd62749b09,2026-01-13 17:00:00
b16392ee34ef9696,2026-01-23 17:00:00
7c0d256497a934b5,2026-01-29 15:00:00
3105fbce8f6687db,2026-02-01 22:00:00
2d6de4f6b914e377,2026-02-11 03:00:00
2b63230fe7fd4912,2026-01-03 23:00:00
e077c8638c1101e5,2026-02-13 19:00:00
30d7a0082ffe3369,2026-01-11 08:00:00
c1c0ef3557a44274,2026-01-23 13:00:00
0bc0714e846fbf25,2026-02-14 04:00:00
24401b3eaa94b7aa,2026-02-09 12:00:00
9c2367e43ac66c04,2026-02-03 23:00:00
c5baad7aef6d3c5b,2026-01-27 02:00:00
f756a7ad68d60c0d,2026-02-11 09:00:00
fc79c8efc25cc920,2026-02-04 18:00:00
57b363a493da694e,2026-01-24 09:00:00
842ab4ca2920df75,2026-01-22 05:00:00
18a3ff5ebb135b21,2026-01-22 20:00:00
0501a918f4ff29f8,2026-02-05 03:00:00
1b82993f800b7817,2026-01-02 07:00:00
ae90d67466798eb2,2026-01-19 14:00:00
3982c059f9e7f7c2,2026-01-17 10:00:00
54b0fcca13c5ce63,2026-02-06 08:00:00
c20b550df343aa4d,2026-01-24 03:00:00
ec0bc94b32c2c947,2026-01-18 06:00:00
f8fd7049cea3c470,2026-01-04 21:00:00
95ee55213d60fd35,2026-01-22 22:00:00
cca3d52cb5632646,2026-01-23 10:00:00
cabfaf2b7faa8ef9,2026-01-05 09:00:00
f152b4bdc5ce635c,2026-01-27 08:00:00
ef3fb1ae6548eb7e,2026-02-09 23:00:00
fa897a9b9ce22712,2026-01-05 16:00:00
e3811da461a8fa50,2026-01-08 06:00:00
8e3db57c4e406bff,2026-01-05 05:00:00
b8ad2cfdbde58b20,2026-01-13 17:00:00
0ee6fc7a8fa508d7,2026-02-14 15:00:00
76bc3c07aa1a34c7,2026-02-12 22:00:00
bfa24841feca35fe,2026-01-09 16:00:00
21610754c023054d,2026-01-07 10:00:00
a3fcd22d2407d21f,2026-01-24 13:00:00
dca199213f4aef38,2026-02-07 12:00:00
174c57e7bd8e6d31,2026-01-15 03:00:00
bf9363130c95d66f,2026-01-09 10:00:00
3b74a19927d9266a,2026-01-18 04:00:00
1c11ee45ad8e3b50,2026-01-20 23:00:00
9aef96d9023ec938,2026-01-15 01:00:00
1cd77052d9d3a34f,2026-01-22 09:00:00
ec3b1d6f2d47ed99,2026-01-04 16:00:00
13d09c0eba361047,2026-02-04 07:00:00
ead582e1554d7946,2026-01-24 05:00:00
9ba5b2faf291b197,2026-01-27 07:00:00
3f8a0ec183b753e1,2026-01-24 14:00:00
dc959b4ea7b25b61,2026-02-14 02:00:00
88628c40f57af7c8,2026-01-27 19:00:00
bc33913c0c259ee8,2026-01-13 01:00:00
f82d5b9ea7ddb947,2026-02-04 13:00:00
753ff729f161e444,2026-01-05 07:00:00
1a26fb8bef8d6957,2026-01-06 00:00:00
35deb4d42396c765,2026-01-11 00:00:00
3be781397989f8c8,2026-01-02 07:00:00
c2dfa64d093a32af,2026-01-31 20:00:00
c79385edde3acad7,2026-01-03 09:00:00
a2e8bab2de8f2c28,2026-01-31 06:00:00
3c9bcca3ff83657b,2026-02-04 16:00:00
cef0b91e205bf50c,2026-01-07 01:00:00
4f92eb30e863b1c7,2026-01-29 11:00:00
9e3e059cf9f43cfe,2026-02-05 14:00:00
42600c261c89770d,2026-01-17 08:00:00
0332342ec22d9bd8,2026-01-11 02:00:00
7bd34ed531c20d88,2026-02-03 10:00:00
eeca7893b550e13a,2026-01-07 08:00:00
a31d6dd181c9fc05,2026-01-12 23:00:00
223a9ef77666b34c,2026-01-11 05:00:00
bba234a319959f00,2026-01-28 17:00:00
7f72070b1b100933,2026-01-30 04:00:00
c80f7ed77f32a41c,2026-01-28 22:00:00
9df0a2c7d9656a4d,2026-01-27 20:00:00
e760c8265c4f79b3,2026-02-04 12:00:00
c34791208a30ba4a,2026-01-29 06:00:00
73d5094083a34063,2026-01-06 12:00:00
99f96258c36d0b59,2026-01-29 03:00:00
ed41071ea53a8a60,2026-02-07 21:00:00
f4451c5140e0b181,2026-01-03 20:00:00
a81219797b11c67c,2026-01-21 19:00:00
829d081b8ad01eda,2026-01-05 08:00:00
658db14bc3e549f7,2026-02-09 07:00:00
70e42c0d3deb289f,2026-01-10 18:00:00
7333c64649bddeb2,2026-02-12 15:00:00
1fde52134dd14770,2026-02-13 13:00:00
d0d154b87a906408,2026-01-20 17:00:00
79afed6ef99d4b5a,2026-01-23 09:00:00
1ec415b486691ebe,2026-01-24 07:00:00
d8be997c084cea95,2026-02-03 11:00:00
fbd91b3e5c162fb9,2026-01-31 06:00:00
599e0c5639f902ed,2026-01-25 19:00:00
afaf949ee235fd4c,2026-01-24 04:00:00
167a28f59cc67ea8,2026-02-10 14:00:00
5aed82cff93838ac,2026-01-25 07:00:00
22ddfe16ae24c065,2026-02-06 17:00:00
b2cca5b6c0f24dd9,2026-01-26 19:00:00
4cddf29cff11f8f8,2026-02-06 21:00:00
40469ecbbcbf4fc9,2026-01-09 20:00:00
a1c48835d38c1056,2026-02-05 09:00:00
5621bf091fc45606,2026-02-09 05:00:00
1d6c875ccd0d0227,2026-01-25 01:00:00
392cad65413f93fa,2026-01-31 19:00:00
33beb0b60cde24d9,2026-01-21 08:00:00
a6697b24c5e25f75,2026-02-14 04:00:00
15c5cee6f385cf6e,2026-02-02 14:00:00
719ef19248315d24,2026-02-10 11:00:00
d8c267aa4e721089,2026-01-19 20:00:00
39490f6a68e585af,2026-01-16 05:00:00
2ae187d8621348df,2026-01-14 17:00:00
36ce1e191a6935eb,2026-01-18 04:00:00
9df90ac2493a91a6,2026-01-05 11:00:00
05ce47d26f9bf880,2026-01-22 20:00:00
2a7fd86e2590b979,2026-01-31 17:00:00
b3197fa89176e73a,2026-01-16 04:00:00
dc18ef1ea7133d00,2026-01-07 01:00:00
4ceebbdbfc55dcec,2026-01-09 09:00:00
d42a2bc5c025a711,2026-01-07 13:00:00
acd928b73ce0f374,2026-02-05 03:00:00
874aeb00f5f34379,2026-01-16 16:00:00
a02db41ba0e161e8,2026-02-03 00:00:00
c157bac63271760b,2026-01-15 13:00:00
c26785a4ffaadad4,2026-01-23 22:00:00
611c9620094da355,2026-01-07 02:00:00
a16de561fc275941,2026-01-11 19:00:00
15b1a2e7e6b28c0f,2026-01-05 22:00:00
54600963f7de468c,2026-01-15 05:00:00
1754018b31ed461b,2026-01-29 20:00:00
0c2122cd360f824a,2026-01-20 01:00:00
a595b9e4e12e3a2b,2026-01-05 22:00:00
1cbff8cf67e331d2,2026-01-13 02:00:00
1853b9b43b56668f,2026-01-27 20:00:00
437ad73002876924,2026-01-10 06:00:00
2f24b39de69f32cd,2026-02-07 17:00:00
fd6333e07d9414a7,2026-01-14 16:00:00
9ab58508c7b70d6f,2026-01-30 17:00:00
8e51bf6193327f65,2026-01-04 01:00:00
b07c5d74a71882b3,2026-02-01 17:00:00
f0078af4d27177e7,2026-01-05 07:00:00
75db227f08b99446,2026-01-31 15:00:00
e97f959e2b2c2034,2026-01-11 07:00:00
e9434585c2420e22,2026-01-05 08:00:00
1a7e7e59e04789a5,2026-01-01 15:00:00
13bd73c2e00737e3,2026-02-02 00:00:00
4de47e322b7c8ef6,2026-01-01 16:00:00
e7da112dd3a1481a,2026-02-06 04:00:00
1782d31b188f7879,2026-01-03 21:00:00
b815bd2208ab07dc,2026-01-31 18:00:00
e281c97d487bcc56,2026-02-02 05:00:00
8fd0e32759b099b4,2026-01-13 21:00:00
0c69f10e3d8eb1e8,2026-02-02 17:00:00
87975b00a44f33e5,2026-01-22 01:00:00
76e2808c92d158aa,2026-02-02 06:00:00
75c327cb06a1c61c,2026-01-12 07:00:00
63689a6fb8d0056b,2026-01-04 00:00:00
0d47fb7c5c42367c,2026-02-10 19:00:00
75e19691f5cff374,2026-01-01 05:00:00
187ea564c6091a1f,2026-01-18 01:00:00
66285d332d9d5a0d,2026-01-25 20:00:00
7b6e92fbcb557636,2026-01-28 09:00:00
4a4815047eae504a,2026-01-06 06:00:00
951a2e761539fe83,2026-02-05 17:00:00
092213822c02ec64,2026-01-10 06:00:00
52df3be43bf95c87,2026-02-14 18:00:00
f6380980a20d6898,2026-01-14 12:00:00
783e4619a0496665,2026-01-08 11:00:00
0617efdcadf8b6e5,2026-02-11 10:00:00
e6bec8e0d4789b16,2026-02-07 23:00:00
b7ee6ec384349b90,2026-01-14 21:00:00
e47a3efa4b635535,2026-02-13 09:00:00
b6192b0080004f8d,2026-02-02 01:00:00
ca46338b1576f1b9,2026-01-06 08:00:00
e9a65f5419461c25,2026-02-03 02:00:00
0a66637134a85b72,2026-01-12 05:00:00
342c55b7a877c77f,2026-01-27 18:00:00
74bcca6fb7319c0e,2026-01-04 16:00:00
41c10b441af37bfd,2026-02-03 17:00:00
f852168f8ced2924,2026-02-02 17:00:00
e4aca882fd0082bd,2026-01-22 08:00:00
fed00b4755b122c8,2026-01-04 16:00:00
8ee9c50e8619aa3a,2026-02-04 23:00:00
55002f28db5dd87c,2026-02-01 22:00:00
23715baf14d3220f,2026-02-04 22:00:00
9894eff2eeef09dc,2026-01-24 21:00:00
9d1289c858e1f7c7,2026-02-04 13:00:00
689e57b9121e27e7,2026-02-04 07:00:00
6bb4e3bd27ecfc4b,2026-02-13 15:00:00
7090ccfef326cf2d,2026-02-14 05:00:00
67f2dbdf953e8749,2026-01-20 20:00:00
b28f88a51ef2b4e8,2026-01-21 04:00:00
8b2d2ab2edb11c0a,2026-01-12 09:00:00
2db6f1c4ee7627a2,2026-01-01 08:00:00
949b0044b1adb18c,2026-01-03 21:00:00
a75ce6d1cd9e883b,2026-02-08 16:00:00
836351472bdbebf7,2026-01-21 08:00:00
a6f45c2e1d5128c3,2026-01-31 19:00:00
7f809a1eb8b8e63d,2026-01-01 23:00:00
5de7fc40a47371cf,2026-01-02 07:00:00
8611fa9547c803eb,2026-01-01 13:00:00
92a36b10213659be,2026-02-02 10:00:00
6c005dc8d9497355,2026-01-05 15:00:00
20599d61181ef324,2026-01-31 20:00:00
ffe7a1a7e6f5132c,2026-02-08 00:00:00
c7bb9dd09b57ac63,2026-01-18 12:00:00
2b3e91bebaec9920,2026-01-04 15:00:00
f6e9d27da3f9dc11,2026-01-17 01:00:00
d8b1474f7d1c2a8f,2026-01-27 20:00:00
7d7ea2b373e7477c,2026-01-25 10:00:00
cd179ef4894a5b92,2026-02-13 10:00:00
c23a5af92d0a4334,2026-02-14 11:00:00
d72fa77f0c522d67,2026-02-13 05:00:00
893630cef877e072,2026-01-07 00:00:00
8c9ed469d60bf400,2026-01-20 06:00:00
559d8c5239ee0bfd,2026-01-12 19:00:00
5ed489463cea999f,2026-01-06 08:00:00
d170199edf695fa7,2026-01-31 16:00:00
f3d1a3695b1a9f24,2026-01-12 13:00:00
8dca8a17ebc26053,2026-01-05 03:00:00
9c6600c92e47a02b,2026-01-15 15:00:00
481c213977dc9c67,2026-01-18 19:00:00
44b3d376af4dff3d,2026-01-10 19:00:00
af635814b771c7d9,2026-01-09 19:00:00
94aef2635081c91f,2026-02-06 21:00:00
18f69d3836297f5b,2026-01-20 14:00:00
f061e485f0c42a80,2026-02-07 02:00:00
1a2f8a299eb46178,2026-01-19 00:00:00
874410d9a8286c80,2026-01-23 14:00:00
ca20d6dc3262e3cc,2026-01-23 21:00:00
02ab2a063ae60f99,2026-02-02 17:00:00
bbc16b002cfbc5ea,2026-01-04 14:00:00
6958deca062ea2b2,2026-02-04 17:00:00
9a34de693bcc8ed4,2026-02-13 22:00:00
585de33a37059914,2026-01-14 14:00:00
4911f02f5d20285d,2026-01-03 11:00:00
a4529c95920f751a,2026-01-30 14:00:00
f77d6e0093d838a5,2026-02-06 03:00:00
b1f122b7458f2297,2026-01-02 20:00:00
344135a3108ebd9a,2026-01-28 02:00:00
31b1e0482bebd208,2026-01-12 20:00:00
ce004ca1294c4563,2026-01-10 17:00:00
452d32a92911c3f0,2026-01-05 18:00:00
599c55a4766da0c6,2026-02-14 20:00:00
8f30585d871bcbef,2026-01-29 10:00:00
c712d5c2e2bcc544,2026-02-10 10:00:00
e5f16238680eac7c,2026-01-26 00:00:00
d68afc07c17da898,2026-01-21 22:00:00
bf8c1af1aa871c4f,2026-02-01 02:00:00
1e3c21c1505442cb,2026-01-16 18:00:00
19870db5ff2b0f20,2026-01-31 23:00:00
7f9b99f0a7df3eeb,2026-02-14 14:00:00
9289dba091834092,2026-01-19 15:00:00
f131247cdcbf2347,2026-02-14 05:00:00
5ae3b9c90c303d37,2026-01-07 19:00:00
0d542b9718258ac1,2026-01-17 09:00:00
6f8fd9cb3cb84a54,2026-01-03 05:00:00
9dc12b71d47d6851,2026-01-30 11:00:00
55a23d88d9fdbde5,2026-02-01 05:00:00
8eac786351b22390,2026-02-12 17:00:00
6ce65c2866066f34,2026-01-17 14:00:00
7388f8ab8d4091de,2026-02-12 17:00:00
b0f24f3149af036a,2026-01-19 05:00:00
c07bb9060a9b82e6,2026-01-01 13:00:00
dcc9abfb2a8b0772,2026-01-07 21:00:00
60d3d4ef3e6338b6,2026-01-05 14:00:00
514765ed7804c2de,2026-01-05 02:00:00
b0c58016f6ffbff0,2026-01-15 11:00:00
2fee2c1a108ae285,2026-01-27 06:00:00
a566386ad32a612b,2026-01-09 16:00:00
c1193f8332aca40f,2026-01-01 19:00:00
f2492d628c013f1e,2026-02-09 20:00:00
4a05bdb03c513e93,2026-01-25 08:00:00
edbadbf0344b822d,2026-01-16 15:00:00
f76b959c4bead843,2026-01-13 15:00:00
5fc85789a5900458,2026-01-21 08:00:00
01c71755c2e533a2,2026-02-01 09:00:00
a3dff3e103025b17,2026-02-02 04:00:00
b61c208c4c05fa36,2026-02-04 03:00:00
e6c73868c394307f,2026-01-15 22:00:00
d210c16c5358486e,2026-01-22 21:00:00
1bb80e3e8a9a8832,2026-01-22 16:00:00
243f998622885a50,2026-02-13 20:00:00
4c61b6cef16aa0cb,2026-01-13 23:00:00
20d60a23b10e204b,2026-01-02 07:00:00
4cdb9b072569831d,2026-02-04 03:00:00
b5df1ff15884510b,2026-01-08 01:00:00
d3c4ffd7d2890ae7,2026-01-10 10:00:00
c9f649e45a180a4b,2026-01-02 01:00:00
c04a3f388d570637,2026-01-18 10:00:00
a226865f31548dbe,2026-01-20 18:00:00
711cc5e29637a16f,2026-01-02 23:00:00
88d68ba771a90baf,2026-01-02 22:00:00
505b8e3a63af8e4c,2026-01-07 22:00:00
a9cb22ba71a78a11,2026-02-09 00:00:00
6efa1c495b95f46c,2026-01-06 15:00:00
d03b2a2b67ff59e0,2026-01-04 03:00:00
045b82860d0fa727,2026-01-15 04:00:00
bd59f5550bc4440e,2026-01-27 11:00:00
78fe72f6f9241832,2026-01-11 21:00:00
09cc81ce3f873cf4,2026-02-02 17:00:00
2eda0be64460c35a,2026-01-13 18:00:00
f3cac681bb8678b9,2026-01-31 12:00:00
d08fca437fd2cb5b,2026-01-04 06:00:00
4099fb3dfab58dcb,2026-01-05 06:00:00
7f9078a4089b1748,2026-02-02 13:00:00
7260d3b4b35b21fb,2026-02-04 20:00:00
d018a3b69a822573,2026-01-10 18:00:00
983c847a10ccd979,2026-01-28 05:00:00
a96ad4a9cfa1ad7d,2026-01-10 00:00:00
23a5aae09f645860,2026-01-15 22:00:00
2a32317a4096231e,2026-02-06 15:00:00
e89839fe1b257982,2026-02-07 14:00:00
b28b84c52c69808f,2026-01-22 09:00:00
4768a847ada48f82,2026-01-11 06:00:00
945359865a71570f,2026-01-31 07:00:00
615f0c38d0c76a50,2026-01-23 23:00:00
d770aba4531a1b22,2026-02-10 23:00:00
5c55e1f829a282af,2026-01-30 11:00:00
95f42a14ee4dfeb7,2026-02-05 17:00:00
f87ef2e0583573bb,2026-02-05 09:00:00
22078abd1e5edffc,2026-01-30 05:00:00
664987117906f4d0,2026-01-11 08:00:00
7f81ab4bec478c51,2026-01-18 00:00:00
4237c7d6ff51c70d,2026-02-08 19:00:00
7e0c8ed8d8758148,2026-02-04 15:00:00
95e1ac181afcc2d4,2026-01-08 03:00:00
916c9a12009c7da9,2026-02-01 16:00:00
6da122cf183bddd8,2026-01-30 22:00:00
65f6e692a4484d3c,2026-01-24 02:00:00
e378483d1b2b4d4f,2026-02-12 18:00:00
09560814e2b14136,2026-01-25 21:00:00
990940d3b733f2b0,2026-01-13 11:00:00
4939b22ba357d31f,2026-01-04 10:00:00
ae2d9c9ed441b980,2026-02-11 08:00:00
d35938cf3d1742c4,2026-02-10 15:00:00
fb1b84ef662e504d,2026-01-01 16:00:00
1a8ef92ec0db0482,2026-01-10 22:00:00
fe86e14fddd125b7,2026-01-07 07:00:00
e01414b7c1269430,2026-02-12 20:00:00
402fbfbe79983f66,2026-02-11 13:00:00
fc683859fe44388b,2026-01-02 05:00:00
e7369b57229fe370,2026-01-26 02:00:00
3833e9c18e9053d4,2026-01-22 03:00:00
a2414c86ae440e3e,2026-02-08 14:00:00
1e7b102d1ebe85c3,2026-01-10 11:00:00
01d6e4db72c249b1,2026-01-19 05:00:00
b9278f9071ae218f,2026-01-14 02:00:00
e59e0314c8b993a4,2026-01-10 23:00:00
992f0d30a382d727,2026-01-08 02:00:00
6ea9a07cc16b3dee,2026-01-13 14:00:00
2ca9a5a1ea3b66e5,2026-02-13 18:00:00
a9dc6ebef51921e4,2026-01-04 08:00:00
04e68d7d2561e5b3,2026-01-05 04:00:00
18c7b67bc36253a1,2026-01-30 02:00:00
170c39e0b6c0927d,2026-01-26 01:00:00
ff1c6634814b9666,2026-01-07 16:00:00
060eb73878e3ded7,2026-01-06 13:00:00
df8fba1c3aa71459,2026-01-02 09:00:00
20aca998f8f38ebc,2026-01-31 17:00:00
691f8a91b18f7221,2026-01-12 00:00:00
8b6a9be1656e475e,2026-02-12 00:00:00
48a3c1c139249d25,2026-02-05 15:00:00
a320c624b7436cc4,2026-02-04 14:00:00
930b8fa79a27b595,2026-01-02 19:00:00
6c238b7f80937bf6,2026-02-05 17:00:00
3f67fd031014c040,2026-01-14 00:00:00
3dcb648a985f9854,2026-01-14 01:00:00
f5be0c40ea971b82,2026-01-11 07:00:00
aac7faedb2d5107c,2026-02-01 21:00:00
0359c2b1d24b6069,2026-01-19 20:00:00
40752fd410519d31,2026-01-29 17:00:00
4a61d095f946576a,2026-01-21 22:00:00
95790aed86f9ba36,2026-01-07 07:00:00
e8fb0d8fc9e66b71,2026-02-12 07:00:00
200355bbc6245549,2026-02-08 10:00:00
68748d97a1894ad6,2026-01-03 05:00:00
d2f251d3f71bad62,2026-01-09 21:00:00
6b23b8e02d7fd1ed,2026-02-01 11:00:00
a5d2627f9b5b8e19,2026-02-11 18:00:00
6dd41f950b2b66c4,2026-01-14 22:00:00
ab966197e9df3129,2026-01-14 15:00:00
9c0afd28da28f5a9,2026-01-25 21:00:00
ba60023a351732f7,2026-01-15 02:00:00
edebbfb3562e2b73,2026-02-02 22:00:00
78c5e3f164d6c1f4,2026-01-29 14:00:00
8ec1bdc85bde6b64,2026-01-01 08:00:00
600cd17e288b78b1,2026-01-21 23:00:00
08c73c635cf2ce7d,2026-01-23 09:00:00
721255b302c62464,2026-01-14 06:00:00
90e282a70b183c5f,2026-02-09 11:00:00
58c734f51e6a6ca6,2026-01-24 13:00:00
531b9e73d5e8a486,2026-02-05 21:00:00
41594ca44c5be20f,2026-01-24 15:00:00
3c053b53f059ff4c,2026-01-01 07:00:00
81bb465562890ee7,2026-01-12 09:00:00
ecff145c23aac918,2026-02-04 06:00:00
70c6d69cdf8cd653,2026-02-08 15:00:00
00118e5053b752f0,2026-02-13 07:00:00
a798094401f25b11,2026-02-07 06:00:00
637c2c14db5fb658,2026-01-22 01:00:00
e063eea48469e5c1,2026-02-07 16:00:00
ac446656f2f74943,2026-01-26 16:00:00
a74044436cb099df,2026-01-16 01:00:00
a3770cdebb129002,2026-02-03 03:00:00
5cb84be0b6087c1a,2026-01-10 08:00:00
ece4a9e7492cccdd,2026-01-19 13:00:00
298a040d6f9c601b,2026-01-31 13:00:00
19ecd0d076c2ff5d,2026-02-12 16:00:00
65a8f302546a56cd,2026-01-12 18:00:00
b30b248f17ef5986,2026-01-23 23:00:00
a124f574ccab0a4a,2026-02-07 00:00:00
63408db372d04ad9,2026-02-06 22:00:00
7e034768f6d94cfd,2026-01-25 03:00:00
5e1cfc90918a2fb9,2026-01-17 09:00:00
0ebdc961966524b5,2026-01-10 23:00:00
d9350826d1475da6,2026-01-22 16:00:00
492f798c7d0cf998,2026-01-29 02:00:00
348f6b17b0fe0e70,2026-02-04 16:00:00
e81bbdc3cb8d0f82,2026-02-11 06:00:00
6e8e2574fb1971f6,2026-02-07 21:00:00
66746e91ef86819d,2026-01-10 10:00:00
891d832cbd458ee2,2026-01-31 20:00:00
5d5939b4a287e51d,2026-01-10 00:00:00
17b6f176010bd014,2026-02-13 15:00:00
b8212a32c9fe0908,2026-02-14 03:00:00
8e54808dd9b0171f,2026-01-31 07:00:00
d00860bd485308c1,2026-01-05 08:00:00
066b64ff80b3cec2,2026-01-17 08:00:00
f361d5afd83a0892,2026-01-10 18:00:00
5c4a37c66d791970,2026-01-27 17:00:00
9eb1f14888f0a4ca,2026-01-16 07:00:00
1e10ff697407af98,2026-01-18 21:00:00
7fa2c799e35ce604,2026-01-06 19:00:00
374f309733d82913,2026-01-22 09:00:00
31b7bfe311b3f11e,2026-01-15 08:00:00
bca4a9a8ef250c62,2026-01-18 08:00:00
eff1e6f8fc920558,2026-01-21 17:00:00
f7708a3728f3524c,2026-01-28 14:00:00
f557b0d913f660b8,2026-02-03 01:00:00
48811f47c35a27b1,2026-01-09 08:00:00
005e51ea494025d9,2026-01-26 16:00:00
5a3d144961540e80,2026-01-28 17:00:00
1be93510e49ec797,2026-01-23 00:00:00
8722f1714354bcf7,2026-02-01 01:00:00
6704e256334a5556,2026-02-06 11:00:00
cd04bf3d7ec3d4e6,2026-01-05 12:00:00
e6372077ac097799,2026-01-13 11:00:00
6ba190c7584ad073,2026-01-15 15:00:00
48e45c2668fc9eb7,2026-01-01 23:00:00
1618516f7b9e7d5e,2026-01-19 19:00:00
f5ee66226343e226,2026-01-07 07:00:00
9a3408422627e87f,2026-02-08 18:00:00
d466c8041dbcd6a5,2026-01-02 10:00:00
fa28c8c8f3db8a8b,2026-01-30 12:00:00
5b3c17eee593de3c,2026-01-12 05:00:00
a074c4287c2ef212,2026-01-20 05:00:00
1e5bb8df772c2371,2026-01-11 15:00:00
1143c2955afbf9d1,2026-01-04 16:00:00
6d4d26876ba11ade,2026-01-19 20:00:00
d6a5679973df7298,2026-01-31 18:00:00
7894c3a0baa56ab2,2026-01-07 22:00:00
6b6a92f568905344,2026-01-15 11:00:00
bfe43c973987ed3d,2026-02-12 03:00:00
827298f7dc3beb99,2026-01-02 01:00:00
510588bb186d02b4,2026-01-04 20:00:00
dea44202d80f945b,2026-02-01 23:00:00
8335b726c87fc309,2026-02-03 22:00:00
f644b6a512345179,2026-02-01 16:00:00
d60d20635e30ee8a,2026-01-11 16:00:00
42d10c3b825526c5,2026-01-10 02:00:00
c03abf530c77f9f9,2026-01-27 17:00:00
87c7ae3b57a76700,2026-01-09 22:00:00
b165b877474e8ef3,2026-01-11 04:00:00
55877d9586c22e34,2026-01-15 00:00:00
0837708a3e6d016e,2026-01-12 10:00:00
e1f1cf753b2120a9,2026-01-23 19:00:00
785546dfc695af96,2026-01-19 15:00:00
2b3dc7108f774235,2026-01-05 12:00:00
eb3e7916854dd559,2026-01-19 10:00:00
c7a51070a856f977,2026-01-10 03:00:00
4913bae04ffba1b9,2026-01-30 10:00:00
23d6c29ec481010a,2026-02-11 00:00:00
a60fe1024df8e622,2026-01-29 12:00:00
97b58b56c63d5974,2026-01-17 07:00:00
25c56e7b0fc2694f,2026-02-11 09:00:00
c3f3eafbd20bf330,2026-01-25 20:00:00
095a95f2b2322769,2026-01-21 03:00:00
dd16d148e486be2d,2026-01-18 07:00:00
d1edfea37721deb4,2026-01-14 05:00:00
9632605742ecc8d2,2026-02-14 08:00:00
23f77cb914289e84,2026-02-01 14:00:00
3014e8ad0905f580,2026-01-23 15:00:00
0412111f73abf0ea,2026-02-03 12:00:00
d1ec28c03940e810,2026-01-26 08:00:00
a1513939e0fb23ed,2026-02-07 06:00:00
33a4d63b6ba4f185,2026-01-09 02:00:00
e452bf3f4bd83b0e,2026-02-13 17:00:00
3c45542cf14b42ba,2026-01-06 14:00:00
5b9fdb4e29026d5b,2026-02-09 05:00:00
5054326816aef990,2026-01-16 09:00:00
2289156d203da3f7,2026-02-10 08:00:00
6bb25e7101eceb1f,2026-02-12 13:00:00
6188ebcb462afd6b,2026-01-30 05:00:00
c03184ef5e8a1146,2026-02-04 02:00:00
f21ee124c7299d6e,2026-02-11 00:00:00
b25b43da1655386f,2026-02-12 06:00:00
3a145a3bfad33cfe,2026-01-21 12:00:00
86553993a915398d,2026-02-03 03:00:00
17238c3d7f0f744a,2026-01-02 19:00:00
612d0d3f0a9775f1,2026-01-03 11:00:00
b9db2893a5fb74b6,2026-01-05 09:00:00
561a66198c7d734f,2026-02-07 07:00:00
46c52cb29b7464b5,2026-01-28 04:00:00
f0f5503848057018,2026-01-13 04:00:00
437bfa754291c588,2026-01-07 04:00:00
a72e3fd8dd1dd78a,2026-01-20 08:00:00
75adc3f5f70f98e5,2026-02-10 12:00:00
2168dc12cfe57e8d,2026-02-13 17:00:00
73e0d07a71e6b136,2026-01-24 07:00:00
f717468b703def6e,2026-01-18 03:00:00
eccde5aa1302ea39,2026-02-08 08:00:00
b41c8a7dc983fb5e,2026-01-12 05:00:00
ad98fc4648ace4aa,2026-02-13 23:00:00
824449cc8a8e56ea,2026-02-03 01:00:00
361c651b73ccd596,2026-01-30 00:00:00
5f94b04ed0689c49,2026-02-10 05:00:00
dff3d3d030325b9e,2026-01-25 17:00:00
5a76af3a6a32c8d0,2026-01-27 18:00:00
2cf259cdf7d70fda,2026-02-02 02:00:00
a6e787a291d6ee4c,2026-01-14 04:00:00
f0b3b4d69553a4ec,2026-02-12 23:00:00
ce7f80dee5ed922e,2026-02-01 01:00:00
9e701b5a97b8b369,2026-01-31 00:00:00
682d831a34ee69a5,2026-02-01 08:00:00
b1717fa738a33d79,2026-02-11 15:00:00
6d6668d0f2462502,2026-01-13 17:00:00
c3a7084e595c071e,2026-01-12 06:00:00
b12eb9dc4838d9e4,2026-02-02 12:00:00
148e796db6503df5,2026-02-12 15:00:00
af31aaa34734d6fd,2026-02-01 02:00:00
ec183066ea9f755d,2026-01-09 10:00:00
601f4f6e29eedfbc,2026-01-21 22:00:00
20e3fe7d2ede816b,2026-01-18 20:00:00
26bf029130781c2c,2026-01-19 22:00:00
0a0b2c4d81fe0811,2026-02-09 16:00:00
10180d9d76d27175,2026-01-18 17:00:00
2c8108a13a8a4900,2026-02-02 19:00:00
bed1ed05804919d7,2026-01-04 23:00:00
ae353e86e881c17f,2026-01-28 22:00:00
f0c7372c3a1b7cc4,2026-02-03 20:00:00
8cb0ce8e180b6900,2026-01-19 00:00:00
1e0cbbca3b9c52f1,2026-01-27 13:00:00
fc5c9ea1d0cd9672,2026-02-08 16:00:00
b942cc3bac925ed4,2026-02-08 11:00:00
111915631a2e6d4d,2026-02-13 15:00:00
6a6db1da5f7a468c,2026-01-30 02:00:00
abe984807c4b9eb7,2026-02-07 21:00:00
273d8ba43f3243c4,2026-01-14 08:00:00
69ba23a7b50d2c6e,2026-01-07 04:00:00
58754d8ea0f584a3,2026-01-05 05:00:00
a2a04232c9fd7af3,2026-01-02 21:00:00
c393a516496e5105,2026-02-06 09:00:00
938339ff1f9cc0f9,2026-02-11 10:00:00
423517da72ba4f58,2026-01-15 02:00:00
4b97dc9a0f720d4a,2026-02-09 10:00:00
e488d1655f43fa9d,2026-02-12 23:00:00
2a683b1fee2318f9,2026-01-30 22:00:00
8bee6f4711ec474d,2026-01-25 13:00:00
402999405200d059,2026-02-09 00:00:00
7b0c63740d27afa2,2026-01-31 08:00:00
38ab6a419a5d2e03,2026-01-29 16:00:00
197e1eb37b37b60b,2026-01-10 01:00:00
0e7626479730e4ed,2026-01-14 17:00:00
0f2a7e76824dc9f7,2026-01-20 13:00:00
8f8c5e7dc2cba709,2026-02-06 04:00:00
2ad9d4fe352cd028,2026-01-16 04:00:00
c8d4e220a3c17107,2026-01-18 03:00:00
305074d8deb7955f,2026-01-20 16:00:00
459552dd67f11afc,2026-01-06 03:00:00
53c01803fa9aa514,2026-01-06 06:00:00
2cd6910f0fee6314,2026-01-31 05:00:00
ccb551ab6851b188,2026-02-14 01:00:00
f7c78683f4910cf5,2026-01-16 20:00:00
f5442a769e736637,2026-01-18 03:00:00
72be6bc5b44b8914,2026-02-07 04:00:00
a23ee6afc95e2b4e,2026-01-13 21:00:00
f3dfeef87bd2c36c,2026-01-25 05:00:00
20096342fb5ad894,2026-01-08 13:00:00
b48e7059fdf03d5f,2026-01-11 20:00:00
edc8158c572ecca2,2026-01-19 03:00:00
fda02a55882acac2,2026-01-18 19:00:00
d1525a6882ba6164,2026-02-14 05:00:00
41fe493416e1700e,2026-02-06 11:00:00
0b968cdc153339a3,2026-01-06 10:00:00
9af767bc3c4f1084,2026-02-03 04:00:00
0af430b0890167dc,2026-01-06 18:00:00
d3048358f659a57a,2026-02-12 15:00:00
7267f81cb935c5fa,2026-02-06 10:00:00
3a699302cb198d95,2026-01-31 21:00:00
62ee90cee243e77c,2026-02-04 14:00:00
4727ee3119ddc62d,2026-02-03 08:00:00
632330c8f67f6fba,2026-01-18 10:00:00
5a85b75e1d3abe98,2026-01-05 07:00:00
9d9fa497d366a337,2026-01-08 18:00:00
be1fb4f9f74e0c8c,2026-01-08 22:00:00
6b995c4d28092dcf,2026-01-01 00:00:00
2fa96bf753da937d,2026-01-16 01:00:00
3ee3a8974a06bb3e,2026-01-10 21:00:00
d8ed4817586dc14e,2026-01-20 20:00:00
c331d610783a7617,2026-01-10 19:00:00
65912c35ee0efb47,2026-01-12 19:00:00
5c9cf86500bca53b,2026-01-05 18:00:00
922042616829a15a,2026-01-31 15:00:00
74211e873573d994,2026-01-27 10:00:00
838ed33a72fc8c32,2026-01-18 19:00:00
77b43bda93645638,2026-01-16 03:00:00
abe6152542bc2458,2026-01-22 11:00:00
6f9ae6ff31c3f650,2026-01-20 06:00:00
086c3356de50526c,2026-02-12 06:00:00
fb515ce2bdb76242,2026-01-13 11:00:00
0d7de5d99f61511f,2026-01-10 05:00:00
b7337f0a2a4b2682,2026-01-12 02:00:00
ef2923a3879f4ede,2026-01-31 11:00:00
ad9e24a0b2c73b67,2026-01-23 09:00:00
389101b7bb39fa51,2026-01-13 07:00:00
66b13bb04b7641fb,2026-01-26 00:00:00
acd3e41629d18055,2026-01-21 23:00:00
c6a4d82f4588e58e,2026-01-20 23:00:00
790788fb601d45fb,2026-01-12 19:00:00
12591e96a05c6468,2026-01-17 17:00:00
7ec6fb10bd854cf7,2026-02-09 19:00:00
0faf085d5fed68ce,2026-02-01 04:00:00
31d18fa0d6fd1997,2026-01-15 20:00:00
851091a5c2d02760,2026-02-06 03:00:00
ed45ad64e8189077,2026-02-03 15:00:00
c586750d216c3b27,2026-01-19 01:00:00
c828df9a35800982,2026-01-09 05:00:00
d3bbe2941d2af2a1,2026-01-06 00:00:00
988a53c009c841d5,2026-01-13 22:00:00
f3c74f1d8b087bc2,2026-01-22 00:00:00
823962254aaaf7ea,2026-01-12 14:00:00
957059ef66c7f131,2026-01-13 13:00:00
bb57e72f03453a1b,2026-02-02 17:00:00
90d8e6f28ab3c51c,2026-01-27 01:00:00
0f1788362c841326,2026-01-19 06:00:00
f2c76078c364f73a,2026-01-23 18:00:00
fe943a22855d89bb,2026-01-28 21:00:00
8f770a36117c26ac,2026-01-09 05:00:00
2e2a8abfe7b4fecb,2026-02-01 08:00:00
8ca6f79a907883e4,2026-02-06 18:00:00
93f3625cac617d98,2026-02-14 07:00:00
bc6e421a39b370dc,2026-01-26 21:00:00
62da24cb665cf7f8,2026-01-30 19:00:00
96bb7d3f065a2631,2026-01-11 04:00:00
b93bb7fba4029f16,2026-01-03 18:00:00
44c61770dcbe8bdd,2026-02-10 15:00:00
d4b508c3838711a7,2026-01-05 03:00:00
36b9ecdb4de9c5ff,2026-01-11 03:00:00
c3debd382bf24b7e,2026-01-29 02:00:00
5298547b4d36018b,2026-02-06 14:00:00
c14a1285409840cb,2026-01-23 08:00:00
be1365a6bf0f77e0,2026-01-26 03:00:00
7a91aaacfd327299,2026-02-05 17:00:00
bc5200a7f672dcfa,2026-01-24 21:00:00
52205a23262f31a8,2026-01-21 19:00:00
634895d4c2b425b9,2026-01-17 04:00:00
ba6af4db030c8feb,2026-01-03 10:00:00
9e4e43bcef24ebf1,2026-02-01 15:00:00
8a4f16b9581e280d,2026-01-10 01:00:00
75318352735b7767,2026-01-23 04:00:00
1d3dc41c1e3492f8,2026-01-31 04:00:00
af5c7f12c1889f4a,2026-02-13 18:00:00
2f21acd92e3f2254,2026-01-14 23:00:00
014f1383cded669c,2026-02-12 01:00:00
9a59dcfe1e211f84,2026-01-11 17:00:00
289248cc5e162e7c,2026-02-10 08:00:00
9f32bc2de568c7c1,2026-02-07 09:00:00
630bb8a8db193c76,2026-01-02 07:00:00
0d56e7c6ba5f023b,2026-01-06 02:00:00
fcd4f3be491b78ed,2026-01-10 10:00:00
c6bd8cf9d62d4969,2026-01-24 07:00:00
9ba70e191dd6dd35,2026-01-05 01:00:00
ab451220b9b43392,2026-02-14 00:00:00
b1fcf5c009108d2a,2026-01-20 22:00:00
d8f40d5eb2a8f2a9,2026-02-09 14:00:00
ab5689ad579b77d6,2026-01-10 00:00:00
415b9b1b32c40d34,2026-01-04 19:00:00
2540a1e50bf7ee00,2026-01-04 04:00:00
ff52156134246ee1,2026-01-12 19:00:00
5b85a8d289072ea6,2026-01-04 22:00:00
53d0e12f553e981b,2026-01-07 11:00:00
aabaae43c45beb6b,2026-01-04 13:00:00
1cbfc221d50e02bf,2026-01-16 12:00:00
d3d6a061f4e06d06,2026-02-07 01:00:00
11a21a1f4f69df24,2026-02-08 07:00:00
f20c73f496054a52,2026-02-08 12:00:00
d94dfac868e4f89f,2026-02-08 21:00:00
cc878c1f713e6b3b,2026-01-28 11:00:00
1abfba9377ece1fb,2026-01-02 15:00:00
8ddefd4905bf358f,2026-02-02 12:00:00
612d0f8af6d45b83,2026-02-06 00:00:00
071ff26fa50760f7,2026-01-01 06:00:00
038d75744aed00fc,2026-01-23 06:00:00
f4a97d8ce9a07399,2026-01-10 22:00:00
8204a1dd7f9f785a,2026-02-02 22:00:00
d24090f13e217889,2026-02-10 21:00:00
96b13d265d84925e,2026-02-03 00:00:00
21471f99484e5605,2026-01-05 10:00:00
955447966ab905cb,2026-01-27 15:00:00
751ee993455d751d,2026-02-10 13:00:00
37c6e6722eabed4a,2026-01-23 03:00:00
efc79a58da1fa448,2026-01-28 09:00:00
89fd5128b1294c82,2026-01-08 10:00:00
6279134eac52360e,2026-02-11 09:00:00
588c58221e4e9f46,2026-01-21 21:00:00
1931cf31a6b52da7,2026-02-03 18:00:00
a9f9d01a027b3a31,2026-02-14 10:00:00
25162384d0bbadb8,2026-01-24 09:00:00
ef968f6c1bca549f,2026-01-27 01:00:00
d6dc5dc39a219deb,2026-01-22 03:00:00
568ed992716f4e62,2026-01-05 14:00:00
898933492d5a376a,2026-01-31 20:00:00
edca50ab23df51aa,2026-01-23 08:00:00
92e8f5ffaa55891e,2026-01-31 10:00:00
1bead5995224405c,2026-01-01 13:00:00
da78e233f4520ecd,2026-01-05 03:00:00
5b2bc565dd53f286,2026-02-14 10:00:00
5a4dcb7405251c7c,2026-02-12 13:00:00
b57ce70d47f9259b,2026-01-24 02:00:00
4fec2b3b9dba13d6,2026-01-15 02:00:00
e6bd621d52a0f0a5,2026-02-06 07:00:00
11d542b2fa3a8322,2026-02-10 06:00:00
4ec22cbd8add6e03,2026-02-03 12:00:00
ab06216b2dd23d00,2026-01-05 20:00:00
239b6641f0d35ce5,2026-02-06 13:00:00
1762ad056a23701f,2026-02-05 20:00:00
6d8ad745bfa5f3d1,2026-01-14 14:00:00
2395ced0f4932e7b,2026-02-12 02:00:00
4c687d0f8d2b8a5f,2026-01-10 20:00:00
5dbe30f4d5612397,2026-01-13 04:00:00
7ef5c4d21d11a4cb,2026-01-20 01:00:00
093f863b36866ce1,2026-02-02 06:00:00
1b7c4f1379a354d6,2026-01-30 03:00:00
b6b78350affa27b9,2026-02-06 03:00:00
3fd1d8e8ede68e50,2026-01-02 21:00:00
77bc8b6580289bd1,2026-01-03 15:00:00
9ce9f78790c1a12f,2026-01-19 14:00:00
a579df45f5fbdac3,2026-02-02 03:00:00
0aa4eaeee4c2d2df,2026-02-07 02:00:00
f581eb52ac98162d,2026-01-29 07:00:00
1dc7e1c397d4b412,2026-01-24 21:00:00
e5e22e558ca95af3,2026-01-04 22:00:00
c0f69386ab92b807,2026-02-06 21:00:00
d5cc93fac1febcd6,2026-02-05 18:00:00
01015aacc0721624,2026-01-25 05:00:00
a72f3ba1c55ff063,2026-01-23 21:00:00
b3b0ce079eb7b766,2026-01-30 15:00:00
37bb345c365d9796,2026-01-31 22:00:00
0be824fe2a640941,2026-02-11 12:00:00
5b13b1818be9b99e,2026-01-20 19:00:00
1867fc286fd799c0,2026-01-28 17:00:00
edd1ffac03ebed55,2026-01-31 03:00:00
75861ebde6b0d350,2026-02-11 21:00:00
dd3264a1aa872d95,2026-01-14 22:00:00
f010ed144b7d4466,2026-01-29 00:00:00
9596b2c962434b5c,2026-01-10 23:00:00
1a99bbc743720a48,2026-01-22 11:00:00
de7962cf66885211,2026-01-05 04:00:00
6ddd47a8bddb64a8,2026-01-07 18:00:00
5ad42cdc470b41f2,2026-02-09 03:00:00
c2d46692600d33d1,2026-01-02 01:00:00
cfed1b319f9602cd,2026-01-27 10:00:00
bc9496f9f0ebda48,2026-01-29 23:00:00
a837deea78332b47,2026-02-01 22:00:00
c7f7975254530376,2026-02-13 20:00:00
9a9103974caaf8df,2026-01-04 00:00:00
428361f76f08f228,2026-02-03 04:00:00
24b0948ac54a4c86,2026-01-10 07:00:00
9e6d6c9d7b3bc096,2026-01-27 20:00:00
0ef81cd821b7a7c0,2026-01-02 02:00:00
4544a4581cc5efd6,2026-01-29 12:00:00
75756a06be097313,2026-02-12 21:00:00
91da585c583dc2f1,2026-01-27 03:00:00
2abeb4d8fd6dfd7e,2026-02-07 00:00:00
d22ca61c7f82512a,2026-01-14 11:00:00
0d71afab595ad603,2026-02-07 05:00:00
0a7fa3fb14165562,2026-01-22 13:00:00
1bfeb85b861f2367,2026-01-07 18:00:00
84bf541f42872e7a,2026-01-31 06:00:00
64edea61cda3c50f,2026-02-12 04:00:00
9e2b5aef94663f4a,2026-02-14 07:00:00
78198ed841398f3d,2026-02-02 14:00:00
99de93e8e5d8caf1,2026-01-29 20:00:00
6d165638bca3c56c,2026-01-18 19:00:00
081f815259726aa5,2026-01-20 14:00:00
880938f894785667,2026-01-08 00:00:00
2903cfbf578c4fd0,2026-02-01 10:00:00
e337873b4613ecf7,2026-02-13 04:00:00
19a86972198b8d80,2026-02-12 08:00:00
15e3f73b238bce7b,2026-02-06 20:00:00
9284db1e99290334,2026-01-01 19:00:00
d6086b8c9076e10f,2026-02-08 00:00:00
9188a18eb2485bba,2026-01-15 20:00:00
715132ac0c281c04,2026-01-13 17:00:00
05c7104c022914fd,2026-02-10 14:00:00
6011d5013ffa1fea,2026-02-14 02:00:00
e8d52da16647c3d9,2026-02-01 18:00:00
a12e677999a07871,2026-01-24 11:00:00
8edafdfe8294d955,2026-01-04 09:00:00
094a8be1ecc9e233,2026-02-01 19:00:00
43cba3e8c1b9d9bd,2026-01-27 23:00:00
f0d7e9bcdfd1f757,2026-01-17 11:00:00
d038a8a2787aca14,2026-01-08 14:00:00
a383f7965731c826,2026-02-14 05:00:00
49afe2e397bde963,2026-02-06 01:00:00
ba17286ac37fe409,2026-02-01 11:00:00
a988beb627b85587,2026-01-10 00:00:00
d90c6217b08ed70f,2026-01-04 02:00:00
cd849afa5630b76a,2026-01-04 09:00:00
a9506ab2dd64c4bc,2026-02-06 06:00:00
f58dc98911916e12,2026-01-26 19:00:00
f71d1ed3fed96a48,2026-01-05 02:00:00
117c729e90f2d7e2,2026-02-02 03:00:00
1a02a856864094e0,2026-01-27 10:00:00
bc47786ac2b925e8,2026-01-09 03:00:00
c0c8f0dc44a98c33,2026-01-17 17:00:00
ab7be9344ebb3d7d,2026-01-19 07:00:00
b6955bcdf5ca4723,2026-01-28 17:00:00
dcb270952c43e348,2026-01-23 12:00:00
37dfb41f660e5f08,2026-01-28 14:00:00
391660f5277f248c,2026-01-10 08:00:00
21b607fd4bd8fb43,2026-01-23 19:00:00
b9b089dcbe1219a6,2026-01-09 16:00:00
9400a7b8c8495ffc,2026-02-04 06:00:00
d224513501e0bdc3,2026-01-10 20:00:00
ac1f8ace7102c9f4,2026-01-06 01:00:00
0dc5c24f5e5c4487,2026-01-20 02:00:00
e9191a0fb7fcb967,2026-02-12 15:00:00
47f08c39a852794c,2026-02-04 20:00:00
e4343274ceccc938,2026-01-14 17:00:00
f6eb7fd9df60957a,2026-02-12 02:00:00
09c11d5c9e7b0066,2026-02-02 01:00:00
97bef8c82d7dee6b,2026-02-12 11:00:00
3c784605fa5f4fa2,2026-02-11 12:00:00
79934698b67df053,2026-02-03 04:00:00
51200fb6008c8e4c,2026-01-20 08:00:00
ae07d031d5cdae3e,2026-01-23 23:00:00
d607d4bea98fa540,2026-02-13 22:00:00
a57327471ff952c1,2026-02-03 00:00:00
505ac58b60099f56,2026-02-01 21:00:00
6a45f7bb6ce2bd8f,2026-01-01 00:00:00
615b401d405e8af6,2026-01-29 18:00:00
f0ec9781c4106840,2026-01-11 12:00:00
a233c75db7a08670,2026-02-10 06:00:00
868686fad02139b0,2026-02-11 19:00:00
e83b1cd06d7c8242,2026-02-09 04:00:00
80628646b9b63142,2026-01-05 21:00:00
ecd1fad947d003e5,2026-02-14 15:00:00
0a2405c32617cd15,2026-01-07 04:00:00
9b55079b76b861d2,2026-01-21 18:00:00
e728f5954566606f,2026-01-06 07:00:00
e9dd2c11a507417a,2026-01-06 15:00:00
d0e2cf0ae9a2ccd6,2026-01-14 17:00:00
59434d62b76a56c9,2026-01-15 16:00:00
3adcce49491082a5,2026-01-11 12:00:00
75a703fa052ff1f4,2026-01-29 17:00:00
a7757b93cd3fbff2,2026-02-08 12:00:00
55daa8734f2f3b8f,2026-01-25 13:00:00
540b8578c04e51fd,2026-01-29 23:00:00
a338e4020e22b740,2026-01-29 20:00:00
61001c5c7f2f583b,2026-01-10 17:00:00
fa2eb21479c4b197,2026-01-15 08:00:00
1eaf738e0b765789,2026-01-30 16:00:00
8f7870c8f5b7cf4a,2026-02-07 21:00:00
1c74be9143a9cc10,2026-02-05 19:00:00
32d9d362332e157d,2026-02-08 13:00:00
357b9259b4f64c1c,2026-01-21 22:00:00
4aeeafd05915ccde,2026-01-21 06:00:00
1b1314c239ebd6e6,2026-01-26 07:00:00
dfae380b0f99e5d1,2026-01-08 17:00:00
a81d9311f07ea301,2026-01-02 08:00:00
e9039a620044e885,2026-01-07 07:00:00
e75fe6105a7240ab,2026-01-05 09:00:00
0ae26e08fc579173,2026-02-06 23:00:00
4e38b81919a74a77,2026-02-06 12:00:00
9f89dd86c8246a61,2026-01-14 00:00:00
1c973d6edb0a67b7,2026-01-30 00:00:00
d883eb317b79c1ae,2026-01-13 05:00:00
e768eef9eff55fa6,2026-02-14 19:00:00
eaef2efc17813ff2,2026-01-25 09:00:00
2b12494147878a25,2026-02-10 05:00:00
1b9be63008c48b7f,2026-01-15 23:00:00
4d881397bf07d204,2026-01-15 01:00:00
68650d24fcd50f78,2026-02-12 10:00:00
44e74f1b4357f63a,2026-01-19 00:00:00
f5bf44fd3d57b2d8,2026-02-06 20:00:00
63a987741c71d989,2026-02-08 00:00:00
40d512baad1de533,2026-01-10 22:00:00
2f379147249cfa1d,2026-01-17 00:00:00
a40a56fba5e20c02,2026-01-04 20:00:00
c8eb674aa425ab12,2026-01-04 16:00:00
5da6f9abb5f3ccd0,2026-01-20 06:00:00
828e9c9a5761a644,2026-01-13 08:00:00
253caaf966d7bd7e,2026-01-12 06:00:00
6cea3aa65af065a4,2026-01-22 19:00:00
41b730c863aaecf4,2026-02-03 12:00:00
6338ac697d41b8f3,2026-01-25 21:00:00
cd4b58d01ba3aa30,2026-02-01 23:00:00
e8948df933944304,2026-02-08 10:00:00
d5770631617ad93b,2026-01-15 18:00:00
62d106792f8192c4,2026-01-31 14:00:00
2c00636526d82111,2026-01-28 07:00:00
4ebf0fe59f3fdfdd,2026-01-25 18:00:00
d01b9794336ae62e,2026-01-22 04:00:00
133670bfa6842a01,2026-01-01 15:00:00
517818559add80c2,2026-01-31 15:00:00
b2c43b2d532207aa,2026-01-24 18:00:00
af825496be3cd20f,2026-01-11 20:00:00
34295657df3dfcec,2026-01-11 11:00:00
7fac4ce0610fbc86,2026-01-03 09:00:00
f3120a53e71c7929,2026-01-24 16:00:00
634035c81f566ff4,2026-01-12 11:00:00
eb38dd337393b512,2026-01-09 22:00:00
305280bd9ae3c4f1,2026-01-24 18:00:00
4d632dcbad5d04c9,2026-01-08 11:00:00
19d15eb582a01b4e,2026-01-22 15:00:00
b1273bbe61fb5a6d,2026-01-14 05:00:00
04a417bb838ab079,2026-02-09 21:00:00
f29ad089daa6ff40,2026-02-06 07:00:00
dea6cbfe593d7173,2026-01-13 19:00:00
7996a1f82b553cf6,2026-01-25 10:00:00
00a4778c9c3dbcd3,2026-01-07 06:00:00
1730086bf6bd57d5,2026-02-08 22:00:00
c95092f844853c5f,2026-01-17 18:00:00
33ecfe258e2860be,2026-01-25 17:00:00
37a51ff7b0cee528,2026-01-23 04:00:00
22ff671fef27570f,2026-01-04 02:00:00
bc99633b2b8aced1,2026-01-18 13:00:00
1ac948d6312e0487,2026-01-06 20:00:00
1949f5cc7b454001,2026-01-30 17:00:00
5b2b139b829e2693,2026-01-30 14:00:00
6b029477dc749369,2026-01-03 07:00:00
421f0e811815c390,2026-02-07 14:00:00
31edc5582f3222f1,2026-02-09 02:00:00
c0b0280c8ad38b39,2026-01-21 09:00:00
65f280cb861b6aef,2026-01-14 22:00:00
6af32fcaae920944,2026-01-02 12:00:00
2497ca4b09b39a7a,2026-01-17 20:00:00
2277dcceb9b5d1cb,2026-01-06 11:00:00
59b717d23a3efd2e,2026-01-14 06:00:00
0ab0fbb2a8beae4c,2026-01-28 09:00:00
06d7a68ce5bc3384,2026-01-23 02:00:00
b525f2a70dce140a,2026-02-02 11:00:00
568588c54502712d,2026-02-03 11:00:00
66c93079dd60af00,2026-01-08 18:00:00
4a531fcc8c503fe7,2026-01-02 16:00:00
9c7178f54df36953,2026-02-13 03:00:00
cfc541038ea92144,2026-01-22 09:00:00
5cd79bb60ada88a3,2026-01-04 12:00:00
05a40bce7089107d,2026-02-04 21:00:00
cdb5021bb7291487,2026-02-07 07:00:00
62f55118b4203cdc,2026-01-26 07:00:00
84dae4261479572e,2026-01-22 06:00:00
24dd8dd921623c9a,2026-01-09 08:00:00
39f91d9c66657c8d,2026-02-14 03:00:00
3a48b6111250ddaf,2026-01-31 23:00:00
d230c261905034ac,2026-01-25 06:00:00
eaf641a5b638fc05,2026-01-09 02:00:00
db2882e766f97c0a,2026-01-21 16:00:00
511da6ce7a848583,2026-02-14 13:00:00
c8871477455dd899,2026-01-12 11:00:00
b505382df5fe2c1f,2026-01-11 01:00:00
b23e2a4b04f4c8d3,2026-01-21 16:00:00
fa0b56f4dc7b4c7c,2026-02-13 23:00:00
72b5bf00d70f3d10,2026-01-21 05:00:00
7356109953c47a53,2026-01-25 09:00:00
df3bb9ad27a94887,2026-01-21 21:00:00
233ad75541146484,2026-01-13 00:00:00
6647e75eff5dfe4b,2026-02-07 03:00:00
78411cc63b2e7af6,2026-01-29 17:00:00
bd5c1594b536bd50,2026-01-29 00:00:00
cc5a54c732a66bce,2026-01-27 20:00:00
c58d5d81138b2d96,2026-01-23 12:00:00
b65b393bf1e932c7,2026-01-10 12:00:00
0d0a0d77a63cf9c3,2026-02-11 03:00:00
ed6d50a994fddc5f,2026-01-31 16:00:00
b06ab426014b9230,2026-01-15 22:00:00
660678914466e657,2026-01-25 16:00:00
e5e91d71a71af274,2026-02-08 07:00:00
19887d634767b7d8,2026-02-11 15:00:00
78a0eb355e81edd3,2026-02-01 09:00:00
273d5a0aef2c3479,2026-01-30 02:00:00
beb2556c3278d9b5,2026-01-18 15:00:00
3e9d635443d65c84,2026-02-06 06:00:00
6b6ec2e44a3b4288,2026-02-11 20:00:00
b7651283f5ddd0e7,2026-01-14 09:00:00
0bdeb25e4715f5ad,2026-02-12 22:00:00
de99e1f4aae26df7,2026-01-13 05:00:00
7bfe1d1bff5cc079,2026-01-08 14:00:00
78aae56790db5a92,2026-02-04 07:00:00
f4b99a0fdbf2e804,2026-01-11 04:00:00
ed3b0997a042fd52,2026-02-13 05:00:00
53ec42c95604a8dd,2026-01-09 23:00:00
30061232b2f7d502,2026-02-10 19:00:00
a27a4ac63af6972e,2026-01-24 09:00:00
61fee1f720226f7e,2026-02-11 07:00:00
30d30e89d25e8dcf,2026-02-11 15:00:00
6b6dc3b408c09459,2026-01-19 15:00:00
8036727c18d0ce36,2026-01-08 17:00:00
e26819b5f486f447,2026-01-12 18:00:00
c871f56b7750b96b,2026-02-03 00:00:00
6ff1654e0eceaedb,2026-02-05 20:00:00
e026e97541f58c41,2026-01-21 01:00:00
c09ff420a28ea712,2026-02-12 11:00:00
bca08bd65711a122,2026-01-10 01:00:00
de53c6d70b4b1f9c,2026-01-27 05:00:00
15f10151e910f3b7,2026-01-25 20:00:00
8bfe83b98659dee9,2026-02-01 09:00:00
81f3a22d6f31406d,2026-01-11 02:00:00
8e72d4728bfbc53b,2026-01-19 15:00:00
384c62ac76b93715,2026-01-24 16:00:00
f5c4514131cc842c,2026-01-26 08:00:00
a0a4609c6ded15a9,2026-01-10 14:00:00
5cda2c5140e54d21,2026-01-26 23:00:00
d60de308491fbb1b,2026-01-01 08:00:00
cf35fdfb965e76f9,2026-01-20 16:00:00
874ee918b474ab1b,2026-02-02 12:00:00
64f45f5c78205946,2026-01-26 11:00:00
0f954f1ba05a6ac6,2026-01-13 08:00:00
ab94004a1c1221dc,2026-01-19 17:00:00
23da5f3cd0418842,2026-01-02 11:00:00
c1f808c9467db7ce,2026-01-22 20:00:00
00a14b7cd06b5c29,2026-01-06 20:00:00
d733f709c0402ac7,2026-02-02 11:00:00
a2d1323e09af31a3,2026-01-17 05:00:00
7cdd79a01b4f9327,2026-01-07 05:00:00
ae5a8d36b2155939,2026-01-05 01:00:00
5c434852be3278f0,2026-01-18 02:00:00
d495a7e33290b9e0,2026-01-22 02:00:00
dac74eb8fb14f96e,2026-01-22 17:00:00
1d18bd85417873bb,2026-01-15 17:00:00
098712c8ead9f559,2026-01-26 18:00:00
414ee21f908dab98,2026-01-18 22:00:00
2de147ced499a25b,2026-01-22 20:00:00
a7283d9eb759d5ff,2026-01-08 15:00:00
8f8a277fecfee986,2026-02-12 15:00:00
ed79067c37d83eaf,2026-01-28 11:00:00
d4d5032ada780560,2026-01-28 22:00:00
d8fe2b1f1fff6508,2026-01-09 20:00:00
3432d6d512b89d8d,2026-02-06 05:00:00
ecd211a2ed2a2377,2026-02-14 04:00:00
f7246a12e5f303ca,2026-01-22 06:00:00
6541d38f295b47fd,2026-02-14 09:00:00
8f5d1430c1ee364a,2026-01-06 00:00:00
9ce2c265bc0083e3,2026-02-08 22:00:00
7ce45029221a66d3,2026-01-06 14:00:00
88aa1e9216a46f86,2026-02-08 20:00:00
09d1e9f51516b9ee,2026-02-01 01:00:00
529eb98bbf062eba,2026-01-30 07:00:00
b55f7bd59a521aed,2026-02-12 06:00:00
4bd9338212bf75c2,2026-01-06 14:00:00
497ec6a8f7424e39,2026-01-19 13:00:00
f2d6977fd6f63195,2026-02-05 07:00:00
53d20478ff7f6871,2026-02-13 21:00:00
257d3d39e8418518,2026-02-03 22:00:00
ef2deb5f997cbd46,2026-01-30 10:00:00
ab77deef34fb0271,2026-02-01 19:00:00
88176845094c068b,2026-01-08 06:00:00
a15e0aa1451a9405,2026-01-01 07:00:00
6b2fa2e345c16806,2026-01-15 14:00:00
d78f5aa4f7364b3c,2026-01-30 16:00:00
07a99a90a097b0e0,2026-02-02 17:00:00
98cb49b9f310cdd0,2026-02-09 12:00:00
ba64f803b668add0,2026-01-04 20:00:00
e552a812a3ffb546,2026-01-22 06:00:00
02f86e044a476f92,2026-01-28 12:00:00
1fa49381b872de9e,2026-01-12 04:00:00
951b5d18d5470b77,2026-02-05 02:00:00
ab8fe094fb9f639e,2026-01-01 20:00:00
115fd43877775a64,2026-01-14 16:00:00
8ea295cb377582b9,2026-01-22 12:00:00
305f4352e2a6a0ec,2026-01-29 17:00:00
387f5d86ab794b2f,2026-01-18 06:00:00
92f6aedca44edd2f,2026-01-16 04:00:00
9a38262835a4cbe1,2026-01-20 18:00:00
121b154c09f08c64,2026-01-11 19:00:00
b9536d8a2ed66868,2026-01-14 11:00:00
96cb36f31c3196ba,2026-01-23 05:00:00
fad171cc95c00475,2026-01-19 20:00:00
32695dad4141ae0c,2026-01-10 04:00:00
f67ce76e2b36f059,2026-02-06 18:00:00
7fe60c286820772d,2026-01-15 14:00:00
7264c1a572733687,2026-01-26 00:00:00
1fe094dca9fea82b,2026-01-16 16:00:00
ea79d468cd233186,2026-01-08 18:00:00
5b3281dd9045d373,2026-01-11 21:00:00
4dcf3a1d029e32be,2026-01-07 02:00:00
330932e31664ef5d,2026-01-23 05:00:00
2b882df0353f7d51,2026-02-14 18:00:00
33e3c4f3541817fc,2026-02-09 12:00:00
2be50a4ac729bb16,2026-01-25 17:00:00
ed9dc2185af0f0c1,2026-01-10 10:00:00
9bae8fe709f04c5a,2026-01-02 15:00:00
67f923dce0c6a36f,2026-02-07 06:00:00
f1e082039b54d121,2026-02-14 14:00:00
4d1cf243bc723ad3,2026-01-25 19:00:00
f2922b526964fd61,2026-01-28 09:00:00
a35e82cbea634b0a,2026-02-01 19:00:00
0d5e6af67195ddbd,2026-01-24 15:00:00
a847e59e75fb5c4f,2026-01-15 17:00:00
10182bfb64e4ec09,2026-01-26 23:00:00
51c1a9c80459cc64,2026-01-28 01:00:00
879ec19f85600beb,2026-02-08 21:00:00
bbf9928b0b25ce67,2026-01-27 05:00:00
de1535847d91b363,2026-01-22 02:00:00
2cd5e4ae5620c229,2026-02-09 23:00:00
c423e99989d00a88,2026-02-04 03:00:00
bebb4232acb58c69,2026-01-17 02:00:00
e321c1d08a1696c9,2026-02-02 18:00:00
2171c6fd9ddee457,2026-01-16 07:00:00
60a1e0f61f4cd017,2026-02-11 18:00:00
e156ef2dfc2571ca,2026-01-03 21:00:00
68732085294dbfcd,2026-02-03 12:00:00
6aa84c090ba42c89,2026-01-10 00:00:00
e9eb7c5e56d98009,2026-02-11 12:00:00
60d96565b0d5d7cb,2026-01-02 12:00:00
544a88089c4dfc3b,2026-01-26 02:00:00
085485fd8d9bc18d,2026-02-04 01:00:00
f7bf95ae28d4bcd4,2026-01-07 13:00:00
9684163182f9f0b8,2026-01-28 04:00:00
3ce2209750c07d9d,2026-02-14 16:00:00
aab13c4915b819f3,2026-01-22 01:00:00
3b46fcfc22cc1e4a,2026-02-13 07:00:00
df947d8b6b35798a,2026-01-19 01:00:00
77c890083e7e4e72,2026-01-02 04:00:00
c4bcb1407a924b11,2026-01-29 02:00:00
714503da8c20cf53,2026-01-02 15:00:00
11db0831aac9af36,2026-01-11 00:00:00
64acc6e87ef10d8f,2026-02-09 16:00:00
f045386a6877fd9e,2026-01-15 02:00:00
17bee09bb6a03056,2026-01-26 14:00:00
c54dc022d85cb155,2026-01-06 08:00:00
bdea6bbabaa30e12,2026-01-08 17:00:00
215a4f91a2ff881f,2026-02-05 02:00:00
3def2ada76920dac,2026-02-02 18:00:00
6fab507bcdcbcd2d,2026-01-31 19:00:00
e6536412e727187d,2026-02-10 14:00:00
e76c791387aabe96,2026-02-07 04:00:00
920c0b0a7ab7b0f6,2026-01-03 03:00:00
c0104ab36cc76e92,2026-01-02 03:00:00
aff220d62acf246e,2026-01-02 12:00:00
bcf9825ba6b9df9f,2026-01-12 09:00:00
b2d385cd1b570e03,2026-02-06 18:00:00
243f9ae13ad398b8,2026-01-06 23:00:00
e7632b190bab5f4a,2026-01-23 08:00:00
bd6b57bf5736e712,2026-01-08 02:00:00
1ddd7819d6a8df53,2026-02-06 23:00:00
2d51ee51b9f12962,2026-01-02 20:00:00
8daf090893ab1235,2026-02-03 11:00:00
44a215e719d2cc4d,2026-02-04 05:00:00
8702ed99ad9c8f12,2026-02-06 09:00:00
adc9a51a6d3bc6e1,2026-01-01 16:00:00
f1e47b5187db8af8,2026-01-04 17:00:00
ab1548e6a5258852,2026-01-30 21:00:00
6123d6ebb01df2d2,2026-01-30 05:00:00
fc5ef64317a89997,2026-02-04 01:00:00
bfeabd92e2617e80,2026-01-31 17:00:00
049d55ec3320e560,2026-01-15 18:00:00
316c6f18dbd8a2b6,2026-01-18 02:00:00
12eca94f847d3e04,2026-01-07 22:00:00
dac7f96a9a346b74,2026-02-14 05:00:00
2e3d66a8487cbe7a,2026-01-24 15:00:00
71848c58159b9468,2026-01-11 16:00:00
ddda16f322f6a317,2026-01-09 05:00:00
3331d1a1a894ac18,2026-01-02 12:00:00
22982f3bd04c6e37,2026-01-15 13:00:00
b0028014547d33eb,2026-01-31 07:00:00
91ebf0ebd32f6f23,2026-01-19 03:00:00
041a877ba01ee252,2026-01-18 16:00:00
b2032cf343190ae7,2026-01-26 17:00:00
b8b3c30e011c27de,2026-01-08 19:00:00
6692307da8b1a9b6,2026-02-04 01:00:00
fb5676dedfb287e7,2026-01-01 05:00:00
c05347942e1a22fb,2026-01-05 06:00:00
8395352229e1b2d8,2026-01-31 19:00:00
a9eb0a011eca688e,2026-01-01 16:00:00
a54184efc2873721,2026-02-09 20:00:00
ef3d171f1e1c1192,2026-01-29 16:00:00
d8be778648daa285,2026-02-02 05:00:00
120bff0607d75605,2026-01-21 05:00:00
8e389893d539674b,2026-01-24 09:00:00
0caf60308a7a9ffb,2026-01-25 10:00:00
43b81ad07a1c3a8f,2026-01-19 03:00:00
5fdc9fa52e1796bd,2026-01-15 05:00:00
c42fd6c3468f4ba6,2026-01-31 06:00:00
8560dd0291c3eb73,2026-01-26 09:00:00
2b3f7cfa951f9acc,2026-01-07 10:00:00
da189f29774e0656,2026-01-25 20:00:00
13fe05b1d8945c61,2026-01-29 12:00:00
b9ef78b82e433e47,2026-01-13 07:00:00
fbb42a1dd308d616,2026-01-14 16:00:00
8323111321f13969,2026-01-23 05:00:00
a9330a51fc6ba743,2026-01-04 09:00:00
679cb458e8b16c30,2026-01-31 04:00:00
d8630dfbd17435e5,2026-02-04 04:00:00
f868918499b8474c,2026-02-01 19:00:00
04ebddcf32098026,2026-01-15 08:00:00
e2f1be01764356bd,2026-01-22 17:00:00
a7ed84bb5b58b22f,2026-01-27 18:00:00
bf2998a6b6b26b89,2026-02-02 20:00:00
61ba3ccf566babf5,2026-01-31 22:00:00
a3196c93954d3494,2026-01-02 09:00:00
7d0975d5d2b2d648,2026-01-29 05:00:00
3395fb319c0d1f11,2026-01-24 15:00:00
3b20150b24a31744,2026-01-26 06:00:00
8fc1f1687cef5cb3,2026-02-03 22:00:00
e6472cd8eafe84e6,2026-01-30 13:00:00
e5fe6d97b3f9432a,2026-01-08 19:00:00
597c2900894061eb,2026-02-10 09:00:00
eecfedd6c2068021,2026-02-11 04:00:00
e86d5e61011a2f06,2026-02-03 04:00:00
cd9c7fca74825958,2026-01-10 21:00:00
eab9b7e01b4c8d42,2026-01-24 00:00:00
259be284155e94b1,2026-02-09 01:00:00
ada90221dbf3a883,2026-01-26 14:00:00
38e06092cb95fa7d,2026-01-01 11:00:00
b35057d84c5340e8,2026-01-21 03:00:00
53320b246f07971c,2026-02-11 16:00:00
c2053286c9a3f602,2026-01-03 04:00:00
f44c6d9f79cf4257,2026-01-10 05:00:00
b9c19ed5a9502a91,2026-01-14 05:00:00
d756ab53a79cc360,2026-01-12 10:00:00
d9874697f824bf58,2026-01-24 15:00:00
a81168f81c1e7b93,2026-02-01 20:00:00
cf238bb64526da76,2026-02-04 03:00:00
3781fbe4d628d8a4,2026-02-06 10:00:00
b95db3798c1a55ed,2026-01-22 21:00:00
b864f54059a30bff,2026-01-17 17:00:00
6f58ac2ac90c6719,2026-01-25 15:00:00
ae78cc2ed2537e08,2026-01-30 14:00:00
214508c5f67ae99a,2026-01-27 12:00:00
6e3b8142ac4dbe73,2026-01-26 04:00:00
9f7a2ae427992968,2026-01-28 11:00:00
0f2469cfaa3f0bb9,2026-01-13 03:00:00
b20da086ce3cabb3,2026-01-31 15:00:00
a8afc24eec93f00c,2026-01-29 18:00:00
d482f2b8b6dc6024,2026-02-03 11:00:00
69d52c244226a6b9,2026-01-20 21:00:00
754f35e550c3de09,2026-02-11 04:00:00
7fe4a3340206d8f9,2026-02-04 07:00:00
211e2af7531e0cf8,2026-02-01 05:00:00
3d7e7e280c27f1dc,2026-02-11 07:00:00
d151b6cbe9256688,2026-01-10 12:00:00
eec814df201c5a62,2026-01-25 15:00:00
8b6ceab6eac43607,2026-02-13 11:00:00
52904e6717dbc456,2026-01-25 08:00:00
8253dad4eee9e9f6,2026-02-01 05:00:00
c00ba330a9224b7f,2026-01-31 06:00:00
7f2ca288ec6b1a6c,2026-01-18 14:00:00
2b37454b33316f87,2026-01-12 03:00:00
ded3ec421e8e8dfb,2026-01-28 03:00:00
b23396415c55d4e0,2026-02-10 09:00:00
977ae5acddf9c1cc,2026-01-03 10:00:00
4764519eba502853,2026-01-10 07:00:00
75e73d0d0717c0bd,2026-02-01 12:00:00
f0dc3b5c309a4711,2026-02-08 10:00:00
9b723943befe9aa3,2026-02-04 04:00:00
395e817605140662,2026-01-25 16:00:00
72b481b21661bb1b,2026-01-08 20:00:00
b1fd406ed3d39a32,2026-01-09 21:00:00
64048d7421383922,2026-01-09 15:00:00
0713bf29cd658833,2026-01-24 05:00:00
0bb28343d04740e7,2026-01-21 08:00:00
c2bdb536d7ee3af2,2026-01-17 15:00:00
f1f42842ebfa7216,2026-01-17 23:00:00
28c0dd7ef780bda1,2026-02-06 02:00:00
caa094cd41fea3d1,2026-02-13 07:00:00
b91d1bd653618ff1,2026-01-27 15:00:00
efe42ce3dcfd4abf,2026-02-02 14:00:00
c7a410c35ced8ad4,2026-01-08 10:00:00
ff9de6e5a0d26475,2026-01-03 01:00:00
59ef14fb0e44ea65,2026-01-20 07:00:00
844d537e91e431af,2026-01-31 04:00:00
61905cfb74f6d07a,2026-02-07 15:00:00
8037ba77d8ba9efd,2026-01-13 23:00:00
707a996c2496e868,2026-01-19 18:00:00
64e6b0ee8f693619,2026-01-19 09:00:00
8812349bd71baeeb,2026-01-04 07:00:00
3babebfdb70524ae,2026-02-05 19:00:00
94003655318d9c0c,2026-01-08 22:00:00
c5ab642857ef4dd4,2026-01-28 21:00:00
0c9a74ebd2d21080,2026-01-24 06:00:00
3cfba8e3d046e353,2026-01-10 12:00:00
aa4ddcaf218fed7c,2026-02-07 19:00:00
2067b2791cd10e1f,2026-01-09 17:00:00
4385013fc8ca7f95,2026-02-10 02:00:00
b2f5b9c51a0658ff,2026-01-06 17:00:00
0b0a825aa3d2053c,2026-02-09 04:00:00
2d2ece0090c86c7a,2026-01-22 11:00:00
2e8cb24539b68b34,2026-01-25 11:00:00
cab7985615631a3f,2026-02-07 23:00:00
7740530526c2a175,2026-02-11 18:00:00
58a092ae7ee87c0c,2026-02-10 08:00:00
7403c58d1eb25cd4,2026-01-12 05:00:00
ad1b1c8452e26ba2,2026-02-06 03:00:00
999fc6996a905088,2026-01-30 23:00:00
8e24bbcbe4fcb247,2026-01-26 09:00:00
f3c28b93bfcc1d06,2026-02-03 12:00:00
0aa1ed5b94ab91e2,2026-02-14 00:00:00
5b9b7129cc4f934d,2026-02-14 02:00:00
6f579dd5ad28c18e,2026-02-03 13:00:00
c2177395cfd2a59c,2026-01-01 06:00:00
0708b66657b46cb3,2026-01-16 09:00:00
5225e9235aad5930,2026-01-12 14:00:00
201767c864e96861,2026-01-24 19:00:00
736e8e27ea417c74,2026-01-02 23:00:00
8a2c533d514edb9c,2026-02-03 19:00:00
44ec21b569b667fc,2026-01-28 01:00:00
169d99db7ee13114,2026-02-10 02:00:00
0f9d601d2d027f25,2026-01-18 22:00:00
82d0eceb4f3a922b,2026-01-10 12:00:00
ad0198bee1dfecea,2026-02-13 13:00:00
5606207df1456e09,2026-01-03 01:00:00
db4aa765cf17a517,2026-01-16 03:00:00
bb6e315c0670815c,2026-01-28 20:00:00
a72e37a8c1f40b49,2026-01-13 01:00:00
a9f1f18915ff4b30,2026-01-28 20:00:00
c6bb75aa959f58ef,2026-01-17 10:00:00
12e7bfccee5fbb88,2026-01-30 05:00:00
8efdd56f427f0b30,2026-01-05 13:00:00
30e769dda794ef65,2026-01-02 05:00:00
7d3faa9ed242642b,2026-01-21 15:00:00
a28de0de0439437c,2026-01-04 22:00:00
ce5b660752d88e16,2026-01-30 13:00:00
c4661256556ae4f8,2026-02-11 23:00:00
ce5f63e191c53c2a,2026-01-25 15:00:00
fe6ccceda6f5625e,2026-02-07 07:00:00
b2a7b1c2cd4c9b28,2026-02-05 09:00:00
1f21e5c4843e76b5,2026-01-15 16:00:00
834d2c32bca27604,2026-02-07 06:00:00
8c7c417b4c62be3c,2026-01-06 20:00:00
2b46a1875a45a60a,2026-01-17 12:00:00
64feb485d2e8022d,2026-01-22 09:00:00
aad16f94896aa37a,2026-01-07 15:00:00
49ff78e6c2500e99,2026-02-07 21:00:00
ae4c623c98257688,2026-01-14 15:00:00
01780a880bf95a41,2026-01-11 08:00:00
ecd0bb471d59ddb4,2026-02-14 10:00:00
da6286a91f018b5b,2026-02-09 10:00:00
4d687e400d67b762,2026-01-28 07:00:00
8fe7b1cbab91f787,2026-02-14 19:00:00
a66cd0bc9db328a6,2026-02-03 12:00:00
20a2ac67538f9b13,2026-01-28 17:00:00
5f9dc7fb6eb1d69b,2026-01-01 12:00:00
e9e70d66286a3237,2026-01-14 17:00:00
1784cadd87795515,2026-01-02 11:00:00
fedf9a3632cfbd5c,2026-01-29 23:00:00
2574ae7100622a2a,2026-02-02 09:00:00
7c0276f9d9722bd7,2026-02-09 16:00:00
737e8033d0cba862,2026-02-11 17:00:00
7252e6e9095db6fd,2026-01-24 05:00:00
44ed27dbfbb223a9,2026-02-10 11:00:00
fac8863f9a892a12,2026-02-05 05:00:00
e67f178e76cc2c2b,2026-02-09 19:00:00
5fc65d66187d891a,2026-01-22 07:00:00
cc69b412af4da127,2026-01-30 20:00:00
8a3c0e6df8c841c9,2026-01-27 19:00:00
21a2e31188211e62,2026-01-12 11:00:00
dc245eede5cfb8f3,2026-02-08 22:00:00
405831501c1a5918,2026-01-07 13:00:00
8beeb4859e9f2314,2026-02-07 16:00:00
9dbcd55b2156b719,2026-01-15 18:00:00
e54cce0c8497cdb7,2026-01-07 01:00:00
6bb53b91fb8d9093,2026-02-11 11:00:00
f2f0e6b172897f4a,2026-01-08 12:00:00
f3d89ea7974bfee3,2026-01-08 07:00:00
201c16fa7e8c9657,2026-01-25 02:00:00
762941ace7072f06,2026-02-14 10:00:00
a63e700c72bd2028,2026-01-30 09:00:00
273735e57175eb03,2026-01-01 05:00:00
a18273f4a21abd97,2026-02-13 00:00:00
c87bddfcef70d8ec,2026-01-01 11:00:00
ce94f4ca277df87a,2026-01-16 04:00:00
17077038c917ac43,2026-02-02 09:00:00
409d8920ffbd979d,2026-01-13 10:00:00
b9240295f58a7eea,2026-01-19 09:00:00
5b310ec4b95ee34a,2026-01-16 15:00:00
40f66c57d7a086ac,2026-01-05 11:00:00
a1e587c30f1b65b7,2026-02-11 22:00:00
2664e9e388fc9a7b,2026-01-15 06:00:00
fa054fcddd0b658c,2026-01-08 04:00:00
6368175f16e2cfae,2026-01-17 08:00:00
16bb0ca67e1c5579,2026-01-16 09:00:00
f992b0a5780d2887,2026-02-14 04:00:00
f777310c55b49c44,2026-01-20 06:00:00
ed1f6a510f37af1e,2026-01-17 01:00:00
bf9bc2ee4028125f,2026-01-21 05:00:00
48e6bc9aabb9e025,2026-01-31 05:00:00
4675f09410ddf529,2026-01-06 11:00:00
88158c22936b175e,2026-01-30 05:00:00
d0d2716eed202efa,2026-01-23 21:00:00
809c66bb6bd2cce5,2026-01-16 22:00:00
22c82f525ac497c4,2026-02-07 12:00:00
a1fc8d01b96dc6e5,2026-01-14 23:00:00
fb250d4fd52c7071,2026-01-22 20:00:00
5565336745851270,2026-02-05 16:00:00
cfc2c950be981245,2026-01-18 09:00:00
0b87234dbcd2bb2e,2026-02-09 15:00:00
2a7858f906453cb9,2026-01-25 23:00:00
9a023855c0b2b432,2026-01-05 04:00:00
cd06e32caf69fde7,2026-01-29 23:00:00
75ef1cd8532a39ac,2026-01-24 11:00:00
76bc26bdf9dee611,2026-01-13 21:00:00
45619d0d7b454e48,2026-02-10 03:00:00
27d30b57ca377318,2026-02-07 22:00:00
fec97b7904a69876,2026-01-16 02:00:00
831d240c9a10bdaa,2026-01-23 21:00:00
6a176b8104d82125,2026-01-16 11:00:00
99f4cd40ade62193,2026-01-12 01:00:00
d5d64fcd98d5d1d0,2026-01-07 01:00:00
1aab2fe709643b8c,2026-01-11 17:00:00
487e980820c17e13,2026-02-02 07:00:00
eab3ba7c3d405e81,2026-02-09 21:00:00
b6672a50f4ad93d7,2026-01-20 20:00:00
32f35a8153f84189,2026-01-26 13:00:00
9cfefce9ff83ad49,2026-02-09 01:00:00
c6556c7de58e41e7,2026-01-15 01:00:00
4640035e9f1fbbb9,2026-01-31 16:00:00
15f2a450ca262a55,2026-02-14 17:00:00
d8eb7c737dd6238c,2026-02-01 18:00:00
3e036337d69300bc,2026-01-10 05:00:00
24961a4ea7c29898,2026-01-11 13:00:00
cd1ae22eeffb2526,2026-01-23 16:00:00
644c8ad865a53b68,2026-02-13 21:00:00
63ce378473ec0aaf,2026-02-09 12:00:00
2178904dff32a7d1,2026-01-02 19:00:00
eb5c700ca570f2bf,2026-02-11 10:00:00
07c3e0b17a19721a,2026-02-13 22:00:00
018f3fb9a1bf30e8,2026-02-14 16:00:00
862f58a92c378ed4,2026-01-28 20:00:00
7981fbcc121436ce,2026-01-02 08:00:00
ae3009f76011da40,2026-01-25 05:00:00
f0506337ddb5151e,2026-02-13 00:00:00
78536b5536419c2a,2026-01-13 07:00:00
a6f4e621406a007e,2026-02-13 00:00:00
9e873b0565a7a442,2026-01-04 03:00:00
d4d8277db74fba61,2026-02-13 01:00:00
f4ca99a3d01c3b14,2026-01-26 08:00:00
be346cc8c86134b8,2026-02-13 08:00:00
d1b22829ffeb00f0,2026-02-06 19:00:00
1ec3b072a56fc09d,2026-01-13 19:00:00
f432f4c81c813cd8,2026-01-24 18:00:00
b9718a29dd174800,2026-02-11 01:00:00
bae84a597f5deb7d,2026-01-03 12:00:00
b40ba8c8fc1b1379,2026-01-27 03:00:00
d5896a5d703b4271,2026-01-30 20:00:00
a781a15e3879b21c,2026-01-07 12:00:00
4e393e5afd84d3b5,2026-01-02 16:00:00
72827171efecf8ff,2026-02-10 06:00:00
6ee029e24b27edec,2026-02-11 20:00:00
f62c7388e18db1ef,2026-01-21 21:00:00
c6eaa4cb1123cc23,2026-01-26 19:00:00
8af1113a6023c563,2026-01-26 13:00:00
1e9d0e8369a201ca,2026-01-13 17:00:00
fc119595febaa388,2026-02-03 08:00:00
e7349eb087692595,2026-01-23 15:00:00
250248f845304010,2026-01-21 01:00:00
8c98197146755667,2026-01-29 04:00:00
f4843bd7d4d82016,2026-02-12 16:00:00
fe81362c1c3c8a82,2026-01-04 06:00:00
2ee76a28efa0113e,2026-02-04 05:00:00
71e4e2b15cf55667,2026-02-08 18:00:00
d6b80f8f6981c0c5,2026-01-24 12:00:00
94e520a9b07a09fd,2026-02-07 11:00:00
ab320b50ededdf84,2026-01-16 02:00:00
b22bfe9de59dfa3b,2026-01-18 02:00:00
77e16b3913d9629b,2026-01-10 17:00:00
b28abc41693f58f5,2026-01-15 20:00:00
d75890258206dad0,2026-01-14 06:00:00
2c42bc7efc31c9c7,2026-02-01 12:00:00
47f549599a0190a8,2026-01-16 21:00:00
0d0ad0ad943dfffc,2026-01-31 02:00:00
a14918e8840efdff,2026-01-22 06:00:00
c4ede50283a22b08,2026-01-17 03:00:00
aeabb2f7962adad9,2026-01-17 13:00:00
1fd1f024575a7104,2026-01-22 03:00:00
54f5c53ff94164f5,2026-02-08 14:00:00
32840be684ae4386,2026-01-02 02:00:00
88985ff0257c2d23,2026-01-13 17:00:00
ca9e14e94c0c68ee,2026-02-03 10:00:00
40aec6670e4ab9d5,2026-01-25 01:00:00
b11639a025303982,2026-01-15 14:00:00
c7fc030120b5b863,2026-02-04 16:00:00
4cfcf805a02b4956,2026-01-08 02:00:00
c484346fc1e8c51d,2026-02-07 01:00:00
e9b84d8ce3f92683,2026-02-05 03:00:00
e073dc470a540d9d,2026-01-17 10:00:00
e42244c7191795ef,2026-01-29 12:00:00
d9ed5e04613f112a,2026-01-18 13:00:00
748b64ac6addd4fe,2026-02-13 19:00:00
6a2d3afc44531fa6,2026-01-12 23:00:00
525e182e0611db79,2026-01-21 08:00:00
2e677adb9e680f2e,2026-02-10 20:00:00
45460d30c062e72c,2026-01-15 02:00:00
e9d3099217efd694,2026-02-03 23:00:00
77cf52de2a6dab53,2026-01-07 22:00:00
92d77c0e0544ddb6,2026-01-12 10:00:00
078f18bf2b935f34,2026-01-05 13:00:00
f93f6ce4d83326dd,2026-02-08 03:00:00
ca304ec4682d85bc,2026-01-20 15:00:00
d81ea60806100263,2026-01-15 00:00:00
c93bac82dbbe1d29,2026-01-01 16:00:00
b8c441b16588f283,2026-01-12 17:00:00
f9ba2b4da87af4d7,2026-01-05 08:00:00
d6f02d41eb43c17b,2026-01-26 16:00:00
6011261a04ebd71f,2026-02-03 01:00:00
2c9d3335ce88c93a,2026-02-13 11:00:00
04301e407870f3bf,2026-01-27 05:00:00
4d861f383943bd8a,2026-01-05 23:00:00
29f663dc7f5081cc,2026-01-31 15:00:00
68987bd92a1c3173,2026-01-08 06:00:00
16098cbdb07bd6b0,2026-01-10 16:00:00
a21c9b446acaa86a,2026-01-17 02:00:00
977bb34549ff9d2a,2026-01-10 09:00:00
8104c6f49056c639,2026-02-08 09:00:00
da8dfe9deff5d640,2026-01-01 17:00:00
b7bcb7347057f180,2026-02-13 08:00:00
c7eab1cb40a7486b,2026-01-07 08:00:00
17712ae070f3d633,2026-01-19 19:00:00
01ded103883a65a6,2026-01-25 14:00:00
0c899773323b3dc2,2026-01-24 21:00:00
8b81f875d82a9d11,2026-01-13 11:00:00
ab9be38fd724e88f,2026-01-11 21:00:00
f7e9c8917fa203ba,2026-02-05 23:00:00
03c4e9f012ed44c6,2026-01-22 17:00:00
c73a40181ca4bf4a,2026-01-08 12:00:00
9931097f0136bcc3,2026-01-17 02:00:00
4f173c753fe92a72,2026-01-02 11:00:00
50c33ebad9c9834b,2026-01-22 03:00:00
85372063b20982dc,2026-02-06 11:00:00
8186221e9b95f870,2026-01-06 01:00:00
2c8a0a227b5d5d50,2026-02-09 06:00:00
6e71bfd8b57691c8,2026-02-06 16:00:00
29ef89fe8c27cd70,2026-01-24 23:00:00
1a0117d9d4f2273f,2026-02-04 09:00:00
0ed3065d405fdbc2,2026-01-16 04:00:00
334c2445c3b4c976,2026-01-19 07:00:00
63ab84a7ccee4b44,2026-02-09 06:00:00
b6147e7d28c891c3,2026-02-14 02:00:00
2bd3b7e11bde0a72,2026-01-29 14:00:00
fceda43cc0aa9f8f,2026-01-05 12:00:00
f8cefef73a9c2a5d,2026-01-13 02:00:00
a2692bd45be0fa57,2026-01-21 12:00:00
e5c1ffdf374db40b,2026-01-22 11:00:00
0cff2bc211474ef9,2026-01-10 08:00:00
abac5079748e17e6,2026-02-08 09:00:00
87fc3dbc1d1fdfb4,2026-02-12 19:00:00
667c387c21c58189,2026-02-07 12:00:00
08bd957b1597b49f,2026-01-16 04:00:00
c1b9823c404a6d9f,2026-01-19 09:00:00
5c3566dfa01305fe,2026-02-14 17:00:00
42b521265b286660,2026-01-12 05:00:00
17cbb99fe6149218,2026-01-23 11:00:00
ee67f4719e62ee2e,2026-01-26 03:00:00
07e8aca75df15fbf,2026-02-10 10:00:00
962a502982d4a770,2026-01-18 20:00:00
db9561fc5e3cd628,2026-01-02 14:00:00
9294d99239ae671d,2026-02-07 09:00:00
25e23be679248387,2026-01-16 23:00:00
787d72e2878cac07,2026-01-06 03:00:00
12f13422965774b4,2026-01-14 21:00:00
2c8d8a889292fd16,2026-01-27 02:00:00
e0782ba4e435cc16,2026-01-13 04:00:00
48a815e9be9d21c9,2026-01-17 18:00:00
bfb0cbf487493121,2026-01-09 17:00:00
7293cac44b6c7158,2026-01-31 06:00:00
89b34bbeaa26b86f,2026-01-04 00:00:00
461fdd468d98ea9a,2026-02-01 01:00:00
a41980a4fcb7aa52,2026-01-08 02:00:00
c0850bec7e82e6ad,2026-02-07 03:00:00
84819de65d0c8c39,2026-01-12 21:00:00
fba674d0c41d884f,2026-02-06 18:00:00
dcd42396d24914cd,2026-01-23 09:00:00
7bed02a81775d978,2026-01-14 00:00:00
0ba47afeea825072,2026-02-12 12:00:00
47e48a20660bfa10,2026-02-12 08:00:00
feb799f93cf71604,2026-01-24 00:00:00
b7002bf291464fa9,2026-02-04 02:00:00
b8c1efbd8bd3a632,2026-01-04 16:00:00
dc8ae47debc413b6,2026-01-14 13:00:00
aec67e3fef205bd2,2026-01-27 23:00:00
66d4619135192e37,2026-01-15 12:00:00
bc1df01b6b0587af,2026-02-11 00:00:00
d5e59c440b5b3510,2026-01-27 00:00:00
31476cc04f711231,2026-01-21 21:00:00
9ddc987c0a9388f9,2026-01-02 12:00:00
00077ece8708c176,2026-01-12 13:00:00
19c2fde58e11da06,2026-01-04 11:00:00
bd8688375f8f262f,2026-01-15 08:00:00
76b2902330a56a85,2026-01-21 04:00:00
72d77d06f27fab57,2026-01-05 22:00:00
cd4d95b91647ac10,2026-01-27 00:00:00
bc879ce049494081,2026-01-20 17:00:00
2a6c90c023aabfaf,2026-01-10 12:00:00
649bf8cebd13788f,2026-01-06 09:00:00
9cfa3ef070f61274,2026-01-16 16:00:00
1b4d23646bdf8056,2026-01-27 23:00:00
893af78a95524fd4,2026-02-05 02:00:00
b3ad2d71a503c183,2026-02-02 05:00:00
da3820a68bbbbcc1,2026-02-13 09:00:00
3941c0b205698db5,2026-01-02 17:00:00
4d276ec37f153f32,2026-01-30 14:00:00
ae3ed444b2994c95,2026-01-29 00:00:00
ecc356e9d5b43cb7,2026-01-27 01:00:00
c3f8d364c1e64bf9,2026-01-08 04:00:00
d7350b7c71c906f3,2026-01-18 19:00:00
d2dfe1aa04e18d12,2026-02-10 17:00:00
3bfa86a85a7be06a,2026-01-12 11:00:00
8ec04a3df8917dda,2026-01-08 05:00:00
4d0a93ff2dc339dd,2026-01-31 10:00:00
6e132572c1d6d495,2026-01-10 20:00:00
132b61102ce96806,2026-01-17 14:00:00
7677bb0e89900311,2026-01-28 08:00:00
ab9cdec1cce9c35b,2026-01-15 22:00:00
677eab647d7d038c,2026-01-12 17:00:00
cbbfd3038e05ec38,2026-01-16 23:00:00
0da81a53b16cda56,2026-01-17 19:00:00
33e17485cbf2e3e1,2026-02-12 11:00:00
e4a00fe729bea7c9,2026-01-19 17:00:00
39941dbcfb50ee59,2026-01-15 22:00:00
79b98f6f00098a66,2026-01-04 10:00:00
5451fcecbf45fde6,2026-02-11 01:00:00
84b0f466e2576e05,2026-01-04 17:00:00
04fbef6e802ba125,2026-01-22 15:00:00
3a06c930223a05e8,2026-01-21 06:00:00
2d849e7273f37cba,2026-02-10 15:00:00
da907cc76177d312,2026-02-14 08:00:00
4e3d614df107211f,2026-02-12 08:00:00
364f263468824fd2,2026-02-09 17:00:00
7919e9aab64359e0,2026-01-31 02:00:00
f67fb56e0b41f7ef,2026-01-30 06:00:00
78966d018550ad5b,2026-01-22 07:00:00
54b4e62f96f8099d,2026-01-14 14:00:00
e9d331c13daf1dce,2026-01-18 07:00:00
0c47660151d8531c,2026-01-12 19:00:00
0d348c4a01068fd4,2026-02-14 01:00:00
70649819f65d03f6,2026-02-14 05:00:00
903c105a744e8b61,2026-01-04 05:00:00
0c6b3dc06f5273a9,2026-02-13 03:00:00
c8a92954c05bef37,2026-01-07 00:00:00
27f2b8f8da73fd42,2026-02-10 03:00:00
afa92dd90bfa0962,2026-01-25 00:00:00
334b4c42e37ffdb9,2026-01-10 22:00:00
3fd180aa476f0b6d,2026-01-27 02:00:00
eb856581c34e32d4,2026-02-14 21:00:00
b1674b156458fbdb,2026-01-22 08:00:00
6c812dc6f18b9aea,2026-01-31 10:00:00
e8c2dc916ef0f2cc,2026-01-22 21:00:00
929628b669504a71,2026-01-11 13:00:00
7b379d52ebc66ad8,2026-01-02 11:00:00
fd0e7203054dbb5a,2026-01-22 00:00:00
e5f03e4f3451e119,2026-02-10 23:00:00
613839676d7233f1,2026-01-31 04:00:00
df324ce766785f7a,2026-02-02 23:00:00
5b75217e32b34e7e,2026-02-05 11:00:00
1e07bffb465e8040,2026-01-01 11:00:00
d29a066d3fe31775,2026-01-22 08:00:00
5460bf7a44515027,2026-01-17 02:00:00
31f1566c30d733e2,2026-02-14 11:00:00
3e9541d13cea3bd4,2026-02-14 12:00:00
7d482630c335d21d,2026-01-07 22:00:00
c5d415355433f9c3,2026-02-05 15:00:00
a1c87ad7130ceffa,2026-01-09 03:00:00
8f858d46909e118c,2026-02-13 08:00:00
f7c1c66d48d2668d,2026-02-02 03:00:00
7a6647d2878937e6,2026-02-06 13:00:00
c2824a80522b6f48,2026-01-21 06:00:00
8363fc5ab26b55c8,2026-01-01 16:00:00
57eba878f736e565,2026-01-26 18:00:00
d523a1cfe5d18152,2026-02-08 01:00:00
034eb8cdd1a07482,2026-01-03 18:00:00
7c8ba4a2ce8053bb,2026-01-17 08:00:00
cec2b688bebca97f,2026-02-04 21:00:00
a644e9eb01852d75,2026-02-14 10:00:00
5e0bf766a461601c,2026-01-16 20:00:00
9610d2df3bd27d7f,2026-01-16 01:00:00
7dad76e9673cbcbf,2026-01-26 14:00:00
dc431c6c3c8f335e,2026-02-05 12:00:00
75a2169ca1533d40,2026-01-18 11:00:00
a9c56530c820acda,2026-01-18 10:00:00
0135dcba0ae2d285,2026-02-10 21:00:00
47ab058094b2d42c,2026-02-08 16:00:00
a33101919e6fdf60,2026-01-30 23:00:00
7d403e02af9100b0,2026-01-31 10:00:00
8d91715b3cf583d4,2026-01-10 04:00:00
8171abd40195988a,2026-01-26 06:00:00
c4ee7b306dc243c3,2026-01-07 18:00:00
8a442bd3a41c860f,2026-01-24 20:00:00
2e848a2e77bc8d9a,2026-01-04 13:00:00
ca6b3c0f70a78494,2026-02-08 01:00:00
2b8886c547cd37e2,2026-01-22 23:00:00
ab33f7e24699251a,2026-01-20 01:00:00
4068539cc9d88d88,2026-01-07 07:00:00
313d193c54f7d7f4,2026-01-30 04:00:00
a46bc32d8d35a743,2026-01-27 18:00:00
da05300201114c58,2026-01-06 00:00:00
7478ba31a4603389,2026-01-14 16:00:00
e689e1069e094f86,2026-01-02 01:00:00
a04dd9330263de91,2026-01-15 17:00:00
0cafc1ef82c64539,2026-01-03 13:00:00
3adcbdf1683455c1,2026-01-16 09:00:00
0b7297f902cf0919,2026-01-29 22:00:00
672a96482e62f22f,2026-02-13 14:00:00
3ef92000c2ad44db,2026-01-17 21:00:00
3d38f67432e14ab1,2026-01-03 23:00:00
d6ffa810758a4459,2026-02-14 01:00:00
21b3f8040e70c4f4,2026-01-04 20:00:00
539ce63e5d648597,2026-02-09 06:00:00
9416421ebd92a442,2026-01-31 19:00:00
f8c0b21cd5231407,2026-02-05 01:00:00
86882554c154e3a4,2026-02-01 19:00:00
821cf3846f627b18,2026-01-28 04:00:00
317ebba416d5eea3,2026-01-28 02:00:00
62d2fc6eb56b8b58,2026-01-16 09:00:00
960062fe0c8d3894,2026-02-11 01:00:00
9b83847c3b5f7e1b,2026-02-08 01:00:00
747a5d7b4c91222e,2026-02-04 18:00:00
9c4fdd62fbf13aef,2026-02-14 09:00:00
4939c78698bc02af,2026-01-18 22:00:00
3ea2108fdf03bbef,2026-02-11 01:00:00
fcca12449e9aa0a0,2026-01-19 12:00:00
9bb3dadf0b7bad2b,2026-02-05 08:00:00
69d6365395649058,2026-01-08 18:00:00
709e320e6d6c1a5f,2026-01-15 15:00:00
d56ab1f385aba296,2026-02-08 04:00:00
90e8daa88bc6282c,2026-01-07 00:00:00
704b834fc2848e65,2026-01-25 06:00:00
2c6e5496ef32b4bd,2026-01-19 05:00:00
bf24933fbb502eb8,2026-01-17 12:00:00
9a1131a5d57eaf84,2026-02-09 23:00:00
d8e33f2577711061,2026-01-09 02:00:00
c289473833697ba8,2026-01-04 03:00:00
fb355d344de5cf9a,2026-01-08 21:00:00
68f4d766120e0fde,2026-01-30 00:00:00
c9802602944c7655,2026-02-13 18:00:00
4fa6b09df272c677,2026-01-16 12:00:00
0425bc2a0aa9733a,2026-01-09 20:00:00
20658678687dece7,2026-01-04 21:00:00
5d6665eae50b27da,2026-02-13 08:00:00
97e4b65fd11353ac,2026-01-12 15:00:00
825d13dc8099abff,2026-01-23 11:00:00
9026eba0abe9d693,2026-01-11 12:00:00
32f3cf8f43141529,2026-01-16 07:00:00
332ca397d60b0f2d,2026-02-07 18:00:00
e4e0e36c3d04569d,2026-02-05 16:00:00
36a66aff974b7f3b,2026-01-30 07:00:00
230026b32d731021,2026-02-09 11:00:00
d88e7ff5a5c51a46,2026-02-12 19:00:00
fbf3c54cd14d64ef,2026-01-26 10:00:00
4566f3d3d3a25fda,2026-01-03 21:00:00
c4ab64a53f07e3e1,2026-02-06 09:00:00
cdac7c6b3595d1a0,2026-02-01 02:00:00
7a6922d1cf139680,2026-01-02 20:00:00
f56089fb43b0376f,2026-01-01 06:00:00
5dc018ab04f334b6,2026-02-14 05:00:00
40614ec13bbe8b16,2026-02-09 11:00:00
3b00e4f2b6803c88,2026-02-05 21:00:00
f04bca986a52d145,2026-01-24 15:00:00
97db7e8fd5e88dd7,2026-01-05 07:00:00
65c689733c75c62b,2026-01-26 21:00:00
91a8ec65b41fd858,2026-02-09 04:00:00
17ac13876db1ca8f,2026-01-27 07:00:00
802f1ba9296284d9,2026-01-05 03:00:00
70a895b7ba97d669,2026-02-13 05:00:00
2993f689e5e6ef5a,2026-01-30 05:00:00
5fdc392c8b36d812,2026-01-20 20:00:00
68addfe7a0689036,2026-01-04 21:00:00
b09662c11de8daa2,2026-01-24 23:00:00
cf4f92c058da5fd5,2026-01-18 09:00:00
f216fc4bd8bcd031,2026-01-13 21:00:00
13f90fc4a12075b8,2026-01-08 07:00:00
fe0fea8522283529,2026-01-18 12:00:00
2cf41a9c425ad678,2026-01-14 08:00:00
806f3881c34a0e8a,2026-01-05 11:00:00
ddedb690147e808b,2026-01-11 09:00:00
3e8f900ef065bf9a,2026-02-08 06:00:00
0009dd615ec7284f,2026-02-13 05:00:00
bd4dd565aac9786b,2026-01-08 08:00:00
b5a32a3c31558291,2026-01-20 21:00:00
a322feea8d570e3d,2026-01-14 04:00:00
39066be87db188e3,2026-02-02 11:00:00
00f7642eaef4b218,2026-01-07 03:00:00
9aaeeb2d2dc3989d,2026-01-03 01:00:00
125353d954cfb189,2026-01-04 14:00:00
ecc09415f0b1406a,2026-01-21 13:00:00
7981f7ce35e8eab1,2026-02-06 20:00:00
8cf24ecfa2bf44f5,2026-01-28 02:00:00
16ca1986120306c4,2026-01-21 10:00:00
d4a1157f8ad2e33c,2026-01-08 09:00:00
6acf1012eae9a244,2026-01-23 18:00:00
fc55b41a623d7101,2026-02-06 21:00:00
ca79195547a5629b,2026-01-13 13:00:00
2652c93f60fba85d,2026-01-07 09:00:00
1e02161328cf233f,2026-01-24 21:00:00
a3c9f6517b204a5a,2026-01-03 22:00:00
c760631a5af03015,2026-01-11 02:00:00
239ad75a0212c997,2026-01-30 19:00:00
311ce5962bc39dd2,2026-02-04 09:00:00
ba5f9580dc20a709,2026-01-08 02:00:00
458c8f9f84bbb16b,2026-02-08 20:00:00
ebe8804930b516d4,2026-01-14 15:00:00
59f90e1599dbe1d0,2026-02-04 17:00:00
2dfe1b731ad466f6,2026-02-11 14:00:00
f35f184bd9e33e3a,2026-01-12 10:00:00
87ff24e03c1d2b79,2026-02-11 22:00:00
03e44e50e9c127c6,2026-02-08 17:00:00
37549402509e4ea0,2026-01-18 03:00:00
a48e8de42dbf97f5,2026-01-07 05:00:00
efec7e2d85a3c689,2026-01-14 18:00:00
c2d45e852faf6810,2026-02-05 22:00:00
3d988ddfa9a1cfbc,2026-01-16 10:00:00
6b713e922afdfc3b,2026-02-04 05:00:00
6b6ec0df49939168,2026-01-19 00:00:00
50738980f424ee55,2026-01-26 07:00:00
6309392a63b2baf3,2026-01-07 12:00:00
23d3b4717d53b5d5,2026-02-10 08:00:00
57e63d352cbe5e65,2026-02-14 12:00:00
72bbb9f7fb51efa7,2026-01-20 09:00:00
259739861df79474,2026-02-01 05:00:00
2c68b0a74af79817,2026-02-02 03:00:00
3c9758d6e002c35c,2026-02-13 06:00:00
e69850b080852d19,2026-01-05 04:00:00
01eddb38eaed9001,2026-01-24 22:00:00
90a0f3d2701dec95,2026-01-01 08:00:00
fe19189ec87ebad5,2026-01-20 17:00:00
491add1d7a39a3e0,2026-01-18 07:00:00
0ce2e871d01382d0,2026-01-10 15:00:00
783866d5580c9765,2026-02-11 13:00:00
b5526bc5e12b49a7,2026-01-31 09:00:00
9789bbf85b390bb4,2026-01-31 10:00:00
b5a87d6eef92bad5,2026-02-07 16:00:00
fd722e2b7d0822f5,2026-01-31 16:00:00
fabed7d08895576f,2026-01-23 06:00:00
72e2a3445202505c,2026-01-13 21:00:00
962bfc556d51a3b6,2026-01-25 00:00:00
9d66edee42510106,2026-01-08 22:00:00
ce0edbdbf3fa98c0,2026-02-10 06:00:00
a128a5edf6f9ee4b,2026-01-24 15:00:00
873d109929b98b8a,2026-02-05 04:00:00
f7e43a15503b4cf9,2026-01-03 23:00:00
2c87aa8a1a1b73e1,2026-01-03 12:00:00
36e45b53ad10fa97,2026-01-10 03:00:00
26b56da27b99ecbf,2026-02-14 20:00:00
923d9fcc73dcd599,2026-01-27 22:00:00
62afeb1bb5f18394,2026-02-03 18:00:00
9ccedffb79f11da3,2026-01-18 02:00:00
7c20943304a36a39,2026-02-05 05:00:00
b1bee0708f27d1ec,2026-01-10 22:00:00
257b98ed58ad92f1,2026-02-14 20:00:00
c2d4d38eb5393ff9,2026-01-28 05:00:00
dd8ca3a6e926be6f,2026-02-13 12:00:00
1b6eefa6aba09c9c,2026-01-23 11:00:00
0116ed44e3ff1790,2026-02-13 23:00:00
d9d298333055bb09,2026-01-08 09:00:00
d797a63fd4e4765d,2026-01-21 08:00:00
89d46f15d31fbe74,2026-01-27 21:00:00
8b0d51e99017f4ff,2026-02-14 18:00:00
95bf6a6f8788f943,2026-02-04 08:00:00
1ef8f73801c2906f,2026-02-10 07:00:00
0539d8934eef6b38,2026-02-08 20:00:00
7c07988960836c30,2026-02-05 20:00:00
11cafc259f0f1fd3,2026-02-12 16:00:00
b0fe0f5e21d3db14,2026-01-08 16:00:00
03102c8ee7fd84d7,2026-01-10 13:00:00
43300d469f54efe5,2026-02-09 20:00:00
3fb2f2a1c8ad395f,2026-01-24 21:00:00
738e194082779482,2026-01-16 13:00:00
02da7edfdac242cc,2026-01-15 21:00:00
94a86160a6d6bbcd,2026-01-04 14:00:00
e4a05293b032bc17,2026-01-06 08:00:00
61f8ba1dacbbaf0b,2026-02-14 10:00:00
2192f2fc7257a62d,2026-01-20 05:00:00
32b3923c2cda4496,2026-01-23 21:00:00
a484543f349eadea,2026-02-08 21:00:00
ffcdb549137918ea,2026-01-02 13:00:00
829d7089eafa2f0d,2026-01-23 12:00:00
7cd69d152b134636,2026-01-18 20:00:00
0fce9de886806690,2026-01-01 11:00:00
f1991d63d60c8e32,2026-01-25 23:00:00
1a23b64055cdd592,2026-01-14 16:00:00
e0c762b899648f1f,2026-01-14 18:00:00
702fcbde8bdf49c9,2026-01-06 10:00:00
e861dcca6f590b6b,2026-01-05 03:00:00
52785a5f64192c57,2026-01-21 00:00:00
f78175516d1cdbf0,2026-02-11 14:00:00
dd5766b2304f153d,2026-02-06 01:00:00
87ec1141710d4130,2026-01-08 09:00:00
4ec7fc17e4b88de2,2026-02-06 10:00:00
15cb0c8d5f7204f4,2026-01-04 02:00:00
344885ed2e9c94b0,2026-01-04 17:00:00
3bd38141e597d1d9,2026-01-25 15:00:00
8f17228b3d67619a,2026-01-23 23:00:00
1eac57ceaee33db8,2026-02-14 04:00:00
b6d9e5a46d8a2e1c,2026-02-06 19:00:00
de2e36d7a030395a,2026-02-13 22:00:00
468bb3cbfe7c6b1b,2026-01-26 15:00:00
035c6bfea6f98bca,2026-01-24 20:00:00
47816acb40333d79,2026-02-06 02:00:00
f447ab8ca9020d9e,2026-01-04 18:00:00
4104f5795d37d7ff,2026-02-10 13:00:00
11def16944c407b5,2026-01-10 02:00:00
4733276b9f75b4e5,2026-01-13 17:00:00
5f0febea3fbf3862,2026-01-20 18:00:00
623c7a8d435f9895,2026-02-02 07:00:00
fe23875a79275502,2026-01-14 04:00:00
cd8566221778cf36,2026-02-05 04:00:00
72365599968a56bb,2026-02-11 09:00:00
e0cb593d7e495f7d,2026-01-10 22:00:00
184f44c2867b22e7,2026-01-16 02:00:00
3eb65f6c49c084d3,2026-02-14 11:00:00
7935c3517cfca239,2026-01-09 12:00:00
64fcbff33decdb59,2026-01-02 08:00:00
1dab739a74c040db,2026-02-13 08:00:00
42e88fed10677a4b,2026-02-02 22:00:00
770ad8c7f1e8276e,2026-02-11 18:00:00
cf8996dd6ffe33a6,2026-01-17 08:00:00
0fbad961b194c673,2026-01-24 05:00:00
d597e5f06536abd5,2026-01-30 04:00:00
5610795a501b3bd0,2026-01-02 05:00:00
4ac79c278a086a6c,2026-01-23 14:00:00
1f2a8389a6304986,2026-02-12 04:00:00
bd86e2d5968f4040,2026-02-07 08:00:00
7f7f36c5616cbea9,2026-01-25 04:00:00
4b5849a119051962,2026-01-20 07:00:00
e6dd9dd698bbe42d,2026-01-17 20:00:00
573431d787a6bf2a,2026-02-11 23:00:00
87dd9ac491e5c799,2026-01-29 13:00:00
3caa97663b8cd421,2026-02-06 04:00:00
569af22488175634,2026-01-05 15:00:00
39de7fb9d57c8299,2026-02-03 00:00:00
2299ca3af5928107,2026-02-11 01:00:00
a4d9a7dd9f1b5cb2,2026-02-05 04:00:00
fca584e5c68e7e93,2026-01-24 06:00:00
5de6868d8a4befb3,2026-01-14 00:00:00
7ef97984fe0d3173,2026-02-13 21:00:00
324745ce09a4c709,2026-02-12 08:00:00
4ebf93ef6c4c4487,2026-01-28 23:00:00
397ae20fee192f56,2026-01-27 13:00:00
9bebb4985890b9e4,2026-01-15 00:00:00
b86466ae3486e4ab,2026-01-25 14:00:00
1c41c7edca829af4,2026-02-12 06:00:00
ed86a0b335171bc3,2026-01-31 11:00:00
6e805b6bf3c828a3,2026-02-06 18:00:00
a5d93cd4ad86953a,2026-02-04 05:00:00
c7223ba7384dbd53,2026-01-18 22:00:00
df4943a1216a7695,2026-02-08 23:00:00
36c31f0c38743c2d,2026-01-06 07:00:00
90738f43b96f4c3d,2026-02-04 02:00:00
8a184fb5b07f358b,2026-01-17 00:00:00
df893b3adba9a82d,2026-02-13 12:00:00
5c270bc4255a7458,2026-01-17 20:00:00
b2cabdfe83a64b92,2026-01-24 05:00:00
c05c62658a750787,2026-02-05 17:00:00
1b8111045779a7f7,2026-01-10 02:00:00
43e2ddaa68d79a41,2026-01-10 21:00:00
f6a6dc29ba910c46,2026-02-02 14:00:00
9822af950bf96729,2026-01-17 23:00:00
c4d45967a6bc1bfb,2026-02-13 04:00:00
290cc9f9679a7a96,2026-02-07 16:00:00
49169af825f68a4d,2026-01-08 11:00:00
62cf51900d486e45,2026-02-03 16:00:00
c588830a3c68a99e,2026-01-03 09:00:00
3a2274fa86ec3447,2026-02-02 01:00:00
abc17eb07f66a706,2026-01-27 09:00:00
c921b73cf48514c9,2026-01-17 18:00:00
abea8233a86b0c9c,2026-01-15 22:00:00
6f042e3f64104de6,2026-01-22 12:00:00
f92efab550436efd,2026-02-12 02:00:00
e6a32f5cb30fc118,2026-01-28 03:00:00
e3923b50adf59730,2026-02-05 16:00:00
a8719b72a2147dc5,2026-02-09 20:00:00
68a1c6e4de628203,2026-01-26 21:00:00
5a7ce6d8d5609d7e,2026-01-11 06:00:00
82c7fb91a73f66ed,2026-01-23 17:00:00
534855d3fdbcc6ba,2026-02-10 22:00:00
de7b79dda61c0bef,2026-01-04 17:00:00
27fc004e36d8b7de,2026-01-04 05:00:00
ca056c64694f931a,2026-02-09 02:00:00
7b97960ae14927bb,2026-02-06 02:00:00
9075c62b2b28205a,2026-01-11 18:00:00
522ec240d99e622b,2026-01-30 08:00:00
e4b6dc82e4ae7531,2026-02-02 21:00:00
bae5681506922de6,2026-02-09 08:00:00
c1f68dfb13e866e7,2026-02-08 19:00:00
17bcf3efc4190efd,2026-01-16 10:00:00
8d1e07c05a1ac08d,2026-02-11 01:00:00
95bb0d2549ab43cc,2026-01-29 20:00:00
f21e8b6ae91df581,2026-02-05 10:00:00
829d944b7606fd4d,2026-01-14 15:00:00
b436a711a33d7f4a,2026-02-13 03:00:00
49d603429b1890f1,2026-02-03 21:00:00
6758926e9f44777f,2026-02-13 20:00:00
8ed230f81fc7ba2a,2026-01-26 10:00:00
b219b421d1334346,2026-01-16 21:00:00
1edc19fab73c4b91,2026-01-28 12:00:00
5fa4fe3cdf2ffb2c,2026-02-11 12:00:00
16c9d317073816db,2026-02-08 12:00:00
abfa503e098b8c11,2026-01-02 18:00:00
2a3a065e2e33ec20,2026-01-26 18:00:00
e3f5ec837fcb2518,2026-01-19 01:00:00
a9fe025af1e783f6,2026-01-07 10:00:00
abc8cf2b5b161b66,2026-01-29 02:00:00
d9900f0c2f2296b6,2026-01-07 08:00:00
321eb57865efef5a,2026-01-12 21:00:00
e89cca15347b6b3b,2026-01-12 00:00:00
6025adbeae935ee4,2026-01-21 22:00:00
22885bcb19893628,2026-02-08 10:00:00
3a9a9abd35d91379,2026-02-03 01:00:00
a653264e33ce6d5a,2026-02-14 21:00:00
eecf28a1f0dfb3dd,2026-02-05 13:00:00
cbaf24d17454d789,2026-01-14 09:00:00
6d418cdad084f5e8,2026-02-04 01:00:00
332ecefaa508e71c,2026-02-11 13:00:00
3e8e75e6305e93e4,2026-01-08 15:00:00
6f04f20adcef5333,2026-02-06 09:00:00
24da4af6594bd55f,2026-01-08 07:00:00
0082db8210b55172,2026-02-10 23:00:00
3b872a3c52844cf6,2026-01-15 01:00:00
04ec845291eba909,2026-01-24 03:00:00
2552274f48f85e8f,2026-01-07 19:00:00
ee6866ce31f0d61b,2026-01-07 03:00:00
11da4b376570dec7,2026-01-20 22:00:00
85a177d1024e2c9d,2026-02-14 21:00:00
3ac8d3b46fda19c0,2026-02-03 13:00:00
a140390802fab1f4,2026-01-26 20:00:00
aaf0f6b7bfab7ddf,2026-01-12 23:00:00
b085fdb349186920,2026-01-15 07:00:00
287d4f305f2061e8,2026-01-18 22:00:00
8a12199eae083dbe,2026-01-29 19:00:00
f9ffe2fbe553ab15,2026-01-26 07:00:00
76f4179df727f3aa,2026-01-20 02:00:00
f6361be8ecdb44f5,2026-01-14 00:00:00
df114f0e395b2bb4,2026-02-03 09:00:00
b2dc22d5e5124cbc,2026-02-01 18:00:00
0ed8ac5440a60db9,2026-01-04 11:00:00
5691cadbed9a554e,2026-01-19 15:00:00
81070de159cac971,2026-01-20 11:00:00
d86b3db46ad54f1f,2026-02-12 10:00:00
0ad000ffc2b0cffb,2026-02-14 00:00:00
2f330459d3d2a292,2026-02-02 19:00:00
88f6ca5730de17c8,2026-02-06 22:00:00
e725168387150924,2026-01-13 03:00:00
dc3f2af551ff96d4,2026-01-03 20:00:00
47d2e40c6d848945,2026-01-01 16:00:00
559d281c9691b239,2026-02-10 12:00:00
15fda589e1b3732a,2026-02-02 17:00:00
b11b1f0a001cc8dd,2026-01-15 14:00:00
7b8595d41255dd06,2026-01-22 08:00:00
3f5b54338267fa75,2026-01-06 18:00:00
6392a4e7531e9590,2026-02-06 22:00:00
1b2d173fc1795c1b,2026-01-01 14:00:00
23ba93f7f8f780cf,2026-01-06 17:00:00
5906f2f920fb2bdb,2026-01-30 03:00:00
d9d5faba0196a991,2026-01-26 16:00:00
8289d9a8a3c6d696,2026-02-05 20:00:00
2ea4a7d0c1f581a8,2026-01-05 22:00:00
2a5307e21eb7cb09,2026-02-07 08:00:00
498b86ef1d2dd420,2026-01-01 08:00:00
78bfebdc35d0776c,2026-02-09 21:00:00
8a4081fced51418a,2026-01-09 16:00:00
68110c2b41d84f09,2026-01-22 16:00:00
64e2169f055348c6,2026-01-27 17:00:00
39b9efc39de7a294,2026-01-06 00:00:00
193b1a115ec337d8,2026-01-10 07:00:00
be236a3dac0356a7,2026-02-01 16:00:00
720107ea453f9708,2026-02-05 20:00:00
69447b19e5787e7d,2026-01-12 17:00:00
8bd674082c8065a4,2026-01-30 07:00:00
3e02415fbca9fbbd,2026-01-13 18:00:00
729ad8208eaf5ebb,2026-02-01 02:00:00
effe9df60836e08f,2026-01-11 14:00:00
def4cdebb7d11c15,2026-01-15 06:00:00
3f504226b52b6dd4,2026-01-30 10:00:00
13001eab6ce9edf5,2026-01-12 20:00:00
2a1a4bf4f1b0151c,2026-02-11 19:00:00
4f3cfde5f1ac8341,2026-01-21 06:00:00
a004aba7464e27b5,2026-01-09 19:00:00
b548a1127660a251,2026-01-19 13:00:00
9441df210d902ffa,2026-02-08 07:00:00
118fd159047638db,2026-01-02 15:00:00
cf0e13768a353a35,2026-01-30 23:00:00
5a2f5831a19526f0,2026-01-21 01:00:00
9fd0202a4fd36dae,2026-01-10 02:00:00
235b5dfc3b1fbd44,2026-02-11 15:00:00
18f54f904cfee2d1,2026-02-12 17:00:00
92e7af3610138156,2026-01-26 03:00:00
2c24b0c9566717c3,2026-02-05 18:00:00
738d82a508052b9e,2026-02-14 21:00:00
d84934aa6bff0e74,2026-01-24 04:00:00
78c30638350a7567,2026-01-28 23:00:00
350ff72ad55b8aa0,2026-01-10 16:00:00
1b2052d58d101752,2026-01-10 13:00:00
539e9d256cade01c,2026-01-16 07:00:00
a9ce4a048683aaf8,2026-02-02 04:00:00
66876b2690a93e9a,2026-01-10 13:00:00
91dff909f5215f65,2026-01-22 23:00:00
484b2af8eebba11c,2026-01-24 01:00:00
09a644297e800aae,2026-01-18 07:00:00
73b08d98c64cbd0a,2026-02-01 05:00:00
c9caf79f08090174,2026-01-21 11:00:00
698a96990afe1576,2026-01-07 18:00:00
b5dafe0b363b6dd7,2026-02-07 17:00:00
6f718ca0340bd4c9,2026-02-01 02:00:00
8933edab23fadc63,2026-01-27 14:00:00
3f468e6bdb15f7b9,2026-01-30 06:00:00
c412391c61e0bbb5,2026-01-22 02:00:00
70eb6735b1d0428a,2026-01-10 17:00:00
cd1eb06bc86c1b88,2026-01-24 00:00:00
2b3d73d7e6a88514,2026-02-12 06:00:00
7b220c3a6f5b7d48,2026-01-08 20:00:00
16ec3f0d4fb4edf3,2026-01-17 11:00:00
0fd94f838044f394,2026-02-09 13:00:00
3dca3de3a96ea62a,2026-01-25 16:00:00
1860fe023ba2071b,2026-01-17 05:00:00
8fafff878cee31ff,2026-02-04 08:00:00
ebc53d33b73f7659,2026-01-03 23:00:00
669bd371f1936b3a,2026-02-13 12:00:00
b1def59b73689da6,2026-01-24 21:00:00
6b6ef00c12cb2f65,2026-01-26 22:00:00
3000634c617daa2a,2026-01-18 22:00:00
fd1f15d7fdb9012c,2026-01-29 09:00:00
4558ef1599f02e63,2026-01-02 08:00:00
cb830764166d23e8,2026-01-20 04:00:00
f756b1b33e826f9a,2026-02-11 08:00:00
d5d01bfa5f5a429b,2026-01-10 18:00:00
190ff9b428a47d4f,2026-02-07 12:00:00
7eaf675c3a885316,2026-01-30 19:00:00
94e08bfe0e5258fb,2026-02-05 00:00:00
1e60627247d6d0a6,2026-02-13 14:00:00
ff34e5286809709e,2026-01-14 13:00:00
6ec4b7effc51f524,2026-01-05 05:00:00
53d023950c09b122,2026-01-03 02:00:00
fb2056dc81fda648,2026-01-10 19:00:00
2ddb37bb7e0a8353,2026-01-30 17:00:00
8e1046ceeb0b9939,2026-01-17 14:00:00
ee40119cdc39804c,2026-01-25 23:00:00
87478e08b21c063b,2026-01-27 21:00:00
d60b042e9ce5a107,2026-01-12 02:00:00
98b1fad858abcdcc,2026-01-06 03:00:00
b3cd83f7eeaa2539,2026-02-11 05:00:00
7d14cae54cbae4bf,2026-02-14 17:00:00
72a215c670050c5b,2026-02-11 17:00:00
ab9e1a80a7487f9c,2026-01-11 04:00:00
6ceb4c16accedd52,2026-01-19 10:00:00
7796654a643342de,2026-01-02 12:00:00
06de4ab5c163cf75,2026-01-02 23:00:00
72487d65227eecbd,2026-02-08 13:00:00
e5afeddcb9ce490c,2026-02-10 22:00:00
58d373614f689b46,2026-01-20 17:00:00
b28641e429239c02,2026-01-19 13:00:00
f659af094fa872af,2026-01-30 12:00:00
7aaec46f66f119cd,2026-01-14 09:00:00
3bd2e041986a5f28,2026-01-25 01:00:00
c10d3f4abadf2113,2026-01-10 01:00:00
9ed949afaf26f05a,2026-02-09 23:00:00
6dc59e0f72651ad1,2026-01-21 02:00:00
e046405996e206fe,2026-01-09 08:00:00
bb706b6a148fbf68,2026-01-10 10:00:00
89bbc1e209feeb38,2026-01-22 18:00:00
c6ee7b6b85a14184,2026-01-05 12:00:00
3a3a40826645caf2,2026-02-02 10:00:00
de232739dc2086d8,2026-02-13 15:00:00
fe079313c50e9db4,2026-01-06 03:00:00
70f5d5c34d2eb570,2026-02-14 04:00:00
7b8d405fddc2241f,2026-02-08 06:00:00
78e75323a2de8872,2026-01-09 17:00:00
611ee04f11bcccb7,2026-01-12 18:00:00
45070fbcb895ed67,2026-01-27 09:00:00
f853f010a3a5748d,2026-02-12 10:00:00
2ee6133591d41e4e,2026-02-13 13:00:00
57ced7b616ffd61d,2026-02-07 11:00:00
be52c6258a89dc1b,2026-01-13 01:00:00
bfc15d32d0f9ed44,2026-01-31 07:00:00
d335347ce108f1fe,2026-01-02 03:00:00
909ae4c6c20da889,2026-02-06 07:00:00
cde392be1db8d9cc,2026-01-25 08:00:00
5e0e35630ac79a52,2026-01-31 01:00:00
8eb03af925f06d6c,2026-01-13 07:00:00
0af998378c5f8f3c,2026-01-04 16:00:00
98a9f5e7d7e84f62,2026-01-13 04:00:00
b6bcefb798cb304e,2026-01-20 21:00:00
dbfcbc71a3bbf6ea,2026-02-05 19:00:00
ef37be78675f549f,2026-02-10 14:00:00
07caa3b1e8db52e7,2026-01-08 11:00:00
efb2ae44bd760b26,2026-02-07 12:00:00
d4970914da8568b6,2026-01-04 18:00:00
a02f9bb2163498bc,2026-02-08 08:00:00
c1aca93e20d94e83,2026-01-18 05:00:00
9db807862411c3c8,2026-01-20 17:00:00
6d9c7555209fb197,2026-01-26 12:00:00
6238bab37268ceb1,2026-01-10 13:00:00
bd47f83c6120666f,2026-01-11 12:00:00
88241d7525216d0a,2026-01-08 13:00:00
6f9d58cc131fe4c2,2026-02-08 20:00:00
207800227c45cd36,2026-01-04 06:00:00
c001f46cf93e5db2,2026-01-07 12:00:00
b91b9c15d1fd0172,2026-02-10 07:00:00
1c2121e8f56348ff,2026-01-16 11:00:00
41de248c0654c701,2026-01-19 08:00:00
8cf48766d051b416,2026-01-26 16:00:00
2b492e2e81d2381f,2026-01-02 14:00:00
624835896e7c4cff,2026-01-18 07:00:00
634e9498271ef1c2,2026-02-08 11:00:00
5c62a6edd4e450e8,2026-01-22 13:00:00
1e89a9d4feedea1c,2026-02-04 13:00:00
17018cbdc5ff2a75,2026-01-08 03:00:00
91e9120f40cf95e5,2026-01-24 12:00:00
11bfc4a4c9acbe6d,2026-01-16 11:00:00
645244b999e7780b,2026-02-10 20:00:00
8f85dd2bc62b9536,2026-01-08 23:00:00
e63dcf077be0332f,2026-01-02 17:00:00
6e16d2a72a02189a,2026-01-26 18:00:00
4d91e5efa24ee79f,2026-01-25 04:00:00
fd2120691c5e6c66,2026-02-02 03:00:00
2e3d766b9ebe9d05,2026-01-17 12:00:00
9d1fca86d0a54a2d,2026-01-13 05:00:00
d8d9e64da57c283c,2026-02-09 11:00:00
5324e87acb145225,2026-01-20 06:00:00
45e8ff793face20c,2026-01-23 04:00:00
0f2cb444e2830241,2026-01-06 23:00:00
5bbe96a80d507b95,2026-01-02 00:00:00
fc753395cdb10e0b,2026-02-06 00:00:00
4094fbb0e2b1b44a,2026-01-19 07:00:00
962c344625c7e753,2026-02-04 18:00:00
d2fe8eccc145f4e2,2026-01-08 22:00:00
dfcdc4c68b6acb40,2026-01-18 05:00:00
e3f5947d16fdbc92,2026-01-02 13:00:00
a5c9b515336c12b4,2026-02-10 07:00:00
0a0245678e5ba2ef,2026-02-03 06:00:00
d7e54c5bccb5e2c3,2026-01-31 11:00:00
ff7bcd43d38570eb,2026-02-02 16:00:00
bad631a5c89625dd,2026-01-18 21:00:00
4746e7078f7bd599,2026-01-06 12:00:00
b6c7232a3f46f8ae,2026-01-16 11:00:00
a2fadcabefe06c6b,2026-02-04 23:00:00
6df1c6a963cd89ca,2026-02-09 03:00:00
97b8ad5984147da8,2026-02-07 18:00:00
e11bd28d802b3116,2026-01-04 02:00:00
f1d60af86fe31306,2026-01-01 19:00:00
df40f84817c3b469,2026-01-30 03:00:00
2a657a48883f8e63,2026-01-26 05:00:00
0a353c85facf3570,2026-02-01 15:00:00
59678b3f16f05e77,2026-01-19 02:00:00
aa2d3a5fa20b0b35,2026-01-20 12:00:00
b381106dd472f3f6,2026-01-29 03:00:00
c44344b58f92102f,2026-01-06 21:00:00
07d1aacccf0b03e0,2026-01-05 01:00:00
b817a83bf796f923,2026-01-21 02:00:00
39928c1b1e27267e,2026-01-22 22:00:00
cf1c55dcef7b8007,2026-01-23 21:00:00
2c0bf431d3296a6a,2026-02-04 15:00:00
ec7fe649775b2523,2026-01-03 19:00:00
0777f172af3e5d76,2026-02-04 10:00:00
f561e06d9e24e1b7,2026-01-27 09:00:00
507e3809e44d80f8,2026-01-09 03:00:00
9516e4b3dc81b4a9,2026-02-14 18:00:00
26925ef9b8e18d94,2026-01-24 21:00:00
c17f18b9842d0d4a,2026-02-02 21:00:00
76c83fd50227b264,2026-01-21 08:00:00
b2ab6bd197d3d6b8,2026-01-16 03:00:00
593b6cedbad6a4a3,2026-02-05 08:00:00
d6f49687b485b63f,2026-02-12 01:00:00
1a244f35e466c882,2026-01-21 21:00:00
f783fea480f50e35,2026-01-27 08:00:00
4e47c335ca03666d,2026-01-30 04:00:00
46b922d415cb5139,2026-01-21 15:00:00
cccad79e2761db2e,2026-01-14 10:00:00
ecc5818109d10089,2026-02-01 01:00:00
c70cd517c256972b,2026-01-14 04:00:00
8bf658b33e4bed52,2026-01-17 16:00:00
5fd565216f494ba1,2026-02-10 19:00:00
5281f09ed3b94c5d,2026-01-29 13:00:00
cae6db466fad4fb4,2026-01-15 15:00:00
5f8711e44ec46033,2026-01-15 20:00:00
61ee9604c7c0b013,2026-02-04 06:00:00
194684134d423148,2026-01-28 07:00:00
97fe634f18e2e5fd,2026-02-07 03:00:00
6d87eba8d04e335a,2026-01-05 00:00:00
7578a7431d2cf98a,2026-02-11 19:00:00
270715013c1a4b76,2026-01-27 19:00:00
608cabfd54c2ca74,2026-01-19 04:00:00
0eed7b9babcf4fab,2026-01-30 14:00:00
99393bde5baa6315,2026-01-19 03:00:00
ec7421666461dfaa,2026-01-29 11:00:00
28759fb728f234ef,2026-02-06 05:00:00
1f9d8a2062d60e71,2026-01-11 14:00:00
eb69b4255178c0a6,2026-02-07 01:00:00
bfc6c051c6333115,2026-01-11 21:00:00
c4eb233f6ff616d8,2026-01-15 11:00:00
27f0b3c5e858824f,2026-01-24 22:00:00
4f4d367e5406a04a,2026-02-07 15:00:00
e8ec8eb527912b8c,2026-02-07 08:00:00
4bb44555c504ecba,2026-01-04 15:00:00
c2af694ae9f82b54,2026-01-31 00:00:00
0013e7dc8004d400,2026-02-10 12:00:00
bcab0616491ed67e,2026-01-27 18:00:00
188f70087b804360,2026-01-21 07:00:00
c86d8c61b1e9fa35,2026-02-12 07:00:00
18bdd292d04dc163,2026-01-13 20:00:00
fbe766f88cdc192f,2026-01-11 16:00:00
8aebbacecd93fc9a,2026-02-01 14:00:00
085271e6c0952a68,2026-01-02 12:00:00
60dc844bf568c515,2026-01-23 13:00:00
19513b300bb3acbf,2026-01-03 01:00:00
43d62375692552e3,2026-01-22 14:00:00
62ea13f3ff4f1a71,2026-01-16 07:00:00
fb89cd453b2e9a07,2026-01-20 18:00:00
b6e62a3be1a6d523,2026-02-07 07:00:00
a639fb957e57b3a2,2026-01-17 18:00:00
5cdfb818635644bb,2026-01-04 12:00:00
81937f9929f2d3ed,2026-02-12 08:00:00
3e3aec6400c0d9f8,2026-01-06 02:00:00
4a430ae0cd5b931a,2026-01-19 16:00:00
26bd1d816e6a552e,2026-01-19 20:00:00
53f845b212c9f712,2026-01-13 15:00:00
3efcc946536bb693,2026-01-11 17:00:00
1c6c93872128654a,2026-02-03 04:00:00
5c89e6562ca8d49a,2026-01-05 01:00:00
40b13a5d3f7f0ef0,2026-02-10 01:00:00
6b442efd706d79c0,2026-01-28 15:00:00
e6b14895c620efca,2026-01-14 04:00:00
298855d03f946dd0,2026-01-05 04:00:00
81b45bfbbe9e61b6,2026-02-11 13:00:00
9331ed13cc920aec,2026-01-04 06:00:00
e9ac9bf20bb38f52,2026-01-18 13:00:00
a228451dbc859f84,2026-01-18 02:00:00
dde4f70af5491878,2026-01-01 01:00:00
33e1070939d0925f,2026-02-02 06:00:00
b5d65ca2a71833ce,2026-01-10 04:00:00
e4eb8108b4189029,2026-02-13 11:00:00
b3ec1d79a0d206b7,2026-02-03 18:00:00
f43d9d90d8636038,2026-02-14 11:00:00
4be48102b0ed1ba2,2026-01-29 22:00:00
b22cae5bf3348e1e,2026-01-23 16:00:00
340c51f81c0695ea,2026-01-29 06:00:00
8a76959c9d27e6ab,2026-01-11 09:00:00
b3024d2c2019cc3b,2026-01-20 10:00:00
60fe4f7912236374,2026-01-10 22:00:00
2cc2f5b3751b06d0,2026-02-07 19:00:00
5289e0d39270ee69,2026-01-11 12:00:00
1bcc5c4a2abfd091,2026-02-09 19:00:00
a2bca0ce9c6419b0,2026-01-17 02:00:00
5743f8eca7db1405,2026-01-27 20:00:00
ab5d19a0061e7ead,2026-01-11 10:00:00
5e431f77b472a54b,2026-01-03 04:00:00
4b5f52467e4ac819,2026-01-22 05:00:00
9fae660e2c344fa9,2026-02-04 19:00:00
561439df8a7e657d,2026-01-08 20:00:00
6147fba6d8e3ba2d,2026-01-14 23:00:00
ca85035f1fdca5ab,2026-02-09 07:00:00
f17f5213f5c0fa26,2026-01-30 07:00:00
43e2198c57782937,2026-01-09 18:00:00
62e66fd643b29b23,2026-01-20 07:00:00
77f0bfd5827d836b,2026-01-05 18:00:00
c77f85c3b6f8dd09,2026-01-24 15:00:00
51b9550bb7fb8808,2026-01-10 19:00:00
039b9179d4ec597a,2026-01-25 19:00:00
0dafcc6394fdd5e1,2026-01-30 14:00:00
8d54eccd40e76ae1,2026-01-12 06:00:00
42073bcf636b74c4,2026-02-12 19:00:00
0a0946d7025d746f,2026-01-02 07:00:00
b045e094090c990b,2026-02-07 14:00:00
8aacb894416da01e,2026-01-17 19:00:00
cb748b665ca75a4a,2026-01-07 17:00:00
c46884903be1f331,2026-01-12 07:00:00
78a17ab498678d2e,2026-01-17 08:00:00
8542bcd5a4374c24,2026-01-24 19:00:00
ff20804cff3b5ec1,2026-01-01 11:00:00
cd35f0e1dfc388f0,2026-01-18 08:00:00
9443b00fa465e3bc,2026-01-09 03:00:00
967b532c194a2738,2026-01-31 10:00:00
865f01b0bc3ff236,2026-01-03 16:00:00
72ef8eedddc8113a,2026-01-14 10:00:00
42c23c7c1bb6cc5a,2026-02-05 05:00:00
2c17312d5461a42c,2026-02-13 13:00:00
b898965ced5a174e,2026-02-04 20:00:00
7e4d7e18c3aa8355,2026-01-03 21:00:00
7d27a7fed8fa703e,2026-02-05 12:00:00
c277c135ca0f5c10,2026-02-14 04:00:00
5e11a658299eb38c,2026-01-10 20:00:00
c4592d009779f35b,2026-01-29 06:00:00
a6b3399499c41e79,2026-01-16 08:00:00
be5bf235ead1cd61,2026-02-03 22:00:00
23c95cc16ab3510d,2026-02-03 12:00:00
947901400aeb42ea,2026-02-03 07:00:00
453c2c40af0d3f38,2026-01-01 18:00:00
04db8b47d07cf3fb,2026-01-12 11:00:00
a9a6e880a59a4640,2026-01-11 04:00:00
cb1cff471af602c9,2026-01-15 23:00:00
84b77707c7c4c553,2026-02-05 03:00:00
a1758c671d2f4598,2026-02-09 08:00:00
4fa91a1dbc311a69,2026-02-01 12:00:00
4efedaa77f081bea,2026-01-11 20:00:00
84455bae712a94fc,2026-01-02 10:00:00
4a244eec05f93d3b,2026-01-18 12:00:00
8a476603a0fc3f6d,2026-01-05 07:00:00
ac89de96765fef9a,2026-01-27 05:00:00
0d9ffeac3e476260,2026-01-21 12:00:00
1f05e16e95f6ede3,2026-01-28 07:00:00
a256f656df34b664,2026-02-13 19:00:00
14e587b5907801b0,2026-01-22 07:00:00
1705a2cef5e312d1,2026-01-14 01:00:00
872f6cc56ff6b066,2026-02-11 20:00:00
6d2a96fc43e55c24,2026-01-01 08:00:00
d37711af3e3ee4c5,2026-02-13 08:00:00
cb96e34674e0698f,2026-01-09 02:00:00
dbfd341ebf7a2233,2026-02-02 02:00:00
fbfa652624c87bf3,2026-01-06 11:00:00
844d102a184c24da,2026-02-10 05:00:00
6743e5e27edb7a05,2026-01-09 23:00:00
b4493e00e4921a8f,2026-01-07 11:00:00
1d723d810aee5c52,2026-02-09 06:00:00
277184aa8727e8fe,2026-02-07 23:00:00
3fef5d9a3f66033b,2026-01-20 16:00:00
b285ce9ad51a99f9,2026-01-29 00:00:00
7bc37cb8a11413ea,2026-02-11 08:00:00
5967bb1ef0fd98dc,2026-01-29 17:00:00
0ec9ad064a777843,2026-02-02 19:00:00
b140722f7592005f,2026-01-21 05:00:00
884348abd45b4915,2026-02-03 10:00:00
ff79c2113bd38d60,2026-01-01 16:00:00
1d11afa70d131db3,2026-02-07 23:00:00
4d16db9389cc5eae,2026-01-10 10:00:00
da1ca6e25aadd617,2026-02-07 22:00:00
7fb991b2cb87e950,2026-02-07 20:00:00
e1f68374b7ec7289,2026-01-13 05:00:00
95006055c64b118e,2026-01-08 16:00:00
a0d4455c83006ef3,2026-02-10 01:00:00
7f328627e0f0422e,2026-01-12 06:00:00
e9c10b1280ad4cd0,2026-01-03 04:00:00
80701bb8e2b9712e,2026-02-12 15:00:00
3e0ff2d56321cbee,2026-01-12 15:00:00
d0288fe63360e7c1,2026-01-30 08:00:00
a8599e1a9f90727a,2026-02-14 13:00:00
8aac4da82117d7e3,2026-01-09 00:00:00
1b87e3df7c040f9a,2026-01-09 13:00:00
8d329780507edf5c,2026-01-07 09:00:00
cb109c1bc31443b0,2026-01-24 12:00:00
6daa1406bb38db54,2026-01-18 16:00:00
996aa992d6c8f0cc,2026-01-16 18:00:00
38510dc056d9c7ce,2026-01-26 10:00:00
cadd6e75daa96175,2026-02-09 10:00:00
19a3b301bb10c564,2026-01-25 18:00:00
affc0ed1ee2a32ad,2026-02-11 14:00:00
361d098b7e36eea1,2026-01-07 07:00:00
bb2752f714045450,2026-02-04 10:00:00
a1b6592ff2f804fd,2026-02-05 11:00:00
447b5f24d1bb1863,2026-01-18 09:00:00
6eed2a1556be9689,2026-01-30 09:00:00
9807db04ba76dd7e,2026-01-17 07:00:00
7c40f5e1c34b2c28,2026-01-18 13:00:00
4ec3f36652cd2720,2026-02-01 00:00:00
0576898f8c1a70a3,2026-01-08 18:00:00
b104a39ca5795b4f,2026-02-07 07:00:00
a18b80f94a7d3051,2026-01-15 14:00:00
56506eb5995e43e5,2026-01-22 07:00:00
0659129ef4cd0fa0,2026-01-18 04:00:00
e3dae7fa95be0f45,2026-02-10 06:00:00
8cb67d282c74e589,2026-01-24 07:00:00
6fc68473d25e8d8e,2026-02-01 14:00:00
a95b5d58050b440d,2026-01-06 14:00:00
c6b196085a6abf13,2026-01-11 21:00:00
778e94b2b7cbe1ff,2026-02-08 20:00:00
10a0976121265911,2026-02-05 19:00:00
844ddb81b715cf74,2026-01-27 01:00:00
1e47313a4a639f18,2026-01-10 16:00:00
b77e344981c59089,2026-01-10 10:00:00
6d4961c58daaec71,2026-01-12 05:00:00
0ef39621b801f4da,2026-01-01 09:00:00
72a00ef9a6842e28,2026-01-16 02:00:00
b8e1f5242406a394,2026-01-03 01:00:00
dd5efafcaf6a4b8b,2026-01-29 15:00:00
3a43db7907bba762,2026-02-06 22:00:00
084b07972aa1bc1d,2026-01-02 09:00:00
d0904e1d85e2d97d,2026-02-02 06:00:00
7e36ffb63e17db73,2026-02-13 12:00:00
18b8b21fa4ca229f,2026-01-31 03:00:00
c81f46983255f5e0,2026-01-18 22:00:00
d80beeedcc917687,2026-01-19 03:00:00
bd19a6e22ad0be32,2026-01-23 06:00:00
42555c51d914af56,2026-02-06 04:00:00
700bc77f33fa8a1e,2026-02-10 13:00:00
95853efd093551f2,2026-01-30 22:00:00
34fcda523ed1ab23,2026-02-07 12:00:00
342564efd92febe5,2026-01-11 02:00:00
515b4b82115aeb27,2026-01-01 05:00:00
745dba32443ca93f,2026-02-14 09:00:00
316c23f4fc6dacf2,2026-01-13 08:00:00
71d4d78160022f74,2026-01-09 08:00:00
0b439c0439f0a959,2026-01-31 02:00:00
88913f8163f666da,2026-01-09 18:00:00
ccd8587d362bca48,2026-01-21 07:00:00
644b1e92aee8801c,2026-01-04 06:00:00
7192d218e466eea2,2026-02-05 18:00:00
7b95270b77febe00,2026-01-03 07:00:00
fddd71c2e5ee5820,2026-02-01 07:00:00
52d01bfe16cd2a1a,2026-02-08 04:00:00
04a6605312933bdc,2026-01-09 05:00:00
e6346eb2f0b932e6,2026-02-03 20:00:00
eb8fa608f81f3cbd,2026-01-17 05:00:00
81441de32e833dd7,2026-01-01 06:00:00
1564e40623763b8f,2026-01-28 02:00:00
9e8d4a0f66e1974c,2026-02-07 02:00:00
e9a9703cfb617ae5,2026-02-06 17:00:00
521e2f9c079eab23,2026-01-12 13:00:00
f18c6b20c06a5256,2026-01-24 04:00:00
95b2e81e5618e4fa,2026-01-22 00:00:00
047dcdedb3689c27,2026-02-11 04:00:00
9a068413e3ba0a27,2026-02-11 23:00:00
23a63c13ecd9b8f7,2026-02-05 14:00:00
21ec02228110528a,2026-01-16 12:00:00
f0ef06d053020c53,2026-02-10 08:00:00
5a1aa36cf3aaa821,2026-02-06 00:00:00
efdb6a8c0953fa90,2026-01-19 09:00:00
1a64803358128524,2026-02-08 04:00:00
72f06866b06a919c,2026-01-09 20:00:00
ddc7e65b7b327adc,2026-02-09 18:00:00
b8a0f23299f85a4a,2026-01-03 05:00:00
71c6c22c946a1d8a,2026-02-13 10:00:00
175bd6359df1d266,2026-02-10 11:00:00
5b632bbfaedd5055,2026-01-02 23:00:00
e56f24da4f5139db,2026-02-08 23:00:00
8db7804ebd16fc20,2026-01-30 17:00:00
fadea04360a2a0bc,2026-01-02 04:00:00
96587315e46c4f90,2026-01-13 13:00:00
b0503cdeb2bc54ec,2026-02-09 20:00:00
ebdc78e9a6074c1d,2026-02-01 22:00:00
e2961c227fd0531a,2026-02-11 04:00:00
51264b4ba2b8649f,2026-01-15 03:00:00
c1cf451ffcc7b8fb,2026-02-04 15:00:00
bf5536cba414f334,2026-02-07 19:00:00
fe0e04a9f97f1677,2026-01-29 10:00:00
2029059e64d42427,2026-02-02 22:00:00
e854453b7e81f92a,2026-01-06 08:00:00
64e17ea68c6fce94,2026-01-16 16:00:00
1e5a7e3c2ac1231e,2026-02-07 13:00:00
702b7372c617216f,2026-01-31 15:00:00
34559556cc2ad834,2026-01-22 02:00:00
4dd91e35a216ab86,2026-01-16 03:00:00
3679724f1b72e0a6,2026-01-22 04:00:00
216c6c04a8c2f3e2,2026-01-14 18:00:00
ac77f0a919bfab7e,2026-02-05 20:00:00
365410c6c6f24d80,2026-01-18 04:00:00
a568573ee83bce91,2026-01-05 02:00:00
120000dd624f9417,2026-02-06 07:00:00
cde50a44654ad4be,2026-01-05 17:00:00
d49961a62c4993e9,2026-01-25 14:00:00
1b5299eeb97c1c1e,2026-01-05 16:00:00
220c694b9003c2a8,2026-01-06 00:00:00
1b197d86b05ba9ad,2026-02-08 07:00:00
e41f7b68106f118c,2026-01-22 01:00:00
d0226f69203c08b9,2026-02-07 12:00:00
a99040b1cb9d1156,2026-02-01 03:00:00
e3bcd1de2d94def1,2026-01-16 08:00:00
28be0ead17b5d04f,2026-02-05 16:00:00
0417d591d2d461d3,2026-01-25 02:00:00
af1effa9e4eac011,2026-01-25 14:00:00
810695ac39179216,2026-02-11 18:00:00
6f4f9a354cb91f45,2026-02-07 00:00:00
b0e096cac4f6715f,2026-01-29 09:00:00
a9391b8c51fc3638,2026-02-13 07:00:00
ae84a5fd88b1a9a4,2026-02-14 20:00:00
3745758c9b269bfb,2026-02-04 10:00:00
1606962d30f006f7,2026-01-01 06:00:00
5b4212a5b2c9d52c,2026-02-12 11:00:00
263930601de43e01,2026-01-29 14:00:00
52287d12591f7e0c,2026-01-03 00:00:00
14d9c4c2a02ee815,2026-01-09 17:00:00
c30c1688d2de13ed,2026-01-17 18:00:00
58b19fcbddb96a90,2026-01-12 22:00:00
ee7a9b3ae8fc4021,2026-01-31 06:00:00
067de8d10784c4d0,2026-02-13 19:00:00
2cf130e0dc04c4ae,2026-02-12 00:00:00
0e4606ecc3a1943a,2026-02-07 15:00:00
7bec59a7aa34784e,2026-01-26 19:00:00
9c5522b3c5948448,2026-01-05 04:00:00
67028aafaa2c8665,2026-01-11 22:00:00
638c06b8bda112b6,2026-01-13 00:00:00
ce0e328c2ee28b40,2026-01-02 21:00:00
6a73aef400d47d5d,2026-01-14 00:00:00
a79b034f55e8c034,2026-01-16 15:00:00
164862e056a4d6cf,2026-01-16 11:00:00
8db6ca4d282cd739,2026-01-19 16:00:00
ebb717358fbce116,2026-01-26 12:00:00
4bfe615fa66f506e,2026-01-26 05:00:00
a4300fd61c2ed0c5,2026-01-06 23:00:00
9c0b3cf1316f5dcd,2026-01-24 20:00:00
0620770d031389b5,2026-01-30 09:00:00
5c3e7f3a315b97c2,2026-01-11 13:00:00
a658cf90897ca3ac,2026-01-30 09:00:00
60de33c09f238653,2026-01-25 18:00:00
27cf5d2cb795cb81,2026-01-06 04:00:00
26c06da3865fbc01,2026-01-16 22:00:00
dff31dcd6cf2c177,2026-01-10 21:00:00
4a2c0049f3a66f2b,2026-01-23 15:00:00
ca368030decf9564,2026-01-02 20:00:00
f0630fcacf4d62e8,2026-01-13 07:00:00
e3fdf4a462c415ff,2026-01-19 07:00:00
df8572086244e468,2026-01-08 09:00:00
5f76833752c4223b,2026-01-04 15:00:00
050b7901d39586aa,2026-02-02 17:00:00
f7861e490463a3a0,2026-01-18 23:00:00
e338c347ffc72e88,2026-01-10 12:00:00
905221e09a9aa8e1,2026-02-08 16:00:00
451e3b9c894014ca,2026-01-07 10:00:00
5c03f98b358d1504,2026-01-12 18:00:00
046cfca0ce6337d5,2026-02-01 21:00:00
8e504a0a68b56112,2026-02-05 20:00:00
6716aca02fce6e63,2026-02-08 05:00:00
e5b9683ab30f20e9,2026-01-25 13:00:00
9c321019b3a7ece9,2026-01-07 16:00:00
f557a1629026b659,2026-01-26 00:00:00
0d0475be584392be,2026-01-07 11:00:00
40988727f2f42398,2026-01-20 20:00:00
ef5ffff5d326eacd,2026-02-03 00:00:00
38c75032f80ee121,2026-02-06 21:00:00
3c8d4647387c1bb8,2026-01-02 02:00:00
c13ebddcc7db3cb5,2026-01-06 01:00:00
acb547f96c855fc6,2026-01-01 13:00:00
82c4c78649b18337,2026-01-21 08:00:00
9e9bf85845f04e45,2026-01-10 11:00:00
febe6de0da869f4c,2026-01-29 05:00:00
7840d9b74af64c80,2026-01-09 16:00:00
3daa7c404f8ae130,2026-01-09 08:00:00
95f38b005dc6ff30,2026-01-30 08:00:00
e0e740cd6e904d46,2026-01-25 09:00:00
3f3ee31315eb2aeb,2026-01-30 02:00:00
fb0584b5c601428c,2026-01-08 23:00:00
ce3f617d4dd4ec65,2026-01-29 17:00:00
a44383394d08064f,2026-01-13 15:00:00
0134cda9df72bf67,2026-01-07 22:00:00
946e4db0148ff970,2026-02-01 17:00:00
525bf19301a00d9b,2026-02-04 05:00:00
f8f1f87372dcfcc8,2026-01-18 20:00:00
2cf2c4151362dab5,2026-01-17 11:00:00
ddba132be7e5f38f,2026-01-26 02:00:00
f0eaf6bff6ce3abb,2026-02-04 04:00:00
1de25125bfd7ef4c,2026-02-12 15:00:00
41ca1b0a663f8df1,2026-01-07 14:00:00
988b8bf166377729,2026-01-25 06:00:00
e1aed6794bda941c,2026-01-27 11:00:00
1a178b6e315c6118,2026-01-12 08:00:00
f9dcd0c3baa1eb75,2026-01-18 01:00:00
b19adeb03bda526f,2026-01-06 01:00:00
fa96f14e1119819e,2026-02-02 20:00:00
712bcaaecf08cb6f,2026-01-03 17:00:00
5050da1480246055,2026-01-11 10:00:00
6ab45afa37c7028d,2026-01-21 15:00:00
794dbe38a8f3547d,2026-01-12 10:00:00
219f81a5a63b2344,2026-01-08 12:00:00
201fad58057e6f6c,2026-01-15 05:00:00
c4b33873ffaf03c0,2026-01-17 23:00:00
2706a77808251c23,2026-02-05 09:00:00
8ddb0f9629d96b8e,2026-02-11 03:00:00
476726639e33df92,2026-02-02 21:00:00
c10839ce3a36f04c,2026-01-18 15:00:00
7baf15c28fddb862,2026-02-09 01:00:00
4e20f109311bcf3a,2026-01-06 04:00:00
128c41c81ddf46d8,2026-01-02 18:00:00
836e5c54e7a9e8b4,2026-02-05 19:00:00
fe1fde0dc57ba933,2026-01-07 19:00:00
a0d4244fddfed613,2026-01-08 06:00:00
16aa54069652204f,2026-01-09 02:00:00
48d5eb5294d7daf0,2026-01-30 09:00:00
8f5be06f1f77646d,2026-02-11 21:00:00
b453270cf73f2479,2026-01-24 18:00:00
6249fae1a4c4223b,2026-01-01 11:00:00
de05090dde22f5c4,2026-01-21 21:00:00
2e1c706ac6bd197e,2026-01-18 02:00:00
d0bda4506b6468a1,2026-02-12 09:00:00
0d01ca796ee6554f,2026-01-23 21:00:00
8cc9ed4f4eba60c5,2026-01-11 06:00:00
5bafc2abb5bc2c91,2026-02-09 12:00:00
e51d4ac16bbc47b0,2026-01-20 17:00:00
4d85fe10be8decae,2026-01-29 03:00:00
5013a0ddeb26eed6,2026-01-15 11:00:00
7111db8e84e87c20,2026-01-18 18:00:00
7fae9e33f63b31ce,2026-02-02 20:00:00
18918a5527aa12f2,2026-01-17 14:00:00
b10b89b67b0c3873,2026-02-11 20:00:00
9636106f91272cad,2026-01-10 14:00:00
04db4fbe80158bc0,2026-02-04 09:00:00
e6384a852a847482,2026-01-05 07:00:00
555815f1b537170e,2026-02-12 21:00:00
14672be0e6ae89ee,2026-01-06 01:00:00
b796218894963c78,2026-01-04 09:00:00
f3047cb50437deac,2026-02-12 19:00:00
19a3bd1649fa7ced,2026-01-31 18:00:00
8bec8fe51f7e3f8f,2026-01-27 16:00:00
c2cfd23349ef5c80,2026-02-01 23:00:00
0f8a2384ff4370d9,2026-01-15 01:00:00
cc906c6b9d086fb4,2026-01-15 22:00:00
700743c699121d36,2026-02-06 23:00:00
adb875ef72d2af5f,2026-01-21 06:00:00
67b5fbb1faf2d571,2026-01-26 06:00:00
f98400e4ebef7771,2026-01-01 22:00:00
8c49a31e367e2ce4,2026-01-28 18:00:00
3b6b5890e8eb2767,2026-01-07 19:00:00
a5b532aca60a52ff,2026-01-08 16:00:00
21fee3a62d9c5362,2026-01-26 04:00:00
5a3b70c38f9d548b,2026-01-12 21:00:00
0f6f4fd2d973a6c5,2026-02-02 21:00:00
dbc83c37946e8a94,2026-02-08 19:00:00
0f45dcc6d52b1d60,2026-02-07 18:00:00
29a667d136a05643,2026-02-06 02:00:00
5aea2ab07e7c22ca,2026-01-18 13:00:00
1e042d644d2ae5a9,2026-02-02 01:00:00
088af79fbda346e0,2026-01-19 23:00:00
fb8752c9224dd8b0,2026-01-27 17:00:00
7334790db701f65d,2026-02-09 11:00:00
b8084135d0815133,2026-02-01 05:00:00
9d3e3fb1a7ba808b,2026-02-04 13:00:00
fba1506e9a73877e,2026-02-13 21:00:00
95550224a78b7562,2026-02-02 15:00:00
7e702214f0508b00,2026-01-13 23:00:00
0d6199e4694f4525,2026-01-04 06:00:00
c9eaa9c44d8dedcb,2026-01-26 16:00:00
b5108ef43f8b2380,2026-01-02 17:00:00
53fec4ae8ba8cfae,2026-02-04 20:00:00
7a9e6b41c9b9bd7a,2026-02-04 10:00:00
299e6f7afec809a8,2026-02-02 10:00:00
0d2e2e9bebda8c13,2026-01-20 21:00:00
f649199abbe8d9bd,2026-02-01 04:00:00
21120b1d198bfd7a,2026-02-06 05:00:00
c6ae88c01faf8b1f,2026-02-03 12:00:00
e11ed3ebdd327d40,2026-01-26 17:00:00
87afbbdf8c5f18db,2026-01-15 12:00:00
0fd5feeb5b1a0db1,2026-01-02 03:00:00
edac144fde21839f,2026-02-13 09:00:00
05e9d6ce3846b17d,2026-02-03 04:00:00
ed1aba66b35953ad,2026-01-20 15:00:00
6da0a552195b0175,2026-02-09 06:00:00
ee63a110a5eb5584,2026-01-03 00:00:00
e4a787cbcfe7b5c6,2026-02-06 15:00:00
6a16b5cab31f08f6,2026-02-09 08:00:00
c89b7534d3f50045,2026-02-14 06:00:00
2a4b6338ba512f56,2026-01-06 06:00:00
a223f06dff6308d1,2026-02-02 17:00:00
a84bb703c936a67f,2026-01-22 01:00:00
e3932ffb6d85a6d9,2026-01-14 03:00:00
66eb081758fa00b4,2026-01-11 11:00:00
343ab5f15fedb87b,2026-02-09 05:00:00
f5a10b0789cbb355,2026-02-10 17:00:00
3ff8622683e9fe14,2026-02-08 14:00:00
d7b0b5a928d681af,2026-02-01 00:00:00
748eb49068cfa9e5,2026-01-29 23:00:00
cf173a2b09faf530,2026-01-02 08:00:00
9e1b581c73a8f797,2026-01-03 03:00:00
950f916a89e08938,2026-01-26 09:00:00
7b7f1b23e9ab9b8e,2026-01-23 23:00:00
a92ef7b7ba23d192,2026-01-14 12:00:00
43fd03aa0110c686,2026-02-07 20:00:00
e368a46ac3498746,2026-01-15 02:00:00
be3178c90ce20fad,2026-01-10 10:00:00
5fe6e6fde57cd2f7,2026-02-02 10:00:00
65ccba719ceb0338,2026-01-23 09:00:00
caf92204ade1dc27,2026-01-03 16:00:00
04406677431d02d1,2026-01-12 18:00:00
2f391e513a1a8315,2026-01-24 10:00:00
3919b4a4ca2e7d87,2026-01-03 12:00:00
876702d51c71dc98,2026-02-12 05:00:00
9a89d065d50fb39f,2026-01-10 23:00:00
78e2321cd6913de0,2026-01-29 07:00:00
8e2a9b60922e13ae,2026-01-13 16:00:00
f881f5413f2dd4e6,2026-01-09 11:00:00
b17b7618698e05fd,2026-02-11 06:00:00
d82e75591c698fcd,2026-01-24 02:00:00
1251f62d84aadea5,2026-02-06 03:00:00
039ddfb5dfb1567c,2026-02-12 11:00:00
d108aa166982a32d,2026-02-04 05:00:00
58c8605191cce50c,2026-01-31 20:00:00
0d8bff3c4d053aa5,2026-01-26 03:00:00
0e13888cd15f75e8,2026-02-03 04:00:00
833ea56e891413e5,2026-01-21 00:00:00
9d0715bcf5efacb7,2026-01-13 20:00:00
12b5947faa4a64fc,2026-01-05 03:00:00
3e5e012722e10d03,2026-01-12 08:00:00
1bf27e5ffeb639bb,2026-01-03 00:00:00
e33e477f0e544a77,2026-02-06 17:00:00
f0106c0538748021,2026-02-10 12:00:00
9b6f3b7dbf83b1d8,2026-01-04 09:00:00
9b1a9746c0cef398,2026-01-15 15:00:00
1354a9767e7ab583,2026-01-20 18:00:00
01c34e6e0cb27dbb,2026-01-08 03:00:00
93f0b35456d6aebe,2026-01-22 01:00:00
fbf546ee5bc69fb3,2026-01-08 01:00:00
397e5a220c6a957d,2026-01-24 16:00:00
4c4c7ab02d4b8ef3,2026-02-14 03:00:00
c7e805d20ceb9e76,2026-01-05 20:00:00
f7e476157535a0a4,2026-02-08 22:00:00
538bf3efd2c7bb34,2026-01-01 07:00:00
a7f118bfa57293d1,2026-01-29 05:00:00
666dda528853a492,2026-01-07 22:00:00
0ef583a9a2c9db38,2026-02-08 09:00:00
b2c45d2226dd77f5,2026-01-20 10:00:00
53e38049364da449,2026-01-01 17:00:00
1f871bd9950867ce,2026-02-14 00:00:00
adfc7c8c0b200b5d,2026-01-28 23:00:00
6ff12769690b9a72,2026-01-30 19:00:00
48a1ec992cdaeed6,2026-01-26 06:00:00
32ccc5ad616d49ee,2026-01-24 21:00:00
6c3ba31c0c298bce,2026-01-23 00:00:00
2d862543fbaf0f42,2026-01-15 23:00:00
eb4ca9dd81597020,2026-02-08 10:00:00
8e2a1b9b36d4521b,2026-01-08 16:00:00
a4b331ecf53b91f3,2026-02-08 03:00:00
c0c3664ec349242f,2026-01-16 21:00:00
5c3e00670341b8a4,2026-01-02 04:00:00
212310f48741b730,2026-01-10 20:00:00
d6a134c6bafcc113,2026-01-08 14:00:00
c19ec9962703cd3f,2026-01-17 02:00:00
8be1ae49846556de,2026-01-27 16:00:00
c04e08c017f4cdd2,2026-02-07 13:00:00
fc7017b00f95d965,2026-01-01 03:00:00
246e43016138f4ab,2026-01-03 07:00:00
4c41286e24b5f944,2026-02-08 14:00:00
19fd588cdc27b88e,2026-02-12 11:00:00
24c5bcf3185e028d,2026-01-09 06:00:00
ecd708300d2dda84,2026-01-20 21:00:00
1335a003905f16fb,2026-02-11 17:00:00
a6f06c9340e28a6f,2026-01-12 06:00:00
f26fba930df2c4b4,2026-02-06 23:00:00
2dc28b72425c4f76,2026-01-04 10:00:00
f2b3a8d7dd32edce,2026-01-22 07:00:00
cb123d61e46d0418,2026-02-14 11:00:00
51aa20fd8136314e,2026-02-14 22:00:00
644d862dd7100693,2026-01-14 03:00:00
e8716432f05d87b0,2026-02-04 21:00:00
df418a014fe21263,2026-01-27 22:00:00
72ce9a8cb9cdc4b3,2026-01-31 03:00:00
5964b72fdd17ef41,2026-01-22 04:00:00
0a2d0c499ba43769,2026-01-04 02:00:00
995e738409af2222,2026-01-28 20:00:00
739de3f3cadbbb4f,2026-02-03 08:00:00
b9b12b0f554cb526,2026-01-26 15:00:00
34121cbe0532c299,2026-02-09 09:00:00
db96e11d3bf7d66f,2026-01-24 07:00:00
8e9c4f42b965c48d,2026-01-05 11:00:00
51581511d75d62d2,2026-01-20 00:00:00
b5e59422c500bc8f,2026-02-12 04:00:00
01c30927883078ff,2026-01-05 15:00:00
dc582146ebb6e398,2026-01-10 15:00:00
b6c719bb9fe85c57,2026-01-06 16:00:00
1aa8e58f33caa61d,2026-01-24 07:00:00
c67c5fc172a40202,2026-01-21 21:00:00
fd5d6e470273477d,2026-02-07 15:00:00
363d6bed82572fa5,2026-01-18 03:00:00
78759e9aa935a414,2026-02-01 04:00:00
5fd61f5070b9e740,2026-01-16 14:00:00
dd925d621bf62eb7,2026-01-30 16:00:00
7354c854047ebcf5,2026-01-02 12:00:00
a5e9f73a01753267,2026-01-29 23:00:00
bbf529e997b29330,2026-02-12 02:00:00
f2d6b964946190e4,2026-01-08 10:00:00
73057142cc83516a,2026-02-02 21:00:00
11b42f609f5c70a4,2026-01-28 11:00:00
41576bc766b216e6,2026-01-06 15:00:00
de20867a4fa470df,2026-01-14 11:00:00
f6b8a408c7e36420,2026-02-10 03:00:00
7d6f57303d32c51f,2026-01-04 17:00:00
d65d90d35db02867,2026-02-02 16:00:00
2addb898654dddd9,2026-01-05 03:00:00
86dee0e77676527c,2026-01-23 23:00:00
cbd6151131da3755,2026-01-03 02:00:00
9a91947012c044f9,2026-01-24 08:00:00
fc8bd9b7344cee3d,2026-02-07 11:00:00
25545974d444a11f,2026-01-03 09:00:00
840bf1da15914bae,2026-01-16 03:00:00
3b1d5e9027a40f45,2026-01-03 08:00:00
c549846e712c4f9f,2026-01-30 05:00:00
828e5572e0b8a2d3,2026-02-09 17:00:00
70e375c4bc4a588b,2026-01-17 05:00:00
812502211a050ae6,2026-01-17 13:00:00
fd62bb35dfee6fab,2026-02-10 02:00:00
3af26181bdcb1183,2026-01-11 08:00:00
33ed9bff87a23fb1,2026-01-12 10:00:00
5445d559c4bfaf39,2026-01-28 12:00:00
97920c3baace7141,2026-02-09 17:00:00
f2055543ad7ca67d,2026-01-27 06:00:00
d09498057ee9972b,2026-01-20 02:00:00
7b2eb3bb0648a8a6,2026-01-12 16:00:00
a72aa457972a2c0f,2026-02-11 21:00:00
27d8adf0b611ce77,2026-01-24 09:00:00
a11990e83f243428,2026-01-29 00:00:00
c11b2784d08a09f3,2026-01-30 04:00:00
9865c722a15a2859,2026-01-04 08:00:00
bc00cf52c5795cc1,2026-01-29 09:00:00
52f06d2d672d5c23,2026-01-31 09:00:00
9371ae8459126fee,2026-02-05 02:00:00
01a0dc4f2190e170,2026-01-24 02:00:00
20a6c9070f36872f,2026-02-12 10:00:00
6fe2db571aff71bf,2026-01-30 06:00:00
f52a79d2d6c1c519,2026-01-13 13:00:00
344fe3fec4ad225d,2026-01-28 23:00:00
fbcbda41d720fab6,2026-01-26 14:00:00
b4952393beb42666,2026-01-28 06:00:00
c2a7476a0a746a12,2026-01-15 01:00:00
b733727ca52af334,2026-01-23 19:00:00
8d61e517b5c8963c,2026-01-02 13:00:00
d9f4aa856e1832c4,2026-01-30 20:00:00
7a8cfc364d9fe4e0,2026-02-12 02:00:00
55ab6720610b8bcd,2026-02-05 02:00:00
d68d2e82c355e67e,2026-01-26 15:00:00
97b6d58eefa24225,2026-01-21 09:00:00
0e30ed41d3d99775,2026-02-07 02:00:00
93ced3b929afa96b,2026-02-09 11:00:00
6272aada9dfd5e0b,2026-01-23 04:00:00
3e5e1eaa2ef8f862,2026-01-22 05:00:00
484c12294d0562b0,2026-01-25 00:00:00
782b293beee5b923,2026-01-15 10:00:00
c02bfee2e5c3ba8a,2026-02-03 07:00:00
75c1dc89657e1744,2026-02-06 07:00:00
bc9e3e6439035504,2026-01-26 13:00:00
a40a9e0b92ee3849,2026-01-24 11:00:00
e3df76e932ab5e69,2026-01-26 08:00:00
b7479fe22c196ccb,2026-01-23 02:00:00
7c83b5d446dca944,2026-02-09 05:00:00
b92fe9946ab57517,2026-01-01 05:00:00
735907fd722ee249,2026-01-10 07:00:00
03460e3bf7a2a927,2026-02-01 14:00:00
a3691bca7dae23ed,2026-01-07 05:00:00
1e9db7af41b753d7,2026-01-04 18:00:00
ae13ef1c3db676cc,2026-01-06 23:00:00
675200822fb00f40,2026-01-31 06:00:00
633ad66f05baf077,2026-01-04 05:00:00
d9224704507c22a9,2026-01-31 07:00:00
088ce1ed31c3a02d,2026-01-17 05:00:00
50a16a1671b71858,2026-01-28 00:00:00
a0b45f726cfb4c0c,2026-02-02 12:00:00
b1a5174980680d47,2026-02-07 07:00:00
49fa50a835524a11,2026-01-16 11:00:00
a49e311d0ce589bd,2026-01-26 16:00:00
f65aa76dcc47e1bc,2026-01-16 01:00:00
07490d54d1a65272,2026-01-03 03:00:00
25575762e81db59e,2026-02-13 21:00:00
8bc09063776fe414,2026-01-21 23:00:00
299790efb5687d68,2026-02-13 13:00:00
649511c8a5870ee4,2026-01-16 02:00:00
0e90095ec2a38640,2026-01-12 19:00:00
a084bd8f0755fcee,2026-01-31 11:00:00
0df1f9113c1ab465,2026-01-13 01:00:00
43522f2340cf770f,2026-01-10 14:00:00
50341bda153ba7a2,2026-01-06 01:00:00
6fd70c36a3a82286,2026-01-19 09:00:00
52ce6d1a7c11afe5,2026-01-09 14:00:00
6ef83d05ab98423a,2026-01-12 02:00:00
a2c115d87d73988b,2026-01-05 00:00:00
4d332cbaef169f0e,2026-02-09 01:00:00
55b56e3d78599f2f,2026-02-14 20:00:00
04cb8c6db1c2b644,2026-01-11 23:00:00
34b4ce1ce612e559,2026-02-08 14:00:00
eb4926da59979c07,2026-01-20 04:00:00
71867fb687058e61,2026-01-03 18:00:00
f8c047d2bb028289,2026-01-03 14:00:00
256fe5df0bd4331c,2026-01-01 14:00:00
dc6962fdb0d68a22,2026-01-05 10:00:00
134a9c78f9fbc38a,2026-01-27 10:00:00
a2d6345db41fa52a,2026-02-04 00:00:00
af9c76cd73fae5da,2026-01-01 07:00:00
842d91cc1232f70c,2026-02-01 16:00:00
a1733b918d363f1a,2026-01-25 05:00:00
a39aed1342aed4da,2026-01-07 14:00:00
4a1129c7911b7bdd,2026-02-02 04:00:00
43f639556c9214bd,2026-01-24 02:00:00
a0b09e0090642415,2026-02-06 05:00:00
a6e48cc27412aeb8,2026-01-27 10:00:00
db988815f3b54c4a,2026-01-08 19:00:00
7ca73caff85c5bb6,2026-01-26 10:00:00
34e284402c3ef231,2026-01-02 19:00:00
0843f7c38c1cb44e,2026-01-06 05:00:00
05a6102714c91527,2026-02-11 21:00:00
ab6e52f888586a79,2026-01-23 23:00:00
df79801a29cd7b5a,2026-01-04 03:00:00
b2cb8cbc8a5d7847,2026-01-02 06:00:00
06fe726ea02a8d51,2026-01-15 10:00:00
7cfae83ce0158e92,2026-01-20 23:00:00
fbaade89af756c55,2026-01-15 01:00:00
bfa9ede1196a4bd7,2026-02-14 02:00:00
fd59012a0a5f21b7,2026-01-13 21:00:00
3411a038f654681a,2026-02-01 18:00:00
2455824d26adcd70,2026-01-04 21:00:00
952eca8f579e9cc1,2026-02-11 20:00:00
5cab71be9a454d12,2026-01-02 13:00:00
f632a96303280d7f,2026-01-15 13:00:00
5aeeba7c187e6549,2026-01-28 23:00:00
3b00adb30ee71b79,2026-02-13 00:00:00
063105c26b3d6952,2026-02-10 12:00:00
96f5c6abd449343f,2026-01-01 23:00:00
e3471e09b28e1615,2026-01-31 11:00:00
752ed6ddae71bf83,2026-01-06 22:00:00
fb87c7cac319766f,2026-01-25 17:00:00
d3e3dc29d04fca97,2026-02-04 23:00:00
d196028991d4ee74,2026-01-18 09:00:00
607641bab08e17c6,2026-01-09 02:00:00
018829adabd0499d,2026-01-17 01:00:00
932aa4a0c106ebba,2026-01-13 04:00:00
707284187eb43f82,2026-01-20 11:00:00
689b8a2aa419b71c,2026-01-02 01:00:00
56d1b9360baa229f,2026-02-11 07:00:00
1ce453e7e6c83c96,2026-02-01 08:00:00
f76b3438f037d293,2026-01-10 10:00:00
fad1c70dcdeaa753,2026-01-15 22:00:00
d8b4bbf26e071789,2026-02-11 04:00:00
ee6a40870de30dcb,2026-01-16 16:00:00
63c152933150c45b,2026-02-07 11:00:00
747342530bd0057a,2026-02-06 14:00:00
ec1d06483d435467,2026-02-01 21:00:00
5ef48b9a4889778e,2026-01-08 11:00:00
7453b6cdd2694dce,2026-01-06 13:00:00
742b5887a9a23d0d,2026-01-14 00:00:00
7643902c698dfcd7,2026-01-15 11:00:00
61584c9c7d7fb514,2026-01-25 18:00:00
d2de289ef2d1fdbf,2026-01-23 04:00:00
00a6c584ce2a5a49,2026-02-07 16:00:00
e2a2a69f674b06bc,2026-01-16 01:00:00
946c5d35a63583ff,2026-01-10 19:00:00
d9a3be4e9b1f38b6,2026-02-08 02:00:00
c69a27281c13727b,2026-02-08 09:00:00
b55bd13d139cef17,2026-01-12 17:00:00
5322fe8b61ea934a,2026-02-13 13:00:00
480a42978a3a79f9,2026-01-20 19:00:00
ee2e924c4ba46fbd,2026-02-02 02:00:00
b868dc70c2e64906,2026-01-05 20:00:00
cdeb5c9714c8520c,2026-02-14 18:00:00
9c3c05f85312d7ee,2026-01-20 06:00:00
9359095309956278,2026-01-12 02:00:00
49fce65bf9149e5a,2026-01-26 10:00:00
3c05fd6e34745c4c,2026-01-08 07:00:00
2ea6736c7a920fd2,2026-01-01 17:00:00
261a7b2406bc985b,2026-01-02 16:00:00
0556664737c7c7ca,2026-01-16 11:00:00
6a98d1f3bc4197c1,2026-02-11 13:00:00
1066709a4b61eac9,2026-01-22 08:00:00
ce90ac697df77719,2026-01-12 16:00:00
9fea1417c748bad0,2026-01-15 15:00:00
cde5fcc81abfcda3,2026-02-10 11:00:00
5f31a7694fbd63f0,2026-01-22 02:00:00
11ddc4cbda4eefa8,2026-01-28 15:00:00
f458b3b558d0f83a,2026-02-12 05:00:00
0ada24c0af261de1,2026-01-07 05:00:00
9cbdb287a3e05f3c,2026-01-07 04:00:00
1031cf299951ed54,2026-02-08 10:00:00
77e10fa9b7323a08,2026-02-03 11:00:00
0a80409fe9565b2b,2026-02-03 17:00:00
7194d0c0d286518a,2026-02-06 18:00:00
a9e5ff1188c61add,2026-01-29 16:00:00
371aa228756b847c,2026-01-08 05:00:00
5a50915b3b8bf559,2026-01-12 03:00:00
547c0faab24d4e43,2026-02-04 15:00:00
a879a0b6a03bfa00,2026-01-30 06:00:00
20874325d76b9fc1,2026-01-11 14:00:00
1a01d0a5a9c1b19a,2026-01-16 17:00:00
8cf5bca151c9e51b,2026-01-07 23:00:00
ce8dd5028c842427,2026-01-11 02:00:00
2f216825558458f5,2026-01-08 20:00:00
6bbe70b8d2e4717c,2026-01-04 17:00:00
9011a0663a134b1c,2026-02-02 06:00:00
df5ce6624e809512,2026-01-10 21:00:00
34b4ddf9f0787e50,2026-02-01 20:00:00
dacf7909d3a13399,2026-01-02 20:00:00
75d1e10f23063567,2026-01-12 06:00:00
93d65b61b93d35ad,2026-02-01 13:00:00
d5abe5981edd3ba5,2026-01-22 14:00:00
148e437edd33996a,2026-01-08 13:00:00
a60ce09a13d4d66b,2026-01-09 03:00:00
594395b783617fc0,2026-02-09 20:00:00
edc57d74057a324c,2026-01-11 05:00:00
328b8e3d411a553c,2026-01-28 06:00:00
a97f1d5c7c22146d,2026-01-26 01:00:00
361ff8fb5b917e87,2026-01-16 19:00:00
f8a71e2b085a8a52,2026-02-13 02:00:00
5dc2901ea154aca8,2026-01-25 18:00:00
08a3884e72481e24,2026-01-27 06:00:00
6e290a74660b54d2,2026-01-03 11:00:00
0c6647ec4b567907,2026-02-07 19:00:00
6b761781f882b156,2026-02-10 09:00:00
6eedad8530b1be18,2026-01-30 02:00:00
4f7d741cb4fb78d4,2026-01-11 17:00:00
01c788a2061cf36e,2026-01-14 00:00:00
5c434cd3efdae11b,2026-02-14 00:00:00
c17bebb56bee7610,2026-02-10 10:00:00
94fc6bc859947538,2026-02-14 05:00:00
897cb1702247989e,2026-01-31 06:00:00
117f694e6e64f3de,2026-02-08 23:00:00
0abea7d75e1236bd,2026-02-13 06:00:00
30e575c6ff3c795c,2026-01-17 23:00:00
a4742bd6009e59e7,2026-02-09 23:00:00
bc69e7c34e7db650,2026-02-05 10:00:00
b47a6f1edc6b36cb,2026-02-11 14:00:00
580fca46262efd84,2026-02-07 06:00:00
a3ac6f8c557db211,2026-01-27 00:00:00
9d0ba49e1237eb68,2026-01-07 02:00:00
d3e7065e2a4948eb,2026-01-18 05:00:00
3cc7d4fe24607c99,2026-01-12 15:00:00
904867edb9bb4438,2026-02-12 03:00:00
7dfaa8dc9cf79d80,2026-01-26 04:00:00
33bfe4d875456a83,2026-02-12 10:00:00
4234848bb317772a,2026-01-04 01:00:00
66d267af56491efe,2026-01-29 17:00:00
adb9d621423d39f2,2026-01-23 18:00:00
8e8482d8bd54d726,2026-02-11 22:00:00
908fbe7c820c3812,2026-01-28 09:00:00
d0ec612091b1db46,2026-02-03 14:00:00
494aaba9e594623f,2026-02-13 07:00:00
720eaad4ca32cdc6,2026-02-05 03:00:00
b99b34747ccd9496,2026-02-03 11:00:00
cd78813b27258df5,2026-01-06 06:00:00
50b3c4bd0bdde79d,2026-01-13 11:00:00
8448e7c26d10cc0e,2026-02-05 14:00:00
4ce12f4d759207be,2026-02-13 01:00:00
5e2c45804844cd0f,2026-01-22 14:00:00
64ab4c0daa7625ee,2026-02-08 05:00:00
0da09fe8c0e761d1,2026-01-31 04:00:00
ef6e527af9333191,2026-01-24 21:00:00
78e52b6389789bd2,2026-01-03 13:00:00
35276f9bab7d8111,2026-02-14 12:00:00
818acfd8c4c78aeb,2026-02-14 06:00:00
955bc39ffe76c59d,2026-01-09 12:00:00
a64f459786fb4d43,2026-01-19 05:00:00
deca581877839d75,2026-01-17 15:00:00
384efdca9a428c9a,2026-01-04 00:00:00
3c4076b89d0ea3b1,2026-01-06 10:00:00
e4d40aff7ee079d4,2026-01-18 18:00:00
281864c66a739874,2026-01-02 15:00:00
631b7c7ea5d7d623,2026-01-07 19:00:00
a0a55405e9b9260b,2026-01-11 10:00:00
6896ad4e5109692f,2026-02-01 08:00:00
7d0cbd5340ee9895,2026-01-22 08:00:00
ef2a155507c152da,2026-02-12 05:00:00
fca259d47541ac86,2026-02-08 05:00:00
9ee5932f35f20705,2026-01-18 06:00:00
3ecbd20752b74d76,2026-01-03 18:00:00
93ffa389192c9880,2026-01-23 15:00:00
6a8a3c9033de42c2,2026-02-02 09:00:00
589b592472f7fbcd,2026-01-07 01:00:00
8a0b03cc94a26680,2026-01-24 21:00:00
4c616350bf848afc,2026-01-13 16:00:00
b471e5a0f06aeec2,2026-02-02 12:00:00
4574e7d23c9792f4,2026-02-14 22:00:00
4bc94e54a9289716,2026-01-08 00:00:00
53e2da004f44ea54,2026-02-02 04:00:00
8274c6dee537b277,2026-01-20 22:00:00
5cd0a312db5be76f,2026-02-11 22:00:00
0812e797cd6e03f4,2026-02-06 13:00:00
d662a64e8bbafb0d,2026-01-01 07:00:00
28db1a5e0f9cc700,2026-02-06 20:00:00
62e07da1175b82c4,2026-01-14 21:00:00
431c41414848ac20,2026-01-12 01:00:00
dce865bea60a44ab,2026-01-03 05:00:00
34e56a72dd45408c,2026-01-21 16:00:00
8e4cf79fbb5d72aa,2026-02-05 05:00:00
14bbc96bc8341dd6,2026-02-09 09:00:00
6652cdc220f187ac,2026-02-05 10:00:00
169032faf7571c7d,2026-01-16 21:00:00
2f85a16f05c06947,2026-01-16 12:00:00
612af2e11b0163df,2026-01-25 02:00:00
ecfa0c99b5fdcff0,2026-01-22 05:00:00
c2a799814e8d0525,2026-01-15 07:00:00
b5e1ae46bbee96dd,2026-01-19 02:00:00
eea91a57585904af,2026-01-11 15:00:00
d434a7405a5ede66,2026-01-14 09:00:00
0846c5e446a32b07,2026-01-25 16:00:00
a6ae003ba653d184,2026-01-21 00:00:00
91c7cbf7f17df6f4,2026-01-31 10:00:00
dd4da82a2736ca12,2026-01-09 03:00:00
65512bc2524941fc,2026-01-21 11:00:00
81352f31e60a8cd2,2026-02-10 13:00:00
4618c12ddbb0d4a3,2026-02-10 12:00:00
fb1456d631fefb83,2026-01-10 05:00:00
c6c216d8338440d5,2026-01-08 16:00:00
bc13c854433c1c90,2026-01-29 08:00:00
ae05c0ed69164dad,2026-01-14 21:00:00
8c4275384602af29,2026-01-12 13:00:00
01f7a4fdad20f4e4,2026-01-29 22:00:00
765cfc218a2fcd4f,2026-01-06 20:00:00
0e8801fe695c0d67,2026-02-13 04:00:00
48b47d43a41962a8,2026-01-17 22:00:00
98957965b0d1c619,2026-01-07 14:00:00
04b5f204142c8649,2026-01-31 02:00:00
74d401c1f261e45c,2026-01-27 12:00:00
41daade23e3eb948,2026-02-06 07:00:00
5b178a7f1222dc44,2026-02-14 13:00:00
32a8584302e869f0,2026-02-04 22:00:00
539e3bbcf37b61e3,2026-02-10 21:00:00
23243b179aaa6e5d,2026-02-01 02:00:00
70e6f3f6c7eb1ce7,2026-01-16 06:00:00
49c2f23d9740b01e,2026-01-05 03:00:00
c630bb014df2e6ce,2026-02-13 21:00:00
10f46ac5f02a0b7b,2026-02-07 18:00:00
4faf45d9b8617b5e,2026-01-03 18:00:00
6450cbc8c7b36353,2026-02-04 07:00:00
bd80b35ba7344b47,2026-02-12 23:00:00
99873976dca5860c,2026-02-14 06:00:00
bb3c56df9b226d17,2026-02-05 15:00:00
08d4ad7b26270b04,2026-01-02 07:00:00
ceca9db13b2b5653,2026-01-15 19:00:00
65a5a8d14efb5859,2026-01-12 17:00:00
a241687bcaade0b4,2026-01-07 01:00:00
3ba3fa9ce682b69d,2026-01-18 00:00:00
63f7e4df8e8f1929,2026-01-01 04:00:00
d733a09c179aeb41,2026-01-06 08:00:00
df8ce4e328945ee1,2026-01-30 22:00:00
37c7bf06434879cd,2026-01-04 22:00:00
2fb544c75b417637,2026-02-13 13:00:00
56ffc620f23a2469,2026-01-20 02:00:00
037cffd82cee0b25,2026-01-24 15:00:00
ffc203a33f9c4807,2026-01-25 13:00:00
485994ab49e7541b,2026-01-05 16:00:00
67f3c71325fa609e,2026-02-09 17:00:00
72905259a655d271,2026-02-05 11:00:00
4ca2cba985b40b1d,2026-02-06 18:00:00
2e0a469832831971,2026-01-23 20:00:00
acf2e2a075374904,2026-01-23 21:00:00
75b7c407a73697ef,2026-01-23 20:00:00
e6ea87ca1a0c3565,2026-01-12 07:00:00
67dee224d537b019,2026-01-22 11:00:00
5185d0d57f680ce5,2026-01-14 15:00:00
f952e730d324420c,2026-01-06 18:00:00
76ca3d104d1e33fa,2026-01-16 09:00:00
e3af9c0fabbbcd6b,2026-01-30 06:00:00
782f720a624bb654,2026-01-01 10:00:00
f2a658384c24a8e8,2026-01-09 16:00:00
735a797ea079e39a,2026-02-12 01:00:00
3d95eaea7ebe641c,2026-02-14 13:00:00
ea66176383d622ef,2026-01-10 02:00:00
8060f1527d3c2ba0,2026-01-21 04:00:00
8c2a6cdfbe7728d7,2026-01-18 08:00:00
be29ca73341863b3,2026-01-02 05:00:00
e3bbd9100572f818,2026-02-03 20:00:00
86bc602dd6976da4,2026-01-02 11:00:00
56cbfb1071f2308b,2026-02-05 13:00:00
d062e6f3a5c6e0f8,2026-01-20 13:00:00
eead42fa96e613c1,2026-01-10 12:00:00
9c0a4f055f49ba9a,2026-02-01 07:00:00
da347bab66d262f9,2026-02-14 17:00:00
a16dcf251b049eac,2026-01-15 12:00:00
1c322a83eb696b54,2026-01-03 09:00:00
cf72740bce594aaf,2026-01-12 07:00:00
e49624999599b182,2026-02-02 22:00:00
447984b42c10b311,2026-02-01 22:00:00
4edef5f58b500234,2026-01-10 16:00:00
2881b0b8fd948032,2026-01-17 21:00:00
f282ff1231fa8c9b,2026-02-11 21:00:00
16418ab8d9c930b3,2026-01-02 07:00:00
d780982d4f0519f8,2026-01-03 16:00:00
5671a86cc2b9ebb5,2026-01-17 21:00:00
e9cabc62e5611ac7,2026-02-03 07:00:00
4914d0a9881d36b1,2026-02-07 23:00:00
ccd7d546b845f260,2026-01-01 14:00:00
a8b2ab837caf579d,2026-01-08 22:00:00
58597d070fd06524,2026-01-01 19:00:00
2f0b455e75fc9f2b,2026-02-11 02:00:00
9b6ef54f95158eef,2026-02-06 10:00:00
a4bae5e4ddc4c0fe,2026-01-08 15:00:00
d9dbdd95c32f440b,2026-02-12 10:00:00
580d8edf8b87787e,2026-01-15 10:00:00
4bc97ecc4afc49a9,2026-01-15 03:00:00
1eab0190c9dac2c5,2026-01-01 21:00:00
095f04156b10581b,2026-01-14 19:00:00
cd0201aa5cf726e5,2026-01-04 08:00:00
0d20405665987020,2026-01-01 10:00:00
2abee29b1aa3170c,2026-01-29 20:00:00
8677ba959731c892,2026-01-12 19:00:00
3a7844365ed6433c,2026-01-29 17:00:00
fbd3b324ab1100a4,2026-01-14 06:00:00
bf3807fbb151ce5f,2026-02-06 05:00:00
0ded4d4dffb958ea,2026-02-09 17:00:00
f3c0f33fc0334aee,2026-01-15 12:00:00
483ff4515994b4a3,2026-01-21 01:00:00
17c74e95807842e8,2026-01-05 09:00:00
c84de20d387cfd52,2026-01-13 22:00:00
cb68bd23a8ed4e27,2026-01-01 06:00:00
f83193fec4ffc39e,2026-02-07 23:00:00
fed6ce3311d579c7,2026-01-31 11:00:00
1033cbc95a3883b9,2026-01-29 06:00:00
c57bd6808def8698,2026-01-08 15:00:00
8392f86e3a65fae4,2026-02-14 10:00:00
1da6588a8576ec0f,2026-02-09 00:00:00
99d54379593cddb1,2026-02-07 01:00:00
656c25920e92c196,2026-02-04 23:00:00
8a17515b6c2190df,2026-01-06 22:00:00
d9cad26e906d5ac1,2026-02-02 12:00:00
e84334bb521089e1,2026-01-03 04:00:00
e1190adf35b74429,2026-01-15 03:00:00
6661ac1a6162246c,2026-01-11 10:00:00
aa2bd65f243733f0,2026-02-08 15:00:00
9b47828266a59a8d,2026-02-09 11:00:00
dda78d525cf1625c,2026-02-02 00:00:00
cc8aa35a6e913797,2026-01-21 01:00:00
50f5011cee912f96,2026-01-02 09:00:00
96650851df4ce5c2,2026-01-12 14:00:00
f0aca62b7729b435,2026-02-09 04:00:00
15db666ee437b65b,2026-01-11 07:00:00
6b89b5c1d158a85a,2026-01-20 20:00:00
27ff601573732cd0,2026-02-10 07:00:00
ad764018ef6f9f0e,2026-01-21 20:00:00
12519c71e862275c,2026-01-10 14:00:00
526ccbfe75f440c8,2026-01-04 00:00:00
e50aabdbfc6cdba1,2026-02-01 04:00:00
9fe7b448856234f3,2026-02-06 02:00:00
890c61e17cfafa0e,2026-02-08 03:00:00
619df37f9fbc69c7,2026-01-16 04:00:00
a783fad928308816,2026-01-25 16:00:00
6efcb86c2f19b37f,2026-01-22 19:00:00
ad22c72da4fdb380,2026-01-31 07:00:00
984fa94c058dc48e,2026-01-01 02:00:00
d874fb2bf64d73bb,2026-02-13 23:00:00
dc7fcc26141bf978,2026-01-26 13:00:00
6332c7239599a632,2026-02-09 17:00:00
0f65d23665db254c,2026-01-14 05:00:00
f799fa6b8051bf1e,2026-01-23 18:00:00
28f925087d9f4676,2026-01-25 03:00:00
dbb2a58cc8fb9df5,2026-02-05 16:00:00
9f64635fac7fc1cc,2026-01-27 23:00:00
f4596e6a7ca031fc,2026-02-03 20:00:00
31251107900b2756,2026-02-06 19:00:00
cd2d10a4e05b8bc1,2026-02-11 00:00:00
cebd8e9fa1e9e436,2026-02-12 12:00:00
3b9e1f2bdcff181f,2026-02-08 09:00:00
304d901a847c12ab,2026-02-03 00:00:00
46f4e5d3c575b836,2026-02-12 15:00:00
7db7479ca79e5e74,2026-02-03 23:00:00
c3dfe63b3824d437,2026-01-08 12:00:00
17693872400e1140,2026-01-03 11:00:00
0f19724955e03106,2026-01-18 12:00:00
c76a3eaf8f42593e,2026-01-29 16:00:00
c983aeac01c2b991,2026-01-13 03:00:00
46eb1b6adc6c8641,2026-01-07 14:00:00
dc77f41325b8285d,2026-01-11 06:00:00
3e660f9d43a7c61f,2026-01-19 06:00:00
579ad2919d0195b0,2026-01-20 09:00:00
fb363c30d88712ed,2026-01-23 09:00:00
1d97507122f8b9da,2026-01-24 03:00:00
7bb79c73e886eefe,2026-01-27 03:00:00
7379cf5c7199cc7d,2026-01-13 04:00:00
3f45aa806b9b652d,2026-01-07 13:00:00
5623689249cabd26,2026-01-23 23:00:00
147aa9d90def42b6,2026-02-07 20:00:00
d1fc2bf9b94aa89c,2026-01-14 20:00:00
ff82cba7b7e7f6fb,2026-02-10 15:00:00
f833e3ebbd3ba36e,2026-01-09 08:00:00
ac7688a08371bc16,2026-01-01 17:00:00
6dfa9a86b8fada8e,2026-01-15 01:00:00
abf7bf10a66c9df1,2026-01-12 23:00:00
69bfa6798bd93f09,2026-01-02 08:00:00
a0da6338eb246cb7,2026-01-26 06:00:00
ab0bd44f79ce30b7,2026-02-09 17:00:00
3a03daa07ba778fd,2026-01-02 14:00:00
c40fb12a93eb2548,2026-02-11 07:00:00
c9eca0cb0e1d4c8a,2026-01-19 06:00:00
1cc938e3629c06e8,2026-01-30 10:00:00
3ac69eed7bb1b32e,2026-01-21 02:00:00
fbfa9968e83a5efd,2026-01-05 09:00:00
e7c8e25a0074a20f,2026-01-09 10:00:00
86b1c49c57c582a9,2026-02-08 19:00:00
a73ece3333ab4098,2026-01-17 00:00:00
385895cd836664c9,2026-01-29 00:00:00
63599f01d93b4534,2026-01-25 01:00:00
cc6ce57dc274a958,2026-01-15 09:00:00
41ac079fe332840f,2026-02-07 01:00:00
7b7e913b5282e226,2026-02-13 16:00:00
eff22c32d8cd5193,2026-01-07 01:00:00
7bdbd15a4d53e1c9,2026-01-21 12:00:00
b5b1d6beca0fa740,2026-01-31 02:00:00
0885d65b294975fe,2026-02-09 14:00:00
30a05baf6bb86e6b,2026-01-29 15:00:00
5615ecc02eb1ce08,2026-01-02 23:00:00
0d65ebe4cbd4aa17,2026-01-11 13:00:00
1d64172c4b75ea0a,2026-01-23 01:00:00
f2fc53bac6220776,2026-01-10 12:00:00
eb94fe863ac26a86,2026-01-10 13:00:00
b6f634a920194755,2026-01-28 23:00:00
2ebb072019bb9226,2026-01-14 08:00:00
6dba26f16f48dac1,2026-01-25 01:00:00
3020345730e4b88f,2026-02-06 09:00:00
c8f311eedcb4a62c,2026-01-23 19:00:00
9edd1d77215d1d6a,2026-01-16 05:00:00
8066ef631fbf627d,2026-01-24 02:00:00
b259035b79bd8de7,2026-01-25 08:00:00
68a8392b7f0ea403,2026-01-28 13:00:00
c2e057c0bc250dcb,2026-01-06 11:00:00
f6863857cf569831,2026-01-19 08:00:00
d37a9bb59acc1395,2026-01-25 06:00:00
0341d9d85dd57df7,2026-01-22 18:00:00
97c853c4ed64ad4a,2026-02-04 03:00:00
d00fee757848aced,2026-01-30 11:00:00
a02dcb689b172dac,2026-01-22 10:00:00
95d209ef7a2d1aff,2026-02-06 12:00:00
017437493197bb08,2026-01-27 14:00:00
554fb92e83bf3365,2026-01-23 03:00:00
7e98fe800dcd8dd6,2026-01-01 04:00:00
12d462d87096019d,2026-02-09 11:00:00
640b2d38f70b3331,2026-01-26 23:00:00
1ae932183b1b1597,2026-01-27 20:00:00
8131cdfcbd5236e8,2026-01-10 20:00:00
8a8061544a644543,2026-01-31 22:00:00
18b6de5a3eea6a22,2026-01-18 10:00:00
0f70a77ea62ac7ab,2026-01-26 19:00:00
0cc545cbe0c5e411,2026-01-30 04:00:00
514077e07771fdef,2026-01-10 15:00:00
d028f59911aa756d,2026-02-04 05:00:00
82ff18beef3e15de,2026-01-23 21:00:00
144099d19bc15306,2026-02-01 18:00:00
d9b1b2915208de03,2026-01-15 04:00:00
5af8700d74f2a0ef,2026-01-05 11:00:00
40bb0686e6008678,2026-02-06 20:00:00
d6b7d1c5f91599d3,2026-02-11 23:00:00
2bfdfceeba96bbe8,2026-01-13 10:00:00
19c473a09109b6f3,2026-01-21 06:00:00
64dc9e6f8e5986b9,2026-01-12 11:00:00
2b240d4f29f2a152,2026-01-10 09:00:00
ee47666a368a00f8,2026-01-08 16:00:00
ef051be27f06efb3,2026-01-30 04:00:00
dbfed8c13de317e2,2026-02-02 04:00:00
30716056ebe5383d,2026-02-11 01:00:00
5961148df2a42d0f,2026-02-14 20:00:00
2cbdf9136e597f37,2026-01-06 02:00:00
7a1caa0a3de4ce74,2026-02-14 05:00:00
6ce16ae976093d7f,2026-01-15 16:00:00
08ce2a7096e62830,2026-02-11 19:00:00
558e125d1f7ede1f,2026-01-25 11:00:00
7f77222421279e93,2026-01-07 22:00:00
82e7430f210b7a85,2026-02-11 14:00:00
d584ce4eaf4b2028,2026-01-11 10:00:00
6f235d11aca77581,2026-02-14 02:00:00
6b4d227412fd488d,2026-01-17 23:00:00
108bd36ee0889a34,2026-02-08 09:00:00
a28bcf27a167a115,2026-01-05 21:00:00
3bdb475d2108ba7c,2026-02-10 11:00:00
183717d8533fe89d,2026-01-13 10:00:00
fbf501ec103a755c,2026-01-11 22:00:00
e2e2d9bfb7e54e08,2026-01-03 18:00:00
32dd01e1029aebac,2026-02-04 21:00:00
46e7edd190cdfb32,2026-01-03 03:00:00
fad3bd191048efdd,2026-01-13 14:00:00
4a6c7b333529a532,2026-01-06 22:00:00
f9d1c65bd12e69b4,2026-02-05 03:00:00
6f15da5ccf6361f1,2026-01-22 07:00:00
175415ff22b9d20b,2026-02-07 09:00:00
9103c27e57e830b8,2026-01-18 22:00:00
f49bb4b71abefb92,2026-01-04 15:00:00
a1fd0fa3fbaada54,2026-01-18 08:00:00
01eac38d4f41832b,2026-01-03 10:00:00
3433fe87f98029db,2026-01-06 03:00:00
ce71d76605c2f2bc,2026-01-22 06:00:00
4122a27b94410deb,2026-01-27 16:00:00
e19aedf1b321fd9d,2026-01-11 04:00:00
7eae936524d9a048,2026-01-27 15:00:00
4672279cb4602b8a,2026-02-10 09:00:00
bc5f414f7dc64468,2026-01-22 20:00:00
ef0357363e25c6e1,2026-01-24 23:00:00
26777491aa03e877,2026-01-01 20:00:00
eb937702e68402ee,2026-01-02 06:00:00
ac895d6f5df294c8,2026-01-24 18:00:00
a847b52216428866,2026-01-29 18:00:00
fa49fda7bbe2a678,2026-02-08 03:00:00
9ca9f704ac7c2792,2026-01-15 23:00:00
5273b9089216197b,2026-01-06 14:00:00
a913fe6aec255cf3,2026-01-26 01:00:00
e398a9484543809a,2026-01-07 09:00:00
13239f07e2b429cd,2026-01-16 13:00:00
636c74744dcd8c6d,2026-01-08 21:00:00
1aac0224cb0026ac,2026-01-27 23:00:00
e30eeaddcf7a2ed9,2026-02-05 14:00:00
14ca92fe12624296,2026-01-08 01:00:00
60028cf186fb26f0,2026-01-21 14:00:00
e157aa31ef75dab0,2026-01-06 00:00:00
a5dfbe26f758a692,2026-01-24 15:00:00
ced36dd0e79f041d,2026-01-05 17:00:00
cef5255871b7c6ed,2026-02-12 12:00:00
425f29ce5da96cdd,2026-02-08 15:00:00
9888f23b524b9893,2026-02-02 06:00:00
8b58eed5c6746f13,2026-01-16 01:00:00
4b43fbf58d0eefe4,2026-02-13 07:00:00
530e435c15d553c7,2026-01-31 17:00:00
2016ea228ed21aa2,2026-01-15 19:00:00
c430809fef57a83d,2026-01-25 12:00:00
e223eeefd002da8f,2026-01-23 14:00:00
0ec13ce3b7a1502f,2026-02-05 18:00:00
8f09bd64160731e3,2026-01-06 15:00:00
414c7c7dfe64f14f,2026-02-14 01:00:00
82c8c46b9f04140f,2026-01-02 00:00:00
fa719aaa7b4ca963,2026-01-30 00:00:00
1d81b2c246682c53,2026-01-19 04:00:00
3a4dc7c4c0ed8ab1,2026-02-08 13:00:00
0718389763e85b64,2026-01-06 02:00:00
1906a709c82a74bc,2026-01-18 13:00:00
efe0bc91ba981219,2026-01-01 18:00:00
d056bbfd79b5e2a9,2026-02-06 20:00:00
dda319bd1fa11916,2026-02-09 07:00:00
7964dadb6142718c,2026-01-31 14:00:00
d3f679872c5e1708,2026-01-07 01:00:00
20be6a08d09a35bc,2026-01-26 16:00:00
e33d51947565e9d4,2026-02-09 01:00:00
f95d93556e3c77b2,2026-01-05 23:00:00
74ff3d7cd38dee80,2026-01-31 07:00:00
832c662ec31f3d5e,2026-01-16 17:00:00
4998915c3e7175c1,2026-01-16 04:00:00
d3feb79773f58426,2026-02-05 21:00:00
05827e90c5b6a5a0,2026-02-01 04:00:00
16f96f0a85ec5927,2026-01-12 18:00:00
df41c29c25a8d5ef,2026-01-27 09:00:00
273911bc19b55a26,2026-01-01 10:00:00
5e4587c2838ad1f9,2026-01-30 12:00:00
9a9dc38543a0c76f,2026-01-22 19:00:00
4cc1990ac871d1ea,2026-01-31 12:00:00
c6c1d70f5f12155d,2026-02-03 17:00:00
26515cadd5bdb161,2026-01-15 09:00:00
29aee403d7510278,2026-01-03 12:00:00
e2606e88fd3b00a9,2026-01-14 16:00:00
744560854f36230b,2026-02-04 22:00:00
62c7552751893f0f,2026-01-19 10:00:00
17d9940a6ad3d482,2026-01-25 17:00:00
f7492a8a4a7913a9,2026-01-28 18:00:00
926e9cd7576dbfc0,2026-01-11 04:00:00
0653772e5d7309fc,2026-01-28 19:00:00
f58918262283e49b,2026-01-04 19:00:00
208c65fae8492cbd,2026-01-26 12:00:00
ad855d2e39681400,2026-01-08 18:00:00
a76e85e3e8ed2efe,2026-01-19 13:00:00
1f667e6484ef23d4,2026-01-20 14:00:00
055b625a73c133a6,2026-02-05 23:00:00
6e4429c740eb1ad2,2026-01-17 06:00:00
aebeef51e406eb76,2026-01-23 15:00:00
0fd6117927389053,2026-01-22 12:00:00
5601c570594fce12,2026-01-03 15:00:00
084e48675d3f6fc0,2026-01-30 19:00:00
032fce72b9127972,2026-01-24 21:00:00
9e54f7d4d0f5602c,2026-01-25 10:00:00
efda3b84181436aa,2026-01-01 10:00:00
311575939a71007f,2026-01-27 12:00:00
ce4db4486ad6470d,2026-01-29 14:00:00
d6e15979e7bd01d7,2026-01-20 19:00:00
17b00330d8bdb20c,2026-01-23 07:00:00
26d5fd2925ba0c24,2026-02-02 21:00:00
cbfb811c25bccf7b,2026-01-03 03:00:00
2584ed69f49b9a48,2026-02-07 22:00:00
ea422cf98080a3ce,2026-02-02 13:00:00
bf760f5856514301,2026-02-11 07:00:00
f44fe0d0575cb5e6,2026-01-21 23:00:00
5756784001d097d7,2026-01-16 18:00:00
33f023efd662dc8f,2026-02-10 18:00:00
57110bcdfbec2e5e,2026-02-12 22:00:00
8e156d2ac330767a,2026-01-17 15:00:00
1458cee99ef28db7,2026-01-04 23:00:00
108f9948f135f061,2026-01-04 02:00:00
8ead3db5b7956444,2026-01-24 14:00:00
fae17813e7e5c8e0,2026-01-30 01:00:00
9d86ac2f27e2e380,2026-01-31 12:00:00
ce0ad2532d4c95c5,2026-01-14 22:00:00
cee32b784b6b55aa,2026-01-29 16:00:00
9f91f610ae0fac27,2026-01-25 09:00:00
e3898cea906e2a4b,2026-01-25 19:00:00
29e02f15dc3a6ec8,2026-01-03 22:00:00
398977ec512604e4,2026-01-28 08:00:00
9e6c0da9c25c740e,2026-02-13 21:00:00
e9c970d3b572b6aa,2026-01-10 06:00:00
7a50186caae59454,2026-01-08 03:00:00
6b2bcde347343f9b,2026-01-18 04:00:00
c59d8042ff01c609,2026-01-15 17:00:00
5759ddb53e18b3dc,2026-01-31 18:00:00
10bb5811435c6581,2026-01-03 17:00:00
9bb72f7d3a390bd8,2026-01-25 10:00:00
6ebbd6fd50b25c62,2026-01-28 20:00:00
75f4806ae892ee04,2026-02-14 17:00:00
87d5d7d280d03570,2026-01-15 08:00:00
9267572d72a908cc,2026-02-01 13:00:00
c0fd6dad7d2646ee,2026-01-29 03:00:00
03b90ce87107d98c,2026-02-10 20:00:00
dbc81a0fc490151b,2026-01-19 07:00:00
c5137de9ca1b4764,2026-01-26 23:00:00
01e998958e57a927,2026-01-06 11:00:00
cf2ae58b95182b4e,2026-01-05 05:00:00
f00ae92c05e20a0f,2026-01-08 23:00:00
0794eaa67bace608,2026-01-30 09:00:00
392e9b66f2604a34,2026-01-08 05:00:00
9efad4ac7384b712,2026-01-11 17:00:00
77d77a3c95d0e3ae,2026-01-31 21:00:00
3ba195559b898dc1,2026-01-04 03:00:00
3fbb3144facd0b2d,2026-01-21 00:00:00
47540a232f3f8d60,2026-01-20 22:00:00
b3f83062d0bd9c18,2026-01-30 12:00:00
a09b4040f9adfce0,2026-01-02 14:00:00
74e37a3d30f31583,2026-01-13 03:00:00
b47593eb3c5d4d0c,2026-01-01 20:00:00
091e081071a3861b,2026-02-06 09:00:00
ff49c69a24515487,2026-02-11 08:00:00
61f2b57fb224c8a7,2026-01-24 13:00:00
0a76bc6bf81568d3,2026-01-15 04:00:00
8f49e9eb5d37c8c2,2026-01-03 11:00:00
18426a7d277b4dd3,2026-02-09 01:00:00
a8f84e600d07c595,2026-01-13 17:00:00
7f386d464a8cfe3f,2026-01-26 13:00:00
aa6c6b16fb246fce,2026-01-01 05:00:00
9ea6651fc6e7ff27,2026-02-07 07:00:00
2021901e0ab4c3ce,2026-02-04 13:00:00
8496249d7556344a,2026-01-05 08:00:00
e96c5279538be792,2026-01-13 02:00:00
f5c9331f43d529c1,2026-02-08 07:00:00
c81b8410febfc212,2026-01-26 16:00:00
44f0202f6840ba4b,2026-02-14 20:00:00
f5f3604a8982653b,2026-01-06 16:00:00
0603f3efb7a41409,2026-01-16 06:00:00
3426f850de3bd0ba,2026-01-23 03:00:00
565eee3d5b46b076,2026-02-03 19:00:00
334665f46403a9a8,2026-01-02 18:00:00
de3126e098545455,2026-01-25 01:00:00
e95e971350ee4cc8,2026-01-24 11:00:00
76e05c93bc003efb,2026-01-25 20:00:00
fbc79e287c55320c,2026-01-04 14:00:00
0b11180b39866f00,2026-01-02 16:00:00
4e3d8bf1bfa6faef,2026-01-09 18:00:00
7d415e25f27778bc,2026-01-13 15:00:00
943efef1114d4961,2026-01-28 07:00:00
c6ccbfb26f975ff6,2026-01-02 14:00:00
ffa5fbcd843d2e81,2026-02-12 08:00:00
d404d6f088397388,2026-02-01 00:00:00
10f99e430d6ccc6f,2026-01-29 23:00:00
e2221a02d9b5c7e2,2026-01-21 02:00:00
22fdb58515b5c183,2026-01-27 18:00:00
bc44be35d98f50b9,2026-01-02 13:00:00
d7465568256ebdb3,2026-01-14 09:00:00
3cf8ed02bcbf76c6,2026-01-17 22:00:00
16c486036400f2da,2026-02-10 07:00:00
cd9002d93eee03ba,2026-02-14 02:00:00
5ce92ee87fba43db,2026-01-21 22:00:00
96c31b7c26ebfed9,2026-01-01 18:00:00
04fa8aba5df8abaf,2026-02-01 16:00:00
cd7bf43f4efb62de,2026-02-08 09:00:00
dd7858c8b0b83b3e,2026-02-03 03:00:00
991ecb23c03e1aa6,2026-02-12 19:00:00
606c5c9d755d57ab,2026-02-11 02:00:00
b955ca4deb4726fe,2026-01-10 05:00:00
c20b0f0565e9d25d,2026-01-21 04:00:00
138e00fbb2518855,2026-01-30 21:00:00
630c0214884a832b,2026-02-14 08:00:00
a0e7a4ea32ba9d4c,2026-02-10 23:00:00
24d7bc7637908993,2026-02-13 07:00:00
456e5d29f684d135,2026-01-17 16:00:00
ae9eaeee901bb450,2026-02-12 12:00:00
6d268ce6f840afe6,2026-02-04 12:00:00
403eee46c254dc2c,2026-01-16 02:00:00
8306a2989f5352a4,2026-01-22 19:00:00
27e264c9a7fbeb5a,2026-01-26 06:00:00
7db27ddc5eda3a64,2026-01-30 07:00:00
f954a9f76d3ffb53,2026-01-20 09:00:00
6ce2eada1cf87b46,2026-01-16 06:00:00
2b63f42c2a159192,2026-01-13 13:00:00
9c5e7b23017e72ed,2026-01-15 06:00:00
060d33e58e8d89db,2026-02-10 14:00:00
65494b6ecc78f3da,2026-01-11 10:00:00
454ccab086b4a603,2026-01-04 04:00:00
25b174846aab1c1c,2026-02-10 02:00:00
08fd1180cafb2811,2026-01-03 11:00:00
8ddb00463b9222b0,2026-01-03 12:00:00
bfa5b2bb3bfe25b1,2026-01-13 18:00:00
3441f82de060ed60,2026-01-29 10:00:00
a9c0b5b99624fa24,2026-02-12 22:00:00
8b9f14feda634e31,2026-01-22 12:00:00
e41fd8cdc5778458,2026-02-11 11:00:00
c87fe601a49236ae,2026-01-10 04:00:00
a997f9871eaed260,2026-01-17 02:00:00
7f7376d393c2f6d8,2026-02-07 20:00:00
23afe49e23ce3d94,2026-01-27 12:00:00
aaa37a2d7ab78b3e,2026-01-19 21:00:00
dd5c80c8faef4df9,2026-01-25 10:00:00
afa30ea5eba64e78,2026-02-04 00:00:00
6697129525e64399,2026-01-12 15:00:00
0e4e341e45c361b9,2026-01-27 16:00:00
b82e3ac8dc1319f3,2026-02-07 12:00:00
4f15262bb13e47c3,2026-01-14 16:00:00
87dd16036a9ee432,2026-02-10 06:00:00
b1e2d5d18437ccc4,2026-02-08 10:00:00
699dd8b05447a523,2026-01-02 11:00:00
60a111e4b5f1d1bb,2026-01-09 05:00:00
3ea9e563f42c1049,2026-01-19 09:00:00
0b9e9c74015712c7,2026-01-27 04:00:00
8b48d638497daa23,2026-01-11 23:00:00
e2772d93950df120,2026-01-14 05:00:00
1a10fe2a295b8608,2026-01-22 18:00:00
eb95e986fc2eb3ee,2026-02-06 13:00:00
988217c29739cac8,2026-01-30 18:00:00
d30f73dfe62ed073,2026-02-12 13:00:00
9558b70b8c1e46b7,2026-01-20 15:00:00
7ea17ebbb36293b9,2026-02-14 23:00:00
c52f2823e0d26bd2,2026-02-08 11:00:00
34b1251ffe36ddc5,2026-01-20 09:00:00
0c6d5813032c7599,2026-01-10 16:00:00
8abc4e811795fd75,2026-01-12 06:00:00
f16148eaf44331ff,2026-02-14 17:00:00
e3e91deaebea0186,2026-02-06 22:00:00
bb07d5f9501c8423,2026-01-05 06:00:00
20bdfac79e2238cf,2026-01-05 01:00:00
1116ea5db72e6aec,2026-01-09 06:00:00
b67201dfc04eda97,2026-01-19 07:00:00
1ae5c1ff71896f12,2026-01-05 21:00:00
d6a2fe7daa0a5a6f,2026-01-25 11:00:00
2658296130e5bd5d,2026-01-04 22:00:00
d81f5bf199331fd4,2026-02-14 12:00:00
3f9b5ec8c0c771cf,2026-01-09 02:00:00
88634cc399f615d0,2026-01-10 07:00:00
3ef8381dd1ef1dd6,2026-01-28 03:00:00
5d97ec21a36b2bb6,2026-01-28 13:00:00
31582fb18c1d9949,2026-01-04 21:00:00
63bf65abc366b760,2026-01-04 00:00:00
b55008b8d14d41ef,2026-01-10 11:00:00
fad1ee0fcfaec7f9,2026-01-23 21:00:00
fdcec82faad6398e,2026-02-03 07:00:00
53cfbbecb94abbeb,2026-02-01 03:00:00
f064fe7b88d76952,2026-01-17 10:00:00
6fec0cbb8959e488,2026-01-10 13:00:00
e2b475653a48b283,2026-01-07 05:00:00
4bfc0ee3360c083c,2026-01-28 18:00:00
ded2472a492ca574,2026-01-02 11:00:00
b6e747bc39efb452,2026-01-06 10:00:00
0b1d95b82bfd099d,2026-01-28 18:00:00
5139610893d0890f,2026-02-10 11:00:00
d1a12d6219819a88,2026-01-08 06:00:00
d2fb3c343f26e26d,2026-01-21 03:00:00
8f7eb046cd21e014,2026-01-01 15:00:00
e4400958fbdff977,2026-01-06 15:00:00
d23f428781c1ae44,2026-02-11 17:00:00
7e02b7fd48188de4,2026-01-12 13:00:00
dab1d9f94cdcc5aa,2026-02-14 08:00:00
3030ebfd171d8c80,2026-02-11 10:00:00
987b6717514099f1,2026-02-06 23:00:00
108994af143a9fdb,2026-01-17 01:00:00
15c40c9c42632fdb,2026-02-05 18:00:00
f68d27e4e3f51b4d,2026-01-25 15:00:00
3c2d44ad19ccad72,2026-01-03 23:00:00
baa194854bdc5326,2026-01-13 02:00:00
eaf521ee4576ff15,2026-01-13 16:00:00
88d07e64ada1e149,2026-02-07 23:00:00
b9e7c3c0dfa0a834,2026-02-08 01:00:00
00ca449caebf0e88,2026-01-11 15:00:00
881371554b86e2ea,2026-01-13 06:00:00
1e43fcc07b174d1b,2026-02-03 05:00:00
89b7405727ceee54,2026-02-09 13:00:00
504edc344a589207,2026-02-13 17:00:00
d4c6895cee8a5026,2026-01-03 06:00:00
e4610f75256622e1,2026-01-02 18:00:00
e3511f539e9245e5,2026-01-11 08:00:00
ae33a91b2e76f24b,2026-02-12 02:00:00
ab717ebebad9ceed,2026-01-12 19:00:00
5666b52176d71a8e,2026-01-11 14:00:00
2fde2751259152b1,2026-01-30 20:00:00
095d75c36b5a4a29,2026-01-10 04:00:00
103d6123f7d4e5f3,2026-02-03 05:00:00
d98c0b4c4933fbfe,2026-01-04 12:00:00
b3f590956c9467c5,2026-01-01 03:00:00
f85ca93d5225d86f,2026-01-19 21:00:00
9ed12c762ba1b58d,2026-01-22 19:00:00
f26a6f72191a083d,2026-02-08 15:00:00
cd9013c934867264,2026-01-16 01:00:00
7d69eaf47248297a,2026-01-02 21:00:00
872b86f7d39b9932,2026-02-11 12:00:00
6c39c93534b2e1d1,2026-02-10 07:00:00
2f15229ff724fe8a,2026-02-11 17:00:00
f62801eb6192eb72,2026-01-01 08:00:00
5e112d4bc73b8b3d,2026-01-11 12:00:00
dafcf76964781c30,2026-01-24 04:00:00
b29b0f1f96c3ec59,2026-02-07 04:00:00
bfb289a6fe771817,2026-01-20 19:00:00
f978bc2734043df3,2026-02-14 05:00:00
029a6b918950b945,2026-02-05 18:00:00
2dec101a37674b69,2026-01-27 09:00:00
8b05afc36b6894f1,2026-01-08 19:00:00
0ddcd58eb21afd43,2026-02-14 20:00:00
976440cc3c15923d,2026-02-11 07:00:00
0d16ff0454a242fc,2026-01-04 17:00:00
1fe15d1642c37bd1,2026-01-28 06:00:00
bc3e4fc4ad082549,2026-01-05 00:00:00
f089f8fdc7def92f,2026-01-03 20:00:00
e2e5dea67af1ff53,2026-01-08 16:00:00
885650c41a1f4834,2026-01-21 16:00:00
a3f5141afa458252,2026-02-03 12:00:00
054bf3d9f7cf98c4,2026-01-22 00:00:00
8f22c4aaf92953a9,2026-01-25 00:00:00
e8732ede13cf0fe6,2026-01-23 08:00:00
87bd4d61617c3295,2026-01-21 12:00:00
d2a0104072a0d10e,2026-01-28 11:00:00
8e92ff0ce3cbfb44,2026-02-07 11:00:00
f08d5402495005a3,2026-01-28 04:00:00
d5bc8ca81bf10c6b,2026-01-20 08:00:00
87cd71488734cf1b,2026-01-21 17:00:00
01d4ba0f468f648c,2026-01-05 20:00:00
0f04295bc2bcf423,2026-01-20 12:00:00
9cebc92c0b6c73a0,2026-01-31 02:00:00
0d1e58ee0f2b08a8,2026-01-29 18:00:00
bd815ab598b23d12,2026-01-15 20:00:00
2a2b03a46dda89dc,2026-02-10 06:00:00
735ab47aaebd7485,2026-01-19 16:00:00
d6300888f43c3ec0,2026-02-04 20:00:00
62b96d4addd506d3,2026-02-13 21:00:00
b9b5e21297725a52,2026-01-24 14:00:00
72d87168ed46dac3,2026-02-09 07:00:00
544b00954c05336a,2026-01-07 02:00:00
259b29b51937ce2b,2026-01-15 12:00:00
06182b2289c4aff1,2026-01-26 06:00:00
f733469816bf0f3c,2026-01-29 21:00:00
103f2b42ca45a613,2026-01-08 06:00:00
363b55a287574036,2026-02-06 15:00:00
a5082c8998a15e52,2026-01-29 07:00:00
653a91b35b2642d9,2026-02-01 12:00:00
40269b69d9512b9b,2026-01-26 13:00:00
eba4d561d5b15d8f,2026-02-14 06:00:00
8e62efcb04aeae48,2026-02-02 19:00:00
9cd91bd5608d407d,2026-01-13 13:00:00
c91ddebf25ec4e39,2026-01-17 09:00:00
e11e7da76cdba704,2026-01-14 06:00:00
22d32fc2371b89b5,2026-01-05 00:00:00
ef69d7f14d969caf,2026-01-03 19:00:00
464d79c182bbd288,2026-02-05 09:00:00
94c9d110703c8c2f,2026-01-04 23:00:00
f4811de7ca652b1c,2026-01-28 17:00:00
9e15da60d6cdc234,2026-01-26 08:00:00
8a27e84c796e33bd,2026-01-01 02:00:00
02c1cdf4255a9c6d,2026-01-28 23:00:00
54ec1519a0731fdb,2026-02-10 10:00:00
2245dab9b1e40859,2026-02-04 22:00:00
0c7953bab3b19126,2026-02-01 12:00:00
049597d5cea45279,2026-01-23 04:00:00
498932e9b3397a83,2026-01-23 23:00:00
21788cf1432e81af,2026-02-12 02:00:00
0fddd104a2cc37c9,2026-01-01 08:00:00
d93cdadfdd288a21,2026-01-03 17:00:00
a74c93cbd76d0cb9,2026-02-08 06:00:00
1e38db0fe8b21a6a,2026-01-17 02:00:00
19d35f69e2cddc1d,2026-01-26 19:00:00
7dcf39dfcab05c98,2026-02-02 11:00:00
621880ac65255f3b,2026-01-17 16:00:00
8a3a916377fdd8ae,2026-01-10 13:00:00
22ae1555cb51054c,2026-02-12 12:00:00
895c30fff176326f,2026-01-12 01:00:00
df2b00ec560af22e,2026-01-10 07:00:00
cba60f5beba6f690,2026-01-14 12:00:00
3f9f856a83b910c2,2026-01-20 01:00:00
b5cd76a021978cca,2026-02-10 16:00:00
fb71f85af65eb89e,2026-01-24 08:00:00
6160f26c0602f287,2026-02-12 09:00:00
4b5f3a5c384dc070,2026-02-02 20:00:00
9237dff5c746223c,2026-01-04 08:00:00
f3c96920ab08f815,2026-01-16 02:00:00
64ed02ff4ba4b43d,2026-01-07 04:00:00
dfa028a25d99f549,2026-01-17 17:00:00
3ea9a506b694d31e,2026-02-05 13:00:00
de4dcfe0c35d8941,2026-01-30 19:00:00
e63470b5fc33870f,2026-01-15 07:00:00
872feccc98e6d392,2026-01-19 13:00:00
078e5d48f578ab69,2026-02-04 02:00:00
d627241ca5d41f72,2026-02-10 23:00:00
787676b67db76d5a,2026-02-10 17:00:00
ccea5f6f0eead0ee,2026-01-29 14:00:00
011f94bd6eb6fe5e,2026-01-20 02:00:00
e9155d543e50ac47,2026-01-29 16:00:00
9d98bb5dca56de3c,2026-02-02 16:00:00
11b988e710a79273,2026-01-25 19:00:00
8e1a6236b53aefa0,2026-01-11 19:00:00
b573404a783322be,2026-01-19 17:00:00
027a13a5003dbc9c,2026-01-29 12:00:00
84de7a9b4cb6c656,2026-01-04 22:00:00
06615a8ea4c5c477,2026-01-09 12:00:00
f99fa2b67b5d092b,2026-01-31 04:00:00
f764401de8a6b81b,2026-01-30 06:00:00
4f0492b9ac172da9,2026-01-12 05:00:00
ea5f3d09181666c5,2026-01-25 12:00:00
f27b4a9c7b61b74e,2026-01-24 16:00:00
7f7b8e70d8112a8d,2026-01-14 03:00:00
9f87ac0b11665e05,2026-01-29 13:00:00
d039ded1354f0b19,2026-01-10 15:00:00
c2bdd04124dfce92,2026-02-02 01:00:00
92b54c858aba5e88,2026-01-13 17:00:00
64c11d58587dfd91,2026-01-03 11:00:00
ba0957ad84f6bf69,2026-01-28 16:00:00
6c1ce46520f83eb9,2026-01-31 15:00:00
36aee52aae177a12,2026-01-03 23:00:00
8f2d55822f766ea7,2026-01-24 23:00:00
d3f7c20a0d9637b9,2026-02-07 20:00:00
f5cf677765455050,2026-01-21 10:00:00
7e2f916d31d39de1,2026-01-28 00:00:00
5e1bdb812609184b,2026-01-14 22:00:00
0beaac9340fb5f0d,2026-01-23 07:00:00
2ffef81f9339d98d,2026-01-29 13:00:00
8082726120326962,2026-01-17 02:00:00
862dbe63117ac333,2026-01-04 06:00:00
0ff3291df33ce95a,2026-01-21 01:00:00
877b5b34f5968f20,2026-02-08 04:00:00
bbe2f4ccff3a99ef,2026-02-01 13:00:00
6d8516adb7e17a49,2026-01-24 14:00:00
86bfa8f26271162a,2026-02-14 06:00:00
7a7d520185957e8e,2026-01-22 12:00:00
d7214e71bc8aa4f7,2026-01-11 14:00:00
c25367d0ca6490b0,2026-01-26 18:00:00
251003663fb1890e,2026-01-16 05:00:00
2300d3bf2ca5b996,2026-02-09 15:00:00
9bcb693fdbba665e,2026-01-13 17:00:00
2cd2970e41011b51,2026-01-23 03:00:00
caf9db08dc7d8c55,2026-01-20 22:00:00
212983af2a9e845b,2026-01-13 15:00:00
d162d2bbeff49721,2026-02-13 21:00:00
5e5d351ac4670ed1,2026-02-11 19:00:00
6d70e66499040d1f,2026-01-22 04:00:00
ebbd9ad4e1972a76,2026-01-31 18:00:00
802a578f8efefe02,2026-01-03 17:00:00
e8b6433a04a59f1b,2026-01-16 02:00:00
adbe2d3ed0d832b8,2026-01-18 17:00:00
869b6698cf5078c5,2026-02-05 20:00:00
5fc9b2bb015fc7ef,2026-02-12 00:00:00
4f209d72ed50fa1f,2026-02-12 04:00:00
a0f16677fe99dfc2,2026-01-20 01:00:00
ace5049a3ae925bb,2026-01-29 16:00:00
0fe869d23842a48d,2026-01-01 19:00:00
609a33d39a059be2,2026-02-04 14:00:00
4d8d24ef4aaec8b9,2026-01-12 10:00:00
791a892268958474,2026-02-06 10:00:00
fcf68716fc2bacaf,2026-01-20 18:00:00
ce697fbc87abe49c,2026-02-05 08:00:00
d089e051d62ec6d6,2026-01-12 15:00:00
6a0f9e501acfd349,2026-01-29 08:00:00
1b5a36c8dee82f11,2026-01-13 09:00:00
7e6e7c6ed029fcc1,2026-01-18 16:00:00
96db49a1f191aea2,2026-01-25 05:00:00
82f7bedaa7c2c234,2026-01-15 19:00:00
f047706f1e70281e,2026-02-14 03:00:00
680fdb60fc14881f,2026-02-13 14:00:00
c8fcb9d55c5298a7,2026-02-01 22:00:00
0d1a60f44135041c,2026-01-15 07:00:00
27f93098e0a888f0,2026-01-04 17:00:00
c3a33d32747b4997,2026-01-26 22:00:00
5093ba6ef3627a1f,2026-01-26 00:00:00
b0154a9c103f3691,2026-02-03 01:00:00
d86e312a16a813c3,2026-01-17 21:00:00
61e8b474cbce5af6,2026-01-14 08:00:00
9bfaa665d33f4bec,2026-01-29 13:00:00
add814cd88d22581,2026-02-11 02:00:00
a79f3710e978c885,2026-02-08 21:00:00
8c6f0de5f635a2b1,2026-02-14 08:00:00
3da2c0101cb64599,2026-01-05 15:00:00
724fe08c86e73ad0,2026-01-02 14:00:00
554983ab4754bde3,2026-01-29 22:00:00
4dfc274c4bb3038a,2026-01-10 14:00:00
c63b62ae739f2a50,2026-01-21 16:00:00
af7685eb6ea3fe02,2026-01-13 21:00:00
0eb00c0fe419a344,2026-01-24 11:00:00
bf61a13cac3713a6,2026-01-02 04:00:00
07e11925983ca29d,2026-01-17 04:00:00
fac292ff753fc5bc,2026-01-31 00:00:00
d088792c8904574c,2026-02-11 06:00:00
f6c457c66616ff6f,2026-01-18 21:00:00
6d314220d596f036,2026-01-10 08:00:00
fe13ca5c74e679ea,2026-01-29 00:00:00
e1fa89247f7377ba,2026-02-07 18:00:00
65dc83ca321f59a8,2026-02-03 12:00:00
c024574566c2b286,2026-02-13 09:00:00
af78e30d29e3af8e,2026-01-24 10:00:00
daee550037ac3ae1,2026-02-06 05:00:00
921a1ec3276e1ca5,2026-02-01 23:00:00
8cdb72f05543df8b,2026-01-17 16:00:00
f6df65d583a82ddb,2026-01-24 21:00:00
6ffe804b674d6752,2026-02-07 03:00:00
98313b73f4882dc0,2026-01-17 03:00:00
2792309548e5f719,2026-01-20 13:00:00
5306759d65ce42b9,2026-01-30 17:00:00
b22b1994a97955c2,2026-01-27 01:00:00
dc006b63bd39ecdd,2026-01-07 17:00:00
97ea9c5b95c456ae,2026-01-15 14:00:00
726a92d4f1654a1e,2026-01-10 06:00:00
05d442da39895861,2026-01-24 20:00:00
6c8f521b3134894d,2026-01-30 10:00:00
200319ab5c891c79,2026-01-12 04:00:00
ef88be36a1382a3b,2026-01-14 12:00:00
3798bc75a0f6bdae,2026-01-18 16:00:00
8e386a3c1ec18754,2026-02-04 12:00:00
ea12544f74f729c7,2026-01-20 18:00:00
3469182739fb7db2,2026-01-25 13:00:00
10d37da1a1d59119,2026-02-12 06:00:00
c4bee6e0bf7e1781,2026-02-05 15:00:00
74d6c00844486c53,2026-01-11 01:00:00
8a0f33ecd03434ab,2026-01-10 20:00:00
9d7bae7761d6138e,2026-01-29 03:00:00
67cb855cdf90e911,2026-01-13 11:00:00
5f44b05c06293c0a,2026-01-28 02:00:00
e2475532103b014b,2026-01-26 04:00:00
4026f666e9a5e547,2026-01-06 02:00:00
f1a91f7895811dcd,2026-01-29 20:00:00
f4f84eded63ef1c7,2026-01-15 15:00:00
0cdd3f9772048921,2026-01-25 03:00:00
15ac32bea26da953,2026-01-27 21:00:00
4ef5f366c9e5696f,2026-01-10 08:00:00
f09a4245b6972bc3,2026-01-17 06:00:00
0c4483185ef87c3d,2026-02-04 15:00:00
e506bd19e1b164bf,2026-01-02 17:00:00
656fcbc872774276,2026-02-08 15:00:00
c86f626d02e067d0,2026-01-05 08:00:00
9fff7f3eba1cb7bd,2026-02-11 02:00:00
eee8fbf964d9024a,2026-01-10 22:00:00
99fe2b28fdd64053,2026-01-04 15:00:00
5337848999e31214,2026-01-26 01:00:00
5749c1b0dc00a459,2026-01-25 07:00:00
ed604460d5f805ad,2026-01-28 00:00:00
8de0aa23cb986593,2026-02-09 14:00:00
5887aa41dae222e8,2026-01-12 02:00:00
c9a1219ebe0be757,2026-02-13 03:00:00
a2a8bd1307330b6f,2026-01-25 02:00:00
1722081e57b23634,2026-01-11 19:00:00
d6864cb0c5c500d7,2026-01-24 08:00:00
66462aa34b764395,2026-01-18 16:00:00
4d049afa79da9fc3,2026-01-01 09:00:00
7b8961616e7bf6ab,2026-02-14 23:00:00
d7565be26b592374,2026-01-01 16:00:00
74d707e84a1bc56f,2026-01-01 04:00:00
9042cce84e4772fa,2026-01-29 05:00:00
a2a4215e69d017ec,2026-01-11 23:00:00
8f5ee3248d800971,2026-01-08 03:00:00
a616d91ae4f9bd84,2026-01-14 10:00:00
ac52f31c4380a101,2026-01-26 04:00:00
2396463ff0cb274b,2026-01-05 06:00:00
ea4590a814a8ec54,2026-02-04 02:00:00
7d4d594c3802846f,2026-01-09 21:00:00
92ae5a7eb28aca76,2026-02-13 05:00:00
2e2ee2e0d5d867be,2026-02-04 00:00:00
30ae1ce81ca12410,2026-01-10 02:00:00
da75d945865df17e,2026-01-04 22:00:00
88cc6a4dba953556,2026-02-13 23:00:00
2895e2f56175eefb,2026-01-13 15:00:00
44bfffcde9388702,2026-01-09 14:00:00
a62e100409fdab9b,2026-01-08 18:00:00
a408fc35f16a2e42,2026-01-20 04:00:00
eab7295abdfbd82d,2026-01-22 18:00:00
41a89654de7e2574,2026-01-26 01:00:00
b0e3d1e71b8b9080,2026-02-05 21:00:00
ce1481fab600b7eb,2026-01-24 04:00:00
9c86300c6005348f,2026-01-24 14:00:00
c592e66cd79cef1d,2026-01-20 18:00:00
c39b609fda04e5d8,2026-02-07 15:00:00
98bb739d68c73de1,2026-01-24 15:00:00
e78a1ce82488feb6,2026-01-16 04:00:00
0ecaec6168f3133d,2026-01-05 11:00:00
f74a1fa496312310,2026-02-06 07:00:00
88721f5c4dd9d871,2026-01-06 14:00:00
1f13f6dc6cb4a476,2026-01-11 09:00:00
32ec96074c7ebc78,2026-01-28 23:00:00
2fe9a6a45931d8c8,2026-01-14 14:00:00
66207bfd3b1e7f3a,2026-01-13 18:00:00
a58f8db201b5e49f,2026-01-29 04:00:00
89f2736d85aef329,2026-02-07 06:00:00
1774fa4ff1d09975,2026-01-18 13:00:00
006484b0b7982073,2026-01-16 04:00:00
ac1fe545cc22caa7,2026-02-08 14:00:00
17aa545b0c327645,2026-01-18 08:00:00
ba63da1820a11504,2026-01-03 04:00:00
65091bd47ac60aa2,2026-02-14 18:00:00
c8560673a4f07525,2026-02-14 09:00:00
04bb5ca59ee5aa54,2026-01-15 09:00:00
91c990d3764db993,2026-01-15 15:00:00
934d226f4b2bb005,2026-01-06 04:00:00
0fc6c1c32dc3c0f2,2026-01-31 02:00:00
6f19c0b4f8af6e7e,2026-01-01 18:00:00
4e1ab86c7805c817,2026-01-17 00:00:00
f3bc88d1848ed31d,2026-01-17 19:00:00
5ec966e3a2519cb5,2026-01-28 03:00:00
fcfddc5c71d60136,2026-01-03 01:00:00
6f7807f4e2a55982,2026-01-13 16:00:00
734c1ed0df844aea,2026-02-06 19:00:00
a8d1183da85271e4,2026-01-12 00:00:00
b055a350f7f7ed06,2026-01-25 06:00:00
504a190e1cc3bcac,2026-01-16 20:00:00
a5657c2e78e83081,2026-02-05 04:00:00
5b6baf1dbcf0f552,2026-02-05 05:00:00
a19f283a785acebc,2026-01-20 17:00:00
deadc75c236bd5ee,2026-01-26 11:00:00
3767a7c260924716,2026-01-10 22:00:00
3db6d7b7e4b0d47b,2026-01-12 20:00:00
05641e64106d36f0,2026-01-19 22:00:00
2d25126812f85fd2,2026-01-02 00:00:00
44bbd94185b2c6de,2026-02-13 19:00:00
85f6d38e5c151085,2026-01-01 16:00:00
646f21afa125b0df,2026-01-09 03:00:00
246f4cfbe28af302,2026-01-10 06:00:00
8ff1623b2e711d61,2026-01-02 20:00:00
10384aba7890899b,2026-02-01 15:00:00
375b7665d2bb04bb,2026-01-20 04:00:00
f2cd4e8b870be298,2026-01-29 19:00:00
4ff2380812689fe4,2026-02-02 19:00:00
e2f32d0381433ef0,2026-01-08 02:00:00
df99b7befb2958f3,2026-01-13 00:00:00
e83a4ca5e9bb7898,2026-01-03 03:00:00
b783ba4e7ecd44df,2026-02-08 00:00:00
cfaad867da696d23,2026-01-20 06:00:00
fd2ae6cac78179ea,2026-02-13 02:00:00
8706134fc456b683,2026-01-30 06:00:00
2cc3503d8611799e,2026-01-12 21:00:00
4b54b81bc1d53106,2026-01-21 11:00:00
1eec42151c1b0949,2026-01-16 16:00:00
8a99ffc5f3f28449,2026-01-03 11:00:00
13fbb74e7efaa90f,2026-01-25 03:00:00
2dfdf781cf28d155,2026-01-18 20:00:00
0dafc2c1bb09e48f,2026-01-21 11:00:00
ad4eb416a4d62da2,2026-01-02 23:00:00
c9db3a4b91d1ca4a,2026-01-04 22:00:00
80b334b9356ba67b,2026-01-25 21:00:00
1d1b95232bddc1da,2026-02-01 11:00:00
becf4b3e40b6ad01,2026-01-26 08:00:00
705e7d014ba75514,2026-02-04 10:00:00
ab292dfe19ecb639,2026-01-15 21:00:00
0b3366f96d615918,2026-01-05 03:00:00
69e70467534c28ea,2026-01-18 08:00:00
59b248f6df4e9b04,2026-01-12 21:00:00
86043be5a01cafe4,2026-02-01 00:00:00
bfc541283f053fdd,2026-01-23 07:00:00
58717dc6182b688c,2026-02-06 04:00:00
491ccbfeffca104e,2026-01-09 18:00:00
0fd96e47775c9cf6,2026-01-17 05:00:00
2f14a2315f0a898d,2026-02-13 02:00:00
fbef25073c2b6190,2026-01-15 19:00:00
4ec37ac50f157acb,2026-01-27 12:00:00
eb7fad06a829bb9a,2026-01-29 21:00:00
7d927e3c988c0d54,2026-02-09 01:00:00
154bf1473e9aad36,2026-01-12 11:00:00
f1c32003675aaf85,2026-02-11 04:00:00
1e60451fbc49152b,2026-01-18 19:00:00
d7edbc29ff5ea695,2026-01-04 21:00:00
2bbf24faa4f086d3,2026-02-01 09:00:00
defb506662a54263,2026-01-15 23:00:00
784593c9f179168a,2026-01-05 05:00:00
bf88c6b3d30672e7,2026-01-08 19:00:00
ce4b368b72c15750,2026-01-25 03:00:00
5070209f77e11b00,2026-01-10 15:00:00
a72ea1c3568a5c22,2026-01-02 20:00:00
d3adddb4a378e0cd,2026-02-04 04:00:00
3272d34f11034225,2026-02-05 09:00:00
faadbfc1e36f4265,2026-01-22 11:00:00
605a2d50360c843b,2026-02-05 04:00:00
6406a7b5f9d65487,2026-02-12 21:00:00
3a11d423da079b8b,2026-01-16 19:00:00
a822d4381f74f17b,2026-01-11 14:00:00
9bf4ecc6030dca7e,2026-01-06 10:00:00
8dabd17d0c2d45d3,2026-01-16 13:00:00
91969212048872c4,2026-01-20 12:00:00
55a4441970d1fa29,2026-02-13 07:00:00
fe6f3bc756246c6d,2026-01-16 01:00:00
a9aced1dd85e70d9,2026-01-09 15:00:00
3a18e46d40f64c3e,2026-01-05 17:00:00
95c387a2391a1cd6,2026-02-12 09:00:00
f60aecba6235b1b4,2026-01-15 13:00:00
4b04fce8a1ae4473,2026-01-30 00:00:00
4866e3cb9c0c9b8a,2026-01-01 18:00:00
d0cf45ccdd52ef6a,2026-01-14 12:00:00
d94bff5f1d0b5bd6,2026-02-01 04:00:00
9b9e37ea82ad2070,2026-02-09 15:00:00
6a759c56be367845,2026-01-20 22:00:00
c4ac298fe81b2914,2026-01-24 16:00:00
ff16903f0c41b04e,2026-01-18 20:00:00
6510e1240475ca94,2026-01-19 14:00:00
d3239f67d77e4718,2026-02-10 14:00:00
7a2508b559759823,2026-02-14 17:00:00
3feab617fd274280,2026-01-11 17:00:00
8f022d55de51b5d6,2026-01-09 23:00:00
047311ed1785e817,2026-01-12 13:00:00
3f08e9c53768334c,2026-01-13 02:00:00
59c14af913ed409a,2026-01-30 08:00:00
f31b4a60943db82c,2026-01-12 11:00:00
3c2bc3d8929c08c6,2026-01-12 16:00:00
2af2317e9f387dc9,2026-01-07 06:00:00
781bac94f2f9bf85,2026-01-29 11:00:00
a319bbab1c30ef62,2026-01-28 12:00:00
d39318f8e0ab427a,2026-01-19 06:00:00
87367d661230d09c,2026-01-28 23:00:00
ae8016666ffd16cf,2026-01-01 12:00:00
1f5a05a0f5a9c5cf,2026-02-09 21:00:00
2889066c008e4e1e,2026-02-05 08:00:00
386ed0bd65f23cba,2026-02-03 23:00:00
ea811571f455fd66,2026-01-25 21:00:00
85979ddd805b383e,2026-01-21 15:00:00
ceb8033014ff575e,2026-01-06 23:00:00
2eee687af247ac70,2026-01-26 05:00:00
a5e46f362de8b812,2026-01-02 14:00:00
8c04a54d69982e52,2026-01-26 07:00:00
4bbfc5dba63e0d80,2026-02-07 17:00:00
1dcf102bda9e90ff,2026-01-03 18:00:00
3ea3556164896f87,2026-02-02 23:00:00
b57333e819e43dfd,2026-02-06 09:00:00
da33748495cd7e0b,2026-02-01 15:00:00
11b18843c5585117,2026-02-10 04:00:00
3c08026a0fc9a735,2026-01-17 10:00:00
9ba88e9f72ea8646,2026-01-19 23:00:00
20e3eb1accc48373,2026-02-11 22:00:00
bc4f346c5a5d5a0b,2026-01-17 23:00:00
988b0189f02325f1,2026-02-02 07:00:00
b8ac05aa611a90ee,2026-02-09 18:00:00
b35d4269ffc5cb96,2026-01-18 12:00:00
97533fa9b6d4e08e,2026-01-13 01:00:00
ddb3ac6af3a164c3,2026-02-14 14:00:00
3579a0b330abcc1e,2026-01-10 07:00:00
c08f0ab03a76365d,2026-01-16 22:00:00
dd1ac20b378eb1b8,2026-02-08 22:00:00
b0c23396a496b4e0,2026-01-30 05:00:00
be57b7be6ccb2f98,2026-01-21 18:00:00
abe2e4a430a87e89,2026-02-12 01:00:00
321ef5996713e006,2026-01-18 20:00:00
6a2aa63d40acdbea,2026-01-30 16:00:00
ca7339d3635bf348,2026-01-21 23:00:00
20389303f208d64b,2026-02-08 20:00:00
67a0773b214d29b8,2026-01-19 00:00:00
1261c5623fae1983,2026-01-16 05:00:00
13855783e5dc5e3e,2026-02-05 07:00:00
ea3b19f2b004f8b0,2026-01-31 18:00:00
16f32e43060ba1ae,2026-01-06 05:00:00
836ef44e17baae07,2026-02-12 16:00:00
6688329b37ad5ac7,2026-02-14 02:00:00
96ac3b92d0b2a01b,2026-02-06 08:00:00
821a95dbb65377b4,2026-01-11 08:00:00
2c27b5f926a844bf,2026-02-02 15:00:00
81f144fba27ba205,2026-01-03 20:00:00
c094f520c9c49b6b,2026-01-18 04:00:00
8ff8466c2dbe8bb3,2026-02-10 11:00:00
fc8affb07add0133,2026-02-12 04:00:00
bf3f818ace310df1,2026-01-31 12:00:00
14202fbe941575b4,2026-01-27 05:00:00
334eb94ea6e57d22,2026-02-14 07:00:00
50fcf97a2efa8927,2026-01-04 04:00:00
62775fdcadb3be30,2026-02-13 16:00:00
158e9d67cda67d36,2026-01-15 12:00:00
95924622a5badec3,2026-01-22 20:00:00
8681ec5037a52020,2026-01-26 20:00:00
42481cc68f847e67,2026-01-26 10:00:00
c3585e9dac4b10c2,2026-01-06 21:00:00
e42f66105cd0fe42,2026-01-22 02:00:00
bac3216b412c2164,2026-01-19 18:00:00
d8b9aed17554d17f,2026-01-22 18:00:00
d97587e888654959,2026-02-14 06:00:00
53091c95a0b2bf75,2026-02-04 03:00:00
e6a4068ffc2c1e76,2026-01-03 22:00:00
11bae99f51e76270,2026-01-02 13:00:00
b7ec485c6c61c233,2026-02-06 03:00:00
6b5a5209ea15f0c6,2026-01-14 22:00:00
37957f11ad4e2bf2,2026-02-02 00:00:00
8b1a5f55f1423551,2026-02-03 06:00:00
ecec7b2fa7a5047e,2026-01-05 12:00:00
23aaca4335b1079c,2026-02-12 06:00:00
5f300667c1a98be6,2026-01-23 13:00:00
4fb2602c4bd05510,2026-01-06 00:00:00
fb8025431e1cacd3,2026-01-06 21:00:00
7e3b1bf586ec73f9,2026-01-24 17:00:00
ee1ca89720b47f7e,2026-01-25 19:00:00
3a0ac200c5452eb1,2026-01-29 21:00:00
9763279991e16385,2026-01-24 23:00:00
e4056efd0b5dd326,2026-02-08 19:00:00
99691758771a500b,2026-02-05 21:00:00
48bf6c35c5614d64,2026-01-17 03:00:00
999e095e978b8bec,2026-01-30 12:00:00
01254ac2960acb5c,2026-01-24 10:00:00
90aa3546c8142fbe,2026-01-28 13:00:00
8bafeb34365ea89b,2026-01-31 00:00:00
fcaabcf20d7755ba,2026-01-14 10:00:00
f72c504fd2b75b2c,2026-02-11 13:00:00
43e527211082f4be,2026-01-18 06:00:00
c248f55feeba285d,2026-01-11 00:00:00
1038139a1eea49a9,2026-01-10 21:00:00
ee6f772c2706bc67,2026-01-18 01:00:00
3dbb8a87cae3cd5a,2026-02-01 03:00:00
07e6926067588047,2026-01-19 06:00:00
a80b34d360b5ad65,2026-01-20 22:00:00
75041a5bc35a3e73,2026-01-16 08:00:00
501fc749f63bd66e,2026-02-04 05:00:00
1278d04e5a29997e,2026-01-20 00:00:00
1cd46ea3a1d8eef1,2026-01-19 09:00:00
31f9ac60da24a9d3,2026-01-28 06:00:00
1b3a3870457d5789,2026-01-13 21:00:00
565f2911659efdff,2026-02-04 18:00:00
79fb2d2ddac02975,2026-02-13 12:00:00
e9fdc845ca56f53e,2026-01-22 15:00:00
5216bf990d4cccbd,2026-01-19 17:00:00
999b657ebc2a10e3,2026-01-23 09:00:00
3ae73c07496f535e,2026-02-05 13:00:00
748bfb04c2643e59,2026-01-02 03:00:00
8fa651f87b501535,2026-01-21 03:00:00
566684639a90a106,2026-02-01 19:00:00
b52b85ea9a3c1221,2026-02-05 02:00:00
c4d7db342ed88276,2026-01-12 20:00:00
10344b08a552c463,2026-01-30 11:00:00
0074f43e00a145dd,2026-01-29 05:00:00
029bb441a7718158,2026-01-31 16:00:00
f6c94b4b4956744d,2026-02-08 21:00:00
9cc688d8801dca1b,2026-01-27 14:00:00
69191dbe973c7a58,2026-02-05 11:00:00
c7598219aa51cd68,2026-01-29 09:00:00
94d80acac746347e,2026-01-10 23:00:00
7884cf0201641283,2026-02-05 00:00:00
faeaff0f22b5b19c,2026-01-24 17:00:00
1e3b99ae4a8c2d4f,2026-01-08 05:00:00
41d9757e0ee2d554,2026-01-27 04:00:00
1696e43546792e21,2026-02-13 06:00:00
593b6d03919b8b81,2026-01-18 09:00:00
b85610e2d3efd688,2026-02-09 05:00:00
6e9344b391c6bea9,2026-02-08 18:00:00
e73cf0d8f28f1303,2026-02-08 23:00:00
627aafcc25c8ea5a,2026-01-05 15:00:00
0673bc50c861ecd9,2026-01-09 12:00:00
daccb221fa650aaa,2026-02-04 03:00:00
76907c411fcdfd21,2026-01-09 03:00:00
bd54f69dfee9fa53,2026-01-13 18:00:00
1253226256229e36,2026-01-23 10:00:00
c0174c938d65441f,2026-01-16 11:00:00
7cb2e68e5e9f9fa1,2026-01-27 06:00:00
00a4ade30b3f05d3,2026-01-02 23:00:00
eb82159ed0821e02,2026-02-08 08:00:00
e931e837267b473a,2026-01-28 06:00:00
b065b0adb451d77c,2026-01-03 04:00:00
675fa63c2cd2a71d,2026-02-12 05:00:00
640606bc625354f3,2026-02-11 13:00:00
ebf0b0ae06676825,2026-01-03 05:00:00
e89fd853e40dc57b,2026-01-14 15:00:00
57692d2812a53465,2026-01-22 00:00:00
04c2dc650e70cd0e,2026-02-14 02:00:00
13e609b75ca29959,2026-01-09 10:00:00
f22cf597ed5cf29c,2026-01-11 23:00:00
ec5c4d040cf9f405,2026-01-06 13:00:00
978e5624195b485f,2026-01-08 11:00:00
41797495a82989d4,2026-01-30 12:00:00
6c783de4776a00eb,2026-02-06 11:00:00
18e3e1c9a4e9b253,2026-01-19 01:00:00
7a55c7431659ca3a,2026-02-06 11:00:00
3740265933aea0df,2026-01-15 15:00:00
464d7bc82f6e38ea,2026-02-01 18:00:00
c804a7bc08784646,2026-02-12 04:00:00
635ecd2786b75cd9,2026-02-12 04:00:00
e933c13a491ecfee,2026-02-09 17:00:00
6b0dc3934a42259e,2026-01-30 02:00:00
d9ecb997fefa6308,2026-01-24 09:00:00
2369efc20beb41e7,2026-01-07 14:00:00
e4ab68c1857d2930,2026-01-11 07:00:00
2f944010fc9c91a8,2026-01-20 14:00:00
580ddd5fd9ccc7b3,2026-01-24 07:00:00
9ac2eb0c3732c653,2026-01-26 09:00:00
a1761ca5b6b5281e,2026-02-13 22:00:00
b113a1222d03277a,2026-01-07 12:00:00
758f06c5ce267eb5,2026-01-06 20:00:00
b0cb7291a2653b04,2026-01-24 23:00:00
be46f14c6bde1fca,2026-01-15 11:00:00
ce026de3453143f4,2026-01-01 15:00:00
f3be0743153f0a48,2026-01-15 20:00:00
911a6af39bbc9ac1,2026-02-01 06:00:00
6ac3f3a5e6f5fab8,2026-01-17 07:00:00
bd2c026708fee811,2026-02-13 02:00:00
e15b2e7fb328186f,2026-01-09 19:00:00
33a4451e55d0d96c,2026-01-16 04:00:00
cef339c37197950e,2026-01-26 15:00:00
2dd37100cc79f360,2026-01-29 07:00:00
f25e121144573273,2026-01-27 00:00:00
a2517964f385a94b,2026-02-14 05:00:00
2bd0d86ebca948ff,2026-01-09 03:00:00
58b33cb4a3a44d36,2026-01-09 19:00:00
7e132aacda2cf3f1,2026-01-25 11:00:00
b59b793b552d11b1,2026-01-06 21:00:00
ada22f9cfc53eadf,2026-01-27 04:00:00
71f29d43fc599172,2026-01-06 04:00:00
4fb726186c4f64bb,2026-01-08 08:00:00
d3a1c406058b7681,2026-02-11 20:00:00
901f09fbdad25e86,2026-01-13 13:00:00
f3059747bd99d72a,2026-01-01 07:00:00
d991eae78fbba2b7,2026-01-17 01:00:00
3aba16877b001483,2026-02-09 15:00:00
51108b3a5ce139cf,2026-01-18 09:00:00
3cdf51ba3dff9cac,2026-02-09 16:00:00
875f2691b179608d,2026-02-14 22:00:00
51a8ac8a821edf6d,2026-02-13 06:00:00
da1232792833f6a7,2026-02-02 20:00:00
48cf821a110e8b81,2026-01-14 22:00:00
3c4f8420bfe97030,2026-01-20 14:00:00
24787fcb5bcf117d,2026-01-06 18:00:00
c4c4b3bc011b8dc2,2026-01-08 00:00:00
38ca8d3e906c79d3,2026-01-23 16:00:00
30a3f1400d94dad8,2026-01-09 00:00:00
7ddb99c2bae86090,2026-02-04 01:00:00
7cd27c50c722cf49,2026-01-25 10:00:00
d826f08fc46845de,2026-01-08 11:00:00
1925ed588c35a6aa,2026-02-10 11:00:00
543b0d062d2a77d3,2026-01-05 18:00:00
6f49536a345a320e,2026-01-09 16:00:00
5c7ec54fb2a8e89d,2026-01-12 03:00:00
bd2bcfae1c087b16,2026-01-24 19:00:00
3ea330e28c071e93,2026-01-18 20:00:00
a87992e81fa23d0c,2026-01-07 18:00:00
09afd113ed82767c,2026-02-06 21:00:00
e3607d0d44d6fc8c,2026-01-31 00:00:00
1160c25762f4078c,2026-02-08 19:00:00
7947ed976fc030e6,2026-02-10 16:00:00
d1ee3ae0c0c2cb87,2026-02-02 15:00:00
2867aab1f6036ad7,2026-01-03 11:00:00
ecdc0aacdd2f1234,2026-02-01 21:00:00
c0320a7e01f8d077,2026-01-20 17:00:00
1a280f96af00a018,2026-01-04 02:00:00
a586822f4a298dae,2026-01-10 20:00:00
0ab972b8554a9aab,2026-01-02 11:00:00
49f14a17fe56a92d,2026-01-16 20:00:00
a24c2631dcb98cb1,2026-01-08 05:00:00
4fee27fc7f1b7865,2026-01-19 02:00:00
03df941ecbb07718,2026-01-13 02:00:00
645b7e6aa9955c2b,2026-01-07 10:00:00
146486a1dd9b7b19,2026-01-25 13:00:00
ce06592c6e2c3494,2026-01-09 23:00:00
b3d7d81726955871,2026-01-01 08:00:00
0bde1873a9e2e5d8,2026-01-19 12:00:00
57e101737e7a24b0,2026-01-15 12:00:00
0a1a02e8fed9fc8f,2026-01-14 23:00:00
0502ca1ea6dc74b2,2026-01-16 06:00:00
337b31f68dfc7ee8,2026-02-05 07:00:00
ed1430c47c5ea16d,2026-01-24 06:00:00
804eaad0725b49d4,2026-01-09 17:00:00
1f0dd8d5dfce6d2c,2026-01-10 14:00:00
71971188da0237e0,2026-01-06 04:00:00
483bc5596bfa6608,2026-01-03 22:00:00
6be9e4e896f817c3,2026-01-10 21:00:00
519dc2ff2de26208,2026-01-13 22:00:00
b1f10c5b9011725a,2026-01-03 18:00:00
a8826f110e4d88f4,2026-01-13 19:00:00
9afcd23157b58d0b,2026-01-07 07:00:00
710dc2743e016582,2026-01-08 22:00:00
a96f5cdec2902edf,2026-01-28 16:00:00
1e446fb03f68d59f,2026-01-30 01:00:00
6daa10f6e9dd465e,2026-01-17 17:00:00
e2cb37fe239749ec,2026-02-09 21:00:00
ea24924b8fe04790,2026-02-13 00:00:00
7d6b2de307f23ae8,2026-02-01 12:00:00
99215b7ea3a0fc2d,2026-02-12 01:00:00
2c9666faab337373,2026-01-01 04:00:00
bf03069e9874bb64,2026-01-18 05:00:00
47587a5b1966ac97,2026-02-06 00:00:00
b944358f4cc0a211,2026-01-03 20:00:00
2ef334cc38ff4adb,2026-01-22 08:00:00
6d4d7d5b7bfa5deb,2026-02-01 15:00:00
ed7621ad5ba34f04,2026-01-07 18:00:00
02103bebfd509c67,2026-01-13 11:00:00
259f4bb92f805ce2,2026-01-03 00:00:00
bdac1c3cea61651a,2026-01-10 13:00:00
7d8115af1ec01ceb,2026-01-18 21:00:00
448f418a40033fe8,2026-01-15 18:00:00
2ec4b441e5e25b37,2026-02-10 23:00:00
88b5ef9cf2fb4ee3,2026-01-25 16:00:00
920e907daa0bfb1b,2026-02-14 17:00:00
7547bb51f074bbde,2026-01-08 03:00:00
6246fcb4ab571a5e,2026-01-28 23:00:00
5c2196ac53b4235f,2026-01-06 01:00:00
170c4f3fab41abb2,2026-01-21 12:00:00
5bf412e7ed675413,2026-02-13 06:00:00
9def95f5756536d6,2026-01-21 23:00:00
f6cf56a68913d72b,2026-02-13 07:00:00
cbc60eccc2282318,2026-02-04 15:00:00
fd4fec1c3c845b7c,2026-02-06 01:00:00
b552f29a515cbba1,2026-01-11 05:00:00
9b287d650e8b4e6e,2026-01-19 20:00:00
03576c49f41ac66e,2026-01-24 12:00:00
476331d379ba37f7,2026-02-05 19:00:00
7b085e6b291bce36,2026-01-21 03:00:00
c4e6416c78b83987,2026-01-28 08:00:00
9d136d5465b8b25d,2026-01-30 20:00:00
c3b62945910ca95b,2026-02-07 11:00:00
0d8db56e31d31c71,2026-01-02 08:00:00
6c5efb2d64ea76ba,2026-01-17 04:00:00
8cc6a47ac560d148,2026-01-08 16:00:00
937ef24d45b385d1,2026-01-15 01:00:00
af7d1cfc65fde1d2,2026-01-19 13:00:00
023c42e67cd6a1d5,2026-01-26 15:00:00
37a07267b59cbf76,2026-02-11 10:00:00
df79ca880a0e1edd,2026-02-11 06:00:00
b8bc8a33e10e39d1,2026-01-05 13:00:00
09fac7df04ae624a,2026-01-30 20:00:00
5515bb4a43ea910f,2026-01-23 01:00:00
6fa6734587dd9720,2026-02-08 11:00:00
a234027e31fa945a,2026-01-30 11:00:00
44f9e65c24be369f,2026-01-30 01:00:00
d34f91df9b136e72,2026-02-06 14:00:00
b66250d86acb9f11,2026-01-03 23:00:00
c1dda1091fb32fde,2026-01-02 04:00:00
3626c6307832ad98,2026-01-08 22:00:00
87aee8a5d38bf6d8,2026-01-04 11:00:00
7488b33dde699f65,2026-01-04 17:00:00
56e4873aa6cc5692,2026-02-06 18:00:00
f84b9741c25052ec,2026-02-02 15:00:00
17fb996f3154d067,2026-02-08 22:00:00
ac1ba949dac00d45,2026-02-09 11:00:00
1721aa38e0fd46f4,2026-01-18 00:00:00
f6aa9cdc46c87a5a,2026-02-07 08:00:00
3aaaa1f65d9f58f3,2026-01-31 02:00:00
7beb389554d002b7,2026-01-29 17:00:00
f7354922a9ecc9fa,2026-01-03 16:00:00
85b0107833c21de3,2026-02-03 19:00:00
c7d3ef584a4fb196,2026-01-14 01:00:00
0a98c2fc44e3e14f,2026-01-24 08:00:00
a23950b5911ac355,2026-01-28 20:00:00
a076566f11fa8e43,2026-01-24 17:00:00
328c0146e0879223,2026-01-27 19:00:00
19e9e1a8a92d2d31,2026-02-14 18:00:00
9b9fd512fb2f014c,2026-02-10 03:00:00
8a6dd569c63ca06c,2026-01-07 22:00:00
39c49672814f78ed,2026-02-03 00:00:00
64f82b77d282f9de,2026-02-09 07:00:00
0d9414e334753227,2026-02-05 21:00:00
160e746202d2b1e5,2026-02-03 01:00:00
bac169108315c634,2026-01-15 13:00:00
72221aa4c30ca076,2026-02-06 07:00:00
0f3eda8620494568,2026-02-07 04:00:00
a2e2e9d068ca18b0,2026-01-12 06:00:00
51c8428290346318,2026-01-22 20:00:00
55f3c1cde3d020fb,2026-01-02 09:00:00
7a8300b882756b9b,2026-01-25 06:00:00
fc30f9af44f06f3c,2026-01-24 14:00:00
163a7c4e77b61908,2026-02-11 14:00:00
811a7e7f5854d300,2026-01-04 07:00:00
1e9b6aa5e3ee3c4f,2026-01-08 11:00:00
9884b621f56a10d6,2026-01-29 14:00:00
01117ce567eeb243,2026-01-10 17:00:00
36a92d9b2f3fb740,2026-02-11 13:00:00
8b7c25c4ae7fe739,2026-01-10 03:00:00
9aa3dfbf18a5120e,2026-01-12 05:00:00
f7f2677a96edec7d,2026-01-04 16:00:00
666cbcfe4fceed43,2026-02-11 14:00:00
a28fcffce1f413e1,2026-01-29 06:00:00
65314fbba2e5fb18,2026-01-19 05:00:00
c52b896608d93a17,2026-01-11 15:00:00
666f65b834d9850e,2026-02-13 05:00:00
76801794ab8cf61b,2026-01-16 06:00:00
87d4872c1be605e1,2026-02-10 16:00:00
605dd20c75a7998b,2026-02-08 18:00:00
13b0a9a0b28f2dce,2026-01-13 05:00:00
58237bcb73aa0ce0,2026-02-05 08:00:00
b2f2c2c78a11dcbc,2026-01-01 01:00:00
bb6981201d0fc7ce,2026-02-06 01:00:00
b5a529e66ebf2a29,2026-01-09 02:00:00
ca5ca5f8a17335d6,2026-01-14 12:00:00
77f91fa74c035a0a,2026-01-04 23:00:00
40bdf7691db15e2a,2026-01-24 05:00:00
ea8d9cb1f998ce51,2026-01-11 00:00:00
b88c9f0bb0c26e8d,2026-02-10 09:00:00
d773f2170689066d,2026-01-07 05:00:00
227f75fa06cb5c5d,2026-02-07 22:00:00
2cf28ff7a93b029f,2026-01-14 17:00:00
a551a38eed767c04,2026-01-13 22:00:00
f8e355409f8866bb,2026-01-31 03:00:00
a6afb8263f10f83d,2026-01-21 07:00:00
1e14a46e14c57d23,2026-01-02 08:00:00
91a63554d96f212c,2026-01-14 09:00:00
3d74adb5aab68c01,2026-01-07 00:00:00
f119d2b027bd8f58,2026-02-01 00:00:00
67639951f452b132,2026-01-10 08:00:00
4e065d639b942cd9,2026-01-09 17:00:00
ff70ee72ea5d8e3d,2026-01-18 17:00:00
6ed05a469565e3b0,2026-01-30 16:00:00
86bbad356771f2d5,2026-01-22 12:00:00
4922d916eef61f98,2026-02-14 15:00:00
ef19e07e376e99f8,2026-01-07 11:00:00
d95efdd7f736b99f,2026-01-30 15:00:00
1d1ba0f8f5738efd,2026-01-22 03:00:00
e5dc10ae614f07a8,2026-01-16 19:00:00
6c8573847df74b5f,2026-01-07 12:00:00
20e9dd786f8bc3bc,2026-01-12 00:00:00
8a3cd18aeaf6745e,2026-01-29 10:00:00
05d94ec0ef601ff0,2026-01-17 11:00:00
75996edd534830a1,2026-02-10 22:00:00
e6727ca17cfbd209,2026-01-25 18:00:00
dfe2ed518dc06749,2026-01-31 05:00:00
5572ec54167496eb,2026-01-19 00:00:00
ea94d7ab1fc1fe39,2026-01-17 18:00:00
a278edeb37f92f27,2026-01-17 20:00:00
a017b7ea3bbc3501,2026-01-05 00:00:00
fbfb1d999504526a,2026-01-07 08:00:00
ce7bd468146c8f36,2026-01-08 17:00:00
73948b81526c4e21,2026-02-01 00:00:00
69bcfc1ca5f4de38,2026-01-28 01:00:00
e74fccc638202d4f,2026-02-06 16:00:00
1f586fd5c2ff2709,2026-02-09 02:00:00
d90cb2d2bd21b402,2026-02-11 02:00:00
9cb0f86ee144b2a0,2026-01-11 14:00:00
5a2f72fe04e2b3b5,2026-01-13 16:00:00
7cbff5f632d92f2c,2026-02-10 18:00:00
448c3be5780b9e0c,2026-01-23 09:00:00
88c20b7c6a418ecd,2026-01-27 16:00:00
1f4846fc01ddd3e4,2026-02-13 22:00:00
c2f14b69f4a7719a,2026-01-06 05:00:00
78ceba8372be6270,2026-02-05 23:00:00
25af1f8b761600ec,2026-01-14 01:00:00
060bd654c42c2065,2026-02-11 10:00:00
0adbf903b9fc7026,2026-01-01 09:00:00
c77b9d3c78042391,2026-02-12 09:00:00
e506b2a3b9f239a0,2026-02-12 17:00:00
67794c9d4946957c,2026-02-14 08:00:00
78afc67c7d683a79,2026-01-04 15:00:00
59b72a35e83feec5,2026-02-11 14:00:00
0a49b00b11f5daf9,2026-01-24 01:00:00
33298bb792a8c5aa,2026-02-03 02:00:00
58b5a8236e3130d2,2026-01-19 09:00:00
fe9ace6895a2e9a1,2026-01-01 05:00:00
abf770c04cb2bbd9,2026-01-16 16:00:00
d4a45dd069cf0b18,2026-01-28 12:00:00
d13ee5bc47941189,2026-01-16 18:00:00
8a290c6face0333d,2026-01-22 22:00:00
e8ea8c45f59eb1d3,2026-01-13 00:00:00
4c62f959fe2d5f13,2026-02-13 06:00:00
5e085b68bb10c961,2026-02-06 07:00:00
aaf837b21c4ae34c,2026-01-01 00:00:00
406d239530d2a036,2026-01-18 16:00:00
8eae056b35c59f27,2026-01-18 14:00:00
994806fc71670a53,2026-02-10 05:00:00
4cd1ddbe6f1b71d0,2026-02-12 21:00:00
f700157a21a133bb,2026-02-11 01:00:00
60e404c09d02caa7,2026-01-09 23:00:00
b07059ff8d9dd2ac,2026-01-28 06:00:00
e61260fd90bf1f15,2026-01-30 20:00:00
40e89ea1ac26c1e1,2026-01-02 03:00:00
5ee3f3e34d77c744,2026-01-13 05:00:00
bc43148a72ed0696,2026-01-29 21:00:00
e3d786bd988fe00a,2026-02-04 02:00:00
4eba05dc6d0ef617,2026-01-11 19:00:00
297c49db0080fb1e,2026-01-09 21:00:00
91155ff46d052ac3,2026-02-14 13:00:00
f11a8e92e67072d5,2026-02-13 02:00:00
a23fcdae2414d5c9,2026-01-04 14:00:00
d195a905c5854232,2026-02-04 11:00:00
63fad366178b41d1,2026-01-14 01:00:00
a50b2baeb86012e3,2026-01-18 17:00:00
0122dc8c7f05d509,2026-01-03 18:00:00
cb11f88343cf7621,2026-01-30 06:00:00
491173001c3649f8,2026-02-07 18:00:00
20863c2c07015090,2026-02-07 06:00:00
5c0d329f90dcb01c,2026-02-04 17:00:00
b0acb2e4ecd2cf7f,2026-01-25 17:00:00
12f040561be5aa3a,2026-01-17 05:00:00
3aa1f68c11814620,2026-02-08 10:00:00
4491b9e4158cc930,2026-02-05 21:00:00
2311776a6a9bb15a,2026-01-07 16:00:00
3d96fa42a5aafeed,2026-02-09 21:00:00
d20f7f8caeb6ba6c,2026-01-30 00:00:00
6c3e82a449055642,2026-01-29 05:00:00
7ae980b40f4f15d6,2026-02-05 13:00:00
51a574757aaf161a,2026-01-25 05:00:00
c2d6ee7783bc16c5,2026-01-28 09:00:00
5292fbc5ba143439,2026-02-07 23:00:00
8d93922bab597d5b,2026-01-02 20:00:00
6d41a0cae8852932,2026-01-02 12:00:00
0f61c9b4d523ecc3,2026-01-31 14:00:00
67e31d563c4ca778,2026-02-14 02:00:00
3bf1bfee195ac5b9,2026-01-03 03:00:00
50fc3b8df3b6d506,2026-01-06 21:00:00
7de65f4dd1de5a98,2026-01-19 18:00:00
0b3f5766c28d9903,2026-01-15 17:00:00
449ed247944e0845,2026-02-11 13:00:00
7eb389f99e32c863,2026-01-14 22:00:00
7606b27216b50e77,2026-01-14 15:00:00
44e4e722086a2e1c,2026-01-28 17:00:00
458dbb54582809cc,2026-01-10 13:00:00
e39bf1f8b98ecdf0,2026-01-08 01:00:00
f4ed50f11aaec1e7,2026-02-13 09:00:00
6b78db9169223ed8,2026-02-04 01:00:00
6078e9f0469b19b8,2026-01-31 08:00:00
59cd891bfec0b222,2026-02-10 20:00:00
ebd118950fdb849f,2026-01-15 01:00:00
d0fafd011c210f21,2026-01-19 17:00:00
371ca4f69cf603a7,2026-01-14 14:00:00
ea7007781c40edd1,2026-01-13 18:00:00
6dfdc0574df7c3f0,2026-02-02 18:00:00
8d80b47d9cf1f31a,2026-01-19 04:00:00
6caa1c6c07bc006c,2026-01-08 10:00:00
cab9d04fb0ccc124,2026-02-07 00:00:00
82499570731949f9,2026-02-02 15:00:00
9e52199a29704bb8,2026-01-31 04:00:00
15f2100702e8a229,2026-01-14 23:00:00
f8d34aff037a879e,2026-01-20 09:00:00
436ab824971775d8,2026-01-22 03:00:00
06021de41243eb68,2026-01-16 06:00:00
dae9557636d110dc,2026-01-27 18:00:00
96e8d8fc73a9cfcf,2026-02-08 18:00:00
365aad1ba417f029,2026-01-22 10:00:00
2a46c688cdf7ac1a,2026-01-26 14:00:00
d48a6dffbf2c064a,2026-01-27 16:00:00
11a4e73389f4fce5,2026-01-29 07:00:00
1514bc007216bd08,2026-01-23 14:00:00
72e1bff8553efb10,2026-01-08 20:00:00
b76482e132c0c662,2026-01-06 16:00:00
54028c39d5cbcee5,2026-01-01 19:00:00
8b1c1320c564c160,2026-01-04 14:00:00
0c1c40df8dc47add,2026-01-11 11:00:00
3d632060600163c1,2026-02-06 04:00:00
fb4df7d3db561c80,2026-02-08 22:00:00
b45b6d5c0022f987,2026-01-25 09:00:00
69165b18eae17634,2026-01-28 21:00:00
21c92c9c50e3d487,2026-01-05 02:00:00
622f8dab78d47aec,2026-02-04 06:00:00
2d8a64e7c72792de,2026-01-21 16:00:00
ff88c96b0ca9abb1,2026-01-10 04:00:00
e9df49b17cd47ac8,2026-01-03 17:00:00
e7f4afbe00cf6651,2026-02-08 00:00:00
7c6414ff24c7b2f8,2026-02-09 03:00:00
0d40490c2bf7a076,2026-01-25 23:00:00
2c6b29c632394b72,2026-01-08 20:00:00
3a71310b90e6c447,2026-01-28 01:00:00
40f0c281f90129b4,2026-02-03 18:00:00
36acc4ba87087f9e,2026-02-02 09:00:00
db49807cfc0f9af3,2026-01-20 19:00:00
f09e5f8edd504468,2026-02-11 22:00:00
cdb3896936f3bcc8,2026-01-12 14:00:00
c3aaaf8f119c50f6,2026-01-06 23:00:00
bd8e4018a6d37d2a,2026-01-08 13:00:00
512210e2fc0433f8,2026-01-18 06:00:00
a8736d77e07853b5,2026-01-10 01:00:00
1671214fc5c968ac,2026-01-14 03:00:00
6a909ecdb54b7a24,2026-01-08 13:00:00
a5272e9acded8fb9,2026-02-11 06:00:00
4c6e3ac2056cff2d,2026-02-04 11:00:00
25e1e9761f9ab40b,2026-02-07 10:00:00
09b3e10f5fcbda2d,2026-01-28 20:00:00
4979ce7c49a1e80a,2026-02-07 09:00:00
c7c86a3077731d4c,2026-01-21 12:00:00
6dfb387c27dc6ce1,2026-02-06 02:00:00
d5792468ba30ec40,2026-02-04 15:00:00
3704c7d6abadc2a2,2026-02-07 18:00:00
5ca0edeb8a9100bc,2026-02-05 11:00:00
e3dba2aa097809bd,2026-01-22 04:00:00
dafd6aca2696ea45,2026-02-12 04:00:00
6cc082f62d789c29,2026-01-22 22:00:00
07f7a78dff38ff8b,2026-01-16 19:00:00
5685dda70199efb7,2026-02-07 19:00:00
d9d6a6ebeee5addf,2026-01-20 02:00:00
374cba146f16fa6f,2026-01-25 23:00:00
180207cfe37133fb,2026-01-20 07:00:00
90b1ada7ba00c205,2026-01-22 23:00:00
2cf55fed96245a79,2026-01-28 19:00:00
cfb27757470016f5,2026-02-14 07:00:00
b42a422b9a2a0736,2026-02-14 16:00:00
f5a9f6b0e898a45d,2026-02-02 06:00:00
f782a60cf42da48f,2026-02-08 21:00:00
dd9530914c63432a,2026-01-05 20:00:00
51611ad95656c82a,2026-02-13 00:00:00
e43156e49a4961f5,2026-01-26 19:00:00
61c5d74128f11d92,2026-01-04 03:00:00
6e41e5cbad802394,2026-01-18 21:00:00
9a032c0dfe2d9737,2026-01-20 21:00:00
83d6eb937f0759a8,2026-01-22 05:00:00
35d1ddd1248cb7e4,2026-02-02 09:00:00
3fd6215b795f7e0c,2026-01-31 14:00:00
e7e366bfcddadbe6,2026-01-25 07:00:00
859ce7b4e9405302,2026-01-25 09:00:00
f4f41eeb5bf1be64,2026-02-04 05:00:00
8a102c95c50a2250,2026-01-07 20:00:00
f1bc00f821e0d89b,2026-01-21 11:00:00
8a9151e14652df83,2026-01-12 13:00:00
01cdad47daed6fed,2026-02-13 04:00:00
e6bd15233496dfd1,2026-01-13 01:00:00
2fd4890038268d94,2026-01-14 09:00:00
75d12b722befb249,2026-01-26 19:00:00
7c9ea5751c45a9ef,2026-01-27 13:00:00
1455afff2a744cbc,2026-01-18 00:00:00
2ef62afd29698031,2026-01-18 05:00:00
8bad7c4f3b73ff02,2026-01-08 03:00:00
63b7e0bfa031abd9,2026-01-23 06:00:00
acc681396b8f479e,2026-01-19 10:00:00
72c9a11dadfed083,2026-01-08 22:00:00
c3efb761b528589c,2026-02-03 13:00:00
3a9df489aa062e86,2026-02-14 17:00:00
3ba7e414839b5bd3,2026-02-13 11:00:00
e80ed9a972d0cf11,2026-01-26 03:00:00
5dd826bc4df90a71,2026-01-30 02:00:00
866232172dcc0a8a,2026-01-19 07:00:00
267585d52841cfab,2026-01-12 19:00:00
30f7919e1c79e3ea,2026-02-08 19:00:00
e0598e2e4535aea5,2026-02-11 13:00:00
5636190eb9d1e9d2,2026-01-14 14:00:00
00e623be7a478b99,2026-02-07 12:00:00
4921e2a5c498cf99,2026-01-20 15:00:00
4d11a4bf7b8c6d1d,2026-02-05 13:00:00
4c669e8a3f36eb1d,2026-01-22 02:00:00
4dc1d8e60532c38e,2026-01-22 18:00:00
9cd8b3351dd0ec95,2026-01-11 07:00:00
4ec9739f01ea044b,2026-01-01 21:00:00
babff6562ee0b039,2026-02-13 01:00:00
7ec0eec2691fc418,2026-02-09 08:00:00
e66e88faaa9e1db2,2026-01-01 16:00:00
4a0e9fc4d462bdbc,2026-02-13 07:00:00
a48a35f4a9909344,2026-01-04 20:00:00
5360e6d01c68bb5b,2026-01-19 22:00:00
762ce60b2cbe7f08,2026-02-07 06:00:00
c3701d95fdbe5fb6,2026-01-23 06:00:00
5b04fe8a8efd8874,2026-01-02 19:00:00
f3e24e60162c05a7,2026-01-08 11:00:00
0b59c970c11ea27d,2026-01-05 19:00:00
b6e993adb115f6ca,2026-01-08 11:00:00
8ae9398a6d3921db,2026-01-19 03:00:00
bff2e9617b04a46d,2026-01-04 16:00:00
6234cb650b2c1caa,2026-01-02 01:00:00
5bd4200cf6a0d847,2026-02-08 07:00:00
4fb8b3979996c7d6,2026-02-02 13:00:00
d41b29b368eadced,2026-02-07 20:00:00
87700c3f43318639,2026-01-01 00:00:00
029223533e8e1996,2026-02-06 15:00:00
8cc886ab2cec3b5b,2026-01-22 15:00:00
1fcb9b015f240622,2026-02-13 21:00:00
475c3151d9d3d738,2026-01-12 10:00:00
d930d5284e65eae4,2026-01-27 22:00:00
62e411f200de8bc7,2026-01-02 02:00:00
96853a105e209a21,2026-02-12 19:00:00
ecd2076d4499ced3,2026-01-09 16:00:00
828f2297c9f0a81c,2026-01-10 17:00:00
2559c2c08aa42689,2026-01-06 00:00:00
8f3f23ecd9956d44,2026-01-03 21:00:00
fe6f5cc78b0403fd,2026-01-27 19:00:00
087786dd7505bec5,2026-01-24 10:00:00
ab54b877e106c3ec,2026-02-14 04:00:00
d830d2e30e364f97,2026-01-14 08:00:00
d342a70a9d6e5b5f,2026-01-22 01:00:00
6fe89ac39705295d,2026-01-05 03:00:00
beb24a46615efdde,2026-01-06 23:00:00
04f48693dfd4bd1c,2026-02-13 22:00:00
90a9cc9f2079ae8b,2026-02-05 12:00:00
0147e3dc6d52a02a,2026-01-31 17:00:00
ea23f34b1632fddc,2026-01-06 02:00:00
30e866460108e3e2,2026-01-08 11:00:00
99f1177f9c819e02,2026-01-18 09:00:00
47a168e153c8ee8b,2026-01-21 02:00:00
817cdc3607ee22b7,2026-01-04 12:00:00
35947c918dcb2aba,2026-01-09 08:00:00
be6361958752fb6b,2026-01-30 07:00:00
f9140c543387d906,2026-01-08 11:00:00
4b37da5d82066b21,2026-02-13 11:00:00
b70f90beafc82302,2026-01-08 02:00:00
ca2f373728670eb5,2026-01-25 11:00:00
3304c985d8aa76cf,2026-02-09 13:00:00
bb705986415b56f7,2026-01-27 05:00:00
f29a956e5cdad855,2026-02-09 05:00:00
15a0d4beca880faa,2026-01-20 22:00:00
f9482db2c8e1eaf9,2026-01-24 13:00:00
fb665c11ba74a6e3,2026-01-11 20:00:00
7fce60200fcf64d5,2026-01-01 08:00:00
3a7a68e7792d7710,2026-01-10 21:00:00
eee77f22f7c2ca7f,2026-01-19 03:00:00
3bf0f8efca2b10b6,2026-01-11 17:00:00
43ed8df5f277dd8d,2026-01-05 08:00:00
d53fc3a463412cfd,2026-01-21 16:00:00
95497ebdf7df5fb1,2026-02-11 12:00:00
4d6eb317da9a2ae5,2026-01-20 20:00:00
471a78c3736a25fa,2026-01-10 08:00:00
40a2e64afe9eb9cd,2026-01-21 01:00:00
58fbf2e6059d378a,2026-01-04 01:00:00
e6bc2444d875a72f,2026-02-01 20:00:00
d61ee4e99488069f,2026-02-04 11:00:00
01be56e9ebc88a34,2026-02-05 18:00:00
87136daef1922ac1,2026-01-04 20:00:00
899d52a6fdd93103,2026-01-14 05:00:00
d93e760a4bb37503,2026-01-24 20:00:00
22cb05a9273e6602,2026-01-29 14:00:00
e1d08ca0ebac5eb3,2026-01-03 00:00:00
1094673e989a3751,2026-01-07 11:00:00
23b2ca7f18b80af0,2026-01-02 23:00:00
c069a9e1a58f01f0,2026-01-01 05:00:00
cd1058809c0f90ee,2026-01-30 11:00:00
96ceb8b75ae545ff,2026-01-08 07:00:00
c8ad6c8cc155bd95,2026-02-07 18:00:00
b9b67c5c073242b3,2026-02-07 04:00:00
c3420ca58efbba7e,2026-01-30 23:00:00
7cf1d5d46375f271,2026-02-03 12:00:00
3f4742216ea90d63,2026-01-17 16:00:00
058a223a45e78ed7,2026-01-08 23:00:00
527523948cd40a8e,2026-01-05 02:00:00
acb8c7f70f5bbfa5,2026-02-04 18:00:00
89d0fd64b32a18da,2026-01-12 07:00:00
eb35ad13a831b1b6,2026-01-19 22:00:00
c017280646f7adda,2026-01-28 07:00:00
20fce3c3c99e9548,2026-01-11 22:00:00
cfc73dd20a4d1eba,2026-02-06 02:00:00
cbaab21854cc739c,2026-01-21 08:00:00
32e041e65a571ff7,2026-01-09 05:00:00
08baf2ba9f51f88a,2026-01-29 05:00:00
9090ccf2a83830cc,2026-02-10 00:00:00
0f2ae3231c67fe18,2026-01-24 14:00:00
c17cc9378c4adaac,2026-02-14 00:00:00
ecd17cbce544b885,2026-01-01 04:00:00
3e81cd0fc564912b,2026-01-21 03:00:00
7cb502d1acb933c9,2026-01-27 03:00:00
1c9c3751eef72ebc,2026-02-12 15:00:00
9b09c4c5a8b34947,2026-01-26 03:00:00
82a504667ab932da,2026-01-03 21:00:00
03d9c555c1a0f5c3,2026-01-16 23:00:00
dc6b9441d8287266,2026-02-03 16:00:00
55e86d5b03e294ff,2026-01-13 20:00:00
6459d677bd69fe69,2026-02-08 06:00:00
907e8f19829a874a,2026-01-28 14:00:00
8a8380a1b6ced32c,2026-01-17 10:00:00
908b0091942b542b,2026-01-16 23:00:00
03462fd0ef07f93a,2026-01-08 02:00:00
b8bfbec5356d6cc0,2026-02-13 04:00:00
ed02e80c0b46c70c,2026-01-18 17:00:00
0f5ab6d8e0d36a73,2026-01-28 06:00:00
e51f11593f97123a,2026-02-09 02:00:00
00e122d10b9bbe02,2026-01-18 00:00:00
7c40a5ea3d60ae7e,2026-01-29 15:00:00
6c95cfba66f43480,2026-01-24 15:00:00
d81c604a17e9c940,2026-01-26 12:00:00
382c70a4cf4c4d01,2026-01-24 09:00:00
6d7b667b57412eee,2026-01-28 00:00:00
693b52cc7577e8e0,2026-01-10 15:00:00
37d8e81235389270,2026-02-12 12:00:00
26616c1e5268d531,2026-02-14 08:00:00
4df6038c40d422a1,2026-01-15 09:00:00
4cbea83f77ee3e82,2026-01-22 02:00:00
1a4d2d98a266553e,2026-01-03 01:00:00
fb24d67e43c35aa6,2026-02-01 22:00:00
8ca2302406d734c1,2026-02-02 11:00:00
bf21bab859805c18,2026-01-10 14:00:00
59b9704ae569ce5f,2026-02-04 23:00:00
dfa116d2a8d64f67,2026-01-19 22:00:00
63c5ad68224015c7,2026-01-07 16:00:00
31cd63ecb948f1b2,2026-01-13 04:00:00
930db9a010e29a79,2026-02-05 03:00:00
50fbe251a9b5ed91,2026-01-09 05:00:00
68bfa6442aa95323,2026-01-06 22:00:00
f638a698aebcfe6f,2026-01-27 05:00:00
06c5628aba1f802b,2026-02-10 23:00:00
61e98d213b82e8fc,2026-01-26 22:00:00
6687023aaf7730f3,2026-02-03 23:00:00
66ba8299c9b8ad7b,2026-01-03 08:00:00
b1dea67649cd0fa1,2026-02-12 06:00:00
97a62595a29664fb,2026-01-24 10:00:00
6bb7df3438294936,2026-02-04 14:00:00
11c41c599a8fbc48,2026-02-01 01:00:00
3d5910e1557b73e6,2026-01-09 13:00:00
343f7efcb9fb782e,2026-01-24 14:00:00
b569ec522acb053a,2026-02-14 21:00:00
2ae4cd5d48191cfb,2026-01-25 10:00:00
c90f8ea7983d5bed,2026-01-20 21:00:00
62726f55b85a335e,2026-01-07 03:00:00
6dfb8f1afed8d025,2026-01-04 13:00:00
e9852b3402d3ccbc,2026-01-09 19:00:00
e501a463e7f28140,2026-01-11 04:00:00
26648d4562a01ea3,2026-01-02 00:00:00
951d6bdd3ac61a65,2026-01-21 02:00:00
61622e27278dad31,2026-01-24 14:00:00
778708e6a02bdb61,2026-01-20 00:00:00
b5a2ff08eeb3cb31,2026-01-22 07:00:00
3480920976842b0f,2026-01-09 22:00:00
45f7e17083f4e904,2026-02-06 17:00:00
17d0ec9f815bf1bd,2026-02-02 16:00:00
76673cb2d31356d1,2026-01-05 10:00:00
4c9ba1f32004f93e,2026-01-24 18:00:00
f353cefb66a2c688,2026-01-11 17:00:00
f8d2a3d9e6582b9c,2026-01-19 15:00:00
631ba909a168d289,2026-01-17 19:00:00
32b7a6d3edbe3295,2026-01-05 04:00:00
3935d6c3832ebf1e,2026-02-05 00:00:00
d5de7786bde9cacb,2026-01-02 15:00:00
f66a373662976cc4,2026-01-23 17:00:00
dc84591b40f8daf0,2026-01-09 15:00:00
86b91fdd4e14e2f5,2026-02-03 00:00:00
f666e64f363580ff,2026-01-08 22:00:00
1f165a5f9ee54f4c,2026-01-09 17:00:00
2843b2da374a84fd,2026-02-08 06:00:00
b15001bc8372af06,2026-01-24 10:00:00
66918600d3826cf2,2026-01-19 02:00:00
f7f26bcf3d7c8ab7,2026-02-01 10:00:00
e483d2fb6ad4795d,2026-01-31 13:00:00
69dd802b1a16e13c,2026-01-28 10:00:00
8960b82d0af925fa,2026-01-18 19:00:00
fd892d61c366ef2d,2026-01-16 09:00:00
43186ad4f96a0a66,2026-02-01 17:00:00
0ad4857e25f1217b,2026-02-02 13:00:00
777f69751b722edf,2026-01-21 07:00:00
28fb58871e1037ab,2026-02-06 16:00:00
5fd94b268813cb4f,2026-01-28 18:00:00
57ae50b86080be20,2026-01-26 08:00:00
1c47a295fc8589be,2026-02-02 11:00:00
712f1bbc562abf0a,2026-01-15 17:00:00
41728eb6fb3750d4,2026-01-01 07:00:00
00c4a6d62edf0160,2026-01-20 17:00:00
02842f7536a53bbd,2026-01-08 02:00:00
b538551f68ead4e6,2026-02-03 16:00:00
b95588f8719a3b5d,2026-01-22 16:00:00
7b49ec527b783104,2026-01-10 10:00:00
36fbbfdc9a3afc6d,2026-01-15 21:00:00
e638947d05c8de50,2026-01-04 04:00:00
6612f6f565cdf6b4,2026-01-30 22:00:00
5fce76af48e9f094,2026-02-05 05:00:00
1d8c562ebb666aae,2026-01-03 07:00:00
bc1daccce76813cf,2026-01-28 18:00:00
5faba7ba7f194a3e,2026-02-04 04:00:00
7bc7d54117c15882,2026-01-15 14:00:00
10539202a8bd337e,2026-01-28 20:00:00
c33f60dbe1b58114,2026-01-14 09:00:00
bde8f51622252546,2026-01-23 07:00:00
76706aa7be79d573,2026-01-08 23:00:00
f1bfa3fe445a4481,2026-02-05 09:00:00
bbf977a2e38d1375,2026-01-06 03:00:00
6629dab02f9a09a2,2026-01-13 08:00:00
86d0a7eea49e305c,2026-02-09 20:00:00
cc86e186a4cab8d2,2026-01-24 08:00:00
02868893548053bb,2026-02-10 21:00:00
0b3d6f89914688b3,2026-01-27 05:00:00
581c8f36f8d100a7,2026-01-02 23:00:00
511f40d22505e775,2026-01-18 17:00:00
25d06c8ffb99af5d,2026-02-09 07:00:00
960edb20b2d22887,2026-01-29 18:00:00
5bf49aca68bb3006,2026-01-10 02:00:00
3fc1a2fa735c49e8,2026-02-01 03:00:00
fd1eebb33afc2217,2026-02-02 11:00:00
ef428c50bcf2f618,2026-01-26 11:00:00
6f8708b486fcbe86,2026-01-12 20:00:00
8cecff3a8c39b29e,2026-01-17 01:00:00
936be690bbfef681,2026-01-12 04:00:00
9adc2a4a3eadc657,2026-01-17 19:00:00
46b268c3c5a7e6ae,2026-02-14 01:00:00
9c7e809e9e43d5ac,2026-02-12 10:00:00
a9df200ad054bbcb,2026-02-09 11:00:00
0ec9b887dcd6b2f2,2026-02-02 00:00:00
d4078d01de150d99,2026-01-29 04:00:00
580fcf1856dfd71e,2026-01-29 10:00:00
bafd83cc907f6833,2026-01-20 22:00:00
d0f2817f54d6b9aa,2026-02-08 09:00:00
bf79d1fa96c6d90c,2026-01-23 23:00:00
c938bdeee4d706c7,2026-01-29 00:00:00
d20561532430d407,2026-01-09 10:00:00
ced4dbd1bb9b494b,2026-01-17 17:00:00
a0210bf346c30296,2026-02-04 08:00:00
dc9d36d1c52f4996,2026-01-07 12:00:00
689a09ffcb8596a2,2026-01-24 11:00:00
7ffcf996adfe2b4a,2026-02-09 10:00:00
4be1ae830443badb,2026-01-31 14:00:00
77b73cf77b030936,2026-01-26 10:00:00
abd7b9a0daa75b09,2026-01-17 02:00:00
c85b5379734de575,2026-01-04 17:00:00
97e91754b90492cf,2026-02-08 11:00:00
e5478c4d4df5e06f,2026-01-03 18:00:00
c81ead5d94d3b7e2,2026-01-16 04:00:00
093a1ee15adf4b82,2026-01-18 23:00:00
b698f0b42245943e,2026-02-05 21:00:00
73ebf61fde9c2120,2026-02-13 09:00:00
a5f73232a10dad42,2026-01-30 21:00:00
14cddc6e38eb678d,2026-01-29 19:00:00
dc84e6e504d98afe,2026-02-10 21:00:00
03ebb035fe19a3a7,2026-01-27 23:00:00
d61c588ec682402f,2026-01-04 03:00:00
b3badcf8982cc863,2026-01-15 23:00:00
318af9e31c81185e,2026-02-06 11:00:00
96d463eb77f7afe0,2026-01-18 08:00:00
a4fc190fd24d0fc6,2026-01-24 07:00:00
6de0a2ada13bc10a,2026-01-19 16:00:00
1868d612318e4b00,2026-01-14 17:00:00
5b6e072dd5da161f,2026-01-31 10:00:00
9f75d6ac35e1f5fb,2026-01-16 16:00:00
389d28c59668fd68,2026-01-07 15:00:00
d4e9ae1098610563,2026-01-29 02:00:00
75f865ac08eed6a0,2026-01-01 02:00:00
f6fe5b69fe2f58c3,2026-01-02 16:00:00
a9cf7848fed6e8d2,2026-02-13 17:00:00
a6a6ebf2a4a565cd,2026-02-09 18:00:00
16dd4de58b2705d1,2026-01-22 13:00:00
f1f1749dbef65d6f,2026-01-16 00:00:00
fa21e1a84c207f29,2026-01-11 06:00:00
ec88966dc327a394,2026-02-09 23:00:00
2e382ba6b29ee32a,2026-02-02 11:00:00
b229ee081533afb6,2026-02-09 06:00:00
ea9a6ee4b66a744f,2026-01-30 02:00:00
d0a1df7f68b59680,2026-02-14 19:00:00
e4f7ae38bf90589d,2026-01-28 23:00:00
5380f886ca806625,2026-02-07 19:00:00
8b5a3e744d548295,2026-01-28 14:00:00
d1582e7a9fc137da,2026-01-23 12:00:00
36d20f95924ad357,2026-01-12 02:00:00
15edbb9396d725ac,2026-01-06 06:00:00
340880e914a46fda,2026-02-01 07:00:00
269e1abcca281d62,2026-01-03 13:00:00
f045d55b4ca63587,2026-01-31 15:00:00
70560809296bb490,2026-01-04 08:00:00
31f35c869371d75d,2026-01-10 00:00:00
5ec3c8089ea1524d,2026-02-14 09:00:00
8403cdf58dff2f34,2026-02-10 04:00:00
a752fdef9d87962b,2026-02-01 17:00:00
6b921849e0b05ddc,2026-02-02 23:00:00
c8e0388acddb7383,2026-01-21 05:00:00
eaa97ab504a46aa1,2026-02-03 10:00:00
5ef335b0f7bdf075,2026-02-13 10:00:00
6745b08023eb7334,2026-02-04 02:00:00
7a2da0476ad466d1,2026-01-03 14:00:00
33a188a457ff4fce,2026-02-07 09:00:00
bb2f47267bff15b2,2026-02-02 20:00:00
25f1db2aa362b580,2026-01-03 12:00:00
8c78b93f6aaaaa1e,2026-01-28 05:00:00
8c345f8182b28b9c,2026-01-18 02:00:00
7177d861b19f9226,2026-01-21 15:00:00
9d899cf2c3d671c9,2026-01-27 17:00:00
580fe17bebd80413,2026-01-08 07:00:00
ff45db270ee32d06,2026-02-12 00:00:00
ea2128700ad26fb7,2026-01-10 10:00:00
792b3aaafd83ef0d,2026-01-13 22:00:00
aff5c6155cc2d2ab,2026-01-21 08:00:00
a36207e7e7099aa5,2026-02-13 11:00:00
b7e27079edd5abac,2026-02-07 14:00:00
e6bf1bc878ad5234,2026-01-17 02:00:00
e9a82e4d2ec5acac,2026-01-16 17:00:00
8aa1bc3163f9295e,2026-01-14 17:00:00
5ae27c16b5dba5d1,2026-01-03 16:00:00
a5d218f6dcd7ca6b,2026-01-18 21:00:00
a1b65d66ceba109a,2026-01-22 07:00:00
40abbbab86fa26ec,2026-01-16 23:00:00
9d773065f4e86254,2026-01-30 06:00:00
9ab805a2098753bc,2026-01-28 05:00:00
cf3c336c7c553da6,2026-01-18 06:00:00
f96f22b05cce578c,2026-01-03 09:00:00
5822db3387e3c3f3,2026-01-24 14:00:00
a249498b2c83b63c,2026-01-20 20:00:00
12ae28aae6827f54,2026-01-17 19:00:00
f71928f0486b2811,2026-02-04 07:00:00
dc61dc77e243b46f,2026-01-07 04:00:00
64fa5753904bced7,2026-01-28 21:00:00
f87a1c5cc152e57c,2026-01-27 01:00:00
f80976c6378060c4,2026-01-02 04:00:00
8ab9572cd32106cf,2026-01-29 15:00:00
ff7186a1ba7fe56d,2026-01-05 13:00:00
9ed3cad9d1a1aa0b,2026-02-06 08:00:00
8a7a1d9652477476,2026-01-17 23:00:00
f859c44d4a77f4e9,2026-01-06 03:00:00
550847209d182941,2026-01-07 01:00:00
4e8d0581d1fdadcd,2026-01-14 09:00:00
8d6b72784a0f8fd3,2026-02-14 02:00:00
e959eb1e2153c34d,2026-02-04 18:00:00
6db9267cbbc77290,2026-02-10 13:00:00
8c9a4cb2444d31a1,2026-02-05 02:00:00
2d95f64cd36fa044,2026-01-18 16:00:00
84adf0b06bcd130f,2026-01-07 19:00:00
52221950cf0e0668,2026-02-06 12:00:00
e13ca9c4cd30cd5d,2026-01-14 10:00:00
e6373aa2b354b6d8,2026-01-04 18:00:00
86abfb17022cd7b3,2026-02-13 13:00:00
59cb33b523f30b1c,2026-01-23 14:00:00
3fd102f37c70baf2,2026-01-02 17:00:00
314033516fee39b9,2026-01-15 16:00:00
064e29b21e025289,2026-02-08 08:00:00
5be385d078e46259,2026-02-10 10:00:00
d313c66d8d068137,2026-02-06 13:00:00
4a39c6cec5c25035,2026-01-13 15:00:00
6d4f6ea8264485e5,2026-01-30 14:00:00
d899b8ea3ee6a110,2026-02-11 21:00:00
01328091ab13132d,2026-01-01 12:00:00
cd2c2a9fc0ca16e9,2026-01-02 10:00:00
5b8f1ba0aea7d06e,2026-01-02 05:00:00
bbdfd0003edba43d,2026-02-12 20:00:00
da67032b7e45aa68,2026-01-02 11:00:00
e56a47d3283982ff,2026-02-04 15:00:00
2bb09ea9a84558e4,2026-01-28 14:00:00
eba060409c462062,2026-01-10 21:00:00
556330acfe8d6ed6,2026-01-07 10:00:00
d04d96efd39d4a2a,2026-01-09 17:00:00
cba68fa678a9e448,2026-02-06 00:00:00
1fc6b3e6ad9c81af,2026-01-05 07:00:00
45731cd4d17d28b9,2026-02-13 18:00:00
3b6e0bf36c4d829e,2026-01-23 08:00:00
ae51f8801ab18905,2026-01-09 19:00:00
70b929f097932b41,2026-01-31 07:00:00
ff498e0406004eea,2026-01-13 17:00:00
6463186d4c549053,2026-01-10 10:00:00
38648fefa17af292,2026-01-03 01:00:00
ce3baca64e1ff17d,2026-01-14 20:00:00
9abf41b220b2ebbc,2026-01-26 09:00:00
5aed8da45edf8f72,2026-02-07 01:00:00
1ad145a58a2a777e,2026-01-27 21:00:00
8033d319e10d2270,2026-01-02 12:00:00
4f4946ff350d2557,2026-02-11 20:00:00
0c069b40b472bc06,2026-02-12 13:00:00
da18ef9e5696eb50,2026-01-23 17:00:00
e1483bfb5bdcc345,2026-02-10 09:00:00
413c08288bfb8cb7,2026-01-04 15:00:00
5ffab855890a2b28,2026-01-26 12:00:00
a934f4de58b4cadd,2026-02-07 22:00:00
8f96240d6e63a303,2026-02-02 11:00:00
2c7ac2f8b750bb60,2026-01-04 12:00:00
53953882628e6162,2026-01-15 04:00:00
2680f6edd3a7bcc4,2026-01-22 23:00:00
a1b08df8b20835c1,2026-01-16 03:00:00
870c62645f31bc09,2026-01-12 20:00:00
6bf948be3d023329,2026-02-02 10:00:00
e07ba2220e557dda,2026-01-19 05:00:00
089b0e17d208f43f,2026-01-17 18:00:00
56eba12b2546f3bd,2026-01-19 01:00:00
423ec1a51aec652f,2026-01-10 06:00:00
bdef47a4edceef8d,2026-01-06 11:00:00
b209185f83e2ad96,2026-01-05 05:00:00
dc143cce9ed83ae1,2026-01-06 07:00:00
f93053f6dcb4337e,2026-01-15 13:00:00
026fd411bba946cb,2026-01-13 09:00:00
53ceb3196be6a8a0,2026-02-14 20:00:00
25a64cad5f1bc1ea,2026-01-07 02:00:00
1a9b140fad878604,2026-01-31 02:00:00
2504bc19e3b2522a,2026-01-16 17:00:00
c4c300c5712db098,2026-02-09 00:00:00
893a51af2f0e357c,2026-02-05 07:00:00
07fd16b7e790a6fc,2026-01-25 04:00:00
84948db5f60e08eb,2026-01-31 04:00:00
1e9325a033f5083c,2026-01-22 13:00:00
48b5f985aa84396b,2026-02-07 20:00:00
14cae1cf784eb179,2026-02-04 02:00:00
159f1cfc776d30a8,2026-01-20 23:00:00
9670da5b0d627a61,2026-01-07 16:00:00
6e9b4ec4ae7186f7,2026-02-08 11:00:00
368b52508236ae17,2026-01-15 17:00:00
dee8b14e4ef9f491,2026-01-24 00:00:00
903225d8137d97aa,2026-01-21 09:00:00
15f9776bc6b7f62f,2026-02-08 09:00:00
aafb4fca7808899b,2026-01-15 03:00:00
b46301285d127507,2026-01-28 09:00:00
449b9c9eb4431dc1,2026-02-14 18:00:00
741b342969f9cabb,2026-02-14 13:00:00
45ef50aa6de86b35,2026-01-18 00:00:00
829ff589e78c5e22,2026-01-04 00:00:00
60cbdb622074b4cc,2026-02-10 23:00:00
4c5ae73aa9ee0534,2026-01-05 13:00:00
001ee0661a1cfcba,2026-01-25 22:00:00
6cb6b309ee94fcab,2026-01-27 07:00:00
31c7ea216fc493a4,2026-02-01 00:00:00
8c58aac6fda4ecc5,2026-01-19 04:00:00
3de04ae0a044e779,2026-01-24 17:00:00
4880b7dd6cd1fc65,2026-02-06 13:00:00
901e512923cbb21d,2026-01-26 01:00:00
0e3026fa2347cd4b,2026-02-10 02:00:00
065907f8a9d2a5d1,2026-01-12 23:00:00
daa59325defc965f,2026-01-23 11:00:00
c30c9b6b9317e5fb,2026-01-30 22:00:00
bfe29d81f670d80f,2026-01-05 08:00:00
63f25083fff4a2a4,2026-02-08 12:00:00
8deb616620780117,2026-01-28 01:00:00
c166bbb1d4a48c47,2026-01-23 19:00:00
071fc7846afefc90,2026-02-13 01:00:00
14aca2da05d0c81c,2026-01-25 06:00:00
8d5ac8a2d5765b1d,2026-01-05 18:00:00
bf72394b48d82fbd,2026-01-25 01:00:00
438aa16141c9f3c5,2026-01-23 16:00:00
e5c2329ac27b20c5,2026-01-01 15:00:00
24c61c59aa6c8281,2026-01-07 05:00:00
1859c95d89534208,2026-01-23 15:00:00
b88db2543511e02e,2026-01-24 14:00:00
c69428981c711cf9,2026-01-15 03:00:00
d5c887a560ffd148,2026-02-08 10:00:00
566ab69adf6b644c,2026-02-11 08:00:00
0c6722b9effb0d1c,2026-02-02 06:00:00
ca234710c0d25189,2026-01-25 05:00:00
ffc6d9e96f833481,2026-02-02 06:00:00
4f43d9cb61dbe9f4,2026-01-11 18:00:00
505282db80a3c66b,2026-01-09 23:00:00
32a3d8c8fe434d37,2026-02-03 05:00:00
e398eb39eb24a9c5,2026-01-21 20:00:00
97fe9508676828c2,2026-02-03 03:00:00
2ed0d1e0c10f4a2d,2026-02-12 19:00:00
0b9a0737b4ae8f6a,2026-01-29 15:00:00
1a1094347e55e8f0,2026-01-02 11:00:00
459e6a254e7ee732,2026-01-09 09:00:00
4096214a5aff7baf,2026-01-17 10:00:00
0071c773c9db5cbd,2026-02-08 04:00:00
35a195442aa5369c,2026-02-11 10:00:00
5b7226fdc8e31c03,2026-01-29 13:00:00
5a880358f2afbdaf,2026-02-05 02:00:00
be35de4857a66190,2026-01-31 21:00:00
df1cb0272818df00,2026-02-08 14:00:00
41d14a32440c6024,2026-01-28 19:00:00
1ce864296db5e807,2026-02-11 11:00:00
52e32df1180d4e16,2026-02-04 13:00:00
c5364ee6c3943fd9,2026-02-07 23:00:00
45882c96e4252e58,2026-02-03 13:00:00
57458d6d033c4264,2026-02-10 09:00:00
0a26d8351f15b011,2026-01-05 23:00:00
279dbcf5db619fc7,2026-02-11 03:00:00
dbb1a354e2ca8e66,2026-01-03 11:00:00
42171f17e105b866,2026-01-07 17:00:00
094cce2a612106b9,2026-01-19 04:00:00
243a2c177a36813a,2026-01-02 22:00:00
fbb39f3fb4ca77b2,2026-01-16 06:00:00
0936e350d5185b42,2026-01-09 10:00:00
bde67c8315a680ab,2026-02-10 06:00:00
4a638c59d707c3df,2026-02-10 05:00:00
420dcc728e9ae628,2026-02-03 20:00:00
9e5a5d73efa44e22,2026-01-21 19:00:00
acb1503f95689c37,2026-01-07 19:00:00
c53b060100cf2339,2026-02-04 15:00:00
519bc78984f48de9,2026-02-06 06:00:00
e629244932ad9c1d,2026-01-09 03:00:00
f9d9e5c92b67e9a0,2026-02-11 12:00:00
600a60a15eaba162,2026-02-13 01:00:00
6a859b11019535dd,2026-02-08 12:00:00
f4b5655e0980e985,2026-01-13 03:00:00
4f63b90f70f5441d,2026-01-04 08:00:00
ae65c2949f540e5c,2026-02-02 00:00:00
d6863c3ea04ba1f1,2026-02-10 18:00:00
0fe23933d7e7a788,2026-02-14 21:00:00
fe09e41440adcb55,2026-01-29 20:00:00
816f6bd0645d647d,2026-01-26 13:00:00
11df5d8e215a8c57,2026-01-15 15:00:00
1e0b9dcd14041798,2026-01-27 07:00:00
4d89775e034dc988,2026-01-22 04:00:00
9fe80a1e16f31d01,2026-01-03 08:00:00
dbbf21c3b7ac1502,2026-01-23 07:00:00
eec336e9bbedf979,2026-01-14 02:00:00
e65e3fbe560fef8e,2026-02-07 08:00:00
988737c4fb0eb121,2026-01-02 23:00:00
176142af12218c2b,2026-01-24 18:00:00
84d337b8cc0de7dc,2026-01-16 22:00:00
9707286c061d3693,2026-01-27 00:00:00
6ed54ac9117b0962,2026-02-10 05:00:00
27f06787af6f0770,2026-01-01 14:00:00
7075da890d0fa0a7,2026-01-12 10:00:00
104b14b49de9d0c9,2026-01-22 12:00:00
9106ca892bf62373,2026-01-12 02:00:00
bbe6cfd41d0a2698,2026-01-13 04:00:00
c1da0b8369503db0,2026-01-18 05:00:00
cf33d6bf25fa6781,2026-01-24 06:00:00
c0658384252fa004,2026-01-10 12:00:00
9d61cdedca8d1313,2026-01-24 20:00:00
dcb37655b0cf1f8c,2026-02-12 18:00:00
7bd7f52cbf8a3bd1,2026-02-03 12:00:00
aedd91ca2e72dcee,2026-01-17 16:00:00
813fc32a561fcaef,2026-01-01 06:00:00
07b90cda5a0a6c8a,2026-01-03 06:00:00
126db2b29a38e3f8,2026-01-20 11:00:00
0496c790d5ca197c,2026-01-14 11:00:00
b6537f772670b239,2026-01-08 16:00:00
8961d708bc289381,2026-02-08 23:00:00
c21b32016478acd7,2026-01-29 00:00:00
f82a4380c7e463be,2026-01-01 20:00:00
9360d86b5dc3232c,2026-01-18 12:00:00
e203f7cf3373c405,2026-02-14 03:00:00
fae7a889399b3ac7,2026-02-03 07:00:00
3ef2130ad271a6bd,2026-02-12 05:00:00
99b99c833c0710b7,2026-02-04 09:00:00
47718888e0ff0aa7,2026-01-01 22:00:00
3d881acef5370eea,2026-01-08 10:00:00
d2f5f8b0603cf58b,2026-01-01 08:00:00
5dd3fafa4b285a18,2026-01-27 00:00:00
b3721319ba017332,2026-01-13 23:00:00
a4aed5760ec82509,2026-01-14 21:00:00
25a498e3f72fea1c,2026-01-08 08:00:00
8cfecb5e95823445,2026-02-07 02:00:00
671f6d57d59d09a5,2026-01-10 16:00:00
4c9ef01ee026c378,2026-01-15 18:00:00
e5944251349e977d,2026-01-15 18:00:00
c4b811c11392119f,2026-02-04 19:00:00
c5800c11fae95fbf,2026-01-14 19:00:00
fa3113297c40c096,2026-01-17 19:00:00
2cb6b26856f5bf0d,2026-02-12 01:00:00
96f719ca9529b302,2026-01-22 02:00:00
e56d8e993d5f9269,2026-01-16 10:00:00
a0df5b5c09eccaa5,2026-01-22 15:00:00
5a334fa74958f3f3,2026-02-03 00:00:00
3a982bf564b996b3,2026-01-18 02:00:00
7688585e4d8032f2,2026-01-06 21:00:00
489d5b28cb50d6af,2026-01-22 11:00:00
462f0c3fd1fc9952,2026-02-04 11:00:00
433a409dc558ce48,2026-01-30 07:00:00
bc4523f50de79581,2026-01-29 12:00:00
8c48f00e3932ce23,2026-02-10 06:00:00
2bd953d4e594dc06,2026-01-21 23:00:00
195f5712c8f9c912,2026-01-23 00:00:00
a3378960a6f3e023,2026-01-28 08:00:00
61f3fd63e434b7dc,2026-02-14 08:00:00
ef0b7ebdf75d3a75,2026-01-13 20:00:00
4708aa66c43e3e50,2026-02-13 03:00:00
073ce0bbc7eee2b3,2026-02-02 00:00:00
da50e17cfdf24dae,2026-01-02 20:00:00
d3e286370eab5c8f,2026-02-02 07:00:00
a8c9cd288f297b19,2026-01-23 01:00:00
d9d1dca70c77fe94,2026-01-24 13:00:00
cd1dc396e12a5815,2026-01-06 21:00:00
e7f77711d8a459c3,2026-01-07 17:00:00
d76a3542a6e37f62,2026-01-15 03:00:00
b4f39f48e54d12df,2026-01-25 11:00:00
60e98432fc8e3017,2026-01-14 00:00:00
715ae3992172f2cd,2026-02-07 00:00:00
46f282ca8220f023,2026-02-09 23:00:00
888725ab5ca8d616,2026-01-03 09:00:00
7fa669e29d8848f0,2026-01-24 14:00:00
0529bf2d729d2b64,2026-01-08 20:00:00
013df3c635cdc272,2026-01-29 08:00:00
1a5dc0527216332b,2026-01-19 05:00:00
ef23eb26080c70dd,2026-01-05 19:00:00
e9a629615148aac2,2026-02-03 04:00:00
20b9376c0786de5c,2026-01-21 02:00:00
c04a01e065485fc6,2026-02-07 12:00:00
927a52ae35c0c83b,2026-01-09 07:00:00
be025a95c55554f4,2026-01-06 09:00:00
29ace2f32bab7a38,2026-02-11 02:00:00
137919ae7e97dd6a,2026-01-17 10:00:00
4aff51edbcdb32b3,2026-01-10 14:00:00
88465062caed99e7,2026-01-30 03:00:00
eb72c209b917ccbb,2026-01-17 17:00:00
abbc224271d5be34,2026-02-04 16:00:00
088e9adf8eb96244,2026-01-09 12:00:00
a655ddaa86bb5d10,2026-02-09 16:00:00
c2903c5293cb90cc,2026-02-08 08:00:00
30d5c6def1d2b1d4,2026-01-24 18:00:00
2351660fd0e2a7b1,2026-01-05 20:00:00
c2d69c88c3359c90,2026-02-07 04:00:00
a6bc19e284a69ffe,2026-01-01 05:00:00
5e10132f0209d324,2026-01-20 05:00:00
7bdc80c20b70f364,2026-01-23 12:00:00
5da85ec85269d68a,2026-02-04 05:00:00
ec56759dbcd4a340,2026-02-14 18:00:00
f545c6076e82d157,2026-02-07 18:00:00
fbc0591b643fe339,2026-01-25 09:00:00
79fc59792c598dd4,2026-01-04 23:00:00
a92da925ba9980b6,2026-02-14 15:00:00
aa6aa16043f96181,2026-01-29 00:00:00
7839388c673ea1f4,2026-01-25 01:00:00
21ff374bbfbb36e8,2026-01-21 06:00:00
92e0c4340a35b1ad,2026-02-03 09:00:00
1a13649e291344dc,2026-01-10 17:00:00
579f9af041b8c68c,2026-01-08 08:00:00
fa4c6f7ed764d7f3,2026-01-13 16:00:00
420799f2279553b0,2026-02-10 08:00:00
31a9d73dc0eba22c,2026-01-28 00:00:00
da179183c3439f6c,2026-01-25 23:00:00
e81276e2e0236e6c,2026-01-10 07:00:00
99c123360a1fed69,2026-02-01 18:00:00
d780c373439538bf,2026-02-05 07:00:00
882c910b8a7bf46e,2026-01-25 01:00:00
eb00c4b28c528397,2026-01-12 21:00:00
dd688b91184df0fe,2026-02-08 19:00:00
8bd5ee3deb3ac2a5,2026-02-03 08:00:00
f3d1a8c2704adf16,2026-01-20 21:00:00
1c7bd60d3f8726d3,2026-01-06 06:00:00
70dc8241e7dfb8f9,2026-02-02 06:00:00
a1a8bb3f5f09ba4c,2026-01-04 06:00:00
e7ecac23b89ad9fb,2026-01-20 05:00:00
c82a7ef9b7ef4d51,2026-01-16 06:00:00
e6d816b93f70baf4,2026-01-03 13:00:00
a8b6585f857987a4,2026-02-13 08:00:00
fb436ef7aeb8190a,2026-01-01 11:00:00
e7ce8bcb0621a91d,2026-01-01 15:00:00
ce52649d21947d41,2026-01-05 05:00:00
6ba3936e5c30088a,2026-01-26 22:00:00
9ef9b93fa11ea125,2026-01-04 13:00:00
6bb53adadbee9d8f,2026-02-03 18:00:00
4d8c62f8bbb82294,2026-02-01 15:00:00
21f26b3558c2cefa,2026-01-28 14:00:00
c5dfb21a1c3115b2,2026-02-10 03:00:00
b075139f8b94e7f6,2026-02-08 14:00:00
6db2c631e404c737,2026-01-15 23:00:00
d64aaf459d73fed2,2026-01-22 00:00:00
16115e5329ec975c,2026-02-07 00:00:00
b9e9ce6d535eff30,2026-01-01 07:00:00
0c9430884ef7ba49,2026-01-18 06:00:00
89b19dd82441644a,2026-02-10 17:00:00
7d0c37795bd2c0b4,2026-02-05 06:00:00
0470a7095e3d26de,2026-01-02 10:00:00
06cf8e559755db9d,2026-02-05 17:00:00
b1eaf57491aa65c6,2026-02-01 13:00:00
6735447f607270b9,2026-02-01 21:00:00
02242b868692bc12,2026-01-22 21:00:00
a02d64477cd2ea54,2026-02-04 03:00:00
1045278e7c09a5fb,2026-01-19 14:00:00
a79c9efbd9801b56,2026-01-30 05:00:00
f02e6c2ec87cb694,2026-02-09 09:00:00
cc15c258a3f5bd4a,2026-01-30 20:00:00
bd06b802c626db33,2026-02-09 06:00:00
661e2e947c233284,2026-01-02 05:00:00
b5885948ccd40102,2026-01-17 08:00:00
24b0477d220acfbe,2026-01-25 20:00:00
73ac0d81dacf8f6d,2026-01-13 00:00:00
34de7418f0e44c9e,2026-02-03 21:00:00
f2ca9c13835c7899,2026-01-15 19:00:00
c0e4957cd095a6a1,2026-02-04 14:00:00
245bedeafa607fd9,2026-01-23 09:00:00
9cf144156b388598,2026-02-11 11:00:00
8a2cdcf816b55f55,2026-01-02 08:00:00
45753ed2904739ab,2026-01-15 02:00:00
d6a555075741a4f8,2026-01-21 20:00:00
d72ebd7726ce8bc1,2026-02-13 16:00:00
712f25768a5c820a,2026-01-25 05:00:00
2ac7da9019afc345,2026-01-14 14:00:00
f5382fcdf97f007e,2026-01-08 19:00:00
965f3f17f4179e6b,2026-01-26 01:00:00
7126b2cf137e3d52,2026-01-08 06:00:00
584fd9182882703f,2026-01-30 21:00:00
38b350088b1b383c,2026-01-15 07:00:00
2d995b4f8769fc15,2026-01-09 09:00:00
5d921b55129bb89f,2026-01-02 03:00:00
e90d1353a69bd439,2026-01-30 17:00:00
bd9e509ff2504063,2026-01-14 17:00:00
8ce27bdb3408c5c7,2026-01-04 21:00:00
48102f145ea2990b,2026-01-01 02:00:00
0a4d82f05cb599e1,2026-01-26 08:00:00
b06fdd1586ffe656,2026-01-06 20:00:00
ba0c6e72c6b3763e,2026-02-11 07:00:00
2f8ca8966459f71e,2026-02-03 01:00:00
fdb72ec67cb6c4c7,2026-01-18 15:00:00
b8fe1b9676debbfa,2026-01-02 05:00:00
48fcde65cf46e3ab,2026-02-10 01:00:00
3fce34a04ac60c62,2026-02-03 06:00:00
36bc0e534dcb21ab,2026-02-13 06:00:00
594b2439d2e03510,2026-01-27 06:00:00
b13f65c674992c4a,2026-01-18 14:00:00
c0afbb6a913b5cc6,2026-01-27 09:00:00
962a13ff8b57697f,2026-02-11 00:00:00
cc88943206191b87,2026-02-12 00:00:00
e68eb28235144bd5,2026-01-07 19:00:00
5d1ba7d0609860b4,2026-01-19 06:00:00
5c3e06fc534f0896,2026-01-03 15:00:00
357bd3b83cb52552,2026-01-25 08:00:00
840a345bbfccec22,2026-02-08 15:00:00
2e4bfc9226eeb35f,2026-02-05 17:00:00
67b0689349e23c46,2026-01-16 04:00:00
2e816292837e03b4,2026-01-07 15:00:00
407331068f811100,2026-01-03 02:00:00
1567b784f70fe6ae,2026-02-04 11:00:00
eb6f08ff90f34f86,2026-01-06 00:00:00
057ce79db7d657d1,2026-01-13 13:00:00
6bff599a343d9a1a,2026-01-19 19:00:00
c1e2c41f6a0301b6,2026-01-10 05:00:00
69e9c6eb3b1754ea,2026-01-15 04:00:00
d571d3dbc6199ba3,2026-01-17 16:00:00
82571799d6057a36,2026-01-25 07:00:00
6d372ccafcebd487,2026-01-29 13:00:00
d18960ae36c8b4c4,2026-01-27 16:00:00
7ae84a84891eae01,2026-01-20 10:00:00
039203d987f94457,2026-01-30 21:00:00
9a948fbd083dbaf8,2026-02-04 06:00:00
2155e641c9ef861f,2026-02-03 22:00:00
9e19d69687efadf0,2026-01-07 06:00:00
1e71b6c9f660cd15,2026-02-12 17:00:00
1aa2bb2d9cfe3d98,2026-01-18 09:00:00
10864e19e7da65c3,2026-01-07 01:00:00
3a2782d03b21e0f1,2026-01-05 10:00:00
18d73e001e10868d,2026-01-07 03:00:00
e39b0f068393e2df,2026-01-22 12:00:00
c251a4a02cc61762,2026-01-30 14:00:00
1e784806f50570c7,2026-01-23 22:00:00
9863113b3943320a,2026-02-13 14:00:00
e4e47e83be57448a,2026-01-17 21:00:00
6044a11b8e1ebef5,2026-01-26 21:00:00
561ffaebacfe0f56,2026-02-11 17:00:00
b3d9fff69869d8d9,2026-01-02 15:00:00
c620769d732fdb5a,2026-01-19 13:00:00
20023438aaee6085,2026-01-05 18:00:00
f1e2b73d6903810b,2026-01-24 11:00:00
831146253e230cb8,2026-01-18 12:00:00
7f363b3a3d991983,2026-01-05 05:00:00
0fb98997f693cfe3,2026-01-03 19:00:00
7620bf610504310c,2026-02-03 03:00:00
ac27f52b67a01f36,2026-01-08 14:00:00
8fc0e3a3a0320b16,2026-01-11 09:00:00
78376032a54e5f44,2026-01-25 20:00:00
dc27b9ddcf2af853,2026-02-02 13:00:00
172e0809346fb4e1,2026-02-03 08:00:00
088a4c8a18eddcd7,2026-01-04 11:00:00
3a674975672a1b51,2026-01-18 14:00:00
a33c96facb73a30f,2026-02-13 00:00:00
c0f12574c25a4926,2026-02-06 10:00:00
c3b9aca9ac6885d7,2026-02-03 11:00:00
f127038499b39807,2026-01-28 20:00:00
a6689d4d9c5e65de,2026-01-12 02:00:00
24d7b51593e0755e,2026-01-18 10:00:00
2682926fa6e6fcb9,2026-02-12 21:00:00
79ba6580072c3864,2026-01-21 01:00:00
3eea2c4e47b1a285,2026-01-31 14:00:00
eaab444ef626f180,2026-01-17 09:00:00
f1c678e6ea183b3a,2026-01-14 17:00:00
e7625518c0d88b53,2026-01-11 02:00:00
738e26f547ed9942,2026-01-19 03:00:00
7c5a800b183523ec,2026-01-13 16:00:00
3bfc1b139ae70366,2026-02-11 14:00:00
8e8cb38e21967fcb,2026-01-03 18:00:00
1c630ade3c215a6f,2026-02-13 12:00:00
4258440ce5fd2680,2026-01-22 16:00:00
26ed7e773bbb7e5c,2026-01-29 05:00:00
cd7c3878158e88c8,2026-01-20 17:00:00
b491f45d6172117f,2026-01-28 10:00:00
def04de52a2b7ae8,2026-01-05 03:00:00
bc4b0ed3bc18d3f7,2026-02-01 10:00:00
09a8ba2f70b09835,2026-01-30 15:00:00
b21d095830b8c2c0,2026-01-02 10:00:00
17c741c656be0d44,2026-01-16 02:00:00
b5a9fc3786e82ba8,2026-01-02 11:00:00
3dd16a59ed22a3b1,2026-02-11 22:00:00
89a3c7247e10bd63,2026-01-23 17:00:00
c1929feaa14ec498,2026-01-18 13:00:00
5c280f21675da09a,2026-02-04 21:00:00
580f620cbce4a30b,2026-01-11 02:00:00
91aac0139470680c,2026-01-15 16:00:00
65fec4abf3d8120e,2026-01-13 01:00:00
b5469a0c3fae14fc,2026-02-04 11:00:00
ce904a3e4425020f,2026-02-07 10:00:00
6f01ef0761d5bcd4,2026-01-28 09:00:00
87f7e563c673d67f,2026-01-13 08:00:00
e5ffc0b882b5239b,2026-02-03 12:00:00
516558a74044bc8b,2026-02-05 16:00:00
b13095bd228bd3f4,2026-01-19 17:00:00
b4592b7b14471d35,2026-01-19 02:00:00
3e7e590071d2a2a2,2026-01-28 17:00:00
12bada6270e363ea,2026-02-11 02:00:00
5a53effbeca26d2b,2026-02-04 16:00:00
36f80082ad789429,2026-01-20 11:00:00
efb96c29aa0160ea,2026-01-03 15:00:00
6ab7a415b1582757,2026-01-08 01:00:00
b7ace2a2e010d78f,2026-01-21 04:00:00
f5f7563e37c8ed16,2026-01-13 06:00:00
3291a4156f19ee83,2026-01-15 22:00:00
2460f98dd60ce032,2026-01-25 07:00:00
7180aaeedf0cd1f3,2026-01-25 20:00:00
809c120788c475aa,2026-01-26 01:00:00
69352a7996803b6c,2026-02-10 14:00:00
2483c3df09e46ff8,2026-01-22 23:00:00
9848ff2b2626b95a,2026-01-02 20:00:00
25be30cdd72152df,2026-01-21 13:00:00
02ec63bcf367ac4a,2026-01-31 13:00:00
13d725c24cfac988,2026-01-06 21:00:00
708501c418310751,2026-01-22 04:00:00
46e689f517e21287,2026-01-13 01:00:00
2eecc8d71265774d,2026-01-16 17:00:00
725a9923d84e2e92,2026-01-31 10:00:00
5e45b05ceaf95c7d,2026-01-13 21:00:00
de840f697011e047,2026-01-07 15:00:00
5f156ea186e8a4a8,2026-01-27 17:00:00
908a0301a947d826,2026-02-11 13:00:00
fc1b59fa82573962,2026-01-14 06:00:00
9b6cba51041e6ec5,2026-01-29 18:00:00
4d0f9a7b2b7009e8,2026-01-22 04:00:00
74ddbf2a66e40064,2026-01-29 15:00:00
b39a2ae374bd2734,2026-01-12 07:00:00
e1885764afd251bd,2026-01-14 10:00:00
53756ba79458ee93,2026-01-12 16:00:00
1823d37d306bf13c,2026-01-13 10:00:00
a780257b4d16f45f,2026-01-11 04:00:00
54b26e1583d7a9f9,2026-01-06 21:00:00
843309ee14a803ff,2026-02-08 11:00:00
585e57dc560b8af0,2026-01-03 18:00:00
dc0ffeb2fd9bd8bf,2026-01-03 16:00:00
1582f906115e20a4,2026-01-26 04:00:00
cdc262b091e16744,2026-02-01 03:00:00
d0a851a64f528b4e,2026-02-14 13:00:00
0063ad6ab0dceeb8,2026-02-13 23:00:00
37f1c87088997f5b,2026-01-31 11:00:00
b7583f756032a023,2026-02-05 10:00:00
671ae0b7056440aa,2026-02-02 19:00:00
54e86b720d4dcde2,2026-02-01 08:00:00
c713a7de232854da,2026-01-26 08:00:00
55c1723b06930f5e,2026-02-08 01:00:00
612e19722a6d11d2,2026-01-26 02:00:00
b21520962b5f1a67,2026-02-07 17:00:00
5a178078973036fa,2026-01-14 11:00:00
94d82cf3e18cd718,2026-01-26 12:00:00
e0b048ae5118b133,2026-01-06 02:00:00
be87a8a16d92e51a,2026-01-08 12:00:00
fffb0263056546b4,2026-01-20 00:00:00
cb5628fb9f07cbba,2026-01-31 21:00:00
ca0aac6ef711e279,2026-01-26 02:00:00
d1ea5fd2509ed759,2026-01-28 04:00:00
733181e19685308f,2026-02-10 07:00:00
a1e1476f5ea78708,2026-01-03 21:00:00
c45b5b64dd4f8084,2026-01-17 06:00:00
d6d09cefef1295f4,2026-01-02 09:00:00
101a21d00e38e18e,2026-01-02 01:00:00
9b8027792b8085c5,2026-01-26 14:00:00
8eda312d4e6c89e7,2026-01-13 00:00:00
5811e1a5a683df9d,2026-01-16 15:00:00
692f9f810145e695,2026-01-17 18:00:00
c158356491d0d34a,2026-01-05 01:00:00
3b1ba390f4754ac9,2026-01-03 11:00:00
54f8a8bccdef2a71,2026-01-13 19:00:00
5ce4a2925f12fe79,2026-01-21 12:00:00
0ad6b5cf0f1874e6,2026-01-18 10:00:00
a5a6a0549050ca1f,2026-02-13 09:00:00
f8c9dfa1f7186baa,2026-01-30 18:00:00
11fb7e8e9bc4ddf5,2026-01-25 15:00:00
00e2d72cc0726070,2026-01-12 23:00:00
8d6b207de9cddd99,2026-01-19 13:00:00
c0bcc9bdcfd42638,2026-01-08 03:00:00
9beefce43131185e,2026-02-12 11:00:00
0782100d6515fc23,2026-01-12 15:00:00
15d9916c3d61ba6b,2026-01-08 15:00:00
669ccfeb91042e5f,2026-01-18 07:00:00
dc54e848a27cede3,2026-02-10 16:00:00
583b9ec40b8a2518,2026-02-04 11:00:00
f7f924ac260fd0dd,2026-01-15 00:00:00
b9bde030745882a6,2026-01-01 14:00:00
b6133c1ec16a5ce8,2026-01-03 02:00:00
46f0bf481a268748,2026-01-15 14:00:00
b5f77631ad77c9e5,2026-01-03 12:00:00
23a500af93d549f5,2026-01-27 04:00:00
0ba766dbea70c790,2026-02-09 17:00:00
39c4f445b06124b8,2026-01-20 01:00:00
9713077a1910cdc6,2026-02-07 22:00:00
6fd968c853fdd9ef,2026-01-12 07:00:00
5383d3765499de4c,2026-01-24 12:00:00
493454166ca4a015,2026-02-07 18:00:00
f539ca6fe1d07f82,2026-02-01 04:00:00
aae56285828e09c3,2026-02-02 19:00:00
470bd41ad3c53ee2,2026-01-22 22:00:00
5e69534fe0291df4,2026-01-02 03:00:00
1d202d1f8490d3cd,2026-02-06 08:00:00
2327458ac751569a,2026-02-03 01:00:00
34a5f6477fa9ec67,2026-01-29 23:00:00
f76e42d3a94d7183,2026-01-17 13:00:00
f893f98690ab8223,2026-02-03 18:00:00
4a0bd714cfbe6e62,2026-02-03 08:00:00
ea680cf0b5c56916,2026-01-22 09:00:00
ac0e6f432230ef83,2026-01-22 06:00:00
fc15df0eabf7db3c,2026-01-05 18:00:00
6803ee1d3f4a3beb,2026-01-19 10:00:00
5fc60ce67e331def,2026-01-02 01:00:00
65040199951d0e3d,2026-01-28 20:00:00
d973ccdf62bc1e80,2026-02-01 13:00:00
be3176320a21a025,2026-01-29 11:00:00
d19d42c38a3123ac,2026-02-01 09:00:00
78f28abf7f829017,2026-01-02 02:00:00
07dbeaa27c6f08df,2026-02-02 17:00:00
12baaa42f286f68c,2026-01-10 19:00:00
b9c7a509ebdc5174,2026-02-07 11:00:00
f4c619035d517671,2026-02-05 14:00:00
ac00f9f693fb0fb3,2026-02-01 22:00:00
6de69dbbc71ce0ab,2026-01-14 06:00:00
e15cbddf14cd755b,2026-01-19 23:00:00
0ddccd54420d9477,2026-01-13 12:00:00
2dc93b315f652dcd,2026-01-15 11:00:00
88bf37c8b54ac2c6,2026-01-06 22:00:00
bd6c297324677bd5,2026-01-17 08:00:00
7d402f3b16324ede,2026-02-05 20:00:00
9081b1c5db66a4e8,2026-02-01 08:00:00
50c294242501d493,2026-02-09 10:00:00
a0a1350c7f45b8f4,2026-01-27 13:00:00
6121c25b943b100a,2026-02-14 00:00:00
19063bdc415c022c,2026-01-12 18:00:00
2a8f25f7665b2bdf,2026-01-27 08:00:00
e778f674715b1fdf,2026-01-10 14:00:00
09c844b07b852bf9,2026-01-04 10:00:00
dcda2a23443fbaa3,2026-01-23 15:00:00
1bbbf253bd528d38,2026-02-03 16:00:00
d2b1f4f3775ebc8b,2026-02-01 05:00:00
e97329e2b628dbee,2026-01-01 11:00:00
0d9ab0f762d54b45,2026-01-10 16:00:00
ff970863658bf51b,2026-01-25 08:00:00
07399f76dc30922d,2026-02-10 06:00:00
347b17de8a95e332,2026-01-21 11:00:00
64949ba7972f9a77,2026-01-29 05:00:00
7794cf17434ca4d0,2026-02-02 20:00:00
9e63cb263d3b1031,2026-01-07 20:00:00
595632a7e43b23b0,2026-01-13 11:00:00
2d3e016f769cf2c5,2026-01-12 19:00:00
0413848372a6d724,2026-02-13 04:00:00
722f8ce64c3e0066,2026-02-05 08:00:00
9c1efbf95be628bc,2026-01-26 07:00:00
5b5a1b5ddd30a2dd,2026-01-11 02:00:00
b206203c5145ccdd,2026-02-11 16:00:00
90f8e7e493766094,2026-02-10 03:00:00
fccc7d734e6f878e,2026-02-03 21:00:00
9acfe61236780280,2026-01-24 21:00:00
3d983a82bc450355,2026-02-14 05:00:00
3baa76ec3c2cff87,2026-02-03 18:00:00
2a74a5c72a52ae5f,2026-01-21 16:00:00
9d435299d1d1eb4c,2026-02-03 17:00:00
dc170c55a4c45ff1,2026-01-23 13:00:00
5f97528a07a081ed,2026-01-13 19:00:00
70f0edaee5d85cf4,2026-01-16 09:00:00
c7154d8f0f23c3e0,2026-01-31 09:00:00
59fbec8710f00f3b,2026-01-28 21:00:00
edd952d881a7cdfd,2026-02-08 02:00:00
d27066e870121060,2026-01-19 23:00:00
346c915a03d5f7b9,2026-01-26 13:00:00
3f801c1e02fbf942,2026-01-06 13:00:00
7d07f1740075364f,2026-02-06 07:00:00
2556007a82f9c27d,2026-02-09 05:00:00
a2f939a39d1568e9,2026-01-13 04:00:00
cb474a102432b074,2026-01-13 18:00:00
3c5feb9cf366d2e6,2026-02-03 22:00:00
297ead68e7ba1dab,2026-02-13 01:00:00
b5d28fad219a0cb5,2026-01-12 09:00:00
02e10e65f3d9ad2f,2026-01-29 12:00:00
b3f0b0ec6a9fcc0c,2026-01-13 01:00:00
f2ec90c06f3b87eb,2026-01-13 05:00:00
e2f44d912feb72e9,2026-01-22 09:00:00
54974e225b837b9d,2026-02-07 19:00:00
222e952a17958290,2026-01-11 16:00:00
bf5d81df7f7f9936,2026-01-11 02:00:00
ec7e98375e87694b,2026-01-04 05:00:00
f717b6d8a369f828,2026-01-06 12:00:00
6ba838d894e74699,2026-02-03 03:00:00
f9f82517c3929058,2026-02-05 09:00:00
ef377ff650071de3,2026-01-24 01:00:00
3941e084c188bd83,2026-02-12 14:00:00
a0593c41f72d4065,2026-01-05 00:00:00
bfb5e6673e4c7579,2026-01-22 09:00:00
b5c5681bca583275,2026-02-11 22:00:00
72f6a1bea6ffdabd,2026-01-22 01:00:00
5fab62c3c3a36e20,2026-01-28 19:00:00
6522601f2561928d,2026-01-17 12:00:00
90783d1d000e70a6,2026-02-06 20:00:00
64fdf4156fd3438a,2026-01-21 19:00:00
ecb9957ac62857b1,2026-01-06 08:00:00
4a53501205d79513,2026-01-26 11:00:00
0ba03d33c65844c0,2026-01-18 21:00:00
e2f482770635449a,2026-02-06 14:00:00
0d9c4877326252b4,2026-02-09 12:00:00
e110a01418a284cf,2026-02-05 16:00:00
144bec7e5e5f80c0,2026-01-28 09:00:00
670e9635b1e08ec8,2026-01-13 14:00:00
4ff705ab545f38c5,2026-02-03 12:00:00
9ed0536c7fcae0ba,2026-01-03 05:00:00
3572497faa12ba18,2026-01-04 06:00:00
688d6df13196503a,2026-02-05 12:00:00
a77fcc4f7ea441ab,2026-01-08 04:00:00
6088e113b0e72be1,2026-02-13 17:00:00
0ef7b515ffffaf29,2026-01-23 16:00:00
a27886d20af99731,2026-01-21 12:00:00
11047a003d1232c3,2026-01-02 17:00:00
912b86db3833f0db,2026-01-26 19:00:00
57851e1ba8e5788b,2026-01-08 01:00:00
ee4d7d5b6c43ad24,2026-01-26 15:00:00
f88bd2afdf1f0cfa,2026-02-05 09:00:00
77bc2baf18bd5b64,2026-01-10 16:00:00
9bc2fd736e7279b8,2026-02-11 00:00:00
4b5f7122932f47cd,2026-01-26 21:00:00
2e5453a25d9cd613,2026-02-02 05:00:00
21661d40b856b418,2026-01-13 06:00:00
bd138756a393fc8e,2026-02-12 12:00:00
bb9c06a15838f7fa,2026-02-06 08:00:00
ff09e8c64bb984b7,2026-01-16 07:00:00
bb452ff2fcd30eb3,2026-01-30 20:00:00
b776219a9b198820,2026-01-31 19:00:00
e9a47516ed84fc5d,2026-02-07 07:00:00
c3eb4a11bd39f71d,2026-01-02 08:00:00
77ac113028531699,2026-02-01 16:00:00
049de4369cd3753f,2026-01-15 18:00:00
4af87ee07c68c7d8,2026-02-11 14:00:00
ca0472cdc1a97752,2026-02-10 03:00:00
b0caf80e6ffb69e5,2026-02-06 03:00:00
4dc3691e012fc0ec,2026-01-06 19:00:00
8eb865791ede4e82,2026-02-06 02:00:00
de1959ea101730ae,2026-01-12 02:00:00
f1705da74ea85551,2026-02-11 18:00:00
0fceba6a5cc7e826,2026-01-14 02:00:00
58e76ca1f52bcf31,2026-02-03 19:00:00
617497a117de8cd3,2026-01-04 07:00:00
e959ea53046d08b2,2026-01-29 16:00:00
de3876a034e540fc,2026-01-27 01:00:00
2e07b29793f36f40,2026-01-24 11:00:00
933942b95e20b461,2026-01-14 21:00:00
8696f8b1fea70d31,2026-02-02 02:00:00
545d9e7a331ed2b0,2026-01-07 11:00:00
112460eb954fb3c9,2026-02-10 12:00:00
20db59b0fb485d66,2026-02-08 13:00:00
44e265dc2f981efb,2026-01-19 01:00:00
2a3a5b90f574d372,2026-01-24 20:00:00
b83baa0d57af2d12,2026-02-06 03:00:00
694b0a10828abfd4,2026-01-13 12:00:00
b2db0b8a5c939678,2026-01-07 19:00:00
d095914a8992cf9b,2026-01-21 05:00:00
2fe729ce28ed4493,2026-01-28 16:00:00
bcf232e6bb3e28ac,2026-01-30 18:00:00
a60d8243acca53c5,2026-01-13 15:00:00
f1641b5ef6d26bb4,2026-01-13 15:00:00
c5e6e184393a69a2,2026-01-21 22:00:00
abbeb2fd2827fc0d,2026-02-03 16:00:00
898ab7670e2b8952,2026-01-07 02:00:00
379a5f607ae59fc2,2026-02-04 16:00:00
5c43b472bdeb3c0a,2026-02-12 08:00:00
5953acc2b4f385a5,2026-01-19 09:00:00
722a5c32ae437f59,2026-01-22 22:00:00
a2c21bf30bea39b4,2026-01-18 11:00:00
e0e9c77cc8fe2d35,2026-02-13 01:00:00
2406051a645eb201,2026-02-09 00:00:00
d5e0313c94f562e6,2026-02-06 19:00:00
239e402266155db5,2026-01-26 01:00:00
43e2c7eb00557477,2026-01-23 16:00:00
042af6539874dc54,2026-01-25 14:00:00
b3673789240cf1c8,2026-01-31 10:00:00
62eaa5f88bd679c1,2026-01-01 06:00:00
3280be844fe44b7a,2026-02-11 15:00:00
8f2e622271486dd9,2026-02-09 02:00:00
21f652df83e45f16,2026-01-11 17:00:00
6ec4c46b327008ae,2026-01-24 06:00:00
012ce15e305ed938,2026-02-08 17:00:00
290b413fe1db07fc,2026-02-01 13:00:00
9d86c0b16083b5c5,2026-01-06 05:00:00
1fdcb0daf9e165a7,2026-01-26 11:00:00
f8c9fc81acd76138,2026-01-08 23:00:00
55e805ce7191d898,2026-01-07 06:00:00
a1a65fcdaa587680,2026-01-26 04:00:00
42041bf6f0b44bf6,2026-01-26 04:00:00
cf5994cdf83d598f,2026-02-13 11:00:00
1e2c7a8db3d6f8d9,2026-01-18 21:00:00
d0368860cc4d6ac8,2026-01-22 16:00:00
534483c1c6d48d42,2026-01-22 04:00:00
2561a68cc554254b,2026-01-16 01:00:00
e687d068b95ff381,2026-01-14 01:00:00
f9b07a8786db53e9,2026-01-11 07:00:00
05f4acd48c042883,2026-01-23 02:00:00
36aab649eb9e307d,2026-01-08 08:00:00
eb69f59041c6521b,2026-01-23 12:00:00
5961ca45cecef3f0,2026-02-09 14:00:00
8f7cad637400af2e,2026-01-27 16:00:00
ead8511dfbeabb29,2026-01-25 08:00:00
ab5636bbbeef5650,2026-01-16 09:00:00
8af18fa83232504e,2026-02-03 06:00:00
66da0d67048e7db3,2026-01-08 12:00:00
016db9a6cfd3206d,2026-01-31 05:00:00
ea12d8514917c1b1,2026-01-29 01:00:00
73274d93d06487fb,2026-01-21 21:00:00
c81ced6f3c196fc5,2026-02-02 02:00:00
afc39a82e2d4913a,2026-01-31 22:00:00
66382e4dd696e9a4,2026-01-08 12:00:00
fae0286f5fccbe38,2026-01-22 06:00:00
079d8fe9f1e9fca3,2026-02-13 16:00:00
5bca468a3a8877b5,2026-01-28 08:00:00
389321df694b827c,2026-01-31 19:00:00
fde29ce97ae82258,2026-01-29 10:00:00
3dde292f9870c5d8,2026-01-03 01:00:00
7fc04573cfd8cc47,2026-01-28 10:00:00
45cba8d0cc70c8ab,2026-01-23 23:00:00
cf110bd7268d4b4a,2026-02-12 04:00:00
5c793f4372413ab4,2026-01-04 02:00:00
495378dd7abaf067,2026-01-13 23:00:00
c5d5f2e712217769,2026-01-01 05:00:00
d7857d20e7ca3bbc,2026-01-18 16:00:00
432b4034a8866707,2026-01-21 11:00:00
9e6f05c167345ad6,2026-01-01 10:00:00
cd5ff00035be87bd,2026-01-29 23:00:00
9aa213cfb0c7123e,2026-01-20 12:00:00
9700e0eb25f5c24e,2026-02-11 13:00:00
08950a8b3c29989e,2026-01-16 07:00:00
4fc06ab7202f29fa,2026-01-20 12:00:00
d5adf3019a28c730,2026-01-12 21:00:00
175d7b9e3c6979a8,2026-01-29 04:00:00
3ef6a4fe74758fe6,2026-02-13 20:00:00
1fd08c76aae703de,2026-01-06 02:00:00
5865beda8335eab0,2026-02-09 07:00:00
57c443170d111c6d,2026-01-11 07:00:00
45771a97ad3fc134,2026-02-04 15:00:00
8647d8c9cecc41d1,2026-01-05 04:00:00
ec3912dbfec43683,2026-01-28 13:00:00
2006f3512ab4c1c8,2026-01-29 16:00:00
1a08061470f9c618,2026-01-29 21:00:00
630bc0d19827c6a0,2026-01-09 20:00:00
51e6c2fb9c189ceb,2026-01-21 07:00:00
f42557d796a4be7c,2026-02-08 03:00:00
0621d72147f9d1f9,2026-01-16 07:00:00
52f9dee4309de078,2026-01-08 22:00:00
06b8c894961f3f76,2026-01-20 23:00:00
05eaa5fd67d42459,2026-02-03 11:00:00
05fb04da344d65e9,2026-02-09 04:00:00
69ff04462c358358,2026-01-21 01:00:00
780c91a83e4583d3,2026-01-14 07:00:00
bc748d6e5aa624f6,2026-01-14 07:00:00
01154d075d147223,2026-01-02 07:00:00
004e9f335ca08199,2026-01-07 05:00:00
00c8bc04de635219,2026-01-27 21:00:00
c1f7036b234148ef,2026-02-11 13:00:00
daf436988bb34ce3,2026-01-10 06:00:00
889c976513f46a79,2026-01-14 17:00:00
322d9db46124e24f,2026-01-20 00:00:00
9af50b66029d086e,2026-01-31 22:00:00
82977e680732a2eb,2026-01-07 13:00:00
043c3a7c1a995d00,2026-01-25 15:00:00
83e672d743f0483e,2026-01-16 12:00:00
009774343ebe97a6,2026-02-07 13:00:00
615b69ca5651b63f,2026-02-11 08:00:00
99575aa03ce8e1dc,2026-01-17 13:00:00
a234f715c06fcbe2,2026-01-14 20:00:00
a5ab04a1d49c628f,2026-02-06 15:00:00
a9089a8f89f7b3b8,2026-01-25 16:00:00
2039a040394ba71d,2026-01-25 15:00:00
8d5378d6144db107,2026-02-10 13:00:00
3e2b169a35134987,2026-02-14 23:00:00
5d68b8f94a84a193,2026-01-24 09:00:00
11ee3ae7a1404e59,2026-01-16 14:00:00
98b551ebe0e56cba,2026-01-19 20:00:00
10997d61dea851c8,2026-01-19 18:00:00
476175064ae55006,2026-01-26 15:00:00
a5a7bf88f83a43e7,2026-01-13 20:00:00
532e38af5be7a041,2026-02-01 04:00:00
2212a86f99c8c784,2026-01-07 05:00:00
2431e4ad38614c4e,2026-01-15 05:00:00
c3c2ddadfecb65d5,2026-02-02 06:00:00
90f86d7c7c834735,2026-01-06 18:00:00
72d8902cffe73f93,2026-01-03 11:00:00
b4a79cdb0a8e69c9,2026-02-14 11:00:00
1e2cf478ce784dff,2026-01-10 14:00:00
bc7eebc21289ce47,2026-01-28 18:00:00
d5be60a9451fdee4,2026-01-27 13:00:00
b37e3e88cfdda8a6,2026-01-16 14:00:00
a89e03768b4053f0,2026-02-13 22:00:00
b34008ce409587a8,2026-02-06 11:00:00
4e5877efb3237d10,2026-01-28 23:00:00
7e6b5252c325317c,2026-02-14 01:00:00
ef9cd85150e2cc29,2026-02-14 12:00:00
642f8ffa2ba317c0,2026-01-02 10:00:00
b42115a5aa7a9299,2026-01-14 06:00:00
782e208832d2461a,2026-02-11 11:00:00
0fdec63be0f6711c,2026-01-28 10:00:00
46c9756e543e7d1a,2026-01-23 01:00:00
9a1ba209321d35b8,2026-01-08 22:00:00
51bd1ca9a93ac1b6,2026-02-13 13:00:00
41a4b2ee7c1067b9,2026-01-12 00:00:00
c2488b26c1d2bb4e,2026-01-01 15:00:00
d67c574dbf7ef55e,2026-01-06 18:00:00
5746a905af66ef86,2026-01-16 05:00:00
069efbdccdd5b07a,2026-01-08 20:00:00
4f5d4a7a5841056b,2026-02-04 02:00:00
7cf8efc5006d0aaa,2026-01-23 09:00:00
e6a6afbd60f4cc67,2026-01-17 06:00:00
7325b5a54b5d0720,2026-02-05 03:00:00
229dbb3139ee741a,2026-01-18 13:00:00
8e92153d0c79a7b2,2026-01-22 05:00:00
1b33a8ecf8882a22,2026-01-22 00:00:00
24fffae639745f8e,2026-01-04 02:00:00
12a53d195befe991,2026-01-24 08:00:00
3384863aab514750,2026-01-13 19:00:00
cc079d62a7b52e1b,2026-02-05 09:00:00
694f6de88400b069,2026-02-08 07:00:00
c1be6a84a4535c2f,2026-01-12 01:00:00
8c683dd716add2d0,2026-02-05 08:00:00
8355d1a887df52a1,2026-02-09 23:00:00
1a308301946cd7cf,2026-01-02 02:00:00
39820471ece682f2,2026-01-16 09:00:00
c3a5047aff1a074e,2026-02-12 22:00:00
211e7007e5195df0,2026-02-02 18:00:00
ceafbe688307516d,2026-01-02 14:00:00
e0dc66b72bcb4437,2026-01-09 20:00:00
48d597e22b222c82,2026-01-09 01:00:00
cdea994a0d3ff890,2026-02-06 13:00:00
81a8257a08b0c243,2026-02-11 14:00:00
2ad0d9d59fe94448,2026-02-05 05:00:00
680a2ce9ff98c979,2026-01-06 06:00:00
eb2b966fedf5df39,2026-02-08 12:00:00
e02a9182839cc3fc,2026-01-31 08:00:00
f9bf2659c1aca235,2026-01-04 15:00:00
ea1552af70bd5024,2026-02-04 00:00:00
66c70a58183e2f53,2026-01-01 08:00:00
a932fdfafeb34585,2026-01-21 12:00:00
28a9bc47973912ef,2026-01-18 05:00:00
c27e79eff010ae46,2026-02-08 09:00:00
93c2dbbc31b41fad,2026-01-11 03:00:00
23bf68fdfc27c4ba,2026-02-12 14:00:00
736301d6d04c6b92,2026-02-09 05:00:00
1c8919396ca5d177,2026-01-19 15:00:00
ce98b760a876406e,2026-02-03 19:00:00
cd4b4c735246fab0,2026-01-24 04:00:00
080943fb806b57e3,2026-01-21 14:00:00
103da5ac9781be45,2026-01-05 01:00:00
48867eb68244e9a4,2026-02-11 12:00:00
1bf189adb07dcbe8,2026-01-30 06:00:00
db49b7458e517dab,2026-01-07 11:00:00
f2c3d6e93a2b4e6a,2026-02-14 14:00:00
0ca46b1fd8a1e0ba,2026-01-19 13:00:00
65181ae33954765d,2026-02-10 14:00:00
00c786a4b724be69,2026-02-02 21:00:00
a29b0f11b19adb80,2026-01-11 21:00:00
dd88169ad7d1a4dd,2026-01-31 04:00:00
e40f9b065e359b31,2026-01-17 06:00:00
8be2c3b3dbbef29d,2026-01-02 00:00:00
f6cdac68bd0d20e6,2026-02-04 16:00:00
35fc6aa7dadbccd5,2026-02-14 02:00:00
ae9fdc448ef870fe,2026-01-24 03:00:00
49ad4d45b80fe96c,2026-02-02 11:00:00
7459243399a7a671,2026-01-01 05:00:00
aaa08e6d46177f7e,2026-01-23 18:00:00
cc422a80b26e7bec,2026-02-09 15:00:00
64e1dced169e9d0e,2026-01-07 20:00:00
69a3a0bf6fd87d94,2026-01-28 03:00:00
ca3e7784e8bf9f45,2026-01-18 21:00:00
78a46b8dedb9e593,2026-01-06 19:00:00
2f426ed4d24a0fef,2026-01-16 09:00:00
69d0396cc055a2e2,2026-01-30 18:00:00
2a5ca1bffa292802,2026-02-10 22:00:00
69fd430638425fb3,2026-01-25 17:00:00
0b0f7ea789f2734c,2026-01-06 01:00:00
b7ad88a1cf77e594,2026-01-27 14:00:00
345c7cd8b52271cf,2026-01-13 17:00:00
9aafda9cb17fa006,2026-01-14 20:00:00
6fa237093bafab7c,2026-02-04 08:00:00
5c65279444283344,2026-01-29 01:00:00
7362f13acd088a21,2026-02-02 22:00:00
37d3ab897ca655ad,2026-01-03 19:00:00
3b6556ccec65ff45,2026-01-09 06:00:00
cf76d0997d901dc9,2026-01-14 02:00:00
1046ce2d0615ab37,2026-02-11 04:00:00
f6c17669189fc651,2026-02-07 15:00:00
e7bd153f975a63d9,2026-01-13 19:00:00
e2bd634b20bd0385,2026-01-03 12:00:00
a81b898d0118bc6b,2026-01-17 22:00:00
fc20185dd38659a5,2026-01-25 02:00:00
fbe5e73e37326ebb,2026-01-13 17:00:00
a9711574d45f9c6f,2026-01-15 14:00:00
7dd110d6afbd3002,2026-01-25 19:00:00
bc5d7753dc28cb58,2026-01-14 03:00:00
9e357b482d01cca0,2026-01-15 17:00:00
48ba950d3fcf09dd,2026-01-07 10:00:00
faaa6fdcf60c8954,2026-02-08 18:00:00
86c0544739fff829,2026-01-05 02:00:00
3b84bd220d4f812a,2026-02-07 06:00:00
6c2e47c4bd06d0fd,2026-01-26 12:00:00
241c07ef449a87d8,2026-01-30 16:00:00
f62c1ccbb462b1e5,2026-01-25 21:00:00
d86e387599232630,2026-01-22 23:00:00
7d7df11fb2928b45,2026-01-21 09:00:00
b74f25df58a1d3dc,2026-01-18 16:00:00
f801f62883a40ff4,2026-01-08 05:00:00
f9eab63cc9b07adf,2026-01-04 12:00:00
d99c3a7877b9bbc9,2026-01-01 11:00:00
cebe5fd16bbe10db,2026-01-28 13:00:00
d193fca2dc557df9,2026-02-02 03:00:00
990064cf1d1877a7,2026-01-13 17:00:00
a73a949eb1c4f5e1,2026-01-19 08:00:00
9eb6ada80f1f28a0,2026-01-23 01:00:00
7143211acf6f84b9,2026-01-19 19:00:00
5b3854ddf5e8d6d9,2026-01-22 04:00:00
1c5a387f08a07398,2026-02-08 14:00:00
6d814129ecdc0cb5,2026-02-04 12:00:00
29b694e0e3dbc28d,2026-01-05 15:00:00
bc2e30ccf329f499,2026-01-02 18:00:00
d020d6811148c8d5,2026-02-14 01:00:00
1f1f98457ca9967a,2026-01-07 20:00:00
60cf4b8653a1bb4a,2026-02-12 14:00:00
086064113457d082,2026-01-08 20:00:00
6c7185d982208713,2026-01-24 01:00:00
1e26db86b8e4ae7c,2026-01-14 17:00:00
24b9e6883335e83e,2026-01-19 07:00:00
a66a29eadab1d405,2026-01-07 15:00:00
4618152ea4eea7bd,2026-02-14 12:00:00
7657dd146c20e35d,2026-01-22 03:00:00
03615c5f8e91cf24,2026-01-12 01:00:00
b30d45eec957ce83,2026-01-26 10:00:00
aaf70fca59405293,2026-01-04 14:00:00
9b79a10b1c21ac05,2026-02-09 20:00:00
55fd23b35e6eeedd,2026-02-10 05:00:00
bca69fd29b624a48,2026-01-15 14:00:00
b5faef09aa3245ee,2026-01-21 08:00:00
f3f0a0e8ffc6ee02,2026-02-09 13:00:00
5e2f8e168a1dce84,2026-02-05 19:00:00
f858651d39b35088,2026-01-01 11:00:00
2ede870ba722529d,2026-01-04 04:00:00
7bb55a7d0c45c218,2026-01-30 19:00:00
915ebf2231a4f66d,2026-01-29 21:00:00
7d69c8fbbb0dc61a,2026-01-19 23:00:00
0495b8a65600cd56,2026-01-28 06:00:00
56299478dd4fcd91,2026-01-30 04:00:00
7290c2f60b243551,2026-01-01 10:00:00
8d121b4cced5563e,2026-01-11 22:00:00
ef1f9d8d620b0a89,2026-01-13 15:00:00
7446af3c8ca46fd2,2026-02-06 20:00:00
77bab387c05f8ba1,2026-01-05 20:00:00
635bb9c520304e14,2026-01-17 17:00:00
9f94051c4a13dd39,2026-01-06 02:00:00
f9c2daf0e8041b41,2026-02-02 12:00:00
6dd681a2e5c3458f,2026-01-19 11:00:00
54dd32902b72ef3e,2026-01-16 22:00:00
f613c54ae6574f6e,2026-01-17 08:00:00
b4d26d6c99889b63,2026-01-25 13:00:00
282744c0fe075b9f,2026-01-11 11:00:00
1ef5966ab8ad8a1e,2026-01-30 00:00:00
a202e48d973e105c,2026-01-24 00:00:00
bd3a92f3c214251f,2026-02-04 16:00:00
e8d0daa7f285c941,2026-02-11 14:00:00
261d9f757f57c950,2026-01-27 11:00:00
ac8c2abfc6284889,2026-02-14 14:00:00
04064788a4539e60,2026-01-14 01:00:00
65f54fe8a7c4b78f,2026-01-05 05:00:00
6ee3a2f31593540c,2026-01-27 07:00:00
da88bb8d2317124a,2026-01-13 06:00:00
edb1546bc265dbbd,2026-02-13 11:00:00
252efb326770cb9e,2026-01-22 20:00:00
478e75de1bb253ff,2026-01-08 21:00:00
9f6fa177cf331c67,2026-01-06 13:00:00
6ab2e88d59ae4fa1,2026-02-08 10:00:00
25a056c97f209ff0,2026-02-03 01:00:00
1af105a9e4f58c1d,2026-01-08 19:00:00
79972d0b89ed55b8,2026-02-09 07:00:00
b8f54d68313f99a9,2026-01-01 14:00:00
b870d4d6d4d67830,2026-01-16 21:00:00
535c5aad374d805b,2026-01-15 08:00:00
e3a3479230cd671a,2026-02-11 23:00:00
9ffe8382b20646c3,2026-01-07 16:00:00
4bacf522cc99f0b1,2026-01-14 08:00:00
81cc1ed0c1114082,2026-01-28 20:00:00
27f4d0bc5e05c0ad,2026-02-11 00:00:00
53cede6ceb76e6e5,2026-01-24 07:00:00
b3ada9236d9832db,2026-02-02 16:00:00
145666bd4f03669b,2026-01-12 14:00:00
dbe4fb0c46e77070,2026-02-11 01:00:00
f98a9a8106c7d683,2026-01-18 16:00:00
1ba0faf0bfc03922,2026-01-31 22:00:00
b5de30ff5d30458f,2026-01-26 20:00:00
5fd9a8484586ade8,2026-02-14 23:00:00
54f26a8ce20332c5,2026-01-08 03:00:00
daf040279f67dcdb,2026-02-12 21:00:00
7fdb3a2d494f8b88,2026-01-17 02:00:00
dc31403f1d37a0b9,2026-02-08 03:00:00
8f8b139b3e15d08d,2026-02-05 10:00:00
660512bc778549c9,2026-01-31 14:00:00
8605cf0b37415e98,2026-01-22 15:00:00
e2742d2928356ce7,2026-02-02 19:00:00
a69a8ab432e4b636,2026-01-18 13:00:00
0fecaff612236139,2026-01-29 00:00:00
55f83f42b8da37df,2026-01-16 16:00:00
5c37610b78792051,2026-02-04 03:00:00
5e566655567cf5ff,2026-02-09 21:00:00
87b48115d7d7cefc,2026-02-09 19:00:00
bf1b261c02d8c030,2026-01-14 16:00:00
91e654377d58da9d,2026-02-14 15:00:00
6dbe5bc767ced76f,2026-01-09 02:00:00
ce2dafe0decdfa05,2026-01-19 18:00:00
e3a9120c10e47d54,2026-01-07 16:00:00
0e0bf0a366b49c7a,2026-01-01 23:00:00
a89d3116a48af979,2026-01-26 06:00:00
9ab2379a423867a1,2026-02-05 10:00:00
7965b44cefb835aa,2026-01-08 01:00:00
800eb60c17c57057,2026-02-02 12:00:00
92347a9205d4e10a,2026-02-04 13:00:00
496db9025a5dd8b0,2026-01-03 13:00:00
f923f8954b495d65,2026-01-26 06:00:00
3f36dab28f133979,2026-01-10 15:00:00
22dc8bbda61eefbd,2026-01-07 19:00:00
d7bafbda4dc573f7,2026-02-13 07:00:00
664aa0ecac0e2eb4,2026-02-07 01:00:00
0316cd8cf94f3f0a,2026-02-03 13:00:00
a871c73db09e593e,2026-02-14 17:00:00
effcf3d439f3f211,2026-01-01 01:00:00
1ca177253f683705,2026-01-11 02:00:00
491d5d2998dfdbbf,2026-01-04 21:00:00
539dcf6365805493,2026-02-08 12:00:00
b8c8725eaf93360e,2026-02-11 14:00:00
0f173f81f2fc35f9,2026-01-05 20:00:00
a93131f44dbeceb8,2026-02-06 12:00:00
ff742ef00b3c31b7,2026-02-04 14:00:00
bfdae0aa38bd4b8a,2026-01-31 08:00:00
1d35058a7f5c21d2,2026-02-08 18:00:00
68ba0c9a62ab0d65,2026-02-06 14:00:00
ec0e4c5214fc9271,2026-01-06 20:00:00
c99e0b8be68221f1,2026-02-10 01:00:00
a4a86fe722e9d374,2026-02-02 05:00:00
5eaadcd6d5ca21b1,2026-01-15 02:00:00
62a545fb63531c98,2026-01-19 16:00:00
a3509a2e4cba8590,2026-02-14 16:00:00
578dd2fa0c57b8c9,2026-01-08 07:00:00
345970a501deaf18,2026-01-06 20:00:00
c9a93c520ba57942,2026-02-09 15:00:00
16419f5559accdd6,2026-01-17 05:00:00
25b5b290067e0b6f,2026-01-24 15:00:00
07d4421450aedfb1,2026-01-10 03:00:00
e9c56e912f36ca87,2026-02-04 04:00:00
cbb93582af829a2a,2026-01-28 09:00:00
d5474dfd8410411a,2026-02-09 18:00:00
f89cf61883a00c97,2026-02-01 21:00:00
2fb3aa6c79ece57d,2026-01-12 21:00:00
f65e6190dd633f4d,2026-01-02 22:00:00
0b0c4ef131789ab6,2026-02-04 13:00:00
62761cbfab0de9df,2026-01-06 10:00:00
7a2dbd024bdef679,2026-02-11 10:00:00
1e917ac114e372d8,2026-01-16 14:00:00
5814c56898d6c870,2026-01-20 20:00:00
590bed9db6b71f9f,2026-01-18 02:00:00
ae2a8def94fd4c98,2026-02-08 20:00:00
eb8ffb15ddd459a4,2026-01-12 19:00:00
78b2231f46af9c73,2026-02-09 19:00:00
3dda66b229d6e526,2026-02-03 20:00:00
b504892ab850ae76,2026-01-01 02:00:00
970d5f3743531df5,2026-02-04 03:00:00
65e436b56dd5d4d2,2026-01-08 08:00:00
897eebbf3982a496,2026-02-05 18:00:00
b6219bd32555953f,2026-01-20 09:00:00
5cbbcd0a6a1e432d,2026-01-19 21:00:00
6497d11faa313eb4,2026-01-18 18:00:00
8b01f5fdab64d10e,2026-01-31 13:00:00
ee0e1cc556c112ba,2026-01-09 10:00:00
8b1dc39c462ff77f,2026-01-05 21:00:00
ece2d2f78e5da988,2026-01-19 14:00:00
24926519e360f22e,2026-01-13 05:00:00
a40ef48e0e011cac,2026-02-08 06:00:00
405906d90614f5ed,2026-01-24 00:00:00
8844302ee66da0b4,2026-01-15 01:00:00
33ad90cc40531a8c,2026-01-11 02:00:00
a0263cd91738adf8,2026-02-05 20:00:00
bc1eb79e30108c93,2026-02-09 16:00:00
937669731e2a7fd0,2026-01-27 23:00:00
104120587f0e418e,2026-01-03 11:00:00
5ced4bf005babb22,2026-01-04 23:00:00
cd9f8734db3ed6f7,2026-01-17 01:00:00
a506a1bd40db418f,2026-01-13 09:00:00
65ba4becfc4163b3,2026-01-01 07:00:00
52423b74a3136347,2026-01-08 22:00:00
247167aec3c113f5,2026-01-12 03:00:00
dff874b9987f65b0,2026-01-03 18:00:00
2c883507128e63e1,2026-01-24 08:00:00
61962c8151ef840b,2026-02-06 00:00:00
6bf6295b823450e6,2026-01-18 03:00:00
ef4d4e26b6ddb04e,2026-02-14 05:00:00
af02211475e80ad1,2026-02-06 20:00:00
fa858b9b78fbb955,2026-01-20 19:00:00
5d6e68167335c31a,2026-01-11 19:00:00
987a984bc699e79a,2026-01-20 05:00:00
6bbcff0ba085bd9f,2026-01-11 01:00:00
11672f6b77a9a325,2026-01-02 16:00:00
ddb76e6f9695698e,2026-01-19 05:00:00
066a8518dd71b49f,2026-01-26 05:00:00
e78c59b4d8851e3f,2026-02-13 01:00:00
8e321bbe9be5dd76,2026-02-04 15:00:00
e295134e46d7b3a8,2026-01-27 06:00:00
45a4d8b5074e52d7,2026-02-05 05:00:00
17a72e6748fc1469,2026-01-10 19:00:00
25bfe5f0555a2279,2026-01-26 22:00:00
747aac0df5717634,2026-01-09 11:00:00
46a92407782ac7fd,2026-02-12 15:00:00
d2d8b2523a589b9b,2026-01-02 18:00:00
4874e9ad4f1c5607,2026-01-28 06:00:00
1d4f58acc66cb6f6,2026-02-05 04:00:00
423b0f67d5c5f1f0,2026-01-11 10:00:00
78adb0e4f13f424d,2026-01-09 00:00:00
e7af8061af61c35c,2026-01-28 22:00:00
3a6dbb2399c8b39c,2026-01-11 05:00:00
6d5bbb89714ad6a1,2026-01-21 23:00:00
5e79ad37ac8ee7f2,2026-01-20 23:00:00
c103afb4b53b3208,2026-01-17 13:00:00
4ebf2ad1fab8be2a,2026-01-14 08:00:00
6618307a7fce791e,2026-01-11 22:00:00
bdeb9f6979a62714,2026-02-09 12:00:00
2c304e3cc0e123b0,2026-01-08 00:00:00
b55f92b541f5079a,2026-02-12 10:00:00
069f77a25a373d01,2026-02-07 19:00:00
5a85bedde2df2c74,2026-01-05 02:00:00
0f149b2ec6410fc3,2026-01-23 02:00:00
c5b5b202258e0d96,2026-01-12 20:00:00
bf83f7ddfda8a6d4,2026-01-10 09:00:00
1c44541bc0fefef8,2026-02-04 10:00:00
da7cb9d3b1cc5c7b,2026-01-23 03:00:00
aa263c4e7253f580,2026-01-12 11:00:00
d4ca734ad767fc98,2026-01-11 21:00:00
ba00e11dd3f254c6,2026-01-29 02:00:00
85dbf7a464762f94,2026-01-10 11:00:00
8a4b433ea329f4b7,2026-01-03 15:00:00
b6fe6bbc237ba21d,2026-01-05 23:00:00
6d727ae0a3bbf609,2026-01-30 09:00:00
10c99538100d818b,2026-02-05 15:00:00
2469465447c0c4d2,2026-01-02 19:00:00
846c616d69157a47,2026-01-16 04:00:00
3534e270718969e1,2026-01-07 14:00:00
a86ccdbaddc7aba9,2026-02-08 03:00:00
f1bcb0468b3e7fa5,2026-01-03 12:00:00
119a7422512cfa50,2026-01-16 09:00:00
c4a6a82274fbaa67,2026-01-23 14:00:00
9329411924e07f1d,2026-02-02 18:00:00
409d32bb86c2c408,2026-01-06 22:00:00
110057febd60ba92,2026-02-08 21:00:00
17da1d578d0175b6,2026-01-23 03:00:00
869de0f06e675b46,2026-01-18 06:00:00
eda5bbc4c326ca89,2026-01-10 04:00:00
b31e3e46e067d3be,2026-02-09 10:00:00
0ab3d8fc7e6e1f30,2026-01-30 17:00:00
ba9d31f3f0332c60,2026-02-03 23:00:00
2df0f142b9a0197a,2026-01-02 11:00:00
0dc0181c2d69f2be,2026-01-22 06:00:00
a781baa58a5a4a81,2026-01-26 08:00:00
c083d44974505942,2026-02-14 13:00:00
f373ce49c2958cd6,2026-01-18 13:00:00
69715c52b0b6b767,2026-01-21 22:00:00
eab66dcca639feb2,2026-01-07 15:00:00
2510c1c034df022b,2026-01-08 04:00:00
4f1153280a7870f6,2026-01-23 04:00:00
6d0420254422992e,2026-01-30 23:00:00
784a269a7b6bedca,2026-02-05 03:00:00
8fa20cb4d437ced7,2026-01-05 16:00:00
7cd29867b97d14c3,2026-01-03 13:00:00
5bb119e9f0257619,2026-01-12 18:00:00
31699cdccff42fbc,2026-01-21 18:00:00
09b225a25efa94b7,2026-02-13 23:00:00
39ff47ab9a6c9aed,2026-01-21 00:00:00
3b4409997febc3f5,2026-01-29 18:00:00
cdde02097b5cad0d,2026-01-21 12:00:00
02175513dc84d8de,2026-01-09 00:00:00
1f89969eb8be1144,2026-01-17 03:00:00
8c37941f8755e84c,2026-01-16 19:00:00
42926cf8f865239d,2026-02-13 10:00:00
87e5308a5160a1b5,2026-01-06 07:00:00
a6cf069f8656486d,2026-01-15 03:00:00
27a34c2dde9c5be9,2026-01-12 09:00:00
6cd5a9e0bf6f5f5a,2026-01-13 05:00:00
610e0fad9cd8baaf,2026-02-07 00:00:00
af763525abce8587,2026-01-11 16:00:00
dc3d3f295108377f,2026-02-03 20:00:00
2a104d4fa29bef42,2026-01-10 12:00:00
5d44fe20b021787b,2026-01-05 03:00:00
726f9d94df239fdf,2026-01-16 18:00:00
be914d9d3bff85a5,2026-01-06 02:00:00
5b16d06041612f53,2026-01-04 14:00:00
83185487760fe5cb,2026-02-13 02:00:00
11c8e8570a70328e,2026-02-06 18:00:00
b92edabe935af725,2026-01-22 14:00:00
7fa07f7e0a54c040,2026-02-13 00:00:00
d3b56e989ad72e92,2026-01-05 17:00:00
fb184eebb061f707,2026-01-28 13:00:00
e3100eacaa6fee4b,2026-02-13 09:00:00
261377a32478c23d,2026-01-25 03:00:00
c429729a8db24df1,2026-01-15 04:00:00
5ad4a0462b28b8fa,2026-02-07 00:00:00
5086c1ad0d8d9de7,2026-01-21 15:00:00
adbbf946bafedbc2,2026-02-14 22:00:00
b462266ede83d221,2026-01-25 15:00:00
ca89b33472ba5958,2026-02-06 01:00:00
cf315c54292f4069,2026-01-31 15:00:00
03d3be851aaed9a6,2026-01-08 01:00:00
e9899c75ccb21a4d,2026-01-16 04:00:00
9d039115b89bd748,2026-02-10 14:00:00
2c86ac49fcca09a1,2026-01-11 01:00:00
e9c3ab24a33c2fab,2026-01-30 19:00:00
96f0087fb3b3dfd8,2026-01-20 08:00:00
702e8a9fff6eaa1c,2026-01-29 21:00:00
530998dd5997ec94,2026-01-09 12:00:00
95d7c360994cf604,2026-01-11 13:00:00
6d8457b991df1e15,2026-01-05 05:00:00
54c91ffa4d3bdccf,2026-01-31 02:00:00
b2ca8cda6a80c863,2026-01-26 12:00:00
e0abad583e3cdfe4,2026-01-20 18:00:00
5c81f7101e99db22,2026-02-10 16:00:00
a92305a9da33540a,2026-02-08 14:00:00
f149cce1ce378357,2026-02-11 21:00:00
c34ba48c7363cd53,2026-01-31 12:00:00
4a18b32d8ccc8afa,2026-01-16 00:00:00
9d55baa2bbd033bd,2026-01-27 20:00:00
09566972e726a7e0,2026-02-02 17:00:00
f23715e4943a29d8,2026-02-06 08:00:00
991a0dc9f7bcb3ab,2026-02-06 20:00:00
daf6fea2e76fe9aa,2026-02-14 16:00:00
ebdba3c32267469b,2026-02-06 05:00:00
9cd247138870647b,2026-02-07 02:00:00
e749c600369f9610,2026-01-14 03:00:00
76051d0a697486d8,2026-01-20 00:00:00
c057d948b073534e,2026-01-18 09:00:00
2c78c920fc13298b,2026-02-11 14:00:00
1c2771b5566bd622,2026-02-04 01:00:00
06f370708e75991f,2026-01-23 05:00:00
f8ffcbacd8082acc,2026-01-12 00:00:00
50e4f778cdc40d11,2026-01-16 12:00:00
f1cbacc4b57f7553,2026-02-13 09:00:00
fb2a1cf3f621bca6,2026-02-11 17:00:00
7e5d6c62b843829b,2026-01-05 00:00:00
b30fe5f0f102ce74,2026-01-14 18:00:00
76081ffc15b082b7,2026-02-13 09:00:00
791fb771980a4f71,2026-01-21 12:00:00
50213a644a427678,2026-01-12 08:00:00
c77c039768b3ffe9,2026-02-11 16:00:00
f49abc9d5f6e9dd7,2026-01-16 10:00:00
6adc2db143af6347,2026-01-28 14:00:00
3065b847fc1a37ae,2026-02-02 14:00:00
915c973230b9f977,2026-02-08 18:00:00
3074bd6a2e87e99b,2026-01-07 04:00:00
53a493c1a13968b6,2026-01-31 01:00:00
5b98ab52ba33d077,2026-01-13 20:00:00
858c172e56cc8eb2,2026-01-15 03:00:00
749b853b980ddff6,2026-01-19 09:00:00
10a20835a3594c39,2026-01-31 19:00:00
5519d60d19b6ae15,2026-02-02 08:00:00
24fc67dc15bfcccd,2026-01-31 14:00:00
a782477efcaf5fa4,2026-01-16 22:00:00
893a46eef2eb379b,2026-01-06 20:00:00
9649e435eed3dafa,2026-01-16 12:00:00
58e612d4d5791a03,2026-01-13 15:00:00
a0b924c97ffd1572,2026-01-19 17:00:00
7978e413167d063a,2026-02-09 11:00:00
a5f27cbfa60d97a6,2026-02-10 22:00:00
210072acf0047dca,2026-02-14 20:00:00
aeb53dff739692dd,2026-01-31 11:00:00
1cd749249903b495,2026-01-01 17:00:00
fc6653c15a2aaa27,2026-01-10 18:00:00
72d2fecae17a4517,2026-02-13 10:00:00
94c0e2f84628308d,2026-01-13 18:00:00
78ba84ae819c5111,2026-02-01 22:00:00
12b26decee844ba1,2026-01-20 22:00:00
0378e59bd672875f,2026-02-13 13:00:00
0b2488e035cefd69,2026-01-11 10:00:00
4dd9b167421bbc80,2026-02-01 10:00:00
6f24276561d1f630,2026-02-06 18:00:00
5a2ae2c76aa8ea50,2026-02-12 03:00:00
22bf0b4fdafad893,2026-01-11 22:00:00
f896df38784d8e8c,2026-02-08 03:00:00
179bfcf78fcb0b97,2026-01-28 06:00:00
b9196e9ca4aac67d,2026-01-29 02:00:00
a9ae0cff45518754,2026-02-06 08:00:00
7dcec85093443f75,2026-02-09 19:00:00
fe1597c592703c22,2026-02-13 23:00:00
8ae6a752f5bc1e7e,2026-01-20 21:00:00
57f1c8b8197c673d,2026-01-31 18:00:00
4ee573b8a9220d00,2026-01-10 03:00:00
88ae4807d8b72bd5,2026-02-10 11:00:00
673d1f5bf20c9811,2026-02-07 00:00:00
98ad770bf5cea9d6,2026-01-17 19:00:00
44f7142b5cce1524,2026-01-25 12:00:00
83643fe9319696e5,2026-02-12 12:00:00
2345cb37cf6dfd49,2026-02-04 19:00:00
c7fdf9d52f02fade,2026-02-07 07:00:00
680f9e7bb11d05b6,2026-01-06 19:00:00
5a97db939e31ff04,2026-01-28 00:00:00
6017b48aa57ce4ee,2026-01-26 11:00:00
afdbc216cea4a229,2026-02-01 00:00:00
7f1b1407f5a5665b,2026-01-11 14:00:00
29bef0d80c09e477,2026-01-29 03:00:00
5e41f34f90eafe36,2026-02-12 11:00:00
4154f7cedf8628c9,2026-01-30 08:00:00
b43c7b39228f5f4c,2026-01-17 05:00:00
7014531d87616073,2026-01-25 07:00:00
dd3fe0cc76203fc0,2026-02-01 14:00:00
e627cbe95a210c70,2026-02-01 13:00:00
dc84872520a81842,2026-01-15 23:00:00
b67645d1aac88225,2026-01-10 13:00:00
17acffc176866931,2026-02-01 10:00:00
04b2dd7e2a33aae1,2026-01-20 12:00:00
680efb69c20fd89e,2026-01-23 20:00:00
b360288568225402,2026-01-16 02:00:00
ed80f3f2baffface,2026-01-04 17:00:00
fad250b96ed27963,2026-01-12 19:00:00
0596cbdbecafd0d2,2026-01-11 11:00:00
6362f33a2d08169c,2026-01-24 13:00:00
ee80b7bdc2f5fba9,2026-01-09 10:00:00
980af25fcd5d9ec4,2026-01-15 15:00:00
2111bb92757fcc90,2026-01-23 10:00:00
e6244bad02282499,2026-02-03 20:00:00
81f42e91a3e9f46f,2026-01-30 07:00:00
33152e909a8bd875,2026-02-14 02:00:00
f9d67616e4ad9682,2026-01-07 06:00:00
ee6fb980b5b3a0bc,2026-01-21 12:00:00
8d8a6d1667894796,2026-01-07 13:00:00
bec3a499b0b5af30,2026-01-28 19:00:00
7390bfd56e2a7003,2026-02-12 16:00:00
4c621e10855eb80a,2026-02-11 22:00:00
f10c3f1df7fba50c,2026-01-14 06:00:00
d0d9c9211f982c72,2026-01-11 00:00:00
411db6c9bed72b4f,2026-02-12 09:00:00
449926e9d3700437,2026-01-18 15:00:00
4df5b62400d70acf,2026-01-28 12:00:00
2441c5e0398fbb33,2026-02-08 18:00:00
35b395196a0548f1,2026-01-16 00:00:00
f667406ff28ebff5,2026-01-17 23:00:00
a3a298f5263dc173,2026-02-04 09:00:00
f477e3ee98ffd091,2026-01-31 19:00:00
bde9cd014485407a,2026-02-06 18:00:00
6c1be52a6937a5f3,2026-01-02 16:00:00
66e687f35415d3bb,2026-01-31 16:00:00
6ee2f12d1e6e7658,2026-01-03 04:00:00
f0aa0a2e17ade4dc,2026-01-25 04:00:00
2e9195b0462fbdb2,2026-01-01 12:00:00
372dfe8b156a2b08,2026-01-29 20:00:00
2432c88a206ccf79,2026-01-30 08:00:00
d901dd997a26d7e4,2026-02-09 23:00:00
947bbead05a122ac,2026-02-05 15:00:00
7bd83f817e50d879,2026-01-12 20:00:00
989e28d050a9a221,2026-02-06 06:00:00
6735e0d311436258,2026-01-22 01:00:00
38d914195fb82936,2026-01-20 10:00:00
198a2ad2f51b4f9b,2026-01-27 21:00:00
a6b988d972cd2606,2026-01-05 06:00:00
59637559bf0c4915,2026-01-22 03:00:00
8e93d31f7626627b,2026-01-19 02:00:00
89db36dbdf112640,2026-02-03 06:00:00
0eb7e72c6fca95b2,2026-01-17 19:00:00
9388e5efdf798b4d,2026-01-14 00:00:00
ba781154714a6dcb,2026-02-04 09:00:00
152668f0becca507,2026-01-11 22:00:00
aae7ac599ee16990,2026-01-31 14:00:00
2ef9eecaa7f62330,2026-01-29 07:00:00
c5f5138f4dfd9568,2026-01-30 11:00:00
63f2f63885905ba0,2026-01-29 03:00:00
139b39498f11fc96,2026-01-20 01:00:00
dea1db4891c261ec,2026-01-14 15:00:00
7456af8eb2522f32,2026-01-13 15:00:00
b742e6ba524168ef,2026-01-19 11:00:00
1d696fb43d259f3b,2026-01-15 12:00:00
90cab0cb91b0428e,2026-01-08 16:00:00
03efa15738dacc7a,2026-02-10 19:00:00
533e494e8cd7df32,2026-02-14 03:00:00
30b49cbe263325a5,2026-01-12 10:00:00
abb3031b3cec86db,2026-01-09 23:00:00
bfd799b32c863639,2026-02-04 22:00:00
8329adbd1a02e63a,2026-01-09 08:00:00
6f68ba228b380633,2026-01-20 16:00:00
2739e9233e705501,2026-01-31 21:00:00
ee175f3bfed81cbc,2026-02-14 21:00:00
45490607270e1a37,2026-01-28 03:00:00
14e276bed970f609,2026-01-26 04:00:00
18c91e0771bbf399,2026-02-14 21:00:00
dec1c272b34f33be,2026-01-24 08:00:00
ee233b75c0ff1fc5,2026-01-17 23:00:00
d071a472d48fa482,2026-02-13 08:00:00
2003cfaafc2fd58a,2026-01-22 04:00:00
2c2d1f2d4a1de1ee,2026-01-23 17:00:00
96049645cf5cd752,2026-01-07 03:00:00
7d4e2b539a6dc3a9,2026-01-18 17:00:00
a0b2f098a55fe095,2026-01-03 05:00:00
ffe3551568dc398f,2026-01-18 06:00:00
103e798fded47187,2026-02-02 21:00:00
ab66323366fed4ed,2026-01-22 19:00:00
974b84bbbcadab0a,2026-01-14 17:00:00
0eb91e183affda29,2026-01-06 04:00:00
cf872e57ac74eb60,2026-02-12 23:00:00
7460da16ebf72750,2026-01-29 00:00:00
c35d0e9e5b587dc1,2026-01-01 20:00:00
c9ef318464996b85,2026-01-18 09:00:00
64253f9e90435557,2026-02-02 03:00:00
1760d8527b6cc0dd,2026-01-05 07:00:00
081d099267b8c874,2026-01-18 02:00:00
62be24d7ab678f71,2026-01-12 19:00:00
8aff5a750310aced,2026-02-11 08:00:00
c4dfe4b5ed5623d6,2026-02-07 14:00:00
9a3484e739f977bb,2026-01-09 07:00:00
eda4e8d6be33c08f,2026-01-23 22:00:00
0d52bcd35984aadc,2026-02-11 14:00:00
6b6b08137bc803c6,2026-01-27 14:00:00
583918d94087854c,2026-01-25 17:00:00
8e393aa21ef177c1,2026-01-20 05:00:00
b40d51da581d9d73,2026-01-07 06:00:00
07c0fe4ef294dbe0,2026-01-17 16:00:00
d76869c1ce575f68,2026-02-11 05:00:00
695d137bf8189397,2026-01-13 02:00:00
ff048eac93426f42,2026-01-24 07:00:00
ea3fd918a251adbd,2026-01-21 15:00:00
8d49b0c7f71a3f9f,2026-02-10 01:00:00
d552ff6c11e5f911,2026-01-22 02:00:00
9280ac555b82a468,2026-01-15 12:00:00
e8d0e0a05325c3da,2026-02-10 13:00:00
abd57271d14546cb,2026-01-30 23:00:00
ba2828a0ec2ac4e7,2026-01-28 20:00:00
3fab92bd895ac31f,2026-01-21 14:00:00
96da8208a4591b67,2026-02-08 23:00:00
4535e56ebc0de516,2026-01-25 09:00:00
e778d51187f1a9f6,2026-01-27 15:00:00
9c81624e96ed7361,2026-01-14 03:00:00
7a6e992d602fd6e4,2026-01-13 13:00:00
4eb717c4470eda0f,2026-01-19 21:00:00
cab7f5a6e0590f39,2026-01-25 00:00:00
e73ce9931d1dabe8,2026-02-03 06:00:00
ca195855b84375be,2026-02-03 01:00:00
918c44821cf0d033,2026-01-07 21:00:00
655e747f8439a830,2026-01-26 09:00:00
bc64577ed4279c31,2026-01-07 07:00:00
9759f774f9c87785,2026-01-02 23:00:00
f2a20511130c286c,2026-01-27 15:00:00
570d654b8ab6e7ea,2026-02-08 08:00:00
15bee795b81947f9,2026-01-13 02:00:00
8f8949587a198a02,2026-01-17 11:00:00
e1574420e412e46e,2026-02-06 15:00:00
e32877a34c36ed44,2026-01-05 13:00:00
d7dcc01c16405f4c,2026-01-11 05:00:00
47e3b427603c253e,2026-02-04 02:00:00
f0566ea84b2eff3f,2026-01-05 09:00:00
32a154c22c1e4023,2026-02-02 02:00:00
82169d828b15b5af,2026-02-10 08:00:00
de527cfa72405716,2026-01-09 10:00:00
1fce320db089e65e,2026-01-01 06:00:00
b3e1f0fd7c1603b2,2026-01-04 16:00:00
16376f0905a96d66,2026-01-07 10:00:00
d356fd0531023194,2026-01-16 00:00:00
7225e901618e1881,2026-01-21 02:00:00
6052ec2b427d74de,2026-01-11 15:00:00
6e9ba2c12a02e3e8,2026-01-30 17:00:00
d98915d1577be7ba,2026-02-10 10:00:00
5f8506cc5610edcd,2026-01-29 02:00:00
f327515d8665bd70,2026-01-06 22:00:00
d059e906a35b2342,2026-01-22 07:00:00
1d05c23618036208,2026-01-05 03:00:00
6bf2d7c71ffc8071,2026-01-05 10:00:00
6b8179cafc511c29,2026-01-12 16:00:00
97c36cd4211e117e,2026-01-21 01:00:00
f3ad22c50c400094,2026-02-01 20:00:00
18be403d7ff175ed,2026-01-10 03:00:00
4375722cf59becff,2026-02-05 04:00:00
a877e52543dd0645,2026-02-13 23:00:00
4d483527471eed03,2026-01-13 06:00:00
57e03b1d673ccd33,2026-01-31 13:00:00
c65ffb97935927d1,2026-02-07 00:00:00
91eb44aba420d2a2,2026-01-31 19:00:00
8e96db2c0efd34c1,2026-01-17 16:00:00
00ade6eb3ac1361e,2026-01-04 09:00:00
1ba115fa5dcea956,2026-01-07 18:00:00
56799d4f73db4a75,2026-01-11 00:00:00
9c36506f010efc4f,2026-02-06 04:00:00
a680e047cc6fe2a3,2026-01-21 11:00:00
ac52dd619cf18fc7,2026-01-20 11:00:00
b487cb6ea6080caa,2026-01-17 10:00:00
327306367a5a362c,2026-02-14 13:00:00
befbce8c79bed211,2026-01-19 17:00:00
009f1d5464ba2f0c,2026-01-22 02:00:00
6dd656a4bd9854b9,2026-01-10 20:00:00
27e8dceba52b0926,2026-01-13 21:00:00
2a52b55e62d1546f,2026-01-25 14:00:00
7618d0e8176b8fa9,2026-01-22 16:00:00
c05bd23367e0228b,2026-01-04 19:00:00
2d86fc6d2afde099,2026-01-20 19:00:00
b8eb799fae3df77f,2026-01-29 07:00:00
d001448212491a06,2026-01-01 06:00:00
d5859934fa829347,2026-01-19 04:00:00
ba461e41adf26931,2026-01-14 08:00:00
34647f23e878de20,2026-02-06 20:00:00
13deef628a88ddca,2026-02-10 20:00:00
cfafdb2b6e606912,2026-02-02 13:00:00
f43e0e78faa41771,2026-02-12 20:00:00
c77a78a62895c9f9,2026-02-01 06:00:00
f7e08cd6b0ad1b9e,2026-02-09 16:00:00
7550e2353bfd7828,2026-02-09 01:00:00
4dcb30a15b3c473d,2026-01-14 08:00:00
a1b8f98167eead54,2026-01-01 06:00:00
1799277d21735066,2026-01-01 17:00:00
ace2179a6f529e39,2026-02-11 05:00:00
529db30284a9bb58,2026-01-29 06:00:00
4d543223fd8aaceb,2026-02-07 13:00:00
f0f5cd5959432755,2026-01-04 08:00:00
8d7cb6d339fa9a5b,2026-01-24 12:00:00
b35971e39355110a,2026-01-01 06:00:00
4e28025fda945ce4,2026-02-01 10:00:00
b987aa1951fc86fc,2026-01-13 08:00:00
a850182eef0fb2c4,2026-01-30 22:00:00
3350c79aa81df65d,2026-02-03 22:00:00
73793022d93f7949,2026-02-08 15:00:00
04f303b8df66fcf7,2026-01-31 13:00:00
7e7d4ceba72da93a,2026-02-01 13:00:00
a72a777c028ef340,2026-02-12 15:00:00
074ff9d750532550,2026-01-10 13:00:00
0ce8281af543c3f1,2026-01-08 06:00:00
260e889a55eeaa5c,2026-01-02 04:00:00
495dded3fd2c310f,2026-01-12 14:00:00
17a73d3bd9f7b57f,2026-01-29 06:00:00
f04aeb096fb53a6d,2026-01-24 14:00:00
0acd32afc2489989,2026-02-02 15:00:00
0f1f3a4fc9c78ba8,2026-01-04 08:00:00
41f2f82c0622203b,2026-02-11 11:00:00
d595a6f17f4ce73c,2026-01-14 04:00:00
75de1f6865b0ce8d,2026-01-13 23:00:00
3baa7d0411bd5cea,2026-02-10 01:00:00
c3d8723242b9310e,2026-01-15 02:00:00
15f95378efa52556,2026-02-13 23:00:00
0dfe868e774f9871,2026-01-26 08:00:00
c04b7c0ade52e4b9,2026-01-09 01:00:00
c43fe9ea5203ba46,2026-02-09 14:00:00
71e830c28b925fbb,2026-01-30 15:00:00
c5ff77cd62461ba9,2026-01-27 08:00:00
d28e6af82cc7f4cf,2026-01-09 18:00:00
16325bca00b3a1cb,2026-02-13 04:00:00
b77ab98dee817cbf,2026-02-07 11:00:00
a699c518556aa325,2026-01-20 07:00:00
a300f7bff1091474,2026-01-16 02:00:00
a6d30a113116fa0b,2026-02-10 13:00:00
a31fa74c4bfc4fe5,2026-02-09 01:00:00
56b4c8ae6e037c6e,2026-01-30 14:00:00
505e6314562c8c95,2026-02-06 13:57:00
289b656f163b15b5,2026-02-08 08:17:00
a5ebab2b7366ec2a,2026-02-13 09:33:00
6d6ca95b39e0e244,2026-02-14 12:14:00
60905d5a81711c54,2026-02-18 12:06:00
753999e363fee465,2026-02-09 06:56:00
d72f2ba06692c952,2026-02-11 11:14:00
d9bfce5cbf77fb51,2026-02-18 13:55:00
757ed589712e668f,2026-02-16 09:43:00
157c16566ba64cfd,2026-02-10 12:08:00
022a91fecb75be05,2026-02-06 18:04:00
fce729ee7edfe9a7,2026-02-08 22:00:00
6ffb29287c3f0c2a,2026-02-14 07:59:00
eb120921ffe4c253,2026-02-01 16:24:00
6d67ea3569316bcd,2026-02-14 10:50:00
3fbb23a11bc5a5ef,2026-02-16 22:00:00
72d81c9d5b8f0f7e,2026-02-06 15:09:00
07c20ca3b281e7ae,2026-02-11 16:05:00
7d2706aebdab8266,2026-02-12 12:41:00
7098b8b9a30b88ac,2026-02-11 15:00:00
b3617037ad917ac5,2026-02-02 12:48:00
db6dc7d1e2acdfd6,2026-02-14 12:43:00
543dcbc8a69a0c23,2026-02-04 10:56:00
2e7f7789a0d30d56,2026-02-11 15:41:00
f86f0274bf22f69f,2026-02-17 12:17:00
1996629ead6e7ba8,2026-02-12 05:23:00
a886dcb0057d242e,2026-02-05 19:25:00
65fccbf5b96b12d3,2026-02-13 15:21:00
a0a0115bd5e7d87c,2026-02-10 18:23:00
1bb9c9536888277c,2026-02-14 15:30:00
ba9b5db391e680ae,2026-02-18 10:35:00
4354cfcea593e4a0,2026-02-16 22:00:00
46977c896d8d31f3,2026-02-19 10:30:00
39b73e20cebe2d54,2026-02-13 12:13:00
4b86c130e869f454,2026-02-10 06:42:00
a6993218ca3f9252,2026-02-11 13:09:00
67ff95208510c7d8,2026-02-13 13:22:00
230a82090ba04daf,2026-02-11 14:17:00
0a3eba68987b9e40,2026-02-15 05:16:00
20a0454d336be24e,2026-01-31 12:37:00
e7bf38d775df070d,2026-02-19 20:45:00
4690e59013a5af93,2026-02-08 05:08:00
c15ae72443848200,2026-02-13 17:12:00
d1f5e9d9c1835866,2026-02-10 14:18:00
48233227adb36f81,2026-02-16 09:50:00
545f7f3a425ab485,2026-02-09 12:45:00
566d88e3a760fae1,2026-02-18 14:57:00
db9c0a3f65c6bc9c,2026-02-14 14:24:00
4011f433c0b73f48,2026-02-15 15:43:00
d91247c863face36,2026-02-16 21:18:00
24358cd55cd42b0e,2026-02-11 13:04:00
3dfafc4ac676f12f,2026-02-14 11:45:00
0bf2a3169b8602cb,2026-02-18 11:14:00
f349c1f2c3ae61b6,2026-02-14 07:36:00
645e2af51ac681c7,2026-02-16 10:40:00
18f34d6170d4d1c4,2026-02-13 08:01:00
48501f31f1729b05,2026-02-18 14:36:00
54d64003d3c88f32,2026-02-19 16:07:00
6ccac4d6586f4eb4,2026-02-12 15:18:00
de5ebeef8918e006,2026-02-18 16:30:00
9f4c66eabc787ae2,2026-02-09 10:02:00
c7e955620690b381,2026-02-19 12:25:00
d04748e526b698de,2026-02-13 17:05:00
c9ae7cf180b9edb5,2026-02-07 18:18:00
992d2ee99bc620b8,2026-02-16 22:00:00
c0218a326d28c25a,2026-02-19 08:06:00
8963cd9402b8553f,2026-02-19 10:35:00
adb5072b21347be9,2026-02-19 13:25:00
3db8a806e13ad731,2026-02-18 17:32:00
04bddf92948d17cd,2026-02-16 11:18:00
bcfb681ae7adbe08,2026-02-18 12:51:00
f32238cf45ca94f8,2026-02-19 13:08:00
fb80eb6068c4b37e,2026-02-17 09:09:00
4c3479815a115fac,2026-02-05 22:00:00
7c057a85c01d8ded,2026-02-03 13:22:00
3d62a994f77449b7,2026-02-16 22:00:00
b7e611b835936698,2026-01-26 16:36:00
23593a7ed2124c80,2026-02-17 08:20:00
f8aa8ecd7ab483f5,2026-02-13 08:25:00
d2e6c131a99a33cd,2026-02-08 12:59:00
9f5c34bfaa462578,2026-02-15 09:51:00
686a10f43d6ff454,2026-02-16 22:00:00
f328b911646dbc8e,2026-02-06 14:02:00
36af0ec207bd5aa8,2026-02-09 05:07:00
a784a9b61960006a,2026-02-11 12:03:00
e043bc97730a1296,2026-02-10 10:46:00
a23fb816ba02a9dc,2026-02-08 10:51:00
5c6abbdf97ec447e,2026-02-18 14:37:00
b63aa18ffef3d5eb,2026-02-13 11:40:00
588dbb648f625bef,2026-02-04 06:35:00
1d10479bf977456d,2026-02-03 22:00:00
9e3a8f23cd02be46,2026-02-12 15:51:00
fa0e8f563ab76c83,2026-02-09 10:14:00
0c9ad596b075cfcc,2026-01-31 15:52:00
d14696ccb926840a,2026-02-05 11:23:00
9128bf2421e7d1fe,2026-02-09 17:41:00
2ce74d0bcb65f18c,2026-01-29 12:57:00
959a04e18b1031e8,2026-02-10 09:30:00
a564b8f4ae6d48ed,2026-02-10 06:22:00
dd9576aeb1e3b523,2026-02-13 11:01:00
a2394e20e7c08117,2026-02-06 10:54:00
b01b8897f9aae978,2026-02-13 13:35:00
6c5b4c5e546603d4,2026-02-16 14:20:00
d9038ab2acc3ae22,2026-02-16 22:00:00
a3fd35aa61bcfbce,2026-02-16 15:05:00
c3ea064aff4737dd,2026-02-14 08:45:00
529704148460ac52,2026-02-05 08:21:00
747349ab447cb921,2026-02-08 10:22:00
9d37d27af97a839e,2026-01-29 08:54:00
51b1f4fe2c97073f,2026-02-14 10:40:00
5d39f5e8d2d7b31f,2026-02-14 10:10:00
50d42ff937c2d551,2026-02-19 19:44:00
2d406a42b852d164,2026-02-05 13:22:00
c77aaa75ab221cb2,2026-02-13 11:56:00
6fca971b2a6a5944,2026-02-10 11:53:00
d959fabf0e88ee62,2026-02-10 11:44:00
8eff97adf7767b5b,2026-02-09 09:10:00
47f005f3dd2e777e,2026-02-19 16:52:00
9cd75685ef699bc4,2026-02-05 12:24:00
1ea32cdecf90361f,2026-02-11 10:48:00
046fb3ec9b726368,2026-02-10 07:57:00
bb48094fe1d78db3,2026-02-14 13:03:00
b783909c13831cb6,2026-02-12 06:28:00
732fdb479b411ad7,2026-02-16 11:55:00
5d4a7efd4ce5baa5,2026-02-18 11:33:00
2e6a07fdf85c72e4,2026-02-19 13:26:00
6198b16a035cdad4,2026-02-15 13:51:00
81eb99abaaef8a6c,2026-02-15 10:46:00
c8fb4bfebe7a5e9b,2026-02-15 12:31:00
1199fac5f44e42e8,2026-02-08 18:59:00
e30d10f76a33c702,2026-02-13 11:37:00
97e363a9553fc561,2026-02-10 14:50:00
e472286c2f503bd6,2026-02-16 08:45:00
a089a65108955fca,2026-02-08 09:24:00
95ee0e26a67aaac8,2026-02-04 22:00:00
14d3944c579f50f8,2026-02-16 22:00:00
3c64af45b3f6bc43,2026-02-06 09:27:00
21801505d5915aa9,2026-02-18 16:59:00
7e02368b44e439e1,2026-02-15 07:43:00
88d22115e0f145d5,2026-02-13 10:58:00
