account_id,community_id
A000000,66
A000001,52
A000002,207
A000003,20
A000004,208
A000005,22
A000006,15
A000007,53
A000008,9
A000009,209
A000010,56
A000011,3
A000012,5
A000013,48
A000014,11
A000015,12
A000016,59
A000017,91
A000018,9
A000019,28
A000020,46
A000021,210
A000022,79
A000023,18
A000024,17
A000025,15
A000026,71
A000027,40
A000028,23
A000029,101
A000030,26
A000031,66
A000032,211
A000033,61
A000034,34
A000035,212
A000036,21
A000037,18
A000038,27
A000039,48
A000040,28
A000041,32
A000042,213
A000043,214
A000044,67
A000045,8
A000046,9
A000047,88
A000048,215
A000049,216
A000050,98
A000051,22
A000052,10
A000053,3
A000054,74
A000055,217
A000056,16
A000057,24
A000058,69
A000059,218
A000060,9
A000061,11
A000062,46
A000063,85
A000064,43
A000065,219
A000066,59
A000067,39
A000068,31
A000069,35
A000070,19
A000071,81
A000072,87
A000073,25
A000074,220
A000075,30
A000076,0
A000077,8
A000078,44
A000079,41
A000080,32
A000081,221
A000082,222
A000083,223
A000084,74
A000085,224
A000086,225
A000087,2
A000088,98
A000089,49
A000090,13
A000091,1
A000092,32
A000093,82
A000094,11
A000095,2
A000096,12
A000097,18
A000098,75
A000099,45
A000100,40
A000101,31
A000102,31
A000103,15
A000104,2
A000105,101
A000106,40
A000107,226
A000108,227
A000109,45
A000110,39
A000111,86
A000112,63
A000113,54
A000114,10
A000115,26
A000116,228
A000117,1
A000118,46
A000119,28
A000120,0
A000121,71
A000122,229
A000123,23
A000124,28
A000125,50
A000126,230
A000127,16
A000128,42
A000129,49
A000130,14
A000131,71
A000132,4
A000133,231
A000134,11
A000135,58
A000136,0
A000137,89
A000138,232
A000139,2
A000140,54
A000141,51
A000142,67
A000143,2
A000144,64
A000145,24
A000146,94
A000147,20
A000148,51
A000149,5
A000150,42
A000151,31
A000152,1
A000153,7
A000154,80
A000155,40
A000156,4
A000157,33
A000158,11
A000159,17
A000160,59
A000161,233
A000162,96
A000163,3
A000164,78
A000165,48
A000166,50
A000167,57
A000168,34
A000169,77
A000170,11
A000171,60
A000172,91
A000173,28
A000174,24
A000175,82
A000176,23
A000177,81
A000178,0
A000179,52
A000180,8
A000181,3
A000182,21
A000183,28
A000184,234
A000185,86
A000186,17
A000187,56
A000188,14
A000189,64
A000190,61
A000191,8
A000192,73
A000193,70
A000194,32
A000195,235
A000196,117
A000197,5
A000198,3
A000199,1
A000200,236
A000201,10
A000202,8
A000203,6
A000204,55
A000205,44
A000206,237
A000207,7
A000208,76
A000209,78
A000210,8
A000211,68
A000212,35
A000213,0
A000214,70
A000215,10
A000216,65
A000217,59
A000218,238
A000219,1
A000220,49
A000221,8
A000222,21
A000223,60
A000224,31
A000225,67
A000226,17
A000227,6
A000228,239
A000229,240
A000230,34
A000231,22
A000232,22
A000233,79
A000234,69
A000235,1
A000236,39
A000237,63
A000238,41
A000239,13
A000240,28
A000241,241
A000242,81
A000243,49
A000244,7
A000245,93
A000246,96
A000247,49
A000248,100
A000249,242
A000250,243
A000251,244
A000252,20
A000253,25
A000254,47
A000255,71
A000256,97
A000257,48
A000258,22
A000259,245
A000260,41
A000261,10
A000262,246
A000263,68
A000264,78
A000265,30
A000266,39
A000267,247
A000268,42
A000269,85
A000270,60
A000271,63
A000272,12
A000273,36
A000274,40
A000275,248
A000276,19
A000277,28
A000278,45
A000279,72
A000280,249
A000281,19
A000282,1
A000283,51
A000284,61
A000285,46
A000286,75
A000287,2
A000288,23
A000289,48
A000290,250
A000291,45
A000292,88
A000293,34
A000294,40
A000295,251
A000296,76
A000297,90
A000298,6
A000299,58
A000300,252
A000301,5
A000302,253
A000303,2
A000304,69
A000305,89
A000306,9
A000307,76
A000308,15
A000309,2
A000310,254
A000311,255
A000312,18
A000313,12
A000314,101
A000315,6
A000316,33
A000317,9
A000318,73
A000319,51
A000320,83
A000321,73
A000322,256
A000323,257
A000324,87
A000325,258
A000326,259
A000327,260
A000328,43
A000329,21
A000330,261
A000331,79
A000332,33
A000333,12
A000334,44
A000335,57
A000336,24
A000337,60
A000338,262
A000339,35
A000340,60
A000341,39
A000342,52
A000343,263
A000344,48
A000345,44
A000346,11
A000347,81
A000348,7
A000349,53
A000350,76
A000351,87
A000352,58
A000353,84
A000354,264
A000355,64
A000356,265
A000357,266
A000358,0
A000359,12
A000360,52
A000361,267
A000362,76
A000363,94
A000364,268
A000365,269
A000366,20
A000367,37
A000368,35
A000369,25
A000370,5
A000371,16
A000372,270
A000373,20
A000374,95
A000375,271
A000376,272
A000377,48
A000378,59
A000379,16
A000380,91
A000381,84
A000382,25
A000383,63
A000384,54
A000385,50
A000386,273
A000387,8
A000388,12
A000389,95
A000390,22
A000391,39
A000392,34
A000393,42
A000394,51
A000395,60
A000396,34
A000397,71
A000398,45
A000399,26
A000400,19
A000401,36
A000402,45
A000403,274
A000404,6
A000405,27
A000406,19
A000407,7
A000408,10
A000409,46
A000410,275
A000411,276
A000412,38
A000413,45
A000414,277
A000415,21
A000416,26
A000417,278
A000418,60
A000419,26
A000420,5
A000421,11
A000422,0
A000423,11
A000424,10
A000425,42
A000426,279
A000427,280
A000428,118
A000429,55
A000430,72
A000431,44
A000432,46
A000433,281
A000434,76
A000435,11
A000436,33
A000437,15
A000438,91
A000439,282
A000440,283
A000441,89
A000442,5
A000443,31
A000444,30
A000445,284
A000446,99
A000447,60
A000448,30
A000449,285
A000450,0
A000451,37
A000452,96
A000453,3
A000454,27
A000455,7
A000456,12
A000457,80
A000458,62
A000459,58
A000460,79
A000461,99
A000462,286
A000463,21
A000464,53
A000465,1
A000466,1
A000467,287
A000468,36
A000469,0
A000470,21
A000471,288
A000472,71
A000473,289
A000474,9
A000475,290
A000476,53
A000477,16
A000478,43
A000479,291
A000480,79
A000481,7
A000482,5
A000483,14
A000484,86
A000485,27
A000486,31
A000487,94
A000488,51
A000489,43
A000490,8
A000491,0
A000492,55
A000493,6
A000494,45
A000495,93
A000496,7
A000497,292
A000498,10
A000499,30
A000500,40
A000501,42
A000502,17
A000503,2
A000504,44
A000505,3
A000506,17
A000507,70
A000508,40
A000509,38
A000510,84
A000511,52
A000512,24
A000513,23
A000514,52
A000515,10
A000516,3
A000517,11
A000518,26
A000519,63
A000520,85
A000521,58
A000522,293
A000523,16
A000524,294
A000525,78
A000526,76
A000527,52
A000528,13
A000529,47
A000530,16
A000531,69
A000532,81
A000533,86
A000534,295
A000535,54
A000536,296
A000537,1
A000538,119
A000539,44
A000540,97
A000541,74
A000542,297
A000543,16
A000544,298
A000545,10
A000546,24
A000547,10
A000548,120
A000549,28
A000550,18
A000551,27
A000552,72
A000553,16
A000554,9
A000555,82
A000556,299
A000557,78
A000558,0
A000559,300
A000560,301
A000561,26
A000562,20
A000563,22
A000564,26
A000565,302
A000566,70
A000567,303
A000568,304
A000569,32
A000570,7
A000571,64
A000572,20
A000573,21
A000574,97
A000575,53
A000576,9
A000577,305
A000578,52
A000579,43
A000580,1
A000581,30
A000582,1
A000583,306
A000584,5
A000585,307
A000586,308
A000587,35
A000588,73
A000589,309
A000590,14
A000591,85
A000592,14
A000593,37
A000594,310
A000595,19
A000596,37
A000597,29
A000598,17
A000599,28
A000600,67
A000601,21
A000602,311
A000603,312
A000604,85
A000605,5
A000606,79
A000607,49
A000608,79
A000609,2
A000610,2
A000611,55
A000612,47
A000613,56
A000614,313
A000615,314
A000616,72
A000617,8
A000618,30
A000619,65
A000620,39
A000621,0
A000622,74
A000623,20
A000624,51
A000625,6
A000626,19
A000627,315
A000628,25
A000629,24
A000630,84
A000631,63
A000632,23
A000633,64
A000634,17
A000635,72
A000636,42
A000637,33
A000638,83
A000639,13
A000640,58
A000641,41
A000642,3
A000643,28
A000644,65
A000645,30
A000646,99
A000647,35
A000648,69
A000649,51
A000650,99
A000651,25
A000652,58
A000653,6
A000654,42
A000655,43
A000656,316
A000657,317
A000658,318
A000659,54
A000660,53
A000661,319
A000662,320
A000663,321
A000664,2
A000665,84
A000666,21
A000667,52
A000668,322
A000669,60
A000670,1
A000671,83
A000672,20
A000673,323
A000674,82
A000675,90
A000676,67
A000677,64
A000678,22
A000679,27
A000680,5
A000681,6
A000682,7
A000683,64
A000684,33
A000685,4
A000686,324
A000687,9
A000688,1
A000689,4
A000690,20
A000691,94
A000692,18
A000693,48
A000694,45
A000695,17
A000696,21
A000697,325
A000698,326
A000699,327
A000700,41
A000701,328
A000702,72
A000703,329
A000704,53
A000705,22
A000706,10
A000707,28
A000708,37
A000709,67
A000710,19
A000711,56
A000712,20
A000713,330
A000714,59
A000715,26
A000716,53
A000717,331
A000718,42
A000719,79
A000720,332
A000721,58
A000722,333
A000723,30
A000724,12
A000725,334
A000726,14
A000727,85
A000728,77
A000729,57
A000730,121
A000731,49
A000732,49
A000733,63
A000734,335
A000735,25
A000736,336
A000737,40
A000738,1
A000739,26
A000740,12
A000741,70
A000742,337
A000743,20
A000744,1
A000745,91
A000746,55
A000747,3
A000748,338
A000749,339
A000750,44
A000751,10
A000752,9
A000753,86
A000754,340
A000755,14
A000756,50
A000757,341
A000758,342
A000759,94
A000760,15
A000761,89
A000762,1
A000763,343
A000764,36
A000765,344
A000766,79
A000767,60
A000768,22
A000769,62
A000770,5
A000771,84
A000772,60
A000773,345
A000774,31
A000775,19
A000776,11
A000777,6
A000778,47
A000779,45
A000780,2
A000781,77
A000782,9
A000783,41
A000784,346
A000785,347
A000786,18
A000787,348
A000788,49
A000789,57
A000790,49
A000791,81
A000792,63
A000793,29
A000794,98
A000795,51
A000796,74
A000797,82
A000798,11
A000799,20
A000800,32
A000801,94
A000802,20
A000803,45
A000804,47
A000805,2
A000806,349
A000807,35
A000808,53
A000809,24
A000810,350
A000811,5
A000812,351
A000813,70
A000814,45
A000815,352
A000816,54
A000817,85
A000818,353
A000819,4
A000820,39
A000821,77
A000822,354
A000823,42
A000824,30
A000825,20
A000826,44
A000827,49
A000828,67
A000829,9
A000830,355
A000831,356
A000832,30
A000833,357
A000834,96
A000835,358
A000836,54
A000837,2
A000838,24
A000839,359
A000840,360
A000841,34
A000842,79
A000843,101
A000844,361
A000845,362
A000846,76
A000847,55
A000848,11
A000849,96
A000850,31
A000851,65
A000852,57
A000853,363
A000854,39
A000855,36
A000856,72
A000857,39
A000858,17
A000859,1
A000860,101
A000861,67
A000862,364
A000863,16
A000864,365
A000865,16
A000866,366
A000867,16
A000868,367
A000869,26
A000870,9
A000871,68
A000872,45
A000873,84
A000874,368
A000875,17
A000876,369
A000877,6
A000878,63
A000879,11
A000880,8
A000881,370
A000882,10
A000883,371
A000884,75
A000885,5
A000886,372
A000887,78
A000888,6
A000889,373
A000890,61
A000891,55
A000892,30
A000893,374
A000894,375
A000895,5
A000896,47
A000897,376
A000898,33
A000899,81
A000900,103
A000901,1
A000902,30
A000903,78
A000904,90
A000905,74
A000906,377
A000907,63
A000908,5
A000909,31
A000910,378
A000911,49
A000912,73
A000913,5
A000914,96
A000915,90
A000916,122
A000917,27
A000918,24
A000919,8
A000920,379
A000921,2
A000922,83
A000923,380
A000924,75
A000925,14
A000926,31
A000927,381
A000928,78
A000929,43
A000930,76
A000931,12
A000932,382
A000933,41
A000934,57
A000935,383
A000936,22
A000937,61
A000938,70
A000939,22
A000940,1
A000941,35
A000942,70
A000943,47
A000944,28
A000945,40
A000946,39
A000947,25
A000948,384
A000949,57
A000950,29
A000951,68
A000952,3
A000953,66
A000954,385
A000955,386
A000956,20
A000957,70
A000958,98
A000959,387
A000960,388
A000961,101
A000962,13
A000963,13
A000964,389
A000965,39
A000966,11
A000967,0
A000968,14
A000969,14
A000970,390
A000971,25
A000972,38
A000973,16
A000974,16
A000975,391
A000976,71
A000977,47
A000978,27
A000979,392
A000980,100
A000981,393
A000982,34
A000983,7
A000984,8
A000985,70
A000986,79
A000987,12
A000988,1
A000989,58
A000990,1
A000991,94
A000992,45
A000993,14
A000994,63
A000995,22
A000996,52
A000997,17
A000998,85
A000999,394
A001000,395
A001001,49
A001002,396
A001003,12
A001004,397
A001005,398
A001006,21
A001007,28
A001008,35
A001009,69
A001010,123
A001011,2
A001012,90
A001013,399
A001014,33
A001015,13
A001016,11
A001017,400
A001018,401
A001019,94
A001020,17
A001021,44
A001022,95
A001023,402
A001024,25
A001025,45
A001026,79
A001027,78
A001028,54
A001029,403
A001030,84
A001031,19
A001032,97
A001033,404
A001034,52
A001035,4
A001036,55
A001037,1
A001038,50
A001039,405
A001040,89
A001041,7
A001042,97
A001043,1
A001044,75
A001045,28
A001046,1
A001047,91
A001048,7
A001049,28
A001050,406
A001051,12
A001052,13
A001053,46
A001054,65
A001055,62
A001056,407
A001057,95
A001058,81
A001059,97
A001060,21
A001061,75
A001062,408
A001063,3
A001064,1
A001065,77
A001066,62
A001067,55
A001068,55
A001069,75
A001070,54
A001071,5
A001072,409
A001073,76
A001074,410
A001075,81
A001076,30
A001077,411
A001078,4
A001079,68
A001080,21
A001081,88
A001082,29
A001083,8
A001084,53
A001085,57
A001086,10
A001087,18
A001088,76
A001089,16
A001090,28
A001091,101
A001092,99
A001093,102
A001094,412
A001095,101
A001096,20
A001097,15
A001098,66
A001099,90
A001100,413
A001101,36
A001102,67
A001103,414
A001104,415
A001105,7
A001106,48
A001107,1
A001108,7
A001109,72
A001110,416
A001111,11
A001112,54
A001113,19
A001114,88
A001115,9
A001116,48
A001117,79
A001118,6
A001119,417
A001120,55
A001121,418
A001122,88
A001123,419
A001124,29
A001125,420
A001126,9
A001127,25
A001128,76
A001129,421
A001130,62
A001131,55
A001132,68
A001133,47
A001134,4
A001135,85
A001136,29
A001137,1
A001138,34
A001139,36
A001140,19
A001141,422
A001142,28
A001143,423
A001144,23
A001145,22
A001146,80
A001147,0
A001148,68
A001149,48
A001150,98
A001151,29
A001152,424
A001153,53
A001154,49
A001155,6
A001156,59
A001157,93
A001158,61
A001159,425
A001160,426
A001161,34
A001162,65
A001163,59
A001164,427
A001165,86
A001166,11
A001167,428
A001168,86
A001169,24
A001170,88
A001171,42
A001172,77
A001173,72
A001174,26
A001175,429
A001176,15
A001177,49
A001178,430
A001179,26
A001180,11
A001181,6
A001182,14
A001183,42
A001184,28
A001185,48
A001186,35
A001187,0
A001188,431
A001189,29
A001190,81
A001191,21
A001192,35
A001193,86
A001194,3
A001195,432
A001196,69
A001197,76
A001198,32
A001199,433
A001200,78
A001201,18
A001202,434
A001203,28
A001204,91
A001205,435
A001206,78
A001207,19
A001208,46
A001209,11
A001210,4
A001211,11
A001212,55
A001213,2
A001214,77
A001215,36
A001216,45
A001217,436
A001218,437
A001219,438
A001220,439
A001221,32
A001222,25
A001223,440
A001224,1
A001225,58
A001226,8
A001227,20
A001228,68
A001229,441
A001230,442
A001231,443
A001232,444
A001233,445
A001234,446
A001235,3
A001236,40
A001237,34
A001238,6
A001239,86
A001240,39
A001241,447
A001242,75
A001243,448
A001244,91
A001245,22
A001246,449
A001247,12
A001248,57
A001249,94
A001250,24
A001251,64
A001252,13
A001253,450
A001254,451
A001255,452
A001256,453
A001257,7
A001258,46
A001259,77
A001260,55
A001261,54
A001262,4
A001263,454
A001264,81
A001265,16
A001266,66
A001267,75
A001268,70
A001269,455
A001270,22
A001271,31
A001272,37
A001273,19
A001274,33
A001275,21
A001276,58
A001277,456
A001278,11
A001279,59
A001280,27
A001281,457
A001282,24
A001283,27
A001284,458
A001285,459
A001286,72
A001287,18
A001288,10
A001289,460
A001290,19
A001291,68
A001292,47
A001293,35
A001294,25
A001295,461
A001296,38
A001297,61
A001298,59
A001299,24
A001300,81
A001301,29
A001302,26
A001303,1
A001304,93
A001305,69
A001306,21
A001307,65
A001308,8
A001309,94
A001310,72
A001311,58
A001312,73
A001313,0
A001314,49
A001315,82
A001316,462
A001317,32
A001318,82
A001319,0
A001320,463
A001321,464
A001322,465
A001323,1
A001324,13
A001325,466
A001326,39
A001327,84
A001328,82
A001329,29
A001330,17
A001331,52
A001332,77
A001333,84
A001334,83
A001335,87
A001336,12
A001337,56
A001338,83
A001339,467
A001340,468
A001341,27
A001342,28
A001343,67
A001344,34
A001345,38
A001346,469
A001347,68
A001348,21
A001349,470
A001350,26
A001351,0
A001352,81
A001353,15
A001354,70
A001355,471
A001356,16
A001357,472
A001358,33
A001359,88
A001360,14
A001361,99
A001362,473
A001363,474
A001364,475
A001365,67
A001366,0
A001367,3
A001368,0
A001369,1
A001370,476
A001371,61
A001372,8
A001373,33
A001374,35
A001375,477
A001376,34
A001377,478
A001378,67
A001379,479
A001380,96
A001381,23
A001382,480
A001383,97
A001384,5
A001385,481
A001386,37
A001387,53
A001388,29
A001389,19
A001390,482
A001391,6
A001392,10
A001393,23
A001394,483
A001395,41
A001396,44
A001397,12
A001398,484
A001399,15
A001400,66
A001401,22
A001402,56
A001403,87
A001404,19
A001405,4
A001406,86
A001407,485
A001408,486
A001409,34
A001410,29
A001411,98
A001412,21
A001413,22
A001414,15
A001415,81
A001416,2
A001417,31
A001418,88
A001419,9
A001420,38
A001421,487
A001422,13
A001423,488
A001424,12
A001425,55
A001426,489
A001427,68
A001428,82
A001429,19
A001430,37
A001431,64
A001432,490
A001433,74
A001434,491
A001435,492
A001436,493
A001437,18
A001438,494
A001439,43
A001440,16
A001441,495
A001442,26
A001443,3
A001444,90
A001445,496
A001446,47
A001447,9
A001448,33
A001449,95
A001450,96
A001451,52
A001452,497
A001453,66
A001454,498
A001455,26
A001456,35
A001457,42
A001458,499
A001459,60
A001460,21
A001461,500
A001462,76
A001463,14
A001464,78
A001465,501
A001466,31
A001467,47
A001468,502
A001469,503
A001470,504
A001471,60
A001472,47
A001473,505
A001474,1
A001475,506
A001476,507
A001477,41
A001478,5
A001479,46
A001480,1
A001481,21
A001482,508
A001483,88
A001484,509
A001485,510
A001486,511
A001487,124
A001488,512
A001489,513
A001490,514
A001491,29
A001492,515
A001493,71
A001494,49
A001495,13
A001496,516
A001497,4
A001498,46
A001499,42
A001500,517
A001501,10
A001502,40
A001503,7
A001504,518
A001505,49
A001506,79
A001507,49
A001508,84
A001509,44
A001510,21
A001511,51
A001512,67
A001513,11
A001514,519
A001515,36
A001516,520
A001517,66
A001518,101
A001519,9
A001520,78
A001521,42
A001522,58
A001523,5
A001524,32
A001525,521
A001526,13
A001527,86
A001528,62
A001529,5
A001530,17
A001531,68
A001532,59
A001533,38
A001534,522
A001535,11
A001536,26
A001537,68
A001538,523
A001539,68
A001540,57
A001541,93
A001542,40
A001543,27
A001544,10
A001545,69
A001546,7
A001547,37
A001548,24
A001549,524
A001550,525
A001551,92
A001552,526
A001553,527
A001554,32
A001555,528
A001556,95
A001557,4
A001558,13
A001559,4
A001560,28
A001561,7
A001562,529
A001563,530
A001564,531
A001565,59
A001566,29
A001567,47
A001568,0
A001569,1
A001570,79
A001571,30
A001572,532
A001573,86
A001574,533
A001575,57
A001576,534
A001577,47
A001578,77
A001579,14
A001580,535
A001581,11
A001582,89
A001583,70
A001584,73
A001585,34
A001586,39
A001587,58
A001588,45
A001589,79
A001590,53
A001591,13
A001592,536
A001593,39
A001594,537
A001595,27
A001596,28
A001597,14
A001598,14
A001599,95
A001600,538
A001601,18
A001602,15
A001603,539
A001604,62
A001605,540
A001606,541
A001607,66
A001608,8
A001609,78
A001610,35
A001611,8
A001612,51
A001613,542
A001614,21
A001615,19
A001616,31
A001617,41
A001618,95
A001619,42
A001620,3
A001621,9
A001622,0
A001623,543
A001624,544
A001625,61
A001626,36
A001627,4
A001628,57
A001629,82
A001630,12
A001631,26
A001632,97
A001633,13
A001634,95
A001635,58
A001636,8
A001637,98
A001638,64
A001639,67
A001640,97
A001641,51
A001642,0
A001643,49
A001644,545
A001645,83
A001646,72
A001647,22
A001648,12
A001649,57
A001650,546
A001651,62
A001652,18
A001653,547
A001654,54
A001655,92
A001656,28
A001657,49
A001658,32
A001659,3
A001660,548
A001661,52
A001662,23
A001663,50
A001664,75
A001665,52
A001666,18
A001667,35
A001668,549
A001669,3
A001670,550
A001671,16
A001672,551
A001673,66
A001674,16
A001675,87
A001676,14
A001677,31
A001678,552
A001679,70
A001680,50
A001681,75
A001682,9
A001683,553
A001684,44
A001685,40
A001686,22
A001687,64
A001688,59
A001689,6
A001690,554
A001691,38
A001692,73
A001693,57
A001694,12
A001695,55
A001696,75
A001697,53
A001698,41
A001699,83
A001700,53
A001701,64
A001702,83
A001703,62
A001704,59
A001705,6
A001706,101
A001707,25
A001708,29
A001709,49
A001710,555
A001711,1
A001712,56
A001713,31
A001714,10
A001715,556
A001716,557
A001717,51
A001718,89
A001719,87
A001720,5
A001721,96
A001722,558
A001723,3
A001724,46
A001725,25
A001726,94
A001727,15
A001728,559
A001729,560
A001730,32
A001731,561
A001732,55
A001733,96
A001734,562
A001735,563
A001736,23
A001737,29
A001738,32
A001739,564
A001740,565
A001741,30
A001742,25
A001743,27
A001744,74
A001745,13
A001746,0
A001747,566
A001748,45
A001749,567
A001750,0
A001751,47
A001752,51
A001753,22
A001754,38
A001755,87
A001756,6
A001757,36
A001758,89
A001759,568
A001760,569
A001761,40
A001762,94
A001763,92
A001764,15
A001765,570
A001766,1
A001767,9
A001768,37
A001769,571
A001770,100
A001771,80
A001772,12
A001773,3
A001774,61
A001775,6
A001776,54
A001777,1
A001778,42
A001779,61
A001780,13
A001781,19
A001782,60
A001783,97
A001784,7
A001785,91
A001786,101
A001787,11
A001788,91
A001789,72
A001790,572
A001791,573
A001792,30
A001793,66
A001794,574
A001795,2
A001796,3
A001797,63
A001798,35
A001799,4
A001800,51
A001801,85
A001802,575
A001803,5
A001804,16
A001805,576
A001806,62
A001807,49
A001808,92
A001809,0
A001810,58
A001811,43
A001812,577
A001813,578
A001814,2
A001815,45
A001816,73
A001817,46
A001818,96
A001819,39
A001820,10
A001821,60
A001822,19
A001823,52
A001824,34
A001825,579
A001826,12
A001827,96
A001828,31
A001829,30
A001830,4
A001831,42
A001832,70
A001833,22
A001834,2
A001835,12
A001836,25
A001837,122
A001838,580
A001839,27
A001840,581
A001841,54
A001842,582
A001843,79
A001844,44
A001845,2
A001846,8
A001847,21
A001848,29
A001849,62
A001850,58
A001851,50
A001852,71
A001853,24
A001854,583
A001855,100
A001856,0
A001857,48
A001858,28
A001859,104
A001860,52
A001861,11
A001862,584
A001863,25
A001864,41
A001865,67
A001866,0
A001867,78
A001868,585
A001869,13
A001870,14
A001871,125
A001872,25
A001873,64
A001874,36
A001875,586
A001876,63
A001877,14
A001878,587
A001879,588
A001880,589
A001881,3
A001882,590
A001883,23
A001884,33
A001885,96
A001886,0
A001887,79
A001888,40
A001889,591
A001890,21
A001891,592
A001892,593
A001893,594
A001894,52
A001895,91
A001896,595
A001897,596
A001898,90
A001899,12
A001900,62
A001901,27
A001902,98
A001903,597
A001904,20
A001905,10
A001906,598
A001907,599
A001908,600
A001909,11
A001910,601
A001911,1
A001912,55
A001913,602
A001914,73
A001915,38
A001916,61
A001917,96
A001918,32
A001919,60
A001920,603
A001921,63
A001922,604
A001923,98
A001924,605
A001925,606
A001926,12
A001927,10
A001928,607
A001929,608
A001930,62
A001931,16
A001932,40
A001933,36
A001934,63
A001935,70
A001936,56
A001937,40
A001938,12
A001939,28
A001940,40
A001941,609
A001942,8
A001943,46
A001944,42
A001945,610
A001946,611
A001947,58
A001948,66
A001949,612
A001950,36
A001951,613
A001952,4
A001953,59
A001954,614
A001955,30
A001956,67
A001957,38
A001958,615
A001959,85
A001960,616
A001961,54
A001962,30
A001963,58
A001964,77
A001965,98
A001966,89
A001967,28
A001968,52
A001969,617
A001970,87
A001971,24
A001972,83
A001973,14
A001974,69
A001975,71
A001976,618
A001977,619
A001978,15
A001979,17
A001980,65
A001981,620
A001982,621
A001983,70
A001984,1
A001985,77
A001986,14
A001987,58
A001988,92
A001989,22
A001990,622
A001991,60
A001992,623
A001993,83
A001994,34
A001995,5
A001996,624
A001997,625
A001998,59
A001999,626
A002000,32
A002001,79
A002002,68
A002003,53
A002004,29
A002005,22
A002006,57
A002007,47
A002008,627
A002009,50
A002010,50
A002011,34
A002012,82
A002013,33
A002014,628
A002015,5
A002016,78
A002017,80
A002018,30
A002019,51
A002020,31
A002021,76
A002022,6
A002023,71
A002024,57
A002025,24
A002026,69
A002027,47
A002028,20
A002029,3
A002030,629
A002031,16
A002032,77
A002033,6
A002034,4
A002035,87
A002036,97
A002037,33
A002038,630
A002039,63
A002040,29
A002041,58
A002042,60
A002043,631
A002044,54
A002045,632
A002046,75
A002047,22
A002048,5
A002049,6
A002050,56
A002051,2
A002052,28
A002053,99
A002054,21
A002055,633
A002056,634
A002057,101
A002058,79
A002059,70
A002060,56
A002061,58
A002062,635
A002063,0
A002064,636
A002065,58
A002066,57
A002067,28
A002068,7
A002069,5
A002070,637
A002071,82
A002072,63
A002073,12
A002074,17
A002075,15
A002076,67
A002077,98
A002078,11
A002079,638
A002080,14
A002081,93
A002082,14
A002083,52
A002084,92
A002085,18
A002086,639
A002087,71
A002088,39
A002089,68
A002090,57
A002091,97
A002092,60
A002093,34
A002094,10
A002095,97
A002096,54
A002097,640
A002098,53
A002099,35
A002100,73
A002101,55
A002102,31
A002103,6
A002104,56
A002105,19
A002106,641
A002107,38
A002108,45
A002109,642
A002110,58
A002111,46
A002112,643
A002113,53
A002114,42
A002115,644
A002116,38
A002117,645
A002118,58
A002119,92
A002120,40
A002121,88
A002122,646
A002123,4
A002124,10
A002125,88
A002126,63
A002127,13
A002128,26
A002129,647
A002130,14
A002131,67
A002132,648
A002133,100
A002134,94
A002135,16
A002136,649
A002137,42
A002138,17
A002139,99
A002140,65
A002141,63
A002142,7
A002143,10
A002144,43
A002145,650
A002146,58
A002147,50
A002148,81
A002149,651
A002150,5
A002151,652
A002152,20
A002153,50
A002154,63
A002155,43
A002156,0
A002157,653
A002158,654
A002159,7
A002160,3
A002161,655
A002162,7
A002163,16
A002164,26
A002165,20
A002166,656
A002167,23
A002168,43
A002169,657
A002170,19
A002171,19
A002172,1
A002173,40
A002174,31
A002175,658
A002176,40
A002177,89
A002178,659
A002179,6
A002180,660
A002181,4
A002182,90
A002183,661
A002184,54
A002185,2
A002186,50
A002187,6
A002188,92
A002189,662
A002190,43
A002191,663
A002192,29
A002193,92
A002194,7
A002195,80
A002196,664
A002197,86
A002198,126
A002199,665
A002200,666
A002201,66
A002202,33
A002203,56
A002204,24
A002205,49
A002206,20
A002207,92
A002208,71
A002209,84
A002210,11
A002211,8
A002212,68
A002213,64
A002214,7
A002215,87
A002216,667
A002217,26
A002218,15
A002219,40
A002220,3
A002221,21
A002222,668
A002223,76
A002224,9
A002225,24
A002226,17
A002227,669
A002228,20
A002229,18
A002230,77
A002231,670
A002232,671
A002233,12
A002234,12
A002235,127
A002236,672
A002237,32
A002238,76
A002239,30
A002240,6
A002241,673
A002242,69
A002243,3
A002244,59
A002245,55
A002246,674
A002247,675
A002248,86
A002249,26
A002250,0
A002251,61
A002252,64
A002253,66
A002254,32
A002255,61
A002256,17
A002257,39
A002258,53
A002259,676
A002260,677
A002261,35
A002262,80
A002263,6
A002264,73
A002265,80
A002266,45
A002267,678
A002268,38
A002269,679
A002270,680
A002271,17
A002272,69
A002273,681
A002274,22
A002275,32
A002276,28
A002277,37
A002278,682
A002279,54
A002280,61
A002281,5
A002282,64
A002283,44
A002284,70
A002285,18
A002286,41
A002287,96
A002288,20
A002289,683
A002290,8
A002291,33
A002292,9
A002293,41
A002294,684
A002295,17
A002296,5
A002297,685
A002298,686
A002299,82
A002300,4
A002301,23
A002302,61
A002303,23
A002304,65
A002305,78
A002306,75
A002307,81
A002308,12
A002309,57
A002310,39
A002311,687
A002312,55
A002313,23
A002314,10
A002315,74
A002316,27
A002317,83
A002318,688
A002319,19
A002320,4
A002321,59
A002322,61
A002323,65
A002324,62
A002325,69
A002326,46
A002327,689
A002328,36
A002329,128
A002330,42
A002331,690
A002332,54
A002333,691
A002334,692
A002335,67
A002336,693
A002337,64
A002338,49
A002339,1
A002340,37
A002341,63
A002342,61
A002343,59
A002344,15
A002345,694
A002346,695
A002347,41
A002348,45
A002349,85
A002350,33
A002351,82
A002352,1
A002353,696
A002354,86
A002355,2
A002356,68
A002357,74
A002358,23
A002359,82
A002360,697
A002361,698
A002362,27
A002363,56
A002364,18
A002365,75
A002366,68
A002367,34
A002368,71
A002369,16
A002370,699
A002371,51
A002372,0
A002373,66
A002374,700
A002375,98
A002376,69
A002377,37
A002378,9
A002379,81
A002380,71
A002381,39
A002382,17
A002383,701
A002384,23
A002385,73
A002386,2
A002387,702
A002388,13
A002389,19
A002390,61
A002391,15
A002392,25
A002393,7
A002394,14
A002395,24
A002396,703
A002397,88
A002398,704
A002399,26
A002400,28
A002401,85
A002402,102
A002403,50
A002404,2
A002405,51
A002406,37
A002407,27
A002408,28
A002409,8
A002410,101
A002411,70
A002412,23
A002413,705
A002414,28
A002415,706
A002416,15
A002417,60
A002418,59
A002419,23
A002420,43
A002421,63
A002422,15
A002423,30
A002424,707
A002425,93
A002426,64
A002427,708
A002428,709
A002429,46
A002430,710
A002431,48
A002432,9
A002433,711
A002434,1
A002435,100
A002436,66
A002437,74
A002438,52
A002439,89
A002440,94
A002441,32
A002442,9
A002443,39
A002444,45
A002445,37
A002446,11
A002447,712
A002448,28
A002449,12
A002450,713
A002451,45
A002452,15
A002453,9
A002454,48
A002455,714
A002456,5
A002457,715
A002458,716
A002459,41
A002460,16
A002461,717
A002462,36
A002463,2
A002464,30
A002465,1
A002466,64
A002467,27
A002468,5
A002469,58
A002470,39
A002471,718
A002472,60
A002473,96
A002474,6
A002475,19
A002476,6
A002477,24
A002478,57
A002479,96
A002480,2
A002481,49
A002482,719
A002483,720
A002484,29
A002485,46
A002486,43
A002487,3
A002488,721
A002489,58
A002490,55
A002491,18
A002492,722
A002493,9
A002494,56
A002495,45
A002496,723
A002497,62
A002498,72
A002499,129
A002500,62
A002501,18
A002502,50
A002503,3
A002504,26
A002505,39
A002506,2
A002507,724
A002508,64
A002509,54
A002510,16
A002511,14
A002512,725
A002513,62
A002514,19
A002515,34
A002516,41
A002517,25
A002518,9
A002519,19
A002520,5
A002521,726
A002522,14
A002523,72
A002524,82
A002525,90
A002526,38
A002527,7
A002528,28
A002529,56
A002530,34
A002531,727
A002532,15
A002533,728
A002534,43
A002535,61
A002536,68
A002537,4
A002538,28
A002539,72
A002540,73
A002541,50
A002542,729
A002543,28
A002544,84
A002545,6
A002546,7
A002547,35
A002548,730
A002549,731
A002550,90
A002551,732
A002552,1
A002553,0
A002554,38
A002555,38
A002556,90
A002557,37
A002558,44
A002559,733
A002560,20
A002561,77
A002562,84
A002563,734
A002564,735
A002565,736
A002566,7
A002567,737
A002568,30
A002569,56
A002570,48
A002571,52
A002572,15
A002573,40
A002574,50
A002575,738
A002576,42
A002577,23
A002578,29
A002579,3
A002580,739
A002581,26
A002582,29
A002583,54
A002584,23
A002585,86
A002586,83
A002587,740
A002588,741
A002589,14
A002590,72
A002591,38
A002592,41
A002593,742
A002594,91
A002595,3
A002596,51
A002597,9
A002598,8
A002599,24
A002600,72
A002601,0
A002602,98
A002603,30
A002604,57
A002605,4
A002606,102
A002607,28
A002608,43
A002609,105
A002610,743
A002611,77
A002612,744
A002613,58
A002614,745
A002615,78
A002616,17
A002617,33
A002618,31
A002619,15
A002620,67
A002621,55
A002622,10
A002623,75
A002624,14
A002625,10
A002626,0
A002627,55
A002628,16
A002629,99
A002630,18
A002631,19
A002632,40
A002633,48
A002634,27
A002635,77
A002636,102
A002637,0
A002638,43
A002639,35
A002640,23
A002641,29
A002642,29
A002643,61
A002644,49
A002645,55
A002646,91
A002647,21
A002648,24
A002649,746
A002650,9
A002651,21
A002652,35
A002653,19
A002654,23
A002655,61
A002656,70
A002657,7
A002658,4
A002659,81
A002660,747
A002661,57
A002662,26
A002663,83
A002664,75
A002665,18
A002666,748
A002667,47
A002668,749
A002669,16
A002670,83
A002671,750
A002672,86
A002673,3
A002674,83
A002675,43
A002676,58
A002677,98
A002678,80
A002679,36
A002680,35
A002681,33
A002682,95
A002683,26
A002684,13
A002685,751
A002686,44
A002687,52
A002688,59
A002689,43
A002690,1
A002691,26
A002692,752
A002693,60
A002694,40
A002695,100
A002696,84
A002697,35
A002698,77
A002699,10
A002700,753
A002701,754
A002702,0
A002703,58
A002704,41
A002705,755
A002706,130
A002707,90
A002708,19
A002709,756
A002710,757
A002711,37
A002712,22
A002713,30
A002714,17
A002715,758
A002716,759
A002717,6
A002718,10
A002719,52
A002720,760
A002721,7
A002722,39
A002723,15
A002724,761
A002725,8
A002726,25
A002727,88
A002728,29
A002729,10
A002730,40
A002731,35
A002732,7
A002733,44
A002734,16
A002735,102
A002736,762
A002737,68
A002738,89
A002739,48
A002740,763
A002741,64
A002742,24
A002743,0
A002744,77
A002745,17
A002746,31
A002747,47
A002748,55
A002749,9
A002750,73
A002751,764
A002752,51
A002753,765
A002754,27
A002755,23
A002756,766
A002757,767
A002758,18
A002759,32
A002760,56
A002761,38
A002762,4
A002763,131
A002764,64
A002765,51
A002766,94
A002767,54
A002768,768
A002769,77
A002770,769
A002771,66
A002772,13
A002773,770
A002774,81
A002775,98
A002776,82
A002777,771
A002778,14
A002779,772
A002780,12
A002781,23
A002782,13
A002783,66
A002784,71
A002785,70
A002786,61
A002787,773
A002788,6
A002789,64
A002790,3
A002791,774
A002792,78
A002793,28
A002794,2
A002795,5
A002796,56
A002797,32
A002798,89
A002799,76
A002800,54
A002801,49
A002802,775
A002803,72
A002804,776
A002805,21
A002806,38
A002807,44
A002808,53
A002809,37
A002810,777
A002811,35
A002812,26
A002813,9
A002814,28
A002815,4
A002816,71
A002817,778
A002818,43
A002819,32
A002820,37
A002821,37
A002822,779
A002823,780
A002824,19
A002825,51
A002826,781
A002827,20
A002828,29
A002829,99
A002830,20
A002831,62
A002832,83
A002833,782
A002834,34
A002835,91
A002836,74
A002837,18
A002838,783
A002839,57
A002840,30
A002841,7
A002842,784
A002843,785
A002844,5
A002845,33
A002846,12
A002847,26
A002848,25
A002849,49
A002850,786
A002851,14
A002852,17
A002853,32
A002854,787
A002855,87
A002856,78
A002857,27
A002858,59
A002859,71
A002860,1
A002861,27
A002862,0
A002863,13
A002864,101
A002865,52
A002866,78
A002867,53
A002868,788
A002869,789
A002870,34
A002871,44
A002872,66
A002873,15
A002874,790
A002875,0
A002876,88
A002877,83
A002878,39
A002879,74
A002880,791
A002881,792
A002882,102
A002883,65
A002884,39
A002885,77
A002886,55
A002887,5
A002888,100
A002889,7
A002890,793
A002891,27
A002892,57
A002893,17
A002894,80
A002895,794
A002896,6
A002897,30
A002898,54
A002899,53
A002900,45
A002901,4
A002902,25
A002903,69
A002904,28
A002905,8
A002906,31
A002907,66
A002908,19
A002909,26
A002910,795
A002911,75
A002912,7
A002913,8
A002914,43
A002915,82
A002916,86
A002917,796
A002918,797
A002919,38
A002920,24
A002921,798
A002922,799
A002923,14
A002924,101
A002925,36
A002926,800
A002927,4
A002928,7
A002929,47
A002930,132
A002931,80
A002932,1
A002933,801
A002934,75
A002935,52
A002936,802
A002937,803
A002938,52
A002939,52
A002940,68
A002941,102
A002942,804
A002943,57
A002944,14
A002945,20
A002946,41
A002947,805
A002948,91
A002949,43
A002950,16
A002951,22
A002952,806
A002953,22
A002954,66
A002955,87
A002956,807
A002957,42
A002958,2
A002959,808
A002960,6
A002961,809
A002962,15
A002963,7
A002964,92
A002965,31
A002966,810
A002967,12
A002968,811
A002969,26
A002970,102
A002971,812
A002972,46
A002973,45
A002974,7
A002975,80
A002976,17
A002977,813
A002978,64
A002979,70
A002980,51
A002981,7
A002982,814
A002983,15
A002984,815
A002985,29
A002986,816
A002987,817
A002988,818
A002989,1
A002990,819
A002991,23
A002992,80
A002993,14
A002994,4
A002995,9
A002996,39
A002997,12
A002998,86
A002999,9
A003000,23
A003001,820
A003002,25
A003003,7
A003004,821
A003005,6
A003006,39
A003007,822
A003008,823
A003009,25
A003010,824
A003011,85
A003012,71
A003013,70
A003014,825
A003015,6
A003016,53
A003017,9
A003018,1
A003019,5
A003020,44
A003021,29
A003022,39
A003023,826
A003024,28
A003025,827
A003026,8
A003027,3
A003028,64
A003029,27
A003030,98
A003031,39
A003032,83
A003033,62
A003034,34
A003035,828
A003036,41
A003037,0
A003038,829
A003039,50
A003040,830
A003041,20
A003042,13
A003043,93
A003044,831
A003045,832
A003046,833
A003047,123
A003048,834
A003049,68
A003050,14
A003051,28
A003052,77
A003053,835
A003054,16
A003055,836
A003056,7
A003057,837
A003058,3
A003059,90
A003060,68
A003061,77
A003062,6
A003063,0
A003064,16
A003065,78
A003066,8
A003067,48
A003068,51
A003069,2
A003070,38
A003071,6
A003072,78
A003073,3
A003074,45
A003075,57
A003076,838
A003077,65
A003078,41
A003079,839
A003080,100
A003081,71
A003082,22
A003083,66
A003084,840
A003085,1
A003086,94
A003087,88
A003088,63
A003089,841
A003090,842
A003091,26
A003092,843
A003093,88
A003094,35
A003095,30
A003096,56
A003097,32
A003098,28
A003099,844
A003100,27
A003101,32
A003102,43
A003103,35
A003104,2
A003105,24
A003106,4
A003107,40
A003108,0
A003109,17
A003110,53
A003111,4
A003112,10
A003113,85
A003114,71
A003115,99
A003116,845
A003117,86
A003118,21
A003119,74
A003120,8
A003121,846
A003122,847
A003123,10
A003124,32
A003125,51
A003126,66
A003127,1
A003128,51
A003129,57
A003130,65
A003131,37
A003132,19
A003133,83
A003134,5
A003135,848
A003136,849
A003137,850
A003138,102
A003139,7
A003140,77
A003141,851
A003142,24
A003143,852
A003144,853
A003145,854
A003146,855
A003147,100
A003148,32
A003149,856
A003150,28
A003151,27
A003152,45
A003153,857
A003154,0
A003155,858
A003156,5
A003157,39
A003158,859
A003159,4
A003160,38
A003161,860
A003162,861
A003163,25
A003164,862
A003165,62
A003166,31
A003167,21
A003168,38
A003169,65
A003170,53
A003171,21
A003172,863
A003173,25
A003174,26
A003175,55
A003176,63
A003177,22
A003178,26
A003179,69
A003180,64
A003181,14
A003182,51
A003183,864
A003184,81
A003185,67
A003186,16
A003187,0
A003188,865
A003189,65
A003190,92
A003191,32
A003192,8
A003193,59
A003194,69
A003195,866
A003196,60
A003197,32
A003198,34
A003199,16
A003200,87
A003201,867
A003202,37
A003203,27
A003204,7
A003205,63
A003206,10
A003207,868
A003208,46
A003209,869
A003210,40
A003211,70
A003212,870
A003213,1
A003214,72
A003215,871
A003216,53
A003217,71
A003218,88
A003219,92
A003220,65
A003221,13
A003222,13
A003223,15
A003224,872
A003225,57
A003226,41
A003227,9
A003228,58
A003229,73
A003230,88
A003231,873
A003232,101
A003233,85
A003234,20
A003235,874
A003236,27
A003237,14
A003238,52
A003239,42
A003240,875
A003241,70
A003242,876
A003243,877
A003244,67
A003245,878
A003246,11
A003247,19
A003248,879
A003249,17
A003250,880
A003251,5
A003252,44
A003253,55
A003254,62
A003255,881
A003256,882
A003257,23
A003258,33
A003259,15
A003260,883
A003261,83
A003262,35
A003263,98
A003264,26
A003265,7
A003266,79
A003267,92
A003268,76
A003269,49
A003270,57
A003271,1
A003272,101
A003273,87
A003274,46
A003275,41
A003276,884
A003277,885
A003278,18
A003279,886
A003280,4
A003281,53
A003282,7
A003283,80
A003284,36
A003285,54
A003286,17
A003287,61
A003288,63
A003289,887
A003290,15
A003291,4
A003292,46
A003293,69
A003294,31
A003295,50
A003296,26
A003297,888
A003298,889
A003299,34
A003300,0
A003301,56
A003302,15
A003303,55
A003304,27
A003305,890
A003306,8
A003307,36
A003308,891
A003309,892
A003310,0
A003311,893
A003312,2
A003313,894
A003314,71
A003315,895
A003316,896
A003317,7
A003318,82
A003319,48
A003320,897
A003321,33
A003322,92
A003323,67
A003324,898
A003325,17
A003326,899
A003327,54
A003328,900
A003329,2
A003330,51
A003331,32
A003332,69
A003333,19
A003334,0
A003335,13
A003336,50
A003337,2
A003338,69
A003339,7
A003340,36
A003341,5
A003342,77
A003343,901
A003344,902
A003345,76
A003346,0
A003347,903
A003348,904
A003349,62
A003350,30
A003351,19
A003352,70
A003353,13
A003354,88
A003355,905
A003356,90
A003357,36
A003358,7
A003359,35
A003360,1
A003361,89
A003362,16
A003363,906
A003364,75
A003365,1
A003366,66
A003367,47
A003368,27
A003369,907
A003370,99
A003371,2
A003372,57
A003373,908
A003374,50
A003375,14
A003376,106
A003377,54
A003378,16
A003379,55
A003380,46
A003381,909
A003382,87
A003383,88
A003384,1
A003385,910
A003386,17
A003387,30
A003388,51
A003389,33
A003390,1
A003391,82
A003392,92
A003393,911
A003394,18
A003395,94
A003396,4
A003397,912
A003398,913
A003399,46
A003400,27
A003401,914
A003402,57
A003403,38
A003404,90
A003405,915
A003406,36
A003407,40
A003408,22
A003409,88
A003410,5
A003411,71
A003412,916
A003413,77
A003414,8
A003415,53
A003416,75
A003417,5
A003418,917
A003419,918
A003420,23
A003421,63
A003422,77
A003423,70
A003424,29
A003425,919
A003426,920
A003427,39
A003428,921
A003429,68
A003430,26
A003431,64
A003432,39
A003433,61
A003434,55
A003435,25
A003436,12
A003437,133
A003438,29
A003439,922
A003440,64
A003441,40
A003442,22
A003443,29
A003444,49
A003445,40
A003446,81
A003447,923
A003448,25
A003449,3
A003450,18
A003451,99
A003452,924
A003453,25
A003454,88
A003455,13
A003456,925
A003457,42
A003458,30
A003459,9
A003460,926
A003461,2
A003462,12
A003463,33
A003464,96
A003465,4
A003466,30
A003467,27
A003468,14
A003469,61
A003470,79
A003471,14
A003472,927
A003473,21
A003474,928
A003475,64
A003476,95
A003477,77
A003478,8
A003479,45
A003480,7
A003481,929
A003482,26
A003483,2
A003484,15
A003485,27
A003486,48
A003487,10
A003488,26
A003489,59
A003490,45
A003491,930
A003492,931
A003493,48
A003494,97
A003495,32
A003496,15
A003497,39
A003498,68
A003499,25
A003500,12
A003501,57
A003502,932
A003503,933
A003504,10
A003505,55
A003506,30
A003507,71
A003508,74
A003509,33
A003510,66
A003511,934
A003512,21
A003513,20
A003514,64
A003515,935
A003516,101
A003517,936
A003518,43
A003519,67
A003520,85
A003521,937
A003522,95
A003523,938
A003524,91
A003525,57
A003526,939
A003527,90
A003528,26
A003529,9
A003530,29
A003531,940
A003532,23
A003533,33
A003534,44
A003535,100
A003536,941
A003537,59
A003538,41
A003539,31
A003540,15
A003541,30
A003542,59
A003543,49
A003544,33
A003545,0
A003546,28
A003547,22
A003548,942
A003549,47
A003550,3
A003551,943
A003552,4
A003553,944
A003554,46
A003555,13
A003556,11
A003557,45
A003558,30
A003559,945
A003560,66
A003561,10
A003562,81
A003563,47
A003564,33
A003565,61
A003566,15
A003567,31
A003568,38
A003569,72
A003570,11
A003571,96
A003572,14
A003573,30
A003574,26
A003575,37
A003576,82
A003577,45
A003578,103
A003579,7
A003580,8
A003581,79
A003582,81
A003583,6
A003584,8
A003585,35
A003586,52
A003587,72
A003588,946
A003589,21
A003590,20
A003591,947
A003592,65
A003593,43
A003594,47
A003595,9
A003596,7
A003597,15
A003598,93
A003599,99
A003600,87
A003601,87
A003602,948
A003603,19
A003604,81
A003605,12
A003606,949
A003607,950
A003608,37
A003609,79
A003610,61
A003611,41
A003612,12
A003613,80
A003614,47
A003615,100
A003616,31
A003617,951
A003618,66
A003619,93
A003620,34
A003621,49
A003622,91
A003623,28
A003624,952
A003625,7
A003626,8
A003627,48
A003628,36
A003629,953
A003630,954
A003631,14
A003632,14
A003633,18
A003634,6
A003635,15
A003636,28
A003637,86
A003638,78
A003639,29
A003640,23
A003641,955
A003642,24
A003643,28
A003644,7
A003645,50
A003646,58
A003647,76
A003648,20
A003649,78
A003650,956
A003651,1
A003652,22
A003653,53
A003654,0
A003655,957
A003656,32
A003657,67
A003658,59
A003659,86
A003660,12
A003661,12
A003662,72
A003663,80
A003664,63
A003665,36
A003666,12
A003667,59
A003668,958
A003669,82
A003670,46
A003671,20
A003672,959
A003673,960
A003674,2
A003675,62
A003676,25
A003677,21
A003678,56
A003679,24
A003680,29
A003681,961
A003682,26
A003683,37
A003684,6
A003685,962
A003686,963
A003687,100
A003688,20
A003689,964
A003690,34
A003691,965
A003692,86
A003693,60
A003694,2
A003695,43
A003696,68
A003697,966
A003698,967
A003699,46
A003700,85
A003701,33
A003702,968
A003703,1
A003704,0
A003705,38
A003706,969
A003707,97
A003708,970
A003709,67
A003710,38
A003711,80
A003712,21
A003713,68
A003714,53
A003715,48
A003716,46
A003717,3
A003718,12
A003719,17
A003720,54
A003721,70
A003722,45
A003723,971
A003724,30
A003725,26
A003726,15
A003727,29
A003728,41
A003729,19
A003730,972
A003731,973
A003732,5
A003733,974
A003734,10
A003735,29
A003736,82
A003737,47
A003738,44
A003739,975
A003740,94
A003741,61
A003742,82
A003743,976
A003744,50
A003745,93
A003746,49
A003747,977
A003748,28
A003749,5
A003750,5
A003751,978
A003752,33
A003753,71
A003754,979
A003755,980
A003756,60
A003757,39
A003758,78
A003759,31
A003760,7
A003761,98
A003762,981
A003763,5
A003764,982
A003765,79
A003766,33
A003767,45
A003768,37
A003769,41
A003770,20
A003771,43
A003772,0
A003773,85
A003774,14
A003775,30
A003776,40
A003777,983
A003778,984
A003779,985
A003780,21
A003781,60
A003782,2
A003783,20
A003784,14
A003785,4
A003786,23
A003787,95
A003788,94
A003789,38
A003790,76
A003791,80
A003792,33
A003793,56
A003794,44
A003795,10
A003796,986
A003797,987
A003798,988
A003799,48
A003800,68
A003801,35
A003802,64
A003803,989
A003804,990
A003805,1
A003806,73
A003807,0
A003808,20
A003809,24
A003810,8
A003811,70
A003812,15
A003813,991
A003814,13
A003815,18
A003816,3
A003817,15
A003818,22
A003819,34
A003820,32
A003821,992
A003822,993
A003823,1
A003824,39
A003825,30
A003826,61
A003827,101
A003828,134
A003829,0
A003830,12
A003831,10
A003832,16
A003833,87
A003834,10
A003835,994
A003836,14
A003837,995
A003838,102
A003839,46
A003840,996
A003841,81
A003842,35
A003843,99
A003844,10
A003845,2
A003846,79
A003847,38
A003848,61
A003849,997
A003850,54
A003851,18
A003852,13
A003853,998
A003854,55
A003855,91
A003856,999
A003857,79
A003858,64
A003859,71
A003860,1000
A003861,75
A003862,6
A003863,24
A003864,59
A003865,43
A003866,51
A003867,73
A003868,43
A003869,31
A003870,46
A003871,75
A003872,22
A003873,82
A003874,29
A003875,99
A003876,62
A003877,63
A003878,75
A003879,13
A003880,43
A003881,21
A003882,89
A003883,1001
A003884,50
A003885,39
A003886,52
A003887,73
A003888,30
A003889,51
A003890,0
A003891,4
A003892,78
A003893,98
A003894,89
A003895,1002
A003896,94
A003897,45
A003898,49
A003899,1
A003900,35
A003901,7
A003902,5
A003903,1003
A003904,3
A003905,78
A003906,54
A003907,1004
A003908,16
A003909,5
A003910,50
A003911,4
A003912,1005
A003913,23
A003914,37
A003915,12
A003916,84
A003917,2
A003918,12
A003919,37
A003920,67
A003921,76
A003922,3
A003923,107
A003924,25
A003925,82
A003926,1006
A003927,0
A003928,9
A003929,98
A003930,1007
A003931,35
A003932,45
A003933,1
A003934,35
A003935,14
A003936,51
A003937,13
A003938,1008
A003939,1009
A003940,29
A003941,1010
A003942,33
A003943,72
A003944,1011
A003945,1012
A003946,87
A003947,51
A003948,28
A003949,20
A003950,77
A003951,1013
A003952,91
A003953,28
A003954,28
A003955,72
A003956,1014
A003957,1015
A003958,1016
A003959,1017
A003960,40
A003961,1018
A003962,42
A003963,20
A003964,1
A003965,29
A003966,1019
A003967,83
A003968,1020
A003969,61
A003970,13
A003971,45
A003972,1021
A003973,88
A003974,48
A003975,45
A003976,1022
A003977,1023
A003978,8
A003979,50
A003980,1024
A003981,108
A003982,39
A003983,3
A003984,81
A003985,43
A003986,1025
A003987,58
A003988,46
A003989,85
A003990,90
A003991,16
A003992,28
A003993,47
A003994,39
A003995,101
A003996,1026
A003997,24
A003998,20
A003999,10
A004000,1027
A004001,74
A004002,75
A004003,47
A004004,27
A004005,44
A004006,55
A004007,42
A004008,10
A004009,37
A004010,93
A004011,36
A004012,29
A004013,1028
A004014,1029
A004015,1030
A004016,45
A004017,3
A004018,1031
A004019,10
A004020,77
A004021,26
A004022,4
A004023,40
A004024,1032
A004025,13
A004026,24
A004027,5
A004028,25
A004029,26
A004030,51
A004031,73
A004032,86
A004033,89
A004034,13
A004035,3
A004036,33
A004037,49
A004038,30
A004039,42
A004040,41
A004041,18
A004042,52
A004043,27
A004044,49
A004045,57
A004046,56
A004047,35
A004048,52
A004049,74
A004050,90
A004051,57
A004052,1033
A004053,18
A004054,70
A004055,4
A004056,20
A004057,14
A004058,63
A004059,86
A004060,77
A004061,46
A004062,20
A004063,1034
A004064,6
A004065,77
A004066,38
A004067,49
A004068,47
A004069,0
A004070,20
A004071,1035
A004072,1036
A004073,1037
A004074,11
A004075,3
A004076,27
A004077,75
A004078,55
A004079,16
A004080,68
A004081,74
A004082,1038
A004083,11
A004084,102
A004085,39
A004086,1039
A004087,15
A004088,1040
A004089,48
A004090,1041
A004091,1042
A004092,67
A004093,58
A004094,4
A004095,44
A004096,2
A004097,13
A004098,9
A004099,21
A004100,1043
A004101,1044
A004102,1045
A004103,77
A004104,86
A004105,1046
A004106,2
A004107,1
A004108,59
A004109,25
A004110,42
A004111,12
A004112,37
A004113,1047
A004114,16
A004115,23
A004116,48
A004117,49
A004118,62
A004119,89
A004120,72
A004121,1048
A004122,49
A004123,78
A004124,69
A004125,33
A004126,95
A004127,1049
A004128,50
A004129,67
A004130,69
A004131,59
A004132,1050
A004133,1051
A004134,1052
A004135,1053
A004136,3
A004137,33
A004138,12
A004139,1054
A004140,78
A004141,86
A004142,43
A004143,21
A004144,14
A004145,49
A004146,25
A004147,71
A004148,1055
A004149,1056
A004150,37
A004151,1
A004152,18
A004153,56
A004154,1057
A004155,1058
A004156,60
A004157,1059
A004158,42
A004159,87
A004160,54
A004161,71
A004162,17
A004163,23
A004164,47
A004165,22
A004166,56
A004167,72
A004168,1060
A004169,81
A004170,16
A004171,1061
A004172,25
A004173,58
A004174,71
A004175,80
A004176,37
A004177,7
A004178,18
A004179,135
A004180,49
A004181,1062
A004182,45
A004183,100
A004184,23
A004185,4
A004186,1063
A004187,60
A004188,55
A004189,0
A004190,9
A004191,1
A004192,94
A004193,1064
A004194,91
A004195,4
A004196,1065
A004197,60
A004198,25
A004199,50
A004200,22
A004201,1066
A004202,7
A004203,49
A004204,19
A004205,27
A004206,1067
A004207,5
A004208,1068
A004209,44
A004210,19
A004211,88
A004212,86
A004213,1069
A004214,1070
A004215,1071
A004216,73
A004217,42
A004218,36
A004219,1072
A004220,7
A004221,19
A004222,1073
A004223,36
A004224,1074
A004225,48
A004226,46
A004227,45
A004228,91
A004229,62
A004230,36
A004231,1075
A004232,9
A004233,1076
A004234,1077
A004235,8
A004236,99
A004237,1078
A004238,109
A004239,136
A004240,1079
A004241,15
A004242,1080
A004243,0
A004244,4
A004245,110
A004246,96
A004247,25
A004248,59
A004249,27
A004250,22
A004251,1081
A004252,40
A004253,20
A004254,1082
A004255,71
A004256,80
A004257,37
A004258,63
A004259,100
A004260,21
A004261,42
A004262,30
A004263,4
A004264,34
A004265,6
A004266,13
A004267,10
A004268,1083
A004269,17
A004270,42
A004271,58
A004272,1
A004273,1084
A004274,5
A004275,1085
A004276,13
A004277,1086
A004278,1087
A004279,0
A004280,1088
A004281,7
A004282,92
A004283,1089
A004284,2
A004285,18
A004286,0
A004287,56
A004288,102
A004289,3
A004290,34
A004291,66
A004292,41
A004293,25
A004294,24
A004295,83
A004296,66
A004297,90
A004298,12
A004299,46
A004300,34
A004301,5
A004302,37
A004303,30
A004304,90
A004305,19
A004306,37
A004307,41
A004308,1090
A004309,47
A004310,35
A004311,22
A004312,93
A004313,49
A004314,17
A004315,52
A004316,1091
A004317,6
A004318,27
A004319,39
A004320,24
A004321,12
A004322,45
A004323,4
A004324,50
A004325,23
A004326,31
A004327,10
A004328,61
A004329,6
A004330,1092
A004331,10
A004332,1093
A004333,12
A004334,1094
A004335,1095
A004336,28
A004337,1096
A004338,2
A004339,5
A004340,30
A004341,1097
A004342,1098
A004343,8
A004344,1099
A004345,1100
A004346,34
A004347,2
A004348,5
A004349,78
A004350,64
A004351,1101
A004352,32
A004353,34
A004354,35
A004355,1102
A004356,22
A004357,1103
A004358,21
A004359,72
A004360,29
A004361,16
A004362,137
A004363,22
A004364,85
A004365,1104
A004366,6
A004367,74
A004368,35
A004369,25
A004370,47
A004371,1105
A004372,57
A004373,1106
A004374,29
A004375,28
A004376,51
A004377,56
A004378,12
A004379,1107
A004380,42
A004381,53
A004382,1108
A004383,78
A004384,1109
A004385,14
A004386,1110
A004387,1111
A004388,42
A004389,22
A004390,62
A004391,67
A004392,0
A004393,90
A004394,71
A004395,60
A004396,35
A004397,39
A004398,1112
A004399,34
A004400,4
A004401,41
A004402,35
A004403,39
A004404,11
A004405,40
A004406,1113
A004407,1114
A004408,7
A004409,93
A004410,65
A004411,1115
A004412,11
A004413,91
A004414,77
A004415,64
A004416,1116
A004417,1117
A004418,32
A004419,29
A004420,43
A004421,101
A004422,14
A004423,98
A004424,41
A004425,49
A004426,17
A004427,77
A004428,1118
A004429,43
A004430,38
A004431,83
A004432,70
A004433,98
A004434,1119
A004435,29
A004436,8
A004437,0
A004438,17
A004439,1120
A004440,5
A004441,92
A004442,75
A004443,55
A004444,1121
A004445,58
A004446,1122
A004447,50
A004448,86
A004449,1123
A004450,70
A004451,79
A004452,76
A004453,1124
A004454,62
A004455,69
A004456,85
A004457,1125
A004458,15
A004459,17
A004460,10
A004461,25
A004462,1126
A004463,31
A004464,83
A004465,1127
A004466,80
A004467,59
A004468,88
A004469,65
A004470,34
A004471,29
A004472,12
A004473,138
A004474,90
A004475,38
A004476,65
A004477,1128
A004478,0
A004479,15
A004480,40
A004481,1129
A004482,1130
A004483,139
A004484,92
A004485,82
A004486,12
A004487,17
A004488,90
A004489,25
A004490,5
A004491,26
A004492,98
A004493,100
A004494,79
A004495,1131
A004496,1132
A004497,1133
A004498,1134
A004499,13
A004500,1135
A004501,60
A004502,9
A004503,1136
A004504,140
A004505,1137
A004506,1138
A004507,7
A004508,14
A004509,1139
A004510,1140
A004511,47
A004512,1141
A004513,36
A004514,10
A004515,21
A004516,23
A004517,14
A004518,95
A004519,42
A004520,30
A004521,16
A004522,9
A004523,42
A004524,40
A004525,20
A004526,10
A004527,92
A004528,21
A004529,66
A004530,50
A004531,19
A004532,6
A004533,78
A004534,66
A004535,47
A004536,44
A004537,1142
A004538,40
A004539,35
A004540,83
A004541,1143
A004542,49
A004543,1144
A004544,4
A004545,34
A004546,23
A004547,14
A004548,1145
A004549,46
A004550,11
A004551,101
A004552,20
A004553,1146
A004554,1147
A004555,1148
A004556,39
A004557,61
A004558,1149
A004559,13
A004560,14
A004561,1150
A004562,1151
A004563,11
A004564,48
A004565,1152
A004566,18
A004567,20
A004568,1153
A004569,13
A004570,1154
A004571,1155
A004572,46
A004573,77
A004574,22
A004575,60
A004576,31
A004577,25
A004578,29
A004579,58
A004580,65
A004581,28
A004582,72
A004583,60
A004584,82
A004585,31
A004586,60
A004587,67
A004588,84
A004589,19
A004590,18
A004591,1156
A004592,1157
A004593,58
A004594,1158
A004595,1
A004596,1159
A004597,23
A004598,72
A004599,48
A004600,54
A004601,1160
A004602,84
A004603,72
A004604,50
A004605,78
A004606,26
A004607,42
A004608,10
A004609,1161
A004610,1162
A004611,1163
A004612,1164
A004613,72
A004614,51
A004615,37
A004616,17
A004617,1165
A004618,76
A004619,69
A004620,71
A004621,34
A004622,77
A004623,67
A004624,1166
A004625,63
A004626,73
A004627,65
A004628,74
A004629,74
A004630,57
A004631,4
A004632,75
A004633,26
A004634,22
A004635,44
A004636,20
A004637,11
A004638,98
A004639,27
A004640,48
A004641,77
A004642,1
A004643,1167
A004644,1168
A004645,89
A004646,1169
A004647,32
A004648,4
A004649,1170
A004650,1171
A004651,50
A004652,52
A004653,25
A004654,47
A004655,1172
A004656,1173
A004657,1174
A004658,1175
A004659,24
A004660,1176
A004661,13
A004662,1177
A004663,62
A004664,1178
A004665,84
A004666,1179
A004667,13
A004668,4
A004669,5
A004670,1180
A004671,46
A004672,44
A004673,74
A004674,17
A004675,1181
A004676,36
A004677,44
A004678,1182
A004679,91
A004680,53
A004681,51
A004682,7
A004683,87
A004684,49
A004685,17
A004686,50
A004687,65
A004688,6
A004689,9
A004690,1183
A004691,32
A004692,84
A004693,32
A004694,13
A004695,6
A004696,47
A004697,38
A004698,34
A004699,28
A004700,5
A004701,64
A004702,14
A004703,90
A004704,41
A004705,1184
A004706,1185
A004707,13
A004708,18
A004709,1186
A004710,13
A004711,1187
A004712,34
A004713,92
A004714,1188
A004715,98
A004716,98
A004717,30
A004718,1189
A004719,73
A004720,28
A004721,15
A004722,34
A004723,18
A004724,9
A004725,1190
A004726,66
A004727,1191
A004728,47
A004729,1192
A004730,1193
A004731,32
A004732,66
A004733,100
A004734,100
A004735,97
A004736,53
A004737,93
A004738,92
A004739,5
A004740,53
A004741,79
A004742,44
A004743,1194
A004744,1195
A004745,6
A004746,20
A004747,1
A004748,66
A004749,67
A004750,3
A004751,1196
A004752,1197
A004753,28
A004754,13
A004755,1198
A004756,21
A004757,94
A004758,80
A004759,76
A004760,52
A004761,3
A004762,7
A004763,21
A004764,40
A004765,1199
A004766,1200
A004767,10
A004768,1201
A004769,48
A004770,37
A004771,25
A004772,21
A004773,25
A004774,1202
A004775,81
A004776,20
A004777,28
A004778,44
A004779,68
A004780,1203
A004781,39
A004782,47
A004783,68
A004784,97
A004785,1204
A004786,86
A004787,50
A004788,52
A004789,78
A004790,1205
A004791,13
A004792,32
A004793,18
A004794,17
A004795,1206
A004796,41
A004797,8
A004798,56
A004799,23
A004800,1207
A004801,1208
A004802,1209
A004803,61
A004804,8
A004805,37
A004806,41
A004807,30
A004808,7
A004809,82
A004810,47
A004811,19
A004812,1210
A004813,46
A004814,10
A004815,12
A004816,64
A004817,55
A004818,94
A004819,62
A004820,5
A004821,45
A004822,91
A004823,70
A004824,36
A004825,1211
A004826,1212
A004827,81
A004828,83
A004829,41
A004830,1213
A004831,29
A004832,64
A004833,9
A004834,6
A004835,7
A004836,35
A004837,37
A004838,59
A004839,1214
A004840,1215
A004841,1216
A004842,17
A004843,1217
A004844,1218
A004845,72
A004846,1219
A004847,1220
A004848,39
A004849,7
A004850,46
A004851,63
A004852,100
A004853,94
A004854,1221
A004855,40
A004856,40
A004857,84
A004858,1222
A004859,2
A004860,43
A004861,8
A004862,141
A004863,36
A004864,66
A004865,7
A004866,1223
A004867,10
A004868,66
A004869,3
A004870,1224
A004871,61
A004872,5
A004873,91
A004874,0
A004875,12
A004876,71
A004877,1225
A004878,1226
A004879,26
A004880,24
A004881,9
A004882,51
A004883,16
A004884,32
A004885,1227
A004886,43
A004887,53
A004888,71
A004889,62
A004890,1
A004891,61
A004892,23
A004893,85
A004894,0
A004895,1228
A004896,65
A004897,56
A004898,20
A004899,47
A004900,1229
A004901,37
A004902,76
A004903,36
A004904,4
A004905,81
A004906,14
A004907,52
A004908,142
A004909,67
A004910,30
A004911,1230
A004912,90
A004913,91
A004914,63
A004915,44
A004916,56
A004917,39
A004918,50
A004919,34
A004920,16
A004921,73
A004922,25
A004923,1231
A004924,1232
A004925,2
A004926,1233
A004927,63
A004928,60
A004929,73
A004930,64
A004931,59
A004932,47
A004933,1234
A004934,34
A004935,1235
A004936,11
A004937,15
A004938,1236
A004939,32
A004940,1237
A004941,1238
A004942,3
A004943,18
A004944,38
A004945,59
A004946,27
A004947,0
A004948,22
A004949,1239
A004950,20
A004951,59
A004952,1240
A004953,99
A004954,24
A004955,29
A004956,1241
A004957,1242
A004958,72
A004959,61
A004960,40
A004961,1243
A004962,1244
A004963,33
A004964,45
A004965,1245
A004966,81
A004967,88
A004968,1246
A004969,70
A004970,1247
A004971,1248
A004972,1249
A004973,94
A004974,1
A004975,64
A004976,1250
A004977,59
A004978,24
A004979,1251
A004980,99
A004981,56
A004982,42
A004983,33
A004984,67
A004985,55
A004986,1252
A004987,1253
A004988,1254
A004989,9
A004990,64
A004991,1255
A004992,1256
A004993,23
A004994,92
A004995,75
A004996,84
A004997,16
A004998,1257
A004999,75
A005000,19
A005001,1258
A005002,13
A005003,90
A005004,100
A005005,1259
A005006,96
A005007,4
A005008,6
A005009,28
A005010,41
A005011,42
A005012,67
A005013,7
A005014,91
A005015,30
A005016,96
A005017,43
A005018,37
A005019,1260
A005020,66
A005021,1261
A005022,4
A005023,46
A005024,1262
A005025,7
A005026,1263
A005027,74
A005028,1264
A005029,97
A005030,46
A005031,5
A005032,1265
A005033,14
A005034,65
A005035,87
A005036,14
A005037,4
A005038,39
A005039,55
A005040,56
A005041,10
A005042,3
A005043,3
A005044,62
A005045,25
A005046,92
A005047,26
A005048,70
A005049,9
A005050,45
A005051,2
A005052,1266
A005053,19
A005054,101
A005055,82
A005056,1267
A005057,1268
A005058,50
A005059,1269
A005060,90
A005061,33
A005062,0
A005063,11
A005064,21
A005065,1270
A005066,12
A005067,1271
A005068,4
A005069,62
A005070,52
A005071,99
A005072,1272
A005073,21
A005074,85
A005075,72
A005076,2
A005077,69
A005078,91
A005079,1273
A005080,11
A005081,43
A005082,1274
A005083,1275
A005084,1276
A005085,71
A005086,66
A005087,63
A005088,22
A005089,86
A005090,44
A005091,1277
A005092,1278
A005093,68
A005094,9
A005095,1279
A005096,36
A005097,1280
A005098,15
A005099,94
A005100,80
A005101,17
A005102,1281
A005103,1282
A005104,86
A005105,9
A005106,1
A005107,43
A005108,1283
A005109,17
A005110,8
A005111,18
A005112,46
A005113,73
A005114,39
A005115,42
A005116,44
A005117,68
A005118,98
A005119,57
A005120,59
A005121,93
A005122,56
A005123,1284
A005124,60
A005125,1285
A005126,64
A005127,91
A005128,16
A005129,79
A005130,91
A005131,42
A005132,79
A005133,58
A005134,1286
A005135,31
A005136,43
A005137,1287
A005138,65
A005139,1288
A005140,63
A005141,54
A005142,96
A005143,76
A005144,9
A005145,1289
A005146,39
A005147,9
A005148,11
A005149,1
A005150,17
A005151,45
A005152,38
A005153,19
A005154,65
A005155,65
A005156,5
A005157,1290
A005158,63
A005159,28
A005160,82
A005161,27
A005162,1291
A005163,22
A005164,42
A005165,32
A005166,1292
A005167,5
A005168,90
A005169,22
A005170,70
A005171,1293
A005172,21
A005173,66
A005174,33
A005175,1294
A005176,73
A005177,69
A005178,42
A005179,1295
A005180,22
A005181,73
A005182,1296
A005183,36
A005184,1297
A005185,75
A005186,87
A005187,11
A005188,77
A005189,1298
A005190,3
A005191,29
A005192,9
A005193,1299
A005194,89
A005195,22
A005196,91
A005197,49
A005198,64
A005199,70
A005200,2
A005201,32
A005202,8
A005203,18
A005204,1300
A005205,1301
A005206,54
A005207,1302
A005208,34
A005209,59
A005210,42
A005211,75
A005212,53
A005213,10
A005214,0
A005215,143
A005216,8
A005217,83
A005218,20
A005219,24
A005220,1303
A005221,35
A005222,5
A005223,1304
A005224,4
A005225,49
A005226,33
A005227,4
A005228,21
A005229,66
A005230,11
A005231,4
A005232,3
A005233,58
A005234,48
A005235,68
A005236,46
A005237,31
A005238,73
A005239,14
A005240,1305
A005241,97
A005242,84
A005243,14
A005244,48
A005245,82
A005246,57
A005247,93
A005248,4
A005249,49
A005250,67
A005251,1306
A005252,1307
A005253,5
A005254,58
A005255,22
A005256,67
A005257,1308
A005258,1309
A005259,1310
A005260,12
A005261,52
A005262,79
A005263,77
A005264,34
A005265,1311
A005266,1312
A005267,79
A005268,1
A005269,8
A005270,29
A005271,69
A005272,89
A005273,76
A005274,51
A005275,1
A005276,37
A005277,55
A005278,1313
A005279,102
A005280,1314
A005281,7
A005282,3
A005283,63
A005284,67
A005285,24
A005286,0
A005287,70
A005288,64
A005289,9
A005290,84
A005291,91
A005292,26
A005293,73
A005294,79
A005295,109
A005296,24
A005297,53
A005298,84
A005299,1315
A005300,1316
A005301,1317
A005302,14
A005303,8
A005304,31
A005305,21
A005306,31
A005307,46
A005308,42
A005309,1
A005310,24
A005311,15
A005312,41
A005313,16
A005314,97
A005315,71
A005316,48
A005317,1318
A005318,1319
A005319,140
A005320,1320
A005321,79
A005322,70
A005323,2
A005324,1321
A005325,37
A005326,49
A005327,24
A005328,27
A005329,1322
A005330,12
A005331,1323
A005332,68
A005333,87
A005334,45
A005335,3
A005336,40
A005337,57
A005338,144
A005339,35
A005340,82
A005341,1324
A005342,19
A005343,1325
A005344,32
A005345,14
A005346,55
A005347,33
A005348,10
A005349,11
A005350,51
A005351,3
A005352,15
A005353,43
A005354,48
A005355,26
A005356,50
A005357,7
A005358,7
A005359,1326
A005360,11
A005361,1327
A005362,80
A005363,54
A005364,74
A005365,31
A005366,8
A005367,2
A005368,47
A005369,21
A005370,27
A005371,2
A005372,1328
A005373,1329
A005374,49
A005375,102
A005376,18
A005377,29
A005378,13
A005379,95
A005380,1
A005381,18
A005382,22
A005383,26
A005384,6
A005385,69
A005386,1330
A005387,32
A005388,90
A005389,1331
A005390,76
A005391,22
A005392,11
A005393,51
A005394,1332
A005395,46
A005396,71
A005397,45
A005398,7
A005399,14
A005400,79
A005401,26
A005402,56
A005403,56
A005404,16
A005405,26
A005406,7
A005407,22
A005408,31
A005409,91
A005410,29
A005411,24
A005412,65
A005413,14
A005414,20
A005415,53
A005416,36
A005417,12
A005418,55
A005419,75
A005420,53
A005421,22
A005422,2
A005423,1333
A005424,27
A005425,71
A005426,0
A005427,1334
A005428,40
A005429,27
A005430,51
A005431,60
A005432,1335
A005433,24
A005434,101
A005435,1336
A005436,94
A005437,26
A005438,37
A005439,41
A005440,103
A005441,65
A005442,1337
A005443,58
A005444,32
A005445,2
A005446,22
A005447,37
A005448,1338
A005449,28
A005450,56
A005451,44
A005452,85
A005453,18
A005454,35
A005455,28
A005456,74
A005457,84
A005458,8
A005459,1339
A005460,8
A005461,24
A005462,19
A005463,1340
A005464,1341
A005465,39
A005466,1342
A005467,1343
A005468,1
A005469,1344
A005470,27
A005471,82
A005472,9
A005473,1345
A005474,31
A005475,1346
A005476,88
A005477,30
A005478,1347
A005479,41
A005480,1348
A005481,1349
A005482,7
A005483,16
A005484,9
A005485,50
A005486,79
A005487,0
A005488,55
A005489,54
A005490,31
A005491,1350
A005492,2
A005493,1351
A005494,67
A005495,15
A005496,1
A005497,67
A005498,47
A005499,66
A005500,1352
A005501,18
A005502,47
A005503,7
A005504,23
A005505,69
A005506,14
A005507,1353
A005508,81
A005509,82
A005510,1354
A005511,30
A005512,40
A005513,1355
A005514,1356
A005515,54
A005516,111
A005517,68
A005518,74
A005519,26
A005520,71
A005521,14
A005522,1357
A005523,1
A005524,20
A005525,59
A005526,31
A005527,64
A005528,32
A005529,52
A005530,0
A005531,74
A005532,95
A005533,99
A005534,1358
A005535,69
A005536,63
A005537,20
A005538,20
A005539,15
A005540,37
A005541,100
A005542,89
A005543,3
A005544,47
A005545,16
A005546,48
A005547,95
A005548,42
A005549,89
A005550,1359
A005551,5
A005552,56
A005553,18
A005554,24
A005555,34
A005556,74
A005557,24
A005558,94
A005559,9
A005560,17
A005561,28
A005562,1360
A005563,1361
A005564,9
A005565,67
A005566,42
A005567,16
A005568,32
A005569,61
A005570,50
A005571,1362
A005572,33
A005573,57
A005574,84
A005575,1363
A005576,75
A005577,1364
A005578,60
A005579,42
A005580,42
A005581,72
A005582,11
A005583,18
A005584,41
A005585,76
A005586,87
A005587,50
A005588,1365
A005589,55
A005590,1366
A005591,94
A005592,5
A005593,10
A005594,81
A005595,43
A005596,1367
A005597,15
A005598,74
A005599,1368
A005600,1369
A005601,1370
A005602,1371
A005603,33
A005604,15
A005605,6
A005606,16
A005607,1372
A005608,1373
A005609,1374
A005610,1375
A005611,60
A005612,25
A005613,1376
A005614,54
A005615,28
A005616,1377
A005617,13
A005618,7
A005619,1378
A005620,53
A005621,3
A005622,5
A005623,23
A005624,1379
A005625,24
A005626,27
A005627,72
A005628,1380
A005629,21
A005630,30
A005631,8
A005632,91
A005633,9
A005634,14
A005635,40
A005636,11
A005637,1381
A005638,1382
A005639,76
A005640,93
A005641,23
A005642,33
A005643,1383
A005644,20
A005645,99
A005646,7
A005647,1384
A005648,54
A005649,12
A005650,56
A005651,93
A005652,82
A005653,35
A005654,18
A005655,75
A005656,1
A005657,71
A005658,25
A005659,2
A005660,43
A005661,8
A005662,14
A005663,1385
A005664,1386
A005665,70
A005666,10
A005667,14
A005668,37
A005669,73
A005670,18
A005671,1387
A005672,1388
A005673,10
A005674,14
A005675,43
A005676,1389
A005677,43
A005678,24
A005679,1390
A005680,3
A005681,19
A005682,1391
A005683,84
A005684,33
A005685,1392
A005686,4
A005687,0
A005688,18
A005689,9
A005690,47
A005691,1393
A005692,1394
A005693,17
A005694,63
A005695,1395
A005696,72
A005697,100
A005698,72
A005699,1396
A005700,1397
A005701,76
A005702,77
A005703,32
A005704,0
A005705,13
A005706,96
A005707,71
A005708,29
A005709,43
A005710,46
A005711,68
A005712,18
A005713,94
A005714,41
A005715,64
A005716,1398
A005717,64
A005718,1399
A005719,1400
A005720,1401
A005721,26
A005722,43
A005723,101
A005724,13
A005725,10
A005726,5
A005727,86
A005728,16
A005729,12
A005730,1402
A005731,1403
A005732,5
A005733,33
A005734,1404
A005735,62
A005736,14
A005737,102
A005738,1405
A005739,41
A005740,1406
A005741,9
A005742,6
A005743,1407
A005744,23
A005745,39
A005746,68
A005747,30
A005748,43
A005749,9
A005750,33
A005751,14
A005752,2
A005753,1408
A005754,28
A005755,37
A005756,97
A005757,46
A005758,29
A005759,6
A005760,1409
A005761,76
A005762,74
A005763,1410
A005764,56
A005765,4
A005766,58
A005767,48
A005768,52
A005769,1411
A005770,1412
A005771,61
A005772,3
A005773,30
A005774,101
A005775,11
A005776,52
A005777,35
A005778,54
A005779,89
A005780,62
A005781,1413
A005782,35
A005783,46
A005784,95
A005785,17
A005786,1414
A005787,77
A005788,18
A005789,84
A005790,1415
A005791,10
A005792,4
A005793,61
A005794,57
A005795,90
A005796,74
A005797,1416
A005798,67
A005799,1417
A005800,63
A005801,45
A005802,45
A005803,35
A005804,35
A005805,37
A005806,7
A005807,34
A005808,1418
A005809,5
A005810,97
A005811,31
A005812,3
A005813,70
A005814,4
A005815,90
A005816,97
A005817,45
A005818,5
A005819,50
A005820,33
A005821,1419
A005822,36
A005823,28
A005824,55
A005825,1420
A005826,53
A005827,11
A005828,80
A005829,78
A005830,71
A005831,1421
A005832,20
A005833,47
A005834,46
A005835,28
A005836,36
A005837,74
A005838,4
A005839,71
A005840,84
A005841,48
A005842,31
A005843,17
A005844,1422
A005845,98
A005846,55
A005847,74
A005848,30
A005849,25
A005850,68
A005851,67
A005852,40
A005853,65
A005854,1423
A005855,28
A005856,55
A005857,15
A005858,65
A005859,51
A005860,61
A005861,4
A005862,1424
A005863,13
A005864,24
A005865,70
A005866,1425
A005867,6
A005868,35
A005869,0
A005870,1426
A005871,64
A005872,101
A005873,8
A005874,47
A005875,85
A005876,76
A005877,1427
A005878,8
A005879,32
A005880,1428
A005881,78
A005882,1429
A005883,27
A005884,15
A005885,1430
A005886,27
A005887,77
A005888,1431
A005889,68
A005890,19
A005891,8
A005892,12
A005893,21
A005894,30
A005895,54
A005896,1432
A005897,1433
A005898,7
A005899,1434
A005900,97
A005901,5
A005902,1435
A005903,1436
A005904,27
A005905,29
A005906,50
A005907,45
A005908,17
A005909,8
A005910,14
A005911,145
A005912,87
A005913,13
A005914,40
A005915,1437
A005916,99
A005917,82
A005918,13
A005919,29
A005920,16
A005921,1438
A005922,82
A005923,61
A005924,22
A005925,19
A005926,1439
A005927,146
A005928,23
A005929,21
A005930,72
A005931,4
A005932,1
A005933,27
A005934,98
A005935,1440
A005936,85
A005937,51
A005938,23
A005939,1441
A005940,87
A005941,85
A005942,1442
A005943,89
A005944,1443
A005945,95
A005946,1444
A005947,92
A005948,75
A005949,1445
A005950,24
A005951,48
A005952,58
A005953,36
A005954,48
A005955,16
A005956,14
A005957,14
A005958,1446
A005959,19
A005960,1447
A005961,57
A005962,54
A005963,33
A005964,9
A005965,77
A005966,63
A005967,73
A005968,28
A005969,1448
A005970,12
A005971,1449
A005972,22
A005973,14
A005974,81
A005975,61
A005976,32
A005977,18
A005978,2
A005979,46
A005980,54
A005981,9
A005982,102
A005983,100
A005984,71
A005985,1450
A005986,97
A005987,6
A005988,22
A005989,67
A005990,1451
A005991,8
A005992,1452
A005993,55
A005994,70
A005995,48
A005996,86
A005997,14
A005998,34
A005999,1
A006000,18
A006001,39
A006002,68
A006003,42
A006004,1453
A006005,31
A006006,88
A006007,29
A006008,8
A006009,101
A006010,9
A006011,24
A006012,1454
A006013,96
A006014,1455
A006015,11
A006016,13
A006017,51
A006018,75
A006019,3
A006020,1456
A006021,1457
A006022,1458
A006023,78
A006024,83
A006025,1459
A006026,49
A006027,1460
A006028,44
A006029,30
A006030,87
A006031,1461
A006032,11
A006033,1462
A006034,53
A006035,2
A006036,1
A006037,70
A006038,79
A006039,1463
A006040,95
A006041,67
A006042,34
A006043,95
A006044,35
A006045,1464
A006046,9
A006047,1465
A006048,2
A006049,18
A006050,6
A006051,1466
A006052,1467
A006053,16
A006054,22
A006055,1468
A006056,33
A006057,15
A006058,1469
A006059,1470
A006060,39
A006061,5
A006062,23
A006063,16
A006064,38
A006065,1
A006066,9
A006067,34
A006068,52
A006069,91
A006070,6
A006071,11
A006072,1471
A006073,79
A006074,5
A006075,86
A006076,20
A006077,63
A006078,22
A006079,61
A006080,110
A006081,62
A006082,13
A006083,53
A006084,40
A006085,6
A006086,19
A006087,90
A006088,26
A006089,29
A006090,99
A006091,0
A006092,7
A006093,13
A006094,95
A006095,44
A006096,30
A006097,74
A006098,62
A006099,40
A006100,0
A006101,0
A006102,9
A006103,99
A006104,4
A006105,31
A006106,7
A006107,1472
A006108,2
A006109,1473
A006110,85
A006111,8
A006112,15
A006113,60
A006114,32
A006115,69
A006116,91
A006117,65
A006118,1474
A006119,1475
A006120,15
A006121,22
A006122,5
A006123,83
A006124,31
A006125,41
A006126,65
A006127,73
A006128,1476
A006129,93
A006130,43
A006131,1477
A006132,68
A006133,1478
A006134,16
A006135,1479
A006136,45
A006137,1480
A006138,1481
A006139,32
A006140,92
A006141,1482
A006142,77
A006143,1483
A006144,1484
A006145,13
A006146,1485
A006147,0
A006148,80
A006149,44
A006150,22
A006151,41
A006152,11
A006153,65
A006154,27
A006155,15
A006156,6
A006157,35
A006158,26
A006159,8
A006160,1486
A006161,54
A006162,9
A006163,21
A006164,24
A006165,16
A006166,72
A006167,86
A006168,147
A006169,49
A006170,1487
A006171,17
A006172,67
A006173,57
A006174,63
A006175,70
A006176,17
A006177,1488
A006178,37
A006179,21
A006180,2
A006181,1489
A006182,1490
A006183,71
A006184,66
A006185,22
A006186,29
A006187,1491
A006188,60
A006189,17
A006190,7
A006191,53
A006192,148
A006193,70
A006194,86
A006195,84
A006196,88
A006197,59
A006198,92
A006199,71
A006200,1492
A006201,1493
A006202,11
A006203,27
A006204,0
A006205,35
A006206,76
A006207,42
A006208,62
A006209,19
A006210,13
A006211,1494
A006212,19
A006213,68
A006214,6
A006215,1495
A006216,99
A006217,34
A006218,9
A006219,70
A006220,62
A006221,1496
A006222,75
A006223,82
A006224,1497
A006225,69
A006226,1498
A006227,20
A006228,23
A006229,93
A006230,10
A006231,52
A006232,13
A006233,67
A006234,67
A006235,90
A006236,90
A006237,63
A006238,96
A006239,12
A006240,63
A006241,41
A006242,11
A006243,5
A006244,12
A006245,2
A006246,1499
A006247,1500
A006248,82
A006249,1501
A006250,65
A006251,9
A006252,88
A006253,12
A006254,1502
A006255,91
A006256,45
A006257,2
A006258,7
A006259,40
A006260,20
A006261,16
A006262,7
A006263,17
A006264,65
A006265,89
A006266,1503
A006267,36
A006268,102
A006269,1504
A006270,33
A006271,24
A006272,74
A006273,40
A006274,4
A006275,14
A006276,15
A006277,67
A006278,102
A006279,80
A006280,51
A006281,80
A006282,2
A006283,73
A006284,98
A006285,1505
A006286,82
A006287,86
A006288,12
A006289,38
A006290,73
A006291,1506
A006292,16
A006293,68
A006294,68
A006295,1507
A006296,23
A006297,76
A006298,21
A006299,1508
A006300,16
A006301,2
A006302,84
A006303,56
A006304,1509
A006305,4
A006306,8
A006307,28
A006308,24
A006309,1510
A006310,16
A006311,102
A006312,50
A006313,1511
A006314,37
A006315,19
A006316,1512
A006317,21
A006318,59
A006319,92
A006320,1513
A006321,22
A006322,76
A006323,1514
A006324,75
A006325,25
A006326,149
A006327,56
A006328,69
A006329,0
A006330,27
A006331,94
A006332,23
A006333,65
A006334,20
A006335,67
A006336,40
A006337,1515
A006338,1516
A006339,77
A006340,39
A006341,79
A006342,40
A006343,30
A006344,2
A006345,13
A006346,12
A006347,43
A006348,94
A006349,13
A006350,3
A006351,1517
A006352,1518
A006353,68
A006354,9
A006355,1519
A006356,1520
A006357,21
A006358,1521
A006359,1522
A006360,28
A006361,12
A006362,11
A006363,102
A006364,47
A006365,1523
A006366,1
A006367,62
A006368,3
A006369,1524
A006370,57
A006371,40
A006372,150
A006373,36
A006374,40
A006375,1525
A006376,31
A006377,67
A006378,65
A006379,1526
A006380,36
A006381,151
A006382,9
A006383,11
A006384,1527
A006385,1528
A006386,98
A006387,59
A006388,80
A006389,26
A006390,1529
A006391,30
A006392,42
A006393,1530
A006394,73
A006395,40
A006396,6
A006397,1531
A006398,1532
A006399,26
A006400,34
A006401,16
A006402,38
A006403,5
A006404,27
A006405,1533
A006406,45
A006407,17
A006408,6
A006409,2
A006410,82
A006411,16
A006412,1534
A006413,0
A006414,76
A006415,4
A006416,48
A006417,56
A006418,74
A006419,15
A006420,37
A006421,50
A006422,42
A006423,29
A006424,39
A006425,88
A006426,91
A006427,1535
A006428,1536
A006429,7
A006430,3
A006431,39
A006432,10
A006433,67
A006434,59
A006435,1537
A006436,49
A006437,97
A006438,16
A006439,11
A006440,20
A006441,31
A006442,34
A006443,1538
A006444,2
A006445,71
A006446,37
A006447,1539
A006448,78
A006449,71
A006450,21
A006451,1540
A006452,1541
A006453,1542
A006454,21
A006455,10
A006456,7
A006457,3
A006458,0
A006459,1543
A006460,74
A006461,17
A006462,62
A006463,1544
A006464,27
A006465,90
A006466,24
A006467,69
A006468,1545
A006469,58
A006470,46
A006471,21
A006472,59
A006473,60
A006474,76
A006475,87
A006476,27
A006477,14
A006478,36
A006479,60
A006480,4
A006481,28
A006482,29
A006483,52
A006484,1546
A006485,8
A006486,27
A006487,64
A006488,10
A006489,152
A006490,61
A006491,34
A006492,19
A006493,1547
A006494,16
A006495,1548
A006496,7
A006497,93
A006498,59
A006499,25
A006500,1549
A006501,1550
A006502,84
A006503,37
A006504,3
A006505,4
A006506,1551
A006507,11
A006508,1552
A006509,53
A006510,23
A006511,1553
A006512,1554
A006513,68
A006514,86
A006515,90
A006516,56
A006517,1555
A006518,73
A006519,30
A006520,35
A006521,45
A006522,1556
A006523,64
A006524,15
A006525,77
A006526,1557
A006527,1558
A006528,54
A006529,3
A006530,43
A006531,43
A006532,33
A006533,7
A006534,35
A006535,56
A006536,11
A006537,18
A006538,0
A006539,99
A006540,90
A006541,1559
A006542,12
A006543,96
A006544,81
A006545,1560
A006546,1561
A006547,75
A006548,76
A006549,1562
A006550,1563
A006551,28
A006552,61
A006553,1564
A006554,96
A006555,1565
A006556,93
A006557,1566
A006558,1567
A006559,42
A006560,57
A006561,69
A006562,1568
A006563,40
A006564,2
A006565,39
A006566,26
A006567,28
A006568,3
A006569,1569
A006570,1570
A006571,22
A006572,7
A006573,7
A006574,16
A006575,54
A006576,0
A006577,4
A006578,54
A006579,84
A006580,20
A006581,38
A006582,20
A006583,1571
A006584,1572
A006585,1573
A006586,15
A006587,44
A006588,153
A006589,9
A006590,14
A006591,32
A006592,10
A006593,1574
A006594,1575
A006595,64
A006596,1576
A006597,28
A006598,3
A006599,90
A006600,41
A006601,42
A006602,1577
A006603,74
A006604,28
A006605,143
A006606,1578
A006607,1579
A006608,29
A006609,22
A006610,14
A006611,39
A006612,23
A006613,1580
A006614,66
A006615,1581
A006616,67
A006617,29
A006618,60
A006619,8
A006620,16
A006621,7
A006622,1582
A006623,16
A006624,1583
A006625,1584
A006626,73
A006627,18
A006628,61
A006629,68
A006630,41
A006631,8
A006632,78
A006633,10
A006634,32
A006635,97
A006636,8
A006637,1585
A006638,59
A006639,83
A006640,1586
A006641,98
A006642,37
A006643,33
A006644,6
A006645,36
A006646,53
A006647,1587
A006648,22
A006649,64
A006650,1588
A006651,37
A006652,1589
A006653,33
A006654,22
A006655,69
A006656,29
A006657,41
A006658,1590
A006659,33
A006660,1591
A006661,21
A006662,1592
A006663,19
A006664,47
A006665,1593
A006666,88
A006667,2
A006668,1594
A006669,87
A006670,1595
A006671,1596
A006672,7
A006673,66
A006674,8
A006675,1597
A006676,22
A006677,88
A006678,43
A006679,0
A006680,18
A006681,85
A006682,57
A006683,65
A006684,56
A006685,1598
A006686,5
A006687,22
A006688,2
A006689,62
A006690,26
A006691,4
A006692,45
A006693,38
A006694,8
A006695,87
A006696,19
A006697,56
A006698,21
A006699,64
A006700,1599
A006701,50
A006702,39
A006703,30
A006704,7
A006705,1600
A006706,101
A006707,19
A006708,37
A006709,1601
A006710,80
A006711,1602
A006712,0
A006713,61
A006714,69
A006715,25
A006716,43
A006717,17
A006718,17
A006719,0
A006720,4
A006721,57
A006722,10
A006723,71
A006724,52
A006725,13
A006726,1603
A006727,59
A006728,6
A006729,69
A006730,77
A006731,1604
A006732,43
A006733,0
A006734,38
A006735,82
A006736,111
A006737,57
A006738,1605
A006739,15
A006740,5
A006741,12
A006742,51
A006743,30
A006744,61
A006745,20
A006746,1606
A006747,42
A006748,39
A006749,47
A006750,43
A006751,27
A006752,44
A006753,12
A006754,1607
A006755,1608
A006756,1609
A006757,66
A006758,86
A006759,97
A006760,1610
A006761,5
A006762,1611
A006763,74
A006764,25
A006765,28
A006766,24
A006767,1
A006768,1612
A006769,19
A006770,98
A006771,0
A006772,72
A006773,13
A006774,3
A006775,62
A006776,28
A006777,1613
A006778,34
A006779,89
A006780,52
A006781,1614
A006782,22
A006783,51
A006784,41
A006785,96
A006786,0
A006787,53
A006788,40
A006789,47
A006790,1615
A006791,87
A006792,68
A006793,41
A006794,45
A006795,58
A006796,27
A006797,38
A006798,63
A006799,3
A006800,78
A006801,19
A006802,38
A006803,19
A006804,70
A006805,56
A006806,1616
A006807,79
A006808,94
A006809,1617
A006810,28
A006811,1618
A006812,74
A006813,18
A006814,25
A006815,0
A006816,1619
A006817,62
A006818,85
A006819,62
A006820,17
A006821,77
A006822,14
A006823,1620
A006824,1621
A006825,84
A006826,51
A006827,50
A006828,0
A006829,35
A006830,1622
A006831,8
A006832,1623
A006833,5
A006834,97
A006835,71
A006836,63
A006837,71
A006838,44
A006839,58
A006840,19
A006841,8
A006842,26
A006843,1624
A006844,63
A006845,1625
A006846,1626
A006847,39
A006848,45
A006849,47
A006850,0
A006851,20
A006852,76
A006853,73
A006854,46
A006855,75
A006856,7
A006857,16
A006858,29
A006859,7
A006860,40
A006861,13
A006862,1627
A006863,50
A006864,71
A006865,61
A006866,1628
A006867,91
A006868,66
A006869,21
A006870,71
A006871,83
A006872,59
A006873,29
A006874,36
A006875,1629
A006876,41
A006877,30
A006878,84
A006879,75
A006880,47
A006881,0
A006882,62
A006883,56
A006884,42
A006885,4
A006886,31
A006887,1630
A006888,1631
A006889,24
A006890,72
A006891,20
A006892,1632
A006893,22
A006894,35
A006895,1633
A006896,22
A006897,1634
A006898,2
A006899,70
A006900,81
A006901,58
A006902,99
A006903,20
A006904,23
A006905,16
A006906,1635
A006907,54
A006908,14
A006909,77
A006910,20
A006911,1636
A006912,28
A006913,1637
A006914,12
A006915,31
A006916,22
A006917,1638
A006918,43
A006919,48
A006920,24
A006921,26
A006922,20
A006923,101
A006924,8
A006925,1639
A006926,64
A006927,1640
A006928,36
A006929,96
A006930,1
A006931,62
A006932,29
A006933,5
A006934,75
A006935,88
A006936,81
A006937,43
A006938,78
A006939,1
A006940,97
A006941,28
A006942,22
A006943,43
A006944,14
A006945,56
A006946,71
A006947,14
A006948,35
A006949,96
A006950,31
A006951,62
A006952,63
A006953,44
A006954,14
A006955,3
A006956,66
A006957,92
A006958,18
A006959,1641
A006960,53
A006961,28
A006962,30
A006963,27
A006964,37
A006965,86
A006966,61
A006967,1642
A006968,39
A006969,5
A006970,59
A006971,1643
A006972,18
A006973,4
A006974,1644
A006975,2
A006976,29
A006977,1645
A006978,42
A006979,38
A006980,85
A006981,83
A006982,34
A006983,21
A006984,11
A006985,43
A006986,3
A006987,1646
A006988,80
A006989,27
A006990,43
A006991,66
A006992,84
A006993,54
A006994,45
A006995,1647
A006996,46
A006997,85
A006998,51
A006999,37
A007000,74
A007001,17
A007002,81
A007003,89
A007004,1648
A007005,1649
A007006,99
A007007,1650
A007008,59
A007009,13
A007010,1651
A007011,1652
A007012,1653
A007013,0
A007014,91
A007015,61
A007016,10
A007017,87
A007018,120
A007019,47
A007020,83
A007021,100
A007022,64
A007023,91
A007024,1654
A007025,1655
A007026,94
A007027,62
A007028,59
A007029,7
A007030,1656
A007031,1657
A007032,98
A007033,20
A007034,25
A007035,33
A007036,1658
A007037,1
A007038,33
A007039,13
A007040,31
A007041,56
A007042,40
A007043,71
A007044,40
A007045,56
A007046,31
A007047,4
A007048,1659
A007049,9
A007050,7
A007051,91
A007052,51
A007053,27
A007054,51
A007055,55
A007056,1660
A007057,28
A007058,79
A007059,71
A007060,46
A007061,1661
A007062,21
A007063,100
A007064,47
A007065,60
A007066,50
A007067,1662
A007068,88
A007069,28
A007070,90
A007071,6
A007072,85
A007073,1663
A007074,45
A007075,4
A007076,47
A007077,4
A007078,95
A007079,77
A007080,154
A007081,1664
A007082,83
A007083,9
A007084,1665
A007085,90
A007086,67
A007087,72
A007088,31
A007089,38
A007090,94
A007091,1666
A007092,1667
A007093,8
A007094,10
A007095,3
A007096,70
A007097,79
A007098,2
A007099,1668
A007100,81
A007101,27
A007102,71
A007103,58
A007104,69
A007105,100
A007106,1669
A007107,35
A007108,1670
A007109,31
A007110,39
A007111,9
A007112,98
A007113,58
A007114,22
A007115,1671
A007116,39
A007117,1672
A007118,11
A007119,43
A007120,19
A007121,21
A007122,92
A007123,64
A007124,60
A007125,95
A007126,74
A007127,39
A007128,1673
A007129,1674
A007130,38
A007131,2
A007132,95
A007133,37
A007134,3
A007135,42
A007136,92
A007137,97
A007138,1
A007139,63
A007140,13
A007141,29
A007142,15
A007143,1675
A007144,29
A007145,90
A007146,1676
A007147,38
A007148,1677
A007149,35
A007150,35
A007151,86
A007152,37
A007153,66
A007154,58
A007155,9
A007156,63
A007157,1678
A007158,59
A007159,1679
A007160,79
A007161,19
A007162,65
A007163,55
A007164,29
A007165,13
A007166,64
A007167,57
A007168,1680
A007169,18
A007170,1681
A007171,1682
A007172,39
A007173,52
A007174,94
A007175,17
A007176,41
A007177,8
A007178,36
A007179,74
A007180,20
A007181,76
A007182,78
A007183,1683
A007184,5
A007185,14
A007186,1684
A007187,59
A007188,1685
A007189,15
A007190,1686
A007191,16
A007192,67
A007193,20
A007194,73
A007195,26
A007196,1687
A007197,77
A007198,8
A007199,66
A007200,80
A007201,30
A007202,1688
A007203,70
A007204,11
A007205,12
A007206,1689
A007207,84
A007208,1690
A007209,1691
A007210,9
A007211,51
A007212,74
A007213,26
A007214,70
A007215,20
A007216,88
A007217,64
A007218,64
A007219,1692
A007220,34
A007221,77
A007222,1693
A007223,15
A007224,5
A007225,1694
A007226,81
A007227,1695
A007228,17
A007229,47
A007230,94
A007231,1696
A007232,50
A007233,31
A007234,47
A007235,1697
A007236,26
A007237,52
A007238,9
A007239,79
A007240,24
A007241,1698
A007242,60
A007243,2
A007244,2
A007245,38
A007246,46
A007247,1699
A007248,30
A007249,55
A007250,18
A007251,1700
A007252,17
A007253,12
A007254,10
A007255,1701
A007256,1702
A007257,28
A007258,5
A007259,7
A007260,1703
A007261,20
A007262,26
A007263,36
A007264,16
A007265,42
A007266,1704
A007267,28
A007268,102
A007269,34
A007270,62
A007271,1705
A007272,1
A007273,1706
A007274,4
A007275,51
A007276,87
A007277,92
A007278,17
A007279,1707
A007280,43
A007281,1708
A007282,75
A007283,1709
A007284,2
A007285,1710
A007286,44
A007287,51
A007288,1711
A007289,1
A007290,87
A007291,14
A007292,42
A007293,69
A007294,0
A007295,1712
A007296,7
A007297,4
A007298,16
A007299,15
A007300,44
A007301,34
A007302,22
A007303,53
A007304,1713
A007305,37
A007306,0
A007307,3
A007308,22
A007309,70
A007310,43
A007311,1714
A007312,73
A007313,1715
A007314,19
A007315,85
A007316,1716
A007317,34
A007318,4
A007319,81
A007320,1717
A007321,38
A007322,90
A007323,46
A007324,1718
A007325,36
A007326,8
A007327,1719
A007328,54
A007329,12
A007330,29
A007331,1720
A007332,25
A007333,1721
A007334,97
A007335,35
A007336,74
A007337,91
A007338,50
A007339,6
A007340,1722
A007341,73
A007342,52
A007343,50
A007344,53
A007345,75
A007346,63
A007347,58
A007348,14
A007349,3
A007350,16
A007351,96
A007352,65
A007353,52
A007354,1723
A007355,47
A007356,72
A007357,1724
A007358,48
A007359,13
A007360,14
A007361,90
A007362,76
A007363,1725
A007364,86
A007365,1726
A007366,1727
A007367,63
A007368,27
A007369,75
A007370,100
A007371,15
A007372,43
A007373,48
A007374,1728
A007375,1729
A007376,34
A007377,53
A007378,8
A007379,91
A007380,59
A007381,52
A007382,76
A007383,1730
A007384,66
A007385,28
A007386,17
A007387,38
A007388,1731
A007389,1732
A007390,31
A007391,73
A007392,1733
A007393,55
A007394,0
A007395,1734
A007396,71
A007397,14
A007398,1735
A007399,61
A007400,18
A007401,30
A007402,0
A007403,17
A007404,1736
A007405,63
A007406,1737
A007407,7
A007408,38
A007409,3
A007410,89
A007411,85
A007412,66
A007413,13
A007414,0
A007415,1738
A007416,63
A007417,80
A007418,59
A007419,1739
A007420,77
A007421,0
A007422,74
A007423,2
A007424,1740
A007425,33
A007426,5
A007427,64
A007428,56
A007429,89
A007430,23
A007431,1741
A007432,30
A007433,89
A007434,4
A007435,1742
A007436,41
A007437,1743
A007438,5
A007439,59
A007440,87
A007441,49
A007442,101
A007443,65
A007444,68
A007445,30
A007446,54
A007447,11
A007448,22
A007449,100
A007450,11
A007451,0
A007452,13
A007453,80
A007454,30
A007455,89
A007456,70
A007457,33
A007458,3
A007459,2
A007460,9
A007461,28
A007462,36
A007463,63
A007464,1744
A007465,74
A007466,1745
A007467,84
A007468,64
A007469,16
A007470,1746
A007471,80
A007472,6
A007473,17
A007474,13
A007475,5
A007476,6
A007477,2
A007478,38
A007479,67
A007480,8
A007481,29
A007482,1747
A007483,16
A007484,4
A007485,28
A007486,8
A007487,1
A007488,1748
A007489,17
A007490,10
A007491,31
A007492,93
A007493,1749
A007494,1750
A007495,69
A007496,15
A007497,1751
A007498,99
A007499,1752
A007500,66
A007501,7
A007502,46
A007503,97
A007504,67
A007505,98
A007506,1753
A007507,73
A007508,1754
A007509,58
A007510,7
A007511,20
A007512,19
A007513,11
A007514,23
A007515,1755
A007516,30
A007517,39
A007518,9
A007519,1756
A007520,0
A007521,14
A007522,0
A007523,1757
A007524,89
A007525,30
A007526,62
A007527,8
A007528,1758
A007529,51
A007530,5
A007531,3
A007532,1759
A007533,16
A007534,70
A007535,75
A007536,1760
A007537,72
A007538,31
A007539,96
A007540,89
A007541,1761
A007542,79
A007543,9
A007544,9
A007545,90
A007546,33
A007547,47
A007548,72
A007549,54
A007550,66
A007551,35
A007552,35
A007553,21
A007554,1762
A007555,39
A007556,40
A007557,95
A007558,1763
A007559,1764
A007560,1765
A007561,1766
A007562,36
A007563,22
A007564,1767
A007565,11
A007566,1768
A007567,1769
A007568,1770
A007569,23
A007570,56
A007571,56
A007572,47
A007573,25
A007574,40
A007575,0
A007576,29
A007577,23
A007578,1771
A007579,64
A007580,20
A007581,85
A007582,30
A007583,38
A007584,1772
A007585,75
A007586,61
A007587,6
A007588,84
A007589,63
A007590,21
A007591,1773
A007592,1774
A007593,36
A007594,32
A007595,56
A007596,66
A007597,35
A007598,1775
A007599,58
A007600,38
A007601,39
A007602,12
A007603,21
A007604,1776
A007605,47
A007606,38
A007607,1777
A007608,67
A007609,1778
A007610,18
A007611,47
A007612,1779
A007613,24
A007614,72
A007615,24
A007616,59
A007617,48
A007618,59
A007619,102
A007620,46
A007621,1780
A007622,33
A007623,33
A007624,10
A007625,93
A007626,54
A007627,18
A007628,102
A007629,1
A007630,12
A007631,20
A007632,1781
A007633,26
A007634,3
A007635,26
A007636,1782
A007637,66
A007638,1783
A007639,63
A007640,68
A007641,1784
A007642,49
A007643,6
A007644,82
A007645,40
A007646,85
A007647,18
A007648,73
A007649,40
A007650,49
A007651,51
A007652,60
A007653,67
A007654,40
A007655,40
A007656,72
A007657,65
A007658,1785
A007659,101
A007660,99
A007661,9
A007662,0
A007663,1786
A007664,27
A007665,1787
A007666,21
A007667,49
A007668,73
A007669,6
A007670,2
A007671,73
A007672,73
A007673,33
A007674,15
A007675,27
A007676,13
A007677,99
A007678,11
A007679,1788
A007680,30
A007681,9
A007682,16
A007683,12
A007684,53
A007685,89
A007686,1789
A007687,23
A007688,1790
A007689,1791
A007690,1792
A007691,13
A007692,76
A007693,49
A007694,51
A007695,1
A007696,77
A007697,26
A007698,19
A007699,70
A007700,75
A007701,31
A007702,82
A007703,1793
A007704,38
A007705,155
A007706,50
A007707,0
A007708,35
A007709,90
A007710,32
A007711,1794
A007712,1795
A007713,61
A007714,5
A007715,67
A007716,16
A007717,1796
A007718,19
A007719,8
A007720,1797
A007721,5
A007722,1798
A007723,96
A007724,1799
A007725,37
A007726,1800
A007727,3
A007728,43
A007729,1801
A007730,17
A007731,12
A007732,1802
A007733,46
A007734,45
A007735,3
A007736,1
A007737,0
A007738,1803
A007739,71
A007740,73
A007741,84
A007742,80
A007743,1804
A007744,1805
A007745,34
A007746,66
A007747,37
A007748,41
A007749,36
A007750,11
A007751,1806
A007752,26
A007753,6
A007754,0
A007755,156
A007756,67
A007757,5
A007758,87
A007759,4
A007760,64
A007761,69
A007762,28
A007763,68
A007764,1807
A007765,1
A007766,22
A007767,35
A007768,41
A007769,8
A007770,47
A007771,1808
A007772,59
A007773,6
A007774,1809
A007775,90
A007776,88
A007777,81
A007778,71
A007779,37
A007780,33
A007781,75
A007782,5
A007783,1
A007784,1810
A007785,42
A007786,73
A007787,80
A007788,1
A007789,39
A007790,33
A007791,29
A007792,1811
A007793,1812
A007794,75
A007795,1813
A007796,20
A007797,101
A007798,36
A007799,22
A007800,11
A007801,53
A007802,82
A007803,1814
A007804,53
A007805,79
A007806,5
A007807,33
A007808,92
A007809,1815
A007810,32
A007811,1816
A007812,31
A007813,58
A007814,69
A007815,56
A007816,1817
A007817,17
A007818,98
A007819,1818
A007820,67
A007821,11
A007822,34
A007823,1819
A007824,1820
A007825,47
A007826,35
A007827,1821
A007828,1822
A007829,67
A007830,1
A007831,26
A007832,51
A007833,43
A007834,62
A007835,34
A007836,7
A007837,3
A007838,59
A007839,41
A007840,15
A007841,11
A007842,7
A007843,1
A007844,1823
A007845,71
A007846,1
A007847,1824
A007848,0
A007849,5
A007850,13
A007851,81
A007852,44
A007853,19
A007854,1825
A007855,1826
A007856,62
A007857,2
A007858,1827
A007859,19
A007860,85
A007861,55
A007862,100
A007863,54
A007864,29
A007865,9
A007866,68
A007867,24
A007868,1
A007869,19
A007870,66
A007871,26
A007872,96
A007873,18
A007874,1828
A007875,1829
A007876,60
A007877,80
A007878,47
A007879,1830
A007880,7
A007881,40
A007882,102
A007883,1831
A007884,51
A007885,43
A007886,76
A007887,42
A007888,16
A007889,1832
A007890,58
A007891,14
A007892,23
A007893,1833
A007894,1834
A007895,1835
A007896,19
A007897,32
A007898,6
A007899,48
A007900,1836
A007901,30
A007902,8
A007903,84
A007904,1837
A007905,21
A007906,7
A007907,35
A007908,1838
A007909,3
A007910,30
A007911,16
A007912,95
A007913,76
A007914,95
A007915,46
A007916,45
A007917,56
A007918,15
A007919,27
A007920,45
A007921,59
A007922,23
A007923,80
A007924,1839
A007925,11
A007926,32
A007927,60
A007928,61
A007929,9
A007930,31
A007931,1840
A007932,20
A007933,1841
A007934,91
A007935,90
A007936,51
A007937,22
A007938,14
A007939,44
A007940,6
A007941,0
A007942,1842
A007943,26
A007944,79
A007945,14
A007946,1
A007947,96
A007948,15
A007949,1843
A007950,45
A007951,1844
A007952,69
A007953,1845
A007954,98
A007955,79
A007956,1846
A007957,1847
A007958,1848
A007959,68
A007960,1849
A007961,76
A007962,89
A007963,77
A007964,55
A007965,13
A007966,5
A007967,19
A007968,5
A007969,78
A007970,41
A007971,87
A007972,40
A007973,7
A007974,1850
A007975,9
A007976,19
A007977,76
A007978,1851
A007979,55
A007980,1852
A007981,157
A007982,17
A007983,12
A007984,1853
A007985,21
A007986,1854
A007987,39
A007988,36
A007989,74
A007990,1855
A007991,8
A007992,12
A007993,15
A007994,46
A007995,47
A007996,24
A007997,55
A007998,16
A007999,65
A008000,1856
A008001,111
A008002,12
A008003,97
A008004,1857
A008005,19
A008006,49
A008007,49
A008008,49
A008009,52
A008010,1
A008011,18
A008012,43
A008013,6
A008014,19
A008015,7
A008016,23
A008017,25
A008018,82
A008019,52
A008020,97
A008021,1858
A008022,1859
A008023,37
A008024,5
A008025,31
A008026,74
A008027,69
A008028,50
A008029,17
A008030,69
A008031,11
A008032,68
A008033,2
A008034,9
A008035,91
A008036,1860
A008037,1861
A008038,2
A008039,26
A008040,61
A008041,76
A008042,86
A008043,88
A008044,1862
A008045,61
A008046,19
A008047,33
A008048,72
A008049,11
A008050,0
A008051,1863
A008052,18
A008053,1864
A008054,24
A008055,35
A008056,72
A008057,41
A008058,58
A008059,1865
A008060,12
A008061,1866
A008062,65
A008063,39
A008064,88
A008065,5
A008066,44
A008067,55
A008068,0
A008069,15
A008070,69
A008071,36
A008072,52
A008073,44
A008074,10
A008075,34
A008076,51
A008077,58
A008078,0
A008079,99
A008080,57
A008081,25
A008082,5
A008083,95
A008084,43
A008085,64
A008086,48
A008087,19
A008088,23
A008089,87
A008090,20
A008091,32
A008092,55
A008093,89
A008094,61
A008095,13
A008096,56
A008097,1867
A008098,1868
A008099,6
A008100,0
A008101,1869
A008102,6
A008103,7
A008104,29
A008105,19
A008106,39
A008107,62
A008108,67
A008109,11
A008110,55
A008111,14
A008112,10
A008113,62
A008114,57
A008115,33
A008116,1870
A008117,1871
A008118,39
A008119,101
A008120,55
A008121,63
A008122,14
A008123,30
A008124,12
A008125,1872
A008126,34
A008127,66
A008128,1873
A008129,11
A008130,82
A008131,20
A008132,33
A008133,50
A008134,86
A008135,1874
A008136,31
A008137,10
A008138,80
A008139,9
A008140,77
A008141,0
A008142,75
A008143,66
A008144,21
A008145,37
A008146,34
A008147,3
A008148,49
A008149,1875
A008150,1876
A008151,67
A008152,29
A008153,16
A008154,55
A008155,1877
A008156,90
A008157,1878
A008158,78
A008159,84
A008160,11
A008161,14
A008162,13
A008163,21
A008164,88
A008165,69
A008166,4
A008167,48
A008168,15
A008169,1879
A008170,1880
A008171,1881
A008172,17
A008173,59
A008174,81
A008175,34
A008176,72
A008177,0
A008178,22
A008179,70
A008180,45
A008181,34
A008182,35
A008183,1882
A008184,89
A008185,1883
A008186,55
A008187,60
A008188,31
A008189,70
A008190,1884
A008191,74
A008192,22
A008193,17
A008194,5
A008195,17
A008196,10
A008197,48
A008198,48
A008199,63
A008200,85
A008201,43
A008202,49
A008203,79
A008204,158
A008205,59
A008206,4
A008207,28
A008208,65
A008209,1885
A008210,6
A008211,1886
A008212,60
A008213,57
A008214,159
A008215,75
A008216,40
A008217,9
A008218,62
A008219,83
A008220,3
A008221,49
A008222,31
A008223,1887
A008224,11
A008225,14
A008226,38
A008227,35
A008228,1888
A008229,93
A008230,20
A008231,5
A008232,59
A008233,8
A008234,39
A008235,58
A008236,1889
A008237,46
A008238,78
A008239,12
A008240,55
A008241,40
A008242,42
A008243,71
A008244,1890
A008245,23
A008246,78
A008247,37
A008248,1891
A008249,35
A008250,73
A008251,42
A008252,60
A008253,55
A008254,35
A008255,8
A008256,12
A008257,43
A008258,0
A008259,32
A008260,29
A008261,56
A008262,14
A008263,16
A008264,87
A008265,80
A008266,1892
A008267,49
A008268,77
A008269,73
A008270,14
A008271,1893
A008272,20
A008273,13
A008274,18
A008275,52
A008276,1894
A008277,1895
A008278,36
A008279,39
A008280,58
A008281,35
A008282,69
A008283,1896
A008284,0
A008285,72
A008286,72
A008287,18
A008288,31
A008289,1897
A008290,1898
A008291,44
A008292,1899
A008293,54
A008294,31
A008295,67
A008296,59
A008297,66
A008298,90
A008299,44
A008300,68
A008301,24
A008302,40
A008303,57
A008304,19
A008305,59
A008306,20
A008307,1900
A008308,43
A008309,22
A008310,1901
A008311,69
A008312,1902
A008313,1903
A008314,1904
A008315,46
A008316,49
A008317,1905
A008318,11
A008319,1906
A008320,90
A008321,1907
A008322,7
A008323,22
A008324,0
A008325,1908
A008326,22
A008327,27
A008328,98
A008329,16
A008330,29
A008331,52
A008332,82
A008333,58
A008334,15
A008335,18
A008336,1909
A008337,93
A008338,1910
A008339,23
A008340,42
A008341,64
A008342,51
A008343,20
A008344,1911
A008345,49
A008346,57
A008347,1912
A008348,55
A008349,11
A008350,1913
A008351,43
A008352,1914
A008353,22
A008354,55
A008355,14
A008356,78
A008357,1915
A008358,1916
A008359,5
A008360,41
A008361,50
A008362,9
A008363,90
A008364,1917
A008365,56
A008366,48
A008367,18
A008368,33
A008369,3
A008370,12
A008371,72
A008372,61
A008373,43
A008374,58
A008375,9
A008376,3
A008377,29
A008378,56
A008379,74
A008380,11
A008381,26
A008382,58
A008383,61
A008384,51
A008385,1918
A008386,1919
A008387,54
A008388,47
A008389,51
A008390,160
A008391,21
A008392,61
A008393,25
A008394,2
A008395,1920
A008396,6
A008397,46
A008398,1921
A008399,76
A008400,27
A008401,1922
A008402,1923
A008403,29
A008404,15
A008405,71
A008406,1924
A008407,3
A008408,48
A008409,1925
A008410,100
A008411,30
A008412,31
A008413,95
A008414,56
A008415,78
A008416,53
A008417,10
A008418,63
A008419,1926
A008420,12
A008421,18
A008422,21
A008423,52
A008424,8
A008425,1927
A008426,6
A008427,34
A008428,53
A008429,0
A008430,1928
A008431,1929
A008432,31
A008433,1930
A008434,52
A008435,9
A008436,29
A008437,48
A008438,1931
A008439,30
A008440,0
A008441,50
A008442,70
A008443,39
A008444,75
A008445,49
A008446,22
A008447,51
A008448,57
A008449,13
A008450,97
A008451,50
A008452,1932
A008453,36
A008454,7
A008455,6
A008456,35
A008457,87
A008458,67
A008459,75
A008460,61
A008461,53
A008462,4
A008463,13
A008464,24
A008465,1933
A008466,37
A008467,53
A008468,1934
A008469,1935
A008470,37
A008471,59
A008472,10
A008473,36
A008474,1936
A008475,7
A008476,28
A008477,1937
A008478,1
A008479,60
A008480,49
A008481,1938
A008482,69
A008483,20
A008484,87
A008485,59
A008486,17
A008487,13
A008488,44
A008489,12
A008490,1939
A008491,15
A008492,97
A008493,1940
A008494,56
A008495,1941
A008496,89
A008497,0
A008498,93
A008499,1942
A008500,80
A008501,1943
A008502,68
A008503,65
A008504,61
A008505,5
A008506,1944
A008507,40
A008508,1945
A008509,3
A008510,99
A008511,93
A008512,23
A008513,31
A008514,54
A008515,80
A008516,18
A008517,1946
A008518,62
A008519,1
A008520,41
A008521,1947
A008522,42
A008523,87
A008524,18
A008525,33
A008526,10
A008527,5
A008528,96
A008529,34
A008530,1948
A008531,70
A008532,8
A008533,39
A008534,47
A008535,14
A008536,64
A008537,10
A008538,58
A008539,83
A008540,65
A008541,43
A008542,7
A008543,75
A008544,3
A008545,89
A008546,1949
A008547,1950
A008548,71
A008549,29
A008550,1951
A008551,1952
A008552,47
A008553,36
A008554,20
A008555,1953
A008556,41
A008557,75
A008558,1954
A008559,22
A008560,64
A008561,30
A008562,3
A008563,7
A008564,79
A008565,65
A008566,15
A008567,7
A008568,94
A008569,58
A008570,94
A008571,59
A008572,1955
A008573,14
A008574,30
A008575,26
A008576,67
A008577,65
A008578,1956
A008579,48
A008580,29
A008581,5
A008582,18
A008583,8
A008584,47
A008585,68
A008586,56
A008587,60
A008588,6
A008589,94
A008590,1957
A008591,6
A008592,37
A008593,27
A008594,1
A008595,59
A008596,1958
A008597,28
A008598,87
A008599,1959
A008600,94
A008601,1960
A008602,161
A008603,32
A008604,4
A008605,46
A008606,32
A008607,6
A008608,1961
A008609,34
A008610,1962
A008611,81
A008612,82
A008613,83
A008614,88
A008615,55
A008616,4
A008617,35
A008618,1963
A008619,1
A008620,80
A008621,72
A008622,1964
A008623,7
A008624,67
A008625,40
A008626,58
A008627,79
A008628,1965
A008629,1966
A008630,1967
A008631,10
A008632,1968
A008633,83
A008634,51
A008635,8
A008636,86
A008637,75
A008638,31
A008639,0
A008640,17
A008641,1969
A008642,1970
A008643,1971
A008644,71
A008645,11
A008646,0
A008647,51
A008648,7
A008649,69
A008650,53
A008651,44
A008652,13
A008653,67
A008654,1972
A008655,44
A008656,86
A008657,1973
A008658,71
A008659,35
A008660,16
A008661,1974
A008662,4
A008663,54
A008664,0
A008665,93
A008666,65
A008667,1975
A008668,1976
A008669,38
A008670,36
A008671,6
A008672,90
A008673,13
A008674,16
A008675,52
A008676,4
A008677,85
A008678,16
A008679,1977
A008680,28
A008681,15
A008682,14
A008683,1978
A008684,61
A008685,69
A008686,45
A008687,39
A008688,8
A008689,71
A008690,15
A008691,1979
A008692,67
A008693,34
A008694,3
A008695,1
A008696,1980
A008697,0
A008698,1981
A008699,33
A008700,31
A008701,48
A008702,1982
A008703,1983
A008704,85
A008705,5
A008706,72
A008707,22
A008708,38
A008709,57
A008710,1984
A008711,1985
A008712,87
A008713,31
A008714,8
A008715,34
A008716,4
A008717,1986
A008718,30
A008719,1987
A008720,19
A008721,3
A008722,76
A008723,26
A008724,1988
A008725,18
A008726,8
A008727,11
A008728,1989
A008729,26
A008730,46
A008731,1990
A008732,1991
A008733,10
A008734,31
A008735,7
A008736,89
A008737,1992
A008738,81
A008739,1993
A008740,63
A008741,79
A008742,28
A008743,54
A008744,29
A008745,66
A008746,55
A008747,2
A008748,2
A008749,20
A008750,6
A008751,82
A008752,89
A008753,5
A008754,1994
A008755,82
A008756,78
A008757,48
A008758,77
A008759,32
A008760,17
A008761,1995
A008762,13
A008763,41
A008764,21
A008765,81
A008766,0
A008767,80
A008768,1996
A008769,1997
A008770,36
A008771,48
A008772,21
A008773,30
A008774,7
A008775,1998
A008776,78
A008777,31
A008778,1999
A008779,74
A008780,65
A008781,2000
A008782,4
A008783,46
A008784,35
A008785,20
A008786,12
A008787,4
A008788,45
A008789,2001
A008790,27
A008791,1
A008792,8
A008793,80
A008794,60
A008795,18
A008796,24
A008797,7
A008798,2002
A008799,65
A008800,75
A008801,2003
A008802,100
A008803,2004
A008804,66
A008805,2005
A008806,2006
A008807,67
A008808,2007
A008809,11
A008810,2008
A008811,13
A008812,0
A008813,2009
A008814,17
A008815,49
A008816,28
A008817,46
A008818,24
A008819,2010
A008820,52
A008821,9
A008822,92
A008823,2011
A008824,2012
A008825,5
A008826,2013
A008827,5
A008828,33
A008829,53
A008830,2014
A008831,2015
A008832,2016
A008833,2017
A008834,93
A008835,9
A008836,2018
A008837,45
A008838,40
A008839,9
A008840,48
A008841,65
A008842,2019
A008843,70
A008844,8
A008845,2020
A008846,2021
A008847,71
A008848,77
A008849,3
A008850,43
A008851,2022
A008852,44
A008853,1
A008854,43
A008855,2023
A008856,13
A008857,2024
A008858,46
A008859,2025
A008860,7
A008861,60
A008862,2026
A008863,78
A008864,12
A008865,42
A008866,31
A008867,45
A008868,2027
A008869,2028
A008870,0
A008871,57
A008872,37
A008873,102
A008874,5
A008875,8
A008876,56
A008877,47
A008878,90
A008879,2029
A008880,38
A008881,42
A008882,93
A008883,11
A008884,36
A008885,2030
A008886,46
A008887,11
A008888,38
A008889,11
A008890,64
A008891,2031
A008892,32
A008893,50
A008894,97
A008895,2032
A008896,74
A008897,14
A008898,2033
A008899,20
A008900,49
A008901,53
A008902,34
A008903,39
A008904,70
A008905,2034
A008906,2035
A008907,86
A008908,49
A008909,2
A008910,5
A008911,53
A008912,53
A008913,29
A008914,11
A008915,29
A008916,1
A008917,2036
A008918,59
A008919,2037
A008920,55
A008921,18
A008922,7
A008923,2038
A008924,70
A008925,11
A008926,34
A008927,2039
A008928,98
A008929,68
A008930,19
A008931,6
A008932,66
A008933,40
A008934,25
A008935,79
A008936,99
A008937,62
A008938,2040
A008939,19
A008940,2041
A008941,56
A008942,35
A008943,12
A008944,85
A008945,42
A008946,30
A008947,44
A008948,2
A008949,2042
A008950,100
A008951,90
A008952,64
A008953,4
A008954,34
A008955,8
A008956,46
A008957,67
A008958,2043
A008959,60
A008960,82
A008961,78
A008962,63
A008963,9
A008964,88
A008965,51
A008966,95
A008967,51
A008968,16
A008969,34
A008970,69
A008971,101
A008972,2044
A008973,2045
A008974,2046
A008975,2047
A008976,2048
A008977,86
A008978,63
A008979,23
A008980,69
A008981,13
A008982,75
A008983,46
A008984,2049
A008985,36
A008986,2050
A008987,0
A008988,48
A008989,36
A008990,83
A008991,31
A008992,36
A008993,2051
A008994,0
A008995,93
A008996,12
A008997,19
A008998,66
A008999,24
A009000,2052
A009001,31
A009002,85
A009003,2053
A009004,67
A009005,17
A009006,93
A009007,66
A009008,93
A009009,2054
A009010,64
A009011,2055
A009012,2056
A009013,70
A009014,30
A009015,84
A009016,2057
A009017,2058
A009018,2059
A009019,2060
A009020,9
A009021,2061
A009022,23
A009023,0
A009024,97
A009025,53
A009026,57
A009027,17
A009028,25
A009029,2062
A009030,86
A009031,2
A009032,71
A009033,77
A009034,27
A009035,79
A009036,34
A009037,2063
A009038,4
A009039,95
A009040,2064
A009041,15
A009042,18
A009043,8
A009044,38
A009045,2065
A009046,6
A009047,6
A009048,23
A009049,83
A009050,10
A009051,2066
A009052,86
A009053,66
A009054,2067
A009055,3
A009056,22
A009057,38
A009058,53
A009059,10
A009060,9
A009061,87
A009062,62
A009063,74
A009064,26
A009065,36
A009066,4
A009067,1
A009068,72
A009069,6
A009070,68
A009071,2068
A009072,14
A009073,34
A009074,29
A009075,2069
A009076,96
A009077,4
A009078,23
A009079,58
A009080,10
A009081,56
A009082,2070
A009083,36
A009084,2071
A009085,32
A009086,2072
A009087,3
A009088,2073
A009089,2074
A009090,50
A009091,64
A009092,9
A009093,6
A009094,52
A009095,2075
A009096,3
A009097,78
A009098,2076
A009099,74
A009100,49
A009101,102
A009102,7
A009103,6
A009104,64
A009105,50
A009106,54
A009107,2077
A009108,2078
A009109,2
A009110,1
A009111,73
A009112,29
A009113,2079
A009114,23
A009115,17
A009116,57
A009117,2080
A009118,94
A009119,8
A009120,85
A009121,43
A009122,34
A009123,29
A009124,20
A009125,54
A009126,2081
A009127,38
A009128,16
A009129,17
A009130,39
A009131,2082
A009132,2083
A009133,2084
A009134,30
A009135,91
A009136,48
A009137,34
A009138,9
A009139,44
A009140,98
A009141,18
A009142,2085
A009143,0
A009144,89
A009145,12
A009146,2086
A009147,74
A009148,63
A009149,46
A009150,42
A009151,2087
A009152,4
A009153,28
A009154,53
A009155,16
A009156,2088
A009157,2089
A009158,67
A009159,12
A009160,49
A009161,94
A009162,21
A009163,3
A009164,15
A009165,2090
A009166,72
A009167,2091
A009168,27
A009169,24
A009170,89
A009171,75
A009172,2092
A009173,2093
A009174,84
A009175,20
A009176,13
A009177,82
A009178,60
A009179,2094
A009180,61
A009181,23
A009182,57
A009183,45
A009184,75
A009185,43
A009186,25
A009187,1
A009188,42
A009189,10
A009190,2095
A009191,1
A009192,87
A009193,102
A009194,3
A009195,2096
A009196,2097
A009197,17
A009198,5
A009199,82
A009200,26
A009201,12
A009202,45
A009203,52
A009204,2098
A009205,41
A009206,14
A009207,23
A009208,48
A009209,32
A009210,3
A009211,2099
A009212,17
A009213,2100
A009214,48
A009215,36
A009216,37
A009217,74
A009218,71
A009219,63
A009220,47
A009221,8
A009222,5
A009223,42
A009224,40
A009225,2101
A009226,59
A009227,55
A009228,44
A009229,8
A009230,54
A009231,31
A009232,74
A009233,82
A009234,23
A009235,24
A009236,49
A009237,94
A009238,0
A009239,63
A009240,1
A009241,89
A009242,2102
A009243,19
A009244,147
A009245,2103
A009246,5
A009247,20
A009248,14
A009249,82
A009250,2104
A009251,71
A009252,71
A009253,2105
A009254,2106
A009255,69
A009256,36
A009257,2107
A009258,71
A009259,56
A009260,96
A009261,89
A009262,55
A009263,2108
A009264,70
A009265,2109
A009266,26
A009267,20
A009268,70
A009269,32
A009270,2110
A009271,2111
A009272,36
A009273,23
A009274,48
A009275,2112
A009276,9
A009277,58
A009278,60
A009279,22
A009280,16
A009281,1
A009282,24
A009283,2113
A009284,97
A009285,52
A009286,57
A009287,2114
A009288,43
A009289,2115
A009290,50
A009291,90
A009292,2116
A009293,2117
A009294,16
A009295,12
A009296,83
A009297,2118
A009298,86
A009299,23
A009300,47
A009301,2119
A009302,18
A009303,74
A009304,16
A009305,57
A009306,2120
A009307,2121
A009308,79
A009309,5
A009310,36
A009311,46
A009312,76
A009313,2122
A009314,2123
A009315,52
A009316,61
A009317,2
A009318,3
A009319,68
A009320,159
A009321,43
A009322,98
A009323,29
A009324,2124
A009325,102
A009326,39
A009327,46
A009328,11
A009329,23
A009330,73
A009331,2125
A009332,2126
A009333,97
A009334,35
A009335,58
A009336,2127
A009337,34
A009338,1
A009339,70
A009340,2128
A009341,43
A009342,39
A009343,77
A009344,72
A009345,2129
A009346,2130
A009347,2131
A009348,2132
A009349,60
A009350,79
A009351,44
A009352,13
A009353,27
A009354,23
A009355,102
A009356,88
A009357,45
A009358,2133
A009359,62
A009360,66
A009361,2134
A009362,36
A009363,60
A009364,96
A009365,8
A009366,101
A009367,53
A009368,37
A009369,2135
A009370,45
A009371,38
A009372,24
A009373,55
A009374,3
A009375,9
A009376,30
A009377,55
A009378,97
A009379,96
A009380,2136
A009381,12
A009382,2137
A009383,46
A009384,63
A009385,64
A009386,51
A009387,2138
A009388,23
A009389,2139
A009390,15
A009391,53
A009392,2140
A009393,2141
A009394,2142
A009395,23
A009396,98
A009397,38
A009398,68
A009399,2143
A009400,3
A009401,97
A009402,46
A009403,2144
A009404,2145
A009405,162
A009406,2146
A009407,19
A009408,57
A009409,37
A009410,100
A009411,77
A009412,7
A009413,2147
A009414,55
A009415,19
A009416,74
A009417,4
A009418,64
A009419,10
A009420,2148
A009421,2149
A009422,2150
A009423,65
A009424,3
A009425,48
A009426,2151
A009427,74
A009428,26
A009429,2152
A009430,2153
A009431,43
A009432,76
A009433,30
A009434,70
A009435,2154
A009436,9
A009437,76
A009438,2155
A009439,59
A009440,2156
A009441,2157
A009442,2158
A009443,36
A009444,2159
A009445,34
A009446,2160
A009447,12
A009448,10
A009449,25
A009450,2161
A009451,11
A009452,102
A009453,74
A009454,64
A009455,23
A009456,6
A009457,2162
A009458,59
A009459,39
A009460,13
A009461,0
A009462,2163
A009463,64
A009464,29
A009465,54
A009466,24
A009467,26
A009468,26
A009469,10
A009470,26
A009471,38
A009472,8
A009473,2164
A009474,2165
A009475,20
A009476,67
A009477,79
A009478,3
A009479,88
A009480,7
A009481,81
A009482,2166
A009483,2167
A009484,2168
A009485,97
A009486,66
A009487,15
A009488,92
A009489,2169
A009490,38
A009491,81
A009492,2170
A009493,13
A009494,2171
A009495,2172
A009496,59
A009497,40
A009498,10
A009499,2173
A009500,31
A009501,87
A009502,43
A009503,2174
A009504,93
A009505,60
A009506,69
A009507,55
A009508,9
A009509,2175
A009510,45
A009511,6
A009512,2176
A009513,11
A009514,2177
A009515,71
A009516,27
A009517,9
A009518,2
A009519,54
A009520,2178
A009521,57
A009522,12
A009523,69
A009524,95
A009525,32
A009526,3
A009527,8
A009528,15
A009529,59
A009530,126
A009531,54
A009532,21
A009533,61
A009534,69
A009535,74
A009536,37
A009537,12
A009538,47
A009539,48
A009540,89
A009541,6
A009542,46
A009543,40
A009544,2179
A009545,70
A009546,5
A009547,44
A009548,27
A009549,2180
A009550,132
A009551,52
A009552,80
A009553,2181
A009554,92
A009555,2182
A009556,70
A009557,30
A009558,75
A009559,30
A009560,21
A009561,46
A009562,26
A009563,18
A009564,40
A009565,61
A009566,17
A009567,31
A009568,11
A009569,2183
A009570,18
A009571,2
A009572,40
A009573,93
A009574,90
A009575,0
A009576,6
A009577,29
A009578,2184
A009579,41
A009580,7
A009581,82
A009582,2185
A009583,37
A009584,26
A009585,92
A009586,13
A009587,2
A009588,19
A009589,27
A009590,19
A009591,56
A009592,33
A009593,32
A009594,10
A009595,2186
A009596,12
A009597,55
A009598,64
A009599,32
A009600,0
A009601,25
A009602,6
A009603,13
A009604,100
A009605,4
A009606,22
A009607,2187
A009608,18
A009609,51
A009610,16
A009611,2188
A009612,11
A009613,10
A009614,2189
A009615,19
A009616,59
A009617,39
A009618,79
A009619,15
A009620,34
A009621,89
A009622,38
A009623,2190
A009624,11
A009625,22
A009626,42
A009627,35
A009628,41
A009629,38
A009630,4
A009631,17
A009632,47
A009633,2191
A009634,2192
A009635,92
A009636,71
A009637,89
A009638,14
A009639,6
A009640,2193
A009641,2194
A009642,89
A009643,2195
A009644,2196
A009645,31
A009646,70
A009647,2197
A009648,46
A009649,44
A009650,58
A009651,43
A009652,41
A009653,1
A009654,48
A009655,71
A009656,75
A009657,64
A009658,65
A009659,64
A009660,7
A009661,47
A009662,18
A009663,2198
A009664,10
A009665,2199
A009666,60
A009667,7
A009668,74
A009669,17
A009670,63
A009671,2
A009672,6
A009673,1
A009674,5
A009675,9
A009676,74
A009677,23
A009678,2200
A009679,92
A009680,2201
A009681,64
A009682,28
A009683,47
A009684,2202
A009685,2203
A009686,90
A009687,2204
A009688,2205
A009689,2206
A009690,24
A009691,14
A009692,2207
A009693,14
A009694,2208
A009695,21
A009696,15
A009697,46
A009698,23
A009699,69
A009700,2
A009701,64
A009702,92
A009703,5
A009704,45
A009705,43
A009706,12
A009707,59
A009708,2
A009709,65
A009710,2209
A009711,2210
A009712,73
A009713,41
A009714,69
A009715,2211
A009716,11
A009717,97
A009718,81
A009719,25
A009720,5
A009721,73
A009722,2212
A009723,55
A009724,2213
A009725,36
A009726,58
A009727,16
A009728,6
A009729,2214
A009730,62
A009731,1
A009732,19
A009733,63
A009734,83
A009735,96
A009736,163
A009737,9
A009738,17
A009739,75
A009740,78
A009741,33
A009742,57
A009743,64
A009744,5
A009745,2215
A009746,89
A009747,2216
A009748,2217
A009749,5
A009750,7
A009751,66
A009752,0
A009753,2218
A009754,47
A009755,36
A009756,80
A009757,2219
A009758,11
A009759,11
A009760,98
A009761,16
A009762,50
A009763,78
A009764,90
A009765,37
A009766,2220
A009767,97
A009768,101
A009769,38
A009770,64
A009771,35
A009772,80
A009773,18
A009774,66
A009775,81
A009776,12
A009777,59
A009778,34
A009779,39
A009780,1
A009781,22
A009782,17
A009783,2
A009784,80
A009785,28
A009786,22
A009787,8
A009788,2221
A009789,69
A009790,81
A009791,2222
A009792,9
A009793,95
A009794,2223
A009795,88
A009796,27
A009797,20
A009798,2
A009799,90
A009800,9
A009801,71
A009802,2224
A009803,45
A009804,87
A009805,44
A009806,128
A009807,33
A009808,60
A009809,15
A009810,29
A009811,19
A009812,22
A009813,4
A009814,4
A009815,2225
A009816,21
A009817,77
A009818,12
A009819,16
A009820,1
A009821,50
A009822,23
A009823,80
A009824,2226
A009825,99
A009826,2227
A009827,2228
A009828,31
A009829,78
A009830,70
A009831,60
A009832,2229
A009833,2230
A009834,2231
A009835,58
A009836,2232
A009837,4
A009838,95
A009839,58
A009840,14
A009841,56
A009842,55
A009843,8
A009844,29
A009845,68
A009846,23
A009847,47
A009848,26
A009849,2233
A009850,25
A009851,33
A009852,52
A009853,101
A009854,40
A009855,51
A009856,54
A009857,2234
A009858,92
A009859,2235
A009860,94
A009861,2236
A009862,39
A009863,2237
A009864,2238
A009865,2239
A009866,2240
A009867,80
A009868,2241
A009869,27
A009870,67
A009871,39
A009872,2242
A009873,91
A009874,10
A009875,66
A009876,18
A009877,0
A009878,41
A009879,51
A009880,28
A009881,21
A009882,39
A009883,75
A009884,73
A009885,2243
A009886,55
A009887,97
A009888,76
A009889,2244
A009890,73
A009891,2245
A009892,15
A009893,37
A009894,2246
A009895,64
A009896,96
A009897,2247
A009898,33
A009899,56
A009900,5
A009901,93
A009902,2248
A009903,2249
A009904,39
A009905,68
A009906,74
A009907,47
A009908,47
A009909,2250
A009910,36
A009911,38
A009912,2251
A009913,1
A009914,2252
A009915,35
A009916,70
A009917,83
A009918,102
A009919,74
A009920,68
A009921,83
A009922,91
A009923,39
A009924,15
A009925,74
A009926,2253
A009927,72
A009928,28
A009929,74
A009930,37
A009931,2254
A009932,8
A009933,44
A009934,81
A009935,30
A009936,60
A009937,2255
A009938,64
A009939,41
A009940,63
A009941,29
A009942,56
A009943,5
A009944,16
A009945,72
A009946,63
A009947,68
A009948,94
A009949,60
A009950,56
A009951,2256
A009952,23
A009953,20
A009954,39
A009955,37
A009956,2257
A009957,36
A009958,2258
A009959,6
A009960,57
A009961,2259
A009962,2260
A009963,82
A009964,36
A009965,2261
A009966,2262
A009967,2263
A009968,2264
A009969,62
A009970,51
A009971,65
A009972,86
A009973,51
A009974,8
A009975,2265
A009976,21
A009977,51
A009978,75
A009979,2266
A009980,79
A009981,2267
A009982,2268
A009983,36
A009984,2269
A009985,6
A009986,2270
A009987,29
A009988,80
A009989,81
A009990,23
A009991,49
A009992,97
A009993,2271
A009994,2272
A009995,71
A009996,81
A009997,31
A009998,59
A009999,87
A010000,87
A010001,112
A010002,75
A010003,75
A010004,3
A010005,55
A010006,6
A010007,96
A010008,2273
A010009,81
A010010,47
A010011,63
A010012,3
A010013,10
A010014,2274
A010015,2275
A010016,3
A010017,2276
A010018,35
A010019,82
A010020,0
A010021,2
A010022,0
A010023,3
A010024,40
A010025,22
A010026,2277
A010027,2278
A010028,99
A010029,34
A010030,98
A010031,30
A010032,2279
A010033,2280
A010034,2281
A010035,3
A010036,0
A010037,6
A010038,2282
A010039,45
A010040,74
A010041,164
A010042,2283
A010043,95
A010044,27
A010045,59
A010046,1
A010047,26
A010048,23
A010049,50
A010050,2284
A010051,2285
A010052,54
A010053,68
A010054,13
A010055,49
A010056,2286
A010057,30
A010058,2287
A010059,2288
A010060,85
A010061,25
A010062,24
A010063,22
A010064,44
A010065,2289
A010066,52
A010067,18
A010068,47
A010069,21
A010070,2290
A010071,2291
A010072,51
A010073,41
A010074,29
A010075,5
A010076,62
A010077,3
A010078,81
A010079,65
A010080,0
A010081,96
A010082,1
A010083,0
A010084,50
A010085,50
A010086,40
A010087,47
A010088,77
A010089,2292
A010090,93
A010091,2293
A010092,40
A010093,50
A010094,29
A010095,2
A010096,76
A010097,52
A010098,2294
A010099,59
A010100,80
A010101,26
A010102,97
A010103,64
A010104,2295
A010105,87
A010106,46
A010107,77
A010108,38
A010109,2
A010110,2296
A010111,45
A010112,75
A010113,2
A010114,1
A010115,92
A010116,49
A010117,57
A010118,37
A010119,2297
A010120,79
A010121,33
A010122,76
A010123,46
A010124,27
A010125,18
A010126,165
A010127,93
A010128,64
A010129,65
A010130,2
A010131,24
A010132,19
A010133,0
A010134,50
A010135,43
A010136,2298
A010137,31
A010138,39
A010139,2299
A010140,98
A010141,2300
A010142,9
A010143,55
A010144,38
A010145,2301
A010146,2302
A010147,6
A010148,86
A010149,8
A010150,96
A010151,36
A010152,2303
A010153,2304
A010154,18
A010155,52
A010156,0
A010157,9
A010158,13
A010159,54
A010160,2305
A010161,83
A010162,78
A010163,89
A010164,21
A010165,70
A010166,21
A010167,72
A010168,71
A010169,79
A010170,91
A010171,42
A010172,85
A010173,38
A010174,29
A010175,1
A010176,9
A010177,55
A010178,12
A010179,71
A010180,13
A010181,54
A010182,51
A010183,2306
A010184,25
A010185,38
A010186,57
A010187,2307
A010188,2308
A010189,32
A010190,2
A010191,2309
A010192,18
A010193,2310
A010194,2311
A010195,33
A010196,15
A010197,38
A010198,27
A010199,81
A010200,22
A010201,33
A010202,2312
A010203,2313
A010204,38
A010205,45
A010206,39
A010207,2314
A010208,56
A010209,2315
A010210,53
A010211,46
A010212,100
A010213,13
A010214,47
A010215,100
A010216,57
A010217,2316
A010218,2317
A010219,48
A010220,5
A010221,19
A010222,27
A010223,71
A010224,12
A010225,83
A010226,62
A010227,14
A010228,58
A010229,4
A010230,40
A010231,35
A010232,2318
A010233,16
A010234,42
A010235,48
A010236,63
A010237,18
A010238,3
A010239,67
A010240,100
A010241,2
A010242,1
A010243,8
A010244,92
A010245,84
A010246,8
A010247,75
A010248,74
A010249,65
A010250,2319
A010251,35
A010252,2320
A010253,58
A010254,67
A010255,2321
A010256,2322
A010257,2323
A010258,52
A010259,19
A010260,12
A010261,86
A010262,2324
A010263,2325
A010264,98
A010265,2326
A010266,36
A010267,6
A010268,34
A010269,166
A010270,55
A010271,50
A010272,8
A010273,5
A010274,2327
A010275,32
A010276,42
A010277,2328
A010278,20
A010279,87
A010280,2329
A010281,2
A010282,7
A010283,8
A010284,38
A010285,100
A010286,2330
A010287,2331
A010288,25
A010289,20
A010290,24
A010291,60
A010292,91
A010293,85
A010294,35
A010295,86
A010296,100
A010297,60
A010298,3
A010299,30
A010300,33
A010301,70
A010302,2332
A010303,26
A010304,2333
A010305,44
A010306,57
A010307,70
A010308,2334
A010309,57
A010310,66
A010311,2335
A010312,25
A010313,45
A010314,2336
A010315,118
A010316,1
A010317,57
A010318,1
A010319,25
A010320,44
A010321,47
A010322,2337
A010323,28
A010324,37
A010325,2338
A010326,11
A010327,27
A010328,66
A010329,2339
A010330,8
A010331,0
A010332,98
A010333,2340
A010334,55
A010335,2341
A010336,15
A010337,56
A010338,6
A010339,91
A010340,0
A010341,2342
A010342,2343
A010343,55
A010344,32
A010345,24
A010346,59
A010347,86
A010348,37
A010349,15
A010350,50
A010351,2344
A010352,2345
A010353,49
A010354,60
A010355,35
A010356,69
A010357,2346
A010358,6
A010359,25
A010360,69
A010361,17
A010362,66
A010363,5
A010364,67
A010365,82
A010366,2347
A010367,94
A010368,19
A010369,7
A010370,16
A010371,35
A010372,2348
A010373,57
A010374,17
A010375,24
A010376,65
A010377,55
A010378,2349
A010379,26
A010380,5
A010381,79
A010382,44
A010383,83
A010384,82
A010385,2
A010386,2350
A010387,23
A010388,76
A010389,2351
A010390,33
A010391,35
A010392,57
A010393,55
A010394,8
A010395,61
A010396,2352
A010397,49
A010398,3
A010399,35
A010400,66
A010401,52
A010402,48
A010403,85
A010404,27
A010405,40
A010406,20
A010407,2353
A010408,23
A010409,83
A010410,22
A010411,2
A010412,1
A010413,55
A010414,35
A010415,27
A010416,21
A010417,85
A010418,54
A010419,5
A010420,34
A010421,2354
A010422,62
A010423,31
A010424,30
A010425,2355
A010426,19
A010427,51
A010428,0
A010429,2356
A010430,59
A010431,23
A010432,97
A010433,76
A010434,49
A010435,77
A010436,2357
A010437,2358
A010438,2359
A010439,3
A010440,2360
A010441,98
A010442,50
A010443,12
A010444,15
A010445,2361
A010446,101
A010447,57
A010448,10
A010449,9
A010450,72
A010451,2362
A010452,35
A010453,63
A010454,21
A010455,72
A010456,32
A010457,65
A010458,19
A010459,2363
A010460,13
A010461,10
A010462,48
A010463,31
A010464,68
A010465,2364
A010466,61
A010467,29
A010468,13
A010469,67
A010470,1
A010471,10
A010472,2365
A010473,29
A010474,25
A010475,2366
A010476,14
A010477,68
A010478,68
A010479,17
A010480,13
A010481,2367
A010482,98
A010483,66
A010484,74
A010485,2368
A010486,42
A010487,2369
A010488,57
A010489,5
A010490,18
A010491,2370
A010492,11
A010493,0
A010494,72
A010495,68
A010496,2
A010497,25
A010498,2371
A010499,60
A010500,19
A010501,31
A010502,76
A010503,2372
A010504,24
A010505,43
A010506,91
A010507,30
A010508,12
A010509,90
A010510,101
A010511,81
A010512,37
A010513,19
A010514,102
A010515,52
A010516,2373
A010517,2374
A010518,37
A010519,24
A010520,2375
A010521,38
A010522,0
A010523,64
A010524,39
A010525,90
A010526,20
A010527,2376
A010528,67
A010529,42
A010530,49
A010531,63
A010532,82
A010533,3
A010534,24
A010535,2377
A010536,8
A010537,4
A010538,56
A010539,82
A010540,52
A010541,8
A010542,34
A010543,52
A010544,53
A010545,6
A010546,2378
A010547,2379
A010548,22
A010549,32
A010550,23
A010551,47
A010552,26
A010553,18
A010554,60
A010555,82
A010556,2380
A010557,35
A010558,5
A010559,67
A010560,4
A010561,29
A010562,45
A010563,95
A010564,69
A010565,2381
A010566,167
A010567,4
A010568,36
A010569,2382
A010570,22
A010571,98
A010572,36
A010573,81
A010574,32
A010575,8
A010576,93
A010577,8
A010578,67
A010579,65
A010580,2383
A010581,49
A010582,26
A010583,51
A010584,2384
A010585,20
A010586,53
A010587,37
A010588,82
A010589,71
A010590,66
A010591,13
A010592,6
A010593,4
A010594,8
A010595,50
A010596,29
A010597,21
A010598,2385
A010599,69
A010600,62
A010601,27
A010602,2386
A010603,2387
A010604,78
A010605,2388
A010606,81
A010607,66
A010608,7
A010609,40
A010610,53
A010611,60
A010612,47
A010613,2389
A010614,15
A010615,72
A010616,28
A010617,25
A010618,54
A010619,48
A010620,19
A010621,37
A010622,2390
A010623,79
A010624,17
A010625,15
A010626,36
A010627,70
A010628,2
A010629,47
A010630,78
A010631,101
A010632,78
A010633,2391
A010634,27
A010635,33
A010636,46
A010637,43
A010638,97
A010639,27
A010640,8
A010641,64
A010642,91
A010643,26
A010644,2392
A010645,7
A010646,2393
A010647,2394
A010648,2395
A010649,49
A010650,4
A010651,21
A010652,6
A010653,30
A010654,49
A010655,55
A010656,22
A010657,33
A010658,2396
A010659,67
A010660,2397
A010661,31
A010662,2398
A010663,49
A010664,2399
A010665,91
A010666,6
A010667,37
A010668,2400
A010669,2401
A010670,25
A010671,9
A010672,2402
A010673,47
A010674,52
A010675,2403
A010676,15
A010677,79
A010678,43
A010679,11
A010680,8
A010681,26
A010682,55
A010683,87
A010684,2404
A010685,2405
A010686,2406
A010687,2407
A010688,65
A010689,9
A010690,49
A010691,2408
A010692,29
A010693,28
A010694,91
A010695,25
A010696,49
A010697,72
A010698,20
A010699,32
A010700,66
A010701,4
A010702,2409
A010703,19
A010704,10
A010705,5
A010706,2410
A010707,2411
A010708,2412
A010709,98
A010710,10
A010711,66
A010712,2413
A010713,17
A010714,49
A010715,10
A010716,26
A010717,7
A010718,2414
A010719,50
A010720,70
A010721,49
A010722,2415
A010723,66
A010724,2416
A010725,25
A010726,1
A010727,26
A010728,3
A010729,0
A010730,2417
A010731,61
A010732,25
A010733,43
A010734,2418
A010735,2419
A010736,13
A010737,91
A010738,58
A010739,2420
A010740,30
A010741,65
A010742,7
A010743,2421
A010744,2422
A010745,2423
A010746,51
A010747,2424
A010748,73
A010749,99
A010750,8
A010751,81
A010752,2425
A010753,2426
A010754,99
A010755,2427
A010756,92
A010757,27
A010758,71
A010759,50
A010760,39
A010761,23
A010762,2
A010763,83
A010764,1
A010765,1
A010766,80
A010767,89
A010768,60
A010769,27
A010770,2428
A010771,62
A010772,50
A010773,50
A010774,2429
A010775,12
A010776,102
A010777,69
A010778,61
A010779,34
A010780,2430
A010781,2
A010782,62
A010783,100
A010784,66
A010785,80
A010786,2431
A010787,35
A010788,83
A010789,2432
A010790,0
A010791,52
A010792,40
A010793,41
A010794,0
A010795,14
A010796,75
A010797,41
A010798,88
A010799,30
A010800,2433
A010801,70
A010802,74
A010803,2434
A010804,2435
A010805,2436
A010806,59
A010807,8
A010808,29
A010809,29
A010810,31
A010811,24
A010812,87
A010813,29
A010814,29
A010815,58
A010816,2437
A010817,2438
A010818,53
A010819,44
A010820,55
A010821,17
A010822,62
A010823,10
A010824,35
A010825,6
A010826,17
A010827,2439
A010828,70
A010829,27
A010830,93
A010831,2440
A010832,33
A010833,58
A010834,79
A010835,9
A010836,2441
A010837,27
A010838,2442
A010839,79
A010840,4
A010841,78
A010842,18
A010843,73
A010844,57
A010845,77
A010846,73
A010847,2443
A010848,58
A010849,60
A010850,28
A010851,68
A010852,14
A010853,21
A010854,78
A010855,25
A010856,87
A010857,4
A010858,9
A010859,2444
A010860,7
A010861,83
A010862,0
A010863,19
A010864,89
A010865,2445
A010866,1
A010867,2446
A010868,2447
A010869,90
A010870,96
A010871,2448
A010872,2449
A010873,53
A010874,2
A010875,5
A010876,11
A010877,2450
A010878,4
A010879,85
A010880,98
A010881,4
A010882,100
A010883,2451
A010884,25
A010885,18
A010886,2452
A010887,2453
A010888,33
A010889,1
A010890,95
A010891,99
A010892,30
A010893,43
A010894,21
A010895,58
A010896,34
A010897,83
A010898,90
A010899,2454
A010900,13
A010901,19
A010902,39
A010903,2455
A010904,62
A010905,2456
A010906,2457
A010907,15
A010908,35
A010909,96
A010910,4
A010911,2458
A010912,19
A010913,9
A010914,44
A010915,57
A010916,51
A010917,85
A010918,23
A010919,69
A010920,32
A010921,18
A010922,17
A010923,30
A010924,2459
A010925,2460
A010926,2461
A010927,94
A010928,4
A010929,2462
A010930,54
A010931,48
A010932,32
A010933,2463
A010934,88
A010935,35
A010936,22
A010937,102
A010938,36
A010939,23
A010940,26
A010941,12
A010942,64
A010943,2464
A010944,33
A010945,37
A010946,77
A010947,12
A010948,2465
A010949,23
A010950,43
A010951,2466
A010952,14
A010953,1
A010954,15
A010955,39
A010956,9
A010957,4
A010958,31
A010959,54
A010960,28
A010961,2467
A010962,51
A010963,18
A010964,94
A010965,91
A010966,12
A010967,3
A010968,8
A010969,2468
A010970,93
A010971,79
A010972,8
A010973,39
A010974,2469
A010975,44
A010976,14
A010977,30
A010978,2470
A010979,81
A010980,47
A010981,0
A010982,92
A010983,44
A010984,29
A010985,5
A010986,2471
A010987,9
A010988,24
A010989,4
A010990,101
A010991,2472
A010992,64
A010993,30
A010994,95
A010995,86
A010996,26
A010997,46
A010998,45
A010999,8
A011000,2
A011001,65
A011002,28
A011003,46
A011004,9
A011005,2473
A011006,59
A011007,16
A011008,0
A011009,2474
A011010,46
A011011,24
A011012,18
A011013,65
A011014,71
A011015,10
A011016,4
A011017,58
A011018,2475
A011019,91
A011020,26
A011021,2476
A011022,11
A011023,27
A011024,2477
A011025,99
A011026,18
A011027,2478
A011028,22
A011029,94
A011030,28
A011031,42
A011032,72
A011033,11
A011034,58
A011035,87
A011036,2479
A011037,85
A011038,94
A011039,2480
A011040,101
A011041,16
A011042,2
A011043,84
A011044,2481
A011045,2482
A011046,15
A011047,2483
A011048,21
A011049,42
A011050,4
A011051,4
A011052,2484
A011053,86
A011054,12
A011055,2485
A011056,11
A011057,2486
A011058,8
A011059,33
A011060,6
A011061,44
A011062,18
A011063,30
A011064,12
A011065,96
A011066,2487
A011067,2
A011068,77
A011069,49
A011070,8
A011071,2488
A011072,58
A011073,90
A011074,2
A011075,2489
A011076,98
A011077,87
A011078,13
A011079,54
A011080,48
A011081,7
A011082,75
A011083,18
A011084,2490
A011085,2491
A011086,2492
A011087,96
A011088,38
A011089,47
A011090,96
A011091,80
A011092,10
A011093,6
A011094,9
A011095,2493
A011096,16
A011097,6
A011098,67
A011099,27
A011100,8
A011101,7
A011102,18
A011103,73
A011104,2494
A011105,55
A011106,70
A011107,10
A011108,34
A011109,50
A011110,2495
A011111,50
A011112,2496
A011113,2497
A011114,41
A011115,86
A011116,2498
A011117,33
A011118,2499
A011119,50
A011120,6
A011121,76
A011122,67
A011123,80
A011124,5
A011125,34
A011126,69
A011127,12
A011128,2500
A011129,2501
A011130,5
A011131,77
A011132,52
A011133,38
A011134,10
A011135,94
A011136,12
A011137,70
A011138,2502
A011139,2503
A011140,2504
A011141,26
A011142,68
A011143,45
A011144,95
A011145,9
A011146,16
A011147,2505
A011148,2506
A011149,60
A011150,39
A011151,65
A011152,84
A011153,2507
A011154,63
A011155,2508
A011156,26
A011157,9
A011158,2509
A011159,19
A011160,89
A011161,10
A011162,3
A011163,2510
A011164,5
A011165,60
A011166,34
A011167,2511
A011168,4
A011169,0
A011170,62
A011171,71
A011172,75
A011173,51
A011174,76
A011175,40
A011176,17
A011177,54
A011178,8
A011179,60
A011180,31
A011181,25
A011182,66
A011183,72
A011184,31
A011185,77
A011186,23
A011187,83
A011188,86
A011189,36
A011190,69
A011191,49
A011192,30
A011193,9
A011194,52
A011195,73
A011196,73
A011197,5
A011198,2512
A011199,63
A011200,101
A011201,58
A011202,14
A011203,47
A011204,2513
A011205,2514
A011206,29
A011207,2515
A011208,11
A011209,96
A011210,10
A011211,92
A011212,2516
A011213,9
A011214,2517
A011215,56
A011216,30
A011217,57
A011218,2518
A011219,69
A011220,68
A011221,2519
A011222,2520
A011223,47
A011224,2521
A011225,33
A011226,20
A011227,97
A011228,45
A011229,32
A011230,2
A011231,25
A011232,2522
A011233,63
A011234,101
A011235,27
A011236,5
A011237,36
A011238,32
A011239,2523
A011240,91
A011241,2524
A011242,2525
A011243,5
A011244,13
A011245,2526
A011246,95
A011247,15
A011248,30
A011249,2527
A011250,2
A011251,25
A011252,15
A011253,46
A011254,7
A011255,2528
A011256,50
A011257,70
A011258,94
A011259,42
A011260,2529
A011261,64
A011262,2
A011263,63
A011264,2530
A011265,69
A011266,58
A011267,9
A011268,3
A011269,44
A011270,25
A011271,36
A011272,95
A011273,99
A011274,88
A011275,28
A011276,48
A011277,49
A011278,2531
A011279,9
A011280,57
A011281,2532
A011282,102
A011283,2533
A011284,2534
A011285,30
A011286,81
A011287,17
A011288,5
A011289,10
A011290,92
A011291,2
A011292,2535
A011293,2536
A011294,2537
A011295,70
A011296,77
A011297,41
A011298,2538
A011299,14
A011300,90
A011301,93
A011302,3
A011303,58
A011304,89
A011305,2539
A011306,6
A011307,76
A011308,2540
A011309,11
A011310,2541
A011311,15
A011312,2542
A011313,2543
A011314,2544
A011315,53
A011316,2545
A011317,2
A011318,55
A011319,61
A011320,2546
A011321,53
A011322,17
A011323,20
A011324,44
A011325,11
A011326,14
A011327,2547
A011328,47
A011329,8
A011330,29
A011331,40
A011332,62
A011333,52
A011334,2548
A011335,83
A011336,2549
A011337,11
A011338,86
A011339,2550
A011340,2551
A011341,2552
A011342,5
A011343,56
A011344,2553
A011345,166
A011346,10
A011347,2554
A011348,99
A011349,22
A011350,40
A011351,33
A011352,80
A011353,2555
A011354,2556
A011355,15
A011356,92
A011357,32
A011358,67
A011359,1
A011360,30
A011361,2557
A011362,102
A011363,68
A011364,24
A011365,90
A011366,87
A011367,52
A011368,82
A011369,16
A011370,2558
A011371,40
A011372,33
A011373,9
A011374,0
A011375,2559
A011376,86
A011377,13
A011378,2560
A011379,16
A011380,32
A011381,1
A011382,11
A011383,2561
A011384,73
A011385,56
A011386,56
A011387,65
A011388,12
A011389,34
A011390,2562
A011391,52
A011392,82
A011393,19
A011394,58
A011395,1
A011396,38
A011397,3
A011398,89
A011399,0
A011400,31
A011401,85
A011402,83
A011403,31
A011404,97
A011405,2563
A011406,27
A011407,65
A011408,2564
A011409,3
A011410,15
A011411,2565
A011412,2566
A011413,66
A011414,10
A011415,41
A011416,2567
A011417,97
A011418,52
A011419,86
A011420,2568
A011421,52
A011422,38
A011423,93
A011424,12
A011425,23
A011426,168
A011427,21
A011428,2569
A011429,36
A011430,90
A011431,2570
A011432,25
A011433,2571
A011434,0
A011435,2
A011436,84
A011437,43
A011438,75
A011439,2572
A011440,69
A011441,94
A011442,99
A011443,84
A011444,33
A011445,2573
A011446,15
A011447,42
A011448,22
A011449,2574
A011450,63
A011451,3
A011452,82
A011453,44
A011454,102
A011455,28
A011456,7
A011457,74
A011458,2575
A011459,2576
A011460,2577
A011461,11
A011462,2578
A011463,35
A011464,39
A011465,18
A011466,27
A011467,2579
A011468,2580
A011469,52
A011470,47
A011471,2
A011472,2
A011473,1
A011474,83
A011475,78
A011476,2581
A011477,5
A011478,71
A011479,85
A011480,59
A011481,2582
A011482,2583
A011483,80
A011484,83
A011485,29
A011486,2584
A011487,18
A011488,82
A011489,10
A011490,81
A011491,81
A011492,49
A011493,2585
A011494,63
A011495,69
A011496,15
A011497,19
A011498,34
A011499,2586
A011500,80
A011501,2587
A011502,54
A011503,2
A011504,2588
A011505,15
A011506,2589
A011507,20
A011508,2590
A011509,22
A011510,92
A011511,26
A011512,5
A011513,2591
A011514,7
A011515,37
A011516,17
A011517,2592
A011518,38
A011519,2593
A011520,65
A011521,6
A011522,58
A011523,0
A011524,2594
A011525,99
A011526,47
A011527,20
A011528,2595
A011529,43
A011530,82
A011531,0
A011532,2596
A011533,26
A011534,60
A011535,62
A011536,88
A011537,32
A011538,2597
A011539,60
A011540,0
A011541,2598
A011542,2599
A011543,2600
A011544,2601
A011545,15
A011546,64
A011547,59
A011548,6
A011549,15
A011550,88
A011551,8
A011552,38
A011553,2602
A011554,92
A011555,2603
A011556,93
A011557,2604
A011558,76
A011559,18
A011560,2605
A011561,60
A011562,4
A011563,39
A011564,15
A011565,23
A011566,37
A011567,8
A011568,12
A011569,2606
A011570,24
A011571,79
A011572,89
A011573,16
A011574,96
A011575,55
A011576,24
A011577,15
A011578,9
A011579,81
A011580,2607
A011581,11
A011582,7
A011583,30
A011584,2608
A011585,15
A011586,2609
A011587,91
A011588,2610
A011589,2611
A011590,59
A011591,2612
A011592,71
A011593,2613
A011594,56
A011595,55
A011596,2614
A011597,71
A011598,2615
A011599,21
A011600,2616
A011601,2617
A011602,48
A011603,10
A011604,2618
A011605,6
A011606,2619
A011607,3
A011608,9
A011609,75
A011610,45
A011611,75
A011612,7
A011613,46
A011614,61
A011615,95
A011616,66
A011617,22
A011618,62
A011619,34
A011620,4
A011621,15
A011622,2620
A011623,83
A011624,65
A011625,41
A011626,2621
A011627,23
A011628,79
A011629,2622
A011630,55
A011631,2623
A011632,54
A011633,41
A011634,66
A011635,46
A011636,56
A011637,37
A011638,23
A011639,85
A011640,18
A011641,2624
A011642,32
A011643,2625
A011644,43
A011645,96
A011646,20
A011647,61
A011648,18
A011649,16
A011650,4
A011651,2626
A011652,2627
A011653,19
A011654,32
A011655,26
A011656,2628
A011657,95
A011658,33
A011659,23
A011660,86
A011661,77
A011662,73
A011663,19
A011664,6
A011665,13
A011666,7
A011667,66
A011668,92
A011669,70
A011670,2629
A011671,2630
A011672,20
A011673,3
A011674,35
A011675,38
A011676,39
A011677,2631
A011678,5
A011679,2632
A011680,5
A011681,2633
A011682,19
A011683,63
A011684,50
A011685,59
A011686,77
A011687,60
A011688,1
A011689,15
A011690,2
A011691,76
A011692,9
A011693,25
A011694,33
A011695,60
A011696,44
A011697,17
A011698,2634
A011699,17
A011700,40
A011701,56
A011702,37
A011703,2635
A011704,76
A011705,28
A011706,2636
A011707,0
A011708,2637
A011709,2638
A011710,25
A011711,40
A011712,5
A011713,2639
A011714,13
A011715,15
A011716,38
A011717,72
A011718,51
A011719,86
A011720,2640
A011721,2641
A011722,13
A011723,48
A011724,2642
A011725,42
A011726,64
A011727,40
A011728,58
A011729,7
A011730,20
A011731,13
A011732,37
A011733,2643
A011734,51
A011735,80
A011736,50
A011737,22
A011738,85
A011739,2644
A011740,44
A011741,14
A011742,16
A011743,12
A011744,4
A011745,76
A011746,25
A011747,45
A011748,12
A011749,53
A011750,76
A011751,2645
A011752,11
A011753,2646
A011754,38
A011755,45
A011756,2647
A011757,6
A011758,82
A011759,10
A011760,2648
A011761,101
A011762,2649
A011763,95
A011764,2650
A011765,12
A011766,24
A011767,38
A011768,1
A011769,7
A011770,2651
A011771,1
A011772,24
A011773,57
A011774,91
A011775,50
A011776,53
A011777,2652
A011778,9
A011779,2653
A011780,2654
A011781,70
A011782,52
A011783,1
A011784,16
A011785,20
A011786,57
A011787,9
A011788,53
A011789,68
A011790,2655
A011791,25
A011792,55
A011793,15
A011794,24
A011795,12
A011796,30
A011797,65
A011798,69
A011799,22
A011800,50
A011801,16
A011802,2
A011803,15
A011804,32
A011805,57
A011806,27
A011807,33
A011808,35
A011809,2656
A011810,32
A011811,12
A011812,31
A011813,2657
A011814,58
A011815,2658
A011816,51
A011817,37
A011818,2659
A011819,56
A011820,20
A011821,79
A011822,0
A011823,40
A011824,2660
A011825,66
A011826,73
A011827,55
A011828,76
A011829,17
A011830,64
A011831,97
A011832,2661
A011833,73
A011834,16
A011835,2662
A011836,2663
A011837,41
A011838,2664
A011839,69
A011840,83
A011841,35
A011842,46
A011843,2665
A011844,25
A011845,71
A011846,57
A011847,11
A011848,74
A011849,26
A011850,2666
A011851,12
A011852,2667
A011853,2668
A011854,98
A011855,0
A011856,38
A011857,90
A011858,0
A011859,13
A011860,44
A011861,8
A011862,18
A011863,65
A011864,7
A011865,68
A011866,90
A011867,58
A011868,56
A011869,6
A011870,29
A011871,94
A011872,15
A011873,30
A011874,36
A011875,88
A011876,81
A011877,25
A011878,29
A011879,138
A011880,2669
A011881,82
A011882,1
A011883,25
A011884,19
A011885,16
A011886,44
A011887,2670
A011888,65
A011889,41
A011890,92
A011891,90
A011892,18
A011893,19
A011894,2671
A011895,2672
A011896,29
A011897,2673
A011898,4
A011899,68
A011900,69
A011901,31
A011902,63
A011903,15
A011904,27
A011905,19
A011906,16
A011907,2674
A011908,5
A011909,136
A011910,19
A011911,42
A011912,34
A011913,31
A011914,19
A011915,16
A011916,2675
A011917,57
A011918,20
A011919,53
A011920,87
A011921,23
A011922,62
A011923,2676
A011924,2
A011925,2677
A011926,7
A011927,69
A011928,33
A011929,74
A011930,2678
A011931,20
A011932,2
A011933,98
A011934,21
A011935,59
A011936,2679
A011937,54
A011938,94
A011939,21
A011940,76
A011941,11
A011942,37
A011943,2680
A011944,62
A011945,11
A011946,2681
A011947,45
A011948,2682
A011949,46
A011950,34
A011951,2683
A011952,17
A011953,13
A011954,29
A011955,2684
A011956,94
A011957,77
A011958,2685
A011959,44
A011960,59
A011961,2
A011962,48
A011963,2
A011964,93
A011965,54
A011966,80
A011967,2686
A011968,43
A011969,14
A011970,48
A011971,16
A011972,39
A011973,2687
A011974,70
A011975,2688
A011976,2689
A011977,11
A011978,94
A011979,6
A011980,54
A011981,42
A011982,61
A011983,0
A011984,2690
A011985,7
A011986,36
A011987,14
A011988,2691
A011989,13
A011990,97
A011991,26
A011992,22
A011993,2692
A011994,15
A011995,9
A011996,50
A011997,38
A011998,12
A011999,11
A012000,75
A012001,84
A012002,73
A012003,41
A012004,15
A012005,41
A012006,52
A012007,3
A012008,37
A012009,66
A012010,62
A012011,2693
A012012,42
A012013,77
A012014,91
A012015,61
A012016,93
A012017,2694
A012018,91
A012019,29
A012020,51
A012021,2695
A012022,95
A012023,42
A012024,74
A012025,89
A012026,70
A012027,3
A012028,25
A012029,64
A012030,6
A012031,61
A012032,7
A012033,25
A012034,40
A012035,2696
A012036,2697
A012037,18
A012038,68
A012039,2698
A012040,3
A012041,53
A012042,2699
A012043,76
A012044,34
A012045,32
A012046,2700
A012047,2701
A012048,41
A012049,3
A012050,2702
A012051,84
A012052,22
A012053,9
A012054,28
A012055,2703
A012056,42
A012057,27
A012058,65
A012059,39
A012060,55
A012061,73
A012062,6
A012063,72
A012064,61
A012065,2704
A012066,86
A012067,97
A012068,2705
A012069,75
A012070,55
A012071,93
A012072,2706
A012073,0
A012074,21
A012075,22
A012076,64
A012077,29
A012078,169
A012079,69
A012080,0
A012081,53
A012082,31
A012083,7
A012084,75
A012085,41
A012086,2707
A012087,61
A012088,13
A012089,1
A012090,2708
A012091,20
A012092,26
A012093,2709
A012094,2
A012095,60
A012096,19
A012097,21
A012098,47
A012099,2710
A012100,2711
A012101,81
A012102,2712
A012103,19
A012104,17
A012105,19
A012106,70
A012107,83
A012108,45
A012109,15
A012110,1
A012111,30
A012112,64
A012113,2
A012114,68
A012115,46
A012116,15
A012117,55
A012118,2713
A012119,5
A012120,77
A012121,2714
A012122,68
A012123,73
A012124,96
A012125,2715
A012126,90
A012127,2716
A012128,61
A012129,2717
A012130,2718
A012131,32
A012132,2719
A012133,92
A012134,65
A012135,170
A012136,10
A012137,89
A012138,32
A012139,2720
A012140,30
A012141,11
A012142,49
A012143,2721
A012144,6
A012145,3
A012146,2722
A012147,65
A012148,71
A012149,19
A012150,2723
A012151,2724
A012152,73
A012153,57
A012154,29
A012155,2725
A012156,5
A012157,70
A012158,27
A012159,36
A012160,2726
A012161,66
A012162,42
A012163,70
A012164,27
A012165,67
A012166,75
A012167,19
A012168,53
A012169,7
A012170,88
A012171,50
A012172,2727
A012173,25
A012174,18
A012175,62
A012176,17
A012177,39
A012178,2728
A012179,24
A012180,18
A012181,13
A012182,49
A012183,2729
A012184,76
A012185,36
A012186,2730
A012187,0
A012188,7
A012189,2731
A012190,2732
A012191,41
A012192,32
A012193,3
A012194,14
A012195,32
A012196,16
A012197,47
A012198,20
A012199,2733
A012200,19
A012201,56
A012202,69
A012203,44
A012204,71
A012205,25
A012206,96
A012207,2734
A012208,81
A012209,42
A012210,10
A012211,36
A012212,2
A012213,26
A012214,2735
A012215,50
A012216,23
A012217,13
A012218,86
A012219,79
A012220,48
A012221,11
A012222,2736
A012223,88
A012224,2
A012225,8
A012226,86
A012227,2737
A012228,34
A012229,19
A012230,46
A012231,38
A012232,84
A012233,2738
A012234,2739
A012235,2740
A012236,59
A012237,66
A012238,57
A012239,72
A012240,2741
A012241,12
A012242,76
A012243,26
A012244,51
A012245,48
A012246,4
A012247,12
A012248,13
A012249,68
A012250,21
A012251,2742
A012252,2743
A012253,83
A012254,67
A012255,171
A012256,28
A012257,2744
A012258,72
A012259,4
A012260,35
A012261,0
A012262,99
A012263,2745
A012264,43
A012265,2746
A012266,67
A012267,2747
A012268,2
A012269,54
A012270,13
A012271,6
A012272,54
A012273,46
A012274,78
A012275,2748
A012276,27
A012277,68
A012278,2749
A012279,20
A012280,9
A012281,46
A012282,64
A012283,74
A012284,25
A012285,33
A012286,1
A012287,38
A012288,0
A012289,2750
A012290,15
A012291,49
A012292,31
A012293,1
A012294,42
A012295,2751
A012296,4
A012297,64
A012298,90
A012299,57
A012300,51
A012301,27
A012302,85
A012303,92
A012304,40
A012305,93
A012306,2752
A012307,68
A012308,34
A012309,75
A012310,58
A012311,2
A012312,61
A012313,51
A012314,10
A012315,82
A012316,2753
A012317,2754
A012318,4
A012319,8
A012320,2755
A012321,46
A012322,56
A012323,4
A012324,3
A012325,78
A012326,54
A012327,2756
A012328,81
A012329,10
A012330,93
A012331,30
A012332,42
A012333,65
A012334,29
A012335,43
A012336,2757
A012337,22
A012338,2758
A012339,66
A012340,9
A012341,63
A012342,6
A012343,47
A012344,26
A012345,62
A012346,61
A012347,42
A012348,30
A012349,8
A012350,2759
A012351,2760
A012352,2761
A012353,80
A012354,77
A012355,69
A012356,32
A012357,93
A012358,2762
A012359,2763
A012360,2764
A012361,2765
A012362,47
A012363,2766
A012364,11
A012365,68
A012366,2
A012367,172
A012368,17
A012369,2
A012370,5
A012371,11
A012372,28
A012373,40
A012374,2767
A012375,55
A012376,2768
A012377,41
A012378,51
A012379,38
A012380,16
A012381,31
A012382,0
A012383,55
A012384,2769
A012385,46
A012386,22
A012387,2770
A012388,2771
A012389,70
A012390,2772
A012391,58
A012392,90
A012393,77
A012394,58
A012395,4
A012396,2
A012397,34
A012398,46
A012399,9
A012400,47
A012401,88
A012402,2773
A012403,2774
A012404,53
A012405,39
A012406,75
A012407,53
A012408,33
A012409,3
A012410,2775
A012411,52
A012412,22
A012413,62
A012414,2776
A012415,85
A012416,30
A012417,33
A012418,49
A012419,44
A012420,74
A012421,2777
A012422,66
A012423,52
A012424,27
A012425,36
A012426,7
A012427,1
A012428,102
A012429,2778
A012430,4
A012431,66
A012432,9
A012433,5
A012434,88
A012435,5
A012436,10
A012437,76
A012438,42
A012439,82
A012440,21
A012441,2
A012442,5
A012443,2779
A012444,41
A012445,16
A012446,17
A012447,49
A012448,13
A012449,12
A012450,0
A012451,2780
A012452,64
A012453,47
A012454,2781
A012455,21
A012456,74
A012457,70
A012458,2782
A012459,6
A012460,76
A012461,2783
A012462,51
A012463,2784
A012464,83
A012465,72
A012466,8
A012467,1
A012468,10
A012469,94
A012470,12
A012471,56
A012472,84
A012473,97
A012474,45
A012475,2785
A012476,4
A012477,2786
A012478,70
A012479,2787
A012480,78
A012481,75
A012482,75
A012483,2788
A012484,1
A012485,32
A012486,2789
A012487,85
A012488,8
A012489,65
A012490,2790
A012491,66
A012492,2791
A012493,12
A012494,25
A012495,68
A012496,87
A012497,2792
A012498,91
A012499,94
A012500,2793
A012501,2794
A012502,71
A012503,2795
A012504,26
A012505,2796
A012506,1
A012507,23
A012508,6
A012509,61
A012510,2797
A012511,86
A012512,2798
A012513,2799
A012514,82
A012515,92
A012516,40
A012517,75
A012518,79
A012519,57
A012520,30
A012521,2800
A012522,78
A012523,2801
A012524,6
A012525,2802
A012526,11
A012527,13
A012528,51
A012529,9
A012530,11
A012531,4
A012532,31
A012533,21
A012534,2803
A012535,14
A012536,33
A012537,42
A012538,4
A012539,59
A012540,77
A012541,2
A012542,26
A012543,2804
A012544,57
A012545,2805
A012546,79
A012547,94
A012548,10
A012549,23
A012550,2806
A012551,1
A012552,60
A012553,2807
A012554,68
A012555,94
A012556,2808
A012557,32
A012558,41
A012559,24
A012560,41
A012561,73
A012562,76
A012563,2809
A012564,2810
A012565,47
A012566,2811
A012567,20
A012568,10
A012569,9
A012570,2812
A012571,2813
A012572,19
A012573,46
A012574,55
A012575,43
A012576,2814
A012577,96
A012578,48
A012579,75
A012580,2815
A012581,84
A012582,2816
A012583,2817
A012584,29
A012585,10
A012586,13
A012587,2818
A012588,75
A012589,2819
A012590,87
A012591,50
A012592,25
A012593,27
A012594,2820
A012595,98
A012596,31
A012597,84
A012598,65
A012599,47
A012600,38
A012601,2821
A012602,96
A012603,9
A012604,18
A012605,57
A012606,2822
A012607,2823
A012608,2824
A012609,61
A012610,6
A012611,21
A012612,15
A012613,22
A012614,5
A012615,32
A012616,2825
A012617,36
A012618,29
A012619,21
A012620,38
A012621,72
A012622,40
A012623,3
A012624,76
A012625,57
A012626,2826
A012627,18
A012628,33
A012629,1
A012630,27
A012631,6
A012632,6
A012633,20
A012634,2827
A012635,49
A012636,47
A012637,42
A012638,52
A012639,40
A012640,75
A012641,96
A012642,81
A012643,50
A012644,44
A012645,11
A012646,2
A012647,21
A012648,2828
A012649,74
A012650,2829
A012651,52
A012652,60
A012653,77
A012654,76
A012655,2830
A012656,11
A012657,78
A012658,2831
A012659,78
A012660,32
A012661,44
A012662,2832
A012663,84
A012664,91
A012665,50
A012666,38
A012667,3
A012668,63
A012669,2833
A012670,0
A012671,173
A012672,16
A012673,14
A012674,31
A012675,41
A012676,23
A012677,78
A012678,98
A012679,68
A012680,29
A012681,83
A012682,50
A012683,34
A012684,43
A012685,31
A012686,39
A012687,37
A012688,97
A012689,51
A012690,4
A012691,52
A012692,82
A012693,0
A012694,2
A012695,13
A012696,2834
A012697,54
A012698,1
A012699,15
A012700,77
A012701,61
A012702,49
A012703,0
A012704,13
A012705,82
A012706,61
A012707,0
A012708,51
A012709,42
A012710,174
A012711,60
A012712,17
A012713,2835
A012714,40
A012715,10
A012716,49
A012717,30
A012718,47
A012719,44
A012720,63
A012721,2836
A012722,2837
A012723,86
A012724,2
A012725,2838
A012726,2839
A012727,37
A012728,41
A012729,69
A012730,3
A012731,41
A012732,11
A012733,53
A012734,38
A012735,54
A012736,19
A012737,2840
A012738,44
A012739,46
A012740,42
A012741,2841
A012742,6
A012743,5
A012744,84
A012745,2842
A012746,37
A012747,2843
A012748,60
A012749,9
A012750,14
A012751,30
A012752,24
A012753,31
A012754,42
A012755,38
A012756,21
A012757,37
A012758,56
A012759,36
A012760,2844
A012761,88
A012762,12
A012763,83
A012764,89
A012765,43
A012766,21
A012767,0
A012768,106
A012769,2845
A012770,38
A012771,10
A012772,53
A012773,28
A012774,51
A012775,2846
A012776,88
A012777,83
A012778,88
A012779,59
A012780,69
A012781,2847
A012782,22
A012783,11
A012784,20
A012785,85
A012786,2848
A012787,93
A012788,31
A012789,71
A012790,71
A012791,28
A012792,40
A012793,4
A012794,53
A012795,83
A012796,44
A012797,1
A012798,53
A012799,14
A012800,67
A012801,2849
A012802,40
A012803,7
A012804,40
A012805,14
A012806,11
A012807,67
A012808,1
A012809,2850
A012810,2851
A012811,39
A012812,32
A012813,45
A012814,17
A012815,2852
A012816,7
A012817,4
A012818,51
A012819,2853
A012820,32
A012821,25
A012822,11
A012823,65
A012824,2854
A012825,36
A012826,31
A012827,78
A012828,2855
A012829,75
A012830,22
A012831,26
A012832,71
A012833,91
A012834,37
A012835,56
A012836,29
A012837,89
A012838,2856
A012839,72
A012840,21
A012841,2857
A012842,87
A012843,26
A012844,63
A012845,13
A012846,32
A012847,14
A012848,6
A012849,7
A012850,58
A012851,2
A012852,95
A012853,71
A012854,51
A012855,30
A012856,30
A012857,2858
A012858,61
A012859,99
A012860,2859
A012861,5
A012862,21
A012863,2860
A012864,8
A012865,75
A012866,48
A012867,24
A012868,36
A012869,101
A012870,18
A012871,43
A012872,56
A012873,51
A012874,2861
A012875,22
A012876,14
A012877,93
A012878,20
A012879,45
A012880,83
A012881,13
A012882,51
A012883,50
A012884,22
A012885,1
A012886,5
A012887,16
A012888,99
A012889,15
A012890,14
A012891,21
A012892,51
A012893,63
A012894,24
A012895,25
A012896,12
A012897,64
A012898,16
A012899,2862
A012900,2863
A012901,71
A012902,73
A012903,83
A012904,13
A012905,25
A012906,78
A012907,57
A012908,2864
A012909,7
A012910,2865
A012911,56
A012912,85
A012913,2866
A012914,2867
A012915,41
A012916,18
A012917,2868
A012918,53
A012919,58
A012920,24
A012921,2869
A012922,44
A012923,3
A012924,38
A012925,63
A012926,60
A012927,51
A012928,20
A012929,90
A012930,2870
A012931,27
A012932,2871
A012933,39
A012934,112
A012935,2872
A012936,22
A012937,12
A012938,79
A012939,2873
A012940,74
A012941,97
A012942,2874
A012943,44
A012944,3
A012945,6
A012946,85
A012947,2875
A012948,83
A012949,51
A012950,11
A012951,2876
A012952,2877
A012953,2878
A012954,93
A012955,16
A012956,2879
A012957,4
A012958,1
A012959,51
A012960,84
A012961,50
A012962,59
A012963,32
A012964,2880
A012965,43
A012966,44
A012967,8
A012968,2881
A012969,64
A012970,102
A012971,97
A012972,48
A012973,11
A012974,40
A012975,35
A012976,48
A012977,50
A012978,2882
A012979,22
A012980,59
A012981,2883
A012982,44
A012983,2884
A012984,113
A012985,2885
A012986,92
A012987,58
A012988,23
A012989,20
A012990,96
A012991,2886
A012992,2887
A012993,78
A012994,41
A012995,32
A012996,20
A012997,22
A012998,79
A012999,2888
A013000,70
A013001,2889
A013002,41
A013003,99
A013004,2890
A013005,30
A013006,43
A013007,64
A013008,20
A013009,68
A013010,76
A013011,45
A013012,35
A013013,69
A013014,3
A013015,33
A013016,15
A013017,32
A013018,2891
A013019,62
A013020,11
A013021,41
A013022,41
A013023,27
A013024,75
A013025,7
A013026,8
A013027,23
A013028,53
A013029,2892
A013030,2893
A013031,2894
A013032,3
A013033,69
A013034,51
A013035,37
A013036,11
A013037,54
A013038,2895
A013039,98
A013040,69
A013041,2896
A013042,53
A013043,25
A013044,13
A013045,8
A013046,56
A013047,2897
A013048,100
A013049,2898
A013050,9
A013051,58
A013052,2899
A013053,35
A013054,68
A013055,22
A013056,2900
A013057,2901
A013058,77
A013059,85
A013060,2902
A013061,0
A013062,94
A013063,2903
A013064,49
A013065,2904
A013066,89
A013067,2905
A013068,19
A013069,59
A013070,2906
A013071,79
A013072,6
A013073,37
A013074,3
A013075,26
A013076,74
A013077,20
A013078,21
A013079,45
A013080,16
A013081,83
A013082,7
A013083,33
A013084,52
A013085,74
A013086,17
A013087,61
A013088,2907
A013089,2
A013090,21
A013091,31
A013092,42
A013093,60
A013094,2908
A013095,67
A013096,2909
A013097,70
A013098,50
A013099,85
A013100,0
A013101,2910
A013102,0
A013103,2911
A013104,2912
A013105,43
A013106,16
A013107,51
A013108,35
A013109,2913
A013110,63
A013111,81
A013112,2914
A013113,2915
A013114,2916
A013115,37
A013116,41
A013117,25
A013118,26
A013119,2917
A013120,2918
A013121,10
A013122,38
A013123,56
A013124,19
A013125,61
A013126,24
A013127,81
A013128,100
A013129,49
A013130,44
A013131,93
A013132,15
A013133,3
A013134,2919
A013135,101
A013136,41
A013137,17
A013138,63
A013139,24
A013140,2920
A013141,2921
A013142,28
A013143,62
A013144,59
A013145,69
A013146,31
A013147,29
A013148,2922
A013149,14
A013150,9
A013151,108
A013152,40
A013153,25
A013154,49
A013155,66
A013156,8
A013157,45
A013158,2923
A013159,44
A013160,2924
A013161,12
A013162,2925
A013163,2926
A013164,18
A013165,15
A013166,2927
A013167,39
A013168,2928
A013169,47
A013170,16
A013171,96
A013172,42
A013173,93
A013174,43
A013175,50
A013176,84
A013177,2929
A013178,70
A013179,2930
A013180,13
A013181,35
A013182,18
A013183,43
A013184,175
A013185,6
A013186,52
A013187,74
A013188,98
A013189,68
A013190,4
A013191,68
A013192,91
A013193,66
A013194,2931
A013195,48
A013196,51
A013197,0
A013198,38
A013199,47
A013200,4
A013201,99
A013202,71
A013203,12
A013204,58
A013205,72
A013206,2932
A013207,48
A013208,66
A013209,92
A013210,2933
A013211,102
A013212,71
A013213,2934
A013214,33
A013215,10
A013216,2935
A013217,176
A013218,2936
A013219,99
A013220,79
A013221,2937
A013222,69
A013223,30
A013224,2938
A013225,5
A013226,71
A013227,2939
A013228,2940
A013229,1
A013230,45
A013231,9
A013232,87
A013233,77
A013234,8
A013235,7
A013236,46
A013237,62
A013238,44
A013239,52
A013240,2941
A013241,82
A013242,2
A013243,78
A013244,25
A013245,34
A013246,24
A013247,12
A013248,18
A013249,2942
A013250,64
A013251,61
A013252,18
A013253,35
A013254,28
A013255,2943
A013256,2944
A013257,99
A013258,89
A013259,43
A013260,45
A013261,5
A013262,2
A013263,22
A013264,56
A013265,2945
A013266,46
A013267,2946
A013268,29
A013269,10
A013270,34
A013271,83
A013272,53
A013273,8
A013274,76
A013275,12
A013276,45
A013277,68
A013278,60
A013279,2947
A013280,25
A013281,82
A013282,39
A013283,48
A013284,54
A013285,24
A013286,1
A013287,10
A013288,63
A013289,15
A013290,30
A013291,32
A013292,34
A013293,6
A013294,37
A013295,2948
A013296,70
A013297,87
A013298,2949
A013299,2950
A013300,75
A013301,2951
A013302,2952
A013303,51
A013304,33
A013305,40
A013306,62
A013307,38
A013308,24
A013309,1
A013310,6
A013311,20
A013312,2953
A013313,78
A013314,8
A013315,23
A013316,63
A013317,32
A013318,8
A013319,2954
A013320,15
A013321,2955
A013322,44
A013323,42
A013324,86
A013325,25
A013326,58
A013327,95
A013328,2956
A013329,79
A013330,48
A013331,41
A013332,4
A013333,4
A013334,27
A013335,2
A013336,78
A013337,83
A013338,26
A013339,2957
A013340,22
A013341,2958
A013342,43
A013343,2959
A013344,65
A013345,48
A013346,27
A013347,88
A013348,21
A013349,2960
A013350,56
A013351,2961
A013352,59
A013353,47
A013354,2962
A013355,31
A013356,100
A013357,2963
A013358,30
A013359,47
A013360,2964
A013361,96
A013362,41
A013363,38
A013364,51
A013365,42
A013366,2965
A013367,6
A013368,95
A013369,2966
A013370,84
A013371,2967
A013372,2968
A013373,26
A013374,86
A013375,61
A013376,58
A013377,11
A013378,15
A013379,24
A013380,58
A013381,92
A013382,4
A013383,2969
A013384,71
A013385,19
A013386,100
A013387,10
A013388,26
A013389,99
A013390,57
A013391,40
A013392,49
A013393,56
A013394,14
A013395,63
A013396,2970
A013397,29
A013398,93
A013399,15
A013400,2971
A013401,34
A013402,89
A013403,18
A013404,77
A013405,2972
A013406,88
A013407,2973
A013408,60
A013409,23
A013410,18
A013411,2974
A013412,24
A013413,65
A013414,81
A013415,43
A013416,2975
A013417,2976
A013418,42
A013419,49
A013420,2977
A013421,48
A013422,62
A013423,69
A013424,24
A013425,39
A013426,8
A013427,65
A013428,2978
A013429,91
A013430,29
A013431,97
A013432,82
A013433,30
A013434,15
A013435,13
A013436,7
A013437,73
A013438,33
A013439,95
A013440,21
A013441,18
A013442,2979
A013443,33
A013444,23
A013445,49
A013446,20
A013447,2980
A013448,84
A013449,35
A013450,88
A013451,48
A013452,2981
A013453,4
A013454,93
A013455,2982
A013456,66
A013457,2983
A013458,63
A013459,2984
A013460,2985
A013461,26
A013462,65
A013463,12
A013464,73
A013465,19
A013466,68
A013467,74
A013468,2986
A013469,11
A013470,20
A013471,99
A013472,177
A013473,9
A013474,88
A013475,54
A013476,43
A013477,77
A013478,2987
A013479,2
A013480,7
A013481,39
A013482,76
A013483,2988
A013484,41
A013485,2989
A013486,56
A013487,6
A013488,95
A013489,58
A013490,2
A013491,11
A013492,37
A013493,98
A013494,46
A013495,58
A013496,6
A013497,92
A013498,2990
A013499,40
A013500,39
A013501,77
A013502,23
A013503,29
A013504,101
A013505,17
A013506,2991
A013507,11
A013508,2992
A013509,2993
A013510,2994
A013511,52
A013512,5
A013513,11
A013514,2995
A013515,1
A013516,12
A013517,71
A013518,2996
A013519,83
A013520,54
A013521,21
A013522,84
A013523,61
A013524,2997
A013525,92
A013526,2
A013527,2998
A013528,26
A013529,39
A013530,9
A013531,41
A013532,2999
A013533,37
A013534,40
A013535,26
A013536,41
A013537,82
A013538,43
A013539,55
A013540,22
A013541,22
A013542,90
A013543,71
A013544,6
A013545,29
A013546,3
A013547,3000
A013548,44
A013549,40
A013550,67
A013551,1
A013552,3001
A013553,21
A013554,2
A013555,18
A013556,38
A013557,16
A013558,70
A013559,10
A013560,91
A013561,12
A013562,66
A013563,3002
A013564,66
A013565,0
A013566,42
A013567,78
A013568,23
A013569,46
A013570,3003
A013571,56
A013572,11
A013573,42
A013574,18
A013575,3004
A013576,19
A013577,1
A013578,3005
A013579,69
A013580,27
A013581,50
A013582,6
A013583,3006
A013584,18
A013585,27
A013586,94
A013587,54
A013588,9
A013589,11
A013590,31
A013591,38
A013592,3007
A013593,3008
A013594,38
A013595,62
A013596,3009
A013597,73
A013598,29
A013599,83
A013600,47
A013601,3010
A013602,21
A013603,54
A013604,33
A013605,95
A013606,1
A013607,3011
A013608,49
A013609,3012
A013610,88
A013611,54
A013612,2
A013613,56
A013614,3013
A013615,3014
A013616,3015
A013617,69
A013618,3016
A013619,81
A013620,2
A013621,23
A013622,6
A013623,17
A013624,3017
A013625,67
A013626,38
A013627,52
A013628,16
A013629,16
A013630,34
A013631,3018
A013632,99
A013633,59
A013634,69
A013635,31
A013636,3019
A013637,53
A013638,3020
A013639,43
A013640,5
A013641,53
A013642,1
A013643,12
A013644,10
A013645,3021
A013646,28
A013647,56
A013648,3022
A013649,9
A013650,3023
A013651,3024
A013652,71
A013653,18
A013654,3025
A013655,26
A013656,17
A013657,54
A013658,31
A013659,6
A013660,3026
A013661,37
A013662,6
A013663,0
A013664,3027
A013665,3028
A013666,1
A013667,99
A013668,70
A013669,34
A013670,101
A013671,23
A013672,3029
A013673,3030
A013674,178
A013675,87
A013676,47
A013677,37
A013678,4
A013679,42
A013680,3031
A013681,81
A013682,3032
A013683,17
A013684,3033
A013685,21
A013686,92
A013687,54
A013688,80
A013689,28
A013690,19
A013691,66
A013692,53
A013693,3034
A013694,31
A013695,88
A013696,96
A013697,49
A013698,4
A013699,3035
A013700,19
A013701,88
A013702,3036
A013703,33
A013704,3037
A013705,2
A013706,3038
A013707,3039
A013708,0
A013709,12
A013710,0
A013711,85
A013712,37
A013713,3040
A013714,4
A013715,14
A013716,35
A013717,6
A013718,34
A013719,51
A013720,60
A013721,3041
A013722,2
A013723,3042
A013724,75
A013725,12
A013726,1
A013727,0
A013728,89
A013729,57
A013730,52
A013731,34
A013732,30
A013733,19
A013734,8
A013735,62
A013736,3043
A013737,57
A013738,66
A013739,35
A013740,21
A013741,96
A013742,34
A013743,26
A013744,7
A013745,21
A013746,42
A013747,3044
A013748,3045
A013749,55
A013750,179
A013751,59
A013752,3046
A013753,3047
A013754,93
A013755,3048
A013756,3
A013757,42
A013758,39
A013759,44
A013760,76
A013761,72
A013762,0
A013763,55
A013764,36
A013765,1
A013766,9
A013767,52
A013768,53
A013769,32
A013770,72
A013771,31
A013772,14
A013773,3049
A013774,46
A013775,28
A013776,7
A013777,84
A013778,30
A013779,68
A013780,10
A013781,87
A013782,16
A013783,3050
A013784,3051
A013785,8
A013786,69
A013787,89
A013788,10
A013789,48
A013790,27
A013791,3052
A013792,11
A013793,2
A013794,31
A013795,7
A013796,45
A013797,3053
A013798,9
A013799,18
A013800,3
A013801,95
A013802,36
A013803,10
A013804,3054
A013805,39
A013806,3055
A013807,13
A013808,90
A013809,3056
A013810,17
A013811,96
A013812,25
A013813,84
A013814,38
A013815,59
A013816,52
A013817,81
A013818,40
A013819,4
A013820,69
A013821,90
A013822,44
A013823,19
A013824,25
A013825,82
A013826,19
A013827,3057
A013828,10
A013829,36
A013830,78
A013831,4
A013832,52
A013833,8
A013834,47
A013835,6
A013836,89
A013837,8
A013838,51
A013839,56
A013840,3058
A013841,78
A013842,28
A013843,73
A013844,62
A013845,89
A013846,3059
A013847,3060
A013848,28
A013849,66
A013850,3061
A013851,14
A013852,83
A013853,52
A013854,82
A013855,3062
A013856,45
A013857,20
A013858,69
A013859,50
A013860,92
A013861,80
A013862,16
A013863,66
A013864,3
A013865,3063
A013866,53
A013867,8
A013868,47
A013869,3064
A013870,56
A013871,94
A013872,3065
A013873,6
A013874,63
A013875,83
A013876,37
A013877,17
A013878,31
A013879,52
A013880,8
A013881,28
A013882,18
A013883,43
A013884,45
A013885,71
A013886,13
A013887,12
A013888,4
A013889,58
A013890,57
A013891,3066
A013892,34
A013893,3067
A013894,3068
A013895,3069
A013896,55
A013897,1
A013898,3070
A013899,29
A013900,13
A013901,69
A013902,13
A013903,58
A013904,35
A013905,50
A013906,31
A013907,27
A013908,3071
A013909,1
A013910,2
A013911,83
A013912,71
A013913,3072
A013914,43
A013915,32
A013916,3073
A013917,65
A013918,7
A013919,18
A013920,45
A013921,32
A013922,20
A013923,72
A013924,91
A013925,3074
A013926,24
A013927,38
A013928,9
A013929,96
A013930,60
A013931,3075
A013932,3076
A013933,98
A013934,50
A013935,51
A013936,24
A013937,0
A013938,42
A013939,72
A013940,21
A013941,1
A013942,13
A013943,3077
A013944,3078
A013945,54
A013946,16
A013947,4
A013948,47
A013949,68
A013950,49
A013951,101
A013952,31
A013953,3079
A013954,83
A013955,7
A013956,16
A013957,57
A013958,25
A013959,3080
A013960,2
A013961,47
A013962,65
A013963,5
A013964,3081
A013965,50
A013966,45
A013967,24
A013968,81
A013969,68
A013970,70
A013971,41
A013972,70
A013973,65
A013974,3082
A013975,2
A013976,3083
A013977,92
A013978,91
A013979,14
A013980,88
A013981,17
A013982,77
A013983,54
A013984,91
A013985,63
A013986,48
A013987,49
A013988,3084
A013989,22
A013990,13
A013991,14
A013992,3085
A013993,4
A013994,73
A013995,18
A013996,46
A013997,15
A013998,14
A013999,3086
A014000,2
A014001,95
A014002,3087
A014003,51
A014004,12
A014005,16
A014006,25
A014007,52
A014008,24
A014009,35
A014010,20
A014011,7
A014012,21
A014013,61
A014014,10
A014015,65
A014016,43
A014017,80
A014018,73
A014019,78
A014020,0
A014021,8
A014022,36
A014023,46
A014024,24
A014025,30
A014026,31
A014027,87
A014028,97
A014029,72
A014030,54
A014031,44
A014032,50
A014033,3088
A014034,85
A014035,70
A014036,27
A014037,80
A014038,56
A014039,30
A014040,3089
A014041,42
A014042,93
A014043,72
A014044,1
A014045,29
A014046,3090
A014047,91
A014048,8
A014049,3091
A014050,90
A014051,3092
A014052,27
A014053,3093
A014054,80
A014055,47
A014056,3094
A014057,77
A014058,12
A014059,3095
A014060,9
A014061,25
A014062,24
A014063,32
A014064,36
A014065,56
A014066,79
A014067,3096
A014068,30
A014069,67
A014070,1
A014071,11
A014072,27
A014073,44
A014074,40
A014075,3
A014076,3097
A014077,16
A014078,17
A014079,7
A014080,86
A014081,10
A014082,54
A014083,2
A014084,26
A014085,64
A014086,3098
A014087,3099
A014088,29
A014089,7
A014090,31
A014091,11
A014092,60
A014093,40
A014094,3100
A014095,56
A014096,24
A014097,77
A014098,74
A014099,3101
A014100,26
A014101,3102
A014102,3103
A014103,55
A014104,34
A014105,3104
A014106,2
A014107,48
A014108,54
A014109,1
A014110,46
A014111,3105
A014112,3106
A014113,3
A014114,15
A014115,75
A014116,33
A014117,6
A014118,1
A014119,3107
A014120,66
A014121,24
A014122,3108
A014123,14
A014124,32
A014125,21
A014126,44
A014127,16
A014128,57
A014129,46
A014130,3109
A014131,32
A014132,58
A014133,26
A014134,20
A014135,61
A014136,85
A014137,38
A014138,5
A014139,14
A014140,78
A014141,2
A014142,64
A014143,48
A014144,17
A014145,57
A014146,13
A014147,21
A014148,3110
A014149,63
A014150,24
A014151,165
A014152,44
A014153,4
A014154,31
A014155,74
A014156,22
A014157,29
A014158,42
A014159,81
A014160,3111
A014161,3112
A014162,6
A014163,71
A014164,0
A014165,48
A014166,47
A014167,3113
A014168,3114
A014169,12
A014170,3115
A014171,15
A014172,3116
A014173,3117
A014174,11
A014175,58
A014176,85
A014177,26
A014178,3118
A014179,3119
A014180,45
A014181,57
A014182,19
A014183,29
A014184,4
A014185,54
A014186,26
A014187,3
A014188,80
A014189,3120
A014190,60
A014191,24
A014192,3121
A014193,3
A014194,3122
A014195,80
A014196,36
A014197,3123
A014198,3
A014199,6
A014200,3124
A014201,87
A014202,56
A014203,3125
A014204,56
A014205,10
A014206,3126
A014207,9
A014208,78
A014209,3127
A014210,3128
A014211,3129
A014212,51
A014213,23
A014214,9
A014215,3130
A014216,80
A014217,89
A014218,25
A014219,3131
A014220,28
A014221,7
A014222,3132
A014223,23
A014224,3133
A014225,3134
A014226,8
A014227,38
A014228,66
A014229,72
A014230,60
A014231,4
A014232,77
A014233,14
A014234,23
A014235,3135
A014236,22
A014237,67
A014238,64
A014239,33
A014240,99
A014241,78
A014242,180
A014243,16
A014244,88
A014245,0
A014246,11
A014247,3
A014248,46
A014249,52
A014250,64
A014251,3136
A014252,3137
A014253,78
A014254,52
A014255,13
A014256,3138
A014257,67
A014258,12
A014259,3139
A014260,3140
A014261,3141
A014262,5
A014263,57
A014264,46
A014265,38
A014266,84
A014267,20
A014268,3142
A014269,37
A014270,19
A014271,92
A014272,12
A014273,21
A014274,47
A014275,68
A014276,47
A014277,40
A014278,70
A014279,12
A014280,3143
A014281,22
A014282,44
A014283,36
A014284,3144
A014285,3145
A014286,3146
A014287,89
A014288,82
A014289,14
A014290,79
A014291,53
A014292,95
A014293,28
A014294,78
A014295,3147
A014296,3148
A014297,92
A014298,3149
A014299,37
A014300,67
A014301,62
A014302,14
A014303,45
A014304,6
A014305,3150
A014306,45
A014307,82
A014308,3151
A014309,3152
A014310,3153
A014311,3154
A014312,8
A014313,3155
A014314,98
A014315,1
A014316,3156
A014317,66
A014318,3157
A014319,3158
A014320,5
A014321,23
A014322,15
A014323,47
A014324,92
A014325,61
A014326,44
A014327,3159
A014328,4
A014329,8
A014330,37
A014331,84
A014332,61
A014333,28
A014334,3160
A014335,83
A014336,66
A014337,77
A014338,56
A014339,73
A014340,84
A014341,34
A014342,67
A014343,3161
A014344,16
A014345,13
A014346,3162
A014347,88
A014348,59
A014349,3163
A014350,3
A014351,8
A014352,0
A014353,94
A014354,49
A014355,3164
A014356,1
A014357,76
A014358,82
A014359,68
A014360,6
A014361,58
A014362,27
A014363,77
A014364,3165
A014365,84
A014366,63
A014367,53
A014368,17
A014369,46
A014370,58
A014371,65
A014372,3166
A014373,3167
A014374,67
A014375,63
A014376,4
A014377,74
A014378,45
A014379,2
A014380,19
A014381,92
A014382,69
A014383,83
A014384,38
A014385,3168
A014386,14
A014387,20
A014388,3169
A014389,25
A014390,3170
A014391,85
A014392,93
A014393,37
A014394,62
A014395,69
A014396,61
A014397,3171
A014398,54
A014399,3172
A014400,3173
A014401,46
A014402,3174
A014403,64
A014404,13
A014405,3175
A014406,0
A014407,10
A014408,73
A014409,18
A014410,20
A014411,88
A014412,52
A014413,23
A014414,7
A014415,55
A014416,3176
A014417,3177
A014418,102
A014419,17
A014420,23
A014421,3178
A014422,98
A014423,3179
A014424,84
A014425,14
A014426,92
A014427,3180
A014428,62
A014429,89
A014430,49
A014431,1
A014432,14
A014433,3181
A014434,95
A014435,6
A014436,58
A014437,102
A014438,47
A014439,35
A014440,3182
A014441,49
A014442,13
A014443,31
A014444,63
A014445,141
A014446,13
A014447,79
A014448,77
A014449,39
A014450,35
A014451,62
A014452,52
A014453,53
A014454,85
A014455,77
A014456,3183
A014457,3184
A014458,12
A014459,87
A014460,3185
A014461,76
A014462,19
A014463,18
A014464,48
A014465,42
A014466,3186
A014467,5
A014468,60
A014469,67
A014470,44
A014471,2
A014472,68
A014473,47
A014474,3187
A014475,78
A014476,3
A014477,3188
A014478,45
A014479,21
A014480,3189
A014481,64
A014482,3
A014483,63
A014484,83
A014485,0
A014486,52
A014487,44
A014488,102
A014489,51
A014490,3190
A014491,11
A014492,10
A014493,3
A014494,76
A014495,83
A014496,39
A014497,3191
A014498,2
A014499,9
A014500,21
A014501,5
A014502,35
A014503,50
A014504,11
A014505,2
A014506,79
A014507,3192
A014508,66
A014509,78
A014510,59
A014511,94
A014512,3193
A014513,9
A014514,40
A014515,3194
A014516,64
A014517,3195
A014518,3196
A014519,19
A014520,19
A014521,56
A014522,3197
A014523,4
A014524,3198
A014525,1
A014526,27
A014527,12
A014528,66
A014529,37
A014530,4
A014531,9
A014532,3199
A014533,42
A014534,3200
A014535,16
A014536,46
A014537,58
A014538,55
A014539,83
A014540,6
A014541,57
A014542,7
A014543,3201
A014544,16
A014545,13
A014546,36
A014547,172
A014548,3202
A014549,3203
A014550,181
A014551,3204
A014552,99
A014553,3205
A014554,8
A014555,44
A014556,38
A014557,3206
A014558,29
A014559,13
A014560,3207
A014561,56
A014562,85
A014563,43
A014564,56
A014565,17
A014566,67
A014567,52
A014568,3
A014569,3208
A014570,13
A014571,38
A014572,34
A014573,10
A014574,71
A014575,4
A014576,6
A014577,3209
A014578,1
A014579,13
A014580,65
A014581,6
A014582,89
A014583,3210
A014584,55
A014585,2
A014586,75
A014587,3211
A014588,69
A014589,100
A014590,3212
A014591,97
A014592,3213
A014593,40
A014594,24
A014595,1
A014596,17
A014597,63
A014598,3214
A014599,86
A014600,98
A014601,15
A014602,40
A014603,9
A014604,58
A014605,0
A014606,32
A014607,23
A014608,15
A014609,29
A014610,31
A014611,19
A014612,3215
A014613,60
A014614,0
A014615,32
A014616,3216
A014617,46
A014618,3217
A014619,60
A014620,71
A014621,3218
A014622,6
A014623,94
A014624,96
A014625,149
A014626,46
A014627,9
A014628,63
A014629,3219
A014630,37
A014631,3220
A014632,2
A014633,69
A014634,3221
A014635,3222
A014636,85
A014637,42
A014638,36
A014639,68
A014640,75
A014641,7
A014642,78
A014643,20
A014644,95
A014645,1
A014646,76
A014647,22
A014648,1
A014649,63
A014650,28
A014651,26
A014652,79
A014653,40
A014654,31
A014655,3223
A014656,43
A014657,2
A014658,7
A014659,74
A014660,16
A014661,93
A014662,64
A014663,47
A014664,3224
A014665,1
A014666,12
A014667,1
A014668,30
A014669,3225
A014670,21
A014671,14
A014672,79
A014673,76
A014674,51
A014675,93
A014676,52
A014677,36
A014678,100
A014679,4
A014680,14
A014681,36
A014682,80
A014683,12
A014684,8
A014685,44
A014686,19
A014687,13
A014688,76
A014689,3226
A014690,61
A014691,75
A014692,17
A014693,42
A014694,22
A014695,57
A014696,69
A014697,1
A014698,30
A014699,3227
A014700,12
A014701,29
A014702,3228
A014703,58
A014704,10
A014705,51
A014706,81
A014707,87
A014708,63
A014709,58
A014710,48
A014711,0
A014712,26
A014713,3229
A014714,38
A014715,73
A014716,3230
A014717,11
A014718,86
A014719,25
A014720,59
A014721,94
A014722,3231
A014723,3232
A014724,8
A014725,44
A014726,3233
A014727,3234
A014728,3235
A014729,11
A014730,43
A014731,85
A014732,92
A014733,54
A014734,88
A014735,89
A014736,45
A014737,64
A014738,17
A014739,50
A014740,52
A014741,35
A014742,15
A014743,3236
A014744,1
A014745,23
A014746,30
A014747,13
A014748,4
A014749,3237
A014750,102
A014751,67
A014752,84
A014753,3238
A014754,3239
A014755,79
A014756,5
A014757,13
A014758,63
A014759,59
A014760,3240
A014761,33
A014762,8
A014763,3241
A014764,9
A014765,45
A014766,83
A014767,69
A014768,3242
A014769,95
A014770,94
A014771,3243
A014772,101
A014773,3244
A014774,48
A014775,3245
A014776,71
A014777,44
A014778,3246
A014779,3247
A014780,98
A014781,31
A014782,3248
A014783,34
A014784,53
A014785,55
A014786,3249
A014787,3250
A014788,182
A014789,21
A014790,29
A014791,78
A014792,88
A014793,44
A014794,99
A014795,3251
A014796,114
A014797,26
A014798,53
A014799,23
A014800,9
A014801,68
A014802,3
A014803,3252
A014804,34
A014805,37
A014806,66
A014807,81
A014808,7
A014809,1
A014810,9
A014811,6
A014812,3253
A014813,19
A014814,69
A014815,50
A014816,45
A014817,74
A014818,55
A014819,72
A014820,3254
A014821,3255
A014822,3256
A014823,37
A014824,10
A014825,95
A014826,19
A014827,18
A014828,4
A014829,77
A014830,7
A014831,3257
A014832,20
A014833,183
A014834,18
A014835,43
A014836,82
A014837,76
A014838,7
A014839,3258
A014840,42
A014841,18
A014842,18
A014843,37
A014844,9
A014845,51
A014846,20
A014847,97
A014848,68
A014849,3259
A014850,12
A014851,3260
A014852,102
A014853,5
A014854,19
A014855,96
A014856,3
A014857,79
A014858,62
A014859,25
A014860,31
A014861,3261
A014862,3262
A014863,44
A014864,3263
A014865,36
A014866,184
A014867,11
A014868,76
A014869,13
A014870,1
A014871,16
A014872,3264
A014873,3265
A014874,65
A014875,56
A014876,52
A014877,51
A014878,1
A014879,89
A014880,3266
A014881,9
A014882,11
A014883,34
A014884,8
A014885,46
A014886,3267
A014887,79
A014888,4
A014889,56
A014890,70
A014891,28
A014892,3268
A014893,3269
A014894,11
A014895,3270
A014896,3271
A014897,129
A014898,3272
A014899,17
A014900,19
A014901,67
A014902,19
A014903,3273
A014904,16
A014905,31
A014906,95
A014907,49
A014908,3274
A014909,87
A014910,72
A014911,3275
A014912,73
A014913,54
A014914,3276
A014915,3277
A014916,79
A014917,42
A014918,3278
A014919,82
A014920,47
A014921,31
A014922,1
A014923,33
A014924,84
A014925,91
A014926,102
A014927,66
A014928,3279
A014929,12
A014930,21
A014931,44
A014932,3280
A014933,63
A014934,6
A014935,72
A014936,25
A014937,3281
A014938,65
A014939,44
A014940,100
A014941,22
A014942,95
A014943,3282
A014944,40
A014945,3283
A014946,3284
A014947,89
A014948,62
A014949,1
A014950,49
A014951,0
A014952,23
A014953,11
A014954,99
A014955,14
A014956,3
A014957,86
A014958,28
A014959,3285
A014960,62
A014961,3
A014962,3286
A014963,3287
A014964,75
A014965,30
A014966,48
A014967,80
A014968,3288
A014969,1
A014970,95
A014971,83
A014972,22
A014973,20
A014974,37
A014975,3289
A014976,53
A014977,13
A014978,4
A014979,79
A014980,39
A014981,70
A014982,11
A014983,47
A014984,25
A014985,3
A014986,37
A014987,25
A014988,51
A014989,58
A014990,80
A014991,3290
A014992,5
A014993,11
A014994,76
A014995,13
A014996,31
A014997,32
A014998,88
A014999,24
A015000,1
A015001,3291
A015002,3292
A015003,13
A015004,63
A015005,6
A015006,43
A015007,0
A015008,67
A015009,64
A015010,7
A015011,58
A015012,3293
A015013,40
A015014,1
A015015,3294
A015016,50
A015017,3295
A015018,98
A015019,40
A015020,87
A015021,41
A015022,22
A015023,49
A015024,36
A015025,5
A015026,3296
A015027,10
A015028,65
A015029,0
A015030,9
A015031,3297
A015032,63
A015033,3298
A015034,3299
A015035,13
A015036,25
A015037,57
A015038,42
A015039,14
A015040,3300
A015041,7
A015042,5
A015043,8
A015044,22
A015045,12
A015046,26
A015047,54
A015048,95
A015049,74
A015050,28
A015051,6
A015052,16
A015053,3301
A015054,55
A015055,14
A015056,86
A015057,87
A015058,3302
A015059,3303
A015060,39
A015061,85
A015062,1
A015063,59
A015064,5
A015065,175
A015066,75
A015067,33
A015068,3304
A015069,14
A015070,95
A015071,41
A015072,3305
A015073,7
A015074,6
A015075,72
A015076,6
A015077,32
A015078,27
A015079,3306
A015080,52
A015081,3307
A015082,13
A015083,3308
A015084,95
A015085,4
A015086,8
A015087,3309
A015088,31
A015089,3310
A015090,3311
A015091,94
A015092,6
A015093,61
A015094,81
A015095,47
A015096,57
A015097,59
A015098,96
A015099,58
A015100,60
A015101,36
A015102,14
A015103,59
A015104,14
A015105,88
A015106,19
A015107,31
A015108,65
A015109,3312
A015110,19
A015111,55
A015112,35
A015113,59
A015114,3313
A015115,84
A015116,3314
A015117,82
A015118,16
A015119,3315
A015120,11
A015121,98
A015122,42
A015123,33
A015124,52
A015125,45
A015126,26
A015127,1
A015128,68
A015129,38
A015130,18
A015131,3316
A015132,3317
A015133,3318
A015134,26
A015135,19
A015136,48
A015137,22
A015138,21
A015139,29
A015140,1
A015141,3319
A015142,3320
A015143,3321
A015144,9
A015145,60
A015146,54
A015147,14
A015148,94
A015149,3322
A015150,20
A015151,17
A015152,55
A015153,93
A015154,22
A015155,66
A015156,24
A015157,18
A015158,3323
A015159,31
A015160,15
A015161,12
A015162,31
A015163,36
A015164,3324
A015165,15
A015166,63
A015167,71
A015168,77
A015169,7
A015170,50
A015171,3325
A015172,42
A015173,87
A015174,93
A015175,0
A015176,5
A015177,1
A015178,37
A015179,14
A015180,3326
A015181,89
A015182,67
A015183,16
A015184,4
A015185,3327
A015186,11
A015187,1
A015188,46
A015189,78
A015190,3328
A015191,95
A015192,34
A015193,3329
A015194,7
A015195,85
A015196,0
A015197,3330
A015198,47
A015199,58
A015200,71
A015201,68
A015202,3331
A015203,54
A015204,51
A015205,13
A015206,30
A015207,79
A015208,15
A015209,64
A015210,8
A015211,3
A015212,3332
A015213,3333
A015214,4
A015215,75
A015216,23
A015217,50
A015218,3334
A015219,1
A015220,67
A015221,26
A015222,62
A015223,1
A015224,5
A015225,0
A015226,0
A015227,39
A015228,50
A015229,38
A015230,3335
A015231,96
A015232,3336
A015233,17
A015234,5
A015235,16
A015236,12
A015237,6
A015238,47
A015239,6
A015240,17
A015241,56
A015242,20
A015243,1
A015244,19
A015245,35
A015246,39
A015247,3
A015248,17
A015249,38
A015250,11
A015251,38
A015252,96
A015253,61
A015254,3337
A015255,8
A015256,69
A015257,0
A015258,26
A015259,66
A015260,24
A015261,71
A015262,24
A015263,72
A015264,97
A015265,3338
A015266,28
A015267,54
A015268,0
A015269,3
A015270,31
A015271,62
A015272,3339
A015273,29
A015274,96
A015275,87
A015276,74
A015277,15
A015278,1
A015279,69
A015280,3340
A015281,50
A015282,69
A015283,3341
A015284,45
A015285,65
A015286,0
A015287,30
A015288,7
A015289,75
A015290,32
A015291,91
A015292,56
A015293,53
A015294,51
A015295,36
A015296,81
A015297,30
A015298,45
A015299,5
A015300,38
A015301,21
A015302,51
A015303,68
A015304,61
A015305,1
A015306,3342
A015307,3343
A015308,3344
A015309,4
A015310,35
A015311,34
A015312,3345
A015313,64
A015314,42
A015315,62
A015316,3346
A015317,27
A015318,65
A015319,4
A015320,92
A015321,77
A015322,6
A015323,34
A015324,3347
A015325,54
A015326,3348
A015327,3
A015328,3349
A015329,0
A015330,1
A015331,93
A015332,3350
A015333,3351
A015334,73
A015335,3352
A015336,5
A015337,65
A015338,91
A015339,36
A015340,6
A015341,43
A015342,52
A015343,3353
A015344,44
A015345,61
A015346,21
A015347,48
A015348,16
A015349,46
A015350,44
A015351,73
A015352,33
A015353,21
A015354,17
A015355,64
A015356,2
A015357,69
A015358,3354
A015359,74
A015360,74
A015361,3355
A015362,53
A015363,8
A015364,3356
A015365,51
A015366,43
A015367,100
A015368,65
A015369,39
A015370,4
A015371,5
A015372,55
A015373,3357
A015374,69
A015375,17
A015376,17
A015377,3358
A015378,31
A015379,40
A015380,51
A015381,93
A015382,78
A015383,44
A015384,3359
A015385,29
A015386,10
A015387,28
A015388,3360
A015389,0
A015390,3361
A015391,99
A015392,63
A015393,3
A015394,16
A015395,29
A015396,35
A015397,33
A015398,32
A015399,80
A015400,3362
A015401,83
A015402,4
A015403,76
A015404,17
A015405,32
A015406,27
A015407,0
A015408,4
A015409,8
A015410,68
A015411,3363
A015412,3364
A015413,83
A015414,39
A015415,47
A015416,61
A015417,34
A015418,10
A015419,3365
A015420,26
A015421,21
A015422,89
A015423,3366
A015424,84
A015425,3367
A015426,25
A015427,3368
A015428,54
A015429,3369
A015430,10
A015431,2
A015432,28
A015433,73
A015434,20
A015435,38
A015436,68
A015437,3370
A015438,89
A015439,3371
A015440,10
A015441,47
A015442,50
A015443,17
A015444,48
A015445,102
A015446,1
A015447,61
A015448,71
A015449,3372
A015450,99
A015451,18
A015452,70
A015453,3373
A015454,27
A015455,36
A015456,55
A015457,69
A015458,21
A015459,98
A015460,29
A015461,38
A015462,46
A015463,3374
A015464,84
A015465,13
A015466,3375
A015467,25
A015468,29
A015469,48
A015470,95
A015471,55
A015472,89
A015473,7
A015474,91
A015475,29
A015476,59
A015477,3376
A015478,3377
A015479,16
A015480,81
A015481,90
A015482,44
A015483,1
A015484,3378
A015485,94
A015486,29
A015487,11
A015488,3379
A015489,50
A015490,68
A015491,34
A015492,3380
A015493,48
A015494,13
A015495,50
A015496,33
A015497,3381
A015498,3
A015499,71
A015500,8
A015501,19
A015502,27
A015503,2
A015504,52
A015505,28
A015506,47
A015507,42
A015508,71
A015509,35
A015510,22
A015511,10
A015512,51
A015513,85
A015514,3382
A015515,13
A015516,53
A015517,3383
A015518,99
A015519,8
A015520,20
A015521,48
A015522,29
A015523,3384
A015524,41
A015525,78
A015526,3385
A015527,76
A015528,1
A015529,34
A015530,99
A015531,64
A015532,6
A015533,30
A015534,90
A015535,3386
A015536,68
A015537,67
A015538,3
A015539,16
A015540,16
A015541,57
A015542,27
A015543,59
A015544,11
A015545,2
A015546,3387
A015547,100
A015548,31
A015549,28
A015550,90
A015551,56
A015552,50
A015553,3388
A015554,6
A015555,63
A015556,14
A015557,57
A015558,3389
A015559,3390
A015560,61
A015561,53
A015562,22
A015563,13
A015564,3391
A015565,80
A015566,18
A015567,3392
A015568,3393
A015569,32
A015570,3394
A015571,5
A015572,16
A015573,15
A015574,3395
A015575,13
A015576,0
A015577,64
A015578,84
A015579,3
A015580,3396
A015581,0
A015582,98
A015583,28
A015584,97
A015585,79
A015586,3397
A015587,55
A015588,52
A015589,3398
A015590,37
A015591,3399
A015592,18
A015593,3400
A015594,46
A015595,3401
A015596,66
A015597,67
A015598,35
A015599,87
A015600,9
A015601,26
A015602,3402
A015603,11
A015604,3403
A015605,92
A015606,11
A015607,27
A015608,59
A015609,37
A015610,5
A015611,50
A015612,3404
A015613,79
A015614,11
A015615,81
A015616,51
A015617,14
A015618,15
A015619,22
A015620,139
A015621,31
A015622,3405
A015623,59
A015624,2
A015625,3406
A015626,49
A015627,91
A015628,0
A015629,48
A015630,101
A015631,95
A015632,22
A015633,23
A015634,62
A015635,44
A015636,25
A015637,59
A015638,69
A015639,3407
A015640,3408
A015641,27
A015642,22
A015643,3409
A015644,69
A015645,4
A015646,3410
A015647,50
A015648,3411
A015649,3412
A015650,3413
A015651,17
A015652,51
A015653,73
A015654,3414
A015655,81
A015656,2
A015657,3415
A015658,66
A015659,68
A015660,3416
A015661,8
A015662,3417
A015663,84
A015664,37
A015665,7
A015666,4
A015667,42
A015668,73
A015669,3418
A015670,3419
A015671,2
A015672,23
A015673,3
A015674,67
A015675,3420
A015676,28
A015677,92
A015678,39
A015679,76
A015680,12
A015681,3421
A015682,3422
A015683,49
A015684,83
A015685,76
A015686,72
A015687,62
A015688,78
A015689,3423
A015690,12
A015691,18
A015692,77
A015693,32
A015694,9
A015695,60
A015696,23
A015697,5
A015698,37
A015699,3424
A015700,74
A015701,21
A015702,17
A015703,51
A015704,32
A015705,100
A015706,80
A015707,70
A015708,25
A015709,185
A015710,81
A015711,27
A015712,26
A015713,67
A015714,3425
A015715,48
A015716,18
A015717,3426
A015718,47
A015719,61
A015720,67
A015721,66
A015722,52
A015723,0
A015724,72
A015725,16
A015726,3427
A015727,36
A015728,101
A015729,50
A015730,3428
A015731,26
A015732,41
A015733,5
A015734,21
A015735,51
A015736,3429
A015737,39
A015738,38
A015739,3430
A015740,30
A015741,79
A015742,64
A015743,26
A015744,67
A015745,3431
A015746,87
A015747,4
A015748,13
A015749,77
A015750,21
A015751,6
A015752,3432
A015753,48
A015754,37
A015755,87
A015756,168
A015757,3433
A015758,85
A015759,22
A015760,3434
A015761,1
A015762,3435
A015763,17
A015764,75
A015765,3436
A015766,3437
A015767,99
A015768,3438
A015769,55
A015770,7
A015771,3439
A015772,26
A015773,28
A015774,27
A015775,3440
A015776,3441
A015777,45
A015778,3442
A015779,0
A015780,8
A015781,11
A015782,3443
A015783,6
A015784,48
A015785,10
A015786,69
A015787,63
A015788,12
A015789,38
A015790,81
A015791,3444
A015792,3445
A015793,3
A015794,29
A015795,56
A015796,37
A015797,3446
A015798,63
A015799,50
A015800,3447
A015801,40
A015802,36
A015803,47
A015804,3
A015805,38
A015806,91
A015807,3448
A015808,3449
A015809,7
A015810,3450
A015811,44
A015812,18
A015813,46
A015814,65
A015815,3451
A015816,41
A015817,67
A015818,66
A015819,48
A015820,80
A015821,71
A015822,3452
A015823,20
A015824,71
A015825,3453
A015826,14
A015827,70
A015828,45
A015829,3454
A015830,10
A015831,2
A015832,81
A015833,3455
A015834,98
A015835,3456
A015836,3457
A015837,3
A015838,10
A015839,36
A015840,28
A015841,90
A015842,81
A015843,4
A015844,3458
A015845,59
A015846,40
A015847,16
A015848,59
A015849,70
A015850,3459
A015851,82
A015852,3460
A015853,3461
A015854,2
A015855,37
A015856,79
A015857,98
A015858,53
A015859,65
A015860,57
A015861,13
A015862,35
A015863,3462
A015864,55
A015865,34
A015866,3463
A015867,72
A015868,1
A015869,82
A015870,0
A015871,79
A015872,76
A015873,14
A015874,3464
A015875,26
A015876,99
A015877,8
A015878,77
A015879,77
A015880,3465
A015881,3466
A015882,52
A015883,53
A015884,64
A015885,3467
A015886,3468
A015887,73
A015888,82
A015889,3
A015890,0
A015891,27
A015892,2
A015893,2
A015894,3469
A015895,1
A015896,3470
A015897,3471
A015898,76
A015899,10
A015900,9
A015901,18
A015902,52
A015903,3472
A015904,3473
A015905,3474
A015906,67
A015907,18
A015908,22
A015909,58
A015910,58
A015911,2
A015912,36
A015913,18
A015914,3475
A015915,3476
A015916,40
A015917,55
A015918,3477
A015919,3478
A015920,5
A015921,3479
A015922,34
A015923,91
A015924,3480
A015925,82
A015926,3481
A015927,26
A015928,40
A015929,38
A015930,50
A015931,3482
A015932,3483
A015933,33
A015934,23
A015935,12
A015936,29
A015937,3484
A015938,46
A015939,3485
A015940,3486
A015941,3487
A015942,10
A015943,3
A015944,11
A015945,60
A015946,54
A015947,3488
A015948,21
A015949,33
A015950,25
A015951,3489
A015952,66
A015953,19
A015954,13
A015955,77
A015956,16
A015957,61
A015958,3490
A015959,12
A015960,10
A015961,18
A015962,20
A015963,45
A015964,83
A015965,21
A015966,54
A015967,34
A015968,3491
A015969,3492
A015970,30
A015971,3493
A015972,7
A015973,73
A015974,5
A015975,51
A015976,44
A015977,76
A015978,46
A015979,3494
A015980,3495
A015981,20
A015982,3496
A015983,79
A015984,6
A015985,3497
A015986,32
A015987,46
A015988,38
A015989,17
A015990,82
A015991,3498
A015992,61
A015993,0
A015994,58
A015995,92
A015996,78
A015997,3499
A015998,3500
A015999,12
A016000,3501
A016001,3502
A016002,47
A016003,1
A016004,70
A016005,69
A016006,15
A016007,98
A016008,97
A016009,5
A016010,3
A016011,24
A016012,45
A016013,86
A016014,24
A016015,48
A016016,45
A016017,89
A016018,97
A016019,46
A016020,3503
A016021,74
A016022,5
A016023,3504
A016024,47
A016025,101
A016026,12
A016027,3
A016028,42
A016029,72
A016030,3
A016031,34
A016032,3505
A016033,26
A016034,3506
A016035,79
A016036,48
A016037,12
A016038,70
A016039,3507
A016040,29
A016041,9
A016042,44
A016043,30
A016044,99
A016045,5
A016046,6
A016047,55
A016048,42
A016049,46
A016050,95
A016051,37
A016052,3508
A016053,3509
A016054,43
A016055,167
A016056,19
A016057,3510
A016058,3511
A016059,3512
A016060,3513
A016061,90
A016062,4
A016063,74
A016064,3514
A016065,38
A016066,20
A016067,79
A016068,3515
A016069,52
A016070,3516
A016071,74
A016072,12
A016073,3517
A016074,54
A016075,7
A016076,76
A016077,100
A016078,17
A016079,82
A016080,23
A016081,19
A016082,10
A016083,62
A016084,37
A016085,102
A016086,78
A016087,48
A016088,4
A016089,39
A016090,3
A016091,20
A016092,50
A016093,40
A016094,19
A016095,1
A016096,86
A016097,3518
A016098,22
A016099,4
A016100,3519
A016101,3520
A016102,72
A016103,38
A016104,101
A016105,21
A016106,96
A016107,14
A016108,4
A016109,46
A016110,47
A016111,2
A016112,38
A016113,68
A016114,53
A016115,12
A016116,3521
A016117,12
A016118,54
A016119,29
A016120,3522
A016121,79
A016122,85
A016123,4
A016124,76
A016125,54
A016126,73
A016127,3523
A016128,13
A016129,47
A016130,3524
A016131,100
A016132,36
A016133,29
A016134,92
A016135,15
A016136,2
A016137,24
A016138,20
A016139,77
A016140,3525
A016141,3526
A016142,3527
A016143,7
A016144,45
A016145,12
A016146,46
A016147,96
A016148,63
A016149,3528
A016150,73
A016151,13
A016152,53
A016153,16
A016154,5
A016155,3529
A016156,9
A016157,21
A016158,3530
A016159,20
A016160,27
A016161,93
A016162,8
A016163,17
A016164,3531
A016165,88
A016166,82
A016167,3532
A016168,11
A016169,48
A016170,3533
A016171,74
A016172,40
A016173,79
A016174,3534
A016175,60
A016176,14
A016177,78
A016178,94
A016179,94
A016180,56
A016181,50
A016182,3535
A016183,71
A016184,37
A016185,3536
A016186,65
A016187,72
A016188,90
A016189,20
A016190,16
A016191,4
A016192,42
A016193,26
A016194,85
A016195,3537
A016196,24
A016197,74
A016198,31
A016199,22
A016200,3538
A016201,98
A016202,38
A016203,3539
A016204,15
A016205,4
A016206,19
A016207,3540
A016208,24
A016209,49
A016210,28
A016211,89
A016212,18
A016213,20
A016214,3541
A016215,155
A016216,44
A016217,10
A016218,80
A016219,3542
A016220,65
A016221,44
A016222,54
A016223,25
A016224,81
A016225,50
A016226,38
A016227,80
A016228,186
A016229,0
A016230,3543
A016231,3544
A016232,4
A016233,78
A016234,1
A016235,3545
A016236,24
A016237,27
A016238,3546
A016239,34
A016240,42
A016241,52
A016242,46
A016243,53
A016244,44
A016245,60
A016246,52
A016247,0
A016248,36
A016249,16
A016250,27
A016251,26
A016252,11
A016253,48
A016254,62
A016255,15
A016256,19
A016257,21
A016258,18
A016259,31
A016260,1
A016261,17
A016262,3547
A016263,33
A016264,76
A016265,59
A016266,41
A016267,60
A016268,24
A016269,22
A016270,5
A016271,92
A016272,60
A016273,5
A016274,42
A016275,28
A016276,93
A016277,77
A016278,3548
A016279,25
A016280,41
A016281,1
A016282,13
A016283,5
A016284,38
A016285,101
A016286,97
A016287,19
A016288,45
A016289,61
A016290,32
A016291,3549
A016292,86
A016293,33
A016294,3550
A016295,3551
A016296,51
A016297,3552
A016298,81
A016299,3553
A016300,2
A016301,40
A016302,68
A016303,1
A016304,3554
A016305,101
A016306,9
A016307,99
A016308,66
A016309,86
A016310,14
A016311,32
A016312,71
A016313,27
A016314,59
A016315,40
A016316,97
A016317,92
A016318,3555
A016319,2
A016320,3556
A016321,17
A016322,92
A016323,45
A016324,48
A016325,83
A016326,5
A016327,6
A016328,91
A016329,1
A016330,0
A016331,7
A016332,3
A016333,45
A016334,3557
A016335,34
A016336,16
A016337,60
A016338,2
A016339,27
A016340,44
A016341,3558
A016342,50
A016343,3559
A016344,36
A016345,39
A016346,20
A016347,3560
A016348,50
A016349,25
A016350,3561
A016351,84
A016352,3562
A016353,82
A016354,23
A016355,43
A016356,18
A016357,46
A016358,79
A016359,3563
A016360,66
A016361,7
A016362,80
A016363,59
A016364,52
A016365,3564
A016366,64
A016367,16
A016368,64
A016369,3
A016370,26
A016371,3565
A016372,3566
A016373,3567
A016374,38
A016375,30
A016376,11
A016377,41
A016378,50
A016379,9
A016380,47
A016381,44
A016382,42
A016383,95
A016384,46
A016385,64
A016386,13
A016387,3568
A016388,68
A016389,28
A016390,46
A016391,65
A016392,7
A016393,52
A016394,94
A016395,38
A016396,11
A016397,23
A016398,15
A016399,19
A016400,45
A016401,3569
A016402,24
A016403,37
A016404,3570
A016405,3571
A016406,23
A016407,3572
A016408,10
A016409,3573
A016410,54
A016411,53
A016412,4
A016413,42
A016414,50
A016415,39
A016416,92
A016417,6
A016418,3574
A016419,13
A016420,50
A016421,71
A016422,90
A016423,0
A016424,83
A016425,16
A016426,85
A016427,39
A016428,100
A016429,61
A016430,3575
A016431,48
A016432,87
A016433,85
A016434,18
A016435,46
A016436,47
A016437,2
A016438,3576
A016439,3577
A016440,20
A016441,69
A016442,12
A016443,0
A016444,83
A016445,35
A016446,88
A016447,8
A016448,59
A016449,23
A016450,52
A016451,3578
A016452,3579
A016453,36
A016454,86
A016455,0
A016456,41
A016457,3580
A016458,15
A016459,58
A016460,54
A016461,61
A016462,0
A016463,78
A016464,34
A016465,3
A016466,24
A016467,94
A016468,3581
A016469,23
A016470,39
A016471,18
A016472,57
A016473,7
A016474,12
A016475,63
A016476,13
A016477,93
A016478,55
A016479,109
A016480,90
A016481,3582
A016482,27
A016483,93
A016484,67
A016485,18
A016486,7
A016487,3583
A016488,36
A016489,52
A016490,55
A016491,3584
A016492,75
A016493,56
A016494,3585
A016495,5
A016496,0
A016497,36
A016498,83
A016499,6
A016500,7
A016501,3586
A016502,84
A016503,39
A016504,3587
A016505,84
A016506,77
A016507,51
A016508,0
A016509,50
A016510,52
A016511,44
A016512,65
A016513,48
A016514,51
A016515,26
A016516,2
A016517,3588
A016518,17
A016519,5
A016520,54
A016521,3589
A016522,3590
A016523,3591
A016524,3592
A016525,3593
A016526,22
A016527,54
A016528,43
A016529,34
A016530,40
A016531,3594
A016532,4
A016533,34
A016534,17
A016535,89
A016536,17
A016537,3595
A016538,3
A016539,3596
A016540,95
A016541,85
A016542,10
A016543,3597
A016544,22
A016545,3598
A016546,3599
A016547,76
A016548,28
A016549,3600
A016550,51
A016551,24
A016552,61
A016553,36
A016554,98
A016555,3601
A016556,35
A016557,3602
A016558,76
A016559,3603
A016560,14
A016561,33
A016562,5
A016563,80
A016564,13
A016565,61
A016566,1
A016567,3604
A016568,58
A016569,3605
A016570,39
A016571,3606
A016572,78
A016573,10
A016574,3607
A016575,3608
A016576,3609
A016577,60
A016578,27
A016579,11
A016580,8
A016581,0
A016582,3610
A016583,20
A016584,32
A016585,31
A016586,72
A016587,15
A016588,10
A016589,23
A016590,100
A016591,79
A016592,57
A016593,13
A016594,3611
A016595,3612
A016596,60
A016597,29
A016598,83
A016599,59
A016600,22
A016601,39
A016602,3613
A016603,0
A016604,36
A016605,89
A016606,21
A016607,36
A016608,18
A016609,42
A016610,3614
A016611,20
A016612,87
A016613,70
A016614,3615
A016615,4
A016616,19
A016617,37
A016618,59
A016619,10
A016620,3616
A016621,40
A016622,11
A016623,82
A016624,3617
A016625,9
A016626,35
A016627,88
A016628,19
A016629,51
A016630,38
A016631,3618
A016632,25
A016633,9
A016634,17
A016635,45
A016636,14
A016637,8
A016638,39
A016639,42
A016640,87
A016641,31
A016642,3619
A016643,98
A016644,3
A016645,3620
A016646,59
A016647,3621
A016648,45
A016649,71
A016650,0
A016651,21
A016652,10
A016653,25
A016654,3622
A016655,74
A016656,29
A016657,72
A016658,37
A016659,67
A016660,41
A016661,10
A016662,2
A016663,21
A016664,57
A016665,3623
A016666,78
A016667,30
A016668,64
A016669,3624
A016670,0
A016671,79
A016672,3625
A016673,187
A016674,5
A016675,3626
A016676,101
A016677,80
A016678,18
A016679,3627
A016680,38
A016681,3628
A016682,3629
A016683,10
A016684,37
A016685,3630
A016686,95
A016687,44
A016688,3631
A016689,99
A016690,3632
A016691,64
A016692,97
A016693,16
A016694,50
A016695,42
A016696,24
A016697,48
A016698,3633
A016699,3634
A016700,17
A016701,5
A016702,83
A016703,0
A016704,50
A016705,3635
A016706,101
A016707,38
A016708,36
A016709,36
A016710,3636
A016711,3637
A016712,26
A016713,66
A016714,3638
A016715,92
A016716,98
A016717,26
A016718,38
A016719,13
A016720,10
A016721,3639
A016722,88
A016723,17
A016724,3640
A016725,57
A016726,54
A016727,3641
A016728,30
A016729,97
A016730,3642
A016731,57
A016732,50
A016733,51
A016734,38
A016735,4
A016736,20
A016737,85
A016738,67
A016739,3643
A016740,34
A016741,34
A016742,73
A016743,9
A016744,29
A016745,77
A016746,3644
A016747,24
A016748,3645
A016749,16
A016750,1
A016751,3646
A016752,48
A016753,47
A016754,0
A016755,5
A016756,2
A016757,3647
A016758,3648
A016759,12
A016760,15
A016761,39
A016762,27
A016763,75
A016764,30
A016765,12
A016766,4
A016767,3649
A016768,42
A016769,69
A016770,9
A016771,3650
A016772,60
A016773,3651
A016774,3652
A016775,70
A016776,55
A016777,42
A016778,3653
A016779,3654
A016780,4
A016781,3655
A016782,13
A016783,3656
A016784,79
A016785,3657
A016786,3658
A016787,3659
A016788,3660
A016789,6
A016790,82
A016791,3661
A016792,1
A016793,32
A016794,1
A016795,10
A016796,19
A016797,35
A016798,88
A016799,8
A016800,4
A016801,26
A016802,3662
A016803,5
A016804,85
A016805,3663
A016806,13
A016807,8
A016808,4
A016809,79
A016810,23
A016811,78
A016812,39
A016813,14
A016814,3664
A016815,98
A016816,3665
A016817,11
A016818,18
A016819,64
A016820,3666
A016821,72
A016822,87
A016823,3667
A016824,100
A016825,1
A016826,34
A016827,91
A016828,37
A016829,58
A016830,21
A016831,50
A016832,3668
A016833,3669
A016834,83
A016835,3670
A016836,92
A016837,21
A016838,1
A016839,36
A016840,68
A016841,3671
A016842,17
A016843,71
A016844,3672
A016845,12
A016846,73
A016847,18
A016848,3673
A016849,10
A016850,70
A016851,95
A016852,53
A016853,25
A016854,89
A016855,3674
A016856,30
A016857,62
A016858,1
A016859,95
A016860,16
A016861,75
A016862,70
A016863,30
A016864,12
A016865,67
A016866,48
A016867,51
A016868,25
A016869,6
A016870,26
A016871,62
A016872,24
A016873,35
A016874,8
A016875,10
A016876,75
A016877,3675
A016878,21
A016879,28
A016880,68
A016881,21
A016882,95
A016883,7
A016884,48
A016885,102
A016886,6
A016887,32
A016888,56
A016889,2
A016890,67
A016891,3
A016892,23
A016893,3676
A016894,2
A016895,82
A016896,18
A016897,3677
A016898,86
A016899,12
A016900,11
A016901,77
A016902,6
A016903,1
A016904,0
A016905,25
A016906,72
A016907,3678
A016908,40
A016909,28
A016910,3679
A016911,91
A016912,50
A016913,81
A016914,63
A016915,48
A016916,19
A016917,3680
A016918,20
A016919,21
A016920,6
A016921,18
A016922,3681
A016923,59
A016924,3682
A016925,3683
A016926,78
A016927,44
A016928,33
A016929,3684
A016930,11
A016931,3685
A016932,3
A016933,3686
A016934,54
A016935,29
A016936,93
A016937,31
A016938,7
A016939,15
A016940,90
A016941,26
A016942,188
A016943,28
A016944,3687
A016945,60
A016946,30
A016947,3688
A016948,94
A016949,40
A016950,32
A016951,53
A016952,3689
A016953,37
A016954,3690
A016955,17
A016956,41
A016957,73
A016958,21
A016959,65
A016960,84
A016961,3691
A016962,3692
A016963,3693
A016964,85
A016965,76
A016966,10
A016967,34
A016968,3694
A016969,1
A016970,36
A016971,22
A016972,32
A016973,3695
A016974,43
A016975,3696
A016976,86
A016977,5
A016978,39
A016979,3697
A016980,20
A016981,89
A016982,61
A016983,3698
A016984,21
A016985,189
A016986,3699
A016987,11
A016988,3700
A016989,46
A016990,3701
A016991,0
A016992,41
A016993,25
A016994,96
A016995,64
A016996,0
A016997,0
A016998,79
A016999,17
A017000,13
A017001,85
A017002,1
A017003,82
A017004,44
A017005,60
A017006,38
A017007,14
A017008,3702
A017009,45
A017010,3703
A017011,90
A017012,78
A017013,52
A017014,59
A017015,50
A017016,4
A017017,86
A017018,75
A017019,27
A017020,17
A017021,59
A017022,101
A017023,24
A017024,40
A017025,3704
A017026,100
A017027,3705
A017028,95
A017029,10
A017030,61
A017031,66
A017032,27
A017033,3706
A017034,3707
A017035,3708
A017036,2
A017037,67
A017038,3709
A017039,3710
A017040,4
A017041,73
A017042,18
A017043,3711
A017044,33
A017045,3712
A017046,6
A017047,63
A017048,0
A017049,3713
A017050,57
A017051,32
A017052,3714
A017053,23
A017054,20
A017055,9
A017056,0
A017057,3715
A017058,12
A017059,3716
A017060,33
A017061,80
A017062,11
A017063,3717
A017064,3718
A017065,6
A017066,28
A017067,71
A017068,3719
A017069,20
A017070,7
A017071,28
A017072,3
A017073,15
A017074,46
A017075,28
A017076,96
A017077,31
A017078,40
A017079,95
A017080,47
A017081,32
A017082,24
A017083,3720
A017084,3721
A017085,74
A017086,3722
A017087,35
A017088,89
A017089,64
A017090,3723
A017091,14
A017092,2
A017093,3724
A017094,73
A017095,3725
A017096,30
A017097,2
A017098,23
A017099,73
A017100,41
A017101,17
A017102,2
A017103,2
A017104,3726
A017105,84
A017106,22
A017107,22
A017108,84
A017109,29
A017110,47
A017111,3727
A017112,96
A017113,24
A017114,23
A017115,28
A017116,60
A017117,34
A017118,42
A017119,5
A017120,3728
A017121,37
A017122,78
A017123,36
A017124,24
A017125,40
A017126,46
A017127,61
A017128,59
A017129,71
A017130,28
A017131,3729
A017132,35
A017133,3730
A017134,23
A017135,60
A017136,80
A017137,20
A017138,3731
A017139,3732
A017140,19
A017141,5
A017142,3733
A017143,14
A017144,45
A017145,3734
A017146,41
A017147,3735
A017148,65
A017149,3736
A017150,85
A017151,7
A017152,62
A017153,72
A017154,6
A017155,35
A017156,10
A017157,92
A017158,13
A017159,10
A017160,52
A017161,70
A017162,3737
A017163,15
A017164,3738
A017165,71
A017166,3739
A017167,12
A017168,34
A017169,3740
A017170,18
A017171,61
A017172,16
A017173,31
A017174,83
A017175,18
A017176,3741
A017177,72
A017178,61
A017179,3742
A017180,26
A017181,3743
A017182,89
A017183,3744
A017184,22
A017185,37
A017186,3745
A017187,82
A017188,3746
A017189,70
A017190,51
A017191,11
A017192,47
A017193,3747
A017194,84
A017195,20
A017196,42
A017197,14
A017198,30
A017199,30
A017200,24
A017201,102
A017202,36
A017203,15
A017204,2
A017205,95
A017206,45
A017207,79
A017208,44
A017209,61
A017210,32
A017211,65
A017212,71
A017213,81
A017214,3
A017215,48
A017216,3
A017217,58
A017218,52
A017219,3
A017220,56
A017221,7
A017222,51
A017223,14
A017224,63
A017225,37
A017226,10
A017227,3748
A017228,9
A017229,82
A017230,16
A017231,32
A017232,60
A017233,42
A017234,34
A017235,70
A017236,67
A017237,3749
A017238,44
A017239,190
A017240,60
A017241,3750
A017242,42
A017243,60
A017244,3751
A017245,79
A017246,70
A017247,3752
A017248,53
A017249,3753
A017250,3754
A017251,17
A017252,97
A017253,52
A017254,3755
A017255,20
A017256,21
A017257,25
A017258,3756
A017259,5
A017260,37
A017261,44
A017262,72
A017263,10
A017264,3757
A017265,97
A017266,3758
A017267,12
A017268,36
A017269,3759
A017270,28
A017271,54
A017272,89
A017273,24
A017274,77
A017275,12
A017276,62
A017277,102
A017278,14
A017279,3760
A017280,37
A017281,20
A017282,31
A017283,3761
A017284,15
A017285,3762
A017286,20
A017287,3763
A017288,21
A017289,3764
A017290,92
A017291,35
A017292,20
A017293,6
A017294,59
A017295,3765
A017296,3766
A017297,1
A017298,43
A017299,11
A017300,24
A017301,21
A017302,72
A017303,79
A017304,91
A017305,20
A017306,69
A017307,29
A017308,39
A017309,191
A017310,3767
A017311,5
A017312,88
A017313,56
A017314,56
A017315,81
A017316,40
A017317,47
A017318,19
A017319,81
A017320,15
A017321,15
A017322,22
A017323,4
A017324,77
A017325,36
A017326,49
A017327,3768
A017328,53
A017329,97
A017330,100
A017331,70
A017332,3769
A017333,39
A017334,80
A017335,73
A017336,3770
A017337,29
A017338,53
A017339,3771
A017340,9
A017341,3772
A017342,68
A017343,45
A017344,21
A017345,50
A017346,3773
A017347,73
A017348,33
A017349,37
A017350,36
A017351,25
A017352,49
A017353,3774
A017354,10
A017355,5
A017356,4
A017357,7
A017358,90
A017359,9
A017360,33
A017361,3775
A017362,4
A017363,9
A017364,84
A017365,6
A017366,53
A017367,3776
A017368,0
A017369,61
A017370,3777
A017371,87
A017372,68
A017373,33
A017374,6
A017375,55
A017376,76
A017377,82
A017378,50
A017379,11
A017380,3778
A017381,28
A017382,63
A017383,33
A017384,33
A017385,15
A017386,26
A017387,38
A017388,26
A017389,1
A017390,18
A017391,4
A017392,3779
A017393,88
A017394,63
A017395,2
A017396,3780
A017397,3781
A017398,3782
A017399,25
A017400,4
A017401,17
A017402,49
A017403,57
A017404,76
A017405,8
A017406,94
A017407,60
A017408,31
A017409,48
A017410,17
A017411,91
A017412,3783
A017413,43
A017414,3
A017415,80
A017416,3784
A017417,3785
A017418,3786
A017419,66
A017420,3
A017421,3
A017422,21
A017423,71
A017424,3787
A017425,82
A017426,86
A017427,3788
A017428,78
A017429,53
A017430,39
A017431,65
A017432,3789
A017433,53
A017434,3790
A017435,95
A017436,41
A017437,31
A017438,20
A017439,57
A017440,21
A017441,26
A017442,3791
A017443,21
A017444,80
A017445,55
A017446,85
A017447,3792
A017448,3793
A017449,71
A017450,0
A017451,28
A017452,49
A017453,96
A017454,91
A017455,88
A017456,46
A017457,3794
A017458,71
A017459,0
A017460,3795
A017461,62
A017462,15
A017463,18
A017464,49
A017465,3796
A017466,66
A017467,2
A017468,9
A017469,12
A017470,21
A017471,76
A017472,10
A017473,14
A017474,84
A017475,36
A017476,3797
A017477,36
A017478,52
A017479,78
A017480,67
A017481,91
A017482,9
A017483,12
A017484,37
A017485,77
A017486,1
A017487,57
A017488,34
A017489,62
A017490,29
A017491,20
A017492,62
A017493,38
A017494,3798
A017495,79
A017496,23
A017497,7
A017498,3799
A017499,23
A017500,3
A017501,56
A017502,81
A017503,42
A017504,19
A017505,3800
A017506,95
A017507,26
A017508,67
A017509,34
A017510,14
A017511,25
A017512,18
A017513,26
A017514,6
A017515,82
A017516,86
A017517,3801
A017518,46
A017519,43
A017520,97
A017521,43
A017522,15
A017523,3802
A017524,37
A017525,23
A017526,87
A017527,107
A017528,3803
A017529,20
A017530,3804
A017531,20
A017532,3805
A017533,3806
A017534,76
A017535,5
A017536,28
A017537,3807
A017538,97
A017539,48
A017540,85
A017541,48
A017542,32
A017543,17
A017544,3808
A017545,31
A017546,42
A017547,41
A017548,67
A017549,72
A017550,80
A017551,3809
A017552,76
A017553,79
A017554,64
A017555,43
A017556,49
A017557,3810
A017558,1
A017559,5
A017560,85
A017561,100
A017562,3811
A017563,1
A017564,64
A017565,6
A017566,25
A017567,3812
A017568,3813
A017569,24
A017570,3814
A017571,3815
A017572,21
A017573,3816
A017574,44
A017575,3817
A017576,91
A017577,5
A017578,43
A017579,61
A017580,3818
A017581,23
A017582,25
A017583,3819
A017584,16
A017585,1
A017586,32
A017587,3820
A017588,3
A017589,3821
A017590,55
A017591,78
A017592,3822
A017593,65
A017594,17
A017595,89
A017596,33
A017597,28
A017598,44
A017599,5
A017600,3823
A017601,46
A017602,3824
A017603,32
A017604,4
A017605,15
A017606,72
A017607,9
A017608,5
A017609,3825
A017610,77
A017611,37
A017612,45
A017613,92
A017614,97
A017615,14
A017616,3826
A017617,1
A017618,57
A017619,25
A017620,21
A017621,63
A017622,45
A017623,92
A017624,87
A017625,80
A017626,3827
A017627,22
A017628,47
A017629,10
A017630,5
A017631,47
A017632,84
A017633,84
A017634,3828
A017635,36
A017636,1
A017637,8
A017638,88
A017639,8
A017640,20
A017641,34
A017642,3829
A017643,33
A017644,3830
A017645,100
A017646,95
A017647,57
A017648,45
A017649,25
A017650,3831
A017651,63
A017652,75
A017653,3832
A017654,49
A017655,8
A017656,8
A017657,20
A017658,67
A017659,42
A017660,37
A017661,76
A017662,72
A017663,36
A017664,38
A017665,17
A017666,97
A017667,71
A017668,7
A017669,43
A017670,69
A017671,50
A017672,37
A017673,91
A017674,34
A017675,35
A017676,14
A017677,3833
A017678,3834
A017679,67
A017680,70
A017681,54
A017682,45
A017683,37
A017684,26
A017685,3835
A017686,58
A017687,59
A017688,3
A017689,38
A017690,41
A017691,3836
A017692,22
A017693,26
A017694,3837
A017695,39
A017696,3838
A017697,21
A017698,20
A017699,3839
A017700,60
A017701,22
A017702,22
A017703,18
A017704,37
A017705,77
A017706,13
A017707,13
A017708,3840
A017709,39
A017710,49
A017711,76
A017712,53
A017713,3841
A017714,88
A017715,61
A017716,89
A017717,13
A017718,7
A017719,43
A017720,3842
A017721,3843
A017722,30
A017723,24
A017724,24
A017725,18
A017726,85
A017727,32
A017728,29
A017729,10
A017730,77
A017731,49
A017732,3844
A017733,9
A017734,42
A017735,25
A017736,16
A017737,30
A017738,3845
A017739,70
A017740,3846
A017741,11
A017742,0
A017743,95
A017744,3847
A017745,19
A017746,3848
A017747,96
A017748,3849
A017749,24
A017750,74
A017751,80
A017752,67
A017753,46
A017754,8
A017755,18
A017756,48
A017757,3
A017758,56
A017759,3850
A017760,46
A017761,69
A017762,16
A017763,4
A017764,3851
A017765,36
A017766,76
A017767,42
A017768,27
A017769,3852
A017770,25
A017771,10
A017772,93
A017773,8
A017774,0
A017775,3853
A017776,21
A017777,28
A017778,80
A017779,3854
A017780,61
A017781,70
A017782,44
A017783,93
A017784,86
A017785,75
A017786,35
A017787,4
A017788,3855
A017789,3856
A017790,7
A017791,77
A017792,3857
A017793,3858
A017794,53
A017795,2
A017796,22
A017797,3
A017798,36
A017799,46
A017800,4
A017801,51
A017802,3859
A017803,94
A017804,35
A017805,7
A017806,3860
A017807,63
A017808,30
A017809,95
A017810,20
A017811,0
A017812,5
A017813,81
A017814,71
A017815,75
A017816,48
A017817,4
A017818,45
A017819,8
A017820,3861
A017821,10
A017822,43
A017823,6
A017824,3862
A017825,86
A017826,36
A017827,4
A017828,38
A017829,3863
A017830,76
A017831,77
A017832,1
A017833,64
A017834,3864
A017835,89
A017836,40
A017837,187
A017838,3865
A017839,24
A017840,15
A017841,62
A017842,3866
A017843,13
A017844,36
A017845,3867
A017846,3868
A017847,65
A017848,1
A017849,26
A017850,95
A017851,28
A017852,82
A017853,4
A017854,70
A017855,54
A017856,94
A017857,108
A017858,3
A017859,3869
A017860,18
A017861,2
A017862,74
A017863,3870
A017864,3871
A017865,45
A017866,27
A017867,23
A017868,38
A017869,10
A017870,25
A017871,18
A017872,1
A017873,192
A017874,3872
A017875,23
A017876,102
A017877,4
A017878,3
A017879,85
A017880,11
A017881,15
A017882,0
A017883,22
A017884,35
A017885,38
A017886,13
A017887,1
A017888,23
A017889,29
A017890,3873
A017891,37
A017892,56
A017893,28
A017894,66
A017895,19
A017896,80
A017897,3874
A017898,0
A017899,69
A017900,27
A017901,3875
A017902,97
A017903,14
A017904,3876
A017905,59
A017906,32
A017907,68
A017908,32
A017909,23
A017910,41
A017911,5
A017912,19
A017913,21
A017914,0
A017915,3877
A017916,3
A017917,4
A017918,3878
A017919,5
A017920,76
A017921,35
A017922,75
A017923,22
A017924,91
A017925,3
A017926,58
A017927,29
A017928,64
A017929,18
A017930,10
A017931,3879
A017932,3880
A017933,9
A017934,9
A017935,3881
A017936,3882
A017937,36
A017938,8
A017939,3883
A017940,3884
A017941,9
A017942,65
A017943,9
A017944,44
A017945,3885
A017946,46
A017947,69
A017948,3886
A017949,3887
A017950,73
A017951,14
A017952,71
A017953,3
A017954,6
A017955,17
A017956,3
A017957,3888
A017958,55
A017959,15
A017960,23
A017961,16
A017962,0
A017963,62
A017964,45
A017965,1
A017966,93
A017967,3889
A017968,15
A017969,12
A017970,3890
A017971,13
A017972,37
A017973,3891
A017974,30
A017975,3892
A017976,3893
A017977,87
A017978,76
A017979,193
A017980,34
A017981,62
A017982,55
A017983,36
A017984,14
A017985,38
A017986,3894
A017987,55
A017988,73
A017989,96
A017990,97
A017991,25
A017992,61
A017993,18
A017994,3895
A017995,31
A017996,75
A017997,64
A017998,7
A017999,75
A018000,3896
A018001,29
A018002,1
A018003,0
A018004,3897
A018005,33
A018006,17
A018007,53
A018008,32
A018009,52
A018010,1
A018011,3898
A018012,100
A018013,37
A018014,4
A018015,0
A018016,13
A018017,72
A018018,3899
A018019,3900
A018020,87
A018021,83
A018022,3901
A018023,76
A018024,0
A018025,36
A018026,59
A018027,29
A018028,127
A018029,76
A018030,7
A018031,85
A018032,90
A018033,54
A018034,47
A018035,88
A018036,3
A018037,3902
A018038,29
A018039,3903
A018040,3904
A018041,45
A018042,53
A018043,18
A018044,18
A018045,93
A018046,3905
A018047,88
A018048,6
A018049,18
A018050,93
A018051,33
A018052,55
A018053,1
A018054,2
A018055,3906
A018056,41
A018057,62
A018058,54
A018059,3907
A018060,33
A018061,3908
A018062,3909
A018063,53
A018064,3910
A018065,9
A018066,3911
A018067,35
A018068,79
A018069,0
A018070,16
A018071,6
A018072,10
A018073,95
A018074,44
A018075,11
A018076,45
A018077,73
A018078,41
A018079,25
A018080,99
A018081,10
A018082,51
A018083,65
A018084,3912
A018085,67
A018086,4
A018087,16
A018088,66
A018089,45
A018090,34
A018091,19
A018092,69
A018093,74
A018094,3
A018095,3913
A018096,14
A018097,83
A018098,27
A018099,8
A018100,38
A018101,45
A018102,3914
A018103,16
A018104,28
A018105,19
A018106,6
A018107,47
A018108,107
A018109,3915
A018110,76
A018111,25
A018112,6
A018113,2
A018114,78
A018115,3916
A018116,5
A018117,3917
A018118,3918
A018119,1
A018120,48
A018121,69
A018122,3919
A018123,78
A018124,86
A018125,2
A018126,34
A018127,3920
A018128,3921
A018129,3922
A018130,3
A018131,3
A018132,0
A018133,68
A018134,56
A018135,10
A018136,61
A018137,42
A018138,3923
A018139,17
A018140,61
A018141,26
A018142,22
A018143,3924
A018144,106
A018145,3925
A018146,5
A018147,58
A018148,9
A018149,69
A018150,97
A018151,3926
A018152,3927
A018153,43
A018154,11
A018155,14
A018156,6
A018157,3928
A018158,13
A018159,9
A018160,48
A018161,17
A018162,43
A018163,57
A018164,33
A018165,59
A018166,49
A018167,68
A018168,55
A018169,65
A018170,59
A018171,3929
A018172,3930
A018173,29
A018174,9
A018175,12
A018176,83
A018177,3931
A018178,65
A018179,3932
A018180,6
A018181,9
A018182,48
A018183,62
A018184,82
A018185,21
A018186,72
A018187,10
A018188,99
A018189,3933
A018190,69
A018191,99
A018192,59
A018193,50
A018194,83
A018195,87
A018196,3934
A018197,42
A018198,77
A018199,3935
A018200,47
A018201,86
A018202,11
A018203,86
A018204,3936
A018205,91
A018206,3937
A018207,76
A018208,8
A018209,59
A018210,3938
A018211,5
A018212,11
A018213,3
A018214,3939
A018215,14
A018216,33
A018217,52
A018218,32
A018219,9
A018220,3940
A018221,29
A018222,20
A018223,2
A018224,40
A018225,36
A018226,3941
A018227,73
A018228,72
A018229,3942
A018230,18
A018231,79
A018232,45
A018233,16
A018234,42
A018235,0
A018236,63
A018237,52
A018238,90
A018239,46
A018240,69
A018241,61
A018242,100
A018243,3943
A018244,3
A018245,35
A018246,54
A018247,80
A018248,51
A018249,35
A018250,3
A018251,3
A018252,78
A018253,34
A018254,101
A018255,3944
A018256,2
A018257,3945
A018258,97
A018259,29
A018260,3946
A018261,64
A018262,75
A018263,37
A018264,3947
A018265,15
A018266,6
A018267,23
A018268,4
A018269,72
A018270,3948
A018271,37
A018272,3949
A018273,3950
A018274,58
A018275,31
A018276,82
A018277,1
A018278,3951
A018279,42
A018280,14
A018281,5
A018282,3952
A018283,64
A018284,78
A018285,3953
A018286,13
A018287,10
A018288,29
A018289,69
A018290,79
A018291,3954
A018292,65
A018293,3955
A018294,194
A018295,33
A018296,3956
A018297,3957
A018298,41
A018299,43
A018300,3958
A018301,21
A018302,13
A018303,59
A018304,3959
A018305,53
A018306,3960
A018307,34
A018308,3961
A018309,3962
A018310,56
A018311,80
A018312,52
A018313,17
A018314,75
A018315,15
A018316,1
A018317,74
A018318,96
A018319,57
A018320,74
A018321,39
A018322,15
A018323,37
A018324,10
A018325,47
A018326,3963
A018327,3964
A018328,18
A018329,95
A018330,3965
A018331,12
A018332,73
A018333,38
A018334,80
A018335,59
A018336,4
A018337,46
A018338,8
A018339,54
A018340,3966
A018341,6
A018342,3967
A018343,2
A018344,24
A018345,3968
A018346,17
A018347,10
A018348,23
A018349,35
A018350,81
A018351,47
A018352,19
A018353,3969
A018354,56
A018355,66
A018356,39
A018357,34
A018358,15
A018359,3970
A018360,74
A018361,0
A018362,93
A018363,96
A018364,28
A018365,91
A018366,3971
A018367,59
A018368,36
A018369,48
A018370,41
A018371,8
A018372,65
A018373,9
A018374,24
A018375,2
A018376,113
A018377,3972
A018378,3973
A018379,79
A018380,47
A018381,12
A018382,21
A018383,3974
A018384,44
A018385,3975
A018386,3976
A018387,22
A018388,64
A018389,67
A018390,49
A018391,43
A018392,23
A018393,3977
A018394,3978
A018395,20
A018396,71
A018397,0
A018398,7
A018399,66
A018400,3979
A018401,92
A018402,3980
A018403,5
A018404,0
A018405,52
A018406,57
A018407,49
A018408,3981
A018409,10
A018410,32
A018411,90
A018412,3
A018413,3
A018414,12
A018415,32
A018416,66
A018417,0
A018418,23
A018419,31
A018420,3982
A018421,31
A018422,0
A018423,69
A018424,91
A018425,98
A018426,3983
A018427,3984
A018428,3985
A018429,3986
A018430,60
A018431,77
A018432,2
A018433,43
A018434,74
A018435,37
A018436,61
A018437,21
A018438,62
A018439,4
A018440,3987
A018441,20
A018442,9
A018443,55
A018444,3988
A018445,102
A018446,87
A018447,30
A018448,48
A018449,8
A018450,3989
A018451,8
A018452,43
A018453,7
A018454,33
A018455,76
A018456,33
A018457,3990
A018458,3991
A018459,30
A018460,76
A018461,89
A018462,3992
A018463,83
A018464,50
A018465,3993
A018466,58
A018467,3994
A018468,51
A018469,47
A018470,4
A018471,17
A018472,6
A018473,84
A018474,50
A018475,25
A018476,18
A018477,5
A018478,1
A018479,3995
A018480,63
A018481,11
A018482,68
A018483,16
A018484,53
A018485,34
A018486,3996
A018487,99
A018488,95
A018489,34
A018490,91
A018491,3997
A018492,47
A018493,3998
A018494,3999
A018495,3
A018496,82
A018497,86
A018498,6
A018499,4000
A018500,67
A018501,4
A018502,2
A018503,4001
A018504,4002
A018505,78
A018506,67
A018507,4003
A018508,9
A018509,4004
A018510,4005
A018511,4006
A018512,20
A018513,4007
A018514,64
A018515,27
A018516,7
A018517,42
A018518,44
A018519,83
A018520,56
A018521,4008
A018522,50
A018523,4009
A018524,91
A018525,16
A018526,79
A018527,68
A018528,45
A018529,4010
A018530,17
A018531,34
A018532,75
A018533,23
A018534,43
A018535,4011
A018536,16
A018537,87
A018538,20
A018539,27
A018540,0
A018541,63
A018542,42
A018543,4012
A018544,57
A018545,62
A018546,90
A018547,51
A018548,60
A018549,52
A018550,41
A018551,66
A018552,4013
A018553,0
A018554,64
A018555,9
A018556,4014
A018557,98
A018558,23
A018559,65
A018560,4015
A018561,16
A018562,32
A018563,4016
A018564,76
A018565,33
A018566,80
A018567,60
A018568,4017
A018569,51
A018570,26
A018571,4018
A018572,4019
A018573,4020
A018574,68
A018575,52
A018576,4021
A018577,4022
A018578,33
A018579,96
A018580,86
A018581,4023
A018582,5
A018583,16
A018584,25
A018585,45
A018586,4024
A018587,52
A018588,101
A018589,50
A018590,8
A018591,12
A018592,101
A018593,75
A018594,50
A018595,19
A018596,61
A018597,3
A018598,4025
A018599,84
A018600,4026
A018601,36
A018602,74
A018603,24
A018604,4
A018605,23
A018606,39
A018607,4027
A018608,4028
A018609,41
A018610,85
A018611,58
A018612,10
A018613,4029
A018614,25
A018615,66
A018616,50
A018617,4030
A018618,6
A018619,36
A018620,50
A018621,41
A018622,4031
A018623,4032
A018624,72
A018625,2
A018626,4033
A018627,45
A018628,4034
A018629,67
A018630,48
A018631,20
A018632,17
A018633,90
A018634,86
A018635,4035
A018636,58
A018637,37
A018638,4036
A018639,36
A018640,1
A018641,2
A018642,4037
A018643,21
A018644,4038
A018645,58
A018646,31
A018647,0
A018648,4039
A018649,97
A018650,0
A018651,56
A018652,4040
A018653,16
A018654,57
A018655,92
A018656,4041
A018657,13
A018658,23
A018659,28
A018660,27
A018661,0
A018662,96
A018663,4042
A018664,17
A018665,55
A018666,34
A018667,3
A018668,28
A018669,4043
A018670,28
A018671,91
A018672,4044
A018673,99
A018674,72
A018675,8
A018676,4
A018677,31
A018678,188
A018679,2
A018680,21
A018681,14
A018682,4045
A018683,0
A018684,4046
A018685,1
A018686,25
A018687,19
A018688,50
A018689,4047
A018690,66
A018691,65
A018692,37
A018693,14
A018694,62
A018695,66
A018696,19
A018697,4048
A018698,25
A018699,2
A018700,31
A018701,4049
A018702,36
A018703,60
A018704,77
A018705,98
A018706,4050
A018707,27
A018708,88
A018709,29
A018710,89
A018711,44
A018712,42
A018713,31
A018714,34
A018715,66
A018716,35
A018717,48
A018718,16
A018719,4051
A018720,19
A018721,95
A018722,32
A018723,23
A018724,30
A018725,33
A018726,65
A018727,18
A018728,4052
A018729,30
A018730,8
A018731,4053
A018732,4054
A018733,87
A018734,91
A018735,2
A018736,54
A018737,42
A018738,52
A018739,84
A018740,25
A018741,28
A018742,99
A018743,4055
A018744,4056
A018745,4057
A018746,17
A018747,74
A018748,4058
A018749,101
A018750,13
A018751,4059
A018752,94
A018753,21
A018754,35
A018755,44
A018756,36
A018757,34
A018758,81
A018759,25
A018760,25
A018761,101
A018762,4060
A018763,4061
A018764,16
A018765,4062
A018766,72
A018767,98
A018768,70
A018769,44
A018770,4063
A018771,93
A018772,17
A018773,40
A018774,27
A018775,46
A018776,4064
A018777,26
A018778,65
A018779,53
A018780,4065
A018781,46
A018782,84
A018783,26
A018784,0
A018785,4066
A018786,68
A018787,4067
A018788,84
A018789,97
A018790,92
A018791,60
A018792,55
A018793,83
A018794,29
A018795,62
A018796,24
A018797,51
A018798,4
A018799,94
A018800,16
A018801,16
A018802,19
A018803,4068
A018804,41
A018805,19
A018806,4069
A018807,4070
A018808,43
A018809,58
A018810,44
A018811,3
A018812,73
A018813,63
A018814,4071
A018815,36
A018816,17
A018817,20
A018818,13
A018819,4
A018820,49
A018821,4072
A018822,4073
A018823,18
A018824,11
A018825,19
A018826,0
A018827,100
A018828,36
A018829,68
A018830,7
A018831,26
A018832,4074
A018833,31
A018834,12
A018835,3
A018836,18
A018837,91
A018838,79
A018839,3
A018840,25
A018841,98
A018842,31
A018843,60
A018844,49
A018845,13
A018846,45
A018847,14
A018848,34
A018849,4075
A018850,35
A018851,4076
A018852,73
A018853,78
A018854,30
A018855,20
A018856,33
A018857,42
A018858,71
A018859,4077
A018860,2
A018861,4078
A018862,4079
A018863,77
A018864,13
A018865,70
A018866,97
A018867,62
A018868,6
A018869,4080
A018870,4081
A018871,4082
A018872,5
A018873,4083
A018874,59
A018875,4084
A018876,22
A018877,15
A018878,94
A018879,4085
A018880,24
A018881,15
A018882,26
A018883,4086
A018884,4087
A018885,17
A018886,65
A018887,4088
A018888,35
A018889,4089
A018890,75
A018891,37
A018892,4090
A018893,39
A018894,37
A018895,15
A018896,12
A018897,44
A018898,8
A018899,2
A018900,99
A018901,27
A018902,4
A018903,7
A018904,34
A018905,1
A018906,31
A018907,64
A018908,14
A018909,98
A018910,4091
A018911,4092
A018912,94
A018913,27
A018914,4093
A018915,87
A018916,62
A018917,81
A018918,92
A018919,4094
A018920,17
A018921,10
A018922,13
A018923,73
A018924,56
A018925,92
A018926,49
A018927,3
A018928,3
A018929,19
A018930,45
A018931,29
A018932,18
A018933,73
A018934,100
A018935,4095
A018936,21
A018937,27
A018938,28
A018939,23
A018940,49
A018941,4096
A018942,42
A018943,16
A018944,35
A018945,29
A018946,4097
A018947,4
A018948,79
A018949,23
A018950,4098
A018951,54
A018952,11
A018953,5
A018954,29
A018955,7
A018956,50
A018957,4
A018958,0
A018959,4099
A018960,4100
A018961,100
A018962,78
A018963,23
A018964,10
A018965,75
A018966,94
A018967,4101
A018968,17
A018969,4102
A018970,14
A018971,27
A018972,4103
A018973,9
A018974,71
A018975,56
A018976,8
A018977,19
A018978,4104
A018979,5
A018980,88
A018981,25
A018982,4105
A018983,25
A018984,40
A018985,0
A018986,4106
A018987,3
A018988,36
A018989,10
A018990,4107
A018991,14
A018992,57
A018993,37
A018994,4108
A018995,4109
A018996,45
A018997,79
A018998,13
A018999,9
A019000,4110
A019001,1
A019002,66
A019003,3
A019004,195
A019005,24
A019006,85
A019007,4111
A019008,8
A019009,56
A019010,7
A019011,35
A019012,11
A019013,28
A019014,69
A019015,51
A019016,6
A019017,54
A019018,42
A019019,37
A019020,4112
A019021,45
A019022,0
A019023,9
A019024,91
A019025,102
A019026,4113
A019027,49
A019028,4114
A019029,50
A019030,49
A019031,9
A019032,24
A019033,58
A019034,24
A019035,86
A019036,59
A019037,8
A019038,86
A019039,57
A019040,31
A019041,81
A019042,4
A019043,4
A019044,41
A019045,91
A019046,20
A019047,4115
A019048,19
A019049,72
A019050,36
A019051,4116
A019052,58
A019053,70
A019054,29
A019055,31
A019056,83
A019057,42
A019058,41
A019059,4117
A019060,12
A019061,4118
A019062,67
A019063,4119
A019064,30
A019065,60
A019066,52
A019067,70
A019068,60
A019069,45
A019070,85
A019071,73
A019072,39
A019073,21
A019074,4120
A019075,4121
A019076,90
A019077,17
A019078,4122
A019079,63
A019080,2
A019081,45
A019082,54
A019083,38
A019084,26
A019085,32
A019086,14
A019087,4123
A019088,8
A019089,66
A019090,30
A019091,45
A019092,6
A019093,24
A019094,57
A019095,4124
A019096,40
A019097,32
A019098,51
A019099,73
A019100,52
A019101,102
A019102,24
A019103,17
A019104,58
A019105,4
A019106,1
A019107,4125
A019108,10
A019109,62
A019110,96
A019111,79
A019112,63
A019113,47
A019114,4126
A019115,22
A019116,57
A019117,97
A019118,65
A019119,4127
A019120,84
A019121,4128
A019122,55
A019123,4129
A019124,53
A019125,4130
A019126,19
A019127,97
A019128,16
A019129,88
A019130,4131
A019131,102
A019132,61
A019133,4132
A019134,4133
A019135,51
A019136,42
A019137,11
A019138,53
A019139,71
A019140,2
A019141,89
A019142,13
A019143,55
A019144,53
A019145,41
A019146,3
A019147,4134
A019148,44
A019149,81
A019150,95
A019151,18
A019152,4135
A019153,73
A019154,19
A019155,67
A019156,99
A019157,54
A019158,65
A019159,82
A019160,146
A019161,53
A019162,100
A019163,4136
A019164,4137
A019165,38
A019166,76
A019167,101
A019168,1
A019169,4138
A019170,33
A019171,12
A019172,28
A019173,6
A019174,44
A019175,68
A019176,28
A019177,19
A019178,22
A019179,14
A019180,73
A019181,27
A019182,4139
A019183,71
A019184,41
A019185,4140
A019186,29
A019187,14
A019188,72
A019189,80
A019190,4141
A019191,69
A019192,9
A019193,78
A019194,46
A019195,99
A019196,4142
A019197,19
A019198,18
A019199,4143
A019200,0
A019201,33
A019202,56
A019203,72
A019204,33
A019205,33
A019206,4144
A019207,62
A019208,17
A019209,79
A019210,25
A019211,80
A019212,45
A019213,4145
A019214,41
A019215,27
A019216,4146
A019217,4147
A019218,4148
A019219,52
A019220,80
A019221,46
A019222,86
A019223,72
A019224,4149
A019225,4150
A019226,84
A019227,4
A019228,54
A019229,32
A019230,4151
A019231,86
A019232,9
A019233,4152
A019234,4153
A019235,4154
A019236,5
A019237,21
A019238,54
A019239,95
A019240,17
A019241,59
A019242,94
A019243,1
A019244,4155
A019245,4156
A019246,27
A019247,4157
A019248,6
A019249,47
A019250,18
A019251,196
A019252,62
A019253,4158
A019254,25
A019255,4159
A019256,91
A019257,88
A019258,13
A019259,73
A019260,4160
A019261,4161
A019262,1
A019263,4162
A019264,46
A019265,0
A019266,65
A019267,8
A019268,56
A019269,0
A019270,9
A019271,5
A019272,48
A019273,13
A019274,36
A019275,45
A019276,12
A019277,59
A019278,74
A019279,4163
A019280,18
A019281,4164
A019282,33
A019283,38
A019284,76
A019285,20
A019286,85
A019287,4165
A019288,30
A019289,4166
A019290,49
A019291,14
A019292,54
A019293,53
A019294,81
A019295,96
A019296,55
A019297,20
A019298,45
A019299,94
A019300,2
A019301,4167
A019302,4168
A019303,35
A019304,73
A019305,44
A019306,23
A019307,17
A019308,97
A019309,96
A019310,4169
A019311,7
A019312,59
A019313,100
A019314,38
A019315,4170
A019316,88
A019317,4171
A019318,4172
A019319,45
A019320,41
A019321,1
A019322,35
A019323,65
A019324,34
A019325,99
A019326,18
A019327,70
A019328,5
A019329,20
A019330,22
A019331,102
A019332,84
A019333,4173
A019334,4174
A019335,9
A019336,34
A019337,69
A019338,76
A019339,83
A019340,2
A019341,30
A019342,33
A019343,30
A019344,2
A019345,113
A019346,101
A019347,3
A019348,14
A019349,61
A019350,38
A019351,1
A019352,85
A019353,4175
A019354,59
A019355,67
A019356,51
A019357,73
A019358,19
A019359,2
A019360,71
A019361,23
A019362,4176
A019363,19
A019364,18
A019365,58
A019366,73
A019367,88
A019368,14
A019369,89
A019370,35
A019371,75
A019372,4177
A019373,4178
A019374,52
A019375,100
A019376,38
A019377,62
A019378,73
A019379,4179
A019380,43
A019381,19
A019382,62
A019383,19
A019384,23
A019385,83
A019386,4180
A019387,170
A019388,99
A019389,69
A019390,15
A019391,4181
A019392,47
A019393,25
A019394,85
A019395,4182
A019396,54
A019397,4183
A019398,48
A019399,69
A019400,94
A019401,76
A019402,4184
A019403,4185
A019404,19
A019405,62
A019406,22
A019407,27
A019408,11
A019409,26
A019410,44
A019411,50
A019412,95
A019413,4186
A019414,46
A019415,70
A019416,75
A019417,12
A019418,5
A019419,36
A019420,11
A019421,7
A019422,8
A019423,86
A019424,47
A019425,60
A019426,57
A019427,5
A019428,33
A019429,38
A019430,4187
A019431,43
A019432,48
A019433,4188
A019434,50
A019435,54
A019436,4189
A019437,100
A019438,4190
A019439,33
A019440,76
A019441,16
A019442,4191
A019443,144
A019444,70
A019445,52
A019446,41
A019447,19
A019448,56
A019449,61
A019450,27
A019451,1
A019452,4192
A019453,37
A019454,13
A019455,4193
A019456,24
A019457,68
A019458,0
A019459,4194
A019460,24
A019461,2
A019462,73
A019463,76
A019464,51
A019465,5
A019466,3
A019467,80
A019468,2
A019469,1
A019470,41
A019471,1
A019472,22
A019473,91
A019474,4195
A019475,55
A019476,28
A019477,97
A019478,66
A019479,4
A019480,28
A019481,100
A019482,4196
A019483,4197
A019484,77
A019485,31
A019486,52
A019487,13
A019488,4198
A019489,55
A019490,4199
A019491,70
A019492,0
A019493,69
A019494,67
A019495,45
A019496,4200
A019497,5
A019498,88
A019499,39
A019500,49
A019501,37
A019502,101
A019503,9
A019504,4201
A019505,15
A019506,4202
A019507,4
A019508,10
A019509,54
A019510,82
A019511,4203
A019512,90
A019513,4204
A019514,70
A019515,3
A019516,4205
A019517,4206
A019518,4207
A019519,50
A019520,10
A019521,3
A019522,73
A019523,4208
A019524,88
A019525,4209
A019526,32
A019527,4
A019528,12
A019529,80
A019530,4210
A019531,53
A019532,71
A019533,24
A019534,55
A019535,4211
A019536,72
A019537,70
A019538,4212
A019539,20
A019540,93
A019541,48
A019542,40
A019543,61
A019544,4213
A019545,58
A019546,51
A019547,52
A019548,42
A019549,11
A019550,69
A019551,55
A019552,5
A019553,12
A019554,24
A019555,14
A019556,73
A019557,22
A019558,6
A019559,7
A019560,4214
A019561,19
A019562,97
A019563,8
A019564,60
A019565,95
A019566,62
A019567,51
A019568,89
A019569,4215
A019570,34
A019571,59
A019572,4216
A019573,33
A019574,4217
A019575,65
A019576,40
A019577,11
A019578,9
A019579,8
A019580,90
A019581,28
A019582,10
A019583,80
A019584,94
A019585,4218
A019586,6
A019587,4219
A019588,17
A019589,20
A019590,70
A019591,70
A019592,0
A019593,73
A019594,15
A019595,4220
A019596,85
A019597,6
A019598,33
A019599,2
A019600,14
A019601,9
A019602,51
A019603,66
A019604,6
A019605,4221
A019606,3
A019607,4222
A019608,37
A019609,66
A019610,4223
A019611,10
A019612,36
A019613,99
A019614,56
A019615,71
A019616,43
A019617,14
A019618,17
A019619,2
A019620,60
A019621,34
A019622,4224
A019623,69
A019624,5
A019625,15
A019626,4225
A019627,0
A019628,23
A019629,32
A019630,52
A019631,23
A019632,75
A019633,4226
A019634,34
A019635,52
A019636,4
A019637,43
A019638,4227
A019639,87
A019640,35
A019641,54
A019642,25
A019643,0
A019644,4228
A019645,4229
A019646,4
A019647,4230
A019648,90
A019649,36
A019650,11
A019651,0
A019652,34
A019653,4231
A019654,21
A019655,21
A019656,40
A019657,87
A019658,4232
A019659,52
A019660,4233
A019661,40
A019662,33
A019663,29
A019664,4
A019665,5
A019666,64
A019667,68
A019668,14
A019669,37
A019670,4234
A019671,17
A019672,4235
A019673,66
A019674,48
A019675,4236
A019676,43
A019677,4237
A019678,17
A019679,41
A019680,171
A019681,75
A019682,2
A019683,4238
A019684,26
A019685,4239
A019686,55
A019687,16
A019688,4240
A019689,74
A019690,6
A019691,17
A019692,33
A019693,28
A019694,10
A019695,76
A019696,2
A019697,4241
A019698,4242
A019699,2
A019700,3
A019701,5
A019702,15
A019703,57
A019704,4243
A019705,72
A019706,71
A019707,4244
A019708,4245
A019709,53
A019710,6
A019711,4246
A019712,18
A019713,52
A019714,4247
A019715,72
A019716,4248
A019717,43
A019718,27
A019719,4249
A019720,24
A019721,4250
A019722,69
A019723,83
A019724,69
A019725,4251
A019726,14
A019727,4252
A019728,4253
A019729,63
A019730,36
A019731,2
A019732,57
A019733,40
A019734,83
A019735,4254
A019736,197
A019737,7
A019738,15
A019739,48
A019740,1
A019741,40
A019742,40
A019743,12
A019744,4255
A019745,4256
A019746,30
A019747,4257
A019748,5
A019749,45
A019750,26
A019751,23
A019752,97
A019753,4258
A019754,4259
A019755,27
A019756,43
A019757,85
A019758,1
A019759,82
A019760,52
A019761,62
A019762,18
A019763,79
A019764,53
A019765,21
A019766,4260
A019767,4261
A019768,23
A019769,86
A019770,4262
A019771,4263
A019772,4264
A019773,56
A019774,59
A019775,4265
A019776,71
A019777,56
A019778,98
A019779,4266
A019780,30
A019781,6
A019782,48
A019783,70
A019784,0
A019785,15
A019786,4267
A019787,89
A019788,44
A019789,184
A019790,4268
A019791,53
A019792,57
A019793,26
A019794,4269
A019795,15
A019796,2
A019797,18
A019798,13
A019799,36
A019800,29
A019801,4270
A019802,6
A019803,66
A019804,4271
A019805,15
A019806,61
A019807,41
A019808,4272
A019809,32
A019810,80
A019811,4273
A019812,4
A019813,83
A019814,4274
A019815,91
A019816,33
A019817,5
A019818,19
A019819,71
A019820,28
A019821,4275
A019822,56
A019823,4
A019824,63
A019825,36
A019826,8
A019827,14
A019828,62
A019829,35
A019830,95
A019831,27
A019832,101
A019833,4276
A019834,23
A019835,30
A019836,61
A019837,4277
A019838,31
A019839,56
A019840,27
A019841,88
A019842,1
A019843,21
A019844,29
A019845,26
A019846,25
A019847,24
A019848,4278
A019849,67
A019850,4279
A019851,0
A019852,48
A019853,69
A019854,102
A019855,28
A019856,37
A019857,72
A019858,43
A019859,4
A019860,4280
A019861,13
A019862,20
A019863,1
A019864,29
A019865,15
A019866,59
A019867,27
A019868,32
A019869,57
A019870,4281
A019871,85
A019872,35
A019873,89
A019874,72
A019875,50
A019876,60
A019877,4282
A019878,57
A019879,85
A019880,44
A019881,44
A019882,49
A019883,41
A019884,68
A019885,4283
A019886,83
A019887,189
A019888,24
A019889,4284
A019890,1
A019891,1
A019892,24
A019893,23
A019894,4285
A019895,4286
A019896,29
A019897,27
A019898,61
A019899,45
A019900,95
A019901,81
A019902,4287
A019903,40
A019904,38
A019905,4288
A019906,48
A019907,4289
A019908,44
A019909,4290
A019910,4291
A019911,0
A019912,4292
A019913,26
A019914,64
A019915,2
A019916,4293
A019917,90
A019918,4294
A019919,84
A019920,29
A019921,41
A019922,47
A019923,76
A019924,97
A019925,81
A019926,4
A019927,7
A019928,70
A019929,33
A019930,4295
A019931,1
A019932,9
A019933,101
A019934,47
A019935,12
A019936,5
A019937,4296
A019938,3
A019939,4297
A019940,4
A019941,4298
A019942,72
A019943,13
A019944,74
A019945,27
A019946,16
A019947,4299
A019948,95
A019949,14
A019950,4300
A019951,33
A019952,15
A019953,79
A019954,71
A019955,42
A019956,86
A019957,51
A019958,4301
A019959,58
A019960,39
A019961,5
A019962,4302
A019963,75
A019964,24
A019965,50
A019966,62
A019967,4303
A019968,100
A019969,39
A019970,16
A019971,4304
A019972,13
A019973,95
A019974,11
A019975,27
A019976,73
A019977,64
A019978,43
A019979,12
A019980,49
A019981,23
A019982,6
A019983,56
A019984,65
A019985,49
A019986,53
A019987,66
A019988,13
A019989,77
A019990,30
A019991,38
A019992,4
A019993,24
A019994,22
A019995,58
A019996,92
A019997,4305
A019998,92
A019999,54
A020000,42
A020001,55
A020002,44
A020003,4306
A020004,67
A020005,4307
A020006,18
A020007,85
A020008,5
A020009,24
A020010,53
A020011,38
A020012,89
A020013,72
A020014,9
A020015,74
A020016,4308
A020017,13
A020018,35
A020019,4309
A020020,4
A020021,56
A020022,62
A020023,4310
A020024,12
A020025,5
A020026,76
A020027,92
A020028,11
A020029,55
A020030,0
A020031,19
A020032,77
A020033,15
A020034,4
A020035,4311
A020036,46
A020037,77
A020038,89
A020039,17
A020040,4312
A020041,17
A020042,41
A020043,6
A020044,61
A020045,31
A020046,45
A020047,39
A020048,4313
A020049,67
A020050,4
A020051,22
A020052,4314
A020053,89
A020054,4315
A020055,31
A020056,94
A020057,73
A020058,4316
A020059,20
A020060,4317
A020061,63
A020062,79
A020063,62
A020064,5
A020065,21
A020066,77
A020067,74
A020068,55
A020069,57
A020070,48
A020071,65
A020072,4318
A020073,37
A020074,45
A020075,80
A020076,12
A020077,31
A020078,22
A020079,54
A020080,4319
A020081,63
A020082,30
A020083,93
A020084,9
A020085,10
A020086,0
A020087,4320
A020088,53
A020089,7
A020090,29
A020091,43
A020092,83
A020093,4321
A020094,56
A020095,20
A020096,96
A020097,177
A020098,15
A020099,4322
A020100,4323
A020101,60
A020102,32
A020103,4
A020104,35
A020105,4324
A020106,95
A020107,44
A020108,43
A020109,84
A020110,57
A020111,84
A020112,14
A020113,4325
A020114,69
A020115,38
A020116,0
A020117,4326
A020118,50
A020119,4327
A020120,79
A020121,99
A020122,23
A020123,48
A020124,90
A020125,4328
A020126,62
A020127,4329
A020128,78
A020129,4330
A020130,47
A020131,4331
A020132,30
A020133,4332
A020134,4333
A020135,94
A020136,4334
A020137,4335
A020138,19
A020139,43
A020140,31
A020141,74
A020142,4336
A020143,4337
A020144,1
A020145,44
A020146,89
A020147,4338
A020148,22
A020149,4339
A020150,57
A020151,50
A020152,55
A020153,4340
A020154,38
A020155,33
A020156,4341
A020157,3
A020158,4342
A020159,92
A020160,14
A020161,11
A020162,25
A020163,36
A020164,30
A020165,67
A020166,1
A020167,21
A020168,4343
A020169,92
A020170,80
A020171,20
A020172,89
A020173,4344
A020174,94
A020175,51
A020176,4345
A020177,72
A020178,87
A020179,11
A020180,4346
A020181,100
A020182,33
A020183,68
A020184,87
A020185,94
A020186,20
A020187,4347
A020188,23
A020189,29
A020190,80
A020191,75
A020192,83
A020193,198
A020194,4348
A020195,46
A020196,4349
A020197,4350
A020198,4351
A020199,88
A020200,20
A020201,51
A020202,14
A020203,44
A020204,75
A020205,33
A020206,14
A020207,24
A020208,4352
A020209,0
A020210,6
A020211,46
A020212,85
A020213,5
A020214,28
A020215,18
A020216,63
A020217,57
A020218,29
A020219,18
A020220,14
A020221,98
A020222,79
A020223,66
A020224,4353
A020225,4354
A020226,39
A020227,17
A020228,61
A020229,64
A020230,4
A020231,37
A020232,28
A020233,32
A020234,4355
A020235,19
A020236,11
A020237,56
A020238,4356
A020239,49
A020240,84
A020241,6
A020242,58
A020243,54
A020244,17
A020245,4
A020246,32
A020247,42
A020248,83
A020249,199
A020250,4357
A020251,68
A020252,4358
A020253,76
A020254,74
A020255,4359
A020256,6
A020257,22
A020258,0
A020259,19
A020260,60
A020261,74
A020262,28
A020263,48
A020264,82
A020265,42
A020266,79
A020267,12
A020268,13
A020269,77
A020270,76
A020271,4360
A020272,74
A020273,57
A020274,0
A020275,11
A020276,22
A020277,62
A020278,40
A020279,14
A020280,4361
A020281,0
A020282,74
A020283,19
A020284,157
A020285,4362
A020286,96
A020287,51
A020288,4363
A020289,75
A020290,4364
A020291,44
A020292,8
A020293,4365
A020294,4366
A020295,37
A020296,94
A020297,6
A020298,37
A020299,4367
A020300,59
A020301,11
A020302,21
A020303,46
A020304,27
A020305,66
A020306,35
A020307,10
A020308,4368
A020309,38
A020310,65
A020311,33
A020312,27
A020313,28
A020314,27
A020315,96
A020316,4369
A020317,33
A020318,58
A020319,12
A020320,200
A020321,41
A020322,90
A020323,83
A020324,18
A020325,4370
A020326,24
A020327,114
A020328,53
A020329,7
A020330,12
A020331,54
A020332,4371
A020333,2
A020334,24
A020335,27
A020336,56
A020337,1
A020338,62
A020339,4372
A020340,20
A020341,60
A020342,59
A020343,6
A020344,3
A020345,97
A020346,79
A020347,80
A020348,55
A020349,4373
A020350,4374
A020351,15
A020352,58
A020353,76
A020354,26
A020355,64
A020356,24
A020357,93
A020358,29
A020359,4375
A020360,46
A020361,45
A020362,4376
A020363,97
A020364,4377
A020365,4378
A020366,4379
A020367,38
A020368,4380
A020369,112
A020370,4381
A020371,4382
A020372,34
A020373,53
A020374,10
A020375,5
A020376,4383
A020377,65
A020378,13
A020379,4384
A020380,29
A020381,71
A020382,192
A020383,1
A020384,4385
A020385,15
A020386,10
A020387,4386
A020388,101
A020389,4387
A020390,38
A020391,9
A020392,4388
A020393,100
A020394,20
A020395,38
A020396,4389
A020397,1
A020398,30
A020399,53
A020400,21
A020401,57
A020402,51
A020403,105
A020404,28
A020405,6
A020406,4390
A020407,26
A020408,4391
A020409,91
A020410,93
A020411,4392
A020412,47
A020413,4
A020414,4393
A020415,9
A020416,3
A020417,4394
A020418,102
A020419,32
A020420,31
A020421,56
A020422,19
A020423,53
A020424,73
A020425,49
A020426,4395
A020427,93
A020428,32
A020429,33
A020430,4396
A020431,74
A020432,29
A020433,0
A020434,69
A020435,4397
A020436,17
A020437,27
A020438,17
A020439,89
A020440,36
A020441,67
A020442,93
A020443,4398
A020444,0
A020445,6
A020446,4399
A020447,24
A020448,22
A020449,44
A020450,84
A020451,4400
A020452,60
A020453,86
A020454,4401
A020455,12
A020456,64
A020457,4402
A020458,39
A020459,4403
A020460,4
A020461,4404
A020462,61
A020463,4405
A020464,22
A020465,4406
A020466,31
A020467,4407
A020468,79
A020469,4408
A020470,47
A020471,71
A020472,54
A020473,30
A020474,35
A020475,96
A020476,21
A020477,11
A020478,5
A020479,42
A020480,4409
A020481,4410
A020482,4411
A020483,10
A020484,6
A020485,2
A020486,58
A020487,71
A020488,4412
A020489,84
A020490,32
A020491,92
A020492,51
A020493,160
A020494,201
A020495,24
A020496,88
A020497,4413
A020498,33
A020499,94
A020500,28
A020501,20
A020502,95
A020503,4414
A020504,24
A020505,4415
A020506,43
A020507,4416
A020508,8
A020509,81
A020510,4417
A020511,95
A020512,38
A020513,53
A020514,20
A020515,24
A020516,1
A020517,33
A020518,64
A020519,4418
A020520,4419
A020521,4420
A020522,28
A020523,84
A020524,37
A020525,78
A020526,42
A020527,13
A020528,34
A020529,35
A020530,35
A020531,50
A020532,4421
A020533,34
A020534,100
A020535,84
A020536,6
A020537,9
A020538,4422
A020539,4423
A020540,43
A020541,2
A020542,26
A020543,19
A020544,4424
A020545,30
A020546,31
A020547,25
A020548,4425
A020549,6
A020550,58
A020551,25
A020552,4426
A020553,63
A020554,4427
A020555,30
A020556,19
A020557,61
A020558,4428
A020559,7
A020560,4429
A020561,10
A020562,4430
A020563,25
A020564,10
A020565,4431
A020566,16
A020567,51
A020568,4432
A020569,43
A020570,88
A020571,18
A020572,11
A020573,2
A020574,64
A020575,60
A020576,61
A020577,31
A020578,66
A020579,4433
A020580,4434
A020581,16
A020582,42
A020583,16
A020584,41
A020585,36
A020586,4435
A020587,98
A020588,4436
A020589,4437
A020590,4438
A020591,4
A020592,89
A020593,14
A020594,62
A020595,0
A020596,78
A020597,4439
A020598,91
A020599,52
A020600,30
A020601,4
A020602,4440
A020603,67
A020604,4441
A020605,4442
A020606,4443
A020607,81
A020608,84
A020609,100
A020610,7
A020611,46
A020612,63
A020613,24
A020614,4444
A020615,38
A020616,39
A020617,19
A020618,56
A020619,78
A020620,27
A020621,4445
A020622,30
A020623,41
A020624,7
A020625,36
A020626,98
A020627,37
A020628,50
A020629,16
A020630,79
A020631,36
A020632,28
A020633,29
A020634,72
A020635,23
A020636,2
A020637,28
A020638,10
A020639,25
A020640,4446
A020641,64
A020642,42
A020643,34
A020644,8
A020645,58
A020646,4447
A020647,24
A020648,4448
A020649,48
A020650,44
A020651,0
A020652,4449
A020653,33
A020654,4450
A020655,9
A020656,4451
A020657,72
A020658,96
A020659,31
A020660,71
A020661,19
A020662,6
A020663,28
A020664,67
A020665,40
A020666,18
A020667,3
A020668,2
A020669,2
A020670,63
A020671,4452
A020672,51
A020673,3
A020674,4453
A020675,14
A020676,4454
A020677,27
A020678,12
A020679,21
A020680,29
A020681,19
A020682,13
A020683,47
A020684,76
A020685,38
A020686,6
A020687,4455
A020688,64
A020689,4456
A020690,4457
A020691,33
A020692,202
A020693,98
A020694,1
A020695,98
A020696,4458
A020697,38
A020698,4459
A020699,4460
A020700,27
A020701,63
A020702,59
A020703,99
A020704,1
A020705,4461
A020706,67
A020707,91
A020708,41
A020709,79
A020710,81
A020711,47
A020712,4462
A020713,2
A020714,36
A020715,64
A020716,47
A020717,49
A020718,42
A020719,4463
A020720,6
A020721,1
A020722,32
A020723,80
A020724,77
A020725,56
A020726,40
A020727,7
A020728,9
A020729,39
A020730,4464
A020731,90
A020732,67
A020733,4465
A020734,86
A020735,79
A020736,5
A020737,95
A020738,100
A020739,95
A020740,44
A020741,49
A020742,68
A020743,1
A020744,18
A020745,4466
A020746,44
A020747,20
A020748,100
A020749,0
A020750,35
A020751,52
A020752,4467
A020753,12
A020754,36
A020755,36
A020756,4468
A020757,10
A020758,8
A020759,11
A020760,50
A020761,74
A020762,10
A020763,52
A020764,4469
A020765,14
A020766,24
A020767,44
A020768,74
A020769,91
A020770,39
A020771,40
A020772,114
A020773,86
A020774,57
A020775,100
A020776,4470
A020777,76
A020778,87
A020779,19
A020780,12
A020781,38
A020782,89
A020783,4471
A020784,4
A020785,9
A020786,44
A020787,72
A020788,14
A020789,43
A020790,4472
A020791,13
A020792,4473
A020793,67
A020794,34
A020795,4474
A020796,4475
A020797,4476
A020798,36
A020799,41
A020800,72
A020801,28
A020802,41
A020803,4477
A020804,4478
A020805,26
A020806,8
A020807,98
A020808,4479
A020809,13
A020810,4480
A020811,84
A020812,82
A020813,4481
A020814,4482
A020815,60
A020816,117
A020817,4483
A020818,4
A020819,4484
A020820,54
A020821,0
A020822,23
A020823,4485
A020824,98
A020825,41
A020826,34
A020827,81
A020828,1
A020829,98
A020830,93
A020831,43
A020832,66
A020833,4486
A020834,19
A020835,18
A020836,46
A020837,31
A020838,68
A020839,44
A020840,4487
A020841,3
A020842,34
A020843,76
A020844,4488
A020845,61
A020846,12
A020847,36
A020848,80
A020849,66
A020850,48
A020851,42
A020852,97
A020853,82
A020854,35
A020855,70
A020856,4489
A020857,77
A020858,32
A020859,52
A020860,41
A020861,98
A020862,4490
A020863,4491
A020864,21
A020865,66
A020866,80
A020867,13
A020868,90
A020869,69
A020870,40
A020871,41
A020872,4492
A020873,31
A020874,4493
A020875,4494
A020876,14
A020877,97
A020878,64
A020879,58
A020880,5
A020881,4495
A020882,63
A020883,4496
A020884,97
A020885,63
A020886,79
A020887,29
A020888,4
A020889,94
A020890,33
A020891,7
A020892,22
A020893,4497
A020894,4498
A020895,13
A020896,45
A020897,91
A020898,70
A020899,43
A020900,4499
A020901,0
A020902,4500
A020903,49
A020904,20
A020905,86
A020906,5
A020907,52
A020908,50
A020909,80
A020910,45
A020911,31
A020912,71
A020913,79
A020914,93
A020915,102
A020916,73
A020917,1
A020918,41
A020919,59
A020920,26
A020921,81
A020922,38
A020923,62
A020924,73
A020925,10
A020926,3
A020927,201
A020928,36
A020929,4501
A020930,33
A020931,4502
A020932,77
A020933,80
A020934,49
A020935,4503
A020936,4504
A020937,74
A020938,91
A020939,21
A020940,4505
A020941,4
A020942,4506
A020943,64
A020944,41
A020945,4507
A020946,75
A020947,18
A020948,4508
A020949,4509
A020950,80
A020951,60
A020952,26
A020953,14
A020954,56
A020955,81
A020956,84
A020957,26
A020958,11
A020959,4510
A020960,200
A020961,100
A020962,6
A020963,45
A020964,33
A020965,9
A020966,54
A020967,4511
A020968,84
A020969,82
A020970,49
A020971,79
A020972,93
A020973,48
A020974,2
A020975,64
A020976,4512
A020977,83
A020978,7
A020979,53
A020980,57
A020981,0
A020982,4513
A020983,30
A020984,15
A020985,41
A020986,23
A020987,4514
A020988,24
A020989,77
A020990,4515
A020991,66
A020992,4516
A020993,29
A020994,4517
A020995,115
A020996,4518
A020997,3
A020998,4519
A020999,21
A021000,4520
A021001,3
A021002,66
A021003,7
A021004,182
A021005,4521
A021006,80
A021007,96
A021008,33
A021009,14
A021010,101
A021011,93
A021012,22
A021013,44
A021014,63
A021015,55
A021016,21
A021017,4522
A021018,79
A021019,4523
A021020,54
A021021,54
A021022,22
A021023,99
A021024,52
A021025,4
A021026,55
A021027,4524
A021028,4525
A021029,34
A021030,11
A021031,4526
A021032,4527
A021033,56
A021034,58
A021035,32
A021036,68
A021037,4528
A021038,66
A021039,95
A021040,4529
A021041,4530
A021042,44
A021043,19
A021044,47
A021045,74
A021046,1
A021047,43
A021048,4531
A021049,44
A021050,4532
A021051,29
A021052,28
A021053,4533
A021054,18
A021055,65
A021056,24
A021057,31
A021058,87
A021059,80
A021060,46
A021061,86
A021062,86
A021063,18
A021064,4534
A021065,24
A021066,4535
A021067,66
A021068,22
A021069,45
A021070,43
A021071,91
A021072,99
A021073,4536
A021074,10
A021075,12
A021076,20
A021077,98
A021078,9
A021079,79
A021080,17
A021081,19
A021082,13
A021083,82
A021084,10
A021085,10
A021086,4537
A021087,70
A021088,48
A021089,31
A021090,18
A021091,20
A021092,4538
A021093,23
A021094,26
A021095,9
A021096,11
A021097,15
A021098,68
A021099,17
A021100,4539
A021101,11
A021102,11
A021103,45
A021104,16
A021105,30
A021106,34
A021107,24
A021108,176
A021109,84
A021110,84
A021111,152
A021112,21
A021113,4540
A021114,14
A021115,28
A021116,87
A021117,27
A021118,73
A021119,4
A021120,62
A021121,55
A021122,92
A021123,4541
A021124,61
A021125,10
A021126,4542
A021127,131
A021128,26
A021129,4543
A021130,0
A021131,78
A021132,19
A021133,11
A021134,26
A021135,55
A021136,2
A021137,67
A021138,18
A021139,32
A021140,16
A021141,60
A021142,1
A021143,57
A021144,36
A021145,4544
A021146,43
A021147,48
A021148,7
A021149,58
A021150,37
A021151,64
A021152,4545
A021153,4
A021154,13
A021155,40
A021156,90
A021157,95
A021158,4546
A021159,97
A021160,39
A021161,17
A021162,20
A021163,90
A021164,115
A021165,4547
A021166,4548
A021167,4549
A021168,4550
A021169,18
A021170,29
A021171,53
A021172,7
A021173,31
A021174,163
A021175,3
A021176,37
A021177,4551
A021178,93
A021179,4552
A021180,31
A021181,49
A021182,35
A021183,1
A021184,4553
A021185,78
A021186,39
A021187,74
A021188,4554
A021189,17
A021190,20
A021191,6
A021192,38
A021193,137
A021194,24
A021195,65
A021196,41
A021197,6
A021198,4555
A021199,38
A021200,65
A021201,4556
A021202,68
A021203,19
A021204,4557
A021205,1
A021206,16
A021207,52
A021208,4558
A021209,11
A021210,69
A021211,4559
A021212,70
A021213,20
A021214,87
A021215,40
A021216,94
A021217,75
A021218,4560
A021219,4561
A021220,0
A021221,80
A021222,63
A021223,83
A021224,24
A021225,12
A021226,64
A021227,32
A021228,4562
A021229,72
A021230,30
A021231,4563
A021232,78
A021233,65
A021234,22
A021235,4564
A021236,76
A021237,4565
A021238,66
A021239,4566
A021240,40
A021241,70
A021242,4567
A021243,4568
A021244,28
A021245,77
A021246,1
A021247,4569
A021248,4570
A021249,98
A021250,14
A021251,102
A021252,4571
A021253,0
A021254,5
A021255,41
A021256,4572
A021257,45
A021258,37
A021259,72
A021260,4573
A021261,21
A021262,4
A021263,99
A021264,25
A021265,92
A021266,50
A021267,4574
A021268,10
A021269,46
A021270,61
A021271,68
A021272,49
A021273,75
A021274,65
A021275,93
A021276,73
A021277,9
A021278,4575
A021279,36
A021280,16
A021281,4576
A021282,14
A021283,40
A021284,46
A021285,4577
A021286,4578
A021287,44
A021288,4579
A021289,96
A021290,37
A021291,79
A021292,14
A021293,4
A021294,73
A021295,4580
A021296,82
A021297,4581
A021298,36
A021299,54
A021300,4582
A021301,100
A021302,4583
A021303,52
A021304,86
A021305,54
A021306,3
A021307,83
A021308,74
A021309,51
A021310,49
A021311,7
A021312,15
A021313,7
A021314,24
A021315,1
A021316,23
A021317,40
A021318,18
A021319,54
A021320,60
A021321,41
A021322,18
A021323,42
A021324,95
A021325,66
A021326,21
A021327,61
A021328,36
A021329,36
A021330,15
A021331,4584
A021332,16
A021333,92
A021334,3
A021335,4585
A021336,20
A021337,23
A021338,82
A021339,89
A021340,50
A021341,37
A021342,7
A021343,4586
A021344,4587
A021345,20
A021346,4588
A021347,4589
A021348,77
A021349,27
A021350,4590
A021351,4591
A021352,20
A021353,32
A021354,93
A021355,101
A021356,101
A021357,4592
A021358,4
A021359,14
A021360,4593
A021361,18
A021362,99
A021363,52
A021364,53
A021365,11
A021366,7
A021367,40
A021368,2
A021369,8
A021370,33
A021371,42
A021372,57
A021373,6
A021374,4594
A021375,4595
A021376,81
A021377,48
A021378,5
A021379,66
A021380,1
A021381,87
A021382,31
A021383,11
A021384,97
A021385,32
A021386,4596
A021387,71
A021388,11
A021389,100
A021390,61
A021391,75
A021392,22
A021393,25
A021394,34
A021395,78
A021396,4597
A021397,32
A021398,94
A021399,8
A021400,73
A021401,46
A021402,55
A021403,14
A021404,84
A021405,68
A021406,73
A021407,11
A021408,88
A021409,15
A021410,4598
A021411,33
A021412,8
A021413,77
A021414,45
A021415,30
A021416,2
A021417,34
A021418,4599
A021419,80
A021420,52
A021421,69
A021422,0
A021423,82
A021424,4600
A021425,39
A021426,80
A021427,71
A021428,49
A021429,92
A021430,8
A021431,45
A021432,41
A021433,50
A021434,58
A021435,44
A021436,26
A021437,4601
A021438,2
A021439,44
A021440,3
A021441,16
A021442,4602
A021443,78
A021444,43
A021445,4603
A021446,4604
A021447,27
A021448,17
A021449,101
A021450,4605
A021451,64
A021452,37
A021453,93
A021454,5
A021455,41
A021456,12
A021457,4606
A021458,57
A021459,89
A021460,72
A021461,4607
A021462,75
A021463,96
A021464,4608
A021465,62
A021466,2
A021467,82
A021468,49
A021469,16
A021470,47
A021471,81
A021472,25
A021473,88
A021474,65
A021475,22
A021476,1
A021477,37
A021478,63
A021479,9
A021480,51
A021481,21
A021482,6
A021483,8
A021484,12
A021485,4609
A021486,52
A021487,24
A021488,4610
A021489,12
A021490,11
A021491,71
A021492,76
A021493,96
A021494,49
A021495,4611
A021496,1
A021497,2
A021498,73
A021499,4612
A021500,75
A021501,0
A021502,36
A021503,18
A021504,88
A021505,28
A021506,8
A021507,4613
A021508,14
A021509,24
A021510,4614
A021511,13
A021512,11
A021513,9
A021514,4615
A021515,97
A021516,69
A021517,20
A021518,15
A021519,4616
A021520,49
A021521,75
A021522,56
A021523,44
A021524,8
A021525,54
A021526,1
A021527,4
A021528,40
A021529,179
A021530,4617
A021531,4618
A021532,86
A021533,47
A021534,27
A021535,47
A021536,60
A021537,84
A021538,43
A021539,4619
A021540,13
A021541,53
A021542,13
A021543,72
A021544,71
A021545,18
A021546,18
A021547,50
A021548,50
A021549,48
A021550,5
A021551,0
A021552,7
A021553,63
A021554,58
A021555,2
A021556,4620
A021557,11
A021558,22
A021559,67
A021560,3
A021561,38
A021562,54
A021563,95
A021564,18
A021565,6
A021566,28
A021567,5
A021568,100
A021569,17
A021570,54
A021571,49
A021572,18
A021573,81
A021574,31
A021575,7
A021576,40
A021577,28
A021578,98
A021579,4621
A021580,4622
A021581,6
A021582,63
A021583,83
A021584,84
A021585,8
A021586,49
A021587,21
A021588,37
A021589,12
A021590,7
A021591,43
A021592,4623
A021593,84
A021594,32
A021595,44
A021596,4624
A021597,39
A021598,27
A021599,17
A021600,27
A021601,6
A021602,50
A021603,4625
A021604,22
A021605,23
A021606,4626
A021607,57
A021608,15
A021609,15
A021610,4627
A021611,17
A021612,4628
A021613,36
A021614,58
A021615,21
A021616,16
A021617,14
A021618,7
A021619,98
A021620,54
A021621,44
A021622,4629
A021623,98
A021624,100
A021625,4630
A021626,14
A021627,101
A021628,4631
A021629,22
A021630,41
A021631,4632
A021632,48
A021633,63
A021634,4633
A021635,4634
A021636,57
A021637,31
A021638,9
A021639,77
A021640,7
A021641,94
A021642,68
A021643,59
A021644,47
A021645,4635
A021646,45
A021647,4636
A021648,51
A021649,32
A021650,81
A021651,20
A021652,4637
A021653,25
A021654,4638
A021655,4639
A021656,4640
A021657,88
A021658,95
A021659,3
A021660,4641
A021661,4642
A021662,58
A021663,2
A021664,0
A021665,77
A021666,6
A021667,9
A021668,70
A021669,11
A021670,25
A021671,52
A021672,26
A021673,36
A021674,1
A021675,100
A021676,76
A021677,4643
A021678,44
A021679,60
A021680,10
A021681,4644
A021682,33
A021683,2
A021684,30
A021685,37
A021686,4645
A021687,38
A021688,6
A021689,4646
A021690,23
A021691,4647
A021692,4648
A021693,77
A021694,91
A021695,74
A021696,63
A021697,22
A021698,8
A021699,57
A021700,4649
A021701,45
A021702,2
A021703,69
A021704,38
A021705,84
A021706,3
A021707,32
A021708,21
A021709,4650
A021710,27
A021711,4651
A021712,64
A021713,4652
A021714,75
A021715,4653
A021716,4654
A021717,52
A021718,5
A021719,4655
A021720,4656
A021721,1
A021722,53
A021723,42
A021724,38
A021725,73
A021726,22
A021727,57
A021728,73
A021729,10
A021730,17
A021731,11
A021732,2
A021733,4657
A021734,4658
A021735,79
A021736,49
A021737,16
A021738,65
A021739,18
A021740,4659
A021741,56
A021742,13
A021743,90
A021744,3
A021745,12
A021746,95
A021747,42
A021748,55
A021749,86
A021750,0
A021751,4660
A021752,4661
A021753,5
A021754,4662
A021755,99
A021756,81
A021757,15
A021758,3
A021759,2
A021760,7
A021761,4663
A021762,21
A021763,4664
A021764,61
A021765,1
A021766,4
A021767,19
A021768,42
A021769,29
A021770,4665
A021771,16
A021772,97
A021773,96
A021774,18
A021775,4666
A021776,74
A021777,0
A021778,4667
A021779,74
A021780,83
A021781,49
A021782,16
A021783,46
A021784,17
A021785,4668
A021786,50
A021787,4669
A021788,18
A021789,4670
A021790,4671
A021791,14
A021792,4672
A021793,23
A021794,87
A021795,51
A021796,37
A021797,37
A021798,4673
A021799,22
A021800,30
A021801,4674
A021802,4675
A021803,69
A021804,80
A021805,88
A021806,8
A021807,7
A021808,45
A021809,96
A021810,95
A021811,4676
A021812,63
A021813,34
A021814,42
A021815,35
A021816,19
A021817,35
A021818,193
A021819,4677
A021820,17
A021821,38
A021822,29
A021823,13
A021824,18
A021825,81
A021826,56
A021827,34
A021828,85
A021829,27
A021830,9
A021831,4678
A021832,55
A021833,62
A021834,10
A021835,4679
A021836,21
A021837,55
A021838,13
A021839,31
A021840,18
A021841,21
A021842,4680
A021843,34
A021844,72
A021845,30
A021846,4681
A021847,60
A021848,1
A021849,29
A021850,4682
A021851,22
A021852,7
A021853,31
A021854,15
A021855,75
A021856,18
A021857,4683
A021858,2
A021859,4
A021860,3
A021861,96
A021862,73
A021863,61
A021864,26
A021865,4684
A021866,85
A021867,4685
A021868,51
A021869,56
A021870,1
A021871,4686
A021872,25
A021873,0
A021874,8
A021875,73
A021876,39
A021877,4687
A021878,27
A021879,79
A021880,39
A021881,70
A021882,70
A021883,77
A021884,4
A021885,59
A021886,40
A021887,17
A021888,4688
A021889,70
A021890,55
A021891,21
A021892,88
A021893,12
A021894,36
A021895,42
A021896,4689
A021897,72
A021898,88
A021899,57
A021900,4690
A021901,87
A021902,15
A021903,40
A021904,30
A021905,59
A021906,44
A021907,24
A021908,90
A021909,54
A021910,33
A021911,75
A021912,65
A021913,93
A021914,97
A021915,4691
A021916,67
A021917,4692
A021918,7
A021919,9
A021920,18
A021921,4693
A021922,35
A021923,70
A021924,79
A021925,4694
A021926,4695
A021927,74
A021928,4696
A021929,72
A021930,21
A021931,54
A021932,62
A021933,24
A021934,9
A021935,53
A021936,8
A021937,78
A021938,65
A021939,24
A021940,44
A021941,4697
A021942,7
A021943,22
A021944,98
A021945,94
A021946,58
A021947,68
A021948,4698
A021949,48
A021950,1
A021951,65
A021952,4699
A021953,4700
A021954,4701
A021955,62
A021956,4702
A021957,54
A021958,4703
A021959,73
A021960,8
A021961,43
A021962,10
A021963,4704
A021964,53
A021965,94
A021966,50
A021967,48
A021968,4705
A021969,1
A021970,43
A021971,4706
A021972,4707
A021973,63
A021974,47
A021975,4708
A021976,42
A021977,8
A021978,11
A021979,61
A021980,14
A021981,89
A021982,62
A021983,39
A021984,60
A021985,77
A021986,17
A021987,21
A021988,47
A021989,2
A021990,76
A021991,7
A021992,8
A021993,89
A021994,48
A021995,0
A021996,4709
A021997,53
A021998,15
A021999,11
A022000,12
A022001,30
A022002,68
A022003,1
A022004,61
A022005,88
A022006,52
A022007,101
A022008,41
A022009,4710
A022010,4711
A022011,72
A022012,1
A022013,25
A022014,44
A022015,3
A022016,42
A022017,68
A022018,4712
A022019,37
A022020,5
A022021,4713
A022022,71
A022023,48
A022024,64
A022025,9
A022026,87
A022027,78
A022028,15
A022029,4714
A022030,4715
A022031,4716
A022032,26
A022033,12
A022034,2
A022035,77
A022036,12
A022037,50
A022038,62
A022039,4717
A022040,6
A022041,2
A022042,100
A022043,4718
A022044,34
A022045,9
A022046,3
A022047,0
A022048,73
A022049,48
A022050,82
A022051,11
A022052,9
A022053,20
A022054,80
A022055,4719
A022056,18
A022057,47
A022058,25
A022059,30
A022060,1
A022061,31
A022062,16
A022063,8
A022064,37
A022065,15
A022066,73
A022067,12
A022068,1
A022069,30
A022070,90
A022071,84
A022072,68
A022073,47
A022074,74
A022075,68
A022076,174
A022077,4720
A022078,61
A022079,46
A022080,9
A022081,28
A022082,73
A022083,84
A022084,48
A022085,71
A022086,44
A022087,56
A022088,17
A022089,70
A022090,57
A022091,82
A022092,4721
A022093,9
A022094,57
A022095,57
A022096,25
A022097,73
A022098,26
A022099,4722
A022100,75
A022101,22
A022102,55
A022103,2
A022104,87
A022105,4723
A022106,65
A022107,4724
A022108,51
A022109,4725
A022110,27
A022111,40
A022112,5
A022113,58
A022114,8
A022115,93
A022116,29
A022117,50
A022118,60
A022119,54
A022120,25
A022121,81
A022122,4726
A022123,90
A022124,10
A022125,80
A022126,42
A022127,4727
A022128,11
A022129,77
A022130,9
A022131,4
A022132,9
A022133,22
A022134,52
A022135,57
A022136,60
A022137,4728
A022138,28
A022139,33
A022140,39
A022141,4729
A022142,4730
A022143,84
A022144,9
A022145,74
A022146,81
A022147,17
A022148,75
A022149,12
A022150,4731
A022151,4732
A022152,0
A022153,84
A022154,4733
A022155,20
A022156,4734
A022157,78
A022158,90
A022159,20
A022160,4735
A022161,27
A022162,4
A022163,19
A022164,51
A022165,61
A022166,4736
A022167,93
A022168,8
A022169,44
A022170,6
A022171,28
A022172,1
A022173,37
A022174,42
A022175,1
A022176,66
A022177,56
A022178,20
A022179,4
A022180,88
A022181,17
A022182,34
A022183,60
A022184,80
A022185,17
A022186,4737
A022187,66
A022188,14
A022189,64
A022190,89
A022191,15
A022192,4738
A022193,60
A022194,4739
A022195,29
A022196,35
A022197,89
A022198,47
A022199,24
A022200,4740
A022201,1
A022202,4741
A022203,4742
A022204,4743
A022205,83
A022206,72
A022207,4744
A022208,4745
A022209,54
A022210,85
A022211,4746
A022212,100
A022213,73
A022214,82
A022215,30
A022216,77
A022217,58
A022218,81
A022219,55
A022220,4747
A022221,26
A022222,4748
A022223,4749
A022224,4
A022225,4750
A022226,4751
A022227,4752
A022228,2
A022229,4753
A022230,0
A022231,4754
A022232,50
A022233,56
A022234,4755
A022235,10
A022236,86
A022237,11
A022238,95
A022239,4756
A022240,2
A022241,12
A022242,0
A022243,4757
A022244,74
A022245,13
A022246,99
A022247,4758
A022248,79
A022249,66
A022250,99
A022251,4759
A022252,80
A022253,2
A022254,1
A022255,4760
A022256,3
A022257,62
A022258,78
A022259,4761
A022260,95
A022261,49
A022262,42
A022263,44
A022264,4762
A022265,77
A022266,4763
A022267,6
A022268,4764
A022269,25
A022270,53
A022271,12
A022272,25
A022273,87
A022274,4765
A022275,28
A022276,42
A022277,52
A022278,6
A022279,4766
A022280,105
A022281,65
A022282,59
A022283,4767
A022284,4768
A022285,2
A022286,3
A022287,18
A022288,4
A022289,4769
A022290,10
A022291,93
A022292,17
A022293,87
A022294,75
A022295,4770
A022296,4771
A022297,34
A022298,3
A022299,4772
A022300,76
A022301,53
A022302,62
A022303,27
A022304,65
A022305,19
A022306,4773
A022307,4774
A022308,43
A022309,14
A022310,37
A022311,4775
A022312,59
A022313,10
A022314,90
A022315,1
A022316,58
A022317,52
A022318,6
A022319,4776
A022320,4777
A022321,29
A022322,62
A022323,62
A022324,39
A022325,42
A022326,7
A022327,4778
A022328,2
A022329,70
A022330,27
A022331,81
A022332,23
A022333,53
A022334,63
A022335,5
A022336,23
A022337,82
A022338,28
A022339,44
A022340,90
A022341,74
A022342,4779
A022343,51
A022344,4
A022345,64
A022346,14
A022347,53
A022348,43
A022349,1
A022350,4780
A022351,34
A022352,12
A022353,0
A022354,39
A022355,61
A022356,16
A022357,67
A022358,39
A022359,4781
A022360,97
A022361,78
A022362,1
A022363,16
A022364,83
A022365,50
A022366,4782
A022367,4783
A022368,4784
A022369,77
A022370,69
A022371,4785
A022372,92
A022373,57
A022374,4786
A022375,40
A022376,58
A022377,4
A022378,69
A022379,34
A022380,39
A022381,1
A022382,69
A022383,67
A022384,4787
A022385,4788
A022386,63
A022387,45
A022388,4789
A022389,4790
A022390,17
A022391,60
A022392,46
A022393,61
A022394,75
A022395,4791
A022396,23
A022397,4792
A022398,4793
A022399,6
A022400,10
A022401,4794
A022402,26
A022403,37
A022404,62
A022405,33
A022406,69
A022407,181
A022408,25
A022409,31
A022410,4795
A022411,43
A022412,66
A022413,16
A022414,9
A022415,7
A022416,89
A022417,19
A022418,4796
A022419,25
A022420,3
A022421,186
A022422,60
A022423,8
A022424,11
A022425,11
A022426,45
A022427,4797
A022428,24
A022429,70
A022430,59
A022431,15
A022432,62
A022433,17
A022434,67
A022435,4798
A022436,4799
A022437,4800
A022438,4801
A022439,60
A022440,4802
A022441,78
A022442,33
A022443,51
A022444,8
A022445,4803
A022446,13
A022447,42
A022448,4804
A022449,38
A022450,25
A022451,54
A022452,3
A022453,4805
A022454,4806
A022455,4
A022456,88
A022457,22
A022458,54
A022459,19
A022460,65
A022461,4807
A022462,45
A022463,35
A022464,4808
A022465,74
A022466,53
A022467,2
A022468,7
A022469,71
A022470,4809
A022471,4810
A022472,92
A022473,93
A022474,61
A022475,26
A022476,51
A022477,76
A022478,62
A022479,4811
A022480,81
A022481,29
A022482,64
A022483,80
A022484,18
A022485,6
A022486,4812
A022487,4813
A022488,101
A022489,82
A022490,45
A022491,1
A022492,1
A022493,31
A022494,37
A022495,4814
A022496,1
A022497,17
A022498,27
A022499,4815
A022500,40
A022501,76
A022502,4816
A022503,65
A022504,65
A022505,58
A022506,63
A022507,4817
A022508,68
A022509,86
A022510,70
A022511,73
A022512,72
A022513,7
A022514,4818
A022515,4819
A022516,48
A022517,17
A022518,4820
A022519,41
A022520,69
A022521,3
A022522,4821
A022523,4822
A022524,4823
A022525,15
A022526,4824
A022527,28
A022528,23
A022529,23
A022530,41
A022531,96
A022532,92
A022533,21
A022534,80
A022535,50
A022536,29
A022537,95
A022538,48
A022539,69
A022540,15
A022541,99
A022542,23
A022543,33
A022544,42
A022545,71
A022546,55
A022547,4825
A022548,38
A022549,4826
A022550,57
A022551,53
A022552,4827
A022553,79
A022554,47
A022555,45
A022556,10
A022557,4828
A022558,4829
A022559,92
A022560,19
A022561,4830
A022562,4831
A022563,53
A022564,4832
A022565,95
A022566,4833
A022567,81
A022568,48
A022569,4834
A022570,29
A022571,10
A022572,10
A022573,19
A022574,80
A022575,26
A022576,25
A022577,90
A022578,16
A022579,58
A022580,151
A022581,43
A022582,93
A022583,7
A022584,25
A022585,4835
A022586,4836
A022587,15
A022588,74
A022589,13
A022590,34
A022591,88
A022592,4837
A022593,23
A022594,4
A022595,13
A022596,63
A022597,4838
A022598,17
A022599,4839
A022600,14
A022601,48
A022602,34
A022603,16
A022604,23
A022605,4840
A022606,67
A022607,93
A022608,29
A022609,101
A022610,90
A022611,32
A022612,52
A022613,55
A022614,0
A022615,49
A022616,30
A022617,4841
A022618,49
A022619,47
A022620,37
A022621,75
A022622,9
A022623,22
A022624,24
A022625,8
A022626,4842
A022627,42
A022628,30
A022629,20
A022630,51
A022631,29
A022632,2
A022633,0
A022634,8
A022635,58
A022636,42
A022637,4843
A022638,2
A022639,61
A022640,71
A022641,4844
A022642,40
A022643,4845
A022644,98
A022645,54
A022646,9
A022647,8
A022648,1
A022649,4846
A022650,4847
A022651,4848
A022652,35
A022653,4849
A022654,38
A022655,44
A022656,4850
A022657,1
A022658,1
A022659,0
A022660,17
A022661,23
A022662,31
A022663,7
A022664,11
A022665,56
A022666,0
A022667,4851
A022668,25
A022669,25
A022670,4852
A022671,12
A022672,40
A022673,1
A022674,32
A022675,34
A022676,22
A022677,13
A022678,31
A022679,82
A022680,89
A022681,7
A022682,7
A022683,77
A022684,4853
A022685,85
A022686,32
A022687,4854
A022688,4855
A022689,86
A022690,3
A022691,79
A022692,4
A022693,92
A022694,54
A022695,4856
A022696,92
A022697,61
A022698,36
A022699,4857
A022700,4858
A022701,14
A022702,1
A022703,4859
A022704,73
A022705,57
A022706,4860
A022707,57
A022708,6
A022709,4
A022710,2
A022711,8
A022712,5
A022713,48
A022714,41
A022715,89
A022716,39
A022717,2
A022718,4861
A022719,56
A022720,4862
A022721,78
A022722,26
A022723,4863
A022724,69
A022725,2
A022726,21
A022727,30
A022728,4864
A022729,4865
A022730,28
A022731,24
A022732,40
A022733,48
A022734,51
A022735,57
A022736,25
A022737,47
A022738,4866
A022739,37
A022740,4867
A022741,3
A022742,93
A022743,0
A022744,194
A022745,5
A022746,91
A022747,4868
A022748,44
A022749,19
A022750,30
A022751,35
A022752,39
A022753,4869
A022754,67
A022755,4870
A022756,16
A022757,16
A022758,4871
A022759,53
A022760,54
A022761,30
A022762,7
A022763,19
A022764,34
A022765,85
A022766,4872
A022767,90
A022768,59
A022769,30
A022770,50
A022771,63
A022772,48
A022773,4873
A022774,18
A022775,4874
A022776,82
A022777,1
A022778,4875
A022779,4876
A022780,4877
A022781,1
A022782,8
A022783,4878
A022784,39
A022785,4879
A022786,96
A022787,4880
A022788,59
A022789,22
A022790,4881
A022791,31
A022792,4882
A022793,4883
A022794,4884
A022795,53
A022796,3
A022797,3
A022798,42
A022799,4885
A022800,37
A022801,35
A022802,7
A022803,78
A022804,21
A022805,72
A022806,52
A022807,36
A022808,21
A022809,25
A022810,101
A022811,43
A022812,41
A022813,31
A022814,98
A022815,51
A022816,4886
A022817,57
A022818,32
A022819,4887
A022820,4888
A022821,61
A022822,9
A022823,92
A022824,46
A022825,43
A022826,38
A022827,70
A022828,4889
A022829,0
A022830,22
A022831,6
A022832,40
A022833,191
A022834,59
A022835,53
A022836,10
A022837,58
A022838,57
A022839,4890
A022840,29
A022841,17
A022842,52
A022843,4891
A022844,98
A022845,96
A022846,39
A022847,34
A022848,1
A022849,4892
A022850,77
A022851,17
A022852,4893
A022853,23
A022854,4894
A022855,54
A022856,4895
A022857,92
A022858,11
A022859,90
A022860,11
A022861,51
A022862,196
A022863,4896
A022864,40
A022865,24
A022866,9
A022867,43
A022868,26
A022869,4
A022870,4897
A022871,51
A022872,4898
A022873,4899
A022874,2
A022875,9
A022876,4900
A022877,4901
A022878,27
A022879,35
A022880,4902
A022881,4903
A022882,15
A022883,28
A022884,4904
A022885,69
A022886,23
A022887,4905
A022888,99
A022889,4906
A022890,14
A022891,6
A022892,4907
A022893,40
A022894,4908
A022895,28
A022896,14
A022897,87
A022898,10
A022899,4909
A022900,65
A022901,86
A022902,81
A022903,24
A022904,17
A022905,26
A022906,101
A022907,16
A022908,48
A022909,0
A022910,4910
A022911,46
A022912,69
A022913,87
A022914,38
A022915,4911
A022916,65
A022917,10
A022918,41
A022919,73
A022920,4912
A022921,53
A022922,62
A022923,14
A022924,4913
A022925,18
A022926,4914
A022927,45
A022928,37
A022929,16
A022930,36
A022931,4915
A022932,99
A022933,102
A022934,100
A022935,57
A022936,4916
A022937,45
A022938,2
A022939,4917
A022940,4918
A022941,4919
A022942,66
A022943,27
A022944,46
A022945,13
A022946,37
A022947,86
A022948,5
A022949,15
A022950,60
A022951,47
A022952,4920
A022953,4921
A022954,38
A022955,4922
A022956,41
A022957,53
A022958,89
A022959,20
A022960,30
A022961,96
A022962,96
A022963,0
A022964,38
A022965,46
A022966,4923
A022967,70
A022968,96
A022969,87
A022970,72
A022971,4
A022972,77
A022973,4924
A022974,4925
A022975,40
A022976,4926
A022977,51
A022978,57
A022979,4927
A022980,4928
A022981,82
A022982,5
A022983,64
A022984,4929
A022985,22
A022986,38
A022987,24
A022988,4930
A022989,29
A022990,4931
A022991,2
A022992,84
A022993,49
A022994,48
A022995,32
A022996,0
A022997,19
A022998,45
A022999,23
A023000,4932
A023001,40
A023002,67
A023003,65
A023004,4933
A023005,4
A023006,24
A023007,4934
A023008,4935
A023009,8
A023010,22
A023011,25
A023012,24
A023013,33
A023014,38
A023015,4936
A023016,46
A023017,5
A023018,27
A023019,15
A023020,10
A023021,64
A023022,13
A023023,39
A023024,33
A023025,4937
A023026,4938
A023027,4939
A023028,61
A023029,56
A023030,94
A023031,27
A023032,180
A023033,5
A023034,29
A023035,2
A023036,37
A023037,65
A023038,4940
A023039,96
A023040,33
A023041,100
A023042,42
A023043,67
A023044,95
A023045,59
A023046,50
A023047,26
A023048,44
A023049,41
A023050,10
A023051,67
A023052,4941
A023053,36
A023054,55
A023055,25
A023056,39
A023057,22
A023058,45
A023059,17
A023060,4942
A023061,101
A023062,20
A023063,4
A023064,20
A023065,23
A023066,7
A023067,4943
A023068,4944
A023069,33
A023070,4945
A023071,64
A023072,22
A023073,31
A023074,4946
A023075,42
A023076,4947
A023077,92
A023078,31
A023079,4948
A023080,40
A023081,34
A023082,43
A023083,20
A023084,52
A023085,71
A023086,0
A023087,43
A023088,24
A023089,85
A023090,28
A023091,121
A023092,74
A023093,18
A023094,10
A023095,20
A023096,88
A023097,11
A023098,62
A023099,8
A023100,14
A023101,11
A023102,67
A023103,4
A023104,35
A023105,13
A023106,46
A023107,63
A023108,31
A023109,0
A023110,72
A023111,4949
A023112,44
A023113,7
A023114,74
A023115,61
A023116,4950
A023117,30
A023118,4951
A023119,4952
A023120,4953
A023121,19
A023122,2
A023123,66
A023124,35
A023125,35
A023126,6
A023127,57
A023128,7
A023129,34
A023130,24
A023131,11
A023132,50
A023133,50
A023134,4954
A023135,21
A023136,42
A023137,65
A023138,4955
A023139,72
A023140,14
A023141,72
A023142,4956
A023143,4957
A023144,8
A023145,75
A023146,34
A023147,46
A023148,29
A023149,53
A023150,32
A023151,63
A023152,34
A023153,4958
A023154,40
A023155,37
A023156,4959
A023157,81
A023158,43
A023159,64
A023160,4960
A023161,37
A023162,60
A023163,89
A023164,14
A023165,80
A023166,61
A023167,67
A023168,73
A023169,42
A023170,91
A023171,99
A023172,3
A023173,12
A023174,6
A023175,90
A023176,4961
A023177,30
A023178,33
A023179,55
A023180,4962
A023181,4963
A023182,1
A023183,2
A023184,50
A023185,35
A023186,4964
A023187,4965
A023188,58
A023189,0
A023190,11
A023191,33
A023192,10
A023193,4966
A023194,37
A023195,98
A023196,4967
A023197,27
A023198,4968
A023199,20
A023200,46
A023201,16
A023202,48
A023203,4969
A023204,27
A023205,17
A023206,91
A023207,66
A023208,4970
A023209,0
A023210,1
A023211,50
A023212,77
A023213,45
A023214,4971
A023215,36
A023216,3
A023217,5
A023218,76
A023219,81
A023220,45
A023221,4972
A023222,31
A023223,87
A023224,67
A023225,4973
A023226,4974
A023227,4975
A023228,10
A023229,21
A023230,92
A023231,62
A023232,24
A023233,75
A023234,4976
A023235,84
A023236,2
A023237,33
A023238,4977
A023239,32
A023240,55
A023241,74
A023242,3
A023243,28
A023244,23
A023245,62
A023246,34
A023247,8
A023248,80
A023249,4978
A023250,25
A023251,51
A023252,4979
A023253,50
A023254,59
A023255,53
A023256,45
A023257,37
A023258,16
A023259,27
A023260,19
A023261,41
A023262,20
A023263,23
A023264,8
A023265,21
A023266,59
A023267,32
A023268,31
A023269,4
A023270,4980
A023271,4981
A023272,4982
A023273,41
A023274,70
A023275,69
A023276,46
A023277,78
A023278,4983
A023279,15
A023280,70
A023281,13
A023282,23
A023283,81
A023284,8
A023285,4984
A023286,84
A023287,40
A023288,45
A023289,11
A023290,33
A023291,80
A023292,3
A023293,41
A023294,36
A023295,4985
A023296,44
A023297,19
A023298,19
A023299,80
A023300,69
A023301,4986
A023302,4987
A023303,86
A023304,2
A023305,22
A023306,50
A023307,13
A023308,4
A023309,4988
A023310,4989
A023311,1
A023312,30
A023313,93
A023314,4990
A023315,4991
A023316,88
A023317,61
A023318,4992
A023319,6
A023320,64
A023321,32
A023322,19
A023323,40
A023324,0
A023325,64
A023326,8
A023327,53
A023328,33
A023329,4993
A023330,4994
A023331,74
A023332,15
A023333,4995
A023334,4996
A023335,63
A023336,4997
A023337,4998
A023338,4999
A023339,5
A023340,13
A023341,75
A023342,5000
A023343,2
A023344,5001
A023345,44
A023346,52
A023347,92
A023348,5002
A023349,95
A023350,11
A023351,35
A023352,39
A023353,78
A023354,27
A023355,5003
A023356,53
A023357,99
A023358,5004
A023359,1
A023360,87
A023361,29
A023362,1
A023363,91
A023364,19
A023365,63
A023366,11
A023367,77
A023368,15
A023369,4
A023370,51
A023371,16
A023372,5
A023373,5005
A023374,5006
A023375,37
A023376,5007
A023377,0
A023378,43
A023379,7
A023380,76
A023381,66
A023382,8
A023383,95
A023384,5008
A023385,67
A023386,67
A023387,72
A023388,61
A023389,5009
A023390,57
A023391,7
A023392,44
A023393,47
A023394,8
A023395,5
A023396,97
A023397,101
A023398,49
A023399,5
A023400,92
A023401,3
A023402,6
A023403,57
A023404,0
A023405,5010
A023406,102
A023407,5011
A023408,15
A023409,5012
A023410,32
A023411,35
A023412,5013
A023413,5
A023414,5014
A023415,5015
A023416,21
A023417,63
A023418,32
A023419,8
A023420,44
A023421,5016
A023422,65
A023423,57
A023424,43
A023425,30
A023426,5017
A023427,5018
A023428,24
A023429,82
A023430,26
A023431,32
A023432,5019
A023433,92
A023434,95
A023435,32
A023436,37
A023437,65
A023438,66
A023439,1
A023440,7
A023441,41
A023442,5020
A023443,44
A023444,6
A023445,10
A023446,173
A023447,5021
A023448,62
A023449,27
A023450,22
A023451,9
A023452,90
A023453,0
A023454,10
A023455,20
A023456,53
A023457,79
A023458,61
A023459,85
A023460,34
A023461,18
A023462,5022
A023463,8
A023464,48
A023465,27
A023466,0
A023467,26
A023468,50
A023469,5
A023470,23
A023471,4
A023472,5023
A023473,50
A023474,56
A023475,19
A023476,59
A023477,5024
A023478,46
A023479,5025
A023480,73
A023481,48
A023482,24
A023483,5026
A023484,16
A023485,81
A023486,86
A023487,74
A023488,12
A023489,15
A023490,80
A023491,49
A023492,5027
A023493,51
A023494,6
A023495,5028
A023496,6
A023497,21
A023498,16
A023499,77
A023500,69
A023501,22
A023502,5029
A023503,83
A023504,80
A023505,7
A023506,33
A023507,15
A023508,83
A023509,46
A023510,5030
A023511,31
A023512,34
A023513,5031
A023514,23
A023515,50
A023516,60
A023517,74
A023518,5032
A023519,5033
A023520,20
A023521,5034
A023522,25
A023523,73
A023524,5035
A023525,97
A023526,33
A023527,5036
A023528,9
A023529,87
A023530,14
A023531,3
A023532,53
A023533,5
A023534,11
A023535,26
A023536,63
A023537,45
A023538,14
A023539,5037
A023540,33
A023541,7
A023542,78
A023543,47
A023544,5038
A023545,23
A023546,28
A023547,30
A023548,48
A023549,18
A023550,7
A023551,93
A023552,68
A023553,32
A023554,13
A023555,16
A023556,3
A023557,5039
A023558,39
A023559,15
A023560,62
A023561,67
A023562,5040
A023563,5041
A023564,0
A023565,5042
A023566,21
A023567,5043
A023568,41
A023569,88
A023570,74
A023571,5044
A023572,80
A023573,1
A023574,5045
A023575,5046
A023576,41
A023577,5047
A023578,49
A023579,76
A023580,55
A023581,1
A023582,9
A023583,5048
A023584,5049
A023585,5050
A023586,46
A023587,32
A023588,43
A023589,96
A023590,0
A023591,98
A023592,5051
A023593,5052
A023594,10
A023595,46
A023596,5053
A023597,22
A023598,21
A023599,58
A023600,61
A023601,5054
A023602,76
A023603,81
A023604,23
A023605,44
A023606,66
A023607,20
A023608,44
A023609,60
A023610,5055
A023611,0
A023612,11
A023613,45
A023614,22
A023615,70
A023616,7
A023617,43
A023618,88
A023619,5056
A023620,5057
A023621,11
A023622,31
A023623,5058
A023624,23
A023625,35
A023626,5059
A023627,5060
A023628,5061
A023629,43
A023630,55
A023631,15
A023632,50
A023633,17
A023634,57
A023635,34
A023636,5062
A023637,69
A023638,25
A023639,5063
A023640,101
A023641,19
A023642,9
A023643,14
A023644,34
A023645,55
A023646,5064
A023647,61
A023648,5065
A023649,5066
A023650,23
A023651,34
A023652,5067
A023653,5068
A023654,48
A023655,98
A023656,73
A023657,38
A023658,5069
A023659,21
A023660,3
A023661,62
A023662,66
A023663,101
A023664,80
A023665,84
A023666,77
A023667,100
A023668,78
A023669,10
A023670,84
A023671,10
A023672,31
A023673,53
A023674,5070
A023675,36
A023676,11
A023677,5071
A023678,0
A023679,50
A023680,93
A023681,7
A023682,5072
A023683,5073
A023684,94
A023685,26
A023686,5074
A023687,81
A023688,19
A023689,5075
A023690,0
A023691,68
A023692,73
A023693,5076
A023694,2
A023695,38
A023696,5077
A023697,73
A023698,90
A023699,5078
A023700,46
A023701,16
A023702,24
A023703,19
A023704,5079
A023705,5080
A023706,65
A023707,135
A023708,10
A023709,10
A023710,15
A023711,85
A023712,5081
A023713,30
A023714,5082
A023715,68
A023716,5083
A023717,0
A023718,49
A023719,5084
A023720,17
A023721,73
A023722,5085
A023723,44
A023724,20
A023725,95
A023726,28
A023727,18
A023728,58
A023729,11
A023730,5
A023731,35
A023732,39
A023733,1
A023734,39
A023735,5
A023736,5086
A023737,98
A023738,66
A023739,27
A023740,8
A023741,32
A023742,31
A023743,5087
A023744,49
A023745,26
A023746,5088
A023747,88
A023748,27
A023749,56
A023750,5
A023751,90
A023752,5089
A023753,49
A023754,43
A023755,64
A023756,5090
A023757,33
A023758,49
A023759,18
A023760,3
A023761,21
A023762,25
A023763,14
A023764,53
A023765,31
A023766,68
A023767,89
A023768,11
A023769,13
A023770,59
A023771,48
A023772,85
A023773,28
A023774,55
A023775,5091
A023776,5092
A023777,12
A023778,5093
A023779,20
A023780,88
A023781,5094
A023782,91
A023783,5095
A023784,38
A023785,23
A023786,2
A023787,5096
A023788,26
A023789,16
A023790,9
A023791,5097
A023792,68
A023793,5098
A023794,64
A023795,21
A023796,5099
A023797,25
A023798,43
A023799,40
A023800,76
A023801,26
A023802,44
A023803,14
A023804,5100
A023805,80
A023806,38
A023807,21
A023808,5101
A023809,22
A023810,26
A023811,5102
A023812,39
A023813,26
A023814,90
A023815,5103
A023816,26
A023817,63
A023818,38
A023819,41
A023820,4
A023821,5104
A023822,8
A023823,5105
A023824,41
A023825,30
A023826,41
A023827,40
A023828,26
A023829,5106
A023830,52
A023831,5107
A023832,43
A023833,77
A023834,60
A023835,27
A023836,5108
A023837,11
A023838,48
A023839,5109
A023840,16
A023841,58
A023842,5110
A023843,18
A023844,2
A023845,74
A023846,49
A023847,59
A023848,41
A023849,40
A023850,93
A023851,90
A023852,24
A023853,21
A023854,5111
A023855,37
A023856,22
A023857,88
A023858,14
A023859,71
A023860,12
A023861,3
A023862,5112
A023863,29
A023864,62
A023865,11
A023866,92
A023867,63
A023868,78
A023869,70
A023870,82
A023871,5
A023872,134
A023873,50
A023874,5
A023875,80
A023876,69
A023877,5113
A023878,88
A023879,54
A023880,33
A023881,5114
A023882,63
A023883,80
A023884,24
A023885,29
A023886,65
A023887,35
A023888,19
A023889,5115
A023890,5116
A023891,5
A023892,66
A023893,5117
A023894,22
A023895,74
A023896,46
A023897,20
A023898,16
A023899,5118
A023900,17
A023901,45
A023902,59
A023903,4
A023904,67
A023905,50
A023906,60
A023907,36
A023908,43
A023909,64
A023910,86
A023911,85
A023912,18
A023913,17
A023914,31
A023915,68
A023916,33
A023917,76
A023918,34
A023919,58
A023920,5119
A023921,88
A023922,75
A023923,71
A023924,41
A023925,5120
A023926,35
A023927,84
A023928,92
A023929,19
A023930,5121
A023931,23
A023932,11
A023933,62
A023934,19
A023935,57
A023936,3
A023937,45
A023938,5122
A023939,79
A023940,10
A023941,20
A023942,5123
A023943,72
A023944,67
A023945,49
A023946,51
A023947,78
A023948,4
A023949,54
A023950,51
A023951,0
A023952,0
A023953,15
A023954,27
A023955,12
A023956,78
A023957,21
A023958,17
A023959,30
A023960,29
A023961,69
A023962,1
A023963,25
A023964,29
A023965,5124
A023966,5125
A023967,5126
A023968,66
A023969,2
A023970,13
A023971,5127
A023972,5128
A023973,62
A023974,65
A023975,86
A023976,32
A023977,21
A023978,13
A023979,14
A023980,57
A023981,5129
A023982,90
A023983,44
A023984,9
A023985,47
A023986,49
A023987,95
A023988,42
A023989,20
A023990,42
A023991,8
A023992,18
A023993,11
A023994,5130
A023995,66
A023996,78
A023997,5131
A023998,42
A023999,46
A024000,6
A024001,34
A024002,7
A024003,34
A024004,81
A024005,2
A024006,5132
A024007,11
A024008,86
A024009,12
A024010,30
A024011,89
A024012,16
A024013,5133
A024014,83
A024015,2
A024016,58
A024017,84
A024018,12
A024019,28
A024020,53
A024021,5134
A024022,5135
A024023,81
A024024,100
A024025,59
A024026,5136
A024027,7
A024028,46
A024029,5137
A024030,62
A024031,61
A024032,5138
A024033,5139
A024034,89
A024035,17
A024036,10
A024037,55
A024038,13
A024039,48
A024040,5140
A024041,36
A024042,16
A024043,5141
A024044,7
A024045,5142
A024046,0
A024047,5143
A024048,5144
A024049,36
A024050,15
A024051,9
A024052,12
A024053,28
A024054,99
A024055,6
A024056,71
A024057,5145
A024058,5146
A024059,19
A024060,23
A024061,69
A024062,5147
A024063,25
A024064,1
A024065,54
A024066,8
A024067,57
A024068,87
A024069,15
A024070,15
A024071,5148
A024072,15
A024073,20
A024074,39
A024075,60
A024076,80
A024077,19
A024078,41
A024079,5149
A024080,5150
A024081,5151
A024082,84
A024083,50
A024084,47
A024085,92
A024086,41
A024087,5152
A024088,58
A024089,31
A024090,7
A024091,49
A024092,13
A024093,51
A024094,5153
A024095,88
A024096,5154
A024097,21
A024098,5155
A024099,47
A024100,60
A024101,5156
A024102,59
A024103,9
A024104,5157
A024105,87
A024106,73
A024107,91
A024108,5158
A024109,53
A024110,5159
A024111,84
A024112,71
A024113,61
A024114,10
A024115,5160
A024116,0
A024117,61
A024118,73
A024119,47
A024120,99
A024121,5161
A024122,56
A024123,39
A024124,33
A024125,68
A024126,5
A024127,5162
A024128,17
A024129,5163
A024130,96
A024131,5
A024132,58
A024133,5164
A024134,29
A024135,5165
A024136,5166
A024137,64
A024138,14
A024139,96
A024140,60
A024141,5167
A024142,6
A024143,1
A024144,93
A024145,68
A024146,36
A024147,78
A024148,31
A024149,60
A024150,5168
A024151,31
A024152,5169
A024153,70
A024154,18
A024155,51
A024156,79
A024157,11
A024158,5170
A024159,51
A024160,5171
A024161,52
A024162,5172
A024163,80
A024164,94
A024165,5
A024166,7
A024167,5173
A024168,16
A024169,161
A024170,102
A024171,65
A024172,5174
A024173,43
A024174,50
A024175,32
A024176,87
A024177,5175
A024178,36
A024179,42
A024180,0
A024181,11
A024182,101
A024183,26
A024184,52
A024185,154
A024186,5176
A024187,51
A024188,5177
A024189,12
A024190,91
A024191,63
A024192,9
A024193,19
A024194,84
A024195,64
A024196,5178
A024197,34
A024198,13
A024199,40
A024200,58
A024201,5179
A024202,10
A024203,5180
A024204,22
A024205,2
A024206,86
A024207,45
A024208,96
A024209,66
A024210,0
A024211,32
A024212,24
A024213,51
A024214,81
A024215,71
A024216,4
A024217,30
A024218,71
A024219,42
A024220,12
A024221,93
A024222,18
A024223,5
A024224,20
A024225,101
A024226,79
A024227,36
A024228,62
A024229,29
A024230,29
A024231,40
A024232,7
A024233,39
A024234,4
A024235,16
A024236,4
A024237,63
A024238,40
A024239,101
A024240,98
A024241,3
A024242,38
A024243,6
A024244,5181
A024245,90
A024246,33
A024247,35
A024248,5182
A024249,5183
A024250,102
A024251,91
A024252,5184
A024253,72
A024254,5185
A024255,23
A024256,5186
A024257,44
A024258,42
A024259,53
A024260,3
A024261,0
A024262,41
A024263,22
A024264,40
A024265,73
A024266,6
A024267,74
A024268,5187
A024269,48
A024270,57
A024271,20
A024272,24
A024273,5188
A024274,50
A024275,5
A024276,52
A024277,5189
A024278,49
A024279,59
A024280,44
A024281,87
A024282,5190
A024283,47
A024284,87
A024285,11
A024286,87
A024287,55
A024288,12
A024289,88
A024290,14
A024291,9
A024292,5191
A024293,41
A024294,1
A024295,35
A024296,88
A024297,57
A024298,5192
A024299,69
A024300,36
A024301,5193
A024302,84
A024303,5194
A024304,22
A024305,48
A024306,24
A024307,39
A024308,52
A024309,13
A024310,1
A024311,39
A024312,9
A024313,98
A024314,55
A024315,73
A024316,5195
A024317,5196
A024318,42
A024319,45
A024320,93
A024321,21
A024322,44
A024323,19
A024324,0
A024325,44
A024326,42
A024327,5197
A024328,9
A024329,7
A024330,5198
A024331,55
A024332,5199
A024333,5200
A024334,34
A024335,5201
A024336,80
A024337,80
A024338,39
A024339,3
A024340,57
A024341,7
A024342,68
A024343,5202
A024344,19
A024345,15
A024346,57
A024347,100
A024348,72
A024349,13
A024350,26
A024351,10
A024352,5203
A024353,34
A024354,43
A024355,5204
A024356,53
A024357,9
A024358,81
A024359,5205
A024360,20
A024361,5206
A024362,5207
A024363,63
A024364,5208
A024365,21
A024366,5209
A024367,12
A024368,15
A024369,5210
A024370,19
A024371,5211
A024372,6
A024373,13
A024374,10
A024375,13
A024376,8
A024377,5212
A024378,57
A024379,12
A024380,5213
A024381,16
A024382,46
A024383,17
A024384,12
A024385,79
A024386,5214
A024387,65
A024388,15
A024389,73
A024390,5215
A024391,10
A024392,88
A024393,52
A024394,5216
A024395,73
A024396,66
A024397,183
A024398,8
A024399,5217
A024400,78
A024401,51
A024402,56
A024403,4
A024404,2
A024405,48
A024406,1
A024407,5218
A024408,94
A024409,13
A024410,37
A024411,38
A024412,58
A024413,28
A024414,30
A024415,5219
A024416,78
A024417,15
A024418,59
A024419,83
A024420,2
A024421,0
A024422,67
A024423,5220
A024424,46
A024425,59
A024426,5221
A024427,22
A024428,5222
A024429,22
A024430,3
A024431,31
A024432,5223
A024433,78
A024434,37
A024435,1
A024436,5224
A024437,83
A024438,5225
A024439,5226
A024440,72
A024441,4
A024442,5227
A024443,5
A024444,82
A024445,5228
A024446,92
A024447,5229
A024448,45
A024449,17
A024450,4
A024451,35
A024452,61
A024453,38
A024454,0
A024455,9
A024456,28
A024457,58
A024458,5230
A024459,34
A024460,32
A024461,28
A024462,9
A024463,0
A024464,58
A024465,41
A024466,5231
A024467,25
A024468,5232
A024469,20
A024470,5233
A024471,61
A024472,33
A024473,42
A024474,22
A024475,81
A024476,71
A024477,19
A024478,5234
A024479,5235
A024480,5236
A024481,24
A024482,17
A024483,68
A024484,5237
A024485,54
A024486,76
A024487,76
A024488,5238
A024489,78
A024490,3
A024491,86
A024492,9
A024493,24
A024494,15
A024495,3
A024496,5239
A024497,45
A024498,51
A024499,102
A024500,95
A024501,11
A024502,5240
A024503,4
A024504,27
A024505,5241
A024506,1
A024507,32
A024508,8
A024509,20
A024510,5242
A024511,85
A024512,5243
A024513,5244
A024514,43
A024515,89
A024516,5245
A024517,97
A024518,98
A024519,5246
A024520,5247
A024521,51
A024522,54
A024523,33
A024524,22
A024525,5248
A024526,5249
A024527,5250
A024528,91
A024529,61
A024530,31
A024531,18
A024532,57
A024533,32
A024534,59
A024535,2
A024536,5251
A024537,5252
A024538,5253
A024539,4
A024540,5254
A024541,5255
A024542,51
A024543,37
A024544,5256
A024545,59
A024546,48
A024547,36
A024548,15
A024549,29
A024550,93
A024551,5257
A024552,5258
A024553,0
A024554,5259
A024555,62
A024556,5260
A024557,46
A024558,88
A024559,3
A024560,95
A024561,3
A024562,20
A024563,39
A024564,27
A024565,20
A024566,31
A024567,2
A024568,69
A024569,5261
A024570,5262
A024571,5263
A024572,74
A024573,18
A024574,60
A024575,94
A024576,47
A024577,65
A024578,77
A024579,20
A024580,28
A024581,0
A024582,27
A024583,93
A024584,8
A024585,5264
A024586,38
A024587,49
A024588,39
A024589,44
A024590,81
A024591,39
A024592,5265
A024593,60
A024594,40
A024595,18
A024596,21
A024597,13
A024598,6
A024599,59
A024600,25
A024601,64
A024602,53
A024603,41
A024604,5266
A024605,60
A024606,55
A024607,27
A024608,85
A024609,5267
A024610,56
A024611,13
A024612,5268
A024613,5269
A024614,33
A024615,5270
A024616,26
A024617,73
A024618,5271
A024619,5272
A024620,59
A024621,5273
A024622,16
A024623,79
A024624,75
A024625,33
A024626,1
A024627,63
A024628,32
A024629,59
A024630,29
A024631,10
A024632,49
A024633,89
A024634,8
A024635,41
A024636,53
A024637,39
A024638,20
A024639,5274
A024640,65
A024641,19
A024642,87
A024643,6
A024644,56
A024645,71
A024646,19
A024647,1
A024648,7
A024649,59
A024650,7
A024651,41
A024652,76
A024653,14
A024654,46
A024655,60
A024656,5275
A024657,99
A024658,92
A024659,45
A024660,5
A024661,70
A024662,56
A024663,5276
A024664,74
A024665,12
A024666,31
A024667,29
A024668,63
A024669,78
A024670,77
A024671,78
A024672,58
A024673,53
A024674,101
A024675,5277
A024676,48
A024677,73
A024678,79
A024679,23
A024680,99
A024681,3
A024682,5278
A024683,69
A024684,11
A024685,24
A024686,5279
A024687,16
A024688,85
A024689,3
A024690,65
A024691,5280
A024692,6
A024693,5
A024694,17
A024695,5281
A024696,56
A024697,5282
A024698,38
A024699,93
A024700,56
A024701,3
A024702,5283
A024703,88
A024704,80
A024705,5284
A024706,96
A024707,26
A024708,5285
A024709,59
A024710,5286
A024711,7
A024712,5287
A024713,26
A024714,15
A024715,53
A024716,82
A024717,18
A024718,46
A024719,76
A024720,18
A024721,5288
A024722,49
A024723,2
A024724,97
A024725,9
A024726,11
A024727,77
A024728,39
A024729,5289
A024730,50
A024731,0
A024732,5290
A024733,56
A024734,5291
A024735,9
A024736,46
A024737,23
A024738,5292
A024739,2
A024740,38
A024741,35
A024742,5
A024743,38
A024744,35
A024745,45
A024746,5293
A024747,63
A024748,56
A024749,6
A024750,100
A024751,19
A024752,49
A024753,54
A024754,93
A024755,42
A024756,5294
A024757,5295
A024758,5296
A024759,8
A024760,70
A024761,37
A024762,5297
A024763,35
A024764,1
A024765,48
A024766,10
A024767,91
A024768,61
A024769,28
A024770,26
A024771,5298
A024772,5299
A024773,62
A024774,24
A024775,11
A024776,5300
A024777,5301
A024778,36
A024779,99
A024780,53
A024781,99
A024782,5302
A024783,20
A024784,16
A024785,60
A024786,39
A024787,5303
A024788,62
A024789,5304
A024790,30
A024791,5305
A024792,36
A024793,49
A024794,5306
A024795,5
A024796,71
A024797,7
A024798,28
A024799,5307
A024800,40
A024801,35
A024802,47
A024803,29
A024804,5308
A024805,32
A024806,6
A024807,90
A024808,80
A024809,5309
A024810,47
A024811,5310
A024812,4
A024813,18
A024814,101
A024815,81
A024816,5311
A024817,5312
A024818,5313
A024819,61
A024820,23
A024821,20
A024822,58
A024823,23
A024824,5314
A024825,6
A024826,57
A024827,54
A024828,72
A024829,79
A024830,1
A024831,13
A024832,5315
A024833,5316
A024834,70
A024835,0
A024836,5317
A024837,1
A024838,1
A024839,26
A024840,33
A024841,31
A024842,17
A024843,70
A024844,20
A024845,63
A024846,9
A024847,5318
A024848,76
A024849,90
A024850,33
A024851,46
A024852,5319
A024853,3
A024854,65
A024855,49
A024856,62
A024857,6
A024858,42
A024859,8
A024860,5320
A024861,4
A024862,0
A024863,57
A024864,7
A024865,76
A024866,51
A024867,19
A024868,59
A024869,68
A024870,80
A024871,52
A024872,15
A024873,5321
A024874,32
A024875,60
A024876,5322
A024877,14
A024878,30
A024879,18
A024880,90
A024881,5323
A024882,99
A024883,28
A024884,5
A024885,27
A024886,7
A024887,87
A024888,37
A024889,75
A024890,3
A024891,73
A024892,75
A024893,5324
A024894,5325
A024895,5326
A024896,0
A024897,53
A024898,5327
A024899,10
A024900,13
A024901,19
A024902,5328
A024903,5329
A024904,36
A024905,13
A024906,25
A024907,89
A024908,9
A024909,83
A024910,89
A024911,5330
A024912,11
A024913,29
A024914,9
A024915,14
A024916,5331
A024917,5332
A024918,5
A024919,38
A024920,5333
A024921,0
A024922,29
A024923,63
A024924,22
A024925,57
A024926,9
A024927,19
A024928,37
A024929,2
A024930,31
A024931,5334
A024932,16
A024933,28
A024934,58
A024935,48
A024936,8
A024937,95
A024938,5335
A024939,35
A024940,23
A024941,5336
A024942,5337
A024943,5338
A024944,29
A024945,58
A024946,39
A024947,50
A024948,57
A024949,35
A024950,84
A024951,39
A024952,5339
A024953,5340
A024954,65
A024955,96
A024956,27
A024957,47
A024958,89
A024959,28
A024960,38
A024961,34
A024962,6
A024963,36
A024964,30
A024965,16
A024966,4
A024967,53
A024968,91
A024969,68
A024970,50
A024971,53
A024972,89
A024973,89
A024974,10
A024975,5341
A024976,22
A024977,26
A024978,49
A024979,49
A024980,59
A024981,85
A024982,5342
A024983,48
A024984,43
A024985,5343
A024986,15
A024987,5344
A024988,95
A024989,51
A024990,12
A024991,100
A024992,70
A024993,83
A024994,17
A024995,41
A024996,0
A024997,5345
A024998,88
A024999,80
A025000,2
A025001,5346
A025002,12
A025003,97
A025004,23
A025005,5347
A025006,5348
A025007,50
A025008,66
A025009,16
A025010,39
A025011,37
A025012,11
A025013,70
A025014,19
A025015,47
A025016,50
A025017,79
A025018,17
A025019,38
A025020,93
A025021,23
A025022,68
A025023,5349
A025024,5350
A025025,5351
A025026,22
A025027,5352
A025028,95
A025029,52
A025030,8
A025031,6
A025032,12
A025033,5353
A025034,36
A025035,5354
A025036,5355
A025037,62
A025038,41
A025039,5356
A025040,10
A025041,13
A025042,23
A025043,75
A025044,8
A025045,55
A025046,5357
A025047,13
A025048,5358
A025049,70
A025050,4
A025051,78
A025052,32
A025053,53
A025054,12
A025055,5359
A025056,190
A025057,78
A025058,47
A025059,5
A025060,5360
A025061,5361
A025062,43
A025063,5362
A025064,71
A025065,5363
A025066,70
A025067,34
A025068,76
A025069,2
A025070,5364
A025071,97
A025072,64
A025073,64
A025074,74
A025075,28
A025076,24
A025077,5365
A025078,7
A025079,74
A025080,21
A025081,1
A025082,12
A025083,16
A025084,5366
A025085,23
A025086,84
A025087,28
A025088,84
A025089,5367
A025090,31
A025091,45
A025092,5368
A025093,5369
A025094,6
A025095,0
A025096,3
A025097,5
A025098,11
A025099,18
A025100,5370
A025101,43
A025102,203
A025103,35
A025104,5371
A025105,55
A025106,32
A025107,96
A025108,5372
A025109,18
A025110,92
A025111,17
A025112,88
A025113,52
A025114,11
A025115,101
A025116,5373
A025117,58
A025118,64
A025119,5374
A025120,9
A025121,5375
A025122,80
A025123,58
A025124,142
A025125,43
A025126,5376
A025127,5377
A025128,43
A025129,98
A025130,71
A025131,83
A025132,5378
A025133,5379
A025134,11
A025135,5380
A025136,35
A025137,24
A025138,53
A025139,9
A025140,90
A025141,2
A025142,58
A025143,5381
A025144,85
A025145,87
A025146,84
A025147,23
A025148,5382
A025149,26
A025150,73
A025151,55
A025152,5383
A025153,13
A025154,72
A025155,5384
A025156,59
A025157,17
A025158,5385
A025159,24
A025160,4
A025161,78
A025162,5386
A025163,17
A025164,46
A025165,37
A025166,60
A025167,5387
A025168,45
A025169,0
A025170,5388
A025171,36
A025172,61
A025173,5389
A025174,5390
A025175,33
A025176,5391
A025177,10
A025178,62
A025179,25
A025180,16
A025181,64
A025182,15
A025183,5
A025184,88
A025185,85
A025186,17
A025187,48
A025188,43
A025189,64
A025190,25
A025191,55
A025192,35
A025193,3
A025194,5392
A025195,44
A025196,2
A025197,55
A025198,77
A025199,5393
A025200,5394
A025201,39
A025202,24
A025203,19
A025204,93
A025205,51
A025206,19
A025207,11
A025208,55
A025209,169
A025210,15
A025211,16
A025212,99
A025213,74
A025214,10
A025215,5395
A025216,24
A025217,61
A025218,88
A025219,24
A025220,76
A025221,54
A025222,27
A025223,67
A025224,15
A025225,80
A025226,85
A025227,5396
A025228,5397
A025229,5398
A025230,55
A025231,5399
A025232,5400
A025233,79
A025234,93
A025235,1
A025236,5401
A025237,2
A025238,45
A025239,10
A025240,10
A025241,20
A025242,5402
A025243,87
A025244,53
A025245,82
A025246,5403
A025247,39
A025248,75
A025249,5404
A025250,101
A025251,5405
A025252,1
A025253,10
A025254,51
A025255,54
A025256,49
A025257,5406
A025258,16
A025259,22
A025260,44
A025261,5407
A025262,5408
A025263,5
A025264,5409
A025265,85
A025266,17
A025267,51
A025268,15
A025269,32
A025270,5410
A025271,17
A025272,59
A025273,5411
A025274,5412
A025275,60
A025276,0
A025277,22
A025278,79
A025279,102
A025280,15
A025281,72
A025282,66
A025283,34
A025284,31
A025285,133
A025286,29
A025287,65
A025288,1
A025289,47
A025290,1
A025291,56
A025292,72
A025293,52
A025294,83
A025295,5413
A025296,16
A025297,5414
A025298,84
A025299,61
A025300,53
A025301,73
A025302,62
A025303,81
A025304,56
A025305,5415
A025306,50
A025307,55
A025308,18
A025309,5416
A025310,2
A025311,53
A025312,73
A025313,70
A025314,5417
A025315,72
A025316,2
A025317,94
A025318,14
A025319,5418
A025320,35
A025321,54
A025322,14
A025323,6
A025324,85
A025325,22
A025326,43
A025327,35
A025328,5419
A025329,69
A025330,18
A025331,85
A025332,22
A025333,22
A025334,5420
A025335,28
A025336,5421
A025337,16
A025338,5422
A025339,85
A025340,5423
A025341,58
A025342,59
A025343,23
A025344,26
A025345,35
A025346,5424
A025347,87
A025348,47
A025349,5425
A025350,116
A025351,2
A025352,60
A025353,64
A025354,96
A025355,25
A025356,5426
A025357,26
A025358,57
A025359,53
A025360,1
A025361,5427
A025362,10
A025363,31
A025364,56
A025365,41
A025366,5428
A025367,5429
A025368,41
A025369,27
A025370,44
A025371,5430
A025372,16
A025373,85
A025374,5431
A025375,83
A025376,59
A025377,44
A025378,5432
A025379,5433
A025380,37
A025381,14
A025382,5434
A025383,5435
A025384,8
A025385,5436
A025386,22
A025387,71
A025388,21
A025389,22
A025390,38
A025391,67
A025392,61
A025393,46
A025394,21
A025395,63
A025396,38
A025397,28
A025398,21
A025399,5437
A025400,1
A025401,7
A025402,67
A025403,19
A025404,53
A025405,65
A025406,86
A025407,18
A025408,78
A025409,39
A025410,12
A025411,83
A025412,62
A025413,91
A025414,62
A025415,51
A025416,5438
A025417,14
A025418,87
A025419,81
A025420,5439
A025421,1
A025422,32
A025423,10
A025424,5440
A025425,4
A025426,5441
A025427,8
A025428,44
A025429,80
A025430,37
A025431,102
A025432,5442
A025433,5443
A025434,63
A025435,9
A025436,32
A025437,8
A025438,18
A025439,23
A025440,5444
A025441,5445
A025442,26
A025443,43
A025444,94
A025445,30
A025446,8
A025447,14
A025448,22
A025449,99
A025450,22
A025451,13
A025452,35
A025453,63
A025454,5446
A025455,49
A025456,57
A025457,30
A025458,5447
A025459,52
A025460,5448
A025461,77
A025462,18
A025463,4
A025464,58
A025465,40
A025466,5
A025467,80
A025468,31
A025469,29
A025470,0
A025471,5449
A025472,5450
A025473,46
A025474,33
A025475,5451
A025476,5
A025477,5452
A025478,5453
A025479,10
A025480,7
A025481,68
A025482,5454
A025483,2
A025484,5455
A025485,49
A025486,98
A025487,65
A025488,25
A025489,50
A025490,25
A025491,65
A025492,65
A025493,10
A025494,32
A025495,24
A025496,82
A025497,6
A025498,42
A025499,69
A025500,41
A025501,5456
A025502,5457
A025503,5458
A025504,31
A025505,54
A025506,14
A025507,49
A025508,94
A025509,0
A025510,28
A025511,15
A025512,14
A025513,42
A025514,52
A025515,25
A025516,58
A025517,2
A025518,9
A025519,70
A025520,56
A025521,26
A025522,5459
A025523,20
A025524,5460
A025525,16
A025526,153
A025527,87
A025528,40
A025529,24
A025530,90
A025531,94
A025532,49
A025533,9
A025534,86
A025535,56
A025536,16
A025537,65
A025538,5461
A025539,9
A025540,33
A025541,5462
A025542,38
A025543,59
A025544,37
A025545,203
A025546,15
A025547,47
A025548,5463
A025549,5464
A025550,80
A025551,5
A025552,61
A025553,8
A025554,2
A025555,5465
A025556,12
A025557,198
A025558,64
A025559,43
A025560,13
A025561,71
A025562,40
A025563,45
A025564,71
A025565,5466
A025566,91
A025567,76
A025568,0
A025569,73
A025570,5467
A025571,28
A025572,5468
A025573,10
A025574,5469
A025575,49
A025576,89
A025577,48
A025578,56
A025579,14
A025580,39
A025581,5470
A025582,22
A025583,37
A025584,0
A025585,78
A025586,98
A025587,6
A025588,14
A025589,5471
A025590,4
A025591,46
A025592,55
A025593,46
A025594,24
A025595,5472
A025596,69
A025597,14
A025598,75
A025599,86
A025600,77
A025601,44
A025602,11
A025603,7
A025604,12
A025605,20
A025606,52
A025607,162
A025608,6
A025609,55
A025610,39
A025611,12
A025612,67
A025613,26
A025614,5
A025615,96
A025616,6
A025617,27
A025618,96
A025619,84
A025620,47
A025621,12
A025622,5473
A025623,54
A025624,24
A025625,55
A025626,65
A025627,31
A025628,5474
A025629,23
A025630,5
A025631,5475
A025632,48
A025633,27
A025634,5476
A025635,30
A025636,16
A025637,53
A025638,12
A025639,65
A025640,77
A025641,14
A025642,5477
A025643,66
A025644,5478
A025645,5479
A025646,5480
A025647,10
A025648,5481
A025649,56
A025650,24
A025651,12
A025652,94
A025653,58
A025654,17
A025655,6
A025656,66
A025657,5482
A025658,54
A025659,26
A025660,21
A025661,5483
A025662,63
A025663,26
A025664,5484
A025665,34
A025666,76
A025667,11
A025668,57
A025669,55
A025670,25
A025671,25
A025672,5485
A025673,49
A025674,30
A025675,81
A025676,85
A025677,54
A025678,5486
A025679,5487
A025680,11
A025681,66
A025682,11
A025683,5488
A025684,60
A025685,69
A025686,5489
A025687,93
A025688,20
A025689,24
A025690,72
A025691,29
A025692,68
A025693,12
A025694,5
A025695,12
A025696,70
A025697,89
A025698,15
A025699,12
A025700,15
A025701,21
A025702,5490
A025703,5491
A025704,52
A025705,68
A025706,5492
A025707,24
A025708,2
A025709,30
A025710,1
A025711,63
A025712,5493
A025713,9
A025714,49
A025715,5494
A025716,5495
A025717,76
A025718,52
A025719,5496
A025720,2
A025721,40
A025722,56
A025723,70
A025724,46
A025725,84
A025726,64
A025727,5497
A025728,33
A025729,5498
A025730,19
A025731,46
A025732,54
A025733,72
A025734,37
A025735,73
A025736,5499
A025737,51
A025738,5500
A025739,7
A025740,10
A025741,0
A025742,11
A025743,59
A025744,64
A025745,5501
A025746,53
A025747,35
A025748,40
A025749,47
A025750,5502
A025751,49
A025752,71
A025753,9
A025754,40
A025755,5503
A025756,7
A025757,24
A025758,70
A025759,28
A025760,29
A025761,35
A025762,9
A025763,76
A025764,84
A025765,21
A025766,5504
A025767,6
A025768,7
A025769,63
A025770,20
A025771,87
A025772,4
A025773,5505
A025774,39
A025775,16
A025776,33
A025777,5506
A025778,29
A025779,59
A025780,10
A025781,18
A025782,5507
A025783,71
A025784,77
A025785,5508
A025786,44
A025787,3
A025788,100
A025789,5
A025790,5509
A025791,57
A025792,32
A025793,24
A025794,92
A025795,62
A025796,101
A025797,15
A025798,77
A025799,5510
A025800,37
A025801,30
A025802,44
A025803,28
A025804,65
A025805,5511
A025806,45
A025807,55
A025808,3
A025809,91
A025810,60
A025811,16
A025812,5512
A025813,70
A025814,53
A025815,87
A025816,36
A025817,95
A025818,3
A025819,56
A025820,1
A025821,76
A025822,39
A025823,36
A025824,15
A025825,5513
A025826,74
A025827,5
A025828,94
A025829,16
A025830,5514
A025831,27
A025832,17
A025833,70
A025834,58
A025835,91
A025836,27
A025837,5515
A025838,83
A025839,10
A025840,90
A025841,25
A025842,21
A025843,89
A025844,56
A025845,5516
A025846,62
A025847,5517
A025848,17
A025849,4
A025850,59
A025851,13
A025852,15
A025853,5518
A025854,31
A025855,5519
A025856,40
A025857,5520
A025858,23
A025859,5521
A025860,55
A025861,16
A025862,14
A025863,45
A025864,11
A025865,195
A025866,11
A025867,21
A025868,50
A025869,41
A025870,5522
A025871,6
A025872,29
A025873,23
A025874,82
A025875,89
A025876,0
A025877,44
A025878,23
A025879,88
A025880,71
A025881,5523
A025882,0
A025883,18
A025884,5524
A025885,59
A025886,38
A025887,29
A025888,5525
A025889,23
A025890,6
A025891,58
A025892,9
A025893,70
A025894,54
A025895,49
A025896,14
A025897,14
A025898,5526
A025899,15
A025900,5527
A025901,72
A025902,5528
A025903,16
A025904,102
A025905,68
A025906,5529
A025907,98
A025908,77
A025909,62
A025910,51
A025911,30
A025912,33
A025913,74
A025914,40
A025915,54
A025916,6
A025917,92
A025918,5530
A025919,5531
A025920,9
A025921,50
A025922,74
A025923,1
A025924,2
A025925,102
A025926,0
A025927,5532
A025928,36
A025929,10
A025930,5533
A025931,33
A025932,4
A025933,72
A025934,12
A025935,11
A025936,22
A025937,45
A025938,5534
A025939,17
A025940,97
A025941,35
A025942,25
A025943,46
A025944,51
A025945,18
A025946,2
A025947,39
A025948,38
A025949,3
A025950,68
A025951,0
A025952,95
A025953,74
A025954,6
A025955,9
A025956,64
A025957,27
A025958,32
A025959,18
A025960,40
A025961,89
A025962,23
A025963,94
A025964,5535
A025965,62
A025966,26
A025967,52
A025968,62
A025969,8
A025970,60
A025971,40
A025972,55
A025973,33
A025974,82
A025975,11
A025976,10
A025977,62
A025978,32
A025979,5536
A025980,55
A025981,47
A025982,101
A025983,42
A025984,73
A025985,15
A025986,10
A025987,33
A025988,38
A025989,16
A025990,5537
A025991,102
A025992,5538
A025993,50
A025994,5539
A025995,27
A025996,73
A025997,91
A025998,23
A025999,5540
A026000,5541
A026001,5542
A026002,4
A026003,54
A026004,9
A026005,50
A026006,5543
A026007,90
A026008,24
A026009,40
A026010,5544
A026011,88
A026012,4
A026013,2
A026014,5545
A026015,0
A026016,66
A026017,5546
A026018,5547
A026019,61
A026020,57
A026021,5548
A026022,22
A026023,8
A026024,3
A026025,16
A026026,5549
A026027,96
A026028,17
A026029,62
A026030,28
A026031,5550
A026032,16
A026033,48
A026034,13
A026035,51
A026036,20
A026037,5551
A026038,62
A026039,5552
A026040,39
A026041,32
A026042,11
A026043,5553
A026044,49
A026045,55
A026046,70
A026047,39
A026048,18
A026049,5554
A026050,5555
A026051,17
A026052,56
A026053,33
A026054,4
A026055,23
A026056,5556
A026057,55
A026058,53
A026059,60
A026060,11
A026061,94
A026062,9
A026063,40
A026064,5557
A026065,6
A026066,38
A026067,5558
A026068,11
A026069,5559
A026070,34
A026071,25
A026072,4
A026073,32
A026074,38
A026075,25
A026076,12
A026077,13
A026078,88
A026079,23
A026080,42
A026081,91
A026082,6
A026083,89
A026084,18
A026085,5560
A026086,52
A026087,75
A026088,3
A026089,51
A026090,12
A026091,21
A026092,67
A026093,5561
A026094,97
A026095,13
A026096,5562
A026097,47
A026098,16
A026099,91
A026100,53
A026101,79
A026102,46
A026103,5563
A026104,12
A026105,94
A026106,19
A026107,27
A026108,34
A026109,41
A026110,5564
A026111,3
A026112,10
A026113,50
A026114,86
A026115,67
A026116,91
A026117,5565
A026118,11
A026119,5566
A026120,5567
A026121,69
A026122,10
A026123,26
A026124,5568
A026125,10
A026126,5569
A026127,13
A026128,5570
A026129,31
A026130,55
A026131,72
A026132,41
A026133,41
A026134,53
A026135,5571
A026136,5572
A026137,39
A026138,5573
A026139,47
A026140,14
A026141,48
A026142,3
A026143,48
A026144,97
A026145,29
A026146,1
A026147,67
A026148,5574
A026149,5575
A026150,35
A026151,52
A026152,50
A026153,13
A026154,7
A026155,38
A026156,81
A026157,34
A026158,18
A026159,62
A026160,10
A026161,47
A026162,21
A026163,49
A026164,57
A026165,28
A026166,3
A026167,79
A026168,5576
A026169,8
A026170,5577
A026171,5578
A026172,50
A026173,45
A026174,4
A026175,5579
A026176,98
A026177,5580
A026178,5581
A026179,96
A026180,15
A026181,43
A026182,62
A026183,35
A026184,46
A026185,28
A026186,19
A026187,41
A026188,43
A026189,5582
A026190,65
A026191,51
A026192,31
A026193,51
A026194,82
A026195,54
A026196,38
A026197,21
A026198,63
A026199,68
A026200,56
A026201,92
A026202,115
A026203,5583
A026204,48
A026205,35
A026206,12
A026207,93
A026208,5584
A026209,18
A026210,68
A026211,5585
A026212,78
A026213,84
A026214,70
A026215,19
A026216,67
A026217,46
A026218,12
A026219,25
A026220,67
A026221,5586
A026222,46
A026223,2
A026224,32
A026225,5587
A026226,5588
A026227,23
A026228,24
A026229,0
A026230,98
A026231,5589
A026232,5590
A026233,9
A026234,53
A026235,3
A026236,37
A026237,12
A026238,99
A026239,39
A026240,54
A026241,41
A026242,8
A026243,3
A026244,61
A026245,10
A026246,79
A026247,52
A026248,8
A026249,5591
A026250,55
A026251,17
A026252,34
A026253,66
A026254,96
A026255,1
A026256,5592
A026257,5593
A026258,64
A026259,8
A026260,74
A026261,9
A026262,76
A026263,60
A026264,64
A026265,31
A026266,13
A026267,47
A026268,5594
A026269,76
A026270,49
A026271,2
A026272,76
A026273,0
A026274,51
A026275,74
A026276,6
A026277,41
A026278,57
A026279,158
A026280,55
A026281,86
A026282,15
A026283,0
A026284,5595
A026285,5596
A026286,5597
A026287,12
A026288,5598
A026289,78
A026290,10
A026291,16
A026292,38
A026293,52
A026294,5599
A026295,3
A026296,54
A026297,10
A026298,4
A026299,55
A026300,14
A026301,73
A026302,74
A026303,5600
A026304,23
A026305,20
A026306,77
A026307,55
A026308,16
A026309,65
A026310,41
A026311,5601
A026312,5602
A026313,5603
A026314,34
A026315,24
A026316,33
A026317,12
A026318,5604
A026319,58
A026320,5605
A026321,48
A026322,51
A026323,13
A026324,91
A026325,5606
A026326,5607
A026327,75
A026328,5608
A026329,83
A026330,6
A026331,5609
A026332,5610
A026333,72
A026334,18
A026335,101
A026336,49
A026337,95
A026338,32
A026339,9
A026340,3
A026341,8
A026342,18
A026343,61
A026344,86
A026345,18
A026346,5611
A026347,5612
A026348,38
A026349,5613
A026350,5614
A026351,74
A026352,23
A026353,27
A026354,65
A026355,5
A026356,67
A026357,22
A026358,76
A026359,81
A026360,32
A026361,5615
A026362,15
A026363,5616
A026364,18
A026365,76
A026366,76
A026367,8
A026368,73
A026369,73
A026370,19
A026371,5617
A026372,2
A026373,35
A026374,5618
A026375,8
A026376,86
A026377,20
A026378,14
A026379,6
A026380,32
A026381,54
A026382,5619
A026383,33
A026384,16
A026385,8
A026386,5620
A026387,13
A026388,5621
A026389,66
A026390,5622
A026391,5623
A026392,60
A026393,5624
A026394,2
A026395,72
A026396,4
A026397,65
A026398,4
A026399,2
A026400,3
A026401,49
A026402,15
A026403,15
A026404,4
A026405,5625
A026406,5626
A026407,57
A026408,39
A026409,86
A026410,5627
A026411,14
A026412,49
A026413,84
A026414,68
A026415,25
A026416,27
A026417,12
A026418,40
A026419,42
A026420,56
A026421,0
A026422,92
A026423,64
A026424,99
A026425,35
A026426,2
A026427,3
A026428,81
A026429,46
A026430,12
A026431,27
A026432,5628
A026433,67
A026434,21
A026435,43
A026436,52
A026437,5
A026438,12
A026439,5629
A026440,1
A026441,14
A026442,50
A026443,5630
A026444,74
A026445,36
A026446,13
A026447,17
A026448,1
A026449,69
A026450,5631
A026451,71
A026452,47
A026453,5632
A026454,19
A026455,57
A026456,3
A026457,17
A026458,10
A026459,5633
A026460,31
A026461,0
A026462,5634
A026463,39
A026464,61
A026465,25
A026466,90
A026467,2
A026468,36
A026469,100
A026470,72
A026471,5635
A026472,3
A026473,24
A026474,17
A026475,5636
A026476,28
A026477,5637
A026478,32
A026479,27
A026480,46
A026481,5638
A026482,64
A026483,3
A026484,37
A026485,9
A026486,54
A026487,5639
A026488,15
A026489,42
A026490,4
A026491,0
A026492,28
A026493,27
A026494,91
A026495,23
A026496,82
A026497,20
A026498,39
A026499,5640
A026500,8
A026501,5641
A026502,6
A026503,30
A026504,5642
A026505,41
A026506,27
A026507,22
A026508,14
A026509,5643
A026510,23
A026511,48
A026512,29
A026513,5644
A026514,5645
A026515,47
A026516,56
A026517,35
A026518,5646
A026519,25
A026520,23
A026521,74
A026522,7
A026523,58
A026524,17
A026525,5647
A026526,61
A026527,5648
A026528,1
A026529,42
A026530,18
A026531,3
A026532,82
A026533,96
A026534,74
A026535,0
A026536,37
A026537,7
A026538,25
A026539,3
A026540,18
A026541,17
A026542,65
A026543,5649
A026544,53
A026545,5
A026546,72
A026547,102
A026548,10
A026549,61
A026550,21
A026551,3
A026552,60
A026553,9
A026554,5650
A026555,130
A026556,57
A026557,36
A026558,48
A026559,79
A026560,77
A026561,5651
A026562,32
A026563,15
A026564,5652
A026565,4
A026566,86
A026567,14
A026568,53
A026569,46
A026570,5653
A026571,46
A026572,24
A026573,18
A026574,22
A026575,52
A026576,5654
A026577,5655
A026578,21
A026579,55
A026580,67
A026581,39
A026582,42
A026583,39
A026584,92
A026585,75
A026586,17
A026587,1
A026588,47
A026589,6
A026590,5656
A026591,5657
A026592,11
A026593,5658
A026594,124
A026595,30
A026596,1
A026597,52
A026598,69
A026599,47
A026600,5659
A026601,12
A026602,37
A026603,14
A026604,5660
A026605,4
A026606,0
A026607,5661
A026608,24
A026609,8
A026610,58
A026611,18
A026612,5662
A026613,5663
A026614,53
A026615,96
A026616,31
A026617,30
A026618,31
A026619,63
A026620,5664
A026621,43
A026622,50
A026623,81
A026624,7
A026625,12
A026626,32
A026627,17
A026628,39
A026629,78
A026630,60
A026631,100
A026632,84
A026633,1
A026634,41
A026635,88
A026636,5665
A026637,17
A026638,24
A026639,42
A026640,33
A026641,6
A026642,34
A026643,35
A026644,29
A026645,6
A026646,5666
A026647,24
A026648,25
A026649,199
A026650,3
A026651,5667
A026652,25
A026653,60
A026654,28
A026655,5668
A026656,1
A026657,54
A026658,49
A026659,5669
A026660,22
A026661,53
A026662,86
A026663,40
A026664,35
A026665,48
A026666,97
A026667,60
A026668,24
A026669,49
A026670,98
A026671,26
A026672,77
A026673,9
A026674,1
A026675,34
A026676,34
A026677,46
A026678,5670
A026679,21
A026680,44
A026681,102
A026682,13
A026683,5671
A026684,5672
A026685,33
A026686,5673
A026687,35
A026688,5674
A026689,5675
A026690,7
A026691,5676
A026692,35
A026693,27
A026694,40
A026695,51
A026696,5677
A026697,67
A026698,99
A026699,29
A026700,5678
A026701,5679
A026702,34
A026703,75
A026704,5680
A026705,52
A026706,5681
A026707,6
A026708,66
A026709,57
A026710,6
A026711,77
A026712,5682
A026713,74
A026714,18
A026715,67
A026716,53
A026717,6
A026718,90
A026719,32
A026720,5683
A026721,50
A026722,62
A026723,6
A026724,85
A026725,79
A026726,68
A026727,70
A026728,0
A026729,5684
A026730,54
A026731,58
A026732,37
A026733,33
A026734,3
A026735,9
A026736,21
A026737,5685
A026738,101
A026739,29
A026740,5
A026741,74
A026742,19
A026743,34
A026744,5686
A026745,2
A026746,8
A026747,48
A026748,21
A026749,7
A026750,8
A026751,28
A026752,23
A026753,41
A026754,10
A026755,24
A026756,1
A026757,38
A026758,68
A026759,5687
A026760,2
A026761,101
A026762,5688
A026763,5689
A026764,10
A026765,84
A026766,38
A026767,64
A026768,3
A026769,10
A026770,54
A026771,16
A026772,85
A026773,23
A026774,72
A026775,14
A026776,48
A026777,17
A026778,82
A026779,5690
A026780,45
A026781,5691
A026782,76
A026783,24
A026784,5692
A026785,28
A026786,35
A026787,66
A026788,30
A026789,54
A026790,93
A026791,84
A026792,29
A026793,9
A026794,41
A026795,65
A026796,20
A026797,5693
A026798,52
A026799,5694
A026800,5695
A026801,5696
A026802,13
A026803,46
A026804,17
A026805,5697
A026806,96
A026807,24
A026808,5698
A026809,46
A026810,30
A026811,5699
A026812,69
A026813,32
A026814,83
A026815,20
A026816,78
A026817,54
A026818,98
A026819,13
A026820,64
A026821,33
A026822,15
A026823,15
A026824,7
A026825,10
A026826,86
A026827,62
A026828,2
A026829,5700
A026830,39
A026831,5701
A026832,18
A026833,17
A026834,31
A026835,39
A026836,69
A026837,41
A026838,92
A026839,72
A026840,5702
A026841,31
A026842,5703
A026843,5
A026844,5704
A026845,8
A026846,42
A026847,24
A026848,30
A026849,28
A026850,6
A026851,25
A026852,67
A026853,0
A026854,24
A026855,73
A026856,5705
A026857,5706
A026858,30
A026859,66
A026860,11
A026861,77
A026862,88
A026863,73
A026864,82
A026865,5707
A026866,116
A026867,75
A026868,92
A026869,26
A026870,5708
A026871,11
A026872,29
A026873,72
A026874,27
A026875,47
A026876,21
A026877,56
A026878,79
A026879,6
A026880,5709
A026881,40
A026882,22
A026883,38
A026884,8
A026885,71
A026886,4
A026887,60
A026888,5710
A026889,36
A026890,5711
A026891,74
A026892,85
A026893,40
A026894,3
A026895,55
A026896,5712
A026897,97
A026898,27
A026899,5713
A026900,0
A026901,5714
A026902,72
A026903,55
A026904,7
A026905,5715
A026906,5716
A026907,5717
A026908,41
A026909,48
A026910,5718
A026911,94
A026912,7
A026913,20
A026914,20
A026915,5719
A026916,42
A026917,8
A026918,35
A026919,8
A026920,13
A026921,40
A026922,17
A026923,5720
A026924,73
A026925,34
A026926,5721
A026927,5722
A026928,91
A026929,34
A026930,4
A026931,23
A026932,90
A026933,87
A026934,42
A026935,62
A026936,42
A026937,5723
A026938,24
A026939,5
A026940,5724
A026941,65
A026942,25
A026943,5725
A026944,36
A026945,64
A026946,7
A026947,79
A026948,5726
A026949,12
A026950,80
A026951,44
A026952,71
A026953,16
A026954,101
A026955,32
A026956,85
A026957,71
A026958,5727
A026959,21
A026960,4
A026961,65
A026962,5728
A026963,29
A026964,5729
A026965,11
A026966,48
A026967,72
A026968,5730
A026969,100
A026970,7
A026971,25
A026972,89
A026973,19
A026974,5731
A026975,21
A026976,5732
A026977,16
A026978,59
A026979,33
A026980,35
A026981,5733
A026982,43
A026983,28
A026984,100
A026985,12
A026986,7
A026987,56
A026988,18
A026989,87
A026990,53
A026991,5734
A026992,28
A026993,3
A026994,5735
A026995,26
A026996,28
A026997,5736
A026998,47
A026999,5737
A027000,5738
A027001,5739
A027002,26
A027003,5740
A027004,64
A027005,4
A027006,5741
A027007,21
A027008,6
A027009,83
A027010,45
A027011,69
A027012,43
A027013,33
A027014,36
A027015,97
A027016,60
A027017,5742
A027018,5743
A027019,18
A027020,45
A027021,92
A027022,5744
A027023,25
A027024,24
A027025,5745
A027026,44
A027027,54
A027028,26
A027029,16
A027030,62
A027031,5746
A027032,93
A027033,102
A027034,5747
A027035,56
A027036,89
A027037,47
A027038,5748
A027039,76
A027040,5749
A027041,13
A027042,92
A027043,88
A027044,5750
A027045,43
A027046,8
A027047,85
A027048,54
A027049,15
A027050,17
A027051,5751
A027052,5752
A027053,28
A027054,11
A027055,97
A027056,76
A027057,8
A027058,25
A027059,89
A027060,74
A027061,48
A027062,32
A027063,8
A027064,41
A027065,83
A027066,5753
A027067,23
A027068,25
A027069,18
A027070,3
A027071,50
A027072,5754
A027073,83
A027074,5755
A027075,22
A027076,71
A027077,68
A027078,1
A027079,10
A027080,20
A027081,5756
A027082,81
A027083,62
A027084,81
A027085,5757
A027086,5758
A027087,5759
A027088,11
A027089,51
A027090,10
A027091,50
A027092,30
A027093,3
A027094,5760
A027095,73
A027096,3
A027097,65
A027098,77
A027099,5
A027100,78
A027101,5761
A027102,0
A027103,16
A027104,49
A027105,75
A027106,83
A027107,5762
A027108,23
A027109,5763
A027110,5764
A027111,37
A027112,50
A027113,38
A027114,5765
A027115,26
A027116,5766
A027117,5767
A027118,27
A027119,68
A027120,16
A027121,27
A027122,60
A027123,11
A027124,8
A027125,5768
A027126,15
A027127,80
A027128,0
A027129,2
A027130,5769
A027131,23
A027132,20
A027133,2
A027134,91
A027135,16
A027136,5770
A027137,43
A027138,56
A027139,4
A027140,77
A027141,5771
A027142,94
A027143,7
A027144,101
A027145,17
A027146,89
A027147,1
A027148,6
A027149,9
A027150,43
A027151,5772
A027152,48
A027153,64
A027154,5773
A027155,38
A027156,89
A027157,72
A027158,24
A027159,27
A027160,78
A027161,35
A027162,5774
A027163,58
A027164,92
A027165,78
A027166,3
A027167,5775
A027168,5
A027169,55
A027170,5776
A027171,13
A027172,19
A027173,58
A027174,5777
A027175,29
A027176,20
A027177,10
A027178,45
A027179,45
A027180,83
A027181,7
A027182,28
A027183,4
A027184,14
A027185,4
A027186,5778
A027187,5779
A027188,83
A027189,20
A027190,5780
A027191,14
A027192,58
A027193,100
A027194,59
A027195,87
A027196,3
A027197,88
A027198,69
A027199,34
A027200,49
A027201,8
A027202,22
A027203,4
A027204,13
A027205,15
A027206,43
A027207,74
A027208,79
A027209,17
A027210,63
A027211,82
A027212,79
A027213,37
A027214,62
A027215,5781
A027216,30
A027217,35
A027218,37
A027219,47
A027220,85
A027221,19
A027222,10
A027223,5782
A027224,93
A027225,59
A027226,74
A027227,41
A027228,96
A027229,92
A027230,69
A027231,21
A027232,14
A027233,80
A027234,29
A027235,60
A027236,69
A027237,45
A027238,5783
A027239,1
A027240,41
A027241,11
A027242,70
A027243,13
A027244,5784
A027245,27
A027246,39
A027247,56
A027248,49
A027249,5785
A027250,68
A027251,5786
A027252,66
A027253,51
A027254,23
A027255,5787
A027256,25
A027257,61
A027258,32
A027259,23
A027260,18
A027261,20
A027262,5788
A027263,53
A027264,65
A027265,54
A027266,204
A027267,5789
A027268,56
A027269,58
A027270,60
A027271,50
A027272,83
A027273,29
A027274,35
A027275,5790
A027276,59
A027277,11
A027278,102
A027279,43
A027280,6
A027281,23
A027282,5791
A027283,17
A027284,59
A027285,35
A027286,41
A027287,25
A027288,2
A027289,85
A027290,5
A027291,5792
A027292,204
A027293,56
A027294,42
A027295,55
A027296,98
A027297,92
A027298,73
A027299,99
A027300,5793
A027301,77
A027302,4
A027303,37
A027304,64
A027305,60
A027306,116
A027307,0
A027308,2
A027309,15
A027310,6
A027311,58
A027312,5794
A027313,5795
A027314,44
A027315,73
A027316,52
A027317,8
A027318,12
A027319,94
A027320,27
A027321,13
A027322,32
A027323,28
A027324,52
A027325,59
A027326,85
A027327,8
A027328,5796
A027329,83
A027330,48
A027331,73
A027332,55
A027333,24
A027334,22
A027335,178
A027336,1
A027337,5797
A027338,5798
A027339,5799
A027340,46
A027341,93
A027342,27
A027343,13
A027344,83
A027345,80
A027346,5800
A027347,75
A027348,68
A027349,8
A027350,56
A027351,97
A027352,1
A027353,5801
A027354,75
A027355,5802
A027356,98
A027357,27
A027358,27
A027359,91
A027360,5803
A027361,55
A027362,8
A027363,39
A027364,24
A027365,35
A027366,57
A027367,7
A027368,11
A027369,5804
A027370,5805
A027371,3
A027372,57
A027373,9
A027374,2
A027375,3
A027376,35
A027377,5806
A027378,5807
A027379,14
A027380,25
A027381,80
A027382,29
A027383,5808
A027384,74
A027385,28
A027386,13
A027387,77
A027388,26
A027389,46
A027390,69
A027391,35
A027392,5809
A027393,93
A027394,44
A027395,26
A027396,87
A027397,73
A027398,4
A027399,94
A027400,72
A027401,12
A027402,6
A027403,30
A027404,71
A027405,12
A027406,41
A027407,39
A027408,66
A027409,22
A027410,5810
A027411,52
A027412,31
A027413,15
A027414,54
A027415,3
A027416,51
A027417,13
A027418,39
A027419,4
A027420,42
A027421,6
A027422,12
A027423,53
A027424,5811
A027425,27
A027426,86
A027427,54
A027428,35
A027429,95
A027430,5812
A027431,42
A027432,5813
A027433,36
A027434,63
A027435,63
A027436,16
A027437,10
A027438,78
A027439,5814
A027440,33
A027441,62
A027442,12
A027443,63
A027444,57
A027445,15
A027446,36
A027447,30
A027448,62
A027449,87
A027450,11
A027451,92
A027452,5815
A027453,5816
A027454,51
A027455,5817
A027456,24
A027457,5818
A027458,32
A027459,5819
A027460,34
A027461,92
A027462,17
A027463,5820
A027464,44
A027465,33
A027466,99
A027467,5821
A027468,14
A027469,5822
A027470,35
A027471,31
A027472,11
A027473,40
A027474,5823
A027475,34
A027476,16
A027477,85
A027478,25
A027479,44
A027480,99
A027481,27
A027482,12
A027483,5824
A027484,6
A027485,97
A027486,38
A027487,98
A027488,30
A027489,35
A027490,5825
A027491,85
A027492,4
A027493,25
A027494,69
A027495,5826
A027496,30
A027497,5827
A027498,5828
A027499,7
A027500,5829
A027501,5830
A027502,5
A027503,81
A027504,16
A027505,5831
A027506,5832
A027507,18
A027508,48
A027509,10
A027510,13
A027511,5833
A027512,5834
A027513,88
A027514,14
A027515,33
A027516,77
A027517,0
A027518,27
A027519,49
A027520,5835
A027521,72
A027522,40
A027523,101
A027524,19
A027525,34
A027526,5836
A027527,35
A027528,5837
A027529,86
A027530,10
A027531,5838
A027532,0
A027533,6
A027534,77
A027535,21
A027536,5839
A027537,46
A027538,45
A027539,68
A027540,3
A027541,4
A027542,101
A027543,41
A027544,48
A027545,3
A027546,60
A027547,80
A027548,10
A027549,56
A027550,57
A027551,5840
A027552,64
A027553,49
A027554,5841
A027555,18
A027556,11
A027557,5842
A027558,49
A027559,27
A027560,0
A027561,102
A027562,99
A027563,5843
A027564,6
A027565,5844
A027566,64
A027567,5
A027568,23
A027569,56
A027570,38
A027571,42
A027572,26
A027573,5845
A027574,0
A027575,2
A027576,1
A027577,5846
A027578,93
A027579,6
A027580,22
A027581,64
A027582,25
A027583,5847
A027584,5848
A027585,5849
A027586,10
A027587,52
A027588,5850
A027589,88
A027590,5851
A027591,5852
A027592,2
A027593,5853
A027594,22
A027595,13
A027596,5854
A027597,5855
A027598,11
A027599,68
A027600,63
A027601,0
A027602,61
A027603,68
A027604,5856
A027605,27
A027606,35
A027607,14
A027608,97
A027609,69
A027610,33
A027611,99
A027612,13
A027613,5857
A027614,16
A027615,51
A027616,6
A027617,43
A027618,40
A027619,27
A027620,21
A027621,22
A027622,70
A027623,34
A027624,26
A027625,21
A027626,79
A027627,7
A027628,22
A027629,41
A027630,5
A027631,16
A027632,16
A027633,30
A027634,5858
A027635,73
A027636,10
A027637,5859
A027638,3
A027639,20
A027640,5860
A027641,70
A027642,53
A027643,5
A027644,55
A027645,30
A027646,80
A027647,67
A027648,72
A027649,19
A027650,97
A027651,62
A027652,59
A027653,5861
A027654,14
A027655,46
A027656,4
A027657,86
A027658,104
A027659,25
A027660,46
A027661,60
A027662,44
A027663,16
A027664,10
A027665,29
A027666,5862
A027667,74
A027668,95
A027669,5
A027670,41
A027671,29
A027672,5863
A027673,21
A027674,205
A027675,5864
A027676,82
A027677,61
A027678,5865
A027679,67
A027680,5866
A027681,41
A027682,29
A027683,3
A027684,19
A027685,75
A027686,25
A027687,71
A027688,46
A027689,85
A027690,48
A027691,5867
A027692,5868
A027693,99
A027694,5869
A027695,24
A027696,39
A027697,62
A027698,77
A027699,44
A027700,95
A027701,96
A027702,62
A027703,17
A027704,100
A027705,7
A027706,55
A027707,22
A027708,61
A027709,50
A027710,22
A027711,63
A027712,5870
A027713,5871
A027714,25
A027715,33
A027716,24
A027717,23
A027718,5872
A027719,21
A027720,22
A027721,63
A027722,5873
A027723,5874
A027724,34
A027725,5
A027726,81
A027727,0
A027728,38
A027729,74
A027730,45
A027731,56
A027732,5875
A027733,12
A027734,47
A027735,17
A027736,9
A027737,5876
A027738,30
A027739,92
A027740,77
A027741,12
A027742,17
A027743,5877
A027744,40
A027745,5878
A027746,58
A027747,79
A027748,81
A027749,72
A027750,23
A027751,8
A027752,7
A027753,3
A027754,0
A027755,5879
A027756,15
A027757,9
A027758,60
A027759,47
A027760,49
A027761,15
A027762,93
A027763,7
A027764,12
A027765,25
A027766,5880
A027767,40
A027768,3
A027769,18
A027770,5881
A027771,63
A027772,5882
A027773,35
A027774,5883
A027775,61
A027776,1
A027777,119
A027778,40
A027779,26
A027780,68
A027781,8
A027782,5884
A027783,12
A027784,57
A027785,59
A027786,5885
A027787,5886
A027788,156
A027789,28
A027790,21
A027791,90
A027792,43
A027793,61
A027794,65
A027795,5887
A027796,1
A027797,3
A027798,5888
A027799,5889
A027800,63
A027801,68
A027802,39
A027803,19
A027804,76
A027805,25
A027806,1
A027807,5890
A027808,36
A027809,65
A027810,13
A027811,28
A027812,5891
A027813,28
A027814,25
A027815,5892
A027816,5
A027817,55
A027818,13
A027819,36
A027820,39
A027821,55
A027822,5893
A027823,5
A027824,36
A027825,5894
A027826,5895
A027827,5896
A027828,41
A027829,89
A027830,43
A027831,5897
A027832,5898
A027833,27
A027834,5899
A027835,95
A027836,21
A027837,83
A027838,90
A027839,85
A027840,10
A027841,54
A027842,52
A027843,39
A027844,26
A027845,25
A027846,50
A027847,4
A027848,82
A027849,16
A027850,81
A027851,64
A027852,5900
A027853,63
A027854,5901
A027855,27
A027856,40
A027857,5902
A027858,65
A027859,5903
A027860,79
A027861,78
A027862,54
A027863,5904
A027864,57
A027865,57
A027866,36
A027867,31
A027868,11
A027869,32
A027870,47
A027871,70
A027872,2
A027873,0
A027874,100
A027875,5905
A027876,42
A027877,14
A027878,34
A027879,61
A027880,68
A027881,47
A027882,42
A027883,76
A027884,25
A027885,5906
A027886,11
A027887,5907
A027888,125
A027889,100
A027890,62
A027891,5908
A027892,85
A027893,48
A027894,4
A027895,49
A027896,5909
A027897,36
A027898,5910
A027899,20
A027900,6
A027901,36
A027902,5911
A027903,5912
A027904,20
A027905,64
A027906,99
A027907,23
A027908,11
A027909,12
A027910,5913
A027911,21
A027912,8
A027913,50
A027914,7
A027915,74
A027916,47
A027917,30
A027918,56
A027919,30
A027920,84
A027921,46
A027922,2
A027923,164
A027924,76
A027925,27
A027926,42
A027927,15
A027928,45
A027929,5914
A027930,95
A027931,45
A027932,34
A027933,11
A027934,86
A027935,5915
A027936,23
A027937,82
A027938,46
A027939,52
A027940,102
A027941,22
A027942,42
A027943,5916
A027944,5917
A027945,21
A027946,5918
A027947,56
A027948,0
A027949,69
A027950,24
A027951,79
A027952,24
A027953,10
A027954,41
A027955,0
A027956,5919
A027957,19
A027958,6
A027959,79
A027960,11
A027961,2
A027962,3
A027963,45
A027964,53
A027965,82
A027966,78
A027967,5920
A027968,34
A027969,41
A027970,44
A027971,98
A027972,73
A027973,21
A027974,85
A027975,85
A027976,36
A027977,33
A027978,5921
A027979,99
A027980,75
A027981,94
A027982,5922
A027983,44
A027984,64
A027985,82
A027986,5923
A027987,58
A027988,5924
A027989,5925
A027990,15
A027991,5926
A027992,32
A027993,5927
A027994,92
A027995,3
A027996,30
A027997,5928
A027998,3
A027999,61
A028000,36
A028001,33
A028002,26
A028003,35
A028004,6
A028005,19
A028006,16
A028007,29
A028008,12
A028009,88
A028010,5929
A028011,5930
A028012,35
A028013,5931
A028014,82
A028015,5932
A028016,5933
A028017,94
A028018,57
A028019,43
A028020,5934
A028021,5935
A028022,22
A028023,23
A028024,0
A028025,39
A028026,8
A028027,34
A028028,50
A028029,5936
A028030,34
A028031,5
A028032,83
A028033,51
A028034,5937
A028035,5938
A028036,20
A028037,5939
A028038,49
A028039,2
A028040,36
A028041,90
A028042,46
A028043,86
A028044,1
A028045,5940
A028046,15
A028047,78
A028048,41
A028049,42
A028050,5941
A028051,5942
A028052,37
A028053,102
A028054,74
A028055,5943
A028056,66
A028057,70
A028058,101
A028059,13
A028060,3
A028061,5944
A028062,81
A028063,185
A028064,74
A028065,63
A028066,15
A028067,5945
A028068,74
A028069,64
A028070,8
A028071,41
A028072,19
A028073,6
A028074,5946
A028075,22
A028076,5947
A028077,46
A028078,30
A028079,32
A028080,85
A028081,5948
A028082,51
A028083,5949
A028084,5950
A028085,5951
A028086,23
A028087,7
A028088,4
A028089,82
A028090,15
A028091,0
A028092,31
A028093,66
A028094,99
A028095,94
A028096,20
A028097,17
A028098,5952
A028099,73
A028100,5953
A028101,78
A028102,17
A028103,10
A028104,75
A028105,36
A028106,52
A028107,5954
A028108,102
A028109,29
A028110,75
A028111,8
A028112,82
A028113,22
A028114,10
A028115,5955
A028116,5956
A028117,78
A028118,91
A028119,53
A028120,12
A028121,25
A028122,5957
A028123,5958
A028124,20
A028125,5959
A028126,32
A028127,31
A028128,8
A028129,12
A028130,11
A028131,7
A028132,5
A028133,91
A028134,98
A028135,82
A028136,76
A028137,36
A028138,46
A028139,34
A028140,63
A028141,87
A028142,27
A028143,5960
A028144,18
A028145,35
A028146,5961
A028147,83
A028148,49
A028149,5962
A028150,5963
A028151,20
A028152,23
A028153,36
A028154,0
A028155,5964
A028156,81
A028157,12
A028158,31
A028159,5965
A028160,36
A028161,85
A028162,3
A028163,25
A028164,23
A028165,5966
A028166,5967
A028167,77
A028168,62
A028169,5968
A028170,5969
A028171,60
A028172,5970
A028173,18
A028174,33
A028175,30
A028176,14
A028177,43
A028178,5971
A028179,66
A028180,99
A028181,14
A028182,7
A028183,82
A028184,5972
A028185,5
A028186,55
A028187,81
A028188,14
A028189,5973
A028190,73
A028191,12
A028192,3
A028193,16
A028194,25
A028195,5974
A028196,18
A028197,35
A028198,42
A028199,25
A028200,5975
A028201,51
A028202,56
A028203,2
A028204,0
A028205,62
A028206,1
A028207,75
A028208,5976
A028209,32
A028210,40
A028211,67
A028212,81
A028213,3
A028214,26
A028215,27
A028216,20
A028217,68
A028218,15
A028219,9
A028220,90
A028221,94
A028222,23
A028223,8
A028224,23
A028225,20
A028226,3
A028227,3
A028228,64
A028229,25
A028230,5977
A028231,30
A028232,101
A028233,56
A028234,39
A028235,30
A028236,43
A028237,28
A028238,15
A028239,53
A028240,68
A028241,34
A028242,90
A028243,33
A028244,14
A028245,5978
A028246,48
A028247,72
A028248,3
A028249,30
A028250,3
A028251,5979
A028252,1
A028253,5980
A028254,57
A028255,60
A028256,54
A028257,7
A028258,52
A028259,21
A028260,18
A028261,44
A028262,5981
A028263,45
A028264,5982
A028265,38
A028266,11
A028267,2
A028268,5983
A028269,86
A028270,33
A028271,64
A028272,59
A028273,15
A028274,72
A028275,5984
A028276,98
A028277,40
A028278,76
A028279,19
A028280,5985
A028281,5986
A028282,84
A028283,83
A028284,0
A028285,26
A028286,12
A028287,27
A028288,23
A028289,102
A028290,23
A028291,17
A028292,15
A028293,150
A028294,54
A028295,84
A028296,72
A028297,1
A028298,5
A028299,5987
A028300,22
A028301,18
A028302,5988
A028303,7
A028304,34
A028305,50
A028306,43
A028307,63
A028308,99
A028309,5989
A028310,2
A028311,21
A028312,72
A028313,53
A028314,21
A028315,5990
A028316,46
A028317,32
A028318,18
A028319,2
A028320,32
A028321,2
A028322,20
A028323,44
A028324,5991
A028325,2
A028326,52
A028327,80
A028328,15
A028329,64
A028330,0
A028331,3
A028332,85
A028333,40
A028334,5992
A028335,5993
A028336,82
A028337,5994
A028338,5995
A028339,26
A028340,41
A028341,58
A028342,0
A028343,23
A028344,84
A028345,28
A028346,5996
A028347,5997
A028348,5998
A028349,8
A028350,5999
A028351,23
A028352,52
A028353,73
A028354,100
A028355,20
A028356,19
A028357,12
A028358,85
A028359,25
A028360,6000
A028361,100
A028362,5
A028363,53
A028364,66
A028365,6001
A028366,20
A028367,49
A028368,6002
A028369,85
A028370,6003
A028371,91
A028372,97
A028373,1
A028374,2
A028375,16
A028376,61
A028377,6004
A028378,6005
A028379,72
A028380,88
A028381,1
A028382,63
A028383,75
A028384,27
A028385,16
A028386,86
A028387,5
A028388,6006
A028389,75
A028390,6007
A028391,95
A028392,94
A028393,14
A028394,65
A028395,40
A028396,96
A028397,67
A028398,44
A028399,47
A028400,100
A028401,54
A028402,6008
A028403,5
A028404,31
A028405,44
A028406,6009
A028407,4
A028408,29
A028409,28
A028410,47
A028411,43
A028412,6010
A028413,15
A028414,39
A028415,11
A028416,55
A028417,45
A028418,6011
A028419,49
A028420,69
A028421,48
A028422,32
A028423,0
A028424,7
A028425,9
A028426,68
A028427,65
A028428,38
A028429,7
A028430,40
A028431,35
A028432,6012
A028433,99
A028434,93
A028435,6013
A028436,0
A028437,6014
A028438,45
A028439,65
A028440,5
A028441,27
A028442,7
A028443,89
A028444,5
A028445,68
A028446,72
A028447,43
A028448,6015
A028449,9
A028450,58
A028451,75
A028452,42
A028453,70
A028454,17
A028455,6016
A028456,46
A028457,99
A028458,6017
A028459,62
A028460,6018
A028461,10
A028462,17
A028463,41
A028464,54
A028465,68
A028466,6019
A028467,74
A028468,35
A028469,60
A028470,85
A028471,6020
A028472,24
A028473,48
A028474,56
A028475,68
A028476,24
A028477,62
A028478,70
A028479,56
A028480,6021
A028481,30
A028482,35
A028483,6022
A028484,6023
A028485,6024
A028486,84
A028487,71
A028488,65
A028489,39
A028490,6025
A028491,40
A028492,84
A028493,6026
A028494,22
A028495,28
A028496,21
A028497,14
A028498,6027
A028499,1
A028500,50
A028501,5
A028502,4
A028503,7
A028504,6028
A028505,4
A028506,45
A028507,52
A028508,12
A028509,6029
A028510,8
A028511,12
A028512,53
A028513,6030
A028514,6031
A028515,81
A028516,6032
A028517,23
A028518,24
A028519,1
A028520,46
A028521,15
A028522,76
A028523,101
A028524,6033
A028525,16
A028526,6034
A028527,6035
A028528,86
A028529,6036
A028530,86
A028531,22
A028532,6037
A028533,31
A028534,3
A028535,6038
A028536,24
A028537,17
A028538,57
A028539,6039
A028540,28
A028541,4
A028542,82
A028543,3
A028544,97
A028545,28
A028546,20
A028547,48
A028548,34
A028549,1
A028550,6040
A028551,9
A028552,21
A028553,88
A028554,26
A028555,8
A028556,6041
A028557,67
A028558,53
A028559,13
A028560,6042
A028561,2
A028562,62
A028563,6043
A028564,31
A028565,54
A028566,12
A028567,13
A028568,66
A028569,39
A028570,49
A028571,27
A028572,97
A028573,6044
A028574,70
A028575,51
A028576,6
A028577,22
A028578,27
A028579,0
A028580,6045
A028581,2
A028582,74
A028583,6046
A028584,4
A028585,6047
A028586,67
A028587,57
A028588,26
A028589,205
A028590,33
A028591,78
A028592,69
A028593,39
A028594,104
A028595,18
A028596,37
A028597,92
A028598,26
A028599,6048
A028600,67
A028601,50
A028602,56
A028603,16
A028604,8
A028605,6049
A028606,34
A028607,42
A028608,8
A028609,6050
A028610,6051
A028611,30
A028612,42
A028613,41
A028614,52
A028615,6052
A028616,6053
A028617,6054
A028618,78
A028619,25
A028620,6055
A028621,54
A028622,46
A028623,33
A028624,96
A028625,57
A028626,26
A028627,54
A028628,30
A028629,89
A028630,6056
A028631,65
A028632,13
A028633,39
A028634,14
A028635,2
A028636,206
A028637,86
A028638,54
A028639,24
A028640,36
A028641,8
A028642,28
A028643,6057
A028644,6058
A028645,59
A028646,6059
A028647,36
A028648,12
A028649,72
A028650,41
A028651,6060
A028652,60
A028653,83
A028654,6061
A028655,6062
A028656,94
A028657,94
A028658,54
A028659,67
A028660,6063
A028661,6064
A028662,72
A028663,49
A028664,50
A028665,17
A028666,82
A028667,47
A028668,47
A028669,13
A028670,6065
A028671,6066
A028672,4
A028673,6067
A028674,6068
A028675,6069
A028676,6070
A028677,19
A028678,28
A028679,19
A028680,70
A028681,41
A028682,6071
A028683,5
A028684,6072
A028685,31
A028686,11
A028687,6073
A028688,9
A028689,14
A028690,6074
A028691,39
A028692,6075
A028693,7
A028694,6076
A028695,16
A028696,102
A028697,36
A028698,6077
A028699,29
A028700,33
A028701,101
A028702,24
A028703,58
A028704,3
A028705,6
A028706,6078
A028707,6079
A028708,47
A028709,31
A028710,8
A028711,82
A028712,36
A028713,40
A028714,6080
A028715,0
A028716,58
A028717,71
A028718,20
A028719,6081
A028720,14
A028721,13
A028722,0
A028723,26
A028724,15
A028725,6082
A028726,6083
A028727,19
A028728,84
A028729,27
A028730,6084
A028731,6085
A028732,96
A028733,19
A028734,33
A028735,6
A028736,6086
A028737,6087
A028738,6088
A028739,73
A028740,45
A028741,78
A028742,69
A028743,95
A028744,54
A028745,2
A028746,42
A028747,78
A028748,10
A028749,6089
A028750,19
A028751,29
A028752,79
A028753,21
A028754,145
A028755,35
A028756,9
A028757,6090
A028758,13
A028759,6
A028760,35
A028761,4
A028762,43
A028763,33
A028764,86
A028765,83
A028766,57
A028767,32
A028768,91
A028769,52
A028770,0
A028771,6091
A028772,6092
A028773,7
A028774,72
A028775,12
A028776,10
A028777,48
A028778,82
A028779,16
A028780,63
A028781,2
A028782,86
A028783,40
A028784,51
A028785,6093
A028786,1
A028787,83
A028788,85
A028789,6094
A028790,6095
A028791,6096
A028792,65
A028793,19
A028794,19
A028795,46
A028796,13
A028797,6
A028798,39
A028799,16
A028800,7
A028801,56
A028802,46
A028803,62
A028804,98
A028805,57
A028806,8
A028807,15
A028808,6097
A028809,6098
A028810,33
A028811,28
A028812,7
A028813,6099
A028814,59
A028815,6100
A028816,6101
A028817,2
A028818,6102
A028819,1
A028820,3
A028821,17
A028822,3
A028823,18
A028824,88
A028825,39
A028826,6103
A028827,6104
A028828,47
A028829,76
A028830,60
A028831,62
A028832,69
A028833,7
A028834,79
A028835,72
A028836,6105
A028837,4
A028838,27
A028839,6106
A028840,68
A028841,37
A028842,6107
A028843,6108
A028844,6109
A028845,102
A028846,11
A028847,37
A028848,78
A028849,39
A028850,6
A028851,15
A028852,14
A028853,33
A028854,50
A028855,43
A028856,90
A028857,93
A028858,41
A028859,100
A028860,6110
A028861,0
A028862,87
A028863,53
A028864,94
A028865,9
A028866,50
A028867,63
A028868,25
A028869,79
A028870,6111
A028871,48
A028872,6112
A028873,6113
A028874,74
A028875,44
A028876,94
A028877,52
A028878,71
A028879,65
A028880,20
A028881,56
A028882,6114
A028883,3
A028884,57
A028885,6115
A028886,57
A028887,32
A028888,14
A028889,6116
A028890,6117
A028891,60
A028892,57
A028893,65
A028894,3
A028895,42
A028896,53
A028897,148
A028898,6118
A028899,1
A028900,87
A028901,57
A028902,6119
A028903,6120
A028904,102
A028905,57
A028906,52
A028907,22
A028908,2
A028909,31
A028910,75
A028911,6121
A028912,95
A028913,24
A028914,31
A028915,47
A028916,6
A028917,15
A028918,15
A028919,61
A028920,6122
A028921,6123
A028922,45
A028923,78
A028924,6124
A028925,53
A028926,6125
A028927,62
A028928,6126
A028929,61
A028930,2
A028931,68
A028932,23
A028933,11
A028934,65
A028935,68
A028936,2
A028937,61
A028938,3
A028939,40
A028940,6127
A028941,20
A028942,59
A028943,6128
A028944,10
A028945,73
A028946,9
A028947,21
A028948,6
A028949,38
A028950,25
A028951,0
A028952,6129
A028953,6130
A028954,6131
A028955,34
A028956,6132
A028957,20
A028958,13
A028959,41
A028960,66
A028961,2
A028962,7
A028963,0
A028964,93
A028965,12
A028966,28
A028967,63
A028968,97
A028969,45
A028970,16
A028971,58
A028972,60
A028973,5
A028974,97
A028975,6133
A028976,6134
A028977,39
A028978,86
A028979,44
A028980,30
A028981,95
A028982,2
A028983,6135
A028984,17
A028985,58
A028986,64
A028987,25
A028988,94
A028989,6
A028990,83
A028991,27
A028992,94
A028993,2
A028994,6136
A028995,38
A028996,6137
A028997,66
A028998,12
A028999,48
A029000,10
A029001,6138
A029002,3
A029003,43
A029004,54
A029005,6139
A029006,4
A029007,61
A029008,6140
A029009,82
A029010,59
A029011,6141
A029012,6142
A029013,99
A029014,32
A029015,69
A029016,68
A029017,19
A029018,83
A029019,4
A029020,28
A029021,81
A029022,13
A029023,37
A029024,88
A029025,2
A029026,6143
A029027,78
A029028,26
A029029,6144
A029030,8
A029031,84
A029032,87
A029033,23
A029034,31
A029035,45
A029036,54
A029037,67
A029038,6145
A029039,100
A029040,33
A029041,0
A029042,60
A029043,14
A029044,6146
A029045,69
A029046,21
A029047,49
A029048,52
A029049,4
A029050,77
A029051,6147
A029052,37
A029053,25
A029054,26
A029055,18
A029056,19
A029057,6148
A029058,75
A029059,16
A029060,19
A029061,6149
A029062,26
A029063,82
A029064,0
A029065,2
A029066,72
A029067,19
A029068,31
A029069,64
A029070,26
A029071,93
A029072,48
A029073,6150
A029074,48
A029075,46
A029076,6151
A029077,37
A029078,6152
A029079,23
A029080,27
A029081,15
A029082,6153
A029083,1
A029084,52
A029085,10
A029086,15
A029087,6154
A029088,61
A029089,4
A029090,38
A029091,41
A029092,70
A029093,23
A029094,25
A029095,72
A029096,6155
A029097,8
A029098,67
A029099,100
A029100,74
A029101,7
A029102,90
A029103,67
A029104,36
A029105,32
A029106,6156
A029107,1
A029108,62
A029109,35
A029110,58
A029111,91
A029112,66
A029113,22
A029114,61
A029115,43
A029116,40
A029117,55
A029118,6157
A029119,62
A029120,67
A029121,7
A029122,77
A029123,6158
A029124,6
A029125,10
A029126,6159
A029127,28
A029128,6160
A029129,6161
A029130,9
A029131,32
A029132,44
A029133,8
A029134,58
A029135,27
A029136,75
A029137,11
A029138,31
A029139,49
A029140,93
A029141,22
A029142,38
A029143,54
A029144,45
A029145,34
A029146,32
A029147,0
A029148,31
A029149,66
A029150,100
A029151,40
A029152,23
A029153,6162
A029154,26
A029155,3
A029156,6163
A029157,6
A029158,21
A029159,6164
A029160,61
A029161,35
A029162,6165
A029163,6166
A029164,30
A029165,21
A029166,27
A029167,51
A029168,66
A029169,0
A029170,42
A029171,5
A029172,8
A029173,89
A029174,81
A029175,97
A029176,13
A029177,10
A029178,6167
A029179,59
A029180,3
A029181,1
A029182,6168
A029183,0
A029184,69
A029185,16
A029186,13
A029187,80
A029188,46
A029189,68
A029190,34
A029191,6169
A029192,8
A029193,90
A029194,3
A029195,93
A029196,26
A029197,6170
A029198,6171
A029199,46
A029200,101
A029201,75
A029202,88
A029203,68
A029204,56
A029205,43
A029206,65
A029207,86
A029208,56
A029209,45
A029210,6172
A029211,81
A029212,6173
A029213,5
A029214,60
A029215,59
A029216,6174
A029217,23
A029218,80
A029219,96
A029220,25
A029221,79
A029222,40
A029223,15
A029224,60
A029225,9
A029226,6175
A029227,100
A029228,13
A029229,41
A029230,92
A029231,65
A029232,84
A029233,6176
A029234,47
A029235,28
A029236,1
A029237,6177
A029238,41
A029239,18
A029240,27
A029241,86
A029242,45
A029243,79
A029244,6178
A029245,6179
A029246,13
A029247,27
A029248,34
A029249,2
A029250,26
A029251,80
A029252,4
A029253,20
A029254,1
A029255,2
A029256,6180
A029257,6181
A029258,51
A029259,6182
A029260,13
A029261,99
A029262,18
A029263,32
A029264,16
A029265,30
A029266,6
A029267,96
A029268,80
A029269,74
A029270,33
A029271,6183
A029272,67
A029273,13
A029274,45
A029275,11
A029276,52
A029277,6184
A029278,16
A029279,87
A029280,93
A029281,31
A029282,12
A029283,25
A029284,39
A029285,67
A029286,87
A029287,49
A029288,57
A029289,54
A029290,3
A029291,55
A029292,6
A029293,6185
A029294,15
A029295,49
A029296,71
A029297,14
A029298,74
A029299,22
A029300,6186
A029301,19
A029302,19
A029303,6187
A029304,6188
A029305,45
A029306,7
A029307,22
A029308,54
A029309,206
A029310,12
A029311,26
A029312,27
A029313,83
A029314,17
A029315,38
A029316,6189
A029317,102
A029318,43
A029319,2
A029320,68
A029321,6190
A029322,2
A029323,25
A029324,55
A029325,6191
A029326,90
A029327,61
A029328,21
A029329,6192
A029330,30
A029331,7
A029332,47
A029333,62
A029334,6193
A029335,43
A029336,6194
A029337,1
A029338,6195
A029339,2
A029340,6196
A029341,17
A029342,6197
A029343,93
A029344,22
A029345,97
A029346,50
A029347,11
A029348,71
A029349,48
A029350,20
A029351,32
A029352,68
A029353,4
A029354,83
A029355,9
A029356,26
A029357,74
A029358,92
A029359,63
A029360,6198
A029361,45
A029362,6199
A029363,6200
A029364,65
A029365,96
A029366,33
A029367,63
A029368,6201
A029369,20
A029370,15
A029371,100
A029372,46
A029373,56
A029374,56
A029375,44
A029376,47
A029377,43
A029378,6202
A029379,48
A029380,25
A029381,10
A029382,82
A029383,38
A029384,70
A029385,87
A029386,6203
A029387,102
A029388,60
A029389,82
A029390,6204
A029391,19
A029392,79
A029393,45
A029394,72
A029395,6205
A029396,9
A029397,30
A029398,6206
A029399,75
A029400,34
A029401,16
A029402,7
A029403,6207
A029404,77
A029405,20
A029406,25
A029407,83
A029408,5
A029409,6208
A029410,6
A029411,202
A029412,43
A029413,6209
A029414,88
A029415,9
A029416,96
A029417,6210
A029418,6211
A029419,2
A029420,32
A029421,84
A029422,6212
A029423,48
A029424,68
A029425,6213
A029426,19
A029427,97
A029428,56
A029429,31
A029430,6214
A029431,6215
A029432,6216
A029433,4
A029434,21
A029435,13
A029436,61
A029437,94
A029438,62
A029439,51
A029440,62
A029441,1
A029442,23
A029443,6217
A029444,17
A029445,57
A029446,6218
A029447,102
A029448,6219
A029449,93
A029450,60
A029451,69
A029452,24
A029453,14
A029454,9
A029455,49
A029456,6220
A029457,7
A029458,6221
A029459,6222
A029460,68
A029461,96
A029462,6223
A029463,85
A029464,6224
A029465,60
A029466,24
A029467,68
A029468,69
A029469,85
A029470,22
A029471,30
A029472,47
A029473,25
A029474,48
A029475,12
A029476,13
A029477,6225
A029478,94
A029479,96
A029480,3
A029481,24
A029482,23
A029483,6226
A029484,87
A029485,78
A029486,32
A029487,85
A029488,1
A029489,36
A029490,12
A029491,33
A029492,85
A029493,71
A029494,24
A029495,46
A029496,6227
A029497,51
A029498,6228
A029499,93
A029500,75
A029501,69
A029502,75
A029503,6229
A029504,80
A029505,42
A029506,53
A029507,3
A029508,32
A029509,26
A029510,24
A029511,6230
A029512,6231
A029513,40
A029514,6232
A029515,6233
A029516,3
A029517,5
A029518,94
A029519,85
A029520,6234
A029521,72
A029522,75
A029523,6
A029524,66
A029525,2
A029526,94
A029527,86
A029528,6235
A029529,27
A029530,76
A029531,0
A029532,55
A029533,6236
A029534,60
A029535,9
A029536,58
A029537,47
A029538,6237
A029539,6238
A029540,45
A029541,197
A029542,60
A029543,1
A029544,34
A029545,6239
A029546,17
A029547,13
A029548,13
A029549,38
A029550,60
A029551,60
A029552,6240
A029553,6241
A029554,24
A029555,53
A029556,44
A029557,6242
A029558,50
A029559,94
A029560,78
A029561,22
A029562,28
A029563,27
A029564,1
A029565,41
A029566,2
A029567,6243
A029568,9
A029569,3
A029570,70
A029571,86
A029572,110
A029573,45
A029574,72
A029575,81
A029576,50
A029577,6244
A029578,35
A029579,97
A029580,6245
A029581,69
A029582,68
A029583,6246
A029584,66
A029585,4
A029586,29
A029587,6247
A029588,76
A029589,24
A029590,77
A029591,41
A029592,50
A029593,62
A029594,56
A029595,78
A029596,35
A029597,77
A029598,53
A029599,10
A029600,99
A029601,93
A029602,28
A029603,66
A029604,6248
A029605,13
A029606,6249
A029607,6250
A029608,3
A029609,48
A029610,38
A029611,69
A029612,33
A029613,25
A029614,17
A029615,41
A029616,15
A029617,34
A029618,31
A029619,27
A029620,37
A029621,3
A029622,6251
A029623,61
A029624,3
A029625,52
A029626,86
A029627,21
A029628,15
A029629,72
A029630,65
A029631,63
A029632,22
A029633,61
A029634,59
A029635,14
A029636,27
A029637,43
A029638,84
A029639,39
A029640,6252
A029641,9
A029642,6253
A029643,6254
A029644,81
A029645,14
A029646,92
A029647,6255
A029648,101
A029649,31
A029650,6256
A029651,32
A029652,5
A029653,80
A029654,87
A029655,50
A029656,84
A029657,6257
A029658,70
A029659,2
A029660,6258
A029661,2
A029662,58
A029663,56
A029664,61
A029665,53
A029666,6259
A029667,10
A029668,25
A029669,14
A029670,86
A029671,81
A029672,45
A029673,12
A029674,6260
A029675,6261
A029676,58
A029677,6262
A029678,24
A029679,18
A029680,30
A029681,45
A029682,6263
A029683,59
A029684,91
A029685,70
A029686,17
A029687,0
A029688,6264
A029689,91
A029690,5
A029691,9
A029692,44
A029693,6265
A029694,6266
A029695,6267
A029696,78
A029697,22
A029698,4
A029699,14
A029700,14
A029701,6268
A029702,6269
A029703,6270
A029704,67
A029705,70
A029706,6271
A029707,7
A029708,4
A029709,73
A029710,6272
A029711,9
A029712,25
A029713,37
A029714,43
A029715,68
A029716,17
A029717,85
A029718,32
A029719,66
A029720,0
A029721,6
A029722,100
A029723,6273
A029724,64
A029725,36
A029726,15
A029727,4
A029728,100
A029729,30
A029730,84
A029731,73
A029732,8
A029733,6274
A029734,85
A029735,44
A029736,6275
A029737,54
A029738,24
A029739,63
A029740,97
A029741,33
A029742,78
A029743,32
A029744,65
A029745,12
A029746,35
A029747,6276
A029748,36
A029749,5
A029750,44
A029751,8
A029752,17
A029753,52
A029754,20
A029755,6277
A029756,6278
A029757,6279
A029758,32
A029759,71
A029760,53
A029761,10
A029762,78
A029763,40
A029764,51
A029765,17
A029766,6280
A029767,66
A029768,38
A029769,8
A029770,42
A029771,25
A029772,67
A029773,32
A029774,38
A029775,6281
A029776,0
A029777,50
A029778,6282
A029779,6283
A029780,6284
A029781,85
A029782,5
A029783,11
A029784,48
A029785,1
A029786,6285
A029787,6286
A029788,50
A029789,6287
A029790,37
A029791,54
A029792,19
A029793,41
A029794,6288
A029795,98
A029796,29
A029797,87
A029798,25
A029799,39
A029800,65
A029801,83
A029802,49
A029803,83
A029804,6289
A029805,52
A029806,38
A029807,51
A029808,72
A029809,74
A029810,6290
A029811,20
A029812,59
A029813,15
A029814,36
A029815,38
A029816,48
A029817,26
A029818,48
A029819,1
A029820,8
A029821,17
A029822,6291
A029823,10
A029824,24
A029825,63
A029826,77
A029827,29
A029828,84
A029829,56
A029830,32
A029831,6292
A029832,56
A029833,12
A029834,92
A029835,6293
A029836,31
A029837,6294
A029838,6295
A029839,24
A029840,60
A029841,75
A029842,75
A029843,6296
A029844,26
A029845,93
A029846,75
A029847,6297
A029848,40
A029849,37
A029850,78
A029851,75
A029852,25
A029853,3
A029854,20
A029855,25
A029856,61
A029857,27
A029858,84
A029859,96
A029860,6298
A029861,13
A029862,55
A029863,6299
A029864,20
A029865,6300
A029866,43
A029867,6301
A029868,52
A029869,11
A029870,16
A029871,1
A029872,45
A029873,37
A029874,6
A029875,21
A029876,6302
A029877,6303
A029878,40
A029879,25
A029880,14
A029881,46
A029882,11
A029883,57
A029884,23
A029885,54
A029886,13
A029887,89
A029888,14
A029889,7
A029890,97
A029891,17
A029892,14
A029893,13
A029894,3
A029895,31
A029896,49
A029897,55
A029898,14
A029899,80
A029900,63
A029901,6304
A029902,6305
A029903,31
A029904,22
A029905,68
A029906,87
A029907,86
A029908,6306
A029909,36
A029910,62
A029911,84
A029912,39
A029913,6307
A029914,6308
A029915,43
A029916,36
A029917,64
A029918,79
A029919,56
A029920,2
A029921,11
A029922,11
A029923,4
A029924,40
A029925,16
A029926,6309
A029927,26
A029928,51
A029929,32
A029930,0
A029931,30
A029932,17
A029933,0
A029934,0
A029935,6310
A029936,37
A029937,7
A029938,42
A029939,16
A029940,6311
A029941,88
A029942,20
A029943,10
A029944,6312
A029945,12
A029946,75
A029947,60
A029948,40
A029949,41
A029950,54
A029951,75
A029952,31
A029953,48
A029954,6313
A029955,6314
A029956,94
A029957,49
A029958,32
A029959,6315
A029960,32
A029961,84
A029962,29
A029963,6316
A029964,49
A029965,38
A029966,18
A029967,12
A029968,92
A029969,44
A029970,6317
A029971,19
A029972,6318
A029973,67
A029974,6319
A029975,6320
A029976,6321
A029977,25
A029978,63
A029979,69
A029980,6322
A029981,81
A029982,6323
A029983,93
A029984,0
A029985,67
A029986,35
A029987,11
A029988,18
A029989,52
A029990,12
A029991,36
A029992,6324
A029993,29
A029994,6325
A029995,18
A029996,56
A029997,6326
A029998,5
A029999,71
