account_id,community_id
A000000,14
A000001,34
A000002,233
A000003,0
A000004,2
A000005,1
A000006,2
A000007,234
A000008,20
A000009,235
A000010,236
A000011,13
A000012,15
A000013,23
A000014,237
A000015,33
A000016,238
A000017,3
A000018,2
A000019,30
A000020,0
A000021,30
A000022,239
A000023,26
A000024,17
A000025,5
A000026,240
A000027,10
A000028,23
A000029,22
A000030,0
A000031,241
A000032,25
A000033,0
A000034,0
A000035,9
A000036,4
A000037,26
A000038,242
A000039,243
A000040,1
A000041,7
A000042,1
A000043,32
A000044,0
A000045,244
A000046,29
A000047,245
A000048,1
A000049,2
A000050,6
A000051,21
A000052,3
A000053,6
A000054,30
A000055,8
A000056,9
A000057,9
A000058,24
A000059,9
A000060,1
A000061,0
A000062,0
A000063,28
A000064,246
A000065,28
A000066,247
A000067,0
A000068,248
A000069,11
A000070,249
A000071,0
A000072,19
A000073,0
A000074,250
A000075,0
A000076,10
A000077,251
A000078,3
A000079,9
A000080,19
A000081,8
A000082,252
A000083,22
A000084,14
A000085,31
A000086,13
A000087,8
A000088,0
A000089,0
A000090,253
A000091,254
A000092,2
A000093,13
A000094,1
A000095,21
A000096,255
A000097,21
A000098,24
A000099,24
A000100,3
A000101,29
A000102,24
A000103,256
A000104,257
A000105,10
A000106,20
A000107,258
A000108,4
A000109,27
A000110,3
A000111,259
A000112,3
A000113,260
A000114,14
A000115,261
A000116,262
A000117,18
A000118,8
A000119,0
A000120,20
A000121,4
A000122,31
A000123,11
A000124,263
A000125,0
A000126,5
A000127,4
A000128,32
A000129,5
A000130,3
A000131,17
A000132,18
A000133,0
A000134,12
A000135,1
A000136,13
A000137,1
A000138,264
A000139,11
A000140,265
A000141,266
A000142,0
A000143,17
A000144,267
A000145,0
A000146,0
A000147,4
A000148,23
A000149,0
A000150,6
A000151,23
A000152,38
A000153,268
A000154,7
A000155,269
A000156,270
A000157,4
A000158,8
A000159,0
A000160,8
A000161,13
A000162,12
A000163,271
A000164,17
A000165,272
A000166,5
A000167,23
A000168,18
A000169,32
A000170,273
A000171,20
A000172,10
A000173,15
A000174,5
A000175,274
A000176,3
A000177,275
A000178,276
A000179,29
A000180,31
A000181,277
A000182,24
A000183,278
A000184,12
A000185,4
A000186,26
A000187,11
A000188,279
A000189,34
A000190,280
A000191,281
A000192,282
A000193,10
A000194,4
A000195,283
A000196,2
A000197,284
A000198,285
A000199,286
A000200,287
A000201,18
A000202,8
A000203,9
A000204,0
A000205,25
A000206,2
A000207,288
A000208,2
A000209,289
A000210,3
A000211,3
A000212,12
A000213,290
A000214,5
A000215,291
A000216,292
A000217,12
A000218,293
A000219,30
A000220,6
A000221,11
A000222,28
A000223,11
A000224,1
A000225,294
A000226,20
A000227,20
A000228,26
A000229,295
A000230,296
A000231,28
A000232,1
A000233,297
A000234,12
A000235,14
A000236,3
A000237,15
A000238,298
A000239,3
A000240,1
A000241,34
A000242,21
A000243,1
A000244,29
A000245,6
A000246,16
A000247,299
A000248,3
A000249,300
A000250,23
A000251,18
A000252,1
A000253,11
A000254,301
A000255,302
A000256,2
A000257,20
A000258,303
A000259,1
A000260,1
A000261,27
A000262,304
A000263,8
A000264,5
A000265,3
A000266,22
A000267,17
A000268,8
A000269,6
A000270,12
A000271,27
A000272,31
A000273,14
A000274,305
A000275,306
A000276,10
A000277,25
A000278,13
A000279,19
A000280,23
A000281,3
A000282,307
A000283,18
A000284,12
A000285,28
A000286,7
A000287,308
A000288,309
A000289,24
A000290,24
A000291,1
A000292,11
A000293,1
A000294,23
A000295,0
A000296,0
A000297,0
A000298,25
A000299,8
A000300,0
A000301,4
A000302,310
A000303,311
A000304,3
A000305,4
A000306,10
A000307,22
A000308,19
A000309,18
A000310,22
A000311,25
A000312,7
A000313,312
A000314,313
A000315,22
A000316,314
A000317,315
A000318,20
A000319,316
A000320,24
A000321,34
A000322,11
A000323,317
A000324,14
A000325,318
A000326,319
A000327,13
A000328,17
A000329,14
A000330,7
A000331,12
A000332,320
A000333,10
A000334,6
A000335,321
A000336,3
A000337,322
A000338,3
A000339,8
A000340,323
A000341,2
A000342,324
A000343,18
A000344,20
A000345,34
A000346,1
A000347,14
A000348,32
A000349,14
A000350,325
A000351,3
A000352,2
A000353,23
A000354,0
A000355,15
A000356,27
A000357,326
A000358,11
A000359,327
A000360,9
A000361,1
A000362,26
A000363,1
A000364,27
A000365,328
A000366,329
A000367,19
A000368,7
A000369,9
A000370,8
A000371,24
A000372,1
A000373,2
A000374,2
A000375,16
A000376,0
A000377,27
A000378,0
A000379,0
A000380,24
A000381,33
A000382,330
A000383,7
A000384,331
A000385,18
A000386,6
A000387,0
A000388,332
A000389,30
A000390,23
A000391,0
A000392,2
A000393,9
A000394,23
A000395,333
A000396,334
A000397,335
A000398,336
A000399,13
A000400,337
A000401,8
A000402,0
A000403,2
A000404,5
A000405,6
A000406,29
A000407,338
A000408,12
A000409,18
A000410,339
A000411,2
A000412,2
A000413,340
A000414,22
A000415,16
A000416,341
A000417,3
A000418,17
A000419,6
A000420,18
A000421,3
A000422,4
A000423,342
A000424,14
A000425,1
A000426,0
A000427,0
A000428,1
A000429,343
A000430,5
A000431,13
A000432,10
A000433,0
A000434,2
A000435,6
A000436,0
A000437,8
A000438,344
A000439,11
A000440,2
A000441,345
A000442,346
A000443,347
A000444,348
A000445,20
A000446,4
A000447,12
A000448,21
A000449,19
A000450,3
A000451,349
A000452,18
A000453,0
A000454,0
A000455,20
A000456,350
A000457,10
A000458,351
A000459,16
A000460,15
A000461,11
A000462,1
A000463,352
A000464,16
A000465,1
A000466,3
A000467,0
A000468,25
A000469,5
A000470,353
A000471,12
A000472,354
A000473,24
A000474,6
A000475,11
A000476,22
A000477,355
A000478,23
A000479,1
A000480,356
A000481,0
A000482,357
A000483,3
A000484,1
A000485,358
A000486,4
A000487,7
A000488,4
A000489,359
A000490,14
A000491,0
A000492,19
A000493,360
A000494,12
A000495,11
A000496,16
A000497,9
A000498,16
A000499,0
A000500,11
A000501,15
A000502,1
A000503,7
A000504,3
A000505,1
A000506,361
A000507,27
A000508,8
A000509,362
A000510,0
A000511,363
A000512,26
A000513,1
A000514,3
A000515,24
A000516,29
A000517,5
A000518,364
A000519,25
A000520,6
A000521,8
A000522,21
A000523,365
A000524,366
A000525,367
A000526,1
A000527,9
A000528,24
A000529,368
A000530,369
A000531,3
A000532,6
A000533,370
A000534,371
A000535,1
A000536,372
A000537,22
A000538,1
A000539,0
A000540,18
A000541,0
A000542,4
A000543,25
A000544,11
A000545,373
A000546,374
A000547,0
A000548,375
A000549,376
A000550,27
A000551,5
A000552,28
A000553,6
A000554,7
A000555,377
A000556,378
A000557,20
A000558,379
A000559,0
A000560,5
A000561,380
A000562,12
A000563,6
A000564,17
A000565,23
A000566,381
A000567,20
A000568,16
A000569,15
A000570,10
A000571,382
A000572,19
A000573,24
A000574,1
A000575,383
A000576,9
A000577,21
A000578,27
A000579,384
A000580,1
A000581,385
A000582,13
A000583,386
A000584,5
A000585,24
A000586,387
A000587,0
A000588,388
A000589,389
A000590,10
A000591,390
A000592,21
A000593,0
A000594,0
A000595,18
A000596,30
A000597,22
A000598,13
A000599,4
A000600,391
A000601,392
A000602,0
A000603,34
A000604,2
A000605,3
A000606,393
A000607,21
A000608,394
A000609,14
A000610,1
A000611,24
A000612,9
A000613,11
A000614,30
A000615,395
A000616,7
A000617,396
A000618,1
A000619,15
A000620,2
A000621,397
A000622,398
A000623,399
A000624,5
A000625,400
A000626,17
A000627,0
A000628,0
A000629,2
A000630,401
A000631,20
A000632,17
A000633,24
A000634,402
A000635,4
A000636,1
A000637,17
A000638,30
A000639,403
A000640,28
A000641,15
A000642,404
A000643,1
A000644,34
A000645,5
A000646,405
A000647,0
A000648,8
A000649,29
A000650,406
A000651,25
A000652,3
A000653,407
A000654,29
A000655,2
A000656,408
A000657,0
A000658,20
A000659,0
A000660,3
A000661,409
A000662,410
A000663,411
A000664,9
A000665,3
A000666,412
A000667,3
A000668,10
A000669,413
A000670,1
A000671,414
A000672,2
A000673,415
A000674,6
A000675,1
A000676,0
A000677,21
A000678,2
A000679,13
A000680,0
A000681,31
A000682,16
A000683,416
A000684,417
A000685,0
A000686,10
A000687,23
A000688,9
A000689,6
A000690,3
A000691,32
A000692,14
A000693,418
A000694,22
A000695,3
A000696,0
A000697,0
A000698,22
A000699,230
A000700,13
A000701,26
A000702,9
A000703,419
A000704,420
A000705,9
A000706,15
A000707,421
A000708,422
A000709,3
A000710,6
A000711,423
A000712,19
A000713,33
A000714,25
A000715,2
A000716,2
A000717,12
A000718,424
A000719,12
A000720,10
A000721,5
A000722,20
A000723,1
A000724,425
A000725,426
A000726,427
A000727,428
A000728,429
A000729,2
A000730,19
A000731,28
A000732,1
A000733,1
A000734,0
A000735,6
A000736,4
A000737,12
A000738,0
A000739,31
A000740,430
A000741,431
A000742,6
A000743,20
A000744,432
A000745,23
A000746,15
A000747,433
A000748,4
A000749,27
A000750,18
A000751,1
A000752,434
A000753,6
A000754,1
A000755,17
A000756,27
A000757,435
A000758,30
A000759,27
A000760,436
A000761,1
A000762,0
A000763,437
A000764,1
A000765,438
A000766,439
A000767,3
A000768,4
A000769,23
A000770,2
A000771,10
A000772,7
A000773,20
A000774,20
A000775,14
A000776,440
A000777,6
A000778,441
A000779,26
A000780,442
A000781,3
A000782,3
A000783,14
A000784,8
A000785,24
A000786,0
A000787,11
A000788,3
A000789,18
A000790,443
A000791,26
A000792,29
A000793,444
A000794,0
A000795,445
A000796,446
A000797,32
A000798,10
A000799,5
A000800,0
A000801,0
A000802,24
A000803,447
A000804,0
A000805,4
A000806,6
A000807,3
A000808,31
A000809,14
A000810,13
A000811,33
A000812,17
A000813,24
A000814,9
A000815,448
A000816,3
A000817,16
A000818,2
A000819,449
A000820,24
A000821,450
A000822,29
A000823,32
A000824,7
A000825,451
A000826,15
A000827,24
A000828,12
A000829,7
A000830,452
A000831,0
A000832,4
A000833,453
A000834,21
A000835,7
A000836,14
A000837,454
A000838,17
A000839,11
A000840,10
A000841,1
A000842,15
A000843,18
A000844,4
A000845,0
A000846,28
A000847,3
A000848,455
A000849,4
A000850,0
A000851,38
A000852,456
A000853,1
A000854,457
A000855,458
A000856,459
A000857,32
A000858,21
A000859,0
A000860,0
A000861,1
A000862,9
A000863,5
A000864,25
A000865,15
A000866,15
A000867,16
A000868,28
A000869,10
A000870,7
A000871,460
A000872,25
A000873,15
A000874,2
A000875,7
A000876,13
A000877,16
A000878,1
A000879,461
A000880,3
A000881,7
A000882,28
A000883,0
A000884,27
A000885,24
A000886,462
A000887,463
A000888,7
A000889,8
A000890,9
A000891,17
A000892,0
A000893,2
A000894,25
A000895,0
A000896,16
A000897,464
A000898,5
A000899,5
A000900,465
A000901,4
A000902,466
A000903,22
A000904,0
A000905,25
A000906,21
A000907,15
A000908,3
A000909,8
A000910,1
A000911,2
A000912,467
A000913,1
A000914,468
A000915,3
A000916,15
A000917,28
A000918,1
A000919,3
A000920,19
A000921,25
A000922,469
A000923,470
A000924,11
A000925,15
A000926,471
A000927,472
A000928,9
A000929,0
A000930,473
A000931,474
A000932,22
A000933,2
A000934,5
A000935,475
A000936,17
A000937,4
A000938,476
A000939,5
A000940,477
A000941,478
A000942,10
A000943,26
A000944,479
A000945,480
A000946,481
A000947,5
A000948,482
A000949,31
A000950,483
A000951,8
A000952,5
A000953,484
A000954,4
A000955,485
A000956,486
A000957,487
A000958,6
A000959,488
A000960,9
A000961,21
A000962,27
A000963,1
A000964,25
A000965,21
A000966,7
A000967,29
A000968,24
A000969,32
A000970,15
A000971,1
A000972,489
A000973,25
A000974,490
A000975,10
A000976,25
A000977,491
A000978,14
A000979,8
A000980,492
A000981,0
A000982,0
A000983,493
A000984,9
A000985,1
A000986,494
A000987,495
A000988,2
A000989,13
A000990,2
A000991,1
A000992,3
A000993,25
A000994,0
A000995,7
A000996,496
A000997,28
A000998,34
A000999,25
A001000,0
A001001,497
A001002,498
A001003,18
A001004,19
A001005,499
A001006,6
A001007,500
A001008,14
A001009,0
A001010,4
A001011,29
A001012,501
A001013,25
A001014,30
A001015,1
A001016,24
A001017,31
A001018,502
A001019,10
A001020,503
A001021,6
A001022,504
A001023,505
A001024,8
A001025,20
A001026,17
A001027,9
A001028,9
A001029,0
A001030,506
A001031,11
A001032,507
A001033,508
A001034,23
A001035,20
A001036,15
A001037,1
A001038,509
A001039,510
A001040,511
A001041,13
A001042,3
A001043,6
A001044,33
A001045,1
A001046,25
A001047,512
A001048,29
A001049,1
A001050,28
A001051,6
A001052,24
A001053,513
A001054,514
A001055,3
A001056,15
A001057,10
A001058,12
A001059,9
A001060,515
A001061,9
A001062,516
A001063,517
A001064,9
A001065,10
A001066,25
A001067,0
A001068,1
A001069,8
A001070,1
A001071,0
A001072,0
A001073,518
A001074,519
A001075,520
A001076,4
A001077,521
A001078,1
A001079,5
A001080,0
A001081,522
A001082,21
A001083,20
A001084,5
A001085,7
A001086,523
A001087,13
A001088,1
A001089,16
A001090,524
A001091,7
A001092,525
A001093,1
A001094,24
A001095,19
A001096,2
A001097,0
A001098,17
A001099,14
A001100,14
A001101,526
A001102,38
A001103,527
A001104,528
A001105,529
A001106,3
A001107,0
A001108,21
A001109,3
A001110,2
A001111,15
A001112,0
A001113,530
A001114,29
A001115,16
A001116,531
A001117,16
A001118,7
A001119,11
A001120,25
A001121,532
A001122,533
A001123,20
A001124,9
A001125,0
A001126,534
A001127,27
A001128,535
A001129,3
A001130,21
A001131,11
A001132,19
A001133,536
A001134,3
A001135,13
A001136,17
A001137,3
A001138,29
A001139,9
A001140,1
A001141,31
A001142,10
A001143,14
A001144,33
A001145,20
A001146,11
A001147,537
A001148,17
A001149,538
A001150,5
A001151,34
A001152,539
A001153,1
A001154,30
A001155,29
A001156,0
A001157,540
A001158,541
A001159,6
A001160,16
A001161,31
A001162,0
A001163,1
A001164,13
A001165,32
A001166,26
A001167,16
A001168,542
A001169,18
A001170,6
A001171,9
A001172,34
A001173,21
A001174,0
A001175,19
A001176,543
A001177,544
A001178,8
A001179,3
A001180,24
A001181,545
A001182,546
A001183,1
A001184,547
A001185,548
A001186,14
A001187,29
A001188,30
A001189,22
A001190,2
A001191,11
A001192,549
A001193,550
A001194,2
A001195,0
A001196,551
A001197,552
A001198,31
A001199,20
A001200,553
A001201,29
A001202,554
A001203,555
A001204,556
A001205,22
A001206,28
A001207,557
A001208,12
A001209,558
A001210,559
A001211,2
A001212,5
A001213,560
A001214,13
A001215,24
A001216,3
A001217,0
A001218,15
A001219,21
A001220,1
A001221,561
A001222,1
A001223,562
A001224,563
A001225,564
A001226,12
A001227,25
A001228,6
A001229,25
A001230,23
A001231,5
A001232,31
A001233,29
A001234,26
A001235,565
A001236,12
A001237,566
A001238,26
A001239,1
A001240,567
A001241,13
A001242,568
A001243,16
A001244,569
A001245,4
A001246,0
A001247,2
A001248,0
A001249,6
A001250,570
A001251,571
A001252,22
A001253,17
A001254,572
A001255,28
A001256,573
A001257,11
A001258,0
A001259,32
A001260,10
A001261,14
A001262,13
A001263,1
A001264,24
A001265,14
A001266,19
A001267,0
A001268,574
A001269,31
A001270,575
A001271,0
A001272,0
A001273,0
A001274,576
A001275,577
A001276,3
A001277,578
A001278,14
A001279,28
A001280,16
A001281,21
A001282,579
A001283,29
A001284,0
A001285,580
A001286,16
A001287,16
A001288,581
A001289,3
A001290,25
A001291,582
A001292,583
A001293,584
A001294,19
A001295,10
A001296,0
A001297,585
A001298,2
A001299,586
A001300,3
A001301,31
A001302,27
A001303,5
A001304,32
A001305,1
A001306,27
A001307,0
A001308,22
A001309,587
A001310,13
A001311,16
A001312,0
A001313,588
A001314,20
A001315,589
A001316,9
A001317,38
A001318,590
A001319,1
A001320,591
A001321,592
A001322,20
A001323,10
A001324,1
A001325,19
A001326,593
A001327,5
A001328,27
A001329,594
A001330,595
A001331,16
A001332,2
A001333,4
A001334,9
A001335,15
A001336,29
A001337,6
A001338,25
A001339,596
A001340,22
A001341,0
A001342,26
A001343,33
A001344,597
A001345,6
A001346,15
A001347,0
A001348,5
A001349,9
A001350,14
A001351,9
A001352,0
A001353,29
A001354,0
A001355,598
A001356,8
A001357,6
A001358,13
A001359,28
A001360,599
A001361,4
A001362,24
A001363,22
A001364,14
A001365,0
A001366,600
A001367,0
A001368,601
A001369,602
A001370,12
A001371,603
A001372,1
A001373,21
A001374,4
A001375,7
A001376,33
A001377,604
A001378,11
A001379,605
A001380,1
A001381,38
A001382,3
A001383,1
A001384,32
A001385,0
A001386,1
A001387,33
A001388,4
A001389,606
A001390,1
A001391,607
A001392,0
A001393,32
A001394,9
A001395,608
A001396,2
A001397,0
A001398,17
A001399,15
A001400,16
A001401,13
A001402,27
A001403,609
A001404,16
A001405,3
A001406,1
A001407,30
A001408,610
A001409,1
A001410,0
A001411,611
A001412,27
A001413,0
A001414,1
A001415,612
A001416,0
A001417,15
A001418,0
A001419,9
A001420,1
A001421,11
A001422,1
A001423,5
A001424,0
A001425,613
A001426,5
A001427,23
A001428,614
A001429,0
A001430,615
A001431,0
A001432,32
A001433,14
A001434,10
A001435,1
A001436,616
A001437,617
A001438,618
A001439,11
A001440,17
A001441,619
A001442,15
A001443,29
A001444,22
A001445,15
A001446,620
A001447,621
A001448,9
A001449,622
A001450,4
A001451,623
A001452,624
A001453,16
A001454,625
A001455,33
A001456,626
A001457,21
A001458,627
A001459,0
A001460,4
A001461,628
A001462,629
A001463,12
A001464,630
A001465,1
A001466,631
A001467,13
A001468,15
A001469,632
A001470,29
A001471,3
A001472,633
A001473,8
A001474,634
A001475,1
A001476,635
A001477,24
A001478,636
A001479,637
A001480,2
A001481,12
A001482,638
A001483,1
A001484,639
A001485,25
A001486,2
A001487,14
A001488,2
A001489,640
A001490,26
A001491,24
A001492,641
A001493,1
A001494,642
A001495,1
A001496,643
A001497,3
A001498,25
A001499,28
A001500,34
A001501,644
A001502,645
A001503,31
A001504,646
A001505,21
A001506,25
A001507,11
A001508,647
A001509,38
A001510,0
A001511,7
A001512,0
A001513,648
A001514,2
A001515,25
A001516,22
A001517,649
A001518,16
A001519,650
A001520,18
A001521,651
A001522,19
A001523,28
A001524,652
A001525,0
A001526,1
A001527,653
A001528,654
A001529,19
A001530,6
A001531,33
A001532,1
A001533,655
A001534,6
A001535,13
A001536,0
A001537,21
A001538,0
A001539,14
A001540,656
A001541,9
A001542,33
A001543,7
A001544,657
A001545,6
A001546,20
A001547,19
A001548,658
A001549,659
A001550,660
A001551,0
A001552,11
A001553,8
A001554,7
A001555,0
A001556,34
A001557,0
A001558,1
A001559,661
A001560,0
A001561,7
A001562,29
A001563,0
A001564,0
A001565,19
A001566,9
A001567,5
A001568,11
A001569,0
A001570,662
A001571,0
A001572,3
A001573,11
A001574,21
A001575,663
A001576,20
A001577,18
A001578,2
A001579,1
A001580,664
A001581,3
A001582,7
A001583,4
A001584,5
A001585,25
A001586,31
A001587,25
A001588,13
A001589,17
A001590,2
A001591,6
A001592,2
A001593,28
A001594,2
A001595,1
A001596,28
A001597,1
A001598,22
A001599,0
A001600,28
A001601,665
A001602,666
A001603,33
A001604,2
A001605,667
A001606,668
A001607,669
A001608,2
A001609,9
A001610,670
A001611,671
A001612,28
A001613,4
A001614,0
A001615,672
A001616,673
A001617,31
A001618,4
A001619,6
A001620,674
A001621,21
A001622,24
A001623,0
A001624,15
A001625,6
A001626,10
A001627,12
A001628,18
A001629,12
A001630,12
A001631,19
A001632,14
A001633,26
A001634,30
A001635,1
A001636,21
A001637,9
A001638,30
A001639,8
A001640,1
A001641,38
A001642,1
A001643,675
A001644,26
A001645,10
A001646,0
A001647,28
A001648,3
A001649,1
A001650,676
A001651,4
A001652,1
A001653,1
A001654,677
A001655,678
A001656,9
A001657,1
A001658,2
A001659,1
A001660,10
A001661,20
A001662,9
A001663,0
A001664,679
A001665,680
A001666,681
A001667,28
A001668,22
A001669,682
A001670,683
A001671,8
A001672,7
A001673,16
A001674,6
A001675,684
A001676,0
A001677,22
A001678,685
A001679,22
A001680,12
A001681,28
A001682,4
A001683,1
A001684,1
A001685,24
A001686,31
A001687,686
A001688,687
A001689,8
A001690,688
A001691,17
A001692,8
A001693,5
A001694,3
A001695,689
A001696,13
A001697,8
A001698,27
A001699,690
A001700,34
A001701,33
A001702,4
A001703,691
A001704,8
A001705,6
A001706,5
A001707,9
A001708,692
A001709,17
A001710,10
A001711,693
A001712,694
A001713,20
A001714,15
A001715,695
A001716,13
A001717,19
A001718,696
A001719,15
A001720,5
A001721,8
A001722,1
A001723,697
A001724,698
A001725,699
A001726,1
A001727,700
A001728,13
A001729,701
A001730,702
A001731,2
A001732,703
A001733,704
A001734,26
A001735,24
A001736,27
A001737,705
A001738,706
A001739,4
A001740,3
A001741,34
A001742,28
A001743,0
A001744,33
A001745,707
A001746,708
A001747,4
A001748,24
A001749,5
A001750,17
A001751,1
A001752,1
A001753,709
A001754,710
A001755,0
A001756,711
A001757,712
A001758,713
A001759,26
A001760,714
A001761,30
A001762,715
A001763,716
A001764,717
A001765,4
A001766,718
A001767,8
A001768,719
A001769,1
A001770,23
A001771,10
A001772,26
A001773,5
A001774,19
A001775,34
A001776,1
A001777,17
A001778,16
A001779,22
A001780,720
A001781,721
A001782,722
A001783,7
A001784,13
A001785,13
A001786,723
A001787,4
A001788,13
A001789,6
A001790,724
A001791,2
A001792,1
A001793,725
A001794,1
A001795,726
A001796,727
A001797,728
A001798,7
A001799,20
A001800,729
A001801,0
A001802,730
A001803,5
A001804,21
A001805,731
A001806,732
A001807,0
A001808,733
A001809,11
A001810,17
A001811,0
A001812,28
A001813,2
A001814,734
A001815,19
A001816,0
A001817,1
A001818,14
A001819,735
A001820,3
A001821,29
A001822,736
A001823,2
A001824,12
A001825,5
A001826,22
A001827,6
A001828,5
A001829,13
A001830,27
A001831,20
A001832,0
A001833,16
A001834,12
A001835,737
A001836,16
A001837,738
A001838,739
A001839,16
A001840,22
A001841,740
A001842,1
A001843,29
A001844,741
A001845,12
A001846,1
A001847,19
A001848,19
A001849,742
A001850,38
A001851,743
A001852,744
A001853,745
A001854,6
A001855,0
A001856,22
A001857,1
A001858,9
A001859,746
A001860,12
A001861,18
A001862,24
A001863,1
A001864,1
A001865,0
A001866,11
A001867,1
A001868,4
A001869,28
A001870,17
A001871,16
A001872,8
A001873,0
A001874,747
A001875,19
A001876,748
A001877,1
A001878,749
A001879,17
A001880,29
A001881,750
A001882,14
A001883,751
A001884,752
A001885,753
A001886,754
A001887,31
A001888,11
A001889,6
A001890,27
A001891,7
A001892,18
A001893,11
A001894,755
A001895,5
A001896,22
A001897,756
A001898,1
A001899,23
A001900,14
A001901,757
A001902,26
A001903,758
A001904,759
A001905,760
A001906,28
A001907,3
A001908,26
A001909,22
A001910,0
A001911,761
A001912,25
A001913,762
A001914,14
A001915,763
A001916,24
A001917,19
A001918,764
A001919,18
A001920,0
A001921,18
A001922,765
A001923,766
A001924,767
A001925,4
A001926,25
A001927,0
A001928,13
A001929,768
A001930,0
A001931,19
A001932,6
A001933,33
A001934,1
A001935,2
A001936,9
A001937,6
A001938,19
A001939,7
A001940,26
A001941,769
A001942,29
A001943,770
A001944,0
A001945,6
A001946,771
A001947,772
A001948,28
A001949,773
A001950,4
A001951,774
A001952,10
A001953,775
A001954,2
A001955,0
A001956,1
A001957,23
A001958,25
A001959,3
A001960,776
A001961,6
A001962,777
A001963,19
A001964,11
A001965,13
A001966,11
A001967,5
A001968,11
A001969,778
A001970,3
A001971,0
A001972,779
A001973,1
A001974,16
A001975,27
A001976,12
A001977,7
A001978,780
A001979,781
A001980,11
A001981,1
A001982,14
A001983,9
A001984,782
A001985,28
A001986,0
A001987,783
A001988,2
A001989,26
A001990,33
A001991,784
A001992,785
A001993,786
A001994,787
A001995,788
A001996,21
A001997,7
A001998,789
A001999,790
A002000,0
A002001,791
A002002,34
A002003,5
A002004,792
A002005,793
A002006,2
A002007,6
A002008,32
A002009,9
A002010,38
A002011,794
A002012,795
A002013,25
A002014,796
A002015,1
A002016,2
A002017,797
A002018,0
A002019,0
A002020,19
A002021,12
A002022,1
A002023,23
A002024,2
A002025,10
A002026,21
A002027,32
A002028,21
A002029,29
A002030,9
A002031,9
A002032,1
A002033,22
A002034,19
A002035,0
A002036,798
A002037,24
A002038,799
A002039,1
A002040,6
A002041,3
A002042,5
A002043,0
A002044,33
A002045,4
A002046,800
A002047,9
A002048,801
A002049,802
A002050,21
A002051,18
A002052,31
A002053,29
A002054,803
A002055,3
A002056,804
A002057,26
A002058,11
A002059,25
A002060,805
A002061,1
A002062,5
A002063,806
A002064,807
A002065,808
A002066,809
A002067,14
A002068,4
A002069,16
A002070,13
A002071,17
A002072,29
A002073,32
A002074,810
A002075,811
A002076,1
A002077,9
A002078,10
A002079,812
A002080,12
A002081,813
A002082,814
A002083,4
A002084,29
A002085,815
A002086,1
A002087,21
A002088,816
A002089,25
A002090,817
A002091,7
A002092,5
A002093,25
A002094,12
A002095,0
A002096,818
A002097,28
A002098,14
A002099,819
A002100,6
A002101,6
A002102,820
A002103,20
A002104,24
A002105,0
A002106,27
A002107,11
A002108,12
A002109,22
A002110,21
A002111,31
A002112,821
A002113,822
A002114,1
A002115,7
A002116,19
A002117,823
A002118,6
A002119,824
A002120,15
A002121,11
A002122,2
A002123,825
A002124,1
A002125,3
A002126,14
A002127,826
A002128,5
A002129,9
A002130,827
A002131,30
A002132,2
A002133,828
A002134,829
A002135,6
A002136,830
A002137,6
A002138,15
A002139,0
A002140,831
A002141,832
A002142,833
A002143,834
A002144,0
A002145,835
A002146,18
A002147,25
A002148,13
A002149,836
A002150,837
A002151,13
A002152,838
A002153,31
A002154,0
A002155,839
A002156,0
A002157,840
A002158,841
A002159,842
A002160,18
A002161,0
A002162,0
A002163,2
A002164,16
A002165,0
A002166,23
A002167,843
A002168,844
A002169,22
A002170,5
A002171,11
A002172,7
A002173,12
A002174,6
A002175,0
A002176,38
A002177,12
A002178,21
A002179,845
A002180,0
A002181,27
A002182,3
A002183,846
A002184,17
A002185,10
A002186,0
A002187,847
A002188,848
A002189,0
A002190,0
A002191,0
A002192,14
A002193,11
A002194,6
A002195,29
A002196,849
A002197,20
A002198,1
A002199,0
A002200,6
A002201,32
A002202,0
A002203,850
A002204,10
A002205,851
A002206,852
A002207,1
A002208,10
A002209,22
A002210,8
A002211,0
A002212,24
A002213,0
A002214,32
A002215,6
A002216,853
A002217,28
A002218,4
A002219,7
A002220,854
A002221,24
A002222,25
A002223,3
A002224,16
A002225,16
A002226,855
A002227,856
A002228,857
A002229,18
A002230,24
A002231,858
A002232,859
A002233,860
A002234,861
A002235,0
A002236,23
A002237,17
A002238,15
A002239,13
A002240,17
A002241,17
A002242,862
A002243,863
A002244,27
A002245,864
A002246,0
A002247,2
A002248,5
A002249,23
A002250,25
A002251,865
A002252,866
A002253,867
A002254,5
A002255,868
A002256,869
A002257,34
A002258,22
A002259,870
A002260,22
A002261,871
A002262,6
A002263,872
A002264,20
A002265,7
A002266,10
A002267,873
A002268,0
A002269,2
A002270,4
A002271,9
A002272,10
A002273,0
A002274,17
A002275,5
A002276,1
A002277,0
A002278,12
A002279,874
A002280,0
A002281,875
A002282,876
A002283,877
A002284,1
A002285,878
A002286,10
A002287,2
A002288,879
A002289,3
A002290,11
A002291,4
A002292,4
A002293,3
A002294,25
A002295,1
A002296,8
A002297,3
A002298,4
A002299,880
A002300,881
A002301,1
A002302,23
A002303,6
A002304,29
A002305,1
A002306,882
A002307,883
A002308,29
A002309,17
A002310,1
A002311,884
A002312,16
A002313,15
A002314,2
A002315,9
A002316,0
A002317,9
A002318,10
A002319,8
A002320,3
A002321,18
A002322,16
A002323,2
A002324,885
A002325,886
A002326,887
A002327,888
A002328,16
A002329,32
A002330,889
A002331,20
A002332,890
A002333,1
A002334,14
A002335,5
A002336,3
A002337,11
A002338,891
A002339,26
A002340,892
A002341,3
A002342,893
A002343,27
A002344,894
A002345,895
A002346,15
A002347,24
A002348,10
A002349,896
A002350,28
A002351,0
A002352,897
A002353,29
A002354,12
A002355,898
A002356,0
A002357,2
A002358,21
A002359,13
A002360,18
A002361,2
A002362,899
A002363,12
A002364,900
A002365,14
A002366,20
A002367,901
A002368,8
A002369,9
A002370,3
A002371,15
A002372,23
A002373,8
A002374,902
A002375,903
A002376,1
A002377,20
A002378,22
A002379,3
A002380,5
A002381,16
A002382,904
A002383,22
A002384,905
A002385,906
A002386,22
A002387,12
A002388,907
A002389,12
A002390,10
A002391,27
A002392,19
A002393,5
A002394,2
A002395,1
A002396,23
A002397,908
A002398,909
A002399,0
A002400,3
A002401,910
A002402,15
A002403,911
A002404,912
A002405,1
A002406,30
A002407,18
A002408,0
A002409,14
A002410,26
A002411,913
A002412,4
A002413,914
A002414,1
A002415,28
A002416,1
A002417,915
A002418,916
A002419,26
A002420,3
A002421,917
A002422,18
A002423,28
A002424,918
A002425,8
A002426,2
A002427,919
A002428,10
A002429,4
A002430,0
A002431,5
A002432,920
A002433,921
A002434,922
A002435,1
A002436,20
A002437,12
A002438,0
A002439,923
A002440,5
A002441,924
A002442,0
A002443,925
A002444,19
A002445,1
A002446,0
A002447,926
A002448,15
A002449,11
A002450,927
A002451,30
A002452,10
A002453,0
A002454,15
A002455,4
A002456,0
A002457,928
A002458,1
A002459,21
A002460,15
A002461,929
A002462,16
A002463,1
A002464,12
A002465,930
A002466,2
A002467,2
A002468,8
A002469,19
A002470,931
A002471,932
A002472,5
A002473,7
A002474,933
A002475,4
A002476,34
A002477,22
A002478,21
A002479,934
A002480,1
A002481,16
A002482,28
A002483,11
A002484,14
A002485,28
A002486,3
A002487,0
A002488,3
A002489,935
A002490,936
A002491,937
A002492,2
A002493,7
A002494,938
A002495,939
A002496,5
A002497,940
A002498,941
A002499,0
A002500,13
A002501,3
A002502,10
A002503,942
A002504,12
A002505,33
A002506,5
A002507,943
A002508,7
A002509,18
A002510,24
A002511,33
A002512,22
A002513,944
A002514,8
A002515,20
A002516,11
A002517,3
A002518,3
A002519,6
A002520,5
A002521,20
A002522,945
A002523,17
A002524,1
A002525,946
A002526,947
A002527,0
A002528,11
A002529,12
A002530,2
A002531,3
A002532,24
A002533,948
A002534,10
A002535,20
A002536,8
A002537,9
A002538,949
A002539,950
A002540,1
A002541,1
A002542,0
A002543,28
A002544,951
A002545,8
A002546,3
A002547,1
A002548,952
A002549,953
A002550,1
A002551,25
A002552,30
A002553,954
A002554,12
A002555,28
A002556,0
A002557,21
A002558,0
A002559,955
A002560,956
A002561,11
A002562,13
A002563,29
A002564,957
A002565,1
A002566,18
A002567,1
A002568,4
A002569,17
A002570,1
A002571,28
A002572,6
A002573,958
A002574,959
A002575,15
A002576,21
A002577,13
A002578,17
A002579,960
A002580,26
A002581,12
A002582,9
A002583,8
A002584,0
A002585,34
A002586,16
A002587,2
A002588,2
A002589,0
A002590,961
A002591,8
A002592,0
A002593,10
A002594,21
A002595,962
A002596,28
A002597,2
A002598,3
A002599,963
A002600,17
A002601,964
A002602,29
A002603,10
A002604,19
A002605,2
A002606,965
A002607,966
A002608,10
A002609,17
A002610,967
A002611,968
A002612,969
A002613,0
A002614,970
A002615,971
A002616,20
A002617,15
A002618,28
A002619,972
A002620,28
A002621,10
A002622,34
A002623,9
A002624,6
A002625,10
A002626,973
A002627,19
A002628,974
A002629,21
A002630,18
A002631,19
A002632,975
A002633,976
A002634,6
A002635,26
A002636,977
A002637,978
A002638,1
A002639,979
A002640,25
A002641,28
A002642,18
A002643,980
A002644,19
A002645,1
A002646,5
A002647,11
A002648,1
A002649,19
A002650,14
A002651,981
A002652,7
A002653,24
A002654,982
A002655,983
A002656,13
A002657,984
A002658,9
A002659,11
A002660,985
A002661,6
A002662,1
A002663,11
A002664,1
A002665,1
A002666,7
A002667,1
A002668,31
A002669,4
A002670,0
A002671,1
A002672,28
A002673,19
A002674,1
A002675,27
A002676,15
A002677,2
A002678,3
A002679,986
A002680,19
A002681,987
A002682,988
A002683,989
A002684,26
A002685,11
A002686,990
A002687,29
A002688,991
A002689,6
A002690,18
A002691,32
A002692,9
A002693,3
A002694,992
A002695,993
A002696,18
A002697,31
A002698,26
A002699,21
A002700,25
A002701,4
A002702,994
A002703,30
A002704,12
A002705,4
A002706,32
A002707,5
A002708,995
A002709,0
A002710,2
A002711,996
A002712,997
A002713,998
A002714,999
A002715,28
A002716,15
A002717,29
A002718,1000
A002719,1
A002720,3
A002721,11
A002722,1001
A002723,1
A002724,1002
A002725,1003
A002726,0
A002727,18
A002728,0
A002729,21
A002730,33
A002731,1004
A002732,13
A002733,1005
A002734,22
A002735,1006
A002736,1007
A002737,0
A002738,15
A002739,15
A002740,1008
A002741,10
A002742,4
A002743,2
A002744,28
A002745,1009
A002746,1010
A002747,1011
A002748,10
A002749,9
A002750,2
A002751,5
A002752,8
A002753,1012
A002754,0
A002755,1013
A002756,1014
A002757,5
A002758,1015
A002759,14
A002760,0
A002761,30
A002762,20
A002763,3
A002764,33
A002765,25
A002766,8
A002767,1016
A002768,1017
A002769,9
A002770,19
A002771,25
A002772,13
A002773,30
A002774,1018
A002775,4
A002776,1
A002777,1
A002778,19
A002779,1019
A002780,4
A002781,17
A002782,33
A002783,5
A002784,1020
A002785,10
A002786,24
A002787,3
A002788,1
A002789,28
A002790,1021
A002791,18
A002792,5
A002793,1022
A002794,10
A002795,4
A002796,3
A002797,30
A002798,6
A002799,12
A002800,7
A002801,4
A002802,29
A002803,1023
A002804,1024
A002805,1025
A002806,1026
A002807,6
A002808,7
A002809,1027
A002810,1028
A002811,1
A002812,1029
A002813,4
A002814,5
A002815,26
A002816,17
A002817,1030
A002818,22
A002819,17
A002820,21
A002821,1031
A002822,6
A002823,18
A002824,11
A002825,4
A002826,1032
A002827,1033
A002828,26
A002829,8
A002830,1034
A002831,1
A002832,28
A002833,1035
A002834,29
A002835,1036
A002836,1037
A002837,1038
A002838,16
A002839,1039
A002840,1040
A002841,21
A002842,30
A002843,1041
A002844,9
A002845,1042
A002846,3
A002847,6
A002848,0
A002849,1043
A002850,0
A002851,21
A002852,27
A002853,14
A002854,12
A002855,17
A002856,3
A002857,14
A002858,1
A002859,17
A002860,10
A002861,1
A002862,1044
A002863,10
A002864,4
A002865,1045
A002866,1046
A002867,30
A002868,1047
A002869,1048
A002870,1049
A002871,1
A002872,1050
A002873,11
A002874,7
A002875,5
A002876,2
A002877,1
A002878,31
A002879,1051
A002880,1052
A002881,28
A002882,2
A002883,1053
A002884,5
A002885,1
A002886,0
A002887,14
A002888,1054
A002889,2
A002890,1055
A002891,31
A002892,3
A002893,1056
A002894,1
A002895,32
A002896,1057
A002897,17
A002898,4
A002899,17
A002900,27
A002901,1058
A002902,1059
A002903,1060
A002904,6
A002905,1
A002906,25
A002907,1
A002908,5
A002909,16
A002910,1061
A002911,11
A002912,23
A002913,8
A002914,4
A002915,13
A002916,11
A002917,1062
A002918,28
A002919,1063
A002920,1064
A002921,2
A002922,3
A002923,31
A002924,0
A002925,10
A002926,8
A002927,3
A002928,5
A002929,3
A002930,27
A002931,10
A002932,1065
A002933,3
A002934,28
A002935,1
A002936,1066
A002937,10
A002938,20
A002939,6
A002940,1067
A002941,1068
A002942,30
A002943,8
A002944,4
A002945,1069
A002946,5
A002947,1070
A002948,8
A002949,1071
A002950,4
A002951,2
A002952,27
A002953,1072
A002954,4
A002955,1
A002956,1073
A002957,30
A002958,29
A002959,22
A002960,0
A002961,33
A002962,1
A002963,4
A002964,1074
A002965,1075
A002966,12
A002967,7
A002968,19
A002969,1076
A002970,17
A002971,1077
A002972,32
A002973,22
A002974,5
A002975,2
A002976,4
A002977,1078
A002978,2
A002979,1079
A002980,1080
A002981,17
A002982,1081
A002983,1082
A002984,9
A002985,11
A002986,1083
A002987,22
A002988,1
A002989,5
A002990,2
A002991,3
A002992,19
A002993,16
A002994,1084
A002995,9
A002996,0
A002997,8
A002998,1085
A002999,23
A003000,34
A003001,1086
A003002,25
A003003,0
A003004,14
A003005,1087
A003006,33
A003007,19
A003008,1
A003009,2
A003010,5
A003011,1
A003012,1088
A003013,1
A003014,1089
A003015,1090
A003016,0
A003017,5
A003018,10
A003019,19
A003020,1091
A003021,5
A003022,28
A003023,1092
A003024,10
A003025,33
A003026,1093
A003027,15
A003028,6
A003029,1094
A003030,17
A003031,1095
A003032,12
A003033,7
A003034,1096
A003035,0
A003036,1
A003037,1097
A003038,13
A003039,12
A003040,0
A003041,13
A003042,1098
A003043,7
A003044,0
A003045,1
A003046,1099
A003047,28
A003048,6
A003049,14
A003050,27
A003051,1100
A003052,29
A003053,20
A003054,1
A003055,11
A003056,17
A003057,1101
A003058,18
A003059,4
A003060,1102
A003061,0
A003062,27
A003063,13
A003064,29
A003065,1103
A003066,2
A003067,19
A003068,29
A003069,9
A003070,9
A003071,0
A003072,18
A003073,22
A003074,18
A003075,2
A003076,26
A003077,1104
A003078,3
A003079,1105
A003080,24
A003081,1106
A003082,1107
A003083,0
A003084,1108
A003085,25
A003086,4
A003087,13
A003088,1109
A003089,5
A003090,2
A003091,1110
A003092,1111
A003093,4
A003094,33
A003095,27
A003096,6
A003097,0
A003098,23
A003099,1
A003100,1112
A003101,5
A003102,1113
A003103,1
A003104,1114
A003105,28
A003106,3
A003107,11
A003108,15
A003109,1115
A003110,1116
A003111,31
A003112,20
A003113,18
A003114,1117
A003115,9
A003116,4
A003117,33
A003118,10
A003119,33
A003120,0
A003121,1118
A003122,17
A003123,18
A003124,3
A003125,15
A003126,0
A003127,10
A003128,1119
A003129,26
A003130,10
A003131,1120
A003132,1121
A003133,3
A003134,0
A003135,23
A003136,1122
A003137,31
A003138,18
A003139,6
A003140,1123
A003141,7
A003142,10
A003143,15
A003144,11
A003145,34
A003146,33
A003147,11
A003148,1124
A003149,28
A003150,9
A003151,31
A003152,18
A003153,21
A003154,27
A003155,27
A003156,1125
A003157,1126
A003158,1
A003159,15
A003160,25
A003161,10
A003162,7
A003163,15
A003164,27
A003165,3
A003166,9
A003167,1127
A003168,18
A003169,22
A003170,1128
A003171,0
A003172,3
A003173,0
A003174,11
A003175,2
A003176,7
A003177,12
A003178,1129
A003179,28
A003180,1130
A003181,1131
A003182,26
A003183,4
A003184,1132
A003185,29
A003186,1133
A003187,1134
A003188,14
A003189,1135
A003190,25
A003191,1136
A003192,13
A003193,12
A003194,5
A003195,23
A003196,22
A003197,1137
A003198,32
A003199,0
A003200,17
A003201,12
A003202,1138
A003203,29
A003204,1139
A003205,26
A003206,24
A003207,23
A003208,8
A003209,1140
A003210,21
A003211,3
A003212,23
A003213,32
A003214,14
A003215,8
A003216,19
A003217,10
A003218,11
A003219,1
A003220,1141
A003221,1142
A003222,19
A003223,1143
A003224,1144
A003225,0
A003226,0
A003227,19
A003228,1145
A003229,5
A003230,3
A003231,22
A003232,2
A003233,12
A003234,24
A003235,14
A003236,3
A003237,1
A003238,15
A003239,17
A003240,1146
A003241,6
A003242,11
A003243,8
A003244,4
A003245,1147
A003246,15
A003247,14
A003248,1148
A003249,19
A003250,1149
A003251,6
A003252,1150
A003253,13
A003254,23
A003255,1151
A003256,2
A003257,27
A003258,7
A003259,26
A003260,32
A003261,0
A003262,1152
A003263,1153
A003264,7
A003265,28
A003266,9
A003267,5
A003268,27
A003269,1154
A003270,4
A003271,2
A003272,14
A003273,21
A003274,5
A003275,24
A003276,1
A003277,17
A003278,1155
A003279,10
A003280,17
A003281,12
A003282,0
A003283,1156
A003284,3
A003285,2
A003286,31
A003287,1157
A003288,14
A003289,3
A003290,1158
A003291,1
A003292,6
A003293,1159
A003294,1
A003295,10
A003296,26
A003297,1160
A003298,1161
A003299,1162
A003300,0
A003301,10
A003302,9
A003303,3
A003304,11
A003305,38
A003306,16
A003307,1163
A003308,22
A003309,1164
A003310,25
A003311,0
A003312,23
A003313,23
A003314,2
A003315,1165
A003316,11
A003317,15
A003318,13
A003319,3
A003320,31
A003321,1166
A003322,6
A003323,33
A003324,15
A003325,4
A003326,15
A003327,0
A003328,7
A003329,1167
A003330,3
A003331,1
A003332,22
A003333,1168
A003334,34
A003335,6
A003336,3
A003337,1169
A003338,3
A003339,6
A003340,1170
A003341,31
A003342,1171
A003343,1172
A003344,3
A003345,31
A003346,17
A003347,1173
A003348,1174
A003349,1175
A003350,16
A003351,10
A003352,21
A003353,0
A003354,16
A003355,15
A003356,2
A003357,6
A003358,23
A003359,30
A003360,6
A003361,0
A003362,0
A003363,4
A003364,7
A003365,22
A003366,6
A003367,1176
A003368,22
A003369,18
A003370,1177
A003371,9
A003372,32
A003373,1178
A003374,1179
A003375,3
A003376,1180
A003377,1181
A003378,3
A003379,1182
A003380,1183
A003381,1
A003382,2
A003383,20
A003384,34
A003385,4
A003386,7
A003387,12
A003388,22
A003389,0
A003390,7
A003391,3
A003392,14
A003393,1
A003394,12
A003395,1184
A003396,1185
A003397,7
A003398,1186
A003399,1187
A003400,9
A003401,1188
A003402,6
A003403,13
A003404,17
A003405,28
A003406,6
A003407,13
A003408,1
A003409,1
A003410,13
A003411,9
A003412,13
A003413,33
A003414,19
A003415,1189
A003416,3
A003417,0
A003418,6
A003419,24
A003420,20
A003421,5
A003422,11
A003423,19
A003424,34
A003425,23
A003426,14
A003427,11
A003428,8
A003429,8
A003430,1
A003431,23
A003432,21
A003433,0
A003434,9
A003435,0
A003436,12
A003437,1190
A003438,1191
A003439,20
A003440,16
A003441,22
A003442,1192
A003443,28
A003444,26
A003445,11
A003446,28
A003447,9
A003448,1193
A003449,1
A003450,6
A003451,18
A003452,5
A003453,17
A003454,31
A003455,1194
A003456,3
A003457,1195
A003458,2
A003459,20
A003460,1196
A003461,12
A003462,1197
A003463,22
A003464,1198
A003465,7
A003466,2
A003467,1
A003468,1199
A003469,1200
A003470,4
A003471,0
A003472,14
A003473,15
A003474,1201
A003475,11
A003476,1202
A003477,18
A003478,17
A003479,19
A003480,11
A003481,16
A003482,6
A003483,22
A003484,11
A003485,1203
A003486,0
A003487,2
A003488,1204
A003489,1205
A003490,11
A003491,32
A003492,1206
A003493,1
A003494,1207
A003495,21
A003496,16
A003497,13
A003498,6
A003499,3
A003500,3
A003501,26
A003502,0
A003503,11
A003504,0
A003505,30
A003506,3
A003507,25
A003508,1208
A003509,12
A003510,7
A003511,22
A003512,1209
A003513,0
A003514,1210
A003515,21
A003516,32
A003517,1211
A003518,1
A003519,0
A003520,2
A003521,1212
A003522,1
A003523,25
A003524,2
A003525,0
A003526,0
A003527,1213
A003528,1214
A003529,34
A003530,0
A003531,17
A003532,38
A003533,0
A003534,12
A003535,10
A003536,1215
A003537,1216
A003538,1217
A003539,0
A003540,0
A003541,28
A003542,10
A003543,15
A003544,1218
A003545,26
A003546,32
A003547,11
A003548,17
A003549,1219
A003550,0
A003551,1220
A003552,12
A003553,6
A003554,19
A003555,1221
A003556,1222
A003557,11
A003558,14
A003559,0
A003560,13
A003561,14
A003562,2
A003563,23
A003564,1223
A003565,15
A003566,20
A003567,1224
A003568,2
A003569,1225
A003570,0
A003571,1
A003572,30
A003573,1226
A003574,6
A003575,25
A003576,27
A003577,16
A003578,1227
A003579,1228
A003580,27
A003581,1229
A003582,0
A003583,18
A003584,0
A003585,13
A003586,16
A003587,12
A003588,0
A003589,14
A003590,6
A003591,1
A003592,1230
A003593,0
A003594,1231
A003595,9
A003596,20
A003597,17
A003598,1232
A003599,4
A003600,10
A003601,22
A003602,22
A003603,11
A003604,1
A003605,7
A003606,8
A003607,16
A003608,0
A003609,1233
A003610,1234
A003611,0
A003612,1
A003613,1235
A003614,14
A003615,1
A003616,1236
A003617,21
A003618,26
A003619,1237
A003620,0
A003621,0
A003622,1238
A003623,1239
A003624,13
A003625,5
A003626,5
A003627,0
A003628,0
A003629,1240
A003630,19
A003631,1241
A003632,1
A003633,25
A003634,7
A003635,11
A003636,13
A003637,1242
A003638,2
A003639,7
A003640,9
A003641,0
A003642,15
A003643,1243
A003644,7
A003645,20
A003646,1244
A003647,1245
A003648,1246
A003649,0
A003650,1247
A003651,1248
A003652,29
A003653,30
A003654,5
A003655,30
A003656,4
A003657,24
A003658,1249
A003659,34
A003660,8
A003661,34
A003662,1250
A003663,27
A003664,32
A003665,25
A003666,1251
A003667,1252
A003668,1253
A003669,1254
A003670,1255
A003671,1256
A003672,4
A003673,1257
A003674,32
A003675,1258
A003676,4
A003677,1
A003678,11
A003679,9
A003680,8
A003681,1259
A003682,1260
A003683,25
A003684,0
A003685,1
A003686,12
A003687,1261
A003688,1262
A003689,1263
A003690,2
A003691,0
A003692,1264
A003693,1265
A003694,1266
A003695,1267
A003696,5
A003697,2
A003698,1268
A003699,1269
A003700,13
A003701,0
A003702,1270
A003703,14
A003704,1271
A003705,1272
A003706,13
A003707,9
A003708,25
A003709,13
A003710,8
A003711,18
A003712,0
A003713,34
A003714,1273
A003715,24
A003716,26
A003717,1
A003718,0
A003719,1274
A003720,1
A003721,12
A003722,8
A003723,1275
A003724,24
A003725,31
A003726,28
A003727,21
A003728,6
A003729,0
A003730,1276
A003731,1277
A003732,13
A003733,1278
A003734,17
A003735,1
A003736,1279
A003737,8
A003738,32
A003739,17
A003740,4
A003741,10
A003742,20
A003743,13
A003744,21
A003745,1280
A003746,1281
A003747,23
A003748,0
A003749,1
A003750,1282
A003751,19
A003752,23
A003753,5
A003754,1283
A003755,3
A003756,16
A003757,30
A003758,17
A003759,1284
A003760,1285
A003761,24
A003762,1286
A003763,21
A003764,1287
A003765,1288
A003766,13
A003767,1289
A003768,1290
A003769,12
A003770,1291
A003771,1292
A003772,1293
A003773,28
A003774,0
A003775,1294
A003776,1295
A003777,22
A003778,17
A003779,2
A003780,1296
A003781,1297
A003782,0
A003783,15
A003784,8
A003785,1
A003786,2
A003787,21
A003788,7
A003789,12
A003790,1298
A003791,19
A003792,3
A003793,6
A003794,0
A003795,9
A003796,15
A003797,5
A003798,1299
A003799,29
A003800,25
A003801,12
A003802,1
A003803,21
A003804,1300
A003805,1
A003806,9
A003807,1301
A003808,0
A003809,1302
A003810,11
A003811,1303
A003812,1304
A003813,10
A003814,5
A003815,1
A003816,5
A003817,1305
A003818,27
A003819,7
A003820,0
A003821,16
A003822,31
A003823,1306
A003824,3
A003825,32
A003826,1307
A003827,20
A003828,1308
A003829,2
A003830,1309
A003831,7
A003832,0
A003833,9
A003834,2
A003835,11
A003836,1310
A003837,8
A003838,12
A003839,1311
A003840,7
A003841,1312
A003842,16
A003843,22
A003844,11
A003845,1
A003846,17
A003847,1
A003848,1313
A003849,22
A003850,0
A003851,1314
A003852,1315
A003853,1316
A003854,15
A003855,12
A003856,1317
A003857,9
A003858,1
A003859,14
A003860,21
A003861,32
A003862,20
A003863,4
A003864,38
A003865,1318
A003866,11
A003867,1
A003868,27
A003869,4
A003870,4
A003871,2
A003872,8
A003873,1319
A003874,1320
A003875,2
A003876,6
A003877,4
A003878,4
A003879,0
A003880,15
A003881,14
A003882,0
A003883,21
A003884,1321
A003885,9
A003886,30
A003887,19
A003888,7
A003889,14
A003890,2
A003891,1322
A003892,14
A003893,13
A003894,1323
A003895,24
A003896,1
A003897,27
A003898,1324
A003899,1325
A003900,28
A003901,4
A003902,26
A003903,1326
A003904,1327
A003905,17
A003906,1328
A003907,1
A003908,27
A003909,1329
A003910,9
A003911,17
A003912,5
A003913,3
A003914,34
A003915,1330
A003916,0
A003917,29
A003918,9
A003919,1331
A003920,2
A003921,27
A003922,6
A003923,1
A003924,9
A003925,1332
A003926,22
A003927,20
A003928,2
A003929,1333
A003930,22
A003931,1334
A003932,12
A003933,1335
A003934,1336
A003935,0
A003936,1337
A003937,0
A003938,28
A003939,1338
A003940,0
A003941,20
A003942,1
A003943,25
A003944,15
A003945,23
A003946,28
A003947,3
A003948,1339
A003949,0
A003950,4
A003951,10
A003952,25
A003953,1
A003954,6
A003955,1340
A003956,33
A003957,26
A003958,3
A003959,7
A003960,16
A003961,24
A003962,26
A003963,1341
A003964,17
A003965,25
A003966,34
A003967,1342
A003968,19
A003969,26
A003970,1343
A003971,7
A003972,12
A003973,31
A003974,1
A003975,20
A003976,7
A003977,38
A003978,1
A003979,1344
A003980,5
A003981,1345
A003982,4
A003983,1346
A003984,3
A003985,1347
A003986,10
A003987,8
A003988,8
A003989,2
A003990,1348
A003991,0
A003992,19
A003993,1349
A003994,21
A003995,7
A003996,12
A003997,1350
A003998,1351
A003999,1352
A004000,11
A004001,9
A004002,1353
A004003,25
A004004,1354
A004005,11
A004006,20
A004007,20
A004008,0
A004009,1355
A004010,16
A004011,38
A004012,4
A004013,2
A004014,28
A004015,20
A004016,1
A004017,13
A004018,17
A004019,9
A004020,1
A004021,23
A004022,1356
A004023,8
A004024,0
A004025,17
A004026,4
A004027,21
A004028,2
A004029,19
A004030,7
A004031,24
A004032,2
A004033,8
A004034,24
A004035,25
A004036,0
A004037,1357
A004038,18
A004039,15
A004040,6
A004041,0
A004042,24
A004043,1358
A004044,15
A004045,22
A004046,1359
A004047,30
A004048,1360
A004049,31
A004050,1361
A004051,10
A004052,7
A004053,14
A004054,1362
A004055,10
A004056,1363
A004057,13
A004058,4
A004059,20
A004060,2
A004061,12
A004062,13
A004063,1364
A004064,17
A004065,9
A004066,5
A004067,32
A004068,11
A004069,1365
A004070,18
A004071,2
A004072,30
A004073,18
A004074,28
A004075,25
A004076,8
A004077,5
A004078,11
A004079,10
A004080,0
A004081,13
A004082,1
A004083,10
A004084,1
A004085,1
A004086,1366
A004087,1367
A004088,1368
A004089,31
A004090,1369
A004091,1370
A004092,3
A004093,1371
A004094,8
A004095,0
A004096,1372
A004097,0
A004098,1373
A004099,18
A004100,2
A004101,23
A004102,1374
A004103,13
A004104,1375
A004105,34
A004106,1376
A004107,10
A004108,22
A004109,7
A004110,0
A004111,25
A004112,1
A004113,1377
A004114,2
A004115,0
A004116,3
A004117,1378
A004118,13
A004119,0
A004120,1379
A004121,0
A004122,20
A004123,12
A004124,30
A004125,1380
A004126,9
A004127,1381
A004128,14
A004129,1382
A004130,8
A004131,30
A004132,1383
A004133,12
A004134,11
A004135,1384
A004136,11
A004137,0
A004138,3
A004139,23
A004140,12
A004141,18
A004142,3
A004143,15
A004144,6
A004145,29
A004146,3
A004147,22
A004148,19
A004149,8
A004150,1385
A004151,23
A004152,8
A004153,30
A004154,14
A004155,8
A004156,0
A004157,1386
A004158,12
A004159,1387
A004160,1388
A004161,1389
A004162,0
A004163,20
A004164,4
A004165,18
A004166,0
A004167,1390
A004168,16
A004169,1391
A004170,1392
A004171,1
A004172,2
A004173,7
A004174,1
A004175,13
A004176,1
A004177,1393
A004178,13
A004179,5
A004180,0
A004181,4
A004182,0
A004183,0
A004184,1
A004185,9
A004186,14
A004187,1394
A004188,1
A004189,9
A004190,3
A004191,1395
A004192,1396
A004193,0
A004194,1
A004195,2
A004196,1
A004197,1397
A004198,15
A004199,7
A004200,18
A004201,1
A004202,1398
A004203,1399
A004204,14
A004205,12
A004206,6
A004207,19
A004208,1400
A004209,31
A004210,1401
A004211,4
A004212,8
A004213,3
A004214,18
A004215,1402
A004216,23
A004217,1403
A004218,1404
A004219,9
A004220,1405
A004221,1406
A004222,1
A004223,1407
A004224,1
A004225,1408
A004226,1409
A004227,1410
A004228,3
A004229,1411
A004230,9
A004231,25
A004232,1412
A004233,22
A004234,4
A004235,10
A004236,19
A004237,22
A004238,1413
A004239,11
A004240,1414
A004241,12
A004242,1415
A004243,38
A004244,1
A004245,1
A004246,24
A004247,1416
A004248,19
A004249,34
A004250,20
A004251,4
A004252,26
A004253,1417
A004254,8
A004255,4
A004256,1418
A004257,1419
A004258,1420
A004259,5
A004260,14
A004261,1421
A004262,13
A004263,1422
A004264,24
A004265,19
A004266,1423
A004267,1424
A004268,12
A004269,34
A004270,1425
A004271,14
A004272,14
A004273,11
A004274,11
A004275,18
A004276,7
A004277,16
A004278,25
A004279,27
A004280,8
A004281,19
A004282,29
A004283,0
A004284,21
A004285,7
A004286,3
A004287,10
A004288,9
A004289,1426
A004290,29
A004291,29
A004292,1427
A004293,1428
A004294,1429
A004295,1430
A004296,1
A004297,24
A004298,1
A004299,7
A004300,1431
A004301,1432
A004302,1433
A004303,27
A004304,21
A004305,14
A004306,13
A004307,1
A004308,0
A004309,1434
A004310,13
A004311,5
A004312,1435
A004313,1436
A004314,1437
A004315,25
A004316,1438
A004317,9
A004318,4
A004319,8
A004320,1
A004321,0
A004322,1
A004323,1439
A004324,0
A004325,1440
A004326,1
A004327,7
A004328,14
A004329,1
A004330,22
A004331,27
A004332,1441
A004333,31
A004334,1442
A004335,13
A004336,17
A004337,1
A004338,14
A004339,1443
A004340,1444
A004341,1445
A004342,17
A004343,1446
A004344,31
A004345,13
A004346,1447
A004347,1448
A004348,6
A004349,1449
A004350,14
A004351,0
A004352,1450
A004353,1451
A004354,18
A004355,1452
A004356,22
A004357,1453
A004358,28
A004359,27
A004360,1454
A004361,16
A004362,5
A004363,1455
A004364,1456
A004365,10
A004366,0
A004367,3
A004368,1457
A004369,5
A004370,17
A004371,29
A004372,8
A004373,8
A004374,12
A004375,1458
A004376,0
A004377,10
A004378,22
A004379,1459
A004380,0
A004381,1460
A004382,11
A004383,1461
A004384,4
A004385,17
A004386,13
A004387,9
A004388,7
A004389,1462
A004390,2
A004391,0
A004392,7
A004393,23
A004394,6
A004395,26
A004396,1463
A004397,6
A004398,7
A004399,0
A004400,4
A004401,0
A004402,16
A004403,5
A004404,34
A004405,5
A004406,1464
A004407,13
A004408,9
A004409,33
A004410,1
A004411,1465
A004412,1466
A004413,10
A004414,15
A004415,1
A004416,1
A004417,1
A004418,14
A004419,14
A004420,4
A004421,1467
A004422,19
A004423,15
A004424,1
A004425,24
A004426,0
A004427,1468
A004428,14
A004429,23
A004430,0
A004431,1469
A004432,1470
A004433,15
A004434,5
A004435,26
A004436,1471
A004437,1
A004438,7
A004439,2
A004440,1472
A004441,26
A004442,8
A004443,1
A004444,16
A004445,10
A004446,3
A004447,1473
A004448,3
A004449,0
A004450,14
A004451,6
A004452,1474
A004453,1475
A004454,20
A004455,11
A004456,8
A004457,1476
A004458,1477
A004459,1
A004460,28
A004461,1478
A004462,30
A004463,0
A004464,14
A004465,26
A004466,28
A004467,1479
A004468,8
A004469,13
A004470,1480
A004471,17
A004472,24
A004473,2
A004474,28
A004475,1481
A004476,10
A004477,1
A004478,19
A004479,1
A004480,26
A004481,2
A004482,9
A004483,25
A004484,21
A004485,1482
A004486,1
A004487,4
A004488,16
A004489,1483
A004490,8
A004491,1
A004492,9
A004493,7
A004494,1484
A004495,0
A004496,14
A004497,1485
A004498,1
A004499,3
A004500,21
A004501,6
A004502,11
A004503,1
A004504,10
A004505,1486
A004506,26
A004507,3
A004508,0
A004509,4
A004510,1
A004511,8
A004512,11
A004513,1487
A004514,21
A004515,26
A004516,19
A004517,7
A004518,1488
A004519,1489
A004520,27
A004521,33
A004522,1490
A004523,1491
A004524,3
A004525,3
A004526,21
A004527,5
A004528,1492
A004529,1
A004530,32
A004531,29
A004532,1493
A004533,1494
A004534,16
A004535,30
A004536,1
A004537,1495
A004538,13
A004539,0
A004540,9
A004541,1496
A004542,18
A004543,12
A004544,8
A004545,9
A004546,7
A004547,23
A004548,1497
A004549,18
A004550,27
A004551,12
A004552,1498
A004553,2
A004554,19
A004555,29
A004556,8
A004557,13
A004558,31
A004559,4
A004560,14
A004561,27
A004562,1
A004563,0
A004564,14
A004565,1499
A004566,3
A004567,1500
A004568,1501
A004569,1502
A004570,1503
A004571,19
A004572,6
A004573,0
A004574,6
A004575,1
A004576,1504
A004577,1505
A004578,1506
A004579,1507
A004580,1508
A004581,1509
A004582,11
A004583,4
A004584,1510
A004585,1
A004586,1
A004587,1511
A004588,1512
A004589,26
A004590,1513
A004591,24
A004592,10
A004593,1514
A004594,1515
A004595,25
A004596,12
A004597,0
A004598,15
A004599,5
A004600,9
A004601,1516
A004602,13
A004603,15
A004604,4
A004605,1517
A004606,0
A004607,19
A004608,1
A004609,1518
A004610,1
A004611,15
A004612,3
A004613,10
A004614,1519
A004615,1520
A004616,1521
A004617,1
A004618,1522
A004619,1523
A004620,0
A004621,7
A004622,1524
A004623,4
A004624,32
A004625,9
A004626,0
A004627,7
A004628,0
A004629,1525
A004630,16
A004631,0
A004632,5
A004633,20
A004634,27
A004635,26
A004636,3
A004637,9
A004638,2
A004639,1
A004640,0
A004641,27
A004642,1526
A004643,22
A004644,23
A004645,1
A004646,1527
A004647,1528
A004648,1529
A004649,7
A004650,1530
A004651,15
A004652,1531
A004653,14
A004654,1532
A004655,1533
A004656,21
A004657,1534
A004658,0
A004659,0
A004660,0
A004661,4
A004662,27
A004663,3
A004664,1535
A004665,5
A004666,31
A004667,27
A004668,7
A004669,1536
A004670,3
A004671,27
A004672,3
A004673,2
A004674,1537
A004675,4
A004676,38
A004677,1538
A004678,1539
A004679,0
A004680,1540
A004681,1541
A004682,7
A004683,1542
A004684,9
A004685,1
A004686,1543
A004687,0
A004688,2
A004689,12
A004690,30
A004691,1544
A004692,1545
A004693,24
A004694,1546
A004695,18
A004696,1547
A004697,15
A004698,14
A004699,17
A004700,1548
A004701,10
A004702,12
A004703,1549
A004704,1550
A004705,18
A004706,8
A004707,13
A004708,9
A004709,33
A004710,1551
A004711,9
A004712,13
A004713,11
A004714,1552
A004715,10
A004716,1553
A004717,17
A004718,32
A004719,27
A004720,5
A004721,17
A004722,0
A004723,20
A004724,2
A004725,1554
A004726,4
A004727,1555
A004728,3
A004729,0
A004730,22
A004731,4
A004732,1556
A004733,0
A004734,16
A004735,1557
A004736,10
A004737,1
A004738,1558
A004739,14
A004740,16
A004741,27
A004742,1
A004743,21
A004744,1559
A004745,0
A004746,1560
A004747,32
A004748,1561
A004749,33
A004750,1562
A004751,23
A004752,2
A004753,13
A004754,1563
A004755,3
A004756,1564
A004757,33
A004758,20
A004759,0
A004760,10
A004761,31
A004762,3
A004763,12
A004764,1565
A004765,20
A004766,14
A004767,34
A004768,1566
A004769,1
A004770,1567
A004771,22
A004772,6
A004773,1568
A004774,0
A004775,2
A004776,0
A004777,0
A004778,21
A004779,28
A004780,1
A004781,21
A004782,18
A004783,3
A004784,1569
A004785,1570
A004786,7
A004787,6
A004788,5
A004789,31
A004790,23
A004791,19
A004792,24
A004793,12
A004794,1
A004795,12
A004796,1
A004797,1
A004798,19
A004799,1571
A004800,1572
A004801,1573
A004802,8
A004803,1
A004804,12
A004805,14
A004806,14
A004807,24
A004808,0
A004809,1574
A004810,21
A004811,3
A004812,31
A004813,26
A004814,24
A004815,21
A004816,1
A004817,1575
A004818,1576
A004819,1577
A004820,12
A004821,1
A004822,1578
A004823,17
A004824,1579
A004825,25
A004826,1580
A004827,0
A004828,1581
A004829,5
A004830,1
A004831,5
A004832,25
A004833,1
A004834,11
A004835,5
A004836,26
A004837,15
A004838,6
A004839,1582
A004840,2
A004841,19
A004842,22
A004843,1583
A004844,34
A004845,15
A004846,1584
A004847,9
A004848,9
A004849,9
A004850,8
A004851,1
A004852,8
A004853,1
A004854,1
A004855,1585
A004856,15
A004857,1586
A004858,6
A004859,14
A004860,28
A004861,3
A004862,22
A004863,21
A004864,9
A004865,33
A004866,1587
A004867,33
A004868,5
A004869,10
A004870,5
A004871,6
A004872,1588
A004873,14
A004874,1589
A004875,19
A004876,1590
A004877,34
A004878,8
A004879,1591
A004880,0
A004881,0
A004882,25
A004883,18
A004884,9
A004885,28
A004886,17
A004887,1592
A004888,6
A004889,23
A004890,0
A004891,1593
A004892,2
A004893,25
A004894,0
A004895,19
A004896,26
A004897,3
A004898,1594
A004899,13
A004900,3
A004901,1595
A004902,20
A004903,1
A004904,3
A004905,1596
A004906,31
A004907,1597
A004908,1598
A004909,22
A004910,27
A004911,1599
A004912,10
A004913,0
A004914,8
A004915,1
A004916,28
A004917,1600
A004918,1601
A004919,34
A004920,0
A004921,1602
A004922,25
A004923,4
A004924,33
A004925,1603
A004926,1604
A004927,1605
A004928,20
A004929,16
A004930,9
A004931,1606
A004932,4
A004933,21
A004934,6
A004935,1607
A004936,15
A004937,1608
A004938,1609
A004939,30
A004940,34
A004941,24
A004942,25
A004943,1610
A004944,8
A004945,7
A004946,2
A004947,1611
A004948,1612
A004949,1613
A004950,31
A004951,7
A004952,24
A004953,9
A004954,18
A004955,18
A004956,5
A004957,26
A004958,1614
A004959,0
A004960,18
A004961,14
A004962,14
A004963,1
A004964,1615
A004965,1616
A004966,22
A004967,31
A004968,32
A004969,23
A004970,27
A004971,1617
A004972,13
A004973,31
A004974,1618
A004975,0
A004976,21
A004977,5
A004978,2
A004979,1619
A004980,2
A004981,24
A004982,0
A004983,28
A004984,23
A004985,0
A004986,1620
A004987,11
A004988,1621
A004989,17
A004990,32
A004991,3
A004992,21
A004993,0
A004994,0
A004995,1622
A004996,8
A004997,12
A004998,28
A004999,8
A005000,22
A005001,5
A005002,1623
A005003,2
A005004,27
A005005,38
A005006,7
A005007,1624
A005008,1
A005009,8
A005010,7
A005011,23
A005012,24
A005013,1625
A005014,0
A005015,6
A005016,1
A005017,1626
A005018,1627
A005019,1628
A005020,25
A005021,15
A005022,23
A005023,1
A005024,1629
A005025,25
A005026,1630
A005027,1631
A005028,0
A005029,4
A005030,1
A005031,1632
A005032,12
A005033,0
A005034,23
A005035,1633
A005036,1634
A005037,1635
A005038,18
A005039,1
A005040,1636
A005041,1637
A005042,13
A005043,1638
A005044,5
A005045,1639
A005046,1640
A005047,2
A005048,34
A005049,1
A005050,1641
A005051,3
A005052,2
A005053,11
A005054,6
A005055,1642
A005056,1643
A005057,1644
A005058,1645
A005059,29
A005060,1646
A005061,1647
A005062,30
A005063,30
A005064,12
A005065,1648
A005066,4
A005067,15
A005068,4
A005069,3
A005070,1649
A005071,1
A005072,1650
A005073,30
A005074,2
A005075,34
A005076,1651
A005077,29
A005078,25
A005079,18
A005080,1652
A005081,2
A005082,1653
A005083,0
A005084,1654
A005085,25
A005086,26
A005087,4
A005088,15
A005089,7
A005090,1655
A005091,15
A005092,27
A005093,1656
A005094,29
A005095,16
A005096,1657
A005097,1658
A005098,1659
A005099,34
A005100,17
A005101,8
A005102,15
A005103,4
A005104,3
A005105,28
A005106,8
A005107,1
A005108,1660
A005109,19
A005110,2
A005111,1661
A005112,2
A005113,9
A005114,8
A005115,13
A005116,4
A005117,1662
A005118,1
A005119,17
A005120,31
A005121,26
A005122,21
A005123,1
A005124,16
A005125,8
A005126,0
A005127,1
A005128,2
A005129,20
A005130,5
A005131,1663
A005132,13
A005133,13
A005134,6
A005135,1664
A005136,17
A005137,27
A005138,2
A005139,34
A005140,0
A005141,12
A005142,1
A005143,1
A005144,1665
A005145,2
A005146,0
A005147,1666
A005148,1667
A005149,15
A005150,0
A005151,1668
A005152,1669
A005153,34
A005154,0
A005155,17
A005156,1670
A005157,1
A005158,2
A005159,1
A005160,6
A005161,1671
A005162,8
A005163,1672
A005164,10
A005165,5
A005166,32
A005167,1673
A005168,1674
A005169,5
A005170,2
A005171,30
A005172,28
A005173,1675
A005174,4
A005175,2
A005176,1676
A005177,1677
A005178,0
A005179,17
A005180,5
A005181,0
A005182,26
A005183,25
A005184,14
A005185,0
A005186,1
A005187,32
A005188,1
A005189,29
A005190,1
A005191,1678
A005192,9
A005193,1
A005194,25
A005195,22
A005196,6
A005197,19
A005198,24
A005199,23
A005200,5
A005201,5
A005202,30
A005203,1
A005204,5
A005205,28
A005206,8
A005207,1679
A005208,13
A005209,7
A005210,33
A005211,1680
A005212,1
A005213,7
A005214,3
A005215,21
A005216,9
A005217,1681
A005218,1682
A005219,0
A005220,1
A005221,15
A005222,6
A005223,3
A005224,20
A005225,25
A005226,25
A005227,1
A005228,26
A005229,1
A005230,15
A005231,1683
A005232,17
A005233,1684
A005234,25
A005235,18
A005236,1685
A005237,27
A005238,21
A005239,20
A005240,1686
A005241,0
A005242,13
A005243,2
A005244,6
A005245,1
A005246,1687
A005247,16
A005248,1688
A005249,1689
A005250,0
A005251,1
A005252,6
A005253,10
A005254,1
A005255,1690
A005256,23
A005257,1
A005258,1691
A005259,5
A005260,1692
A005261,9
A005262,2
A005263,5
A005264,38
A005265,12
A005266,9
A005267,1693
A005268,13
A005269,10
A005270,1694
A005271,1695
A005272,1
A005273,1696
A005274,0
A005275,4
A005276,8
A005277,10
A005278,7
A005279,1697
A005280,1698
A005281,12
A005282,29
A005283,1
A005284,9
A005285,16
A005286,1699
A005287,2
A005288,10
A005289,15
A005290,30
A005291,1700
A005292,6
A005293,1701
A005294,1702
A005295,21
A005296,1703
A005297,4
A005298,9
A005299,1
A005300,24
A005301,1704
A005302,1705
A005303,1706
A005304,8
A005305,32
A005306,1
A005307,16
A005308,5
A005309,21
A005310,2
A005311,1707
A005312,16
A005313,0
A005314,31
A005315,2
A005316,0
A005317,29
A005318,1708
A005319,16
A005320,4
A005321,4
A005322,1709
A005323,1710
A005324,20
A005325,0
A005326,18
A005327,3
A005328,27
A005329,3
A005330,13
A005331,11
A005332,20
A005333,15
A005334,1711
A005335,11
A005336,1712
A005337,13
A005338,1713
A005339,14
A005340,28
A005341,26
A005342,1714
A005343,0
A005344,2
A005345,1715
A005346,1
A005347,1
A005348,21
A005349,0
A005350,1716
A005351,0
A005352,1717
A005353,1718
A005354,16
A005355,14
A005356,1719
A005357,26
A005358,32
A005359,0
A005360,1720
A005361,11
A005362,32
A005363,0
A005364,1721
A005365,1722
A005366,2
A005367,9
A005368,1723
A005369,9
A005370,1724
A005371,1725
A005372,27
A005373,5
A005374,1
A005375,1726
A005376,1727
A005377,1728
A005378,10
A005379,31
A005380,19
A005381,1
A005382,3
A005383,1729
A005384,1730
A005385,19
A005386,27
A005387,2
A005388,1731
A005389,14
A005390,2
A005391,1732
A005392,0
A005393,11
A005394,4
A005395,12
A005396,1733
A005397,1734
A005398,1735
A005399,1736
A005400,13
A005401,23
A005402,33
A005403,1737
A005404,15
A005405,15
A005406,32
A005407,1
A005408,4
A005409,8
A005410,1738
A005411,1
A005412,1739
A005413,1
A005414,14
A005415,8
A005416,1740
A005417,10
A005418,2
A005419,12
A005420,1
A005421,1741
A005422,1
A005423,6
A005424,1742
A005425,2
A005426,21
A005427,19
A005428,10
A005429,18
A005430,6
A005431,21
A005432,4
A005433,11
A005434,1743
A005435,1744
A005436,1745
A005437,1746
A005438,2
A005439,2
A005440,8
A005441,28
A005442,1747
A005443,26
A005444,0
A005445,1
A005446,1
A005447,8
A005448,1
A005449,31
A005450,1748
A005451,27
A005452,1749
A005453,7
A005454,5
A005455,12
A005456,32
A005457,1750
A005458,1751
A005459,1752
A005460,12
A005461,9
A005462,1
A005463,1753
A005464,1
A005465,3
A005466,0
A005467,1754
A005468,1755
A005469,1756
A005470,33
A005471,5
A005472,1757
A005473,1758
A005474,2
A005475,0
A005476,15
A005477,0
A005478,21
A005479,6
A005480,15
A005481,22
A005482,0
A005483,1759
A005484,1
A005485,1760
A005486,1761
A005487,15
A005488,1762
A005489,0
A005490,0
A005491,1763
A005492,19
A005493,1
A005494,18
A005495,6
A005496,14
A005497,1764
A005498,38
A005499,13
A005500,1765
A005501,1766
A005502,1767
A005503,16
A005504,2
A005505,0
A005506,26
A005507,1768
A005508,1769
A005509,23
A005510,11
A005511,13
A005512,1770
A005513,5
A005514,0
A005515,8
A005516,1
A005517,7
A005518,1771
A005519,1772
A005520,4
A005521,8
A005522,1773
A005523,1774
A005524,7
A005525,1775
A005526,1776
A005527,0
A005528,23
A005529,1777
A005530,22
A005531,22
A005532,1
A005533,20
A005534,33
A005535,12
A005536,1778
A005537,0
A005538,1779
A005539,12
A005540,1780
A005541,2
A005542,1781
A005543,1782
A005544,2
A005545,1783
A005546,22
A005547,0
A005548,2
A005549,23
A005550,1784
A005551,1785
A005552,1
A005553,1786
A005554,0
A005555,16
A005556,3
A005557,1
A005558,12
A005559,4
A005560,6
A005561,0
A005562,24
A005563,13
A005564,23
A005565,0
A005566,30
A005567,33
A005568,5
A005569,1787
A005570,1
A005571,1
A005572,1
A005573,18
A005574,24
A005575,1788
A005576,1789
A005577,1790
A005578,1791
A005579,30
A005580,1
A005581,3
A005582,1792
A005583,11
A005584,12
A005585,30
A005586,6
A005587,1793
A005588,11
A005589,1794
A005590,1
A005591,1795
A005592,10
A005593,26
A005594,3
A005595,1796
A005596,11
A005597,7
A005598,1797
A005599,1798
A005600,8
A005601,1799
A005602,13
A005603,8
A005604,17
A005605,15
A005606,1800
A005607,15
A005608,21
A005609,18
A005610,19
A005611,5
A005612,1801
A005613,5
A005614,10
A005615,16
A005616,29
A005617,0
A005618,10
A005619,1802
A005620,20
A005621,0
A005622,1
A005623,27
A005624,17
A005625,8
A005626,15
A005627,7
A005628,12
A005629,6
A005630,9
A005631,28
A005632,19
A005633,1803
A005634,1
A005635,38
A005636,15
A005637,1804
A005638,2
A005639,1805
A005640,1806
A005641,8
A005642,3
A005643,1807
A005644,1
A005645,8
A005646,33
A005647,5
A005648,1808
A005649,3
A005650,13
A005651,1809
A005652,1810
A005653,13
A005654,33
A005655,1811
A005656,1812
A005657,1813
A005658,12
A005659,1814
A005660,21
A005661,3
A005662,8
A005663,13
A005664,0
A005665,11
A005666,3
A005667,1815
A005668,13
A005669,1816
A005670,13
A005671,3
A005672,1817
A005673,27
A005674,1818
A005675,0
A005676,1819
A005677,10
A005678,26
A005679,1820
A005680,17
A005681,1821
A005682,3
A005683,5
A005684,32
A005685,10
A005686,26
A005687,10
A005688,1822
A005689,15
A005690,16
A005691,9
A005692,1823
A005693,33
A005694,3
A005695,28
A005696,1824
A005697,6
A005698,14
A005699,8
A005700,23
A005701,1825
A005702,4
A005703,0
A005704,10
A005705,1826
A005706,12
A005707,19
A005708,0
A005709,3
A005710,22
A005711,1
A005712,1827
A005713,27
A005714,1828
A005715,1829
A005716,33
A005717,32
A005718,31
A005719,1830
A005720,12
A005721,22
A005722,1
A005723,34
A005724,13
A005725,17
A005726,15
A005727,21
A005728,14
A005729,2
A005730,1831
A005731,1832
A005732,0
A005733,33
A005734,0
A005735,0
A005736,2
A005737,1833
A005738,1834
A005739,9
A005740,4
A005741,30
A005742,1835
A005743,6
A005744,13
A005745,0
A005746,1836
A005747,1837
A005748,16
A005749,2
A005750,24
A005751,15
A005752,33
A005753,1838
A005754,18
A005755,1
A005756,1839
A005757,1840
A005758,0
A005759,11
A005760,29
A005761,8
A005762,11
A005763,11
A005764,1841
A005765,6
A005766,11
A005767,15
A005768,27
A005769,1842
A005770,1843
A005771,3
A005772,5
A005773,34
A005774,32
A005775,1844
A005776,1845
A005777,1846
A005778,6
A005779,1847
A005780,14
A005781,19
A005782,4
A005783,3
A005784,1848
A005785,1849
A005786,5
A005787,17
A005788,9
A005789,4
A005790,21
A005791,21
A005792,9
A005793,21
A005794,14
A005795,0
A005796,32
A005797,22
A005798,1850
A005799,0
A005800,0
A005801,2
A005802,17
A005803,1851
A005804,1852
A005805,1853
A005806,15
A005807,20
A005808,3
A005809,3
A005810,1854
A005811,28
A005812,1855
A005813,11
A005814,7
A005815,1856
A005816,1857
A005817,9
A005818,5
A005819,1
A005820,1
A005821,26
A005822,2
A005823,3
A005824,16
A005825,13
A005826,1858
A005827,1
A005828,7
A005829,1
A005830,2
A005831,21
A005832,1859
A005833,9
A005834,31
A005835,9
A005836,12
A005837,21
A005838,2
A005839,1860
A005840,1861
A005841,1862
A005842,1863
A005843,2
A005844,17
A005845,3
A005846,1864
A005847,24
A005848,3
A005849,1865
A005850,1866
A005851,4
A005852,0
A005853,15
A005854,14
A005855,1867
A005856,33
A005857,26
A005858,29
A005859,2
A005860,0
A005861,1868
A005862,1869
A005863,2
A005864,1870
A005865,1871
A005866,0
A005867,8
A005868,1872
A005869,1873
A005870,5
A005871,26
A005872,17
A005873,1874
A005874,8
A005875,20
A005876,11
A005877,10
A005878,10
A005879,1875
A005880,1876
A005881,8
A005882,1
A005883,1877
A005884,3
A005885,1878
A005886,1879
A005887,0
A005888,21
A005889,24
A005890,13
A005891,4
A005892,1880
A005893,32
A005894,31
A005895,1881
A005896,8
A005897,26
A005898,1882
A005899,25
A005900,1883
A005901,0
A005902,1884
A005903,32
A005904,10
A005905,1885
A005906,1886
A005907,9
A005908,9
A005909,13
A005910,1887
A005911,1888
A005912,3
A005913,17
A005914,1889
A005915,1
A005916,33
A005917,16
A005918,32
A005919,1890
A005920,1891
A005921,31
A005922,18
A005923,1892
A005924,26
A005925,29
A005926,1893
A005927,18
A005928,38
A005929,1894
A005930,18
A005931,13
A005932,29
A005933,1
A005934,2
A005935,1895
A005936,17
A005937,23
A005938,6
A005939,2
A005940,9
A005941,8
A005942,1896
A005943,1897
A005944,9
A005945,14
A005946,12
A005947,1898
A005948,1899
A005949,1900
A005950,0
A005951,5
A005952,1901
A005953,1902
A005954,0
A005955,25
A005956,21
A005957,1903
A005958,20
A005959,21
A005960,2
A005961,1904
A005962,17
A005963,0
A005964,7
A005965,18
A005966,22
A005967,31
A005968,34
A005969,1905
A005970,8
A005971,1906
A005972,5
A005973,1907
A005974,16
A005975,29
A005976,15
A005977,1
A005978,1908
A005979,27
A005980,31
A005981,20
A005982,3
A005983,1909
A005984,5
A005985,1910
A005986,0
A005987,9
A005988,3
A005989,28
A005990,3
A005991,15
A005992,1911
A005993,1912
A005994,5
A005995,8
A005996,8
A005997,27
A005998,9
A005999,1913
A006000,1
A006001,0
A006002,3
A006003,1914
A006004,6
A006005,8
A006006,1915
A006007,1916
A006008,1917
A006009,1918
A006010,10
A006011,26
A006012,6
A006013,9
A006014,1919
A006015,0
A006016,5
A006017,8
A006018,32
A006019,1920
A006020,2
A006021,1921
A006022,7
A006023,1922
A006024,1923
A006025,1924
A006026,2
A006027,1
A006028,0
A006029,3
A006030,17
A006031,16
A006032,1
A006033,1925
A006034,21
A006035,1926
A006036,12
A006037,0
A006038,6
A006039,3
A006040,4
A006041,30
A006042,18
A006043,15
A006044,17
A006045,1927
A006046,7
A006047,1928
A006048,1929
A006049,7
A006050,1
A006051,1930
A006052,38
A006053,24
A006054,32
A006055,1931
A006056,1932
A006057,9
A006058,0
A006059,4
A006060,22
A006061,9
A006062,1933
A006063,1934
A006064,25
A006065,1935
A006066,22
A006067,1936
A006068,8
A006069,7
A006070,14
A006071,2
A006072,1
A006073,17
A006074,1937
A006075,8
A006076,1938
A006077,5
A006078,18
A006079,34
A006080,1
A006081,6
A006082,1
A006083,1
A006084,1939
A006085,1940
A006086,3
A006087,14
A006088,3
A006089,1941
A006090,1942
A006091,3
A006092,1943
A006093,1944
A006094,2
A006095,0
A006096,17
A006097,4
A006098,1945
A006099,27
A006100,1946
A006101,1947
A006102,28
A006103,10
A006104,1948
A006105,5
A006106,1949
A006107,12
A006108,10
A006109,9
A006110,12
A006111,6
A006112,12
A006113,5
A006114,2
A006115,0
A006116,2
A006117,26
A006118,27
A006119,1950
A006120,6
A006121,0
A006122,29
A006123,8
A006124,33
A006125,11
A006126,1951
A006127,0
A006128,1952
A006129,1953
A006130,10
A006131,1954
A006132,3
A006133,19
A006134,1955
A006135,17
A006136,1956
A006137,6
A006138,1957
A006139,20
A006140,0
A006141,10
A006142,9
A006143,1958
A006144,1959
A006145,1960
A006146,31
A006147,5
A006148,1
A006149,1
A006150,29
A006151,8
A006152,30
A006153,1961
A006154,31
A006155,0
A006156,14
A006157,5
A006158,1
A006159,1962
A006160,5
A006161,1963
A006162,0
A006163,23
A006164,1964
A006165,1965
A006166,8
A006167,3
A006168,1966
A006169,32
A006170,10
A006171,1967
A006172,1
A006173,12
A006174,14
A006175,20
A006176,8
A006177,23
A006178,23
A006179,1968
A006180,1969
A006181,6
A006182,0
A006183,1
A006184,1
A006185,31
A006186,29
A006187,1970
A006188,6
A006189,14
A006190,13
A006191,4
A006192,1
A006193,6
A006194,11
A006195,1971
A006196,6
A006197,27
A006198,8
A006199,7
A006200,10
A006201,1972
A006202,1973
A006203,0
A006204,2
A006205,22
A006206,15
A006207,14
A006208,38
A006209,5
A006210,1
A006211,1
A006212,1974
A006213,25
A006214,1
A006215,10
A006216,1975
A006217,1976
A006218,1977
A006219,23
A006220,0
A006221,32
A006222,7
A006223,1978
A006224,1979
A006225,8
A006226,20
A006227,1980
A006228,0
A006229,1981
A006230,0
A006231,9
A006232,11
A006233,1982
A006234,16
A006235,7
A006236,1983
A006237,6
A006238,1
A006239,1984
A006240,11
A006241,7
A006242,1985
A006243,5
A006244,2
A006245,20
A006246,1986
A006247,1987
A006248,30
A006249,13
A006250,1988
A006251,1989
A006252,5
A006253,1
A006254,18
A006255,0
A006256,4
A006257,0
A006258,1990
A006259,13
A006260,0
A006261,14
A006262,6
A006263,16
A006264,1
A006265,1
A006266,28
A006267,1991
A006268,15
A006269,29
A006270,1
A006271,0
A006272,23
A006273,25
A006274,1992
A006275,24
A006276,4
A006277,7
A006278,1993
A006279,0
A006280,19
A006281,26
A006282,30
A006283,1994
A006284,1995
A006285,12
A006286,19
A006287,1996
A006288,33
A006289,1997
A006290,10
A006291,1
A006292,15
A006293,2
A006294,12
A006295,28
A006296,10
A006297,1998
A006298,4
A006299,0
A006300,1999
A006301,1
A006302,20
A006303,13
A006304,2000
A006305,20
A006306,4
A006307,27
A006308,2001
A006309,2002
A006310,2003
A006311,27
A006312,2004
A006313,1
A006314,0
A006315,24
A006316,2005
A006317,2006
A006318,3
A006319,1
A006320,3
A006321,4
A006322,3
A006323,16
A006324,15
A006325,2007
A006326,2008
A006327,7
A006328,6
A006329,9
A006330,4
A006331,2009
A006332,2010
A006333,2011
A006334,9
A006335,2012
A006336,34
A006337,2013
A006338,21
A006339,10
A006340,12
A006341,21
A006342,18
A006343,2014
A006344,2
A006345,12
A006346,4
A006347,2015
A006348,34
A006349,10
A006350,1
A006351,2016
A006352,2017
A006353,2018
A006354,12
A006355,7
A006356,10
A006357,2019
A006358,2
A006359,16
A006360,2020
A006361,1
A006362,13
A006363,4
A006364,12
A006365,19
A006366,1
A006367,0
A006368,1
A006369,2021
A006370,6
A006371,2022
A006372,2023
A006373,2024
A006374,25
A006375,6
A006376,22
A006377,30
A006378,2025
A006379,14
A006380,1
A006381,13
A006382,3
A006383,11
A006384,8
A006385,4
A006386,17
A006387,18
A006388,23
A006389,13
A006390,8
A006391,1
A006392,3
A006393,2026
A006394,11
A006395,20
A006396,10
A006397,1
A006398,2027
A006399,2028
A006400,17
A006401,2029
A006402,6
A006403,6
A006404,5
A006405,2030
A006406,0
A006407,3
A006408,1
A006409,12
A006410,12
A006411,11
A006412,2031
A006413,2
A006414,2032
A006415,24
A006416,0
A006417,0
A006418,2033
A006419,8
A006420,3
A006421,25
A006422,0
A006423,16
A006424,19
A006425,2034
A006426,23
A006427,1
A006428,34
A006429,29
A006430,6
A006431,26
A006432,3
A006433,8
A006434,0
A006435,4
A006436,25
A006437,17
A006438,25
A006439,8
A006440,33
A006441,2035
A006442,38
A006443,32
A006444,2036
A006445,2037
A006446,12
A006447,1
A006448,2
A006449,2038
A006450,1
A006451,2039
A006452,20
A006453,22
A006454,9
A006455,2040
A006456,25
A006457,0
A006458,24
A006459,23
A006460,12
A006461,24
A006462,7
A006463,14
A006464,2
A006465,3
A006466,20
A006467,2
A006468,1
A006469,30
A006470,2041
A006471,2042
A006472,2043
A006473,3
A006474,2044
A006475,2045
A006476,5
A006477,8
A006478,17
A006479,0
A006480,1
A006481,2046
A006482,2047
A006483,17
A006484,2048
A006485,6
A006486,8
A006487,2049
A006488,32
A006489,14
A006490,4
A006491,2050
A006492,15
A006493,3
A006494,30
A006495,21
A006496,5
A006497,3
A006498,8
A006499,2
A006500,2051
A006501,16
A006502,2052
A006503,2053
A006504,28
A006505,10
A006506,2054
A006507,6
A006508,2055
A006509,1
A006510,12
A006511,3
A006512,2056
A006513,2057
A006514,0
A006515,2058
A006516,2059
A006517,2060
A006518,3
A006519,6
A006520,11
A006521,21
A006522,30
A006523,0
A006524,28
A006525,1
A006526,8
A006527,7
A006528,3
A006529,34
A006530,2061
A006531,2062
A006532,2063
A006533,14
A006534,2064
A006535,19
A006536,1
A006537,24
A006538,4
A006539,11
A006540,21
A006541,2065
A006542,2066
A006543,2067
A006544,1
A006545,0
A006546,0
A006547,2068
A006548,8
A006549,23
A006550,1
A006551,17
A006552,3
A006553,2069
A006554,4
A006555,21
A006556,20
A006557,5
A006558,2070
A006559,2071
A006560,18
A006561,2
A006562,17
A006563,2072
A006564,1
A006565,2
A006566,4
A006567,3
A006568,2073
A006569,2074
A006570,16
A006571,2075
A006572,2076
A006573,3
A006574,2077
A006575,0
A006576,9
A006577,29
A006578,2078
A006579,5
A006580,28
A006581,2079
A006582,17
A006583,33
A006584,0
A006585,2080
A006586,30
A006587,2
A006588,7
A006589,3
A006590,13
A006591,5
A006592,2081
A006593,0
A006594,1
A006595,13
A006596,16
A006597,2082
A006598,29
A006599,2083
A006600,25
A006601,19
A006602,6
A006603,2084
A006604,0
A006605,2085
A006606,12
A006607,1
A006608,19
A006609,0
A006610,2086
A006611,9
A006612,17
A006613,17
A006614,1
A006615,27
A006616,24
A006617,2087
A006618,2
A006619,2088
A006620,17
A006621,14
A006622,0
A006623,2089
A006624,0
A006625,34
A006626,26
A006627,26
A006628,0
A006629,2090
A006630,7
A006631,2091
A006632,5
A006633,7
A006634,16
A006635,2092
A006636,2093
A006637,2094
A006638,4
A006639,14
A006640,16
A006641,2095
A006642,2
A006643,5
A006644,23
A006645,2096
A006646,7
A006647,2097
A006648,3
A006649,7
A006650,2098
A006651,12
A006652,27
A006653,2099
A006654,2100
A006655,7
A006656,5
A006657,2101
A006658,32
A006659,38
A006660,2102
A006661,2
A006662,2103
A006663,15
A006664,7
A006665,18
A006666,2104
A006667,22
A006668,23
A006669,0
A006670,12
A006671,18
A006672,2
A006673,32
A006674,0
A006675,25
A006676,2105
A006677,20
A006678,21
A006679,12
A006680,3
A006681,2106
A006682,2107
A006683,9
A006684,3
A006685,7
A006686,27
A006687,9
A006688,2108
A006689,30
A006690,2109
A006691,13
A006692,19
A006693,2110
A006694,2
A006695,26
A006696,2111
A006697,29
A006698,2112
A006699,7
A006700,9
A006701,1
A006702,24
A006703,2113
A006704,2114
A006705,2115
A006706,27
A006707,2116
A006708,10
A006709,33
A006710,0
A006711,2117
A006712,4
A006713,20
A006714,1
A006715,14
A006716,5
A006717,230
A006718,2118
A006719,4
A006720,22
A006721,8
A006722,0
A006723,0
A006724,15
A006725,2119
A006726,17
A006727,2120
A006728,2121
A006729,9
A006730,27
A006731,0
A006732,5
A006733,14
A006734,2122
A006735,2
A006736,0
A006737,2123
A006738,6
A006739,2124
A006740,2125
A006741,7
A006742,33
A006743,0
A006744,1
A006745,4
A006746,2126
A006747,20
A006748,24
A006749,6
A006750,0
A006751,8
A006752,4
A006753,2127
A006754,2128
A006755,2129
A006756,2130
A006757,2131
A006758,16
A006759,10
A006760,10
A006761,2132
A006762,14
A006763,0
A006764,2133
A006765,18
A006766,8
A006767,6
A006768,24
A006769,9
A006770,33
A006771,27
A006772,2
A006773,2
A006774,16
A006775,5
A006776,8
A006777,2134
A006778,2135
A006779,2136
A006780,2137
A006781,2
A006782,2138
A006783,2
A006784,9
A006785,17
A006786,27
A006787,23
A006788,2
A006789,15
A006790,1
A006791,2139
A006792,4
A006793,2140
A006794,34
A006795,1
A006796,0
A006797,30
A006798,3
A006799,19
A006800,17
A006801,4
A006802,20
A006803,31
A006804,3
A006805,26
A006806,2141
A006807,18
A006808,0
A006809,9
A006810,2142
A006811,2143
A006812,0
A006813,11
A006814,14
A006815,9
A006816,0
A006817,2144
A006818,2145
A006819,1
A006820,6
A006821,23
A006822,4
A006823,2
A006824,2146
A006825,12
A006826,33
A006827,20
A006828,4
A006829,1
A006830,2147
A006831,6
A006832,0
A006833,2148
A006834,15
A006835,20
A006836,4
A006837,2149
A006838,20
A006839,2150
A006840,0
A006841,14
A006842,2151
A006843,1
A006844,24
A006845,2152
A006846,2153
A006847,31
A006848,4
A006849,2154
A006850,21
A006851,2155
A006852,3
A006853,15
A006854,27
A006855,10
A006856,2156
A006857,2157
A006858,0
A006859,2158
A006860,24
A006861,21
A006862,11
A006863,2159
A006864,2160
A006865,19
A006866,7
A006867,6
A006868,12
A006869,2
A006870,1
A006871,7
A006872,6
A006873,14
A006874,2161
A006875,2
A006876,0
A006877,31
A006878,2
A006879,2162
A006880,8
A006881,2163
A006882,2164
A006883,2165
A006884,2
A006885,0
A006886,2166
A006887,1
A006888,2167
A006889,25
A006890,10
A006891,0
A006892,2168
A006893,2169
A006894,11
A006895,2170
A006896,2171
A006897,2172
A006898,1
A006899,2173
A006900,2174
A006901,22
A006902,17
A006903,2175
A006904,14
A006905,21
A006906,2176
A006907,0
A006908,2177
A006909,16
A006910,2178
A006911,8
A006912,2179
A006913,2180
A006914,22
A006915,1
A006916,2181
A006917,10
A006918,2182
A006919,13
A006920,1
A006921,2183
A006922,2184
A006923,4
A006924,11
A006925,7
A006926,22
A006927,2185
A006928,23
A006929,24
A006930,0
A006931,4
A006932,6
A006933,2186
A006934,2187
A006935,8
A006936,7
A006937,11
A006938,2188
A006939,2189
A006940,2190
A006941,0
A006942,18
A006943,0
A006944,2191
A006945,34
A006946,2192
A006947,2
A006948,20
A006949,12
A006950,9
A006951,0
A006952,3
A006953,0
A006954,19
A006955,0
A006956,20
A006957,6
A006958,2193
A006959,0
A006960,30
A006961,8
A006962,3
A006963,2194
A006964,13
A006965,2195
A006966,2196
A006967,2197
A006968,0
A006969,17
A006970,2198
A006971,3
A006972,4
A006973,1
A006974,2199
A006975,2200
A006976,24
A006977,33
A006978,2201
A006979,9
A006980,24
A006981,2
A006982,2202
A006983,22
A006984,16
A006985,2203
A006986,28
A006987,7
A006988,15
A006989,12
A006990,7
A006991,2204
A006992,4
A006993,2205
A006994,2206
A006995,2207
A006996,17
A006997,6
A006998,2208
A006999,16
A007000,21
A007001,2209
A007002,8
A007003,7
A007004,17
A007005,2210
A007006,0
A007007,0
A007008,18
A007009,2211
A007010,6
A007011,23
A007012,27
A007013,2212
A007014,2213
A007015,0
A007016,1
A007017,12
A007018,20
A007019,28
A007020,2214
A007021,2
A007022,24
A007023,18
A007024,2215
A007025,30
A007026,3
A007027,6
A007028,2216
A007029,2217
A007030,2218
A007031,10
A007032,2219
A007033,28
A007034,2220
A007035,2221
A007036,0
A007037,8
A007038,30
A007039,2222
A007040,4
A007041,1
A007042,1
A007043,32
A007044,2223
A007045,2224
A007046,2225
A007047,2226
A007048,2227
A007049,2228
A007050,0
A007051,18
A007052,23
A007053,21
A007054,25
A007055,21
A007056,6
A007057,3
A007058,17
A007059,4
A007060,7
A007061,2229
A007062,22
A007063,20
A007064,5
A007065,2230
A007066,9
A007067,2231
A007068,3
A007069,2
A007070,17
A007071,9
A007072,2
A007073,2
A007074,17
A007075,1
A007076,2232
A007077,9
A007078,18
A007079,2233
A007080,16
A007081,2234
A007082,15
A007083,2235
A007084,32
A007085,2236
A007086,2237
A007087,6
A007088,0
A007089,5
A007090,7
A007091,2238
A007092,2239
A007093,2240
A007094,25
A007095,12
A007096,3
A007097,33
A007098,19
A007099,7
A007100,15
A007101,9
A007102,2241
A007103,23
A007104,6
A007105,1
A007106,5
A007107,2242
A007108,17
A007109,14
A007110,3
A007111,2243
A007112,3
A007113,2
A007114,7
A007115,10
A007116,0
A007117,15
A007118,17
A007119,20
A007120,6
A007121,1
A007122,21
A007123,2244
A007124,31
A007125,2245
A007126,18
A007127,17
A007128,0
A007129,15
A007130,16
A007131,18
A007132,2246
A007133,27
A007134,2247
A007135,18
A007136,8
A007137,12
A007138,17
A007139,32
A007140,4
A007141,2248
A007142,1
A007143,12
A007144,1
A007145,3
A007146,2249
A007147,23
A007148,18
A007149,2250
A007150,2251
A007151,2252
A007152,0
A007153,21
A007154,2253
A007155,9
A007156,9
A007157,27
A007158,5
A007159,32
A007160,2254
A007161,10
A007162,16
A007163,38
A007164,8
A007165,20
A007166,0
A007167,0
A007168,2255
A007169,1
A007170,2256
A007171,12
A007172,16
A007173,14
A007174,2
A007175,28
A007176,1
A007177,32
A007178,13
A007179,23
A007180,7
A007181,4
A007182,2257
A007183,2258
A007184,1
A007185,22
A007186,33
A007187,13
A007188,0
A007189,8
A007190,2259
A007191,16
A007192,30
A007193,13
A007194,30
A007195,23
A007196,11
A007197,9
A007198,16
A007199,2260
A007200,2261
A007201,2262
A007202,0
A007203,25
A007204,3
A007205,8
A007206,11
A007207,32
A007208,19
A007209,2263
A007210,30
A007211,2264
A007212,24
A007213,2265
A007214,4
A007215,20
A007216,5
A007217,8
A007218,2266
A007219,3
A007220,15
A007221,8
A007222,3
A007223,19
A007224,1
A007225,2267
A007226,2268
A007227,20
A007228,1
A007229,2
A007230,2269
A007231,14
A007232,1
A007233,15
A007234,2270
A007235,6
A007236,1
A007237,2271
A007238,13
A007239,20
A007240,0
A007241,6
A007242,11
A007243,1
A007244,15
A007245,1
A007246,1
A007247,25
A007248,23
A007249,31
A007250,28
A007251,3
A007252,31
A007253,21
A007254,2272
A007255,2273
A007256,27
A007257,24
A007258,20
A007259,3
A007260,2274
A007261,2275
A007262,0
A007263,19
A007264,12
A007265,2276
A007266,3
A007267,23
A007268,3
A007269,24
A007270,2277
A007271,1
A007272,2278
A007273,1
A007274,14
A007275,12
A007276,28
A007277,19
A007278,10
A007279,9
A007280,2279
A007281,16
A007282,18
A007283,2
A007284,2280
A007285,30
A007286,2281
A007287,4
A007288,16
A007289,24
A007290,1
A007291,26
A007292,2282
A007293,2283
A007294,2284
A007295,24
A007296,7
A007297,2285
A007298,2286
A007299,0
A007300,2287
A007301,2288
A007302,2289
A007303,2290
A007304,2291
A007305,0
A007306,2292
A007307,2293
A007308,14
A007309,7
A007310,10
A007311,8
A007312,8
A007313,2294
A007314,25
A007315,2295
A007316,3
A007317,31
A007318,22
A007319,16
A007320,5
A007321,2296
A007322,18
A007323,10
A007324,0
A007325,0
A007326,2
A007327,2297
A007328,14
A007329,2298
A007330,1
A007331,1
A007332,38
A007333,13
A007334,0
A007335,6
A007336,3
A007337,2299
A007338,2300
A007339,32
A007340,19
A007341,1
A007342,19
A007343,20
A007344,28
A007345,9
A007346,2301
A007347,2302
A007348,0
A007349,1
A007350,15
A007351,5
A007352,3
A007353,21
A007354,1
A007355,17
A007356,22
A007357,0
A007358,2303
A007359,12
A007360,2304
A007361,23
A007362,0
A007363,4
A007364,18
A007365,12
A007366,15
A007367,22
A007368,2305
A007369,27
A007370,7
A007371,2306
A007372,2307
A007373,2308
A007374,11
A007375,5
A007376,23
A007377,1
A007378,2309
A007379,28
A007380,7
A007381,10
A007382,3
A007383,8
A007384,4
A007385,2310
A007386,2311
A007387,21
A007388,1
A007389,2312
A007390,15
A007391,2313
A007392,6
A007393,2314
A007394,2315
A007395,20
A007396,2316
A007397,2
A007398,7
A007399,5
A007400,2317
A007401,6
A007402,17
A007403,26
A007404,1
A007405,32
A007406,26
A007407,4
A007408,2318
A007409,0
A007410,1
A007411,17
A007412,4
A007413,13
A007414,2
A007415,12
A007416,15
A007417,2319
A007418,20
A007419,12
A007420,2320
A007421,8
A007422,1
A007423,21
A007424,5
A007425,13
A007426,2321
A007427,33
A007428,2322
A007429,0
A007430,2323
A007431,5
A007432,1
A007433,2324
A007434,2325
A007435,16
A007436,2326
A007437,2327
A007438,7
A007439,2328
A007440,14
A007441,0
A007442,3
A007443,10
A007444,2329
A007445,17
A007446,7
A007447,2330
A007448,2331
A007449,10
A007450,10
A007451,4
A007452,2
A007453,15
A007454,10
A007455,2332
A007456,4
A007457,21
A007458,24
A007459,19
A007460,16
A007461,38
A007462,32
A007463,38
A007464,2333
A007465,1
A007466,2334
A007467,7
A007468,2
A007469,2335
A007470,0
A007471,12
A007472,29
A007473,9
A007474,13
A007475,28
A007476,2336
A007477,2337
A007478,3
A007479,2
A007480,13
A007481,21
A007482,2338
A007483,1
A007484,16
A007485,14
A007486,2339
A007487,8
A007488,25
A007489,17
A007490,24
A007491,2340
A007492,2341
A007493,0
A007494,11
A007495,2342
A007496,0
A007497,2343
A007498,2344
A007499,4
A007500,0
A007501,2345
A007502,2346
A007503,1
A007504,2347
A007505,3
A007506,2348
A007507,2
A007508,25
A007509,27
A007510,2349
A007511,24
A007512,2350
A007513,0
A007514,6
A007515,2351
A007516,12
A007517,2352
A007518,15
A007519,2353
A007520,20
A007521,7
A007522,26
A007523,5
A007524,7
A007525,18
A007526,2
A007527,27
A007528,34
A007529,2354
A007530,15
A007531,7
A007532,18
A007533,5
A007534,22
A007535,18
A007536,12
A007537,29
A007538,24
A007539,0
A007540,2355
A007541,19
A007542,2356
A007543,19
A007544,2357
A007545,7
A007546,2358
A007547,1
A007548,10
A007549,3
A007550,2359
A007551,2360
A007552,25
A007553,2361
A007554,7
A007555,22
A007556,32
A007557,12
A007558,34
A007559,2362
A007560,0
A007561,0
A007562,33
A007563,2363
A007564,20
A007565,2364
A007566,8
A007567,1
A007568,11
A007569,2365
A007570,31
A007571,23
A007572,2366
A007573,9
A007574,24
A007575,2367
A007576,14
A007577,2368
A007578,2369
A007579,33
A007580,30
A007581,13
A007582,2
A007583,2370
A007584,18
A007585,3
A007586,30
A007587,19
A007588,2371
A007589,16
A007590,0
A007591,9
A007592,2372
A007593,2373
A007594,13
A007595,6
A007596,2374
A007597,15
A007598,1
A007599,3
A007600,23
A007601,0
A007602,11
A007603,2375
A007604,10
A007605,2376
A007606,25
A007607,19
A007608,24
A007609,32
A007610,2377
A007611,5
A007612,3
A007613,17
A007614,2378
A007615,7
A007616,1
A007617,0
A007618,0
A007619,25
A007620,2379
A007621,20
A007622,2
A007623,32
A007624,3
A007625,2
A007626,0
A007627,15
A007628,2380
A007629,14
A007630,28
A007631,4
A007632,6
A007633,33
A007634,10
A007635,21
A007636,2381
A007637,33
A007638,2382
A007639,29
A007640,1
A007641,6
A007642,22
A007643,2383
A007644,29
A007645,2384
A007646,3
A007647,0
A007648,2385
A007649,0
A007650,22
A007651,9
A007652,6
A007653,2386
A007654,28
A007655,12
A007656,5
A007657,13
A007658,21
A007659,15
A007660,1
A007661,0
A007662,11
A007663,11
A007664,2387
A007665,3
A007666,2388
A007667,0
A007668,2
A007669,29
A007670,29
A007671,30
A007672,1
A007673,10
A007674,23
A007675,2389
A007676,4
A007677,9
A007678,14
A007679,2390
A007680,22
A007681,2391
A007682,9
A007683,9
A007684,21
A007685,0
A007686,13
A007687,7
A007688,2392
A007689,2393
A007690,16
A007691,2394
A007692,7
A007693,2
A007694,15
A007695,11
A007696,16
A007697,2395
A007698,4
A007699,0
A007700,2396
A007701,5
A007702,2
A007703,32
A007704,8
A007705,2
A007706,2397
A007707,2398
A007708,0
A007709,1
A007710,19
A007711,2399
A007712,7
A007713,2400
A007714,1
A007715,22
A007716,20
A007717,4
A007718,1
A007719,2401
A007720,15
A007721,2
A007722,15
A007723,34
A007724,21
A007725,0
A007726,2
A007727,2402
A007728,15
A007729,2403
A007730,2404
A007731,25
A007732,2405
A007733,0
A007734,3
A007735,2406
A007736,2407
A007737,6
A007738,2
A007739,25
A007740,38
A007741,2408
A007742,8
A007743,2
A007744,2409
A007745,18
A007746,30
A007747,2410
A007748,19
A007749,3
A007750,8
A007751,2411
A007752,10
A007753,2412
A007754,1
A007755,28
A007756,1
A007757,2413
A007758,2414
A007759,33
A007760,2415
A007761,25
A007762,0
A007763,17
A007764,18
A007765,7
A007766,5
A007767,2
A007768,8
A007769,11
A007770,2416
A007771,2
A007772,0
A007773,24
A007774,2417
A007775,33
A007776,3
A007777,25
A007778,2
A007779,2418
A007780,2419
A007781,20
A007782,26
A007783,26
A007784,1
A007785,2420
A007786,2421
A007787,1
A007788,25
A007789,6
A007790,2422
A007791,13
A007792,2423
A007793,2424
A007794,18
A007795,16
A007796,2425
A007797,9
A007798,32
A007799,2426
A007800,29
A007801,18
A007802,19
A007803,2427
A007804,1
A007805,0
A007806,14
A007807,11
A007808,0
A007809,22
A007810,1
A007811,0
A007812,6
A007813,4
A007814,2428
A007815,2429
A007816,21
A007817,2430
A007818,2431
A007819,2432
A007820,7
A007821,25
A007822,12
A007823,2433
A007824,25
A007825,14
A007826,1
A007827,3
A007828,2434
A007829,27
A007830,10
A007831,19
A007832,27
A007833,6
A007834,9
A007835,28
A007836,20
A007837,19
A007838,6
A007839,2435
A007840,12
A007841,2436
A007842,33
A007843,2
A007844,2437
A007845,3
A007846,9
A007847,2438
A007848,12
A007849,15
A007850,29
A007851,2439
A007852,2440
A007853,3
A007854,2441
A007855,18
A007856,9
A007857,2442
A007858,13
A007859,20
A007860,2443
A007861,18
A007862,1
A007863,11
A007864,0
A007865,10
A007866,3
A007867,32
A007868,2444
A007869,30
A007870,13
A007871,11
A007872,2445
A007873,2446
A007874,33
A007875,7
A007876,2447
A007877,16
A007878,2448
A007879,2
A007880,2449
A007881,2450
A007882,2451
A007883,25
A007884,21
A007885,2452
A007886,14
A007887,14
A007888,22
A007889,16
A007890,0
A007891,2453
A007892,2454
A007893,33
A007894,6
A007895,1
A007896,0
A007897,1
A007898,26
A007899,2455
A007900,3
A007901,14
A007902,2456
A007903,27
A007904,2457
A007905,10
A007906,2458
A007907,2459
A007908,0
A007909,2460
A007910,2461
A007911,0
A007912,2462
A007913,4
A007914,3
A007915,4
A007916,2463
A007917,7
A007918,17
A007919,2464
A007920,1
A007921,9
A007922,2465
A007923,27
A007924,2466
A007925,0
A007926,25
A007927,28
A007928,2467
A007929,2468
A007930,2469
A007931,4
A007932,2470
A007933,2471
A007934,2472
A007935,11
A007936,2473
A007937,11
A007938,5
A007939,2474
A007940,31
A007941,20
A007942,22
A007943,5
A007944,4
A007945,2475
A007946,2476
A007947,17
A007948,8
A007949,28
A007950,2477
A007951,2
A007952,2478
A007953,32
A007954,2479
A007955,2480
A007956,15
A007957,26
A007958,18
A007959,0
A007960,2481
A007961,11
A007962,2482
A007963,10
A007964,12
A007965,2483
A007966,32
A007967,1
A007968,2484
A007969,22
A007970,2485
A007971,9
A007972,24
A007973,21
A007974,2486
A007975,8
A007976,2
A007977,6
A007978,2487
A007979,2488
A007980,2489
A007981,33
A007982,2490
A007983,0
A007984,2491
A007985,3
A007986,0
A007987,0
A007988,2492
A007989,29
A007990,32
A007991,0
A007992,30
A007993,28
A007994,14
A007995,29
A007996,2493
A007997,2494
A007998,15
A007999,2495
A008000,23
A008001,6
A008002,38
A008003,22
A008004,2496
A008005,1
A008006,0
A008007,11
A008008,17
A008009,14
A008010,2497
A008011,2498
A008012,3
A008013,19
A008014,1
A008015,9
A008016,14
A008017,3
A008018,8
A008019,34
A008020,3
A008021,7
A008022,2499
A008023,2500
A008024,5
A008025,29
A008026,9
A008027,38
A008028,15
A008029,25
A008030,2501
A008031,8
A008032,8
A008033,22
A008034,11
A008035,1
A008036,10
A008037,2502
A008038,7
A008039,2503
A008040,2504
A008041,1
A008042,21
A008043,2505
A008044,2506
A008045,25
A008046,0
A008047,2507
A008048,8
A008049,2508
A008050,13
A008051,4
A008052,2509
A008053,28
A008054,2510
A008055,16
A008056,5
A008057,14
A008058,1
A008059,2511
A008060,29
A008061,22
A008062,0
A008063,2512
A008064,23
A008065,15
A008066,14
A008067,29
A008068,16
A008069,2513
A008070,0
A008071,1
A008072,2514
A008073,1
A008074,24
A008075,5
A008076,2
A008077,0
A008078,27
A008079,7
A008080,2515
A008081,16
A008082,2516
A008083,10
A008084,7
A008085,10
A008086,2517
A008087,2518
A008088,0
A008089,6
A008090,2519
A008091,9
A008092,1
A008093,1
A008094,18
A008095,2520
A008096,32
A008097,1
A008098,0
A008099,6
A008100,0
A008101,11
A008102,25
A008103,25
A008104,17
A008105,21
A008106,2521
A008107,8
A008108,2522
A008109,2523
A008110,5
A008111,11
A008112,0
A008113,2524
A008114,3
A008115,2525
A008116,4
A008117,2526
A008118,13
A008119,1
A008120,8
A008121,1
A008122,16
A008123,27
A008124,27
A008125,26
A008126,23
A008127,2527
A008128,0
A008129,18
A008130,2
A008131,14
A008132,2528
A008133,13
A008134,25
A008135,2529
A008136,19
A008137,10
A008138,2530
A008139,2531
A008140,8
A008141,2532
A008142,2533
A008143,4
A008144,23
A008145,23
A008146,2534
A008147,7
A008148,34
A008149,12
A008150,7
A008151,0
A008152,1
A008153,2535
A008154,1
A008155,0
A008156,1
A008157,2536
A008158,2537
A008159,16
A008160,34
A008161,23
A008162,21
A008163,10
A008164,2538
A008165,15
A008166,1
A008167,5
A008168,21
A008169,0
A008170,3
A008171,3
A008172,24
A008173,2539
A008174,2540
A008175,8
A008176,0
A008177,1
A008178,12
A008179,4
A008180,2541
A008181,2542
A008182,6
A008183,11
A008184,10
A008185,18
A008186,32
A008187,2543
A008188,2544
A008189,24
A008190,24
A008191,2545
A008192,28
A008193,4
A008194,2546
A008195,17
A008196,5
A008197,2547
A008198,2
A008199,13
A008200,2548
A008201,7
A008202,5
A008203,2549
A008204,0
A008205,18
A008206,2550
A008207,4
A008208,1
A008209,2551
A008210,2552
A008211,0
A008212,17
A008213,17
A008214,0
A008215,2553
A008216,12
A008217,15
A008218,0
A008219,0
A008220,2554
A008221,0
A008222,23
A008223,26
A008224,29
A008225,2
A008226,15
A008227,2
A008228,20
A008229,2555
A008230,2556
A008231,6
A008232,31
A008233,3
A008234,17
A008235,26
A008236,2557
A008237,2558
A008238,2559
A008239,29
A008240,0
A008241,3
A008242,1
A008243,2560
A008244,10
A008245,1
A008246,23
A008247,2561
A008248,30
A008249,0
A008250,13
A008251,14
A008252,27
A008253,19
A008254,0
A008255,2562
A008256,2563
A008257,14
A008258,3
A008259,19
A008260,0
A008261,14
A008262,22
A008263,31
A008264,24
A008265,6
A008266,22
A008267,2564
A008268,30
A008269,9
A008270,30
A008271,2565
A008272,30
A008273,2566
A008274,6
A008275,2567
A008276,2568
A008277,14
A008278,3
A008279,19
A008280,1
A008281,16
A008282,16
A008283,8
A008284,33
A008285,4
A008286,0
A008287,2569
A008288,5
A008289,20
A008290,2570
A008291,2571
A008292,2572
A008293,6
A008294,2573
A008295,30
A008296,2574
A008297,32
A008298,2575
A008299,11
A008300,2576
A008301,3
A008302,23
A008303,10
A008304,0
A008305,2577
A008306,0
A008307,2
A008308,2
A008309,12
A008310,7
A008311,21
A008312,2
A008313,1
A008314,15
A008315,1
A008316,0
A008317,18
A008318,20
A008319,18
A008320,12
A008321,10
A008322,2578
A008323,12
A008324,2579
A008325,2580
A008326,30
A008327,0
A008328,18
A008329,2
A008330,2581
A008331,30
A008332,3
A008333,28
A008334,2582
A008335,2583
A008336,0
A008337,11
A008338,16
A008339,1
A008340,15
A008341,34
A008342,7
A008343,3
A008344,19
A008345,10
A008346,2584
A008347,4
A008348,2585
A008349,2586
A008350,2587
A008351,2588
A008352,2589
A008353,8
A008354,1
A008355,11
A008356,1
A008357,21
A008358,7
A008359,0
A008360,2590
A008361,19
A008362,4
A008363,4
A008364,11
A008365,2591
A008366,16
A008367,16
A008368,3
A008369,4
A008370,8
A008371,1
A008372,8
A008373,2592
A008374,33
A008375,2593
A008376,4
A008377,0
A008378,18
A008379,2
A008380,1
A008381,5
A008382,16
A008383,0
A008384,2594
A008385,1
A008386,26
A008387,0
A008388,2595
A008389,2596
A008390,22
A008391,2597
A008392,0
A008393,8
A008394,7
A008395,8
A008396,20
A008397,6
A008398,2
A008399,27
A008400,2598
A008401,2599
A008402,0
A008403,2600
A008404,12
A008405,15
A008406,2601
A008407,16
A008408,8
A008409,1
A008410,23
A008411,21
A008412,19
A008413,2602
A008414,2603
A008415,3
A008416,30
A008417,1
A008418,0
A008419,0
A008420,7
A008421,8
A008422,19
A008423,0
A008424,29
A008425,26
A008426,2
A008427,3
A008428,29
A008429,12
A008430,25
A008431,28
A008432,2604
A008433,2605
A008434,33
A008435,2606
A008436,0
A008437,21
A008438,13
A008439,6
A008440,10
A008441,25
A008442,19
A008443,0
A008444,2607
A008445,2608
A008446,7
A008447,32
A008448,13
A008449,2609
A008450,0
A008451,2610
A008452,12
A008453,2611
A008454,2612
A008455,13
A008456,13
A008457,1
A008458,2
A008459,1
A008460,2
A008461,2613
A008462,2614
A008463,23
A008464,6
A008465,19
A008466,2615
A008467,0
A008468,2616
A008469,7
A008470,1
A008471,21
A008472,2617
A008473,7
A008474,2618
A008475,0
A008476,17
A008477,15
A008478,0
A008479,7
A008480,2619
A008481,2620
A008482,1
A008483,0
A008484,2621
A008485,2622
A008486,2623
A008487,25
A008488,26
A008489,13
A008490,17
A008491,2624
A008492,2625
A008493,19
A008494,5
A008495,5
A008496,2626
A008497,14
A008498,2627
A008499,2628
A008500,2629
A008501,34
A008502,17
A008503,29
A008504,12
A008505,18
A008506,22
A008507,20
A008508,30
A008509,17
A008510,7
A008511,3
A008512,8
A008513,1
A008514,23
A008515,13
A008516,3
A008517,0
A008518,0
A008519,2630
A008520,3
A008521,14
A008522,9
A008523,11
A008524,4
A008525,25
A008526,1
A008527,10
A008528,1
A008529,2631
A008530,2632
A008531,13
A008532,13
A008533,2633
A008534,6
A008535,0
A008536,2634
A008537,25
A008538,25
A008539,4
A008540,22
A008541,27
A008542,2635
A008543,3
A008544,2636
A008545,8
A008546,1
A008547,4
A008548,25
A008549,2637
A008550,2638
A008551,2639
A008552,1
A008553,24
A008554,2640
A008555,0
A008556,2
A008557,21
A008558,30
A008559,2641
A008560,22
A008561,21
A008562,2642
A008563,9
A008564,12
A008565,1
A008566,25
A008567,18
A008568,0
A008569,2643
A008570,1
A008571,31
A008572,33
A008573,9
A008574,2
A008575,4
A008576,5
A008577,2644
A008578,2645
A008579,6
A008580,2646
A008581,5
A008582,2647
A008583,2648
A008584,13
A008585,0
A008586,2649
A008587,2650
A008588,18
A008589,1
A008590,2651
A008591,0
A008592,14
A008593,2652
A008594,0
A008595,30
A008596,2653
A008597,2654
A008598,23
A008599,21
A008600,0
A008601,6
A008602,8
A008603,23
A008604,4
A008605,12
A008606,9
A008607,3
A008608,2655
A008609,2656
A008610,2657
A008611,8
A008612,4
A008613,2658
A008614,2659
A008615,33
A008616,2660
A008617,3
A008618,2
A008619,31
A008620,18
A008621,2661
A008622,1
A008623,2662
A008624,9
A008625,4
A008626,32
A008627,28
A008628,8
A008629,17
A008630,2663
A008631,2664
A008632,31
A008633,0
A008634,30
A008635,2665
A008636,3
A008637,2666
A008638,2667
A008639,10
A008640,1
A008641,2668
A008642,2669
A008643,2670
A008644,6
A008645,10
A008646,6
A008647,2671
A008648,10
A008649,22
A008650,1
A008651,2672
A008652,1
A008653,12
A008654,2673
A008655,8
A008656,2674
A008657,17
A008658,6
A008659,2675
A008660,26
A008661,33
A008662,0
A008663,21
A008664,15
A008665,0
A008666,33
A008667,23
A008668,13
A008669,2676
A008670,1
A008671,30
A008672,1
A008673,2677
A008674,2678
A008675,2679
A008676,2680
A008677,0
A008678,29
A008679,2681
A008680,2
A008681,30
A008682,4
A008683,0
A008684,2682
A008685,17
A008686,8
A008687,2683
A008688,2684
A008689,2685
A008690,28
A008691,33
A008692,1
A008693,24
A008694,1
A008695,11
A008696,31
A008697,27
A008698,14
A008699,0
A008700,2686
A008701,31
A008702,26
A008703,1
A008704,2687
A008705,2688
A008706,28
A008707,33
A008708,38
A008709,19
A008710,1
A008711,0
A008712,0
A008713,8
A008714,2689
A008715,2690
A008716,2691
A008717,2692
A008718,11
A008719,2693
A008720,3
A008721,2694
A008722,1
A008723,0
A008724,2695
A008725,8
A008726,31
A008727,1
A008728,20
A008729,5
A008730,18
A008731,2
A008732,0
A008733,2696
A008734,2697
A008735,7
A008736,2698
A008737,6
A008738,31
A008739,2
A008740,12
A008741,18
A008742,2699
A008743,4
A008744,2
A008745,29
A008746,2700
A008747,2701
A008748,4
A008749,34
A008750,6
A008751,11
A008752,2702
A008753,2703
A008754,8
A008755,28
A008756,20
A008757,17
A008758,16
A008759,23
A008760,15
A008761,0
A008762,11
A008763,2704
A008764,0
A008765,14
A008766,2705
A008767,28
A008768,1
A008769,0
A008770,17
A008771,8
A008772,14
A008773,25
A008774,5
A008775,18
A008776,10
A008777,2706
A008778,25
A008779,1
A008780,1
A008781,5
A008782,2707
A008783,2708
A008784,0
A008785,15
A008786,0
A008787,14
A008788,8
A008789,2709
A008790,24
A008791,9
A008792,2710
A008793,28
A008794,24
A008795,6
A008796,15
A008797,2711
A008798,26
A008799,2712
A008800,19
A008801,2713
A008802,20
A008803,15
A008804,2714
A008805,3
A008806,2715
A008807,32
A008808,1
A008809,1
A008810,1
A008811,23
A008812,14
A008813,11
A008814,6
A008815,2716
A008816,2717
A008817,18
A008818,19
A008819,14
A008820,2718
A008821,6
A008822,2
A008823,2719
A008824,12
A008825,21
A008826,4
A008827,16
A008828,14
A008829,2720
A008830,9
A008831,27
A008832,12
A008833,1
A008834,2721
A008835,2722
A008836,23
A008837,1
A008838,34
A008839,0
A008840,0
A008841,14
A008842,2723
A008843,20
A008844,1
A008845,2724
A008846,5
A008847,22
A008848,2725
A008849,16
A008850,14
A008851,2
A008852,27
A008853,0
A008854,7
A008855,12
A008856,11
A008857,2726
A008858,7
A008859,5
A008860,29
A008861,10
A008862,2727
A008863,2
A008864,32
A008865,1
A008866,2728
A008867,9
A008868,7
A008869,2729
A008870,2730
A008871,2731
A008872,2
A008873,1
A008874,1
A008875,0
A008876,2732
A008877,18
A008878,1
A008879,1
A008880,3
A008881,3
A008882,15
A008883,5
A008884,2733
A008885,18
A008886,2734
A008887,28
A008888,4
A008889,25
A008890,2735
A008891,0
A008892,1
A008893,15
A008894,19
A008895,2736
A008896,34
A008897,13
A008898,30
A008899,30
A008900,14
A008901,12
A008902,4
A008903,27
A008904,2737
A008905,21
A008906,2738
A008907,2739
A008908,0
A008909,29
A008910,6
A008911,6
A008912,5
A008913,0
A008914,23
A008915,2740
A008916,8
A008917,2741
A008918,0
A008919,34
A008920,34
A008921,25
A008922,2
A008923,5
A008924,28
A008925,2742
A008926,0
A008927,2743
A008928,0
A008929,1
A008930,15
A008931,4
A008932,30
A008933,2744
A008934,8
A008935,30
A008936,2745
A008937,4
A008938,6
A008939,5
A008940,2746
A008941,8
A008942,2747
A008943,1
A008944,3
A008945,2748
A008946,7
A008947,6
A008948,2749
A008949,11
A008950,0
A008951,29
A008952,18
A008953,20
A008954,1
A008955,13
A008956,24
A008957,4
A008958,2750
A008959,3
A008960,32
A008961,11
A008962,0
A008963,8
A008964,29
A008965,20
A008966,2751
A008967,17
A008968,24
A008969,23
A008970,1
A008971,2752
A008972,33
A008973,2753
A008974,2754
A008975,1
A008976,13
A008977,1
A008978,1
A008979,14
A008980,5
A008981,29
A008982,2755
A008983,25
A008984,2756
A008985,19
A008986,2757
A008987,14
A008988,17
A008989,2758
A008990,17
A008991,8
A008992,32
A008993,2759
A008994,9
A008995,2760
A008996,1
A008997,2761
A008998,2762
A008999,16
A009000,2763
A009001,2764
A009002,2765
A009003,34
A009004,2766
A009005,2767
A009006,3
A009007,11
A009008,3
A009009,23
A009010,2768
A009011,16
A009012,12
A009013,6
A009014,13
A009015,21
A009016,2769
A009017,2770
A009018,6
A009019,23
A009020,32
A009021,30
A009022,24
A009023,18
A009024,2771
A009025,2772
A009026,14
A009027,2773
A009028,2774
A009029,9
A009030,28
A009031,17
A009032,15
A009033,1
A009034,2775
A009035,9
A009036,15
A009037,11
A009038,10
A009039,7
A009040,2776
A009041,34
A009042,2777
A009043,2778
A009044,8
A009045,32
A009046,2779
A009047,2780
A009048,2781
A009049,5
A009050,33
A009051,11
A009052,11
A009053,2782
A009054,2783
A009055,13
A009056,2784
A009057,2785
A009058,2786
A009059,2787
A009060,28
A009061,2788
A009062,16
A009063,2789
A009064,2
A009065,2790
A009066,2791
A009067,1
A009068,13
A009069,2792
A009070,15
A009071,9
A009072,2793
A009073,11
A009074,33
A009075,2
A009076,1
A009077,7
A009078,2794
A009079,2795
A009080,5
A009081,4
A009082,4
A009083,2796
A009084,31
A009085,2797
A009086,1
A009087,27
A009088,2
A009089,1
A009090,0
A009091,0
A009092,2798
A009093,1
A009094,15
A009095,2799
A009096,0
A009097,17
A009098,3
A009099,0
A009100,11
A009101,2
A009102,11
A009103,31
A009104,21
A009105,16
A009106,2800
A009107,8
A009108,29
A009109,0
A009110,15
A009111,2801
A009112,2802
A009113,2803
A009114,20
A009115,23
A009116,21
A009117,33
A009118,2804
A009119,16
A009120,2805
A009121,5
A009122,10
A009123,22
A009124,2806
A009125,28
A009126,30
A009127,1
A009128,0
A009129,2807
A009130,12
A009131,2808
A009132,1
A009133,5
A009134,29
A009135,1
A009136,13
A009137,2809
A009138,2
A009139,4
A009140,2
A009141,8
A009142,20
A009143,26
A009144,1
A009145,3
A009146,22
A009147,17
A009148,1
A009149,2810
A009150,2811
A009151,2812
A009152,25
A009153,2813
A009154,1
A009155,9
A009156,22
A009157,3
A009158,11
A009159,3
A009160,25
A009161,10
A009162,30
A009163,13
A009164,2814
A009165,2815
A009166,26
A009167,2816
A009168,7
A009169,2817
A009170,7
A009171,24
A009172,2818
A009173,2819
A009174,2820
A009175,21
A009176,20
A009177,3
A009178,7
A009179,16
A009180,2821
A009181,2822
A009182,2823
A009183,5
A009184,24
A009185,0
A009186,11
A009187,24
A009188,0
A009189,2824
A009190,6
A009191,2825
A009192,12
A009193,12
A009194,0
A009195,19
A009196,3
A009197,2826
A009198,11
A009199,12
A009200,2827
A009201,31
A009202,30
A009203,15
A009204,27
A009205,2828
A009206,0
A009207,29
A009208,18
A009209,26
A009210,3
A009211,2829
A009212,0
A009213,2830
A009214,2831
A009215,2832
A009216,1
A009217,8
A009218,2833
A009219,0
A009220,22
A009221,5
A009222,2834
A009223,10
A009224,25
A009225,4
A009226,16
A009227,2835
A009228,2836
A009229,34
A009230,2837
A009231,30
A009232,8
A009233,2838
A009234,2839
A009235,21
A009236,4
A009237,2840
A009238,2841
A009239,2842
A009240,3
A009241,2
A009242,25
A009243,1
A009244,19
A009245,6
A009246,17
A009247,2843
A009248,2
A009249,24
A009250,2844
A009251,12
A009252,2845
A009253,17
A009254,30
A009255,8
A009256,0
A009257,17
A009258,2
A009259,26
A009260,11
A009261,6
A009262,16
A009263,12
A009264,13
A009265,7
A009266,15
A009267,23
A009268,2846
A009269,11
A009270,9
A009271,10
A009272,7
A009273,2847
A009274,3
A009275,22
A009276,0
A009277,2848
A009278,2849
A009279,2850
A009280,1
A009281,4
A009282,13
A009283,0
A009284,2851
A009285,2852
A009286,1
A009287,2853
A009288,18
A009289,12
A009290,25
A009291,2
A009292,20
A009293,17
A009294,17
A009295,33
A009296,2854
A009297,2855
A009298,2856
A009299,26
A009300,17
A009301,2857
A009302,31
A009303,21
A009304,12
A009305,25
A009306,2858
A009307,0
A009308,0
A009309,2
A009310,2859
A009311,17
A009312,2860
A009313,12
A009314,13
A009315,7
A009316,2861
A009317,29
A009318,1
A009319,9
A009320,24
A009321,16
A009322,27
A009323,15
A009324,18
A009325,5
A009326,2862
A009327,18
A009328,34
A009329,2863
A009330,5
A009331,21
A009332,22
A009333,17
A009334,1
A009335,3
A009336,13
A009337,2864
A009338,2865
A009339,19
A009340,10
A009341,24
A009342,2
A009343,13
A009344,7
A009345,0
A009346,28
A009347,2866
A009348,14
A009349,17
A009350,4
A009351,20
A009352,0
A009353,9
A009354,14
A009355,13
A009356,8
A009357,2867
A009358,0
A009359,2868
A009360,1
A009361,4
A009362,16
A009363,0
A009364,2869
A009365,7
A009366,26
A009367,8
A009368,2870
A009369,17
A009370,8
A009371,2871
A009372,25
A009373,0
A009374,2872
A009375,2873
A009376,0
A009377,11
A009378,22
A009379,27
A009380,2874
A009381,2875
A009382,2876
A009383,2877
A009384,19
A009385,2878
A009386,2879
A009387,31
A009388,1
A009389,6
A009390,9
A009391,2880
A009392,13
A009393,28
A009394,14
A009395,2881
A009396,28
A009397,24
A009398,31
A009399,2882
A009400,2883
A009401,15
A009402,2
A009403,7
A009404,2884
A009405,2885
A009406,2886
A009407,23
A009408,2
A009409,11
A009410,4
A009411,34
A009412,2887
A009413,15
A009414,2888
A009415,14
A009416,2889
A009417,2890
A009418,31
A009419,9
A009420,18
A009421,2891
A009422,0
A009423,0
A009424,8
A009425,0
A009426,11
A009427,0
A009428,23
A009429,13
A009430,23
A009431,9
A009432,17
A009433,0
A009434,15
A009435,23
A009436,2892
A009437,32
A009438,31
A009439,2893
A009440,2894
A009441,8
A009442,15
A009443,0
A009444,0
A009445,2895
A009446,1
A009447,7
A009448,0
A009449,15
A009450,2896
A009451,2897
A009452,30
A009453,2898
A009454,3
A009455,4
A009456,5
A009457,15
A009458,5
A009459,2899
A009460,27
A009461,12
A009462,2900
A009463,2
A009464,18
A009465,2901
A009466,13
A009467,3
A009468,6
A009469,0
A009470,13
A009471,10
A009472,5
A009473,2
A009474,2902
A009475,33
A009476,2903
A009477,1
A009478,2904
A009479,2905
A009480,24
A009481,2906
A009482,24
A009483,2907
A009484,29
A009485,0
A009486,30
A009487,0
A009488,27
A009489,14
A009490,5
A009491,9
A009492,2908
A009493,0
A009494,5
A009495,2909
A009496,25
A009497,14
A009498,14
A009499,2910
A009500,14
A009501,13
A009502,0
A009503,1
A009504,29
A009505,11
A009506,9
A009507,21
A009508,11
A009509,2911
A009510,2912
A009511,16
A009512,2
A009513,16
A009514,2913
A009515,12
A009516,2914
A009517,1
A009518,22
A009519,2915
A009520,4
A009521,2916
A009522,5
A009523,2917
A009524,2918
A009525,2919
A009526,2920
A009527,34
A009528,13
A009529,7
A009530,2921
A009531,0
A009532,0
A009533,8
A009534,11
A009535,6
A009536,2922
A009537,2923
A009538,2924
A009539,18
A009540,16
A009541,2925
A009542,2926
A009543,2927
A009544,0
A009545,6
A009546,18
A009547,6
A009548,18
A009549,5
A009550,2928
A009551,8
A009552,2
A009553,2929
A009554,12
A009555,2930
A009556,2931
A009557,1
A009558,2932
A009559,9
A009560,2933
A009561,0
A009562,17
A009563,15
A009564,1
A009565,2934
A009566,11
A009567,1
A009568,2935
A009569,7
A009570,20
A009571,12
A009572,2936
A009573,2937
A009574,32
A009575,15
A009576,3
A009577,18
A009578,2938
A009579,8
A009580,4
A009581,0
A009582,25
A009583,20
A009584,2939
A009585,2940
A009586,5
A009587,17
A009588,3
A009589,20
A009590,2941
A009591,10
A009592,2942
A009593,19
A009594,21
A009595,5
A009596,17
A009597,11
A009598,32
A009599,10
A009600,2943
A009601,14
A009602,1
A009603,38
A009604,2944
A009605,0
A009606,1
A009607,12
A009608,2
A009609,12
A009610,4
A009611,25
A009612,34
A009613,21
A009614,23
A009615,22
A009616,21
A009617,34
A009618,2945
A009619,13
A009620,23
A009621,1
A009622,2946
A009623,0
A009624,6
A009625,2947
A009626,34
A009627,2948
A009628,0
A009629,2949
A009630,0
A009631,1
A009632,2950
A009633,2951
A009634,2952
A009635,9
A009636,4
A009637,5
A009638,33
A009639,2953
A009640,2954
A009641,2955
A009642,1
A009643,10
A009644,4
A009645,5
A009646,25
A009647,1
A009648,0
A009649,2956
A009650,9
A009651,34
A009652,3
A009653,20
A009654,2957
A009655,25
A009656,21
A009657,2958
A009658,22
A009659,2959
A009660,1
A009661,5
A009662,0
A009663,2960
A009664,2961
A009665,20
A009666,1
A009667,23
A009668,5
A009669,8
A009670,23
A009671,0
A009672,27
A009673,23
A009674,3
A009675,33
A009676,26
A009677,11
A009678,21
A009679,1
A009680,28
A009681,21
A009682,2962
A009683,2963
A009684,12
A009685,32
A009686,30
A009687,0
A009688,38
A009689,2964
A009690,19
A009691,2965
A009692,31
A009693,2966
A009694,2967
A009695,34
A009696,7
A009697,8
A009698,29
A009699,0
A009700,33
A009701,1
A009702,32
A009703,8
A009704,0
A009705,7
A009706,24
A009707,2968
A009708,0
A009709,0
A009710,9
A009711,7
A009712,2969
A009713,2970
A009714,15
A009715,2971
A009716,2972
A009717,11
A009718,1
A009719,20
A009720,19
A009721,2973
A009722,2974
A009723,9
A009724,2975
A009725,26
A009726,2976
A009727,2977
A009728,1
A009729,3
A009730,13
A009731,2978
A009732,2979
A009733,1
A009734,8
A009735,27
A009736,10
A009737,2980
A009738,19
A009739,6
A009740,2981
A009741,7
A009742,26
A009743,30
A009744,12
A009745,2982
A009746,12
A009747,26
A009748,0
A009749,2983
A009750,2984
A009751,29
A009752,32
A009753,14
A009754,2985
A009755,5
A009756,2986
A009757,2987
A009758,2988
A009759,2989
A009760,26
A009761,16
A009762,2990
A009763,2991
A009764,16
A009765,19
A009766,11
A009767,23
A009768,29
A009769,4
A009770,2992
A009771,2993
A009772,32
A009773,27
A009774,26
A009775,21
A009776,4
A009777,11
A009778,2994
A009779,2995
A009780,0
A009781,1
A009782,38
A009783,1
A009784,15
A009785,2996
A009786,2997
A009787,28
A009788,0
A009789,1
A009790,14
A009791,2998
A009792,21
A009793,8
A009794,5
A009795,2999
A009796,6
A009797,3000
A009798,3001
A009799,24
A009800,33
A009801,0
A009802,3002
A009803,1
A009804,30
A009805,18
A009806,3003
A009807,1
A009808,4
A009809,3004
A009810,18
A009811,3005
A009812,3006
A009813,29
A009814,20
A009815,3007
A009816,20
A009817,9
A009818,6
A009819,3008
A009820,3009
A009821,7
A009822,0
A009823,17
A009824,3010
A009825,1
A009826,6
A009827,14
A009828,1
A009829,30
A009830,7
A009831,3011
A009832,3012
A009833,30
A009834,2
A009835,3013
A009836,30
A009837,6
A009838,3014
A009839,0
A009840,29
A009841,0
A009842,20
A009843,3015
A009844,3016
A009845,15
A009846,3017
A009847,20
A009848,0
A009849,3018
A009850,14
A009851,4
A009852,1
A009853,1
A009854,5
A009855,28
A009856,3019
A009857,3
A009858,16
A009859,10
A009860,7
A009861,3020
A009862,0
A009863,3021
A009864,15
A009865,15
A009866,26
A009867,2
A009868,3022
A009869,3023
A009870,3024
A009871,22
A009872,11
A009873,4
A009874,3025
A009875,3026
A009876,3
A009877,8
A009878,0
A009879,18
A009880,3027
A009881,3028
A009882,3029
A009883,3030
A009884,0
A009885,14
A009886,3031
A009887,0
A009888,28
A009889,7
A009890,0
A009891,3032
A009892,3033
A009893,3034
A009894,10
A009895,4
A009896,5
A009897,4
A009898,24
A009899,1
A009900,3035
A009901,2
A009902,12
A009903,1
A009904,7
A009905,2
A009906,5
A009907,6
A009908,27
A009909,7
A009910,25
A009911,31
A009912,3036
A009913,3037
A009914,3038
A009915,28
A009916,1
A009917,26
A009918,3
A009919,1
A009920,3039
A009921,21
A009922,3040
A009923,1
A009924,3041
A009925,11
A009926,20
A009927,31
A009928,3042
A009929,3043
A009930,1
A009931,11
A009932,3044
A009933,18
A009934,18
A009935,0
A009936,2
A009937,25
A009938,0
A009939,16
A009940,22
A009941,1
A009942,3
A009943,3045
A009944,4
A009945,15
A009946,5
A009947,4
A009948,0
A009949,19
A009950,3046
A009951,12
A009952,19
A009953,3047
A009954,13
A009955,10
A009956,3048
A009957,2
A009958,3049
A009959,3050
A009960,13
A009961,4
A009962,1
A009963,10
A009964,3051
A009965,16
A009966,3052
A009967,8
A009968,0
A009969,13
A009970,0
A009971,3053
A009972,3
A009973,3
A009974,3054
A009975,21
A009976,1
A009977,19
A009978,3055
A009979,3056
A009980,30
A009981,3057
A009982,3058
A009983,0
A009984,1
A009985,29
A009986,3059
A009987,0
A009988,3060
A009989,10
A009990,2
A009991,3
A009992,9
A009993,3061
A009994,3062
A009995,20
A009996,3063
A009997,18
A009998,5
A009999,3064
A010000,3065
A010001,7
A010002,0
A010003,3066
A010004,7
A010005,8
A010006,3067
A010007,0
A010008,13
A010009,27
A010010,0
A010011,1
A010012,12
A010013,3068
A010014,3
A010015,5
A010016,3069
A010017,3070
A010018,12
A010019,3071
A010020,3072
A010021,33
A010022,28
A010023,9
A010024,1
A010025,34
A010026,5
A010027,1
A010028,3073
A010029,3
A010030,3074
A010031,3
A010032,1
A010033,9
A010034,6
A010035,31
A010036,3075
A010037,32
A010038,3076
A010039,4
A010040,20
A010041,7
A010042,26
A010043,1
A010044,2
A010045,24
A010046,12
A010047,18
A010048,22
A010049,24
A010050,1
A010051,20
A010052,8
A010053,3
A010054,16
A010055,0
A010056,8
A010057,3077
A010058,1
A010059,38
A010060,3078
A010061,3079
A010062,27
A010063,8
A010064,26
A010065,34
A010066,3080
A010067,29
A010068,15
A010069,1
A010070,17
A010071,33
A010072,33
A010073,3
A010074,3081
A010075,3082
A010076,9
A010077,7
A010078,3083
A010079,3084
A010080,2
A010081,3085
A010082,9
A010083,3086
A010084,1
A010085,0
A010086,1
A010087,2
A010088,3087
A010089,22
A010090,0
A010091,0
A010092,0
A010093,1
A010094,7
A010095,33
A010096,3088
A010097,1
A010098,26
A010099,0
A010100,11
A010101,3089
A010102,3090
A010103,4
A010104,3091
A010105,3092
A010106,27
A010107,24
A010108,3093
A010109,38
A010110,3094
A010111,7
A010112,10
A010113,30
A010114,13
A010115,4
A010116,23
A010117,3095
A010118,7
A010119,10
A010120,8
A010121,3096
A010122,0
A010123,9
A010124,28
A010125,5
A010126,3097
A010127,22
A010128,17
A010129,0
A010130,21
A010131,23
A010132,10
A010133,3098
A010134,30
A010135,3099
A010136,3100
A010137,6
A010138,3101
A010139,17
A010140,9
A010141,3102
A010142,25
A010143,9
A010144,3103
A010145,3104
A010146,1
A010147,3105
A010148,8
A010149,32
A010150,0
A010151,12
A010152,14
A010153,3106
A010154,11
A010155,7
A010156,3107
A010157,19
A010158,29
A010159,21
A010160,5
A010161,16
A010162,4
A010163,22
A010164,26
A010165,21
A010166,3108
A010167,3109
A010168,17
A010169,6
A010170,15
A010171,3110
A010172,20
A010173,3111
A010174,1
A010175,22
A010176,33
A010177,4
A010178,9
A010179,3112
A010180,3113
A010181,1
A010182,0
A010183,33
A010184,6
A010185,6
A010186,3114
A010187,24
A010188,3115
A010189,0
A010190,13
A010191,3116
A010192,17
A010193,3117
A010194,18
A010195,6
A010196,29
A010197,3118
A010198,25
A010199,3119
A010200,3120
A010201,5
A010202,1
A010203,23
A010204,3
A010205,3121
A010206,1
A010207,3122
A010208,9
A010209,22
A010210,31
A010211,5
A010212,23
A010213,5
A010214,13
A010215,3123
A010216,1
A010217,4
A010218,12
A010219,3124
A010220,0
A010221,3125
A010222,3126
A010223,28
A010224,2
A010225,23
A010226,12
A010227,3
A010228,3127
A010229,0
A010230,5
A010231,4
A010232,13
A010233,24
A010234,6
A010235,1
A010236,7
A010237,8
A010238,0
A010239,4
A010240,3128
A010241,14
A010242,18
A010243,38
A010244,15
A010245,9
A010246,3129
A010247,3130
A010248,4
A010249,18
A010250,0
A010251,3131
A010252,3132
A010253,12
A010254,2
A010255,3133
A010256,1
A010257,27
A010258,16
A010259,16
A010260,3134
A010261,3135
A010262,18
A010263,3136
A010264,29
A010265,3137
A010266,3138
A010267,23
A010268,20
A010269,3139
A010270,24
A010271,5
A010272,28
A010273,0
A010274,26
A010275,32
A010276,34
A010277,3140
A010278,26
A010279,31
A010280,2
A010281,2
A010282,33
A010283,3141
A010284,3
A010285,12
A010286,1
A010287,34
A010288,26
A010289,6
A010290,3142
A010291,19
A010292,29
A010293,32
A010294,0
A010295,3143
A010296,19
A010297,8
A010298,34
A010299,32
A010300,5
A010301,3144
A010302,3
A010303,30
A010304,1
A010305,17
A010306,8
A010307,22
A010308,3145
A010309,1
A010310,3146
A010311,10
A010312,34
A010313,13
A010314,3147
A010315,2
A010316,21
A010317,3148
A010318,3149
A010319,1
A010320,3150
A010321,20
A010322,15
A010323,3151
A010324,25
A010325,8
A010326,8
A010327,0
A010328,7
A010329,3152
A010330,0
A010331,3153
A010332,5
A010333,3154
A010334,28
A010335,3155
A010336,3156
A010337,9
A010338,1
A010339,13
A010340,1
A010341,10
A010342,6
A010343,3157
A010344,5
A010345,3158
A010346,1
A010347,0
A010348,3159
A010349,3160
A010350,0
A010351,5
A010352,0
A010353,3161
A010354,20
A010355,3162
A010356,3163
A010357,12
A010358,0
A010359,7
A010360,6
A010361,7
A010362,231
A010363,31
A010364,27
A010365,6
A010366,3164
A010367,26
A010368,3165
A010369,3
A010370,12
A010371,22
A010372,3
A010373,7
A010374,16
A010375,5
A010376,24
A010377,3166
A010378,9
A010379,29
A010380,13
A010381,19
A010382,3167
A010383,4
A010384,3168
A010385,8
A010386,3
A010387,0
A010388,24
A010389,6
A010390,8
A010391,6
A010392,25
A010393,32
A010394,20
A010395,10
A010396,2
A010397,3169
A010398,0
A010399,2
A010400,1
A010401,15
A010402,11
A010403,3170
A010404,3171
A010405,2
A010406,6
A010407,16
A010408,20
A010409,23
A010410,13
A010411,3172
A010412,5
A010413,3173
A010414,3174
A010415,21
A010416,11
A010417,3175
A010418,13
A010419,3176
A010420,3177
A010421,3178
A010422,1
A010423,28
A010424,0
A010425,19
A010426,3179
A010427,23
A010428,3180
A010429,1
A010430,24
A010431,0
A010432,15
A010433,11
A010434,4
A010435,10
A010436,3181
A010437,27
A010438,3182
A010439,15
A010440,3183
A010441,19
A010442,22
A010443,3184
A010444,3185
A010445,10
A010446,0
A010447,15
A010448,3186
A010449,9
A010450,13
A010451,3187
A010452,3188
A010453,10
A010454,11
A010455,3189
A010456,10
A010457,3190
A010458,30
A010459,0
A010460,3191
A010461,7
A010462,3192
A010463,1
A010464,21
A010465,8
A010466,3193
A010467,3194
A010468,9
A010469,25
A010470,3195
A010471,3196
A010472,23
A010473,3197
A010474,22
A010475,25
A010476,2
A010477,21
A010478,1
A010479,1
A010480,3198
A010481,1
A010482,3199
A010483,3200
A010484,6
A010485,3201
A010486,21
A010487,19
A010488,19
A010489,3202
A010490,3203
A010491,3204
A010492,0
A010493,3205
A010494,3206
A010495,18
A010496,3207
A010497,8
A010498,23
A010499,11
A010500,34
A010501,3208
A010502,3209
A010503,6
A010504,5
A010505,19
A010506,4
A010507,3210
A010508,3211
A010509,3
A010510,30
A010511,1
A010512,21
A010513,8
A010514,3212
A010515,3213
A010516,8
A010517,16
A010518,2
A010519,1
A010520,8
A010521,20
A010522,3214
A010523,3215
A010524,3216
A010525,8
A010526,5
A010527,3217
A010528,26
A010529,0
A010530,1
A010531,0
A010532,3218
A010533,3219
A010534,3220
A010535,19
A010536,1
A010537,3221
A010538,5
A010539,3
A010540,15
A010541,10
A010542,7
A010543,0
A010544,3222
A010545,3223
A010546,3224
A010547,5
A010548,3225
A010549,3226
A010550,18
A010551,17
A010552,3227
A010553,7
A010554,3228
A010555,3229
A010556,28
A010557,0
A010558,3230
A010559,12
A010560,10
A010561,3231
A010562,20
A010563,1
A010564,3232
A010565,17
A010566,15
A010567,9
A010568,10
A010569,3233
A010570,5
A010571,3
A010572,22
A010573,2
A010574,2
A010575,1
A010576,1
A010577,1
A010578,0
A010579,0
A010580,4
A010581,24
A010582,30
A010583,3234
A010584,29
A010585,7
A010586,16
A010587,11
A010588,13
A010589,20
A010590,17
A010591,12
A010592,18
A010593,33
A010594,6
A010595,10
A010596,1
A010597,12
A010598,3235
A010599,3236
A010600,28
A010601,24
A010602,10
A010603,3237
A010604,3238
A010605,18
A010606,3239
A010607,18
A010608,1
A010609,3240
A010610,1
A010611,8
A010612,11
A010613,0
A010614,29
A010615,9
A010616,28
A010617,3241
A010618,15
A010619,3242
A010620,3
A010621,9
A010622,0
A010623,6
A010624,1
A010625,23
A010626,3243
A010627,7
A010628,1
A010629,27
A010630,3244
A010631,1
A010632,6
A010633,6
A010634,15
A010635,34
A010636,0
A010637,29
A010638,3245
A010639,3246
A010640,3247
A010641,3248
A010642,10
A010643,3249
A010644,26
A010645,3250
A010646,10
A010647,3251
A010648,0
A010649,8
A010650,3252
A010651,1
A010652,3253
A010653,27
A010654,7
A010655,3254
A010656,3
A010657,5
A010658,3255
A010659,25
A010660,30
A010661,27
A010662,8
A010663,10
A010664,3256
A010665,19
A010666,3257
A010667,25
A010668,5
A010669,19
A010670,7
A010671,2
A010672,21
A010673,33
A010674,0
A010675,17
A010676,10
A010677,24
A010678,15
A010679,11
A010680,28
A010681,3
A010682,16
A010683,2
A010684,7
A010685,22
A010686,8
A010687,0
A010688,3258
A010689,0
A010690,4
A010691,19
A010692,2
A010693,13
A010694,0
A010695,1
A010696,6
A010697,3259
A010698,19
A010699,3260
A010700,4
A010701,17
A010702,3261
A010703,6
A010704,16
A010705,1
A010706,24
A010707,28
A010708,3
A010709,3262
A010710,3263
A010711,0
A010712,0
A010713,4
A010714,29
A010715,3264
A010716,3265
A010717,11
A010718,3266
A010719,0
A010720,5
A010721,3267
A010722,13
A010723,3268
A010724,3269
A010725,9
A010726,0
A010727,4
A010728,3270
A010729,16
A010730,13
A010731,3271
A010732,0
A010733,23
A010734,0
A010735,11
A010736,8
A010737,2
A010738,28
A010739,18
A010740,20
A010741,0
A010742,3272
A010743,11
A010744,0
A010745,32
A010746,3273
A010747,21
A010748,24
A010749,3274
A010750,3275
A010751,5
A010752,3276
A010753,3277
A010754,0
A010755,3278
A010756,11
A010757,10
A010758,25
A010759,4
A010760,20
A010761,3279
A010762,23
A010763,3280
A010764,1
A010765,3281
A010766,1
A010767,3282
A010768,19
A010769,33
A010770,3283
A010771,1
A010772,2
A010773,9
A010774,3284
A010775,32
A010776,27
A010777,24
A010778,25
A010779,26
A010780,3285
A010781,3286
A010782,9
A010783,23
A010784,1
A010785,0
A010786,3287
A010787,3288
A010788,25
A010789,11
A010790,18
A010791,3289
A010792,0
A010793,26
A010794,24
A010795,31
A010796,10
A010797,3290
A010798,26
A010799,17
A010800,3291
A010801,3292
A010802,4
A010803,4
A010804,25
A010805,11
A010806,19
A010807,2
A010808,21
A010809,0
A010810,3293
A010811,3294
A010812,3295
A010813,3296
A010814,3297
A010815,11
A010816,27
A010817,3298
A010818,24
A010819,5
A010820,2
A010821,28
A010822,2
A010823,34
A010824,24
A010825,14
A010826,3
A010827,17
A010828,5
A010829,1
A010830,7
A010831,24
A010832,3299
A010833,19
A010834,16
A010835,7
A010836,3300
A010837,6
A010838,3301
A010839,3302
A010840,29
A010841,0
A010842,2
A010843,3303
A010844,11
A010845,3
A010846,4
A010847,10
A010848,26
A010849,13
A010850,20
A010851,17
A010852,12
A010853,25
A010854,2
A010855,30
A010856,3304
A010857,18
A010858,26
A010859,3305
A010860,3306
A010861,29
A010862,3307
A010863,30
A010864,22
A010865,17
A010866,3
A010867,20
A010868,22
A010869,11
A010870,19
A010871,3308
A010872,0
A010873,33
A010874,31
A010875,32
A010876,1
A010877,24
A010878,3309
A010879,1
A010880,3310
A010881,5
A010882,16
A010883,3
A010884,33
A010885,20
A010886,19
A010887,3311
A010888,20
A010889,21
A010890,3312
A010891,14
A010892,33
A010893,3313
A010894,27
A010895,7
A010896,29
A010897,8
A010898,38
A010899,23
A010900,3314
A010901,3315
A010902,3
A010903,9
A010904,3316
A010905,33
A010906,1
A010907,3317
A010908,18
A010909,3
A010910,10
A010911,3318
A010912,19
A010913,0
A010914,0
A010915,9
A010916,12
A010917,7
A010918,19
A010919,1
A010920,3319
A010921,19
A010922,16
A010923,3
A010924,11
A010925,12
A010926,9
A010927,3320
A010928,3321
A010929,3322
A010930,25
A010931,1
A010932,8
A010933,3323
A010934,19
A010935,3324
A010936,29
A010937,0
A010938,3325
A010939,2
A010940,22
A010941,3326
A010942,16
A010943,3327
A010944,3328
A010945,23
A010946,3329
A010947,4
A010948,6
A010949,1
A010950,3330
A010951,27
A010952,19
A010953,0
A010954,0
A010955,0
A010956,1
A010957,3331
A010958,3332
A010959,3333
A010960,27
A010961,3334
A010962,21
A010963,13
A010964,3335
A010965,6
A010966,5
A010967,3336
A010968,3337
A010969,12
A010970,1
A010971,2
A010972,3338
A010973,16
A010974,22
A010975,0
A010976,0
A010977,33
A010978,3339
A010979,2
A010980,26
A010981,32
A010982,28
A010983,24
A010984,28
A010985,9
A010986,22
A010987,29
A010988,3340
A010989,3341
A010990,12
A010991,10
A010992,3342
A010993,38
A010994,25
A010995,2
A010996,3343
A010997,15
A010998,33
A010999,3344
A011000,7
A011001,1
A011002,10
A011003,3345
A011004,21
A011005,24
A011006,10
A011007,14
A011008,11
A011009,32
A011010,0
A011011,6
A011012,15
A011013,7
A011014,23
A011015,17
A011016,25
A011017,12
A011018,20
A011019,14
A011020,3346
A011021,3347
A011022,4
A011023,34
A011024,4
A011025,3348
A011026,3349
A011027,3350
A011028,0
A011029,15
A011030,2
A011031,13
A011032,14
A011033,13
A011034,26
A011035,28
A011036,3351
A011037,14
A011038,3352
A011039,21
A011040,18
A011041,3353
A011042,4
A011043,3354
A011044,1
A011045,15
A011046,3355
A011047,3356
A011048,27
A011049,17
A011050,7
A011051,0
A011052,3357
A011053,4
A011054,3358
A011055,0
A011056,3359
A011057,21
A011058,12
A011059,4
A011060,8
A011061,3
A011062,17
A011063,2
A011064,3360
A011065,0
A011066,3361
A011067,3362
A011068,3363
A011069,15
A011070,3364
A011071,3365
A011072,3366
A011073,6
A011074,4
A011075,15
A011076,19
A011077,3367
A011078,8
A011079,12
A011080,1
A011081,6
A011082,14
A011083,3368
A011084,27
A011085,1
A011086,6
A011087,3369
A011088,0
A011089,3370
A011090,19
A011091,3371
A011092,7
A011093,21
A011094,3372
A011095,24
A011096,24
A011097,2
A011098,5
A011099,22
A011100,9
A011101,3373
A011102,27
A011103,3374
A011104,3375
A011105,1
A011106,5
A011107,18
A011108,31
A011109,17
A011110,26
A011111,15
A011112,7
A011113,2
A011114,20
A011115,1
A011116,0
A011117,33
A011118,21
A011119,1
A011120,3376
A011121,33
A011122,0
A011123,38
A011124,24
A011125,33
A011126,3
A011127,28
A011128,3377
A011129,17
A011130,3378
A011131,1
A011132,3379
A011133,18
A011134,33
A011135,1
A011136,3380
A011137,17
A011138,3381
A011139,3382
A011140,20
A011141,3383
A011142,3
A011143,3384
A011144,7
A011145,3385
A011146,32
A011147,3386
A011148,0
A011149,13
A011150,3387
A011151,0
A011152,10
A011153,9
A011154,16
A011155,3388
A011156,23
A011157,25
A011158,3389
A011159,3390
A011160,1
A011161,12
A011162,5
A011163,13
A011164,2
A011165,13
A011166,10
A011167,3391
A011168,24
A011169,3392
A011170,3393
A011171,1
A011172,32
A011173,30
A011174,8
A011175,2
A011176,8
A011177,3394
A011178,13
A011179,9
A011180,9
A011181,0
A011182,6
A011183,2
A011184,7
A011185,20
A011186,8
A011187,9
A011188,1
A011189,8
A011190,3395
A011191,24
A011192,3396
A011193,14
A011194,32
A011195,20
A011196,10
A011197,0
A011198,3
A011199,0
A011200,25
A011201,34
A011202,3397
A011203,3398
A011204,16
A011205,1
A011206,9
A011207,10
A011208,1
A011209,2
A011210,31
A011211,8
A011212,11
A011213,11
A011214,0
A011215,29
A011216,3399
A011217,0
A011218,7
A011219,5
A011220,16
A011221,1
A011222,26
A011223,3400
A011224,3401
A011225,13
A011226,14
A011227,14
A011228,32
A011229,3402
A011230,3403
A011231,1
A011232,11
A011233,0
A011234,12
A011235,3404
A011236,3405
A011237,22
A011238,3
A011239,1
A011240,13
A011241,27
A011242,14
A011243,1
A011244,26
A011245,0
A011246,3406
A011247,21
A011248,3407
A011249,2
A011250,3408
A011251,11
A011252,5
A011253,2
A011254,21
A011255,2
A011256,3409
A011257,3410
A011258,3411
A011259,5
A011260,3412
A011261,3413
A011262,4
A011263,2
A011264,3414
A011265,3415
A011266,0
A011267,0
A011268,3416
A011269,3417
A011270,3418
A011271,3419
A011272,3420
A011273,6
A011274,27
A011275,3421
A011276,13
A011277,0
A011278,24
A011279,0
A011280,2
A011281,9
A011282,2
A011283,3422
A011284,3423
A011285,23
A011286,2
A011287,24
A011288,0
A011289,6
A011290,34
A011291,17
A011292,6
A011293,0
A011294,3424
A011295,8
A011296,3425
A011297,3426
A011298,3427
A011299,31
A011300,3428
A011301,3429
A011302,11
A011303,3430
A011304,1
A011305,3431
A011306,3432
A011307,3433
A011308,1
A011309,3434
A011310,3435
A011311,11
A011312,13
A011313,3436
A011314,3437
A011315,11
A011316,22
A011317,3438
A011318,1
A011319,3439
A011320,19
A011321,3440
A011322,3441
A011323,38
A011324,3442
A011325,25
A011326,18
A011327,6
A011328,19
A011329,3443
A011330,19
A011331,3444
A011332,8
A011333,3
A011334,0
A011335,0
A011336,3445
A011337,13
A011338,18
A011339,3446
A011340,3447
A011341,7
A011342,31
A011343,10
A011344,3448
A011345,15
A011346,28
A011347,3449
A011348,22
A011349,3450
A011350,1
A011351,6
A011352,31
A011353,3451
A011354,19
A011355,3452
A011356,2
A011357,5
A011358,3453
A011359,3454
A011360,3455
A011361,28
A011362,7
A011363,3456
A011364,5
A011365,1
A011366,18
A011367,4
A011368,7
A011369,15
A011370,29
A011371,1
A011372,3457
A011373,0
A011374,29
A011375,3458
A011376,20
A011377,20
A011378,9
A011379,0
A011380,3459
A011381,0
A011382,3460
A011383,10
A011384,13
A011385,3461
A011386,0
A011387,9
A011388,3462
A011389,3463
A011390,3464
A011391,3465
A011392,3466
A011393,3467
A011394,15
A011395,3468
A011396,7
A011397,3469
A011398,0
A011399,16
A011400,3470
A011401,2
A011402,3471
A011403,3472
A011404,30
A011405,1
A011406,1
A011407,3473
A011408,15
A011409,6
A011410,1
A011411,26
A011412,3
A011413,3474
A011414,11
A011415,12
A011416,3475
A011417,17
A011418,29
A011419,3476
A011420,3477
A011421,3478
A011422,34
A011423,3479
A011424,23
A011425,8
A011426,22
A011427,28
A011428,1
A011429,3480
A011430,3481
A011431,3482
A011432,3483
A011433,0
A011434,30
A011435,28
A011436,2
A011437,26
A011438,1
A011439,6
A011440,1
A011441,6
A011442,0
A011443,27
A011444,3484
A011445,3485
A011446,5
A011447,3
A011448,3486
A011449,3487
A011450,29
A011451,16
A011452,16
A011453,26
A011454,3488
A011455,3489
A011456,3
A011457,0
A011458,11
A011459,3490
A011460,3491
A011461,32
A011462,18
A011463,18
A011464,3492
A011465,3493
A011466,22
A011467,3494
A011468,2
A011469,3
A011470,18
A011471,14
A011472,4
A011473,1
A011474,19
A011475,24
A011476,0
A011477,3495
A011478,3496
A011479,13
A011480,3497
A011481,3498
A011482,3499
A011483,3500
A011484,26
A011485,15
A011486,22
A011487,24
A011488,18
A011489,0
A011490,19
A011491,17
A011492,0
A011493,3501
A011494,5
A011495,0
A011496,16
A011497,0
A011498,3502
A011499,3503
A011500,3504
A011501,2
A011502,2
A011503,10
A011504,10
A011505,3
A011506,3505
A011507,7
A011508,24
A011509,18
A011510,1
A011511,1
A011512,5
A011513,27
A011514,3506
A011515,20
A011516,10
A011517,17
A011518,26
A011519,0
A011520,3507
A011521,13
A011522,0
A011523,4
A011524,3508
A011525,10
A011526,5
A011527,26
A011528,3509
A011529,19
A011530,3510
A011531,6
A011532,13
A011533,1
A011534,0
A011535,3511
A011536,2
A011537,11
A011538,17
A011539,3
A011540,1
A011541,7
A011542,0
A011543,3512
A011544,31
A011545,34
A011546,4
A011547,3513
A011548,15
A011549,5
A011550,0
A011551,3514
A011552,7
A011553,26
A011554,2
A011555,9
A011556,27
A011557,0
A011558,7
A011559,9
A011560,12
A011561,18
A011562,13
A011563,0
A011564,23
A011565,24
A011566,17
A011567,16
A011568,3515
A011569,3516
A011570,6
A011571,18
A011572,31
A011573,31
A011574,3517
A011575,17
A011576,24
A011577,1
A011578,9
A011579,15
A011580,1
A011581,3518
A011582,21
A011583,23
A011584,3519
A011585,3520
A011586,3521
A011587,0
A011588,8
A011589,2
A011590,7
A011591,8
A011592,3522
A011593,16
A011594,3523
A011595,3
A011596,0
A011597,32
A011598,17
A011599,3
A011600,1
A011601,20
A011602,26
A011603,3524
A011604,2
A011605,3525
A011606,16
A011607,3526
A011608,3527
A011609,26
A011610,0
A011611,0
A011612,10
A011613,6
A011614,7
A011615,8
A011616,0
A011617,2
A011618,3528
A011619,1
A011620,16
A011621,1
A011622,0
A011623,23
A011624,16
A011625,28
A011626,5
A011627,31
A011628,22
A011629,1
A011630,0
A011631,3529
A011632,20
A011633,13
A011634,26
A011635,10
A011636,3530
A011637,0
A011638,3531
A011639,3532
A011640,0
A011641,10
A011642,3533
A011643,21
A011644,3
A011645,3534
A011646,6
A011647,3535
A011648,13
A011649,31
A011650,3536
A011651,3537
A011652,3538
A011653,3539
A011654,23
A011655,33
A011656,1
A011657,1
A011658,8
A011659,16
A011660,1
A011661,3540
A011662,15
A011663,3541
A011664,6
A011665,7
A011666,5
A011667,15
A011668,26
A011669,3542
A011670,17
A011671,3543
A011672,25
A011673,16
A011674,16
A011675,16
A011676,5
A011677,16
A011678,3544
A011679,3545
A011680,17
A011681,13
A011682,16
A011683,3546
A011684,3547
A011685,3
A011686,21
A011687,23
A011688,26
A011689,16
A011690,7
A011691,1
A011692,16
A011693,3548
A011694,12
A011695,0
A011696,14
A011697,2
A011698,22
A011699,3549
A011700,18
A011701,26
A011702,3550
A011703,25
A011704,0
A011705,3551
A011706,0
A011707,0
A011708,26
A011709,0
A011710,20
A011711,16
A011712,3552
A011713,3553
A011714,3554
A011715,15
A011716,0
A011717,0
A011718,3555
A011719,3556
A011720,3557
A011721,3558
A011722,1
A011723,5
A011724,26
A011725,6
A011726,7
A011727,3559
A011728,5
A011729,0
A011730,9
A011731,3560
A011732,16
A011733,6
A011734,25
A011735,0
A011736,12
A011737,0
A011738,25
A011739,3561
A011740,3562
A011741,5
A011742,31
A011743,3563
A011744,29
A011745,1
A011746,3564
A011747,28
A011748,23
A011749,0
A011750,3565
A011751,9
A011752,20
A011753,29
A011754,28
A011755,4
A011756,3566
A011757,14
A011758,3567
A011759,1
A011760,14
A011761,4
A011762,3568
A011763,17
A011764,3569
A011765,3570
A011766,3571
A011767,17
A011768,3572
A011769,19
A011770,26
A011771,3573
A011772,30
A011773,1
A011774,16
A011775,14
A011776,3574
A011777,1
A011778,4
A011779,3575
A011780,3576
A011781,15
A011782,3577
A011783,5
A011784,3578
A011785,19
A011786,16
A011787,31
A011788,7
A011789,28
A011790,19
A011791,9
A011792,3579
A011793,14
A011794,0
A011795,15
A011796,16
A011797,3580
A011798,3581
A011799,3582
A011800,3583
A011801,1
A011802,4
A011803,3584
A011804,3585
A011805,3586
A011806,8
A011807,14
A011808,3587
A011809,1
A011810,3588
A011811,1
A011812,3589
A011813,38
A011814,12
A011815,15
A011816,9
A011817,3590
A011818,2
A011819,5
A011820,3591
A011821,3592
A011822,30
A011823,0
A011824,25
A011825,3593
A011826,11
A011827,1
A011828,1
A011829,6
A011830,11
A011831,3594
A011832,3595
A011833,24
A011834,22
A011835,29
A011836,31
A011837,20
A011838,9
A011839,18
A011840,26
A011841,34
A011842,9
A011843,3596
A011844,3597
A011845,21
A011846,3598
A011847,9
A011848,3599
A011849,23
A011850,20
A011851,9
A011852,3600
A011853,3601
A011854,3602
A011855,0
A011856,3603
A011857,3604
A011858,20
A011859,3
A011860,15
A011861,5
A011862,3605
A011863,3606
A011864,1
A011865,4
A011866,31
A011867,1
A011868,8
A011869,14
A011870,3607
A011871,1
A011872,4
A011873,14
A011874,3608
A011875,18
A011876,20
A011877,10
A011878,9
A011879,28
A011880,7
A011881,3609
A011882,6
A011883,33
A011884,23
A011885,12
A011886,0
A011887,3610
A011888,3611
A011889,0
A011890,34
A011891,0
A011892,9
A011893,6
A011894,11
A011895,20
A011896,3612
A011897,33
A011898,18
A011899,0
A011900,0
A011901,8
A011902,3613
A011903,25
A011904,0
A011905,27
A011906,19
A011907,27
A011908,3614
A011909,34
A011910,11
A011911,3615
A011912,3616
A011913,3617
A011914,1
A011915,3618
A011916,1
A011917,3619
A011918,27
A011919,9
A011920,3620
A011921,1
A011922,1
A011923,18
A011924,3621
A011925,26
A011926,31
A011927,3622
A011928,4
A011929,3623
A011930,3624
A011931,7
A011932,6
A011933,8
A011934,3625
A011935,3626
A011936,23
A011937,1
A011938,1
A011939,5
A011940,19
A011941,3627
A011942,3628
A011943,1
A011944,3629
A011945,3630
A011946,0
A011947,4
A011948,4
A011949,1
A011950,19
A011951,33
A011952,25
A011953,3631
A011954,3632
A011955,0
A011956,3633
A011957,6
A011958,3634
A011959,8
A011960,3635
A011961,0
A011962,0
A011963,23
A011964,3636
A011965,23
A011966,4
A011967,5
A011968,2
A011969,27
A011970,3637
A011971,21
A011972,7
A011973,4
A011974,24
A011975,11
A011976,1
A011977,3638
A011978,3
A011979,7
A011980,1
A011981,26
A011982,22
A011983,11
A011984,21
A011985,1
A011986,17
A011987,3639
A011988,1
A011989,14
A011990,3640
A011991,0
A011992,12
A011993,0
A011994,10
A011995,19
A011996,20
A011997,6
A011998,14
A011999,3641
A012000,3642
A012001,22
A012002,3643
A012003,10
A012004,3644
A012005,28
A012006,3645
A012007,21
A012008,15
A012009,12
A012010,27
A012011,1
A012012,3646
A012013,2
A012014,27
A012015,0
A012016,3647
A012017,3648
A012018,3649
A012019,3650
A012020,1
A012021,11
A012022,3651
A012023,11
A012024,24
A012025,3652
A012026,23
A012027,1
A012028,21
A012029,15
A012030,18
A012031,3653
A012032,11
A012033,3654
A012034,2
A012035,24
A012036,1
A012037,3655
A012038,15
A012039,3
A012040,16
A012041,0
A012042,4
A012043,6
A012044,3656
A012045,1
A012046,3657
A012047,24
A012048,1
A012049,14
A012050,6
A012051,2
A012052,3658
A012053,15
A012054,2
A012055,3659
A012056,3660
A012057,9
A012058,31
A012059,24
A012060,16
A012061,3661
A012062,0
A012063,3662
A012064,0
A012065,3663
A012066,15
A012067,3664
A012068,3665
A012069,27
A012070,31
A012071,5
A012072,3666
A012073,3667
A012074,30
A012075,3668
A012076,3669
A012077,23
A012078,14
A012079,3670
A012080,3671
A012081,11
A012082,3672
A012083,4
A012084,13
A012085,3
A012086,4
A012087,27
A012088,2
A012089,24
A012090,0
A012091,23
A012092,3673
A012093,5
A012094,3
A012095,12
A012096,0
A012097,25
A012098,13
A012099,2
A012100,3674
A012101,1
A012102,17
A012103,2
A012104,25
A012105,1
A012106,4
A012107,16
A012108,6
A012109,18
A012110,24
A012111,3675
A012112,1
A012113,21
A012114,3676
A012115,18
A012116,3677
A012117,1
A012118,4
A012119,26
A012120,21
A012121,2
A012122,5
A012123,4
A012124,1
A012125,3678
A012126,16
A012127,3679
A012128,3
A012129,14
A012130,3680
A012131,1
A012132,4
A012133,1
A012134,32
A012135,16
A012136,3681
A012137,23
A012138,0
A012139,0
A012140,34
A012141,3
A012142,2
A012143,21
A012144,2
A012145,13
A012146,18
A012147,7
A012148,10
A012149,9
A012150,3682
A012151,3683
A012152,30
A012153,0
A012154,0
A012155,3684
A012156,10
A012157,4
A012158,9
A012159,13
A012160,24
A012161,26
A012162,3685
A012163,5
A012164,17
A012165,33
A012166,3
A012167,3686
A012168,1
A012169,5
A012170,38
A012171,26
A012172,3
A012173,23
A012174,27
A012175,3687
A012176,3688
A012177,3689
A012178,3690
A012179,13
A012180,3691
A012181,0
A012182,3692
A012183,3693
A012184,14
A012185,0
A012186,3694
A012187,3695
A012188,34
A012189,8
A012190,26
A012191,4
A012192,29
A012193,5
A012194,1
A012195,3696
A012196,3697
A012197,4
A012198,0
A012199,1
A012200,10
A012201,8
A012202,2
A012203,6
A012204,7
A012205,3698
A012206,8
A012207,20
A012208,20
A012209,7
A012210,3699
A012211,2
A012212,3700
A012213,3701
A012214,3702
A012215,3703
A012216,3704
A012217,28
A012218,2
A012219,2
A012220,3705
A012221,4
A012222,4
A012223,1
A012224,19
A012225,27
A012226,2
A012227,19
A012228,3706
A012229,3707
A012230,3708
A012231,2
A012232,3709
A012233,13
A012234,3
A012235,22
A012236,3710
A012237,0
A012238,3711
A012239,3712
A012240,2
A012241,18
A012242,21
A012243,0
A012244,0
A012245,26
A012246,1
A012247,3713
A012248,13
A012249,3714
A012250,7
A012251,3715
A012252,34
A012253,1
A012254,0
A012255,3716
A012256,3
A012257,17
A012258,3717
A012259,27
A012260,21
A012261,15
A012262,10
A012263,5
A012264,2
A012265,29
A012266,3718
A012267,11
A012268,0
A012269,21
A012270,27
A012271,19
A012272,33
A012273,2
A012274,0
A012275,10
A012276,1
A012277,2
A012278,7
A012279,9
A012280,24
A012281,3719
A012282,12
A012283,29
A012284,3720
A012285,3721
A012286,3722
A012287,20
A012288,4
A012289,3723
A012290,3724
A012291,3725
A012292,23
A012293,1
A012294,13
A012295,3726
A012296,1
A012297,3727
A012298,1
A012299,2
A012300,11
A012301,3728
A012302,3
A012303,0
A012304,17
A012305,12
A012306,0
A012307,8
A012308,3729
A012309,24
A012310,3730
A012311,3731
A012312,4
A012313,3732
A012314,0
A012315,1
A012316,3733
A012317,7
A012318,3734
A012319,9
A012320,22
A012321,3735
A012322,4
A012323,19
A012324,3736
A012325,8
A012326,5
A012327,0
A012328,9
A012329,9
A012330,0
A012331,24
A012332,2
A012333,23
A012334,3737
A012335,4
A012336,0
A012337,32
A012338,1
A012339,0
A012340,18
A012341,3738
A012342,0
A012343,1
A012344,13
A012345,8
A012346,2
A012347,3
A012348,3739
A012349,3740
A012350,0
A012351,12
A012352,0
A012353,33
A012354,6
A012355,3741
A012356,3742
A012357,20
A012358,20
A012359,3743
A012360,3744
A012361,7
A012362,3745
A012363,16
A012364,3
A012365,3746
A012366,14
A012367,1
A012368,11
A012369,3747
A012370,32
A012371,2
A012372,3748
A012373,2
A012374,19
A012375,1
A012376,28
A012377,8
A012378,7
A012379,3749
A012380,26
A012381,8
A012382,9
A012383,27
A012384,33
A012385,0
A012386,3
A012387,19
A012388,28
A012389,9
A012390,1
A012391,3750
A012392,3751
A012393,9
A012394,3752
A012395,3753
A012396,3754
A012397,3755
A012398,12
A012399,3756
A012400,31
A012401,16
A012402,25
A012403,3757
A012404,22
A012405,6
A012406,3758
A012407,32
A012408,0
A012409,30
A012410,11
A012411,0
A012412,1
A012413,0
A012414,0
A012415,0
A012416,2
A012417,4
A012418,1
A012419,4
A012420,22
A012421,3759
A012422,8
A012423,3760
A012424,3761
A012425,2
A012426,7
A012427,3762
A012428,3
A012429,22
A012430,3763
A012431,3764
A012432,23
A012433,7
A012434,6
A012435,11
A012436,3765
A012437,1
A012438,3766
A012439,3767
A012440,38
A012441,0
A012442,10
A012443,12
A012444,0
A012445,1
A012446,12
A012447,2
A012448,3768
A012449,13
A012450,3769
A012451,30
A012452,3770
A012453,17
A012454,9
A012455,1
A012456,29
A012457,1
A012458,19
A012459,3771
A012460,27
A012461,4
A012462,3772
A012463,27
A012464,10
A012465,28
A012466,13
A012467,6
A012468,28
A012469,0
A012470,22
A012471,28
A012472,3773
A012473,18
A012474,8
A012475,2
A012476,0
A012477,5
A012478,12
A012479,24
A012480,0
A012481,0
A012482,3774
A012483,3775
A012484,2
A012485,3776
A012486,3777
A012487,9
A012488,32
A012489,0
A012490,1
A012491,20
A012492,3778
A012493,1
A012494,16
A012495,29
A012496,3779
A012497,9
A012498,1
A012499,6
A012500,20
A012501,25
A012502,19
A012503,6
A012504,3780
A012505,3781
A012506,3782
A012507,3783
A012508,4
A012509,13
A012510,7
A012511,3784
A012512,13
A012513,31
A012514,3785
A012515,3786
A012516,7
A012517,9
A012518,3787
A012519,3788
A012520,34
A012521,28
A012522,10
A012523,7
A012524,0
A012525,14
A012526,3789
A012527,3
A012528,4
A012529,31
A012530,3790
A012531,2
A012532,21
A012533,1
A012534,4
A012535,3791
A012536,0
A012537,21
A012538,3792
A012539,3793
A012540,1
A012541,1
A012542,3794
A012543,12
A012544,3795
A012545,3
A012546,11
A012547,26
A012548,0
A012549,3796
A012550,5
A012551,0
A012552,12
A012553,25
A012554,24
A012555,17
A012556,22
A012557,32
A012558,3797
A012559,28
A012560,3798
A012561,3799
A012562,3800
A012563,3801
A012564,13
A012565,12
A012566,3802
A012567,16
A012568,3803
A012569,1
A012570,3804
A012571,25
A012572,1
A012573,3805
A012574,3
A012575,3
A012576,3806
A012577,14
A012578,16
A012579,1
A012580,24
A012581,0
A012582,1
A012583,5
A012584,1
A012585,29
A012586,3807
A012587,0
A012588,30
A012589,34
A012590,3808
A012591,3809
A012592,21
A012593,31
A012594,11
A012595,3810
A012596,33
A012597,4
A012598,5
A012599,1
A012600,5
A012601,3811
A012602,3812
A012603,2
A012604,10
A012605,3813
A012606,5
A012607,5
A012608,15
A012609,3
A012610,2
A012611,3814
A012612,12
A012613,16
A012614,3
A012615,21
A012616,24
A012617,33
A012618,3815
A012619,4
A012620,3816
A012621,3817
A012622,1
A012623,1
A012624,3818
A012625,24
A012626,29
A012627,3819
A012628,12
A012629,3820
A012630,20
A012631,9
A012632,3821
A012633,5
A012634,1
A012635,3822
A012636,3823
A012637,1
A012638,29
A012639,25
A012640,8
A012641,12
A012642,9
A012643,0
A012644,3824
A012645,3825
A012646,32
A012647,0
A012648,3826
A012649,15
A012650,3827
A012651,3828
A012652,8
A012653,21
A012654,3829
A012655,9
A012656,1
A012657,3
A012658,1
A012659,6
A012660,29
A012661,8
A012662,5
A012663,2
A012664,38
A012665,17
A012666,3830
A012667,3831
A012668,5
A012669,24
A012670,3832
A012671,17
A012672,20
A012673,34
A012674,13
A012675,3
A012676,10
A012677,11
A012678,3833
A012679,3
A012680,18
A012681,2
A012682,3834
A012683,3835
A012684,0
A012685,32
A012686,3836
A012687,3837
A012688,3838
A012689,3
A012690,9
A012691,3839
A012692,0
A012693,3840
A012694,1
A012695,3841
A012696,3842
A012697,3843
A012698,0
A012699,3844
A012700,6
A012701,0
A012702,28
A012703,0
A012704,3845
A012705,1
A012706,20
A012707,1
A012708,9
A012709,5
A012710,14
A012711,3846
A012712,3847
A012713,34
A012714,3848
A012715,3849
A012716,3
A012717,3850
A012718,3851
A012719,29
A012720,20
A012721,31
A012722,3852
A012723,3853
A012724,28
A012725,11
A012726,3854
A012727,11
A012728,34
A012729,27
A012730,18
A012731,3855
A012732,3856
A012733,29
A012734,4
A012735,3857
A012736,16
A012737,38
A012738,12
A012739,3858
A012740,3859
A012741,1
A012742,2
A012743,20
A012744,4
A012745,6
A012746,3860
A012747,19
A012748,3
A012749,5
A012750,3861
A012751,2
A012752,1
A012753,3862
A012754,34
A012755,5
A012756,3
A012757,6
A012758,5
A012759,25
A012760,13
A012761,17
A012762,3863
A012763,15
A012764,17
A012765,3864
A012766,1
A012767,22
A012768,10
A012769,19
A012770,14
A012771,0
A012772,3865
A012773,1
A012774,13
A012775,22
A012776,0
A012777,32
A012778,1
A012779,3866
A012780,0
A012781,3867
A012782,16
A012783,3868
A012784,33
A012785,3869
A012786,0
A012787,31
A012788,1
A012789,3870
A012790,3871
A012791,5
A012792,24
A012793,7
A012794,3872
A012795,1
A012796,3873
A012797,3874
A012798,8
A012799,3875
A012800,9
A012801,4
A012802,3876
A012803,8
A012804,5
A012805,3877
A012806,3
A012807,1
A012808,13
A012809,19
A012810,30
A012811,3878
A012812,3879
A012813,15
A012814,1
A012815,3880
A012816,29
A012817,7
A012818,4
A012819,0
A012820,18
A012821,20
A012822,0
A012823,3881
A012824,10
A012825,0
A012826,3882
A012827,2
A012828,3
A012829,20
A012830,32
A012831,3883
A012832,3884
A012833,0
A012834,3885
A012835,3886
A012836,9
A012837,0
A012838,3887
A012839,3888
A012840,30
A012841,8
A012842,22
A012843,2
A012844,3889
A012845,13
A012846,3890
A012847,25
A012848,11
A012849,3891
A012850,16
A012851,0
A012852,0
A012853,26
A012854,14
A012855,0
A012856,27
A012857,28
A012858,0
A012859,1
A012860,18
A012861,26
A012862,0
A012863,9
A012864,3892
A012865,21
A012866,3893
A012867,16
A012868,2
A012869,7
A012870,25
A012871,3894
A012872,1
A012873,28
A012874,3895
A012875,30
A012876,14
A012877,3896
A012878,9
A012879,10
A012880,18
A012881,31
A012882,4
A012883,26
A012884,27
A012885,0
A012886,13
A012887,18
A012888,1
A012889,15
A012890,3897
A012891,6
A012892,3898
A012893,27
A012894,7
A012895,12
A012896,3899
A012897,1
A012898,10
A012899,26
A012900,23
A012901,21
A012902,5
A012903,3900
A012904,2
A012905,0
A012906,0
A012907,19
A012908,1
A012909,8
A012910,10
A012911,24
A012912,3901
A012913,4
A012914,19
A012915,23
A012916,3902
A012917,3903
A012918,10
A012919,34
A012920,3904
A012921,20
A012922,16
A012923,31
A012924,33
A012925,27
A012926,29
A012927,17
A012928,28
A012929,18
A012930,0
A012931,19
A012932,16
A012933,3
A012934,3905
A012935,12
A012936,4
A012937,22
A012938,24
A012939,5
A012940,3
A012941,3906
A012942,3907
A012943,7
A012944,23
A012945,16
A012946,3908
A012947,17
A012948,21
A012949,1
A012950,8
A012951,17
A012952,1
A012953,15
A012954,16
A012955,5
A012956,1
A012957,3909
A012958,3910
A012959,10
A012960,15
A012961,3911
A012962,3912
A012963,3913
A012964,0
A012965,4
A012966,7
A012967,12
A012968,3914
A012969,0
A012970,0
A012971,9
A012972,28
A012973,3915
A012974,2
A012975,3916
A012976,3917
A012977,3918
A012978,5
A012979,11
A012980,22
A012981,3919
A012982,1
A012983,3920
A012984,16
A012985,3921
A012986,2
A012987,21
A012988,23
A012989,3
A012990,3
A012991,32
A012992,2
A012993,6
A012994,7
A012995,33
A012996,31
A012997,1
A012998,0
A012999,17
A013000,2
A013001,3922
A013002,19
A013003,10
A013004,25
A013005,24
A013006,1
A013007,3923
A013008,17
A013009,3924
A013010,3925
A013011,3926
A013012,6
A013013,3927
A013014,8
A013015,0
A013016,12
A013017,6
A013018,17
A013019,32
A013020,19
A013021,32
A013022,1
A013023,3928
A013024,12
A013025,1
A013026,3929
A013027,0
A013028,1
A013029,3930
A013030,13
A013031,3931
A013032,14
A013033,20
A013034,3932
A013035,4
A013036,17
A013037,6
A013038,1
A013039,4
A013040,3933
A013041,26
A013042,3934
A013043,9
A013044,3935
A013045,13
A013046,11
A013047,28
A013048,20
A013049,3936
A013050,3937
A013051,24
A013052,4
A013053,1
A013054,26
A013055,13
A013056,1
A013057,3938
A013058,3939
A013059,1
A013060,4
A013061,10
A013062,24
A013063,2
A013064,3
A013065,0
A013066,3940
A013067,3941
A013068,9
A013069,3942
A013070,3943
A013071,13
A013072,1
A013073,1
A013074,0
A013075,3944
A013076,3945
A013077,19
A013078,3946
A013079,6
A013080,3947
A013081,3948
A013082,24
A013083,3949
A013084,4
A013085,12
A013086,3950
A013087,3951
A013088,3952
A013089,3953
A013090,31
A013091,3954
A013092,3955
A013093,30
A013094,3956
A013095,25
A013096,3957
A013097,8
A013098,3958
A013099,3959
A013100,0
A013101,32
A013102,0
A013103,13
A013104,12
A013105,17
A013106,3960
A013107,3961
A013108,3962
A013109,6
A013110,3
A013111,21
A013112,22
A013113,2
A013114,32
A013115,3963
A013116,3964
A013117,3965
A013118,3966
A013119,18
A013120,3
A013121,2
A013122,5
A013123,23
A013124,12
A013125,0
A013126,2
A013127,3967
A013128,13
A013129,3968
A013130,9
A013131,22
A013132,3969
A013133,1
A013134,11
A013135,12
A013136,3970
A013137,3971
A013138,8
A013139,1
A013140,3972
A013141,5
A013142,3
A013143,7
A013144,2
A013145,3973
A013146,28
A013147,3974
A013148,4
A013149,6
A013150,12
A013151,8
A013152,7
A013153,3
A013154,10
A013155,3
A013156,3975
A013157,0
A013158,16
A013159,3976
A013160,4
A013161,22
A013162,33
A013163,22
A013164,24
A013165,0
A013166,3977
A013167,4
A013168,3978
A013169,3979
A013170,5
A013171,19
A013172,4
A013173,19
A013174,3980
A013175,11
A013176,32
A013177,7
A013178,11
A013179,9
A013180,26
A013181,3981
A013182,12
A013183,3982
A013184,33
A013185,1
A013186,0
A013187,21
A013188,3
A013189,0
A013190,23
A013191,32
A013192,27
A013193,23
A013194,5
A013195,3983
A013196,3984
A013197,3985
A013198,3
A013199,33
A013200,3
A013201,20
A013202,31
A013203,3986
A013204,19
A013205,5
A013206,1
A013207,3987
A013208,32
A013209,24
A013210,2
A013211,3988
A013212,1
A013213,27
A013214,3989
A013215,3
A013216,4
A013217,33
A013218,3990
A013219,2
A013220,2
A013221,14
A013222,28
A013223,3991
A013224,15
A013225,3992
A013226,0
A013227,32
A013228,3993
A013229,22
A013230,11
A013231,3994
A013232,6
A013233,3995
A013234,8
A013235,19
A013236,6
A013237,33
A013238,26
A013239,3996
A013240,22
A013241,27
A013242,8
A013243,1
A013244,0
A013245,3
A013246,28
A013247,0
A013248,4
A013249,21
A013250,1
A013251,25
A013252,3
A013253,5
A013254,9
A013255,15
A013256,6
A013257,3997
A013258,3
A013259,0
A013260,17
A013261,2
A013262,14
A013263,3998
A013264,3999
A013265,0
A013266,10
A013267,1
A013268,2
A013269,0
A013270,3
A013271,9
A013272,26
A013273,13
A013274,4000
A013275,12
A013276,4001
A013277,22
A013278,1
A013279,4
A013280,1
A013281,21
A013282,1
A013283,11
A013284,0
A013285,33
A013286,4
A013287,6
A013288,14
A013289,0
A013290,3
A013291,21
A013292,7
A013293,11
A013294,4002
A013295,4003
A013296,4004
A013297,3
A013298,6
A013299,4005
A013300,24
A013301,27
A013302,4006
A013303,23
A013304,4007
A013305,4008
A013306,22
A013307,4009
A013308,26
A013309,4010
A013310,2
A013311,6
A013312,4011
A013313,24
A013314,32
A013315,4012
A013316,28
A013317,33
A013318,21
A013319,23
A013320,18
A013321,4
A013322,2
A013323,21
A013324,0
A013325,17
A013326,0
A013327,4013
A013328,24
A013329,4014
A013330,12
A013331,8
A013332,0
A013333,4015
A013334,13
A013335,4
A013336,4016
A013337,1
A013338,4017
A013339,8
A013340,8
A013341,1
A013342,1
A013343,4018
A013344,14
A013345,4019
A013346,1
A013347,4020
A013348,0
A013349,4021
A013350,4022
A013351,13
A013352,4023
A013353,1
A013354,2
A013355,22
A013356,4024
A013357,23
A013358,4025
A013359,1
A013360,4026
A013361,20
A013362,31
A013363,0
A013364,4027
A013365,0
A013366,22
A013367,4
A013368,32
A013369,4028
A013370,33
A013371,4029
A013372,5
A013373,6
A013374,3
A013375,0
A013376,7
A013377,34
A013378,25
A013379,4030
A013380,33
A013381,4031
A013382,3
A013383,4032
A013384,24
A013385,34
A013386,4033
A013387,3
A013388,0
A013389,2
A013390,22
A013391,20
A013392,25
A013393,11
A013394,1
A013395,5
A013396,7
A013397,4034
A013398,29
A013399,0
A013400,19
A013401,4035
A013402,1
A013403,28
A013404,4
A013405,3
A013406,4036
A013407,7
A013408,15
A013409,8
A013410,4037
A013411,16
A013412,25
A013413,34
A013414,0
A013415,14
A013416,29
A013417,4038
A013418,1
A013419,4039
A013420,30
A013421,29
A013422,5
A013423,4040
A013424,34
A013425,0
A013426,31
A013427,1
A013428,12
A013429,2
A013430,30
A013431,4041
A013432,21
A013433,18
A013434,8
A013435,4042
A013436,1
A013437,5
A013438,0
A013439,4
A013440,2
A013441,4
A013442,3
A013443,27
A013444,2
A013445,0
A013446,4
A013447,1
A013448,23
A013449,20
A013450,1
A013451,1
A013452,1
A013453,2
A013454,1
A013455,10
A013456,17
A013457,4043
A013458,16
A013459,33
A013460,21
A013461,9
A013462,4044
A013463,7
A013464,20
A013465,4045
A013466,25
A013467,13
A013468,4046
A013469,7
A013470,0
A013471,4047
A013472,21
A013473,0
A013474,10
A013475,19
A013476,14
A013477,19
A013478,1
A013479,5
A013480,4048
A013481,4049
A013482,23
A013483,4050
A013484,5
A013485,30
A013486,4
A013487,27
A013488,4051
A013489,33
A013490,0
A013491,4052
A013492,0
A013493,1
A013494,3
A013495,1
A013496,4053
A013497,4054
A013498,5
A013499,31
A013500,4055
A013501,2
A013502,13
A013503,1
A013504,4056
A013505,11
A013506,4057
A013507,9
A013508,4058
A013509,17
A013510,1
A013511,0
A013512,20
A013513,28
A013514,4059
A013515,1
A013516,4060
A013517,23
A013518,6
A013519,5
A013520,7
A013521,1
A013522,4061
A013523,6
A013524,16
A013525,12
A013526,4062
A013527,4063
A013528,12
A013529,0
A013530,27
A013531,3
A013532,6
A013533,27
A013534,4064
A013535,0
A013536,27
A013537,4065
A013538,4066
A013539,16
A013540,2
A013541,1
A013542,4067
A013543,4
A013544,4068
A013545,4069
A013546,21
A013547,22
A013548,11
A013549,0
A013550,0
A013551,26
A013552,4070
A013553,22
A013554,33
A013555,4071
A013556,4072
A013557,15
A013558,24
A013559,38
A013560,20
A013561,7
A013562,10
A013563,14
A013564,5
A013565,16
A013566,4073
A013567,16
A013568,11
A013569,4074
A013570,4075
A013571,4076
A013572,5
A013573,24
A013574,4077
A013575,24
A013576,2
A013577,10
A013578,30
A013579,4078
A013580,14
A013581,15
A013582,13
A013583,5
A013584,12
A013585,32
A013586,4079
A013587,4080
A013588,5
A013589,33
A013590,1
A013591,10
A013592,2
A013593,4081
A013594,10
A013595,4082
A013596,5
A013597,4083
A013598,0
A013599,38
A013600,18
A013601,29
A013602,4084
A013603,10
A013604,5
A013605,4085
A013606,2
A013607,4086
A013608,4
A013609,4087
A013610,6
A013611,25
A013612,0
A013613,4088
A013614,4089
A013615,22
A013616,5
A013617,7
A013618,0
A013619,10
A013620,4090
A013621,11
A013622,29
A013623,12
A013624,4091
A013625,0
A013626,19
A013627,3
A013628,4092
A013629,4093
A013630,31
A013631,4094
A013632,19
A013633,30
A013634,29
A013635,4095
A013636,3
A013637,11
A013638,0
A013639,4096
A013640,28
A013641,28
A013642,5
A013643,9
A013644,21
A013645,1
A013646,1
A013647,0
A013648,25
A013649,30
A013650,4097
A013651,2
A013652,0
A013653,4098
A013654,15
A013655,26
A013656,5
A013657,4099
A013658,9
A013659,4100
A013660,4101
A013661,29
A013662,18
A013663,2
A013664,4102
A013665,9
A013666,19
A013667,6
A013668,0
A013669,19
A013670,6
A013671,2
A013672,6
A013673,1
A013674,4103
A013675,4104
A013676,4105
A013677,0
A013678,28
A013679,4106
A013680,4107
A013681,2
A013682,7
A013683,23
A013684,13
A013685,4108
A013686,4109
A013687,14
A013688,11
A013689,1
A013690,1
A013691,4110
A013692,2
A013693,1
A013694,14
A013695,3
A013696,2
A013697,16
A013698,4111
A013699,22
A013700,4112
A013701,0
A013702,31
A013703,4113
A013704,4114
A013705,14
A013706,18
A013707,4115
A013708,6
A013709,4116
A013710,0
A013711,33
A013712,4117
A013713,4118
A013714,4119
A013715,14
A013716,4120
A013717,0
A013718,20
A013719,14
A013720,11
A013721,18
A013722,30
A013723,10
A013724,8
A013725,4121
A013726,4122
A013727,2
A013728,0
A013729,2
A013730,4123
A013731,10
A013732,4124
A013733,6
A013734,4125
A013735,0
A013736,2
A013737,3
A013738,11
A013739,4
A013740,4126
A013741,3
A013742,4127
A013743,4128
A013744,4129
A013745,7
A013746,8
A013747,7
A013748,33
A013749,30
A013750,23
A013751,23
A013752,4130
A013753,4131
A013754,22
A013755,34
A013756,4132
A013757,4133
A013758,3
A013759,4134
A013760,4135
A013761,29
A013762,8
A013763,5
A013764,30
A013765,33
A013766,4136
A013767,4137
A013768,4138
A013769,4139
A013770,21
A013771,2
A013772,27
A013773,4140
A013774,2
A013775,4141
A013776,0
A013777,3
A013778,11
A013779,1
A013780,7
A013781,0
A013782,0
A013783,4142
A013784,3
A013785,24
A013786,4143
A013787,32
A013788,1
A013789,12
A013790,4144
A013791,8
A013792,27
A013793,4145
A013794,23
A013795,4146
A013796,4147
A013797,9
A013798,10
A013799,18
A013800,4148
A013801,4149
A013802,34
A013803,4150
A013804,4151
A013805,14
A013806,4152
A013807,1
A013808,10
A013809,14
A013810,22
A013811,10
A013812,4153
A013813,33
A013814,5
A013815,34
A013816,12
A013817,27
A013818,4154
A013819,10
A013820,8
A013821,8
A013822,4155
A013823,10
A013824,7
A013825,4
A013826,31
A013827,4156
A013828,4157
A013829,14
A013830,23
A013831,4158
A013832,4159
A013833,32
A013834,33
A013835,0
A013836,1
A013837,15
A013838,13
A013839,9
A013840,4160
A013841,18
A013842,3
A013843,1
A013844,1
A013845,8
A013846,23
A013847,14
A013848,16
A013849,4161
A013850,4162
A013851,28
A013852,6
A013853,27
A013854,2
A013855,10
A013856,4163
A013857,4164
A013858,1
A013859,4165
A013860,16
A013861,12
A013862,13
A013863,13
A013864,20
A013865,16
A013866,4166
A013867,3
A013868,34
A013869,14
A013870,6
A013871,9
A013872,4167
A013873,1
A013874,0
A013875,26
A013876,34
A013877,4168
A013878,4169
A013879,4170
A013880,2
A013881,17
A013882,3
A013883,4
A013884,32
A013885,34
A013886,7
A013887,4171
A013888,1
A013889,6
A013890,15
A013891,26
A013892,4172
A013893,28
A013894,30
A013895,0
A013896,11
A013897,4173
A013898,24
A013899,16
A013900,4174
A013901,4175
A013902,22
A013903,4176
A013904,6
A013905,4177
A013906,4
A013907,20
A013908,4178
A013909,23
A013910,22
A013911,4179
A013912,8
A013913,4180
A013914,10
A013915,3
A013916,6
A013917,4181
A013918,5
A013919,1
A013920,17
A013921,18
A013922,4182
A013923,29
A013924,9
A013925,26
A013926,11
A013927,21
A013928,4183
A013929,4184
A013930,2
A013931,4
A013932,30
A013933,29
A013934,6
A013935,0
A013936,3
A013937,20
A013938,11
A013939,21
A013940,4185
A013941,8
A013942,7
A013943,4
A013944,27
A013945,4186
A013946,4187
A013947,4188
A013948,8
A013949,4189
A013950,6
A013951,0
A013952,1
A013953,4190
A013954,5
A013955,5
A013956,11
A013957,16
A013958,14
A013959,1
A013960,23
A013961,4191
A013962,21
A013963,4192
A013964,28
A013965,9
A013966,10
A013967,4193
A013968,4194
A013969,4195
A013970,0
A013971,0
A013972,15
A013973,4
A013974,4
A013975,0
A013976,33
A013977,22
A013978,4196
A013979,17
A013980,0
A013981,6
A013982,8
A013983,2
A013984,11
A013985,0
A013986,4197
A013987,27
A013988,4198
A013989,8
A013990,4199
A013991,7
A013992,32
A013993,4200
A013994,0
A013995,4201
A013996,4202
A013997,4
A013998,12
A013999,16
A014000,4203
A014001,1
A014002,0
A014003,15
A014004,4204
A014005,16
A014006,15
A014007,17
A014008,28
A014009,20
A014010,28
A014011,4205
A014012,4206
A014013,1
A014014,26
A014015,1
A014016,15
A014017,0
A014018,4207
A014019,4208
A014020,19
A014021,4209
A014022,16
A014023,3
A014024,23
A014025,17
A014026,4210
A014027,0
A014028,33
A014029,4211
A014030,5
A014031,2
A014032,14
A014033,4212
A014034,4213
A014035,4214
A014036,1
A014037,22
A014038,0
A014039,13
A014040,4215
A014041,7
A014042,4216
A014043,0
A014044,4217
A014045,34
A014046,4218
A014047,4
A014048,0
A014049,4219
A014050,6
A014051,23
A014052,0
A014053,18
A014054,2
A014055,4220
A014056,4
A014057,14
A014058,1
A014059,4221
A014060,27
A014061,21
A014062,28
A014063,5
A014064,4222
A014065,4223
A014066,13
A014067,4224
A014068,31
A014069,0
A014070,1
A014071,24
A014072,1
A014073,4225
A014074,1
A014075,11
A014076,3
A014077,4226
A014078,16
A014079,29
A014080,16
A014081,4227
A014082,0
A014083,4228
A014084,4
A014085,27
A014086,25
A014087,12
A014088,4
A014089,4229
A014090,4230
A014091,0
A014092,1
A014093,8
A014094,27
A014095,0
A014096,4231
A014097,3
A014098,22
A014099,23
A014100,23
A014101,28
A014102,20
A014103,1
A014104,0
A014105,4232
A014106,3
A014107,2
A014108,11
A014109,19
A014110,4233
A014111,19
A014112,4234
A014113,23
A014114,4235
A014115,28
A014116,26
A014117,4236
A014118,4
A014119,0
A014120,6
A014121,8
A014122,1
A014123,21
A014124,10
A014125,6
A014126,4237
A014127,4238
A014128,2
A014129,8
A014130,3
A014131,10
A014132,1
A014133,4239
A014134,3
A014135,8
A014136,13
A014137,4240
A014138,4241
A014139,8
A014140,1
A014141,1
A014142,0
A014143,1
A014144,16
A014145,21
A014146,7
A014147,5
A014148,25
A014149,4242
A014150,10
A014151,0
A014152,26
A014153,33
A014154,7
A014155,14
A014156,21
A014157,5
A014158,15
A014159,4243
A014160,15
A014161,23
A014162,0
A014163,4244
A014164,0
A014165,4245
A014166,4246
A014167,4247
A014168,0
A014169,4248
A014170,31
A014171,4249
A014172,4250
A014173,0
A014174,26
A014175,4251
A014176,9
A014177,1
A014178,20
A014179,26
A014180,4252
A014181,7
A014182,27
A014183,17
A014184,4253
A014185,4254
A014186,10
A014187,30
A014188,18
A014189,23
A014190,19
A014191,4255
A014192,5
A014193,9
A014194,25
A014195,0
A014196,24
A014197,24
A014198,4256
A014199,27
A014200,21
A014201,26
A014202,1
A014203,4257
A014204,0
A014205,4258
A014206,4259
A014207,0
A014208,4260
A014209,0
A014210,11
A014211,1
A014212,25
A014213,14
A014214,16
A014215,11
A014216,31
A014217,4
A014218,26
A014219,26
A014220,1
A014221,4261
A014222,12
A014223,4262
A014224,22
A014225,34
A014226,4263
A014227,4264
A014228,4
A014229,1
A014230,18
A014231,26
A014232,8
A014233,0
A014234,4265
A014235,29
A014236,26
A014237,12
A014238,11
A014239,4266
A014240,22
A014241,0
A014242,10
A014243,1
A014244,4267
A014245,15
A014246,1
A014247,4268
A014248,0
A014249,29
A014250,4269
A014251,4270
A014252,4271
A014253,14
A014254,21
A014255,0
A014256,1
A014257,2
A014258,4272
A014259,16
A014260,26
A014261,4273
A014262,15
A014263,1
A014264,9
A014265,1
A014266,23
A014267,4274
A014268,4275
A014269,8
A014270,4276
A014271,22
A014272,4277
A014273,2
A014274,4278
A014275,33
A014276,4279
A014277,6
A014278,4280
A014279,0
A014280,4281
A014281,2
A014282,4282
A014283,5
A014284,1
A014285,16
A014286,10
A014287,3
A014288,0
A014289,1
A014290,7
A014291,0
A014292,1
A014293,4283
A014294,11
A014295,4284
A014296,1
A014297,11
A014298,1
A014299,4
A014300,4285
A014301,21
A014302,4286
A014303,16
A014304,25
A014305,0
A014306,14
A014307,1
A014308,22
A014309,3
A014310,3
A014311,1
A014312,1
A014313,2
A014314,32
A014315,5
A014316,21
A014317,27
A014318,4287
A014319,4288
A014320,2
A014321,16
A014322,18
A014323,4289
A014324,4290
A014325,9
A014326,4291
A014327,15
A014328,10
A014329,4292
A014330,3
A014331,10
A014332,1
A014333,0
A014334,26
A014335,15
A014336,4293
A014337,32
A014338,4294
A014339,12
A014340,4295
A014341,1
A014342,26
A014343,5
A014344,9
A014345,8
A014346,0
A014347,4296
A014348,6
A014349,2
A014350,4297
A014351,29
A014352,20
A014353,1
A014354,0
A014355,4298
A014356,20
A014357,4299
A014358,25
A014359,13
A014360,4300
A014361,5
A014362,1
A014363,9
A014364,4301
A014365,26
A014366,33
A014367,34
A014368,0
A014369,4302
A014370,2
A014371,15
A014372,1
A014373,4303
A014374,4304
A014375,4305
A014376,4306
A014377,19
A014378,9
A014379,7
A014380,9
A014381,18
A014382,4307
A014383,31
A014384,32
A014385,28
A014386,26
A014387,3
A014388,5
A014389,26
A014390,1
A014391,0
A014392,4308
A014393,4309
A014394,22
A014395,1
A014396,8
A014397,4310
A014398,3
A014399,20
A014400,7
A014401,4311
A014402,4312
A014403,2
A014404,5
A014405,4313
A014406,4314
A014407,0
A014408,0
A014409,5
A014410,10
A014411,4
A014412,4315
A014413,4316
A014414,0
A014415,1
A014416,4317
A014417,4318
A014418,4319
A014419,8
A014420,4
A014421,29
A014422,12
A014423,4320
A014424,32
A014425,27
A014426,24
A014427,19
A014428,4321
A014429,4
A014430,5
A014431,32
A014432,0
A014433,1
A014434,18
A014435,6
A014436,4
A014437,4
A014438,11
A014439,13
A014440,2
A014441,34
A014442,4322
A014443,1
A014444,10
A014445,6
A014446,4323
A014447,4324
A014448,4325
A014449,20
A014450,20
A014451,14
A014452,4
A014453,17
A014454,22
A014455,7
A014456,0
A014457,4326
A014458,27
A014459,4327
A014460,4
A014461,18
A014462,4328
A014463,24
A014464,4329
A014465,33
A014466,11
A014467,26
A014468,10
A014469,34
A014470,6
A014471,2
A014472,0
A014473,2
A014474,0
A014475,23
A014476,7
A014477,29
A014478,15
A014479,6
A014480,4330
A014481,5
A014482,4331
A014483,4332
A014484,4333
A014485,2
A014486,27
A014487,4334
A014488,16
A014489,31
A014490,4335
A014491,4336
A014492,3
A014493,29
A014494,4
A014495,0
A014496,0
A014497,20
A014498,2
A014499,19
A014500,0
A014501,24
A014502,7
A014503,20
A014504,38
A014505,4337
A014506,0
A014507,5
A014508,17
A014509,26
A014510,4
A014511,4338
A014512,1
A014513,5
A014514,4339
A014515,0
A014516,4340
A014517,33
A014518,4
A014519,8
A014520,4341
A014521,24
A014522,4342
A014523,11
A014524,4343
A014525,3
A014526,4344
A014527,17
A014528,4345
A014529,4346
A014530,16
A014531,22
A014532,29
A014533,9
A014534,26
A014535,18
A014536,4347
A014537,31
A014538,9
A014539,4348
A014540,31
A014541,0
A014542,29
A014543,6
A014544,0
A014545,34
A014546,32
A014547,4
A014548,8
A014549,24
A014550,15
A014551,8
A014552,9
A014553,0
A014554,6
A014555,5
A014556,1
A014557,8
A014558,0
A014559,4349
A014560,0
A014561,0
A014562,5
A014563,6
A014564,4350
A014565,25
A014566,5
A014567,4351
A014568,4352
A014569,4353
A014570,12
A014571,7
A014572,4354
A014573,7
A014574,4355
A014575,4356
A014576,4357
A014577,4358
A014578,10
A014579,11
A014580,0
A014581,12
A014582,0
A014583,4359
A014584,4360
A014585,4361
A014586,2
A014587,13
A014588,4362
A014589,4363
A014590,2
A014591,22
A014592,4364
A014593,1
A014594,1
A014595,14
A014596,1
A014597,28
A014598,4365
A014599,3
A014600,0
A014601,19
A014602,4366
A014603,8
A014604,8
A014605,4367
A014606,1
A014607,4368
A014608,1
A014609,7
A014610,4369
A014611,4370
A014612,0
A014613,4371
A014614,12
A014615,4372
A014616,9
A014617,1
A014618,4373
A014619,10
A014620,4374
A014621,6
A014622,4375
A014623,3
A014624,8
A014625,8
A014626,4376
A014627,6
A014628,4377
A014629,4
A014630,29
A014631,4378
A014632,1
A014633,4379
A014634,4380
A014635,4381
A014636,5
A014637,3
A014638,4382
A014639,8
A014640,2
A014641,4383
A014642,4384
A014643,4385
A014644,4386
A014645,3
A014646,6
A014647,4387
A014648,18
A014649,16
A014650,23
A014651,4388
A014652,27
A014653,6
A014654,33
A014655,4389
A014656,19
A014657,4390
A014658,4391
A014659,18
A014660,6
A014661,12
A014662,4392
A014663,5
A014664,4
A014665,13
A014666,1
A014667,4393
A014668,4394
A014669,4395
A014670,7
A014671,17
A014672,29
A014673,0
A014674,32
A014675,4396
A014676,34
A014677,11
A014678,19
A014679,4397
A014680,20
A014681,4398
A014682,0
A014683,4399
A014684,1
A014685,18
A014686,4400
A014687,14
A014688,0
A014689,4401
A014690,1
A014691,4402
A014692,13
A014693,13
A014694,0
A014695,19
A014696,21
A014697,10
A014698,4403
A014699,20
A014700,13
A014701,0
A014702,12
A014703,26
A014704,16
A014705,2
A014706,4404
A014707,12
A014708,4405
A014709,1
A014710,27
A014711,9
A014712,4406
A014713,2
A014714,5
A014715,0
A014716,4
A014717,4407
A014718,4408
A014719,4409
A014720,1
A014721,6
A014722,0
A014723,4410
A014724,34
A014725,4
A014726,27
A014727,21
A014728,0
A014729,19
A014730,4411
A014731,3
A014732,4412
A014733,0
A014734,11
A014735,4413
A014736,4414
A014737,4415
A014738,4416
A014739,0
A014740,3
A014741,7
A014742,5
A014743,4
A014744,17
A014745,4417
A014746,14
A014747,4418
A014748,4419
A014749,14
A014750,25
A014751,4420
A014752,10
A014753,4421
A014754,15
A014755,0
A014756,14
A014757,17
A014758,4422
A014759,4423
A014760,4424
A014761,1
A014762,4425
A014763,5
A014764,18
A014765,4426
A014766,23
A014767,9
A014768,8
A014769,4427
A014770,4428
A014771,11
A014772,0
A014773,33
A014774,4429
A014775,4430
A014776,26
A014777,4
A014778,4431
A014779,4432
A014780,13
A014781,26
A014782,4433
A014783,22
A014784,4434
A014785,1
A014786,6
A014787,4435
A014788,14
A014789,0
A014790,3
A014791,4436
A014792,4437
A014793,4438
A014794,26
A014795,5
A014796,9
A014797,4439
A014798,4440
A014799,1
A014800,2
A014801,19
A014802,16
A014803,22
A014804,4441
A014805,1
A014806,3
A014807,1
A014808,30
A014809,4
A014810,25
A014811,4442
A014812,4
A014813,5
A014814,1
A014815,4443
A014816,23
A014817,26
A014818,12
A014819,0
A014820,8
A014821,4444
A014822,7
A014823,2
A014824,4
A014825,12
A014826,4445
A014827,4446
A014828,7
A014829,12
A014830,4447
A014831,9
A014832,18
A014833,25
A014834,6
A014835,2
A014836,22
A014837,4448
A014838,4
A014839,4449
A014840,21
A014841,28
A014842,20
A014843,10
A014844,4450
A014845,0
A014846,14
A014847,4
A014848,22
A014849,1
A014850,14
A014851,2
A014852,4451
A014853,1
A014854,0
A014855,4452
A014856,2
A014857,5
A014858,3
A014859,4453
A014860,5
A014861,31
A014862,4454
A014863,5
A014864,8
A014865,12
A014866,4455
A014867,0
A014868,24
A014869,25
A014870,4456
A014871,2
A014872,14
A014873,20
A014874,4457
A014875,2
A014876,1
A014877,4458
A014878,3
A014879,18
A014880,4459
A014881,4460
A014882,15
A014883,27
A014884,23
A014885,21
A014886,13
A014887,3
A014888,26
A014889,29
A014890,1
A014891,4461
A014892,4462
A014893,2
A014894,4463
A014895,0
A014896,4464
A014897,7
A014898,8
A014899,24
A014900,2
A014901,15
A014902,0
A014903,30
A014904,2
A014905,25
A014906,4465
A014907,4466
A014908,3
A014909,20
A014910,4467
A014911,0
A014912,1
A014913,1
A014914,4468
A014915,13
A014916,14
A014917,4469
A014918,23
A014919,4470
A014920,3
A014921,31
A014922,34
A014923,22
A014924,4471
A014925,4472
A014926,4473
A014927,20
A014928,4
A014929,4474
A014930,14
A014931,31
A014932,0
A014933,0
A014934,1
A014935,4475
A014936,12
A014937,4476
A014938,0
A014939,7
A014940,0
A014941,0
A014942,20
A014943,30
A014944,12
A014945,34
A014946,8
A014947,9
A014948,1
A014949,4477
A014950,4478
A014951,25
A014952,10
A014953,4479
A014954,2
A014955,4480
A014956,4481
A014957,11
A014958,4482
A014959,4483
A014960,2
A014961,4484
A014962,15
A014963,6
A014964,7
A014965,5
A014966,2
A014967,1
A014968,6
A014969,4485
A014970,3
A014971,4
A014972,4486
A014973,4487
A014974,0
A014975,4488
A014976,8
A014977,4489
A014978,4490
A014979,4491
A014980,4492
A014981,8
A014982,4493
A014983,0
A014984,5
A014985,11
A014986,32
A014987,2
A014988,7
A014989,8
A014990,34
A014991,11
A014992,11
A014993,5
A014994,24
A014995,4494
A014996,20
A014997,19
A014998,4
A014999,8
A015000,7
A015001,27
A015002,1
A015003,4495
A015004,31
A015005,4496
A015006,4497
A015007,13
A015008,4498
A015009,4499
A015010,23
A015011,3
A015012,18
A015013,22
A015014,4500
A015015,4501
A015016,30
A015017,0
A015018,24
A015019,1
A015020,6
A015021,15
A015022,12
A015023,1
A015024,4502
A015025,4503
A015026,23
A015027,1
A015028,1
A015029,4504
A015030,0
A015031,0
A015032,5
A015033,4505
A015034,4506
A015035,1
A015036,3
A015037,4507
A015038,4508
A015039,4509
A015040,2
A015041,17
A015042,4510
A015043,3
A015044,23
A015045,8
A015046,4511
A015047,23
A015048,34
A015049,4512
A015050,13
A015051,10
A015052,27
A015053,24
A015054,4513
A015055,1
A015056,4
A015057,4514
A015058,4515
A015059,18
A015060,18
A015061,4
A015062,2
A015063,5
A015064,2
A015065,24
A015066,4516
A015067,4517
A015068,7
A015069,9
A015070,4518
A015071,2
A015072,4519
A015073,10
A015074,27
A015075,0
A015076,12
A015077,2
A015078,15
A015079,4520
A015080,4521
A015081,0
A015082,19
A015083,15
A015084,1
A015085,16
A015086,2
A015087,4522
A015088,4523
A015089,4524
A015090,5
A015091,4525
A015092,32
A015093,4526
A015094,4527
A015095,4528
A015096,6
A015097,6
A015098,13
A015099,32
A015100,4529
A015101,4530
A015102,25
A015103,6
A015104,4531
A015105,24
A015106,22
A015107,26
A015108,8
A015109,17
A015110,15
A015111,28
A015112,4532
A015113,12
A015114,38
A015115,4533
A015116,30
A015117,1
A015118,4534
A015119,28
A015120,1
A015121,4535
A015122,30
A015123,12
A015124,30
A015125,29
A015126,0
A015127,7
A015128,15
A015129,18
A015130,26
A015131,4536
A015132,4537
A015133,3
A015134,5
A015135,4538
A015136,0
A015137,1
A015138,2
A015139,21
A015140,4539
A015141,4540
A015142,6
A015143,0
A015144,20
A015145,2
A015146,9
A015147,33
A015148,4
A015149,4541
A015150,16
A015151,20
A015152,4542
A015153,30
A015154,3
A015155,1
A015156,4543
A015157,11
A015158,4544
A015159,1
A015160,3
A015161,2
A015162,4545
A015163,20
A015164,9
A015165,10
A015166,1
A015167,4546
A015168,4547
A015169,11
A015170,4548
A015171,1
A015172,4549
A015173,16
A015174,27
A015175,4550
A015176,1
A015177,1
A015178,4551
A015179,38
A015180,10
A015181,4552
A015182,13
A015183,22
A015184,7
A015185,38
A015186,7
A015187,3
A015188,38
A015189,5
A015190,0
A015191,28
A015192,16
A015193,4553
A015194,0
A015195,4554
A015196,5
A015197,0
A015198,33
A015199,4555
A015200,30
A015201,3
A015202,30
A015203,6
A015204,24
A015205,0
A015206,13
A015207,4556
A015208,0
A015209,4557
A015210,10
A015211,3
A015212,0
A015213,4
A015214,1
A015215,4558
A015216,6
A015217,3
A015218,0
A015219,3
A015220,23
A015221,26
A015222,4559
A015223,4560
A015224,6
A015225,4
A015226,2
A015227,1
A015228,4561
A015229,12
A015230,17
A015231,23
A015232,6
A015233,29
A015234,7
A015235,10
A015236,21
A015237,1
A015238,0
A015239,8
A015240,4
A015241,2
A015242,4562
A015243,13
A015244,12
A015245,28
A015246,1
A015247,4563
A015248,27
A015249,4564
A015250,10
A015251,25
A015252,8
A015253,3
A015254,8
A015255,16
A015256,5
A015257,15
A015258,0
A015259,5
A015260,0
A015261,17
A015262,7
A015263,11
A015264,4
A015265,4565
A015266,0
A015267,0
A015268,16
A015269,4566
A015270,8
A015271,4567
A015272,11
A015273,25
A015274,0
A015275,3
A015276,4568
A015277,24
A015278,15
A015279,1
A015280,0
A015281,17
A015282,4569
A015283,12
A015284,9
A015285,30
A015286,12
A015287,0
A015288,26
A015289,0
A015290,4570
A015291,16
A015292,6
A015293,1
A015294,4571
A015295,11
A015296,4572
A015297,4573
A015298,4574
A015299,3
A015300,19
A015301,22
A015302,4575
A015303,0
A015304,0
A015305,28
A015306,3
A015307,4576
A015308,13
A015309,4577
A015310,4578
A015311,30
A015312,11
A015313,4579
A015314,20
A015315,5
A015316,14
A015317,4580
A015318,8
A015319,4581
A015320,7
A015321,8
A015322,4582
A015323,8
A015324,0
A015325,4583
A015326,5
A015327,19
A015328,27
A015329,0
A015330,31
A015331,4584
A015332,1
A015333,3
A015334,16
A015335,3
A015336,0
A015337,20
A015338,25
A015339,4585
A015340,15
A015341,0
A015342,4586
A015343,38
A015344,19
A015345,13
A015346,26
A015347,3
A015348,9
A015349,12
A015350,28
A015351,25
A015352,3
A015353,0
A015354,8
A015355,14
A015356,4
A015357,1
A015358,4587
A015359,14
A015360,13
A015361,4588
A015362,4589
A015363,19
A015364,24
A015365,4590
A015366,18
A015367,8
A015368,21
A015369,4591
A015370,20
A015371,17
A015372,0
A015373,4592
A015374,24
A015375,4593
A015376,2
A015377,4594
A015378,4595
A015379,4596
A015380,6
A015381,12
A015382,22
A015383,4
A015384,19
A015385,24
A015386,17
A015387,4597
A015388,29
A015389,32
A015390,5
A015391,33
A015392,0
A015393,0
A015394,4598
A015395,28
A015396,13
A015397,3
A015398,18
A015399,0
A015400,29
A015401,4599
A015402,0
A015403,4600
A015404,4601
A015405,31
A015406,0
A015407,4602
A015408,17
A015409,4603
A015410,31
A015411,0
A015412,26
A015413,7
A015414,30
A015415,2
A015416,7
A015417,33
A015418,30
A015419,7
A015420,26
A015421,0
A015422,5
A015423,0
A015424,1
A015425,7
A015426,2
A015427,4604
A015428,8
A015429,4605
A015430,0
A015431,13
A015432,21
A015433,9
A015434,2
A015435,4606
A015436,29
A015437,4607
A015438,15
A015439,0
A015440,10
A015441,2
A015442,4608
A015443,8
A015444,7
A015445,4609
A015446,0
A015447,0
A015448,4610
A015449,3
A015450,21
A015451,24
A015452,6
A015453,3
A015454,8
A015455,0
A015456,0
A015457,7
A015458,18
A015459,4611
A015460,2
A015461,32
A015462,4612
A015463,23
A015464,13
A015465,4613
A015466,4614
A015467,11
A015468,2
A015469,2
A015470,0
A015471,0
A015472,4615
A015473,4616
A015474,4617
A015475,4618
A015476,9
A015477,2
A015478,4619
A015479,4620
A015480,17
A015481,3
A015482,15
A015483,16
A015484,24
A015485,10
A015486,13
A015487,6
A015488,12
A015489,4621
A015490,8
A015491,3
A015492,1
A015493,8
A015494,0
A015495,33
A015496,7
A015497,2
A015498,27
A015499,2
A015500,9
A015501,4
A015502,21
A015503,7
A015504,4
A015505,5
A015506,4622
A015507,26
A015508,8
A015509,2
A015510,0
A015511,32
A015512,4623
A015513,33
A015514,21
A015515,1
A015516,0
A015517,4624
A015518,1
A015519,13
A015520,0
A015521,9
A015522,0
A015523,4625
A015524,11
A015525,26
A015526,4
A015527,13
A015528,5
A015529,4626
A015530,1
A015531,13
A015532,4627
A015533,4628
A015534,4
A015535,21
A015536,9
A015537,9
A015538,4629
A015539,28
A015540,0
A015541,9
A015542,18
A015543,5
A015544,4630
A015545,4631
A015546,4632
A015547,4
A015548,4633
A015549,4
A015550,4634
A015551,30
A015552,21
A015553,18
A015554,16
A015555,4
A015556,29
A015557,1
A015558,4635
A015559,5
A015560,38
A015561,12
A015562,16
A015563,1
A015564,14
A015565,21
A015566,7
A015567,6
A015568,4636
A015569,1
A015570,3
A015571,20
A015572,0
A015573,4637
A015574,15
A015575,12
A015576,6
A015577,34
A015578,8
A015579,28
A015580,29
A015581,3
A015582,4638
A015583,12
A015584,24
A015585,4639
A015586,4640
A015587,4641
A015588,23
A015589,0
A015590,5
A015591,25
A015592,0
A015593,4642
A015594,4643
A015595,31
A015596,12
A015597,4644
A015598,23
A015599,27
A015600,4645
A015601,4646
A015602,27
A015603,0
A015604,19
A015605,4647
A015606,7
A015607,2
A015608,9
A015609,4648
A015610,3
A015611,8
A015612,4649
A015613,4650
A015614,19
A015615,16
A015616,4651
A015617,2
A015618,4652
A015619,4653
A015620,4654
A015621,19
A015622,23
A015623,21
A015624,2
A015625,28
A015626,0
A015627,19
A015628,5
A015629,17
A015630,10
A015631,0
A015632,3
A015633,8
A015634,32
A015635,28
A015636,4655
A015637,4656
A015638,4657
A015639,11
A015640,4658
A015641,1
A015642,31
A015643,31
A015644,7
A015645,0
A015646,25
A015647,6
A015648,1
A015649,9
A015650,4659
A015651,0
A015652,4660
A015653,4661
A015654,4662
A015655,23
A015656,11
A015657,4663
A015658,14
A015659,7
A015660,4664
A015661,6
A015662,17
A015663,8
A015664,30
A015665,25
A015666,7
A015667,10
A015668,4665
A015669,8
A015670,24
A015671,4666
A015672,1
A015673,10
A015674,6
A015675,31
A015676,0
A015677,0
A015678,4667
A015679,19
A015680,20
A015681,0
A015682,17
A015683,1
A015684,8
A015685,9
A015686,4668
A015687,0
A015688,4669
A015689,5
A015690,29
A015691,4670
A015692,23
A015693,4
A015694,4
A015695,34
A015696,23
A015697,4671
A015698,0
A015699,29
A015700,20
A015701,34
A015702,1
A015703,4672
A015704,26
A015705,0
A015706,4673
A015707,4674
A015708,21
A015709,4
A015710,3
A015711,26
A015712,0
A015713,4675
A015714,0
A015715,2
A015716,0
A015717,1
A015718,4676
A015719,3
A015720,4677
A015721,8
A015722,6
A015723,4678
A015724,18
A015725,3
A015726,4
A015727,23
A015728,24
A015729,4679
A015730,4680
A015731,22
A015732,20
A015733,14
A015734,18
A015735,4681
A015736,10
A015737,33
A015738,14
A015739,4
A015740,7
A015741,4682
A015742,4683
A015743,1
A015744,12
A015745,30
A015746,7
A015747,4684
A015748,1
A015749,4685
A015750,4686
A015751,6
A015752,3
A015753,0
A015754,2
A015755,10
A015756,4687
A015757,4688
A015758,22
A015759,4689
A015760,1
A015761,0
A015762,4690
A015763,30
A015764,7
A015765,4691
A015766,30
A015767,13
A015768,1
A015769,4692
A015770,0
A015771,4693
A015772,11
A015773,16
A015774,4694
A015775,8
A015776,13
A015777,5
A015778,23
A015779,17
A015780,30
A015781,11
A015782,0
A015783,8
A015784,4695
A015785,22
A015786,3
A015787,12
A015788,3
A015789,4696
A015790,30
A015791,2
A015792,16
A015793,4697
A015794,9
A015795,1
A015796,2
A015797,7
A015798,16
A015799,27
A015800,4698
A015801,4699
A015802,4700
A015803,0
A015804,16
A015805,4701
A015806,20
A015807,6
A015808,1
A015809,11
A015810,4702
A015811,5
A015812,3
A015813,2
A015814,17
A015815,17
A015816,11
A015817,34
A015818,4
A015819,4703
A015820,1
A015821,18
A015822,9
A015823,1
A015824,4704
A015825,4705
A015826,10
A015827,4706
A015828,4707
A015829,30
A015830,4708
A015831,4709
A015832,6
A015833,11
A015834,4710
A015835,4711
A015836,30
A015837,27
A015838,24
A015839,9
A015840,18
A015841,0
A015842,12
A015843,32
A015844,15
A015845,25
A015846,28
A015847,26
A015848,8
A015849,4712
A015850,4713
A015851,1
A015852,30
A015853,15
A015854,4714
A015855,28
A015856,4715
A015857,27
A015858,4716
A015859,3
A015860,8
A015861,4717
A015862,1
A015863,32
A015864,28
A015865,4718
A015866,26
A015867,3
A015868,22
A015869,0
A015870,3
A015871,6
A015872,5
A015873,32
A015874,7
A015875,25
A015876,5
A015877,0
A015878,18
A015879,20
A015880,23
A015881,31
A015882,1
A015883,30
A015884,11
A015885,4719
A015886,38
A015887,13
A015888,9
A015889,11
A015890,34
A015891,9
A015892,5
A015893,4720
A015894,27
A015895,4721
A015896,4722
A015897,8
A015898,6
A015899,18
A015900,14
A015901,4
A015902,8
A015903,0
A015904,24
A015905,6
A015906,4723
A015907,24
A015908,9
A015909,11
A015910,4724
A015911,30
A015912,34
A015913,11
A015914,1
A015915,4725
A015916,4726
A015917,21
A015918,1
A015919,16
A015920,0
A015921,2
A015922,1
A015923,4727
A015924,27
A015925,5
A015926,0
A015927,4728
A015928,4729
A015929,4730
A015930,4731
A015931,4732
A015932,29
A015933,4733
A015934,29
A015935,10
A015936,10
A015937,4734
A015938,4735
A015939,4736
A015940,22
A015941,4737
A015942,4
A015943,13
A015944,3
A015945,7
A015946,27
A015947,12
A015948,4738
A015949,4
A015950,2
A015951,21
A015952,31
A015953,4739
A015954,12
A015955,23
A015956,4740
A015957,17
A015958,5
A015959,6
A015960,16
A015961,4741
A015962,7
A015963,38
A015964,23
A015965,4742
A015966,20
A015967,25
A015968,12
A015969,15
A015970,4743
A015971,5
A015972,10
A015973,28
A015974,9
A015975,4744
A015976,28
A015977,19
A015978,1
A015979,4745
A015980,4746
A015981,6
A015982,0
A015983,4747
A015984,4748
A015985,2
A015986,28
A015987,30
A015988,32
A015989,9
A015990,27
A015991,24
A015992,27
A015993,4749
A015994,5
A015995,23
A015996,1
A015997,7
A015998,4750
A015999,0
A016000,26
A016001,4751
A016002,11
A016003,3
A016004,11
A016005,4752
A016006,17
A016007,4753
A016008,4754
A016009,15
A016010,13
A016011,4755
A016012,0
A016013,20
A016014,24
A016015,4756
A016016,13
A016017,1
A016018,12
A016019,6
A016020,4757
A016021,4758
A016022,12
A016023,31
A016024,0
A016025,13
A016026,7
A016027,24
A016028,19
A016029,4759
A016030,27
A016031,4760
A016032,4761
A016033,6
A016034,14
A016035,4762
A016036,4763
A016037,1
A016038,16
A016039,1
A016040,0
A016041,4764
A016042,4765
A016043,31
A016044,15
A016045,3
A016046,38
A016047,4766
A016048,4767
A016049,7
A016050,13
A016051,2
A016052,4
A016053,4768
A016054,4769
A016055,21
A016056,3
A016057,30
A016058,6
A016059,3
A016060,0
A016061,34
A016062,4770
A016063,0
A016064,4771
A016065,19
A016066,14
A016067,4772
A016068,24
A016069,19
A016070,1
A016071,23
A016072,4773
A016073,9
A016074,3
A016075,22
A016076,27
A016077,31
A016078,16
A016079,13
A016080,3
A016081,31
A016082,23
A016083,4774
A016084,17
A016085,4775
A016086,1
A016087,4776
A016088,22
A016089,0
A016090,2
A016091,4777
A016092,4778
A016093,2
A016094,26
A016095,6
A016096,28
A016097,13
A016098,34
A016099,24
A016100,21
A016101,31
A016102,24
A016103,4779
A016104,4
A016105,1
A016106,4780
A016107,12
A016108,16
A016109,0
A016110,4781
A016111,26
A016112,4782
A016113,0
A016114,18
A016115,9
A016116,5
A016117,1
A016118,1
A016119,1
A016120,4783
A016121,16
A016122,4784
A016123,0
A016124,10
A016125,23
A016126,24
A016127,4785
A016128,0
A016129,33
A016130,28
A016131,2
A016132,4786
A016133,27
A016134,15
A016135,6
A016136,1
A016137,18
A016138,1
A016139,4787
A016140,4788
A016141,4
A016142,24
A016143,16
A016144,0
A016145,28
A016146,16
A016147,14
A016148,34
A016149,14
A016150,1
A016151,24
A016152,18
A016153,14
A016154,13
A016155,20
A016156,9
A016157,2
A016158,4789
A016159,12
A016160,10
A016161,16
A016162,27
A016163,33
A016164,2
A016165,4790
A016166,10
A016167,1
A016168,4791
A016169,4792
A016170,9
A016171,12
A016172,5
A016173,16
A016174,3
A016175,29
A016176,2
A016177,2
A016178,26
A016179,4793
A016180,4794
A016181,1
A016182,4795
A016183,14
A016184,24
A016185,4796
A016186,11
A016187,0
A016188,4797
A016189,13
A016190,2
A016191,19
A016192,31
A016193,13
A016194,4798
A016195,4
A016196,19
A016197,10
A016198,3
A016199,5
A016200,4799
A016201,27
A016202,28
A016203,4800
A016204,5
A016205,29
A016206,16
A016207,4801
A016208,4802
A016209,23
A016210,7
A016211,24
A016212,22
A016213,4803
A016214,4804
A016215,21
A016216,1
A016217,4805
A016218,11
A016219,9
A016220,4806
A016221,4807
A016222,20
A016223,21
A016224,4808
A016225,2
A016226,4809
A016227,0
A016228,2
A016229,2
A016230,4810
A016231,9
A016232,0
A016233,11
A016234,19
A016235,23
A016236,28
A016237,19
A016238,3
A016239,4811
A016240,7
A016241,9
A016242,15
A016243,24
A016244,4812
A016245,2
A016246,1
A016247,5
A016248,4813
A016249,2
A016250,20
A016251,13
A016252,7
A016253,2
A016254,9
A016255,4814
A016256,22
A016257,26
A016258,22
A016259,0
A016260,4815
A016261,24
A016262,4816
A016263,14
A016264,4817
A016265,17
A016266,11
A016267,4818
A016268,4819
A016269,20
A016270,5
A016271,4820
A016272,26
A016273,4821
A016274,2
A016275,4822
A016276,21
A016277,11
A016278,2
A016279,28
A016280,4823
A016281,4824
A016282,4825
A016283,15
A016284,4826
A016285,18
A016286,19
A016287,9
A016288,8
A016289,0
A016290,4827
A016291,12
A016292,7
A016293,4828
A016294,7
A016295,38
A016296,0
A016297,7
A016298,33
A016299,0
A016300,8
A016301,2
A016302,3
A016303,4829
A016304,30
A016305,38
A016306,34
A016307,4830
A016308,4831
A016309,4832
A016310,4833
A016311,0
A016312,13
A016313,4834
A016314,10
A016315,4835
A016316,1
A016317,19
A016318,0
A016319,13
A016320,10
A016321,0
A016322,4836
A016323,4837
A016324,4838
A016325,4839
A016326,4840
A016327,18
A016328,4841
A016329,21
A016330,0
A016331,0
A016332,30
A016333,6
A016334,4
A016335,4842
A016336,12
A016337,4843
A016338,29
A016339,0
A016340,3
A016341,17
A016342,3
A016343,0
A016344,4
A016345,4844
A016346,4845
A016347,26
A016348,22
A016349,4846
A016350,4847
A016351,3
A016352,4
A016353,34
A016354,4848
A016355,0
A016356,31
A016357,38
A016358,4849
A016359,1
A016360,25
A016361,34
A016362,4850
A016363,12
A016364,4851
A016365,8
A016366,19
A016367,1
A016368,22
A016369,4852
A016370,0
A016371,21
A016372,26
A016373,3
A016374,1
A016375,32
A016376,4853
A016377,0
A016378,0
A016379,15
A016380,16
A016381,1
A016382,0
A016383,1
A016384,4
A016385,26
A016386,1
A016387,32
A016388,15
A016389,8
A016390,27
A016391,4854
A016392,14
A016393,16
A016394,23
A016395,0
A016396,4
A016397,26
A016398,25
A016399,10
A016400,26
A016401,5
A016402,18
A016403,0
A016404,2
A016405,22
A016406,20
A016407,12
A016408,0
A016409,4855
A016410,19
A016411,9
A016412,9
A016413,22
A016414,29
A016415,14
A016416,20
A016417,13
A016418,11
A016419,21
A016420,9
A016421,8
A016422,29
A016423,12
A016424,6
A016425,4
A016426,7
A016427,6
A016428,4856
A016429,8
A016430,0
A016431,4857
A016432,23
A016433,4858
A016434,21
A016435,4859
A016436,7
A016437,13
A016438,24
A016439,32
A016440,30
A016441,4860
A016442,5
A016443,4861
A016444,4862
A016445,3
A016446,8
A016447,17
A016448,4863
A016449,25
A016450,23
A016451,4864
A016452,4865
A016453,5
A016454,2
A016455,17
A016456,34
A016457,10
A016458,4866
A016459,6
A016460,4867
A016461,20
A016462,4868
A016463,17
A016464,14
A016465,4869
A016466,29
A016467,25
A016468,27
A016469,4870
A016470,9
A016471,4871
A016472,26
A016473,4872
A016474,4873
A016475,3
A016476,0
A016477,4874
A016478,24
A016479,1
A016480,2
A016481,4875
A016482,31
A016483,6
A016484,1
A016485,4876
A016486,17
A016487,24
A016488,31
A016489,4877
A016490,4
A016491,4878
A016492,4
A016493,12
A016494,14
A016495,22
A016496,22
A016497,5
A016498,10
A016499,29
A016500,8
A016501,4879
A016502,30
A016503,4880
A016504,3
A016505,2
A016506,4881
A016507,4882
A016508,2
A016509,4883
A016510,12
A016511,34
A016512,4884
A016513,4885
A016514,1
A016515,18
A016516,4886
A016517,28
A016518,4887
A016519,20
A016520,7
A016521,32
A016522,4888
A016523,6
A016524,1
A016525,32
A016526,27
A016527,20
A016528,31
A016529,10
A016530,6
A016531,4889
A016532,13
A016533,0
A016534,14
A016535,23
A016536,4
A016537,4890
A016538,4891
A016539,4
A016540,9
A016541,4892
A016542,26
A016543,4893
A016544,4894
A016545,4895
A016546,11
A016547,0
A016548,1
A016549,4896
A016550,25
A016551,6
A016552,4897
A016553,1
A016554,21
A016555,24
A016556,4898
A016557,4
A016558,9
A016559,2
A016560,4899
A016561,4900
A016562,0
A016563,7
A016564,38
A016565,4901
A016566,7
A016567,1
A016568,15
A016569,2
A016570,20
A016571,7
A016572,1
A016573,18
A016574,0
A016575,32
A016576,3
A016577,18
A016578,4902
A016579,9
A016580,31
A016581,10
A016582,12
A016583,27
A016584,0
A016585,4903
A016586,26
A016587,4904
A016588,0
A016589,28
A016590,25
A016591,26
A016592,4905
A016593,6
A016594,4906
A016595,2
A016596,10
A016597,7
A016598,4907
A016599,3
A016600,4908
A016601,0
A016602,5
A016603,15
A016604,22
A016605,10
A016606,4909
A016607,20
A016608,18
A016609,4910
A016610,4911
A016611,6
A016612,34
A016613,22
A016614,11
A016615,0
A016616,2
A016617,4912
A016618,33
A016619,4913
A016620,1
A016621,9
A016622,33
A016623,4914
A016624,3
A016625,0
A016626,0
A016627,0
A016628,4915
A016629,4916
A016630,34
A016631,28
A016632,30
A016633,4917
A016634,12
A016635,21
A016636,19
A016637,1
A016638,4918
A016639,20
A016640,4919
A016641,0
A016642,17
A016643,38
A016644,14
A016645,20
A016646,0
A016647,7
A016648,19
A016649,38
A016650,31
A016651,7
A016652,34
A016653,4920
A016654,5
A016655,20
A016656,28
A016657,2
A016658,4
A016659,13
A016660,4921
A016661,4922
A016662,6
A016663,24
A016664,3
A016665,2
A016666,0
A016667,4923
A016668,15
A016669,6
A016670,4924
A016671,11
A016672,1
A016673,28
A016674,20
A016675,2
A016676,25
A016677,23
A016678,4925
A016679,24
A016680,13
A016681,24
A016682,1
A016683,11
A016684,28
A016685,33
A016686,4926
A016687,11
A016688,4927
A016689,4928
A016690,1
A016691,4929
A016692,4930
A016693,26
A016694,2
A016695,5
A016696,34
A016697,27
A016698,28
A016699,4931
A016700,4932
A016701,8
A016702,4933
A016703,4934
A016704,4935
A016705,7
A016706,4
A016707,1
A016708,4936
A016709,18
A016710,25
A016711,2
A016712,4937
A016713,26
A016714,25
A016715,18
A016716,1
A016717,5
A016718,4938
A016719,8
A016720,19
A016721,1
A016722,26
A016723,28
A016724,3
A016725,26
A016726,23
A016727,22
A016728,2
A016729,14
A016730,19
A016731,3
A016732,3
A016733,26
A016734,0
A016735,7
A016736,9
A016737,9
A016738,15
A016739,7
A016740,3
A016741,6
A016742,4939
A016743,24
A016744,11
A016745,3
A016746,4940
A016747,22
A016748,11
A016749,28
A016750,0
A016751,32
A016752,29
A016753,12
A016754,19
A016755,15
A016756,23
A016757,3
A016758,4941
A016759,2
A016760,11
A016761,3
A016762,4942
A016763,1
A016764,3
A016765,4943
A016766,2
A016767,25
A016768,9
A016769,8
A016770,8
A016771,1
A016772,10
A016773,20
A016774,11
A016775,30
A016776,2
A016777,6
A016778,26
A016779,34
A016780,17
A016781,4944
A016782,0
A016783,0
A016784,7
A016785,4945
A016786,4
A016787,4946
A016788,15
A016789,5
A016790,0
A016791,12
A016792,1
A016793,4947
A016794,4948
A016795,8
A016796,18
A016797,4949
A016798,2
A016799,24
A016800,4950
A016801,1
A016802,24
A016803,10
A016804,14
A016805,5
A016806,4951
A016807,33
A016808,4952
A016809,4953
A016810,4954
A016811,3
A016812,31
A016813,4955
A016814,24
A016815,26
A016816,6
A016817,4956
A016818,32
A016819,4957
A016820,4958
A016821,4
A016822,0
A016823,18
A016824,9
A016825,7
A016826,5
A016827,18
A016828,4959
A016829,4960
A016830,1
A016831,3
A016832,30
A016833,4961
A016834,4962
A016835,1
A016836,4963
A016837,2
A016838,11
A016839,3
A016840,25
A016841,4
A016842,4964
A016843,10
A016844,4
A016845,5
A016846,2
A016847,6
A016848,0
A016849,16
A016850,5
A016851,6
A016852,20
A016853,16
A016854,4
A016855,4965
A016856,4966
A016857,15
A016858,0
A016859,9
A016860,21
A016861,4967
A016862,4968
A016863,4969
A016864,1
A016865,11
A016866,20
A016867,2
A016868,2
A016869,15
A016870,28
A016871,4970
A016872,4971
A016873,15
A016874,4972
A016875,3
A016876,4973
A016877,3
A016878,8
A016879,1
A016880,4974
A016881,31
A016882,3
A016883,19
A016884,22
A016885,27
A016886,2
A016887,4975
A016888,27
A016889,20
A016890,4
A016891,4976
A016892,25
A016893,1
A016894,4977
A016895,0
A016896,1
A016897,24
A016898,4978
A016899,27
A016900,4979
A016901,12
A016902,4980
A016903,28
A016904,5
A016905,29
A016906,5
A016907,15
A016908,11
A016909,10
A016910,0
A016911,23
A016912,4981
A016913,4982
A016914,23
A016915,8
A016916,6
A016917,22
A016918,22
A016919,13
A016920,28
A016921,17
A016922,2
A016923,2
A016924,4
A016925,33
A016926,12
A016927,3
A016928,26
A016929,32
A016930,4983
A016931,0
A016932,4984
A016933,4985
A016934,8
A016935,4986
A016936,3
A016937,1
A016938,26
A016939,18
A016940,1
A016941,14
A016942,28
A016943,8
A016944,20
A016945,11
A016946,12
A016947,17
A016948,4987
A016949,1
A016950,24
A016951,23
A016952,3
A016953,5
A016954,4988
A016955,2
A016956,11
A016957,22
A016958,4989
A016959,13
A016960,4990
A016961,32
A016962,2
A016963,12
A016964,1
A016965,4991
A016966,4992
A016967,0
A016968,32
A016969,23
A016970,10
A016971,4993
A016972,0
A016973,2
A016974,9
A016975,4994
A016976,3
A016977,6
A016978,10
A016979,4
A016980,27
A016981,0
A016982,4995
A016983,0
A016984,4996
A016985,38
A016986,15
A016987,4997
A016988,22
A016989,25
A016990,16
A016991,22
A016992,2
A016993,1
A016994,4998
A016995,4999
A016996,5000
A016997,1
A016998,8
A016999,22
A017000,10
A017001,7
A017002,0
A017003,0
A017004,23
A017005,15
A017006,5001
A017007,5002
A017008,232
A017009,4
A017010,19
A017011,5003
A017012,6
A017013,33
A017014,5004
A017015,5005
A017016,5006
A017017,7
A017018,7
A017019,32
A017020,12
A017021,19
A017022,0
A017023,0
A017024,7
A017025,0
A017026,6
A017027,5007
A017028,9
A017029,25
A017030,26
A017031,5008
A017032,11
A017033,5009
A017034,0
A017035,18
A017036,5010
A017037,5011
A017038,5012
A017039,22
A017040,28
A017041,5013
A017042,5014
A017043,5015
A017044,0
A017045,9
A017046,19
A017047,12
A017048,27
A017049,2
A017050,5016
A017051,17
A017052,5017
A017053,5
A017054,10
A017055,2
A017056,5018
A017057,5019
A017058,5020
A017059,5021
A017060,0
A017061,21
A017062,5022
A017063,13
A017064,33
A017065,19
A017066,26
A017067,5023
A017068,5024
A017069,5025
A017070,20
A017071,5026
A017072,5027
A017073,6
A017074,5028
A017075,21
A017076,0
A017077,22
A017078,5
A017079,5029
A017080,5030
A017081,5
A017082,3
A017083,0
A017084,22
A017085,0
A017086,23
A017087,15
A017088,0
A017089,20
A017090,5031
A017091,5032
A017092,17
A017093,23
A017094,0
A017095,25
A017096,5033
A017097,7
A017098,31
A017099,1
A017100,25
A017101,5
A017102,1
A017103,15
A017104,5034
A017105,1
A017106,5035
A017107,17
A017108,5036
A017109,5037
A017110,7
A017111,5038
A017112,30
A017113,2
A017114,1
A017115,29
A017116,5039
A017117,5040
A017118,5041
A017119,10
A017120,5042
A017121,0
A017122,5043
A017123,26
A017124,3
A017125,5044
A017126,26
A017127,5045
A017128,5046
A017129,20
A017130,27
A017131,8
A017132,2
A017133,1
A017134,23
A017135,0
A017136,5047
A017137,5048
A017138,2
A017139,1
A017140,5049
A017141,21
A017142,10
A017143,5050
A017144,23
A017145,5051
A017146,12
A017147,17
A017148,3
A017149,8
A017150,8
A017151,5052
A017152,30
A017153,2
A017154,0
A017155,5053
A017156,19
A017157,5054
A017158,5055
A017159,11
A017160,5
A017161,5056
A017162,1
A017163,21
A017164,33
A017165,5
A017166,5057
A017167,5058
A017168,27
A017169,8
A017170,5059
A017171,24
A017172,5060
A017173,33
A017174,6
A017175,27
A017176,19
A017177,5061
A017178,0
A017179,30
A017180,5062
A017181,26
A017182,15
A017183,22
A017184,5063
A017185,5064
A017186,20
A017187,5
A017188,0
A017189,6
A017190,25
A017191,5065
A017192,5066
A017193,5067
A017194,5068
A017195,14
A017196,25
A017197,31
A017198,1
A017199,5069
A017200,5070
A017201,5
A017202,5071
A017203,5072
A017204,3
A017205,20
A017206,5073
A017207,5074
A017208,1
A017209,11
A017210,13
A017211,2
A017212,14
A017213,10
A017214,5075
A017215,3
A017216,5076
A017217,2
A017218,5077
A017219,20
A017220,5078
A017221,5
A017222,26
A017223,14
A017224,7
A017225,0
A017226,5079
A017227,4
A017228,17
A017229,5080
A017230,5081
A017231,27
A017232,5082
A017233,28
A017234,23
A017235,11
A017236,12
A017237,1
A017238,3
A017239,3
A017240,2
A017241,10
A017242,27
A017243,1
A017244,5083
A017245,5084
A017246,8
A017247,5085
A017248,5086
A017249,27
A017250,5087
A017251,10
A017252,5088
A017253,5089
A017254,31
A017255,5090
A017256,5091
A017257,5092
A017258,27
A017259,5093
A017260,0
A017261,5094
A017262,5095
A017263,5096
A017264,5097
A017265,4
A017266,0
A017267,4
A017268,5098
A017269,27
A017270,10
A017271,0
A017272,5099
A017273,5100
A017274,21
A017275,27
A017276,5101
A017277,2
A017278,5102
A017279,5103
A017280,1
A017281,2
A017282,0
A017283,5104
A017284,5105
A017285,0
A017286,0
A017287,25
A017288,2
A017289,19
A017290,5106
A017291,5107
A017292,29
A017293,30
A017294,18
A017295,0
A017296,11
A017297,13
A017298,1
A017299,29
A017300,8
A017301,18
A017302,4
A017303,8
A017304,4
A017305,2
A017306,9
A017307,5108
A017308,5109
A017309,5110
A017310,0
A017311,2
A017312,1
A017313,5111
A017314,9
A017315,5112
A017316,19
A017317,1
A017318,5113
A017319,15
A017320,5114
A017321,3
A017322,0
A017323,7
A017324,15
A017325,5115
A017326,27
A017327,24
A017328,19
A017329,1
A017330,0
A017331,29
A017332,5116
A017333,1
A017334,32
A017335,12
A017336,5117
A017337,5118
A017338,21
A017339,20
A017340,0
A017341,5119
A017342,8
A017343,5120
A017344,5121
A017345,4
A017346,5122
A017347,10
A017348,20
A017349,5123
A017350,5124
A017351,19
A017352,5125
A017353,18
A017354,17
A017355,5126
A017356,9
A017357,11
A017358,34
A017359,9
A017360,19
A017361,5
A017362,5127
A017363,5128
A017364,16
A017365,5129
A017366,5130
A017367,12
A017368,5131
A017369,27
A017370,3
A017371,5132
A017372,11
A017373,33
A017374,5133
A017375,1
A017376,23
A017377,3
A017378,5134
A017379,5
A017380,22
A017381,22
A017382,2
A017383,20
A017384,0
A017385,10
A017386,5135
A017387,3
A017388,25
A017389,5136
A017390,5137
A017391,1
A017392,5138
A017393,11
A017394,0
A017395,5139
A017396,5140
A017397,12
A017398,5
A017399,3
A017400,5141
A017401,20
A017402,3
A017403,23
A017404,4
A017405,31
A017406,4
A017407,11
A017408,1
A017409,1
A017410,12
A017411,10
A017412,5142
A017413,27
A017414,5143
A017415,15
A017416,13
A017417,1
A017418,1
A017419,13
A017420,2
A017421,5144
A017422,5145
A017423,24
A017424,12
A017425,1
A017426,1
A017427,0
A017428,5146
A017429,9
A017430,24
A017431,5147
A017432,1
A017433,5148
A017434,5149
A017435,4
A017436,3
A017437,1
A017438,6
A017439,6
A017440,25
A017441,25
A017442,22
A017443,26
A017444,20
A017445,8
A017446,5150
A017447,5151
A017448,24
A017449,2
A017450,5152
A017451,18
A017452,21
A017453,14
A017454,5153
A017455,19
A017456,7
A017457,24
A017458,5154
A017459,13
A017460,5155
A017461,28
A017462,13
A017463,5156
A017464,17
A017465,13
A017466,4
A017467,6
A017468,5157
A017469,5158
A017470,4
A017471,4
A017472,1
A017473,0
A017474,21
A017475,22
A017476,27
A017477,5159
A017478,5160
A017479,1
A017480,12
A017481,7
A017482,0
A017483,1
A017484,34
A017485,5
A017486,19
A017487,5161
A017488,5
A017489,27
A017490,26
A017491,38
A017492,27
A017493,30
A017494,15
A017495,15
A017496,5162
A017497,0
A017498,24
A017499,10
A017500,5163
A017501,20
A017502,5164
A017503,31
A017504,7
A017505,0
A017506,8
A017507,5165
A017508,5166
A017509,10
A017510,5167
A017511,14
A017512,5168
A017513,19
A017514,5169
A017515,0
A017516,5
A017517,5170
A017518,4
A017519,5171
A017520,0
A017521,5172
A017522,18
A017523,15
A017524,13
A017525,5173
A017526,21
A017527,12
A017528,0
A017529,5
A017530,23
A017531,5174
A017532,10
A017533,15
A017534,5175
A017535,5176
A017536,24
A017537,5177
A017538,5
A017539,27
A017540,30
A017541,9
A017542,5178
A017543,9
A017544,5179
A017545,6
A017546,13
A017547,5180
A017548,7
A017549,22
A017550,5181
A017551,31
A017552,25
A017553,2
A017554,27
A017555,3
A017556,15
A017557,23
A017558,5182
A017559,9
A017560,12
A017561,7
A017562,23
A017563,2
A017564,5183
A017565,2
A017566,5184
A017567,8
A017568,22
A017569,15
A017570,5185
A017571,3
A017572,3
A017573,5186
A017574,16
A017575,5187
A017576,12
A017577,5188
A017578,1
A017579,1
A017580,5189
A017581,0
A017582,31
A017583,11
A017584,1
A017585,4
A017586,1
A017587,9
A017588,18
A017589,12
A017590,5190
A017591,24
A017592,27
A017593,24
A017594,14
A017595,11
A017596,5191
A017597,15
A017598,5192
A017599,5193
A017600,7
A017601,5194
A017602,10
A017603,10
A017604,2
A017605,1
A017606,5195
A017607,0
A017608,4
A017609,6
A017610,1
A017611,5196
A017612,16
A017613,9
A017614,7
A017615,2
A017616,5197
A017617,5198
A017618,10
A017619,27
A017620,27
A017621,0
A017622,5199
A017623,10
A017624,10
A017625,30
A017626,5200
A017627,6
A017628,5201
A017629,0
A017630,20
A017631,10
A017632,1
A017633,9
A017634,2
A017635,7
A017636,1
A017637,21
A017638,2
A017639,5202
A017640,22
A017641,18
A017642,5203
A017643,5204
A017644,30
A017645,1
A017646,5205
A017647,10
A017648,3
A017649,5206
A017650,9
A017651,7
A017652,21
A017653,5207
A017654,4
A017655,26
A017656,3
A017657,25
A017658,0
A017659,12
A017660,34
A017661,1
A017662,1
A017663,19
A017664,9
A017665,5208
A017666,7
A017667,5209
A017668,24
A017669,5210
A017670,4
A017671,5211
A017672,4
A017673,30
A017674,2
A017675,5212
A017676,5213
A017677,12
A017678,34
A017679,32
A017680,5214
A017681,5215
A017682,5216
A017683,5
A017684,18
A017685,10
A017686,16
A017687,10
A017688,20
A017689,1
A017690,3
A017691,16
A017692,5217
A017693,31
A017694,5218
A017695,2
A017696,1
A017697,0
A017698,5219
A017699,28
A017700,25
A017701,7
A017702,6
A017703,33
A017704,26
A017705,29
A017706,27
A017707,3
A017708,2
A017709,5220
A017710,1
A017711,23
A017712,25
A017713,5221
A017714,11
A017715,1
A017716,5222
A017717,5223
A017718,27
A017719,2
A017720,0
A017721,29
A017722,2
A017723,5224
A017724,11
A017725,13
A017726,0
A017727,0
A017728,4
A017729,8
A017730,32
A017731,5225
A017732,6
A017733,23
A017734,5226
A017735,5227
A017736,5228
A017737,17
A017738,5229
A017739,16
A017740,0
A017741,21
A017742,12
A017743,6
A017744,5230
A017745,1
A017746,5231
A017747,5232
A017748,0
A017749,11
A017750,15
A017751,2
A017752,12
A017753,5233
A017754,34
A017755,25
A017756,4
A017757,8
A017758,5234
A017759,6
A017760,5235
A017761,15
A017762,12
A017763,21
A017764,5236
A017765,31
A017766,4
A017767,19
A017768,3
A017769,23
A017770,22
A017771,6
A017772,0
A017773,0
A017774,22
A017775,5237
A017776,31
A017777,32
A017778,11
A017779,7
A017780,17
A017781,5238
A017782,5239
A017783,0
A017784,33
A017785,5240
A017786,0
A017787,11
A017788,5241
A017789,30
A017790,14
A017791,1
A017792,11
A017793,7
A017794,5242
A017795,17
A017796,5243
A017797,1
A017798,21
A017799,28
A017800,5244
A017801,5245
A017802,13
A017803,5246
A017804,5
A017805,0
A017806,3
A017807,27
A017808,30
A017809,17
A017810,1
A017811,22
A017812,13
A017813,19
A017814,27
A017815,5247
A017816,30
A017817,0
A017818,1
A017819,5248
A017820,22
A017821,27
A017822,20
A017823,7
A017824,19
A017825,17
A017826,5
A017827,5249
A017828,2
A017829,5250
A017830,21
A017831,5251
A017832,34
A017833,32
A017834,7
A017835,9
A017836,5252
A017837,5253
A017838,0
A017839,11
A017840,8
A017841,3
A017842,2
A017843,34
A017844,5254
A017845,27
A017846,7
A017847,6
A017848,30
A017849,5255
A017850,5256
A017851,9
A017852,5
A017853,1
A017854,8
A017855,5
A017856,2
A017857,15
A017858,7
A017859,8
A017860,23
A017861,3
A017862,18
A017863,0
A017864,0
A017865,5257
A017866,6
A017867,5258
A017868,0
A017869,5259
A017870,0
A017871,11
A017872,21
A017873,5
A017874,0
A017875,5260
A017876,5261
A017877,19
A017878,3
A017879,6
A017880,31
A017881,10
A017882,7
A017883,0
A017884,32
A017885,1
A017886,5262
A017887,15
A017888,6
A017889,21
A017890,0
A017891,8
A017892,5263
A017893,1
A017894,3
A017895,20
A017896,22
A017897,5
A017898,1
A017899,5264
A017900,15
A017901,5265
A017902,18
A017903,1
A017904,27
A017905,5266
A017906,14
A017907,5267
A017908,5268
A017909,5269
A017910,25
A017911,0
A017912,24
A017913,5270
A017914,5271
A017915,17
A017916,5272
A017917,27
A017918,7
A017919,6
A017920,14
A017921,6
A017922,16
A017923,5273
A017924,14
A017925,5274
A017926,9
A017927,5275
A017928,10
A017929,5276
A017930,16
A017931,5277
A017932,5278
A017933,28
A017934,4
A017935,8
A017936,14
A017937,2
A017938,11
A017939,21
A017940,24
A017941,1
A017942,5
A017943,5279
A017944,5280
A017945,10
A017946,5
A017947,11
A017948,8
A017949,27
A017950,17
A017951,5281
A017952,0
A017953,13
A017954,17
A017955,27
A017956,5282
A017957,5283
A017958,1
A017959,5284
A017960,5285
A017961,11
A017962,2
A017963,24
A017964,5286
A017965,5287
A017966,29
A017967,13
A017968,4
A017969,23
A017970,13
A017971,5288
A017972,5289
A017973,16
A017974,5290
A017975,1
A017976,5
A017977,23
A017978,5291
A017979,5292
A017980,5293
A017981,22
A017982,0
A017983,19
A017984,5294
A017985,5295
A017986,0
A017987,1
A017988,23
A017989,16
A017990,7
A017991,5296
A017992,5297
A017993,22
A017994,1
A017995,7
A017996,0
A017997,5298
A017998,5299
A017999,28
A018000,0
A018001,0
A018002,5300
A018003,10
A018004,5301
A018005,34
A018006,29
A018007,17
A018008,10
A018009,1
A018010,17
A018011,20
A018012,5302
A018013,13
A018014,31
A018015,5303
A018016,2
A018017,2
A018018,18
A018019,5304
A018020,1
A018021,19
A018022,24
A018023,10
A018024,18
A018025,33
A018026,5305
A018027,15
A018028,5306
A018029,11
A018030,18
A018031,0
A018032,5307
A018033,14
A018034,8
A018035,10
A018036,5308
A018037,21
A018038,5309
A018039,5310
A018040,12
A018041,6
A018042,5311
A018043,29
A018044,7
A018045,32
A018046,0
A018047,5312
A018048,24
A018049,9
A018050,0
A018051,19
A018052,21
A018053,1
A018054,12
A018055,9
A018056,11
A018057,5313
A018058,12
A018059,5314
A018060,23
A018061,27
A018062,5315
A018063,29
A018064,4
A018065,15
A018066,10
A018067,32
A018068,27
A018069,1
A018070,11
A018071,4
A018072,5316
A018073,5
A018074,3
A018075,5317
A018076,14
A018077,0
A018078,19
A018079,32
A018080,1
A018081,5318
A018082,32
A018083,1
A018084,1
A018085,24
A018086,5319
A018087,5320
A018088,5321
A018089,5322
A018090,0
A018091,1
A018092,5323
A018093,5324
A018094,3
A018095,7
A018096,5325
A018097,21
A018098,33
A018099,12
A018100,34
A018101,4
A018102,30
A018103,3
A018104,0
A018105,9
A018106,5326
A018107,5327
A018108,1
A018109,5328
A018110,30
A018111,20
A018112,5329
A018113,5330
A018114,5331
A018115,27
A018116,20
A018117,16
A018118,0
A018119,5332
A018120,6
A018121,3
A018122,5
A018123,14
A018124,29
A018125,1
A018126,5
A018127,10
A018128,5333
A018129,0
A018130,2
A018131,34
A018132,5334
A018133,8
A018134,26
A018135,5335
A018136,1
A018137,1
A018138,9
A018139,20
A018140,5336
A018141,13
A018142,27
A018143,29
A018144,5337
A018145,18
A018146,5338
A018147,5339
A018148,5340
A018149,1
A018150,5
A018151,5341
A018152,33
A018153,5342
A018154,26
A018155,6
A018156,0
A018157,19
A018158,29
A018159,5343
A018160,5344
A018161,20
A018162,8
A018163,5345
A018164,8
A018165,5346
A018166,33
A018167,19
A018168,31
A018169,17
A018170,9
A018171,7
A018172,5347
A018173,27
A018174,5348
A018175,13
A018176,10
A018177,26
A018178,34
A018179,5349
A018180,16
A018181,5350
A018182,10
A018183,9
A018184,10
A018185,3
A018186,1
A018187,5351
A018188,5352
A018189,5353
A018190,5
A018191,5354
A018192,4
A018193,2
A018194,22
A018195,0
A018196,15
A018197,5355
A018198,5356
A018199,1
A018200,12
A018201,10
A018202,22
A018203,0
A018204,5357
A018205,5358
A018206,20
A018207,1
A018208,34
A018209,2
A018210,4
A018211,11
A018212,0
A018213,2
A018214,5359
A018215,23
A018216,5360
A018217,5361
A018218,6
A018219,4
A018220,15
A018221,21
A018222,13
A018223,0
A018224,5362
A018225,27
A018226,27
A018227,5363
A018228,1
A018229,5364
A018230,5365
A018231,5366
A018232,20
A018233,11
A018234,26
A018235,0
A018236,25
A018237,21
A018238,1
A018239,21
A018240,0
A018241,8
A018242,6
A018243,17
A018244,3
A018245,19
A018246,7
A018247,28
A018248,2
A018249,15
A018250,14
A018251,9
A018252,5367
A018253,5368
A018254,22
A018255,0
A018256,20
A018257,5369
A018258,14
A018259,0
A018260,5370
A018261,5371
A018262,5372
A018263,5373
A018264,5374
A018265,5375
A018266,5376
A018267,5377
A018268,10
A018269,2
A018270,5378
A018271,1
A018272,25
A018273,232
A018274,5379
A018275,22
A018276,0
A018277,21
A018278,5380
A018279,2
A018280,20
A018281,5381
A018282,25
A018283,4
A018284,7
A018285,5382
A018286,0
A018287,18
A018288,3
A018289,5383
A018290,1
A018291,5384
A018292,16
A018293,2
A018294,28
A018295,26
A018296,5385
A018297,6
A018298,5386
A018299,32
A018300,25
A018301,1
A018302,33
A018303,5387
A018304,5388
A018305,5389
A018306,5390
A018307,32
A018308,7
A018309,20
A018310,5391
A018311,1
A018312,34
A018313,5
A018314,3
A018315,1
A018316,26
A018317,0
A018318,11
A018319,5392
A018320,21
A018321,13
A018322,15
A018323,5393
A018324,14
A018325,24
A018326,12
A018327,7
A018328,2
A018329,5394
A018330,5
A018331,25
A018332,5395
A018333,18
A018334,3
A018335,6
A018336,4
A018337,3
A018338,5396
A018339,16
A018340,4
A018341,13
A018342,2
A018343,2
A018344,34
A018345,0
A018346,5397
A018347,1
A018348,5398
A018349,6
A018350,17
A018351,5399
A018352,10
A018353,2
A018354,19
A018355,0
A018356,14
A018357,23
A018358,0
A018359,4
A018360,13
A018361,0
A018362,1
A018363,5400
A018364,3
A018365,5401
A018366,2
A018367,0
A018368,0
A018369,2
A018370,23
A018371,3
A018372,23
A018373,17
A018374,5402
A018375,5403
A018376,5404
A018377,2
A018378,6
A018379,0
A018380,28
A018381,14
A018382,2
A018383,32
A018384,5405
A018385,5406
A018386,22
A018387,30
A018388,0
A018389,22
A018390,20
A018391,7
A018392,21
A018393,8
A018394,5407
A018395,5408
A018396,0
A018397,1
A018398,7
A018399,18
A018400,5409
A018401,6
A018402,11
A018403,32
A018404,18
A018405,6
A018406,16
A018407,5410
A018408,0
A018409,4
A018410,5411
A018411,1
A018412,25
A018413,30
A018414,23
A018415,3
A018416,12
A018417,5412
A018418,4
A018419,5413
A018420,0
A018421,14
A018422,5414
A018423,5415
A018424,32
A018425,29
A018426,0
A018427,15
A018428,15
A018429,5416
A018430,5417
A018431,5418
A018432,5419
A018433,5420
A018434,5421
A018435,0
A018436,5422
A018437,8
A018438,5423
A018439,8
A018440,0
A018441,5424
A018442,32
A018443,5425
A018444,22
A018445,14
A018446,6
A018447,5
A018448,0
A018449,8
A018450,8
A018451,21
A018452,1
A018453,31
A018454,8
A018455,18
A018456,8
A018457,10
A018458,5426
A018459,19
A018460,25
A018461,5427
A018462,5428
A018463,15
A018464,38
A018465,23
A018466,24
A018467,23
A018468,1
A018469,1
A018470,5429
A018471,4
A018472,8
A018473,8
A018474,5430
A018475,24
A018476,2
A018477,5431
A018478,5432
A018479,9
A018480,9
A018481,25
A018482,5433
A018483,5434
A018484,23
A018485,5435
A018486,5
A018487,31
A018488,9
A018489,19
A018490,5436
A018491,1
A018492,0
A018493,8
A018494,5437
A018495,5438
A018496,22
A018497,5439
A018498,5440
A018499,20
A018500,19
A018501,5441
A018502,0
A018503,21
A018504,5442
A018505,12
A018506,6
A018507,1
A018508,5443
A018509,5444
A018510,7
A018511,0
A018512,24
A018513,0
A018514,9
A018515,20
A018516,13
A018517,9
A018518,1
A018519,17
A018520,3
A018521,5
A018522,3
A018523,32
A018524,10
A018525,18
A018526,5445
A018527,16
A018528,19
A018529,3
A018530,4
A018531,6
A018532,5446
A018533,34
A018534,5447
A018535,27
A018536,5448
A018537,2
A018538,25
A018539,5449
A018540,21
A018541,23
A018542,21
A018543,7
A018544,0
A018545,0
A018546,5450
A018547,6
A018548,5451
A018549,2
A018550,29
A018551,5
A018552,12
A018553,12
A018554,5452
A018555,27
A018556,6
A018557,18
A018558,22
A018559,1
A018560,15
A018561,5453
A018562,10
A018563,13
A018564,15
A018565,18
A018566,5454
A018567,8
A018568,0
A018569,5455
A018570,22
A018571,3
A018572,5456
A018573,5457
A018574,5458
A018575,5459
A018576,23
A018577,5460
A018578,5461
A018579,5462
A018580,12
A018581,5463
A018582,1
A018583,27
A018584,17
A018585,5464
A018586,22
A018587,16
A018588,10
A018589,1
A018590,5465
A018591,10
A018592,3
A018593,18
A018594,12
A018595,31
A018596,7
A018597,5466
A018598,5467
A018599,5468
A018600,30
A018601,14
A018602,1
A018603,17
A018604,33
A018605,17
A018606,0
A018607,0
A018608,1
A018609,5469
A018610,4
A018611,34
A018612,31
A018613,5470
A018614,5471
A018615,16
A018616,21
A018617,16
A018618,18
A018619,13
A018620,29
A018621,5472
A018622,5473
A018623,5474
A018624,9
A018625,5475
A018626,12
A018627,0
A018628,15
A018629,4
A018630,5476
A018631,5477
A018632,0
A018633,5478
A018634,22
A018635,5479
A018636,30
A018637,19
A018638,16
A018639,12
A018640,4
A018641,6
A018642,9
A018643,1
A018644,13
A018645,11
A018646,0
A018647,5480
A018648,1
A018649,18
A018650,1
A018651,10
A018652,8
A018653,5481
A018654,22
A018655,1
A018656,1
A018657,1
A018658,24
A018659,13
A018660,2
A018661,2
A018662,5482
A018663,7
A018664,21
A018665,5483
A018666,0
A018667,5484
A018668,15
A018669,17
A018670,25
A018671,7
A018672,5485
A018673,8
A018674,1
A018675,0
A018676,27
A018677,2
A018678,0
A018679,1
A018680,5486
A018681,5487
A018682,0
A018683,2
A018684,5488
A018685,7
A018686,11
A018687,0
A018688,25
A018689,5489
A018690,5490
A018691,5491
A018692,5
A018693,20
A018694,18
A018695,5492
A018696,34
A018697,0
A018698,1
A018699,24
A018700,11
A018701,5493
A018702,0
A018703,5494
A018704,5495
A018705,33
A018706,13
A018707,5496
A018708,17
A018709,9
A018710,5497
A018711,5
A018712,1
A018713,5
A018714,4
A018715,30
A018716,5498
A018717,3
A018718,5499
A018719,26
A018720,21
A018721,5500
A018722,5501
A018723,0
A018724,15
A018725,0
A018726,1
A018727,5502
A018728,12
A018729,0
A018730,0
A018731,0
A018732,0
A018733,2
A018734,0
A018735,26
A018736,5503
A018737,24
A018738,31
A018739,5504
A018740,2
A018741,9
A018742,6
A018743,20
A018744,33
A018745,32
A018746,11
A018747,5505
A018748,14
A018749,5506
A018750,1
A018751,5
A018752,0
A018753,4
A018754,0
A018755,34
A018756,5507
A018757,19
A018758,5508
A018759,12
A018760,5509
A018761,13
A018762,5
A018763,5510
A018764,20
A018765,5511
A018766,21
A018767,17
A018768,8
A018769,0
A018770,13
A018771,5512
A018772,15
A018773,32
A018774,25
A018775,5513
A018776,25
A018777,0
A018778,8
A018779,5514
A018780,3
A018781,0
A018782,31
A018783,0
A018784,12
A018785,11
A018786,1
A018787,4
A018788,5515
A018789,5516
A018790,5517
A018791,17
A018792,3
A018793,2
A018794,22
A018795,5518
A018796,5519
A018797,6
A018798,24
A018799,5520
A018800,5521
A018801,9
A018802,18
A018803,32
A018804,1
A018805,8
A018806,0
A018807,0
A018808,12
A018809,30
A018810,8
A018811,5522
A018812,9
A018813,31
A018814,11
A018815,0
A018816,5523
A018817,14
A018818,16
A018819,4
A018820,0
A018821,5524
A018822,19
A018823,29
A018824,5525
A018825,5526
A018826,13
A018827,0
A018828,1
A018829,5527
A018830,5528
A018831,5529
A018832,5530
A018833,7
A018834,16
A018835,17
A018836,3
A018837,5531
A018838,1
A018839,10
A018840,1
A018841,7
A018842,33
A018843,23
A018844,28
A018845,7
A018846,11
A018847,20
A018848,17
A018849,28
A018850,5532
A018851,5533
A018852,5534
A018853,4
A018854,23
A018855,5
A018856,5535
A018857,1
A018858,13
A018859,8
A018860,0
A018861,5536
A018862,5537
A018863,1
A018864,28
A018865,12
A018866,5538
A018867,3
A018868,1
A018869,0
A018870,5539
A018871,5540
A018872,21
A018873,25
A018874,7
A018875,15
A018876,7
A018877,17
A018878,18
A018879,5541
A018880,5542
A018881,2
A018882,2
A018883,5543
A018884,5544
A018885,5545
A018886,16
A018887,8
A018888,3
A018889,5546
A018890,5
A018891,16
A018892,29
A018893,5547
A018894,25
A018895,5548
A018896,26
A018897,5549
A018898,3
A018899,26
A018900,14
A018901,24
A018902,0
A018903,33
A018904,31
A018905,9
A018906,5550
A018907,30
A018908,2
A018909,4
A018910,17
A018911,24
A018912,5551
A018913,12
A018914,32
A018915,5552
A018916,5553
A018917,2
A018918,4
A018919,10
A018920,26
A018921,0
A018922,5554
A018923,21
A018924,11
A018925,16
A018926,5555
A018927,3
A018928,7
A018929,5
A018930,20
A018931,31
A018932,28
A018933,7
A018934,6
A018935,5556
A018936,5557
A018937,16
A018938,24
A018939,5558
A018940,0
A018941,38
A018942,9
A018943,13
A018944,5559
A018945,0
A018946,0
A018947,5560
A018948,11
A018949,0
A018950,18
A018951,15
A018952,5561
A018953,22
A018954,25
A018955,4
A018956,5562
A018957,2
A018958,3
A018959,5563
A018960,0
A018961,3
A018962,5564
A018963,5565
A018964,5566
A018965,5567
A018966,22
A018967,29
A018968,22
A018969,1
A018970,5568
A018971,12
A018972,5569
A018973,17
A018974,29
A018975,1
A018976,20
A018977,21
A018978,3
A018979,5570
A018980,1
A018981,7
A018982,5571
A018983,3
A018984,5572
A018985,15
A018986,13
A018987,5
A018988,5573
A018989,18
A018990,29
A018991,2
A018992,11
A018993,8
A018994,27
A018995,3
A018996,4
A018997,5574
A018998,1
A018999,5575
A019000,5576
A019001,8
A019002,1
A019003,5577
A019004,5578
A019005,5579
A019006,4
A019007,5580
A019008,15
A019009,14
A019010,5581
A019011,27
A019012,5582
A019013,1
A019014,30
A019015,5583
A019016,5584
A019017,4
A019018,28
A019019,13
A019020,3
A019021,5585
A019022,8
A019023,16
A019024,2
A019025,24
A019026,18
A019027,5586
A019028,5587
A019029,13
A019030,5588
A019031,30
A019032,18
A019033,12
A019034,11
A019035,21
A019036,32
A019037,34
A019038,8
A019039,29
A019040,0
A019041,11
A019042,5589
A019043,5590
A019044,8
A019045,5591
A019046,27
A019047,15
A019048,6
A019049,28
A019050,3
A019051,5592
A019052,21
A019053,5593
A019054,1
A019055,21
A019056,5
A019057,5594
A019058,25
A019059,12
A019060,8
A019061,38
A019062,0
A019063,29
A019064,12
A019065,22
A019066,1
A019067,25
A019068,0
A019069,28
A019070,29
A019071,0
A019072,0
A019073,7
A019074,3
A019075,5595
A019076,5596
A019077,27
A019078,0
A019079,5597
A019080,5598
A019081,1
A019082,5599
A019083,24
A019084,17
A019085,20
A019086,6
A019087,0
A019088,16
A019089,5600
A019090,8
A019091,12
A019092,1
A019093,14
A019094,22
A019095,24
A019096,13
A019097,2
A019098,31
A019099,0
A019100,5601
A019101,32
A019102,30
A019103,19
A019104,5602
A019105,5603
A019106,5604
A019107,8
A019108,5605
A019109,1
A019110,18
A019111,5606
A019112,0
A019113,12
A019114,11
A019115,1
A019116,28
A019117,1
A019118,18
A019119,25
A019120,18
A019121,4
A019122,11
A019123,0
A019124,0
A019125,8
A019126,18
A019127,1
A019128,31
A019129,4
A019130,14
A019131,5607
A019132,5608
A019133,7
A019134,5609
A019135,20
A019136,20
A019137,3
A019138,4
A019139,7
A019140,26
A019141,1
A019142,8
A019143,20
A019144,5610
A019145,17
A019146,8
A019147,5611
A019148,5612
A019149,1
A019150,5613
A019151,5614
A019152,31
A019153,14
A019154,0
A019155,1
A019156,5615
A019157,1
A019158,10
A019159,0
A019160,12
A019161,5616
A019162,29
A019163,22
A019164,5617
A019165,18
A019166,2
A019167,30
A019168,3
A019169,29
A019170,7
A019171,5618
A019172,19
A019173,28
A019174,22
A019175,10
A019176,5619
A019177,23
A019178,25
A019179,19
A019180,9
A019181,1
A019182,5620
A019183,0
A019184,5621
A019185,28
A019186,10
A019187,1
A019188,23
A019189,22
A019190,30
A019191,5622
A019192,0
A019193,6
A019194,5623
A019195,3
A019196,5624
A019197,5625
A019198,7
A019199,6
A019200,12
A019201,25
A019202,11
A019203,0
A019204,18
A019205,8
A019206,25
A019207,5626
A019208,9
A019209,12
A019210,5627
A019211,2
A019212,5628
A019213,3
A019214,5629
A019215,1
A019216,38
A019217,20
A019218,5630
A019219,5631
A019220,5632
A019221,5633
A019222,5
A019223,5
A019224,6
A019225,1
A019226,25
A019227,18
A019228,19
A019229,5634
A019230,0
A019231,5635
A019232,5636
A019233,26
A019234,24
A019235,0
A019236,17
A019237,11
A019238,9
A019239,5637
A019240,23
A019241,26
A019242,5638
A019243,32
A019244,13
A019245,0
A019246,5639
A019247,16
A019248,9
A019249,4
A019250,14
A019251,5640
A019252,12
A019253,5641
A019254,5642
A019255,5643
A019256,30
A019257,7
A019258,5644
A019259,5645
A019260,9
A019261,25
A019262,10
A019263,34
A019264,5646
A019265,4
A019266,1
A019267,31
A019268,7
A019269,34
A019270,5647
A019271,24
A019272,5648
A019273,1
A019274,5649
A019275,8
A019276,11
A019277,0
A019278,27
A019279,24
A019280,22
A019281,1
A019282,5
A019283,5650
A019284,5651
A019285,9
A019286,26
A019287,4
A019288,0
A019289,6
A019290,5652
A019291,8
A019292,5
A019293,3
A019294,5653
A019295,13
A019296,5654
A019297,0
A019298,7
A019299,5655
A019300,5656
A019301,5
A019302,11
A019303,7
A019304,28
A019305,5657
A019306,23
A019307,5658
A019308,13
A019309,5
A019310,5
A019311,18
A019312,26
A019313,28
A019314,26
A019315,5659
A019316,1
A019317,19
A019318,2
A019319,8
A019320,5660
A019321,0
A019322,0
A019323,23
A019324,2
A019325,5661
A019326,18
A019327,22
A019328,1
A019329,5662
A019330,12
A019331,22
A019332,5663
A019333,5664
A019334,2
A019335,6
A019336,12
A019337,33
A019338,0
A019339,5665
A019340,14
A019341,29
A019342,10
A019343,27
A019344,0
A019345,1
A019346,11
A019347,14
A019348,5666
A019349,4
A019350,16
A019351,7
A019352,0
A019353,9
A019354,1
A019355,0
A019356,27
A019357,4
A019358,5667
A019359,17
A019360,5668
A019361,2
A019362,5
A019363,2
A019364,0
A019365,1
A019366,25
A019367,18
A019368,13
A019369,5
A019370,23
A019371,24
A019372,32
A019373,16
A019374,20
A019375,15
A019376,34
A019377,5669
A019378,7
A019379,5670
A019380,0
A019381,5671
A019382,5672
A019383,11
A019384,28
A019385,5673
A019386,0
A019387,25
A019388,2
A019389,5674
A019390,2
A019391,2
A019392,6
A019393,31
A019394,5675
A019395,24
A019396,5676
A019397,5677
A019398,5678
A019399,5679
A019400,3
A019401,3
A019402,0
A019403,5680
A019404,16
A019405,19
A019406,4
A019407,4
A019408,5
A019409,5681
A019410,5682
A019411,10
A019412,20
A019413,1
A019414,7
A019415,5683
A019416,20
A019417,27
A019418,1
A019419,13
A019420,5684
A019421,4
A019422,1
A019423,7
A019424,2
A019425,18
A019426,6
A019427,1
A019428,5685
A019429,18
A019430,17
A019431,5686
A019432,5687
A019433,26
A019434,18
A019435,5688
A019436,1
A019437,10
A019438,5689
A019439,7
A019440,8
A019441,5
A019442,8
A019443,5690
A019444,5691
A019445,31
A019446,18
A019447,5692
A019448,13
A019449,23
A019450,11
A019451,4
A019452,9
A019453,7
A019454,6
A019455,7
A019456,0
A019457,14
A019458,26
A019459,0
A019460,27
A019461,0
A019462,21
A019463,33
A019464,4
A019465,5
A019466,8
A019467,5693
A019468,5694
A019469,22
A019470,2
A019471,13
A019472,23
A019473,12
A019474,6
A019475,23
A019476,29
A019477,5695
A019478,3
A019479,22
A019480,4
A019481,3
A019482,8
A019483,34
A019484,23
A019485,6
A019486,5696
A019487,0
A019488,12
A019489,0
A019490,5697
A019491,8
A019492,33
A019493,28
A019494,5698
A019495,5699
A019496,17
A019497,16
A019498,23
A019499,8
A019500,9
A019501,2
A019502,26
A019503,2
A019504,0
A019505,5700
A019506,15
A019507,1
A019508,27
A019509,7
A019510,5701
A019511,1
A019512,9
A019513,17
A019514,9
A019515,6
A019516,0
A019517,5702
A019518,23
A019519,5703
A019520,5704
A019521,5705
A019522,5706
A019523,3
A019524,5
A019525,23
A019526,4
A019527,5707
A019528,5
A019529,5708
A019530,27
A019531,25
A019532,21
A019533,10
A019534,8
A019535,14
A019536,5709
A019537,5710
A019538,23
A019539,0
A019540,19
A019541,10
A019542,5711
A019543,2
A019544,1
A019545,5712
A019546,5713
A019547,27
A019548,5714
A019549,30
A019550,27
A019551,5715
A019552,1
A019553,20
A019554,5716
A019555,17
A019556,4
A019557,5717
A019558,0
A019559,1
A019560,18
A019561,5718
A019562,18
A019563,0
A019564,33
A019565,15
A019566,6
A019567,14
A019568,33
A019569,22
A019570,5719
A019571,5720
A019572,24
A019573,5721
A019574,32
A019575,25
A019576,24
A019577,1
A019578,38
A019579,5722
A019580,5723
A019581,33
A019582,9
A019583,31
A019584,4
A019585,5724
A019586,5725
A019587,3
A019588,13
A019589,14
A019590,5726
A019591,12
A019592,1
A019593,5727
A019594,5728
A019595,5729
A019596,20
A019597,23
A019598,14
A019599,1
A019600,34
A019601,23
A019602,6
A019603,13
A019604,28
A019605,10
A019606,7
A019607,0
A019608,21
A019609,8
A019610,7
A019611,23
A019612,17
A019613,33
A019614,11
A019615,5730
A019616,5731
A019617,28
A019618,20
A019619,17
A019620,32
A019621,6
A019622,4
A019623,5732
A019624,29
A019625,0
A019626,1
A019627,24
A019628,8
A019629,0
A019630,10
A019631,1
A019632,5733
A019633,7
A019634,6
A019635,20
A019636,16
A019637,11
A019638,2
A019639,2
A019640,5734
A019641,5735
A019642,25
A019643,5
A019644,10
A019645,21
A019646,8
A019647,5736
A019648,5737
A019649,5738
A019650,17
A019651,1
A019652,30
A019653,1
A019654,5739
A019655,10
A019656,5740
A019657,2
A019658,5741
A019659,5742
A019660,0
A019661,30
A019662,1
A019663,5743
A019664,25
A019665,1
A019666,8
A019667,26
A019668,5744
A019669,6
A019670,5745
A019671,30
A019672,5746
A019673,3
A019674,6
A019675,5747
A019676,5748
A019677,5749
A019678,24
A019679,5750
A019680,22
A019681,5751
A019682,0
A019683,5752
A019684,11
A019685,3
A019686,34
A019687,19
A019688,3
A019689,11
A019690,17
A019691,23
A019692,0
A019693,31
A019694,8
A019695,5753
A019696,5754
A019697,5755
A019698,1
A019699,1
A019700,5756
A019701,7
A019702,7
A019703,5
A019704,4
A019705,0
A019706,5
A019707,29
A019708,6
A019709,3
A019710,1
A019711,31
A019712,38
A019713,33
A019714,5757
A019715,6
A019716,7
A019717,5758
A019718,5759
A019719,16
A019720,11
A019721,5760
A019722,5761
A019723,5762
A019724,33
A019725,5763
A019726,22
A019727,11
A019728,0
A019729,5764
A019730,5765
A019731,5766
A019732,1
A019733,5767
A019734,6
A019735,14
A019736,8
A019737,5768
A019738,0
A019739,29
A019740,18
A019741,13
A019742,8
A019743,10
A019744,8
A019745,5769
A019746,18
A019747,2
A019748,5770
A019749,5771
A019750,1
A019751,28
A019752,1
A019753,4
A019754,7
A019755,5772
A019756,5773
A019757,5774
A019758,20
A019759,5775
A019760,5776
A019761,3
A019762,5777
A019763,5778
A019764,22
A019765,10
A019766,5779
A019767,7
A019768,26
A019769,11
A019770,11
A019771,5780
A019772,8
A019773,18
A019774,5781
A019775,13
A019776,4
A019777,11
A019778,5782
A019779,8
A019780,3
A019781,28
A019782,31
A019783,20
A019784,5783
A019785,24
A019786,5784
A019787,8
A019788,5785
A019789,5786
A019790,16
A019791,9
A019792,27
A019793,5787
A019794,5788
A019795,5
A019796,0
A019797,2
A019798,28
A019799,0
A019800,1
A019801,2
A019802,20
A019803,5789
A019804,4
A019805,5790
A019806,5791
A019807,1
A019808,14
A019809,5792
A019810,6
A019811,0
A019812,5793
A019813,12
A019814,1
A019815,5794
A019816,32
A019817,7
A019818,5795
A019819,5796
A019820,1
A019821,17
A019822,5797
A019823,5798
A019824,5799
A019825,30
A019826,1
A019827,21
A019828,14
A019829,7
A019830,4
A019831,12
A019832,6
A019833,17
A019834,5800
A019835,5801
A019836,5802
A019837,5803
A019838,19
A019839,0
A019840,5804
A019841,0
A019842,14
A019843,19
A019844,2
A019845,19
A019846,5805
A019847,7
A019848,34
A019849,5806
A019850,10
A019851,16
A019852,1
A019853,8
A019854,1
A019855,0
A019856,33
A019857,8
A019858,3
A019859,1
A019860,5807
A019861,24
A019862,19
A019863,13
A019864,5808
A019865,5809
A019866,5810
A019867,5811
A019868,30
A019869,5812
A019870,5813
A019871,27
A019872,20
A019873,1
A019874,1
A019875,9
A019876,7
A019877,3
A019878,27
A019879,34
A019880,5814
A019881,6
A019882,14
A019883,17
A019884,28
A019885,5815
A019886,5816
A019887,3
A019888,12
A019889,12
A019890,5817
A019891,5818
A019892,26
A019893,34
A019894,7
A019895,0
A019896,31
A019897,19
A019898,4
A019899,34
A019900,5819
A019901,31
A019902,19
A019903,1
A019904,28
A019905,16
A019906,1
A019907,10
A019908,24
A019909,5820
A019910,5821
A019911,2
A019912,0
A019913,18
A019914,7
A019915,5822
A019916,0
A019917,5823
A019918,5824
A019919,26
A019920,5825
A019921,6
A019922,6
A019923,2
A019924,1
A019925,5826
A019926,5827
A019927,9
A019928,5828
A019929,7
A019930,14
A019931,18
A019932,5829
A019933,17
A019934,5830
A019935,23
A019936,20
A019937,3
A019938,5831
A019939,28
A019940,16
A019941,25
A019942,5832
A019943,3
A019944,1
A019945,5833
A019946,9
A019947,5834
A019948,5835
A019949,5836
A019950,29
A019951,5837
A019952,2
A019953,1
A019954,5838
A019955,30
A019956,7
A019957,3
A019958,3
A019959,3
A019960,18
A019961,0
A019962,5839
A019963,5840
A019964,5841
A019965,34
A019966,28
A019967,21
A019968,1
A019969,2
A019970,15
A019971,5842
A019972,5843
A019973,14
A019974,11
A019975,18
A019976,5844
A019977,5845
A019978,18
A019979,28
A019980,2
A019981,5846
A019982,5847
A019983,29
A019984,26
A019985,18
A019986,8
A019987,5848
A019988,5849
A019989,27
A019990,33
A019991,5
A019992,8
A019993,5850
A019994,5851
A019995,5852
A019996,12
A019997,7
A019998,5853
A019999,0
A020000,12
A020001,18
A020002,11
A020003,2
A020004,3
A020005,14
A020006,3
A020007,6
A020008,23
A020009,5854
A020010,21
A020011,28
A020012,0
A020013,5855
A020014,5856
A020015,2
A020016,12
A020017,28
A020018,5857
A020019,17
A020020,8
A020021,23
A020022,4
A020023,12
A020024,1
A020025,5858
A020026,2
A020027,5859
A020028,5860
A020029,3
A020030,9
A020031,5861
A020032,13
A020033,5862
A020034,5863
A020035,5864
A020036,5865
A020037,5866
A020038,5867
A020039,5868
A020040,34
A020041,5869
A020042,5870
A020043,5871
A020044,1
A020045,5872
A020046,5873
A020047,10
A020048,5874
A020049,32
A020050,19
A020051,12
A020052,4
A020053,11
A020054,32
A020055,1
A020056,6
A020057,17
A020058,25
A020059,6
A020060,5875
A020061,5876
A020062,5877
A020063,4
A020064,0
A020065,6
A020066,5878
A020067,5879
A020068,5880
A020069,5881
A020070,0
A020071,5882
A020072,27
A020073,5883
A020074,10
A020075,17
A020076,23
A020077,0
A020078,5884
A020079,24
A020080,3
A020081,0
A020082,31
A020083,16
A020084,5
A020085,5
A020086,1
A020087,5885
A020088,28
A020089,0
A020090,8
A020091,2
A020092,5886
A020093,6
A020094,14
A020095,1
A020096,5887
A020097,5888
A020098,19
A020099,4
A020100,5889
A020101,3
A020102,5890
A020103,5891
A020104,0
A020105,23
A020106,11
A020107,13
A020108,1
A020109,13
A020110,15
A020111,5892
A020112,6
A020113,0
A020114,5893
A020115,1
A020116,23
A020117,16
A020118,18
A020119,0
A020120,4
A020121,3
A020122,5894
A020123,24
A020124,16
A020125,5895
A020126,5896
A020127,11
A020128,5897
A020129,5898
A020130,5899
A020131,5900
A020132,28
A020133,5901
A020134,5
A020135,20
A020136,0
A020137,0
A020138,3
A020139,10
A020140,6
A020141,5
A020142,12
A020143,1
A020144,6
A020145,5902
A020146,26
A020147,1
A020148,5903
A020149,19
A020150,15
A020151,8
A020152,8
A020153,21
A020154,0
A020155,12
A020156,5904
A020157,1
A020158,5905
A020159,0
A020160,0
A020161,11
A020162,7
A020163,7
A020164,0
A020165,5906
A020166,1
A020167,2
A020168,1
A020169,5907
A020170,5908
A020171,5
A020172,28
A020173,28
A020174,5909
A020175,0
A020176,5910
A020177,14
A020178,32
A020179,5911
A020180,5912
A020181,5
A020182,0
A020183,5913
A020184,16
A020185,5914
A020186,0
A020187,2
A020188,2
A020189,10
A020190,6
A020191,10
A020192,6
A020193,22
A020194,17
A020195,9
A020196,5915
A020197,23
A020198,11
A020199,29
A020200,5916
A020201,1
A020202,16
A020203,5917
A020204,14
A020205,7
A020206,32
A020207,0
A020208,1
A020209,29
A020210,25
A020211,0
A020212,5918
A020213,5919
A020214,5920
A020215,1
A020216,5
A020217,5921
A020218,2
A020219,0
A020220,6
A020221,3
A020222,9
A020223,11
A020224,5922
A020225,26
A020226,2
A020227,4
A020228,5923
A020229,7
A020230,13
A020231,28
A020232,0
A020233,2
A020234,10
A020235,5924
A020236,16
A020237,5925
A020238,5926
A020239,5927
A020240,6
A020241,18
A020242,5928
A020243,14
A020244,5929
A020245,6
A020246,5930
A020247,9
A020248,3
A020249,4
A020250,23
A020251,1
A020252,10
A020253,26
A020254,5931
A020255,6
A020256,5932
A020257,2
A020258,6
A020259,2
A020260,21
A020261,16
A020262,5933
A020263,5934
A020264,17
A020265,5935
A020266,15
A020267,1
A020268,17
A020269,1
A020270,4
A020271,5936
A020272,34
A020273,5937
A020274,23
A020275,4
A020276,10
A020277,16
A020278,7
A020279,1
A020280,26
A020281,5938
A020282,5939
A020283,9
A020284,3
A020285,33
A020286,5940
A020287,0
A020288,3
A020289,22
A020290,33
A020291,15
A020292,30
A020293,8
A020294,7
A020295,5941
A020296,5942
A020297,0
A020298,16
A020299,11
A020300,1
A020301,5943
A020302,2
A020303,5944
A020304,18
A020305,17
A020306,32
A020307,2
A020308,8
A020309,21
A020310,1
A020311,30
A020312,1
A020313,5945
A020314,6
A020315,10
A020316,5946
A020317,14
A020318,0
A020319,0
A020320,2
A020321,5947
A020322,8
A020323,9
A020324,1
A020325,1
A020326,5948
A020327,30
A020328,0
A020329,5949
A020330,5950
A020331,5
A020332,13
A020333,11
A020334,6
A020335,5951
A020336,21
A020337,5952
A020338,11
A020339,5953
A020340,0
A020341,6
A020342,21
A020343,33
A020344,14
A020345,9
A020346,19
A020347,5954
A020348,5955
A020349,26
A020350,1
A020351,5956
A020352,19
A020353,5957
A020354,5958
A020355,10
A020356,5959
A020357,14
A020358,18
A020359,5960
A020360,24
A020361,0
A020362,27
A020363,0
A020364,27
A020365,1
A020366,0
A020367,5961
A020368,30
A020369,34
A020370,10
A020371,7
A020372,5962
A020373,2
A020374,2
A020375,13
A020376,30
A020377,18
A020378,18
A020379,31
A020380,5963
A020381,5964
A020382,11
A020383,1
A020384,9
A020385,1
A020386,31
A020387,22
A020388,11
A020389,11
A020390,8
A020391,5965
A020392,33
A020393,5
A020394,0
A020395,9
A020396,24
A020397,14
A020398,9
A020399,5966
A020400,1
A020401,23
A020402,25
A020403,31
A020404,8
A020405,1
A020406,1
A020407,5
A020408,8
A020409,18
A020410,0
A020411,14
A020412,20
A020413,27
A020414,1
A020415,20
A020416,8
A020417,21
A020418,11
A020419,5967
A020420,5968
A020421,5969
A020422,10
A020423,20
A020424,22
A020425,4
A020426,2
A020427,27
A020428,5970
A020429,1
A020430,26
A020431,16
A020432,5971
A020433,33
A020434,0
A020435,5972
A020436,5973
A020437,6
A020438,18
A020439,5974
A020440,16
A020441,2
A020442,16
A020443,5975
A020444,1
A020445,5976
A020446,19
A020447,6
A020448,11
A020449,5977
A020450,26
A020451,12
A020452,30
A020453,2
A020454,7
A020455,5978
A020456,6
A020457,5979
A020458,5
A020459,5980
A020460,2
A020461,0
A020462,5981
A020463,30
A020464,8
A020465,2
A020466,28
A020467,4
A020468,19
A020469,18
A020470,29
A020471,7
A020472,14
A020473,5982
A020474,1
A020475,5983
A020476,7
A020477,5984
A020478,2
A020479,3
A020480,1
A020481,5985
A020482,5986
A020483,34
A020484,10
A020485,32
A020486,6
A020487,8
A020488,5987
A020489,5988
A020490,5989
A020491,5990
A020492,5991
A020493,22
A020494,0
A020495,5992
A020496,5993
A020497,1
A020498,3
A020499,10
A020500,14
A020501,11
A020502,5994
A020503,5995
A020504,9
A020505,19
A020506,3
A020507,0
A020508,1
A020509,5996
A020510,33
A020511,0
A020512,14
A020513,1
A020514,5
A020515,15
A020516,14
A020517,4
A020518,1
A020519,25
A020520,5997
A020521,11
A020522,13
A020523,0
A020524,4
A020525,5998
A020526,5999
A020527,12
A020528,14
A020529,6000
A020530,12
A020531,3
A020532,6001
A020533,6002
A020534,18
A020535,231
A020536,22
A020537,28
A020538,8
A020539,0
A020540,15
A020541,34
A020542,31
A020543,22
A020544,13
A020545,6003
A020546,5
A020547,6004
A020548,6005
A020549,1
A020550,6006
A020551,0
A020552,0
A020553,6007
A020554,6008
A020555,7
A020556,25
A020557,6009
A020558,0
A020559,13
A020560,9
A020561,0
A020562,1
A020563,33
A020564,19
A020565,7
A020566,27
A020567,0
A020568,6010
A020569,30
A020570,6011
A020571,6012
A020572,27
A020573,7
A020574,25
A020575,6013
A020576,6014
A020577,5
A020578,2
A020579,8
A020580,25
A020581,6015
A020582,31
A020583,6016
A020584,1
A020585,3
A020586,6017
A020587,27
A020588,8
A020589,6018
A020590,9
A020591,24
A020592,12
A020593,27
A020594,6019
A020595,6
A020596,6
A020597,29
A020598,6020
A020599,6021
A020600,23
A020601,8
A020602,22
A020603,1
A020604,0
A020605,6022
A020606,0
A020607,6023
A020608,13
A020609,1
A020610,2
A020611,17
A020612,29
A020613,6
A020614,4
A020615,6024
A020616,15
A020617,18
A020618,0
A020619,21
A020620,4
A020621,10
A020622,6
A020623,21
A020624,24
A020625,16
A020626,2
A020627,6025
A020628,27
A020629,30
A020630,6026
A020631,22
A020632,2
A020633,6027
A020634,23
A020635,6
A020636,6028
A020637,6029
A020638,1
A020639,6030
A020640,6031
A020641,1
A020642,7
A020643,0
A020644,8
A020645,6032
A020646,0
A020647,6033
A020648,1
A020649,13
A020650,34
A020651,25
A020652,19
A020653,18
A020654,12
A020655,4
A020656,20
A020657,6034
A020658,7
A020659,1
A020660,6035
A020661,17
A020662,6036
A020663,4
A020664,1
A020665,28
A020666,6037
A020667,7
A020668,3
A020669,6038
A020670,33
A020671,2
A020672,13
A020673,26
A020674,2
A020675,38
A020676,0
A020677,6039
A020678,8
A020679,3
A020680,0
A020681,14
A020682,6
A020683,19
A020684,18
A020685,2
A020686,10
A020687,6040
A020688,16
A020689,5
A020690,11
A020691,4
A020692,0
A020693,22
A020694,28
A020695,23
A020696,6041
A020697,6042
A020698,29
A020699,12
A020700,6043
A020701,0
A020702,0
A020703,10
A020704,21
A020705,20
A020706,6044
A020707,10
A020708,38
A020709,26
A020710,17
A020711,4
A020712,17
A020713,1
A020714,33
A020715,8
A020716,2
A020717,2
A020718,29
A020719,20
A020720,6045
A020721,6046
A020722,5
A020723,7
A020724,6047
A020725,1
A020726,10
A020727,8
A020728,0
A020729,16
A020730,33
A020731,6048
A020732,6049
A020733,6050
A020734,8
A020735,32
A020736,20
A020737,1
A020738,0
A020739,6051
A020740,8
A020741,21
A020742,3
A020743,14
A020744,6052
A020745,6053
A020746,6
A020747,0
A020748,6054
A020749,22
A020750,3
A020751,23
A020752,1
A020753,6055
A020754,0
A020755,9
A020756,32
A020757,5
A020758,15
A020759,16
A020760,0
A020761,6056
A020762,1
A020763,6057
A020764,27
A020765,0
A020766,1
A020767,7
A020768,1
A020769,6058
A020770,6059
A020771,5
A020772,5
A020773,5
A020774,0
A020775,0
A020776,6060
A020777,13
A020778,9
A020779,6061
A020780,4
A020781,34
A020782,17
A020783,32
A020784,6062
A020785,1
A020786,6063
A020787,1
A020788,19
A020789,6064
A020790,6065
A020791,23
A020792,22
A020793,3
A020794,10
A020795,3
A020796,25
A020797,5
A020798,6066
A020799,6067
A020800,19
A020801,6068
A020802,0
A020803,6069
A020804,6070
A020805,6071
A020806,29
A020807,6072
A020808,6
A020809,1
A020810,21
A020811,5
A020812,26
A020813,1
A020814,22
A020815,10
A020816,6073
A020817,21
A020818,6074
A020819,10
A020820,6075
A020821,6076
A020822,8
A020823,2
A020824,1
A020825,23
A020826,6
A020827,6077
A020828,1
A020829,12
A020830,1
A020831,0
A020832,6078
A020833,38
A020834,30
A020835,18
A020836,6079
A020837,1
A020838,29
A020839,23
A020840,6080
A020841,31
A020842,6081
A020843,27
A020844,25
A020845,32
A020846,1
A020847,38
A020848,26
A020849,25
A020850,20
A020851,6082
A020852,6083
A020853,14
A020854,12
A020855,9
A020856,7
A020857,6
A020858,5
A020859,6084
A020860,2
A020861,33
A020862,13
A020863,6
A020864,6085
A020865,29
A020866,1
A020867,0
A020868,6086
A020869,6087
A020870,13
A020871,19
A020872,0
A020873,2
A020874,24
A020875,6088
A020876,23
A020877,6
A020878,8
A020879,6089
A020880,14
A020881,27
A020882,15
A020883,17
A020884,5
A020885,12
A020886,0
A020887,6090
A020888,6091
A020889,25
A020890,8
A020891,31
A020892,1
A020893,6092
A020894,1
A020895,7
A020896,6093
A020897,33
A020898,25
A020899,26
A020900,1
A020901,0
A020902,21
A020903,8
A020904,28
A020905,6094
A020906,1
A020907,6095
A020908,4
A020909,4
A020910,6096
A020911,14
A020912,1
A020913,6097
A020914,0
A020915,6098
A020916,11
A020917,14
A020918,6099
A020919,8
A020920,28
A020921,8
A020922,6100
A020923,22
A020924,6101
A020925,26
A020926,30
A020927,19
A020928,5
A020929,17
A020930,6102
A020931,6103
A020932,20
A020933,6104
A020934,1
A020935,20
A020936,27
A020937,13
A020938,1
A020939,6105
A020940,9
A020941,6106
A020942,7
A020943,13
A020944,26
A020945,8
A020946,6107
A020947,3
A020948,16
A020949,6108
A020950,6109
A020951,7
A020952,6110
A020953,5
A020954,31
A020955,18
A020956,6111
A020957,6112
A020958,6113
A020959,19
A020960,21
A020961,17
A020962,3
A020963,0
A020964,6114
A020965,17
A020966,23
A020967,16
A020968,27
A020969,6115
A020970,6116
A020971,22
A020972,10
A020973,1
A020974,25
A020975,1
A020976,6117
A020977,6118
A020978,19
A020979,4
A020980,11
A020981,0
A020982,14
A020983,6119
A020984,3
A020985,2
A020986,24
A020987,5
A020988,13
A020989,0
A020990,6120
A020991,8
A020992,0
A020993,23
A020994,14
A020995,6121
A020996,6122
A020997,22
A020998,6123
A020999,5
A021000,0
A021001,6124
A021002,0
A021003,3
A021004,4
A021005,6
A021006,6125
A021007,21
A021008,12
A021009,17
A021010,2
A021011,25
A021012,16
A021013,8
A021014,6126
A021015,32
A021016,6127
A021017,1
A021018,3
A021019,1
A021020,9
A021021,25
A021022,26
A021023,20
A021024,6128
A021025,0
A021026,6129
A021027,6130
A021028,5
A021029,6131
A021030,0
A021031,24
A021032,4
A021033,4
A021034,6132
A021035,5
A021036,6133
A021037,28
A021038,34
A021039,19
A021040,12
A021041,10
A021042,25
A021043,13
A021044,0
A021045,6134
A021046,14
A021047,13
A021048,2
A021049,4
A021050,6135
A021051,31
A021052,6
A021053,6136
A021054,6137
A021055,23
A021056,6138
A021057,6139
A021058,6140
A021059,1
A021060,6141
A021061,6142
A021062,6143
A021063,6144
A021064,6145
A021065,1
A021066,28
A021067,6146
A021068,6
A021069,5
A021070,30
A021071,6147
A021072,6148
A021073,22
A021074,34
A021075,11
A021076,6149
A021077,2
A021078,6150
A021079,6151
A021080,0
A021081,6
A021082,6152
A021083,6153
A021084,6154
A021085,18
A021086,6155
A021087,0
A021088,1
A021089,6156
A021090,4
A021091,18
A021092,27
A021093,34
A021094,1
A021095,11
A021096,2
A021097,29
A021098,10
A021099,6157
A021100,6158
A021101,0
A021102,12
A021103,6159
A021104,1
A021105,6
A021106,7
A021107,3
A021108,2
A021109,32
A021110,1
A021111,12
A021112,18
A021113,9
A021114,18
A021115,6
A021116,8
A021117,23
A021118,23
A021119,12
A021120,0
A021121,23
A021122,6160
A021123,9
A021124,4
A021125,18
A021126,29
A021127,3
A021128,5
A021129,6161
A021130,3
A021131,20
A021132,6162
A021133,17
A021134,20
A021135,11
A021136,9
A021137,29
A021138,24
A021139,32
A021140,6163
A021141,6164
A021142,2
A021143,6
A021144,10
A021145,32
A021146,0
A021147,6165
A021148,3
A021149,9
A021150,9
A021151,33
A021152,0
A021153,6166
A021154,6
A021155,14
A021156,0
A021157,0
A021158,26
A021159,6167
A021160,0
A021161,6168
A021162,27
A021163,20
A021164,6169
A021165,6170
A021166,18
A021167,31
A021168,1
A021169,6171
A021170,19
A021171,1
A021172,6172
A021173,6173
A021174,9
A021175,0
A021176,34
A021177,6174
A021178,6175
A021179,6176
A021180,6177
A021181,33
A021182,2
A021183,9
A021184,1
A021185,2
A021186,0
A021187,4
A021188,6178
A021189,6179
A021190,6180
A021191,22
A021192,6181
A021193,23
A021194,6182
A021195,1
A021196,6183
A021197,6184
A021198,22
A021199,15
A021200,4
A021201,6185
A021202,13
A021203,24
A021204,20
A021205,6186
A021206,4
A021207,9
A021208,21
A021209,0
A021210,6187
A021211,7
A021212,6
A021213,6188
A021214,1
A021215,11
A021216,5
A021217,6189
A021218,12
A021219,7
A021220,27
A021221,28
A021222,6190
A021223,14
A021224,5
A021225,6
A021226,15
A021227,28
A021228,27
A021229,1
A021230,29
A021231,6191
A021232,9
A021233,1
A021234,6192
A021235,25
A021236,13
A021237,2
A021238,6193
A021239,6194
A021240,30
A021241,8
A021242,6195
A021243,13
A021244,6196
A021245,12
A021246,7
A021247,0
A021248,6
A021249,6
A021250,6197
A021251,1
A021252,7
A021253,19
A021254,6198
A021255,20
A021256,17
A021257,0
A021258,10
A021259,6199
A021260,6200
A021261,6201
A021262,6202
A021263,16
A021264,6203
A021265,0
A021266,0
A021267,2
A021268,6204
A021269,23
A021270,8
A021271,20
A021272,11
A021273,6205
A021274,6
A021275,26
A021276,17
A021277,19
A021278,0
A021279,11
A021280,30
A021281,0
A021282,3
A021283,23
A021284,26
A021285,32
A021286,22
A021287,6206
A021288,0
A021289,25
A021290,25
A021291,6207
A021292,30
A021293,6208
A021294,9
A021295,24
A021296,6209
A021297,5
A021298,6210
A021299,18
A021300,0
A021301,2
A021302,3
A021303,6211
A021304,33
A021305,6212
A021306,4
A021307,6213
A021308,6
A021309,0
A021310,6214
A021311,0
A021312,0
A021313,8
A021314,31
A021315,1
A021316,3
A021317,16
A021318,6215
A021319,22
A021320,6216
A021321,33
A021322,4
A021323,19
A021324,4
A021325,26
A021326,1
A021327,13
A021328,21
A021329,5
A021330,0
A021331,0
A021332,2
A021333,6
A021334,5
A021335,18
A021336,7
A021337,4
A021338,1
A021339,6217
A021340,29
A021341,6218
A021342,10
A021343,6219
A021344,6
A021345,6220
A021346,6221
A021347,13
A021348,6
A021349,6222
A021350,26
A021351,6223
A021352,12
A021353,27
A021354,3
A021355,6224
A021356,16
A021357,6225
A021358,6226
A021359,31
A021360,1
A021361,6227
A021362,27
A021363,6
A021364,6
A021365,6228
A021366,0
A021367,6229
A021368,1
A021369,6
A021370,9
A021371,10
A021372,31
A021373,21
A021374,6230
A021375,1
A021376,6231
A021377,6232
A021378,7
A021379,6233
A021380,21
A021381,0
A021382,6234
A021383,2
A021384,16
A021385,22
A021386,22
A021387,7
A021388,29
A021389,4
A021390,34
A021391,11
A021392,13
A021393,6235
A021394,6236
A021395,34
A021396,22
A021397,21
A021398,11
A021399,0
A021400,23
A021401,31
A021402,18
A021403,23
A021404,4
A021405,2
A021406,6237
A021407,13
A021408,25
A021409,31
A021410,6238
A021411,6239
A021412,26
A021413,1
A021414,6240
A021415,26
A021416,21
A021417,16
A021418,6241
A021419,0
A021420,17
A021421,6242
A021422,6
A021423,0
A021424,6243
A021425,19
A021426,6244
A021427,6245
A021428,2
A021429,1
A021430,4
A021431,7
A021432,0
A021433,6
A021434,27
A021435,0
A021436,0
A021437,30
A021438,0
A021439,22
A021440,6246
A021441,20
A021442,27
A021443,6247
A021444,19
A021445,4
A021446,25
A021447,1
A021448,0
A021449,9
A021450,6
A021451,27
A021452,6248
A021453,6249
A021454,30
A021455,6250
A021456,2
A021457,22
A021458,3
A021459,6251
A021460,6252
A021461,28
A021462,0
A021463,4
A021464,6253
A021465,38
A021466,1
A021467,6254
A021468,15
A021469,34
A021470,7
A021471,0
A021472,6255
A021473,16
A021474,21
A021475,6256
A021476,6257
A021477,6258
A021478,19
A021479,3
A021480,32
A021481,8
A021482,21
A021483,6259
A021484,5
A021485,20
A021486,19
A021487,26
A021488,32
A021489,25
A021490,2
A021491,8
A021492,6260
A021493,1
A021494,6261
A021495,4
A021496,5
A021497,19
A021498,6262
A021499,11
A021500,1
A021501,2
A021502,30
A021503,23
A021504,16
A021505,6263
A021506,6264
A021507,14
A021508,6265
A021509,0
A021510,4
A021511,6266
A021512,1
A021513,6267
A021514,3
A021515,6268
A021516,20
A021517,3
A021518,0
A021519,6269
A021520,0
A021521,14
A021522,7
A021523,6270
A021524,6271
A021525,6272
A021526,5
A021527,26
A021528,17
A021529,17
A021530,0
A021531,1
A021532,5
A021533,0
A021534,0
A021535,3
A021536,16
A021537,4
A021538,6273
A021539,1
A021540,6
A021541,6274
A021542,9
A021543,9
A021544,6275
A021545,1
A021546,1
A021547,13
A021548,2
A021549,26
A021550,34
A021551,6276
A021552,26
A021553,24
A021554,34
A021555,13
A021556,21
A021557,12
A021558,6277
A021559,6278
A021560,6279
A021561,1
A021562,6280
A021563,32
A021564,21
A021565,29
A021566,6281
A021567,8
A021568,6282
A021569,6283
A021570,12
A021571,3
A021572,1
A021573,0
A021574,6284
A021575,8
A021576,32
A021577,0
A021578,2
A021579,11
A021580,5
A021581,33
A021582,1
A021583,26
A021584,6285
A021585,1
A021586,14
A021587,6286
A021588,6287
A021589,6288
A021590,17
A021591,9
A021592,8
A021593,1
A021594,6289
A021595,6290
A021596,27
A021597,7
A021598,7
A021599,6291
A021600,6292
A021601,6293
A021602,6294
A021603,18
A021604,6295
A021605,15
A021606,1
A021607,11
A021608,6296
A021609,6
A021610,16
A021611,0
A021612,21
A021613,6297
A021614,6298
A021615,6299
A021616,13
A021617,0
A021618,25
A021619,8
A021620,6300
A021621,6301
A021622,18
A021623,14
A021624,11
A021625,6302
A021626,5
A021627,12
A021628,27
A021629,8
A021630,6303
A021631,6304
A021632,7
A021633,38
A021634,7
A021635,0
A021636,9
A021637,19
A021638,0
A021639,22
A021640,18
A021641,6305
A021642,24
A021643,6306
A021644,3
A021645,17
A021646,6307
A021647,12
A021648,6308
A021649,6309
A021650,6
A021651,3
A021652,6310
A021653,0
A021654,6311
A021655,6312
A021656,5
A021657,0
A021658,23
A021659,30
A021660,6313
A021661,11
A021662,32
A021663,26
A021664,22
A021665,5
A021666,6
A021667,22
A021668,8
A021669,7
A021670,6314
A021671,30
A021672,6315
A021673,25
A021674,6316
A021675,30
A021676,1
A021677,6317
A021678,7
A021679,11
A021680,7
A021681,24
A021682,2
A021683,2
A021684,0
A021685,15
A021686,10
A021687,10
A021688,12
A021689,1
A021690,6318
A021691,9
A021692,6319
A021693,1
A021694,6320
A021695,30
A021696,1
A021697,13
A021698,6321
A021699,8
A021700,6322
A021701,4
A021702,13
A021703,28
A021704,18
A021705,6323
A021706,0
A021707,1
A021708,16
A021709,3
A021710,0
A021711,20
A021712,25
A021713,1
A021714,6324
A021715,4
A021716,7
A021717,6325
A021718,6326
A021719,6327
A021720,18
A021721,3
A021722,8
A021723,0
A021724,6328
A021725,11
A021726,26
A021727,26
A021728,6329
A021729,1
A021730,23
A021731,0
A021732,1
A021733,6330
A021734,6331
A021735,6332
A021736,6333
A021737,11
A021738,1
A021739,1
A021740,17
A021741,21
A021742,8
A021743,6334
A021744,1
A021745,6335
A021746,1
A021747,7
A021748,6336
A021749,6337
A021750,21
A021751,9
A021752,6338
A021753,2
A021754,0
A021755,13
A021756,0
A021757,6339
A021758,2
A021759,18
A021760,0
A021761,3
A021762,6340
A021763,12
A021764,6341
A021765,19
A021766,19
A021767,0
A021768,6342
A021769,6343
A021770,0
A021771,3
A021772,6344
A021773,22
A021774,32
A021775,14
A021776,11
A021777,11
A021778,6345
A021779,16
A021780,6346
A021781,2
A021782,18
A021783,26
A021784,6347
A021785,21
A021786,3
A021787,3
A021788,6348
A021789,17
A021790,6349
A021791,6350
A021792,11
A021793,23
A021794,8
A021795,8
A021796,1
A021797,23
A021798,21
A021799,12
A021800,6351
A021801,1
A021802,6352
A021803,15
A021804,6353
A021805,12
A021806,6354
A021807,6355
A021808,2
A021809,18
A021810,1
A021811,6356
A021812,6357
A021813,4
A021814,2
A021815,17
A021816,24
A021817,6358
A021818,6359
A021819,1
A021820,0
A021821,2
A021822,20
A021823,6360
A021824,9
A021825,10
A021826,12
A021827,6361
A021828,6362
A021829,6363
A021830,20
A021831,6364
A021832,18
A021833,6365
A021834,3
A021835,6366
A021836,1
A021837,2
A021838,6367
A021839,0
A021840,6368
A021841,24
A021842,28
A021843,15
A021844,6369
A021845,6370
A021846,3
A021847,18
A021848,6371
A021849,34
A021850,27
A021851,6372
A021852,21
A021853,18
A021854,0
A021855,21
A021856,23
A021857,34
A021858,15
A021859,2
A021860,1
A021861,6
A021862,6373
A021863,10
A021864,6
A021865,6374
A021866,27
A021867,13
A021868,31
A021869,0
A021870,1
A021871,1
A021872,28
A021873,30
A021874,27
A021875,33
A021876,9
A021877,5
A021878,19
A021879,14
A021880,30
A021881,0
A021882,10
A021883,6375
A021884,0
A021885,3
A021886,6376
A021887,24
A021888,6377
A021889,18
A021890,5
A021891,2
A021892,25
A021893,6378
A021894,22
A021895,6
A021896,1
A021897,22
A021898,0
A021899,3
A021900,7
A021901,6379
A021902,9
A021903,6380
A021904,6381
A021905,6382
A021906,0
A021907,12
A021908,27
A021909,6383
A021910,6384
A021911,22
A021912,10
A021913,13
A021914,6385
A021915,23
A021916,12
A021917,6386
A021918,27
A021919,8
A021920,9
A021921,30
A021922,10
A021923,8
A021924,0
A021925,6387
A021926,9
A021927,17
A021928,19
A021929,0
A021930,24
A021931,0
A021932,30
A021933,6388
A021934,2
A021935,1
A021936,5
A021937,0
A021938,1
A021939,6389
A021940,27
A021941,6390
A021942,25
A021943,26
A021944,24
A021945,6391
A021946,24
A021947,6392
A021948,6393
A021949,7
A021950,10
A021951,6394
A021952,18
A021953,1
A021954,6395
A021955,7
A021956,30
A021957,6396
A021958,27
A021959,6397
A021960,14
A021961,6398
A021962,14
A021963,0
A021964,11
A021965,14
A021966,10
A021967,1
A021968,13
A021969,6
A021970,5
A021971,6399
A021972,17
A021973,22
A021974,17
A021975,25
A021976,6400
A021977,9
A021978,6401
A021979,19
A021980,4
A021981,16
A021982,32
A021983,6402
A021984,17
A021985,21
A021986,1
A021987,20
A021988,2
A021989,19
A021990,31
A021991,22
A021992,6403
A021993,3
A021994,4
A021995,6404
A021996,22
A021997,6405
A021998,24
A021999,10
A022000,4
A022001,15
A022002,22
A022003,27
A022004,2
A022005,24
A022006,3
A022007,6
A022008,14
A022009,16
A022010,4
A022011,6406
A022012,11
A022013,6407
A022014,12
A022015,2
A022016,6408
A022017,0
A022018,34
A022019,6409
A022020,1
A022021,7
A022022,7
A022023,3
A022024,5
A022025,3
A022026,2
A022027,26
A022028,6410
A022029,21
A022030,15
A022031,0
A022032,13
A022033,11
A022034,6
A022035,14
A022036,2
A022037,24
A022038,2
A022039,0
A022040,23
A022041,0
A022042,6
A022043,6411
A022044,16
A022045,5
A022046,6412
A022047,25
A022048,6413
A022049,20
A022050,19
A022051,1
A022052,4
A022053,24
A022054,7
A022055,6414
A022056,6415
A022057,1
A022058,0
A022059,34
A022060,6416
A022061,6417
A022062,6418
A022063,16
A022064,20
A022065,33
A022066,31
A022067,2
A022068,6419
A022069,32
A022070,6420
A022071,0
A022072,6421
A022073,18
A022074,10
A022075,16
A022076,2
A022077,21
A022078,28
A022079,0
A022080,20
A022081,20
A022082,34
A022083,26
A022084,1
A022085,6422
A022086,11
A022087,6423
A022088,5
A022089,2
A022090,1
A022091,8
A022092,5
A022093,1
A022094,5
A022095,13
A022096,27
A022097,6424
A022098,6425
A022099,0
A022100,1
A022101,6426
A022102,34
A022103,20
A022104,6427
A022105,33
A022106,7
A022107,6428
A022108,11
A022109,6429
A022110,6430
A022111,3
A022112,9
A022113,6431
A022114,6
A022115,1
A022116,6432
A022117,12
A022118,6433
A022119,9
A022120,7
A022121,26
A022122,6434
A022123,6435
A022124,6436
A022125,15
A022126,12
A022127,25
A022128,15
A022129,1
A022130,11
A022131,34
A022132,6437
A022133,6438
A022134,0
A022135,3
A022136,13
A022137,6439
A022138,6440
A022139,12
A022140,1
A022141,6441
A022142,8
A022143,6442
A022144,4
A022145,20
A022146,13
A022147,4
A022148,14
A022149,1
A022150,17
A022151,24
A022152,6443
A022153,14
A022154,8
A022155,2
A022156,7
A022157,6444
A022158,26
A022159,26
A022160,6445
A022161,6446
A022162,6447
A022163,18
A022164,25
A022165,21
A022166,28
A022167,7
A022168,2
A022169,6448
A022170,3
A022171,12
A022172,0
A022173,20
A022174,26
A022175,6449
A022176,15
A022177,6450
A022178,14
A022179,15
A022180,6
A022181,1
A022182,6451
A022183,6452
A022184,6453
A022185,30
A022186,6454
A022187,24
A022188,2
A022189,25
A022190,3
A022191,0
A022192,6
A022193,11
A022194,6455
A022195,19
A022196,6456
A022197,15
A022198,6457
A022199,21
A022200,6458
A022201,15
A022202,17
A022203,17
A022204,6459
A022205,11
A022206,5
A022207,17
A022208,17
A022209,5
A022210,6460
A022211,24
A022212,6461
A022213,24
A022214,11
A022215,33
A022216,30
A022217,14
A022218,6
A022219,22
A022220,6462
A022221,32
A022222,3
A022223,0
A022224,22
A022225,14
A022226,13
A022227,0
A022228,6463
A022229,22
A022230,6464
A022231,3
A022232,6465
A022233,26
A022234,6466
A022235,23
A022236,7
A022237,6
A022238,6467
A022239,11
A022240,33
A022241,4
A022242,4
A022243,0
A022244,6468
A022245,23
A022246,6469
A022247,30
A022248,1
A022249,6470
A022250,17
A022251,1
A022252,6471
A022253,6472
A022254,1
A022255,20
A022256,2
A022257,6473
A022258,12
A022259,29
A022260,6474
A022261,6475
A022262,6476
A022263,6477
A022264,6478
A022265,6479
A022266,6480
A022267,6481
A022268,12
A022269,28
A022270,31
A022271,12
A022272,6
A022273,6482
A022274,6483
A022275,19
A022276,28
A022277,13
A022278,1
A022279,6484
A022280,6485
A022281,6486
A022282,22
A022283,6487
A022284,29
A022285,2
A022286,6488
A022287,11
A022288,22
A022289,6489
A022290,2
A022291,5
A022292,6490
A022293,24
A022294,3
A022295,9
A022296,12
A022297,3
A022298,13
A022299,6491
A022300,6492
A022301,6493
A022302,6494
A022303,28
A022304,32
A022305,0
A022306,10
A022307,5
A022308,6495
A022309,24
A022310,9
A022311,25
A022312,4
A022313,6496
A022314,4
A022315,13
A022316,10
A022317,6497
A022318,6498
A022319,6499
A022320,15
A022321,22
A022322,4
A022323,6500
A022324,27
A022325,19
A022326,9
A022327,11
A022328,22
A022329,14
A022330,0
A022331,0
A022332,0
A022333,6501
A022334,6502
A022335,14
A022336,6503
A022337,6504
A022338,12
A022339,0
A022340,26
A022341,1
A022342,6
A022343,6505
A022344,6506
A022345,21
A022346,16
A022347,16
A022348,6507
A022349,2
A022350,25
A022351,34
A022352,20
A022353,4
A022354,25
A022355,0
A022356,21
A022357,4
A022358,3
A022359,6508
A022360,2
A022361,21
A022362,2
A022363,6509
A022364,4
A022365,6510
A022366,34
A022367,6511
A022368,6
A022369,19
A022370,6512
A022371,6513
A022372,11
A022373,1
A022374,1
A022375,1
A022376,6514
A022377,33
A022378,0
A022379,15
A022380,25
A022381,33
A022382,5
A022383,7
A022384,31
A022385,1
A022386,13
A022387,1
A022388,9
A022389,6515
A022390,4
A022391,1
A022392,6516
A022393,1
A022394,16
A022395,1
A022396,6
A022397,6517
A022398,23
A022399,6518
A022400,5
A022401,3
A022402,7
A022403,0
A022404,4
A022405,6
A022406,6
A022407,1
A022408,1
A022409,5
A022410,6519
A022411,15
A022412,6520
A022413,3
A022414,6521
A022415,7
A022416,0
A022417,27
A022418,6522
A022419,6523
A022420,1
A022421,10
A022422,4
A022423,6524
A022424,0
A022425,11
A022426,6
A022427,32
A022428,9
A022429,6525
A022430,6526
A022431,8
A022432,15
A022433,6527
A022434,0
A022435,6
A022436,11
A022437,2
A022438,6528
A022439,6529
A022440,6
A022441,17
A022442,9
A022443,6530
A022444,1
A022445,13
A022446,15
A022447,16
A022448,2
A022449,22
A022450,23
A022451,6531
A022452,1
A022453,3
A022454,25
A022455,9
A022456,6532
A022457,10
A022458,5
A022459,3
A022460,0
A022461,6533
A022462,12
A022463,0
A022464,24
A022465,6534
A022466,6535
A022467,4
A022468,6536
A022469,18
A022470,6537
A022471,6538
A022472,6539
A022473,33
A022474,3
A022475,0
A022476,6540
A022477,6541
A022478,23
A022479,6542
A022480,8
A022481,4
A022482,0
A022483,30
A022484,7
A022485,0
A022486,24
A022487,15
A022488,16
A022489,11
A022490,10
A022491,19
A022492,1
A022493,6543
A022494,6544
A022495,5
A022496,29
A022497,19
A022498,22
A022499,19
A022500,19
A022501,7
A022502,10
A022503,12
A022504,10
A022505,33
A022506,0
A022507,13
A022508,0
A022509,19
A022510,6545
A022511,26
A022512,18
A022513,8
A022514,4
A022515,6546
A022516,11
A022517,26
A022518,6547
A022519,18
A022520,19
A022521,13
A022522,15
A022523,24
A022524,6548
A022525,8
A022526,10
A022527,6549
A022528,6550
A022529,3
A022530,14
A022531,20
A022532,1
A022533,3
A022534,1
A022535,0
A022536,38
A022537,7
A022538,30
A022539,3
A022540,4
A022541,6
A022542,6551
A022543,29
A022544,20
A022545,32
A022546,38
A022547,6552
A022548,19
A022549,8
A022550,7
A022551,0
A022552,14
A022553,6553
A022554,25
A022555,17
A022556,0
A022557,6554
A022558,2
A022559,2
A022560,15
A022561,1
A022562,17
A022563,29
A022564,4
A022565,6555
A022566,6556
A022567,27
A022568,25
A022569,16
A022570,12
A022571,6557
A022572,10
A022573,12
A022574,6558
A022575,0
A022576,17
A022577,7
A022578,6
A022579,6559
A022580,17
A022581,4
A022582,6560
A022583,7
A022584,28
A022585,31
A022586,0
A022587,2
A022588,14
A022589,7
A022590,17
A022591,22
A022592,6
A022593,6561
A022594,6562
A022595,4
A022596,6563
A022597,29
A022598,6564
A022599,0
A022600,8
A022601,1
A022602,1
A022603,15
A022604,1
A022605,1
A022606,6565
A022607,1
A022608,8
A022609,0
A022610,6566
A022611,4
A022612,6567
A022613,26
A022614,18
A022615,12
A022616,6568
A022617,6569
A022618,6
A022619,18
A022620,6
A022621,6570
A022622,6571
A022623,2
A022624,7
A022625,15
A022626,6572
A022627,32
A022628,7
A022629,0
A022630,20
A022631,1
A022632,6573
A022633,6574
A022634,31
A022635,5
A022636,15
A022637,3
A022638,11
A022639,0
A022640,6575
A022641,0
A022642,5
A022643,28
A022644,6576
A022645,12
A022646,13
A022647,6577
A022648,6578
A022649,10
A022650,1
A022651,31
A022652,2
A022653,11
A022654,6579
A022655,12
A022656,6580
A022657,13
A022658,19
A022659,16
A022660,6581
A022661,1
A022662,15
A022663,6582
A022664,10
A022665,6583
A022666,6584
A022667,28
A022668,6585
A022669,16
A022670,17
A022671,0
A022672,6586
A022673,16
A022674,30
A022675,9
A022676,29
A022677,6587
A022678,7
A022679,2
A022680,31
A022681,28
A022682,31
A022683,3
A022684,4
A022685,6588
A022686,19
A022687,6589
A022688,6590
A022689,5
A022690,28
A022691,2
A022692,6591
A022693,0
A022694,1
A022695,7
A022696,5
A022697,26
A022698,6592
A022699,6593
A022700,15
A022701,7
A022702,0
A022703,6594
A022704,6595
A022705,18
A022706,6
A022707,0
A022708,2
A022709,4
A022710,6596
A022711,2
A022712,33
A022713,21
A022714,6597
A022715,2
A022716,13
A022717,0
A022718,6598
A022719,0
A022720,6
A022721,16
A022722,13
A022723,14
A022724,0
A022725,18
A022726,17
A022727,5
A022728,1
A022729,5
A022730,18
A022731,13
A022732,0
A022733,28
A022734,33
A022735,9
A022736,17
A022737,18
A022738,7
A022739,6599
A022740,8
A022741,2
A022742,3
A022743,0
A022744,2
A022745,3
A022746,6600
A022747,15
A022748,1
A022749,4
A022750,6601
A022751,6602
A022752,6603
A022753,6604
A022754,11
A022755,6605
A022756,15
A022757,32
A022758,30
A022759,32
A022760,1
A022761,21
A022762,6606
A022763,28
A022764,6
A022765,6607
A022766,19
A022767,6608
A022768,25
A022769,38
A022770,18
A022771,5
A022772,18
A022773,6609
A022774,21
A022775,20
A022776,6610
A022777,18
A022778,6611
A022779,0
A022780,6
A022781,16
A022782,1
A022783,6612
A022784,2
A022785,8
A022786,1
A022787,1
A022788,6613
A022789,5
A022790,4
A022791,28
A022792,29
A022793,2
A022794,10
A022795,6614
A022796,28
A022797,27
A022798,6615
A022799,3
A022800,6616
A022801,2
A022802,22
A022803,0
A022804,16
A022805,31
A022806,5
A022807,6617
A022808,9
A022809,0
A022810,4
A022811,5
A022812,6618
A022813,28
A022814,31
A022815,6619
A022816,5
A022817,21
A022818,5
A022819,6620
A022820,1
A022821,3
A022822,13
A022823,31
A022824,6621
A022825,15
A022826,20
A022827,6622
A022828,6623
A022829,25
A022830,11
A022831,31
A022832,31
A022833,6624
A022834,6625
A022835,21
A022836,11
A022837,6626
A022838,12
A022839,1
A022840,14
A022841,0
A022842,6627
A022843,6628
A022844,24
A022845,14
A022846,26
A022847,28
A022848,6629
A022849,6
A022850,4
A022851,1
A022852,9
A022853,26
A022854,3
A022855,6630
A022856,28
A022857,6631
A022858,6632
A022859,5
A022860,28
A022861,6633
A022862,6634
A022863,8
A022864,32
A022865,33
A022866,0
A022867,6
A022868,6635
A022869,5
A022870,20
A022871,2
A022872,11
A022873,6636
A022874,6637
A022875,6638
A022876,6639
A022877,31
A022878,4
A022879,6640
A022880,6641
A022881,38
A022882,18
A022883,24
A022884,2
A022885,6642
A022886,18
A022887,6643
A022888,6644
A022889,23
A022890,6645
A022891,6646
A022892,29
A022893,14
A022894,6647
A022895,6648
A022896,0
A022897,2
A022898,9
A022899,26
A022900,7
A022901,6649
A022902,27
A022903,6650
A022904,6
A022905,6651
A022906,6652
A022907,6653
A022908,0
A022909,6654
A022910,6655
A022911,7
A022912,13
A022913,6656
A022914,0
A022915,6657
A022916,1
A022917,14
A022918,4
A022919,21
A022920,1
A022921,5
A022922,20
A022923,8
A022924,6658
A022925,6659
A022926,1
A022927,6660
A022928,7
A022929,13
A022930,3
A022931,6661
A022932,6662
A022933,1
A022934,0
A022935,25
A022936,6663
A022937,6664
A022938,6665
A022939,4
A022940,25
A022941,23
A022942,4
A022943,0
A022944,1
A022945,0
A022946,6666
A022947,9
A022948,10
A022949,6667
A022950,21
A022951,2
A022952,6668
A022953,0
A022954,2
A022955,4
A022956,5
A022957,14
A022958,4
A022959,15
A022960,6669
A022961,7
A022962,34
A022963,29
A022964,33
A022965,0
A022966,7
A022967,10
A022968,0
A022969,8
A022970,7
A022971,10
A022972,6670
A022973,6671
A022974,3
A022975,6
A022976,6672
A022977,33
A022978,6673
A022979,4
A022980,6
A022981,6674
A022982,6675
A022983,8
A022984,6676
A022985,13
A022986,10
A022987,13
A022988,1
A022989,6677
A022990,17
A022991,1
A022992,13
A022993,24
A022994,9
A022995,6678
A022996,5
A022997,4
A022998,6679
A022999,0
A023000,13
A023001,1
A023002,9
A023003,6680
A023004,20
A023005,9
A023006,4
A023007,3
A023008,3
A023009,33
A023010,13
A023011,5
A023012,19
A023013,6681
A023014,6682
A023015,9
A023016,0
A023017,6683
A023018,1
A023019,6684
A023020,5
A023021,6685
A023022,0
A023023,26
A023024,6686
A023025,38
A023026,1
A023027,18
A023028,2
A023029,5
A023030,6687
A023031,32
A023032,6688
A023033,6689
A023034,7
A023035,6690
A023036,6691
A023037,6692
A023038,25
A023039,2
A023040,3
A023041,6693
A023042,6
A023043,27
A023044,6694
A023045,5
A023046,6695
A023047,31
A023048,13
A023049,6696
A023050,7
A023051,8
A023052,6697
A023053,33
A023054,6698
A023055,1
A023056,10
A023057,6699
A023058,34
A023059,13
A023060,12
A023061,15
A023062,6700
A023063,10
A023064,19
A023065,7
A023066,9
A023067,6701
A023068,0
A023069,6702
A023070,23
A023071,14
A023072,1
A023073,22
A023074,13
A023075,5
A023076,5
A023077,12
A023078,0
A023079,22
A023080,2
A023081,6703
A023082,10
A023083,10
A023084,16
A023085,19
A023086,1
A023087,27
A023088,30
A023089,12
A023090,16
A023091,6704
A023092,4
A023093,18
A023094,34
A023095,13
A023096,6705
A023097,31
A023098,5
A023099,2
A023100,6706
A023101,19
A023102,0
A023103,0
A023104,14
A023105,26
A023106,29
A023107,4
A023108,6707
A023109,3
A023110,5
A023111,23
A023112,6708
A023113,19
A023114,0
A023115,0
A023116,23
A023117,33
A023118,26
A023119,6709
A023120,19
A023121,6710
A023122,19
A023123,6
A023124,19
A023125,5
A023126,38
A023127,1
A023128,18
A023129,21
A023130,1
A023131,6711
A023132,10
A023133,2
A023134,12
A023135,6712
A023136,19
A023137,13
A023138,33
A023139,6713
A023140,10
A023141,3
A023142,9
A023143,4
A023144,1
A023145,9
A023146,7
A023147,1
A023148,6714
A023149,25
A023150,4
A023151,15
A023152,6715
A023153,11
A023154,3
A023155,12
A023156,23
A023157,6716
A023158,6717
A023159,5
A023160,4
A023161,6718
A023162,7
A023163,7
A023164,11
A023165,6719
A023166,18
A023167,16
A023168,11
A023169,6
A023170,2
A023171,1
A023172,0
A023173,3
A023174,9
A023175,33
A023176,26
A023177,4
A023178,4
A023179,6720
A023180,6
A023181,6721
A023182,22
A023183,6722
A023184,6723
A023185,2
A023186,2
A023187,6
A023188,10
A023189,1
A023190,24
A023191,12
A023192,34
A023193,9
A023194,15
A023195,0
A023196,3
A023197,29
A023198,1
A023199,6724
A023200,21
A023201,1
A023202,6725
A023203,14
A023204,2
A023205,12
A023206,0
A023207,3
A023208,6726
A023209,6727
A023210,29
A023211,22
A023212,13
A023213,6728
A023214,6729
A023215,33
A023216,0
A023217,6730
A023218,0
A023219,1
A023220,9
A023221,6731
A023222,0
A023223,6732
A023224,1
A023225,34
A023226,27
A023227,1
A023228,6733
A023229,0
A023230,15
A023231,6734
A023232,7
A023233,12
A023234,2
A023235,21
A023236,5
A023237,6735
A023238,3
A023239,25
A023240,11
A023241,6736
A023242,14
A023243,10
A023244,30
A023245,13
A023246,0
A023247,0
A023248,1
A023249,1
A023250,8
A023251,4
A023252,24
A023253,16
A023254,6
A023255,6737
A023256,6738
A023257,17
A023258,26
A023259,6739
A023260,3
A023261,8
A023262,6740
A023263,10
A023264,9
A023265,6741
A023266,9
A023267,2
A023268,1
A023269,0
A023270,4
A023271,2
A023272,24
A023273,1
A023274,8
A023275,6742
A023276,15
A023277,11
A023278,6743
A023279,6744
A023280,0
A023281,1
A023282,12
A023283,6745
A023284,11
A023285,6746
A023286,6747
A023287,3
A023288,5
A023289,6748
A023290,0
A023291,6749
A023292,6750
A023293,0
A023294,6751
A023295,3
A023296,6752
A023297,6753
A023298,24
A023299,1
A023300,7
A023301,25
A023302,4
A023303,28
A023304,0
A023305,5
A023306,22
A023307,6754
A023308,6755
A023309,6756
A023310,13
A023311,6757
A023312,10
A023313,6758
A023314,6759
A023315,6760
A023316,38
A023317,6761
A023318,28
A023319,6762
A023320,6763
A023321,6764
A023322,3
A023323,26
A023324,6
A023325,14
A023326,23
A023327,17
A023328,8
A023329,10
A023330,8
A023331,21
A023332,31
A023333,19
A023334,20
A023335,3
A023336,6765
A023337,6766
A023338,0
A023339,0
A023340,22
A023341,7
A023342,11
A023343,6767
A023344,22
A023345,33
A023346,11
A023347,9
A023348,20
A023349,2
A023350,33
A023351,9
A023352,6768
A023353,6
A023354,22
A023355,8
A023356,6769
A023357,10
A023358,6770
A023359,2
A023360,6771
A023361,4
A023362,6
A023363,6772
A023364,3
A023365,10
A023366,34
A023367,6773
A023368,33
A023369,1
A023370,0
A023371,5
A023372,2
A023373,18
A023374,11
A023375,6774
A023376,13
A023377,1
A023378,5
A023379,15
A023380,38
A023381,25
A023382,0
A023383,10
A023384,19
A023385,32
A023386,3
A023387,22
A023388,3
A023389,6775
A023390,23
A023391,6776
A023392,0
A023393,30
A023394,13
A023395,6777
A023396,6778
A023397,10
A023398,6779
A023399,6
A023400,4
A023401,6780
A023402,6781
A023403,0
A023404,6782
A023405,6783
A023406,3
A023407,0
A023408,9
A023409,16
A023410,8
A023411,23
A023412,18
A023413,6784
A023414,29
A023415,6785
A023416,5
A023417,6786
A023418,2
A023419,17
A023420,31
A023421,6787
A023422,10
A023423,5
A023424,6788
A023425,31
A023426,0
A023427,18
A023428,33
A023429,6789
A023430,6790
A023431,6791
A023432,5
A023433,11
A023434,1
A023435,17
A023436,8
A023437,0
A023438,6792
A023439,19
A023440,24
A023441,34
A023442,1
A023443,8
A023444,6793
A023445,0
A023446,6794
A023447,22
A023448,6795
A023449,1
A023450,32
A023451,16
A023452,17
A023453,6
A023454,1
A023455,30
A023456,6796
A023457,17
A023458,31
A023459,27
A023460,25
A023461,31
A023462,5
A023463,6797
A023464,17
A023465,32
A023466,6798
A023467,3
A023468,1
A023469,17
A023470,26
A023471,6799
A023472,6800
A023473,6801
A023474,6802
A023475,0
A023476,0
A023477,1
A023478,10
A023479,22
A023480,26
A023481,1
A023482,1
A023483,2
A023484,27
A023485,26
A023486,16
A023487,15
A023488,13
A023489,4
A023490,0
A023491,4
A023492,32
A023493,19
A023494,28
A023495,6803
A023496,6804
A023497,32
A023498,19
A023499,6805
A023500,6806
A023501,6807
A023502,6808
A023503,6809
A023504,25
A023505,20
A023506,1
A023507,6810
A023508,25
A023509,4
A023510,6811
A023511,29
A023512,6812
A023513,34
A023514,6813
A023515,1
A023516,7
A023517,4
A023518,26
A023519,6814
A023520,10
A023521,14
A023522,3
A023523,11
A023524,12
A023525,6815
A023526,0
A023527,6816
A023528,22
A023529,6817
A023530,14
A023531,25
A023532,4
A023533,9
A023534,30
A023535,6818
A023536,13
A023537,16
A023538,6819
A023539,6820
A023540,14
A023541,2
A023542,10
A023543,6821
A023544,12
A023545,18
A023546,16
A023547,21
A023548,6822
A023549,0
A023550,0
A023551,18
A023552,0
A023553,6823
A023554,3
A023555,10
A023556,6824
A023557,18
A023558,1
A023559,0
A023560,24
A023561,6825
A023562,10
A023563,5
A023564,27
A023565,17
A023566,33
A023567,33
A023568,1
A023569,0
A023570,29
A023571,0
A023572,6826
A023573,20
A023574,28
A023575,6827
A023576,6828
A023577,1
A023578,22
A023579,2
A023580,8
A023581,6829
A023582,6830
A023583,2
A023584,6831
A023585,22
A023586,6832
A023587,4
A023588,21
A023589,6833
A023590,24
A023591,25
A023592,11
A023593,6834
A023594,0
A023595,7
A023596,6835
A023597,3
A023598,6836
A023599,5
A023600,1
A023601,6837
A023602,1
A023603,9
A023604,6838
A023605,6839
A023606,25
A023607,12
A023608,6840
A023609,3
A023610,7
A023611,23
A023612,6841
A023613,26
A023614,8
A023615,2
A023616,18
A023617,10
A023618,4
A023619,6
A023620,6842
A023621,6843
A023622,8
A023623,6844
A023624,23
A023625,6845
A023626,31
A023627,3
A023628,6846
A023629,13
A023630,6847
A023631,2
A023632,6848
A023633,2
A023634,6849
A023635,24
A023636,23
A023637,11
A023638,31
A023639,8
A023640,6850
A023641,5
A023642,27
A023643,6851
A023644,32
A023645,7
A023646,2
A023647,20
A023648,1
A023649,14
A023650,6852
A023651,28
A023652,25
A023653,14
A023654,6853
A023655,4
A023656,20
A023657,0
A023658,6854
A023659,1
A023660,7
A023661,23
A023662,6855
A023663,12
A023664,6856
A023665,16
A023666,6857
A023667,1
A023668,0
A023669,14
A023670,6858
A023671,6859
A023672,14
A023673,6860
A023674,23
A023675,19
A023676,12
A023677,11
A023678,0
A023679,0
A023680,18
A023681,5
A023682,6861
A023683,6862
A023684,3
A023685,17
A023686,31
A023687,6863
A023688,8
A023689,16
A023690,6864
A023691,6865
A023692,24
A023693,6
A023694,0
A023695,6866
A023696,6867
A023697,3
A023698,1
A023699,28
A023700,7
A023701,17
A023702,18
A023703,19
A023704,28
A023705,18
A023706,15
A023707,6868
A023708,23
A023709,11
A023710,9
A023711,6869
A023712,6870
A023713,6871
A023714,11
A023715,1
A023716,6872
A023717,9
A023718,19
A023719,14
A023720,28
A023721,6873
A023722,13
A023723,1
A023724,6874
A023725,16
A023726,6875
A023727,32
A023728,31
A023729,9
A023730,0
A023731,6876
A023732,24
A023733,38
A023734,3
A023735,15
A023736,26
A023737,14
A023738,6877
A023739,20
A023740,22
A023741,22
A023742,0
A023743,3
A023744,12
A023745,4
A023746,9
A023747,13
A023748,6878
A023749,2
A023750,20
A023751,0
A023752,6879
A023753,1
A023754,3
A023755,6880
A023756,6881
A023757,16
A023758,12
A023759,7
A023760,6882
A023761,19
A023762,6883
A023763,8
A023764,4
A023765,4
A023766,9
A023767,6884
A023768,4
A023769,6885
A023770,6886
A023771,6
A023772,1
A023773,6887
A023774,6888
A023775,6889
A023776,6890
A023777,13
A023778,6
A023779,1
A023780,4
A023781,6891
A023782,6892
A023783,25
A023784,6893
A023785,14
A023786,6894
A023787,6895
A023788,29
A023789,6896
A023790,24
A023791,14
A023792,27
A023793,1
A023794,23
A023795,23
A023796,6897
A023797,6898
A023798,6899
A023799,5
A023800,6900
A023801,9
A023802,6901
A023803,6902
A023804,6903
A023805,6904
A023806,0
A023807,3
A023808,1
A023809,3
A023810,6905
A023811,28
A023812,18
A023813,4
A023814,7
A023815,18
A023816,0
A023817,6906
A023818,8
A023819,25
A023820,0
A023821,6907
A023822,6
A023823,12
A023824,0
A023825,6908
A023826,2
A023827,13
A023828,28
A023829,11
A023830,2
A023831,11
A023832,0
A023833,6909
A023834,0
A023835,6910
A023836,10
A023837,6911
A023838,11
A023839,6912
A023840,6913
A023841,6914
A023842,0
A023843,6915
A023844,16
A023845,10
A023846,26
A023847,3
A023848,7
A023849,1
A023850,2
A023851,0
A023852,21
A023853,8
A023854,6916
A023855,16
A023856,6917
A023857,2
A023858,3
A023859,6918
A023860,6919
A023861,16
A023862,6920
A023863,23
A023864,4
A023865,34
A023866,22
A023867,6921
A023868,1
A023869,8
A023870,6922
A023871,1
A023872,15
A023873,6923
A023874,13
A023875,6924
A023876,0
A023877,6925
A023878,8
A023879,11
A023880,13
A023881,17
A023882,6926
A023883,15
A023884,5
A023885,6927
A023886,6928
A023887,6929
A023888,3
A023889,16
A023890,15
A023891,6930
A023892,5
A023893,25
A023894,4
A023895,6931
A023896,0
A023897,16
A023898,16
A023899,15
A023900,13
A023901,1
A023902,3
A023903,2
A023904,29
A023905,6932
A023906,6933
A023907,6
A023908,6934
A023909,32
A023910,3
A023911,28
A023912,3
A023913,1
A023914,7
A023915,1
A023916,4
A023917,6935
A023918,1
A023919,1
A023920,27
A023921,10
A023922,6936
A023923,6937
A023924,28
A023925,5
A023926,0
A023927,6938
A023928,6939
A023929,5
A023930,5
A023931,6940
A023932,6
A023933,34
A023934,6941
A023935,6942
A023936,6943
A023937,6944
A023938,6945
A023939,6946
A023940,6
A023941,16
A023942,1
A023943,12
A023944,11
A023945,10
A023946,0
A023947,6947
A023948,13
A023949,33
A023950,6948
A023951,30
A023952,6949
A023953,6950
A023954,21
A023955,1
A023956,12
A023957,7
A023958,17
A023959,26
A023960,8
A023961,30
A023962,15
A023963,17
A023964,0
A023965,6951
A023966,27
A023967,6952
A023968,6953
A023969,28
A023970,29
A023971,6954
A023972,6955
A023973,20
A023974,28
A023975,19
A023976,0
A023977,29
A023978,10
A023979,16
A023980,27
A023981,10
A023982,6956
A023983,11
A023984,6957
A023985,6958
A023986,27
A023987,25
A023988,25
A023989,19
A023990,4
A023991,6959
A023992,6960
A023993,30
A023994,21
A023995,1
A023996,5
A023997,31
A023998,25
A023999,7
A024000,45
A024001,45
A024002,45
A024003,45
A024004,45
A024005,45
A024006,45
A024007,45
A024008,46
A024009,46
A024010,46
A024011,46
A024012,46
A024013,46
A024014,46
A024015,46
A024016,47
A024017,47
A024018,47
A024019,47
A024020,47
A024021,47
A024022,47
A024023,47
A024024,48
A024025,48
A024026,48
A024027,48
A024028,48
A024029,48
A024030,48
A024031,48
A024032,49
A024033,49
A024034,49
A024035,49
A024036,49
A024037,49
A024038,49
A024039,49
A024040,50
A024041,50
A024042,50
A024043,50
A024044,50
A024045,50
A024046,50
A024047,50
A024048,51
A024049,51
A024050,51
A024051,51
A024052,51
A024053,51
A024054,51
A024055,51
A024056,52
A024057,52
A024058,52
A024059,52
A024060,52
A024061,52
A024062,52
A024063,52
A024064,53
A024065,53
A024066,53
A024067,53
A024068,53
A024069,53
A024070,53
A024071,53
A024072,54
A024073,54
A024074,54
A024075,54
A024076,54
A024077,54
A024078,54
A024079,54
A024080,55
A024081,55
A024082,55
A024083,55
A024084,55
A024085,55
A024086,55
A024087,55
A024088,56
A024089,56
A024090,56
A024091,56
A024092,56
A024093,56
A024094,56
A024095,56
A024096,57
A024097,57
A024098,57
A024099,57
A024100,57
A024101,57
A024102,57
A024103,57
A024104,58
A024105,58
A024106,58
A024107,58
A024108,58
A024109,58
A024110,58
A024111,58
A024112,59
A024113,59
A024114,59
A024115,59
A024116,59
A024117,59
A024118,59
A024119,59
A024120,60
A024121,60
A024122,60
A024123,60
A024124,60
A024125,60
A024126,60
A024127,60
A024128,29
A024129,29
A024130,29
A024131,29
A024132,29
A024133,29
A024134,29
A024135,29
A024136,61
A024137,61
A024138,61
A024139,61
A024140,61
A024141,61
A024142,61
A024143,61
A024144,62
A024145,62
A024146,62
A024147,62
A024148,62
A024149,62
A024150,62
A024151,62
A024152,63
A024153,63
A024154,63
A024155,63
A024156,63
A024157,63
A024158,63
A024159,63
A024160,64
A024161,64
A024162,64
A024163,64
A024164,64
A024165,64
A024166,64
A024167,64
A024168,38
A024169,38
A024170,38
A024171,38
A024172,38
A024173,38
A024174,38
A024175,38
A024176,65
A024177,65
A024178,65
A024179,65
A024180,65
A024181,65
A024182,65
A024183,65
A024184,66
A024185,66
A024186,66
A024187,66
A024188,66
A024189,66
A024190,66
A024191,66
A024192,67
A024193,67
A024194,67
A024195,67
A024196,67
A024197,67
A024198,67
A024199,67
A024200,68
A024201,68
A024202,68
A024203,68
A024204,68
A024205,68
A024206,68
A024207,68
A024208,69
A024209,69
A024210,69
A024211,69
A024212,69
A024213,69
A024214,69
A024215,69
A024216,70
A024217,70
A024218,70
A024219,70
A024220,70
A024221,70
A024222,70
A024223,70
A024224,10
A024225,10
A024226,10
A024227,10
A024228,10
A024229,10
A024230,10
A024231,10
A024232,71
A024233,71
A024234,71
A024235,71
A024236,71
A024237,71
A024238,71
A024239,71
A024240,72
A024241,72
A024242,72
A024243,72
A024244,72
A024245,72
A024246,72
A024247,72
A024248,73
A024249,73
A024250,73
A024251,73
A024252,73
A024253,73
A024254,73
A024255,73
A024256,74
A024257,74
A024258,74
A024259,74
A024260,74
A024261,74
A024262,74
A024263,74
A024264,75
A024265,75
A024266,75
A024267,75
A024268,75
A024269,75
A024270,75
A024271,75
A024272,76
A024273,76
A024274,76
A024275,76
A024276,76
A024277,76
A024278,76
A024279,76
A024280,77
A024281,77
A024282,77
A024283,77
A024284,77
A024285,77
A024286,77
A024287,77
A024288,78
A024289,78
A024290,78
A024291,78
A024292,78
A024293,78
A024294,78
A024295,78
A024296,79
A024297,79
A024298,79
A024299,79
A024300,79
A024301,79
A024302,79
A024303,79
A024304,80
A024305,80
A024306,80
A024307,80
A024308,80
A024309,80
A024310,80
A024311,80
A024312,81
A024313,81
A024314,81
A024315,81
A024316,81
A024317,81
A024318,81
A024319,81
A024320,39
A024321,39
A024322,39
A024323,39
A024324,39
A024325,39
A024326,39
A024327,39
A024328,39
A024329,39
A024330,39
A024331,39
A024332,39
A024333,39
A024334,39
A024335,39
A024336,39
A024337,39
A024338,39
A024339,39
A024340,35
A024341,35
A024342,35
A024343,35
A024344,35
A024345,35
A024346,35
A024347,35
A024348,35
A024349,35
A024350,35
A024351,35
A024352,35
A024353,35
A024354,35
A024355,35
A024356,35
A024357,35
A024358,35
A024359,35
A024360,41
A024361,41
A024362,41
A024363,41
A024364,41
A024365,41
A024366,41
A024367,41
A024368,41
A024369,41
A024370,41
A024371,41
A024372,41
A024373,41
A024374,41
A024375,41
A024376,41
A024377,41
A024378,41
A024379,41
A024380,36
A024381,36
A024382,36
A024383,36
A024384,36
A024385,36
A024386,36
A024387,36
A024388,36
A024389,36
A024390,36
A024391,36
A024392,36
A024393,36
A024394,36
A024395,36
A024396,36
A024397,36
A024398,36
A024399,36
A024400,42
A024401,42
A024402,42
A024403,42
A024404,42
A024405,42
A024406,42
A024407,42
A024408,42
A024409,42
A024410,42
A024411,42
A024412,42
A024413,42
A024414,42
A024415,42
A024416,42
A024417,42
A024418,42
A024419,42
A024420,36
A024421,36
A024422,36
A024423,36
A024424,36
A024425,36
A024426,36
A024427,36
A024428,36
A024429,36
A024430,36
A024431,36
A024432,36
A024433,36
A024434,36
A024435,36
A024436,36
A024437,36
A024438,36
A024439,36
A024440,35
A024441,35
A024442,35
A024443,35
A024444,35
A024445,35
A024446,35
A024447,35
A024448,35
A024449,35
A024450,35
A024451,35
A024452,35
A024453,35
A024454,35
A024455,35
A024456,35
A024457,35
A024458,35
A024459,35
A024460,40
A024461,40
A024462,40
A024463,40
A024464,40
A024465,40
A024466,40
A024467,40
A024468,40
A024469,40
A024470,40
A024471,40
A024472,40
A024473,40
A024474,40
A024475,40
A024476,40
A024477,40
A024478,40
A024479,40
A024480,42
A024481,42
A024482,42
A024483,42
A024484,42
A024485,42
A024486,42
A024487,42
A024488,42
A024489,42
A024490,42
A024491,42
A024492,42
A024493,42
A024494,42
A024495,42
A024496,42
A024497,42
A024498,42
A024499,42
A024500,40
A024501,40
A024502,40
A024503,40
A024504,40
A024505,40
A024506,40
A024507,40
A024508,40
A024509,40
A024510,40
A024511,40
A024512,40
A024513,40
A024514,40
A024515,40
A024516,40
A024517,40
A024518,40
A024519,40
A024520,37
A024521,37
A024522,37
A024523,37
A024524,37
A024525,37
A024526,37
A024527,37
A024528,37
A024529,37
A024530,37
A024531,37
A024532,37
A024533,37
A024534,37
A024535,37
A024536,37
A024537,37
A024538,37
A024539,37
A024540,37
A024541,37
A024542,37
A024543,37
A024544,37
A024545,37
A024546,37
A024547,37
A024548,37
A024549,37
A024550,37
A024551,37
A024552,37
A024553,37
A024554,37
A024555,37
A024556,37
A024557,37
A024558,37
A024559,37
A024560,44
A024561,44
A024562,44
A024563,44
A024564,44
A024565,44
A024566,44
A024567,44
A024568,44
A024569,44
A024570,44
A024571,44
A024572,44
A024573,44
A024574,44
A024575,44
A024576,44
A024577,44
A024578,44
A024579,44
A024580,35
A024581,35
A024582,35
A024583,35
A024584,35
A024585,35
A024586,35
A024587,35
A024588,35
A024589,35
A024590,35
A024591,35
A024592,35
A024593,35
A024594,35
A024595,35
A024596,35
A024597,35
A024598,35
A024599,35
A024600,37
A024601,37
A024602,37
A024603,37
A024604,37
A024605,37
A024606,37
A024607,37
A024608,37
A024609,37
A024610,37
A024611,37
A024612,37
A024613,37
A024614,37
A024615,37
A024616,37
A024617,37
A024618,37
A024619,37
A024620,37
A024621,37
A024622,37
A024623,37
A024624,37
A024625,37
A024626,37
A024627,37
A024628,37
A024629,37
A024630,37
A024631,37
A024632,37
A024633,37
A024634,37
A024635,37
A024636,37
A024637,37
A024638,37
A024639,37
A024640,39
A024641,39
A024642,39
A024643,39
A024644,39
A024645,39
A024646,39
A024647,39
A024648,39
A024649,39
A024650,39
A024651,39
A024652,39
A024653,39
A024654,39
A024655,39
A024656,39
A024657,39
A024658,39
A024659,39
A024660,39
A024661,39
A024662,39
A024663,39
A024664,39
A024665,39
A024666,39
A024667,39
A024668,39
A024669,39
A024670,39
A024671,39
A024672,39
A024673,39
A024674,39
A024675,39
A024676,39
A024677,39
A024678,39
A024679,39
A024680,39
A024681,39
A024682,39
A024683,39
A024684,39
A024685,39
A024686,39
A024687,39
A024688,39
A024689,39
A024690,39
A024691,39
A024692,39
A024693,39
A024694,39
A024695,39
A024696,39
A024697,39
A024698,39
A024699,39
A024700,43
A024701,43
A024702,43
A024703,43
A024704,43
A024705,43
A024706,43
A024707,43
A024708,43
A024709,43
A024710,43
A024711,43
A024712,43
A024713,43
A024714,43
A024715,43
A024716,43
A024717,43
A024718,43
A024719,43
A024720,36
A024721,36
A024722,36
A024723,36
A024724,36
A024725,36
A024726,36
A024727,36
A024728,36
A024729,36
A024730,36
A024731,36
A024732,36
A024733,36
A024734,36
A024735,36
A024736,36
A024737,36
A024738,36
A024739,36
A024740,41
A024741,41
A024742,41
A024743,41
A024744,41
A024745,41
A024746,41
A024747,41
A024748,41
A024749,41
A024750,41
A024751,41
A024752,41
A024753,41
A024754,41
A024755,41
A024756,41
A024757,41
A024758,41
A024759,41
A024760,36
A024761,36
A024762,36
A024763,36
A024764,36
A024765,36
A024766,36
A024767,36
A024768,36
A024769,36
A024770,36
A024771,36
A024772,36
A024773,36
A024774,36
A024775,36
A024776,36
A024777,36
A024778,36
A024779,36
A024780,37
A024781,37
A024782,37
A024783,37
A024784,37
A024785,37
A024786,37
A024787,37
A024788,37
A024789,37
A024790,37
A024791,37
A024792,37
A024793,37
A024794,37
A024795,37
A024796,37
A024797,37
A024798,37
A024799,37
A024800,40
A024801,40
A024802,40
A024803,40
A024804,40
A024805,40
A024806,40
A024807,40
A024808,40
A024809,40
A024810,40
A024811,40
A024812,40
A024813,40
A024814,40
A024815,40
A024816,40
A024817,40
A024818,40
A024819,40
A024820,35
A024821,35
A024822,35
A024823,35
A024824,35
A024825,35
A024826,35
A024827,35
A024828,35
A024829,35
A024830,35
A024831,35
A024832,35
A024833,35
A024834,35
A024835,35
A024836,35
A024837,35
A024838,35
A024839,35
A024840,40
A024841,40
A024842,40
A024843,40
A024844,40
A024845,40
A024846,40
A024847,40
A024848,40
A024849,40
A024850,40
A024851,40
A024852,40
A024853,40
A024854,40
A024855,40
A024856,40
A024857,40
A024858,40
A024859,40
A024860,43
A024861,43
A024862,43
A024863,43
A024864,43
A024865,43
A024866,43
A024867,43
A024868,43
A024869,43
A024870,43
A024871,43
A024872,43
A024873,43
A024874,43
A024875,43
A024876,43
A024877,43
A024878,43
A024879,43
A024880,36
A024881,36
A024882,36
A024883,36
A024884,36
A024885,36
A024886,36
A024887,36
A024888,36
A024889,36
A024890,36
A024891,36
A024892,36
A024893,36
A024894,36
A024895,36
A024896,36
A024897,36
A024898,36
A024899,36
A024900,35
A024901,35
A024902,35
A024903,35
A024904,35
A024905,35
A024906,35
A024907,35
A024908,35
A024909,35
A024910,35
A024911,35
A024912,35
A024913,35
A024914,35
A024915,35
A024916,35
A024917,35
A024918,35
A024919,35
A024920,7
A024921,7
A024922,7
A024923,7
A024924,7
A024925,7
A024926,82
A024927,82
A024928,82
A024929,82
A024930,82
A024931,82
A024932,83
A024933,83
A024934,83
A024935,83
A024936,83
A024937,83
A024938,84
A024939,84
A024940,84
A024941,84
A024942,84
A024943,84
A024944,85
A024945,85
A024946,85
A024947,85
A024948,85
A024949,85
A024950,86
A024951,86
A024952,86
A024953,86
A024954,86
A024955,86
A024956,87
A024957,87
A024958,87
A024959,87
A024960,87
A024961,87
A024962,15
A024963,15
A024964,15
A024965,15
A024966,15
A024967,15
A024968,88
A024969,88
A024970,88
A024971,88
A024972,88
A024973,88
A024974,89
A024975,89
A024976,89
A024977,89
A024978,89
A024979,89
A024980,28
A024981,28
A024982,28
A024983,28
A024984,28
A024985,28
A024986,90
A024987,90
A024988,90
A024989,90
A024990,90
A024991,90
A024992,91
A024993,91
A024994,91
A024995,91
A024996,91
A024997,91
A024998,92
A024999,92
A025000,92
A025001,92
A025002,92
A025003,92
A025004,93
A025005,93
A025006,93
A025007,93
A025008,93
A025009,93
A025010,94
A025011,94
A025012,94
A025013,94
A025014,94
A025015,94
A025016,95
A025017,95
A025018,95
A025019,95
A025020,95
A025021,95
A025022,96
A025023,96
A025024,96
A025025,96
A025026,96
A025027,96
A025028,97
A025029,97
A025030,97
A025031,97
A025032,97
A025033,97
A025034,98
A025035,98
A025036,98
A025037,98
A025038,98
A025039,98
A025040,99
A025041,99
A025042,99
A025043,99
A025044,99
A025045,99
A025046,100
A025047,100
A025048,100
A025049,100
A025050,100
A025051,100
A025052,101
A025053,101
A025054,101
A025055,101
A025056,101
A025057,101
A025058,102
A025059,102
A025060,102
A025061,102
A025062,102
A025063,102
A025064,16
A025065,16
A025066,16
A025067,16
A025068,16
A025069,16
A025070,103
A025071,103
A025072,103
A025073,103
A025074,103
A025075,103
A025076,104
A025077,104
A025078,104
A025079,104
A025080,104
A025081,104
A025082,13
A025083,13
A025084,13
A025085,13
A025086,13
A025087,13
A025088,105
A025089,105
A025090,105
A025091,105
A025092,105
A025093,105
A025094,106
A025095,106
A025096,106
A025097,106
A025098,106
A025099,106
A025100,6961
A025101,6962
A025102,6963
A025103,6964
A025104,6965
A025105,6966
A025106,6967
A025107,6968
A025108,6969
A025109,6970
A025110,6971
A025111,6972
A025112,6973
A025113,6974
A025114,6975
A025115,6976
A025116,6977
A025117,6978
A025118,3
A025119,6979
A025120,6980
A025121,6981
A025122,6982
A025123,6983
A025124,6984
A025125,6985
A025126,6986
A025127,6987
A025128,6988
A025129,6989
A025130,6990
A025131,6991
A025132,6992
A025133,6993
A025134,6994
A025135,6995
A025136,6996
A025137,6997
A025138,6998
A025139,6999
A025140,7000
A025141,7001
A025142,7002
A025143,7003
A025144,7004
A025145,7005
A025146,7006
A025147,7007
A025148,7008
A025149,25
A025150,7009
A025151,7010
A025152,7011
A025153,7012
A025154,7013
A025155,7014
A025156,7015
A025157,7016
A025158,7017
A025159,7018
A025160,7019
A025161,7020
A025162,7021
A025163,7022
A025164,7023
A025165,7024
A025166,7025
A025167,7026
A025168,7027
A025169,7028
A025170,7029
A025171,7030
A025172,7031
A025173,7032
A025174,0
A025175,7033
A025176,7034
A025177,7035
A025178,7036
A025179,7037
A025180,7038
A025181,7039
A025182,7040
A025183,7041
A025184,7042
A025185,7043
A025186,7044
A025187,7045
A025188,7046
A025189,7047
A025190,7048
A025191,7049
A025192,7050
A025193,7051
A025194,23
A025195,7
A025196,7052
A025197,7053
A025198,7054
A025199,7055
A025200,7056
A025201,7057
A025202,0
A025203,7058
A025204,7059
A025205,7060
A025206,7061
A025207,7062
A025208,7063
A025209,7064
A025210,7065
A025211,7066
A025212,7067
A025213,7068
A025214,7069
A025215,7070
A025216,7071
A025217,7072
A025218,7073
A025219,7074
A025220,7075
A025221,7076
A025222,7077
A025223,7078
A025224,7079
A025225,7080
A025226,7081
A025227,7082
A025228,7083
A025229,7084
A025230,7085
A025231,7086
A025232,7087
A025233,7088
A025234,7089
A025235,7090
A025236,7091
A025237,7092
A025238,7093
A025239,7094
A025240,7095
A025241,7096
A025242,7097
A025243,7098
A025244,7099
A025245,7100
A025246,7101
A025247,7102
A025248,7103
A025249,7104
A025250,7105
A025251,7106
A025252,7107
A025253,7108
A025254,7109
A025255,7110
A025256,7111
A025257,7112
A025258,7113
A025259,7114
A025260,7115
A025261,7116
A025262,7117
A025263,7118
A025264,7119
A025265,7120
A025266,7121
A025267,107
A025268,7122
A025269,7123
A025270,7124
A025271,7125
A025272,7126
A025273,7127
A025274,7128
A025275,7129
A025276,7130
A025277,7131
A025278,7132
A025279,7133
A025280,7134
A025281,7135
A025282,7136
A025283,7137
A025284,7138
A025285,7139
A025286,7140
A025287,7141
A025288,7142
A025289,7143
A025290,7144
A025291,7145
A025292,7146
A025293,7147
A025294,7148
A025295,7149
A025296,7150
A025297,7151
A025298,7152
A025299,7153
A025300,7154
A025301,7155
A025302,7156
A025303,7157
A025304,7158
A025305,7159
A025306,7160
A025307,7161
A025308,7162
A025309,7163
A025310,7164
A025311,7165
A025312,7166
A025313,7167
A025314,7168
A025315,7169
A025316,7170
A025317,7171
A025318,7172
A025319,7173
A025320,7174
A025321,7175
A025322,7176
A025323,7177
A025324,7178
A025325,7179
A025326,7180
A025327,7181
A025328,7182
A025329,7183
A025330,7184
A025331,7185
A025332,7186
A025333,7187
A025334,7188
A025335,7189
A025336,7190
A025337,7191
A025338,7192
A025339,7193
A025340,7194
A025341,7195
A025342,7196
A025343,7197
A025344,7198
A025345,7199
A025346,7200
A025347,7201
A025348,7202
A025349,7203
A025350,7204
A025351,7205
A025352,7206
A025353,7207
A025354,7208
A025355,7209
A025356,7210
A025357,7211
A025358,7212
A025359,7213
A025360,7214
A025361,7215
A025362,7216
A025363,7217
A025364,7218
A025365,7219
A025366,7220
A025367,7221
A025368,7222
A025369,7223
A025370,7224
A025371,7225
A025372,7226
A025373,7227
A025374,7228
A025375,7229
A025376,7230
A025377,7231
A025378,7232
A025379,7233
A025380,7234
A025381,7235
A025382,7236
A025383,7237
A025384,7238
A025385,7239
A025386,7240
A025387,7241
A025388,7242
A025389,7243
A025390,7244
A025391,7245
A025392,7246
A025393,7247
A025394,7248
A025395,7249
A025396,108
A025397,7250
A025398,7251
A025399,7252
A025400,7253
A025401,7254
A025402,31
A025403,7255
A025404,7256
A025405,7257
A025406,7258
A025407,7259
A025408,7260
A025409,24
A025410,7261
A025411,7262
A025412,7263
A025413,7264
A025414,7265
A025415,7266
A025416,7267
A025417,7268
A025418,7269
A025419,7270
A025420,7271
A025421,7272
A025422,7273
A025423,7274
A025424,0
A025425,7275
A025426,7276
A025427,7277
A025428,7278
A025429,7279
A025430,7280
A025431,7281
A025432,7282
A025433,7
A025434,7283
A025435,7284
A025436,7285
A025437,7286
A025438,7287
A025439,7288
A025440,7289
A025441,7290
A025442,7291
A025443,7292
A025444,7293
A025445,7294
A025446,7295
A025447,7296
A025448,7297
A025449,7298
A025450,7299
A025451,7300
A025452,7301
A025453,7302
A025454,7303
A025455,7304
A025456,7305
A025457,7306
A025458,7307
A025459,7308
A025460,7309
A025461,7310
A025462,7311
A025463,7312
A025464,7313
A025465,7314
A025466,7315
A025467,7316
A025468,7317
A025469,7318
A025470,7319
A025471,7320
A025472,7321
A025473,7322
A025474,7323
A025475,7324
A025476,7325
A025477,7326
A025478,7327
A025479,7328
A025480,7329
A025481,2
A025482,7330
A025483,7331
A025484,7332
A025485,7333
A025486,7334
A025487,7335
A025488,7336
A025489,7337
A025490,7338
A025491,7339
A025492,7340
A025493,7341
A025494,7342
A025495,7343
A025496,7344
A025497,7345
A025498,7346
A025499,7347
A025500,109
A025501,109
A025502,109
A025503,109
A025504,110
A025505,110
A025506,110
A025507,110
A025508,111
A025509,111
A025510,111
A025511,111
A025512,112
A025513,112
A025514,112
A025515,112
A025516,113
A025517,113
A025518,113
A025519,113
A025520,114
A025521,114
A025522,114
A025523,114
A025524,115
A025525,115
A025526,115
A025527,115
A025528,116
A025529,116
A025530,116
A025531,116
A025532,117
A025533,117
A025534,117
A025535,117
A025536,118
A025537,118
A025538,118
A025539,118
A025540,119
A025541,119
A025542,119
A025543,119
A025544,120
A025545,120
A025546,120
A025547,120
A025548,121
A025549,121
A025550,121
A025551,121
A025552,122
A025553,122
A025554,122
A025555,122
A025556,123
A025557,123
A025558,123
A025559,123
A025560,124
A025561,124
A025562,124
A025563,124
A025564,125
A025565,125
A025566,125
A025567,125
A025568,126
A025569,126
A025570,126
A025571,126
A025572,127
A025573,127
A025574,127
A025575,127
A025576,128
A025577,128
A025578,128
A025579,128
A025580,129
A025581,129
A025582,129
A025583,129
A025584,130
A025585,130
A025586,130
A025587,130
A025588,131
A025589,131
A025590,131
A025591,131
A025592,132
A025593,132
A025594,132
A025595,132
A025596,133
A025597,133
A025598,133
A025599,133
A025600,134
A025601,134
A025602,134
A025603,134
A025604,135
A025605,135
A025606,135
A025607,135
A025608,136
A025609,136
A025610,136
A025611,136
A025612,137
A025613,137
A025614,137
A025615,137
A025616,138
A025617,138
A025618,138
A025619,138
A025620,139
A025621,139
A025622,139
A025623,139
A025624,140
A025625,140
A025626,140
A025627,140
A025628,108
A025629,108
A025630,108
A025631,108
A025632,141
A025633,141
A025634,141
A025635,141
A025636,142
A025637,142
A025638,142
A025639,142
A025640,143
A025641,143
A025642,143
A025643,143
A025644,144
A025645,144
A025646,144
A025647,144
A025648,145
A025649,145
A025650,145
A025651,145
A025652,146
A025653,146
A025654,146
A025655,146
A025656,147
A025657,147
A025658,147
A025659,147
A025660,148
A025661,148
A025662,148
A025663,148
A025664,149
A025665,149
A025666,149
A025667,149
A025668,150
A025669,150
A025670,150
A025671,150
A025672,151
A025673,151
A025674,151
A025675,151
A025676,34
A025677,34
A025678,34
A025679,34
A025680,152
A025681,152
A025682,152
A025683,152
A025684,153
A025685,153
A025686,153
A025687,153
A025688,26
A025689,26
A025690,26
A025691,26
A025692,154
A025693,154
A025694,154
A025695,154
A025696,155
A025697,155
A025698,155
A025699,155
A025700,156
A025701,156
A025702,156
A025703,156
A025704,157
A025705,157
A025706,157
A025707,157
A025708,158
A025709,158
A025710,158
A025711,158
A025712,159
A025713,159
A025714,159
A025715,159
A025716,160
A025717,160
A025718,160
A025719,160
A025720,161
A025721,161
A025722,161
A025723,161
A025724,162
A025725,162
A025726,162
A025727,162
A025728,163
A025729,163
A025730,163
A025731,163
A025732,164
A025733,164
A025734,164
A025735,164
A025736,165
A025737,165
A025738,165
A025739,165
A025740,166
A025741,166
A025742,166
A025743,166
A025744,167
A025745,167
A025746,167
A025747,167
A025748,168
A025749,168
A025750,168
A025751,168
A025752,169
A025753,169
A025754,169
A025755,169
A025756,170
A025757,170
A025758,170
A025759,170
A025760,23
A025761,23
A025762,23
A025763,23
A025764,171
A025765,171
A025766,171
A025767,171
A025768,172
A025769,172
A025770,172
A025771,172
A025772,173
A025773,173
A025774,173
A025775,173
A025776,174
A025777,174
A025778,174
A025779,174
A025780,175
A025781,175
A025782,175
A025783,175
A025784,176
A025785,176
A025786,176
A025787,176
A025788,177
A025789,177
A025790,177
A025791,177
A025792,178
A025793,178
A025794,178
A025795,178
A025796,179
A025797,179
A025798,179
A025799,179
A025800,107
A025801,107
A025802,107
A025803,107
A025804,20
A025805,20
A025806,20
A025807,20
A025808,180
A025809,180
A025810,180
A025811,180
A025812,181
A025813,181
A025814,181
A025815,181
A025816,182
A025817,182
A025818,182
A025819,182
A025820,183
A025821,183
A025822,183
A025823,183
A025824,184
A025825,184
A025826,184
A025827,184
A025828,185
A025829,185
A025830,185
A025831,185
A025832,186
A025833,186
A025834,186
A025835,186
A025836,187
A025837,187
A025838,187
A025839,187
A025840,188
A025841,188
A025842,188
A025843,188
A025844,189
A025845,189
A025846,189
A025847,189
A025848,190
A025849,190
A025850,190
A025851,190
A025852,191
A025853,191
A025854,191
A025855,191
A025856,192
A025857,192
A025858,192
A025859,192
A025860,193
A025861,193
A025862,193
A025863,193
A025864,194
A025865,194
A025866,194
A025867,194
A025868,195
A025869,195
A025870,195
A025871,195
A025872,196
A025873,196
A025874,196
A025875,196
A025876,197
A025877,197
A025878,197
A025879,197
A025880,198
A025881,198
A025882,198
A025883,198
A025884,199
A025885,199
A025886,199
A025887,199
A025888,200
A025889,200
A025890,200
A025891,200
A025892,201
A025893,201
A025894,201
A025895,201
A025896,202
A025897,202
A025898,202
A025899,202
A025900,203
A025901,203
A025902,203
A025903,203
A025904,204
A025905,204
A025906,204
A025907,204
A025908,205
A025909,205
A025910,205
A025911,205
A025912,206
A025913,206
A025914,206
A025915,206
A025916,207
A025917,207
A025918,207
A025919,207
A025920,208
A025921,208
A025922,208
A025923,208
A025924,209
A025925,209
A025926,209
A025927,209
A025928,210
A025929,210
A025930,210
A025931,210
A025932,211
A025933,211
A025934,211
A025935,211
A025936,212
A025937,212
A025938,212
A025939,212
A025940,213
A025941,213
A025942,213
A025943,213
A025944,214
A025945,214
A025946,214
A025947,214
A025948,215
A025949,215
A025950,215
A025951,215
A025952,216
A025953,216
A025954,216
A025955,216
A025956,4
A025957,4
A025958,4
A025959,4
A025960,217
A025961,217
A025962,217
A025963,217
A025964,218
A025965,218
A025966,218
A025967,218
A025968,219
A025969,219
A025970,219
A025971,219
A025972,220
A025973,220
A025974,220
A025975,220
A025976,221
A025977,221
A025978,221
A025979,221
A025980,222
A025981,222
A025982,222
A025983,222
A025984,223
A025985,223
A025986,223
A025987,223
A025988,224
A025989,224
A025990,224
A025991,224
A025992,225
A025993,225
A025994,225
A025995,225
A025996,226
A025997,226
A025998,226
A025999,226
A026000,227
A026001,227
A026002,227
A026003,227
A026004,228
A026005,228
A026006,228
A026007,228
A026008,229
A026009,229
A026010,229
A026011,229
A026012,7348
A026013,7349
A026014,7350
A026015,7351
A026016,7352
A026017,7353
A026018,7354
A026019,7355
A026020,7356
A026021,7357
A026022,7358
A026023,7359
A026024,7360
A026025,7361
A026026,7362
A026027,7363
A026028,7364
A026029,7365
A026030,7366
A026031,7367
A026032,7368
A026033,7369
A026034,7370
A026035,7371
A026036,7372
A026037,7373
A026038,7374
A026039,7375
A026040,7376
A026041,7377
A026042,7378
A026043,7379
A026044,7380
A026045,7381
A026046,7382
A026047,7383
A026048,7384
A026049,7385
A026050,7386
A026051,7387
A026052,7388
A026053,7389
A026054,7390
A026055,7391
A026056,7392
A026057,7393
A026058,7394
A026059,7395
A026060,7396
A026061,7397
A026062,7398
A026063,7399
A026064,7400
A026065,7401
A026066,7402
A026067,7403
A026068,7404
A026069,7405
A026070,7406
A026071,7407
A026072,7408
A026073,7409
A026074,7410
A026075,7411
A026076,7412
A026077,7413
A026078,7414
A026079,7415
A026080,7416
A026081,7417
A026082,7418
A026083,7419
A026084,7420
A026085,7421
A026086,7422
A026087,7423
A026088,7424
A026089,7425
A026090,7426
A026091,7427
A026092,7428
A026093,7429
A026094,7430
A026095,7431
A026096,7432
A026097,7433
A026098,7434
A026099,7435
A026100,7436
A026101,7437
A026102,7438
A026103,7439
A026104,7440
A026105,7441
A026106,7442
A026107,7443
A026108,7444
A026109,7445
A026110,7446
A026111,7447
A026112,7448
A026113,7449
A026114,7450
A026115,7451
A026116,7452
A026117,7453
A026118,7454
A026119,7455
A026120,7456
A026121,7457
A026122,7458
A026123,7459
A026124,7460
A026125,7461
A026126,7462
A026127,7463
A026128,7464
A026129,7465
A026130,7466
A026131,7467
A026132,7468
A026133,7469
A026134,7470
A026135,7471
A026136,7472
A026137,7473
A026138,7474
A026139,7475
A026140,7476
A026141,7477
A026142,7478
A026143,7479
A026144,7480
A026145,7481
A026146,7482
A026147,7483
A026148,7484
A026149,7485
A026150,7486
A026151,7487
A026152,7488
A026153,7489
A026154,7490
A026155,7491
A026156,7492
A026157,7493
A026158,7494
A026159,7495
A026160,7496
A026161,7497
A026162,7498
A026163,7499
A026164,7500
A026165,7501
A026166,7502
A026167,7503
A026168,7504
A026169,7505
A026170,7506
A026171,7507
A026172,7508
A026173,7509
A026174,7510
A026175,7511
A026176,7512
A026177,7513
A026178,7514
A026179,7515
A026180,7516
A026181,7517
A026182,7518
A026183,7519
A026184,7520
A026185,7521
A026186,7522
A026187,7523
A026188,7524
A026189,7525
A026190,7526
A026191,7527
A026192,7528
A026193,7529
A026194,7530
A026195,7531
A026196,7532
A026197,7533
A026198,7534
A026199,7535
A026200,7536
A026201,7537
A026202,7538
A026203,7539
A026204,7540
A026205,7541
A026206,7542
A026207,7543
A026208,7544
A026209,7545
A026210,7546
A026211,7547
A026212,7548
A026213,7549
A026214,7550
A026215,7551
A026216,7552
A026217,7553
A026218,7554
A026219,7555
A026220,7556
A026221,7557
A026222,7558
A026223,7559
A026224,7560
A026225,7561
A026226,7562
A026227,7563
A026228,7564
A026229,7565
A026230,7566
A026231,7567
A026232,7568
A026233,7569
A026234,7570
A026235,7571
A026236,7572
A026237,7573
A026238,7574
A026239,7575
A026240,7576
A026241,7577
A026242,7578
A026243,7579
A026244,7580
A026245,7581
A026246,7582
A026247,7583
A026248,7584
A026249,7585
A026250,7586
A026251,7587
A026252,7588
A026253,7589
A026254,7590
A026255,7591
A026256,7592
A026257,7593
A026258,7594
A026259,7595
A026260,7596
A026261,7597
A026262,7598
A026263,7599
A026264,7600
A026265,7601
A026266,7602
A026267,7603
A026268,7604
A026269,7605
A026270,7606
A026271,7607
A026272,7608
A026273,7609
A026274,7610
A026275,7611
A026276,7612
A026277,7613
A026278,7614
A026279,7615
A026280,7616
A026281,7617
A026282,7618
A026283,7619
A026284,7620
A026285,7621
A026286,7622
A026287,7623
A026288,7624
A026289,7625
A026290,7626
A026291,7627
A026292,7628
A026293,7629
A026294,7630
A026295,7631
A026296,7632
A026297,7633
A026298,7634
A026299,7635
A026300,7636
A026301,7637
A026302,7638
A026303,7639
A026304,7640
A026305,7641
A026306,7642
A026307,7643
A026308,7644
A026309,7645
A026310,7646
A026311,7647
A026312,7648
A026313,7649
A026314,7650
A026315,7651
A026316,7652
A026317,7653
A026318,7654
A026319,7655
A026320,7656
A026321,7657
A026322,7658
A026323,7659
A026324,7660
A026325,7661
A026326,7662
A026327,7663
A026328,7664
A026329,7665
A026330,7666
A026331,7667
A026332,7668
A026333,7669
A026334,7670
A026335,7671
A026336,7672
A026337,7673
A026338,7674
A026339,7675
A026340,7676
A026341,7677
A026342,7678
A026343,7679
A026344,7680
A026345,7681
A026346,7682
A026347,7683
A026348,7684
A026349,7685
A026350,7686
A026351,7687
A026352,7688
A026353,7689
A026354,7690
A026355,7691
A026356,7692
A026357,7693
A026358,7694
A026359,7695
A026360,7696
A026361,7697
A026362,7698
A026363,7699
A026364,7700
A026365,7701
A026366,7702
A026367,7703
A026368,7704
A026369,7705
A026370,7706
A026371,7707
A026372,7708
A026373,7709
A026374,7710
A026375,7711
A026376,7712
A026377,7713
A026378,7714
A026379,7715
A026380,7716
A026381,7717
A026382,7718
A026383,7719
A026384,7720
A026385,7721
A026386,7722
A026387,7723
A026388,7724
A026389,7725
A026390,7726
A026391,7727
A026392,7728
A026393,7729
A026394,7730
A026395,7731
A026396,7732
A026397,7733
A026398,7734
A026399,7735
A026400,7736
A026401,7737
A026402,7738
A026403,7739
A026404,7740
A026405,7741
A026406,7742
A026407,7743
A026408,7744
A026409,7745
A026410,7746
A026411,7747
A026412,7748
A026413,7749
A026414,7750
A026415,7751
A026416,7752
A026417,7753
A026418,7754
A026419,7755
A026420,7756
A026421,7757
A026422,7758
A026423,7759
A026424,7760
A026425,7761
A026426,7762
A026427,7763
A026428,7764
A026429,7765
A026430,7766
A026431,7767
A026432,7768
A026433,7769
A026434,7770
A026435,7771
A026436,7772
A026437,7773
A026438,7774
A026439,7775
A026440,7776
A026441,7777
A026442,7778
A026443,7779
A026444,7780
A026445,7781
A026446,7782
A026447,7783
A026448,7784
A026449,7785
A026450,7786
A026451,7787
A026452,7788
A026453,7789
A026454,7790
A026455,7791
A026456,7792
A026457,7793
A026458,7794
A026459,7795
A026460,7796
A026461,7797
A026462,7798
A026463,7799
A026464,7800
A026465,7801
A026466,7802
A026467,7803
A026468,7804
A026469,7805
A026470,7806
A026471,7807
A026472,7808
A026473,7809
A026474,7810
A026475,7811
A026476,7812
A026477,7813
A026478,7814
A026479,7815
A026480,7816
A026481,7817
A026482,7818
A026483,7819
A026484,7820
A026485,7821
A026486,7822
A026487,7823
A026488,7824
A026489,7825
A026490,7826
A026491,7827
A026492,7828
A026493,7829
A026494,7830
A026495,7831
A026496,7832
A026497,7833
A026498,7834
A026499,7835
A026500,7836
A026501,7837
A026502,7838
A026503,7839
A026504,7840
A026505,7841
A026506,7842
A026507,7843
A026508,7844
A026509,7845
A026510,7846
A026511,7847
A026512,7848
A026513,7849
A026514,7850
A026515,7851
A026516,7852
A026517,7853
A026518,7854
A026519,7855
A026520,7856
A026521,7857
A026522,7858
A026523,7859
A026524,7860
A026525,7861
A026526,7862
A026527,7863
A026528,7864
A026529,7865
A026530,7866
A026531,7867
A026532,7868
A026533,7869
A026534,7870
A026535,7871
A026536,7872
A026537,7873
A026538,7874
A026539,7875
A026540,7876
A026541,7877
A026542,7878
A026543,7879
A026544,7880
A026545,7881
A026546,7882
A026547,7883
A026548,7884
A026549,7885
A026550,7886
A026551,7887
A026552,7888
A026553,7889
A026554,7890
A026555,7891
A026556,7892
A026557,7893
A026558,7894
A026559,7895
A026560,7896
A026561,7897
A026562,7898
A026563,7899
A026564,7900
A026565,7901
A026566,7902
A026567,7903
A026568,7904
A026569,7905
A026570,7906
A026571,7907
A026572,7908
A026573,7909
A026574,7910
A026575,7911
A026576,7912
A026577,7913
A026578,7914
A026579,7915
A026580,7916
A026581,7917
A026582,7918
A026583,7919
A026584,7920
A026585,7921
A026586,7922
A026587,7923
A026588,7924
A026589,7925
A026590,7926
A026591,7927
A026592,7928
A026593,7929
A026594,7930
A026595,7931
A026596,7932
A026597,7933
A026598,7934
A026599,7935
A026600,7936
A026601,7937
A026602,7938
A026603,7939
A026604,7940
A026605,7941
A026606,7942
A026607,7943
A026608,7944
A026609,7945
A026610,7946
A026611,7947
A026612,7948
A026613,7949
A026614,7950
A026615,7951
A026616,7952
A026617,7953
A026618,7954
A026619,7955
A026620,7956
A026621,7957
A026622,7958
A026623,7959
A026624,7960
A026625,7961
A026626,7962
A026627,7963
A026628,7964
A026629,7965
A026630,7966
A026631,7967
A026632,7968
A026633,7969
A026634,7970
A026635,7971
A026636,7972
A026637,7973
A026638,7974
A026639,7975
A026640,7976
A026641,7977
A026642,7978
A026643,7979
A026644,7980
A026645,7981
A026646,7982
A026647,7983
A026648,7984
A026649,7985
A026650,7986
A026651,7987
A026652,7988
A026653,7989
A026654,7990
A026655,7991
A026656,7992
A026657,7993
A026658,7994
A026659,7995
A026660,7996
A026661,7997
A026662,7998
A026663,7999
A026664,8000
A026665,8001
A026666,8002
A026667,8003
A026668,8004
A026669,8005
A026670,8006
A026671,8007
A026672,8008
A026673,8009
A026674,8010
A026675,8011
A026676,8012
A026677,8013
A026678,8014
A026679,8015
A026680,8016
A026681,8017
A026682,8018
A026683,8019
A026684,8020
A026685,8021
A026686,8022
A026687,8023
A026688,8024
A026689,8025
A026690,8026
A026691,8027
A026692,8028
A026693,8029
A026694,8030
A026695,8031
A026696,8032
A026697,8033
A026698,8034
A026699,8035
A026700,8036
A026701,8037
A026702,8038
A026703,8039
A026704,8040
A026705,8041
A026706,8042
A026707,8043
A026708,8044
A026709,8045
A026710,8046
A026711,8047
A026712,8048
A026713,8049
A026714,8050
A026715,8051
A026716,8052
A026717,8053
A026718,8054
A026719,8055
A026720,8056
A026721,8057
A026722,8058
A026723,8059
A026724,8060
A026725,8061
A026726,8062
A026727,8063
A026728,8064
A026729,8065
A026730,8066
A026731,8067
A026732,8068
A026733,8069
A026734,8070
A026735,8071
A026736,8072
A026737,8073
A026738,8074
A026739,8075
A026740,8076
A026741,8077
A026742,8078
A026743,8079
A026744,8080
A026745,8081
A026746,8082
A026747,8083
A026748,8084
A026749,8085
A026750,8086
A026751,8087
A026752,8088
A026753,8089
A026754,8090
A026755,8091
A026756,8092
A026757,8093
A026758,8094
A026759,8095
A026760,8096
A026761,8097
A026762,8098
A026763,8099
A026764,8100
A026765,8101
A026766,8102
A026767,8103
A026768,8104
A026769,8105
A026770,8106
A026771,8107
A026772,8108
A026773,8109
A026774,8110
A026775,8111
A026776,8112
A026777,8113
A026778,8114
A026779,8115
A026780,8116
A026781,8117
A026782,8118
A026783,8119
A026784,8120
A026785,8121
A026786,8122
A026787,8123
A026788,8124
A026789,8125
A026790,8126
A026791,8127
A026792,8128
A026793,8129
A026794,8130
A026795,8131
A026796,8132
A026797,8133
A026798,8134
A026799,8135
A026800,8136
A026801,8137
A026802,8138
A026803,8139
A026804,8140
A026805,8141
A026806,8142
A026807,8143
A026808,8144
A026809,8145
A026810,8146
A026811,8147
A026812,8148
A026813,8149
A026814,8150
A026815,8151
A026816,8152
A026817,8153
A026818,8154
A026819,8155
A026820,8156
A026821,8157
A026822,8158
A026823,8159
A026824,8160
A026825,8161
A026826,8162
A026827,8163
A026828,8164
A026829,8165
A026830,8166
A026831,8167
A026832,8168
A026833,8169
A026834,8170
A026835,8171
A026836,8172
A026837,8173
A026838,8174
A026839,8175
A026840,8176
A026841,8177
A026842,8178
A026843,8179
A026844,8180
A026845,8181
A026846,8182
A026847,8183
A026848,8184
A026849,8185
A026850,8186
A026851,8187
A026852,8188
A026853,8189
A026854,8190
A026855,8191
A026856,8192
A026857,8193
A026858,8194
A026859,8195
A026860,8196
A026861,8197
A026862,8198
A026863,8199
A026864,8200
A026865,8201
A026866,8202
A026867,8203
A026868,8204
A026869,8205
A026870,8206
A026871,8207
A026872,8208
A026873,8209
A026874,8210
A026875,8211
A026876,8212
A026877,8213
A026878,8214
A026879,8215
A026880,8216
A026881,8217
A026882,8218
A026883,8219
A026884,8220
A026885,8221
A026886,8222
A026887,8223
A026888,8224
A026889,8225
A026890,8226
A026891,8227
A026892,8228
A026893,8229
A026894,8230
A026895,8231
A026896,8232
A026897,8233
A026898,8234
A026899,8235
A026900,8236
A026901,8237
A026902,8238
A026903,8239
A026904,8240
A026905,8241
A026906,8242
A026907,8243
A026908,8244
A026909,8245
A026910,8246
A026911,8247
A026912,8248
A026913,8249
A026914,8250
A026915,8251
A026916,8252
A026917,8253
A026918,8254
A026919,8255
A026920,8256
A026921,8257
A026922,8258
A026923,8259
A026924,8260
A026925,8261
A026926,8262
A026927,8263
A026928,8264
A026929,8265
A026930,8266
A026931,8267
A026932,8268
A026933,8269
A026934,8270
A026935,8271
A026936,8272
A026937,8273
A026938,8274
A026939,8275
A026940,8276
A026941,8277
A026942,8278
A026943,8279
A026944,8280
A026945,8281
A026946,8282
A026947,8283
A026948,8284
A026949,8285
A026950,8286
A026951,8287
A026952,8288
A026953,8289
A026954,8290
A026955,8291
A026956,8292
A026957,8293
A026958,8294
A026959,8295
A026960,8296
A026961,8297
A026962,8298
A026963,8299
A026964,8300
A026965,8301
A026966,8302
A026967,8303
A026968,8304
A026969,8305
A026970,8306
A026971,8307
A026972,8308
A026973,8309
A026974,8310
A026975,8311
A026976,8312
A026977,8313
A026978,8314
A026979,8315
A026980,8316
A026981,8317
A026982,8318
A026983,8319
A026984,8320
A026985,8321
A026986,8322
A026987,8323
A026988,8324
A026989,8325
A026990,8326
A026991,8327
A026992,8328
A026993,8329
A026994,8330
A026995,8331
A026996,8332
A026997,8333
A026998,8334
A026999,8335
A027000,8336
A027001,8337
A027002,8338
A027003,8339
A027004,8340
A027005,8341
A027006,8342
A027007,8343
A027008,8344
A027009,8345
A027010,8346
A027011,8347
A027012,8348
A027013,8349
A027014,8350
A027015,8351
A027016,8352
A027017,8353
A027018,8354
A027019,8355
A027020,8356
A027021,8357
A027022,8358
A027023,8359
A027024,8360
A027025,8361
A027026,8362
A027027,8363
A027028,8364
A027029,8365
A027030,8366
A027031,8367
A027032,8368
A027033,8369
A027034,8370
A027035,8371
A027036,8372
A027037,8373
A027038,8374
A027039,8375
A027040,8376
A027041,8377
A027042,8378
A027043,8379
A027044,8380
A027045,8381
A027046,8382
A027047,8383
A027048,8384
A027049,8385
A027050,8386
A027051,8387
A027052,8388
A027053,8389
A027054,8390
A027055,8391
A027056,8392
A027057,8393
A027058,8394
A027059,8395
A027060,8396
A027061,8397
A027062,8398
A027063,8399
A027064,8400
A027065,8401
A027066,8402
A027067,8403
A027068,8404
A027069,8405
A027070,8406
A027071,8407
A027072,8408
A027073,8409
A027074,8410
A027075,8411
A027076,8412
A027077,8413
A027078,8414
A027079,8415
A027080,8416
A027081,8417
A027082,8418
A027083,8419
A027084,8420
A027085,8421
A027086,8422
A027087,8423
A027088,8424
A027089,8425
A027090,8426
A027091,8427
A027092,8428
A027093,8429
A027094,8430
A027095,8431
A027096,8432
A027097,8433
A027098,8434
A027099,8435
A027100,8436
A027101,8437
A027102,8438
A027103,8439
A027104,8440
A027105,8441
A027106,8442
A027107,8443
A027108,8444
A027109,8445
A027110,8446
A027111,8447
A027112,8448
A027113,8449
A027114,8450
A027115,8451
A027116,8452
A027117,8453
A027118,8454
A027119,8455
A027120,8456
A027121,8457
A027122,8458
A027123,8459
A027124,8460
A027125,8461
A027126,8462
A027127,8463
A027128,8464
A027129,8465
A027130,8466
A027131,8467
A027132,8468
A027133,8469
A027134,8470
A027135,8471
A027136,8472
A027137,8473
A027138,8474
A027139,8475
A027140,8476
A027141,8477
A027142,8478
A027143,8479
A027144,8480
A027145,8481
A027146,8482
A027147,8483
A027148,8484
A027149,8485
A027150,8486
A027151,8487
A027152,8488
A027153,8489
A027154,8490
A027155,8491
A027156,8492
A027157,8493
A027158,8494
A027159,8495
A027160,8496
A027161,8497
A027162,8498
A027163,8499
A027164,8500
A027165,8501
A027166,8502
A027167,8503
A027168,8504
A027169,8505
A027170,8506
A027171,8507
A027172,8508
A027173,8509
A027174,8510
A027175,8511
A027176,8512
A027177,8513
A027178,8514
A027179,8515
A027180,8516
A027181,8517
A027182,8518
A027183,8519
A027184,8520
A027185,8521
A027186,8522
A027187,8523
A027188,8524
A027189,8525
A027190,8526
A027191,8527
A027192,8528
A027193,8529
A027194,8530
A027195,8531
A027196,8532
A027197,8533
A027198,8534
A027199,8535
A027200,8536
A027201,8537
A027202,8538
A027203,8539
A027204,8540
A027205,8541
A027206,8542
A027207,8543
A027208,8544
A027209,8545
A027210,8546
A027211,8547
A027212,8548
A027213,8549
A027214,8550
A027215,8551
A027216,8552
A027217,8553
A027218,8554
A027219,8555
A027220,8556
A027221,8557
A027222,8558
A027223,8559
A027224,8560
A027225,8561
A027226,8562
A027227,8563
A027228,8564
A027229,8565
A027230,8566
A027231,8567
A027232,8568
A027233,8569
A027234,8570
A027235,8571
A027236,8572
A027237,8573
A027238,8574
A027239,8575
A027240,8576
A027241,8577
A027242,8578
A027243,8579
A027244,8580
A027245,8581
A027246,8582
A027247,8583
A027248,8584
A027249,8585
A027250,8586
A027251,8587
A027252,8588
A027253,8589
A027254,8590
A027255,8591
A027256,8592
A027257,8593
A027258,8594
A027259,8595
A027260,8596
A027261,8597
A027262,8598
A027263,8599
A027264,8600
A027265,8601
A027266,8602
A027267,8603
A027268,8604
A027269,8605
A027270,8606
A027271,8607
A027272,8608
A027273,8609
A027274,8610
A027275,8611
A027276,8612
A027277,8613
A027278,8614
A027279,8615
A027280,8616
A027281,8617
A027282,8618
A027283,8619
A027284,8620
A027285,8621
A027286,8622
A027287,8623
A027288,8624
A027289,8625
A027290,8626
A027291,8627
A027292,8628
A027293,8629
A027294,8630
A027295,8631
A027296,8632
A027297,8633
A027298,8634
A027299,8635
A027300,8636
A027301,8637
A027302,8638
A027303,8639
A027304,8640
A027305,8641
A027306,8642
A027307,8643
A027308,8644
A027309,8645
A027310,8646
A027311,8647
A027312,8648
A027313,8649
A027314,8650
A027315,8651
A027316,8652
A027317,8653
A027318,8654
A027319,8655
A027320,8656
A027321,8657
A027322,8658
A027323,8659
A027324,8660
A027325,8661
A027326,8662
A027327,8663
A027328,8664
A027329,8665
A027330,8666
A027331,8667
A027332,8668
A027333,8669
A027334,8670
A027335,8671
A027336,8672
A027337,8673
A027338,8674
A027339,8675
A027340,8676
A027341,8677
A027342,8678
A027343,8679
A027344,8680
A027345,8681
A027346,8682
A027347,8683
A027348,8684
A027349,8685
A027350,8686
A027351,8687
A027352,8688
A027353,8689
A027354,8690
A027355,8691
A027356,8692
A027357,8693
A027358,8694
A027359,8695
A027360,8696
A027361,8697
A027362,8698
A027363,8699
A027364,8700
A027365,8701
A027366,8702
A027367,8703
A027368,8704
A027369,8705
A027370,8706
A027371,8707
A027372,8708
A027373,8709
A027374,8710
A027375,8711
A027376,8712
A027377,8713
A027378,8714
A027379,8715
A027380,8716
A027381,8717
A027382,8718
A027383,8719
A027384,8720
A027385,8721
A027386,8722
A027387,8723
A027388,8724
A027389,8725
A027390,8726
A027391,8727
A027392,8728
A027393,8729
A027394,8730
A027395,8731
A027396,8732
A027397,8733
A027398,8734
A027399,8735
A027400,8736
A027401,8737
A027402,8738
A027403,8739
A027404,8740
A027405,8741
A027406,8742
A027407,8743
A027408,8744
A027409,8745
A027410,8746
A027411,8747
A027412,8748
A027413,8749
A027414,8750
A027415,8751
A027416,8752
A027417,8753
A027418,8754
A027419,8755
A027420,8756
A027421,8757
A027422,8758
A027423,8759
A027424,8760
A027425,8761
A027426,8762
A027427,8763
A027428,8764
A027429,8765
A027430,8766
A027431,8767
A027432,8768
A027433,8769
A027434,8770
A027435,8771
A027436,8772
A027437,8773
A027438,8774
A027439,8775
A027440,8776
A027441,8777
A027442,8778
A027443,8779
A027444,8780
A027445,8781
A027446,8782
A027447,8783
A027448,8784
A027449,8785
A027450,8786
A027451,8787
A027452,8788
A027453,8789
A027454,8790
A027455,8791
A027456,8792
A027457,8793
A027458,8794
A027459,8795
A027460,8796
A027461,8797
A027462,8798
A027463,8799
A027464,8800
A027465,8801
A027466,8802
A027467,8803
A027468,8804
A027469,8805
A027470,8806
A027471,8807
A027472,8808
A027473,8809
A027474,8810
A027475,8811
A027476,8812
A027477,8813
A027478,8814
A027479,8815
A027480,8816
A027481,8817
A027482,8818
A027483,8819
A027484,8820
A027485,8821
A027486,8822
A027487,8823
A027488,8824
A027489,8825
A027490,8826
A027491,8827
A027492,8828
A027493,8829
A027494,8830
A027495,8831
A027496,8832
A027497,8833
A027498,8834
A027499,8835
A027500,8836
A027501,8837
A027502,8838
A027503,8839
A027504,8840
A027505,8841
A027506,8842
A027507,8843
A027508,8844
A027509,8845
A027510,8846
A027511,8847
A027512,8848
A027513,8849
A027514,8850
A027515,8851
A027516,8852
A027517,8853
A027518,8854
A027519,8855
A027520,8856
A027521,8857
A027522,8858
A027523,8859
A027524,8860
A027525,8861
A027526,8862
A027527,8863
A027528,8864
A027529,8865
A027530,8866
A027531,8867
A027532,8868
A027533,8869
A027534,8870
A027535,8871
A027536,8872
A027537,8873
A027538,8874
A027539,8875
A027540,8876
A027541,8877
A027542,8878
A027543,8879
A027544,8880
A027545,8881
A027546,8882
A027547,8883
A027548,8884
A027549,8885
A027550,8886
A027551,8887
A027552,8888
A027553,8889
A027554,8890
A027555,8891
A027556,8892
A027557,8893
A027558,8894
A027559,8895
A027560,8896
A027561,8897
A027562,8898
A027563,8899
A027564,8900
A027565,8901
A027566,8902
A027567,8903
A027568,8904
A027569,8905
A027570,8906
A027571,8907
A027572,8908
A027573,8909
A027574,8910
A027575,8911
A027576,8912
A027577,8913
A027578,8914
A027579,8915
A027580,8916
A027581,8917
A027582,8918
A027583,8919
A027584,8920
A027585,8921
A027586,8922
A027587,8923
A027588,8924
A027589,8925
A027590,8926
A027591,8927
A027592,8928
A027593,8929
A027594,8930
A027595,8931
A027596,8932
A027597,8933
A027598,8934
A027599,8935
A027600,8936
A027601,8937
A027602,8938
A027603,8939
A027604,8940
A027605,8941
A027606,8942
A027607,8943
A027608,8944
A027609,8945
A027610,8946
A027611,8947
A027612,8948
A027613,8949
A027614,8950
A027615,8951
A027616,8952
A027617,8953
A027618,8954
A027619,8955
A027620,8956
A027621,8957
A027622,8958
A027623,8959
A027624,8960
A027625,8961
A027626,8962
A027627,8963
A027628,8964
A027629,8965
A027630,8966
A027631,8967
A027632,8968
A027633,8969
A027634,8970
A027635,8971
A027636,8972
A027637,8973
A027638,8974
A027639,8975
A027640,8976
A027641,8977
A027642,8978
A027643,8979
A027644,8980
A027645,8981
A027646,8982
A027647,8983
A027648,8984
A027649,8985
A027650,8986
A027651,8987
A027652,8988
A027653,8989
A027654,8990
A027655,8991
A027656,8992
A027657,8993
A027658,8994
A027659,8995
A027660,8996
A027661,8997
A027662,8998
A027663,8999
A027664,9000
A027665,9001
A027666,9002
A027667,9003
A027668,9004
A027669,9005
A027670,9006
A027671,9007
A027672,9008
A027673,9009
A027674,9010
A027675,9011
A027676,9012
A027677,9013
A027678,9014
A027679,9015
A027680,9016
A027681,9017
A027682,9018
A027683,9019
A027684,9020
A027685,9021
A027686,9022
A027687,9023
A027688,9024
A027689,9025
A027690,9026
A027691,9027
A027692,9028
A027693,9029
A027694,9030
A027695,9031
A027696,9032
A027697,9033
A027698,9034
A027699,9035
A027700,9036
A027701,9037
A027702,9038
A027703,9039
A027704,9040
A027705,9041
A027706,9042
A027707,9043
A027708,9044
A027709,9045
A027710,9046
A027711,9047
A027712,9048
A027713,9049
A027714,9050
A027715,9051
A027716,9052
A027717,9053
A027718,9054
A027719,9055
A027720,9056
A027721,9057
A027722,9058
A027723,9059
A027724,9060
A027725,9061
A027726,9062
A027727,9063
A027728,9064
A027729,9065
A027730,9066
A027731,9067
A027732,9068
A027733,9069
A027734,9070
A027735,9071
A027736,9072
A027737,9073
A027738,9074
A027739,9075
A027740,9076
A027741,9077
A027742,9078
A027743,9079
A027744,9080
A027745,9081
A027746,9082
A027747,9083
A027748,9084
A027749,9085
A027750,9086
A027751,9087
A027752,9088
A027753,9089
A027754,9090
A027755,9091
A027756,9092
A027757,9093
A027758,9094
A027759,9095
A027760,9096
A027761,9097
A027762,9098
A027763,9099
A027764,9100
A027765,9101
A027766,9102
A027767,9103
A027768,9104
A027769,9105
A027770,9106
A027771,9107
A027772,9108
A027773,9109
A027774,9110
A027775,9111
A027776,9112
A027777,9113
A027778,9114
A027779,9115
A027780,9116
A027781,9117
A027782,9118
A027783,9119
A027784,9120
A027785,9121
A027786,9122
A027787,9123
A027788,9124
A027789,9125
A027790,9126
A027791,9127
A027792,9128
A027793,9129
A027794,9130
A027795,9131
A027796,9132
A027797,9133
A027798,9134
A027799,9135
A027800,9136
A027801,9137
A027802,9138
A027803,9139
A027804,9140
A027805,9141
A027806,9142
A027807,9143
A027808,9144
A027809,9145
A027810,9146
A027811,9147
A027812,9148
A027813,9149
A027814,9150
A027815,9151
A027816,9152
A027817,9153
A027818,9154
A027819,9155
A027820,9156
A027821,9157
A027822,9158
A027823,9159
A027824,9160
A027825,9161
A027826,9162
A027827,9163
A027828,9164
A027829,9165
A027830,9166
A027831,9167
A027832,9168
A027833,9169
A027834,9170
A027835,9171
A027836,9172
A027837,9173
A027838,9174
A027839,9175
A027840,9176
A027841,9177
A027842,9178
A027843,9179
A027844,9180
A027845,9181
A027846,9182
A027847,9183
A027848,9184
A027849,9185
A027850,9186
A027851,9187
A027852,9188
A027853,9189
A027854,9190
A027855,9191
A027856,9192
A027857,9193
A027858,9194
A027859,9195
A027860,9196
A027861,9197
A027862,9198
A027863,9199
A027864,9200
A027865,9201
A027866,9202
A027867,9203
A027868,9204
A027869,9205
A027870,9206
A027871,9207
A027872,9208
A027873,9209
A027874,9210
A027875,9211
A027876,9212
A027877,9213
A027878,9214
A027879,9215
A027880,9216
A027881,9217
A027882,9218
A027883,9219
A027884,9220
A027885,9221
A027886,9222
A027887,9223
A027888,9224
A027889,9225
A027890,9226
A027891,9227
A027892,9228
A027893,9229
A027894,9230
A027895,9231
A027896,9232
A027897,9233
A027898,9234
A027899,9235
A027900,9236
A027901,9237
A027902,9238
A027903,9239
A027904,9240
A027905,9241
A027906,9242
A027907,9243
A027908,9244
A027909,9245
A027910,9246
A027911,9247
A027912,9248
A027913,9249
A027914,9250
A027915,9251
A027916,9252
A027917,9253
A027918,9254
A027919,9255
A027920,9256
A027921,9257
A027922,9258
A027923,9259
A027924,9260
A027925,9261
A027926,9262
A027927,9263
A027928,9264
A027929,9265
A027930,9266
A027931,9267
A027932,9268
A027933,9269
A027934,9270
A027935,9271
A027936,9272
A027937,9273
A027938,9274
A027939,9275
A027940,9276
A027941,9277
A027942,9278
A027943,9279
A027944,9280
A027945,9281
A027946,9282
A027947,9283
A027948,9284
A027949,9285
A027950,9286
A027951,9287
A027952,9288
A027953,9289
A027954,9290
A027955,9291
A027956,9292
A027957,9293
A027958,9294
A027959,9295
A027960,9296
A027961,9297
A027962,9298
A027963,9299
A027964,9300
A027965,9301
A027966,9302
A027967,9303
A027968,9304
A027969,9305
A027970,9306
A027971,9307
A027972,9308
A027973,9309
A027974,9310
A027975,9311
A027976,9312
A027977,9313
A027978,9314
A027979,9315
A027980,9316
A027981,9317
A027982,9318
A027983,9319
A027984,9320
A027985,9321
A027986,9322
A027987,9323
A027988,9324
A027989,9325
A027990,9326
A027991,9327
A027992,9328
A027993,9329
A027994,9330
A027995,9331
A027996,9332
A027997,9333
A027998,9334
A027999,9335
A028000,9336
A028001,9337
A028002,9338
A028003,9339
A028004,9340
A028005,9341
A028006,9342
A028007,9343
A028008,9344
A028009,9345
A028010,9346
A028011,9347
A028012,9348
A028013,9349
A028014,9350
A028015,9351
A028016,9352
A028017,9353
A028018,9354
A028019,9355
A028020,9356
A028021,9357
A028022,9358
A028023,9359
A028024,9360
A028025,9361
A028026,9362
A028027,9363
A028028,9364
A028029,9365
A028030,9366
A028031,9367
A028032,9368
A028033,9369
A028034,9370
A028035,9371
A028036,9372
A028037,9373
A028038,9374
A028039,9375
A028040,9376
A028041,9377
A028042,9378
A028043,9379
A028044,9380
A028045,9381
A028046,9382
A028047,9383
A028048,9384
A028049,9385
A028050,9386
A028051,9387
A028052,9388
A028053,9389
A028054,9390
A028055,9391
A028056,9392
A028057,9393
A028058,9394
A028059,9395
A028060,9396
A028061,9397
A028062,9398
A028063,9399
A028064,9400
A028065,9401
A028066,9402
A028067,9403
A028068,9404
A028069,9405
A028070,9406
A028071,9407
A028072,9408
A028073,9409
A028074,9410
A028075,9411
A028076,9412
A028077,9413
A028078,9414
A028079,9415
A028080,9416
A028081,9417
A028082,9418
A028083,9419
A028084,9420
A028085,9421
A028086,9422
A028087,9423
A028088,9424
A028089,9425
A028090,9426
A028091,9427
A028092,9428
A028093,9429
A028094,9430
A028095,9431
A028096,9432
A028097,9433
A028098,9434
A028099,9435
A028100,9436
A028101,9437
A028102,9438
A028103,9439
A028104,9440
A028105,9441
A028106,9442
A028107,9443
A028108,9444
A028109,9445
A028110,9446
A028111,9447
A028112,9448
A028113,9449
A028114,9450
A028115,9451
A028116,9452
A028117,9453
A028118,9454
A028119,9455
A028120,9456
A028121,9457
A028122,9458
A028123,9459
A028124,9460
A028125,9461
A028126,9462
A028127,9463
A028128,9464
A028129,9465
A028130,9466
A028131,9467
A028132,9468
A028133,9469
A028134,9470
A028135,9471
A028136,9472
A028137,9473
A028138,9474
A028139,9475
A028140,9476
A028141,9477
A028142,9478
A028143,9479
A028144,9480
A028145,9481
A028146,9482
A028147,9483
A028148,9484
A028149,9485
A028150,9486
A028151,9487
A028152,9488
A028153,9489
A028154,9490
A028155,9491
A028156,9492
A028157,9493
A028158,9494
A028159,9495
A028160,9496
A028161,9497
A028162,9498
A028163,9499
A028164,9500
A028165,9501
A028166,9502
A028167,9503
A028168,9504
A028169,9505
A028170,9506
A028171,9507
A028172,9508
A028173,9509
A028174,9510
A028175,9511
A028176,9512
A028177,9513
A028178,9514
A028179,9515
A028180,9516
A028181,9517
A028182,9518
A028183,9519
A028184,9520
A028185,9521
A028186,9522
A028187,9523
A028188,9524
A028189,9525
A028190,9526
A028191,9527
A028192,9528
A028193,9529
A028194,9530
A028195,9531
A028196,9532
A028197,9533
A028198,9534
A028199,9535
A028200,9536
A028201,9537
A028202,9538
A028203,9539
A028204,9540
A028205,9541
A028206,9542
A028207,9543
A028208,9544
A028209,9545
A028210,9546
A028211,9547
A028212,9548
A028213,9549
A028214,9550
A028215,9551
A028216,9552
A028217,9553
A028218,9554
A028219,9555
A028220,9556
A028221,9557
A028222,9558
A028223,9559
A028224,9560
A028225,9561
A028226,9562
A028227,9563
A028228,9564
A028229,9565
A028230,9566
A028231,9567
A028232,9568
A028233,9569
A028234,9570
A028235,9571
A028236,9572
A028237,9573
A028238,9574
A028239,9575
A028240,9576
A028241,9577
A028242,9578
A028243,9579
A028244,9580
A028245,9581
A028246,9582
A028247,9583
A028248,9584
A028249,9585
A028250,9586
A028251,9587
A028252,9588
A028253,9589
A028254,9590
A028255,9591
A028256,9592
A028257,9593
A028258,9594
A028259,9595
A028260,9596
A028261,9597
A028262,9598
A028263,9599
A028264,9600
A028265,9601
A028266,9602
A028267,9603
A028268,9604
A028269,9605
A028270,9606
A028271,9607
A028272,9608
A028273,9609
A028274,9610
A028275,9611
A028276,9612
A028277,9613
A028278,9614
A028279,9615
A028280,9616
A028281,9617
A028282,9618
A028283,9619
A028284,9620
A028285,9621
A028286,9622
A028287,9623
A028288,9624
A028289,9625
A028290,9626
A028291,9627
A028292,9628
A028293,9629
A028294,9630
A028295,9631
A028296,9632
A028297,9633
A028298,9634
A028299,9635
A028300,9636
A028301,9637
A028302,9638
A028303,9639
A028304,9640
A028305,9641
A028306,9642
A028307,9643
A028308,9644
A028309,9645
A028310,9646
A028311,9647
A028312,9648
A028313,9649
A028314,9650
A028315,9651
A028316,9652
A028317,9653
A028318,9654
A028319,9655
A028320,9656
A028321,9657
A028322,9658
A028323,9659
A028324,9660
A028325,9661
A028326,9662
A028327,9663
A028328,9664
A028329,9665
A028330,9666
A028331,9667
A028332,9668
A028333,9669
A028334,9670
A028335,9671
A028336,9672
A028337,9673
A028338,9674
A028339,9675
A028340,9676
A028341,9677
A028342,9678
A028343,9679
A028344,9680
A028345,9681
A028346,9682
A028347,9683
A028348,9684
A028349,9685
A028350,9686
A028351,9687
A028352,9688
A028353,9689
A028354,9690
A028355,9691
A028356,9692
A028357,9693
A028358,9694
A028359,9695
A028360,9696
A028361,9697
A028362,9698
A028363,9699
A028364,9700
A028365,9701
A028366,9702
A028367,9703
A028368,9704
A028369,9705
A028370,9706
A028371,9707
A028372,9708
A028373,9709
A028374,9710
A028375,9711
A028376,9712
A028377,9713
A028378,9714
A028379,9715
A028380,9716
A028381,9717
A028382,9718
A028383,9719
A028384,9720
A028385,9721
A028386,9722
A028387,9723
A028388,9724
A028389,9725
A028390,9726
A028391,9727
A028392,9728
A028393,9729
A028394,9730
A028395,9731
A028396,9732
A028397,9733
A028398,9734
A028399,9735
A028400,9736
A028401,9737
A028402,9738
A028403,9739
A028404,9740
A028405,9741
A028406,9742
A028407,9743
A028408,9744
A028409,9745
A028410,9746
A028411,9747
A028412,9748
A028413,9749
A028414,9750
A028415,9751
A028416,9752
A028417,9753
A028418,9754
A028419,9755
A028420,9756
A028421,9757
A028422,9758
A028423,9759
A028424,9760
A028425,9761
A028426,9762
A028427,9763
A028428,9764
A028429,9765
A028430,9766
A028431,9767
A028432,9768
A028433,9769
A028434,9770
A028435,9771
A028436,9772
A028437,9773
A028438,9774
A028439,9775
A028440,9776
A028441,9777
A028442,9778
A028443,9779
A028444,9780
A028445,9781
A028446,9782
A028447,9783
A028448,9784
A028449,9785
A028450,9786
A028451,9787
A028452,9788
A028453,9789
A028454,9790
A028455,9791
A028456,9792
A028457,9793
A028458,9794
A028459,9795
A028460,9796
A028461,9797
A028462,9798
A028463,9799
A028464,9800
A028465,9801
A028466,9802
A028467,9803
A028468,9804
A028469,9805
A028470,9806
A028471,9807
A028472,9808
A028473,9809
A028474,9810
A028475,9811
A028476,9812
A028477,9813
A028478,9814
A028479,9815
A028480,9816
A028481,9817
A028482,9818
A028483,9819
A028484,9820
A028485,9821
A028486,9822
A028487,9823
A028488,9824
A028489,9825
A028490,9826
A028491,9827
A028492,9828
A028493,9829
A028494,9830
A028495,9831
A028496,9832
A028497,9833
A028498,9834
A028499,9835
A028500,9836
A028501,9837
A028502,9838
A028503,9839
A028504,9840
A028505,9841
A028506,9842
A028507,9843
A028508,9844
A028509,9845
A028510,9846
A028511,9847
A028512,9848
A028513,9849
A028514,9850
A028515,9851
A028516,9852
A028517,9853
A028518,9854
A028519,9855
A028520,9856
A028521,9857
A028522,9858
A028523,9859
A028524,9860
A028525,9861
A028526,9862
A028527,9863
A028528,9864
A028529,9865
A028530,9866
A028531,9867
A028532,9868
A028533,9869
A028534,9870
A028535,9871
A028536,9872
A028537,9873
A028538,9874
A028539,9875
A028540,9876
A028541,9877
A028542,9878
A028543,9879
A028544,9880
A028545,9881
A028546,9882
A028547,9883
A028548,9884
A028549,9885
A028550,9886
A028551,9887
A028552,9888
A028553,9889
A028554,9890
A028555,9891
A028556,9892
A028557,9893
A028558,9894
A028559,9895
A028560,9896
A028561,9897
A028562,9898
A028563,9899
A028564,9900
A028565,9901
A028566,9902
A028567,9903
A028568,9904
A028569,9905
A028570,9906
A028571,9907
A028572,9908
A028573,9909
A028574,9910
A028575,9911
A028576,9912
A028577,9913
A028578,9914
A028579,9915
A028580,9916
A028581,9917
A028582,9918
A028583,9919
A028584,9920
A028585,9921
A028586,9922
A028587,9923
A028588,9924
A028589,9925
A028590,9926
A028591,9927
A028592,9928
A028593,9929
A028594,9930
A028595,9931
A028596,9932
A028597,9933
A028598,9934
A028599,9935
A028600,9936
A028601,9937
A028602,9938
A028603,9939
A028604,9940
A028605,9941
A028606,9942
A028607,9943
A028608,9944
A028609,9945
A028610,9946
A028611,9947
A028612,9948
A028613,9949
A028614,9950
A028615,9951
A028616,9952
A028617,9953
A028618,9954
A028619,9955
A028620,9956
A028621,9957
A028622,9958
A028623,9959
A028624,9960
A028625,9961
A028626,9962
A028627,9963
A028628,9964
A028629,9965
A028630,9966
A028631,9967
A028632,9968
A028633,9969
A028634,9970
A028635,9971
A028636,9972
A028637,9973
A028638,9974
A028639,9975
A028640,9976
A028641,9977
A028642,9978
A028643,9979
A028644,9980
A028645,9981
A028646,9982
A028647,9983
A028648,9984
A028649,9985
A028650,9986
A028651,9987
A028652,9988
A028653,9989
A028654,9990
A028655,9991
A028656,9992
A028657,9993
A028658,9994
A028659,9995
A028660,9996
A028661,9997
A028662,9998
A028663,9999
A028664,10000
A028665,10001
A028666,10002
A028667,10003
A028668,10004
A028669,10005
A028670,10006
A028671,10007
A028672,10008
A028673,10009
A028674,10010
A028675,10011
A028676,10012
A028677,10013
A028678,10014
A028679,10015
A028680,10016
A028681,10017
A028682,10018
A028683,10019
A028684,10020
A028685,10021
A028686,10022
A028687,10023
A028688,10024
A028689,10025
A028690,10026
A028691,10027
A028692,10028
A028693,10029
A028694,10030
A028695,10031
A028696,10032
A028697,10033
A028698,10034
A028699,10035
A028700,10036
A028701,10037
A028702,10038
A028703,10039
A028704,10040
A028705,10041
A028706,10042
A028707,10043
A028708,10044
A028709,10045
A028710,10046
A028711,10047
A028712,10048
A028713,10049
A028714,10050
A028715,10051
A028716,10052
A028717,10053
A028718,10054
A028719,10055
A028720,10056
A028721,10057
A028722,10058
A028723,10059
A028724,10060
A028725,10061
A028726,10062
A028727,10063
A028728,10064
A028729,10065
A028730,10066
A028731,10067
A028732,10068
A028733,10069
A028734,10070
A028735,10071
A028736,10072
A028737,10073
A028738,10074
A028739,10075
A028740,10076
A028741,10077
A028742,10078
A028743,10079
A028744,10080
A028745,10081
A028746,10082
A028747,10083
A028748,10084
A028749,10085
A028750,10086
A028751,10087
A028752,10088
A028753,10089
A028754,10090
A028755,10091
A028756,10092
A028757,10093
A028758,10094
A028759,10095
A028760,10096
A028761,10097
A028762,10098
A028763,10099
A028764,10100
A028765,10101
A028766,10102
A028767,10103
A028768,10104
A028769,10105
A028770,10106
A028771,10107
A028772,10108
A028773,10109
A028774,10110
A028775,10111
A028776,10112
A028777,10113
A028778,10114
A028779,10115
A028780,10116
A028781,10117
A028782,10118
A028783,10119
A028784,10120
A028785,10121
A028786,10122
A028787,10123
A028788,10124
A028789,10125
A028790,10126
A028791,10127
A028792,10128
A028793,10129
A028794,10130
A028795,10131
A028796,10132
A028797,10133
A028798,10134
A028799,10135
A028800,10136
A028801,10137
A028802,10138
A028803,10139
A028804,10140
A028805,10141
A028806,10142
A028807,10143
A028808,10144
A028809,10145
A028810,10146
A028811,10147
A028812,10148
A028813,10149
A028814,10150
A028815,10151
A028816,10152
A028817,10153
A028818,10154
A028819,10155
A028820,10156
A028821,10157
A028822,10158
A028823,10159
A028824,10160
A028825,10161
A028826,10162
A028827,10163
A028828,10164
A028829,10165
A028830,10166
A028831,10167
A028832,10168
A028833,10169
A028834,10170
A028835,10171
A028836,10172
A028837,10173
A028838,10174
A028839,10175
A028840,10176
A028841,10177
A028842,10178
A028843,10179
A028844,10180
A028845,10181
A028846,10182
A028847,10183
A028848,10184
A028849,10185
A028850,10186
A028851,10187
A028852,10188
A028853,10189
A028854,10190
A028855,10191
A028856,10192
A028857,10193
A028858,10194
A028859,10195
A028860,10196
A028861,10197
A028862,10198
A028863,10199
A028864,10200
A028865,10201
A028866,10202
A028867,10203
A028868,10204
A028869,10205
A028870,10206
A028871,10207
A028872,10208
A028873,10209
A028874,10210
A028875,10211
A028876,10212
A028877,10213
A028878,10214
A028879,10215
A028880,10216
A028881,10217
A028882,10218
A028883,10219
A028884,10220
A028885,10221
A028886,10222
A028887,10223
A028888,10224
A028889,10225
A028890,10226
A028891,10227
A028892,10228
A028893,10229
A028894,10230
A028895,10231
A028896,10232
A028897,10233
A028898,10234
A028899,10235
A028900,10236
A028901,10237
A028902,10238
A028903,10239
A028904,10240
A028905,10241
A028906,10242
A028907,10243
A028908,10244
A028909,10245
A028910,10246
A028911,10247
A028912,10248
A028913,10249
A028914,10250
A028915,10251
A028916,10252
A028917,10253
A028918,10254
A028919,10255
A028920,10256
A028921,10257
A028922,10258
A028923,10259
A028924,10260
A028925,10261
A028926,10262
A028927,10263
A028928,10264
A028929,10265
A028930,10266
A028931,10267
A028932,10268
A028933,10269
A028934,10270
A028935,10271
A028936,10272
A028937,10273
A028938,10274
A028939,10275
A028940,10276
A028941,10277
A028942,10278
A028943,10279
A028944,10280
A028945,10281
A028946,10282
A028947,10283
A028948,10284
A028949,10285
A028950,10286
A028951,10287
A028952,10288
A028953,10289
A028954,10290
A028955,10291
A028956,10292
A028957,10293
A028958,10294
A028959,10295
A028960,10296
A028961,10297
A028962,10298
A028963,10299
A028964,10300
A028965,10301
A028966,10302
A028967,10303
A028968,10304
A028969,10305
A028970,10306
A028971,10307
A028972,10308
A028973,10309
A028974,10310
A028975,10311
A028976,10312
A028977,10313
A028978,10314
A028979,10315
A028980,10316
A028981,10317
A028982,10318
A028983,10319
A028984,10320
A028985,10321
A028986,10322
A028987,10323
A028988,10324
A028989,10325
A028990,10326
A028991,10327
A028992,10328
A028993,10329
A028994,10330
A028995,10331
A028996,10332
A028997,10333
A028998,10334
A028999,10335
A029000,10336
A029001,10337
A029002,10338
A029003,10339
A029004,10340
A029005,10341
A029006,10342
A029007,10343
A029008,10344
A029009,10345
A029010,10346
A029011,10347
A029012,10348
A029013,10349
A029014,10350
A029015,10351
A029016,10352
A029017,10353
A029018,10354
A029019,10355
A029020,10356
A029021,10357
A029022,10358
A029023,10359
A029024,10360
A029025,10361
A029026,10362
A029027,10363
A029028,10364
A029029,10365
A029030,10366
A029031,10367
A029032,10368
A029033,10369
A029034,10370
A029035,10371
A029036,10372
A029037,10373
A029038,10374
A029039,10375
A029040,10376
A029041,10377
A029042,10378
A029043,10379
A029044,10380
A029045,10381
A029046,10382
A029047,10383
A029048,10384
A029049,10385
A029050,10386
A029051,10387
A029052,10388
A029053,10389
A029054,10390
A029055,10391
A029056,10392
A029057,10393
A029058,10394
A029059,10395
A029060,10396
A029061,10397
A029062,10398
A029063,10399
A029064,10400
A029065,10401
A029066,10402
A029067,10403
A029068,10404
A029069,10405
A029070,10406
A029071,10407
A029072,10408
A029073,10409
A029074,10410
A029075,10411
A029076,10412
A029077,10413
A029078,10414
A029079,10415
A029080,10416
A029081,10417
A029082,10418
A029083,10419
A029084,10420
A029085,10421
A029086,10422
A029087,10423
A029088,10424
A029089,10425
A029090,10426
A029091,10427
A029092,10428
A029093,10429
A029094,10430
A029095,10431
A029096,10432
A029097,10433
A029098,10434
A029099,10435
A029100,10436
A029101,10437
A029102,10438
A029103,10439
A029104,10440
A029105,10441
A029106,10442
A029107,10443
A029108,10444
A029109,10445
A029110,10446
A029111,10447
A029112,10448
A029113,10449
A029114,10450
A029115,10451
A029116,10452
A029117,10453
A029118,10454
A029119,10455
A029120,10456
A029121,10457
A029122,10458
A029123,10459
A029124,10460
A029125,10461
A029126,10462
A029127,10463
A029128,10464
A029129,10465
A029130,10466
A029131,10467
A029132,10468
A029133,10469
A029134,10470
A029135,10471
A029136,10472
A029137,10473
A029138,10474
A029139,10475
A029140,10476
A029141,10477
A029142,10478
A029143,10479
A029144,10480
A029145,10481
A029146,10482
A029147,10483
A029148,10484
A029149,10485
A029150,10486
A029151,10487
A029152,10488
A029153,10489
A029154,10490
A029155,10491
A029156,10492
A029157,10493
A029158,10494
A029159,10495
A029160,10496
A029161,10497
A029162,10498
A029163,10499
A029164,10500
A029165,10501
A029166,10502
A029167,10503
A029168,10504
A029169,10505
A029170,10506
A029171,10507
A029172,10508
A029173,10509
A029174,10510
A029175,10511
A029176,10512
A029177,10513
A029178,10514
A029179,10515
A029180,10516
A029181,10517
A029182,10518
A029183,10519
A029184,10520
A029185,10521
A029186,10522
A029187,10523
A029188,10524
A029189,10525
A029190,10526
A029191,10527
A029192,10528
A029193,10529
A029194,10530
A029195,10531
A029196,10532
A029197,10533
A029198,10534
A029199,10535
A029200,10536
A029201,10537
A029202,10538
A029203,10539
A029204,10540
A029205,10541
A029206,10542
A029207,10543
A029208,10544
A029209,10545
A029210,10546
A029211,10547
A029212,10548
A029213,10549
A029214,10550
A029215,10551
A029216,10552
A029217,10553
A029218,10554
A029219,10555
A029220,10556
A029221,10557
A029222,10558
A029223,10559
A029224,10560
A029225,10561
A029226,10562
A029227,10563
A029228,10564
A029229,10565
A029230,10566
A029231,10567
A029232,10568
A029233,10569
A029234,10570
A029235,10571
A029236,10572
A029237,10573
A029238,10574
A029239,10575
A029240,10576
A029241,10577
A029242,10578
A029243,10579
A029244,10580
A029245,10581
A029246,10582
A029247,10583
A029248,10584
A029249,10585
A029250,10586
A029251,10587
A029252,10588
A029253,10589
A029254,10590
A029255,10591
A029256,10592
A029257,10593
A029258,10594
A029259,10595
A029260,10596
A029261,10597
A029262,10598
A029263,10599
A029264,10600
A029265,10601
A029266,10602
A029267,10603
A029268,10604
A029269,10605
A029270,10606
A029271,10607
A029272,10608
A029273,10609
A029274,10610
A029275,10611
A029276,10612
A029277,10613
A029278,10614
A029279,10615
A029280,10616
A029281,10617
A029282,10618
A029283,10619
A029284,10620
A029285,10621
A029286,10622
A029287,10623
A029288,10624
A029289,10625
A029290,10626
A029291,10627
A029292,10628
A029293,10629
A029294,10630
A029295,10631
A029296,10632
A029297,10633
A029298,10634
A029299,10635
A029300,10636
A029301,10637
A029302,10638
A029303,10639
A029304,10640
A029305,10641
A029306,10642
A029307,10643
A029308,10644
A029309,10645
A029310,10646
A029311,10647
A029312,10648
A029313,10649
A029314,10650
A029315,10651
A029316,10652
A029317,10653
A029318,10654
A029319,10655
A029320,10656
A029321,10657
A029322,10658
A029323,10659
A029324,10660
A029325,10661
A029326,10662
A029327,10663
A029328,10664
A029329,10665
A029330,10666
A029331,10667
A029332,10668
A029333,10669
A029334,10670
A029335,10671
A029336,10672
A029337,10673
A029338,10674
A029339,10675
A029340,10676
A029341,10677
A029342,10678
A029343,10679
A029344,10680
A029345,10681
A029346,10682
A029347,10683
A029348,10684
A029349,10685
A029350,10686
A029351,10687
A029352,10688
A029353,10689
A029354,10690
A029355,10691
A029356,10692
A029357,10693
A029358,10694
A029359,10695
A029360,10696
A029361,10697
A029362,10698
A029363,10699
A029364,10700
A029365,10701
A029366,10702
A029367,10703
A029368,10704
A029369,10705
A029370,10706
A029371,10707
A029372,10708
A029373,10709
A029374,10710
A029375,10711
A029376,10712
A029377,10713
A029378,10714
A029379,10715
A029380,10716
A029381,10717
A029382,10718
A029383,10719
A029384,10720
A029385,10721
A029386,10722
A029387,10723
A029388,10724
A029389,10725
A029390,10726
A029391,10727
A029392,10728
A029393,10729
A029394,10730
A029395,10731
A029396,10732
A029397,10733
A029398,10734
A029399,10735
A029400,10736
A029401,10737
A029402,10738
A029403,10739
A029404,10740
A029405,10741
A029406,10742
A029407,10743
A029408,10744
A029409,10745
A029410,10746
A029411,10747
A029412,10748
A029413,10749
A029414,10750
A029415,10751
A029416,10752
A029417,10753
A029418,10754
A029419,10755
A029420,10756
A029421,10757
A029422,10758
A029423,10759
A029424,10760
A029425,10761
A029426,10762
A029427,10763
A029428,10764
A029429,10765
A029430,10766
A029431,10767
A029432,10768
A029433,10769
A029434,10770
A029435,10771
A029436,10772
A029437,10773
A029438,10774
A029439,10775
A029440,10776
A029441,10777
A029442,10778
A029443,10779
A029444,10780
A029445,10781
A029446,10782
A029447,10783
A029448,10784
A029449,10785
A029450,10786
A029451,10787
A029452,10788
A029453,10789
A029454,10790
A029455,10791
A029456,10792
A029457,10793
A029458,10794
A029459,10795
A029460,10796
A029461,10797
A029462,10798
A029463,10799
A029464,10800
A029465,10801
A029466,10802
A029467,10803
A029468,10804
A029469,10805
A029470,10806
A029471,10807
A029472,10808
A029473,10809
A029474,10810
A029475,10811
A029476,10812
A029477,10813
A029478,10814
A029479,10815
A029480,10816
A029481,10817
A029482,10818
A029483,10819
A029484,10820
A029485,10821
A029486,10822
A029487,10823
A029488,10824
A029489,10825
A029490,10826
A029491,10827
A029492,10828
A029493,10829
A029494,10830
A029495,10831
A029496,10832
A029497,10833
A029498,10834
A029499,10835
A029500,10836
A029501,10837
A029502,10838
A029503,10839
A029504,10840
A029505,10841
A029506,10842
A029507,10843
A029508,10844
A029509,10845
A029510,10846
A029511,10847
A029512,10848
A029513,10849
A029514,10850
A029515,10851
A029516,10852
A029517,10853
A029518,10854
A029519,10855
A029520,10856
A029521,10857
A029522,10858
A029523,10859
A029524,10860
A029525,10861
A029526,10862
A029527,10863
A029528,10864
A029529,10865
A029530,10866
A029531,10867
A029532,10868
A029533,10869
A029534,10870
A029535,10871
A029536,10872
A029537,10873
A029538,10874
A029539,10875
A029540,10876
A029541,10877
A029542,10878
A029543,10879
A029544,10880
A029545,10881
A029546,10882
A029547,10883
A029548,10884
A029549,10885
A029550,10886
A029551,10887
A029552,10888
A029553,10889
A029554,10890
A029555,10891
A029556,10892
A029557,10893
A029558,10894
A029559,10895
A029560,10896
A029561,10897
A029562,10898
A029563,10899
A029564,10900
A029565,10901
A029566,10902
A029567,10903
A029568,10904
A029569,10905
A029570,10906
A029571,10907
A029572,10908
A029573,10909
A029574,10910
A029575,10911
A029576,10912
A029577,10913
A029578,10914
A029579,10915
A029580,10916
A029581,10917
A029582,10918
A029583,10919
A029584,10920
A029585,10921
A029586,10922
A029587,10923
A029588,10924
A029589,10925
A029590,10926
A029591,10927
A029592,10928
A029593,10929
A029594,10930
A029595,10931
A029596,10932
A029597,10933
A029598,10934
A029599,10935
A029600,10936
A029601,10937
A029602,10938
A029603,10939
A029604,10940
A029605,10941
A029606,10942
A029607,10943
A029608,10944
A029609,10945
A029610,10946
A029611,10947
A029612,10948
A029613,10949
A029614,10950
A029615,10951
A029616,10952
A029617,10953
A029618,10954
A029619,10955
A029620,10956
A029621,10957
A029622,10958
A029623,10959
A029624,10960
A029625,10961
A029626,10962
A029627,10963
A029628,10964
A029629,10965
A029630,10966
A029631,10967
A029632,10968
A029633,10969
A029634,10970
A029635,10971
A029636,10972
A029637,10973
A029638,10974
A029639,10975
A029640,10976
A029641,10977
A029642,10978
A029643,10979
A029644,10980
A029645,10981
A029646,10982
A029647,10983
A029648,10984
A029649,10985
A029650,10986
A029651,10987
A029652,10988
A029653,10989
A029654,10990
A029655,10991
A029656,10992
A029657,10993
A029658,10994
A029659,10995
A029660,10996
A029661,10997
A029662,10998
A029663,10999
A029664,11000
A029665,11001
A029666,11002
A029667,11003
A029668,11004
A029669,11005
A029670,11006
A029671,11007
A029672,11008
A029673,11009
A029674,11010
A029675,11011
A029676,11012
A029677,11013
A029678,11014
A029679,11015
A029680,11016
A029681,11017
A029682,11018
A029683,11019
A029684,11020
A029685,11021
A029686,11022
A029687,11023
A029688,11024
A029689,11025
A029690,11026
A029691,11027
A029692,11028
A029693,11029
A029694,11030
A029695,11031
A029696,11032
A029697,11033
A029698,11034
A029699,11035
A029700,11036
A029701,11037
A029702,11038
A029703,11039
A029704,11040
A029705,11041
A029706,11042
A029707,11043
A029708,11044
A029709,11045
A029710,11046
A029711,11047
A029712,11048
A029713,11049
A029714,11050
A029715,11051
A029716,11052
A029717,11053
A029718,11054
A029719,11055
A029720,11056
A029721,11057
A029722,11058
A029723,11059
A029724,11060
A029725,11061
A029726,11062
A029727,11063
A029728,11064
A029729,11065
A029730,11066
A029731,11067
A029732,11068
A029733,11069
A029734,11070
A029735,11071
A029736,11072
A029737,11073
A029738,11074
A029739,11075
A029740,11076
A029741,11077
A029742,11078
A029743,11079
A029744,11080
A029745,11081
A029746,11082
A029747,11083
A029748,11084
A029749,11085
A029750,11086
A029751,11087
A029752,11088
A029753,11089
A029754,11090
A029755,11091
A029756,11092
A029757,11093
A029758,11094
A029759,11095
A029760,11096
A029761,11097
A029762,11098
A029763,11099
A029764,11100
A029765,11101
A029766,11102
A029767,11103
A029768,11104
A029769,11105
A029770,11106
A029771,11107
A029772,11108
A029773,11109
A029774,11110
A029775,11111
A029776,11112
A029777,11113
A029778,11114
A029779,11115
A029780,11116
A029781,11117
A029782,11118
A029783,11119
A029784,11120
A029785,11121
A029786,11122
A029787,11123
A029788,11124
A029789,11125
A029790,11126
A029791,11127
A029792,11128
A029793,11129
A029794,11130
A029795,11131
A029796,11132
A029797,11133
A029798,11134
A029799,11135
A029800,11136
A029801,11137
A029802,11138
A029803,11139
A029804,11140
A029805,11141
A029806,11142
A029807,11143
A029808,11144
A029809,11145
A029810,11146
A029811,11147
A029812,11148
A029813,11149
A029814,11150
A029815,11151
A029816,11152
A029817,11153
A029818,11154
A029819,11155
A029820,11156
A029821,11157
A029822,11158
A029823,11159
A029824,11160
A029825,11161
A029826,11162
A029827,11163
A029828,11164
A029829,11165
A029830,11166
A029831,11167
A029832,11168
A029833,11169
A029834,11170
A029835,11171
A029836,11172
A029837,11173
A029838,11174
A029839,11175
A029840,11176
A029841,11177
A029842,11178
A029843,11179
A029844,11180
A029845,11181
A029846,11182
A029847,11183
A029848,11184
A029849,11185
A029850,11186
A029851,11187
A029852,11188
A029853,11189
A029854,11190
A029855,11191
A029856,11192
A029857,11193
A029858,11194
A029859,11195
A029860,11196
A029861,11197
A029862,11198
A029863,11199
A029864,11200
A029865,11201
A029866,11202
A029867,11203
A029868,11204
A029869,11205
A029870,11206
A029871,11207
A029872,11208
A029873,11209
A029874,11210
A029875,11211
A029876,11212
A029877,11213
A029878,11214
A029879,11215
A029880,11216
A029881,11217
A029882,11218
A029883,11219
A029884,11220
A029885,11221
A029886,11222
A029887,11223
A029888,11224
A029889,11225
A029890,11226
A029891,11227
A029892,11228
A029893,11229
A029894,11230
A029895,11231
A029896,11232
A029897,11233
A029898,11234
A029899,11235
A029900,11236
A029901,11237
A029902,11238
A029903,11239
A029904,11240
A029905,11241
A029906,11242
A029907,11243
A029908,11244
A029909,11245
A029910,11246
A029911,11247
A029912,11248
A029913,11249
A029914,11250
A029915,11251
A029916,11252
A029917,11253
A029918,11254
A029919,11255
A029920,11256
A029921,11257
A029922,11258
A029923,11259
A029924,11260
A029925,11261
A029926,11262
A029927,11263
A029928,11264
A029929,11265
A029930,11266
A029931,11267
A029932,11268
A029933,11269
A029934,11270
A029935,11271
A029936,11272
A029937,11273
A029938,11274
A029939,11275
A029940,11276
A029941,11277
A029942,11278
A029943,11279
A029944,11280
A029945,11281
A029946,11282
A029947,11283
A029948,11284
A029949,11285
A029950,11286
A029951,11287
A029952,11288
A029953,11289
A029954,11290
A029955,11291
A029956,11292
A029957,11293
A029958,11294
A029959,11295
A029960,11296
A029961,11297
A029962,11298
A029963,11299
A029964,11300
A029965,11301
A029966,11302
A029967,11303
A029968,11304
A029969,11305
A029970,11306
A029971,11307
A029972,11308
A029973,11309
A029974,11310
A029975,11311
A029976,11312
A029977,11313
A029978,11314
A029979,11315
A029980,11316
A029981,11317
A029982,11318
A029983,11319
A029984,11320
A029985,11321
A029986,11322
A029987,11323
A029988,11324
A029989,11325
A029990,11326
A029991,11327
A029992,11328
A029993,11329
A029994,11330
A029995,11331
A029996,11332
A029997,11333
A029998,11334
A029999,11335
