refund_id,order_id,account_id,refund_timestamp,refund_amount,refund_reason,refund_status,refund_method
REF0000000,ORD0000051,A000025,2026-02-02 21:53:09,1800.0,size_fit,processed,original_payment
REF0000001,ORD0000068,A000033,2026-03-03 15:04:33,3150.0,size_fit,processed,wallet
REF0000002,ORD0000084,A000042,2026-03-05 11:37:02,12260.0,changed_mind,processed,wallet
REF0000003,ORD0000135,A000063,2026-02-04 00:28:39,3870.0,changed_mind,processed,wallet
REF0000004,ORD0000149,A000072,2026-02-07 03:25:18,4430.0,changed_mind,processed,bank_transfer
REF0000005,ORD0000163,A000080,2026-02-24 00:07:31,2390.0,changed_mind,processed,bank_transfer
REF0000006,ORD0000204,A000097,2026-02-17 03:38:54,2960.0,changed_mind,processed,original_payment
REF0000007,ORD0000226,A000108,2026-02-08 20:24:56,1630.0,not_as_described,processed,wallet
REF0000008,ORD0000238,A000113,2026-02-28 04:18:43,1620.0,changed_mind,processed,wallet
REF0000009,ORD0000269,A000131,2026-02-23 15:34:24,3550.0,changed_mind,processed,original_payment
REF0000010,ORD0000394,A000193,2026-02-24 23:55:01,2200.0,not_as_described,processed,bank_transfer
REF0000011,ORD0000414,A000203,2026-02-11 18:02:20,2390.0,size_fit,processed,original_payment
REF0000012,ORD0000421,A000206,2026-02-01 04:27:45,2860.0,not_as_described,processed,bank_transfer
REF0000013,ORD0000484,A000237,2026-02-16 01:27:32,3520.0,not_as_described,processed,bank_transfer
REF0000014,ORD0000518,A000256,2026-01-22 01:34:23,3220.0,not_as_described,processed,wallet
REF0000015,ORD0000589,A000293,2026-03-02 02:55:36,2690.0,changed_mind,processed,original_payment
REF0000016,ORD0000594,A000294,2026-02-09 19:38:34,2230.0,not_as_described,processed,bank_transfer
REF0000017,ORD0000632,A000310,2026-02-12 13:34:50,1680.0,not_as_described,processed,wallet
REF0000018,ORD0000646,A000322,2026-02-08 01:50:56,5210.0,changed_mind,processed,wallet
REF0000019,ORD0000649,A000327,2026-02-26 21:22:45,1740.0,size_fit,processed,wallet
REF0000020,ORD0000682,A000346,2026-01-22 07:35:26,1600.0,size_fit,processed,original_payment
REF0000021,ORD0000722,A000361,2026-03-04 17:54:42,4810.0,size_fit,processed,wallet
REF0000022,ORD0000740,A000371,2026-02-17 23:17:14,2740.0,changed_mind,processed,wallet
REF0000023,ORD0000743,A000371,2026-02-19 00:22:40,2300.0,not_as_described,processed,bank_transfer
REF0000024,ORD0000765,A000380,2026-02-04 03:57:49,2650.0,changed_mind,processed,bank_transfer
REF0000025,ORD0000794,A000401,2026-01-26 01:35:09,6920.0,changed_mind,processed,bank_transfer
REF0000026,ORD0000796,A000402,2026-02-18 12:17:28,1740.0,not_as_described,processed,original_payment
REF0000027,ORD0000810,A000408,2026-02-24 04:11:57,1460.0,not_as_described,processed,original_payment
REF0000028,ORD0000825,A000415,2026-02-11 17:12:18,4840.0,not_as_described,processed,wallet
REF0000029,ORD0000840,A000424,2026-02-13 19:43:23,1430.0,size_fit,processed,bank_transfer
REF0000030,ORD0000871,A000435,2026-02-24 17:46:23,1340.0,changed_mind,processed,bank_transfer
REF0000031,ORD0000971,A000484,2026-01-15 02:14:50,6150.0,size_fit,processed,bank_transfer
REF0000032,ORD0000997,A000495,2026-01-20 23:36:23,8940.0,changed_mind,processed,wallet
REF0000033,ORD0001068,A000533,2026-03-03 14:20:29,3740.0,changed_mind,processed,original_payment
REF0000034,ORD0001100,A000552,2026-02-24 07:59:30,4620.0,size_fit,processed,wallet
REF0000035,ORD0001157,A000578,2026-02-06 12:24:24,2820.0,size_fit,processed,bank_transfer
REF0000036,ORD0001160,A000580,2026-02-02 03:30:16,3260.0,not_as_described,processed,original_payment
REF0000037,ORD0001220,A000609,2026-02-04 16:09:36,1220.0,size_fit,processed,wallet
REF0000038,ORD0001313,A000660,2026-02-06 13:26:48,670.0,not_as_described,processed,original_payment
REF0000039,ORD0001314,A000661,2026-03-04 22:43:57,5300.0,size_fit,processed,bank_transfer
REF0000040,ORD0001317,A000664,2026-02-27 04:04:27,940.0,not_as_described,processed,original_payment
REF0000041,ORD0001322,A000667,2026-02-08 21:14:18,6380.0,changed_mind,processed,bank_transfer
REF0000042,ORD0001381,A000689,2026-02-21 11:02:57,2860.0,size_fit,processed,wallet
REF0000043,ORD0001432,A000712,2026-02-02 20:50:41,450.0,changed_mind,processed,bank_transfer
REF0000044,ORD0001616,A000797,2026-02-26 13:54:26,2110.0,size_fit,processed,wallet
REF0000045,ORD0001659,A000817,2026-03-04 06:08:57,19260.0,not_as_described,processed,original_payment
REF0000046,ORD0001728,A000842,2026-02-25 05:05:22,4650.0,changed_mind,processed,original_payment
REF0000047,ORD0001742,A000847,2026-02-23 20:40:35,2640.0,changed_mind,processed,bank_transfer
REF0000048,ORD0001836,A000895,2026-02-23 22:23:01,3120.0,changed_mind,processed,wallet
REF0000049,ORD0001893,A000924,2026-01-13 23:46:00,3880.0,changed_mind,processed,original_payment
REF0000050,ORD0001901,A000929,2026-02-06 21:16:00,16680.0,changed_mind,processed,wallet
REF0000051,ORD0001910,A000929,2026-02-27 04:20:02,2740.0,size_fit,processed,bank_transfer
REF0000052,ORD0001928,A000946,2026-03-01 23:25:09,2970.0,not_as_described,processed,wallet
REF0000053,ORD0001948,A000958,2026-03-03 22:56:36,2580.0,not_as_described,processed,wallet
REF0000054,ORD0001951,A000960,2026-01-17 13:27:05,1860.0,not_as_described,processed,wallet
REF0000055,ORD0002017,A000985,2026-02-12 09:19:49,2420.0,not_as_described,processed,bank_transfer
REF0000056,ORD0002022,A000989,2026-02-03 00:06:57,970.0,changed_mind,processed,bank_transfer
REF0000057,ORD0002030,A000991,2026-02-11 10:54:43,2240.0,size_fit,processed,bank_transfer
REF0000058,ORD0002037,A000993,2026-02-08 12:45:59,1000.0,changed_mind,processed,original_payment
REF0000059,ORD0002051,A001006,2026-01-28 20:38:43,7210.0,size_fit,processed,original_payment
REF0000060,ORD0002079,A001017,2026-02-14 22:59:15,7050.0,not_as_described,processed,bank_transfer
REF0000061,ORD0002096,A001026,2026-01-30 14:34:48,2700.0,size_fit,processed,wallet
REF0000062,ORD0002117,A001037,2026-02-17 06:59:18,2870.0,not_as_described,processed,original_payment
REF0000063,ORD0002121,A001040,2026-03-06 05:54:49,1550.0,size_fit,processed,wallet
REF0000064,ORD0002129,A001043,2026-02-17 09:17:55,2100.0,size_fit,processed,original_payment
REF0000065,ORD0002151,A001052,2026-02-13 13:07:30,2170.0,changed_mind,processed,wallet
REF0000066,ORD0002275,A001120,2026-02-18 11:34:52,2430.0,size_fit,processed,bank_transfer
REF0000067,ORD0002295,A001130,2026-02-05 10:53:00,4840.0,size_fit,processed,bank_transfer
REF0000068,ORD0002298,A001131,2026-02-10 14:13:21,4930.0,not_as_described,processed,bank_transfer
REF0000069,ORD0002320,A001141,2026-02-10 08:09:31,1510.0,changed_mind,processed,original_payment
REF0000070,ORD0002349,A001160,2026-02-15 04:27:24,2310.0,size_fit,processed,wallet
REF0000071,ORD0002383,A001172,2026-03-01 05:35:44,2820.0,changed_mind,processed,bank_transfer
REF0000072,ORD0002393,A001178,2026-03-04 09:56:29,3980.0,size_fit,processed,wallet
REF0000073,ORD0002500,A001234,2026-02-07 22:09:43,1280.0,changed_mind,processed,wallet
REF0000074,ORD0002533,A001255,2026-02-14 11:39:04,2250.0,size_fit,processed,original_payment
REF0000075,ORD0002538,A001258,2026-01-16 01:32:43,1450.0,size_fit,processed,original_payment
REF0000076,ORD0002556,A001266,2026-02-06 13:08:36,2160.0,not_as_described,processed,wallet
REF0000077,ORD0002559,A001269,2026-02-04 02:59:47,2560.0,not_as_described,processed,bank_transfer
REF0000078,ORD0002570,A001278,2026-02-19 06:33:06,2950.0,changed_mind,processed,wallet
REF0000079,ORD0002580,A001280,2026-02-28 22:21:43,4970.0,changed_mind,processed,wallet
REF0000080,ORD0002584,A001283,2026-02-12 07:17:47,3610.0,size_fit,processed,wallet
REF0000081,ORD0002604,A001294,2026-02-14 08:50:48,7160.0,changed_mind,processed,original_payment
REF0000082,ORD0002697,A001336,2026-02-28 05:29:37,1850.0,not_as_described,processed,wallet
REF0000083,ORD0002718,A001346,2026-02-23 13:25:43,7460.0,not_as_described,processed,wallet
REF0000084,ORD0002730,A001350,2026-01-23 01:13:54,2450.0,size_fit,processed,original_payment
REF0000085,ORD0002749,A001359,2026-02-06 23:15:48,480.0,size_fit,processed,original_payment
REF0000086,ORD0002814,A001392,2026-01-25 05:41:08,4870.0,not_as_described,processed,wallet
REF0000087,ORD0002869,A001417,2026-02-26 01:59:56,1950.0,changed_mind,processed,wallet
REF0000088,ORD0002872,A001417,2026-02-20 13:55:19,1120.0,changed_mind,processed,wallet
REF0000089,ORD0002879,A001421,2026-02-24 14:01:54,3140.0,size_fit,processed,original_payment
REF0000090,ORD0002886,A001423,2026-02-03 13:46:48,3310.0,changed_mind,processed,bank_transfer
REF0000091,ORD0002918,A001444,2026-02-10 18:18:41,2680.0,changed_mind,processed,wallet
REF0000092,ORD0002939,A001458,2026-03-07 00:10:58,2660.0,changed_mind,processed,original_payment
REF0000093,ORD0002957,A001471,2026-01-27 12:26:20,1090.0,size_fit,processed,original_payment
REF0000094,ORD0003037,A001514,2026-02-24 12:25:32,1670.0,size_fit,processed,original_payment
REF0000095,ORD0003070,A001538,2026-01-28 07:46:50,6000.0,size_fit,processed,bank_transfer
REF0000096,ORD0003150,A001565,2026-03-05 22:27:57,4610.0,size_fit,processed,wallet
REF0000097,ORD0003178,A001579,2026-02-01 01:25:21,7380.0,not_as_described,processed,original_payment
REF0000098,ORD0003191,A001586,2026-01-18 16:42:45,2570.0,not_as_described,processed,bank_transfer
REF0000099,ORD0003206,A001591,2026-02-28 02:40:51,4360.0,changed_mind,processed,wallet
REF0000100,ORD0003254,A001608,2026-02-13 19:06:43,2560.0,changed_mind,processed,original_payment
REF0000101,ORD0003281,A001625,2026-01-22 21:56:02,4990.0,not_as_described,processed,bank_transfer
REF0000102,ORD0003299,A001636,2026-02-02 03:03:50,3950.0,size_fit,processed,original_payment
REF0000103,ORD0003307,A001638,2026-02-14 01:59:54,1400.0,changed_mind,processed,original_payment
REF0000104,ORD0003320,A001644,2026-02-26 07:15:16,5560.0,size_fit,processed,bank_transfer
REF0000105,ORD0003332,A001648,2026-02-02 20:10:00,2130.0,size_fit,processed,bank_transfer
REF0000106,ORD0003350,A001657,2026-03-03 23:39:58,650.0,size_fit,processed,wallet
REF0000107,ORD0003352,A001657,2026-02-23 22:25:07,1840.0,changed_mind,processed,bank_transfer
REF0000108,ORD0003371,A001663,2026-02-16 04:32:18,980.0,size_fit,processed,bank_transfer
REF0000109,ORD0003376,A001668,2026-01-29 00:19:18,4970.0,not_as_described,processed,wallet
REF0000110,ORD0003438,A001698,2026-02-26 12:52:18,3040.0,size_fit,processed,original_payment
REF0000111,ORD0003452,A001704,2026-01-28 05:22:41,3300.0,size_fit,processed,wallet
REF0000112,ORD0003453,A001705,2026-01-30 04:18:24,4040.0,changed_mind,processed,wallet
REF0000113,ORD0003458,A001706,2026-02-10 18:03:55,1210.0,changed_mind,processed,bank_transfer
REF0000114,ORD0003462,A001707,2026-02-20 14:23:25,1310.0,size_fit,processed,original_payment
REF0000115,ORD0003531,A001745,2026-02-27 21:09:38,2770.0,changed_mind,processed,bank_transfer
REF0000116,ORD0003605,A001785,2026-02-08 18:34:25,2690.0,not_as_described,processed,wallet
REF0000117,ORD0003641,A001807,2026-02-06 00:55:04,1930.0,size_fit,processed,bank_transfer
REF0000118,ORD0003690,A001826,2026-02-27 01:05:03,4100.0,not_as_described,processed,wallet
REF0000119,ORD0003792,A001877,2026-03-01 12:26:42,960.0,size_fit,processed,original_payment
REF0000120,ORD0003800,A001880,2026-02-22 09:36:32,1180.0,changed_mind,processed,original_payment
REF0000121,ORD0003823,A001895,2026-02-02 07:39:59,4050.0,size_fit,processed,original_payment
REF0000122,ORD0003861,A001919,2026-02-07 17:35:08,1790.0,not_as_described,processed,original_payment
REF0000123,ORD0003876,A001930,2026-02-17 18:23:04,440.0,not_as_described,processed,original_payment
REF0000124,ORD0003878,A001931,2026-03-06 22:11:38,970.0,changed_mind,processed,wallet
REF0000125,ORD0003885,A001933,2026-02-27 10:47:24,2250.0,changed_mind,processed,bank_transfer
REF0000126,ORD0003933,A001955,2026-02-22 02:06:22,690.0,size_fit,processed,wallet
REF0000127,ORD0003995,A001982,2026-02-15 03:45:09,1310.0,size_fit,processed,wallet
REF0000128,ORD0004074,A002021,2026-02-24 07:06:44,2920.0,not_as_described,processed,original_payment
REF0000129,ORD0004135,A002047,2026-03-04 12:01:03,2730.0,not_as_described,processed,wallet
REF0000130,ORD0004142,A002051,2026-02-24 23:12:52,3060.0,changed_mind,processed,wallet
REF0000131,ORD0004146,A002052,2026-01-25 03:41:13,360.0,changed_mind,processed,original_payment
REF0000132,ORD0004155,A002058,2026-02-22 08:41:20,1260.0,size_fit,processed,bank_transfer
REF0000133,ORD0004166,A002063,2026-02-27 12:49:59,1800.0,size_fit,processed,original_payment
REF0000134,ORD0004221,A002091,2026-02-01 07:40:01,7340.0,size_fit,processed,bank_transfer
REF0000135,ORD0004247,A002100,2026-01-31 05:59:48,1670.0,size_fit,processed,wallet
REF0000136,ORD0004256,A002105,2026-02-01 04:45:01,2860.0,not_as_described,processed,original_payment
REF0000137,ORD0004280,A002114,2026-02-04 17:56:29,1240.0,size_fit,processed,original_payment
REF0000138,ORD0004304,A002126,2026-02-01 03:20:41,2260.0,changed_mind,processed,original_payment
REF0000139,ORD0004314,A002131,2026-02-05 05:28:04,1460.0,size_fit,processed,bank_transfer
REF0000140,ORD0004336,A002151,2026-02-20 01:24:24,2280.0,changed_mind,processed,original_payment
REF0000141,ORD0004337,A002151,2026-02-17 20:06:10,4370.0,not_as_described,processed,original_payment
REF0000142,ORD0004379,A002171,2026-01-28 21:50:31,700.0,changed_mind,processed,bank_transfer
REF0000143,ORD0004402,A002180,2026-01-26 12:18:49,3870.0,not_as_described,processed,bank_transfer
REF0000144,ORD0004417,A002191,2026-02-14 17:22:17,1610.0,not_as_described,processed,wallet
REF0000145,ORD0004418,A002191,2026-02-27 17:02:06,3640.0,not_as_described,processed,bank_transfer
REF0000146,ORD0004429,A002195,2026-02-21 13:32:11,700.0,not_as_described,processed,wallet
REF0000147,ORD0004449,A002202,2026-02-02 19:51:22,1530.0,not_as_described,processed,wallet
REF0000148,ORD0004500,A002236,2026-02-11 10:28:04,5150.0,not_as_described,processed,original_payment
REF0000149,ORD0004541,A002261,2026-02-27 08:42:58,2090.0,not_as_described,processed,bank_transfer
REF0000150,ORD0004552,A002266,2026-02-22 04:56:36,1440.0,changed_mind,processed,wallet
REF0000151,ORD0004558,A002268,2026-02-16 13:46:23,1090.0,size_fit,processed,bank_transfer
REF0000152,ORD0004567,A002272,2026-02-18 10:49:11,4500.0,changed_mind,processed,bank_transfer
REF0000153,ORD0004641,A002314,2026-02-22 14:43:56,2970.0,changed_mind,processed,bank_transfer
REF0000154,ORD0004643,A002314,2026-02-20 12:30:53,540.0,changed_mind,processed,original_payment
REF0000155,ORD0004672,A002327,2026-02-28 13:35:03,1740.0,changed_mind,processed,wallet
REF0000156,ORD0004745,A002363,2026-02-22 22:08:34,1000.0,not_as_described,processed,original_payment
REF0000157,ORD0004772,A002376,2026-02-23 15:58:35,3270.0,not_as_described,processed,wallet
REF0000158,ORD0004774,A002376,2026-01-14 00:12:05,3310.0,not_as_described,processed,bank_transfer
REF0000159,ORD0004791,A002382,2026-03-07 10:48:33,7600.0,changed_mind,processed,wallet
REF0000160,ORD0004815,A002390,2026-02-10 15:21:58,4710.0,changed_mind,processed,original_payment
REF0000161,ORD0004837,A002399,2026-02-23 11:14:11,380.0,size_fit,processed,wallet
REF0000162,ORD0004965,A002473,2026-02-25 02:08:56,1020.0,size_fit,processed,wallet
REF0000163,ORD0004990,A002488,2026-02-15 17:51:33,710.0,not_as_described,processed,wallet
REF0000164,ORD0005029,A002512,2026-01-30 18:54:49,2130.0,changed_mind,processed,bank_transfer
REF0000165,ORD0005137,A002562,2026-01-23 08:25:40,4600.0,changed_mind,processed,bank_transfer
REF0000166,ORD0005155,A002570,2026-02-22 12:32:45,3350.0,not_as_described,processed,original_payment
REF0000167,ORD0005177,A002584,2026-01-29 21:00:37,1160.0,not_as_described,processed,bank_transfer
REF0000168,ORD0005182,A002586,2026-02-12 05:21:59,15880.0,not_as_described,processed,bank_transfer
REF0000169,ORD0005186,A002587,2026-02-13 04:23:11,4370.0,not_as_described,processed,bank_transfer
REF0000170,ORD0005205,A002594,2026-01-30 20:11:59,2800.0,changed_mind,processed,bank_transfer
REF0000171,ORD0005304,A002647,2026-02-23 06:06:45,1390.0,size_fit,processed,original_payment
REF0000172,ORD0005372,A002676,2026-02-09 18:10:59,2800.0,changed_mind,processed,bank_transfer
REF0000173,ORD0005416,A002699,2026-01-19 14:28:04,10790.0,size_fit,processed,wallet
REF0000174,ORD0005423,A002700,2026-02-19 21:51:42,1090.0,not_as_described,processed,bank_transfer
REF0000175,ORD0005450,A002716,2026-02-04 14:25:47,2490.0,not_as_described,processed,original_payment
REF0000176,ORD0005480,A002734,2026-02-16 14:26:40,2680.0,size_fit,processed,bank_transfer
REF0000177,ORD0005481,A002734,2026-02-15 16:46:33,5490.0,changed_mind,processed,original_payment
REF0000178,ORD0005539,A002771,2026-02-13 01:43:53,17920.0,size_fit,processed,bank_transfer
REF0000179,ORD0005571,A002787,2026-02-13 19:51:02,2440.0,not_as_described,processed,original_payment
REF0000180,ORD0005593,A002792,2026-02-09 21:45:31,2460.0,changed_mind,processed,wallet
REF0000181,ORD0005624,A002807,2026-02-13 06:15:11,12340.0,size_fit,processed,original_payment
REF0000182,ORD0005661,A002825,2026-02-03 13:12:06,6680.0,not_as_described,processed,bank_transfer
REF0000183,ORD0005685,A002841,2026-02-21 10:18:05,3670.0,size_fit,processed,bank_transfer
REF0000184,ORD0005775,A002898,2026-02-13 11:06:03,1070.0,size_fit,processed,wallet
REF0000185,ORD0005852,A002931,2026-03-02 23:30:52,2080.0,changed_mind,processed,wallet
REF0000186,ORD0005861,A002938,2026-01-23 19:36:57,2680.0,changed_mind,processed,bank_transfer
REF0000187,ORD0005894,A002954,2026-03-06 08:21:13,1880.0,not_as_described,processed,wallet
REF0000188,ORD0005921,A002970,2026-03-05 13:53:06,4580.0,changed_mind,processed,bank_transfer
REF0000189,ORD0005944,A002976,2026-02-14 15:43:07,5390.0,not_as_described,processed,wallet
REF0000190,ORD0005960,A002985,2026-02-21 01:25:34,590.0,size_fit,processed,wallet
REF0000191,ORD0006012,A003011,2026-02-24 19:48:48,2450.0,not_as_described,processed,bank_transfer
REF0000192,ORD0006033,A003021,2026-02-06 14:14:23,4150.0,not_as_described,processed,original_payment
REF0000193,ORD0006041,A003026,2026-02-27 18:31:49,1600.0,size_fit,processed,wallet
REF0000194,ORD0006054,A003035,2026-02-10 04:57:18,7530.0,changed_mind,processed,original_payment
REF0000195,ORD0006055,A003035,2026-02-18 05:43:40,470.0,size_fit,processed,original_payment
REF0000196,ORD0006072,A003042,2026-03-05 12:35:49,4680.0,size_fit,processed,wallet
REF0000197,ORD0006119,A003070,2026-02-13 02:51:58,9030.0,changed_mind,processed,wallet
REF0000198,ORD0006127,A003073,2026-02-10 05:23:42,12340.0,changed_mind,processed,original_payment
REF0000199,ORD0006158,A003095,2026-02-19 11:05:37,820.0,size_fit,processed,wallet
REF0000200,ORD0006180,A003103,2026-01-27 19:11:12,1920.0,size_fit,processed,bank_transfer
REF0000201,ORD0006208,A003119,2026-02-19 14:24:04,2480.0,changed_mind,processed,original_payment
REF0000202,ORD0006210,A003120,2026-02-10 09:04:56,290.0,size_fit,processed,wallet
REF0000203,ORD0006242,A003138,2026-03-04 02:46:53,4530.0,not_as_described,processed,original_payment
REF0000204,ORD0006269,A003150,2026-02-27 06:43:47,780.0,not_as_described,processed,bank_transfer
REF0000205,ORD0006273,A003152,2026-02-06 18:14:01,9500.0,changed_mind,processed,bank_transfer
REF0000206,ORD0006274,A003153,2026-02-22 13:18:29,3760.0,size_fit,processed,original_payment
REF0000207,ORD0006402,A003213,2026-02-13 15:51:10,4390.0,size_fit,processed,wallet
REF0000208,ORD0006410,A003217,2026-02-09 20:15:08,2090.0,size_fit,processed,bank_transfer
REF0000209,ORD0006425,A003227,2026-02-22 00:51:34,9740.0,not_as_described,processed,bank_transfer
REF0000210,ORD0006488,A003257,2026-02-24 07:20:11,890.0,changed_mind,processed,wallet
REF0000211,ORD0006495,A003258,2026-02-09 22:35:48,280.0,size_fit,processed,wallet
REF0000212,ORD0006527,A003275,2026-02-04 12:25:51,12260.0,size_fit,processed,wallet
REF0000213,ORD0006546,A003286,2026-03-06 17:31:34,2280.0,changed_mind,processed,original_payment
REF0000214,ORD0006586,A003311,2026-03-03 07:25:02,2720.0,size_fit,processed,original_payment
REF0000215,ORD0006600,A003317,2026-01-21 23:07:54,340.0,size_fit,processed,original_payment
REF0000216,ORD0006609,A003323,2026-02-24 11:12:56,920.0,size_fit,processed,original_payment
REF0000217,ORD0006622,A003326,2026-02-20 17:42:13,1450.0,not_as_described,processed,wallet
REF0000218,ORD0006624,A003327,2026-02-24 18:54:44,3140.0,not_as_described,processed,wallet
REF0000219,ORD0006640,A003334,2026-02-17 04:49:20,2090.0,not_as_described,processed,bank_transfer
REF0000220,ORD0006647,A003336,2026-01-27 19:01:42,3950.0,changed_mind,processed,bank_transfer
REF0000221,ORD0006678,A003352,2026-02-08 14:29:30,2920.0,changed_mind,processed,wallet
REF0000222,ORD0006726,A003369,2026-02-22 10:13:53,3830.0,changed_mind,processed,bank_transfer
REF0000223,ORD0006736,A003378,2026-02-10 12:11:52,3200.0,changed_mind,processed,wallet
REF0000224,ORD0006743,A003382,2026-01-31 17:29:01,16400.0,size_fit,processed,original_payment
REF0000225,ORD0006750,A003386,2026-02-12 03:04:14,1760.0,changed_mind,processed,bank_transfer
REF0000226,ORD0006823,A003420,2026-02-10 02:31:46,2430.0,size_fit,processed,original_payment
REF0000227,ORD0006826,A003422,2026-01-25 12:11:15,2670.0,changed_mind,processed,bank_transfer
REF0000228,ORD0006876,A003441,2026-03-01 16:07:27,2640.0,not_as_described,processed,wallet
REF0000229,ORD0006897,A003451,2026-01-13 18:11:42,1760.0,size_fit,processed,original_payment
REF0000230,ORD0006975,A003486,2026-02-05 22:40:40,18950.0,changed_mind,processed,wallet
REF0000231,ORD0007008,A003507,2026-02-18 08:04:53,3460.0,size_fit,processed,wallet
REF0000232,ORD0007012,A003510,2026-03-04 17:22:33,1670.0,size_fit,processed,wallet
REF0000233,ORD0007017,A003515,2026-02-20 12:06:13,5230.0,size_fit,processed,wallet
REF0000234,ORD0007018,A003516,2026-02-15 07:05:32,2420.0,not_as_described,processed,wallet
REF0000235,ORD0007030,A003520,2026-01-24 03:01:18,2830.0,size_fit,processed,wallet
REF0000236,ORD0007061,A003539,2026-01-15 22:04:41,2780.0,changed_mind,processed,wallet
REF0000237,ORD0007099,A003561,2026-02-06 20:05:32,14340.0,size_fit,processed,original_payment
REF0000238,ORD0007121,A003568,2026-02-28 09:20:12,370.0,size_fit,processed,bank_transfer
REF0000239,ORD0007175,A003589,2026-01-24 07:17:11,1050.0,size_fit,processed,bank_transfer
REF0000240,ORD0007202,A003603,2026-02-22 22:03:08,6950.0,size_fit,processed,original_payment
REF0000241,ORD0007263,A003632,2026-01-30 18:01:35,2040.0,size_fit,processed,bank_transfer
REF0000242,ORD0007272,A003634,2026-02-15 04:37:26,9390.0,changed_mind,processed,wallet
REF0000243,ORD0007321,A003658,2026-03-04 08:11:47,1650.0,not_as_described,processed,original_payment
REF0000244,ORD0007391,A003685,2026-02-25 09:31:10,3890.0,not_as_described,processed,wallet
REF0000245,ORD0007405,A003701,2026-01-21 00:14:46,910.0,not_as_described,processed,original_payment
REF0000246,ORD0007434,A003713,2026-03-03 17:13:48,4400.0,changed_mind,processed,original_payment
REF0000247,ORD0007462,A003729,2026-02-03 21:08:50,1060.0,changed_mind,processed,bank_transfer
REF0000248,ORD0007465,A003730,2026-03-05 11:50:49,850.0,not_as_described,processed,bank_transfer
REF0000249,ORD0007487,A003738,2026-02-07 06:47:22,1390.0,changed_mind,processed,bank_transfer
REF0000250,ORD0007489,A003739,2026-02-19 06:49:35,1320.0,size_fit,processed,wallet
REF0000251,ORD0007499,A003742,2026-02-15 16:23:43,820.0,size_fit,processed,bank_transfer
REF0000252,ORD0007519,A003753,2026-01-15 22:20:13,1620.0,size_fit,processed,bank_transfer
REF0000253,ORD0007549,A003768,2026-03-01 07:19:18,1700.0,changed_mind,processed,wallet
REF0000254,ORD0007566,A003778,2026-02-25 17:43:03,2240.0,size_fit,processed,bank_transfer
REF0000255,ORD0007574,A003779,2026-02-16 02:46:11,12500.0,size_fit,processed,wallet
REF0000256,ORD0007577,A003783,2026-02-24 09:30:31,2960.0,size_fit,processed,original_payment
REF0000257,ORD0007578,A003783,2026-02-13 05:49:29,18070.0,not_as_described,processed,original_payment
REF0000258,ORD0007635,A003802,2026-02-23 22:56:38,1200.0,changed_mind,processed,original_payment
REF0000259,ORD0007640,A003803,2026-02-17 09:52:37,560.0,changed_mind,processed,bank_transfer
REF0000260,ORD0007684,A003829,2026-02-08 08:00:59,2080.0,size_fit,processed,original_payment
REF0000261,ORD0007690,A003832,2026-01-18 23:46:21,8280.0,not_as_described,processed,bank_transfer
REF0000262,ORD0007757,A003860,2026-02-08 16:41:04,1700.0,not_as_described,processed,bank_transfer
REF0000263,ORD0007765,A003864,2026-03-02 18:13:47,1220.0,changed_mind,processed,bank_transfer
REF0000264,ORD0007809,A003887,2026-02-13 17:16:55,2960.0,size_fit,processed,bank_transfer
REF0000265,ORD0007861,A003913,2026-02-22 05:35:02,2920.0,size_fit,processed,bank_transfer
REF0000266,ORD0007866,A003917,2026-01-23 09:23:31,2820.0,changed_mind,processed,bank_transfer
REF0000267,ORD0007870,A003920,2026-02-11 12:55:21,3790.0,changed_mind,processed,wallet
REF0000268,ORD0007881,A003926,2026-02-17 14:24:37,3850.0,size_fit,processed,original_payment
REF0000269,ORD0007928,A003954,2026-02-14 00:45:27,3900.0,size_fit,processed,original_payment
REF0000270,ORD0007973,A003972,2026-02-14 09:54:08,1790.0,not_as_described,processed,wallet
REF0000271,ORD0008003,A003984,2026-02-11 14:51:02,2080.0,not_as_described,processed,wallet
REF0000272,ORD0008014,A003991,2026-02-22 08:01:00,1000.0,size_fit,processed,bank_transfer
REF0000273,ORD0008034,A004001,2026-01-22 16:25:08,2800.0,changed_mind,processed,wallet
REF0000274,ORD0008076,A004024,2026-01-29 06:25:31,1710.0,not_as_described,processed,wallet
REF0000275,ORD0008105,A004034,2026-03-09 20:01:34,2360.0,not_as_described,processed,original_payment
REF0000276,ORD0008183,A004065,2026-02-21 19:18:42,2210.0,size_fit,processed,wallet
REF0000277,ORD0008200,A004072,2026-02-16 14:29:15,3890.0,not_as_described,processed,bank_transfer
REF0000278,ORD0008293,A004116,2026-02-17 18:56:12,10300.0,size_fit,processed,original_payment
REF0000279,ORD0008298,A004121,2026-01-28 11:56:04,2660.0,not_as_described,processed,wallet
REF0000280,ORD0008312,A004131,2026-02-05 00:37:25,7230.0,size_fit,processed,wallet
REF0000281,ORD0008320,A004137,2026-03-04 10:36:13,940.0,size_fit,processed,bank_transfer
REF0000282,ORD0008348,A004143,2026-01-24 05:43:47,3450.0,size_fit,processed,wallet
REF0000283,ORD0008430,A004183,2026-01-22 09:37:14,2480.0,size_fit,processed,bank_transfer
REF0000284,ORD0008431,A004184,2026-02-26 05:57:04,2910.0,not_as_described,processed,bank_transfer
REF0000285,ORD0008445,A004191,2026-03-09 05:08:11,1980.0,size_fit,processed,bank_transfer
REF0000286,ORD0008473,A004208,2026-02-26 11:14:17,3960.0,size_fit,processed,bank_transfer
REF0000287,ORD0008480,A004213,2026-02-12 11:44:51,810.0,not_as_described,processed,wallet
REF0000288,ORD0008499,A004224,2026-02-01 13:20:14,3920.0,changed_mind,processed,original_payment
REF0000289,ORD0008531,A004245,2026-02-11 22:32:11,1180.0,size_fit,processed,original_payment
REF0000290,ORD0008541,A004249,2026-02-12 11:49:43,1900.0,changed_mind,processed,original_payment
REF0000291,ORD0008576,A004272,2026-01-27 05:43:23,1100.0,changed_mind,processed,original_payment
REF0000292,ORD0008583,A004272,2026-01-29 16:48:30,4310.0,size_fit,processed,bank_transfer
REF0000293,ORD0008632,A004295,2026-03-01 07:19:21,2350.0,size_fit,processed,wallet
REF0000294,ORD0008639,A004296,2026-02-03 03:39:33,2850.0,changed_mind,processed,wallet
REF0000295,ORD0008688,A004319,2026-01-16 11:18:53,2980.0,not_as_described,processed,bank_transfer
REF0000296,ORD0008692,A004321,2026-01-22 09:04:17,940.0,size_fit,processed,wallet
REF0000297,ORD0008693,A004322,2026-01-24 21:11:26,1100.0,not_as_described,processed,bank_transfer
REF0000298,ORD0008707,A004330,2026-02-05 14:21:02,2380.0,not_as_described,processed,wallet
REF0000299,ORD0008708,A004331,2026-02-20 12:21:28,960.0,changed_mind,processed,bank_transfer
REF0000300,ORD0008714,A004335,2026-02-01 18:37:22,2180.0,size_fit,processed,bank_transfer
REF0000301,ORD0008715,A004335,2026-02-11 16:47:49,5250.0,changed_mind,processed,bank_transfer
REF0000302,ORD0008719,A004338,2026-02-18 02:07:16,2460.0,not_as_described,processed,wallet
REF0000303,ORD0008740,A004356,2026-02-14 07:22:12,5310.0,size_fit,processed,bank_transfer
REF0000304,ORD0008806,A004393,2026-01-23 23:35:07,1400.0,not_as_described,processed,original_payment
REF0000305,ORD0008872,A004426,2026-02-04 11:25:47,15320.0,changed_mind,processed,wallet
REF0000306,ORD0008874,A004426,2026-01-26 21:26:54,19260.0,not_as_described,processed,wallet
REF0000307,ORD0008883,A004434,2026-02-07 19:29:52,2910.0,size_fit,processed,original_payment
REF0000308,ORD0008889,A004438,2026-02-14 09:24:10,16850.0,not_as_described,processed,bank_transfer
REF0000309,ORD0008922,A004451,2026-02-25 12:56:59,1300.0,size_fit,processed,wallet
REF0000310,ORD0008937,A004463,2026-02-26 15:44:21,12940.0,size_fit,processed,bank_transfer
REF0000311,ORD0008958,A004471,2026-01-15 23:22:18,2840.0,size_fit,processed,original_payment
REF0000312,ORD0008976,A004478,2026-02-08 02:42:30,1120.0,changed_mind,processed,original_payment
REF0000313,ORD0008988,A004483,2026-02-21 06:03:22,2520.0,size_fit,processed,wallet
REF0000314,ORD0009003,A004488,2026-02-09 13:50:44,3540.0,not_as_described,processed,bank_transfer
REF0000315,ORD0009004,A004490,2026-02-02 11:20:30,6490.0,size_fit,processed,wallet
REF0000316,ORD0009009,A004492,2026-03-05 18:32:33,6570.0,not_as_described,processed,original_payment
REF0000317,ORD0009028,A004500,2026-03-04 19:13:41,2470.0,size_fit,processed,original_payment
REF0000318,ORD0009078,A004524,2026-02-05 19:07:47,720.0,not_as_described,processed,bank_transfer
REF0000319,ORD0009084,A004527,2026-03-07 10:09:40,12250.0,not_as_described,processed,original_payment
REF0000320,ORD0009134,A004545,2026-02-07 12:00:31,15300.0,size_fit,processed,bank_transfer
REF0000321,ORD0009172,A004564,2026-01-13 20:30:35,4700.0,not_as_described,processed,wallet
REF0000322,ORD0009179,A004569,2026-03-05 07:40:57,2680.0,not_as_described,processed,original_payment
REF0000323,ORD0009204,A004592,2026-02-19 12:11:23,19810.0,size_fit,processed,bank_transfer
REF0000324,ORD0009214,A004597,2026-02-20 03:47:18,430.0,changed_mind,processed,original_payment
REF0000325,ORD0009242,A004610,2026-02-28 03:48:57,3990.0,not_as_described,processed,wallet
REF0000326,ORD0009304,A004638,2026-01-21 23:56:07,850.0,size_fit,processed,bank_transfer
REF0000327,ORD0009341,A004666,2026-03-02 05:31:08,4760.0,changed_mind,processed,original_payment
REF0000328,ORD0009349,A004667,2026-03-08 06:59:52,1670.0,not_as_described,processed,wallet
REF0000329,ORD0009421,A004712,2026-01-20 04:39:07,2480.0,not_as_described,processed,bank_transfer
REF0000330,ORD0009461,A004734,2026-02-09 17:14:23,2640.0,not_as_described,processed,bank_transfer
REF0000331,ORD0009472,A004739,2026-01-24 08:53:06,2540.0,not_as_described,processed,wallet
REF0000332,ORD0009522,A004769,2026-02-09 19:59:03,1520.0,not_as_described,processed,original_payment
REF0000333,ORD0009555,A004789,2026-02-13 13:09:30,1400.0,changed_mind,processed,bank_transfer
REF0000334,ORD0009616,A004813,2026-01-26 18:31:25,7480.0,size_fit,processed,original_payment
REF0000335,ORD0009635,A004824,2026-02-26 10:30:30,13500.0,not_as_described,processed,original_payment
REF0000336,ORD0009681,A004850,2026-02-05 16:24:35,8540.0,not_as_described,processed,bank_transfer
REF0000337,ORD0009685,A004850,2026-02-28 21:59:56,1780.0,changed_mind,processed,bank_transfer
REF0000338,ORD0009714,A004867,2026-01-23 11:20:25,18780.0,not_as_described,processed,original_payment
REF0000339,ORD0009719,A004868,2026-03-06 12:02:21,3800.0,changed_mind,processed,wallet
REF0000340,ORD0009736,A004877,2026-01-23 02:53:56,2800.0,size_fit,processed,bank_transfer
REF0000341,ORD0009761,A004886,2026-02-01 05:17:54,1340.0,changed_mind,processed,bank_transfer
REF0000342,ORD0009792,A004900,2026-02-07 03:49:12,350.0,not_as_described,processed,original_payment
REF0000343,ORD0009816,A004914,2026-02-14 20:09:09,4340.0,changed_mind,processed,wallet
REF0000344,ORD0009817,A004914,2026-02-05 20:32:36,2490.0,size_fit,processed,wallet
REF0000345,ORD0009835,A004930,2026-02-26 04:09:15,530.0,not_as_described,processed,wallet
REF0000346,ORD0009849,A004937,2026-02-27 14:11:15,11230.0,size_fit,processed,bank_transfer
REF0000347,ORD0009866,A004946,2026-01-28 19:45:22,15720.0,changed_mind,processed,original_payment
REF0000348,ORD0009888,A004956,2026-02-01 19:22:41,2170.0,size_fit,processed,wallet
REF0000349,ORD0009892,A004960,2026-02-14 09:39:04,1670.0,not_as_described,processed,bank_transfer
REF0000350,ORD0009927,A004978,2026-02-05 22:46:36,3360.0,changed_mind,processed,original_payment
REF0000351,ORD0009945,A004989,2026-02-05 09:05:59,2260.0,not_as_described,processed,original_payment
REF0000352,ORD0009950,A004990,2026-02-18 00:19:00,4580.0,changed_mind,processed,original_payment
REF0000353,ORD0009964,A004994,2026-02-08 07:23:13,990.0,not_as_described,processed,wallet
REF0000354,ORD0009965,A004996,2026-02-16 10:41:33,2990.0,not_as_described,processed,wallet
REF0000355,ORD0009981,A005004,2026-03-06 08:28:02,710.0,size_fit,processed,wallet
REF0000356,ORD0010003,A005015,2026-01-31 18:14:46,580.0,size_fit,processed,original_payment
REF0000357,ORD0010040,A005044,2026-02-14 20:14:02,4190.0,changed_mind,processed,original_payment
REF0000358,ORD0010051,A005053,2026-02-08 02:46:05,1980.0,changed_mind,processed,bank_transfer
REF0000359,ORD0010056,A005053,2026-02-01 02:40:18,2090.0,changed_mind,processed,original_payment
REF0000360,ORD0010096,A005075,2026-02-26 05:41:31,1380.0,changed_mind,processed,original_payment
REF0000361,ORD0010114,A005087,2026-02-09 15:44:58,580.0,changed_mind,processed,original_payment
REF0000362,ORD0010126,A005092,2026-01-23 18:21:55,1460.0,changed_mind,processed,original_payment
REF0000363,ORD0010140,A005100,2026-02-28 02:25:20,7620.0,size_fit,processed,wallet
REF0000364,ORD0010146,A005102,2026-02-17 07:05:28,3790.0,size_fit,processed,original_payment
REF0000365,ORD0010194,A005123,2026-02-11 10:29:41,980.0,size_fit,processed,wallet
REF0000366,ORD0010212,A005130,2026-01-26 16:02:43,950.0,changed_mind,processed,bank_transfer
REF0000367,ORD0010241,A005143,2026-02-18 17:03:28,7530.0,changed_mind,processed,wallet
REF0000368,ORD0010248,A005145,2026-02-13 22:26:39,2670.0,size_fit,processed,wallet
REF0000369,ORD0010310,A005182,2026-02-06 21:12:52,7810.0,not_as_described,processed,bank_transfer
REF0000370,ORD0010325,A005189,2026-01-24 22:51:41,1780.0,size_fit,processed,bank_transfer
REF0000371,ORD0010333,A005190,2026-02-21 08:25:20,2390.0,changed_mind,processed,wallet
REF0000372,ORD0010342,A005196,2026-02-21 20:59:16,1340.0,changed_mind,processed,wallet
REF0000373,ORD0010371,A005208,2026-02-12 22:26:22,1790.0,changed_mind,processed,original_payment
REF0000374,ORD0010379,A005209,2026-03-02 15:51:00,5300.0,not_as_described,processed,bank_transfer
REF0000375,ORD0010382,A005210,2026-02-03 17:38:16,2080.0,not_as_described,processed,original_payment
REF0000376,ORD0010411,A005220,2026-03-03 04:55:20,980.0,not_as_described,processed,original_payment
REF0000377,ORD0010418,A005222,2026-02-08 04:56:48,850.0,size_fit,processed,wallet
REF0000378,ORD0010430,A005226,2026-02-11 13:40:17,10640.0,size_fit,processed,original_payment
REF0000379,ORD0010445,A005230,2026-03-05 11:20:03,860.0,changed_mind,processed,original_payment
REF0000380,ORD0010508,A005252,2026-02-21 03:32:36,4360.0,size_fit,processed,bank_transfer
REF0000381,ORD0010522,A005259,2026-02-08 12:02:27,660.0,changed_mind,processed,wallet
REF0000382,ORD0010553,A005276,2026-02-09 05:08:56,3150.0,size_fit,processed,bank_transfer
REF0000383,ORD0010667,A005328,2026-01-29 03:00:42,2730.0,size_fit,processed,wallet
REF0000384,ORD0010718,A005354,2026-01-14 04:52:39,1650.0,changed_mind,processed,wallet
REF0000385,ORD0010722,A005357,2026-02-19 23:13:49,1850.0,changed_mind,processed,bank_transfer
REF0000386,ORD0010731,A005361,2026-02-26 03:48:32,3670.0,size_fit,processed,wallet
REF0000387,ORD0010742,A005367,2026-02-06 19:06:41,1260.0,not_as_described,processed,original_payment
REF0000388,ORD0010770,A005389,2026-01-29 19:13:37,3750.0,not_as_described,processed,bank_transfer
REF0000389,ORD0010788,A005394,2026-02-03 00:11:10,2870.0,changed_mind,processed,bank_transfer
REF0000390,ORD0010866,A005440,2026-03-02 17:29:11,1640.0,not_as_described,processed,bank_transfer
REF0000391,ORD0010898,A005454,2026-02-25 12:39:59,1900.0,size_fit,processed,bank_transfer
REF0000392,ORD0010907,A005461,2026-02-05 19:02:19,2940.0,not_as_described,processed,bank_transfer
REF0000393,ORD0010919,A005466,2026-02-25 19:46:24,16310.0,not_as_described,processed,bank_transfer
REF0000394,ORD0011026,A005521,2026-02-19 12:48:01,3380.0,changed_mind,processed,wallet
REF0000395,ORD0011143,A005586,2026-02-12 14:47:23,2640.0,not_as_described,processed,original_payment
REF0000396,ORD0011155,A005591,2026-03-07 00:20:14,1570.0,size_fit,processed,wallet
REF0000397,ORD0011166,A005595,2026-03-04 08:23:21,1840.0,changed_mind,processed,bank_transfer
REF0000398,ORD0011181,A005607,2026-02-28 15:36:16,3870.0,not_as_described,processed,original_payment
REF0000399,ORD0011196,A005611,2026-02-22 05:12:45,4860.0,size_fit,processed,wallet
REF0000400,ORD0011308,A005664,2026-03-01 02:36:14,1340.0,not_as_described,processed,original_payment
REF0000401,ORD0011317,A005668,2026-02-13 18:35:37,3130.0,size_fit,processed,bank_transfer
REF0000402,ORD0011335,A005678,2026-02-15 22:29:49,16330.0,size_fit,processed,original_payment
REF0000403,ORD0011431,A005736,2026-02-09 11:41:59,1940.0,size_fit,processed,original_payment
REF0000404,ORD0011445,A005741,2026-02-24 22:41:38,12580.0,size_fit,processed,original_payment
REF0000405,ORD0011455,A005748,2026-02-03 13:41:43,3660.0,changed_mind,processed,bank_transfer
REF0000406,ORD0011459,A005750,2026-02-12 14:40:09,6740.0,changed_mind,processed,original_payment
REF0000407,ORD0011472,A005752,2026-03-06 18:47:03,7460.0,not_as_described,processed,wallet
REF0000408,ORD0011475,A005754,2026-02-16 09:45:21,1060.0,changed_mind,processed,wallet
REF0000409,ORD0011492,A005762,2026-01-22 04:33:20,1400.0,not_as_described,processed,bank_transfer
REF0000410,ORD0011496,A005763,2026-03-01 07:29:23,4550.0,not_as_described,processed,bank_transfer
REF0000411,ORD0011523,A005774,2026-02-13 01:30:07,13240.0,size_fit,processed,original_payment
REF0000412,ORD0011609,A005808,2026-01-27 09:06:02,1790.0,size_fit,processed,wallet
REF0000413,ORD0011674,A005836,2026-02-06 00:40:56,1830.0,changed_mind,processed,original_payment
REF0000414,ORD0011775,A005891,2026-02-22 21:40:07,2190.0,not_as_described,processed,original_payment
REF0000415,ORD0011776,A005893,2026-02-03 01:10:43,380.0,changed_mind,processed,bank_transfer
REF0000416,ORD0011785,A005897,2026-02-24 15:46:55,2600.0,size_fit,processed,bank_transfer
REF0000417,ORD0011839,A005925,2026-02-23 08:12:00,1160.0,changed_mind,processed,wallet
REF0000418,ORD0011870,A005941,2026-02-23 17:13:59,2000.0,size_fit,processed,wallet
REF0000419,ORD0011873,A005941,2026-02-13 11:19:48,13750.0,not_as_described,processed,original_payment
REF0000420,ORD0011877,A005946,2026-02-18 04:32:05,17950.0,changed_mind,processed,bank_transfer
REF0000421,ORD0011889,A005954,2026-02-08 01:19:38,1440.0,size_fit,processed,bank_transfer
REF0000422,ORD0011894,A005958,2026-03-01 01:21:15,330.0,changed_mind,processed,wallet
REF0000423,ORD0012023,A006028,2026-02-05 22:33:02,2610.0,changed_mind,processed,original_payment
REF0000424,ORD0012109,A006073,2026-02-20 07:30:01,410.0,changed_mind,processed,wallet
REF0000425,ORD0012150,A006103,2026-02-19 16:34:05,2540.0,changed_mind,processed,original_payment
REF0000426,ORD0012160,A006108,2026-03-07 02:14:18,2360.0,size_fit,processed,original_payment
REF0000427,ORD0012186,A006118,2026-02-06 01:26:16,3090.0,not_as_described,processed,wallet
REF0000428,ORD0012226,A006141,2026-02-25 18:39:30,7680.0,size_fit,processed,original_payment
REF0000429,ORD0012253,A006154,2026-02-15 07:35:41,1870.0,not_as_described,processed,original_payment
REF0000430,ORD0012257,A006155,2026-01-31 18:43:51,14640.0,not_as_described,processed,original_payment
REF0000431,ORD0012373,A006213,2026-02-01 09:15:45,9750.0,size_fit,processed,wallet
REF0000432,ORD0012417,A006232,2026-02-06 22:55:04,3920.0,changed_mind,processed,original_payment
REF0000433,ORD0012423,A006238,2026-02-02 05:01:03,2130.0,changed_mind,processed,bank_transfer
REF0000434,ORD0012425,A006238,2026-02-26 09:05:04,3320.0,not_as_described,processed,original_payment
REF0000435,ORD0012437,A006248,2026-01-27 07:13:28,1220.0,changed_mind,processed,wallet
REF0000436,ORD0012473,A006266,2026-02-21 17:47:54,2630.0,not_as_described,processed,wallet
REF0000437,ORD0012490,A006273,2026-01-25 17:47:25,7480.0,changed_mind,processed,bank_transfer
REF0000438,ORD0012510,A006282,2026-02-27 18:56:35,2930.0,changed_mind,processed,original_payment
REF0000439,ORD0012527,A006293,2026-02-12 09:06:36,3450.0,changed_mind,processed,bank_transfer
REF0000440,ORD0012636,A006344,2026-02-01 00:11:22,1450.0,changed_mind,processed,bank_transfer
REF0000441,ORD0012682,A006366,2026-02-21 15:38:24,1250.0,not_as_described,processed,wallet
REF0000442,ORD0012773,A006416,2026-02-14 11:51:46,10130.0,size_fit,processed,original_payment
REF0000443,ORD0012777,A006417,2026-03-01 15:33:37,13350.0,size_fit,processed,bank_transfer
REF0000444,ORD0012793,A006424,2026-02-15 16:41:39,1480.0,not_as_described,processed,original_payment
REF0000445,ORD0012812,A006431,2026-03-04 12:53:31,9570.0,changed_mind,processed,wallet
REF0000446,ORD0012856,A006447,2026-02-05 05:26:52,4250.0,changed_mind,processed,wallet
REF0000447,ORD0012909,A006469,2026-01-22 19:38:50,1380.0,changed_mind,processed,wallet
REF0000448,ORD0012974,A006503,2026-03-06 18:15:25,1310.0,not_as_described,processed,original_payment
REF0000449,ORD0012987,A006507,2026-02-24 17:56:31,2660.0,not_as_described,processed,original_payment
REF0000450,ORD0013030,A006527,2026-01-30 07:57:28,4120.0,size_fit,processed,original_payment
REF0000451,ORD0013056,A006546,2026-03-04 03:06:10,1940.0,size_fit,processed,original_payment
REF0000452,ORD0013065,A006551,2026-02-24 08:33:35,1980.0,not_as_described,processed,original_payment
REF0000453,ORD0013074,A006555,2026-02-05 10:24:47,1460.0,not_as_described,processed,wallet
REF0000454,ORD0013100,A006576,2026-02-27 08:23:28,1990.0,changed_mind,processed,wallet
REF0000455,ORD0013141,A006601,2026-02-16 08:40:19,2860.0,size_fit,processed,original_payment
REF0000456,ORD0013145,A006603,2026-03-04 17:43:45,2940.0,not_as_described,processed,bank_transfer
REF0000457,ORD0013159,A006610,2026-03-07 00:03:37,1700.0,not_as_described,processed,original_payment
REF0000458,ORD0013160,A006611,2026-02-12 04:09:36,11900.0,size_fit,processed,bank_transfer
REF0000459,ORD0013198,A006628,2026-02-13 13:56:16,1100.0,changed_mind,processed,wallet
REF0000460,ORD0013201,A006630,2026-01-29 10:03:03,5260.0,changed_mind,processed,original_payment
REF0000461,ORD0013251,A006660,2026-03-06 01:12:50,860.0,size_fit,processed,original_payment
REF0000462,ORD0013255,A006663,2026-02-07 14:08:27,12450.0,not_as_described,processed,bank_transfer
REF0000463,ORD0013281,A006672,2026-02-05 10:52:41,2880.0,changed_mind,processed,original_payment
REF0000464,ORD0013294,A006673,2026-02-06 12:06:49,1940.0,not_as_described,processed,wallet
REF0000465,ORD0013312,A006684,2026-01-25 09:39:32,1090.0,changed_mind,processed,original_payment
REF0000466,ORD0013321,A006687,2026-02-04 00:34:21,13280.0,size_fit,processed,original_payment
REF0000467,ORD0013361,A006709,2026-02-26 20:33:42,15980.0,not_as_described,processed,original_payment
REF0000468,ORD0013370,A006715,2026-01-29 08:27:34,1030.0,size_fit,processed,original_payment
REF0000469,ORD0013372,A006715,2026-02-20 14:48:42,3640.0,changed_mind,processed,bank_transfer
REF0000470,ORD0013383,A006719,2026-02-16 08:27:48,1860.0,size_fit,processed,original_payment
REF0000471,ORD0013560,A006807,2026-02-17 14:41:29,520.0,size_fit,processed,bank_transfer
REF0000472,ORD0013606,A006832,2026-02-23 13:16:26,1420.0,not_as_described,processed,bank_transfer
REF0000473,ORD0013618,A006836,2026-01-23 11:32:00,18980.0,changed_mind,processed,original_payment
REF0000474,ORD0013636,A006847,2026-02-06 03:57:43,4370.0,changed_mind,processed,original_payment
REF0000475,ORD0013682,A006867,2026-02-22 15:06:53,3390.0,not_as_described,processed,original_payment
REF0000476,ORD0013690,A006870,2026-02-21 22:41:24,1080.0,changed_mind,processed,original_payment
REF0000477,ORD0013728,A006891,2026-02-18 17:04:33,6460.0,size_fit,processed,wallet
REF0000478,ORD0013783,A006931,2026-01-20 06:53:05,3710.0,not_as_described,processed,original_payment
REF0000479,ORD0013805,A006943,2026-01-20 08:47:22,1140.0,size_fit,processed,original_payment
REF0000480,ORD0013806,A006943,2026-02-24 18:36:21,1730.0,changed_mind,processed,original_payment
REF0000481,ORD0013829,A006957,2026-02-10 13:23:19,680.0,changed_mind,processed,original_payment
REF0000482,ORD0013911,A007005,2026-03-05 17:30:57,2500.0,not_as_described,processed,wallet
REF0000483,ORD0013947,A007023,2026-02-01 12:50:33,940.0,size_fit,processed,bank_transfer
REF0000484,ORD0013972,A007037,2026-02-19 05:48:13,830.0,not_as_described,processed,bank_transfer
REF0000485,ORD0013991,A007048,2026-03-06 14:41:09,1610.0,changed_mind,processed,original_payment
REF0000486,ORD0014004,A007053,2026-02-22 18:08:32,10440.0,not_as_described,processed,bank_transfer
REF0000487,ORD0014086,A007097,2026-02-23 10:33:32,12810.0,changed_mind,processed,original_payment
REF0000488,ORD0014094,A007100,2026-01-30 11:24:48,14280.0,size_fit,processed,original_payment
REF0000489,ORD0014117,A007112,2026-02-11 13:25:02,1020.0,changed_mind,processed,original_payment
REF0000490,ORD0014219,A007147,2026-01-23 11:49:24,3440.0,changed_mind,processed,original_payment
REF0000491,ORD0014226,A007155,2026-02-07 14:39:25,1830.0,not_as_described,processed,original_payment
REF0000492,ORD0014239,A007162,2026-02-13 02:08:14,7950.0,not_as_described,processed,original_payment
REF0000493,ORD0014248,A007163,2026-02-01 13:57:07,9950.0,size_fit,processed,original_payment
REF0000494,ORD0014253,A007166,2026-01-21 02:56:40,450.0,not_as_described,processed,wallet
REF0000495,ORD0014256,A007167,2026-02-03 02:53:33,1380.0,size_fit,processed,wallet
REF0000496,ORD0014310,A007191,2026-02-07 12:16:13,4990.0,not_as_described,processed,wallet
REF0000497,ORD0014346,A007210,2026-02-22 22:18:28,1990.0,size_fit,processed,bank_transfer
REF0000498,ORD0014350,A007215,2026-02-06 19:06:38,4720.0,size_fit,processed,bank_transfer
REF0000499,ORD0014471,A007275,2026-02-04 04:57:00,5280.0,size_fit,processed,bank_transfer
REF0000500,ORD0014547,A007317,2026-03-06 00:43:19,8350.0,not_as_described,processed,bank_transfer
REF0000501,ORD0014549,A007318,2026-03-08 01:30:29,1470.0,changed_mind,processed,wallet
REF0000502,ORD0014556,A007323,2026-02-28 14:11:09,7870.0,changed_mind,processed,wallet
REF0000503,ORD0014610,A007341,2026-02-08 12:38:11,1810.0,size_fit,processed,original_payment
REF0000504,ORD0014664,A007365,2026-01-25 09:05:40,2390.0,size_fit,processed,wallet
REF0000505,ORD0014703,A007395,2026-02-03 08:54:27,2120.0,size_fit,processed,wallet
REF0000506,ORD0014705,A007395,2026-02-03 16:03:19,1960.0,size_fit,processed,wallet
REF0000507,ORD0014718,A007401,2026-02-25 04:54:24,2850.0,not_as_described,processed,original_payment
REF0000508,ORD0014758,A007413,2026-02-04 13:47:36,1860.0,not_as_described,processed,original_payment
REF0000509,ORD0014779,A007421,2026-02-15 20:46:21,1380.0,changed_mind,processed,original_payment
REF0000510,ORD0014807,A007438,2026-02-26 19:22:57,540.0,not_as_described,processed,original_payment
REF0000511,ORD0014809,A007440,2026-02-24 11:12:13,1200.0,size_fit,processed,bank_transfer
REF0000512,ORD0014813,A007441,2026-02-25 05:25:34,1910.0,changed_mind,processed,wallet
REF0000513,ORD0014844,A007456,2026-01-25 22:38:27,750.0,changed_mind,processed,bank_transfer
REF0000514,ORD0014867,A007465,2026-02-13 13:24:36,4250.0,changed_mind,processed,bank_transfer
REF0000515,ORD0014880,A007470,2026-02-26 13:32:44,2850.0,not_as_described,processed,wallet
REF0000516,ORD0014914,A007489,2026-02-06 19:56:13,2140.0,not_as_described,processed,original_payment
REF0000517,ORD0014935,A007508,2026-02-19 20:53:19,3610.0,not_as_described,processed,wallet
REF0000518,ORD0014946,A007518,2026-02-24 21:36:24,2030.0,size_fit,processed,bank_transfer
REF0000519,ORD0014980,A007531,2026-02-08 01:33:08,1730.0,not_as_described,processed,bank_transfer
REF0000520,ORD0015035,A007557,2026-03-05 23:31:52,3920.0,size_fit,processed,bank_transfer
REF0000521,ORD0015070,A007581,2026-02-16 18:42:38,3350.0,changed_mind,processed,wallet
REF0000522,ORD0015103,A007600,2026-02-23 10:57:55,1040.0,not_as_described,processed,bank_transfer
REF0000523,ORD0015114,A007604,2026-02-20 06:36:38,1500.0,not_as_described,processed,original_payment
REF0000524,ORD0015150,A007618,2026-03-03 22:18:01,1630.0,not_as_described,processed,bank_transfer
REF0000525,ORD0015186,A007632,2026-02-11 05:31:05,2410.0,changed_mind,processed,wallet
REF0000526,ORD0015218,A007646,2026-03-09 05:31:19,2750.0,changed_mind,processed,wallet
REF0000527,ORD0015234,A007654,2026-03-04 17:03:18,740.0,not_as_described,processed,bank_transfer
REF0000528,ORD0015265,A007671,2026-02-13 15:34:53,1590.0,not_as_described,processed,bank_transfer
REF0000529,ORD0015268,A007672,2026-02-06 19:10:38,2280.0,size_fit,processed,bank_transfer
REF0000530,ORD0015332,A007699,2026-01-31 09:30:25,2240.0,changed_mind,processed,bank_transfer
REF0000531,ORD0015335,A007702,2026-02-10 03:48:08,350.0,size_fit,processed,original_payment
REF0000532,ORD0015356,A007715,2026-02-15 10:54:34,1800.0,size_fit,processed,original_payment
REF0000533,ORD0015377,A007724,2026-02-16 07:46:33,6610.0,size_fit,processed,original_payment
REF0000534,ORD0015419,A007743,2026-03-04 17:44:56,870.0,size_fit,processed,wallet
REF0000535,ORD0015423,A007748,2026-02-15 12:02:24,4080.0,size_fit,processed,original_payment
REF0000536,ORD0015428,A007752,2026-02-03 17:02:04,2750.0,not_as_described,processed,bank_transfer
REF0000537,ORD0015537,A007811,2026-02-16 12:57:57,3550.0,changed_mind,processed,original_payment
REF0000538,ORD0015569,A007831,2026-02-19 02:32:29,1540.0,not_as_described,processed,bank_transfer
REF0000539,ORD0015595,A007846,2026-02-26 04:36:09,7860.0,size_fit,processed,original_payment
REF0000540,ORD0015596,A007846,2026-01-30 06:40:55,3080.0,not_as_described,processed,original_payment
REF0000541,ORD0015603,A007850,2026-02-06 04:20:23,3720.0,changed_mind,processed,bank_transfer
REF0000542,ORD0015624,A007865,2026-01-19 19:58:41,310.0,changed_mind,processed,wallet
REF0000543,ORD0015640,A007870,2026-01-29 23:23:24,2280.0,not_as_described,processed,bank_transfer
REF0000544,ORD0015643,A007871,2026-02-06 19:00:46,3320.0,not_as_described,processed,original_payment
REF0000545,ORD0015654,A007882,2026-03-03 20:28:44,3350.0,not_as_described,processed,wallet
REF0000546,ORD0015677,A007895,2026-02-14 14:11:58,1150.0,changed_mind,processed,bank_transfer
REF0000547,ORD0015682,A007897,2026-03-03 18:09:02,2340.0,size_fit,processed,bank_transfer
REF0000548,ORD0015697,A007911,2026-01-20 03:06:41,1360.0,not_as_described,processed,original_payment
REF0000549,ORD0015709,A007917,2026-03-03 02:16:35,1810.0,changed_mind,processed,bank_transfer
REF0000550,ORD0015721,A007925,2026-01-25 17:21:30,1070.0,size_fit,processed,bank_transfer
REF0000551,ORD0015766,A007956,2026-01-28 14:01:56,600.0,not_as_described,processed,wallet
REF0000552,ORD0015771,A007959,2026-01-29 00:03:19,7980.0,size_fit,processed,original_payment
REF0000553,ORD0015780,A007963,2026-02-11 17:14:52,1620.0,size_fit,processed,original_payment
REF0000554,ORD0015785,A007969,2026-02-17 19:56:12,2700.0,changed_mind,processed,original_payment
REF0000555,ORD0015798,A007976,2026-02-15 00:27:13,2550.0,not_as_described,processed,original_payment
REF0000556,ORD0015807,A007982,2026-03-02 19:44:37,1900.0,size_fit,processed,original_payment
REF0000557,ORD0015818,A007987,2026-02-22 22:20:40,2610.0,not_as_described,processed,wallet
REF0000558,ORD0015834,A007995,2026-02-19 15:12:52,2810.0,size_fit,processed,wallet
REF0000559,ORD0015880,A008014,2026-02-08 10:59:29,4870.0,not_as_described,processed,wallet
REF0000560,ORD0015905,A008028,2026-02-13 00:38:35,3540.0,changed_mind,processed,wallet
REF0000561,ORD0015920,A008034,2026-03-06 22:35:31,6080.0,not_as_described,processed,wallet
REF0000562,ORD0015935,A008045,2026-02-23 10:27:23,780.0,changed_mind,processed,wallet
REF0000563,ORD0015946,A008051,2026-02-28 15:06:49,17040.0,size_fit,processed,wallet
REF0000564,ORD0015980,A008073,2026-01-13 13:04:11,1140.0,changed_mind,processed,wallet
REF0000565,ORD0016016,A008097,2026-02-28 18:03:19,590.0,size_fit,processed,wallet
REF0000566,ORD0016069,A008124,2026-01-30 11:00:36,2540.0,not_as_described,processed,wallet
REF0000567,ORD0016087,A008130,2026-02-04 08:09:02,1970.0,not_as_described,processed,original_payment
REF0000568,ORD0016114,A008144,2026-02-01 23:18:28,3530.0,size_fit,processed,original_payment
REF0000569,ORD0016122,A008147,2026-03-06 04:09:01,3900.0,changed_mind,processed,wallet
REF0000570,ORD0016184,A008175,2026-01-23 10:15:11,7970.0,changed_mind,processed,bank_transfer
REF0000571,ORD0016209,A008186,2026-02-13 22:27:54,1260.0,not_as_described,processed,bank_transfer
REF0000572,ORD0016213,A008190,2026-03-01 15:19:59,4810.0,not_as_described,processed,bank_transfer
REF0000573,ORD0016243,A008205,2026-02-27 14:16:24,2790.0,size_fit,processed,original_payment
REF0000574,ORD0016343,A008243,2026-03-05 01:08:02,910.0,size_fit,processed,original_payment
REF0000575,ORD0016350,A008245,2026-02-19 17:30:50,1720.0,changed_mind,processed,original_payment
REF0000576,ORD0016365,A008251,2026-02-05 23:18:55,490.0,changed_mind,processed,original_payment
REF0000577,ORD0016429,A008280,2026-03-07 18:06:44,4670.0,changed_mind,processed,original_payment
REF0000578,ORD0016529,A008329,2026-02-15 10:21:13,1220.0,size_fit,processed,bank_transfer
REF0000579,ORD0016579,A008362,2026-02-26 11:13:56,3970.0,not_as_described,processed,original_payment
REF0000580,ORD0016585,A008367,2026-02-04 01:15:26,2460.0,not_as_described,processed,wallet
REF0000581,ORD0016608,A008376,2026-02-21 04:20:00,2820.0,changed_mind,processed,bank_transfer
REF0000582,ORD0016624,A008380,2026-02-15 20:23:03,1070.0,changed_mind,processed,bank_transfer
REF0000583,ORD0016629,A008383,2026-01-26 15:59:33,320.0,size_fit,processed,wallet
REF0000584,ORD0016630,A008383,2026-02-13 22:11:40,3090.0,size_fit,processed,original_payment
REF0000585,ORD0016632,A008385,2026-02-13 14:11:40,1270.0,size_fit,processed,original_payment
REF0000586,ORD0016763,A008448,2026-01-28 20:15:48,1800.0,size_fit,processed,original_payment
REF0000587,ORD0016782,A008459,2026-01-14 00:16:01,4230.0,size_fit,processed,bank_transfer
REF0000588,ORD0016787,A008463,2026-01-23 00:33:27,730.0,size_fit,processed,bank_transfer
REF0000589,ORD0016824,A008489,2026-02-15 17:53:40,4900.0,size_fit,processed,original_payment
REF0000590,ORD0016858,A008508,2026-02-03 20:25:45,510.0,size_fit,processed,bank_transfer
REF0000591,ORD0016881,A008518,2026-02-08 02:00:13,4400.0,size_fit,processed,original_payment
REF0000592,ORD0016901,A008523,2026-02-15 12:59:13,990.0,not_as_described,processed,wallet
REF0000593,ORD0016918,A008528,2026-02-08 02:13:35,2080.0,not_as_described,processed,original_payment
REF0000594,ORD0016995,A008566,2026-02-14 15:30:47,2320.0,not_as_described,processed,bank_transfer
REF0000595,ORD0017015,A008575,2026-01-26 21:37:36,660.0,changed_mind,processed,original_payment
REF0000596,ORD0017021,A008576,2026-02-27 21:42:59,2920.0,size_fit,processed,bank_transfer
REF0000597,ORD0017025,A008580,2026-02-28 15:36:51,10430.0,changed_mind,processed,bank_transfer
REF0000598,ORD0017043,A008592,2026-02-22 08:23:33,2080.0,not_as_described,processed,original_payment
REF0000599,ORD0017049,A008595,2026-02-25 16:34:03,6500.0,size_fit,processed,wallet
REF0000600,ORD0017068,A008604,2026-01-29 02:25:12,250.0,changed_mind,processed,original_payment
REF0000601,ORD0017072,A008605,2026-02-03 22:50:15,2660.0,changed_mind,processed,wallet
REF0000602,ORD0017179,A008662,2026-03-04 07:49:16,3750.0,not_as_described,processed,wallet
REF0000603,ORD0017239,A008693,2026-02-08 20:11:22,12050.0,changed_mind,processed,bank_transfer
REF0000604,ORD0017270,A008706,2026-01-15 16:29:02,1230.0,changed_mind,processed,wallet
REF0000605,ORD0017283,A008711,2026-02-01 07:09:51,17980.0,size_fit,processed,bank_transfer
REF0000606,ORD0017294,A008718,2026-02-23 22:52:00,2710.0,changed_mind,processed,bank_transfer
REF0000607,ORD0017299,A008722,2026-02-12 08:37:51,6320.0,changed_mind,processed,wallet
REF0000608,ORD0017320,A008735,2026-02-22 21:48:06,1400.0,changed_mind,processed,original_payment
REF0000609,ORD0017334,A008738,2026-01-22 07:14:30,1180.0,changed_mind,processed,original_payment
REF0000610,ORD0017344,A008743,2026-02-07 10:03:11,1270.0,changed_mind,processed,wallet
REF0000611,ORD0017349,A008744,2026-01-18 03:07:02,3940.0,not_as_described,processed,bank_transfer
REF0000612,ORD0017367,A008751,2026-01-25 23:55:31,7280.0,changed_mind,processed,original_payment
REF0000613,ORD0017393,A008764,2026-02-11 08:37:40,3940.0,size_fit,processed,bank_transfer
REF0000614,ORD0017396,A008765,2026-02-20 05:28:30,1060.0,changed_mind,processed,original_payment
REF0000615,ORD0017412,A008771,2026-02-03 07:53:32,1710.0,not_as_described,processed,bank_transfer
REF0000616,ORD0017423,A008775,2026-02-07 10:42:58,4660.0,not_as_described,processed,bank_transfer
REF0000617,ORD0017427,A008776,2026-01-17 08:47:25,7290.0,changed_mind,processed,original_payment
REF0000618,ORD0017485,A008809,2026-01-19 17:29:31,1880.0,changed_mind,processed,bank_transfer
REF0000619,ORD0017517,A008825,2026-02-12 10:37:13,3350.0,not_as_described,processed,bank_transfer
REF0000620,ORD0017558,A008847,2026-02-10 22:48:11,1510.0,changed_mind,processed,wallet
REF0000621,ORD0017577,A008853,2026-02-18 02:57:13,1230.0,size_fit,processed,wallet
REF0000622,ORD0017610,A008861,2026-01-26 07:20:18,4680.0,size_fit,processed,original_payment
REF0000623,ORD0017690,A008900,2026-02-11 06:00:36,17360.0,changed_mind,processed,original_payment
REF0000624,ORD0017691,A008901,2026-03-07 09:49:17,1940.0,size_fit,processed,bank_transfer
REF0000625,ORD0017703,A008905,2026-01-17 15:27:26,1400.0,not_as_described,processed,original_payment
REF0000626,ORD0017721,A008912,2026-02-17 14:11:01,7430.0,not_as_described,processed,original_payment
REF0000627,ORD0017759,A008929,2026-03-03 10:40:26,1240.0,size_fit,processed,wallet
REF0000628,ORD0017836,A008962,2026-02-12 03:34:18,4640.0,not_as_described,processed,bank_transfer
REF0000629,ORD0017862,A008970,2026-01-26 17:41:29,1420.0,changed_mind,processed,original_payment
REF0000630,ORD0017883,A008979,2026-02-20 01:43:04,1500.0,changed_mind,processed,bank_transfer
REF0000631,ORD0017942,A009015,2026-01-30 18:18:53,3420.0,size_fit,processed,wallet
REF0000632,ORD0017986,A009039,2026-02-23 11:04:30,960.0,not_as_described,processed,original_payment
REF0000633,ORD0017990,A009041,2026-01-31 12:43:03,1320.0,not_as_described,processed,wallet
REF0000634,ORD0018035,A009070,2026-02-10 08:44:56,1980.0,changed_mind,processed,wallet
REF0000635,ORD0018053,A009080,2026-02-25 23:55:23,17890.0,not_as_described,processed,wallet
REF0000636,ORD0018061,A009084,2026-02-05 13:13:57,3120.0,changed_mind,processed,original_payment
REF0000637,ORD0018131,A009122,2026-03-03 08:04:45,1210.0,not_as_described,processed,original_payment
REF0000638,ORD0018165,A009139,2026-02-11 09:10:54,11500.0,size_fit,processed,original_payment
REF0000639,ORD0018175,A009143,2026-02-08 15:15:45,1770.0,size_fit,processed,wallet
REF0000640,ORD0018176,A009144,2026-03-04 19:17:19,720.0,size_fit,processed,wallet
REF0000641,ORD0018204,A009154,2026-02-08 23:40:30,1660.0,size_fit,processed,bank_transfer
REF0000642,ORD0018209,A009156,2026-02-05 16:15:47,1220.0,size_fit,processed,bank_transfer
REF0000643,ORD0018228,A009170,2026-01-31 17:23:22,2770.0,size_fit,processed,bank_transfer
REF0000644,ORD0018239,A009179,2026-01-22 06:24:52,3140.0,not_as_described,processed,original_payment
REF0000645,ORD0018288,A009216,2026-02-28 08:57:49,1550.0,not_as_described,processed,wallet
REF0000646,ORD0018316,A009231,2026-02-26 18:40:36,3100.0,changed_mind,processed,bank_transfer
REF0000647,ORD0018319,A009232,2026-01-20 15:51:44,2780.0,not_as_described,processed,wallet
REF0000648,ORD0018355,A009251,2026-02-25 09:15:54,2690.0,size_fit,processed,wallet
REF0000649,ORD0018356,A009251,2026-03-03 06:16:15,1670.0,size_fit,processed,wallet
REF0000650,ORD0018368,A009256,2026-03-04 18:42:09,19610.0,changed_mind,processed,wallet
REF0000651,ORD0018374,A009259,2026-02-04 08:30:49,4300.0,not_as_described,processed,wallet
REF0000652,ORD0018414,A009271,2026-02-10 07:23:36,1160.0,changed_mind,processed,wallet
REF0000653,ORD0018421,A009274,2026-02-09 12:00:07,4100.0,size_fit,processed,wallet
REF0000654,ORD0018492,A009313,2026-02-03 14:45:06,3280.0,changed_mind,processed,bank_transfer
REF0000655,ORD0018529,A009330,2026-01-27 03:59:11,1380.0,changed_mind,processed,original_payment
REF0000656,ORD0018563,A009346,2026-02-16 21:19:46,820.0,size_fit,processed,bank_transfer
REF0000657,ORD0018589,A009355,2026-01-31 02:48:20,820.0,size_fit,processed,bank_transfer
REF0000658,ORD0018616,A009367,2026-01-21 19:52:50,6280.0,size_fit,processed,original_payment
REF0000659,ORD0018622,A009370,2026-02-07 12:01:06,920.0,not_as_described,processed,wallet
REF0000660,ORD0018633,A009384,2026-02-16 03:40:48,7560.0,not_as_described,processed,wallet
REF0000661,ORD0018675,A009408,2026-01-23 20:43:24,2690.0,size_fit,processed,bank_transfer
REF0000662,ORD0018682,A009413,2026-02-05 20:01:51,860.0,size_fit,processed,bank_transfer
REF0000663,ORD0018735,A009438,2026-01-27 23:15:31,1130.0,size_fit,processed,wallet
REF0000664,ORD0018741,A009438,2026-02-14 15:38:39,17610.0,size_fit,processed,bank_transfer
REF0000665,ORD0018761,A009449,2026-02-19 22:24:35,3180.0,not_as_described,processed,original_payment
REF0000666,ORD0018778,A009457,2026-01-20 15:16:58,2730.0,size_fit,processed,original_payment
REF0000667,ORD0018787,A009463,2026-02-13 11:58:45,4650.0,not_as_described,processed,wallet
REF0000668,ORD0018807,A009473,2026-02-09 07:18:42,4280.0,not_as_described,processed,wallet
REF0000669,ORD0018871,A009511,2026-02-23 16:59:37,2660.0,size_fit,processed,original_payment
REF0000670,ORD0018918,A009534,2026-02-13 13:58:52,10300.0,size_fit,processed,wallet
REF0000671,ORD0018953,A009559,2026-02-14 05:07:24,5070.0,not_as_described,processed,original_payment
REF0000672,ORD0018957,A009562,2026-03-03 21:07:17,2780.0,size_fit,processed,original_payment
REF0000673,ORD0018982,A009570,2026-01-30 05:35:02,1310.0,changed_mind,processed,bank_transfer
REF0000674,ORD0019000,A009577,2026-02-08 11:02:43,1320.0,not_as_described,processed,wallet
REF0000675,ORD0019008,A009580,2026-02-21 06:23:26,4060.0,not_as_described,processed,bank_transfer
REF0000676,ORD0019028,A009591,2026-02-15 19:40:32,2760.0,size_fit,processed,bank_transfer
REF0000677,ORD0019054,A009603,2026-02-21 21:48:25,13100.0,not_as_described,processed,bank_transfer
REF0000678,ORD0019075,A009610,2026-02-25 16:45:00,860.0,changed_mind,processed,original_payment
REF0000679,ORD0019098,A009617,2026-02-15 11:03:28,1590.0,not_as_described,processed,bank_transfer
REF0000680,ORD0019123,A009636,2026-02-24 05:42:12,2690.0,size_fit,processed,bank_transfer
REF0000681,ORD0019206,A009677,2026-02-07 19:17:50,14930.0,not_as_described,processed,wallet
REF0000682,ORD0019221,A009685,2026-02-27 17:56:12,3100.0,not_as_described,processed,bank_transfer
REF0000683,ORD0019235,A009690,2026-01-28 15:45:29,2530.0,changed_mind,processed,original_payment
REF0000684,ORD0019246,A009697,2026-03-05 22:19:26,4380.0,not_as_described,processed,bank_transfer
REF0000685,ORD0019255,A009700,2026-02-06 06:36:23,2540.0,size_fit,processed,bank_transfer
REF0000686,ORD0019269,A009706,2026-03-01 19:40:16,2820.0,not_as_described,processed,original_payment
REF0000687,ORD0019276,A009710,2026-01-21 01:46:22,3680.0,changed_mind,processed,original_payment
REF0000688,ORD0019290,A009720,2026-01-25 18:47:15,7160.0,not_as_described,processed,bank_transfer
REF0000689,ORD0019325,A009738,2026-02-04 10:36:35,230.0,changed_mind,processed,original_payment
REF0000690,ORD0019351,A009752,2026-02-27 21:48:47,4890.0,size_fit,processed,wallet
REF0000691,ORD0019380,A009775,2026-02-04 00:31:27,1860.0,changed_mind,processed,bank_transfer
REF0000692,ORD0019440,A009803,2026-01-14 04:40:29,860.0,changed_mind,processed,wallet
REF0000693,ORD0019516,A009839,2026-02-14 12:41:12,2400.0,size_fit,processed,wallet
REF0000694,ORD0019540,A009855,2026-02-21 21:09:03,3810.0,changed_mind,processed,original_payment
REF0000695,ORD0019556,A009862,2026-02-02 16:07:19,2870.0,not_as_described,processed,bank_transfer
REF0000696,ORD0019559,A009864,2026-01-27 04:22:52,490.0,size_fit,processed,wallet
REF0000697,ORD0019562,A009865,2026-03-03 02:18:08,10440.0,not_as_described,processed,bank_transfer
REF0000698,ORD0019590,A009888,2026-02-25 15:30:09,630.0,size_fit,processed,wallet
REF0000699,ORD0019624,A009906,2026-02-01 03:58:52,990.0,not_as_described,processed,bank_transfer
REF0000700,ORD0019644,A009910,2026-02-01 01:41:09,4630.0,not_as_described,processed,bank_transfer
REF0000701,ORD0019649,A009915,2026-03-07 03:11:57,1210.0,size_fit,processed,wallet
REF0000702,ORD0019697,A009939,2026-02-07 02:41:20,400.0,size_fit,processed,wallet
REF0000703,ORD0019711,A009944,2026-02-27 22:14:14,11710.0,not_as_described,processed,bank_transfer
REF0000704,ORD0019728,A009948,2026-02-11 22:11:47,2870.0,not_as_described,processed,bank_transfer
REF0000705,ORD0019750,A009960,2026-01-13 16:58:43,1650.0,size_fit,processed,original_payment
REF0000706,ORD0019769,A009969,2026-01-23 23:10:36,4970.0,size_fit,processed,original_payment
REF0000707,ORD0019774,A009970,2026-02-23 02:45:12,3860.0,not_as_described,processed,original_payment
REF0000708,ORD0019882,A010021,2026-02-25 04:07:34,2960.0,not_as_described,processed,wallet
REF0000709,ORD0019916,A010035,2026-02-08 16:46:57,5010.0,not_as_described,processed,bank_transfer
REF0000710,ORD0019924,A010040,2026-02-01 19:34:59,14430.0,size_fit,processed,bank_transfer
REF0000711,ORD0019958,A010056,2026-03-01 20:50:39,340.0,size_fit,processed,bank_transfer
REF0000712,ORD0019967,A010063,2026-02-28 16:56:50,1010.0,size_fit,processed,wallet
REF0000713,ORD0020014,A010089,2026-02-16 09:50:15,1130.0,changed_mind,processed,original_payment
REF0000714,ORD0020062,A010111,2026-02-21 11:38:00,17860.0,not_as_described,processed,wallet
REF0000715,ORD0020063,A010112,2026-01-18 17:44:34,6560.0,not_as_described,processed,wallet
REF0000716,ORD0020093,A010128,2026-03-03 22:53:54,1040.0,changed_mind,processed,bank_transfer
REF0000717,ORD0020109,A010137,2026-02-05 00:28:43,1840.0,changed_mind,processed,wallet
REF0000718,ORD0020136,A010151,2026-02-23 23:14:23,7210.0,changed_mind,processed,bank_transfer
REF0000719,ORD0020141,A010154,2026-02-19 17:15:56,18540.0,size_fit,processed,bank_transfer
REF0000720,ORD0020166,A010163,2026-02-08 20:37:28,9160.0,size_fit,processed,wallet
REF0000721,ORD0020212,A010194,2026-02-17 13:42:44,500.0,not_as_described,processed,wallet
REF0000722,ORD0020220,A010198,2026-02-22 02:56:03,1070.0,changed_mind,processed,wallet
REF0000723,ORD0020254,A010213,2026-01-14 12:18:10,1060.0,changed_mind,processed,original_payment
REF0000724,ORD0020310,A010232,2026-02-26 08:08:50,2610.0,size_fit,processed,original_payment
REF0000725,ORD0020360,A010256,2026-02-13 05:24:31,2020.0,size_fit,processed,bank_transfer
REF0000726,ORD0020387,A010272,2026-02-23 07:14:57,9840.0,not_as_described,processed,original_payment
REF0000727,ORD0020396,A010278,2026-02-13 12:12:49,4260.0,size_fit,processed,bank_transfer
REF0000728,ORD0020402,A010279,2026-03-01 04:56:06,2030.0,size_fit,processed,original_payment
REF0000729,ORD0020410,A010281,2026-02-22 21:15:28,1820.0,size_fit,processed,wallet
REF0000730,ORD0020429,A010292,2026-02-24 03:51:36,390.0,changed_mind,processed,original_payment
REF0000731,ORD0020439,A010297,2026-02-11 12:10:50,1740.0,not_as_described,processed,bank_transfer
REF0000732,ORD0020511,A010332,2026-03-08 08:40:48,1590.0,size_fit,processed,original_payment
REF0000733,ORD0020527,A010339,2026-02-10 18:29:51,15990.0,changed_mind,processed,original_payment
REF0000734,ORD0020539,A010344,2026-02-17 19:08:37,3750.0,not_as_described,processed,bank_transfer
REF0000735,ORD0020575,A010361,2026-02-04 18:32:55,12980.0,not_as_described,processed,bank_transfer
REF0000736,ORD0020589,A010368,2026-03-06 00:04:41,1290.0,not_as_described,processed,original_payment
REF0000737,ORD0020602,A010374,2026-02-22 22:21:11,3600.0,changed_mind,processed,bank_transfer
REF0000738,ORD0020625,A010386,2026-03-07 22:05:48,870.0,changed_mind,processed,original_payment
REF0000739,ORD0020649,A010393,2026-02-27 07:10:42,1220.0,size_fit,processed,bank_transfer
REF0000740,ORD0020671,A010406,2026-02-22 13:03:54,2810.0,changed_mind,processed,wallet
REF0000741,ORD0020673,A010407,2026-02-17 04:41:35,4460.0,not_as_described,processed,original_payment
REF0000742,ORD0020719,A010435,2026-02-23 03:19:49,15170.0,size_fit,processed,original_payment
REF0000743,ORD0020723,A010437,2026-03-04 20:28:38,4610.0,size_fit,processed,wallet
REF0000744,ORD0020752,A010453,2026-02-15 01:22:30,15490.0,changed_mind,processed,bank_transfer
REF0000745,ORD0020856,A010504,2026-03-01 07:05:35,2490.0,changed_mind,processed,wallet
REF0000746,ORD0020867,A010506,2026-03-03 06:33:48,3450.0,not_as_described,processed,bank_transfer
REF0000747,ORD0020883,A010513,2026-02-28 14:52:50,14630.0,not_as_described,processed,bank_transfer
REF0000748,ORD0020899,A010521,2026-01-27 16:49:12,4720.0,size_fit,processed,original_payment
REF0000749,ORD0020910,A010531,2026-01-29 17:14:27,3760.0,size_fit,processed,bank_transfer
REF0000750,ORD0020917,A010536,2026-02-28 16:51:26,1430.0,not_as_described,processed,original_payment
REF0000751,ORD0020921,A010538,2026-02-09 14:26:45,7750.0,not_as_described,processed,bank_transfer
REF0000752,ORD0021066,A010605,2026-01-28 17:15:11,8340.0,changed_mind,processed,original_payment
REF0000753,ORD0021105,A010622,2026-02-27 14:58:25,4440.0,not_as_described,processed,bank_transfer
REF0000754,ORD0021120,A010627,2026-02-27 03:31:24,1710.0,size_fit,processed,bank_transfer
REF0000755,ORD0021129,A010631,2026-02-07 11:09:10,440.0,size_fit,processed,wallet
REF0000756,ORD0021149,A010639,2026-03-04 13:11:51,4710.0,changed_mind,processed,original_payment
REF0000757,ORD0021178,A010661,2026-03-08 09:28:40,5440.0,not_as_described,processed,bank_transfer
REF0000758,ORD0021181,A010662,2026-03-02 17:17:07,2650.0,not_as_described,processed,original_payment
REF0000759,ORD0021201,A010671,2026-01-29 21:55:05,2600.0,changed_mind,processed,bank_transfer
REF0000760,ORD0021213,A010675,2026-03-06 08:10:34,2720.0,not_as_described,processed,original_payment
REF0000761,ORD0021228,A010680,2026-03-06 09:39:30,2280.0,size_fit,processed,bank_transfer
REF0000762,ORD0021292,A010698,2026-01-10 13:05:28,1850.0,not_as_described,processed,bank_transfer
REF0000763,ORD0021354,A010727,2026-01-27 00:39:30,3770.0,size_fit,processed,wallet
REF0000764,ORD0021355,A010728,2026-03-02 14:57:11,310.0,changed_mind,processed,bank_transfer
REF0000765,ORD0021404,A010753,2026-03-06 16:42:31,4920.0,changed_mind,processed,wallet
REF0000766,ORD0021440,A010779,2026-01-14 17:11:30,440.0,size_fit,processed,bank_transfer
REF0000767,ORD0021442,A010779,2026-02-20 19:52:13,3090.0,changed_mind,processed,original_payment
REF0000768,ORD0021539,A010831,2026-02-20 02:16:05,3560.0,changed_mind,processed,bank_transfer
REF0000769,ORD0021542,A010831,2026-02-15 14:44:31,370.0,changed_mind,processed,original_payment
REF0000770,ORD0021592,A010853,2026-02-10 06:25:33,3280.0,size_fit,processed,original_payment
REF0000771,ORD0021616,A010868,2026-01-21 19:12:18,1160.0,changed_mind,processed,original_payment
REF0000772,ORD0021725,A010922,2026-02-13 07:00:36,450.0,not_as_described,processed,original_payment
REF0000773,ORD0021736,A010929,2026-03-03 00:38:01,6980.0,changed_mind,processed,bank_transfer
REF0000774,ORD0021742,A010932,2026-03-01 16:23:03,2670.0,changed_mind,processed,original_payment
REF0000775,ORD0021753,A010940,2026-02-19 18:59:40,1620.0,not_as_described,processed,original_payment
REF0000776,ORD0021776,A010952,2026-02-21 22:01:27,7490.0,not_as_described,processed,wallet
REF0000777,ORD0021820,A010976,2026-01-29 02:05:30,2330.0,not_as_described,processed,original_payment
REF0000778,ORD0021827,A010979,2026-03-03 15:28:34,2460.0,not_as_described,processed,original_payment
REF0000779,ORD0021846,A010988,2026-03-08 21:28:06,15680.0,changed_mind,processed,bank_transfer
REF0000780,ORD0021909,A011015,2026-02-26 02:28:19,430.0,not_as_described,processed,bank_transfer
REF0000781,ORD0021925,A011024,2026-03-03 21:24:56,1540.0,changed_mind,processed,wallet
REF0000782,ORD0021936,A011031,2026-02-04 02:48:43,950.0,size_fit,processed,original_payment
REF0000783,ORD0021938,A011032,2026-03-04 20:54:40,2750.0,size_fit,processed,bank_transfer
REF0000784,ORD0021978,A011050,2026-01-29 16:59:23,4120.0,not_as_described,processed,wallet
REF0000785,ORD0021986,A011051,2026-01-23 16:30:19,2200.0,changed_mind,processed,original_payment
REF0000786,ORD0021993,A011059,2026-02-23 14:07:40,2380.0,not_as_described,processed,bank_transfer
REF0000787,ORD0022003,A011062,2026-01-26 11:37:20,5340.0,not_as_described,processed,wallet
REF0000788,ORD0022020,A011075,2026-02-04 06:41:40,1610.0,changed_mind,processed,wallet
REF0000789,ORD0022043,A011086,2026-02-03 11:49:34,3040.0,changed_mind,processed,wallet
REF0000790,ORD0022147,A011144,2026-02-11 22:07:33,1760.0,not_as_described,processed,original_payment
REF0000791,ORD0022156,A011148,2026-02-19 04:49:31,4800.0,changed_mind,processed,original_payment
REF0000792,ORD0022173,A011154,2026-02-18 10:16:38,1760.0,size_fit,processed,wallet
REF0000793,ORD0022174,A011154,2026-02-17 22:00:15,4840.0,changed_mind,processed,wallet
REF0000794,ORD0022192,A011163,2026-01-23 16:39:13,4880.0,size_fit,processed,original_payment
REF0000795,ORD0022194,A011164,2026-02-24 10:15:28,3830.0,not_as_described,processed,wallet
REF0000796,ORD0022208,A011173,2026-02-21 15:19:40,2240.0,changed_mind,processed,wallet
REF0000797,ORD0022228,A011183,2026-01-27 06:28:47,3870.0,size_fit,processed,bank_transfer
REF0000798,ORD0022288,A011206,2026-03-04 18:51:00,4480.0,size_fit,processed,original_payment
REF0000799,ORD0022418,A011281,2026-03-02 08:03:08,13390.0,not_as_described,processed,original_payment
REF0000800,ORD0022452,A011302,2026-02-02 06:32:37,910.0,changed_mind,processed,bank_transfer
REF0000801,ORD0022458,A011304,2026-02-03 23:38:26,2560.0,not_as_described,processed,original_payment
REF0000802,ORD0022467,A011312,2026-01-31 09:42:59,3640.0,size_fit,processed,original_payment
REF0000803,ORD0022491,A011326,2026-01-27 15:12:31,2480.0,size_fit,processed,bank_transfer
REF0000804,ORD0022533,A011346,2026-02-03 11:37:18,1430.0,not_as_described,processed,wallet
REF0000805,ORD0022554,A011352,2026-02-10 07:09:01,4240.0,not_as_described,processed,bank_transfer
REF0000806,ORD0022578,A011368,2026-01-22 07:31:55,19760.0,size_fit,processed,original_payment
REF0000807,ORD0022584,A011370,2026-02-03 08:36:26,3920.0,changed_mind,processed,bank_transfer
REF0000808,ORD0022592,A011373,2026-01-30 04:42:20,3440.0,changed_mind,processed,original_payment
REF0000809,ORD0022618,A011384,2026-02-18 10:43:07,1040.0,not_as_described,processed,wallet
REF0000810,ORD0022623,A011387,2026-02-05 21:10:30,1360.0,not_as_described,processed,original_payment
REF0000811,ORD0022693,A011435,2026-02-27 22:30:49,1720.0,size_fit,processed,original_payment
REF0000812,ORD0022737,A011466,2026-01-15 00:47:03,1880.0,not_as_described,processed,wallet
REF0000813,ORD0022738,A011466,2026-01-08 23:52:04,980.0,changed_mind,processed,bank_transfer
REF0000814,ORD0022773,A011485,2026-02-19 22:08:37,940.0,not_as_described,processed,bank_transfer
REF0000815,ORD0022781,A011487,2026-01-29 21:45:52,4750.0,not_as_described,processed,bank_transfer
REF0000816,ORD0022783,A011488,2026-01-30 08:50:38,1090.0,changed_mind,processed,wallet
REF0000817,ORD0022795,A011492,2026-01-18 15:37:40,3360.0,changed_mind,processed,bank_transfer
REF0000818,ORD0022829,A011511,2026-02-09 10:06:50,6320.0,not_as_described,processed,original_payment
REF0000819,ORD0022838,A011516,2026-02-13 09:16:20,7410.0,changed_mind,processed,bank_transfer
REF0000820,ORD0022863,A011526,2026-02-12 18:37:03,2080.0,size_fit,processed,wallet
REF0000821,ORD0022940,A011556,2026-01-26 01:58:29,2900.0,changed_mind,processed,bank_transfer
REF0000822,ORD0022941,A011557,2026-02-10 14:28:14,2580.0,not_as_described,processed,bank_transfer
REF0000823,ORD0022968,A011570,2026-03-02 00:27:12,3640.0,size_fit,processed,bank_transfer
REF0000824,ORD0022970,A011572,2026-02-18 11:59:28,2410.0,size_fit,processed,bank_transfer
REF0000825,ORD0022979,A011577,2026-01-08 10:25:50,3070.0,not_as_described,processed,wallet
REF0000826,ORD0022993,A011586,2026-03-06 16:01:34,2340.0,not_as_described,processed,wallet
REF0000827,ORD0022996,A011587,2026-02-09 18:22:19,9530.0,size_fit,processed,wallet
REF0000828,ORD0023001,A011588,2026-02-20 11:38:59,7640.0,changed_mind,processed,bank_transfer
REF0000829,ORD0023011,A011590,2026-03-02 22:23:06,500.0,not_as_described,processed,wallet
REF0000830,ORD0023106,A011632,2026-02-23 04:19:22,1470.0,changed_mind,processed,original_payment
REF0000831,ORD0023156,A011664,2026-01-28 14:11:26,2460.0,changed_mind,processed,wallet
REF0000832,ORD0023168,A011668,2026-02-22 20:01:33,1710.0,not_as_described,processed,bank_transfer
REF0000833,ORD0023176,A011674,2026-01-20 01:11:33,1920.0,not_as_described,processed,original_payment
REF0000834,ORD0023224,A011700,2026-01-22 23:37:53,3150.0,changed_mind,processed,original_payment
REF0000835,ORD0023235,A011709,2026-02-04 00:41:39,2990.0,size_fit,processed,wallet
REF0000836,ORD0023270,A011724,2026-02-25 11:03:50,4420.0,changed_mind,processed,wallet
REF0000837,ORD0023322,A011749,2026-01-24 22:05:39,14260.0,size_fit,processed,bank_transfer
REF0000838,ORD0023344,A011759,2026-02-04 04:12:21,4770.0,not_as_described,processed,bank_transfer
REF0000839,ORD0023353,A011763,2026-02-24 06:10:07,1270.0,changed_mind,processed,bank_transfer
REF0000840,ORD0023355,A011763,2026-01-25 09:32:05,3500.0,not_as_described,processed,original_payment
REF0000841,ORD0023383,A011783,2026-02-19 11:11:32,1820.0,size_fit,processed,wallet
REF0000842,ORD0023393,A011789,2026-02-19 17:48:26,3500.0,changed_mind,processed,wallet
REF0000843,ORD0023402,A011791,2026-01-30 14:17:47,9150.0,not_as_described,processed,bank_transfer
REF0000844,ORD0023421,A011801,2026-02-23 02:58:33,400.0,not_as_described,processed,wallet
REF0000845,ORD0023427,A011806,2026-02-11 20:43:52,980.0,changed_mind,processed,original_payment
REF0000846,ORD0023502,A011851,2026-03-03 11:00:34,3220.0,not_as_described,processed,original_payment
REF0000847,ORD0023515,A011858,2026-02-27 19:07:14,660.0,size_fit,processed,bank_transfer
REF0000848,ORD0023536,A011866,2026-02-17 17:03:07,4850.0,changed_mind,processed,original_payment
REF0000849,ORD0023537,A011866,2026-02-09 05:20:34,2140.0,not_as_described,processed,bank_transfer
REF0000850,ORD0023565,A011878,2026-02-02 14:19:06,1380.0,size_fit,processed,wallet
REF0000851,ORD0023566,A011879,2026-01-31 20:37:17,2400.0,not_as_described,processed,bank_transfer
REF0000852,ORD0023580,A011885,2026-02-17 18:01:00,800.0,changed_mind,processed,wallet
REF0000853,ORD0023584,A011886,2026-01-31 04:12:42,1620.0,not_as_described,processed,original_payment
REF0000854,ORD0023592,A011890,2026-01-29 19:20:42,2940.0,size_fit,processed,original_payment
REF0000855,ORD0023626,A011904,2026-02-27 06:08:56,19820.0,size_fit,processed,bank_transfer
REF0000856,ORD0023640,A011910,2026-02-08 05:59:01,2250.0,changed_mind,processed,original_payment
REF0000857,ORD0023643,A011914,2026-03-06 09:46:19,2090.0,not_as_described,processed,bank_transfer
REF0000858,ORD0023664,A011925,2026-02-03 05:29:59,1580.0,changed_mind,processed,wallet
REF0000859,ORD0023681,A011933,2026-02-24 13:29:01,1930.0,size_fit,processed,original_payment
REF0000860,ORD0023775,A011984,2026-03-04 18:06:28,4360.0,changed_mind,processed,original_payment
REF0000861,ORD0023793,A011991,2026-02-03 16:36:08,7220.0,size_fit,processed,wallet
REF0000862,ORD0023801,A011994,2026-03-05 23:10:18,5650.0,not_as_described,processed,wallet
REF0000863,ORD0023812,A011997,2026-02-27 18:50:43,1530.0,changed_mind,processed,wallet
REF0000864,ORD0023815,A012000,2026-02-28 09:56:12,1040.0,changed_mind,processed,wallet
REF0000865,ORD0023839,A012010,2026-02-28 21:49:44,3500.0,size_fit,processed,wallet
REF0000866,ORD0023847,A012012,2026-03-05 19:26:42,2140.0,not_as_described,processed,bank_transfer
REF0000867,ORD0023850,A012014,2026-01-27 01:37:12,690.0,not_as_described,processed,bank_transfer
REF0000868,ORD0023854,A012020,2026-02-26 06:32:16,3800.0,changed_mind,processed,bank_transfer
REF0000869,ORD0023860,A012023,2026-02-22 02:17:57,3890.0,not_as_described,processed,bank_transfer
REF0000870,ORD0023942,A012054,2026-01-31 13:24:53,8680.0,not_as_described,processed,wallet
REF0000871,ORD0023948,A012057,2026-01-26 04:06:32,1330.0,changed_mind,processed,wallet
REF0000872,ORD0023950,A012058,2026-01-27 20:49:48,3180.0,not_as_described,processed,wallet
REF0000873,ORD0024036,A012099,2026-02-09 02:49:45,3040.0,not_as_described,processed,original_payment
REF0000874,ORD0024057,A012108,2026-02-12 21:17:00,3680.0,not_as_described,processed,original_payment
REF0000875,ORD0024060,A012109,2026-02-06 00:22:39,4060.0,not_as_described,processed,original_payment
REF0000876,ORD0024068,A012113,2026-02-05 20:11:56,1990.0,not_as_described,processed,bank_transfer
REF0000877,ORD0024111,A012128,2026-02-16 03:12:11,260.0,not_as_described,processed,wallet
REF0000878,ORD0024198,A012168,2026-02-09 10:20:54,1340.0,not_as_described,processed,original_payment
REF0000879,ORD0024204,A012172,2026-02-15 11:58:55,2690.0,size_fit,processed,original_payment
REF0000880,ORD0024218,A012179,2026-01-28 16:53:15,2570.0,not_as_described,processed,bank_transfer
REF0000881,ORD0024230,A012190,2026-02-11 14:17:45,16200.0,size_fit,processed,bank_transfer
REF0000882,ORD0024303,A012239,2026-03-05 14:24:53,710.0,changed_mind,processed,bank_transfer
REF0000883,ORD0024388,A012274,2026-02-15 07:27:44,3940.0,size_fit,processed,wallet
REF0000884,ORD0024392,A012275,2026-03-03 19:36:39,600.0,changed_mind,processed,wallet
REF0000885,ORD0024397,A012277,2026-01-26 03:12:13,2660.0,not_as_described,processed,original_payment
REF0000886,ORD0024401,A012277,2026-03-07 00:19:34,1260.0,not_as_described,processed,wallet
REF0000887,ORD0024463,A012305,2026-01-30 08:13:33,6400.0,size_fit,processed,wallet
REF0000888,ORD0024571,A012354,2026-02-07 11:16:49,1720.0,changed_mind,processed,original_payment
REF0000889,ORD0024588,A012364,2026-02-12 23:04:47,1750.0,size_fit,processed,wallet
REF0000890,ORD0024629,A012382,2026-02-06 07:57:57,3670.0,changed_mind,processed,wallet
REF0000891,ORD0024698,A012422,2026-01-21 01:40:29,1450.0,size_fit,processed,wallet
REF0000892,ORD0024737,A012444,2026-02-11 15:01:33,2410.0,changed_mind,processed,bank_transfer
REF0000893,ORD0024746,A012451,2026-01-30 07:08:40,5770.0,size_fit,processed,original_payment
REF0000894,ORD0024762,A012457,2026-02-01 23:46:19,1460.0,size_fit,processed,wallet
REF0000895,ORD0024804,A012476,2026-02-15 23:01:14,3540.0,changed_mind,processed,wallet
REF0000896,ORD0024815,A012479,2026-01-29 18:15:51,10750.0,not_as_described,processed,bank_transfer
REF0000897,ORD0024836,A012489,2026-02-18 14:07:07,2320.0,not_as_described,processed,wallet
REF0000898,ORD0024920,A012534,2026-02-20 21:19:07,2480.0,not_as_described,processed,wallet
REF0000899,ORD0024926,A012537,2026-02-06 10:16:40,1490.0,not_as_described,processed,original_payment
REF0000900,ORD0024928,A012539,2026-02-28 13:20:14,3410.0,not_as_described,processed,wallet
REF0000901,ORD0024932,A012540,2026-02-06 07:20:02,2520.0,not_as_described,processed,wallet
REF0000902,ORD0024943,A012548,2026-02-17 07:28:07,1650.0,size_fit,processed,bank_transfer
REF0000903,ORD0024959,A012553,2026-02-12 20:28:25,2710.0,changed_mind,processed,bank_transfer
REF0000904,ORD0024993,A012575,2026-02-15 13:58:25,18360.0,size_fit,processed,bank_transfer
REF0000905,ORD0024995,A012577,2026-03-01 19:41:42,2320.0,changed_mind,processed,wallet
REF0000906,ORD0025031,A012594,2026-01-26 23:33:40,6500.0,changed_mind,processed,wallet
REF0000907,ORD0025053,A012608,2026-01-29 00:01:39,4780.0,not_as_described,processed,bank_transfer
REF0000908,ORD0025054,A012609,2026-02-27 06:40:14,570.0,changed_mind,processed,bank_transfer
REF0000909,ORD0025081,A012617,2026-02-07 07:33:45,1830.0,size_fit,processed,bank_transfer
REF0000910,ORD0025091,A012622,2026-01-13 02:58:06,2060.0,not_as_described,processed,bank_transfer
REF0000911,ORD0025174,A012664,2026-02-24 23:17:02,3340.0,not_as_described,processed,original_payment
REF0000912,ORD0025177,A012667,2026-03-05 20:15:56,840.0,changed_mind,processed,original_payment
REF0000913,ORD0025182,A012669,2026-02-08 19:27:47,5530.0,changed_mind,processed,wallet
REF0000914,ORD0025191,A012673,2026-03-04 03:59:13,11630.0,not_as_described,processed,bank_transfer
REF0000915,ORD0025215,A012680,2026-02-14 10:20:10,590.0,changed_mind,processed,original_payment
REF0000916,ORD0025256,A012713,2026-01-25 21:45:44,1340.0,changed_mind,processed,wallet
REF0000917,ORD0025288,A012739,2026-03-03 19:06:32,2980.0,changed_mind,processed,original_payment
REF0000918,ORD0025303,A012745,2026-01-21 15:35:49,1110.0,not_as_described,processed,bank_transfer
REF0000919,ORD0025342,A012764,2026-02-06 22:27:51,16100.0,size_fit,processed,wallet
REF0000920,ORD0025371,A012778,2026-03-04 04:08:05,3600.0,not_as_described,processed,bank_transfer
REF0000921,ORD0025428,A012807,2026-02-16 16:49:56,4250.0,size_fit,processed,wallet
REF0000922,ORD0025440,A012813,2026-03-04 11:19:30,5980.0,not_as_described,processed,original_payment
REF0000923,ORD0025483,A012839,2026-03-04 09:51:39,1930.0,not_as_described,processed,original_payment
REF0000924,ORD0025484,A012840,2026-02-11 00:40:06,4720.0,changed_mind,processed,bank_transfer
REF0000925,ORD0025487,A012841,2026-02-12 10:00:33,1510.0,size_fit,processed,original_payment
REF0000926,ORD0025494,A012845,2026-03-01 13:51:43,580.0,changed_mind,processed,original_payment
REF0000927,ORD0025495,A012847,2026-02-25 11:16:52,2560.0,size_fit,processed,wallet
REF0000928,ORD0025550,A012869,2026-02-19 10:52:31,800.0,size_fit,processed,original_payment
REF0000929,ORD0025566,A012879,2026-01-24 20:14:58,4510.0,changed_mind,processed,bank_transfer
REF0000930,ORD0025586,A012887,2026-02-23 08:27:23,2340.0,changed_mind,processed,bank_transfer
REF0000931,ORD0025601,A012894,2026-02-18 15:38:24,950.0,not_as_described,processed,original_payment
REF0000932,ORD0025620,A012906,2026-02-08 05:00:28,1340.0,changed_mind,processed,bank_transfer
REF0000933,ORD0025628,A012909,2026-02-23 15:23:26,3700.0,changed_mind,processed,bank_transfer
REF0000934,ORD0025638,A012915,2026-02-26 09:42:18,3540.0,not_as_described,processed,original_payment
REF0000935,ORD0025656,A012924,2026-01-30 11:19:19,2800.0,not_as_described,processed,bank_transfer
REF0000936,ORD0025681,A012935,2026-03-02 13:11:41,7830.0,size_fit,processed,original_payment
REF0000937,ORD0025706,A012944,2026-02-28 10:25:32,3610.0,not_as_described,processed,original_payment
REF0000938,ORD0025707,A012944,2026-03-02 11:59:42,1840.0,size_fit,processed,wallet
REF0000939,ORD0025739,A012956,2026-01-23 00:33:51,2530.0,size_fit,processed,bank_transfer
REF0000940,ORD0025781,A012986,2026-01-27 03:20:04,2940.0,changed_mind,processed,original_payment
REF0000941,ORD0025810,A012994,2026-03-01 11:12:25,750.0,not_as_described,processed,wallet
REF0000942,ORD0025855,A013017,2026-02-22 10:59:25,1120.0,size_fit,processed,bank_transfer
REF0000943,ORD0025857,A013017,2026-01-30 09:21:51,4770.0,not_as_described,processed,bank_transfer
REF0000944,ORD0025995,A013102,2026-02-11 18:22:48,530.0,size_fit,processed,wallet
REF0000945,ORD0026022,A013120,2026-02-04 08:41:03,850.0,size_fit,processed,bank_transfer
REF0000946,ORD0026029,A013121,2026-03-01 10:41:30,1050.0,changed_mind,processed,wallet
REF0000947,ORD0026035,A013124,2026-02-02 21:02:08,3400.0,not_as_described,processed,original_payment
REF0000948,ORD0026055,A013135,2026-02-04 01:02:49,1380.0,size_fit,processed,original_payment
REF0000949,ORD0026072,A013143,2026-02-13 09:49:34,1580.0,size_fit,processed,bank_transfer
REF0000950,ORD0026100,A013157,2026-02-08 20:44:14,1460.0,changed_mind,processed,bank_transfer
REF0000951,ORD0026128,A013167,2026-01-22 21:05:34,3150.0,not_as_described,processed,wallet
REF0000952,ORD0026141,A013177,2026-02-25 02:53:26,2620.0,not_as_described,processed,original_payment
REF0000953,ORD0026158,A013186,2026-02-07 17:01:35,4300.0,not_as_described,processed,bank_transfer
REF0000954,ORD0026231,A013216,2026-02-04 01:39:44,2570.0,not_as_described,processed,original_payment
REF0000955,ORD0026257,A013232,2026-02-12 21:19:26,4910.0,not_as_described,processed,bank_transfer
REF0000956,ORD0026299,A013250,2026-02-26 13:26:16,2260.0,changed_mind,processed,bank_transfer
REF0000957,ORD0026301,A013250,2026-02-10 05:19:54,9980.0,size_fit,processed,wallet
REF0000958,ORD0026302,A013250,2026-02-16 07:25:26,2850.0,size_fit,processed,wallet
REF0000959,ORD0026313,A013253,2026-02-02 13:24:28,1620.0,size_fit,processed,original_payment
REF0000960,ORD0026368,A013275,2026-03-05 10:15:03,920.0,not_as_described,processed,wallet
REF0000961,ORD0026371,A013276,2026-02-28 23:23:11,1780.0,changed_mind,processed,wallet
REF0000962,ORD0026436,A013301,2026-01-26 20:35:37,1290.0,changed_mind,processed,bank_transfer
REF0000963,ORD0026453,A013308,2026-02-21 23:43:32,4300.0,changed_mind,processed,original_payment
REF0000964,ORD0026468,A013316,2026-03-02 20:46:40,1750.0,size_fit,processed,original_payment
REF0000965,ORD0026485,A013324,2026-02-21 18:26:41,1350.0,not_as_described,processed,original_payment
REF0000966,ORD0026503,A013334,2026-02-27 04:20:15,2070.0,size_fit,processed,wallet
REF0000967,ORD0026524,A013342,2026-02-15 00:20:23,2700.0,size_fit,processed,wallet
REF0000968,ORD0026535,A013351,2026-01-19 06:56:19,1300.0,size_fit,processed,wallet
REF0000969,ORD0026572,A013374,2026-02-03 22:00:43,1300.0,not_as_described,processed,bank_transfer
REF0000970,ORD0026583,A013380,2026-01-23 12:02:59,1590.0,not_as_described,processed,bank_transfer
REF0000971,ORD0026603,A013392,2026-02-06 15:43:32,16460.0,changed_mind,processed,wallet
REF0000972,ORD0026604,A013392,2026-03-10 16:41:59,2680.0,changed_mind,processed,bank_transfer
REF0000973,ORD0026717,A013443,2026-02-14 10:26:58,18390.0,not_as_described,processed,wallet
REF0000974,ORD0026721,A013444,2026-03-05 19:48:17,6900.0,changed_mind,processed,original_payment
REF0000975,ORD0026742,A013455,2026-02-22 11:46:00,1840.0,changed_mind,processed,original_payment
REF0000976,ORD0026786,A013473,2026-03-02 08:32:55,6460.0,size_fit,processed,bank_transfer
REF0000977,ORD0026802,A013478,2026-03-08 11:28:51,2330.0,size_fit,processed,wallet
REF0000978,ORD0026805,A013479,2026-01-31 19:33:19,650.0,not_as_described,processed,wallet
REF0000979,ORD0026812,A013486,2026-02-17 20:15:52,4520.0,changed_mind,processed,original_payment
REF0000980,ORD0026813,A013487,2026-02-26 02:03:14,600.0,size_fit,processed,original_payment
REF0000981,ORD0026832,A013498,2026-02-23 00:48:36,1080.0,size_fit,processed,original_payment
REF0000982,ORD0026879,A013528,2026-02-28 17:48:35,8920.0,not_as_described,processed,original_payment
REF0000983,ORD0026897,A013536,2026-03-07 10:50:57,1110.0,size_fit,processed,wallet
REF0000984,ORD0026927,A013557,2026-01-30 04:31:50,3190.0,not_as_described,processed,bank_transfer
REF0000985,ORD0026968,A013578,2026-01-24 06:11:27,690.0,changed_mind,processed,wallet
REF0000986,ORD0026980,A013583,2026-02-24 20:57:50,2700.0,not_as_described,processed,wallet
REF0000987,ORD0027005,A013598,2026-02-10 01:22:03,500.0,not_as_described,processed,bank_transfer
REF0000988,ORD0027056,A013625,2026-02-18 00:13:35,2160.0,size_fit,processed,wallet
REF0000989,ORD0027057,A013626,2026-01-17 23:19:12,1720.0,size_fit,processed,wallet
REF0000990,ORD0027088,A013644,2026-02-08 11:53:20,3480.0,not_as_described,processed,wallet
REF0000991,ORD0027174,A013684,2026-01-30 16:28:26,2000.0,size_fit,processed,wallet
REF0000992,ORD0027180,A013687,2026-02-05 20:47:00,520.0,not_as_described,processed,original_payment
REF0000993,ORD0027220,A013711,2026-02-04 09:04:52,1860.0,size_fit,processed,bank_transfer
REF0000994,ORD0027237,A013719,2026-02-25 07:00:37,2970.0,changed_mind,processed,original_payment
REF0000995,ORD0027267,A013735,2026-02-04 16:35:31,3250.0,not_as_described,processed,wallet
REF0000996,ORD0027307,A013750,2026-03-02 17:09:59,1620.0,size_fit,processed,wallet
REF0000997,ORD0027311,A013755,2026-03-04 08:51:51,1660.0,size_fit,processed,bank_transfer
REF0000998,ORD0027471,A013830,2026-02-17 12:35:03,1560.0,changed_mind,processed,bank_transfer
REF0000999,ORD0027482,A013836,2026-01-16 05:32:03,320.0,changed_mind,processed,original_payment
REF0001000,ORD0027522,A013854,2026-01-17 10:27:40,17980.0,changed_mind,processed,wallet
REF0001001,ORD0027528,A013856,2026-03-03 05:54:15,1320.0,not_as_described,processed,original_payment
REF0001002,ORD0027531,A013858,2026-01-18 10:20:17,1430.0,size_fit,processed,wallet
REF0001003,ORD0027550,A013868,2026-01-28 09:03:51,4720.0,size_fit,processed,bank_transfer
REF0001004,ORD0027567,A013874,2026-02-09 04:47:36,2070.0,changed_mind,processed,original_payment
REF0001005,ORD0027605,A013896,2026-02-21 07:47:34,3290.0,not_as_described,processed,bank_transfer
REF0001006,ORD0027609,A013898,2026-02-27 00:29:33,870.0,changed_mind,processed,wallet
REF0001007,ORD0027680,A013926,2026-02-14 14:37:45,2390.0,not_as_described,processed,bank_transfer
REF0001008,ORD0027718,A013944,2026-02-23 09:18:13,900.0,size_fit,processed,bank_transfer
REF0001009,ORD0027722,A013946,2026-03-03 14:41:08,920.0,not_as_described,processed,bank_transfer
REF0001010,ORD0027729,A013950,2026-01-31 12:58:26,620.0,changed_mind,processed,original_payment
REF0001011,ORD0027771,A013972,2026-02-23 16:44:16,2240.0,not_as_described,processed,bank_transfer
REF0001012,ORD0027817,A013998,2026-02-27 08:14:04,2820.0,size_fit,processed,bank_transfer
REF0001013,ORD0027944,A014069,2026-01-17 15:03:27,1910.0,size_fit,processed,wallet
REF0001014,ORD0027973,A014082,2026-02-09 04:05:22,900.0,not_as_described,processed,bank_transfer
REF0001015,ORD0027992,A014094,2026-03-05 06:22:28,1690.0,size_fit,processed,bank_transfer
REF0001016,ORD0028018,A014109,2026-01-13 12:30:33,1490.0,size_fit,processed,bank_transfer
REF0001017,ORD0028022,A014111,2026-02-16 00:15:19,4390.0,not_as_described,processed,wallet
REF0001018,ORD0028047,A014125,2026-02-04 07:35:54,1990.0,changed_mind,processed,wallet
REF0001019,ORD0028051,A014129,2026-03-02 22:56:11,1920.0,changed_mind,processed,wallet
REF0001020,ORD0028112,A014151,2026-02-10 19:13:21,6960.0,not_as_described,processed,bank_transfer
REF0001021,ORD0028143,A014170,2026-02-23 16:04:42,4340.0,changed_mind,processed,original_payment
REF0001022,ORD0028174,A014179,2026-02-08 05:39:53,12020.0,not_as_described,processed,wallet
REF0001023,ORD0028175,A014179,2026-02-18 10:00:59,2520.0,size_fit,processed,bank_transfer
REF0001024,ORD0028203,A014192,2026-02-06 11:54:21,1500.0,size_fit,processed,original_payment
REF0001025,ORD0028281,A014220,2026-03-09 02:19:04,3460.0,changed_mind,processed,bank_transfer
REF0001026,ORD0028291,A014228,2026-02-02 15:51:55,6030.0,changed_mind,processed,wallet
REF0001027,ORD0028308,A014232,2026-02-28 02:56:43,9690.0,changed_mind,processed,wallet
REF0001028,ORD0028322,A014237,2026-01-12 18:51:25,830.0,changed_mind,processed,original_payment
REF0001029,ORD0028356,A014254,2026-02-14 22:56:00,12440.0,not_as_described,processed,original_payment
REF0001030,ORD0028357,A014255,2026-02-25 06:21:55,650.0,not_as_described,processed,original_payment
REF0001031,ORD0028462,A014306,2026-02-24 18:14:51,1720.0,changed_mind,processed,wallet
REF0001032,ORD0028522,A014330,2026-02-23 18:57:49,17990.0,not_as_described,processed,bank_transfer
REF0001033,ORD0028571,A014352,2026-01-31 13:36:35,4860.0,changed_mind,processed,wallet
REF0001034,ORD0028600,A014363,2026-01-29 06:28:33,2560.0,not_as_described,processed,wallet
REF0001035,ORD0028653,A014396,2026-02-03 12:57:21,5270.0,changed_mind,processed,wallet
REF0001036,ORD0028655,A014399,2026-01-25 11:32:49,2740.0,not_as_described,processed,bank_transfer
REF0001037,ORD0028688,A014422,2026-02-16 03:17:44,1950.0,changed_mind,processed,bank_transfer
REF0001038,ORD0028726,A014438,2026-02-14 18:57:37,1020.0,changed_mind,processed,original_payment
REF0001039,ORD0028741,A014443,2026-01-22 04:35:16,910.0,changed_mind,processed,wallet
REF0001040,ORD0028778,A014458,2026-02-05 11:39:21,6070.0,changed_mind,processed,wallet
REF0001041,ORD0028804,A014470,2026-03-01 17:07:17,1390.0,size_fit,processed,wallet
REF0001042,ORD0028850,A014496,2026-02-03 17:01:35,3970.0,changed_mind,processed,wallet
REF0001043,ORD0028852,A014496,2026-02-16 23:28:10,1840.0,size_fit,processed,bank_transfer
REF0001044,ORD0028874,A014506,2026-02-12 05:22:29,3180.0,size_fit,processed,bank_transfer
REF0001045,ORD0028897,A014517,2026-01-22 09:38:27,3870.0,size_fit,processed,wallet
REF0001046,ORD0028909,A014523,2026-02-01 19:48:31,6530.0,changed_mind,processed,bank_transfer
REF0001047,ORD0028916,A014531,2026-02-18 12:03:41,3740.0,size_fit,processed,original_payment
REF0001048,ORD0028941,A014540,2026-02-14 08:06:52,2260.0,changed_mind,processed,wallet
REF0001049,ORD0028955,A014545,2026-02-12 15:59:11,4900.0,size_fit,processed,bank_transfer
REF0001050,ORD0028958,A014545,2026-02-13 13:49:29,3650.0,not_as_described,processed,original_payment
REF0001051,ORD0028977,A014551,2026-01-29 00:34:38,2850.0,changed_mind,processed,original_payment
REF0001052,ORD0029052,A014599,2026-02-18 16:30:09,410.0,size_fit,processed,bank_transfer
REF0001053,ORD0029076,A014612,2026-01-19 01:13:41,1180.0,changed_mind,processed,bank_transfer
REF0001054,ORD0029082,A014616,2026-02-05 03:23:54,3610.0,changed_mind,processed,wallet
REF0001055,ORD0029108,A014627,2026-01-29 15:49:01,1910.0,changed_mind,processed,wallet
REF0001056,ORD0029113,A014630,2026-03-05 19:45:47,4730.0,changed_mind,processed,wallet
REF0001057,ORD0029147,A014652,2026-01-31 23:28:06,1160.0,size_fit,processed,original_payment
REF0001058,ORD0029156,A014656,2026-02-18 03:45:34,5800.0,not_as_described,processed,original_payment
REF0001059,ORD0029180,A014670,2026-02-12 04:41:47,3900.0,changed_mind,processed,bank_transfer
REF0001060,ORD0029182,A014671,2026-02-22 10:09:10,1320.0,not_as_described,processed,bank_transfer
REF0001061,ORD0029187,A014675,2026-03-05 06:00:49,4660.0,size_fit,processed,wallet
REF0001062,ORD0029222,A014688,2026-02-04 11:30:17,2000.0,not_as_described,processed,bank_transfer
REF0001063,ORD0029242,A014695,2026-02-02 19:15:16,1190.0,size_fit,processed,original_payment
REF0001064,ORD0029295,A014724,2026-01-22 11:23:51,620.0,changed_mind,processed,original_payment
REF0001065,ORD0029300,A014726,2026-02-28 10:21:07,14830.0,size_fit,processed,wallet
REF0001066,ORD0029301,A014727,2026-02-06 03:33:17,2660.0,not_as_described,processed,original_payment
REF0001067,ORD0029304,A014729,2026-02-06 06:22:09,1900.0,not_as_described,processed,wallet
REF0001068,ORD0029307,A014731,2026-01-27 04:21:45,2360.0,size_fit,processed,bank_transfer
REF0001069,ORD0029311,A014734,2026-02-03 07:42:48,13680.0,size_fit,processed,bank_transfer
REF0001070,ORD0029338,A014752,2026-02-09 00:46:58,740.0,changed_mind,processed,bank_transfer
REF0001071,ORD0029410,A014794,2026-01-22 21:29:53,3220.0,size_fit,processed,bank_transfer
REF0001072,ORD0029425,A014801,2026-02-13 06:12:02,2250.0,changed_mind,processed,bank_transfer
REF0001073,ORD0029453,A014814,2026-02-17 01:52:11,860.0,not_as_described,processed,wallet
REF0001074,ORD0029517,A014841,2026-02-15 18:09:26,5430.0,size_fit,processed,wallet
REF0001075,ORD0029551,A014853,2026-02-11 05:49:09,2230.0,not_as_described,processed,bank_transfer
REF0001076,ORD0029578,A014865,2026-02-21 11:45:26,2100.0,changed_mind,processed,bank_transfer
REF0001077,ORD0029607,A014879,2026-03-05 05:17:12,14090.0,changed_mind,processed,wallet
REF0001078,ORD0029621,A014885,2026-02-01 16:53:56,2240.0,size_fit,processed,wallet
REF0001079,ORD0029625,A014885,2026-03-05 05:35:48,10640.0,not_as_described,processed,bank_transfer
REF0001080,ORD0029690,A014917,2026-03-01 21:36:45,12090.0,changed_mind,processed,bank_transfer
REF0001081,ORD0029692,A014918,2026-02-11 12:01:25,1760.0,size_fit,processed,bank_transfer
REF0001082,ORD0029693,A014918,2026-02-13 22:52:27,2830.0,not_as_described,processed,wallet
REF0001083,ORD0029694,A014920,2026-02-25 10:37:57,1180.0,size_fit,processed,original_payment
REF0001084,ORD0029734,A014941,2026-03-01 01:56:44,11300.0,changed_mind,processed,original_payment
REF0001085,ORD0029779,A014964,2026-02-07 01:38:56,380.0,not_as_described,processed,original_payment
REF0001086,ORD0029825,A014988,2026-02-05 03:25:23,1620.0,not_as_described,processed,bank_transfer
REF0001087,ORD0029860,A015000,2026-02-21 12:16:05,1790.0,changed_mind,processed,original_payment
REF0001088,ORD0029881,A015012,2026-02-27 06:52:12,10140.0,changed_mind,processed,wallet
REF0001089,ORD0029905,A015022,2026-01-24 06:58:17,5120.0,changed_mind,processed,original_payment
REF0001090,ORD0029931,A015032,2026-02-28 00:18:57,2630.0,size_fit,processed,bank_transfer
REF0001091,ORD0029940,A015036,2026-02-04 19:19:13,580.0,size_fit,processed,wallet
REF0001092,ORD0029947,A015043,2026-03-01 02:17:30,1080.0,changed_mind,processed,wallet
REF0001093,ORD0029948,A015044,2026-02-07 06:35:41,5600.0,not_as_described,processed,bank_transfer
REF0001094,ORD0029952,A015045,2026-01-31 01:58:40,13360.0,size_fit,processed,bank_transfer
REF0001095,ORD0029958,A015048,2026-02-12 19:49:11,620.0,size_fit,processed,bank_transfer
REF0001096,ORD0029979,A015059,2026-02-03 20:57:05,1280.0,changed_mind,processed,bank_transfer
REF0001097,ORD0030036,A015082,2026-02-28 16:49:51,7880.0,not_as_described,processed,original_payment
REF0001098,ORD0030070,A015098,2026-02-23 06:20:13,1130.0,size_fit,processed,original_payment
REF0001099,ORD0030071,A015099,2026-01-28 15:50:33,2580.0,not_as_described,processed,bank_transfer
REF0001100,ORD0030115,A015120,2026-02-20 20:04:43,2710.0,changed_mind,processed,original_payment
REF0001101,ORD0030152,A015138,2026-02-14 16:41:45,250.0,size_fit,processed,original_payment
REF0001102,ORD0030162,A015144,2026-01-24 10:05:08,1530.0,size_fit,processed,wallet
REF0001103,ORD0030166,A015146,2026-01-31 21:26:08,3470.0,changed_mind,processed,original_payment
REF0001104,ORD0030167,A015146,2026-02-21 01:47:26,2340.0,not_as_described,processed,original_payment
REF0001105,ORD0030186,A015157,2026-01-31 18:20:00,1020.0,not_as_described,processed,bank_transfer
REF0001106,ORD0030217,A015171,2026-02-24 13:03:37,940.0,size_fit,processed,original_payment
REF0001107,ORD0030240,A015184,2026-01-24 14:21:13,680.0,changed_mind,processed,original_payment
REF0001108,ORD0030241,A015184,2026-02-26 15:21:59,1690.0,not_as_described,processed,bank_transfer
REF0001109,ORD0030254,A015189,2026-02-01 05:44:37,6400.0,size_fit,processed,wallet
REF0001110,ORD0030284,A015197,2026-01-23 07:46:08,3370.0,changed_mind,processed,wallet
REF0001111,ORD0030289,A015201,2026-02-12 15:52:12,4400.0,size_fit,processed,bank_transfer
REF0001112,ORD0030305,A015212,2026-02-20 14:35:52,1260.0,size_fit,processed,bank_transfer
REF0001113,ORD0030314,A015216,2026-02-24 18:41:24,2060.0,size_fit,processed,wallet
REF0001114,ORD0030357,A015234,2026-01-22 20:21:09,500.0,size_fit,processed,wallet
REF0001115,ORD0030361,A015237,2026-02-25 14:16:25,3070.0,size_fit,processed,wallet
REF0001116,ORD0030462,A015281,2026-02-22 11:41:37,4810.0,not_as_described,processed,wallet
REF0001117,ORD0030477,A015289,2026-02-10 07:17:28,2240.0,changed_mind,processed,original_payment
REF0001118,ORD0030556,A015329,2026-02-02 21:55:22,1650.0,not_as_described,processed,wallet
REF0001119,ORD0030595,A015346,2026-02-07 01:19:50,1410.0,changed_mind,processed,wallet
REF0001120,ORD0030609,A015351,2026-02-09 17:21:26,2940.0,not_as_described,processed,original_payment
REF0001121,ORD0030620,A015354,2026-02-24 04:06:42,1000.0,changed_mind,processed,bank_transfer
REF0001122,ORD0030637,A015366,2026-02-06 15:08:23,3600.0,not_as_described,processed,wallet
REF0001123,ORD0030644,A015367,2026-01-21 08:37:56,770.0,size_fit,processed,bank_transfer
REF0001124,ORD0030659,A015376,2026-02-10 19:59:22,1640.0,changed_mind,processed,original_payment
REF0001125,ORD0030673,A015385,2026-02-19 01:08:05,3320.0,not_as_described,processed,bank_transfer
REF0001126,ORD0030754,A015422,2026-02-16 20:44:04,2400.0,size_fit,processed,bank_transfer
REF0001127,ORD0030763,A015426,2026-02-26 02:59:06,4330.0,size_fit,processed,original_payment
REF0001128,ORD0030779,A015433,2026-01-26 20:50:39,1470.0,size_fit,processed,wallet
REF0001129,ORD0030793,A015440,2026-01-20 13:15:06,890.0,not_as_described,processed,wallet
REF0001130,ORD0030828,A015454,2026-01-23 09:08:25,1210.0,size_fit,processed,original_payment
REF0001131,ORD0030841,A015460,2026-02-05 09:22:20,10590.0,changed_mind,processed,bank_transfer
REF0001132,ORD0030860,A015476,2026-01-27 23:37:36,4750.0,size_fit,processed,original_payment
REF0001133,ORD0030887,A015492,2026-02-06 07:48:46,10120.0,changed_mind,processed,bank_transfer
REF0001134,ORD0030945,A015518,2026-01-27 23:14:53,9120.0,size_fit,processed,original_payment
REF0001135,ORD0030980,A015535,2026-02-20 09:53:06,2300.0,size_fit,processed,wallet
REF0001136,ORD0031015,A015556,2026-01-19 00:34:44,1270.0,size_fit,processed,wallet
REF0001137,ORD0031028,A015561,2026-01-31 23:55:36,4860.0,size_fit,processed,wallet
REF0001138,ORD0031036,A015562,2026-03-01 14:32:11,13790.0,size_fit,processed,original_payment
REF0001139,ORD0031042,A015564,2026-01-24 11:25:37,2290.0,changed_mind,processed,bank_transfer
REF0001140,ORD0031046,A015567,2026-02-25 19:35:58,1470.0,not_as_described,processed,original_payment
REF0001141,ORD0031050,A015569,2026-01-24 00:03:50,5630.0,size_fit,processed,bank_transfer
REF0001142,ORD0031063,A015577,2026-02-26 17:48:07,1860.0,not_as_described,processed,wallet
REF0001143,ORD0031117,A015615,2026-02-01 06:16:09,910.0,size_fit,processed,wallet
REF0001144,ORD0031122,A015617,2026-02-21 22:46:54,1680.0,size_fit,processed,wallet
REF0001145,ORD0031136,A015623,2026-01-25 02:54:32,2130.0,size_fit,processed,original_payment
REF0001146,ORD0031140,A015624,2026-01-30 22:49:24,3230.0,not_as_described,processed,wallet
REF0001147,ORD0031153,A015628,2026-02-17 13:30:28,4870.0,changed_mind,processed,bank_transfer
REF0001148,ORD0031171,A015642,2026-01-23 08:25:41,6850.0,not_as_described,processed,original_payment
REF0001149,ORD0031205,A015657,2026-03-03 08:50:44,2150.0,changed_mind,processed,wallet
REF0001150,ORD0031227,A015666,2026-03-03 13:06:24,2080.0,changed_mind,processed,original_payment
REF0001151,ORD0031279,A015689,2026-02-06 21:57:59,3420.0,not_as_described,processed,original_payment
REF0001152,ORD0031360,A015725,2026-02-22 19:47:20,3210.0,size_fit,processed,wallet
REF0001153,ORD0031415,A015753,2026-01-30 09:42:34,18900.0,not_as_described,processed,wallet
REF0001154,ORD0031433,A015760,2026-01-18 22:06:05,1150.0,not_as_described,processed,original_payment
REF0001155,ORD0031472,A015777,2026-02-25 02:58:27,13170.0,size_fit,processed,original_payment
REF0001156,ORD0031577,A015826,2026-02-20 09:30:17,980.0,not_as_described,processed,original_payment
REF0001157,ORD0031580,A015832,2026-01-19 16:58:38,1410.0,size_fit,processed,bank_transfer
REF0001158,ORD0031643,A015863,2026-02-19 20:33:57,1620.0,changed_mind,processed,original_payment
REF0001159,ORD0031656,A015867,2026-01-29 18:54:07,800.0,size_fit,processed,bank_transfer
REF0001160,ORD0031658,A015868,2026-02-20 02:21:34,920.0,changed_mind,processed,bank_transfer
REF0001161,ORD0031660,A015869,2026-02-08 09:59:12,1660.0,changed_mind,processed,original_payment
REF0001162,ORD0031676,A015876,2026-01-15 21:48:42,1080.0,changed_mind,processed,original_payment
REF0001163,ORD0031715,A015892,2026-02-04 03:35:38,1290.0,changed_mind,processed,bank_transfer
REF0001164,ORD0031728,A015901,2026-03-01 08:30:23,7820.0,size_fit,processed,wallet
REF0001165,ORD0031732,A015902,2026-01-29 04:04:06,7380.0,not_as_described,processed,bank_transfer
REF0001166,ORD0031771,A015922,2026-02-07 22:50:13,2780.0,size_fit,processed,wallet
REF0001167,ORD0031796,A015938,2026-03-08 00:01:59,1800.0,size_fit,processed,original_payment
REF0001168,ORD0031805,A015944,2026-02-16 00:19:57,1890.0,not_as_described,processed,bank_transfer
REF0001169,ORD0031821,A015954,2026-01-20 07:21:18,2880.0,changed_mind,processed,original_payment
REF0001170,ORD0031854,A015969,2026-02-12 16:02:47,2500.0,not_as_described,processed,wallet
REF0001171,ORD0031873,A015977,2026-02-01 17:49:49,600.0,changed_mind,processed,original_payment
REF0001172,ORD0031895,A015986,2026-01-28 12:02:38,2940.0,changed_mind,processed,wallet
REF0001173,ORD0031906,A015992,2026-02-20 04:40:37,1490.0,changed_mind,processed,bank_transfer
REF0001174,ORD0031932,A016003,2026-01-17 14:33:09,1660.0,size_fit,processed,wallet
REF0001175,ORD0032054,A016069,2026-01-26 21:44:56,1560.0,not_as_described,processed,wallet
REF0001176,ORD0032065,A016073,2026-03-02 01:45:10,2080.0,not_as_described,processed,bank_transfer
REF0001177,ORD0032077,A016076,2026-02-05 03:53:54,1950.0,size_fit,processed,bank_transfer
REF0001178,ORD0032177,A016128,2026-02-05 05:41:59,1620.0,not_as_described,processed,original_payment
REF0001179,ORD0032195,A016135,2026-02-10 11:37:23,1390.0,not_as_described,processed,wallet
REF0001180,ORD0032225,A016149,2026-02-24 01:34:16,6870.0,size_fit,processed,original_payment
REF0001181,ORD0032239,A016154,2026-02-13 20:12:13,1430.0,not_as_described,processed,wallet
REF0001182,ORD0032243,A016154,2026-02-10 21:38:03,2260.0,changed_mind,processed,bank_transfer
REF0001183,ORD0032247,A016155,2026-02-23 01:35:01,920.0,not_as_described,processed,bank_transfer
REF0001184,ORD0032300,A016179,2026-02-27 06:04:20,1480.0,not_as_described,processed,original_payment
REF0001185,ORD0032301,A016181,2026-03-01 21:58:55,2960.0,size_fit,processed,original_payment
REF0001186,ORD0032326,A016191,2026-01-18 12:52:22,3860.0,changed_mind,processed,original_payment
REF0001187,ORD0032339,A016196,2026-03-03 15:14:27,13830.0,changed_mind,processed,original_payment
REF0001188,ORD0032344,A016198,2026-01-28 14:05:14,15540.0,changed_mind,processed,original_payment
REF0001189,ORD0032367,A016209,2026-01-31 10:37:56,780.0,size_fit,processed,bank_transfer
REF0001190,ORD0032369,A016210,2026-02-07 19:47:35,7960.0,not_as_described,processed,wallet
REF0001191,ORD0032375,A016212,2026-02-14 08:56:07,3920.0,size_fit,processed,bank_transfer
REF0001192,ORD0032397,A016231,2026-02-10 10:30:22,2480.0,changed_mind,processed,wallet
REF0001193,ORD0032424,A016246,2026-02-23 16:05:00,7020.0,size_fit,processed,wallet
REF0001194,ORD0032452,A016257,2026-02-19 10:39:44,7470.0,size_fit,processed,bank_transfer
REF0001195,ORD0032480,A016269,2026-03-06 11:09:11,1740.0,size_fit,processed,wallet
REF0001196,ORD0032524,A016294,2026-02-04 02:09:00,4870.0,changed_mind,processed,bank_transfer
REF0001197,ORD0032577,A016329,2026-02-20 15:59:21,2080.0,size_fit,processed,original_payment
REF0001198,ORD0032588,A016332,2026-02-03 10:46:18,520.0,changed_mind,processed,bank_transfer
REF0001199,ORD0032589,A016332,2026-02-16 11:08:30,2910.0,changed_mind,processed,wallet
REF0001200,ORD0032634,A016353,2026-02-23 17:17:40,1320.0,size_fit,processed,wallet
REF0001201,ORD0032640,A016353,2026-02-11 13:46:54,3080.0,not_as_described,processed,bank_transfer
REF0001202,ORD0032655,A016361,2026-02-19 12:35:25,2560.0,changed_mind,processed,original_payment
REF0001203,ORD0032668,A016368,2026-02-10 23:34:39,1090.0,not_as_described,processed,original_payment
REF0001204,ORD0032690,A016378,2026-03-01 11:23:56,3740.0,changed_mind,processed,bank_transfer
REF0001205,ORD0032733,A016395,2026-02-22 03:46:45,1130.0,size_fit,processed,original_payment
REF0001206,ORD0032791,A016415,2026-01-16 03:22:45,7310.0,size_fit,processed,wallet
REF0001207,ORD0032795,A016417,2026-02-09 18:36:09,12730.0,size_fit,processed,wallet
REF0001208,ORD0032858,A016453,2026-02-11 06:56:39,3730.0,changed_mind,processed,original_payment
REF0001209,ORD0032867,A016456,2026-02-03 03:20:30,4390.0,not_as_described,processed,bank_transfer
REF0001210,ORD0032972,A016510,2026-01-31 01:49:14,3560.0,changed_mind,processed,bank_transfer
REF0001211,ORD0032978,A016514,2026-01-30 22:56:17,2240.0,size_fit,processed,bank_transfer
REF0001212,ORD0032984,A016515,2026-02-21 10:28:26,820.0,changed_mind,processed,wallet
REF0001213,ORD0032997,A016523,2026-01-28 15:32:24,7490.0,size_fit,processed,bank_transfer
REF0001214,ORD0033046,A016550,2026-02-20 10:49:46,1660.0,changed_mind,processed,original_payment
REF0001215,ORD0033053,A016553,2026-02-21 00:38:31,6640.0,changed_mind,processed,bank_transfer
REF0001216,ORD0033058,A016557,2026-02-07 14:29:15,1520.0,not_as_described,processed,bank_transfer
REF0001217,ORD0033070,A016566,2026-02-22 11:32:53,2540.0,size_fit,processed,bank_transfer
REF0001218,ORD0033091,A016575,2026-03-07 04:46:57,4010.0,size_fit,processed,bank_transfer
REF0001219,ORD0033094,A016575,2026-03-03 04:54:57,4330.0,size_fit,processed,original_payment
REF0001220,ORD0033106,A016580,2026-01-24 20:16:14,2710.0,size_fit,processed,wallet
REF0001221,ORD0033109,A016580,2026-02-17 11:56:24,3470.0,not_as_described,processed,bank_transfer
REF0001222,ORD0033171,A016612,2026-01-21 06:27:09,2370.0,size_fit,processed,wallet
REF0001223,ORD0033178,A016615,2026-02-13 09:53:57,1050.0,size_fit,processed,wallet
REF0001224,ORD0033273,A016656,2026-01-14 21:54:27,470.0,size_fit,processed,wallet
REF0001225,ORD0033280,A016659,2026-01-13 09:37:06,3090.0,not_as_described,processed,wallet
REF0001226,ORD0033362,A016701,2026-02-06 23:40:15,4980.0,not_as_described,processed,wallet
REF0001227,ORD0033363,A016701,2026-02-15 19:19:22,2920.0,size_fit,processed,original_payment
REF0001228,ORD0033399,A016717,2026-03-08 23:36:12,1690.0,changed_mind,processed,bank_transfer
REF0001229,ORD0033404,A016719,2026-02-11 04:43:01,1700.0,not_as_described,processed,wallet
REF0001230,ORD0033456,A016740,2026-02-13 13:57:19,3140.0,not_as_described,processed,bank_transfer
REF0001231,ORD0033458,A016741,2026-02-16 19:53:55,1750.0,not_as_described,processed,bank_transfer
REF0001232,ORD0033464,A016744,2026-02-26 12:10:46,1570.0,changed_mind,processed,wallet
REF0001233,ORD0033532,A016773,2026-02-07 03:25:26,2640.0,size_fit,processed,original_payment
REF0001234,ORD0033539,A016775,2026-03-01 10:48:39,1050.0,changed_mind,processed,original_payment
REF0001235,ORD0033561,A016782,2026-01-24 01:50:26,13720.0,not_as_described,processed,bank_transfer
REF0001236,ORD0033609,A016811,2026-01-27 06:10:05,3310.0,size_fit,processed,bank_transfer
REF0001237,ORD0033636,A016827,2026-02-27 01:02:10,3930.0,size_fit,processed,original_payment
REF0001238,ORD0033652,A016837,2026-02-10 21:50:20,10410.0,not_as_described,processed,bank_transfer
REF0001239,ORD0033664,A016843,2026-01-29 02:45:34,1830.0,changed_mind,processed,wallet
REF0001240,ORD0033705,A016860,2026-02-13 11:40:21,1950.0,not_as_described,processed,wallet
REF0001241,ORD0033740,A016878,2026-03-05 01:17:00,4400.0,size_fit,processed,wallet
REF0001242,ORD0033798,A016904,2026-01-29 14:05:34,2920.0,size_fit,processed,wallet
REF0001243,ORD0033838,A016918,2026-01-18 21:45:08,7600.0,changed_mind,processed,bank_transfer
REF0001244,ORD0033862,A016926,2026-03-03 12:55:45,2030.0,size_fit,processed,wallet
REF0001245,ORD0033889,A016941,2026-03-03 18:18:26,3410.0,changed_mind,processed,bank_transfer
REF0001246,ORD0033890,A016941,2026-02-24 09:16:46,1420.0,changed_mind,processed,bank_transfer
REF0001247,ORD0033896,A016944,2026-02-02 18:36:55,6520.0,not_as_described,processed,wallet
REF0001248,ORD0033901,A016945,2026-02-10 03:11:12,1060.0,changed_mind,processed,wallet
REF0001249,ORD0033904,A016947,2026-02-01 02:56:38,1260.0,size_fit,processed,bank_transfer
REF0001250,ORD0033960,A016973,2026-02-16 19:30:36,2960.0,size_fit,processed,bank_transfer
REF0001251,ORD0033966,A016974,2026-02-01 12:49:27,330.0,not_as_described,processed,bank_transfer
REF0001252,ORD0034006,A016992,2026-02-12 12:28:06,11410.0,not_as_described,processed,wallet
REF0001253,ORD0034013,A016999,2026-02-28 18:05:15,1470.0,changed_mind,processed,bank_transfer
REF0001254,ORD0034040,A017013,2026-02-17 07:06:57,590.0,changed_mind,processed,original_payment
REF0001255,ORD0034046,A017018,2026-02-15 18:34:35,10380.0,changed_mind,processed,bank_transfer
REF0001256,ORD0034049,A017020,2026-02-24 09:06:35,420.0,not_as_described,processed,wallet
REF0001257,ORD0034106,A017051,2026-02-17 13:22:07,4240.0,size_fit,processed,bank_transfer
REF0001258,ORD0034117,A017058,2026-03-05 10:42:12,3730.0,changed_mind,processed,wallet
REF0001259,ORD0034118,A017060,2026-01-18 07:50:22,1450.0,not_as_described,processed,bank_transfer
REF0001260,ORD0034130,A017065,2026-03-03 22:46:59,1410.0,not_as_described,processed,bank_transfer
REF0001261,ORD0034168,A017084,2026-02-07 13:25:27,2540.0,size_fit,processed,wallet
REF0001262,ORD0034172,A017086,2026-02-10 21:11:08,9940.0,not_as_described,processed,bank_transfer
REF0001263,ORD0034227,A017107,2026-02-27 03:36:38,16240.0,size_fit,processed,bank_transfer
REF0001264,ORD0034291,A017146,2026-02-15 01:56:44,1230.0,not_as_described,processed,wallet
REF0001265,ORD0034293,A017148,2026-02-20 16:04:37,19920.0,not_as_described,processed,wallet
REF0001266,ORD0034299,A017150,2026-02-08 22:51:16,5140.0,not_as_described,processed,original_payment
REF0001267,ORD0034391,A017198,2026-01-18 08:57:03,7170.0,not_as_described,processed,original_payment
REF0001268,ORD0034452,A017231,2026-02-27 04:24:24,2000.0,size_fit,processed,wallet
REF0001269,ORD0034471,A017239,2026-03-03 15:32:18,350.0,not_as_described,processed,original_payment
REF0001270,ORD0034497,A017265,2026-02-10 07:33:19,2360.0,not_as_described,processed,wallet
REF0001271,ORD0034519,A017278,2026-03-05 19:12:49,930.0,not_as_described,processed,bank_transfer
REF0001272,ORD0034540,A017289,2026-02-08 09:18:11,4570.0,changed_mind,processed,bank_transfer
REF0001273,ORD0034553,A017296,2026-01-27 19:13:23,1950.0,not_as_described,processed,original_payment
REF0001274,ORD0034557,A017298,2026-01-30 16:57:30,6170.0,changed_mind,processed,wallet
REF0001275,ORD0034572,A017304,2026-01-30 11:58:55,18530.0,not_as_described,processed,original_payment
REF0001276,ORD0034619,A017335,2026-01-29 19:31:00,3300.0,not_as_described,processed,original_payment
REF0001277,ORD0034637,A017345,2026-01-30 18:58:24,4860.0,not_as_described,processed,wallet
REF0001278,ORD0034682,A017370,2026-02-22 04:05:28,11290.0,changed_mind,processed,original_payment
REF0001279,ORD0034699,A017376,2026-02-19 15:21:10,4430.0,size_fit,processed,wallet
REF0001280,ORD0034702,A017377,2026-01-17 03:08:35,1840.0,not_as_described,processed,original_payment
REF0001281,ORD0034706,A017380,2026-01-30 22:55:52,2980.0,size_fit,processed,bank_transfer
REF0001282,ORD0034725,A017387,2026-01-16 17:33:56,15610.0,size_fit,processed,original_payment
REF0001283,ORD0034728,A017388,2026-03-01 22:08:38,3620.0,not_as_described,processed,bank_transfer
REF0001284,ORD0034762,A017406,2026-02-08 16:33:59,2120.0,changed_mind,processed,original_payment
REF0001285,ORD0034779,A017409,2026-03-04 11:44:01,2110.0,changed_mind,processed,original_payment
REF0001286,ORD0034801,A017416,2026-03-07 13:59:17,2390.0,size_fit,processed,wallet
REF0001287,ORD0034809,A017420,2026-01-29 12:59:46,4240.0,size_fit,processed,wallet
REF0001288,ORD0034810,A017420,2026-03-09 14:31:17,7560.0,size_fit,processed,original_payment
REF0001289,ORD0034859,A017452,2026-02-19 03:04:20,3190.0,size_fit,processed,original_payment
REF0001290,ORD0034894,A017471,2026-01-31 04:56:32,3030.0,not_as_described,processed,wallet
REF0001291,ORD0034932,A017485,2026-03-07 11:18:59,1890.0,not_as_described,processed,original_payment
REF0001292,ORD0034992,A017518,2026-02-09 17:57:48,1740.0,not_as_described,processed,wallet
REF0001293,ORD0035146,A017597,2026-02-15 13:37:48,7740.0,changed_mind,processed,original_payment
REF0001294,ORD0035151,A017603,2026-02-21 04:04:18,2620.0,not_as_described,processed,wallet
REF0001295,ORD0035157,A017605,2026-02-25 07:12:30,1340.0,size_fit,processed,wallet
REF0001296,ORD0035168,A017610,2026-02-04 20:28:37,2230.0,changed_mind,processed,original_payment
REF0001297,ORD0035204,A017633,2026-02-03 15:32:11,4350.0,size_fit,processed,bank_transfer
REF0001298,ORD0035207,A017635,2026-02-05 10:39:58,1400.0,changed_mind,processed,wallet
REF0001299,ORD0035215,A017640,2026-01-20 05:59:30,1400.0,changed_mind,processed,original_payment
REF0001300,ORD0035233,A017655,2026-02-05 00:19:04,580.0,changed_mind,processed,wallet
REF0001301,ORD0035270,A017673,2026-02-18 17:08:17,3800.0,size_fit,processed,original_payment
REF0001302,ORD0035304,A017687,2026-02-14 18:31:24,3220.0,changed_mind,processed,bank_transfer
REF0001303,ORD0035374,A017714,2026-02-12 11:10:06,11260.0,changed_mind,processed,bank_transfer
REF0001304,ORD0035379,A017716,2026-02-28 02:26:43,410.0,size_fit,processed,original_payment
REF0001305,ORD0035411,A017733,2026-02-25 19:20:18,13530.0,changed_mind,processed,bank_transfer
REF0001306,ORD0035414,A017733,2026-03-07 09:20:51,910.0,size_fit,processed,bank_transfer
REF0001307,ORD0035416,A017733,2026-02-28 14:02:52,6940.0,changed_mind,processed,wallet
REF0001308,ORD0035423,A017739,2026-03-06 19:28:12,1250.0,not_as_described,processed,original_payment
REF0001309,ORD0035511,A017786,2026-02-20 01:23:42,3440.0,not_as_described,processed,wallet
REF0001310,ORD0035586,A017820,2026-02-13 05:55:43,4130.0,not_as_described,processed,bank_transfer
REF0001311,ORD0035595,A017827,2026-03-04 00:14:46,2000.0,changed_mind,processed,bank_transfer
REF0001312,ORD0035608,A017834,2026-02-02 11:39:19,2530.0,changed_mind,processed,original_payment
REF0001313,ORD0035639,A017851,2026-01-28 03:36:05,2190.0,not_as_described,processed,wallet
REF0001314,ORD0035651,A017858,2026-02-03 03:16:36,3040.0,not_as_described,processed,bank_transfer
REF0001315,ORD0035669,A017868,2026-03-01 19:26:37,1070.0,not_as_described,processed,bank_transfer
REF0001316,ORD0035703,A017888,2026-02-14 15:47:06,13850.0,size_fit,processed,bank_transfer
REF0001317,ORD0035705,A017889,2026-02-01 12:26:57,6160.0,changed_mind,processed,original_payment
REF0001318,ORD0035708,A017891,2026-01-22 03:07:25,4520.0,size_fit,processed,wallet
REF0001319,ORD0035711,A017891,2026-02-19 08:31:38,260.0,changed_mind,processed,original_payment
REF0001320,ORD0035730,A017902,2026-02-16 15:27:09,820.0,not_as_described,processed,original_payment
REF0001321,ORD0035809,A017946,2026-02-28 07:57:34,1070.0,size_fit,processed,bank_transfer
REF0001322,ORD0035839,A017962,2026-02-09 04:18:48,1680.0,size_fit,processed,bank_transfer
REF0001323,ORD0035918,A018006,2026-02-24 03:03:50,4670.0,changed_mind,processed,bank_transfer
REF0001324,ORD0035926,A018010,2026-03-01 22:06:21,3350.0,size_fit,processed,wallet
REF0001325,ORD0035946,A018018,2026-01-21 10:32:51,310.0,size_fit,processed,original_payment
REF0001326,ORD0035962,A018027,2026-02-26 13:07:14,2620.0,not_as_described,processed,bank_transfer
REF0001327,ORD0035964,A018029,2026-02-01 15:19:56,3910.0,changed_mind,processed,wallet
REF0001328,ORD0035990,A018045,2026-02-17 07:13:44,18500.0,not_as_described,processed,bank_transfer
REF0001329,ORD0036091,A018099,2026-02-07 22:42:26,2300.0,changed_mind,processed,original_payment
REF0001330,ORD0036117,A018110,2026-01-30 04:53:24,600.0,size_fit,processed,bank_transfer
REF0001331,ORD0036168,A018134,2026-02-03 11:05:01,1360.0,not_as_described,processed,original_payment
REF0001332,ORD0036169,A018136,2026-01-21 12:56:56,2320.0,size_fit,processed,bank_transfer
REF0001333,ORD0036327,A018203,2026-02-07 17:48:00,2510.0,not_as_described,processed,original_payment
REF0001334,ORD0036333,A018209,2026-02-04 12:04:25,3140.0,size_fit,processed,bank_transfer
REF0001335,ORD0036354,A018220,2026-02-17 02:42:23,3150.0,changed_mind,processed,original_payment
REF0001336,ORD0036394,A018247,2026-02-14 22:35:03,2100.0,size_fit,processed,original_payment
REF0001337,ORD0036435,A018269,2026-03-03 08:23:40,3930.0,changed_mind,processed,bank_transfer
REF0001338,ORD0036475,A018288,2026-02-26 08:33:31,2630.0,size_fit,processed,original_payment
REF0001339,ORD0036483,A018294,2026-02-09 03:20:48,3990.0,not_as_described,processed,original_payment
REF0001340,ORD0036552,A018325,2026-01-31 00:53:11,4780.0,not_as_described,processed,wallet
REF0001341,ORD0036564,A018333,2026-02-09 02:51:26,2260.0,size_fit,processed,bank_transfer
REF0001342,ORD0036625,A018359,2026-02-08 01:41:47,7700.0,not_as_described,processed,wallet
REF0001343,ORD0036635,A018364,2026-03-01 19:55:31,680.0,not_as_described,processed,wallet
REF0001344,ORD0036660,A018372,2026-02-25 02:17:35,2530.0,not_as_described,processed,bank_transfer
REF0001345,ORD0036710,A018401,2026-02-19 15:08:02,1920.0,size_fit,processed,bank_transfer
REF0001346,ORD0036741,A018414,2026-02-25 12:45:25,2320.0,size_fit,processed,wallet
REF0001347,ORD0036756,A018418,2026-02-24 20:38:43,3510.0,size_fit,processed,original_payment
REF0001348,ORD0036845,A018472,2026-01-27 08:32:36,14480.0,not_as_described,processed,wallet
REF0001349,ORD0036880,A018487,2026-02-14 03:29:18,1150.0,size_fit,processed,original_payment
REF0001350,ORD0036948,A018524,2026-03-02 14:59:19,2520.0,not_as_described,processed,original_payment
REF0001351,ORD0036977,A018542,2026-02-20 05:49:35,1560.0,changed_mind,processed,original_payment
REF0001352,ORD0036983,A018544,2026-03-05 19:20:19,1580.0,size_fit,processed,wallet
REF0001353,ORD0037020,A018564,2026-03-04 04:01:12,1120.0,changed_mind,processed,original_payment
REF0001354,ORD0037030,A018571,2026-01-30 14:00:13,360.0,not_as_described,processed,bank_transfer
REF0001355,ORD0037035,A018580,2026-02-03 01:13:48,6510.0,size_fit,processed,wallet
REF0001356,ORD0037049,A018588,2026-02-03 14:12:40,1070.0,size_fit,processed,bank_transfer
REF0001357,ORD0037079,A018602,2026-02-17 04:22:32,9420.0,not_as_described,processed,bank_transfer
REF0001358,ORD0037088,A018608,2026-03-04 20:30:49,550.0,changed_mind,processed,bank_transfer
REF0001359,ORD0037138,A018636,2026-01-20 09:54:19,1970.0,size_fit,processed,original_payment
REF0001360,ORD0037139,A018636,2026-02-16 05:24:38,640.0,changed_mind,processed,wallet
REF0001361,ORD0037141,A018636,2026-03-04 01:45:40,880.0,not_as_described,processed,wallet
REF0001362,ORD0037237,A018678,2026-01-24 11:26:15,4050.0,not_as_described,processed,bank_transfer
REF0001363,ORD0037299,A018702,2026-02-28 14:12:32,4750.0,not_as_described,processed,bank_transfer
REF0001364,ORD0037400,A018759,2026-03-07 06:26:37,1660.0,size_fit,processed,original_payment
REF0001365,ORD0037425,A018770,2026-01-28 04:52:22,580.0,size_fit,processed,wallet
REF0001366,ORD0037443,A018778,2026-02-21 20:04:38,880.0,changed_mind,processed,wallet
REF0001367,ORD0037465,A018791,2026-02-28 20:27:32,8110.0,changed_mind,processed,wallet
REF0001368,ORD0037513,A018810,2026-02-21 12:11:00,1370.0,not_as_described,processed,bank_transfer
REF0001369,ORD0037532,A018822,2026-02-21 21:02:04,3240.0,changed_mind,processed,original_payment
REF0001370,ORD0037579,A018848,2026-02-27 19:58:45,1630.0,changed_mind,processed,original_payment
REF0001371,ORD0037602,A018863,2026-02-10 14:29:47,7320.0,size_fit,processed,original_payment
REF0001372,ORD0037605,A018864,2026-02-27 06:14:51,3270.0,size_fit,processed,bank_transfer
REF0001373,ORD0037610,A018865,2026-02-18 12:46:52,4320.0,changed_mind,processed,wallet
REF0001374,ORD0037654,A018881,2026-02-09 03:57:21,3540.0,changed_mind,processed,bank_transfer
REF0001375,ORD0037660,A018887,2026-02-07 13:23:29,2560.0,changed_mind,processed,bank_transfer
REF0001376,ORD0037665,A018888,2026-02-18 17:36:02,670.0,size_fit,processed,bank_transfer
REF0001377,ORD0037670,A018891,2026-02-23 09:35:32,3750.0,not_as_described,processed,wallet
REF0001378,ORD0037679,A018896,2026-02-19 08:01:19,3240.0,not_as_described,processed,original_payment
REF0001379,ORD0037699,A018903,2026-02-18 19:33:58,3190.0,changed_mind,processed,wallet
REF0001380,ORD0037761,A018930,2026-01-22 22:28:14,1300.0,size_fit,processed,bank_transfer
REF0001381,ORD0037789,A018945,2026-02-15 13:59:28,12220.0,not_as_described,processed,bank_transfer
REF0001382,ORD0037807,A018957,2026-02-28 19:38:40,2130.0,changed_mind,processed,bank_transfer
REF0001383,ORD0037834,A018973,2026-02-19 21:23:52,3060.0,size_fit,processed,original_payment
REF0001384,ORD0037917,A019022,2026-01-28 11:26:46,19180.0,not_as_described,processed,original_payment
REF0001385,ORD0037967,A019037,2026-02-22 05:45:57,4850.0,changed_mind,processed,original_payment
REF0001386,ORD0037969,A019038,2026-02-23 11:31:17,3700.0,not_as_described,processed,wallet
REF0001387,ORD0038023,A019064,2026-02-09 14:50:33,1170.0,not_as_described,processed,wallet
REF0001388,ORD0038041,A019070,2026-01-31 08:01:38,1610.0,size_fit,processed,bank_transfer
REF0001389,ORD0038144,A019122,2026-01-28 16:01:47,2780.0,not_as_described,processed,bank_transfer
REF0001390,ORD0038188,A019140,2026-02-03 10:39:15,2910.0,not_as_described,processed,original_payment
REF0001391,ORD0038192,A019142,2026-02-16 19:36:51,18910.0,not_as_described,processed,bank_transfer
REF0001392,ORD0038202,A019152,2026-02-06 21:27:55,4290.0,not_as_described,processed,wallet
REF0001393,ORD0038210,A019158,2026-03-09 00:01:30,1770.0,changed_mind,processed,bank_transfer
REF0001394,ORD0038249,A019181,2026-02-18 10:02:58,14750.0,size_fit,processed,bank_transfer
REF0001395,ORD0038265,A019189,2026-02-23 15:53:17,2670.0,size_fit,processed,wallet
REF0001396,ORD0038277,A019198,2026-01-22 22:05:24,7690.0,changed_mind,processed,wallet
REF0001397,ORD0038281,A019199,2026-02-20 22:49:21,1120.0,not_as_described,processed,wallet
REF0001398,ORD0038303,A019208,2026-02-15 09:06:15,1620.0,changed_mind,processed,original_payment
REF0001399,ORD0038322,A019217,2026-01-31 23:37:50,850.0,size_fit,processed,original_payment
REF0001400,ORD0038328,A019224,2026-02-16 09:42:47,970.0,changed_mind,processed,wallet
REF0001401,ORD0038351,A019234,2026-02-18 09:51:24,4660.0,size_fit,processed,bank_transfer
REF0001402,ORD0038356,A019237,2026-03-04 22:11:02,2110.0,size_fit,processed,wallet
REF0001403,ORD0038364,A019241,2026-02-12 05:24:55,1250.0,not_as_described,processed,wallet
REF0001404,ORD0038440,A019280,2026-02-08 05:01:00,4920.0,changed_mind,processed,wallet
REF0001405,ORD0038454,A019288,2026-01-30 21:49:12,2770.0,not_as_described,processed,bank_transfer
REF0001406,ORD0038517,A019317,2026-02-09 07:15:25,1350.0,size_fit,processed,original_payment
REF0001407,ORD0038526,A019321,2026-02-09 06:49:01,1560.0,size_fit,processed,wallet
REF0001408,ORD0038581,A019347,2026-02-07 21:26:20,1720.0,size_fit,processed,original_payment
REF0001409,ORD0038595,A019350,2026-02-14 06:56:29,5360.0,changed_mind,processed,bank_transfer
REF0001410,ORD0038618,A019364,2026-02-06 18:46:43,3610.0,size_fit,processed,bank_transfer
REF0001411,ORD0038662,A019383,2026-02-27 13:00:29,3960.0,size_fit,processed,wallet
REF0001412,ORD0038697,A019402,2026-01-29 20:31:29,13080.0,changed_mind,processed,wallet
REF0001413,ORD0038722,A019411,2026-02-22 10:13:50,920.0,size_fit,processed,original_payment
REF0001414,ORD0038740,A019418,2026-02-14 06:38:50,4400.0,changed_mind,processed,original_payment
REF0001415,ORD0038755,A019426,2026-02-04 23:03:32,7200.0,changed_mind,processed,bank_transfer
REF0001416,ORD0038804,A019450,2026-02-05 03:30:15,2290.0,changed_mind,processed,original_payment
REF0001417,ORD0038825,A019457,2026-03-06 13:12:04,410.0,changed_mind,processed,wallet
REF0001418,ORD0038879,A019478,2026-02-14 12:11:23,2580.0,changed_mind,processed,original_payment
REF0001419,ORD0038883,A019479,2026-02-18 04:48:27,15760.0,changed_mind,processed,original_payment
REF0001420,ORD0038887,A019482,2026-01-13 04:49:01,1390.0,changed_mind,processed,wallet
REF0001421,ORD0038959,A019513,2026-02-19 12:18:38,3900.0,changed_mind,processed,wallet
REF0001422,ORD0039013,A019543,2026-02-17 21:26:18,5870.0,not_as_described,processed,wallet
REF0001423,ORD0039056,A019562,2026-02-05 16:29:46,1710.0,changed_mind,processed,original_payment
REF0001424,ORD0039057,A019563,2026-01-30 07:52:01,14040.0,not_as_described,processed,original_payment
REF0001425,ORD0039059,A019563,2026-03-03 10:41:00,2610.0,changed_mind,processed,bank_transfer
REF0001426,ORD0039168,A019610,2026-01-25 15:00:35,9150.0,not_as_described,processed,original_payment
REF0001427,ORD0039172,A019611,2026-02-28 17:50:59,2260.0,not_as_described,processed,wallet
REF0001428,ORD0039235,A019635,2026-02-06 15:32:07,1140.0,not_as_described,processed,original_payment
REF0001429,ORD0039282,A019662,2026-02-12 20:38:29,3480.0,size_fit,processed,bank_transfer
REF0001430,ORD0039306,A019674,2026-01-22 20:32:49,900.0,changed_mind,processed,original_payment
REF0001431,ORD0039335,A019696,2026-02-23 01:37:11,6560.0,not_as_described,processed,bank_transfer
REF0001432,ORD0039345,A019704,2026-03-04 17:06:42,1540.0,changed_mind,processed,wallet
REF0001433,ORD0039374,A019716,2026-02-27 06:25:32,1320.0,size_fit,processed,original_payment
REF0001434,ORD0039376,A019719,2026-02-03 14:57:08,13140.0,changed_mind,processed,original_payment
REF0001435,ORD0039399,A019734,2026-03-09 08:16:50,4840.0,changed_mind,processed,original_payment
REF0001436,ORD0039415,A019740,2026-02-14 05:02:10,2140.0,not_as_described,processed,wallet
REF0001437,ORD0039432,A019747,2026-02-14 11:52:07,4070.0,changed_mind,processed,bank_transfer
REF0001438,ORD0039439,A019749,2026-03-03 21:01:47,1720.0,changed_mind,processed,bank_transfer
REF0001439,ORD0039462,A019768,2026-02-27 12:54:42,2590.0,not_as_described,processed,bank_transfer
REF0001440,ORD0039498,A019783,2026-02-21 02:36:40,4700.0,size_fit,processed,wallet
REF0001441,ORD0039538,A019807,2026-02-16 18:50:44,1110.0,size_fit,processed,bank_transfer
REF0001442,ORD0039541,A019808,2026-02-27 07:27:59,1090.0,size_fit,processed,original_payment
REF0001443,ORD0039545,A019811,2026-02-02 11:17:20,13640.0,changed_mind,processed,original_payment
REF0001444,ORD0039582,A019830,2026-01-29 04:07:56,5690.0,changed_mind,processed,bank_transfer
REF0001445,ORD0039609,A019844,2026-01-23 19:15:32,18520.0,changed_mind,processed,original_payment
REF0001446,ORD0039756,A019924,2026-02-16 00:01:43,4550.0,size_fit,processed,wallet
REF0001447,ORD0039775,A019936,2026-02-26 23:59:09,1010.0,changed_mind,processed,bank_transfer
REF0001448,ORD0039797,A019950,2026-02-18 03:09:40,750.0,not_as_described,processed,bank_transfer
REF0001449,ORD0039815,A019958,2026-02-03 13:40:52,1250.0,not_as_described,processed,bank_transfer
REF0001450,ORD0039820,A019960,2026-02-10 03:35:09,2260.0,not_as_described,processed,original_payment
REF0001451,ORD0039853,A019969,2026-03-01 04:57:56,4250.0,not_as_described,processed,wallet
REF0001452,ORD0039892,A019999,2026-02-21 22:45:49,7890.0,not_as_described,processed,original_payment
REF0001453,ORD0039975,A020049,2026-02-15 02:57:07,5000.0,size_fit,processed,wallet
REF0001454,ORD0040003,A020065,2026-02-26 03:00:49,760.0,changed_mind,processed,wallet
REF0001455,ORD0040059,A020104,2026-01-30 02:11:01,12460.0,changed_mind,processed,wallet
REF0001456,ORD0040069,A020108,2026-01-14 02:52:30,2010.0,size_fit,processed,original_payment
REF0001457,ORD0040138,A020142,2026-02-24 04:28:58,1470.0,size_fit,processed,original_payment
REF0001458,ORD0040144,A020144,2026-02-27 04:23:28,1740.0,size_fit,processed,bank_transfer
REF0001459,ORD0040194,A020165,2026-02-27 01:37:16,2350.0,not_as_described,processed,original_payment
REF0001460,ORD0040226,A020180,2026-03-04 15:14:40,4740.0,not_as_described,processed,original_payment
REF0001461,ORD0040242,A020188,2026-02-11 11:11:56,1380.0,changed_mind,processed,bank_transfer
REF0001462,ORD0040270,A020197,2026-01-16 00:20:18,2430.0,not_as_described,processed,bank_transfer
REF0001463,ORD0040353,A020240,2026-01-24 01:52:28,4040.0,size_fit,processed,original_payment
REF0001464,ORD0040400,A020265,2026-03-01 08:39:46,4990.0,not_as_described,processed,bank_transfer
REF0001465,ORD0040402,A020266,2026-02-21 10:56:58,1200.0,size_fit,processed,bank_transfer
REF0001466,ORD0040445,A020288,2026-03-07 20:26:35,1880.0,not_as_described,processed,original_payment
REF0001467,ORD0040473,A020300,2026-02-28 04:32:13,1040.0,not_as_described,processed,bank_transfer
REF0001468,ORD0040495,A020308,2026-02-02 23:21:23,2080.0,changed_mind,processed,bank_transfer
REF0001469,ORD0040513,A020317,2026-03-06 04:55:36,1970.0,not_as_described,processed,bank_transfer
REF0001470,ORD0040543,A020334,2026-02-10 06:21:00,2210.0,not_as_described,processed,wallet
REF0001471,ORD0040555,A020341,2026-02-25 22:56:23,13430.0,size_fit,processed,bank_transfer
REF0001472,ORD0040562,A020343,2026-02-07 08:08:56,340.0,changed_mind,processed,original_payment
REF0001473,ORD0040598,A020360,2026-01-29 05:14:48,1870.0,changed_mind,processed,original_payment
REF0001474,ORD0040617,A020368,2026-02-28 22:43:03,760.0,changed_mind,processed,original_payment
REF0001475,ORD0040694,A020405,2026-02-22 18:23:44,5440.0,size_fit,processed,bank_transfer
REF0001476,ORD0040775,A020447,2026-01-14 18:53:35,5540.0,size_fit,processed,original_payment
REF0001477,ORD0040776,A020447,2026-02-14 09:01:25,8440.0,size_fit,processed,original_payment
REF0001478,ORD0040815,A020467,2026-01-20 23:15:20,6170.0,size_fit,processed,wallet
REF0001479,ORD0040836,A020479,2026-02-28 07:08:08,960.0,size_fit,processed,original_payment
REF0001480,ORD0040845,A020482,2026-03-04 04:03:30,4050.0,changed_mind,processed,wallet
REF0001481,ORD0040882,A020505,2026-02-07 05:25:22,2580.0,changed_mind,processed,wallet
REF0001482,ORD0040895,A020511,2026-02-13 17:10:53,10850.0,size_fit,processed,original_payment
REF0001483,ORD0040899,A020511,2026-02-09 20:10:15,2710.0,changed_mind,processed,wallet
REF0001484,ORD0040901,A020512,2026-01-24 17:47:42,3450.0,not_as_described,processed,bank_transfer
REF0001485,ORD0040913,A020517,2026-03-02 05:31:03,1580.0,not_as_described,processed,bank_transfer
REF0001486,ORD0040967,A020542,2026-01-26 00:24:59,1870.0,not_as_described,processed,wallet
REF0001487,ORD0041003,A020564,2026-02-23 22:56:39,1670.0,not_as_described,processed,bank_transfer
REF0001488,ORD0041038,A020587,2026-02-13 12:06:16,4420.0,changed_mind,processed,original_payment
REF0001489,ORD0041057,A020600,2026-02-25 08:39:16,660.0,size_fit,processed,original_payment
REF0001490,ORD0041066,A020602,2026-03-05 01:56:42,1720.0,size_fit,processed,original_payment
REF0001491,ORD0041067,A020602,2026-03-06 15:09:02,1160.0,changed_mind,processed,wallet
REF0001492,ORD0041082,A020611,2026-01-28 11:52:40,4320.0,changed_mind,processed,wallet
REF0001493,ORD0041098,A020619,2026-02-22 03:17:34,17520.0,changed_mind,processed,bank_transfer
REF0001494,ORD0041136,A020635,2026-01-08 00:18:32,15840.0,changed_mind,processed,bank_transfer
REF0001495,ORD0041181,A020659,2026-02-03 01:40:59,830.0,changed_mind,processed,bank_transfer
REF0001496,ORD0041190,A020667,2026-01-12 01:06:13,350.0,changed_mind,processed,wallet
REF0001497,ORD0041193,A020668,2026-03-01 05:21:35,3120.0,not_as_described,processed,bank_transfer
REF0001498,ORD0041205,A020673,2026-01-22 01:19:35,1700.0,not_as_described,processed,original_payment
REF0001499,ORD0041236,A020686,2026-01-28 11:59:28,490.0,not_as_described,processed,wallet
REF0001500,ORD0041263,A020695,2026-02-07 06:42:08,1420.0,changed_mind,processed,wallet
REF0001501,ORD0041285,A020708,2026-02-26 21:07:55,1870.0,size_fit,processed,bank_transfer
REF0001502,ORD0041289,A020709,2026-02-17 12:39:50,17340.0,changed_mind,processed,wallet
REF0001503,ORD0041292,A020710,2026-02-26 23:10:00,3340.0,changed_mind,processed,wallet
REF0001504,ORD0041300,A020712,2026-01-18 21:37:44,2770.0,size_fit,processed,wallet
REF0001505,ORD0041319,A020721,2026-02-17 14:48:42,9080.0,changed_mind,processed,bank_transfer
REF0001506,ORD0041348,A020735,2026-03-10 01:22:47,7090.0,changed_mind,processed,bank_transfer
REF0001507,ORD0041405,A020763,2026-02-27 10:25:53,2210.0,not_as_described,processed,original_payment
REF0001508,ORD0041535,A020837,2026-01-20 17:07:10,1810.0,not_as_described,processed,bank_transfer
REF0001509,ORD0041557,A020847,2026-02-19 22:57:10,6750.0,size_fit,processed,wallet
REF0001510,ORD0041599,A020867,2026-01-26 21:39:51,4260.0,size_fit,processed,original_payment
REF0001511,ORD0041620,A020876,2026-02-16 23:45:01,1410.0,not_as_described,processed,bank_transfer
REF0001512,ORD0041636,A020884,2026-02-09 05:20:20,13090.0,size_fit,processed,wallet
REF0001513,ORD0041641,A020886,2026-02-15 13:22:49,1630.0,changed_mind,processed,wallet
REF0001514,ORD0041679,A020901,2026-02-09 08:25:04,2480.0,changed_mind,processed,bank_transfer
REF0001515,ORD0041685,A020906,2026-01-14 14:15:12,1050.0,not_as_described,processed,bank_transfer
REF0001516,ORD0041834,A020997,2026-02-28 19:30:14,1240.0,not_as_described,processed,wallet
REF0001517,ORD0041839,A020999,2026-02-26 16:23:54,3960.0,not_as_described,processed,wallet
REF0001518,ORD0041875,A021013,2026-01-13 08:10:53,5290.0,changed_mind,processed,wallet
REF0001519,ORD0041888,A021021,2026-02-11 07:55:13,3790.0,changed_mind,processed,bank_transfer
REF0001520,ORD0041909,A021035,2026-03-04 08:38:38,4520.0,not_as_described,processed,original_payment
REF0001521,ORD0041944,A021058,2026-03-06 13:50:32,4710.0,size_fit,processed,bank_transfer
REF0001522,ORD0041949,A021065,2026-02-24 14:33:34,730.0,size_fit,processed,bank_transfer
REF0001523,ORD0041990,A021090,2026-02-27 06:42:45,4920.0,not_as_described,processed,wallet
REF0001524,ORD0042005,A021096,2026-02-24 13:02:12,1990.0,size_fit,processed,original_payment
REF0001525,ORD0042021,A021102,2026-01-19 19:23:01,870.0,size_fit,processed,original_payment
REF0001526,ORD0042027,A021105,2026-02-23 09:39:35,2350.0,size_fit,processed,wallet
REF0001527,ORD0042110,A021144,2026-02-20 15:30:47,2120.0,changed_mind,processed,bank_transfer
REF0001528,ORD0042118,A021149,2026-02-26 02:11:55,840.0,changed_mind,processed,original_payment
REF0001529,ORD0042142,A021162,2026-02-10 11:59:16,4000.0,changed_mind,processed,wallet
REF0001530,ORD0042197,A021187,2026-02-17 03:37:02,2320.0,not_as_described,processed,wallet
REF0001531,ORD0042200,A021191,2026-02-02 05:17:23,2330.0,changed_mind,processed,wallet
REF0001532,ORD0042254,A021214,2026-02-15 12:36:17,1090.0,changed_mind,processed,bank_transfer
REF0001533,ORD0042260,A021216,2026-02-08 13:36:39,1640.0,not_as_described,processed,wallet
REF0001534,ORD0042269,A021220,2026-03-01 14:30:32,1360.0,size_fit,processed,wallet
REF0001535,ORD0042273,A021220,2026-02-18 07:30:25,4530.0,not_as_described,processed,bank_transfer
REF0001536,ORD0042333,A021252,2026-02-22 00:45:11,520.0,changed_mind,processed,bank_transfer
REF0001537,ORD0042349,A021256,2026-02-23 12:06:50,11530.0,not_as_described,processed,bank_transfer
REF0001538,ORD0042352,A021258,2026-03-02 16:46:27,1030.0,changed_mind,processed,wallet
REF0001539,ORD0042392,A021278,2026-02-15 13:40:50,3130.0,changed_mind,processed,wallet
REF0001540,ORD0042430,A021300,2026-02-20 22:25:42,7300.0,not_as_described,processed,wallet
REF0001541,ORD0042449,A021309,2026-02-16 14:56:07,19290.0,changed_mind,processed,original_payment
REF0001542,ORD0042453,A021312,2026-02-02 16:17:47,5000.0,changed_mind,processed,bank_transfer
REF0001543,ORD0042460,A021314,2026-02-08 05:18:59,4510.0,size_fit,processed,bank_transfer
REF0001544,ORD0042470,A021317,2026-01-22 03:36:00,5340.0,size_fit,processed,wallet
REF0001545,ORD0042483,A021323,2026-01-24 00:48:09,3660.0,not_as_described,processed,original_payment
REF0001546,ORD0042497,A021330,2026-02-26 05:00:00,4950.0,size_fit,processed,wallet
REF0001547,ORD0042499,A021331,2026-03-06 10:33:45,9550.0,size_fit,processed,original_payment
REF0001548,ORD0042519,A021337,2026-02-25 23:26:13,12900.0,not_as_described,processed,bank_transfer
REF0001549,ORD0042590,A021381,2026-02-28 06:02:28,4010.0,changed_mind,processed,wallet
REF0001550,ORD0042597,A021386,2026-02-11 17:09:30,1000.0,changed_mind,processed,wallet
REF0001551,ORD0042612,A021393,2026-03-01 23:52:00,1020.0,changed_mind,processed,original_payment
REF0001552,ORD0042614,A021395,2026-01-30 10:14:56,7030.0,size_fit,processed,wallet
REF0001553,ORD0042685,A021425,2026-02-12 22:53:54,1240.0,size_fit,processed,bank_transfer
REF0001554,ORD0042741,A021451,2026-02-16 22:51:52,2680.0,not_as_described,processed,bank_transfer
REF0001555,ORD0042746,A021457,2026-02-11 06:29:34,5960.0,changed_mind,processed,original_payment
REF0001556,ORD0042803,A021485,2026-02-10 08:31:21,14760.0,not_as_described,processed,original_payment
REF0001557,ORD0042806,A021485,2026-03-02 01:05:30,1580.0,not_as_described,processed,original_payment
REF0001558,ORD0042849,A021507,2026-02-02 22:47:06,470.0,not_as_described,processed,bank_transfer
REF0001559,ORD0042860,A021516,2026-01-29 06:56:05,610.0,size_fit,processed,wallet
REF0001560,ORD0042912,A021547,2026-03-01 14:51:58,1970.0,size_fit,processed,original_payment
REF0001561,ORD0042944,A021557,2026-02-26 20:10:52,6840.0,changed_mind,processed,wallet
REF0001562,ORD0042976,A021579,2026-03-05 02:41:42,1560.0,not_as_described,processed,original_payment
REF0001563,ORD0043000,A021586,2026-01-24 02:53:10,7390.0,not_as_described,processed,wallet
REF0001564,ORD0043029,A021609,2026-02-26 02:57:29,1490.0,changed_mind,processed,original_payment
REF0001565,ORD0043064,A021629,2026-01-29 11:25:21,3190.0,size_fit,processed,original_payment
REF0001566,ORD0043068,A021634,2026-02-17 17:33:08,760.0,size_fit,processed,original_payment
REF0001567,ORD0043113,A021657,2026-02-04 05:05:01,8940.0,size_fit,processed,wallet
REF0001568,ORD0043119,A021661,2026-02-04 20:10:56,730.0,not_as_described,processed,original_payment
REF0001569,ORD0043146,A021675,2026-02-16 19:38:15,1050.0,changed_mind,processed,original_payment
REF0001570,ORD0043173,A021688,2026-02-19 16:24:46,2940.0,changed_mind,processed,bank_transfer
REF0001571,ORD0043202,A021697,2026-02-19 03:51:36,1540.0,size_fit,processed,wallet
REF0001572,ORD0043228,A021710,2026-02-28 06:53:27,2110.0,changed_mind,processed,wallet
REF0001573,ORD0043247,A021725,2026-02-19 15:29:29,10200.0,size_fit,processed,bank_transfer
REF0001574,ORD0043263,A021733,2026-03-01 16:12:23,17530.0,not_as_described,processed,original_payment
REF0001575,ORD0043300,A021755,2026-02-11 01:16:34,2970.0,size_fit,processed,wallet
REF0001576,ORD0043323,A021766,2026-02-15 18:12:23,1830.0,changed_mind,processed,original_payment
REF0001577,ORD0043333,A021771,2026-02-20 12:26:42,19270.0,not_as_described,processed,wallet
REF0001578,ORD0043389,A021816,2026-01-23 09:56:17,4680.0,not_as_described,processed,bank_transfer
REF0001579,ORD0043391,A021819,2026-01-07 13:38:38,1370.0,size_fit,processed,original_payment
REF0001580,ORD0043394,A021820,2026-02-05 06:17:50,1800.0,not_as_described,processed,wallet
REF0001581,ORD0043418,A021826,2026-02-12 00:47:50,7190.0,size_fit,processed,wallet
REF0001582,ORD0043462,A021852,2026-02-19 13:54:32,4270.0,not_as_described,processed,original_payment
REF0001583,ORD0043522,A021876,2026-02-03 04:50:33,660.0,not_as_described,processed,wallet
REF0001584,ORD0043537,A021884,2026-02-13 10:18:34,7330.0,not_as_described,processed,original_payment
REF0001585,ORD0043570,A021899,2026-02-28 02:13:49,8620.0,size_fit,processed,original_payment
REF0001586,ORD0043601,A021913,2026-02-14 06:25:50,1400.0,size_fit,processed,bank_transfer
REF0001587,ORD0043619,A021923,2026-02-25 00:47:57,2160.0,not_as_described,processed,bank_transfer
REF0001588,ORD0043635,A021935,2026-02-27 22:46:27,2470.0,not_as_described,processed,original_payment
REF0001589,ORD0043648,A021940,2026-02-20 11:52:25,12860.0,changed_mind,processed,original_payment
REF0001590,ORD0043656,A021944,2026-02-22 23:48:43,1040.0,changed_mind,processed,original_payment
REF0001591,ORD0043659,A021946,2026-02-13 09:38:22,1620.0,changed_mind,processed,original_payment
REF0001592,ORD0043663,A021949,2026-03-03 14:55:11,13020.0,changed_mind,processed,wallet
REF0001593,ORD0043671,A021953,2026-02-04 23:59:32,1940.0,size_fit,processed,wallet
REF0001594,ORD0043691,A021963,2026-02-13 01:53:09,2840.0,size_fit,processed,wallet
REF0001595,ORD0043739,A021986,2026-02-21 13:29:39,6780.0,not_as_described,processed,bank_transfer
REF0001596,ORD0043792,A022009,2026-02-26 06:56:44,1090.0,size_fit,processed,wallet
REF0001597,ORD0043850,A022037,2026-02-09 06:14:21,1730.0,not_as_described,processed,bank_transfer
REF0001598,ORD0043851,A022037,2026-02-12 14:25:29,2850.0,size_fit,processed,wallet
REF0001599,ORD0043919,A022069,2026-02-09 11:10:24,1530.0,not_as_described,processed,bank_transfer
REF0001600,ORD0043933,A022076,2026-02-14 11:51:36,12730.0,not_as_described,processed,bank_transfer
REF0001601,ORD0043971,A022090,2026-02-16 03:55:02,2530.0,changed_mind,processed,bank_transfer
REF0001602,ORD0043996,A022101,2026-03-02 20:36:28,570.0,changed_mind,processed,original_payment
REF0001603,ORD0044000,A022103,2026-02-14 04:44:34,2540.0,size_fit,processed,original_payment
REF0001604,ORD0044034,A022129,2026-03-01 22:20:38,9110.0,size_fit,processed,wallet
REF0001605,ORD0044035,A022129,2026-02-04 06:03:25,12330.0,size_fit,processed,bank_transfer
REF0001606,ORD0044075,A022154,2026-02-24 10:53:52,2920.0,not_as_described,processed,original_payment
REF0001607,ORD0044094,A022165,2026-02-08 12:18:59,1480.0,changed_mind,processed,wallet
REF0001608,ORD0044112,A022176,2026-01-22 14:24:46,1100.0,changed_mind,processed,bank_transfer
REF0001609,ORD0044147,A022191,2026-02-16 12:18:52,2600.0,changed_mind,processed,wallet
REF0001610,ORD0044181,A022209,2026-03-02 12:34:05,8180.0,not_as_described,processed,original_payment
REF0001611,ORD0044245,A022231,2026-02-09 00:01:23,2260.0,size_fit,processed,bank_transfer
REF0001612,ORD0044248,A022233,2026-02-01 12:17:04,3530.0,size_fit,processed,wallet
REF0001613,ORD0044277,A022248,2026-03-08 12:39:52,800.0,size_fit,processed,original_payment
REF0001614,ORD0044296,A022268,2026-01-28 19:19:17,7860.0,size_fit,processed,original_payment
REF0001615,ORD0044341,A022294,2026-02-12 09:05:42,4810.0,changed_mind,processed,original_payment
REF0001616,ORD0044399,A022326,2026-02-24 20:56:45,9900.0,size_fit,processed,wallet
REF0001617,ORD0044418,A022338,2026-01-27 05:45:37,1280.0,size_fit,processed,bank_transfer
REF0001618,ORD0044427,A022342,2026-03-05 11:38:57,4090.0,not_as_described,processed,wallet
REF0001619,ORD0044447,A022353,2026-01-25 06:40:56,14280.0,size_fit,processed,bank_transfer
REF0001620,ORD0044542,A022398,2026-03-04 18:07:08,4650.0,not_as_described,processed,original_payment
REF0001621,ORD0044599,A022426,2026-03-06 23:45:36,940.0,changed_mind,processed,original_payment
REF0001622,ORD0044608,A022430,2026-02-27 05:38:33,3620.0,not_as_described,processed,bank_transfer
REF0001623,ORD0044613,A022432,2026-02-11 06:28:26,17720.0,not_as_described,processed,original_payment
REF0001624,ORD0044645,A022445,2026-02-20 10:20:50,14990.0,changed_mind,processed,original_payment
REF0001625,ORD0044752,A022500,2026-02-11 19:02:27,9570.0,not_as_described,processed,original_payment
REF0001626,ORD0044754,A022501,2026-01-30 20:42:05,6550.0,size_fit,processed,bank_transfer
REF0001627,ORD0044758,A022503,2026-02-15 12:34:17,2260.0,not_as_described,processed,wallet
REF0001628,ORD0044836,A022533,2026-02-27 01:43:50,2260.0,size_fit,processed,bank_transfer
REF0001629,ORD0044877,A022552,2026-02-21 05:31:17,1240.0,size_fit,processed,bank_transfer
REF0001630,ORD0044878,A022554,2026-02-12 07:01:24,2560.0,changed_mind,processed,original_payment
REF0001631,ORD0044935,A022588,2026-01-26 14:45:59,11240.0,size_fit,processed,bank_transfer
REF0001632,ORD0044970,A022607,2026-02-11 19:46:55,650.0,size_fit,processed,wallet
REF0001633,ORD0045074,A022651,2026-02-02 17:18:57,9140.0,size_fit,processed,wallet
REF0001634,ORD0045090,A022658,2026-02-23 09:06:09,1230.0,not_as_described,processed,original_payment
REF0001635,ORD0045194,A022712,2026-03-01 01:56:20,3680.0,changed_mind,processed,original_payment
REF0001636,ORD0045220,A022721,2026-02-28 14:57:57,11200.0,not_as_described,processed,bank_transfer
REF0001637,ORD0045258,A022734,2026-02-25 03:30:08,13490.0,not_as_described,processed,bank_transfer
REF0001638,ORD0045339,A022775,2026-02-24 20:10:39,1980.0,not_as_described,processed,wallet
REF0001639,ORD0045365,A022782,2026-01-09 13:50:41,2190.0,size_fit,processed,original_payment
REF0001640,ORD0045368,A022784,2026-02-15 01:40:34,11060.0,size_fit,processed,wallet
REF0001641,ORD0045387,A022794,2026-03-05 06:30:25,4140.0,size_fit,processed,original_payment
REF0001642,ORD0045424,A022810,2026-02-26 03:03:56,600.0,not_as_described,processed,original_payment
REF0001643,ORD0045428,A022813,2026-02-08 18:46:20,2110.0,size_fit,processed,original_payment
REF0001644,ORD0045437,A022820,2026-02-01 16:32:03,1420.0,size_fit,processed,original_payment
REF0001645,ORD0045507,A022860,2026-01-21 04:02:25,2470.0,size_fit,processed,bank_transfer
REF0001646,ORD0045511,A022864,2026-01-28 07:49:57,2580.0,size_fit,processed,wallet
REF0001647,ORD0045524,A022872,2026-02-27 18:08:49,4280.0,not_as_described,processed,wallet
REF0001648,ORD0045542,A022889,2026-01-22 11:18:48,1020.0,not_as_described,processed,original_payment
REF0001649,ORD0045555,A022892,2026-03-05 09:43:50,3430.0,changed_mind,processed,bank_transfer
REF0001650,ORD0045586,A022912,2026-03-04 11:51:02,1430.0,not_as_described,processed,original_payment
REF0001651,ORD0045651,A022941,2026-01-29 13:56:06,1330.0,not_as_described,processed,original_payment
REF0001652,ORD0045730,A022985,2026-03-02 08:21:44,1530.0,size_fit,processed,original_payment
REF0001653,ORD0045749,A022992,2026-02-06 02:47:31,3260.0,changed_mind,processed,original_payment
REF0001654,ORD0045761,A022997,2026-01-29 10:14:17,3810.0,changed_mind,processed,bank_transfer
REF0001655,ORD0045772,A023004,2026-02-07 03:25:47,1860.0,not_as_described,processed,wallet
REF0001656,ORD0046021,A023126,2026-01-27 20:33:31,820.0,size_fit,processed,original_payment
REF0001657,ORD0046048,A023136,2026-02-16 12:40:48,2010.0,changed_mind,processed,bank_transfer
REF0001658,ORD0046055,A023140,2026-02-28 02:29:30,820.0,not_as_described,processed,original_payment
REF0001659,ORD0046066,A023145,2026-02-28 09:55:03,3300.0,size_fit,processed,wallet
REF0001660,ORD0046079,A023151,2026-02-14 16:41:12,4380.0,changed_mind,processed,original_payment
REF0001661,ORD0046092,A023160,2026-02-06 19:01:06,3720.0,size_fit,processed,original_payment
REF0001662,ORD0046095,A023162,2026-02-26 08:57:19,12510.0,size_fit,processed,bank_transfer
REF0001663,ORD0046103,A023167,2026-03-03 22:42:16,18180.0,changed_mind,processed,original_payment
REF0001664,ORD0046116,A023174,2026-02-14 19:18:42,710.0,size_fit,processed,bank_transfer
REF0001665,ORD0046124,A023176,2026-01-21 12:08:58,12560.0,changed_mind,processed,wallet
REF0001666,ORD0046204,A023210,2026-01-26 02:33:45,3250.0,changed_mind,processed,wallet
REF0001667,ORD0046269,A023245,2026-02-21 06:06:30,1800.0,changed_mind,processed,wallet
REF0001668,ORD0046343,A023288,2026-01-16 17:48:23,3080.0,not_as_described,processed,original_payment
REF0001669,ORD0046355,A023295,2026-02-13 00:36:20,2330.0,not_as_described,processed,original_payment
REF0001670,ORD0046356,A023296,2026-03-01 17:31:45,740.0,size_fit,processed,wallet
REF0001671,ORD0046388,A023322,2026-03-03 00:34:02,2070.0,size_fit,processed,wallet
REF0001672,ORD0046413,A023338,2026-02-13 10:36:52,1450.0,changed_mind,processed,bank_transfer
REF0001673,ORD0046442,A023346,2026-02-09 11:41:54,5000.0,not_as_described,processed,bank_transfer
REF0001674,ORD0046494,A023372,2026-02-15 19:39:18,3130.0,not_as_described,processed,bank_transfer
REF0001675,ORD0046503,A023376,2026-02-14 01:47:11,4220.0,not_as_described,processed,wallet
REF0001676,ORD0046562,A023407,2026-02-14 01:48:26,4010.0,size_fit,processed,bank_transfer
REF0001677,ORD0046564,A023407,2026-02-02 05:05:18,390.0,changed_mind,processed,original_payment
REF0001678,ORD0046584,A023416,2026-02-03 18:11:11,4950.0,not_as_described,processed,wallet
REF0001679,ORD0046586,A023416,2026-02-28 06:10:50,2580.0,size_fit,processed,bank_transfer
REF0001680,ORD0046599,A023425,2026-02-08 09:33:22,4200.0,changed_mind,processed,bank_transfer
REF0001681,ORD0046604,A023428,2026-02-16 19:02:43,1860.0,changed_mind,processed,original_payment
REF0001682,ORD0046637,A023453,2026-02-06 21:18:22,930.0,size_fit,processed,bank_transfer
REF0001683,ORD0046651,A023459,2026-02-06 03:43:35,1780.0,not_as_described,processed,wallet
REF0001684,ORD0046665,A023464,2026-01-13 16:21:44,1450.0,changed_mind,processed,original_payment
REF0001685,ORD0046750,A023515,2026-01-29 00:44:56,14040.0,not_as_described,processed,bank_transfer
REF0001686,ORD0046820,A023547,2026-02-04 04:29:18,6060.0,size_fit,processed,original_payment
REF0001687,ORD0046830,A023554,2026-02-25 01:29:24,1020.0,changed_mind,processed,original_payment
REF0001688,ORD0046873,A023571,2026-02-16 17:14:08,650.0,size_fit,processed,original_payment
REF0001689,ORD0046876,A023574,2026-02-13 05:49:27,1950.0,changed_mind,processed,wallet
REF0001690,ORD0046944,A023613,2026-01-20 18:52:23,1840.0,size_fit,processed,wallet
REF0001691,ORD0046958,A023622,2026-03-01 20:59:43,700.0,size_fit,processed,wallet
REF0001692,ORD0046975,A023636,2026-01-21 18:13:48,4260.0,not_as_described,processed,wallet
REF0001693,ORD0046981,A023636,2026-02-21 10:56:53,1880.0,not_as_described,processed,original_payment
REF0001694,ORD0047031,A023656,2026-02-08 02:58:20,310.0,changed_mind,processed,original_payment
REF0001695,ORD0047051,A023667,2026-03-01 13:18:48,1310.0,not_as_described,processed,bank_transfer
REF0001696,ORD0047070,A023675,2026-02-24 13:43:51,3900.0,size_fit,processed,wallet
REF0001697,ORD0047082,A023677,2026-03-04 09:45:35,1140.0,changed_mind,processed,wallet
REF0001698,ORD0047107,A023688,2026-02-18 11:15:42,1800.0,size_fit,processed,bank_transfer
REF0001699,ORD0047137,A023702,2026-01-24 00:44:36,520.0,changed_mind,processed,original_payment
REF0001700,ORD0047206,A023739,2026-01-30 11:07:21,3630.0,changed_mind,processed,original_payment
REF0001701,ORD0047224,A023745,2026-02-11 20:43:59,1710.0,changed_mind,processed,wallet
REF0001702,ORD0047260,A023766,2026-02-06 20:36:54,1120.0,size_fit,processed,original_payment
REF0001703,ORD0047292,A023792,2026-01-27 20:16:01,990.0,not_as_described,processed,original_payment
REF0001704,ORD0047316,A023807,2026-03-01 03:22:01,860.0,size_fit,processed,bank_transfer
REF0001705,ORD0047361,A023828,2026-02-08 02:17:10,11470.0,changed_mind,processed,original_payment
REF0001706,ORD0047366,A023828,2026-02-05 14:01:40,11170.0,not_as_described,processed,bank_transfer
REF0001707,ORD0047455,A023879,2026-02-23 16:56:01,16770.0,changed_mind,processed,bank_transfer
REF0001708,ORD0047477,A023892,2026-03-01 20:14:31,2370.0,changed_mind,processed,wallet
REF0001709,ORD0047479,A023893,2026-02-16 16:40:13,1920.0,changed_mind,processed,wallet
REF0001710,ORD0047498,A023904,2026-02-14 14:50:40,1670.0,not_as_described,processed,wallet
REF0001711,ORD0047578,A023948,2026-03-04 01:58:12,660.0,size_fit,processed,bank_transfer
REF0001712,ORD0047609,A023962,2026-02-19 02:06:03,2980.0,size_fit,processed,bank_transfer
REF0001713,ORD0047640,A023981,2026-02-20 18:43:06,1700.0,size_fit,processed,bank_transfer
REF0001714,ORD0047676,A024000,2026-01-15 05:00:00,7805.0,not_as_described,processed,original_payment
REF0001715,ORD0047680,A024001,2026-01-15 21:00:00,8439.0,size_fit,processed,original_payment
REF0001716,ORD0047681,A024001,2026-01-19 16:00:00,7790.0,size_fit,processed,wallet
REF0001717,ORD0047682,A024001,2026-01-20 01:00:00,7389.0,not_as_described,processed,bank_transfer
REF0001718,ORD0047685,A024002,2026-01-18 04:00:00,5629.0,size_fit,processed,bank_transfer
REF0001719,ORD0047686,A024002,2026-01-19 15:00:00,6314.0,size_fit,processed,wallet
REF0001720,ORD0047688,A024003,2026-01-18 01:00:00,7501.0,not_as_described,processed,bank_transfer
REF0001721,ORD0047689,A024003,2026-01-17 08:00:00,8208.0,size_fit,processed,wallet
REF0001722,ORD0047690,A024003,2026-01-19 09:00:00,4698.0,not_as_described,processed,wallet
REF0001723,ORD0047692,A024004,2026-01-14 22:00:00,6778.0,size_fit,processed,bank_transfer
REF0001724,ORD0047693,A024004,2026-01-18 08:00:00,4572.0,not_as_described,processed,original_payment
REF0001725,ORD0047696,A024005,2026-01-18 01:00:00,7014.0,size_fit,processed,original_payment
REF0001726,ORD0047697,A024005,2026-01-17 10:00:00,6042.0,size_fit,processed,bank_transfer
REF0001727,ORD0047698,A024005,2026-01-20 04:00:00,8278.0,size_fit,processed,wallet
REF0001728,ORD0047700,A024006,2026-01-15 03:00:00,6031.0,size_fit,processed,bank_transfer
REF0001729,ORD0047701,A024006,2026-01-19 02:00:00,4530.0,size_fit,processed,original_payment
REF0001730,ORD0047704,A024007,2026-01-17 08:00:00,5905.0,not_as_described,processed,original_payment
REF0001731,ORD0047705,A024007,2026-01-18 17:00:00,8798.0,size_fit,processed,bank_transfer
REF0001732,ORD0047707,A024008,2026-01-25 21:00:00,6246.0,size_fit,processed,wallet
REF0001733,ORD0047708,A024008,2026-01-29 20:00:00,4637.0,size_fit,processed,bank_transfer
REF0001734,ORD0047709,A024008,2026-02-01 13:00:00,6896.0,size_fit,processed,wallet
REF0001735,ORD0047710,A024008,2026-02-02 01:00:00,6463.0,not_as_described,processed,bank_transfer
REF0001736,ORD0047711,A024009,2026-01-26 23:00:00,7249.0,not_as_described,processed,original_payment
REF0001737,ORD0047712,A024009,2026-01-29 09:00:00,4897.0,size_fit,processed,wallet
REF0001738,ORD0047713,A024009,2026-01-29 19:00:00,4517.0,not_as_described,processed,original_payment
REF0001739,ORD0047714,A024009,2026-02-03 04:00:00,8948.0,not_as_described,processed,bank_transfer
REF0001740,ORD0047716,A024010,2026-01-29 03:00:00,7913.0,size_fit,processed,bank_transfer
REF0001741,ORD0047717,A024010,2026-01-31 23:00:00,6205.0,not_as_described,processed,wallet
REF0001742,ORD0047718,A024010,2026-02-03 09:00:00,5334.0,not_as_described,processed,original_payment
REF0001743,ORD0047720,A024011,2026-01-28 22:00:00,6714.0,size_fit,processed,bank_transfer
REF0001744,ORD0047721,A024011,2026-02-01 08:00:00,7361.0,size_fit,processed,bank_transfer
REF0001745,ORD0047722,A024011,2026-02-03 12:00:00,8693.0,not_as_described,processed,wallet
REF0001746,ORD0047724,A024012,2026-01-31 14:00:00,5854.0,size_fit,processed,bank_transfer
REF0001747,ORD0047725,A024012,2026-02-01 02:00:00,5013.0,not_as_described,processed,original_payment
REF0001748,ORD0047728,A024013,2026-01-30 17:00:00,8961.0,size_fit,processed,wallet
REF0001749,ORD0047729,A024013,2026-01-31 06:00:00,5117.0,not_as_described,processed,bank_transfer
REF0001750,ORD0047733,A024014,2026-02-02 20:00:00,5204.0,size_fit,processed,original_payment
REF0001751,ORD0047737,A024015,2026-02-02 03:00:00,6496.0,not_as_described,processed,original_payment
REF0001752,ORD0047738,A024015,2026-02-03 15:00:00,5148.0,size_fit,processed,original_payment
REF0001753,ORD0047740,A024016,2026-01-16 15:00:00,4421.0,not_as_described,processed,bank_transfer
REF0001754,ORD0047741,A024016,2026-01-18 13:00:00,8637.0,not_as_described,processed,original_payment
REF0001755,ORD0047743,A024017,2026-01-15 21:00:00,8801.0,not_as_described,processed,wallet
REF0001756,ORD0047744,A024017,2026-01-15 22:00:00,7169.0,not_as_described,processed,bank_transfer
REF0001757,ORD0047745,A024017,2026-01-18 05:00:00,4032.0,not_as_described,processed,original_payment
REF0001758,ORD0047746,A024017,2026-01-23 07:00:00,8021.0,not_as_described,processed,bank_transfer
REF0001759,ORD0047748,A024018,2026-01-19 06:00:00,6315.0,size_fit,processed,original_payment
REF0001760,ORD0047749,A024018,2026-01-18 21:00:00,8338.0,size_fit,processed,wallet
REF0001761,ORD0047751,A024019,2026-01-15 00:00:00,5370.0,size_fit,processed,wallet
REF0001762,ORD0047752,A024019,2026-01-16 14:00:00,7730.0,not_as_described,processed,wallet
REF0001763,ORD0047753,A024019,2026-01-18 03:00:00,6377.0,not_as_described,processed,bank_transfer
REF0001764,ORD0047754,A024019,2026-01-23 01:00:00,5551.0,not_as_described,processed,original_payment
REF0001765,ORD0047755,A024020,2026-01-15 16:00:00,6887.0,size_fit,processed,original_payment
REF0001766,ORD0047756,A024020,2026-01-16 04:00:00,4276.0,not_as_described,processed,original_payment
REF0001767,ORD0047757,A024020,2026-01-21 01:00:00,6579.0,not_as_described,processed,wallet
REF0001768,ORD0047759,A024021,2026-01-14 00:00:00,4217.0,not_as_described,processed,bank_transfer
REF0001769,ORD0047760,A024021,2026-01-16 17:00:00,7212.0,not_as_described,processed,original_payment
REF0001770,ORD0047761,A024021,2026-01-17 16:00:00,5868.0,not_as_described,processed,bank_transfer
REF0001771,ORD0047764,A024022,2026-01-18 17:00:00,5199.0,not_as_described,processed,wallet
REF0001772,ORD0047765,A024022,2026-01-18 15:00:00,7212.0,not_as_described,processed,original_payment
REF0001773,ORD0047768,A024023,2026-01-17 08:00:00,5248.0,size_fit,processed,bank_transfer
REF0001774,ORD0047769,A024023,2026-01-19 06:00:00,6084.0,size_fit,processed,wallet
REF0001775,ORD0047770,A024023,2026-01-20 12:00:00,7684.0,size_fit,processed,original_payment
REF0001776,ORD0047772,A024024,2026-01-23 02:00:00,8242.0,size_fit,processed,original_payment
REF0001777,ORD0047773,A024024,2026-01-22 00:00:00,7831.0,not_as_described,processed,bank_transfer
REF0001778,ORD0047776,A024025,2026-01-19 23:00:00,4475.0,not_as_described,processed,bank_transfer
REF0001779,ORD0047780,A024026,2026-01-19 18:00:00,4450.0,size_fit,processed,wallet
REF0001780,ORD0047781,A024026,2026-01-23 14:00:00,7080.0,size_fit,processed,wallet
REF0001781,ORD0047785,A024027,2026-01-23 18:00:00,8225.0,size_fit,processed,original_payment
REF0001782,ORD0047786,A024027,2026-01-26 20:00:00,7289.0,not_as_described,processed,original_payment
REF0001783,ORD0047788,A024028,2026-01-22 04:00:00,7172.0,size_fit,processed,original_payment
REF0001784,ORD0047789,A024028,2026-01-25 03:00:00,4788.0,size_fit,processed,wallet
REF0001785,ORD0047792,A024029,2026-01-22 20:00:00,7063.0,size_fit,processed,original_payment
REF0001786,ORD0047796,A024030,2026-01-21 07:00:00,7430.0,size_fit,processed,original_payment
REF0001787,ORD0047797,A024030,2026-01-23 10:00:00,6156.0,size_fit,processed,wallet
REF0001788,ORD0047800,A024031,2026-01-22 19:00:00,8396.0,not_as_described,processed,original_payment
REF0001789,ORD0047801,A024031,2026-01-22 09:00:00,7328.0,not_as_described,processed,bank_transfer
REF0001790,ORD0047804,A024032,2026-02-11 11:00:00,7281.0,size_fit,processed,wallet
REF0001791,ORD0047805,A024032,2026-02-16 09:00:00,8099.0,not_as_described,processed,bank_transfer
REF0001792,ORD0047806,A024032,2026-02-19 03:00:00,8247.0,not_as_described,processed,bank_transfer
REF0001793,ORD0047808,A024033,2026-02-11 16:00:00,6232.0,size_fit,processed,wallet
REF0001794,ORD0047809,A024033,2026-02-15 15:00:00,6522.0,not_as_described,processed,bank_transfer
REF0001795,ORD0047812,A024034,2026-02-13 12:00:00,6612.0,not_as_described,processed,bank_transfer
REF0001796,ORD0047813,A024034,2026-02-16 18:00:00,7081.0,size_fit,processed,wallet
REF0001797,ORD0047814,A024034,2026-02-18 19:00:00,6057.0,size_fit,processed,bank_transfer
REF0001798,ORD0047816,A024035,2026-02-11 17:00:00,7182.0,size_fit,processed,bank_transfer
REF0001799,ORD0047817,A024035,2026-02-16 10:00:00,6706.0,size_fit,processed,wallet
REF0001800,ORD0047820,A024036,2026-02-12 17:00:00,6370.0,not_as_described,processed,wallet
REF0001801,ORD0047821,A024036,2026-02-17 04:00:00,4467.0,size_fit,processed,original_payment
REF0001802,ORD0047822,A024036,2026-02-17 09:00:00,7173.0,size_fit,processed,bank_transfer
REF0001803,ORD0047823,A024037,2026-02-11 05:00:00,7007.0,size_fit,processed,bank_transfer
REF0001804,ORD0047824,A024037,2026-02-14 03:00:00,6370.0,size_fit,processed,wallet
REF0001805,ORD0047825,A024037,2026-02-16 10:00:00,6948.0,not_as_described,processed,wallet
REF0001806,ORD0047828,A024038,2026-02-14 09:00:00,5803.0,not_as_described,processed,original_payment
REF0001807,ORD0047829,A024038,2026-02-16 12:00:00,4641.0,not_as_described,processed,original_payment
REF0001808,ORD0047830,A024038,2026-02-19 02:00:00,7999.0,not_as_described,processed,bank_transfer
REF0001809,ORD0047832,A024039,2026-02-14 01:00:00,8109.0,size_fit,processed,original_payment
REF0001810,ORD0047833,A024039,2026-02-16 18:00:00,4864.0,size_fit,processed,wallet
REF0001811,ORD0047836,A024040,2026-02-11 15:00:00,4383.0,not_as_described,processed,bank_transfer
REF0001812,ORD0047837,A024040,2026-02-14 07:00:00,7438.0,not_as_described,processed,wallet
REF0001813,ORD0047838,A024040,2026-02-17 22:00:00,5668.0,size_fit,processed,bank_transfer
REF0001814,ORD0047840,A024041,2026-02-14 09:00:00,8945.0,size_fit,processed,bank_transfer
REF0001815,ORD0047841,A024041,2026-02-16 00:00:00,7254.0,size_fit,processed,original_payment
REF0001816,ORD0047843,A024042,2026-02-08 18:00:00,6346.0,size_fit,processed,original_payment
REF0001817,ORD0047844,A024042,2026-02-10 23:00:00,8703.0,size_fit,processed,bank_transfer
REF0001818,ORD0047845,A024042,2026-02-13 11:00:00,6450.0,not_as_described,processed,bank_transfer
REF0001819,ORD0047848,A024043,2026-02-13 01:00:00,7972.0,not_as_described,processed,bank_transfer
REF0001820,ORD0047849,A024043,2026-02-16 01:00:00,6697.0,not_as_described,processed,wallet
REF0001821,ORD0047852,A024044,2026-02-13 08:00:00,4600.0,not_as_described,processed,bank_transfer
REF0001822,ORD0047853,A024044,2026-02-14 17:00:00,6657.0,size_fit,processed,bank_transfer
REF0001823,ORD0047854,A024044,2026-02-15 05:00:00,7144.0,not_as_described,processed,original_payment
REF0001824,ORD0047856,A024045,2026-02-13 09:00:00,6241.0,size_fit,processed,wallet
REF0001825,ORD0047857,A024045,2026-02-15 03:00:00,6077.0,size_fit,processed,wallet
REF0001826,ORD0047861,A024046,2026-02-13 09:00:00,7910.0,size_fit,processed,original_payment
REF0001827,ORD0047864,A024047,2026-02-14 19:00:00,4770.0,size_fit,processed,original_payment
REF0001828,ORD0047865,A024047,2026-02-13 12:00:00,5732.0,size_fit,processed,wallet
REF0001829,ORD0047869,A024048,2026-01-31 20:00:00,6222.0,not_as_described,processed,original_payment
REF0001830,ORD0047870,A024048,2026-02-05 06:00:00,4243.0,not_as_described,processed,bank_transfer
REF0001831,ORD0047872,A024049,2026-02-01 20:00:00,5967.0,not_as_described,processed,original_payment
REF0001832,ORD0047873,A024049,2026-02-01 03:00:00,7109.0,size_fit,processed,wallet
REF0001833,ORD0047874,A024049,2026-02-05 20:00:00,5314.0,not_as_described,processed,original_payment
REF0001834,ORD0047875,A024050,2026-01-31 01:00:00,7358.0,size_fit,processed,bank_transfer
REF0001835,ORD0047876,A024050,2026-01-31 23:00:00,7898.0,not_as_described,processed,wallet
REF0001836,ORD0047877,A024050,2026-02-04 06:00:00,5984.0,not_as_described,processed,bank_transfer
REF0001837,ORD0047878,A024050,2026-02-04 01:00:00,7396.0,size_fit,processed,bank_transfer
REF0001838,ORD0047879,A024051,2026-01-29 02:00:00,8993.0,not_as_described,processed,original_payment
REF0001839,ORD0047881,A024051,2026-02-01 00:00:00,8278.0,not_as_described,processed,wallet
REF0001840,ORD0047882,A024051,2026-02-02 18:00:00,8576.0,size_fit,processed,original_payment
REF0001841,ORD0047883,A024052,2026-01-28 22:00:00,5754.0,size_fit,processed,wallet
REF0001842,ORD0047884,A024052,2026-01-31 16:00:00,7172.0,size_fit,processed,original_payment
REF0001843,ORD0047885,A024052,2026-02-04 04:00:00,8811.0,not_as_described,processed,wallet
REF0001844,ORD0047886,A024052,2026-02-04 09:00:00,8484.0,not_as_described,processed,original_payment
REF0001845,ORD0047888,A024053,2026-02-02 03:00:00,7099.0,not_as_described,processed,original_payment
REF0001846,ORD0047889,A024053,2026-02-03 18:00:00,5612.0,size_fit,processed,bank_transfer
REF0001847,ORD0047892,A024054,2026-01-31 13:00:00,8749.0,not_as_described,processed,original_payment
REF0001848,ORD0047893,A024054,2026-02-01 03:00:00,8512.0,size_fit,processed,bank_transfer
REF0001849,ORD0047897,A024055,2026-01-31 23:00:00,7696.0,size_fit,processed,wallet
REF0001850,ORD0047898,A024055,2026-02-05 16:00:00,4327.0,size_fit,processed,original_payment
REF0001851,ORD0047899,A024056,2026-01-23 11:00:00,8488.0,not_as_described,processed,bank_transfer
REF0001852,ORD0047900,A024056,2026-01-22 15:00:00,5970.0,size_fit,processed,original_payment
REF0001853,ORD0047901,A024056,2026-01-24 16:00:00,6073.0,not_as_described,processed,wallet
REF0001854,ORD0047902,A024056,2026-01-27 19:00:00,6447.0,size_fit,processed,bank_transfer
REF0001855,ORD0047904,A024057,2026-01-25 22:00:00,6987.0,size_fit,processed,bank_transfer
REF0001856,ORD0047905,A024057,2026-01-27 19:00:00,5141.0,size_fit,processed,wallet
REF0001857,ORD0047907,A024058,2026-01-21 04:00:00,7017.0,size_fit,processed,wallet
REF0001858,ORD0047908,A024058,2026-01-22 12:00:00,4046.0,not_as_described,processed,original_payment
REF0001859,ORD0047909,A024058,2026-01-24 21:00:00,7531.0,not_as_described,processed,original_payment
REF0001860,ORD0047912,A024059,2026-01-25 21:00:00,4813.0,not_as_described,processed,wallet
REF0001861,ORD0047913,A024059,2026-01-28 01:00:00,5242.0,not_as_described,processed,bank_transfer
REF0001862,ORD0047914,A024059,2026-01-29 23:00:00,8923.0,not_as_described,processed,wallet
REF0001863,ORD0047915,A024060,2026-01-23 05:00:00,4564.0,not_as_described,processed,original_payment
REF0001864,ORD0047916,A024060,2026-01-23 09:00:00,5588.0,not_as_described,processed,wallet
REF0001865,ORD0047917,A024060,2026-01-27 06:00:00,5916.0,size_fit,processed,bank_transfer
REF0001866,ORD0047920,A024061,2026-01-24 18:00:00,4630.0,not_as_described,processed,original_payment
REF0001867,ORD0047922,A024061,2026-01-29 15:00:00,5324.0,size_fit,processed,wallet
REF0001868,ORD0047924,A024062,2026-01-24 21:00:00,8401.0,size_fit,processed,original_payment
REF0001869,ORD0047925,A024062,2026-01-25 01:00:00,7608.0,size_fit,processed,bank_transfer
REF0001870,ORD0047927,A024063,2026-01-24 11:00:00,6978.0,not_as_described,processed,wallet
REF0001871,ORD0047928,A024063,2026-01-25 04:00:00,7098.0,not_as_described,processed,original_payment
REF0001872,ORD0047929,A024063,2026-01-27 08:00:00,7388.0,not_as_described,processed,original_payment
REF0001873,ORD0047930,A024063,2026-01-30 13:00:00,7588.0,not_as_described,processed,bank_transfer
REF0001874,ORD0047932,A024064,2026-02-14 19:00:00,5975.0,size_fit,processed,bank_transfer
REF0001875,ORD0047933,A024064,2026-02-20 08:00:00,5326.0,size_fit,processed,original_payment
REF0001876,ORD0047934,A024064,2026-02-20 08:00:00,8562.0,size_fit,processed,wallet
REF0001877,ORD0047936,A024065,2026-02-17 02:00:00,4443.0,not_as_described,processed,bank_transfer
REF0001878,ORD0047937,A024065,2026-02-20 06:00:00,6849.0,not_as_described,processed,original_payment
REF0001879,ORD0047938,A024065,2026-02-18 20:00:00,8305.0,not_as_described,processed,bank_transfer
REF0001880,ORD0047940,A024066,2026-02-18 07:00:00,5885.0,not_as_described,processed,wallet
REF0001881,ORD0047941,A024066,2026-02-19 00:00:00,7133.0,size_fit,processed,bank_transfer
REF0001882,ORD0047943,A024067,2026-02-13 23:00:00,6338.0,size_fit,processed,bank_transfer
REF0001883,ORD0047944,A024067,2026-02-16 04:00:00,7844.0,size_fit,processed,wallet
REF0001884,ORD0047946,A024067,2026-02-22 05:00:00,5217.0,size_fit,processed,bank_transfer
REF0001885,ORD0047947,A024068,2026-02-14 02:00:00,6390.0,size_fit,processed,original_payment
REF0001886,ORD0047948,A024068,2026-02-14 13:00:00,6342.0,size_fit,processed,wallet
REF0001887,ORD0047949,A024068,2026-02-19 03:00:00,4449.0,not_as_described,processed,original_payment
REF0001888,ORD0047950,A024068,2026-02-20 04:00:00,4553.0,size_fit,processed,wallet
REF0001889,ORD0047953,A024069,2026-02-20 07:00:00,6943.0,size_fit,processed,wallet
REF0001890,ORD0047954,A024069,2026-02-22 07:00:00,6764.0,not_as_described,processed,wallet
REF0001891,ORD0047955,A024070,2026-02-14 01:00:00,6604.0,size_fit,processed,wallet
REF0001892,ORD0047956,A024070,2026-02-17 08:00:00,8259.0,not_as_described,processed,wallet
REF0001893,ORD0047957,A024070,2026-02-17 11:00:00,8239.0,size_fit,processed,bank_transfer
REF0001894,ORD0047958,A024070,2026-02-22 01:00:00,7861.0,not_as_described,processed,bank_transfer
REF0001895,ORD0047959,A024071,2026-02-13 20:00:00,7633.0,size_fit,processed,bank_transfer
REF0001896,ORD0047960,A024071,2026-02-16 04:00:00,4897.0,size_fit,processed,original_payment
REF0001897,ORD0047961,A024071,2026-02-19 14:00:00,8394.0,not_as_described,processed,bank_transfer
REF0001898,ORD0047964,A024072,2026-02-08 15:00:00,6588.0,size_fit,processed,bank_transfer
REF0001899,ORD0047965,A024072,2026-02-09 12:00:00,8127.0,size_fit,processed,original_payment
REF0001900,ORD0047966,A024072,2026-02-13 09:00:00,8761.0,not_as_described,processed,wallet
REF0001901,ORD0047967,A024073,2026-02-07 13:00:00,8799.0,size_fit,processed,original_payment
REF0001902,ORD0047969,A024073,2026-02-10 02:00:00,5607.0,size_fit,processed,bank_transfer
REF0001903,ORD0047970,A024073,2026-02-14 06:00:00,6643.0,not_as_described,processed,wallet
REF0001904,ORD0047973,A024074,2026-02-09 17:00:00,5706.0,not_as_described,processed,original_payment
REF0001905,ORD0047976,A024075,2026-02-09 13:00:00,6655.0,size_fit,processed,original_payment
REF0001906,ORD0047977,A024075,2026-02-09 00:00:00,8966.0,not_as_described,processed,original_payment
REF0001907,ORD0047978,A024075,2026-02-14 04:00:00,7989.0,size_fit,processed,wallet
REF0001908,ORD0047980,A024076,2026-02-09 06:00:00,7630.0,size_fit,processed,bank_transfer
REF0001909,ORD0047982,A024076,2026-02-11 07:00:00,6627.0,size_fit,processed,bank_transfer
REF0001910,ORD0047984,A024077,2026-02-10 03:00:00,8462.0,size_fit,processed,wallet
REF0001911,ORD0047985,A024077,2026-02-10 14:00:00,7754.0,not_as_described,processed,wallet
REF0001912,ORD0047989,A024078,2026-02-10 09:00:00,6096.0,size_fit,processed,bank_transfer
REF0001913,ORD0047990,A024078,2026-02-13 22:00:00,6321.0,size_fit,processed,wallet
REF0001914,ORD0047992,A024079,2026-02-07 01:00:00,4098.0,not_as_described,processed,bank_transfer
REF0001915,ORD0047993,A024079,2026-02-12 16:00:00,8698.0,not_as_described,processed,wallet
REF0001916,ORD0047994,A024079,2026-02-11 01:00:00,4646.0,not_as_described,processed,bank_transfer
REF0001917,ORD0047996,A024080,2026-01-23 00:00:00,6911.0,not_as_described,processed,bank_transfer
REF0001918,ORD0048000,A024081,2026-01-25 09:00:00,7051.0,size_fit,processed,original_payment
REF0001919,ORD0048001,A024081,2026-01-26 01:00:00,5640.0,size_fit,processed,bank_transfer
REF0001920,ORD0048002,A024081,2026-01-25 19:00:00,7161.0,not_as_described,processed,wallet
REF0001921,ORD0048004,A024082,2026-01-22 09:00:00,4104.0,not_as_described,processed,original_payment
REF0001922,ORD0048005,A024082,2026-01-23 22:00:00,6403.0,not_as_described,processed,bank_transfer
REF0001923,ORD0048006,A024082,2026-01-27 03:00:00,7168.0,size_fit,processed,wallet
REF0001924,ORD0048008,A024083,2026-01-21 14:00:00,8302.0,size_fit,processed,bank_transfer
REF0001925,ORD0048009,A024083,2026-01-23 16:00:00,6272.0,not_as_described,processed,wallet
REF0001926,ORD0048010,A024083,2026-01-27 03:00:00,7871.0,size_fit,processed,wallet
REF0001927,ORD0048013,A024084,2026-01-26 21:00:00,5448.0,not_as_described,processed,wallet
REF0001928,ORD0048014,A024084,2026-01-28 23:00:00,7953.0,size_fit,processed,bank_transfer
REF0001929,ORD0048015,A024085,2026-01-20 00:00:00,7554.0,not_as_described,processed,original_payment
REF0001930,ORD0048016,A024085,2026-01-24 11:00:00,6760.0,size_fit,processed,original_payment
REF0001931,ORD0048018,A024085,2026-01-28 15:00:00,4158.0,not_as_described,processed,bank_transfer
REF0001932,ORD0048020,A024086,2026-01-24 09:00:00,6123.0,size_fit,processed,original_payment
REF0001933,ORD0048021,A024086,2026-01-27 12:00:00,5618.0,not_as_described,processed,original_payment
REF0001934,ORD0048022,A024086,2026-01-28 17:00:00,6083.0,size_fit,processed,wallet
REF0001935,ORD0048023,A024087,2026-01-22 17:00:00,5109.0,not_as_described,processed,wallet
REF0001936,ORD0048024,A024087,2026-01-24 10:00:00,4480.0,size_fit,processed,original_payment
REF0001937,ORD0048025,A024087,2026-01-24 03:00:00,6550.0,size_fit,processed,wallet
REF0001938,ORD0048026,A024087,2026-01-28 18:00:00,7873.0,size_fit,processed,original_payment
REF0001939,ORD0048028,A024088,2026-02-13 00:00:00,4217.0,size_fit,processed,original_payment
REF0001940,ORD0048029,A024088,2026-02-14 21:00:00,5287.0,size_fit,processed,original_payment
REF0001941,ORD0048030,A024088,2026-02-15 17:00:00,7571.0,size_fit,processed,original_payment
REF0001942,ORD0048031,A024089,2026-02-08 20:00:00,7757.0,not_as_described,processed,bank_transfer
REF0001943,ORD0048032,A024089,2026-02-10 15:00:00,4811.0,size_fit,processed,original_payment
REF0001944,ORD0048033,A024089,2026-02-14 17:00:00,8951.0,not_as_described,processed,original_payment
REF0001945,ORD0048035,A024090,2026-02-10 23:00:00,8778.0,not_as_described,processed,original_payment
REF0001946,ORD0048036,A024090,2026-02-12 14:00:00,7280.0,size_fit,processed,bank_transfer
REF0001947,ORD0048037,A024090,2026-02-14 05:00:00,7729.0,not_as_described,processed,bank_transfer
REF0001948,ORD0048038,A024090,2026-02-16 21:00:00,4132.0,not_as_described,processed,original_payment
REF0001949,ORD0048040,A024091,2026-02-10 22:00:00,4519.0,not_as_described,processed,original_payment
REF0001950,ORD0048041,A024091,2026-02-14 04:00:00,5353.0,size_fit,processed,bank_transfer
REF0001951,ORD0048042,A024091,2026-02-15 17:00:00,7196.0,not_as_described,processed,original_payment
REF0001952,ORD0048044,A024092,2026-02-12 13:00:00,4859.0,size_fit,processed,bank_transfer
REF0001953,ORD0048045,A024092,2026-02-13 22:00:00,8202.0,not_as_described,processed,wallet
REF0001954,ORD0048046,A024092,2026-02-16 18:00:00,6928.0,size_fit,processed,bank_transfer
REF0001955,ORD0048048,A024093,2026-02-13 10:00:00,6607.0,size_fit,processed,wallet
REF0001956,ORD0048049,A024093,2026-02-13 02:00:00,5601.0,size_fit,processed,original_payment
REF0001957,ORD0048052,A024094,2026-02-11 04:00:00,7497.0,size_fit,processed,bank_transfer
REF0001958,ORD0048053,A024094,2026-02-16 17:00:00,7097.0,size_fit,processed,wallet
REF0001959,ORD0048057,A024095,2026-02-16 01:00:00,4431.0,not_as_described,processed,wallet
REF0001960,ORD0048058,A024095,2026-02-16 08:00:00,8893.0,not_as_described,processed,wallet
REF0001961,ORD0048059,A024096,2026-02-16 08:00:00,7272.0,size_fit,processed,original_payment
REF0001962,ORD0048060,A024096,2026-02-17 02:00:00,8330.0,not_as_described,processed,original_payment
REF0001963,ORD0048061,A024096,2026-02-19 03:00:00,6198.0,size_fit,processed,wallet
REF0001964,ORD0048062,A024096,2026-02-20 18:00:00,8663.0,not_as_described,processed,original_payment
REF0001965,ORD0048064,A024097,2026-02-18 18:00:00,5752.0,not_as_described,processed,wallet
REF0001966,ORD0048065,A024097,2026-02-17 17:00:00,5892.0,size_fit,processed,wallet
REF0001967,ORD0048066,A024097,2026-02-23 01:00:00,8842.0,size_fit,processed,wallet
REF0001968,ORD0048068,A024098,2026-02-18 14:00:00,8637.0,size_fit,processed,bank_transfer
REF0001969,ORD0048069,A024098,2026-02-18 03:00:00,7282.0,not_as_described,processed,wallet
REF0001970,ORD0048070,A024098,2026-02-20 13:00:00,6894.0,not_as_described,processed,wallet
REF0001971,ORD0048072,A024099,2026-02-15 20:00:00,4755.0,not_as_described,processed,bank_transfer
REF0001972,ORD0048073,A024099,2026-02-19 08:00:00,4027.0,not_as_described,processed,original_payment
REF0001973,ORD0048076,A024100,2026-02-16 09:00:00,4748.0,size_fit,processed,bank_transfer
REF0001974,ORD0048077,A024100,2026-02-18 07:00:00,8817.0,not_as_described,processed,original_payment
REF0001975,ORD0048078,A024100,2026-02-19 21:00:00,8810.0,not_as_described,processed,original_payment
REF0001976,ORD0048080,A024101,2026-02-17 16:00:00,8910.0,not_as_described,processed,wallet
REF0001977,ORD0048081,A024101,2026-02-21 10:00:00,4638.0,size_fit,processed,original_payment
REF0001978,ORD0048082,A024101,2026-02-21 07:00:00,8188.0,not_as_described,processed,bank_transfer
REF0001979,ORD0048084,A024102,2026-02-18 11:00:00,6168.0,not_as_described,processed,original_payment
REF0001980,ORD0048085,A024102,2026-02-18 05:00:00,5883.0,size_fit,processed,bank_transfer
REF0001981,ORD0048086,A024102,2026-02-21 00:00:00,8805.0,not_as_described,processed,bank_transfer
REF0001982,ORD0048087,A024103,2026-02-17 03:00:00,5720.0,not_as_described,processed,bank_transfer
REF0001983,ORD0048089,A024103,2026-02-21 20:00:00,5225.0,size_fit,processed,wallet
REF0001984,ORD0048090,A024103,2026-02-21 11:00:00,7171.0,size_fit,processed,bank_transfer
REF0001985,ORD0048092,A024104,2026-01-14 06:00:00,6610.0,not_as_described,processed,bank_transfer
REF0001986,ORD0048093,A024104,2026-01-14 13:00:00,8187.0,size_fit,processed,bank_transfer
REF0001987,ORD0048096,A024105,2026-01-13 08:00:00,7964.0,size_fit,processed,original_payment
REF0001988,ORD0048097,A024105,2026-01-15 13:00:00,5553.0,not_as_described,processed,bank_transfer
REF0001989,ORD0048101,A024106,2026-01-16 04:00:00,7131.0,size_fit,processed,bank_transfer
REF0001990,ORD0048104,A024107,2026-01-13 19:00:00,6282.0,size_fit,processed,wallet
REF0001991,ORD0048105,A024107,2026-01-17 06:00:00,4570.0,size_fit,processed,original_payment
REF0001992,ORD0048107,A024108,2026-01-10 18:00:00,4175.0,not_as_described,processed,original_payment
REF0001993,ORD0048108,A024108,2026-01-15 17:00:00,8091.0,size_fit,processed,original_payment
REF0001994,ORD0048109,A024108,2026-01-15 05:00:00,8885.0,not_as_described,processed,bank_transfer
REF0001995,ORD0048110,A024108,2026-01-17 01:00:00,8664.0,size_fit,processed,original_payment
REF0001996,ORD0048112,A024109,2026-01-15 12:00:00,5009.0,not_as_described,processed,bank_transfer
REF0001997,ORD0048113,A024109,2026-01-15 01:00:00,7124.0,not_as_described,processed,bank_transfer
REF0001998,ORD0048114,A024109,2026-01-20 12:00:00,5129.0,not_as_described,processed,wallet
REF0001999,ORD0048115,A024110,2026-01-13 07:00:00,4618.0,not_as_described,processed,bank_transfer
REF0002000,ORD0048116,A024110,2026-01-14 11:00:00,7265.0,size_fit,processed,original_payment
REF0002001,ORD0048117,A024110,2026-01-17 13:00:00,7838.0,not_as_described,processed,wallet
REF0002002,ORD0048118,A024110,2026-01-18 11:00:00,4939.0,not_as_described,processed,bank_transfer
REF0002003,ORD0048120,A024111,2026-01-16 07:00:00,4494.0,size_fit,processed,original_payment
REF0002004,ORD0048121,A024111,2026-01-15 19:00:00,4334.0,size_fit,processed,original_payment
REF0002005,ORD0048124,A024112,2026-01-14 02:00:00,7738.0,not_as_described,processed,wallet
REF0002006,ORD0048125,A024112,2026-01-15 15:00:00,8281.0,size_fit,processed,original_payment
REF0002007,ORD0048128,A024113,2026-01-13 20:00:00,5846.0,not_as_described,processed,wallet
REF0002008,ORD0048129,A024113,2026-01-14 19:00:00,5077.0,size_fit,processed,wallet
REF0002009,ORD0048131,A024114,2026-01-11 13:00:00,7662.0,size_fit,processed,original_payment
REF0002010,ORD0048132,A024114,2026-01-13 23:00:00,4772.0,size_fit,processed,wallet
REF0002011,ORD0048133,A024114,2026-01-15 04:00:00,4945.0,not_as_described,processed,wallet
REF0002012,ORD0048134,A024114,2026-01-18 10:00:00,4875.0,not_as_described,processed,bank_transfer
REF0002013,ORD0048135,A024115,2026-01-13 01:00:00,5241.0,size_fit,processed,bank_transfer
REF0002014,ORD0048136,A024115,2026-01-14 00:00:00,7525.0,size_fit,processed,bank_transfer
REF0002015,ORD0048137,A024115,2026-01-15 03:00:00,6907.0,not_as_described,processed,bank_transfer
REF0002016,ORD0048138,A024115,2026-01-17 18:00:00,8102.0,size_fit,processed,original_payment
REF0002017,ORD0048139,A024116,2026-01-14 09:00:00,5716.0,size_fit,processed,wallet
REF0002018,ORD0048140,A024116,2026-01-12 14:00:00,5569.0,size_fit,processed,wallet
REF0002019,ORD0048141,A024116,2026-01-17 21:00:00,7504.0,size_fit,processed,original_payment
REF0002020,ORD0048144,A024117,2026-01-16 13:00:00,8994.0,size_fit,processed,original_payment
REF0002021,ORD0048145,A024117,2026-01-18 01:00:00,6521.0,not_as_described,processed,original_payment
REF0002022,ORD0048146,A024117,2026-01-18 07:00:00,4079.0,size_fit,processed,wallet
REF0002023,ORD0048148,A024118,2026-01-13 14:00:00,8947.0,size_fit,processed,wallet
REF0002024,ORD0048151,A024119,2026-01-13 08:00:00,6008.0,not_as_described,processed,wallet
REF0002025,ORD0048152,A024119,2026-01-15 10:00:00,6159.0,size_fit,processed,bank_transfer
REF0002026,ORD0048153,A024119,2026-01-15 09:00:00,4848.0,not_as_described,processed,original_payment
REF0002027,ORD0048156,A024120,2026-01-28 23:00:00,7847.0,size_fit,processed,original_payment
REF0002028,ORD0048157,A024120,2026-01-30 20:00:00,5176.0,size_fit,processed,wallet
REF0002029,ORD0048158,A024120,2026-01-31 12:00:00,4026.0,size_fit,processed,bank_transfer
REF0002030,ORD0048160,A024121,2026-01-26 02:00:00,8175.0,not_as_described,processed,bank_transfer
REF0002031,ORD0048161,A024121,2026-01-27 17:00:00,5817.0,not_as_described,processed,bank_transfer
REF0002032,ORD0048164,A024122,2026-01-25 21:00:00,5857.0,size_fit,processed,wallet
REF0002033,ORD0048165,A024122,2026-01-30 01:00:00,6176.0,size_fit,processed,wallet
REF0002034,ORD0048168,A024123,2026-01-29 06:00:00,5229.0,size_fit,processed,wallet
REF0002035,ORD0048169,A024123,2026-01-27 15:00:00,6070.0,size_fit,processed,bank_transfer
REF0002036,ORD0048170,A024123,2026-02-01 19:00:00,6319.0,size_fit,processed,original_payment
REF0002037,ORD0048171,A024124,2026-01-24 02:00:00,7181.0,size_fit,processed,wallet
REF0002038,ORD0048173,A024124,2026-01-31 06:00:00,6010.0,size_fit,processed,original_payment
REF0002039,ORD0048174,A024124,2026-02-02 05:00:00,5279.0,size_fit,processed,original_payment
REF0002040,ORD0048176,A024125,2026-01-26 07:00:00,8254.0,size_fit,processed,original_payment
REF0002041,ORD0048177,A024125,2026-01-28 03:00:00,8291.0,not_as_described,processed,wallet
REF0002042,ORD0048178,A024125,2026-02-01 23:00:00,7799.0,size_fit,processed,bank_transfer
REF0002043,ORD0048180,A024126,2026-01-26 13:00:00,4936.0,not_as_described,processed,wallet
REF0002044,ORD0048181,A024126,2026-01-28 13:00:00,7746.0,size_fit,processed,bank_transfer
REF0002045,ORD0048184,A024127,2026-01-29 13:00:00,8805.0,not_as_described,processed,bank_transfer
REF0002046,ORD0048185,A024127,2026-01-28 04:00:00,7389.0,not_as_described,processed,bank_transfer
REF0002047,ORD0048188,A024128,2026-02-18 03:00:00,5110.0,size_fit,processed,wallet
REF0002048,ORD0048189,A024128,2026-02-18 18:00:00,5420.0,not_as_described,processed,bank_transfer
REF0002049,ORD0048190,A024128,2026-02-20 06:00:00,6400.0,not_as_described,processed,wallet
REF0002050,ORD0048192,A024129,2026-02-16 11:00:00,8147.0,size_fit,processed,bank_transfer
REF0002051,ORD0048193,A024129,2026-02-18 15:00:00,5601.0,not_as_described,processed,wallet
REF0002052,ORD0048196,A024130,2026-02-17 04:00:00,4254.0,not_as_described,processed,bank_transfer
REF0002053,ORD0048197,A024130,2026-02-18 22:00:00,5116.0,not_as_described,processed,original_payment
REF0002054,ORD0048199,A024131,2026-02-17 03:00:00,5153.0,size_fit,processed,wallet
REF0002055,ORD0048200,A024131,2026-02-19 04:00:00,4539.0,not_as_described,processed,bank_transfer
REF0002056,ORD0048201,A024131,2026-02-19 18:00:00,6380.0,size_fit,processed,wallet
REF0002057,ORD0048203,A024132,2026-02-15 11:00:00,8856.0,not_as_described,processed,bank_transfer
REF0002058,ORD0048205,A024132,2026-02-18 00:00:00,5660.0,size_fit,processed,bank_transfer
REF0002059,ORD0048206,A024132,2026-02-20 08:00:00,4936.0,size_fit,processed,original_payment
REF0002060,ORD0048208,A024133,2026-02-18 07:00:00,6901.0,size_fit,processed,original_payment
REF0002061,ORD0048209,A024133,2026-02-21 14:00:00,5537.0,not_as_described,processed,wallet
REF0002062,ORD0048210,A024133,2026-02-20 20:00:00,6236.0,size_fit,processed,wallet
REF0002063,ORD0048211,A024134,2026-02-17 05:00:00,7907.0,size_fit,processed,original_payment
REF0002064,ORD0048212,A024134,2026-02-18 13:00:00,8210.0,not_as_described,processed,original_payment
REF0002065,ORD0048213,A024134,2026-02-18 08:00:00,8407.0,size_fit,processed,wallet
REF0002066,ORD0048216,A024135,2026-02-18 05:00:00,5449.0,size_fit,processed,original_payment
REF0002067,ORD0048217,A024135,2026-02-19 14:00:00,4775.0,not_as_described,processed,original_payment
REF0002068,ORD0048220,A024136,2026-02-05 23:00:00,7714.0,not_as_described,processed,bank_transfer
REF0002069,ORD0048221,A024136,2026-02-06 20:00:00,4185.0,not_as_described,processed,original_payment
REF0002070,ORD0048224,A024137,2026-02-05 06:00:00,7687.0,size_fit,processed,bank_transfer
REF0002071,ORD0048225,A024137,2026-02-06 21:00:00,6573.0,not_as_described,processed,original_payment
REF0002072,ORD0048226,A024137,2026-02-07 01:00:00,8810.0,not_as_described,processed,original_payment
REF0002073,ORD0048228,A024138,2026-02-04 09:00:00,5832.0,not_as_described,processed,wallet
REF0002074,ORD0048229,A024138,2026-02-08 06:00:00,6849.0,size_fit,processed,wallet
REF0002075,ORD0048230,A024138,2026-02-07 22:00:00,6008.0,not_as_described,processed,bank_transfer
REF0002076,ORD0048231,A024139,2026-02-04 08:00:00,7798.0,size_fit,processed,wallet
REF0002077,ORD0048232,A024139,2026-02-04 11:00:00,4782.0,not_as_described,processed,bank_transfer
REF0002078,ORD0048233,A024139,2026-02-06 08:00:00,5119.0,size_fit,processed,original_payment
REF0002079,ORD0048237,A024140,2026-02-07 14:00:00,5612.0,size_fit,processed,original_payment
REF0002080,ORD0048238,A024140,2026-02-09 23:00:00,5516.0,size_fit,processed,wallet
REF0002081,ORD0048239,A024141,2026-02-01 06:00:00,6909.0,not_as_described,processed,wallet
REF0002082,ORD0048240,A024141,2026-02-05 09:00:00,6736.0,size_fit,processed,wallet
REF0002083,ORD0048241,A024141,2026-02-08 04:00:00,6062.0,size_fit,processed,bank_transfer
REF0002084,ORD0048242,A024141,2026-02-07 05:00:00,5653.0,size_fit,processed,wallet
REF0002085,ORD0048244,A024142,2026-02-06 01:00:00,8923.0,not_as_described,processed,bank_transfer
REF0002086,ORD0048245,A024142,2026-02-06 07:00:00,4885.0,not_as_described,processed,bank_transfer
REF0002087,ORD0048247,A024143,2026-02-03 07:00:00,4111.0,not_as_described,processed,original_payment
REF0002088,ORD0048248,A024143,2026-02-03 06:00:00,6223.0,size_fit,processed,wallet
REF0002089,ORD0048249,A024143,2026-02-07 06:00:00,7133.0,not_as_described,processed,wallet
REF0002090,ORD0048252,A024144,2026-02-07 05:00:00,6470.0,not_as_described,processed,wallet
REF0002091,ORD0048253,A024144,2026-02-07 15:00:00,7702.0,size_fit,processed,wallet
REF0002092,ORD0048254,A024144,2026-02-10 20:00:00,7557.0,size_fit,processed,wallet
REF0002093,ORD0048256,A024145,2026-02-09 00:00:00,5108.0,not_as_described,processed,wallet
REF0002094,ORD0048257,A024145,2026-02-08 06:00:00,7017.0,size_fit,processed,original_payment
REF0002095,ORD0048258,A024145,2026-02-09 12:00:00,6875.0,size_fit,processed,wallet
REF0002096,ORD0048259,A024146,2026-02-07 01:00:00,8628.0,not_as_described,processed,original_payment
REF0002097,ORD0048261,A024146,2026-02-10 14:00:00,6546.0,size_fit,processed,original_payment
REF0002098,ORD0048264,A024147,2026-02-06 23:00:00,7069.0,size_fit,processed,original_payment
REF0002099,ORD0048265,A024147,2026-02-09 18:00:00,6508.0,size_fit,processed,bank_transfer
REF0002100,ORD0048268,A024148,2026-02-07 18:00:00,8847.0,size_fit,processed,bank_transfer
REF0002101,ORD0048269,A024148,2026-02-10 08:00:00,5884.0,size_fit,processed,original_payment
REF0002102,ORD0048270,A024148,2026-02-13 07:00:00,7670.0,not_as_described,processed,original_payment
REF0002103,ORD0048272,A024149,2026-02-06 06:00:00,6387.0,not_as_described,processed,wallet
REF0002104,ORD0048273,A024149,2026-02-08 11:00:00,8936.0,size_fit,processed,original_payment
REF0002105,ORD0048274,A024149,2026-02-11 07:00:00,8288.0,size_fit,processed,wallet
REF0002106,ORD0048276,A024150,2026-02-08 17:00:00,8228.0,size_fit,processed,bank_transfer
REF0002107,ORD0048277,A024150,2026-02-07 23:00:00,8004.0,not_as_described,processed,original_payment
REF0002108,ORD0048278,A024150,2026-02-10 01:00:00,8425.0,size_fit,processed,bank_transfer
REF0002109,ORD0048279,A024151,2026-02-05 04:00:00,4663.0,size_fit,processed,wallet
REF0002110,ORD0048280,A024151,2026-02-08 02:00:00,6205.0,not_as_described,processed,wallet
REF0002111,ORD0048281,A024151,2026-02-09 05:00:00,6128.0,size_fit,processed,wallet
REF0002112,ORD0048282,A024151,2026-02-10 07:00:00,7256.0,size_fit,processed,bank_transfer
REF0002113,ORD0048284,A024152,2026-01-23 16:00:00,4724.0,size_fit,processed,wallet
REF0002114,ORD0048285,A024152,2026-01-26 06:00:00,6106.0,size_fit,processed,bank_transfer
REF0002115,ORD0048289,A024153,2026-01-23 21:00:00,8915.0,not_as_described,processed,wallet
REF0002116,ORD0048290,A024153,2026-01-25 18:00:00,6734.0,not_as_described,processed,wallet
REF0002117,ORD0048292,A024154,2026-01-21 08:00:00,6562.0,size_fit,processed,bank_transfer
REF0002118,ORD0048293,A024154,2026-01-23 02:00:00,6374.0,size_fit,processed,wallet
REF0002119,ORD0048297,A024155,2026-01-25 09:00:00,8869.0,size_fit,processed,wallet
REF0002120,ORD0048298,A024155,2026-01-28 05:00:00,6241.0,size_fit,processed,wallet
REF0002121,ORD0048299,A024156,2026-01-21 00:00:00,8559.0,not_as_described,processed,wallet
REF0002122,ORD0048300,A024156,2026-01-21 05:00:00,4155.0,not_as_described,processed,wallet
REF0002123,ORD0048301,A024156,2026-01-24 01:00:00,6311.0,size_fit,processed,bank_transfer
REF0002124,ORD0048302,A024156,2026-01-27 03:00:00,5776.0,size_fit,processed,bank_transfer
REF0002125,ORD0048305,A024157,2026-01-25 02:00:00,6146.0,size_fit,processed,bank_transfer
REF0002126,ORD0048306,A024157,2026-01-27 03:00:00,4619.0,not_as_described,processed,wallet
REF0002127,ORD0048308,A024158,2026-01-23 22:00:00,4755.0,not_as_described,processed,original_payment
REF0002128,ORD0048309,A024158,2026-01-25 14:00:00,5707.0,size_fit,processed,bank_transfer
REF0002129,ORD0048311,A024159,2026-01-19 19:00:00,4367.0,not_as_described,processed,wallet
REF0002130,ORD0048312,A024159,2026-01-22 21:00:00,4541.0,size_fit,processed,bank_transfer
REF0002131,ORD0048313,A024159,2026-01-26 02:00:00,5761.0,size_fit,processed,wallet
REF0002132,ORD0048314,A024159,2026-01-26 05:00:00,5925.0,size_fit,processed,bank_transfer
REF0002133,ORD0048316,A024160,2026-01-15 06:00:00,7994.0,not_as_described,processed,wallet
REF0002134,ORD0048317,A024160,2026-01-19 08:00:00,7823.0,size_fit,processed,wallet
REF0002135,ORD0048319,A024161,2026-01-16 05:00:00,4340.0,not_as_described,processed,original_payment
REF0002136,ORD0048320,A024161,2026-01-16 13:00:00,7850.0,size_fit,processed,bank_transfer
REF0002137,ORD0048321,A024161,2026-01-19 19:00:00,7343.0,not_as_described,processed,bank_transfer
REF0002138,ORD0048322,A024161,2026-01-20 07:00:00,8284.0,not_as_described,processed,bank_transfer
REF0002139,ORD0048323,A024162,2026-01-15 16:00:00,7296.0,size_fit,processed,wallet
REF0002140,ORD0048324,A024162,2026-01-16 11:00:00,6125.0,size_fit,processed,wallet
REF0002141,ORD0048325,A024162,2026-01-19 04:00:00,8583.0,size_fit,processed,original_payment
REF0002142,ORD0048326,A024162,2026-01-20 09:00:00,6088.0,size_fit,processed,wallet
REF0002143,ORD0048328,A024163,2026-01-17 12:00:00,6416.0,not_as_described,processed,original_payment
REF0002144,ORD0048330,A024163,2026-01-21 04:00:00,8190.0,not_as_described,processed,wallet
REF0002145,ORD0048331,A024164,2026-01-13 16:00:00,5516.0,not_as_described,processed,bank_transfer
REF0002146,ORD0048332,A024164,2026-01-17 04:00:00,4575.0,size_fit,processed,bank_transfer
REF0002147,ORD0048333,A024164,2026-01-16 14:00:00,5684.0,not_as_described,processed,wallet
REF0002148,ORD0048334,A024164,2026-01-21 01:00:00,6561.0,size_fit,processed,wallet
REF0002149,ORD0048335,A024165,2026-01-14 07:00:00,5306.0,not_as_described,processed,bank_transfer
REF0002150,ORD0048336,A024165,2026-01-16 01:00:00,6938.0,size_fit,processed,original_payment
REF0002151,ORD0048339,A024166,2026-01-16 00:00:00,7854.0,not_as_described,processed,bank_transfer
REF0002152,ORD0048341,A024166,2026-01-18 10:00:00,5573.0,not_as_described,processed,bank_transfer
REF0002153,ORD0048343,A024167,2026-01-14 21:00:00,6388.0,not_as_described,processed,original_payment
REF0002154,ORD0048344,A024167,2026-01-17 04:00:00,7268.0,not_as_described,processed,original_payment
REF0002155,ORD0048345,A024167,2026-01-18 13:00:00,7995.0,not_as_described,processed,wallet
REF0002156,ORD0048346,A024167,2026-01-20 17:00:00,4682.0,not_as_described,processed,original_payment
REF0002157,ORD0048347,A024168,2026-01-30 12:00:00,7322.0,size_fit,processed,bank_transfer
REF0002158,ORD0048348,A024168,2026-01-31 21:00:00,7134.0,size_fit,processed,original_payment
REF0002159,ORD0048349,A024168,2026-02-02 21:00:00,8987.0,not_as_described,processed,bank_transfer
REF0002160,ORD0048351,A024169,2026-01-30 12:00:00,7968.0,not_as_described,processed,original_payment
REF0002161,ORD0048352,A024169,2026-01-30 15:00:00,6693.0,not_as_described,processed,original_payment
REF0002162,ORD0048353,A024169,2026-02-04 11:00:00,6810.0,not_as_described,processed,wallet
REF0002163,ORD0048356,A024170,2026-01-30 15:00:00,6954.0,not_as_described,processed,wallet
REF0002164,ORD0048357,A024170,2026-02-05 01:00:00,6780.0,size_fit,processed,wallet
REF0002165,ORD0048358,A024170,2026-02-06 22:00:00,6441.0,size_fit,processed,wallet
REF0002166,ORD0048359,A024171,2026-02-01 04:00:00,5021.0,size_fit,processed,original_payment
REF0002167,ORD0048360,A024171,2026-01-31 14:00:00,4416.0,size_fit,processed,bank_transfer
REF0002168,ORD0048361,A024171,2026-02-03 00:00:00,7540.0,size_fit,processed,bank_transfer
REF0002169,ORD0048364,A024172,2026-01-30 22:00:00,8940.0,not_as_described,processed,bank_transfer
REF0002170,ORD0048365,A024172,2026-02-03 06:00:00,6430.0,size_fit,processed,bank_transfer
REF0002171,ORD0048367,A024173,2026-01-30 07:00:00,7088.0,not_as_described,processed,wallet
REF0002172,ORD0048368,A024173,2026-01-31 20:00:00,4903.0,size_fit,processed,bank_transfer
REF0002173,ORD0048369,A024173,2026-02-04 10:00:00,4505.0,not_as_described,processed,wallet
REF0002174,ORD0048370,A024173,2026-02-05 14:00:00,4162.0,size_fit,processed,wallet
REF0002175,ORD0048371,A024174,2026-01-28 22:00:00,5986.0,not_as_described,processed,original_payment
REF0002176,ORD0048372,A024174,2026-02-01 21:00:00,6868.0,not_as_described,processed,bank_transfer
REF0002177,ORD0048373,A024174,2026-02-04 05:00:00,5562.0,not_as_described,processed,original_payment
REF0002178,ORD0048375,A024175,2026-01-29 14:00:00,6838.0,size_fit,processed,wallet
REF0002179,ORD0048376,A024175,2026-01-31 09:00:00,6584.0,not_as_described,processed,original_payment
REF0002180,ORD0048377,A024175,2026-02-04 20:00:00,4331.0,not_as_described,processed,original_payment
REF0002181,ORD0048378,A024175,2026-02-06 12:00:00,5504.0,size_fit,processed,wallet
REF0002182,ORD0048380,A024176,2026-02-11 08:00:00,8945.0,not_as_described,processed,wallet
REF0002183,ORD0048381,A024176,2026-02-09 18:00:00,5452.0,size_fit,processed,original_payment
REF0002184,ORD0048382,A024176,2026-02-12 16:00:00,7426.0,not_as_described,processed,bank_transfer
REF0002185,ORD0048384,A024177,2026-02-10 19:00:00,7481.0,size_fit,processed,wallet
REF0002186,ORD0048385,A024177,2026-02-11 18:00:00,4749.0,size_fit,processed,wallet
REF0002187,ORD0048387,A024178,2026-02-05 11:00:00,6183.0,size_fit,processed,original_payment
REF0002188,ORD0048389,A024178,2026-02-10 03:00:00,4224.0,size_fit,processed,bank_transfer
REF0002189,ORD0048390,A024178,2026-02-13 15:00:00,5716.0,not_as_described,processed,original_payment
REF0002190,ORD0048391,A024179,2026-02-05 23:00:00,8956.0,size_fit,processed,bank_transfer
REF0002191,ORD0048392,A024179,2026-02-08 03:00:00,5954.0,not_as_described,processed,bank_transfer
REF0002192,ORD0048393,A024179,2026-02-12 22:00:00,7765.0,size_fit,processed,wallet
REF0002193,ORD0048394,A024179,2026-02-14 19:00:00,6633.0,not_as_described,processed,wallet
REF0002194,ORD0048396,A024180,2026-02-09 00:00:00,6084.0,not_as_described,processed,wallet
REF0002195,ORD0048397,A024180,2026-02-09 15:00:00,5948.0,size_fit,processed,wallet
REF0002196,ORD0048398,A024180,2026-02-12 13:00:00,8657.0,size_fit,processed,bank_transfer
REF0002197,ORD0048400,A024181,2026-02-11 12:00:00,4530.0,size_fit,processed,bank_transfer
REF0002198,ORD0048401,A024181,2026-02-12 10:00:00,7786.0,not_as_described,processed,original_payment
REF0002199,ORD0048404,A024182,2026-02-09 18:00:00,6063.0,size_fit,processed,wallet
REF0002200,ORD0048405,A024182,2026-02-12 04:00:00,4801.0,not_as_described,processed,wallet
REF0002201,ORD0048406,A024182,2026-02-13 06:00:00,8190.0,not_as_described,processed,original_payment
REF0002202,ORD0048408,A024183,2026-02-11 16:00:00,7601.0,size_fit,processed,wallet
REF0002203,ORD0048409,A024183,2026-02-13 03:00:00,8733.0,not_as_described,processed,original_payment
REF0002204,ORD0048412,A024184,2026-02-18 19:00:00,8137.0,not_as_described,processed,original_payment
REF0002205,ORD0048413,A024184,2026-02-18 22:00:00,7635.0,size_fit,processed,wallet
REF0002206,ORD0048414,A024184,2026-02-21 00:00:00,6598.0,size_fit,processed,wallet
REF0002207,ORD0048416,A024185,2026-02-19 13:00:00,5908.0,not_as_described,processed,wallet
REF0002208,ORD0048417,A024185,2026-02-20 01:00:00,5691.0,not_as_described,processed,original_payment
REF0002209,ORD0048418,A024185,2026-02-24 03:00:00,8007.0,not_as_described,processed,original_payment
REF0002210,ORD0048419,A024186,2026-02-18 05:00:00,6010.0,not_as_described,processed,original_payment
REF0002211,ORD0048420,A024186,2026-02-18 22:00:00,7243.0,not_as_described,processed,bank_transfer
REF0002212,ORD0048421,A024186,2026-02-19 05:00:00,8097.0,size_fit,processed,wallet
REF0002213,ORD0048424,A024187,2026-02-19 23:00:00,7294.0,not_as_described,processed,bank_transfer
REF0002214,ORD0048425,A024187,2026-02-19 01:00:00,6313.0,not_as_described,processed,wallet
REF0002215,ORD0048428,A024188,2026-02-18 02:00:00,8974.0,size_fit,processed,original_payment
REF0002216,ORD0048429,A024188,2026-02-22 05:00:00,5840.0,size_fit,processed,bank_transfer
REF0002217,ORD0048432,A024189,2026-02-18 21:00:00,7082.0,not_as_described,processed,wallet
REF0002218,ORD0048433,A024189,2026-02-21 17:00:00,8790.0,size_fit,processed,wallet
REF0002219,ORD0048436,A024190,2026-02-20 04:00:00,8151.0,size_fit,processed,original_payment
REF0002220,ORD0048437,A024190,2026-02-20 11:00:00,8849.0,not_as_described,processed,bank_transfer
REF0002221,ORD0048438,A024190,2026-02-21 08:00:00,6750.0,not_as_described,processed,original_payment
REF0002222,ORD0048440,A024191,2026-02-18 22:00:00,4125.0,size_fit,processed,original_payment
REF0002223,ORD0048441,A024191,2026-02-19 09:00:00,8079.0,not_as_described,processed,bank_transfer
REF0002224,ORD0048443,A024192,2026-01-22 17:00:00,8977.0,not_as_described,processed,original_payment
REF0002225,ORD0048444,A024192,2026-01-23 01:00:00,6378.0,not_as_described,processed,original_payment
REF0002226,ORD0048445,A024192,2026-01-24 09:00:00,7483.0,not_as_described,processed,bank_transfer
REF0002227,ORD0048447,A024193,2026-01-22 15:00:00,7610.0,size_fit,processed,wallet
REF0002228,ORD0048448,A024193,2026-01-23 17:00:00,5671.0,size_fit,processed,bank_transfer
REF0002229,ORD0048449,A024193,2026-01-28 00:00:00,8273.0,not_as_described,processed,bank_transfer
REF0002230,ORD0048450,A024193,2026-01-30 01:00:00,4622.0,not_as_described,processed,original_payment
REF0002231,ORD0048452,A024194,2026-01-25 04:00:00,6181.0,size_fit,processed,original_payment
REF0002232,ORD0048453,A024194,2026-01-25 01:00:00,7767.0,size_fit,processed,bank_transfer
REF0002233,ORD0048456,A024195,2026-01-23 01:00:00,6640.0,size_fit,processed,wallet
REF0002234,ORD0048457,A024195,2026-01-27 23:00:00,6471.0,size_fit,processed,original_payment
REF0002235,ORD0048460,A024196,2026-01-25 02:00:00,8503.0,not_as_described,processed,bank_transfer
REF0002236,ORD0048461,A024196,2026-01-25 11:00:00,5713.0,not_as_described,processed,wallet
REF0002237,ORD0048464,A024197,2026-01-23 12:00:00,5207.0,size_fit,processed,bank_transfer
REF0002238,ORD0048465,A024197,2026-01-28 14:00:00,4991.0,not_as_described,processed,bank_transfer
REF0002239,ORD0048466,A024197,2026-01-30 14:00:00,5434.0,not_as_described,processed,wallet
REF0002240,ORD0048469,A024198,2026-01-26 19:00:00,6100.0,size_fit,processed,wallet
REF0002241,ORD0048470,A024198,2026-01-28 08:00:00,8555.0,not_as_described,processed,wallet
REF0002242,ORD0048472,A024199,2026-01-23 05:00:00,5982.0,not_as_described,processed,original_payment
REF0002243,ORD0048473,A024199,2026-01-27 01:00:00,6815.0,not_as_described,processed,wallet
REF0002244,ORD0048474,A024199,2026-01-29 14:00:00,6874.0,size_fit,processed,wallet
REF0002245,ORD0048476,A024200,2026-01-30 02:00:00,7473.0,not_as_described,processed,wallet
REF0002246,ORD0048477,A024200,2026-02-01 00:00:00,8268.0,size_fit,processed,bank_transfer
REF0002247,ORD0048478,A024200,2026-02-02 21:00:00,7918.0,not_as_described,processed,wallet
REF0002248,ORD0048480,A024201,2026-01-30 20:00:00,5906.0,size_fit,processed,original_payment
REF0002249,ORD0048481,A024201,2026-01-31 16:00:00,4895.0,size_fit,processed,bank_transfer
REF0002250,ORD0048484,A024202,2026-01-29 03:00:00,8061.0,size_fit,processed,original_payment
REF0002251,ORD0048485,A024202,2026-02-01 06:00:00,5555.0,size_fit,processed,original_payment
REF0002252,ORD0048486,A024202,2026-02-01 09:00:00,8859.0,size_fit,processed,original_payment
REF0002253,ORD0048488,A024203,2026-01-29 00:00:00,6629.0,not_as_described,processed,original_payment
REF0002254,ORD0048489,A024203,2026-01-31 05:00:00,6561.0,size_fit,processed,original_payment
REF0002255,ORD0048492,A024204,2026-01-29 19:00:00,6588.0,not_as_described,processed,original_payment
REF0002256,ORD0048493,A024204,2026-01-31 02:00:00,6775.0,not_as_described,processed,wallet
REF0002257,ORD0048495,A024205,2026-01-27 14:00:00,4466.0,not_as_described,processed,bank_transfer
REF0002258,ORD0048496,A024205,2026-01-29 05:00:00,4874.0,not_as_described,processed,bank_transfer
REF0002259,ORD0048497,A024205,2026-02-02 08:00:00,4884.0,size_fit,processed,original_payment
REF0002260,ORD0048498,A024205,2026-02-03 11:00:00,4164.0,size_fit,processed,wallet
REF0002261,ORD0048500,A024206,2026-01-30 15:00:00,8531.0,not_as_described,processed,original_payment
REF0002262,ORD0048501,A024206,2026-02-02 11:00:00,6625.0,not_as_described,processed,wallet
REF0002263,ORD0048502,A024206,2026-02-03 12:00:00,6937.0,size_fit,processed,wallet
REF0002264,ORD0048504,A024207,2026-01-31 07:00:00,8955.0,size_fit,processed,original_payment
REF0002265,ORD0048505,A024207,2026-02-01 11:00:00,4770.0,size_fit,processed,original_payment
REF0002266,ORD0048508,A024208,2026-01-16 22:00:00,5083.0,size_fit,processed,original_payment
REF0002267,ORD0048509,A024208,2026-01-19 02:00:00,6891.0,not_as_described,processed,original_payment
REF0002268,ORD0048512,A024209,2026-01-17 03:00:00,7133.0,not_as_described,processed,original_payment
REF0002269,ORD0048513,A024209,2026-01-18 16:00:00,5684.0,not_as_described,processed,wallet
REF0002270,ORD0048514,A024209,2026-01-18 23:00:00,6979.0,size_fit,processed,bank_transfer
REF0002271,ORD0048515,A024210,2026-01-12 17:00:00,7986.0,size_fit,processed,original_payment
REF0002272,ORD0048516,A024210,2026-01-14 19:00:00,8366.0,size_fit,processed,bank_transfer
REF0002273,ORD0048517,A024210,2026-01-19 20:00:00,6380.0,not_as_described,processed,wallet
REF0002274,ORD0048519,A024211,2026-01-16 13:00:00,7395.0,not_as_described,processed,bank_transfer
REF0002275,ORD0048520,A024211,2026-01-15 01:00:00,8644.0,not_as_described,processed,original_payment
REF0002276,ORD0048521,A024211,2026-01-17 13:00:00,8062.0,size_fit,processed,bank_transfer
REF0002277,ORD0048524,A024212,2026-01-16 20:00:00,6471.0,size_fit,processed,bank_transfer
REF0002278,ORD0048525,A024212,2026-01-18 06:00:00,7934.0,not_as_described,processed,bank_transfer
REF0002279,ORD0048528,A024213,2026-01-15 23:00:00,7594.0,size_fit,processed,wallet
REF0002280,ORD0048529,A024213,2026-01-19 23:00:00,8075.0,not_as_described,processed,bank_transfer
REF0002281,ORD0048530,A024213,2026-01-19 15:00:00,6317.0,not_as_described,processed,wallet
REF0002282,ORD0048532,A024214,2026-01-16 11:00:00,5588.0,size_fit,processed,original_payment
REF0002283,ORD0048533,A024214,2026-01-18 12:00:00,8213.0,size_fit,processed,bank_transfer
REF0002284,ORD0048535,A024215,2026-01-13 12:00:00,4101.0,not_as_described,processed,bank_transfer
REF0002285,ORD0048536,A024215,2026-01-16 07:00:00,4597.0,size_fit,processed,original_payment
REF0002286,ORD0048537,A024215,2026-01-17 06:00:00,4004.0,size_fit,processed,bank_transfer
REF0002287,ORD0048539,A024216,2026-01-25 01:00:00,7535.0,size_fit,processed,wallet
REF0002288,ORD0048540,A024216,2026-01-27 01:00:00,7088.0,not_as_described,processed,original_payment
REF0002289,ORD0048541,A024216,2026-01-28 17:00:00,5959.0,not_as_described,processed,wallet
REF0002290,ORD0048542,A024216,2026-01-30 17:00:00,6100.0,size_fit,processed,wallet
REF0002291,ORD0048544,A024217,2026-01-25 05:00:00,5496.0,not_as_described,processed,bank_transfer
REF0002292,ORD0048545,A024217,2026-01-25 21:00:00,6839.0,not_as_described,processed,original_payment
REF0002293,ORD0048546,A024217,2026-01-28 15:00:00,4761.0,not_as_described,processed,wallet
REF0002294,ORD0048547,A024218,2026-01-24 02:00:00,8271.0,size_fit,processed,original_payment
REF0002295,ORD0048548,A024218,2026-01-24 08:00:00,6773.0,size_fit,processed,bank_transfer
REF0002296,ORD0048549,A024218,2026-01-27 23:00:00,4299.0,size_fit,processed,original_payment
REF0002297,ORD0048552,A024219,2026-01-26 22:00:00,7590.0,not_as_described,processed,original_payment
REF0002298,ORD0048553,A024219,2026-01-26 08:00:00,5607.0,not_as_described,processed,bank_transfer
REF0002299,ORD0048554,A024219,2026-01-28 03:00:00,4778.0,not_as_described,processed,original_payment
REF0002300,ORD0048556,A024220,2026-01-27 02:00:00,5622.0,size_fit,processed,bank_transfer
REF0002301,ORD0048557,A024220,2026-01-26 00:00:00,8650.0,size_fit,processed,wallet
REF0002302,ORD0048559,A024221,2026-01-22 11:00:00,4785.0,size_fit,processed,bank_transfer
REF0002303,ORD0048561,A024221,2026-01-26 04:00:00,8557.0,size_fit,processed,wallet
REF0002304,ORD0048562,A024221,2026-01-29 04:00:00,6714.0,not_as_described,processed,bank_transfer
REF0002305,ORD0048565,A024222,2026-01-26 07:00:00,8674.0,not_as_described,processed,bank_transfer
REF0002306,ORD0048567,A024223,2026-01-22 10:00:00,7068.0,not_as_described,processed,bank_transfer
REF0002307,ORD0048568,A024223,2026-01-25 02:00:00,4962.0,size_fit,processed,wallet
REF0002308,ORD0048569,A024223,2026-01-28 17:00:00,6744.0,size_fit,processed,wallet
REF0002309,ORD0048570,A024223,2026-01-31 13:00:00,8640.0,not_as_described,processed,original_payment
REF0002310,ORD0048571,A024224,2026-02-14 02:00:00,8896.0,not_as_described,processed,original_payment
REF0002311,ORD0048572,A024224,2026-02-12 12:00:00,6336.0,size_fit,processed,wallet
REF0002312,ORD0048573,A024224,2026-02-14 15:00:00,7872.0,not_as_described,processed,bank_transfer
REF0002313,ORD0048574,A024224,2026-02-17 22:00:00,7790.0,not_as_described,processed,wallet
REF0002314,ORD0048575,A024225,2026-02-13 02:00:00,7490.0,not_as_described,processed,wallet
REF0002315,ORD0048576,A024225,2026-02-13 21:00:00,5243.0,size_fit,processed,wallet
REF0002316,ORD0048577,A024225,2026-02-15 13:00:00,5966.0,not_as_described,processed,bank_transfer
REF0002317,ORD0048578,A024225,2026-02-17 18:00:00,4875.0,size_fit,processed,bank_transfer
REF0002318,ORD0048580,A024226,2026-02-13 21:00:00,7949.0,size_fit,processed,bank_transfer
REF0002319,ORD0048581,A024226,2026-02-16 23:00:00,4749.0,not_as_described,processed,wallet
REF0002320,ORD0048582,A024226,2026-02-19 12:00:00,4024.0,not_as_described,processed,original_payment
REF0002321,ORD0048585,A024227,2026-02-17 13:00:00,4879.0,size_fit,processed,wallet
REF0002322,ORD0048588,A024228,2026-02-14 22:00:00,7073.0,size_fit,processed,wallet
REF0002323,ORD0048589,A024228,2026-02-15 01:00:00,8218.0,size_fit,processed,bank_transfer
REF0002324,ORD0048590,A024228,2026-02-20 03:00:00,6209.0,size_fit,processed,bank_transfer
REF0002325,ORD0048591,A024229,2026-02-11 09:00:00,8569.0,size_fit,processed,wallet
REF0002326,ORD0048592,A024229,2026-02-15 16:00:00,6242.0,not_as_described,processed,bank_transfer
REF0002327,ORD0048593,A024229,2026-02-15 17:00:00,6695.0,not_as_described,processed,original_payment
REF0002328,ORD0048595,A024230,2026-02-11 05:00:00,5336.0,size_fit,processed,original_payment
REF0002329,ORD0048596,A024230,2026-02-15 06:00:00,5512.0,not_as_described,processed,bank_transfer
REF0002330,ORD0048597,A024230,2026-02-17 18:00:00,5026.0,not_as_described,processed,bank_transfer
REF0002331,ORD0048600,A024231,2026-02-14 12:00:00,8509.0,size_fit,processed,bank_transfer
REF0002332,ORD0048601,A024231,2026-02-18 05:00:00,5288.0,not_as_described,processed,wallet
REF0002333,ORD0048604,A024232,2026-02-16 21:00:00,5406.0,size_fit,processed,bank_transfer
REF0002334,ORD0048605,A024232,2026-02-19 14:00:00,7282.0,size_fit,processed,bank_transfer
REF0002335,ORD0048606,A024232,2026-02-22 11:00:00,7812.0,not_as_described,processed,original_payment
REF0002336,ORD0048608,A024233,2026-02-15 20:00:00,6270.0,not_as_described,processed,wallet
REF0002337,ORD0048609,A024233,2026-02-20 06:00:00,5265.0,size_fit,processed,wallet
REF0002338,ORD0048612,A024234,2026-02-15 15:00:00,7805.0,not_as_described,processed,wallet
REF0002339,ORD0048613,A024234,2026-02-19 20:00:00,4193.0,size_fit,processed,bank_transfer
REF0002340,ORD0048614,A024234,2026-02-22 22:00:00,8980.0,size_fit,processed,wallet
REF0002341,ORD0048616,A024235,2026-02-16 05:00:00,5480.0,size_fit,processed,wallet
REF0002342,ORD0048617,A024235,2026-02-17 23:00:00,5769.0,size_fit,processed,wallet
REF0002343,ORD0048618,A024235,2026-02-23 08:00:00,4231.0,size_fit,processed,original_payment
REF0002344,ORD0048620,A024236,2026-02-18 00:00:00,4712.0,size_fit,processed,original_payment
REF0002345,ORD0048621,A024236,2026-02-19 21:00:00,5158.0,size_fit,processed,original_payment
REF0002346,ORD0048624,A024237,2026-02-19 10:00:00,7390.0,size_fit,processed,original_payment
REF0002347,ORD0048625,A024237,2026-02-20 13:00:00,7489.0,size_fit,processed,wallet
REF0002348,ORD0048626,A024237,2026-02-19 23:00:00,5286.0,not_as_described,processed,bank_transfer
REF0002349,ORD0048628,A024238,2026-02-17 03:00:00,4721.0,size_fit,processed,original_payment
REF0002350,ORD0048629,A024238,2026-02-20 03:00:00,4134.0,size_fit,processed,wallet
REF0002351,ORD0048633,A024239,2026-02-20 21:00:00,8063.0,not_as_described,processed,original_payment
REF0002352,ORD0048634,A024239,2026-02-20 08:00:00,6083.0,size_fit,processed,original_payment
REF0002353,ORD0048635,A024240,2026-01-17 03:00:00,8876.0,not_as_described,processed,wallet
REF0002354,ORD0048636,A024240,2026-01-16 08:00:00,5774.0,not_as_described,processed,bank_transfer
REF0002355,ORD0048637,A024240,2026-01-17 23:00:00,8178.0,size_fit,processed,bank_transfer
REF0002356,ORD0048638,A024240,2026-01-23 03:00:00,7477.0,not_as_described,processed,wallet
REF0002357,ORD0048640,A024241,2026-01-16 00:00:00,4840.0,size_fit,processed,bank_transfer
REF0002358,ORD0048641,A024241,2026-01-17 19:00:00,4499.0,size_fit,processed,bank_transfer
REF0002359,ORD0048642,A024241,2026-01-21 23:00:00,5208.0,size_fit,processed,wallet
REF0002360,ORD0048644,A024242,2026-01-17 22:00:00,5499.0,not_as_described,processed,wallet
REF0002361,ORD0048645,A024242,2026-01-18 21:00:00,5408.0,not_as_described,processed,bank_transfer
REF0002362,ORD0048647,A024243,2026-01-16 22:00:00,6444.0,size_fit,processed,original_payment
REF0002363,ORD0048648,A024243,2026-01-15 12:00:00,8049.0,size_fit,processed,bank_transfer
REF0002364,ORD0048649,A024243,2026-01-17 11:00:00,4396.0,size_fit,processed,bank_transfer
REF0002365,ORD0048650,A024243,2026-01-20 19:00:00,8200.0,size_fit,processed,bank_transfer
REF0002366,ORD0048651,A024244,2026-01-16 22:00:00,8757.0,not_as_described,processed,original_payment
REF0002367,ORD0048652,A024244,2026-01-18 09:00:00,4866.0,not_as_described,processed,original_payment
REF0002368,ORD0048653,A024244,2026-01-19 21:00:00,8099.0,size_fit,processed,original_payment
REF0002369,ORD0048655,A024245,2026-01-13 18:00:00,4171.0,size_fit,processed,bank_transfer
REF0002370,ORD0048656,A024245,2026-01-17 00:00:00,7193.0,size_fit,processed,bank_transfer
REF0002371,ORD0048657,A024245,2026-01-20 05:00:00,4662.0,size_fit,processed,original_payment
REF0002372,ORD0048658,A024245,2026-01-20 23:00:00,6895.0,size_fit,processed,original_payment
REF0002373,ORD0048661,A024246,2026-01-21 12:00:00,6375.0,size_fit,processed,original_payment
REF0002374,ORD0048662,A024246,2026-01-19 21:00:00,7593.0,not_as_described,processed,wallet
REF0002375,ORD0048664,A024247,2026-01-19 07:00:00,8029.0,not_as_described,processed,bank_transfer
REF0002376,ORD0048665,A024247,2026-01-20 16:00:00,5459.0,size_fit,processed,wallet
REF0002377,ORD0048666,A024247,2026-01-20 20:00:00,4484.0,size_fit,processed,bank_transfer
REF0002378,ORD0048668,A024248,2026-02-15 07:00:00,8243.0,not_as_described,processed,wallet
REF0002379,ORD0048669,A024248,2026-02-17 19:00:00,6414.0,size_fit,processed,original_payment
REF0002380,ORD0048670,A024248,2026-02-21 20:00:00,5833.0,size_fit,processed,wallet
REF0002381,ORD0048672,A024249,2026-02-15 14:00:00,7708.0,not_as_described,processed,original_payment
REF0002382,ORD0048673,A024249,2026-02-20 16:00:00,6514.0,not_as_described,processed,original_payment
REF0002383,ORD0048674,A024249,2026-02-22 13:00:00,8412.0,not_as_described,processed,wallet
REF0002384,ORD0048676,A024250,2026-02-18 05:00:00,6477.0,not_as_described,processed,wallet
REF0002385,ORD0048677,A024250,2026-02-20 20:00:00,6821.0,not_as_described,processed,bank_transfer
REF0002386,ORD0048680,A024251,2026-02-16 00:00:00,7470.0,size_fit,processed,original_payment
REF0002387,ORD0048681,A024251,2026-02-21 08:00:00,4011.0,not_as_described,processed,original_payment
REF0002388,ORD0048685,A024252,2026-02-21 02:00:00,5433.0,size_fit,processed,original_payment
REF0002389,ORD0048688,A024253,2026-02-17 14:00:00,4713.0,size_fit,processed,wallet
REF0002390,ORD0048689,A024253,2026-02-20 10:00:00,8870.0,size_fit,processed,bank_transfer
REF0002391,ORD0048690,A024253,2026-02-20 14:00:00,8255.0,size_fit,processed,original_payment
REF0002392,ORD0048693,A024254,2026-02-20 00:00:00,8389.0,size_fit,processed,original_payment
REF0002393,ORD0048694,A024254,2026-02-23 08:00:00,8377.0,not_as_described,processed,original_payment
REF0002394,ORD0048695,A024255,2026-02-15 12:00:00,6555.0,size_fit,processed,bank_transfer
REF0002395,ORD0048696,A024255,2026-02-17 22:00:00,6175.0,not_as_described,processed,original_payment
REF0002396,ORD0048697,A024255,2026-02-19 00:00:00,8251.0,size_fit,processed,bank_transfer
REF0002397,ORD0048698,A024255,2026-02-21 12:00:00,4548.0,size_fit,processed,wallet
REF0002398,ORD0048700,A024256,2026-02-05 17:00:00,8923.0,not_as_described,processed,bank_transfer
REF0002399,ORD0048701,A024256,2026-02-08 11:00:00,8951.0,size_fit,processed,original_payment
REF0002400,ORD0048702,A024256,2026-02-09 11:00:00,6981.0,not_as_described,processed,wallet
REF0002401,ORD0048704,A024257,2026-02-06 22:00:00,4103.0,not_as_described,processed,original_payment
REF0002402,ORD0048705,A024257,2026-02-10 05:00:00,8108.0,not_as_described,processed,wallet
REF0002403,ORD0048708,A024258,2026-02-07 04:00:00,4153.0,size_fit,processed,bank_transfer
REF0002404,ORD0048709,A024258,2026-02-09 04:00:00,7947.0,size_fit,processed,original_payment
REF0002405,ORD0048712,A024259,2026-02-09 01:00:00,8078.0,size_fit,processed,wallet
REF0002406,ORD0048713,A024259,2026-02-09 08:00:00,6047.0,not_as_described,processed,original_payment
REF0002407,ORD0048716,A024260,2026-02-08 06:00:00,4405.0,not_as_described,processed,original_payment
REF0002408,ORD0048717,A024260,2026-02-10 06:00:00,7748.0,size_fit,processed,wallet
REF0002409,ORD0048720,A024261,2026-02-06 14:00:00,5845.0,size_fit,processed,bank_transfer
REF0002410,ORD0048721,A024261,2026-02-11 17:00:00,7791.0,size_fit,processed,original_payment
REF0002411,ORD0048722,A024261,2026-02-12 07:00:00,8849.0,not_as_described,processed,bank_transfer
REF0002412,ORD0048724,A024262,2026-02-07 07:00:00,8049.0,size_fit,processed,wallet
REF0002413,ORD0048727,A024263,2026-02-04 13:00:00,8582.0,not_as_described,processed,wallet
REF0002414,ORD0048728,A024263,2026-02-09 19:00:00,7826.0,not_as_described,processed,original_payment
REF0002415,ORD0048729,A024263,2026-02-11 04:00:00,6978.0,size_fit,processed,wallet
REF0002416,ORD0048730,A024263,2026-02-13 21:00:00,4542.0,size_fit,processed,bank_transfer
REF0002417,ORD0048732,A024264,2026-01-31 15:00:00,7038.0,size_fit,processed,wallet
REF0002418,ORD0048733,A024264,2026-02-01 17:00:00,5517.0,not_as_described,processed,bank_transfer
REF0002419,ORD0048734,A024264,2026-02-03 23:00:00,6233.0,size_fit,processed,original_payment
REF0002420,ORD0048735,A024265,2026-01-30 02:00:00,8988.0,size_fit,processed,original_payment
REF0002421,ORD0048736,A024265,2026-01-29 02:00:00,7233.0,not_as_described,processed,bank_transfer
REF0002422,ORD0048737,A024265,2026-01-31 20:00:00,5462.0,not_as_described,processed,wallet
REF0002423,ORD0048741,A024266,2026-01-30 20:00:00,5605.0,not_as_described,processed,original_payment
REF0002424,ORD0048742,A024266,2026-02-05 10:00:00,8186.0,size_fit,processed,bank_transfer
REF0002425,ORD0048744,A024267,2026-01-29 20:00:00,6990.0,size_fit,processed,bank_transfer
REF0002426,ORD0048745,A024267,2026-02-03 07:00:00,7726.0,size_fit,processed,bank_transfer
REF0002427,ORD0048748,A024268,2026-01-30 02:00:00,4570.0,size_fit,processed,bank_transfer
REF0002428,ORD0048749,A024268,2026-02-03 02:00:00,8019.0,size_fit,processed,bank_transfer
REF0002429,ORD0048752,A024269,2026-01-30 02:00:00,5193.0,size_fit,processed,original_payment
REF0002430,ORD0048753,A024269,2026-02-03 06:00:00,6506.0,size_fit,processed,bank_transfer
REF0002431,ORD0048754,A024269,2026-02-03 18:00:00,6502.0,size_fit,processed,wallet
REF0002432,ORD0048756,A024270,2026-01-31 09:00:00,7075.0,not_as_described,processed,wallet
REF0002433,ORD0048757,A024270,2026-02-03 06:00:00,6204.0,size_fit,processed,bank_transfer
REF0002434,ORD0048760,A024271,2026-02-01 03:00:00,7342.0,not_as_described,processed,bank_transfer
REF0002435,ORD0048761,A024271,2026-01-31 04:00:00,8573.0,not_as_described,processed,wallet
REF0002436,ORD0048764,A024272,2026-02-08 12:00:00,6671.0,not_as_described,processed,wallet
REF0002437,ORD0048765,A024272,2026-02-13 04:00:00,7291.0,size_fit,processed,bank_transfer
REF0002438,ORD0048766,A024272,2026-02-12 16:00:00,5750.0,size_fit,processed,bank_transfer
REF0002439,ORD0048768,A024273,2026-02-11 10:00:00,6701.0,size_fit,processed,wallet
REF0002440,ORD0048769,A024273,2026-02-13 22:00:00,4792.0,not_as_described,processed,original_payment
REF0002441,ORD0048771,A024274,2026-02-08 02:00:00,5230.0,not_as_described,processed,original_payment
REF0002442,ORD0048772,A024274,2026-02-09 14:00:00,5056.0,not_as_described,processed,original_payment
REF0002443,ORD0048773,A024274,2026-02-12 20:00:00,8415.0,size_fit,processed,original_payment
REF0002444,ORD0048776,A024275,2026-02-10 14:00:00,5390.0,size_fit,processed,wallet
REF0002445,ORD0048777,A024275,2026-02-10 15:00:00,8953.0,size_fit,processed,bank_transfer
REF0002446,ORD0048778,A024275,2026-02-16 07:00:00,4472.0,size_fit,processed,original_payment
REF0002447,ORD0048780,A024276,2026-02-09 04:00:00,7117.0,size_fit,processed,original_payment
REF0002448,ORD0048781,A024276,2026-02-11 08:00:00,6117.0,not_as_described,processed,bank_transfer
REF0002449,ORD0048784,A024277,2026-02-11 03:00:00,6691.0,size_fit,processed,bank_transfer
REF0002450,ORD0048785,A024277,2026-02-13 07:00:00,7350.0,not_as_described,processed,original_payment
REF0002451,ORD0048788,A024278,2026-02-12 20:00:00,5906.0,not_as_described,processed,original_payment
REF0002452,ORD0048789,A024278,2026-02-13 12:00:00,6376.0,not_as_described,processed,bank_transfer
REF0002453,ORD0048791,A024279,2026-02-09 17:00:00,8275.0,not_as_described,processed,wallet
REF0002454,ORD0048793,A024279,2026-02-13 15:00:00,8534.0,not_as_described,processed,bank_transfer
REF0002455,ORD0048794,A024279,2026-02-14 10:00:00,7649.0,not_as_described,processed,original_payment
REF0002456,ORD0048796,A024280,2026-02-16 22:00:00,4450.0,size_fit,processed,bank_transfer
REF0002457,ORD0048797,A024280,2026-02-20 15:00:00,7815.0,size_fit,processed,original_payment
REF0002458,ORD0048798,A024280,2026-02-23 01:00:00,6557.0,size_fit,processed,bank_transfer
REF0002459,ORD0048799,A024281,2026-02-14 04:00:00,6405.0,size_fit,processed,wallet
REF0002460,ORD0048801,A024281,2026-02-18 04:00:00,5634.0,size_fit,processed,wallet
REF0002461,ORD0048805,A024282,2026-02-19 10:00:00,6003.0,not_as_described,processed,wallet
REF0002462,ORD0048808,A024283,2026-02-19 02:00:00,4424.0,size_fit,processed,bank_transfer
REF0002463,ORD0048810,A024283,2026-02-22 22:00:00,4974.0,not_as_described,processed,wallet
REF0002464,ORD0048812,A024284,2026-02-17 15:00:00,4116.0,size_fit,processed,original_payment
REF0002465,ORD0048813,A024284,2026-02-20 04:00:00,6720.0,not_as_described,processed,wallet
REF0002466,ORD0048814,A024284,2026-02-19 14:00:00,5367.0,size_fit,processed,bank_transfer
REF0002467,ORD0048815,A024285,2026-02-15 05:00:00,5365.0,size_fit,processed,bank_transfer
REF0002468,ORD0048817,A024285,2026-02-18 10:00:00,7990.0,not_as_described,processed,bank_transfer
REF0002469,ORD0048818,A024285,2026-02-21 04:00:00,5107.0,size_fit,processed,bank_transfer
REF0002470,ORD0048820,A024286,2026-02-18 03:00:00,8204.0,size_fit,processed,bank_transfer
REF0002471,ORD0048821,A024286,2026-02-19 08:00:00,6787.0,size_fit,processed,original_payment
REF0002472,ORD0048822,A024286,2026-02-23 08:00:00,5353.0,not_as_described,processed,wallet
REF0002473,ORD0048824,A024287,2026-02-16 09:00:00,6829.0,size_fit,processed,wallet
REF0002474,ORD0048825,A024287,2026-02-21 10:00:00,7427.0,not_as_described,processed,bank_transfer
REF0002475,ORD0048828,A024288,2026-02-07 21:00:00,6577.0,size_fit,processed,original_payment
REF0002476,ORD0048829,A024288,2026-02-08 18:00:00,5388.0,not_as_described,processed,original_payment
REF0002477,ORD0048831,A024289,2026-02-03 20:00:00,7360.0,not_as_described,processed,wallet
REF0002478,ORD0048832,A024289,2026-02-06 19:00:00,4141.0,size_fit,processed,wallet
REF0002479,ORD0048833,A024289,2026-02-07 22:00:00,6773.0,size_fit,processed,original_payment
REF0002480,ORD0048834,A024289,2026-02-11 00:00:00,7100.0,size_fit,processed,bank_transfer
REF0002481,ORD0048836,A024290,2026-02-06 05:00:00,7209.0,size_fit,processed,original_payment
REF0002482,ORD0048837,A024290,2026-02-09 20:00:00,4099.0,size_fit,processed,bank_transfer
REF0002483,ORD0048838,A024290,2026-02-11 14:00:00,6337.0,not_as_described,processed,wallet
REF0002484,ORD0048840,A024291,2026-02-06 12:00:00,8644.0,not_as_described,processed,wallet
REF0002485,ORD0048841,A024291,2026-02-11 12:00:00,6416.0,not_as_described,processed,wallet
REF0002486,ORD0048842,A024291,2026-02-11 14:00:00,7100.0,size_fit,processed,wallet
REF0002487,ORD0048844,A024292,2026-02-05 21:00:00,7791.0,not_as_described,processed,bank_transfer
REF0002488,ORD0048845,A024292,2026-02-11 04:00:00,7342.0,size_fit,processed,wallet
REF0002489,ORD0048848,A024293,2026-02-07 10:00:00,6757.0,size_fit,processed,original_payment
REF0002490,ORD0048849,A024293,2026-02-09 10:00:00,6724.0,not_as_described,processed,bank_transfer
REF0002491,ORD0048850,A024293,2026-02-11 11:00:00,8323.0,not_as_described,processed,wallet
REF0002492,ORD0048852,A024294,2026-02-09 14:00:00,8143.0,size_fit,processed,original_payment
REF0002493,ORD0048853,A024294,2026-02-09 22:00:00,7954.0,not_as_described,processed,bank_transfer
REF0002494,ORD0048854,A024294,2026-02-11 04:00:00,6485.0,size_fit,processed,original_payment
REF0002495,ORD0048855,A024295,2026-02-07 03:00:00,7991.0,size_fit,processed,wallet
REF0002496,ORD0048856,A024295,2026-02-06 08:00:00,4954.0,not_as_described,processed,original_payment
REF0002497,ORD0048857,A024295,2026-02-11 21:00:00,5609.0,size_fit,processed,wallet
REF0002498,ORD0048858,A024295,2026-02-13 16:00:00,5476.0,size_fit,processed,original_payment
REF0002499,ORD0048859,A024296,2026-02-12 22:00:00,4663.0,not_as_described,processed,original_payment
REF0002500,ORD0048860,A024296,2026-02-17 03:00:00,5577.0,size_fit,processed,bank_transfer
REF0002501,ORD0048861,A024296,2026-02-17 17:00:00,8659.0,size_fit,processed,bank_transfer
REF0002502,ORD0048862,A024296,2026-02-19 00:00:00,4790.0,size_fit,processed,wallet
REF0002503,ORD0048863,A024297,2026-02-14 09:00:00,8954.0,not_as_described,processed,wallet
REF0002504,ORD0048864,A024297,2026-02-15 02:00:00,5011.0,not_as_described,processed,original_payment
REF0002505,ORD0048865,A024297,2026-02-18 20:00:00,8837.0,not_as_described,processed,wallet
REF0002506,ORD0048866,A024297,2026-02-19 11:00:00,6906.0,size_fit,processed,bank_transfer
REF0002507,ORD0048869,A024298,2026-02-20 01:00:00,6713.0,size_fit,processed,bank_transfer
REF0002508,ORD0048870,A024298,2026-02-19 01:00:00,5188.0,not_as_described,processed,original_payment
REF0002509,ORD0048872,A024299,2026-02-15 16:00:00,5337.0,size_fit,processed,bank_transfer
REF0002510,ORD0048873,A024299,2026-02-18 05:00:00,6691.0,size_fit,processed,wallet
REF0002511,ORD0048876,A024300,2026-02-16 00:00:00,6751.0,size_fit,processed,original_payment
REF0002512,ORD0048877,A024300,2026-02-17 02:00:00,5253.0,not_as_described,processed,original_payment
REF0002513,ORD0048878,A024300,2026-02-20 02:00:00,8474.0,size_fit,processed,bank_transfer
REF0002514,ORD0048880,A024301,2026-02-16 07:00:00,7259.0,not_as_described,processed,original_payment
REF0002515,ORD0048881,A024301,2026-02-20 12:00:00,5948.0,not_as_described,processed,original_payment
REF0002516,ORD0048882,A024301,2026-02-20 06:00:00,6730.0,size_fit,processed,bank_transfer
REF0002517,ORD0048884,A024302,2026-02-16 23:00:00,8476.0,size_fit,processed,wallet
REF0002518,ORD0048885,A024302,2026-02-18 13:00:00,8623.0,not_as_described,processed,original_payment
REF0002519,ORD0048886,A024302,2026-02-19 09:00:00,5709.0,size_fit,processed,bank_transfer
REF0002520,ORD0048888,A024303,2026-02-18 03:00:00,6242.0,size_fit,processed,bank_transfer
REF0002521,ORD0048889,A024303,2026-02-18 14:00:00,5553.0,not_as_described,processed,original_payment
REF0002522,ORD0048892,A024304,2026-02-08 21:00:00,8550.0,not_as_described,processed,original_payment
REF0002523,ORD0048893,A024304,2026-02-09 12:00:00,7010.0,size_fit,processed,original_payment
REF0002524,ORD0048896,A024305,2026-02-09 10:00:00,5847.0,size_fit,processed,wallet
REF0002525,ORD0048899,A024306,2026-02-08 00:00:00,7358.0,size_fit,processed,bank_transfer
REF0002526,ORD0048900,A024306,2026-02-07 19:00:00,8179.0,size_fit,processed,bank_transfer
REF0002527,ORD0048901,A024306,2026-02-11 01:00:00,5071.0,not_as_described,processed,bank_transfer
REF0002528,ORD0048902,A024306,2026-02-13 22:00:00,8525.0,not_as_described,processed,wallet
REF0002529,ORD0048903,A024307,2026-02-09 04:00:00,5567.0,not_as_described,processed,original_payment
REF0002530,ORD0048905,A024307,2026-02-13 09:00:00,6592.0,not_as_described,processed,bank_transfer
REF0002531,ORD0048908,A024308,2026-02-10 14:00:00,8813.0,size_fit,processed,bank_transfer
REF0002532,ORD0048909,A024308,2026-02-11 03:00:00,7991.0,size_fit,processed,wallet
REF0002533,ORD0048912,A024309,2026-02-08 07:00:00,7189.0,not_as_described,processed,wallet
REF0002534,ORD0048913,A024309,2026-02-09 18:00:00,6551.0,size_fit,processed,wallet
REF0002535,ORD0048916,A024310,2026-02-10 06:00:00,7979.0,size_fit,processed,original_payment
REF0002536,ORD0048917,A024310,2026-02-12 12:00:00,5276.0,size_fit,processed,wallet
REF0002537,ORD0048918,A024310,2026-02-13 07:00:00,4387.0,size_fit,processed,original_payment
REF0002538,ORD0048921,A024311,2026-02-10 08:00:00,4355.0,size_fit,processed,wallet
REF0002539,ORD0048928,A024313,2026-01-22 03:00:00,8668.0,not_as_described,processed,bank_transfer
REF0002540,ORD0048929,A024313,2026-01-25 00:00:00,4636.0,size_fit,processed,original_payment
REF0002541,ORD0048930,A024313,2026-01-28 19:00:00,8846.0,not_as_described,processed,wallet
REF0002542,ORD0048931,A024314,2026-01-22 14:00:00,6466.0,size_fit,processed,bank_transfer
REF0002543,ORD0048932,A024314,2026-01-25 01:00:00,7035.0,not_as_described,processed,bank_transfer
REF0002544,ORD0048933,A024314,2026-01-24 12:00:00,4587.0,not_as_described,processed,wallet
REF0002545,ORD0048936,A024315,2026-01-23 18:00:00,8578.0,not_as_described,processed,wallet
REF0002546,ORD0048937,A024315,2026-01-25 20:00:00,6244.0,not_as_described,processed,original_payment
REF0002547,ORD0048938,A024315,2026-01-28 01:00:00,4330.0,size_fit,processed,original_payment
REF0002548,ORD0048939,A024316,2026-01-22 18:00:00,7394.0,size_fit,processed,bank_transfer
REF0002549,ORD0048940,A024316,2026-01-24 02:00:00,6342.0,size_fit,processed,original_payment
REF0002550,ORD0048941,A024316,2026-01-27 08:00:00,4764.0,not_as_described,processed,bank_transfer
REF0002551,ORD0048943,A024317,2026-01-21 07:00:00,7724.0,not_as_described,processed,wallet
REF0002552,ORD0048944,A024317,2026-01-22 04:00:00,7864.0,not_as_described,processed,bank_transfer
REF0002553,ORD0048945,A024317,2026-01-26 08:00:00,8034.0,not_as_described,processed,bank_transfer
REF0002554,ORD0048948,A024318,2026-01-22 16:00:00,5316.0,size_fit,processed,original_payment
REF0002555,ORD0048949,A024318,2026-01-24 21:00:00,7014.0,not_as_described,processed,original_payment
REF0002556,ORD0048951,A024319,2026-01-21 12:00:00,4353.0,not_as_described,processed,bank_transfer
REF0002557,ORD0048953,A024319,2026-01-26 14:00:00,7644.0,not_as_described,processed,original_payment
REF0002558,ORD0048956,A024320,2026-01-18 08:21:00,639.0,not_as_described,processed,bank_transfer
REF0002559,ORD0048957,A024321,2026-01-18 06:15:00,1033.0,not_as_described,processed,original_payment
REF0002560,ORD0048958,A024321,2026-01-19 08:41:00,734.0,not_as_described,processed,bank_transfer
REF0002561,ORD0048959,A024321,2026-01-18 10:42:00,795.0,not_as_described,processed,bank_transfer
REF0002562,ORD0048961,A024322,2026-01-19 08:54:00,875.0,not_as_described,processed,bank_transfer
REF0002563,ORD0048962,A024323,2026-01-19 06:55:00,1909.0,not_as_described,processed,wallet
REF0002564,ORD0048963,A024323,2026-01-18 09:08:00,887.0,not_as_described,processed,wallet
REF0002565,ORD0048964,A024324,2026-01-19 07:22:00,1384.0,not_as_described,processed,bank_transfer
REF0002566,ORD0048965,A024324,2026-01-18 09:20:00,1725.0,not_as_described,processed,wallet
REF0002567,ORD0048966,A024324,2026-01-19 11:22:00,1760.0,not_as_described,processed,original_payment
REF0002568,ORD0048967,A024325,2026-01-18 07:35:00,888.0,not_as_described,processed,wallet
REF0002569,ORD0048968,A024325,2026-01-18 09:39:00,691.0,not_as_described,processed,bank_transfer
REF0002570,ORD0048971,A024326,2026-01-19 09:37:00,1788.0,not_as_described,processed,original_payment
REF0002571,ORD0048972,A024327,2026-01-18 08:04:00,1968.0,not_as_described,processed,wallet
REF0002572,ORD0048973,A024327,2026-01-18 10:08:00,1158.0,not_as_described,processed,bank_transfer
REF0002573,ORD0048974,A024327,2026-01-18 11:48:00,1268.0,not_as_described,processed,wallet
REF0002574,ORD0048975,A024328,2026-01-19 08:06:00,1938.0,not_as_described,processed,original_payment
REF0002575,ORD0048976,A024328,2026-01-19 10:14:00,1763.0,not_as_described,processed,bank_transfer
REF0002576,ORD0048978,A024329,2026-01-18 08:31:00,1418.0,not_as_described,processed,wallet
REF0002577,ORD0048979,A024329,2026-01-19 10:38:00,1697.0,not_as_described,processed,bank_transfer
REF0002578,ORD0048980,A024330,2026-01-19 08:44:00,1057.0,not_as_described,processed,bank_transfer
REF0002579,ORD0048981,A024330,2026-01-19 10:31:00,1613.0,not_as_described,processed,original_payment
REF0002580,ORD0048982,A024330,2026-01-18 12:58:00,1907.0,not_as_described,processed,bank_transfer
REF0002581,ORD0048983,A024331,2026-01-19 08:51:00,1388.0,not_as_described,processed,original_payment
REF0002582,ORD0048985,A024332,2026-01-19 09:00:00,1706.0,not_as_described,processed,original_payment
REF0002583,ORD0048987,A024332,2026-01-18 13:27:00,664.0,not_as_described,processed,original_payment
REF0002584,ORD0048988,A024333,2026-01-19 09:32:00,1407.0,not_as_described,processed,bank_transfer
REF0002585,ORD0048989,A024333,2026-01-19 11:25:00,723.0,not_as_described,processed,original_payment
REF0002586,ORD0048992,A024334,2026-01-19 11:57:00,528.0,not_as_described,processed,bank_transfer
REF0002587,ORD0048993,A024335,2026-01-19 10:09:00,1955.0,not_as_described,processed,wallet
REF0002588,ORD0048995,A024335,2026-01-18 13:50:00,1647.0,not_as_described,processed,bank_transfer
REF0002589,ORD0048996,A024336,2026-01-18 10:08:00,1036.0,not_as_described,processed,original_payment
REF0002590,ORD0048997,A024336,2026-01-18 12:02:00,1168.0,not_as_described,processed,original_payment
REF0002591,ORD0048998,A024337,2026-01-19 10:27:00,781.0,not_as_described,processed,original_payment
REF0002592,ORD0048999,A024337,2026-01-19 12:38:00,1788.0,not_as_described,processed,wallet
REF0002593,ORD0049001,A024338,2026-01-18 10:53:00,1775.0,not_as_described,processed,bank_transfer
REF0002594,ORD0049003,A024338,2026-01-19 14:49:00,1417.0,not_as_described,processed,wallet
REF0002595,ORD0049004,A024339,2026-01-18 10:49:00,1049.0,not_as_described,processed,bank_transfer
REF0002596,ORD0049006,A024339,2026-01-19 14:51:00,689.0,not_as_described,processed,original_payment
REF0002597,ORD0049007,A024340,2026-02-02 06:04:00,1792.0,not_as_described,processed,original_payment
REF0002598,ORD0049008,A024340,2026-02-02 08:11:00,1471.0,not_as_described,processed,bank_transfer
REF0002599,ORD0049009,A024341,2026-02-02 06:37:00,555.0,not_as_described,processed,wallet
REF0002600,ORD0049010,A024341,2026-02-01 08:24:00,1814.0,not_as_described,processed,bank_transfer
REF0002601,ORD0049011,A024341,2026-02-02 10:40:00,961.0,not_as_described,processed,original_payment
REF0002602,ORD0049014,A024342,2026-02-01 10:55:00,1807.0,not_as_described,processed,original_payment
REF0002603,ORD0049015,A024343,2026-02-01 06:50:00,997.0,not_as_described,processed,original_payment
REF0002604,ORD0049017,A024344,2026-02-01 07:03:00,1959.0,not_as_described,processed,bank_transfer
REF0002605,ORD0049018,A024344,2026-02-02 09:20:00,1200.0,not_as_described,processed,wallet
REF0002606,ORD0049019,A024344,2026-02-01 11:14:00,1334.0,not_as_described,processed,bank_transfer
REF0002607,ORD0049020,A024345,2026-02-01 07:18:00,1434.0,not_as_described,processed,original_payment
REF0002608,ORD0049021,A024345,2026-02-01 09:20:00,1048.0,not_as_described,processed,original_payment
REF0002609,ORD0049022,A024345,2026-02-01 11:23:00,1472.0,not_as_described,processed,bank_transfer
REF0002610,ORD0049023,A024346,2026-02-01 07:33:00,524.0,not_as_described,processed,original_payment
REF0002611,ORD0049024,A024346,2026-02-02 09:59:00,1877.0,not_as_described,processed,bank_transfer
REF0002612,ORD0049027,A024348,2026-02-01 08:13:00,656.0,not_as_described,processed,bank_transfer
REF0002613,ORD0049028,A024348,2026-02-02 10:26:00,910.0,not_as_described,processed,bank_transfer
REF0002614,ORD0049031,A024350,2026-02-02 08:38:00,1131.0,not_as_described,processed,original_payment
REF0002615,ORD0049032,A024350,2026-02-01 10:37:00,1590.0,not_as_described,processed,original_payment
REF0002616,ORD0049033,A024351,2026-02-02 09:11:00,1217.0,not_as_described,processed,original_payment
REF0002617,ORD0049034,A024351,2026-02-02 10:56:00,700.0,not_as_described,processed,bank_transfer
REF0002618,ORD0049035,A024351,2026-02-01 12:58:00,610.0,not_as_described,processed,bank_transfer
REF0002619,ORD0049036,A024352,2026-02-01 09:05:00,1017.0,not_as_described,processed,original_payment
REF0002620,ORD0049037,A024352,2026-02-02 11:12:00,779.0,not_as_described,processed,wallet
REF0002621,ORD0049038,A024353,2026-02-01 09:22:00,1407.0,not_as_described,processed,original_payment
REF0002622,ORD0049041,A024354,2026-02-01 11:40:00,1327.0,not_as_described,processed,wallet
REF0002623,ORD0049042,A024355,2026-02-02 09:50:00,1294.0,not_as_described,processed,bank_transfer
REF0002624,ORD0049043,A024355,2026-02-01 11:51:00,1211.0,not_as_described,processed,original_payment
REF0002625,ORD0049046,A024356,2026-02-02 12:19:00,1096.0,not_as_described,processed,bank_transfer
REF0002626,ORD0049047,A024356,2026-02-01 14:23:00,1233.0,not_as_described,processed,original_payment
REF0002627,ORD0049051,A024358,2026-02-01 10:44:00,1763.0,not_as_described,processed,bank_transfer
REF0002628,ORD0049053,A024359,2026-02-02 10:57:00,768.0,not_as_described,processed,original_payment
REF0002629,ORD0049054,A024359,2026-02-02 13:13:00,1142.0,not_as_described,processed,original_payment
REF0002630,ORD0049055,A024360,2026-02-12 06:08:00,1497.0,not_as_described,processed,bank_transfer
REF0002631,ORD0049058,A024361,2026-02-12 08:41:00,1103.0,not_as_described,processed,bank_transfer
REF0002632,ORD0049059,A024362,2026-02-12 06:42:00,1092.0,not_as_described,processed,original_payment
REF0002633,ORD0049060,A024362,2026-02-12 08:49:00,704.0,not_as_described,processed,bank_transfer
REF0002634,ORD0049062,A024363,2026-02-13 07:01:00,1711.0,not_as_described,processed,wallet
REF0002635,ORD0049063,A024363,2026-02-13 09:13:00,1789.0,not_as_described,processed,bank_transfer
REF0002636,ORD0049064,A024364,2026-02-13 07:13:00,866.0,not_as_described,processed,bank_transfer
REF0002637,ORD0049067,A024365,2026-02-13 09:40:00,663.0,not_as_described,processed,bank_transfer
REF0002638,ORD0049068,A024365,2026-02-12 11:24:00,1987.0,not_as_described,processed,original_payment
REF0002639,ORD0049069,A024366,2026-02-13 07:45:00,1833.0,not_as_described,processed,original_payment
REF0002640,ORD0049070,A024366,2026-02-13 09:56:00,1826.0,not_as_described,processed,wallet
REF0002641,ORD0049071,A024366,2026-02-13 11:56:00,682.0,not_as_described,processed,wallet
REF0002642,ORD0049073,A024367,2026-02-12 10:02:00,652.0,not_as_described,processed,bank_transfer
REF0002643,ORD0049074,A024367,2026-02-13 11:53:00,1819.0,not_as_described,processed,original_payment
REF0002644,ORD0049075,A024368,2026-02-13 08:15:00,1796.0,not_as_described,processed,bank_transfer
REF0002645,ORD0049077,A024369,2026-02-13 08:16:00,1392.0,not_as_described,processed,wallet
REF0002646,ORD0049080,A024370,2026-02-12 10:45:00,620.0,not_as_described,processed,wallet
REF0002647,ORD0049081,A024371,2026-02-13 08:52:00,513.0,not_as_described,processed,original_payment
REF0002648,ORD0049082,A024371,2026-02-13 11:03:00,1360.0,not_as_described,processed,wallet
REF0002649,ORD0049084,A024372,2026-02-12 11:27:00,835.0,not_as_described,processed,wallet
REF0002650,ORD0049086,A024373,2026-02-12 11:23:00,1234.0,not_as_described,processed,wallet
REF0002651,ORD0049089,A024374,2026-02-13 13:49:00,1552.0,not_as_described,processed,bank_transfer
REF0002652,ORD0049090,A024375,2026-02-13 09:46:00,1785.0,not_as_described,processed,original_payment
REF0002653,ORD0049092,A024376,2026-02-12 10:13:00,983.0,not_as_described,processed,original_payment
REF0002654,ORD0049093,A024376,2026-02-12 12:25:00,601.0,not_as_described,processed,original_payment
REF0002655,ORD0049097,A024378,2026-02-13 10:33:00,1725.0,not_as_described,processed,original_payment
REF0002656,ORD0049098,A024378,2026-02-12 12:59:00,1262.0,not_as_described,processed,wallet
REF0002657,ORD0049099,A024378,2026-02-13 14:39:00,717.0,not_as_described,processed,wallet
REF0002658,ORD0049100,A024379,2026-02-12 10:56:00,1119.0,not_as_described,processed,original_payment
REF0002659,ORD0049101,A024379,2026-02-12 13:14:00,834.0,not_as_described,processed,wallet
REF0002660,ORD0049102,A024379,2026-02-12 15:12:00,1762.0,not_as_described,processed,original_payment
REF0002661,ORD0049103,A024380,2026-01-09 06:29:00,1623.0,not_as_described,processed,bank_transfer
REF0002662,ORD0049106,A024381,2026-01-09 06:35:00,1815.0,not_as_described,processed,bank_transfer
REF0002663,ORD0049108,A024382,2026-01-08 06:40:00,624.0,not_as_described,processed,wallet
REF0002664,ORD0049109,A024382,2026-01-08 08:54:00,1923.0,not_as_described,processed,bank_transfer
REF0002665,ORD0049110,A024382,2026-01-09 10:39:00,1147.0,not_as_described,processed,wallet
REF0002666,ORD0049111,A024383,2026-01-08 07:00:00,770.0,not_as_described,processed,bank_transfer
REF0002667,ORD0049112,A024383,2026-01-09 08:54:00,1039.0,not_as_described,processed,original_payment
REF0002668,ORD0049113,A024383,2026-01-08 10:46:00,841.0,not_as_described,processed,wallet
REF0002669,ORD0049115,A024384,2026-01-09 09:26:00,915.0,not_as_described,processed,original_payment
REF0002670,ORD0049116,A024385,2026-01-09 07:27:00,1290.0,not_as_described,processed,original_payment
REF0002671,ORD0049117,A024385,2026-01-09 09:44:00,1909.0,not_as_described,processed,original_payment
REF0002672,ORD0049118,A024386,2026-01-08 07:37:00,1822.0,not_as_described,processed,wallet
REF0002673,ORD0049119,A024386,2026-01-08 09:55:00,570.0,not_as_described,processed,bank_transfer
REF0002674,ORD0049121,A024387,2026-01-09 07:55:00,686.0,not_as_described,processed,original_payment
REF0002675,ORD0049124,A024388,2026-01-08 08:16:00,885.0,not_as_described,processed,original_payment
REF0002676,ORD0049126,A024389,2026-01-09 08:41:00,711.0,not_as_described,processed,wallet
REF0002677,ORD0049127,A024389,2026-01-08 10:28:00,1062.0,not_as_described,processed,bank_transfer
REF0002678,ORD0049128,A024390,2026-01-08 08:43:00,1142.0,not_as_described,processed,wallet
REF0002679,ORD0049130,A024391,2026-01-09 09:06:00,1440.0,not_as_described,processed,wallet
REF0002680,ORD0049131,A024391,2026-01-08 11:04:00,910.0,not_as_described,processed,bank_transfer
REF0002681,ORD0049132,A024391,2026-01-08 12:52:00,1191.0,not_as_described,processed,original_payment
REF0002682,ORD0049134,A024392,2026-01-09 11:17:00,1995.0,not_as_described,processed,bank_transfer
REF0002683,ORD0049135,A024393,2026-01-09 09:19:00,1828.0,not_as_described,processed,original_payment
REF0002684,ORD0049138,A024394,2026-01-09 11:52:00,1350.0,not_as_described,processed,bank_transfer
REF0002685,ORD0049139,A024394,2026-01-08 13:59:00,1067.0,not_as_described,processed,original_payment
REF0002686,ORD0049141,A024395,2026-01-09 12:13:00,1983.0,not_as_described,processed,wallet
REF0002687,ORD0049142,A024395,2026-01-09 13:52:00,638.0,not_as_described,processed,wallet
REF0002688,ORD0049143,A024396,2026-01-08 10:01:00,1378.0,not_as_described,processed,bank_transfer
REF0002689,ORD0049144,A024396,2026-01-09 12:12:00,876.0,not_as_described,processed,wallet
REF0002690,ORD0049145,A024396,2026-01-08 14:04:00,1310.0,not_as_described,processed,bank_transfer
REF0002691,ORD0049146,A024397,2026-01-09 10:40:00,561.0,not_as_described,processed,original_payment
REF0002692,ORD0049148,A024397,2026-01-08 14:22:00,924.0,not_as_described,processed,original_payment
REF0002693,ORD0049149,A024398,2026-01-09 10:54:00,915.0,not_as_described,processed,original_payment
REF0002694,ORD0049152,A024399,2026-01-09 13:08:00,943.0,not_as_described,processed,bank_transfer
REF0002695,ORD0049157,A024401,2026-01-21 10:21:00,1711.0,not_as_described,processed,original_payment
REF0002696,ORD0049158,A024402,2026-01-20 06:35:00,1183.0,not_as_described,processed,original_payment
REF0002697,ORD0049159,A024402,2026-01-21 08:41:00,1967.0,not_as_described,processed,bank_transfer
REF0002698,ORD0049160,A024403,2026-01-21 06:47:00,1275.0,not_as_described,processed,bank_transfer
REF0002699,ORD0049161,A024403,2026-01-21 09:07:00,681.0,not_as_described,processed,bank_transfer
REF0002700,ORD0049162,A024403,2026-01-20 10:49:00,839.0,not_as_described,processed,original_payment
REF0002701,ORD0049163,A024404,2026-01-20 07:08:00,1001.0,not_as_described,processed,original_payment
REF0002702,ORD0049166,A024405,2026-01-20 07:15:00,517.0,not_as_described,processed,wallet
REF0002703,ORD0049167,A024405,2026-01-20 09:36:00,637.0,not_as_described,processed,bank_transfer
REF0002704,ORD0049169,A024406,2026-01-20 07:37:00,1104.0,not_as_described,processed,wallet
REF0002705,ORD0049170,A024406,2026-01-21 09:30:00,1361.0,not_as_described,processed,original_payment
REF0002706,ORD0049171,A024407,2026-01-20 07:57:00,700.0,not_as_described,processed,wallet
REF0002707,ORD0049173,A024407,2026-01-20 12:08:00,712.0,not_as_described,processed,original_payment
REF0002708,ORD0049174,A024408,2026-01-20 08:27:00,585.0,not_as_described,processed,original_payment
REF0002709,ORD0049175,A024408,2026-01-20 10:17:00,1998.0,not_as_described,processed,original_payment
REF0002710,ORD0049177,A024409,2026-01-21 10:30:00,1874.0,not_as_described,processed,wallet
REF0002711,ORD0049178,A024409,2026-01-20 12:40:00,875.0,not_as_described,processed,bank_transfer
REF0002712,ORD0049179,A024410,2026-01-21 08:48:00,1199.0,not_as_described,processed,bank_transfer
REF0002713,ORD0049180,A024410,2026-01-20 10:35:00,1100.0,not_as_described,processed,original_payment
REF0002714,ORD0049181,A024410,2026-01-20 12:49:00,631.0,not_as_described,processed,original_payment
REF0002715,ORD0049182,A024411,2026-01-20 08:49:00,1355.0,not_as_described,processed,bank_transfer
REF0002716,ORD0049183,A024411,2026-01-20 10:58:00,578.0,not_as_described,processed,wallet
REF0002717,ORD0049184,A024412,2026-01-20 09:10:00,1762.0,not_as_described,processed,bank_transfer
REF0002718,ORD0049185,A024412,2026-01-20 11:11:00,1179.0,not_as_described,processed,original_payment
REF0002719,ORD0049186,A024412,2026-01-20 13:00:00,1942.0,not_as_described,processed,bank_transfer
REF0002720,ORD0049187,A024413,2026-01-21 09:36:00,1650.0,not_as_described,processed,bank_transfer
REF0002721,ORD0049190,A024414,2026-01-21 09:33:00,762.0,not_as_described,processed,bank_transfer
REF0002722,ORD0049191,A024414,2026-01-20 11:56:00,1604.0,not_as_described,processed,wallet
REF0002723,ORD0049192,A024414,2026-01-20 13:30:00,1251.0,not_as_described,processed,wallet
REF0002724,ORD0049193,A024415,2026-01-21 10:06:00,1202.0,not_as_described,processed,bank_transfer
REF0002725,ORD0049194,A024415,2026-01-20 12:06:00,1575.0,not_as_described,processed,original_payment
REF0002726,ORD0049196,A024416,2026-01-21 10:07:00,1516.0,not_as_described,processed,wallet
REF0002727,ORD0049198,A024416,2026-01-20 14:27:00,1322.0,not_as_described,processed,bank_transfer
REF0002728,ORD0049199,A024417,2026-01-20 10:28:00,1676.0,not_as_described,processed,wallet
REF0002729,ORD0049200,A024417,2026-01-21 12:21:00,1160.0,not_as_described,processed,original_payment
REF0002730,ORD0049202,A024418,2026-01-20 12:48:00,621.0,not_as_described,processed,bank_transfer
REF0002731,ORD0049203,A024418,2026-01-20 14:35:00,1131.0,not_as_described,processed,wallet
REF0002732,ORD0049205,A024419,2026-01-21 12:46:00,901.0,not_as_described,processed,original_payment
REF0002733,ORD0049206,A024420,2026-01-11 06:03:00,1600.0,not_as_described,processed,original_payment
REF0002734,ORD0049207,A024420,2026-01-11 08:28:00,1559.0,not_as_described,processed,wallet
REF0002735,ORD0049208,A024420,2026-01-10 10:22:00,1127.0,not_as_described,processed,bank_transfer
REF0002736,ORD0049209,A024421,2026-01-11 06:32:00,1028.0,not_as_described,processed,bank_transfer
REF0002737,ORD0049210,A024421,2026-01-10 08:32:00,1526.0,not_as_described,processed,bank_transfer
REF0002738,ORD0049211,A024422,2026-01-11 06:52:00,1055.0,not_as_described,processed,bank_transfer
REF0002739,ORD0049212,A024422,2026-01-11 08:35:00,1376.0,not_as_described,processed,wallet
REF0002740,ORD0049214,A024423,2026-01-11 08:48:00,1624.0,not_as_described,processed,wallet
REF0002741,ORD0049215,A024423,2026-01-10 11:05:00,1387.0,not_as_described,processed,bank_transfer
REF0002742,ORD0049216,A024424,2026-01-11 07:12:00,1855.0,not_as_described,processed,wallet
REF0002743,ORD0049218,A024425,2026-01-11 07:39:00,1995.0,not_as_described,processed,wallet
REF0002744,ORD0049222,A024426,2026-01-11 09:57:00,1944.0,not_as_described,processed,original_payment
REF0002745,ORD0049224,A024427,2026-01-11 08:13:00,1952.0,not_as_described,processed,bank_transfer
REF0002746,ORD0049225,A024427,2026-01-11 09:53:00,999.0,not_as_described,processed,wallet
REF0002747,ORD0049226,A024427,2026-01-11 11:49:00,1239.0,not_as_described,processed,wallet
REF0002748,ORD0049227,A024428,2026-01-10 08:24:00,1526.0,not_as_described,processed,wallet
REF0002749,ORD0049229,A024428,2026-01-11 12:07:00,1290.0,not_as_described,processed,wallet
REF0002750,ORD0049237,A024431,2026-01-11 12:59:00,1405.0,not_as_described,processed,original_payment
REF0002751,ORD0049238,A024432,2026-01-10 09:25:00,1581.0,not_as_described,processed,wallet
REF0002752,ORD0049241,A024433,2026-01-10 11:41:00,1826.0,not_as_described,processed,original_payment
REF0002753,ORD0049242,A024434,2026-01-11 09:43:00,1833.0,not_as_described,processed,original_payment
REF0002754,ORD0049243,A024434,2026-01-11 11:58:00,1520.0,not_as_described,processed,original_payment
REF0002755,ORD0049244,A024435,2026-01-10 10:02:00,1270.0,not_as_described,processed,wallet
REF0002756,ORD0049246,A024435,2026-01-11 14:02:00,1055.0,not_as_described,processed,original_payment
REF0002757,ORD0049247,A024436,2026-01-11 10:03:00,732.0,not_as_described,processed,bank_transfer
REF0002758,ORD0049248,A024436,2026-01-11 12:13:00,531.0,not_as_described,processed,bank_transfer
REF0002759,ORD0049249,A024436,2026-01-10 14:06:00,1677.0,not_as_described,processed,wallet
REF0002760,ORD0049250,A024437,2026-01-11 10:43:00,676.0,not_as_described,processed,bank_transfer
REF0002761,ORD0049251,A024437,2026-01-10 12:40:00,541.0,not_as_described,processed,wallet
REF0002762,ORD0049252,A024437,2026-01-10 14:28:00,1940.0,not_as_described,processed,bank_transfer
REF0002763,ORD0049253,A024438,2026-01-11 10:56:00,1453.0,not_as_described,processed,original_payment
REF0002764,ORD0049254,A024438,2026-01-10 12:51:00,1350.0,not_as_described,processed,original_payment
REF0002765,ORD0049255,A024439,2026-01-11 11:08:00,1803.0,not_as_described,processed,wallet
REF0002766,ORD0049256,A024439,2026-01-10 12:49:00,1732.0,not_as_described,processed,wallet
REF0002767,ORD0049257,A024439,2026-01-10 15:09:00,1725.0,not_as_described,processed,wallet
REF0002768,ORD0049258,A024440,2026-01-31 06:08:00,1328.0,not_as_described,processed,wallet
REF0002769,ORD0049259,A024440,2026-01-31 08:19:00,1754.0,not_as_described,processed,bank_transfer
REF0002770,ORD0049261,A024441,2026-01-31 08:35:00,1020.0,not_as_described,processed,bank_transfer
REF0002771,ORD0049262,A024442,2026-01-31 06:32:00,1132.0,not_as_described,processed,bank_transfer
REF0002772,ORD0049264,A024442,2026-01-31 10:36:00,612.0,not_as_described,processed,bank_transfer
REF0002773,ORD0049265,A024443,2026-01-31 07:01:00,1993.0,not_as_described,processed,wallet
REF0002774,ORD0049267,A024443,2026-01-31 11:00:00,1308.0,not_as_described,processed,original_payment
REF0002775,ORD0049269,A024444,2026-01-30 09:14:00,1945.0,not_as_described,processed,wallet
REF0002776,ORD0049270,A024445,2026-01-30 07:25:00,1261.0,not_as_described,processed,original_payment
REF0002777,ORD0049276,A024447,2026-01-30 07:50:00,1052.0,not_as_described,processed,wallet
REF0002778,ORD0049277,A024447,2026-01-31 10:12:00,1051.0,not_as_described,processed,original_payment
REF0002779,ORD0049278,A024448,2026-01-30 08:00:00,1668.0,not_as_described,processed,original_payment
REF0002780,ORD0049279,A024448,2026-01-30 10:24:00,1358.0,not_as_described,processed,bank_transfer
REF0002781,ORD0049280,A024448,2026-01-30 12:12:00,1317.0,not_as_described,processed,original_payment
REF0002782,ORD0049281,A024449,2026-01-31 08:22:00,663.0,not_as_described,processed,original_payment
REF0002783,ORD0049283,A024449,2026-01-30 12:29:00,839.0,not_as_described,processed,wallet
REF0002784,ORD0049284,A024450,2026-01-31 08:33:00,684.0,not_as_described,processed,bank_transfer
REF0002785,ORD0049285,A024450,2026-01-30 10:32:00,1784.0,not_as_described,processed,wallet
REF0002786,ORD0049287,A024451,2026-01-30 11:05:00,576.0,not_as_described,processed,wallet
REF0002787,ORD0049288,A024451,2026-01-30 13:14:00,1061.0,not_as_described,processed,original_payment
REF0002788,ORD0049290,A024452,2026-01-30 11:07:00,503.0,not_as_described,processed,wallet
REF0002789,ORD0049291,A024453,2026-01-31 09:43:00,1117.0,not_as_described,processed,bank_transfer
REF0002790,ORD0049292,A024453,2026-01-30 11:30:00,1195.0,not_as_described,processed,wallet
REF0002791,ORD0049293,A024454,2026-01-30 09:39:00,867.0,not_as_described,processed,original_payment
REF0002792,ORD0049294,A024454,2026-01-31 11:33:00,999.0,not_as_described,processed,original_payment
REF0002793,ORD0049295,A024455,2026-01-31 09:50:00,774.0,not_as_described,processed,bank_transfer
REF0002794,ORD0049298,A024456,2026-01-30 10:28:00,1765.0,not_as_described,processed,original_payment
REF0002795,ORD0049300,A024457,2026-01-31 10:41:00,1478.0,not_as_described,processed,wallet
REF0002796,ORD0049301,A024457,2026-01-31 12:15:00,1493.0,not_as_described,processed,wallet
REF0002797,ORD0049302,A024458,2026-01-30 10:51:00,1038.0,not_as_described,processed,original_payment
REF0002798,ORD0049303,A024458,2026-01-31 12:59:00,1081.0,not_as_described,processed,wallet
REF0002799,ORD0049304,A024458,2026-01-31 14:51:00,1579.0,not_as_described,processed,bank_transfer
REF0002800,ORD0049306,A024459,2026-01-30 13:03:00,1968.0,not_as_described,processed,original_payment
REF0002801,ORD0049307,A024460,2026-01-25 06:25:00,1081.0,not_as_described,processed,bank_transfer
REF0002802,ORD0049308,A024460,2026-01-25 08:04:00,1280.0,not_as_described,processed,bank_transfer
REF0002803,ORD0049309,A024461,2026-01-25 06:31:00,1543.0,not_as_described,processed,bank_transfer
REF0002804,ORD0049310,A024461,2026-01-26 08:28:00,823.0,not_as_described,processed,bank_transfer
REF0002805,ORD0049311,A024461,2026-01-25 10:34:00,1780.0,not_as_described,processed,original_payment
REF0002806,ORD0049312,A024462,2026-01-26 06:54:00,838.0,not_as_described,processed,wallet
REF0002807,ORD0049313,A024462,2026-01-26 08:42:00,1503.0,not_as_described,processed,wallet
REF0002808,ORD0049314,A024462,2026-01-25 10:30:00,1139.0,not_as_described,processed,bank_transfer
REF0002809,ORD0049315,A024463,2026-01-25 07:03:00,1067.0,not_as_described,processed,bank_transfer
REF0002810,ORD0049317,A024464,2026-01-25 07:07:00,1827.0,not_as_described,processed,bank_transfer
REF0002811,ORD0049318,A024464,2026-01-25 09:21:00,1179.0,not_as_described,processed,wallet
REF0002812,ORD0049319,A024464,2026-01-25 11:14:00,753.0,not_as_described,processed,wallet
REF0002813,ORD0049321,A024465,2026-01-25 09:16:00,1654.0,not_as_described,processed,bank_transfer
REF0002814,ORD0049323,A024466,2026-01-26 09:57:00,1784.0,not_as_described,processed,bank_transfer
REF0002815,ORD0049324,A024466,2026-01-25 11:53:00,1706.0,not_as_described,processed,original_payment
REF0002816,ORD0049326,A024467,2026-01-25 09:58:00,602.0,not_as_described,processed,original_payment
REF0002817,ORD0049328,A024468,2026-01-26 08:14:00,1400.0,not_as_described,processed,wallet
REF0002818,ORD0049330,A024468,2026-01-25 12:22:00,892.0,not_as_described,processed,original_payment
REF0002819,ORD0049331,A024469,2026-01-25 08:37:00,1068.0,not_as_described,processed,wallet
REF0002820,ORD0049334,A024470,2026-01-26 08:57:00,1433.0,not_as_described,processed,wallet
REF0002821,ORD0049336,A024470,2026-01-26 12:45:00,1208.0,not_as_described,processed,wallet
REF0002822,ORD0049340,A024472,2026-01-26 11:04:00,1047.0,not_as_described,processed,original_payment
REF0002823,ORD0049341,A024473,2026-01-26 09:44:00,802.0,not_as_described,processed,wallet
REF0002824,ORD0049343,A024473,2026-01-26 13:28:00,532.0,not_as_described,processed,bank_transfer
REF0002825,ORD0049344,A024474,2026-01-25 09:35:00,1586.0,not_as_described,processed,bank_transfer
REF0002826,ORD0049345,A024474,2026-01-25 11:33:00,1132.0,not_as_described,processed,wallet
REF0002827,ORD0049348,A024476,2026-01-26 10:11:00,1200.0,not_as_described,processed,bank_transfer
REF0002828,ORD0049349,A024476,2026-01-26 12:09:00,1390.0,not_as_described,processed,wallet
REF0002829,ORD0049352,A024478,2026-01-25 10:38:00,926.0,not_as_described,processed,wallet
REF0002830,ORD0049353,A024478,2026-01-25 12:59:00,1605.0,not_as_described,processed,bank_transfer
REF0002831,ORD0049356,A024480,2026-01-21 06:17:00,511.0,not_as_described,processed,original_payment
REF0002832,ORD0049357,A024480,2026-01-21 08:14:00,1134.0,not_as_described,processed,wallet
REF0002833,ORD0049360,A024481,2026-01-22 08:32:00,987.0,not_as_described,processed,wallet
REF0002834,ORD0049362,A024482,2026-01-21 08:57:00,798.0,not_as_described,processed,wallet
REF0002835,ORD0049363,A024482,2026-01-22 10:47:00,1363.0,not_as_described,processed,original_payment
REF0002836,ORD0049364,A024483,2026-01-22 07:04:00,1858.0,not_as_described,processed,bank_transfer
REF0002837,ORD0049365,A024483,2026-01-21 08:46:00,861.0,not_as_described,processed,original_payment
REF0002838,ORD0049366,A024484,2026-01-21 07:00:00,1269.0,not_as_described,processed,wallet
REF0002839,ORD0049367,A024484,2026-01-22 09:29:00,1556.0,not_as_described,processed,bank_transfer
REF0002840,ORD0049369,A024485,2026-01-21 09:36:00,1501.0,not_as_described,processed,bank_transfer
REF0002841,ORD0049371,A024486,2026-01-22 07:34:00,1071.0,not_as_described,processed,original_payment
REF0002842,ORD0049372,A024486,2026-01-21 09:49:00,693.0,not_as_described,processed,bank_transfer
REF0002843,ORD0049373,A024486,2026-01-22 11:58:00,1157.0,not_as_described,processed,bank_transfer
REF0002844,ORD0049374,A024487,2026-01-22 07:45:00,1848.0,not_as_described,processed,original_payment
REF0002845,ORD0049377,A024488,2026-01-22 08:00:00,1950.0,not_as_described,processed,bank_transfer
REF0002846,ORD0049379,A024488,2026-01-21 12:23:00,1671.0,not_as_described,processed,bank_transfer
REF0002847,ORD0049380,A024489,2026-01-22 08:23:00,739.0,not_as_described,processed,original_payment
REF0002848,ORD0049383,A024490,2026-01-21 08:58:00,524.0,not_as_described,processed,wallet
REF0002849,ORD0049386,A024491,2026-01-22 09:02:00,1688.0,not_as_described,processed,original_payment
REF0002850,ORD0049388,A024491,2026-01-21 13:02:00,1623.0,not_as_described,processed,wallet
REF0002851,ORD0049390,A024492,2026-01-22 11:15:00,1281.0,not_as_described,processed,bank_transfer
REF0002852,ORD0049391,A024493,2026-01-21 09:36:00,989.0,not_as_described,processed,original_payment
REF0002853,ORD0049392,A024493,2026-01-22 11:36:00,1709.0,not_as_described,processed,wallet
REF0002854,ORD0049393,A024494,2026-01-22 09:44:00,1462.0,not_as_described,processed,wallet
REF0002855,ORD0049395,A024494,2026-01-21 13:56:00,1390.0,not_as_described,processed,original_payment
REF0002856,ORD0049397,A024495,2026-01-21 12:11:00,1053.0,not_as_described,processed,wallet
REF0002857,ORD0049398,A024495,2026-01-21 13:48:00,1582.0,not_as_described,processed,wallet
REF0002858,ORD0049399,A024496,2026-01-21 10:26:00,1155.0,not_as_described,processed,original_payment
REF0002859,ORD0049400,A024496,2026-01-21 12:04:00,732.0,not_as_described,processed,wallet
REF0002860,ORD0049401,A024497,2026-01-22 10:27:00,1287.0,not_as_described,processed,original_payment
REF0002861,ORD0049402,A024497,2026-01-21 12:26:00,1127.0,not_as_described,processed,wallet
REF0002862,ORD0049403,A024497,2026-01-21 14:24:00,875.0,not_as_described,processed,original_payment
REF0002863,ORD0049404,A024498,2026-01-22 10:53:00,647.0,not_as_described,processed,bank_transfer
REF0002864,ORD0049405,A024498,2026-01-21 12:36:00,1090.0,not_as_described,processed,wallet
REF0002865,ORD0049406,A024499,2026-01-21 10:47:00,1416.0,not_as_described,processed,original_payment
REF0002866,ORD0049408,A024500,2026-01-24 06:26:00,1120.0,not_as_described,processed,wallet
REF0002867,ORD0049409,A024500,2026-01-25 08:17:00,1864.0,not_as_described,processed,wallet
REF0002868,ORD0049410,A024501,2026-01-24 06:23:00,558.0,not_as_described,processed,original_payment
REF0002869,ORD0049411,A024501,2026-01-25 08:42:00,580.0,not_as_described,processed,original_payment
REF0002870,ORD0049412,A024501,2026-01-24 10:31:00,1032.0,not_as_described,processed,original_payment
REF0002871,ORD0049414,A024502,2026-01-24 08:43:00,1769.0,not_as_described,processed,wallet
REF0002872,ORD0049416,A024503,2026-01-25 06:59:00,977.0,not_as_described,processed,original_payment
REF0002873,ORD0049418,A024504,2026-01-24 07:18:00,617.0,not_as_described,processed,original_payment
REF0002874,ORD0049419,A024504,2026-01-25 09:11:00,1656.0,not_as_described,processed,wallet
REF0002875,ORD0049420,A024505,2026-01-25 07:29:00,550.0,not_as_described,processed,bank_transfer
REF0002876,ORD0049421,A024505,2026-01-25 09:34:00,1589.0,not_as_described,processed,original_payment
REF0002877,ORD0049422,A024506,2026-01-24 07:42:00,743.0,not_as_described,processed,original_payment
REF0002878,ORD0049425,A024507,2026-01-24 09:55:00,1751.0,not_as_described,processed,bank_transfer
REF0002879,ORD0049426,A024508,2026-01-25 08:09:00,822.0,not_as_described,processed,bank_transfer
REF0002880,ORD0049427,A024508,2026-01-24 10:11:00,631.0,not_as_described,processed,bank_transfer
REF0002881,ORD0049428,A024509,2026-01-24 08:31:00,1521.0,not_as_described,processed,original_payment
REF0002882,ORD0049429,A024509,2026-01-25 10:19:00,1129.0,not_as_described,processed,bank_transfer
REF0002883,ORD0049431,A024510,2026-01-24 08:58:00,1138.0,not_as_described,processed,bank_transfer
REF0002884,ORD0049432,A024510,2026-01-24 10:38:00,1212.0,not_as_described,processed,wallet
REF0002885,ORD0049433,A024510,2026-01-25 12:34:00,685.0,not_as_described,processed,wallet
REF0002886,ORD0049435,A024511,2026-01-25 10:53:00,1748.0,not_as_described,processed,bank_transfer
REF0002887,ORD0049438,A024512,2026-01-24 11:23:00,1130.0,not_as_described,processed,bank_transfer
REF0002888,ORD0049439,A024513,2026-01-24 09:16:00,1551.0,not_as_described,processed,original_payment
REF0002889,ORD0049441,A024514,2026-01-25 09:51:00,1241.0,not_as_described,processed,bank_transfer
REF0002890,ORD0049443,A024515,2026-01-25 09:56:00,1826.0,not_as_described,processed,original_payment
REF0002891,ORD0049445,A024515,2026-01-25 13:55:00,763.0,not_as_described,processed,wallet
REF0002892,ORD0049446,A024516,2026-01-25 10:15:00,1715.0,not_as_described,processed,bank_transfer
REF0002893,ORD0049447,A024516,2026-01-25 12:07:00,1926.0,not_as_described,processed,original_payment
REF0002894,ORD0049449,A024517,2026-01-25 12:44:00,1975.0,not_as_described,processed,wallet
REF0002895,ORD0049450,A024517,2026-01-25 14:15:00,586.0,not_as_described,processed,original_payment
REF0002896,ORD0049452,A024518,2026-01-25 12:41:00,633.0,not_as_described,processed,wallet
REF0002897,ORD0049453,A024518,2026-01-24 14:56:00,1181.0,not_as_described,processed,wallet
REF0002898,ORD0049455,A024519,2026-01-24 13:00:00,1289.0,not_as_described,processed,original_payment
REF0002899,ORD0049456,A024519,2026-01-25 15:14:00,1969.0,not_as_described,processed,wallet
REF0002900,ORD0049457,A024520,2026-01-14 06:18:00,1849.0,not_as_described,processed,wallet
REF0002901,ORD0049458,A024520,2026-01-14 08:06:00,685.0,not_as_described,processed,bank_transfer
REF0002902,ORD0049460,A024521,2026-01-15 06:17:00,1972.0,not_as_described,processed,wallet
REF0002903,ORD0049461,A024521,2026-01-14 08:27:00,1227.0,not_as_described,processed,bank_transfer
REF0002904,ORD0049462,A024522,2026-01-14 06:41:00,1785.0,not_as_described,processed,original_payment
REF0002905,ORD0049463,A024522,2026-01-14 08:42:00,755.0,not_as_described,processed,wallet
REF0002906,ORD0049465,A024523,2026-01-14 08:57:00,825.0,not_as_described,processed,bank_transfer
REF0002907,ORD0049466,A024523,2026-01-14 10:56:00,1722.0,not_as_described,processed,original_payment
REF0002908,ORD0049468,A024524,2026-01-14 09:05:00,819.0,not_as_described,processed,original_payment
REF0002909,ORD0049469,A024525,2026-01-14 07:38:00,1514.0,not_as_described,processed,wallet
REF0002910,ORD0049470,A024525,2026-01-14 09:17:00,1674.0,not_as_described,processed,original_payment
REF0002911,ORD0049471,A024526,2026-01-14 07:31:00,1462.0,not_as_described,processed,bank_transfer
REF0002912,ORD0049472,A024526,2026-01-15 09:57:00,1345.0,not_as_described,processed,original_payment
REF0002913,ORD0049473,A024527,2026-01-15 08:05:00,844.0,not_as_described,processed,bank_transfer
REF0002914,ORD0049475,A024528,2026-01-14 08:13:00,1962.0,not_as_described,processed,wallet
REF0002915,ORD0049476,A024528,2026-01-14 10:12:00,964.0,not_as_described,processed,wallet
REF0002916,ORD0049482,A024530,2026-01-14 10:30:00,590.0,not_as_described,processed,original_payment
REF0002917,ORD0049483,A024531,2026-01-14 09:01:00,1603.0,not_as_described,processed,bank_transfer
REF0002918,ORD0049484,A024531,2026-01-15 10:55:00,1822.0,not_as_described,processed,bank_transfer
REF0002919,ORD0049485,A024532,2026-01-15 09:10:00,600.0,not_as_described,processed,wallet
REF0002920,ORD0049486,A024532,2026-01-15 11:09:00,1345.0,not_as_described,processed,bank_transfer
REF0002921,ORD0049488,A024533,2026-01-15 11:35:00,1061.0,not_as_described,processed,bank_transfer
REF0002922,ORD0049489,A024534,2026-01-14 09:31:00,1845.0,not_as_described,processed,bank_transfer
REF0002923,ORD0049491,A024534,2026-01-14 13:32:00,1536.0,not_as_described,processed,bank_transfer
REF0002924,ORD0049492,A024535,2026-01-15 10:08:00,1266.0,not_as_described,processed,wallet
REF0002925,ORD0049493,A024535,2026-01-14 11:54:00,787.0,not_as_described,processed,original_payment
REF0002926,ORD0049497,A024537,2026-01-15 10:33:00,1267.0,not_as_described,processed,bank_transfer
REF0002927,ORD0049501,A024538,2026-01-15 12:40:00,1790.0,not_as_described,processed,wallet
REF0002928,ORD0049504,A024540,2026-01-13 06:17:00,780.0,not_as_described,processed,bank_transfer
REF0002929,ORD0049507,A024541,2026-01-14 08:42:00,1011.0,not_as_described,processed,original_payment
REF0002930,ORD0049508,A024542,2026-01-13 06:41:00,920.0,not_as_described,processed,wallet
REF0002931,ORD0049511,A024543,2026-01-14 09:01:00,749.0,not_as_described,processed,wallet
REF0002932,ORD0049512,A024543,2026-01-13 10:57:00,817.0,not_as_described,processed,wallet
REF0002933,ORD0049513,A024544,2026-01-13 07:29:00,545.0,not_as_described,processed,original_payment
REF0002934,ORD0049514,A024544,2026-01-14 09:14:00,1447.0,not_as_described,processed,bank_transfer
REF0002935,ORD0049515,A024544,2026-01-13 11:16:00,1009.0,not_as_described,processed,original_payment
REF0002936,ORD0049517,A024545,2026-01-13 09:23:00,525.0,not_as_described,processed,wallet
REF0002937,ORD0049518,A024545,2026-01-13 11:38:00,1845.0,not_as_described,processed,original_payment
REF0002938,ORD0049519,A024546,2026-01-13 07:57:00,1245.0,not_as_described,processed,original_payment
REF0002939,ORD0049520,A024546,2026-01-14 09:54:00,1322.0,not_as_described,processed,bank_transfer
REF0002940,ORD0049521,A024546,2026-01-13 11:42:00,1110.0,not_as_described,processed,original_payment
REF0002941,ORD0049522,A024547,2026-01-13 08:08:00,1324.0,not_as_described,processed,wallet
REF0002942,ORD0049524,A024548,2026-01-14 08:19:00,1405.0,not_as_described,processed,wallet
REF0002943,ORD0049525,A024548,2026-01-14 10:07:00,981.0,not_as_described,processed,wallet
REF0002944,ORD0049526,A024549,2026-01-14 08:30:00,1715.0,not_as_described,processed,original_payment
REF0002945,ORD0049527,A024549,2026-01-13 10:32:00,1487.0,not_as_described,processed,wallet
REF0002946,ORD0049528,A024549,2026-01-13 12:36:00,813.0,not_as_described,processed,wallet
REF0002947,ORD0049529,A024550,2026-01-14 08:35:00,1988.0,not_as_described,processed,bank_transfer
REF0002948,ORD0049530,A024550,2026-01-14 10:57:00,1362.0,not_as_described,processed,original_payment
REF0002949,ORD0049532,A024551,2026-01-14 11:09:00,1570.0,not_as_described,processed,wallet
REF0002950,ORD0049533,A024552,2026-01-13 09:10:00,1304.0,not_as_described,processed,wallet
REF0002951,ORD0049536,A024553,2026-01-14 11:43:00,505.0,not_as_described,processed,wallet
REF0002952,ORD0049537,A024553,2026-01-13 13:23:00,1009.0,not_as_described,processed,original_payment
REF0002953,ORD0049544,A024556,2026-01-13 12:28:00,1772.0,not_as_described,processed,wallet
REF0002954,ORD0049546,A024557,2026-01-13 10:42:00,1432.0,not_as_described,processed,bank_transfer
REF0002955,ORD0049547,A024557,2026-01-14 12:28:00,750.0,not_as_described,processed,wallet
REF0002956,ORD0049548,A024557,2026-01-13 14:35:00,1573.0,not_as_described,processed,original_payment
REF0002957,ORD0049550,A024558,2026-01-13 12:33:00,902.0,not_as_described,processed,original_payment
REF0002958,ORD0049551,A024559,2026-01-13 10:59:00,906.0,not_as_described,processed,wallet
REF0002959,ORD0049552,A024559,2026-01-14 13:11:00,1506.0,not_as_described,processed,original_payment
REF0002960,ORD0049553,A024560,2026-02-08 06:25:00,1840.0,not_as_described,processed,original_payment
REF0002961,ORD0049557,A024561,2026-02-08 08:34:00,1571.0,not_as_described,processed,wallet
REF0002962,ORD0049560,A024563,2026-02-08 07:13:00,1496.0,not_as_described,processed,bank_transfer
REF0002963,ORD0049561,A024563,2026-02-09 08:57:00,553.0,not_as_described,processed,original_payment
REF0002964,ORD0049563,A024564,2026-02-08 07:23:00,1613.0,not_as_described,processed,wallet
REF0002965,ORD0049565,A024565,2026-02-08 07:37:00,659.0,not_as_described,processed,bank_transfer
REF0002966,ORD0049567,A024566,2026-02-08 07:48:00,1041.0,not_as_described,processed,original_payment
REF0002967,ORD0049568,A024566,2026-02-09 09:58:00,1358.0,not_as_described,processed,original_payment
REF0002968,ORD0049569,A024566,2026-02-09 11:31:00,1412.0,not_as_described,processed,original_payment
REF0002969,ORD0049570,A024567,2026-02-09 08:06:00,1729.0,not_as_described,processed,bank_transfer
REF0002970,ORD0049573,A024568,2026-02-09 08:18:00,1699.0,not_as_described,processed,original_payment
REF0002971,ORD0049577,A024570,2026-02-08 08:50:00,1061.0,not_as_described,processed,bank_transfer
REF0002972,ORD0049578,A024570,2026-02-08 10:45:00,1932.0,not_as_described,processed,wallet
REF0002973,ORD0049579,A024571,2026-02-09 09:02:00,740.0,not_as_described,processed,bank_transfer
REF0002974,ORD0049580,A024571,2026-02-09 10:45:00,1655.0,not_as_described,processed,bank_transfer
REF0002975,ORD0049581,A024572,2026-02-09 09:23:00,1138.0,not_as_described,processed,wallet
REF0002976,ORD0049582,A024572,2026-02-09 11:00:00,835.0,not_as_described,processed,bank_transfer
REF0002977,ORD0049583,A024573,2026-02-08 09:26:00,1784.0,not_as_described,processed,original_payment
REF0002978,ORD0049584,A024573,2026-02-08 11:42:00,1048.0,not_as_described,processed,wallet
REF0002979,ORD0049585,A024573,2026-02-09 13:25:00,861.0,not_as_described,processed,bank_transfer
REF0002980,ORD0049587,A024574,2026-02-09 11:36:00,1545.0,not_as_described,processed,original_payment
REF0002981,ORD0049588,A024575,2026-02-08 09:53:00,1854.0,not_as_described,processed,bank_transfer
REF0002982,ORD0049589,A024575,2026-02-08 12:02:00,1294.0,not_as_described,processed,original_payment
REF0002983,ORD0049590,A024575,2026-02-08 13:55:00,1913.0,not_as_described,processed,original_payment
REF0002984,ORD0049591,A024576,2026-02-09 10:07:00,1912.0,not_as_described,processed,wallet
REF0002985,ORD0049592,A024576,2026-02-08 12:02:00,1928.0,not_as_described,processed,wallet
REF0002986,ORD0049593,A024577,2026-02-08 10:17:00,801.0,not_as_described,processed,wallet
REF0002987,ORD0049595,A024577,2026-02-09 14:31:00,858.0,not_as_described,processed,original_payment
REF0002988,ORD0049596,A024578,2026-02-09 10:31:00,1832.0,not_as_described,processed,wallet
REF0002989,ORD0049597,A024578,2026-02-08 12:35:00,1706.0,not_as_described,processed,original_payment
REF0002990,ORD0049599,A024579,2026-02-08 11:05:00,1407.0,not_as_described,processed,original_payment
REF0002991,ORD0049600,A024579,2026-02-09 13:01:00,1488.0,not_as_described,processed,wallet
REF0002992,ORD0049603,A024580,2026-01-30 08:10:00,1117.0,not_as_described,processed,bank_transfer
REF0002993,ORD0049604,A024581,2026-01-29 06:24:00,1814.0,not_as_described,processed,bank_transfer
REF0002994,ORD0049605,A024581,2026-01-30 08:32:00,660.0,not_as_described,processed,wallet
REF0002995,ORD0049606,A024582,2026-01-30 06:50:00,778.0,not_as_described,processed,bank_transfer
REF0002996,ORD0049608,A024582,2026-01-30 10:31:00,1628.0,not_as_described,processed,original_payment
REF0002997,ORD0049610,A024583,2026-01-29 09:10:00,1986.0,not_as_described,processed,bank_transfer
REF0002998,ORD0049611,A024584,2026-01-29 07:23:00,1955.0,not_as_described,processed,bank_transfer
REF0002999,ORD0049612,A024584,2026-01-30 09:00:00,994.0,not_as_described,processed,original_payment
REF0003000,ORD0049613,A024585,2026-01-30 07:29:00,617.0,not_as_described,processed,bank_transfer
REF0003001,ORD0049614,A024585,2026-01-29 09:19:00,1075.0,not_as_described,processed,bank_transfer
REF0003002,ORD0049615,A024585,2026-01-29 11:37:00,1792.0,not_as_described,processed,original_payment
REF0003003,ORD0049616,A024586,2026-01-29 07:35:00,1428.0,not_as_described,processed,original_payment
REF0003004,ORD0049620,A024587,2026-01-29 11:47:00,927.0,not_as_described,processed,bank_transfer
REF0003005,ORD0049621,A024588,2026-01-29 08:02:00,755.0,not_as_described,processed,bank_transfer
REF0003006,ORD0049622,A024588,2026-01-29 10:23:00,565.0,not_as_described,processed,bank_transfer
REF0003007,ORD0049623,A024588,2026-01-29 12:10:00,1531.0,not_as_described,processed,bank_transfer
REF0003008,ORD0049625,A024589,2026-01-30 10:16:00,1402.0,not_as_described,processed,wallet
REF0003009,ORD0049628,A024590,2026-01-29 12:32:00,564.0,not_as_described,processed,original_payment
REF0003010,ORD0049629,A024591,2026-01-30 09:09:00,1265.0,not_as_described,processed,wallet
REF0003011,ORD0049632,A024592,2026-01-29 09:28:00,640.0,not_as_described,processed,bank_transfer
REF0003012,ORD0049634,A024592,2026-01-30 13:29:00,557.0,not_as_described,processed,wallet
REF0003013,ORD0049636,A024593,2026-01-30 11:36:00,1515.0,not_as_described,processed,original_payment
REF0003014,ORD0049638,A024594,2026-01-29 11:33:00,1158.0,not_as_described,processed,bank_transfer
REF0003015,ORD0049639,A024595,2026-01-29 10:02:00,1047.0,not_as_described,processed,bank_transfer
REF0003016,ORD0049640,A024595,2026-01-29 12:06:00,1664.0,not_as_described,processed,original_payment
REF0003017,ORD0049641,A024596,2026-01-30 10:25:00,1186.0,not_as_described,processed,bank_transfer
REF0003018,ORD0049642,A024596,2026-01-30 12:07:00,945.0,not_as_described,processed,bank_transfer
REF0003019,ORD0049644,A024597,2026-01-29 10:36:00,1822.0,not_as_described,processed,wallet
REF0003020,ORD0049645,A024597,2026-01-30 12:33:00,1160.0,not_as_described,processed,original_payment
REF0003021,ORD0049646,A024597,2026-01-29 14:27:00,688.0,not_as_described,processed,bank_transfer
REF0003022,ORD0049648,A024598,2026-01-29 12:49:00,1405.0,not_as_described,processed,bank_transfer
REF0003023,ORD0049651,A024599,2026-01-29 12:46:00,1788.0,not_as_described,processed,bank_transfer
REF0003024,ORD0049652,A024600,2026-01-16 06:22:00,1588.0,not_as_described,processed,original_payment
REF0003025,ORD0049653,A024600,2026-01-16 08:07:00,1759.0,not_as_described,processed,wallet
REF0003026,ORD0049654,A024601,2026-01-16 06:42:00,1609.0,not_as_described,processed,original_payment
REF0003027,ORD0049655,A024601,2026-01-16 08:22:00,1003.0,not_as_described,processed,original_payment
REF0003028,ORD0049656,A024601,2026-01-15 10:36:00,793.0,not_as_described,processed,original_payment
REF0003029,ORD0049658,A024602,2026-01-15 08:57:00,887.0,not_as_described,processed,bank_transfer
REF0003030,ORD0049659,A024603,2026-01-15 06:53:00,1015.0,not_as_described,processed,original_payment
REF0003031,ORD0049662,A024604,2026-01-15 09:26:00,1807.0,not_as_described,processed,bank_transfer
REF0003032,ORD0049663,A024604,2026-01-16 11:20:00,1353.0,not_as_described,processed,original_payment
REF0003033,ORD0049665,A024605,2026-01-16 09:35:00,1388.0,not_as_described,processed,original_payment
REF0003034,ORD0049666,A024605,2026-01-16 11:35:00,859.0,not_as_described,processed,wallet
REF0003035,ORD0049667,A024606,2026-01-16 07:31:00,1098.0,not_as_described,processed,wallet
REF0003036,ORD0049669,A024607,2026-01-16 07:49:00,1588.0,not_as_described,processed,original_payment
REF0003037,ORD0049670,A024607,2026-01-16 09:51:00,532.0,not_as_described,processed,original_payment
REF0003038,ORD0049671,A024607,2026-01-15 12:12:00,1991.0,not_as_described,processed,bank_transfer
REF0003039,ORD0049672,A024608,2026-01-15 08:29:00,1501.0,not_as_described,processed,wallet
REF0003040,ORD0049675,A024609,2026-01-16 10:19:00,532.0,not_as_described,processed,bank_transfer
REF0003041,ORD0049676,A024610,2026-01-16 08:56:00,665.0,not_as_described,processed,wallet
REF0003042,ORD0049678,A024610,2026-01-16 12:38:00,541.0,not_as_described,processed,bank_transfer
REF0003043,ORD0049680,A024611,2026-01-16 11:05:00,800.0,not_as_described,processed,bank_transfer
REF0003044,ORD0049682,A024612,2026-01-15 09:18:00,1968.0,not_as_described,processed,bank_transfer
REF0003045,ORD0049685,A024613,2026-01-16 09:32:00,1090.0,not_as_described,processed,wallet
REF0003046,ORD0049686,A024613,2026-01-16 11:19:00,1083.0,not_as_described,processed,wallet
REF0003047,ORD0049690,A024615,2026-01-15 09:56:00,1955.0,not_as_described,processed,wallet
REF0003048,ORD0049692,A024615,2026-01-15 13:47:00,1615.0,not_as_described,processed,original_payment
REF0003049,ORD0049693,A024616,2026-01-16 10:26:00,821.0,not_as_described,processed,wallet
REF0003050,ORD0049694,A024616,2026-01-15 12:23:00,948.0,not_as_described,processed,wallet
REF0003051,ORD0049696,A024617,2026-01-16 12:19:00,1349.0,not_as_described,processed,bank_transfer
REF0003052,ORD0049699,A024619,2026-01-15 10:45:00,1705.0,not_as_described,processed,wallet
REF0003053,ORD0049700,A024619,2026-01-15 12:56:00,1330.0,not_as_described,processed,bank_transfer
REF0003054,ORD0049701,A024619,2026-01-15 15:01:00,966.0,not_as_described,processed,original_payment
REF0003055,ORD0049702,A024620,2026-01-15 06:06:00,788.0,not_as_described,processed,wallet
REF0003056,ORD0049703,A024620,2026-01-15 08:19:00,690.0,not_as_described,processed,bank_transfer
REF0003057,ORD0049704,A024620,2026-01-15 10:05:00,1078.0,not_as_described,processed,bank_transfer
REF0003058,ORD0049705,A024621,2026-01-15 06:25:00,607.0,not_as_described,processed,wallet
REF0003059,ORD0049707,A024622,2026-01-15 06:45:00,1530.0,not_as_described,processed,bank_transfer
REF0003060,ORD0049709,A024622,2026-01-15 10:34:00,1038.0,not_as_described,processed,original_payment
REF0003061,ORD0049711,A024623,2026-01-15 09:00:00,1480.0,not_as_described,processed,original_payment
REF0003062,ORD0049713,A024624,2026-01-15 09:13:00,1783.0,not_as_described,processed,original_payment
REF0003063,ORD0049716,A024625,2026-01-15 09:18:00,1688.0,not_as_described,processed,bank_transfer
REF0003064,ORD0049719,A024626,2026-01-15 09:36:00,1366.0,not_as_described,processed,bank_transfer
REF0003065,ORD0049721,A024627,2026-01-15 07:51:00,1690.0,not_as_described,processed,bank_transfer
REF0003066,ORD0049722,A024627,2026-01-14 09:48:00,1746.0,not_as_described,processed,original_payment
REF0003067,ORD0049723,A024628,2026-01-15 08:01:00,1698.0,not_as_described,processed,bank_transfer
REF0003068,ORD0049724,A024628,2026-01-15 10:26:00,505.0,not_as_described,processed,bank_transfer
REF0003069,ORD0049725,A024628,2026-01-15 12:04:00,1871.0,not_as_described,processed,bank_transfer
REF0003070,ORD0049726,A024629,2026-01-14 08:27:00,1012.0,not_as_described,processed,wallet
REF0003071,ORD0049727,A024629,2026-01-15 10:43:00,1790.0,not_as_described,processed,bank_transfer
REF0003072,ORD0049729,A024630,2026-01-14 08:44:00,865.0,not_as_described,processed,bank_transfer
REF0003073,ORD0049732,A024631,2026-01-14 10:51:00,667.0,not_as_described,processed,original_payment
REF0003074,ORD0049734,A024632,2026-01-15 11:27:00,1878.0,not_as_described,processed,wallet
REF0003075,ORD0049736,A024633,2026-01-15 11:23:00,1811.0,not_as_described,processed,wallet
REF0003076,ORD0049738,A024634,2026-01-15 11:40:00,1580.0,not_as_described,processed,original_payment
REF0003077,ORD0049739,A024635,2026-01-14 09:52:00,1432.0,not_as_described,processed,bank_transfer
REF0003078,ORD0049740,A024635,2026-01-14 11:54:00,950.0,not_as_described,processed,bank_transfer
REF0003079,ORD0049741,A024635,2026-01-14 13:49:00,1156.0,not_as_described,processed,original_payment
REF0003080,ORD0049742,A024636,2026-01-15 10:06:00,977.0,not_as_described,processed,original_payment
REF0003081,ORD0049743,A024636,2026-01-14 12:12:00,1115.0,not_as_described,processed,original_payment
REF0003082,ORD0049744,A024637,2026-01-15 10:43:00,551.0,not_as_described,processed,bank_transfer
REF0003083,ORD0049745,A024637,2026-01-15 12:19:00,1593.0,not_as_described,processed,original_payment
REF0003084,ORD0049746,A024638,2026-01-15 10:55:00,1807.0,not_as_described,processed,bank_transfer
REF0003085,ORD0049747,A024638,2026-01-15 12:35:00,1519.0,not_as_described,processed,wallet
REF0003086,ORD0049748,A024638,2026-01-14 14:48:00,883.0,not_as_described,processed,wallet
REF0003087,ORD0049749,A024639,2026-01-14 10:48:00,1218.0,not_as_described,processed,bank_transfer
REF0003088,ORD0049750,A024639,2026-01-14 12:50:00,695.0,not_as_described,processed,wallet
REF0003089,ORD0049751,A024640,2026-01-18 06:03:00,1123.0,not_as_described,processed,bank_transfer
REF0003090,ORD0049752,A024640,2026-01-19 08:18:00,1797.0,not_as_described,processed,wallet
REF0003091,ORD0049753,A024640,2026-01-19 10:06:00,780.0,not_as_described,processed,original_payment
REF0003092,ORD0049754,A024641,2026-01-18 06:25:00,1780.0,not_as_described,processed,wallet
REF0003093,ORD0049755,A024641,2026-01-19 08:29:00,940.0,not_as_described,processed,original_payment
REF0003094,ORD0049756,A024641,2026-01-18 10:25:00,1978.0,not_as_described,processed,wallet
REF0003095,ORD0049758,A024642,2026-01-18 08:34:00,1798.0,not_as_described,processed,wallet
REF0003096,ORD0049759,A024642,2026-01-18 10:53:00,749.0,not_as_described,processed,original_payment
REF0003097,ORD0049760,A024643,2026-01-19 07:08:00,1234.0,not_as_described,processed,original_payment
REF0003098,ORD0049761,A024643,2026-01-18 08:49:00,669.0,not_as_described,processed,bank_transfer
REF0003099,ORD0049762,A024644,2026-01-18 07:17:00,1347.0,not_as_described,processed,original_payment
REF0003100,ORD0049765,A024645,2026-01-19 09:23:00,1758.0,not_as_described,processed,original_payment
REF0003101,ORD0049766,A024646,2026-01-19 07:33:00,1044.0,not_as_described,processed,original_payment
REF0003102,ORD0049767,A024646,2026-01-19 09:52:00,1939.0,not_as_described,processed,original_payment
REF0003103,ORD0049770,A024648,2026-01-19 08:12:00,1683.0,not_as_described,processed,wallet
REF0003104,ORD0049771,A024648,2026-01-18 10:06:00,1237.0,not_as_described,processed,wallet
REF0003105,ORD0049773,A024649,2026-01-18 10:44:00,1347.0,not_as_described,processed,original_payment
REF0003106,ORD0049776,A024650,2026-01-19 12:34:00,1217.0,not_as_described,processed,bank_transfer
REF0003107,ORD0049778,A024651,2026-01-18 11:01:00,1388.0,not_as_described,processed,original_payment
REF0003108,ORD0049779,A024651,2026-01-18 12:53:00,741.0,not_as_described,processed,original_payment
REF0003109,ORD0049784,A024653,2026-01-19 11:41:00,1582.0,not_as_described,processed,bank_transfer
REF0003110,ORD0049785,A024654,2026-01-18 09:47:00,1773.0,not_as_described,processed,wallet
REF0003111,ORD0049786,A024654,2026-01-18 11:51:00,761.0,not_as_described,processed,bank_transfer
REF0003112,ORD0049788,A024655,2026-01-18 11:50:00,910.0,not_as_described,processed,wallet
REF0003113,ORD0049790,A024656,2026-01-18 10:06:00,1081.0,not_as_described,processed,wallet
REF0003114,ORD0049791,A024656,2026-01-18 12:15:00,1097.0,not_as_described,processed,wallet
REF0003115,ORD0049792,A024656,2026-01-18 14:19:00,1324.0,not_as_described,processed,original_payment
REF0003116,ORD0049794,A024657,2026-01-19 12:23:00,1702.0,not_as_described,processed,wallet
REF0003117,ORD0049796,A024658,2026-01-19 10:52:00,867.0,not_as_described,processed,wallet
REF0003118,ORD0049797,A024658,2026-01-18 12:46:00,1931.0,not_as_described,processed,bank_transfer
REF0003119,ORD0049799,A024659,2026-01-18 10:58:00,851.0,not_as_described,processed,wallet
REF0003120,ORD0049800,A024659,2026-01-18 13:07:00,1675.0,not_as_described,processed,original_payment
REF0003121,ORD0049801,A024659,2026-01-19 14:51:00,1801.0,not_as_described,processed,bank_transfer
REF0003122,ORD0049802,A024660,2026-01-18 06:14:00,1623.0,not_as_described,processed,wallet
REF0003123,ORD0049803,A024660,2026-01-18 08:10:00,1415.0,not_as_described,processed,bank_transfer
REF0003124,ORD0049804,A024660,2026-01-18 10:18:00,1203.0,not_as_described,processed,wallet
REF0003125,ORD0049806,A024661,2026-01-17 08:29:00,1915.0,not_as_described,processed,bank_transfer
REF0003126,ORD0049807,A024662,2026-01-17 06:39:00,1954.0,not_as_described,processed,original_payment
REF0003127,ORD0049808,A024662,2026-01-17 08:50:00,1475.0,not_as_described,processed,bank_transfer
REF0003128,ORD0049809,A024663,2026-01-17 07:04:00,728.0,not_as_described,processed,wallet
REF0003129,ORD0049810,A024663,2026-01-18 09:06:00,1653.0,not_as_described,processed,original_payment
REF0003130,ORD0049811,A024663,2026-01-17 11:09:00,584.0,not_as_described,processed,wallet
REF0003131,ORD0049813,A024664,2026-01-18 09:17:00,1395.0,not_as_described,processed,original_payment
REF0003132,ORD0049814,A024664,2026-01-17 11:02:00,672.0,not_as_described,processed,wallet
REF0003133,ORD0049816,A024665,2026-01-17 09:34:00,1810.0,not_as_described,processed,wallet
REF0003134,ORD0049817,A024665,2026-01-18 11:34:00,1689.0,not_as_described,processed,wallet
REF0003135,ORD0049821,A024667,2026-01-17 08:07:00,1740.0,not_as_described,processed,wallet
REF0003136,ORD0049822,A024667,2026-01-17 10:00:00,1192.0,not_as_described,processed,original_payment
REF0003137,ORD0049823,A024668,2026-01-18 08:10:00,566.0,not_as_described,processed,bank_transfer
REF0003138,ORD0049824,A024668,2026-01-17 10:21:00,522.0,not_as_described,processed,bank_transfer
REF0003139,ORD0049825,A024668,2026-01-17 12:12:00,1988.0,not_as_described,processed,original_payment
REF0003140,ORD0049826,A024669,2026-01-18 08:26:00,1283.0,not_as_described,processed,original_payment
REF0003141,ORD0049827,A024669,2026-01-17 10:40:00,1785.0,not_as_described,processed,bank_transfer
REF0003142,ORD0049828,A024669,2026-01-18 12:24:00,1054.0,not_as_described,processed,bank_transfer
REF0003143,ORD0049830,A024670,2026-01-18 10:33:00,1727.0,not_as_described,processed,bank_transfer
REF0003144,ORD0049831,A024671,2026-01-17 09:11:00,1824.0,not_as_described,processed,original_payment
REF0003145,ORD0049833,A024672,2026-01-17 09:06:00,1399.0,not_as_described,processed,bank_transfer
REF0003146,ORD0049834,A024672,2026-01-17 11:08:00,1065.0,not_as_described,processed,bank_transfer
REF0003147,ORD0049835,A024673,2026-01-18 09:21:00,1173.0,not_as_described,processed,original_payment
REF0003148,ORD0049836,A024673,2026-01-17 11:15:00,1606.0,not_as_described,processed,bank_transfer
REF0003149,ORD0049839,A024674,2026-01-17 13:37:00,1415.0,not_as_described,processed,bank_transfer
REF0003150,ORD0049840,A024675,2026-01-18 09:46:00,1116.0,not_as_described,processed,original_payment
REF0003151,ORD0049843,A024676,2026-01-17 10:03:00,1018.0,not_as_described,processed,bank_transfer
REF0003152,ORD0049844,A024676,2026-01-18 12:21:00,573.0,not_as_described,processed,bank_transfer
REF0003153,ORD0049845,A024677,2026-01-17 10:40:00,1517.0,not_as_described,processed,bank_transfer
REF0003154,ORD0049846,A024677,2026-01-17 12:43:00,1146.0,not_as_described,processed,original_payment
REF0003155,ORD0049847,A024677,2026-01-17 14:20:00,1515.0,not_as_described,processed,original_payment
REF0003156,ORD0049848,A024678,2026-01-17 10:47:00,1004.0,not_as_described,processed,bank_transfer
REF0003157,ORD0049850,A024679,2026-01-18 11:04:00,1196.0,not_as_described,processed,wallet
REF0003158,ORD0049851,A024679,2026-01-17 13:06:00,828.0,not_as_described,processed,bank_transfer
REF0003159,ORD0049853,A024680,2026-01-17 08:10:00,1438.0,not_as_described,processed,original_payment
REF0003160,ORD0049854,A024680,2026-01-17 10:00:00,1662.0,not_as_described,processed,bank_transfer
REF0003161,ORD0049856,A024681,2026-01-17 08:41:00,612.0,not_as_described,processed,original_payment
REF0003162,ORD0049858,A024682,2026-01-17 06:47:00,1864.0,not_as_described,processed,wallet
REF0003163,ORD0049860,A024682,2026-01-18 10:38:00,1240.0,not_as_described,processed,bank_transfer
REF0003164,ORD0049861,A024683,2026-01-18 06:56:00,755.0,not_as_described,processed,bank_transfer
REF0003165,ORD0049862,A024683,2026-01-18 09:02:00,1847.0,not_as_described,processed,bank_transfer
REF0003166,ORD0049864,A024684,2026-01-17 09:06:00,1087.0,not_as_described,processed,bank_transfer
REF0003167,ORD0049865,A024684,2026-01-18 11:25:00,1861.0,not_as_described,processed,original_payment
REF0003168,ORD0049866,A024685,2026-01-18 07:15:00,1505.0,not_as_described,processed,bank_transfer
REF0003169,ORD0049867,A024685,2026-01-17 09:42:00,1924.0,not_as_described,processed,bank_transfer
REF0003170,ORD0049868,A024685,2026-01-17 11:20:00,784.0,not_as_described,processed,bank_transfer
REF0003171,ORD0049869,A024686,2026-01-18 07:55:00,1555.0,not_as_described,processed,wallet
REF0003172,ORD0049870,A024686,2026-01-18 09:52:00,1591.0,not_as_described,processed,wallet
REF0003173,ORD0049872,A024687,2026-01-18 10:12:00,1013.0,not_as_described,processed,wallet
REF0003174,ORD0049874,A024688,2026-01-18 08:03:00,689.0,not_as_described,processed,wallet
REF0003175,ORD0049875,A024688,2026-01-18 10:20:00,1204.0,not_as_described,processed,original_payment
REF0003176,ORD0049876,A024688,2026-01-18 12:15:00,1812.0,not_as_described,processed,wallet
REF0003177,ORD0049877,A024689,2026-01-18 08:39:00,1131.0,not_as_described,processed,original_payment
REF0003178,ORD0049878,A024689,2026-01-17 10:20:00,1769.0,not_as_described,processed,bank_transfer
REF0003179,ORD0049881,A024691,2026-01-17 09:03:00,604.0,not_as_described,processed,original_payment
REF0003180,ORD0049884,A024692,2026-01-17 09:16:00,1790.0,not_as_described,processed,bank_transfer
REF0003181,ORD0049885,A024692,2026-01-18 11:10:00,758.0,not_as_described,processed,wallet
REF0003182,ORD0049887,A024693,2026-01-18 09:25:00,1120.0,not_as_described,processed,original_payment
REF0003183,ORD0049891,A024694,2026-01-18 13:49:00,1013.0,not_as_described,processed,bank_transfer
REF0003184,ORD0049892,A024695,2026-01-18 09:58:00,1458.0,not_as_described,processed,original_payment
REF0003185,ORD0049893,A024695,2026-01-18 11:46:00,1352.0,not_as_described,processed,wallet
REF0003186,ORD0049894,A024696,2026-01-17 10:10:00,903.0,not_as_described,processed,original_payment
REF0003187,ORD0049895,A024696,2026-01-18 12:13:00,1657.0,not_as_described,processed,wallet
REF0003188,ORD0049897,A024697,2026-01-18 10:26:00,715.0,not_as_described,processed,original_payment
REF0003189,ORD0049899,A024697,2026-01-17 14:35:00,1298.0,not_as_described,processed,original_payment
REF0003190,ORD0049901,A024698,2026-01-17 12:36:00,1992.0,not_as_described,processed,original_payment
REF0003191,ORD0049902,A024698,2026-01-18 14:36:00,1505.0,not_as_described,processed,original_payment
REF0003192,ORD0049906,A024700,2026-02-05 06:26:00,1385.0,not_as_described,processed,bank_transfer
REF0003193,ORD0049907,A024700,2026-02-04 08:02:00,661.0,not_as_described,processed,wallet
REF0003194,ORD0049908,A024701,2026-02-05 06:42:00,1791.0,not_as_described,processed,bank_transfer
REF0003195,ORD0049909,A024701,2026-02-04 08:28:00,630.0,not_as_described,processed,original_payment
REF0003196,ORD0049910,A024702,2026-02-05 06:57:00,1826.0,not_as_described,processed,original_payment
REF0003197,ORD0049911,A024702,2026-02-05 08:34:00,1874.0,not_as_described,processed,original_payment
REF0003198,ORD0049912,A024702,2026-02-05 10:58:00,1895.0,not_as_described,processed,original_payment
REF0003199,ORD0049915,A024704,2026-02-05 07:08:00,1236.0,not_as_described,processed,bank_transfer
REF0003200,ORD0049916,A024704,2026-02-05 09:08:00,1844.0,not_as_described,processed,wallet
REF0003201,ORD0049917,A024704,2026-02-05 11:27:00,672.0,not_as_described,processed,original_payment
REF0003202,ORD0049918,A024705,2026-02-05 07:20:00,1225.0,not_as_described,processed,wallet
REF0003203,ORD0049919,A024705,2026-02-04 09:16:00,1438.0,not_as_described,processed,bank_transfer
REF0003204,ORD0049920,A024705,2026-02-04 11:35:00,981.0,not_as_described,processed,bank_transfer
REF0003205,ORD0049922,A024706,2026-02-05 09:33:00,610.0,not_as_described,processed,wallet
REF0003206,ORD0049923,A024706,2026-02-05 11:45:00,1984.0,not_as_described,processed,wallet
REF0003207,ORD0049924,A024707,2026-02-05 08:06:00,646.0,not_as_described,processed,original_payment
REF0003208,ORD0049927,A024708,2026-02-05 08:13:00,732.0,not_as_described,processed,original_payment
REF0003209,ORD0049928,A024708,2026-02-04 10:28:00,1542.0,not_as_described,processed,bank_transfer
REF0003210,ORD0049929,A024708,2026-02-04 12:04:00,710.0,not_as_described,processed,original_payment
REF0003211,ORD0049932,A024710,2026-02-05 08:39:00,1467.0,not_as_described,processed,wallet
REF0003212,ORD0049933,A024710,2026-02-04 10:49:00,1687.0,not_as_described,processed,bank_transfer
REF0003213,ORD0049934,A024710,2026-02-05 12:56:00,651.0,not_as_described,processed,wallet
REF0003214,ORD0049936,A024711,2026-02-05 10:45:00,1157.0,not_as_described,processed,original_payment
REF0003215,ORD0049937,A024712,2026-02-05 09:22:00,895.0,not_as_described,processed,original_payment
REF0003216,ORD0049939,A024713,2026-02-04 09:31:00,609.0,not_as_described,processed,bank_transfer
REF0003217,ORD0049940,A024713,2026-02-04 11:36:00,1105.0,not_as_described,processed,original_payment
REF0003218,ORD0049941,A024713,2026-02-04 13:43:00,1856.0,not_as_described,processed,original_payment
REF0003219,ORD0049943,A024714,2026-02-04 11:31:00,1324.0,not_as_described,processed,bank_transfer
REF0003220,ORD0049944,A024715,2026-02-05 10:03:00,825.0,not_as_described,processed,bank_transfer
REF0003221,ORD0049946,A024716,2026-02-04 10:25:00,1697.0,not_as_described,processed,bank_transfer
REF0003222,ORD0049948,A024717,2026-02-05 10:24:00,1863.0,not_as_described,processed,original_payment
REF0003223,ORD0049949,A024717,2026-02-05 12:33:00,1909.0,not_as_described,processed,wallet
REF0003224,ORD0049951,A024718,2026-02-04 12:38:00,1188.0,not_as_described,processed,bank_transfer
REF0003225,ORD0049953,A024719,2026-02-05 11:11:00,981.0,not_as_described,processed,bank_transfer
REF0003226,ORD0049954,A024719,2026-02-05 13:14:00,580.0,not_as_described,processed,bank_transfer
REF0003227,ORD0049955,A024719,2026-02-05 15:11:00,556.0,not_as_described,processed,bank_transfer
REF0003228,ORD0049957,A024720,2026-01-10 08:02:00,1047.0,not_as_described,processed,bank_transfer
REF0003229,ORD0049959,A024721,2026-01-10 08:36:00,675.0,not_as_described,processed,original_payment
REF0003230,ORD0049960,A024722,2026-01-10 06:37:00,681.0,not_as_described,processed,original_payment
REF0003231,ORD0049961,A024722,2026-01-10 08:35:00,1412.0,not_as_described,processed,original_payment
REF0003232,ORD0049964,A024723,2026-01-10 08:46:00,966.0,not_as_described,processed,original_payment
REF0003233,ORD0049965,A024723,2026-01-09 10:55:00,1012.0,not_as_described,processed,bank_transfer
REF0003234,ORD0049966,A024724,2026-01-09 07:27:00,1300.0,not_as_described,processed,wallet
REF0003235,ORD0049967,A024724,2026-01-10 09:01:00,1864.0,not_as_described,processed,original_payment
REF0003236,ORD0049969,A024725,2026-01-10 07:27:00,611.0,not_as_described,processed,bank_transfer
REF0003237,ORD0049970,A024725,2026-01-10 09:21:00,776.0,not_as_described,processed,wallet
REF0003238,ORD0049971,A024726,2026-01-09 07:30:00,1627.0,not_as_described,processed,bank_transfer
REF0003239,ORD0049975,A024728,2026-01-09 08:24:00,1484.0,not_as_described,processed,original_payment
REF0003240,ORD0049976,A024728,2026-01-10 10:04:00,1510.0,not_as_described,processed,wallet
REF0003241,ORD0049977,A024728,2026-01-09 12:07:00,683.0,not_as_described,processed,original_payment
REF0003242,ORD0049978,A024729,2026-01-10 08:38:00,531.0,not_as_described,processed,original_payment
REF0003243,ORD0049981,A024730,2026-01-10 08:45:00,1398.0,not_as_described,processed,wallet
REF0003244,ORD0049982,A024730,2026-01-10 10:45:00,1755.0,not_as_described,processed,wallet
REF0003245,ORD0049983,A024730,2026-01-09 12:56:00,879.0,not_as_described,processed,bank_transfer
REF0003246,ORD0049984,A024731,2026-01-10 08:59:00,1464.0,not_as_described,processed,original_payment
REF0003247,ORD0049985,A024731,2026-01-09 10:47:00,1957.0,not_as_described,processed,wallet
REF0003248,ORD0049986,A024731,2026-01-09 12:58:00,1625.0,not_as_described,processed,bank_transfer
REF0003249,ORD0049988,A024732,2026-01-09 11:27:00,844.0,not_as_described,processed,bank_transfer
REF0003250,ORD0049990,A024733,2026-01-09 11:25:00,1742.0,not_as_described,processed,wallet
REF0003251,ORD0049991,A024734,2026-01-09 09:40:00,1189.0,not_as_described,processed,bank_transfer
REF0003252,ORD0049992,A024734,2026-01-09 11:48:00,1347.0,not_as_described,processed,original_payment
REF0003253,ORD0049993,A024735,2026-01-10 09:47:00,1976.0,not_as_described,processed,original_payment
REF0003254,ORD0049994,A024735,2026-01-10 12:00:00,1023.0,not_as_described,processed,bank_transfer
REF0003255,ORD0049995,A024735,2026-01-10 13:53:00,517.0,not_as_described,processed,wallet
REF0003256,ORD0049996,A024736,2026-01-09 10:19:00,1337.0,not_as_described,processed,wallet
REF0003257,ORD0049997,A024736,2026-01-09 12:11:00,710.0,not_as_described,processed,wallet
REF0003258,ORD0050000,A024737,2026-01-09 12:23:00,1322.0,not_as_described,processed,original_payment
REF0003259,ORD0050001,A024738,2026-01-10 10:33:00,1452.0,not_as_described,processed,original_payment
REF0003260,ORD0050003,A024738,2026-01-09 14:47:00,500.0,not_as_described,processed,bank_transfer
REF0003261,ORD0050005,A024739,2026-01-09 13:13:00,1844.0,not_as_described,processed,original_payment
REF0003262,ORD0050006,A024740,2026-02-11 06:19:00,998.0,not_as_described,processed,wallet
REF0003263,ORD0050007,A024740,2026-02-12 08:12:00,1943.0,not_as_described,processed,wallet
REF0003264,ORD0050009,A024741,2026-02-12 08:15:00,1957.0,not_as_described,processed,bank_transfer
REF0003265,ORD0050010,A024741,2026-02-12 10:28:00,923.0,not_as_described,processed,bank_transfer
REF0003266,ORD0050012,A024742,2026-02-12 08:45:00,1534.0,not_as_described,processed,wallet
REF0003267,ORD0050013,A024742,2026-02-12 10:51:00,1570.0,not_as_described,processed,wallet
REF0003268,ORD0050014,A024743,2026-02-12 07:01:00,1841.0,not_as_described,processed,original_payment
REF0003269,ORD0050015,A024743,2026-02-11 09:04:00,1680.0,not_as_described,processed,wallet
REF0003270,ORD0050019,A024744,2026-02-11 11:08:00,1014.0,not_as_described,processed,wallet
REF0003271,ORD0050020,A024745,2026-02-11 07:43:00,1313.0,not_as_described,processed,bank_transfer
REF0003272,ORD0050021,A024745,2026-02-11 09:30:00,990.0,not_as_described,processed,bank_transfer
REF0003273,ORD0050022,A024745,2026-02-11 11:24:00,516.0,not_as_described,processed,bank_transfer
REF0003274,ORD0050024,A024746,2026-02-11 09:43:00,1536.0,not_as_described,processed,wallet
REF0003275,ORD0050025,A024747,2026-02-11 08:00:00,1881.0,not_as_described,processed,bank_transfer
REF0003276,ORD0050026,A024747,2026-02-11 10:06:00,522.0,not_as_described,processed,original_payment
REF0003277,ORD0050027,A024747,2026-02-11 11:55:00,1027.0,not_as_described,processed,original_payment
REF0003278,ORD0050028,A024748,2026-02-11 08:00:00,1032.0,not_as_described,processed,bank_transfer
REF0003279,ORD0050032,A024749,2026-02-11 12:41:00,1414.0,not_as_described,processed,wallet
REF0003280,ORD0050033,A024750,2026-02-11 08:40:00,1305.0,not_as_described,processed,original_payment
REF0003281,ORD0050035,A024751,2026-02-12 09:09:00,1477.0,not_as_described,processed,bank_transfer
REF0003282,ORD0050036,A024751,2026-02-12 11:04:00,655.0,not_as_described,processed,original_payment
REF0003283,ORD0050038,A024752,2026-02-11 11:16:00,1540.0,not_as_described,processed,original_payment
REF0003284,ORD0050040,A024753,2026-02-11 11:33:00,1154.0,not_as_described,processed,bank_transfer
REF0003285,ORD0050042,A024754,2026-02-11 09:40:00,1101.0,not_as_described,processed,original_payment
REF0003286,ORD0050043,A024754,2026-02-11 11:52:00,805.0,not_as_described,processed,wallet
REF0003287,ORD0050045,A024755,2026-02-11 10:05:00,959.0,not_as_described,processed,bank_transfer
REF0003288,ORD0050046,A024755,2026-02-12 12:08:00,1359.0,not_as_described,processed,bank_transfer
REF0003289,ORD0050047,A024756,2026-02-12 10:14:00,937.0,not_as_described,processed,bank_transfer
REF0003290,ORD0050048,A024756,2026-02-12 12:07:00,1764.0,not_as_described,processed,original_payment
REF0003291,ORD0050050,A024757,2026-02-11 12:28:00,1933.0,not_as_described,processed,original_payment
REF0003292,ORD0050051,A024758,2026-02-12 10:35:00,589.0,not_as_described,processed,original_payment
REF0003293,ORD0050052,A024758,2026-02-11 12:31:00,1498.0,not_as_described,processed,original_payment
REF0003294,ORD0050053,A024759,2026-02-12 10:57:00,1884.0,not_as_described,processed,original_payment
REF0003295,ORD0050054,A024759,2026-02-11 13:00:00,684.0,not_as_described,processed,wallet
REF0003296,ORD0050056,A024760,2026-01-10 06:29:00,1126.0,not_as_described,processed,bank_transfer
REF0003297,ORD0050057,A024760,2026-01-10 08:06:00,1370.0,not_as_described,processed,bank_transfer
REF0003298,ORD0050058,A024761,2026-01-10 06:37:00,586.0,not_as_described,processed,original_payment
REF0003299,ORD0050061,A024762,2026-01-10 06:59:00,1202.0,not_as_described,processed,bank_transfer
REF0003300,ORD0050062,A024762,2026-01-09 08:39:00,1173.0,not_as_described,processed,original_payment
REF0003301,ORD0050065,A024763,2026-01-09 11:00:00,1648.0,not_as_described,processed,original_payment
REF0003302,ORD0050067,A024764,2026-01-10 09:26:00,1609.0,not_as_described,processed,bank_transfer
REF0003303,ORD0050068,A024764,2026-01-10 11:00:00,1522.0,not_as_described,processed,original_payment
REF0003304,ORD0050070,A024765,2026-01-10 09:40:00,1398.0,not_as_described,processed,original_payment
REF0003305,ORD0050072,A024766,2026-01-09 07:45:00,1377.0,not_as_described,processed,wallet
REF0003306,ORD0050073,A024766,2026-01-10 09:44:00,1999.0,not_as_described,processed,wallet
REF0003307,ORD0050074,A024766,2026-01-10 11:30:00,694.0,not_as_described,processed,wallet
REF0003308,ORD0050075,A024767,2026-01-09 07:55:00,1954.0,not_as_described,processed,original_payment
REF0003309,ORD0050076,A024767,2026-01-10 09:52:00,1424.0,not_as_described,processed,original_payment
REF0003310,ORD0050077,A024768,2026-01-09 08:24:00,1439.0,not_as_described,processed,bank_transfer
REF0003311,ORD0050079,A024769,2026-01-10 08:44:00,1428.0,not_as_described,processed,wallet
REF0003312,ORD0050080,A024769,2026-01-09 10:42:00,842.0,not_as_described,processed,original_payment
REF0003313,ORD0050081,A024770,2026-01-10 08:41:00,1670.0,not_as_described,processed,original_payment
REF0003314,ORD0050082,A024770,2026-01-10 10:52:00,1897.0,not_as_described,processed,original_payment
REF0003315,ORD0050083,A024771,2026-01-10 08:56:00,799.0,not_as_described,processed,original_payment
REF0003316,ORD0050084,A024771,2026-01-10 10:56:00,518.0,not_as_described,processed,bank_transfer
REF0003317,ORD0050085,A024772,2026-01-09 09:05:00,1844.0,not_as_described,processed,bank_transfer
REF0003318,ORD0050086,A024772,2026-01-09 11:25:00,1716.0,not_as_described,processed,bank_transfer
REF0003319,ORD0050087,A024772,2026-01-10 13:02:00,1990.0,not_as_described,processed,wallet
REF0003320,ORD0050089,A024773,2026-01-09 11:32:00,772.0,not_as_described,processed,bank_transfer
REF0003321,ORD0050090,A024773,2026-01-10 13:33:00,1662.0,not_as_described,processed,original_payment
REF0003322,ORD0050092,A024774,2026-01-09 11:43:00,1548.0,not_as_described,processed,bank_transfer
REF0003323,ORD0050093,A024774,2026-01-10 13:58:00,1859.0,not_as_described,processed,wallet
REF0003324,ORD0050095,A024775,2026-01-09 12:13:00,1738.0,not_as_described,processed,wallet
REF0003325,ORD0050096,A024775,2026-01-09 13:55:00,1534.0,not_as_described,processed,bank_transfer
REF0003326,ORD0050097,A024776,2026-01-09 10:27:00,1515.0,not_as_described,processed,original_payment
REF0003327,ORD0050099,A024777,2026-01-10 10:38:00,1879.0,not_as_described,processed,original_payment
REF0003328,ORD0050102,A024778,2026-01-10 12:43:00,1269.0,not_as_described,processed,wallet
REF0003329,ORD0050104,A024779,2026-01-09 12:57:00,1263.0,not_as_described,processed,wallet
REF0003330,ORD0050105,A024780,2026-01-13 06:17:00,594.0,not_as_described,processed,original_payment
REF0003331,ORD0050106,A024780,2026-01-12 08:12:00,1703.0,not_as_described,processed,original_payment
REF0003332,ORD0050109,A024781,2026-01-12 08:26:00,1651.0,not_as_described,processed,wallet
REF0003333,ORD0050112,A024783,2026-01-13 06:52:00,595.0,not_as_described,processed,wallet
REF0003334,ORD0050113,A024783,2026-01-12 08:49:00,947.0,not_as_described,processed,wallet
REF0003335,ORD0050114,A024783,2026-01-13 10:58:00,1508.0,not_as_described,processed,bank_transfer
REF0003336,ORD0050115,A024784,2026-01-13 07:23:00,1965.0,not_as_described,processed,original_payment
REF0003337,ORD0050116,A024784,2026-01-13 09:14:00,1724.0,not_as_described,processed,bank_transfer
REF0003338,ORD0050117,A024784,2026-01-13 11:09:00,832.0,not_as_described,processed,bank_transfer
REF0003339,ORD0050119,A024785,2026-01-13 09:44:00,1666.0,not_as_described,processed,wallet
REF0003340,ORD0050120,A024785,2026-01-12 11:41:00,672.0,not_as_described,processed,bank_transfer
REF0003341,ORD0050123,A024787,2026-01-12 08:00:00,1741.0,not_as_described,processed,bank_transfer
REF0003342,ORD0050124,A024787,2026-01-13 10:07:00,1377.0,not_as_described,processed,original_payment
REF0003343,ORD0050125,A024787,2026-01-12 12:08:00,666.0,not_as_described,processed,wallet
REF0003344,ORD0050126,A024788,2026-01-13 08:08:00,1009.0,not_as_described,processed,bank_transfer
REF0003345,ORD0050128,A024789,2026-01-13 08:20:00,1422.0,not_as_described,processed,wallet
REF0003346,ORD0050129,A024789,2026-01-13 10:15:00,1079.0,not_as_described,processed,original_payment
REF0003347,ORD0050132,A024790,2026-01-13 10:59:00,887.0,not_as_described,processed,original_payment
REF0003348,ORD0050134,A024791,2026-01-12 11:14:00,664.0,not_as_described,processed,wallet
REF0003349,ORD0050138,A024792,2026-01-13 13:19:00,941.0,not_as_described,processed,wallet
REF0003350,ORD0050139,A024793,2026-01-13 09:20:00,1803.0,not_as_described,processed,original_payment
REF0003351,ORD0050140,A024793,2026-01-13 11:41:00,1214.0,not_as_described,processed,original_payment
REF0003352,ORD0050141,A024794,2026-01-13 09:57:00,1267.0,not_as_described,processed,wallet
REF0003353,ORD0050144,A024795,2026-01-12 12:11:00,652.0,not_as_described,processed,wallet
REF0003354,ORD0050145,A024796,2026-01-12 10:10:00,1338.0,not_as_described,processed,bank_transfer
REF0003355,ORD0050146,A024796,2026-01-13 12:17:00,952.0,not_as_described,processed,original_payment
REF0003356,ORD0050147,A024797,2026-01-13 10:36:00,1965.0,not_as_described,processed,wallet
REF0003357,ORD0050151,A024799,2026-01-13 11:04:00,866.0,not_as_described,processed,original_payment
REF0003358,ORD0050152,A024799,2026-01-12 13:05:00,1082.0,not_as_described,processed,wallet
REF0003359,ORD0050154,A024800,2026-01-23 08:08:00,1512.0,not_as_described,processed,wallet
REF0003360,ORD0050155,A024800,2026-01-23 10:25:00,994.0,not_as_described,processed,wallet
REF0003361,ORD0050157,A024801,2026-01-24 08:30:00,1431.0,not_as_described,processed,original_payment
REF0003362,ORD0050158,A024801,2026-01-23 10:29:00,1003.0,not_as_described,processed,bank_transfer
REF0003363,ORD0050159,A024802,2026-01-24 06:56:00,609.0,not_as_described,processed,wallet
REF0003364,ORD0050161,A024802,2026-01-24 10:32:00,801.0,not_as_described,processed,bank_transfer
REF0003365,ORD0050162,A024803,2026-01-24 06:49:00,968.0,not_as_described,processed,wallet
REF0003366,ORD0050163,A024803,2026-01-24 08:52:00,599.0,not_as_described,processed,original_payment
REF0003367,ORD0050165,A024804,2026-01-24 07:24:00,1400.0,not_as_described,processed,bank_transfer
REF0003368,ORD0050166,A024804,2026-01-24 09:07:00,1773.0,not_as_described,processed,bank_transfer
REF0003369,ORD0050168,A024805,2026-01-24 07:38:00,1587.0,not_as_described,processed,wallet
REF0003370,ORD0050170,A024805,2026-01-24 11:18:00,898.0,not_as_described,processed,wallet
REF0003371,ORD0050171,A024806,2026-01-24 07:54:00,1193.0,not_as_described,processed,wallet
REF0003372,ORD0050174,A024807,2026-01-24 07:54:00,1695.0,not_as_described,processed,original_payment
REF0003373,ORD0050175,A024807,2026-01-23 10:13:00,1404.0,not_as_described,processed,bank_transfer
REF0003374,ORD0050176,A024807,2026-01-23 12:08:00,1993.0,not_as_described,processed,bank_transfer
REF0003375,ORD0050177,A024808,2026-01-24 08:17:00,1006.0,not_as_described,processed,wallet
REF0003376,ORD0050180,A024809,2026-01-23 08:16:00,1348.0,not_as_described,processed,wallet
REF0003377,ORD0050183,A024810,2026-01-24 08:46:00,1779.0,not_as_described,processed,bank_transfer
REF0003378,ORD0050184,A024810,2026-01-24 10:37:00,1521.0,not_as_described,processed,original_payment
REF0003379,ORD0050187,A024811,2026-01-23 10:56:00,894.0,not_as_described,processed,wallet
REF0003380,ORD0050188,A024811,2026-01-24 12:52:00,1093.0,not_as_described,processed,original_payment
REF0003381,ORD0050190,A024812,2026-01-24 11:26:00,1173.0,not_as_described,processed,original_payment
REF0003382,ORD0050191,A024813,2026-01-24 09:27:00,1876.0,not_as_described,processed,bank_transfer
REF0003383,ORD0050192,A024813,2026-01-23 11:43:00,622.0,not_as_described,processed,bank_transfer
REF0003384,ORD0050193,A024814,2026-01-23 09:39:00,1839.0,not_as_described,processed,wallet
REF0003385,ORD0050194,A024814,2026-01-24 11:58:00,675.0,not_as_described,processed,bank_transfer
REF0003386,ORD0050197,A024815,2026-01-24 13:50:00,1252.0,not_as_described,processed,bank_transfer
REF0003387,ORD0050198,A024816,2026-01-24 10:11:00,564.0,not_as_described,processed,bank_transfer
REF0003388,ORD0050199,A024816,2026-01-23 12:15:00,1877.0,not_as_described,processed,bank_transfer
REF0003389,ORD0050200,A024816,2026-01-23 14:20:00,1418.0,not_as_described,processed,wallet
REF0003390,ORD0050201,A024817,2026-01-24 10:17:00,1605.0,not_as_described,processed,original_payment
REF0003391,ORD0050202,A024817,2026-01-23 12:34:00,1247.0,not_as_described,processed,bank_transfer
REF0003392,ORD0050203,A024818,2026-01-23 10:39:00,1779.0,not_as_described,processed,wallet
REF0003393,ORD0050206,A024819,2026-01-23 11:12:00,1218.0,not_as_described,processed,bank_transfer
REF0003394,ORD0050210,A024820,2026-01-31 08:06:00,1294.0,not_as_described,processed,wallet
REF0003395,ORD0050213,A024821,2026-02-01 08:42:00,1837.0,not_as_described,processed,original_payment
REF0003396,ORD0050214,A024822,2026-01-31 06:47:00,840.0,not_as_described,processed,wallet
REF0003397,ORD0050216,A024822,2026-02-01 10:45:00,830.0,not_as_described,processed,original_payment
REF0003398,ORD0050217,A024823,2026-01-31 06:49:00,582.0,not_as_described,processed,original_payment
REF0003399,ORD0050219,A024823,2026-01-31 11:11:00,1038.0,not_as_described,processed,original_payment
REF0003400,ORD0050220,A024824,2026-01-31 07:18:00,1660.0,not_as_described,processed,original_payment
REF0003401,ORD0050221,A024824,2026-01-31 09:04:00,637.0,not_as_described,processed,original_payment
REF0003402,ORD0050222,A024825,2026-01-31 07:40:00,1653.0,not_as_described,processed,original_payment
REF0003403,ORD0050228,A024827,2026-02-01 09:52:00,799.0,not_as_described,processed,bank_transfer
REF0003404,ORD0050229,A024827,2026-01-31 12:11:00,510.0,not_as_described,processed,bank_transfer
REF0003405,ORD0050231,A024828,2026-01-31 10:01:00,778.0,not_as_described,processed,bank_transfer
REF0003406,ORD0050232,A024828,2026-01-31 12:01:00,1020.0,not_as_described,processed,bank_transfer
REF0003407,ORD0050233,A024829,2026-02-01 08:17:00,1406.0,not_as_described,processed,original_payment
REF0003408,ORD0050234,A024829,2026-02-01 10:37:00,1026.0,not_as_described,processed,bank_transfer
REF0003409,ORD0050235,A024829,2026-02-01 12:21:00,1752.0,not_as_described,processed,wallet
REF0003410,ORD0050236,A024830,2026-02-01 08:50:00,1969.0,not_as_described,processed,wallet
REF0003411,ORD0050238,A024830,2026-01-31 12:47:00,889.0,not_as_described,processed,original_payment
REF0003412,ORD0050239,A024831,2026-01-31 08:58:00,1818.0,not_as_described,processed,wallet
REF0003413,ORD0050240,A024831,2026-01-31 10:45:00,1538.0,not_as_described,processed,wallet
REF0003414,ORD0050241,A024831,2026-02-01 13:11:00,1259.0,not_as_described,processed,wallet
REF0003415,ORD0050242,A024832,2026-02-01 09:28:00,1411.0,not_as_described,processed,wallet
REF0003416,ORD0050243,A024832,2026-01-31 11:04:00,1351.0,not_as_described,processed,original_payment
REF0003417,ORD0050244,A024832,2026-01-31 13:15:00,826.0,not_as_described,processed,bank_transfer
REF0003418,ORD0050246,A024833,2026-01-31 11:17:00,1381.0,not_as_described,processed,wallet
REF0003419,ORD0050248,A024834,2026-02-01 09:43:00,1823.0,not_as_described,processed,wallet
REF0003420,ORD0050251,A024835,2026-02-01 09:48:00,703.0,not_as_described,processed,original_payment
REF0003421,ORD0050252,A024835,2026-02-01 11:50:00,1188.0,not_as_described,processed,wallet
REF0003422,ORD0050253,A024835,2026-02-01 13:54:00,1547.0,not_as_described,processed,bank_transfer
REF0003423,ORD0050256,A024836,2026-02-01 14:17:00,747.0,not_as_described,processed,bank_transfer
REF0003424,ORD0050260,A024838,2026-02-01 10:54:00,1037.0,not_as_described,processed,bank_transfer
REF0003425,ORD0050261,A024838,2026-01-31 12:32:00,1829.0,not_as_described,processed,bank_transfer
REF0003426,ORD0050263,A024839,2026-01-31 12:54:00,587.0,not_as_described,processed,wallet
REF0003427,ORD0050264,A024839,2026-01-31 14:53:00,538.0,not_as_described,processed,wallet
REF0003428,ORD0050265,A024840,2026-01-25 06:11:00,632.0,not_as_described,processed,original_payment
REF0003429,ORD0050266,A024840,2026-01-24 08:06:00,579.0,not_as_described,processed,wallet
REF0003430,ORD0050268,A024841,2026-01-25 06:20:00,966.0,not_as_described,processed,bank_transfer
REF0003431,ORD0050269,A024841,2026-01-24 08:39:00,517.0,not_as_described,processed,bank_transfer
REF0003432,ORD0050270,A024842,2026-01-25 06:55:00,1435.0,not_as_described,processed,original_payment
REF0003433,ORD0050272,A024842,2026-01-25 10:56:00,849.0,not_as_described,processed,original_payment
REF0003434,ORD0050273,A024843,2026-01-24 07:10:00,1970.0,not_as_described,processed,bank_transfer
REF0003435,ORD0050274,A024843,2026-01-25 08:58:00,1651.0,not_as_described,processed,bank_transfer
REF0003436,ORD0050275,A024843,2026-01-24 11:03:00,1828.0,not_as_described,processed,wallet
REF0003437,ORD0050276,A024844,2026-01-25 07:09:00,1885.0,not_as_described,processed,bank_transfer
REF0003438,ORD0050277,A024844,2026-01-25 09:20:00,1244.0,not_as_described,processed,original_payment
REF0003439,ORD0050279,A024845,2026-01-25 09:17:00,1585.0,not_as_described,processed,original_payment
REF0003440,ORD0050280,A024845,2026-01-24 11:38:00,814.0,not_as_described,processed,wallet
REF0003441,ORD0050281,A024846,2026-01-24 07:53:00,1711.0,not_as_described,processed,original_payment
REF0003442,ORD0050282,A024846,2026-01-24 09:51:00,1460.0,not_as_described,processed,wallet
REF0003443,ORD0050283,A024846,2026-01-24 11:40:00,914.0,not_as_described,processed,bank_transfer
REF0003444,ORD0050285,A024847,2026-01-25 10:12:00,946.0,not_as_described,processed,bank_transfer
REF0003445,ORD0050286,A024847,2026-01-25 11:50:00,730.0,not_as_described,processed,original_payment
REF0003446,ORD0050289,A024848,2026-01-24 12:16:00,894.0,not_as_described,processed,original_payment
REF0003447,ORD0050290,A024849,2026-01-25 08:38:00,825.0,not_as_described,processed,wallet
REF0003448,ORD0050291,A024849,2026-01-25 10:22:00,979.0,not_as_described,processed,wallet
REF0003449,ORD0050293,A024850,2026-01-24 08:37:00,1990.0,not_as_described,processed,original_payment
REF0003450,ORD0050294,A024850,2026-01-24 10:32:00,1695.0,not_as_described,processed,wallet
REF0003451,ORD0050296,A024851,2026-01-25 08:53:00,858.0,not_as_described,processed,bank_transfer
REF0003452,ORD0050297,A024851,2026-01-25 11:13:00,540.0,not_as_described,processed,original_payment
REF0003453,ORD0050300,A024852,2026-01-24 11:27:00,1956.0,not_as_described,processed,bank_transfer
REF0003454,ORD0050302,A024853,2026-01-25 11:32:00,1624.0,not_as_described,processed,bank_transfer
REF0003455,ORD0050305,A024854,2026-01-25 13:49:00,1553.0,not_as_described,processed,wallet
REF0003456,ORD0050306,A024855,2026-01-24 09:57:00,1214.0,not_as_described,processed,wallet
REF0003457,ORD0050307,A024855,2026-01-25 12:13:00,1260.0,not_as_described,processed,wallet
REF0003458,ORD0050308,A024856,2026-01-24 10:10:00,1945.0,not_as_described,processed,original_payment
REF0003459,ORD0050309,A024856,2026-01-25 12:19:00,804.0,not_as_described,processed,wallet
REF0003460,ORD0050310,A024856,2026-01-25 14:05:00,1283.0,not_as_described,processed,bank_transfer
REF0003461,ORD0050311,A024857,2026-01-25 10:38:00,809.0,not_as_described,processed,wallet
REF0003462,ORD0050313,A024857,2026-01-24 14:17:00,1853.0,not_as_described,processed,bank_transfer
REF0003463,ORD0050314,A024858,2026-01-24 10:51:00,1366.0,not_as_described,processed,original_payment
REF0003464,ORD0050315,A024858,2026-01-24 12:46:00,863.0,not_as_described,processed,bank_transfer
REF0003465,ORD0050318,A024860,2026-02-06 06:09:00,1738.0,not_as_described,processed,wallet
REF0003466,ORD0050319,A024860,2026-02-05 08:05:00,1987.0,not_as_described,processed,bank_transfer
REF0003467,ORD0050320,A024860,2026-02-06 10:22:00,1789.0,not_as_described,processed,bank_transfer
REF0003468,ORD0050321,A024861,2026-02-05 06:24:00,916.0,not_as_described,processed,bank_transfer
REF0003469,ORD0050323,A024861,2026-02-06 10:30:00,1162.0,not_as_described,processed,original_payment
REF0003470,ORD0050324,A024862,2026-02-06 06:40:00,1473.0,not_as_described,processed,wallet
REF0003471,ORD0050326,A024863,2026-02-06 07:05:00,1458.0,not_as_described,processed,original_payment
REF0003472,ORD0050328,A024864,2026-02-06 07:20:00,1605.0,not_as_described,processed,bank_transfer
REF0003473,ORD0050329,A024864,2026-02-06 09:04:00,934.0,not_as_described,processed,original_payment
REF0003474,ORD0050332,A024865,2026-02-06 11:15:00,1906.0,not_as_described,processed,bank_transfer
REF0003475,ORD0050334,A024866,2026-02-06 09:38:00,1205.0,not_as_described,processed,bank_transfer
REF0003476,ORD0050335,A024867,2026-02-05 07:47:00,1218.0,not_as_described,processed,original_payment
REF0003477,ORD0050337,A024867,2026-02-06 12:10:00,1452.0,not_as_described,processed,bank_transfer
REF0003478,ORD0050338,A024868,2026-02-05 08:11:00,1781.0,not_as_described,processed,wallet
REF0003479,ORD0050339,A024868,2026-02-05 10:26:00,858.0,not_as_described,processed,wallet
REF0003480,ORD0050340,A024869,2026-02-06 08:44:00,524.0,not_as_described,processed,original_payment
REF0003481,ORD0050341,A024869,2026-02-06 10:32:00,1027.0,not_as_described,processed,wallet
REF0003482,ORD0050342,A024869,2026-02-06 12:43:00,835.0,not_as_described,processed,original_payment
REF0003483,ORD0050343,A024870,2026-02-06 08:31:00,572.0,not_as_described,processed,original_payment
REF0003484,ORD0050344,A024870,2026-02-06 10:43:00,1365.0,not_as_described,processed,bank_transfer
REF0003485,ORD0050345,A024871,2026-02-06 08:45:00,1229.0,not_as_described,processed,bank_transfer
REF0003486,ORD0050346,A024871,2026-02-05 11:14:00,1532.0,not_as_described,processed,bank_transfer
REF0003487,ORD0050347,A024872,2026-02-05 09:12:00,1185.0,not_as_described,processed,bank_transfer
REF0003488,ORD0050348,A024872,2026-02-06 11:06:00,1843.0,not_as_described,processed,wallet
REF0003489,ORD0050349,A024872,2026-02-05 13:26:00,1776.0,not_as_described,processed,original_payment
REF0003490,ORD0050351,A024873,2026-02-06 11:43:00,1927.0,not_as_described,processed,wallet
REF0003491,ORD0050354,A024874,2026-02-06 11:59:00,1038.0,not_as_described,processed,bank_transfer
REF0003492,ORD0050355,A024875,2026-02-05 09:56:00,1066.0,not_as_described,processed,wallet
REF0003493,ORD0050356,A024875,2026-02-05 11:58:00,1782.0,not_as_described,processed,wallet
REF0003494,ORD0050357,A024876,2026-02-06 10:02:00,793.0,not_as_described,processed,wallet
REF0003495,ORD0050358,A024876,2026-02-05 12:05:00,1630.0,not_as_described,processed,bank_transfer
REF0003496,ORD0050359,A024876,2026-02-05 14:28:00,1851.0,not_as_described,processed,bank_transfer
REF0003497,ORD0050360,A024877,2026-02-06 10:24:00,655.0,not_as_described,processed,bank_transfer
REF0003498,ORD0050361,A024877,2026-02-06 12:38:00,1461.0,not_as_described,processed,bank_transfer
REF0003499,ORD0050364,A024878,2026-02-06 14:40:00,716.0,not_as_described,processed,bank_transfer
REF0003500,ORD0050365,A024879,2026-02-05 11:03:00,1836.0,not_as_described,processed,original_payment
REF0003501,ORD0050368,A024880,2026-01-10 06:01:00,1276.0,not_as_described,processed,bank_transfer
REF0003502,ORD0050370,A024880,2026-01-10 10:16:00,1621.0,not_as_described,processed,bank_transfer
REF0003503,ORD0050372,A024881,2026-01-10 08:29:00,941.0,not_as_described,processed,wallet
REF0003504,ORD0050373,A024882,2026-01-10 06:31:00,681.0,not_as_described,processed,wallet
REF0003505,ORD0050374,A024882,2026-01-10 08:41:00,1308.0,not_as_described,processed,bank_transfer
REF0003506,ORD0050375,A024883,2026-01-09 07:07:00,803.0,not_as_described,processed,bank_transfer
REF0003507,ORD0050377,A024883,2026-01-09 10:56:00,673.0,not_as_described,processed,bank_transfer
REF0003508,ORD0050378,A024884,2026-01-09 07:21:00,736.0,not_as_described,processed,original_payment
REF0003509,ORD0050381,A024885,2026-01-10 07:38:00,1442.0,not_as_described,processed,bank_transfer
REF0003510,ORD0050382,A024885,2026-01-09 09:18:00,1693.0,not_as_described,processed,bank_transfer
REF0003511,ORD0050383,A024886,2026-01-10 07:33:00,1798.0,not_as_described,processed,original_payment
REF0003512,ORD0050384,A024886,2026-01-10 09:56:00,1108.0,not_as_described,processed,original_payment
REF0003513,ORD0050385,A024886,2026-01-10 11:50:00,655.0,not_as_described,processed,wallet
REF0003514,ORD0050388,A024888,2026-01-09 08:05:00,1982.0,not_as_described,processed,original_payment
REF0003515,ORD0050389,A024888,2026-01-09 10:26:00,1273.0,not_as_described,processed,original_payment
REF0003516,ORD0050391,A024889,2026-01-10 08:32:00,1887.0,not_as_described,processed,original_payment
REF0003517,ORD0050392,A024889,2026-01-09 10:16:00,1113.0,not_as_described,processed,wallet
REF0003518,ORD0050394,A024890,2026-01-09 10:31:00,1280.0,not_as_described,processed,wallet
REF0003519,ORD0050395,A024890,2026-01-09 12:48:00,757.0,not_as_described,processed,original_payment
REF0003520,ORD0050396,A024891,2026-01-10 08:54:00,759.0,not_as_described,processed,wallet
REF0003521,ORD0050397,A024891,2026-01-09 11:01:00,1925.0,not_as_described,processed,wallet
REF0003522,ORD0050398,A024892,2026-01-10 09:03:00,1482.0,not_as_described,processed,wallet
REF0003523,ORD0050399,A024892,2026-01-09 11:11:00,518.0,not_as_described,processed,wallet
REF0003524,ORD0050400,A024893,2026-01-09 09:37:00,1114.0,not_as_described,processed,original_payment
REF0003525,ORD0050402,A024894,2026-01-09 09:45:00,1450.0,not_as_described,processed,original_payment
REF0003526,ORD0050406,A024896,2026-01-10 10:21:00,1043.0,not_as_described,processed,bank_transfer
REF0003527,ORD0050408,A024897,2026-01-09 10:44:00,1648.0,not_as_described,processed,wallet
REF0003528,ORD0050409,A024897,2026-01-10 12:40:00,912.0,not_as_described,processed,bank_transfer
REF0003529,ORD0050410,A024897,2026-01-10 14:35:00,1292.0,not_as_described,processed,original_payment
REF0003530,ORD0050411,A024898,2026-01-10 10:42:00,1649.0,not_as_described,processed,bank_transfer
REF0003531,ORD0050412,A024898,2026-01-09 12:52:00,1126.0,not_as_described,processed,original_payment
REF0003532,ORD0050415,A024899,2026-01-10 14:56:00,1010.0,not_as_described,processed,wallet
REF0003533,ORD0050416,A024900,2026-02-01 06:17:00,1409.0,not_as_described,processed,bank_transfer
REF0003534,ORD0050419,A024901,2026-01-31 06:27:00,1175.0,not_as_described,processed,wallet
REF0003535,ORD0050420,A024901,2026-01-31 08:44:00,1400.0,not_as_described,processed,wallet
REF0003536,ORD0050421,A024902,2026-01-31 06:40:00,1871.0,not_as_described,processed,wallet
REF0003537,ORD0050423,A024902,2026-01-31 10:45:00,1201.0,not_as_described,processed,original_payment
REF0003538,ORD0050424,A024903,2026-02-01 07:14:00,782.0,not_as_described,processed,bank_transfer
REF0003539,ORD0050426,A024904,2026-02-01 07:04:00,1815.0,not_as_described,processed,bank_transfer
REF0003540,ORD0050429,A024905,2026-01-31 09:40:00,761.0,not_as_described,processed,wallet
REF0003541,ORD0050430,A024906,2026-01-31 07:57:00,1991.0,not_as_described,processed,bank_transfer
REF0003542,ORD0050434,A024907,2026-01-31 09:54:00,1315.0,not_as_described,processed,wallet
REF0003543,ORD0050437,A024908,2026-02-01 12:01:00,607.0,not_as_described,processed,wallet
REF0003544,ORD0050439,A024909,2026-02-01 10:41:00,1307.0,not_as_described,processed,original_payment
REF0003545,ORD0050441,A024910,2026-02-01 08:57:00,503.0,not_as_described,processed,wallet
REF0003546,ORD0050442,A024910,2026-01-31 10:42:00,1954.0,not_as_described,processed,wallet
REF0003547,ORD0050444,A024911,2026-02-01 08:48:00,1961.0,not_as_described,processed,wallet
REF0003548,ORD0050446,A024912,2026-01-31 09:03:00,1732.0,not_as_described,processed,bank_transfer
REF0003549,ORD0050449,A024913,2026-02-01 11:18:00,1712.0,not_as_described,processed,original_payment
REF0003550,ORD0050450,A024913,2026-02-01 13:34:00,1428.0,not_as_described,processed,bank_transfer
REF0003551,ORD0050451,A024914,2026-01-31 09:36:00,824.0,not_as_described,processed,original_payment
REF0003552,ORD0050452,A024914,2026-02-01 11:41:00,835.0,not_as_described,processed,wallet
REF0003553,ORD0050454,A024915,2026-02-01 09:58:00,1820.0,not_as_described,processed,original_payment
REF0003554,ORD0050456,A024915,2026-01-31 13:46:00,1069.0,not_as_described,processed,bank_transfer
REF0003555,ORD0050458,A024916,2026-02-01 12:15:00,1781.0,not_as_described,processed,wallet
REF0003556,ORD0050459,A024917,2026-02-01 10:29:00,1949.0,not_as_described,processed,bank_transfer
REF0003557,ORD0050462,A024918,2026-02-01 10:35:00,1338.0,not_as_described,processed,original_payment
REF0003558,ORD0050464,A024918,2026-01-31 14:38:00,783.0,not_as_described,processed,bank_transfer
REF0003559,ORD0050465,A024919,2026-01-31 11:10:00,799.0,not_as_described,processed,original_payment
REF0003560,ORD0050827,A025100,2026-02-14 14:19:55,2397.0,not_as_described,processed,bank_transfer
REF0003561,ORD0050829,A025100,2026-02-15 14:26:07,2529.0,not_as_described,processed,wallet
REF0003562,ORD0050830,A025101,2026-02-14 14:37:35,3986.0,not_as_described,processed,wallet
REF0003563,ORD0050831,A025101,2026-02-15 14:34:07,1928.0,not_as_described,processed,original_payment
REF0003564,ORD0050832,A025101,2026-02-15 14:19:12,2384.0,size_fit,processed,bank_transfer
REF0003565,ORD0050833,A025102,2026-02-13 14:27:19,2112.0,size_fit,processed,original_payment
REF0003566,ORD0050835,A025102,2026-02-15 14:21:17,3532.0,size_fit,processed,original_payment
REF0003567,ORD0050837,A025103,2026-02-15 14:21:38,3059.0,size_fit,processed,wallet
REF0003568,ORD0050839,A025104,2026-02-14 14:21:10,3833.0,size_fit,processed,wallet
REF0003569,ORD0050841,A025104,2026-02-16 14:50:37,2422.0,not_as_described,processed,bank_transfer
REF0003570,ORD0050843,A025105,2026-02-16 14:36:12,1885.0,not_as_described,processed,bank_transfer
REF0003571,ORD0050846,A025106,2026-02-16 14:17:12,4459.0,not_as_described,processed,bank_transfer
REF0003572,ORD0050847,A025106,2026-02-17 14:41:13,2289.0,size_fit,processed,bank_transfer
REF0003573,ORD0050848,A025107,2026-02-15 14:46:59,2390.0,not_as_described,processed,original_payment
REF0003574,ORD0050849,A025107,2026-02-16 14:13:03,2405.0,not_as_described,processed,bank_transfer
REF0003575,ORD0050850,A025107,2026-02-17 14:46:36,4057.0,not_as_described,processed,original_payment
REF0003576,ORD0050854,A025109,2026-02-15 14:31:42,3067.0,size_fit,processed,original_payment
REF0003577,ORD0050856,A025109,2026-02-17 14:18:34,3887.0,size_fit,processed,original_payment
REF0003578,ORD0050857,A025110,2026-01-22 14:15:13,1818.0,size_fit,processed,wallet
REF0003579,ORD0050858,A025110,2026-01-23 14:30:36,2396.0,size_fit,processed,bank_transfer
REF0003580,ORD0050861,A025111,2026-01-24 14:45:34,2417.0,not_as_described,processed,bank_transfer
REF0003581,ORD0050862,A025111,2026-01-24 14:24:56,4073.0,not_as_described,processed,wallet
REF0003582,ORD0050863,A025112,2026-01-22 14:15:44,1648.0,not_as_described,processed,bank_transfer
REF0003583,ORD0050864,A025112,2026-01-24 14:41:45,3782.0,size_fit,processed,wallet
REF0003584,ORD0050865,A025112,2026-01-24 14:03:10,1753.0,size_fit,processed,wallet
REF0003585,ORD0050868,A025113,2026-01-25 14:34:52,2498.0,not_as_described,processed,bank_transfer
REF0003586,ORD0050869,A025114,2026-01-23 14:45:03,1832.0,not_as_described,processed,original_payment
REF0003587,ORD0050870,A025114,2026-01-24 14:16:58,2005.0,not_as_described,processed,wallet
REF0003588,ORD0050871,A025114,2026-01-26 14:44:00,3216.0,size_fit,processed,bank_transfer
REF0003589,ORD0050872,A025115,2026-01-24 14:07:03,1658.0,size_fit,processed,original_payment
REF0003590,ORD0050873,A025115,2026-01-25 14:16:01,3819.0,size_fit,processed,bank_transfer
REF0003591,ORD0050874,A025115,2026-01-26 14:35:12,4013.0,not_as_described,processed,bank_transfer
REF0003592,ORD0050876,A025116,2026-01-25 14:42:05,4044.0,size_fit,processed,original_payment
REF0003593,ORD0050877,A025116,2026-01-26 14:03:54,3844.0,size_fit,processed,original_payment
REF0003594,ORD0050881,A025118,2026-01-25 14:11:51,4072.0,not_as_described,processed,original_payment
REF0003595,ORD0050882,A025118,2026-01-25 14:29:12,3058.0,size_fit,processed,original_payment
REF0003596,ORD0050883,A025118,2026-01-26 14:09:39,1816.0,size_fit,processed,original_payment
REF0003597,ORD0050884,A025119,2026-01-24 14:46:22,2249.0,not_as_described,processed,bank_transfer
REF0003598,ORD0050885,A025119,2026-01-25 14:20:15,4457.0,size_fit,processed,original_payment
REF0003599,ORD0050887,A025120,2026-02-14 14:15:35,3408.0,not_as_described,processed,bank_transfer
REF0003600,ORD0050889,A025120,2026-02-15 14:36:24,1566.0,size_fit,processed,bank_transfer
REF0003601,ORD0050896,A025123,2026-02-14 14:23:21,4130.0,not_as_described,processed,original_payment
REF0003602,ORD0050898,A025123,2026-02-15 14:28:17,3024.0,size_fit,processed,original_payment
REF0003603,ORD0050906,A025126,2026-02-15 14:04:56,4160.0,size_fit,processed,bank_transfer
REF0003604,ORD0050907,A025126,2026-02-17 14:35:23,1541.0,size_fit,processed,wallet
REF0003605,ORD0050908,A025127,2026-02-15 14:42:36,3766.0,size_fit,processed,wallet
REF0003606,ORD0050913,A025128,2026-02-17 14:47:42,1568.0,size_fit,processed,wallet
REF0003607,ORD0050915,A025129,2026-02-16 14:16:55,3284.0,size_fit,processed,original_payment
REF0003608,ORD0050916,A025129,2026-02-17 14:51:45,2766.0,size_fit,processed,wallet
REF0003609,ORD0050920,A025131,2026-02-09 14:01:33,4020.0,size_fit,processed,wallet
REF0003610,ORD0050924,A025132,2026-02-10 14:45:34,2747.0,not_as_described,processed,wallet
REF0003611,ORD0050925,A025132,2026-02-11 14:46:42,1749.0,not_as_described,processed,wallet
REF0003612,ORD0050926,A025133,2026-02-09 14:10:45,1792.0,size_fit,processed,bank_transfer
REF0003613,ORD0050927,A025133,2026-02-10 14:37:37,3559.0,size_fit,processed,wallet
REF0003614,ORD0050930,A025134,2026-02-12 14:49:32,3995.0,size_fit,processed,bank_transfer
REF0003615,ORD0050931,A025134,2026-02-12 14:15:07,4240.0,not_as_described,processed,wallet
REF0003616,ORD0050933,A025135,2026-02-11 14:31:45,2989.0,not_as_described,processed,bank_transfer
REF0003617,ORD0050934,A025135,2026-02-12 14:27:21,3637.0,not_as_described,processed,original_payment
REF0003618,ORD0050935,A025136,2026-02-10 14:37:00,1672.0,not_as_described,processed,wallet
REF0003619,ORD0050936,A025136,2026-02-12 14:29:22,4300.0,not_as_described,processed,wallet
REF0003620,ORD0050937,A025136,2026-02-13 14:12:15,3822.0,not_as_described,processed,wallet
REF0003621,ORD0050939,A025137,2026-02-11 14:55:14,2817.0,not_as_described,processed,original_payment
REF0003622,ORD0050940,A025137,2026-02-12 14:23:51,3121.0,size_fit,processed,original_payment
REF0003623,ORD0050946,A025139,2026-02-14 14:23:26,2388.0,size_fit,processed,wallet
REF0003624,ORD0050950,A025141,2026-02-02 14:46:53,2882.0,size_fit,processed,bank_transfer
REF0003625,ORD0050951,A025141,2026-02-03 14:44:19,1975.0,not_as_described,processed,wallet
REF0003626,ORD0050955,A025142,2026-02-04 14:07:49,3772.0,not_as_described,processed,wallet
REF0003627,ORD0050958,A025143,2026-02-04 14:45:02,2770.0,not_as_described,processed,original_payment
REF0003628,ORD0050959,A025144,2026-02-03 14:40:35,2105.0,size_fit,processed,original_payment
REF0003629,ORD0050960,A025144,2026-02-03 14:24:38,4366.0,size_fit,processed,wallet
REF0003630,ORD0050964,A025145,2026-02-04 14:38:16,3334.0,size_fit,processed,wallet
REF0003631,ORD0050966,A025146,2026-02-04 14:23:24,4222.0,size_fit,processed,bank_transfer
REF0003632,ORD0050974,A025149,2026-02-04 14:44:45,4089.0,size_fit,processed,wallet
REF0003633,ORD0050975,A025149,2026-02-05 14:18:10,3837.0,not_as_described,processed,wallet
REF0003634,ORD0050976,A025149,2026-02-05 14:15:38,1602.0,not_as_described,processed,original_payment
REF0003635,ORD0050977,A025150,2026-02-09 14:30:25,1935.0,size_fit,processed,original_payment
REF0003636,ORD0050978,A025150,2026-02-10 14:43:53,4432.0,size_fit,processed,bank_transfer
REF0003637,ORD0050979,A025150,2026-02-12 14:47:05,1748.0,size_fit,processed,wallet
REF0003638,ORD0050982,A025151,2026-02-12 14:49:20,4004.0,size_fit,processed,bank_transfer
REF0003639,ORD0050983,A025152,2026-02-09 14:49:33,3924.0,size_fit,processed,original_payment
REF0003640,ORD0050984,A025152,2026-02-11 14:33:46,3104.0,not_as_described,processed,original_payment
REF0003641,ORD0050987,A025153,2026-02-11 14:38:13,4288.0,size_fit,processed,wallet
REF0003642,ORD0050988,A025153,2026-02-11 14:15:41,1656.0,size_fit,processed,bank_transfer
REF0003643,ORD0050990,A025154,2026-02-12 14:28:14,4326.0,not_as_described,processed,original_payment
REF0003644,ORD0050993,A025155,2026-02-11 14:12:54,3434.0,size_fit,processed,original_payment
REF0003645,ORD0050995,A025156,2026-02-10 14:26:44,3131.0,size_fit,processed,bank_transfer
REF0003646,ORD0050997,A025156,2026-02-13 14:05:46,4298.0,size_fit,processed,bank_transfer
REF0003647,ORD0050998,A025157,2026-02-10 14:21:01,1921.0,not_as_described,processed,bank_transfer
REF0003648,ORD0051000,A025157,2026-02-13 14:43:16,2198.0,not_as_described,processed,wallet
REF0003649,ORD0051006,A025159,2026-02-14 14:28:05,2483.0,size_fit,processed,original_payment
REF0003650,ORD0051007,A025160,2026-01-29 14:48:17,2153.0,not_as_described,processed,original_payment
REF0003651,ORD0051008,A025160,2026-01-31 14:17:16,4289.0,size_fit,processed,wallet
REF0003652,ORD0051010,A025161,2026-01-30 14:32:31,1613.0,not_as_described,processed,bank_transfer
REF0003653,ORD0051012,A025161,2026-02-01 14:12:25,4018.0,size_fit,processed,original_payment
REF0003654,ORD0051013,A025162,2026-01-30 14:24:01,3496.0,size_fit,processed,bank_transfer
REF0003655,ORD0051014,A025162,2026-01-30 14:40:19,4326.0,not_as_described,processed,original_payment
REF0003656,ORD0051015,A025162,2026-02-01 14:34:51,1724.0,size_fit,processed,bank_transfer
REF0003657,ORD0051018,A025163,2026-02-01 14:09:04,3463.0,size_fit,processed,wallet
REF0003658,ORD0051019,A025164,2026-01-30 14:43:58,4163.0,size_fit,processed,bank_transfer
REF0003659,ORD0051020,A025164,2026-01-31 14:44:58,3865.0,size_fit,processed,original_payment
REF0003660,ORD0051022,A025165,2026-01-31 14:44:19,3745.0,size_fit,processed,bank_transfer
REF0003661,ORD0051023,A025165,2026-01-31 14:15:42,3505.0,size_fit,processed,bank_transfer
REF0003662,ORD0051025,A025166,2026-01-30 14:33:27,3456.0,size_fit,processed,bank_transfer
REF0003663,ORD0051027,A025166,2026-02-01 14:14:49,2808.0,not_as_described,processed,bank_transfer
REF0003664,ORD0051029,A025167,2026-01-31 14:29:28,2278.0,not_as_described,processed,original_payment
REF0003665,ORD0051030,A025167,2026-02-02 14:21:38,2085.0,size_fit,processed,bank_transfer
REF0003666,ORD0051033,A025168,2026-02-03 14:35:09,4116.0,size_fit,processed,bank_transfer
REF0003667,ORD0051035,A025169,2026-02-01 14:32:35,1778.0,size_fit,processed,bank_transfer
REF0003668,ORD0051036,A025169,2026-02-03 14:21:25,3090.0,size_fit,processed,wallet
REF0003669,ORD0051038,A025170,2026-02-14 14:23:14,3668.0,size_fit,processed,bank_transfer
REF0003670,ORD0051040,A025171,2026-02-13 14:22:16,1759.0,size_fit,processed,original_payment
REF0003671,ORD0051043,A025172,2026-02-13 14:34:52,2503.0,size_fit,processed,original_payment
REF0003672,ORD0051045,A025172,2026-02-14 14:24:13,3525.0,size_fit,processed,bank_transfer
REF0003673,ORD0051046,A025173,2026-02-12 14:30:27,1500.0,not_as_described,processed,bank_transfer
REF0003674,ORD0051048,A025173,2026-02-15 14:39:34,3703.0,not_as_described,processed,original_payment
REF0003675,ORD0051049,A025174,2026-02-14 14:17:46,3200.0,size_fit,processed,original_payment
REF0003676,ORD0051056,A025176,2026-02-14 14:32:46,3195.0,size_fit,processed,original_payment
REF0003677,ORD0051057,A025176,2026-02-15 14:06:35,2308.0,not_as_described,processed,wallet
REF0003678,ORD0051058,A025177,2026-02-13 14:03:10,3830.0,not_as_described,processed,bank_transfer
REF0003679,ORD0051059,A025177,2026-02-14 14:38:04,3731.0,size_fit,processed,wallet
REF0003680,ORD0051060,A025177,2026-02-15 14:43:36,1879.0,size_fit,processed,original_payment
REF0003681,ORD0051063,A025178,2026-02-17 14:17:25,1639.0,not_as_described,processed,original_payment
REF0003682,ORD0051067,A025180,2026-01-18 14:46:58,2707.0,not_as_described,processed,wallet
REF0003683,ORD0051069,A025180,2026-01-20 14:21:29,2721.0,not_as_described,processed,bank_transfer
REF0003684,ORD0051070,A025181,2026-01-17 14:30:50,2918.0,not_as_described,processed,wallet
REF0003685,ORD0051071,A025181,2026-01-18 14:01:40,2728.0,size_fit,processed,original_payment
REF0003686,ORD0051072,A025181,2026-01-20 14:19:11,2098.0,size_fit,processed,original_payment
REF0003687,ORD0051074,A025182,2026-01-18 14:13:47,1778.0,not_as_described,processed,original_payment
REF0003688,ORD0051075,A025182,2026-01-19 14:20:10,3775.0,not_as_described,processed,wallet
REF0003689,ORD0051076,A025183,2026-01-18 14:46:40,2350.0,not_as_described,processed,wallet
REF0003690,ORD0051077,A025183,2026-01-19 14:29:32,1720.0,size_fit,processed,bank_transfer
REF0003691,ORD0051078,A025183,2026-01-20 14:49:12,3725.0,size_fit,processed,bank_transfer
REF0003692,ORD0051082,A025185,2026-01-19 14:39:09,3240.0,size_fit,processed,original_payment
REF0003693,ORD0051083,A025185,2026-01-19 14:43:06,1825.0,size_fit,processed,bank_transfer
REF0003694,ORD0051084,A025185,2026-01-21 14:27:16,4360.0,not_as_described,processed,original_payment
REF0003695,ORD0051085,A025186,2026-01-19 14:54:47,2640.0,not_as_described,processed,bank_transfer
REF0003696,ORD0051094,A025189,2026-01-20 14:48:28,1647.0,size_fit,processed,bank_transfer
REF0003697,ORD0051096,A025189,2026-01-22 14:42:46,3378.0,size_fit,processed,wallet
REF0003698,ORD0051097,A025190,2026-01-22 14:19:46,1855.0,not_as_described,processed,bank_transfer
REF0003699,ORD0051100,A025191,2026-01-22 14:11:39,2310.0,size_fit,processed,wallet
REF0003700,ORD0051102,A025191,2026-01-24 14:39:31,1632.0,not_as_described,processed,bank_transfer
REF0003701,ORD0051103,A025192,2026-01-23 14:36:29,3275.0,size_fit,processed,bank_transfer
REF0003702,ORD0051105,A025192,2026-01-25 14:34:33,2193.0,not_as_described,processed,original_payment
REF0003703,ORD0051107,A025193,2026-01-23 14:48:20,2434.0,size_fit,processed,bank_transfer
REF0003704,ORD0051108,A025193,2026-01-25 14:53:12,3176.0,size_fit,processed,original_payment
REF0003705,ORD0051109,A025194,2026-01-23 14:07:44,2029.0,not_as_described,processed,original_payment
REF0003706,ORD0051110,A025194,2026-01-25 14:29:28,1825.0,size_fit,processed,bank_transfer
REF0003707,ORD0051111,A025194,2026-01-25 14:26:50,4116.0,size_fit,processed,original_payment
REF0003708,ORD0051112,A025195,2026-01-24 14:42:47,4278.0,not_as_described,processed,original_payment
REF0003709,ORD0051113,A025195,2026-01-24 14:50:41,2163.0,not_as_described,processed,bank_transfer
REF0003710,ORD0051115,A025196,2026-01-24 14:44:22,4017.0,size_fit,processed,original_payment
REF0003711,ORD0051117,A025196,2026-01-26 14:21:14,3979.0,not_as_described,processed,bank_transfer
REF0003712,ORD0051120,A025197,2026-01-26 14:17:46,2787.0,not_as_described,processed,bank_transfer
REF0003713,ORD0051124,A025199,2026-01-25 14:10:04,2979.0,size_fit,processed,bank_transfer
REF0003714,ORD0051125,A025199,2026-01-25 14:17:12,4323.0,not_as_described,processed,wallet
REF0003715,ORD0051126,A025199,2026-01-26 14:19:21,2551.0,size_fit,processed,bank_transfer
REF0003716,ORD0051129,A025200,2026-01-28 14:14:43,1995.0,size_fit,processed,wallet
REF0003717,ORD0051130,A025201,2026-01-26 14:23:03,4201.0,not_as_described,processed,original_payment
REF0003718,ORD0051132,A025201,2026-01-27 14:21:14,2166.0,size_fit,processed,wallet
REF0003719,ORD0051136,A025203,2026-01-25 14:25:25,4028.0,size_fit,processed,wallet
REF0003720,ORD0051139,A025204,2026-01-27 14:20:16,2883.0,size_fit,processed,bank_transfer
REF0003721,ORD0051140,A025204,2026-01-27 14:20:44,1770.0,size_fit,processed,wallet
REF0003722,ORD0051141,A025204,2026-01-29 14:44:46,2370.0,size_fit,processed,bank_transfer
REF0003723,ORD0051143,A025205,2026-01-27 14:37:56,3485.0,size_fit,processed,wallet
REF0003724,ORD0051144,A025205,2026-01-28 14:11:13,2559.0,not_as_described,processed,original_payment
REF0003725,ORD0051145,A025206,2026-01-27 14:10:20,2145.0,not_as_described,processed,wallet
REF0003726,ORD0051147,A025206,2026-01-29 14:38:18,2295.0,not_as_described,processed,original_payment
REF0003727,ORD0051148,A025207,2026-01-26 14:51:34,2222.0,not_as_described,processed,wallet
REF0003728,ORD0051149,A025207,2026-01-28 14:44:43,1698.0,not_as_described,processed,bank_transfer
REF0003729,ORD0051150,A025207,2026-01-29 14:31:46,3987.0,size_fit,processed,bank_transfer
REF0003730,ORD0051151,A025208,2026-01-27 14:28:05,4141.0,size_fit,processed,wallet
REF0003731,ORD0051152,A025208,2026-01-29 14:53:39,4457.0,not_as_described,processed,wallet
REF0003732,ORD0051154,A025209,2026-01-27 14:46:55,2532.0,size_fit,processed,bank_transfer
REF0003733,ORD0051155,A025209,2026-01-29 14:17:19,3165.0,size_fit,processed,original_payment
REF0003734,ORD0051156,A025209,2026-01-30 14:53:41,3831.0,not_as_described,processed,wallet
REF0003735,ORD0051157,A025210,2026-02-04 14:23:03,3291.0,not_as_described,processed,original_payment
REF0003736,ORD0051159,A025210,2026-02-05 14:24:31,1919.0,size_fit,processed,original_payment
REF0003737,ORD0051161,A025211,2026-02-04 14:20:14,4189.0,size_fit,processed,bank_transfer
REF0003738,ORD0051162,A025211,2026-02-06 14:13:17,4347.0,not_as_described,processed,wallet
REF0003739,ORD0051164,A025212,2026-02-05 14:38:10,1827.0,size_fit,processed,bank_transfer
REF0003740,ORD0051170,A025214,2026-02-05 14:19:23,3122.0,size_fit,processed,wallet
REF0003741,ORD0051171,A025214,2026-02-07 14:46:44,3401.0,not_as_described,processed,original_payment
REF0003742,ORD0051172,A025215,2026-02-04 14:24:14,2105.0,not_as_described,processed,bank_transfer
REF0003743,ORD0051174,A025215,2026-02-06 14:46:31,3648.0,size_fit,processed,original_payment
REF0003744,ORD0051175,A025216,2026-02-04 14:29:59,2156.0,size_fit,processed,bank_transfer
REF0003745,ORD0051178,A025217,2026-02-04 14:37:38,3829.0,not_as_described,processed,bank_transfer
REF0003746,ORD0051182,A025218,2026-02-06 14:55:47,2109.0,size_fit,processed,original_payment
REF0003747,ORD0051185,A025219,2026-02-06 14:43:44,4264.0,not_as_described,processed,bank_transfer
REF0003748,ORD0051186,A025219,2026-02-07 14:11:02,2932.0,not_as_described,processed,bank_transfer
REF0003749,ORD0051190,A025221,2026-01-15 14:35:34,4433.0,size_fit,processed,bank_transfer
REF0003750,ORD0051191,A025221,2026-01-17 14:38:37,2336.0,size_fit,processed,wallet
REF0003751,ORD0051193,A025222,2026-01-15 14:20:58,4340.0,size_fit,processed,bank_transfer
REF0003752,ORD0051197,A025223,2026-01-16 14:39:18,2217.0,size_fit,processed,original_payment
REF0003753,ORD0051198,A025223,2026-01-17 14:41:57,3313.0,size_fit,processed,bank_transfer
REF0003754,ORD0051199,A025224,2026-01-17 14:39:56,3755.0,not_as_described,processed,wallet
REF0003755,ORD0051204,A025225,2026-01-18 14:20:23,1653.0,size_fit,processed,bank_transfer
REF0003756,ORD0051206,A025226,2026-01-17 14:25:30,3158.0,not_as_described,processed,original_payment
REF0003757,ORD0051207,A025226,2026-01-19 14:35:08,3659.0,size_fit,processed,original_payment
REF0003758,ORD0051208,A025227,2026-01-16 14:47:06,3242.0,size_fit,processed,original_payment
REF0003759,ORD0051211,A025228,2026-01-17 14:42:29,1635.0,size_fit,processed,bank_transfer
REF0003760,ORD0051213,A025228,2026-01-19 14:48:40,3976.0,not_as_described,processed,wallet
REF0003761,ORD0051214,A025229,2026-01-18 14:18:26,3830.0,not_as_described,processed,bank_transfer
REF0003762,ORD0051217,A025230,2026-02-05 14:58:36,1627.0,not_as_described,processed,bank_transfer
REF0003763,ORD0051219,A025230,2026-02-08 14:17:05,3286.0,not_as_described,processed,original_payment
REF0003764,ORD0051223,A025232,2026-02-05 14:09:54,2570.0,size_fit,processed,bank_transfer
REF0003765,ORD0051225,A025232,2026-02-07 14:52:46,2220.0,not_as_described,processed,bank_transfer
REF0003766,ORD0051228,A025233,2026-02-07 14:24:10,1730.0,size_fit,processed,wallet
REF0003767,ORD0051229,A025234,2026-02-06 14:39:34,1611.0,size_fit,processed,original_payment
REF0003768,ORD0051233,A025235,2026-02-07 14:23:26,1999.0,not_as_described,processed,bank_transfer
REF0003769,ORD0051235,A025236,2026-02-07 14:09:15,3733.0,size_fit,processed,wallet
REF0003770,ORD0051239,A025237,2026-02-07 14:24:17,3902.0,not_as_described,processed,wallet
REF0003771,ORD0051240,A025237,2026-02-09 14:31:17,2134.0,not_as_described,processed,original_payment
REF0003772,ORD0051244,A025239,2026-02-07 14:36:57,4317.0,size_fit,processed,original_payment
REF0003773,ORD0051245,A025239,2026-02-09 14:29:45,2181.0,size_fit,processed,bank_transfer
REF0003774,ORD0051246,A025239,2026-02-10 14:32:14,4457.0,not_as_described,processed,original_payment
REF0003775,ORD0051250,A025241,2026-02-01 14:24:06,2281.0,not_as_described,processed,bank_transfer
REF0003776,ORD0051251,A025241,2026-02-03 14:08:04,1726.0,not_as_described,processed,original_payment
REF0003777,ORD0051252,A025241,2026-02-03 14:38:49,3402.0,size_fit,processed,wallet
REF0003778,ORD0051254,A025242,2026-02-02 14:34:46,4114.0,size_fit,processed,original_payment
REF0003779,ORD0051255,A025242,2026-02-03 14:22:42,2542.0,size_fit,processed,original_payment
REF0003780,ORD0051256,A025243,2026-02-01 14:23:10,2460.0,not_as_described,processed,original_payment
REF0003781,ORD0051259,A025244,2026-02-02 14:20:55,4424.0,size_fit,processed,wallet
REF0003782,ORD0051261,A025244,2026-02-04 14:44:35,2921.0,size_fit,processed,bank_transfer
REF0003783,ORD0051265,A025246,2026-02-02 14:52:07,2401.0,not_as_described,processed,bank_transfer
REF0003784,ORD0051268,A025247,2026-02-03 14:44:53,2153.0,not_as_described,processed,wallet
REF0003785,ORD0051269,A025247,2026-02-03 14:32:13,3070.0,size_fit,processed,bank_transfer
REF0003786,ORD0051272,A025248,2026-02-05 14:35:15,4239.0,size_fit,processed,original_payment
REF0003787,ORD0051274,A025249,2026-02-03 14:33:28,2906.0,not_as_described,processed,original_payment
REF0003788,ORD0051275,A025249,2026-02-05 14:36:47,3752.0,size_fit,processed,original_payment
REF0003789,ORD0051279,A025250,2026-02-02 14:31:44,4291.0,size_fit,processed,original_payment
REF0003790,ORD0051284,A025252,2026-01-31 14:25:40,4141.0,not_as_described,processed,bank_transfer
REF0003791,ORD0051286,A025253,2026-01-30 14:02:10,3083.0,size_fit,processed,bank_transfer
REF0003792,ORD0051288,A025253,2026-02-01 14:25:57,4493.0,size_fit,processed,wallet
REF0003793,ORD0051289,A025254,2026-01-31 14:21:39,2000.0,size_fit,processed,wallet
REF0003794,ORD0051291,A025254,2026-02-03 14:40:28,3695.0,not_as_described,processed,wallet
REF0003795,ORD0051292,A025255,2026-02-01 14:33:16,4459.0,size_fit,processed,bank_transfer
REF0003796,ORD0051293,A025255,2026-02-01 14:55:14,2171.0,size_fit,processed,bank_transfer
REF0003797,ORD0051295,A025256,2026-02-01 14:27:45,3258.0,not_as_described,processed,bank_transfer
REF0003798,ORD0051296,A025256,2026-02-02 14:40:37,3278.0,size_fit,processed,bank_transfer
REF0003799,ORD0051297,A025256,2026-02-03 14:19:12,4379.0,not_as_described,processed,wallet
REF0003800,ORD0051300,A025257,2026-02-03 14:11:32,3392.0,not_as_described,processed,wallet
REF0003801,ORD0051301,A025258,2026-02-01 14:21:22,1762.0,not_as_described,processed,wallet
REF0003802,ORD0051302,A025258,2026-02-02 14:41:32,2712.0,size_fit,processed,wallet
REF0003803,ORD0051303,A025258,2026-02-03 14:37:12,4321.0,size_fit,processed,original_payment
REF0003804,ORD0051305,A025259,2026-02-02 14:43:24,3438.0,not_as_described,processed,original_payment
REF0003805,ORD0051308,A025260,2026-01-14 14:15:28,4205.0,not_as_described,processed,bank_transfer
REF0003806,ORD0051313,A025262,2026-01-13 14:39:39,2944.0,not_as_described,processed,bank_transfer
REF0003807,ORD0051314,A025262,2026-01-13 14:10:07,1792.0,not_as_described,processed,wallet
REF0003808,ORD0051315,A025262,2026-01-14 14:50:25,2005.0,size_fit,processed,wallet
REF0003809,ORD0051318,A025263,2026-01-15 14:39:32,2115.0,size_fit,processed,wallet
REF0003810,ORD0051319,A025264,2026-01-14 14:16:28,4189.0,not_as_described,processed,original_payment
REF0003811,ORD0051320,A025264,2026-01-15 14:19:41,3793.0,size_fit,processed,bank_transfer
REF0003812,ORD0051324,A025265,2026-01-16 14:30:27,2626.0,size_fit,processed,wallet
REF0003813,ORD0051327,A025266,2026-01-16 14:26:51,2139.0,not_as_described,processed,original_payment
REF0003814,ORD0051328,A025267,2026-01-13 14:31:32,3254.0,size_fit,processed,wallet
REF0003815,ORD0051329,A025267,2026-01-15 14:32:09,2205.0,not_as_described,processed,original_payment
REF0003816,ORD0051330,A025267,2026-01-16 14:22:50,1769.0,size_fit,processed,bank_transfer
REF0003817,ORD0051331,A025268,2026-01-14 14:07:50,2728.0,not_as_described,processed,wallet
REF0003818,ORD0051333,A025268,2026-01-16 14:24:29,2420.0,not_as_described,processed,original_payment
REF0003819,ORD0051335,A025269,2026-01-16 14:31:00,2053.0,size_fit,processed,original_payment
REF0003820,ORD0051337,A025270,2026-02-13 14:31:09,1739.0,size_fit,processed,bank_transfer
REF0003821,ORD0051342,A025271,2026-02-14 14:39:19,3732.0,size_fit,processed,original_payment
REF0003822,ORD0051343,A025272,2026-02-12 14:09:51,3296.0,size_fit,processed,original_payment
REF0003823,ORD0051346,A025273,2026-02-12 14:35:32,2130.0,not_as_described,processed,original_payment
REF0003824,ORD0051347,A025273,2026-02-13 14:04:37,1897.0,size_fit,processed,bank_transfer
REF0003825,ORD0051348,A025273,2026-02-14 14:28:08,2204.0,not_as_described,processed,wallet
REF0003826,ORD0051349,A025274,2026-02-14 14:51:17,3935.0,size_fit,processed,wallet
REF0003827,ORD0051351,A025274,2026-02-16 14:29:12,4138.0,size_fit,processed,wallet
REF0003828,ORD0051353,A025275,2026-02-15 14:45:04,4232.0,size_fit,processed,bank_transfer
REF0003829,ORD0051354,A025275,2026-02-15 14:18:48,3992.0,not_as_described,processed,bank_transfer
REF0003830,ORD0051357,A025276,2026-02-15 14:35:52,3976.0,size_fit,processed,original_payment
REF0003831,ORD0051358,A025277,2026-02-13 14:42:39,4256.0,size_fit,processed,wallet
REF0003832,ORD0051359,A025277,2026-02-15 14:35:33,3123.0,not_as_described,processed,wallet
REF0003833,ORD0051360,A025277,2026-02-15 14:51:06,3052.0,not_as_described,processed,bank_transfer
REF0003834,ORD0051362,A025278,2026-02-16 14:22:28,4129.0,size_fit,processed,original_payment
REF0003835,ORD0051364,A025279,2026-02-15 14:38:38,2669.0,size_fit,processed,wallet
REF0003836,ORD0051367,A025280,2026-01-19 14:51:44,4183.0,not_as_described,processed,bank_transfer
REF0003837,ORD0051368,A025280,2026-01-19 14:17:59,1764.0,size_fit,processed,wallet
REF0003838,ORD0051369,A025280,2026-01-20 14:54:35,4299.0,not_as_described,processed,wallet
REF0003839,ORD0051370,A025281,2026-01-18 14:12:21,3334.0,not_as_described,processed,bank_transfer
REF0003840,ORD0051372,A025281,2026-01-21 14:13:24,3433.0,size_fit,processed,wallet
REF0003841,ORD0051373,A025282,2026-01-19 14:21:08,2972.0,not_as_described,processed,bank_transfer
REF0003842,ORD0051374,A025282,2026-01-20 14:49:07,4184.0,size_fit,processed,original_payment
REF0003843,ORD0051376,A025283,2026-01-19 14:14:52,4212.0,size_fit,processed,original_payment
REF0003844,ORD0051378,A025283,2026-01-20 14:07:09,3787.0,size_fit,processed,wallet
REF0003845,ORD0051381,A025284,2026-01-21 14:11:40,2264.0,not_as_described,processed,wallet
REF0003846,ORD0051383,A025285,2026-01-21 14:34:48,2180.0,size_fit,processed,wallet
REF0003847,ORD0051385,A025286,2026-01-20 14:23:26,4382.0,size_fit,processed,original_payment
REF0003848,ORD0051386,A025286,2026-01-21 14:42:18,1551.0,size_fit,processed,wallet
REF0003849,ORD0051388,A025287,2026-01-19 14:27:17,2572.0,size_fit,processed,original_payment
REF0003850,ORD0051389,A025287,2026-01-21 14:44:59,1912.0,size_fit,processed,original_payment
REF0003851,ORD0051390,A025287,2026-01-21 14:24:33,4081.0,not_as_described,processed,wallet
REF0003852,ORD0051392,A025288,2026-01-21 14:08:16,4061.0,not_as_described,processed,wallet
REF0003853,ORD0051394,A025289,2026-01-20 14:13:47,4186.0,size_fit,processed,original_payment
REF0003854,ORD0051396,A025289,2026-01-22 14:12:26,4076.0,size_fit,processed,original_payment
REF0003855,ORD0051398,A025290,2026-02-15 14:45:25,3397.0,not_as_described,processed,bank_transfer
REF0003856,ORD0051399,A025290,2026-02-16 14:11:10,2909.0,not_as_described,processed,original_payment
REF0003857,ORD0051401,A025291,2026-02-15 14:44:24,1760.0,not_as_described,processed,bank_transfer
REF0003858,ORD0051402,A025291,2026-02-16 14:13:54,3534.0,not_as_described,processed,original_payment
REF0003859,ORD0051403,A025292,2026-02-14 14:45:27,3284.0,size_fit,processed,original_payment
REF0003860,ORD0051404,A025292,2026-02-14 14:39:01,3552.0,size_fit,processed,bank_transfer
REF0003861,ORD0051405,A025292,2026-02-16 14:38:12,2967.0,not_as_described,processed,bank_transfer
REF0003862,ORD0051406,A025293,2026-02-14 14:44:28,1582.0,size_fit,processed,bank_transfer
REF0003863,ORD0051407,A025293,2026-02-15 14:55:02,3370.0,size_fit,processed,original_payment
REF0003864,ORD0051408,A025293,2026-02-15 14:48:39,3077.0,not_as_described,processed,bank_transfer
REF0003865,ORD0051410,A025294,2026-02-15 14:09:55,3182.0,size_fit,processed,original_payment
REF0003866,ORD0051411,A025294,2026-02-16 14:16:08,3528.0,size_fit,processed,bank_transfer
REF0003867,ORD0051412,A025295,2026-02-15 14:56:05,4150.0,not_as_described,processed,original_payment
REF0003868,ORD0051413,A025295,2026-02-15 14:26:46,3580.0,not_as_described,processed,bank_transfer
REF0003869,ORD0051415,A025296,2026-02-14 14:33:17,2598.0,not_as_described,processed,original_payment
REF0003870,ORD0051416,A025296,2026-02-16 14:53:47,2246.0,not_as_described,processed,bank_transfer
REF0003871,ORD0051417,A025296,2026-02-17 14:50:04,4333.0,not_as_described,processed,original_payment
REF0003872,ORD0051423,A025298,2026-02-17 14:16:43,3399.0,size_fit,processed,wallet
REF0003873,ORD0051429,A025300,2026-02-12 14:39:02,2615.0,size_fit,processed,original_payment
REF0003874,ORD0051431,A025301,2026-02-11 14:38:47,1527.0,size_fit,processed,bank_transfer
REF0003875,ORD0051434,A025302,2026-02-10 14:52:51,4264.0,not_as_described,processed,original_payment
REF0003876,ORD0051435,A025302,2026-02-12 14:15:34,3153.0,size_fit,processed,bank_transfer
REF0003877,ORD0051438,A025303,2026-02-12 14:06:13,3462.0,size_fit,processed,original_payment
REF0003878,ORD0051440,A025304,2026-02-11 14:21:30,3531.0,not_as_described,processed,original_payment
REF0003879,ORD0051441,A025304,2026-02-12 14:45:20,2437.0,size_fit,processed,bank_transfer
REF0003880,ORD0051447,A025306,2026-02-12 14:32:03,2980.0,size_fit,processed,wallet
REF0003881,ORD0051448,A025307,2026-02-10 14:39:48,3175.0,size_fit,processed,bank_transfer
REF0003882,ORD0051450,A025307,2026-02-13 14:15:27,3364.0,not_as_described,processed,wallet
REF0003883,ORD0051452,A025308,2026-02-13 14:19:21,1886.0,size_fit,processed,original_payment
REF0003884,ORD0051453,A025308,2026-02-13 14:10:43,1531.0,not_as_described,processed,original_payment
REF0003885,ORD0051457,A025310,2026-02-12 14:57:01,2198.0,size_fit,processed,original_payment
REF0003886,ORD0051458,A025310,2026-02-12 14:36:11,4031.0,not_as_described,processed,original_payment
REF0003887,ORD0051459,A025310,2026-02-13 14:24:19,3134.0,not_as_described,processed,wallet
REF0003888,ORD0051461,A025311,2026-02-12 14:01:52,2329.0,not_as_described,processed,bank_transfer
REF0003889,ORD0051462,A025311,2026-02-14 14:21:16,3425.0,size_fit,processed,bank_transfer
REF0003890,ORD0051463,A025312,2026-02-12 14:50:52,3015.0,size_fit,processed,bank_transfer
REF0003891,ORD0051464,A025312,2026-02-13 14:42:06,1636.0,size_fit,processed,original_payment
REF0003892,ORD0051465,A025312,2026-02-13 14:18:28,2142.0,size_fit,processed,wallet
REF0003893,ORD0051468,A025313,2026-02-14 14:14:36,3735.0,size_fit,processed,wallet
REF0003894,ORD0051470,A025314,2026-02-13 14:39:02,2973.0,size_fit,processed,original_payment
REF0003895,ORD0051472,A025315,2026-02-12 14:10:26,1666.0,size_fit,processed,original_payment
REF0003896,ORD0051473,A025315,2026-02-13 14:27:14,3407.0,size_fit,processed,bank_transfer
REF0003897,ORD0051474,A025315,2026-02-14 14:17:28,2043.0,not_as_described,processed,original_payment
REF0003898,ORD0051475,A025316,2026-02-12 14:46:50,2903.0,not_as_described,processed,bank_transfer
REF0003899,ORD0051483,A025318,2026-02-15 14:31:36,3179.0,not_as_described,processed,original_payment
REF0003900,ORD0051485,A025319,2026-02-14 14:39:14,1717.0,size_fit,processed,bank_transfer
REF0003901,ORD0051487,A025320,2026-01-12 14:32:00,2221.0,size_fit,processed,original_payment
REF0003902,ORD0051488,A025320,2026-01-12 14:21:35,3390.0,size_fit,processed,bank_transfer
REF0003903,ORD0051489,A025320,2026-01-13 14:07:18,2623.0,not_as_described,processed,bank_transfer
REF0003904,ORD0051490,A025321,2026-01-12 14:54:47,4130.0,size_fit,processed,wallet
REF0003905,ORD0051494,A025322,2026-01-12 14:14:09,2672.0,size_fit,processed,wallet
REF0003906,ORD0051496,A025323,2026-01-12 14:40:31,3349.0,not_as_described,processed,wallet
REF0003907,ORD0051497,A025323,2026-01-13 14:40:08,4453.0,size_fit,processed,bank_transfer
REF0003908,ORD0051499,A025324,2026-01-13 14:44:51,2711.0,size_fit,processed,wallet
REF0003909,ORD0051502,A025325,2026-01-12 14:31:59,3134.0,not_as_described,processed,bank_transfer
REF0003910,ORD0051504,A025325,2026-01-14 14:27:24,1605.0,size_fit,processed,bank_transfer
REF0003911,ORD0051505,A025326,2026-01-12 14:53:03,2112.0,size_fit,processed,wallet
REF0003912,ORD0051509,A025327,2026-01-14 14:23:56,2260.0,size_fit,processed,wallet
REF0003913,ORD0051511,A025328,2026-01-13 14:11:27,3704.0,not_as_described,processed,wallet
REF0003914,ORD0051513,A025328,2026-01-15 14:13:46,2169.0,size_fit,processed,bank_transfer
REF0003915,ORD0051515,A025329,2026-01-15 14:42:38,1932.0,size_fit,processed,original_payment
REF0003916,ORD0051516,A025329,2026-01-16 14:42:38,3314.0,not_as_described,processed,wallet
REF0003917,ORD0051517,A025330,2026-02-08 14:52:33,3823.0,not_as_described,processed,bank_transfer
REF0003918,ORD0051521,A025331,2026-02-10 14:35:49,2969.0,not_as_described,processed,wallet
REF0003919,ORD0051522,A025331,2026-02-11 14:18:02,4346.0,size_fit,processed,original_payment
REF0003920,ORD0051523,A025332,2026-02-08 14:26:24,2674.0,not_as_described,processed,bank_transfer
REF0003921,ORD0051524,A025332,2026-02-09 14:51:09,1867.0,size_fit,processed,bank_transfer
REF0003922,ORD0051525,A025332,2026-02-10 14:05:43,3428.0,not_as_described,processed,wallet
REF0003923,ORD0051526,A025333,2026-02-08 14:19:27,4354.0,not_as_described,processed,bank_transfer
REF0003924,ORD0051527,A025333,2026-02-09 14:40:29,2593.0,not_as_described,processed,bank_transfer
REF0003925,ORD0051528,A025333,2026-02-11 14:11:30,2698.0,not_as_described,processed,original_payment
REF0003926,ORD0051529,A025334,2026-02-09 14:47:54,3622.0,size_fit,processed,original_payment
REF0003927,ORD0051530,A025334,2026-02-10 14:13:14,3239.0,not_as_described,processed,bank_transfer
REF0003928,ORD0051531,A025334,2026-02-11 14:15:53,3915.0,size_fit,processed,bank_transfer
REF0003929,ORD0051532,A025335,2026-02-09 14:37:52,2791.0,size_fit,processed,wallet
REF0003930,ORD0051533,A025335,2026-02-10 14:32:13,4318.0,size_fit,processed,bank_transfer
REF0003931,ORD0051534,A025335,2026-02-11 14:34:49,3360.0,not_as_described,processed,wallet
REF0003932,ORD0051535,A025336,2026-02-10 14:44:51,3020.0,size_fit,processed,original_payment
REF0003933,ORD0051536,A025336,2026-02-11 14:40:00,3363.0,not_as_described,processed,bank_transfer
REF0003934,ORD0051539,A025337,2026-02-11 14:19:04,3387.0,not_as_described,processed,original_payment
REF0003935,ORD0051541,A025338,2026-02-10 14:37:04,2946.0,not_as_described,processed,original_payment
REF0003936,ORD0051542,A025338,2026-02-11 14:19:42,2178.0,size_fit,processed,bank_transfer
REF0003937,ORD0051546,A025339,2026-02-12 14:30:05,1801.0,size_fit,processed,wallet
REF0003938,ORD0051554,A025342,2026-02-02 14:43:29,2022.0,not_as_described,processed,bank_transfer
REF0003939,ORD0051555,A025342,2026-02-02 14:29:46,3787.0,not_as_described,processed,original_payment
REF0003940,ORD0051560,A025344,2026-02-03 14:29:36,2012.0,not_as_described,processed,bank_transfer
REF0003941,ORD0051568,A025347,2026-02-01 14:48:14,2773.0,size_fit,processed,bank_transfer
REF0003942,ORD0051571,A025348,2026-02-03 14:42:00,4290.0,size_fit,processed,bank_transfer
REF0003943,ORD0051574,A025349,2026-02-02 14:34:21,2314.0,not_as_described,processed,bank_transfer
REF0003944,ORD0051575,A025349,2026-02-04 14:17:37,3113.0,not_as_described,processed,bank_transfer
REF0003945,ORD0051576,A025349,2026-02-05 14:09:31,1855.0,not_as_described,processed,original_payment
REF0003946,ORD0051577,A025350,2026-02-12 14:49:23,2096.0,size_fit,processed,bank_transfer
REF0003947,ORD0051579,A025350,2026-02-13 14:06:23,2839.0,size_fit,processed,original_payment
REF0003948,ORD0051580,A025351,2026-02-12 14:43:57,3315.0,not_as_described,processed,original_payment
REF0003949,ORD0051582,A025351,2026-02-13 14:30:20,4218.0,size_fit,processed,bank_transfer
REF0003950,ORD0051583,A025352,2026-02-11 14:46:39,3105.0,size_fit,processed,original_payment
REF0003951,ORD0051585,A025352,2026-02-14 14:26:56,2723.0,not_as_described,processed,bank_transfer
REF0003952,ORD0051586,A025353,2026-02-11 14:42:41,3909.0,size_fit,processed,wallet
REF0003953,ORD0051588,A025353,2026-02-13 14:29:33,2198.0,size_fit,processed,bank_transfer
REF0003954,ORD0051591,A025354,2026-02-15 14:22:50,2428.0,size_fit,processed,wallet
REF0003955,ORD0051593,A025355,2026-02-14 14:34:29,4466.0,not_as_described,processed,bank_transfer
REF0003956,ORD0051598,A025357,2026-02-12 14:23:13,1790.0,not_as_described,processed,bank_transfer
REF0003957,ORD0051600,A025357,2026-02-14 14:41:18,4421.0,not_as_described,processed,bank_transfer
REF0003958,ORD0051602,A025358,2026-02-15 14:41:16,3510.0,not_as_described,processed,original_payment
REF0003959,ORD0051603,A025358,2026-02-15 14:47:46,3672.0,not_as_described,processed,bank_transfer
REF0003960,ORD0051606,A025359,2026-02-15 14:44:01,2958.0,size_fit,processed,original_payment
REF0003961,ORD0051607,A025360,2026-02-02 14:51:04,2361.0,size_fit,processed,wallet
REF0003962,ORD0051611,A025361,2026-02-03 14:13:59,1949.0,not_as_described,processed,wallet
REF0003963,ORD0051612,A025361,2026-02-05 14:17:15,3655.0,not_as_described,processed,wallet
REF0003964,ORD0051613,A025362,2026-02-03 14:22:24,2848.0,size_fit,processed,bank_transfer
REF0003965,ORD0051617,A025363,2026-02-03 14:48:24,3862.0,not_as_described,processed,original_payment
REF0003966,ORD0051618,A025363,2026-02-04 14:11:42,1627.0,size_fit,processed,wallet
REF0003967,ORD0051620,A025364,2026-02-04 14:17:33,3250.0,size_fit,processed,original_payment
REF0003968,ORD0051621,A025364,2026-02-05 14:15:15,4424.0,not_as_described,processed,bank_transfer
REF0003969,ORD0051623,A025365,2026-02-05 14:39:39,2437.0,not_as_described,processed,bank_transfer
REF0003970,ORD0051624,A025365,2026-02-05 14:40:10,3202.0,not_as_described,processed,bank_transfer
REF0003971,ORD0051626,A025366,2026-02-05 14:11:22,3453.0,not_as_described,processed,original_payment
REF0003972,ORD0051627,A025366,2026-02-06 14:32:15,2173.0,not_as_described,processed,bank_transfer
REF0003973,ORD0051628,A025367,2026-02-03 14:47:38,1916.0,size_fit,processed,original_payment
REF0003974,ORD0051630,A025367,2026-02-05 14:44:04,1795.0,size_fit,processed,wallet
REF0003975,ORD0051631,A025368,2026-02-04 14:45:39,2822.0,not_as_described,processed,original_payment
REF0003976,ORD0051632,A025368,2026-02-06 14:37:12,3124.0,size_fit,processed,original_payment
REF0003977,ORD0051635,A025369,2026-02-05 14:14:41,2585.0,size_fit,processed,wallet
REF0003978,ORD0051637,A025370,2026-02-01 14:21:11,4047.0,not_as_described,processed,wallet
REF0003979,ORD0051639,A025370,2026-02-02 14:08:29,4386.0,not_as_described,processed,original_payment
REF0003980,ORD0051641,A025371,2026-02-01 14:34:04,2314.0,not_as_described,processed,wallet
REF0003981,ORD0051645,A025372,2026-02-03 14:28:27,2950.0,not_as_described,processed,bank_transfer
REF0003982,ORD0051646,A025373,2026-01-31 14:27:53,2367.0,not_as_described,processed,bank_transfer
REF0003983,ORD0051651,A025374,2026-02-03 14:36:39,3435.0,not_as_described,processed,bank_transfer
REF0003984,ORD0051653,A025375,2026-02-03 14:41:09,1753.0,not_as_described,processed,wallet
REF0003985,ORD0051655,A025376,2026-02-01 14:12:38,3889.0,not_as_described,processed,wallet
REF0003986,ORD0051657,A025376,2026-02-04 14:44:50,3305.0,not_as_described,processed,bank_transfer
REF0003987,ORD0051658,A025377,2026-02-02 14:07:36,3927.0,not_as_described,processed,wallet
REF0003988,ORD0051659,A025377,2026-02-03 14:30:57,3787.0,size_fit,processed,bank_transfer
REF0003989,ORD0051661,A025378,2026-02-02 14:47:59,2180.0,size_fit,processed,original_payment
REF0003990,ORD0051662,A025378,2026-02-04 14:13:09,1515.0,not_as_described,processed,bank_transfer
REF0003991,ORD0051663,A025378,2026-02-04 14:24:03,2275.0,size_fit,processed,original_payment
REF0003992,ORD0051666,A025379,2026-02-05 14:33:24,3634.0,not_as_described,processed,original_payment
REF0003993,ORD0051667,A025380,2026-01-21 14:43:12,1545.0,not_as_described,processed,bank_transfer
REF0003994,ORD0051668,A025380,2026-01-22 14:46:13,2435.0,not_as_described,processed,wallet
REF0003995,ORD0051670,A025381,2026-01-21 14:13:43,1717.0,size_fit,processed,bank_transfer
REF0003996,ORD0051671,A025381,2026-01-23 14:13:20,3995.0,not_as_described,processed,bank_transfer
REF0003997,ORD0051679,A025384,2026-01-22 14:32:30,2961.0,size_fit,processed,bank_transfer
REF0003998,ORD0051683,A025385,2026-01-23 14:34:30,3094.0,not_as_described,processed,bank_transfer
REF0003999,ORD0051684,A025385,2026-01-24 14:40:23,3974.0,size_fit,processed,bank_transfer
REF0004000,ORD0051686,A025386,2026-01-23 14:34:00,2814.0,not_as_described,processed,wallet
REF0004001,ORD0051689,A025387,2026-01-23 14:17:01,4265.0,not_as_described,processed,wallet
REF0004002,ORD0051690,A025387,2026-01-24 14:18:13,2174.0,size_fit,processed,original_payment
REF0004003,ORD0051691,A025388,2026-01-24 14:40:48,3546.0,not_as_described,processed,bank_transfer
REF0004004,ORD0051692,A025388,2026-01-25 14:44:32,3236.0,size_fit,processed,bank_transfer
REF0004005,ORD0051695,A025389,2026-01-25 14:32:55,3631.0,size_fit,processed,wallet
REF0004006,ORD0051696,A025389,2026-01-25 14:20:48,2560.0,not_as_described,processed,wallet
REF0004007,ORD0051698,A025390,2026-01-14 14:41:41,3770.0,size_fit,processed,original_payment
REF0004008,ORD0051700,A025391,2026-01-13 14:48:11,3561.0,not_as_described,processed,bank_transfer
REF0004009,ORD0051703,A025392,2026-01-12 14:48:25,1732.0,not_as_described,processed,original_payment
REF0004010,ORD0051704,A025392,2026-01-14 14:40:14,4360.0,not_as_described,processed,original_payment
REF0004011,ORD0051707,A025393,2026-01-13 14:08:15,1919.0,not_as_described,processed,wallet
REF0004012,ORD0051708,A025393,2026-01-15 14:24:00,3604.0,not_as_described,processed,original_payment
REF0004013,ORD0051710,A025394,2026-01-14 14:26:55,3644.0,size_fit,processed,original_payment
REF0004014,ORD0051711,A025394,2026-01-16 14:34:03,3494.0,not_as_described,processed,bank_transfer
REF0004015,ORD0051712,A025395,2026-01-14 14:28:35,2539.0,size_fit,processed,wallet
REF0004016,ORD0051713,A025395,2026-01-14 14:17:23,3967.0,not_as_described,processed,bank_transfer
REF0004017,ORD0051715,A025396,2026-01-13 14:42:01,4425.0,not_as_described,processed,wallet
REF0004018,ORD0051721,A025398,2026-01-15 14:45:02,4059.0,not_as_described,processed,bank_transfer
REF0004019,ORD0051722,A025398,2026-01-15 14:38:28,2527.0,size_fit,processed,wallet
REF0004020,ORD0051724,A025399,2026-01-14 14:22:05,2162.0,size_fit,processed,original_payment
REF0004021,ORD0051725,A025399,2026-01-15 14:47:46,1866.0,size_fit,processed,wallet
REF0004022,ORD0051726,A025399,2026-01-17 14:04:00,2294.0,size_fit,processed,bank_transfer
REF0004023,ORD0051728,A025400,2026-02-13 14:38:27,1800.0,size_fit,processed,wallet
REF0004024,ORD0051731,A025401,2026-02-13 14:36:29,3226.0,size_fit,processed,bank_transfer
REF0004025,ORD0051734,A025402,2026-02-13 14:25:49,1613.0,not_as_described,processed,bank_transfer
REF0004026,ORD0051735,A025402,2026-02-14 14:31:21,3812.0,size_fit,processed,wallet
REF0004027,ORD0051736,A025403,2026-02-12 14:12:13,2485.0,not_as_described,processed,bank_transfer
REF0004028,ORD0051738,A025403,2026-02-13 14:15:42,2516.0,size_fit,processed,original_payment
REF0004029,ORD0051740,A025404,2026-02-14 14:38:56,1629.0,not_as_described,processed,wallet
REF0004030,ORD0051741,A025404,2026-02-15 14:28:28,3700.0,size_fit,processed,original_payment
REF0004031,ORD0051742,A025405,2026-02-13 14:20:22,3295.0,not_as_described,processed,original_payment
REF0004032,ORD0051743,A025405,2026-02-13 14:44:32,4012.0,not_as_described,processed,wallet
REF0004033,ORD0051744,A025405,2026-02-14 14:29:03,2959.0,not_as_described,processed,original_payment
REF0004034,ORD0051746,A025406,2026-02-13 14:23:07,1566.0,not_as_described,processed,original_payment
REF0004035,ORD0051748,A025407,2026-02-13 14:05:46,1881.0,not_as_described,processed,wallet
REF0004036,ORD0051752,A025408,2026-02-15 14:24:41,3290.0,size_fit,processed,wallet
REF0004037,ORD0051754,A025409,2026-02-14 14:24:17,3095.0,not_as_described,processed,original_payment
REF0004038,ORD0051756,A025409,2026-02-16 14:30:19,3848.0,not_as_described,processed,wallet
REF0004039,ORD0051757,A025410,2026-02-13 14:32:13,3458.0,not_as_described,processed,bank_transfer
REF0004040,ORD0051759,A025410,2026-02-15 14:35:33,1580.0,not_as_described,processed,original_payment
REF0004041,ORD0051764,A025412,2026-02-13 14:18:40,2197.0,size_fit,processed,wallet
REF0004042,ORD0051768,A025413,2026-02-15 14:14:42,3258.0,size_fit,processed,bank_transfer
REF0004043,ORD0051769,A025414,2026-02-14 14:07:15,1880.0,size_fit,processed,original_payment
REF0004044,ORD0051770,A025414,2026-02-15 14:21:27,3048.0,size_fit,processed,original_payment
REF0004045,ORD0051772,A025415,2026-02-13 14:20:02,3432.0,size_fit,processed,wallet
REF0004046,ORD0051774,A025415,2026-02-15 14:37:27,2584.0,not_as_described,processed,wallet
REF0004047,ORD0051776,A025416,2026-02-14 14:05:30,1975.0,size_fit,processed,bank_transfer
REF0004048,ORD0051778,A025417,2026-02-14 14:28:09,2212.0,size_fit,processed,wallet
REF0004049,ORD0051779,A025417,2026-02-15 14:37:30,3385.0,size_fit,processed,original_payment
REF0004050,ORD0051780,A025417,2026-02-15 14:34:36,3453.0,not_as_described,processed,bank_transfer
REF0004051,ORD0051784,A025419,2026-02-14 14:40:38,2351.0,size_fit,processed,bank_transfer
REF0004052,ORD0051786,A025419,2026-02-16 14:13:59,1543.0,size_fit,processed,wallet
REF0004053,ORD0051787,A025420,2026-01-18 14:21:13,1777.0,size_fit,processed,original_payment
REF0004054,ORD0051789,A025420,2026-01-21 14:32:27,2807.0,size_fit,processed,bank_transfer
REF0004055,ORD0051791,A025421,2026-01-19 14:39:27,3553.0,not_as_described,processed,wallet
REF0004056,ORD0051795,A025422,2026-01-20 14:47:38,3909.0,size_fit,processed,wallet
REF0004057,ORD0051798,A025423,2026-01-20 14:39:36,2641.0,size_fit,processed,wallet
REF0004058,ORD0051799,A025424,2026-01-20 14:36:10,3343.0,not_as_described,processed,original_payment
REF0004059,ORD0051803,A025425,2026-01-20 14:13:18,1545.0,not_as_described,processed,wallet
REF0004060,ORD0051807,A025426,2026-01-22 14:17:34,4484.0,size_fit,processed,bank_transfer
REF0004061,ORD0051808,A025427,2026-01-20 14:31:18,3909.0,size_fit,processed,original_payment
REF0004062,ORD0051811,A025428,2026-01-21 14:22:56,3458.0,not_as_described,processed,original_payment
REF0004063,ORD0051812,A025428,2026-01-21 14:47:14,3842.0,size_fit,processed,wallet
REF0004064,ORD0051813,A025428,2026-01-22 14:29:49,2085.0,not_as_described,processed,bank_transfer
REF0004065,ORD0051816,A025429,2026-01-22 14:15:07,1662.0,size_fit,processed,original_payment
REF0004066,ORD0051818,A025430,2026-02-07 14:04:13,3235.0,not_as_described,processed,original_payment
REF0004067,ORD0051819,A025430,2026-02-09 14:42:53,2515.0,size_fit,processed,original_payment
REF0004068,ORD0051822,A025431,2026-02-09 14:17:06,2100.0,size_fit,processed,original_payment
REF0004069,ORD0051823,A025432,2026-02-07 14:26:17,2533.0,size_fit,processed,bank_transfer
REF0004070,ORD0051824,A025432,2026-02-08 14:28:21,1614.0,not_as_described,processed,wallet
REF0004071,ORD0051827,A025433,2026-02-07 14:48:34,2146.0,size_fit,processed,bank_transfer
REF0004072,ORD0051829,A025434,2026-02-08 14:38:42,3459.0,not_as_described,processed,wallet
REF0004073,ORD0051832,A025435,2026-02-07 14:40:41,2398.0,not_as_described,processed,bank_transfer
REF0004074,ORD0051833,A025435,2026-02-08 14:06:40,3514.0,not_as_described,processed,original_payment
REF0004075,ORD0051836,A025436,2026-02-08 14:35:53,2868.0,size_fit,processed,bank_transfer
REF0004076,ORD0051837,A025436,2026-02-09 14:34:43,3319.0,not_as_described,processed,original_payment
REF0004077,ORD0051838,A025437,2026-02-08 14:29:35,2132.0,size_fit,processed,bank_transfer
REF0004078,ORD0051839,A025437,2026-02-08 14:32:17,2136.0,not_as_described,processed,original_payment
REF0004079,ORD0051842,A025438,2026-02-10 14:20:47,3566.0,not_as_described,processed,original_payment
REF0004080,ORD0051848,A025440,2026-01-25 14:51:38,3855.0,size_fit,processed,wallet
REF0004081,ORD0051849,A025440,2026-01-25 14:48:39,1862.0,size_fit,processed,original_payment
REF0004082,ORD0051853,A025442,2026-01-23 14:24:24,3838.0,not_as_described,processed,original_payment
REF0004083,ORD0051854,A025442,2026-01-24 14:19:37,1933.0,not_as_described,processed,original_payment
REF0004084,ORD0051856,A025443,2026-01-23 14:29:49,4212.0,not_as_described,processed,bank_transfer
REF0004085,ORD0051857,A025443,2026-01-24 14:09:56,4478.0,not_as_described,processed,bank_transfer
REF0004086,ORD0051859,A025444,2026-01-24 14:44:37,1963.0,not_as_described,processed,original_payment
REF0004087,ORD0051867,A025446,2026-01-27 14:40:38,3407.0,size_fit,processed,wallet
REF0004088,ORD0051870,A025447,2026-01-26 14:13:07,4263.0,size_fit,processed,bank_transfer
REF0004089,ORD0051872,A025448,2026-01-26 14:34:18,2335.0,size_fit,processed,wallet
REF0004090,ORD0051873,A025448,2026-01-27 14:26:45,3442.0,size_fit,processed,bank_transfer
REF0004091,ORD0051874,A025449,2026-01-26 14:43:08,3518.0,not_as_described,processed,bank_transfer
REF0004092,ORD0051881,A025451,2026-01-24 14:58:10,2808.0,not_as_described,processed,bank_transfer
REF0004093,ORD0051882,A025451,2026-01-24 14:30:41,4444.0,size_fit,processed,original_payment
REF0004094,ORD0051884,A025452,2026-01-23 14:38:06,4357.0,not_as_described,processed,original_payment
REF0004095,ORD0051887,A025453,2026-01-23 14:46:13,3772.0,size_fit,processed,original_payment
REF0004096,ORD0051889,A025454,2026-01-24 14:25:46,3771.0,not_as_described,processed,original_payment
REF0004097,ORD0051891,A025454,2026-01-26 14:17:31,3982.0,size_fit,processed,original_payment
REF0004098,ORD0051893,A025455,2026-01-25 14:05:26,2821.0,size_fit,processed,original_payment
REF0004099,ORD0051895,A025456,2026-01-24 14:18:01,2296.0,not_as_described,processed,original_payment
REF0004100,ORD0051897,A025456,2026-01-26 14:29:16,3550.0,size_fit,processed,original_payment
REF0004101,ORD0051901,A025458,2026-01-25 14:39:59,3063.0,size_fit,processed,wallet
REF0004102,ORD0051903,A025458,2026-01-26 14:21:02,3837.0,not_as_described,processed,bank_transfer
REF0004103,ORD0051907,A025460,2026-01-28 14:07:09,4041.0,not_as_described,processed,original_payment
REF0004104,ORD0051910,A025461,2026-01-28 14:30:18,3555.0,not_as_described,processed,original_payment
REF0004105,ORD0051912,A025461,2026-01-30 14:33:54,3768.0,size_fit,processed,wallet
REF0004106,ORD0051913,A025462,2026-01-28 14:46:10,2269.0,not_as_described,processed,wallet
REF0004107,ORD0051914,A025462,2026-01-29 14:37:35,3785.0,size_fit,processed,wallet
REF0004108,ORD0051921,A025464,2026-02-01 14:46:13,2404.0,size_fit,processed,wallet
REF0004109,ORD0051922,A025465,2026-01-29 14:17:51,2935.0,not_as_described,processed,wallet
REF0004110,ORD0051926,A025466,2026-01-31 14:31:38,4439.0,size_fit,processed,original_payment
REF0004111,ORD0051929,A025467,2026-01-30 14:32:47,1938.0,size_fit,processed,wallet
REF0004112,ORD0051932,A025468,2026-01-31 14:42:03,1767.0,size_fit,processed,bank_transfer
REF0004113,ORD0051933,A025468,2026-02-02 14:33:40,4265.0,not_as_described,processed,bank_transfer
REF0004114,ORD0051934,A025469,2026-01-30 14:46:02,3862.0,size_fit,processed,bank_transfer
REF0004115,ORD0051935,A025469,2026-01-31 14:16:56,4042.0,size_fit,processed,bank_transfer
REF0004116,ORD0051936,A025469,2026-02-01 14:39:32,3633.0,size_fit,processed,wallet
REF0004117,ORD0051937,A025470,2026-01-15 14:12:03,1708.0,not_as_described,processed,original_payment
REF0004118,ORD0051939,A025470,2026-01-17 14:21:49,2387.0,size_fit,processed,bank_transfer
REF0004119,ORD0051940,A025471,2026-01-15 14:18:08,2542.0,size_fit,processed,original_payment
REF0004120,ORD0051941,A025471,2026-01-16 14:38:37,3280.0,size_fit,processed,bank_transfer
REF0004121,ORD0051942,A025471,2026-01-16 14:41:01,3669.0,size_fit,processed,wallet
REF0004122,ORD0051944,A025472,2026-01-16 14:31:55,4227.0,size_fit,processed,wallet
REF0004123,ORD0051945,A025472,2026-01-16 14:28:48,4206.0,not_as_described,processed,bank_transfer
REF0004124,ORD0051949,A025474,2026-01-15 14:39:05,4324.0,size_fit,processed,bank_transfer
REF0004125,ORD0051950,A025474,2026-01-16 14:13:46,2465.0,not_as_described,processed,original_payment
REF0004126,ORD0051951,A025474,2026-01-17 14:26:07,1692.0,size_fit,processed,bank_transfer
REF0004127,ORD0051953,A025475,2026-01-16 14:32:33,3358.0,size_fit,processed,wallet
REF0004128,ORD0051954,A025475,2026-01-18 14:40:56,2254.0,not_as_described,processed,bank_transfer
REF0004129,ORD0051958,A025477,2026-01-15 14:09:06,3423.0,size_fit,processed,bank_transfer
REF0004130,ORD0051964,A025479,2026-01-16 14:45:09,1815.0,not_as_described,processed,wallet
REF0004131,ORD0051965,A025479,2026-01-17 14:30:47,1712.0,size_fit,processed,wallet
REF0004132,ORD0051971,A025481,2026-01-29 14:38:12,3247.0,not_as_described,processed,wallet
REF0004133,ORD0051979,A025484,2026-01-29 14:30:47,2833.0,size_fit,processed,bank_transfer
REF0004134,ORD0051981,A025484,2026-01-31 14:12:51,2984.0,size_fit,processed,wallet
REF0004135,ORD0051982,A025485,2026-01-29 14:28:56,2000.0,size_fit,processed,original_payment
REF0004136,ORD0051985,A025486,2026-01-28 14:15:24,2937.0,not_as_described,processed,bank_transfer
REF0004137,ORD0051986,A025486,2026-01-29 14:25:40,3829.0,size_fit,processed,wallet
REF0004138,ORD0051987,A025486,2026-01-30 14:07:43,1827.0,not_as_described,processed,original_payment
REF0004139,ORD0051988,A025487,2026-01-29 14:21:04,3133.0,size_fit,processed,bank_transfer
REF0004140,ORD0051990,A025487,2026-01-30 14:47:54,1502.0,size_fit,processed,bank_transfer
REF0004141,ORD0051991,A025488,2026-01-30 14:38:24,4120.0,not_as_described,processed,wallet
REF0004142,ORD0051992,A025488,2026-01-31 14:18:29,2141.0,size_fit,processed,wallet
REF0004143,ORD0051994,A025489,2026-01-29 14:42:31,2518.0,size_fit,processed,wallet
REF0004144,ORD0051995,A025489,2026-01-30 14:36:41,1919.0,size_fit,processed,wallet
REF0004145,ORD0051999,A025490,2026-02-11 14:45:05,4298.0,not_as_described,processed,wallet
REF0004146,ORD0052002,A025491,2026-02-11 14:29:54,4223.0,size_fit,processed,original_payment
REF0004147,ORD0052004,A025492,2026-02-10 14:36:52,4309.0,size_fit,processed,original_payment
REF0004148,ORD0052008,A025493,2026-02-11 14:06:28,3255.0,not_as_described,processed,original_payment
REF0004149,ORD0052015,A025496,2026-02-10 14:27:19,3549.0,not_as_described,processed,wallet
REF0004150,ORD0052017,A025496,2026-02-12 14:11:59,3016.0,size_fit,processed,bank_transfer
REF0004151,ORD0052020,A025497,2026-02-12 14:44:28,3011.0,not_as_described,processed,original_payment
REF0004152,ORD0052021,A025498,2026-02-11 14:18:53,3852.0,size_fit,processed,bank_transfer
REF0004153,ORD0052022,A025498,2026-02-12 14:12:19,3010.0,size_fit,processed,wallet
REF0004154,ORD0052061,A025511,2026-01-13 06:00:00,2284.0,size_fit,processed,original_payment
REF0004155,ORD0052269,A025580,2026-01-12 06:00:00,2265.0,size_fit,processed,original_payment
REF0004156,ORD0052271,A025581,2026-01-13 06:00:00,1569.0,size_fit,processed,original_payment
REF0004157,ORD0052292,A025588,2026-01-14 06:00:00,1934.0,size_fit,processed,wallet
REF0004158,ORD0052307,A025593,2026-01-11 06:00:00,2403.0,size_fit,processed,wallet
REF0004159,ORD0052331,A025601,2026-01-11 06:00:00,2666.0,size_fit,processed,bank_transfer
REF0004160,ORD0052332,A025601,2026-01-14 06:00:00,2659.0,size_fit,processed,wallet
REF0004161,ORD0052360,A025611,2026-01-14 06:00:00,4967.0,size_fit,processed,wallet
REF0004162,ORD0052372,A025615,2026-01-13 06:00:00,4696.0,size_fit,processed,original_payment
REF0004163,ORD0052385,A025619,2026-01-15 06:00:00,3974.0,size_fit,processed,bank_transfer
REF0004164,ORD0052436,A025636,2026-01-13 06:00:00,3556.0,size_fit,processed,original_payment
REF0004165,ORD0052456,A025643,2026-01-14 06:00:00,3651.0,size_fit,processed,bank_transfer
REF0004166,ORD0052479,A025650,2026-01-14 06:00:00,1670.0,size_fit,processed,original_payment
REF0004167,ORD0052502,A025658,2026-01-12 06:00:00,3040.0,size_fit,processed,original_payment
REF0004168,ORD0052521,A025664,2026-01-12 06:00:00,3842.0,size_fit,processed,wallet
REF0004169,ORD0052528,A025667,2026-01-12 06:00:00,1264.0,size_fit,processed,original_payment
REF0004170,ORD0052567,A025680,2026-01-12 06:00:00,3250.0,size_fit,processed,original_payment
REF0004171,ORD0052569,A025680,2026-01-13 06:00:00,1812.0,size_fit,processed,original_payment
REF0004172,ORD0052671,A025714,2026-01-15 06:00:00,1324.0,size_fit,processed,wallet
REF0004173,ORD0052743,A025738,2026-01-14 06:00:00,4182.0,size_fit,processed,wallet
REF0004174,ORD0052782,A025751,2026-01-15 06:00:00,1576.0,size_fit,processed,bank_transfer
REF0004175,ORD0052812,A025761,2026-01-13 06:00:00,4572.0,size_fit,processed,original_payment
REF0004176,ORD0052829,A025767,2026-01-17 06:00:00,3073.0,size_fit,processed,original_payment
REF0004177,ORD0052861,A025778,2026-01-13 06:00:00,1821.0,size_fit,processed,original_payment
REF0004178,ORD0052864,A025779,2026-01-16 06:00:00,4335.0,size_fit,processed,bank_transfer
REF0004179,ORD0052869,A025780,2026-01-13 06:00:00,1367.0,size_fit,processed,wallet
REF0004180,ORD0052895,A025789,2026-01-12 06:00:00,2797.0,size_fit,processed,wallet
REF0004181,ORD0052902,A025791,2026-01-14 06:00:00,1358.0,size_fit,processed,wallet
REF0004182,ORD0052992,A025821,2026-01-14 06:00:00,1301.0,size_fit,processed,wallet
REF0004183,ORD0053006,A025826,2026-01-12 06:00:00,2746.0,size_fit,processed,bank_transfer
REF0004184,ORD0053068,A025847,2026-01-14 06:00:00,3056.0,size_fit,processed,bank_transfer
REF0004185,ORD0053077,A025850,2026-01-13 06:00:00,3195.0,size_fit,processed,original_payment
REF0004186,ORD0053149,A025874,2026-01-13 06:00:00,4571.0,size_fit,processed,original_payment
REF0004187,ORD0053214,A025895,2026-01-17 06:00:00,1887.0,size_fit,processed,original_payment
REF0004188,ORD0053227,A025900,2026-01-11 06:00:00,4997.0,size_fit,processed,bank_transfer
REF0004189,ORD0053235,A025902,2026-01-13 06:00:00,4657.0,size_fit,processed,bank_transfer
REF0004190,ORD0053334,A025935,2026-01-15 06:00:00,3952.0,size_fit,processed,bank_transfer
REF0004191,ORD0053349,A025940,2026-01-14 06:00:00,2016.0,size_fit,processed,bank_transfer
REF0004192,ORD0053386,A025953,2026-01-11 06:00:00,4688.0,size_fit,processed,wallet
REF0004193,ORD0053392,A025955,2026-01-15 06:00:00,2244.0,size_fit,processed,original_payment
REF0004194,ORD0053396,A025956,2026-01-10 06:00:00,2099.0,size_fit,processed,bank_transfer
REF0004195,ORD0053421,A025964,2026-01-13 06:00:00,1962.0,size_fit,processed,wallet
REF0004196,ORD0053440,A025971,2026-01-13 06:00:00,2773.0,size_fit,processed,original_payment
REF0004197,ORD0053445,A025972,2026-01-12 06:00:00,4250.0,size_fit,processed,original_payment
REF0004198,ORD0053589,A026020,2026-01-11 06:00:00,2093.0,size_fit,processed,wallet
REF0004199,ORD0053614,A026029,2026-01-14 06:00:00,2879.0,size_fit,processed,bank_transfer
REF0004200,ORD0053670,A026047,2026-01-16 06:00:00,1029.0,size_fit,processed,wallet
REF0004201,ORD0053702,A026058,2026-01-14 06:00:00,4997.0,size_fit,processed,wallet
REF0004202,ORD0053735,A026069,2026-01-13 06:00:00,3870.0,size_fit,processed,original_payment
REF0004203,ORD0053740,A026071,2026-01-15 06:00:00,1995.0,size_fit,processed,original_payment
REF0004204,ORD0053773,A026082,2026-01-13 06:00:00,4417.0,size_fit,processed,wallet
REF0004205,ORD0053801,A026091,2026-01-15 06:00:00,4278.0,size_fit,processed,wallet
REF0004206,ORD0053810,A026094,2026-01-15 06:00:00,1072.0,size_fit,processed,bank_transfer
REF0004207,ORD0053837,A026103,2026-01-14 06:00:00,3986.0,size_fit,processed,original_payment
REF0004208,ORD0053842,A026105,2026-01-11 06:00:00,4820.0,size_fit,processed,original_payment
REF0004209,ORD0053876,A026116,2026-01-14 06:00:00,1362.0,size_fit,processed,wallet
REF0004210,ORD0053900,A026124,2026-01-13 06:00:00,3896.0,size_fit,processed,bank_transfer
REF0004211,ORD0053996,A026156,2026-01-13 06:00:00,2816.0,size_fit,processed,bank_transfer
REF0004212,ORD0054024,A026165,2026-01-14 06:00:00,3749.0,size_fit,processed,wallet
REF0004213,ORD0054095,A026189,2026-01-15 06:00:00,1102.0,size_fit,processed,wallet
REF0004214,ORD0054125,A026199,2026-01-15 06:00:00,4275.0,size_fit,processed,original_payment
REF0004215,ORD0054167,A026213,2026-01-13 06:00:00,1680.0,size_fit,processed,wallet
REF0004216,ORD0054208,A026227,2026-01-14 06:00:00,3114.0,size_fit,processed,wallet
REF0004217,ORD0054281,A026251,2026-01-13 06:00:00,4995.0,size_fit,processed,original_payment
REF0004218,ORD0054305,A026259,2026-01-14 06:00:00,2918.0,size_fit,processed,bank_transfer
REF0004219,ORD0054327,A026266,2026-01-16 06:00:00,2106.0,size_fit,processed,wallet
REF0004220,ORD0054365,A026279,2026-01-16 06:00:00,4416.0,size_fit,processed,wallet
REF0004221,ORD0054478,A026317,2026-01-10 06:00:00,2235.0,size_fit,processed,original_payment
REF0004222,ORD0054499,A026324,2026-01-10 06:00:00,3812.0,size_fit,processed,original_payment
REF0004223,ORD0054544,A026339,2026-01-12 06:00:00,4452.0,size_fit,processed,wallet
REF0004224,ORD0054606,A026359,2026-01-17 06:00:00,1149.0,size_fit,processed,bank_transfer
REF0004225,ORD0054660,A026377,2026-01-12 06:00:00,2258.0,size_fit,processed,wallet
REF0004226,ORD0054669,A026380,2026-01-11 06:00:00,2038.0,size_fit,processed,wallet
REF0004227,ORD0054695,A026389,2026-01-12 06:00:00,1055.0,size_fit,processed,original_payment
REF0004228,ORD0054698,A026390,2026-01-15 06:00:00,2299.0,size_fit,processed,original_payment
REF0004229,ORD0054727,A026400,2026-01-22 06:00:00,2938.0,size_fit,processed,bank_transfer
REF0004230,ORD0054729,A026400,2026-01-23 06:00:00,3381.0,size_fit,processed,bank_transfer
REF0004231,ORD0054730,A026401,2026-01-20 06:00:00,2394.0,size_fit,processed,original_payment
REF0004232,ORD0054732,A026401,2026-01-25 06:00:00,2608.0,size_fit,processed,bank_transfer
REF0004233,ORD0054733,A026402,2026-01-22 06:00:00,3004.0,size_fit,processed,original_payment
REF0004234,ORD0054735,A026402,2026-01-24 06:00:00,2359.0,size_fit,processed,wallet
REF0004235,ORD0054736,A026403,2026-01-22 06:00:00,2321.0,size_fit,processed,bank_transfer
REF0004236,ORD0054738,A026403,2026-01-23 06:00:00,3232.0,size_fit,processed,bank_transfer
REF0004237,ORD0054739,A026404,2026-01-21 06:00:00,2111.0,size_fit,processed,bank_transfer
REF0004238,ORD0054741,A026404,2026-01-23 06:00:00,1703.0,size_fit,processed,wallet
REF0004239,ORD0054742,A026405,2026-01-21 06:00:00,3561.0,size_fit,processed,bank_transfer
REF0004240,ORD0054744,A026405,2026-01-21 06:00:00,3664.0,size_fit,processed,original_payment
REF0004241,ORD0054745,A026406,2026-01-21 06:00:00,2141.0,size_fit,processed,bank_transfer
REF0004242,ORD0054747,A026406,2026-01-25 06:00:00,1954.0,size_fit,processed,wallet
REF0004243,ORD0054748,A026407,2026-01-20 06:00:00,1541.0,size_fit,processed,original_payment
REF0004244,ORD0054750,A026407,2026-01-21 06:00:00,2183.0,size_fit,processed,wallet
REF0004245,ORD0054751,A026408,2026-01-21 06:00:00,3104.0,size_fit,processed,original_payment
REF0004246,ORD0054753,A026408,2026-01-24 06:00:00,2439.0,size_fit,processed,wallet
REF0004247,ORD0054754,A026409,2026-01-22 06:00:00,2059.0,size_fit,processed,wallet
REF0004248,ORD0054756,A026409,2026-01-25 06:00:00,1805.0,size_fit,processed,bank_transfer
REF0004249,ORD0054757,A026410,2026-01-20 06:00:00,3545.0,size_fit,processed,bank_transfer
REF0004250,ORD0054759,A026410,2026-01-22 06:00:00,3339.0,size_fit,processed,wallet
REF0004251,ORD0054760,A026411,2026-01-21 06:00:00,1931.0,size_fit,processed,bank_transfer
REF0004252,ORD0054762,A026411,2026-01-24 06:00:00,3973.0,size_fit,processed,wallet
REF0004253,ORD0054763,A026412,2026-01-23 06:00:00,2999.0,size_fit,processed,bank_transfer
REF0004254,ORD0054765,A026412,2026-01-23 06:00:00,2126.0,size_fit,processed,wallet
REF0004255,ORD0054766,A026413,2026-01-21 06:00:00,3837.0,size_fit,processed,bank_transfer
REF0004256,ORD0054768,A026413,2026-01-24 06:00:00,3515.0,size_fit,processed,bank_transfer
REF0004257,ORD0054769,A026414,2026-01-21 06:00:00,2301.0,size_fit,processed,wallet
REF0004258,ORD0054771,A026414,2026-01-23 06:00:00,3104.0,size_fit,processed,original_payment
REF0004259,ORD0054772,A026415,2026-01-21 06:00:00,1751.0,size_fit,processed,original_payment
REF0004260,ORD0054774,A026415,2026-01-23 06:00:00,3719.0,size_fit,processed,bank_transfer
REF0004261,ORD0054775,A026416,2026-01-23 06:00:00,3855.0,size_fit,processed,wallet
REF0004262,ORD0054777,A026416,2026-01-23 06:00:00,2645.0,size_fit,processed,wallet
REF0004263,ORD0054778,A026417,2026-01-20 06:00:00,2421.0,size_fit,processed,wallet
REF0004264,ORD0054780,A026417,2026-01-22 06:00:00,2357.0,size_fit,processed,original_payment
REF0004265,ORD0054781,A026418,2026-01-22 06:00:00,3057.0,size_fit,processed,wallet
REF0004266,ORD0054783,A026418,2026-01-24 06:00:00,2354.0,size_fit,processed,original_payment
REF0004267,ORD0054784,A026419,2026-01-19 06:00:00,2574.0,size_fit,processed,original_payment
REF0004268,ORD0054786,A026419,2026-01-23 06:00:00,3640.0,size_fit,processed,bank_transfer
REF0004269,ORD0054787,A026420,2026-01-22 06:00:00,3349.0,size_fit,processed,wallet
REF0004270,ORD0054789,A026420,2026-01-24 06:00:00,2401.0,size_fit,processed,bank_transfer
REF0004271,ORD0054790,A026421,2026-01-20 06:00:00,2310.0,size_fit,processed,original_payment
REF0004272,ORD0054792,A026421,2026-01-21 06:00:00,1586.0,size_fit,processed,original_payment
REF0004273,ORD0054793,A026422,2026-01-23 06:00:00,2856.0,size_fit,processed,original_payment
REF0004274,ORD0054795,A026422,2026-01-22 06:00:00,2655.0,size_fit,processed,wallet
REF0004275,ORD0054796,A026423,2026-01-19 06:00:00,2484.0,size_fit,processed,wallet
REF0004276,ORD0054798,A026423,2026-01-21 06:00:00,2405.0,size_fit,processed,original_payment
REF0004277,ORD0054799,A026424,2026-01-20 06:00:00,3027.0,size_fit,processed,wallet
REF0004278,ORD0054801,A026424,2026-01-23 06:00:00,1781.0,size_fit,processed,original_payment
REF0004279,ORD0054802,A026425,2026-01-22 06:00:00,2700.0,size_fit,processed,bank_transfer
REF0004280,ORD0054804,A026425,2026-01-23 06:00:00,3496.0,size_fit,processed,original_payment
REF0004281,ORD0054805,A026426,2026-01-22 06:00:00,2977.0,size_fit,processed,original_payment
REF0004282,ORD0054807,A026426,2026-01-23 06:00:00,3149.0,size_fit,processed,bank_transfer
REF0004283,ORD0054808,A026427,2026-01-20 06:00:00,2169.0,size_fit,processed,bank_transfer
REF0004284,ORD0054810,A026427,2026-01-24 06:00:00,2957.0,size_fit,processed,bank_transfer
REF0004285,ORD0054811,A026428,2026-01-20 06:00:00,2487.0,size_fit,processed,original_payment
REF0004286,ORD0054813,A026428,2026-01-23 06:00:00,2754.0,size_fit,processed,bank_transfer
REF0004287,ORD0054814,A026429,2026-01-20 06:00:00,2943.0,size_fit,processed,bank_transfer
REF0004288,ORD0054816,A026429,2026-01-24 06:00:00,2632.0,size_fit,processed,wallet
REF0004289,ORD0054817,A026430,2026-01-21 06:00:00,2317.0,size_fit,processed,bank_transfer
REF0004290,ORD0054819,A026430,2026-01-22 06:00:00,1858.0,size_fit,processed,original_payment
REF0004291,ORD0054820,A026431,2026-01-20 06:00:00,3879.0,size_fit,processed,wallet
REF0004292,ORD0054822,A026431,2026-01-22 06:00:00,3159.0,size_fit,processed,original_payment
REF0004293,ORD0054823,A026432,2026-01-21 06:00:00,2815.0,size_fit,processed,bank_transfer
REF0004294,ORD0054825,A026432,2026-01-25 06:00:00,3634.0,size_fit,processed,original_payment
REF0004295,ORD0054826,A026433,2026-01-21 06:00:00,3317.0,size_fit,processed,wallet
REF0004296,ORD0054828,A026433,2026-01-22 06:00:00,3085.0,size_fit,processed,wallet
REF0004297,ORD0054829,A026434,2026-01-20 06:00:00,3841.0,size_fit,processed,bank_transfer
REF0004298,ORD0054831,A026434,2026-01-23 06:00:00,3420.0,size_fit,processed,original_payment
REF0004299,ORD0054832,A026435,2026-01-23 06:00:00,1726.0,size_fit,processed,original_payment
REF0004300,ORD0054834,A026435,2026-01-21 06:00:00,3046.0,size_fit,processed,original_payment
REF0004301,ORD0054835,A026436,2026-01-20 06:00:00,1639.0,size_fit,processed,wallet
REF0004302,ORD0054837,A026436,2026-01-25 06:00:00,3728.0,size_fit,processed,wallet
REF0004303,ORD0054838,A026437,2026-01-22 06:00:00,2139.0,size_fit,processed,original_payment
REF0004304,ORD0054840,A026437,2026-01-22 06:00:00,2054.0,size_fit,processed,wallet
REF0004305,ORD0054841,A026438,2026-01-22 06:00:00,2427.0,size_fit,processed,wallet
REF0004306,ORD0054843,A026438,2026-01-21 06:00:00,2324.0,size_fit,processed,original_payment
REF0004307,ORD0054844,A026439,2026-01-19 06:00:00,2050.0,size_fit,processed,bank_transfer
REF0004308,ORD0054846,A026439,2026-01-22 06:00:00,3764.0,size_fit,processed,bank_transfer
REF0004309,ORD0054847,A026440,2026-01-21 06:00:00,2794.0,size_fit,processed,original_payment
REF0004310,ORD0054849,A026440,2026-01-23 06:00:00,3181.0,size_fit,processed,bank_transfer
REF0004311,ORD0054850,A026441,2026-01-20 06:00:00,1855.0,size_fit,processed,bank_transfer
REF0004312,ORD0054852,A026441,2026-01-23 06:00:00,1565.0,size_fit,processed,bank_transfer
REF0004313,ORD0054853,A026442,2026-01-21 06:00:00,3130.0,size_fit,processed,wallet
REF0004314,ORD0054855,A026442,2026-01-25 06:00:00,3319.0,size_fit,processed,bank_transfer
REF0004315,ORD0054856,A026443,2026-01-20 06:00:00,2600.0,size_fit,processed,bank_transfer
REF0004316,ORD0054858,A026443,2026-01-23 06:00:00,2304.0,size_fit,processed,wallet
REF0004317,ORD0054859,A026444,2026-01-20 06:00:00,3815.0,size_fit,processed,wallet
REF0004318,ORD0054861,A026444,2026-01-24 06:00:00,2802.0,size_fit,processed,wallet
REF0004319,ORD0054862,A026445,2026-01-21 06:00:00,1680.0,size_fit,processed,original_payment
REF0004320,ORD0054864,A026445,2026-01-25 06:00:00,3363.0,size_fit,processed,original_payment
REF0004321,ORD0054865,A026446,2026-01-21 06:00:00,3006.0,size_fit,processed,wallet
REF0004322,ORD0054867,A026446,2026-01-25 06:00:00,1678.0,size_fit,processed,bank_transfer
REF0004323,ORD0054868,A026447,2026-01-21 06:00:00,3256.0,size_fit,processed,original_payment
REF0004324,ORD0054870,A026447,2026-01-23 06:00:00,3477.0,size_fit,processed,original_payment
REF0004325,ORD0054871,A026448,2026-01-22 06:00:00,2151.0,size_fit,processed,wallet
REF0004326,ORD0054873,A026448,2026-01-25 06:00:00,1622.0,size_fit,processed,original_payment
REF0004327,ORD0054874,A026449,2026-01-20 06:00:00,3214.0,size_fit,processed,wallet
REF0004328,ORD0054876,A026449,2026-01-24 06:00:00,3763.0,size_fit,processed,bank_transfer
REF0004329,ORD0054877,A026450,2026-01-21 06:00:00,2735.0,size_fit,processed,original_payment
REF0004330,ORD0054879,A026450,2026-01-24 06:00:00,3902.0,size_fit,processed,bank_transfer
REF0004331,ORD0054880,A026451,2026-01-23 06:00:00,3592.0,size_fit,processed,bank_transfer
REF0004332,ORD0054882,A026451,2026-01-22 06:00:00,3917.0,size_fit,processed,bank_transfer
REF0004333,ORD0054883,A026452,2026-01-22 06:00:00,2220.0,size_fit,processed,original_payment
REF0004334,ORD0054885,A026452,2026-01-23 06:00:00,2106.0,size_fit,processed,wallet
REF0004335,ORD0054886,A026453,2026-01-21 06:00:00,3166.0,size_fit,processed,bank_transfer
REF0004336,ORD0054888,A026453,2026-01-23 06:00:00,2844.0,size_fit,processed,wallet
REF0004337,ORD0054889,A026454,2026-01-21 06:00:00,2403.0,size_fit,processed,wallet
REF0004338,ORD0054891,A026454,2026-01-24 06:00:00,2235.0,size_fit,processed,wallet
REF0004339,ORD0054892,A026455,2026-01-22 06:00:00,1507.0,size_fit,processed,wallet
REF0004340,ORD0054894,A026455,2026-01-22 06:00:00,3913.0,size_fit,processed,wallet
REF0004341,ORD0054895,A026456,2026-01-21 06:00:00,2994.0,size_fit,processed,wallet
REF0004342,ORD0054897,A026456,2026-01-23 06:00:00,2925.0,size_fit,processed,original_payment
REF0004343,ORD0054898,A026457,2026-01-21 06:00:00,3434.0,size_fit,processed,bank_transfer
REF0004344,ORD0054900,A026457,2026-01-23 06:00:00,3337.0,size_fit,processed,wallet
REF0004345,ORD0054901,A026458,2026-01-21 06:00:00,3753.0,size_fit,processed,original_payment
REF0004346,ORD0054903,A026458,2026-01-25 06:00:00,1507.0,size_fit,processed,wallet
REF0004347,ORD0054904,A026459,2026-01-21 06:00:00,2932.0,size_fit,processed,bank_transfer
REF0004348,ORD0054906,A026459,2026-01-22 06:00:00,3941.0,size_fit,processed,original_payment
REF0004349,ORD0054907,A026460,2026-01-20 06:00:00,2453.0,size_fit,processed,wallet
REF0004350,ORD0054909,A026460,2026-01-23 06:00:00,1586.0,size_fit,processed,original_payment
REF0004351,ORD0054910,A026461,2026-01-19 06:00:00,2987.0,size_fit,processed,wallet
REF0004352,ORD0054912,A026461,2026-01-21 06:00:00,2999.0,size_fit,processed,wallet
REF0004353,ORD0054913,A026462,2026-01-19 06:00:00,2072.0,size_fit,processed,bank_transfer
REF0004354,ORD0054915,A026462,2026-01-22 06:00:00,2829.0,size_fit,processed,original_payment
REF0004355,ORD0054916,A026463,2026-01-21 06:00:00,2052.0,size_fit,processed,original_payment
REF0004356,ORD0054918,A026463,2026-01-22 06:00:00,1993.0,size_fit,processed,bank_transfer
REF0004357,ORD0054919,A026464,2026-01-19 06:00:00,2454.0,size_fit,processed,bank_transfer
REF0004358,ORD0054921,A026464,2026-01-23 06:00:00,2712.0,size_fit,processed,bank_transfer
REF0004359,ORD0054922,A026465,2026-01-19 06:00:00,1599.0,size_fit,processed,bank_transfer
REF0004360,ORD0054924,A026465,2026-01-23 06:00:00,3641.0,size_fit,processed,wallet
REF0004361,ORD0054925,A026466,2026-01-19 06:00:00,1530.0,size_fit,processed,original_payment
REF0004362,ORD0054927,A026466,2026-01-22 06:00:00,2458.0,size_fit,processed,original_payment
REF0004363,ORD0054928,A026467,2026-01-21 06:00:00,1537.0,size_fit,processed,wallet
REF0004364,ORD0054930,A026467,2026-01-22 06:00:00,2042.0,size_fit,processed,original_payment
REF0004365,ORD0054931,A026468,2026-01-22 06:00:00,2069.0,size_fit,processed,bank_transfer
REF0004366,ORD0054933,A026468,2026-01-25 06:00:00,2211.0,size_fit,processed,wallet
REF0004367,ORD0054934,A026469,2026-01-22 06:00:00,3846.0,size_fit,processed,bank_transfer
REF0004368,ORD0054936,A026469,2026-01-21 06:00:00,3364.0,size_fit,processed,bank_transfer
REF0004369,ORD0054937,A026470,2026-01-22 06:00:00,2934.0,size_fit,processed,bank_transfer
REF0004370,ORD0054939,A026470,2026-01-23 06:00:00,3777.0,size_fit,processed,bank_transfer
REF0004371,ORD0054940,A026471,2026-01-21 06:00:00,3456.0,size_fit,processed,original_payment
REF0004372,ORD0054942,A026471,2026-01-24 06:00:00,2140.0,size_fit,processed,original_payment
REF0004373,ORD0054943,A026472,2026-01-22 06:00:00,3103.0,size_fit,processed,wallet
REF0004374,ORD0054945,A026472,2026-01-23 06:00:00,2599.0,size_fit,processed,original_payment
REF0004375,ORD0054946,A026473,2026-01-22 06:00:00,3442.0,size_fit,processed,wallet
REF0004376,ORD0054948,A026473,2026-01-24 06:00:00,2456.0,size_fit,processed,wallet
REF0004377,ORD0054949,A026474,2026-01-21 06:00:00,1516.0,size_fit,processed,bank_transfer
REF0004378,ORD0054951,A026474,2026-01-23 06:00:00,2044.0,size_fit,processed,bank_transfer
REF0004379,ORD0054952,A026475,2026-01-21 06:00:00,2587.0,size_fit,processed,bank_transfer
REF0004380,ORD0054954,A026475,2026-01-23 06:00:00,3163.0,size_fit,processed,bank_transfer
REF0004381,ORD0054955,A026476,2026-01-20 06:00:00,1839.0,size_fit,processed,bank_transfer
REF0004382,ORD0054957,A026476,2026-01-22 06:00:00,3508.0,size_fit,processed,bank_transfer
REF0004383,ORD0054958,A026477,2026-01-22 06:00:00,3480.0,size_fit,processed,bank_transfer
REF0004384,ORD0054960,A026477,2026-01-24 06:00:00,2348.0,size_fit,processed,bank_transfer
REF0004385,ORD0054961,A026478,2026-01-21 06:00:00,3336.0,size_fit,processed,bank_transfer
REF0004386,ORD0054963,A026478,2026-01-23 06:00:00,3773.0,size_fit,processed,wallet
REF0004387,ORD0054964,A026479,2026-01-21 06:00:00,1812.0,size_fit,processed,wallet
REF0004388,ORD0054966,A026479,2026-01-22 06:00:00,2623.0,size_fit,processed,wallet
REF0004389,ORD0054967,A026480,2026-01-20 06:00:00,3294.0,size_fit,processed,original_payment
REF0004390,ORD0054969,A026480,2026-01-21 06:00:00,2659.0,size_fit,processed,wallet
REF0004391,ORD0054970,A026481,2026-01-20 06:00:00,3591.0,size_fit,processed,original_payment
REF0004392,ORD0054972,A026481,2026-01-25 06:00:00,1788.0,size_fit,processed,bank_transfer
REF0004393,ORD0054973,A026482,2026-01-22 06:00:00,2591.0,size_fit,processed,original_payment
REF0004394,ORD0054975,A026482,2026-01-21 06:00:00,2068.0,size_fit,processed,wallet
REF0004395,ORD0054976,A026483,2026-01-21 06:00:00,2908.0,size_fit,processed,original_payment
REF0004396,ORD0054978,A026483,2026-01-24 06:00:00,2177.0,size_fit,processed,bank_transfer
REF0004397,ORD0054979,A026484,2026-01-22 06:00:00,1826.0,size_fit,processed,original_payment
REF0004398,ORD0054981,A026484,2026-01-23 06:00:00,3458.0,size_fit,processed,wallet
REF0004399,ORD0054982,A026485,2026-01-22 06:00:00,3688.0,size_fit,processed,bank_transfer
REF0004400,ORD0054984,A026485,2026-01-21 06:00:00,2859.0,size_fit,processed,wallet
REF0004401,ORD0054985,A026486,2026-01-22 06:00:00,3467.0,size_fit,processed,original_payment
REF0004402,ORD0054987,A026486,2026-01-25 06:00:00,2854.0,size_fit,processed,bank_transfer
REF0004403,ORD0054988,A026487,2026-01-19 06:00:00,1969.0,size_fit,processed,original_payment
REF0004404,ORD0054990,A026487,2026-01-22 06:00:00,1995.0,size_fit,processed,bank_transfer
REF0004405,ORD0054991,A026488,2026-01-19 06:00:00,1567.0,size_fit,processed,bank_transfer
REF0004406,ORD0054993,A026488,2026-01-25 06:00:00,3456.0,size_fit,processed,original_payment
REF0004407,ORD0054994,A026489,2026-01-21 06:00:00,3417.0,size_fit,processed,wallet
REF0004408,ORD0054996,A026489,2026-01-23 06:00:00,2411.0,size_fit,processed,original_payment
REF0004409,ORD0054997,A026490,2026-01-22 06:00:00,2224.0,size_fit,processed,bank_transfer
REF0004410,ORD0054999,A026490,2026-01-24 06:00:00,1574.0,size_fit,processed,wallet
REF0004411,ORD0055000,A026491,2026-01-21 06:00:00,3931.0,size_fit,processed,wallet
REF0004412,ORD0055002,A026491,2026-01-23 06:00:00,2784.0,size_fit,processed,wallet
REF0004413,ORD0055003,A026492,2026-01-22 06:00:00,2620.0,size_fit,processed,wallet
REF0004414,ORD0055005,A026492,2026-01-23 06:00:00,2380.0,size_fit,processed,bank_transfer
REF0004415,ORD0055006,A026493,2026-01-20 06:00:00,3392.0,size_fit,processed,original_payment
REF0004416,ORD0055008,A026493,2026-01-22 06:00:00,2300.0,size_fit,processed,bank_transfer
REF0004417,ORD0055009,A026494,2026-01-20 06:00:00,3795.0,size_fit,processed,bank_transfer
REF0004418,ORD0055011,A026494,2026-01-23 06:00:00,3613.0,size_fit,processed,wallet
REF0004419,ORD0055012,A026495,2026-01-21 06:00:00,2690.0,size_fit,processed,wallet
REF0004420,ORD0055014,A026495,2026-01-23 06:00:00,1714.0,size_fit,processed,wallet
REF0004421,ORD0055015,A026496,2026-01-21 06:00:00,3493.0,size_fit,processed,wallet
REF0004422,ORD0055017,A026496,2026-01-21 06:00:00,3663.0,size_fit,processed,original_payment
REF0004423,ORD0055018,A026497,2026-01-21 06:00:00,2841.0,size_fit,processed,bank_transfer
REF0004424,ORD0055020,A026497,2026-01-21 06:00:00,3217.0,size_fit,processed,original_payment
REF0004425,ORD0055021,A026498,2026-01-21 06:00:00,3149.0,size_fit,processed,wallet
REF0004426,ORD0055023,A026498,2026-01-24 06:00:00,2351.0,size_fit,processed,original_payment
REF0004427,ORD0055024,A026499,2026-01-20 06:00:00,1926.0,size_fit,processed,bank_transfer
REF0004428,ORD0055026,A026499,2026-01-22 06:00:00,2200.0,size_fit,processed,wallet
REF0004429,ORD0055027,A026500,2026-01-21 06:00:00,3673.0,size_fit,processed,wallet
REF0004430,ORD0055029,A026500,2026-01-21 06:00:00,3168.0,size_fit,processed,original_payment
REF0004431,ORD0055030,A026501,2026-01-22 06:00:00,3543.0,size_fit,processed,wallet
REF0004432,ORD0055032,A026501,2026-01-23 06:00:00,3920.0,size_fit,processed,original_payment
REF0004433,ORD0055033,A026502,2026-01-21 06:00:00,3714.0,size_fit,processed,original_payment
REF0004434,ORD0055035,A026502,2026-01-24 06:00:00,2907.0,size_fit,processed,original_payment
REF0004435,ORD0055036,A026503,2026-01-21 06:00:00,3169.0,size_fit,processed,original_payment
REF0004436,ORD0055038,A026503,2026-01-24 06:00:00,2212.0,size_fit,processed,original_payment
REF0004437,ORD0055039,A026504,2026-01-22 06:00:00,2349.0,size_fit,processed,bank_transfer
REF0004438,ORD0055041,A026504,2026-01-21 06:00:00,2298.0,size_fit,processed,bank_transfer
REF0004439,ORD0055042,A026505,2026-01-22 06:00:00,1792.0,size_fit,processed,wallet
REF0004440,ORD0055044,A026505,2026-01-21 06:00:00,3271.0,size_fit,processed,bank_transfer
REF0004441,ORD0055045,A026506,2026-01-23 06:00:00,3425.0,size_fit,processed,original_payment
REF0004442,ORD0055047,A026506,2026-01-21 06:00:00,2551.0,size_fit,processed,wallet
REF0004443,ORD0055048,A026507,2026-01-22 06:00:00,3770.0,size_fit,processed,bank_transfer
REF0004444,ORD0055050,A026507,2026-01-24 06:00:00,3600.0,size_fit,processed,wallet
REF0004445,ORD0055051,A026508,2026-01-23 06:00:00,1698.0,size_fit,processed,wallet
REF0004446,ORD0055053,A026508,2026-01-23 06:00:00,2517.0,size_fit,processed,original_payment
REF0004447,ORD0055054,A026509,2026-01-19 06:00:00,2816.0,size_fit,processed,wallet
REF0004448,ORD0055056,A026509,2026-01-23 06:00:00,2873.0,size_fit,processed,bank_transfer
REF0004449,ORD0055057,A026510,2026-01-19 06:00:00,1535.0,size_fit,processed,bank_transfer
REF0004450,ORD0055059,A026510,2026-01-25 06:00:00,3718.0,size_fit,processed,bank_transfer
REF0004451,ORD0055060,A026511,2026-01-23 06:00:00,1995.0,size_fit,processed,wallet
REF0004452,ORD0055062,A026511,2026-01-21 06:00:00,2136.0,size_fit,processed,bank_transfer
REF0004453,ORD0055063,A026512,2026-01-22 06:00:00,3898.0,size_fit,processed,original_payment
REF0004454,ORD0055065,A026512,2026-01-23 06:00:00,2801.0,size_fit,processed,bank_transfer
REF0004455,ORD0055066,A026513,2026-01-21 06:00:00,3058.0,size_fit,processed,bank_transfer
REF0004456,ORD0055068,A026513,2026-01-23 06:00:00,2015.0,size_fit,processed,wallet
REF0004457,ORD0055069,A026514,2026-01-19 06:00:00,1994.0,size_fit,processed,wallet
REF0004458,ORD0055071,A026514,2026-01-24 06:00:00,1884.0,size_fit,processed,wallet
REF0004459,ORD0055072,A026515,2026-01-23 06:00:00,3998.0,size_fit,processed,bank_transfer
REF0004460,ORD0055074,A026515,2026-01-25 06:00:00,3119.0,size_fit,processed,bank_transfer
REF0004461,ORD0055075,A026516,2026-01-21 06:00:00,1723.0,size_fit,processed,original_payment
REF0004462,ORD0055077,A026516,2026-01-24 06:00:00,2555.0,size_fit,processed,bank_transfer
REF0004463,ORD0055078,A026517,2026-01-21 06:00:00,3292.0,size_fit,processed,original_payment
REF0004464,ORD0055080,A026517,2026-01-23 06:00:00,3105.0,size_fit,processed,wallet
REF0004465,ORD0055081,A026518,2026-01-20 06:00:00,2285.0,size_fit,processed,original_payment
REF0004466,ORD0055083,A026518,2026-01-23 06:00:00,3333.0,size_fit,processed,bank_transfer
REF0004467,ORD0055084,A026519,2026-01-21 06:00:00,2387.0,size_fit,processed,wallet
REF0004468,ORD0055086,A026519,2026-01-23 06:00:00,2931.0,size_fit,processed,wallet
REF0004469,ORD0055087,A026520,2026-01-19 06:00:00,2031.0,size_fit,processed,wallet
REF0004470,ORD0055089,A026520,2026-01-23 06:00:00,2187.0,size_fit,processed,original_payment
REF0004471,ORD0055090,A026521,2026-01-21 06:00:00,2442.0,size_fit,processed,original_payment
REF0004472,ORD0055092,A026521,2026-01-22 06:00:00,2700.0,size_fit,processed,original_payment
REF0004473,ORD0055093,A026522,2026-01-20 06:00:00,3790.0,size_fit,processed,bank_transfer
REF0004474,ORD0055095,A026522,2026-01-21 06:00:00,2445.0,size_fit,processed,original_payment
REF0004475,ORD0055096,A026523,2026-01-19 06:00:00,1817.0,size_fit,processed,wallet
REF0004476,ORD0055098,A026523,2026-01-23 06:00:00,3999.0,size_fit,processed,bank_transfer
REF0004477,ORD0055099,A026524,2026-01-22 06:00:00,2330.0,size_fit,processed,wallet
REF0004478,ORD0055101,A026524,2026-01-21 06:00:00,2674.0,size_fit,processed,wallet
REF0004479,ORD0055102,A026525,2026-01-21 06:00:00,3959.0,size_fit,processed,original_payment
REF0004480,ORD0055104,A026525,2026-01-25 06:00:00,3911.0,size_fit,processed,bank_transfer
REF0004481,ORD0055105,A026526,2026-01-19 06:00:00,2862.0,size_fit,processed,wallet
REF0004482,ORD0055107,A026526,2026-01-25 06:00:00,2694.0,size_fit,processed,wallet
REF0004483,ORD0055108,A026527,2026-01-21 06:00:00,3054.0,size_fit,processed,wallet
REF0004484,ORD0055110,A026527,2026-01-22 06:00:00,2379.0,size_fit,processed,wallet
REF0004485,ORD0055111,A026528,2026-01-23 06:00:00,3451.0,size_fit,processed,original_payment
REF0004486,ORD0055113,A026528,2026-01-23 06:00:00,3750.0,size_fit,processed,wallet
REF0004487,ORD0055114,A026529,2026-01-22 06:00:00,2143.0,size_fit,processed,bank_transfer
REF0004488,ORD0055116,A026529,2026-01-24 06:00:00,2768.0,size_fit,processed,wallet
REF0004489,ORD0055117,A026530,2026-01-20 06:00:00,2458.0,size_fit,processed,bank_transfer
REF0004490,ORD0055119,A026530,2026-01-24 06:00:00,2694.0,size_fit,processed,original_payment
REF0004491,ORD0055120,A026531,2026-01-19 06:00:00,3189.0,size_fit,processed,wallet
REF0004492,ORD0055122,A026531,2026-01-23 06:00:00,3178.0,size_fit,processed,original_payment
REF0004493,ORD0055123,A026532,2026-01-20 06:00:00,2247.0,size_fit,processed,original_payment
REF0004494,ORD0055125,A026532,2026-01-25 06:00:00,2145.0,size_fit,processed,bank_transfer
REF0004495,ORD0055126,A026533,2026-01-21 06:00:00,1718.0,size_fit,processed,original_payment
REF0004496,ORD0055128,A026533,2026-01-23 06:00:00,1591.0,size_fit,processed,wallet
REF0004497,ORD0055129,A026534,2026-01-20 06:00:00,3874.0,size_fit,processed,bank_transfer
REF0004498,ORD0055131,A026534,2026-01-23 06:00:00,1532.0,size_fit,processed,bank_transfer
REF0004499,ORD0055132,A026535,2026-01-20 06:00:00,3541.0,size_fit,processed,original_payment
REF0004500,ORD0055134,A026535,2026-01-22 06:00:00,3617.0,size_fit,processed,original_payment
REF0004501,ORD0055135,A026536,2026-01-22 06:00:00,1864.0,size_fit,processed,bank_transfer
REF0004502,ORD0055137,A026536,2026-01-22 06:00:00,2307.0,size_fit,processed,original_payment
REF0004503,ORD0055138,A026537,2026-01-22 06:00:00,2046.0,size_fit,processed,original_payment
REF0004504,ORD0055140,A026537,2026-01-24 06:00:00,2248.0,size_fit,processed,bank_transfer
REF0004505,ORD0055141,A026538,2026-01-20 06:00:00,3961.0,size_fit,processed,wallet
REF0004506,ORD0055143,A026538,2026-01-23 06:00:00,2583.0,size_fit,processed,wallet
REF0004507,ORD0055144,A026539,2026-01-22 06:00:00,3457.0,size_fit,processed,wallet
REF0004508,ORD0055146,A026539,2026-01-23 06:00:00,3355.0,size_fit,processed,wallet
REF0004509,ORD0055147,A026540,2026-01-22 06:00:00,2234.0,size_fit,processed,original_payment
REF0004510,ORD0055149,A026540,2026-01-24 06:00:00,3871.0,size_fit,processed,original_payment
REF0004511,ORD0055150,A026541,2026-01-21 06:00:00,3967.0,size_fit,processed,bank_transfer
REF0004512,ORD0055152,A026541,2026-01-24 06:00:00,3869.0,size_fit,processed,bank_transfer
REF0004513,ORD0055153,A026542,2026-01-23 06:00:00,3254.0,size_fit,processed,bank_transfer
REF0004514,ORD0055155,A026542,2026-01-23 06:00:00,2402.0,size_fit,processed,original_payment
REF0004515,ORD0055156,A026543,2026-01-20 06:00:00,2718.0,size_fit,processed,wallet
REF0004516,ORD0055158,A026543,2026-01-21 06:00:00,3787.0,size_fit,processed,wallet
REF0004517,ORD0055159,A026544,2026-01-21 06:00:00,1659.0,size_fit,processed,wallet
REF0004518,ORD0055161,A026544,2026-01-25 06:00:00,3928.0,size_fit,processed,wallet
REF0004519,ORD0055162,A026545,2026-01-19 06:00:00,2691.0,size_fit,processed,bank_transfer
REF0004520,ORD0055164,A026545,2026-01-25 06:00:00,3483.0,size_fit,processed,original_payment
REF0004521,ORD0055165,A026546,2026-01-22 06:00:00,3978.0,size_fit,processed,bank_transfer
REF0004522,ORD0055167,A026546,2026-01-22 06:00:00,2687.0,size_fit,processed,wallet
REF0004523,ORD0055168,A026547,2026-01-21 06:00:00,3092.0,size_fit,processed,bank_transfer
REF0004524,ORD0055170,A026547,2026-01-25 06:00:00,1934.0,size_fit,processed,bank_transfer
REF0004525,ORD0055171,A026548,2026-01-22 06:00:00,2163.0,size_fit,processed,original_payment
REF0004526,ORD0055173,A026548,2026-01-24 06:00:00,2798.0,size_fit,processed,wallet
REF0004527,ORD0055174,A026549,2026-01-21 06:00:00,3480.0,size_fit,processed,wallet
REF0004528,ORD0055176,A026549,2026-01-24 06:00:00,2743.0,size_fit,processed,wallet
REF0004529,ORD0055177,A026550,2026-01-21 06:00:00,2559.0,size_fit,processed,bank_transfer
REF0004530,ORD0055179,A026550,2026-01-21 06:00:00,2482.0,size_fit,processed,original_payment
REF0004531,ORD0055180,A026551,2026-01-22 06:00:00,2098.0,size_fit,processed,bank_transfer
REF0004532,ORD0055182,A026551,2026-01-24 06:00:00,2820.0,size_fit,processed,wallet
REF0004533,ORD0055183,A026552,2026-01-21 06:00:00,1952.0,size_fit,processed,wallet
REF0004534,ORD0055185,A026552,2026-01-22 06:00:00,2347.0,size_fit,processed,bank_transfer
REF0004535,ORD0055186,A026553,2026-01-21 06:00:00,2028.0,size_fit,processed,wallet
REF0004536,ORD0055188,A026553,2026-01-23 06:00:00,2849.0,size_fit,processed,bank_transfer
REF0004537,ORD0055189,A026554,2026-01-19 06:00:00,3658.0,size_fit,processed,bank_transfer
REF0004538,ORD0055191,A026554,2026-01-25 06:00:00,3493.0,size_fit,processed,wallet
REF0004539,ORD0055192,A026555,2026-01-21 06:00:00,2414.0,size_fit,processed,bank_transfer
REF0004540,ORD0055194,A026555,2026-01-22 06:00:00,2595.0,size_fit,processed,bank_transfer
REF0004541,ORD0055195,A026556,2026-01-20 06:00:00,3346.0,size_fit,processed,bank_transfer
REF0004542,ORD0055197,A026556,2026-01-23 06:00:00,1589.0,size_fit,processed,original_payment
REF0004543,ORD0055198,A026557,2026-01-23 06:00:00,2053.0,size_fit,processed,original_payment
REF0004544,ORD0055200,A026557,2026-01-24 06:00:00,2853.0,size_fit,processed,bank_transfer
REF0004545,ORD0055201,A026558,2026-01-21 06:00:00,2168.0,size_fit,processed,wallet
REF0004546,ORD0055203,A026558,2026-01-22 06:00:00,3805.0,size_fit,processed,bank_transfer
REF0004547,ORD0055204,A026559,2026-01-22 06:00:00,2635.0,size_fit,processed,bank_transfer
REF0004548,ORD0055206,A026559,2026-01-23 06:00:00,3855.0,size_fit,processed,bank_transfer
REF0004549,ORD0055207,A026560,2026-01-20 06:00:00,3318.0,size_fit,processed,bank_transfer
REF0004550,ORD0055209,A026560,2026-01-24 06:00:00,3854.0,size_fit,processed,original_payment
REF0004551,ORD0055210,A026561,2026-01-23 06:00:00,2269.0,size_fit,processed,original_payment
REF0004552,ORD0055212,A026561,2026-01-24 06:00:00,2001.0,size_fit,processed,original_payment
REF0004553,ORD0055213,A026562,2026-01-21 06:00:00,2236.0,size_fit,processed,bank_transfer
REF0004554,ORD0055215,A026562,2026-01-24 06:00:00,2139.0,size_fit,processed,wallet
REF0004555,ORD0055216,A026563,2026-01-20 06:00:00,3960.0,size_fit,processed,bank_transfer
REF0004556,ORD0055218,A026563,2026-01-23 06:00:00,2751.0,size_fit,processed,wallet
REF0004557,ORD0055219,A026564,2026-01-23 06:00:00,2108.0,size_fit,processed,wallet
REF0004558,ORD0055221,A026564,2026-01-23 06:00:00,1735.0,size_fit,processed,original_payment
REF0004559,ORD0055222,A026565,2026-01-21 06:00:00,1768.0,size_fit,processed,wallet
REF0004560,ORD0055224,A026565,2026-01-24 06:00:00,3452.0,size_fit,processed,original_payment
REF0004561,ORD0055225,A026566,2026-01-23 06:00:00,2971.0,size_fit,processed,original_payment
REF0004562,ORD0055227,A026566,2026-01-23 06:00:00,3517.0,size_fit,processed,wallet
REF0004563,ORD0055228,A026567,2026-01-22 06:00:00,3202.0,size_fit,processed,original_payment
REF0004564,ORD0055230,A026567,2026-01-23 06:00:00,2945.0,size_fit,processed,original_payment
REF0004565,ORD0055231,A026568,2026-01-20 06:00:00,3475.0,size_fit,processed,wallet
REF0004566,ORD0055233,A026568,2026-01-21 06:00:00,2942.0,size_fit,processed,original_payment
REF0004567,ORD0055234,A026569,2026-01-21 06:00:00,2333.0,size_fit,processed,original_payment
REF0004568,ORD0055236,A026569,2026-01-23 06:00:00,2151.0,size_fit,processed,original_payment
REF0004569,ORD0055237,A026570,2026-01-21 06:00:00,2172.0,size_fit,processed,original_payment
REF0004570,ORD0055239,A026570,2026-01-21 06:00:00,3189.0,size_fit,processed,original_payment
REF0004571,ORD0055240,A026571,2026-01-21 06:00:00,1609.0,size_fit,processed,bank_transfer
REF0004572,ORD0055242,A026571,2026-01-22 06:00:00,3599.0,size_fit,processed,wallet
REF0004573,ORD0055243,A026572,2026-01-19 06:00:00,1992.0,size_fit,processed,original_payment
REF0004574,ORD0055245,A026572,2026-01-25 06:00:00,1616.0,size_fit,processed,original_payment
REF0004575,ORD0055246,A026573,2026-01-23 06:00:00,1727.0,size_fit,processed,original_payment
REF0004576,ORD0055248,A026573,2026-01-23 06:00:00,1543.0,size_fit,processed,wallet
REF0004577,ORD0055249,A026574,2026-01-21 06:00:00,1608.0,size_fit,processed,wallet
REF0004578,ORD0055251,A026574,2026-01-24 06:00:00,2652.0,size_fit,processed,original_payment
REF0004579,ORD0055252,A026575,2026-01-21 06:00:00,2831.0,size_fit,processed,original_payment
REF0004580,ORD0055254,A026575,2026-01-21 06:00:00,1573.0,size_fit,processed,bank_transfer
REF0004581,ORD0055255,A026576,2026-01-20 06:00:00,2245.0,size_fit,processed,wallet
REF0004582,ORD0055257,A026576,2026-01-22 06:00:00,2678.0,size_fit,processed,original_payment
REF0004583,ORD0055258,A026577,2026-01-22 06:00:00,3772.0,size_fit,processed,bank_transfer
REF0004584,ORD0055260,A026577,2026-01-21 06:00:00,2960.0,size_fit,processed,original_payment
REF0004585,ORD0055261,A026578,2026-01-23 06:00:00,3059.0,size_fit,processed,wallet
REF0004586,ORD0055263,A026578,2026-01-24 06:00:00,2751.0,size_fit,processed,wallet
REF0004587,ORD0055264,A026579,2026-01-22 06:00:00,1897.0,size_fit,processed,original_payment
REF0004588,ORD0055266,A026579,2026-01-24 06:00:00,1852.0,size_fit,processed,original_payment
REF0004589,ORD0055267,A026580,2026-01-20 06:00:00,3712.0,size_fit,processed,wallet
REF0004590,ORD0055269,A026580,2026-01-23 06:00:00,2280.0,size_fit,processed,original_payment
REF0004591,ORD0055270,A026581,2026-01-21 06:00:00,1693.0,size_fit,processed,original_payment
REF0004592,ORD0055272,A026581,2026-01-24 06:00:00,1962.0,size_fit,processed,wallet
REF0004593,ORD0055273,A026582,2026-01-21 06:00:00,2893.0,size_fit,processed,original_payment
REF0004594,ORD0055275,A026582,2026-01-22 06:00:00,2144.0,size_fit,processed,bank_transfer
REF0004595,ORD0055276,A026583,2026-01-22 06:00:00,1716.0,size_fit,processed,bank_transfer
REF0004596,ORD0055278,A026583,2026-01-23 06:00:00,2406.0,size_fit,processed,bank_transfer
REF0004597,ORD0055279,A026584,2026-01-20 06:00:00,3831.0,size_fit,processed,original_payment
REF0004598,ORD0055281,A026584,2026-01-25 06:00:00,2619.0,size_fit,processed,bank_transfer
REF0004599,ORD0055282,A026585,2026-01-23 06:00:00,3004.0,size_fit,processed,wallet
REF0004600,ORD0055284,A026585,2026-01-22 06:00:00,2399.0,size_fit,processed,original_payment
REF0004601,ORD0055285,A026586,2026-01-21 06:00:00,2148.0,size_fit,processed,wallet
REF0004602,ORD0055287,A026586,2026-01-21 06:00:00,2721.0,size_fit,processed,wallet
REF0004603,ORD0055288,A026587,2026-01-20 06:00:00,2487.0,size_fit,processed,wallet
REF0004604,ORD0055290,A026587,2026-01-23 06:00:00,1875.0,size_fit,processed,original_payment
REF0004605,ORD0055291,A026588,2026-01-22 06:00:00,3597.0,size_fit,processed,wallet
REF0004606,ORD0055293,A026588,2026-01-24 06:00:00,2479.0,size_fit,processed,bank_transfer
REF0004607,ORD0055294,A026589,2026-01-23 06:00:00,3007.0,size_fit,processed,original_payment
REF0004608,ORD0055296,A026589,2026-01-24 06:00:00,3862.0,size_fit,processed,bank_transfer
REF0004609,ORD0055297,A026590,2026-01-19 06:00:00,3860.0,size_fit,processed,wallet
REF0004610,ORD0055299,A026590,2026-01-21 06:00:00,2809.0,size_fit,processed,wallet
REF0004611,ORD0055300,A026591,2026-01-23 06:00:00,3161.0,size_fit,processed,original_payment
REF0004612,ORD0055302,A026591,2026-01-23 06:00:00,3744.0,size_fit,processed,bank_transfer
REF0004613,ORD0055303,A026592,2026-01-21 06:00:00,2863.0,size_fit,processed,bank_transfer
REF0004614,ORD0055305,A026592,2026-01-22 06:00:00,1870.0,size_fit,processed,wallet
REF0004615,ORD0055306,A026593,2026-01-20 06:00:00,2056.0,size_fit,processed,bank_transfer
REF0004616,ORD0055308,A026593,2026-01-23 06:00:00,3409.0,size_fit,processed,wallet
REF0004617,ORD0055309,A026594,2026-01-21 06:00:00,2159.0,size_fit,processed,wallet
REF0004618,ORD0055311,A026594,2026-01-23 06:00:00,2598.0,size_fit,processed,bank_transfer
REF0004619,ORD0055312,A026595,2026-01-20 06:00:00,3662.0,size_fit,processed,bank_transfer
REF0004620,ORD0055314,A026595,2026-01-22 06:00:00,2412.0,size_fit,processed,wallet
REF0004621,ORD0055315,A026596,2026-01-20 06:00:00,2573.0,size_fit,processed,bank_transfer
REF0004622,ORD0055317,A026596,2026-01-24 06:00:00,2034.0,size_fit,processed,original_payment
REF0004623,ORD0055318,A026597,2026-01-23 06:00:00,2556.0,size_fit,processed,wallet
REF0004624,ORD0055320,A026597,2026-01-23 06:00:00,3288.0,size_fit,processed,wallet
REF0004625,ORD0055321,A026598,2026-01-23 06:00:00,3378.0,size_fit,processed,bank_transfer
REF0004626,ORD0055323,A026598,2026-01-23 06:00:00,3421.0,size_fit,processed,original_payment
REF0004627,ORD0055324,A026599,2026-01-21 06:00:00,2918.0,size_fit,processed,original_payment
REF0004628,ORD0055326,A026599,2026-01-22 06:00:00,2082.0,size_fit,processed,wallet
REF0004629,ORD0055327,A026600,2026-01-21 06:00:00,1818.0,size_fit,processed,bank_transfer
REF0004630,ORD0055329,A026600,2026-01-23 06:00:00,2155.0,size_fit,processed,original_payment
REF0004631,ORD0055330,A026601,2026-01-21 06:00:00,3496.0,size_fit,processed,bank_transfer
REF0004632,ORD0055332,A026601,2026-01-23 06:00:00,1522.0,size_fit,processed,bank_transfer
REF0004633,ORD0055333,A026602,2026-01-19 06:00:00,3038.0,size_fit,processed,wallet
REF0004634,ORD0055335,A026602,2026-01-22 06:00:00,3434.0,size_fit,processed,bank_transfer
REF0004635,ORD0055336,A026603,2026-01-19 06:00:00,2085.0,size_fit,processed,wallet
REF0004636,ORD0055338,A026603,2026-01-21 06:00:00,1662.0,size_fit,processed,original_payment
REF0004637,ORD0055339,A026604,2026-01-22 06:00:00,1693.0,size_fit,processed,bank_transfer
REF0004638,ORD0055341,A026604,2026-01-25 06:00:00,2062.0,size_fit,processed,original_payment
REF0004639,ORD0055342,A026605,2026-01-22 06:00:00,2064.0,size_fit,processed,original_payment
REF0004640,ORD0055344,A026605,2026-01-25 06:00:00,2149.0,size_fit,processed,wallet
REF0004641,ORD0055345,A026606,2026-01-23 06:00:00,2150.0,size_fit,processed,bank_transfer
REF0004642,ORD0055347,A026606,2026-01-23 06:00:00,3823.0,size_fit,processed,wallet
REF0004643,ORD0055348,A026607,2026-01-22 06:00:00,2338.0,size_fit,processed,original_payment
REF0004644,ORD0055350,A026607,2026-01-25 06:00:00,2946.0,size_fit,processed,bank_transfer
REF0004645,ORD0055351,A026608,2026-01-23 06:00:00,2548.0,size_fit,processed,original_payment
REF0004646,ORD0055353,A026608,2026-01-24 06:00:00,3936.0,size_fit,processed,wallet
REF0004647,ORD0055354,A026609,2026-01-19 06:00:00,3520.0,size_fit,processed,wallet
REF0004648,ORD0055356,A026609,2026-01-21 06:00:00,2884.0,size_fit,processed,original_payment
REF0004649,ORD0055357,A026610,2026-01-20 06:00:00,2148.0,size_fit,processed,original_payment
REF0004650,ORD0055359,A026610,2026-01-23 06:00:00,3386.0,size_fit,processed,original_payment
REF0004651,ORD0055360,A026611,2026-01-20 06:00:00,3739.0,size_fit,processed,bank_transfer
REF0004652,ORD0055362,A026611,2026-01-24 06:00:00,2801.0,size_fit,processed,wallet
REF0004653,ORD0055363,A026612,2026-01-20 06:00:00,3678.0,size_fit,processed,wallet
REF0004654,ORD0055365,A026612,2026-01-24 06:00:00,2155.0,size_fit,processed,wallet
REF0004655,ORD0055366,A026613,2026-01-21 06:00:00,3796.0,size_fit,processed,bank_transfer
REF0004656,ORD0055368,A026613,2026-01-24 06:00:00,3220.0,size_fit,processed,bank_transfer
REF0004657,ORD0055369,A026614,2026-01-20 06:00:00,3225.0,size_fit,processed,wallet
REF0004658,ORD0055371,A026614,2026-01-23 06:00:00,1984.0,size_fit,processed,wallet
REF0004659,ORD0055372,A026615,2026-01-22 06:00:00,2204.0,size_fit,processed,bank_transfer
REF0004660,ORD0055374,A026615,2026-01-24 06:00:00,3388.0,size_fit,processed,bank_transfer
REF0004661,ORD0055375,A026616,2026-01-22 06:00:00,2434.0,size_fit,processed,bank_transfer
REF0004662,ORD0055377,A026616,2026-01-23 06:00:00,2541.0,size_fit,processed,bank_transfer
REF0004663,ORD0055378,A026617,2026-01-21 06:00:00,3610.0,size_fit,processed,bank_transfer
REF0004664,ORD0055380,A026617,2026-01-23 06:00:00,3061.0,size_fit,processed,bank_transfer
REF0004665,ORD0055381,A026618,2026-01-21 06:00:00,3952.0,size_fit,processed,bank_transfer
REF0004666,ORD0055383,A026618,2026-01-23 06:00:00,3766.0,size_fit,processed,wallet
REF0004667,ORD0055384,A026619,2026-01-23 06:00:00,2221.0,size_fit,processed,wallet
REF0004668,ORD0055386,A026619,2026-01-25 06:00:00,3933.0,size_fit,processed,original_payment
REF0004669,ORD0055387,A026620,2026-01-20 06:00:00,3629.0,size_fit,processed,wallet
REF0004670,ORD0055389,A026620,2026-01-25 06:00:00,3476.0,size_fit,processed,bank_transfer
REF0004671,ORD0055390,A026621,2026-01-20 06:00:00,2008.0,size_fit,processed,wallet
REF0004672,ORD0055392,A026621,2026-01-21 06:00:00,3245.0,size_fit,processed,bank_transfer
REF0004673,ORD0055393,A026622,2026-01-22 06:00:00,2022.0,size_fit,processed,wallet
REF0004674,ORD0055395,A026622,2026-01-23 06:00:00,3789.0,size_fit,processed,bank_transfer
REF0004675,ORD0055396,A026623,2026-01-22 06:00:00,3375.0,size_fit,processed,wallet
REF0004676,ORD0055398,A026623,2026-01-23 06:00:00,3894.0,size_fit,processed,original_payment
REF0004677,ORD0055399,A026624,2026-01-21 06:00:00,1886.0,size_fit,processed,original_payment
REF0004678,ORD0055401,A026624,2026-01-22 06:00:00,1592.0,size_fit,processed,bank_transfer
REF0004679,ORD0055402,A026625,2026-01-23 06:00:00,1673.0,size_fit,processed,bank_transfer
REF0004680,ORD0055404,A026625,2026-01-22 06:00:00,3417.0,size_fit,processed,wallet
REF0004681,ORD0055405,A026626,2026-01-23 06:00:00,1708.0,size_fit,processed,original_payment
REF0004682,ORD0055407,A026626,2026-01-23 06:00:00,3819.0,size_fit,processed,wallet
REF0004683,ORD0055408,A026627,2026-01-22 06:00:00,3550.0,size_fit,processed,wallet
REF0004684,ORD0055410,A026627,2026-01-23 06:00:00,1892.0,size_fit,processed,wallet
REF0004685,ORD0055411,A026628,2026-01-23 06:00:00,2556.0,size_fit,processed,bank_transfer
REF0004686,ORD0055413,A026628,2026-01-22 06:00:00,3476.0,size_fit,processed,wallet
REF0004687,ORD0055414,A026629,2026-01-20 06:00:00,2947.0,size_fit,processed,wallet
REF0004688,ORD0055416,A026629,2026-01-24 06:00:00,2502.0,size_fit,processed,wallet
REF0004689,ORD0055417,A026630,2026-01-20 06:00:00,3872.0,size_fit,processed,original_payment
REF0004690,ORD0055419,A026630,2026-01-25 06:00:00,2630.0,size_fit,processed,bank_transfer
REF0004691,ORD0055420,A026631,2026-01-22 06:00:00,1770.0,size_fit,processed,wallet
REF0004692,ORD0055422,A026631,2026-01-23 06:00:00,2482.0,size_fit,processed,original_payment
REF0004693,ORD0055423,A026632,2026-01-22 06:00:00,3229.0,size_fit,processed,wallet
REF0004694,ORD0055425,A026632,2026-01-25 06:00:00,1750.0,size_fit,processed,wallet
REF0004695,ORD0055426,A026633,2026-01-20 06:00:00,3968.0,size_fit,processed,wallet
REF0004696,ORD0055428,A026633,2026-01-23 06:00:00,3796.0,size_fit,processed,original_payment
REF0004697,ORD0055429,A026634,2026-01-21 06:00:00,2860.0,size_fit,processed,wallet
REF0004698,ORD0055431,A026634,2026-01-25 06:00:00,2715.0,size_fit,processed,bank_transfer
REF0004699,ORD0055432,A026635,2026-01-20 06:00:00,3428.0,size_fit,processed,bank_transfer
REF0004700,ORD0055434,A026635,2026-01-23 06:00:00,3099.0,size_fit,processed,original_payment
REF0004701,ORD0055435,A026636,2026-01-20 06:00:00,3570.0,size_fit,processed,original_payment
REF0004702,ORD0055437,A026636,2026-01-24 06:00:00,2519.0,size_fit,processed,original_payment
REF0004703,ORD0055438,A026637,2026-01-21 06:00:00,2879.0,size_fit,processed,original_payment
REF0004704,ORD0055440,A026637,2026-01-23 06:00:00,3067.0,size_fit,processed,bank_transfer
REF0004705,ORD0055441,A026638,2026-01-23 06:00:00,3706.0,size_fit,processed,bank_transfer
REF0004706,ORD0055443,A026638,2026-01-23 06:00:00,2808.0,size_fit,processed,bank_transfer
REF0004707,ORD0055444,A026639,2026-01-21 06:00:00,1560.0,size_fit,processed,original_payment
REF0004708,ORD0055446,A026639,2026-01-23 06:00:00,3752.0,size_fit,processed,original_payment
REF0004709,ORD0055447,A026640,2026-01-21 06:00:00,1799.0,size_fit,processed,original_payment
REF0004710,ORD0055449,A026640,2026-01-21 06:00:00,2277.0,size_fit,processed,wallet
REF0004711,ORD0055450,A026641,2026-01-21 06:00:00,2136.0,size_fit,processed,original_payment
REF0004712,ORD0055452,A026641,2026-01-23 06:00:00,3307.0,size_fit,processed,bank_transfer
REF0004713,ORD0055453,A026642,2026-01-19 06:00:00,2915.0,size_fit,processed,original_payment
REF0004714,ORD0055455,A026642,2026-01-22 06:00:00,2987.0,size_fit,processed,original_payment
REF0004715,ORD0055456,A026643,2026-01-20 06:00:00,2964.0,size_fit,processed,wallet
REF0004716,ORD0055458,A026643,2026-01-23 06:00:00,2587.0,size_fit,processed,wallet
REF0004717,ORD0055459,A026644,2026-01-23 06:00:00,2868.0,size_fit,processed,bank_transfer
REF0004718,ORD0055461,A026644,2026-01-24 06:00:00,3711.0,size_fit,processed,wallet
REF0004719,ORD0055462,A026645,2026-01-23 06:00:00,3217.0,size_fit,processed,original_payment
REF0004720,ORD0055464,A026645,2026-01-23 06:00:00,1972.0,size_fit,processed,wallet
REF0004721,ORD0055465,A026646,2026-01-21 06:00:00,2750.0,size_fit,processed,wallet
REF0004722,ORD0055467,A026646,2026-01-21 06:00:00,2249.0,size_fit,processed,wallet
REF0004723,ORD0055468,A026647,2026-01-19 06:00:00,1643.0,size_fit,processed,original_payment
REF0004724,ORD0055470,A026647,2026-01-23 06:00:00,3607.0,size_fit,processed,original_payment
REF0004725,ORD0055471,A026648,2026-01-20 06:00:00,3475.0,size_fit,processed,wallet
REF0004726,ORD0055473,A026648,2026-01-22 06:00:00,2947.0,size_fit,processed,wallet
REF0004727,ORD0055474,A026649,2026-01-22 06:00:00,3639.0,size_fit,processed,bank_transfer
REF0004728,ORD0055476,A026649,2026-01-24 06:00:00,2551.0,size_fit,processed,wallet
REF0004729,ORD0055477,A026650,2026-01-19 06:00:00,2269.0,size_fit,processed,bank_transfer
REF0004730,ORD0055479,A026650,2026-01-25 06:00:00,3805.0,size_fit,processed,original_payment
REF0004731,ORD0055480,A026651,2026-01-23 06:00:00,2320.0,size_fit,processed,wallet
REF0004732,ORD0055482,A026651,2026-01-23 06:00:00,1727.0,size_fit,processed,bank_transfer
REF0004733,ORD0055483,A026652,2026-01-21 06:00:00,3880.0,size_fit,processed,bank_transfer
REF0004734,ORD0055485,A026652,2026-01-22 06:00:00,3257.0,size_fit,processed,bank_transfer
REF0004735,ORD0055486,A026653,2026-01-21 06:00:00,2060.0,size_fit,processed,wallet
REF0004736,ORD0055488,A026653,2026-01-22 06:00:00,2474.0,size_fit,processed,original_payment
REF0004737,ORD0055489,A026654,2026-01-22 06:00:00,3504.0,size_fit,processed,wallet
REF0004738,ORD0055491,A026654,2026-01-22 06:00:00,1886.0,size_fit,processed,wallet
REF0004739,ORD0055492,A026655,2026-01-21 06:00:00,3518.0,size_fit,processed,original_payment
REF0004740,ORD0055494,A026655,2026-01-24 06:00:00,1935.0,size_fit,processed,wallet
REF0004741,ORD0055495,A026656,2026-01-21 06:00:00,3854.0,size_fit,processed,wallet
REF0004742,ORD0055497,A026656,2026-01-24 06:00:00,1790.0,size_fit,processed,original_payment
REF0004743,ORD0055498,A026657,2026-01-21 06:00:00,3743.0,size_fit,processed,original_payment
REF0004744,ORD0055500,A026657,2026-01-23 06:00:00,1898.0,size_fit,processed,original_payment
REF0004745,ORD0055501,A026658,2026-01-21 06:00:00,3444.0,size_fit,processed,original_payment
REF0004746,ORD0055503,A026658,2026-01-24 06:00:00,2504.0,size_fit,processed,wallet
REF0004747,ORD0055504,A026659,2026-01-21 06:00:00,2787.0,size_fit,processed,original_payment
REF0004748,ORD0055506,A026659,2026-01-24 06:00:00,2822.0,size_fit,processed,bank_transfer
REF0004749,ORD0055507,A026660,2026-01-19 06:00:00,3821.0,size_fit,processed,original_payment
REF0004750,ORD0055509,A026660,2026-01-22 06:00:00,1567.0,size_fit,processed,wallet
REF0004751,ORD0055510,A026661,2026-01-19 06:00:00,2402.0,size_fit,processed,original_payment
REF0004752,ORD0055512,A026661,2026-01-23 06:00:00,3552.0,size_fit,processed,bank_transfer
REF0004753,ORD0055513,A026662,2026-01-21 06:00:00,1595.0,size_fit,processed,wallet
REF0004754,ORD0055515,A026662,2026-01-24 06:00:00,1547.0,size_fit,processed,original_payment
REF0004755,ORD0055516,A026663,2026-01-19 06:00:00,1860.0,size_fit,processed,wallet
REF0004756,ORD0055518,A026663,2026-01-21 06:00:00,1518.0,size_fit,processed,wallet
REF0004757,ORD0055519,A026664,2026-01-22 06:00:00,3364.0,size_fit,processed,wallet
REF0004758,ORD0055521,A026664,2026-01-23 06:00:00,3347.0,size_fit,processed,bank_transfer
REF0004759,ORD0055522,A026665,2026-01-23 06:00:00,2054.0,size_fit,processed,original_payment
REF0004760,ORD0055524,A026665,2026-01-25 06:00:00,3194.0,size_fit,processed,bank_transfer
REF0004761,ORD0055525,A026666,2026-01-23 06:00:00,2109.0,size_fit,processed,bank_transfer
REF0004762,ORD0055527,A026666,2026-01-23 06:00:00,2880.0,size_fit,processed,original_payment
REF0004763,ORD0055528,A026667,2026-01-22 06:00:00,1992.0,size_fit,processed,original_payment
REF0004764,ORD0055530,A026667,2026-01-25 06:00:00,3859.0,size_fit,processed,bank_transfer
REF0004765,ORD0055531,A026668,2026-01-20 06:00:00,1556.0,size_fit,processed,bank_transfer
REF0004766,ORD0055533,A026668,2026-01-22 06:00:00,1522.0,size_fit,processed,wallet
REF0004767,ORD0055534,A026669,2026-01-22 06:00:00,2825.0,size_fit,processed,wallet
REF0004768,ORD0055536,A026669,2026-01-22 06:00:00,1850.0,size_fit,processed,wallet
REF0004769,ORD0055537,A026670,2026-01-22 06:00:00,1608.0,size_fit,processed,bank_transfer
REF0004770,ORD0055539,A026670,2026-01-21 06:00:00,2052.0,size_fit,processed,wallet
REF0004771,ORD0055540,A026671,2026-01-22 06:00:00,1653.0,size_fit,processed,bank_transfer
REF0004772,ORD0055542,A026671,2026-01-21 06:00:00,1626.0,size_fit,processed,original_payment
REF0004773,ORD0055543,A026672,2026-01-21 06:00:00,2055.0,size_fit,processed,original_payment
REF0004774,ORD0055545,A026672,2026-01-21 06:00:00,3669.0,size_fit,processed,original_payment
REF0004775,ORD0055546,A026673,2026-01-21 06:00:00,3051.0,size_fit,processed,bank_transfer
REF0004776,ORD0055548,A026673,2026-01-24 06:00:00,2927.0,size_fit,processed,original_payment
REF0004777,ORD0055549,A026674,2026-01-19 06:00:00,3002.0,size_fit,processed,bank_transfer
REF0004778,ORD0055551,A026674,2026-01-24 06:00:00,3217.0,size_fit,processed,original_payment
REF0004779,ORD0055552,A026675,2026-01-21 06:00:00,3570.0,size_fit,processed,bank_transfer
REF0004780,ORD0055554,A026675,2026-01-22 06:00:00,2792.0,size_fit,processed,original_payment
REF0004781,ORD0055555,A026676,2026-01-22 06:00:00,2150.0,size_fit,processed,wallet
REF0004782,ORD0055557,A026676,2026-01-21 06:00:00,1952.0,size_fit,processed,bank_transfer
REF0004783,ORD0055558,A026677,2026-01-21 06:00:00,2013.0,size_fit,processed,wallet
REF0004784,ORD0055560,A026677,2026-01-21 06:00:00,3211.0,size_fit,processed,original_payment
REF0004785,ORD0055561,A026678,2026-01-23 06:00:00,3871.0,size_fit,processed,bank_transfer
REF0004786,ORD0055563,A026678,2026-01-22 06:00:00,2039.0,size_fit,processed,wallet
REF0004787,ORD0055564,A026679,2026-01-20 06:00:00,3605.0,size_fit,processed,bank_transfer
REF0004788,ORD0055566,A026679,2026-01-25 06:00:00,2196.0,size_fit,processed,original_payment
REF0004789,ORD0055567,A026680,2026-01-22 06:00:00,2642.0,size_fit,processed,original_payment
REF0004790,ORD0055569,A026680,2026-01-23 06:00:00,2108.0,size_fit,processed,wallet
REF0004791,ORD0055570,A026681,2026-01-20 06:00:00,2420.0,size_fit,processed,bank_transfer
REF0004792,ORD0055572,A026681,2026-01-23 06:00:00,3443.0,size_fit,processed,wallet
REF0004793,ORD0055573,A026682,2026-01-22 06:00:00,3020.0,size_fit,processed,wallet
REF0004794,ORD0055575,A026682,2026-01-23 06:00:00,2622.0,size_fit,processed,wallet
REF0004795,ORD0055576,A026683,2026-01-23 06:00:00,1723.0,size_fit,processed,bank_transfer
REF0004796,ORD0055578,A026683,2026-01-21 06:00:00,2316.0,size_fit,processed,bank_transfer
REF0004797,ORD0055579,A026684,2026-01-21 06:00:00,1874.0,size_fit,processed,wallet
REF0004798,ORD0055581,A026684,2026-01-22 06:00:00,2078.0,size_fit,processed,original_payment
REF0004799,ORD0055582,A026685,2026-01-20 06:00:00,2353.0,size_fit,processed,original_payment
REF0004800,ORD0055584,A026685,2026-01-22 06:00:00,1821.0,size_fit,processed,original_payment
REF0004801,ORD0055585,A026686,2026-01-22 06:00:00,1828.0,size_fit,processed,original_payment
REF0004802,ORD0055587,A026686,2026-01-23 06:00:00,2464.0,size_fit,processed,wallet
REF0004803,ORD0055588,A026687,2026-01-20 06:00:00,3984.0,size_fit,processed,bank_transfer
REF0004804,ORD0055590,A026687,2026-01-25 06:00:00,2732.0,size_fit,processed,original_payment
REF0004805,ORD0055591,A026688,2026-01-22 06:00:00,3975.0,size_fit,processed,wallet
REF0004806,ORD0055593,A026688,2026-01-22 06:00:00,3877.0,size_fit,processed,bank_transfer
REF0004807,ORD0055594,A026689,2026-01-21 06:00:00,3899.0,size_fit,processed,bank_transfer
REF0004808,ORD0055596,A026689,2026-01-24 06:00:00,2843.0,size_fit,processed,original_payment
REF0004809,ORD0055597,A026690,2026-01-21 06:00:00,3150.0,size_fit,processed,bank_transfer
REF0004810,ORD0055599,A026690,2026-01-24 06:00:00,3643.0,size_fit,processed,original_payment
REF0004811,ORD0055600,A026691,2026-01-21 06:00:00,3481.0,size_fit,processed,bank_transfer
REF0004812,ORD0055602,A026691,2026-01-25 06:00:00,2534.0,size_fit,processed,wallet
REF0004813,ORD0055603,A026692,2026-01-20 06:00:00,2174.0,size_fit,processed,bank_transfer
REF0004814,ORD0055605,A026692,2026-01-23 06:00:00,2044.0,size_fit,processed,bank_transfer
REF0004815,ORD0055606,A026693,2026-01-22 06:00:00,3595.0,size_fit,processed,original_payment
REF0004816,ORD0055608,A026693,2026-01-25 06:00:00,3494.0,size_fit,processed,bank_transfer
REF0004817,ORD0055609,A026694,2026-01-22 06:00:00,3921.0,size_fit,processed,original_payment
REF0004818,ORD0055611,A026694,2026-01-23 06:00:00,1703.0,size_fit,processed,bank_transfer
REF0004819,ORD0055612,A026695,2026-01-19 06:00:00,1537.0,size_fit,processed,wallet
REF0004820,ORD0055614,A026695,2026-01-24 06:00:00,1892.0,size_fit,processed,wallet
REF0004821,ORD0055615,A026696,2026-01-20 06:00:00,3040.0,size_fit,processed,wallet
REF0004822,ORD0055617,A026696,2026-01-25 06:00:00,3655.0,size_fit,processed,original_payment
REF0004823,ORD0055618,A026697,2026-01-21 06:00:00,2944.0,size_fit,processed,wallet
REF0004824,ORD0055620,A026697,2026-01-23 06:00:00,2693.0,size_fit,processed,wallet
REF0004825,ORD0055621,A026698,2026-01-21 06:00:00,2200.0,size_fit,processed,bank_transfer
REF0004826,ORD0055623,A026698,2026-01-23 06:00:00,2484.0,size_fit,processed,bank_transfer
REF0004827,ORD0055624,A026699,2026-01-23 06:00:00,3818.0,size_fit,processed,original_payment
REF0004828,ORD0055626,A026699,2026-01-23 06:00:00,3980.0,size_fit,processed,wallet
REF0004829,ORD0055627,A026700,2026-01-22 06:00:00,3658.0,size_fit,processed,bank_transfer
REF0004830,ORD0055629,A026700,2026-01-23 06:00:00,3331.0,size_fit,processed,original_payment
REF0004831,ORD0055630,A026701,2026-01-22 06:00:00,3980.0,size_fit,processed,bank_transfer
REF0004832,ORD0055632,A026701,2026-01-24 06:00:00,3303.0,size_fit,processed,original_payment
REF0004833,ORD0055633,A026702,2026-01-20 06:00:00,2889.0,size_fit,processed,original_payment
REF0004834,ORD0055635,A026702,2026-01-23 06:00:00,3623.0,size_fit,processed,original_payment
REF0004835,ORD0055636,A026703,2026-01-21 06:00:00,2931.0,size_fit,processed,original_payment
REF0004836,ORD0055638,A026703,2026-01-22 06:00:00,1843.0,size_fit,processed,original_payment
REF0004837,ORD0055639,A026704,2026-01-20 06:00:00,3523.0,size_fit,processed,bank_transfer
REF0004838,ORD0055641,A026704,2026-01-23 06:00:00,1939.0,size_fit,processed,bank_transfer
REF0004839,ORD0055642,A026705,2026-01-21 06:00:00,2475.0,size_fit,processed,wallet
REF0004840,ORD0055644,A026705,2026-01-23 06:00:00,3705.0,size_fit,processed,original_payment
REF0004841,ORD0055645,A026706,2026-01-23 06:00:00,2468.0,size_fit,processed,bank_transfer
REF0004842,ORD0055647,A026706,2026-01-22 06:00:00,1560.0,size_fit,processed,wallet
REF0004843,ORD0055648,A026707,2026-01-22 06:00:00,2743.0,size_fit,processed,wallet
REF0004844,ORD0055650,A026707,2026-01-21 06:00:00,3686.0,size_fit,processed,original_payment
REF0004845,ORD0055651,A026708,2026-01-21 06:00:00,3699.0,size_fit,processed,original_payment
REF0004846,ORD0055653,A026708,2026-01-22 06:00:00,2357.0,size_fit,processed,bank_transfer
REF0004847,ORD0055654,A026709,2026-01-22 06:00:00,1864.0,size_fit,processed,bank_transfer
REF0004848,ORD0055656,A026709,2026-01-22 06:00:00,1619.0,size_fit,processed,bank_transfer
REF0004849,ORD0055657,A026710,2026-01-23 06:00:00,3265.0,size_fit,processed,wallet
REF0004850,ORD0055659,A026710,2026-01-23 06:00:00,1996.0,size_fit,processed,original_payment
REF0004851,ORD0055660,A026711,2026-01-19 06:00:00,3678.0,size_fit,processed,bank_transfer
REF0004852,ORD0055662,A026711,2026-01-23 06:00:00,3753.0,size_fit,processed,original_payment
REF0004853,ORD0055663,A026712,2026-01-21 06:00:00,2517.0,size_fit,processed,original_payment
REF0004854,ORD0055665,A026712,2026-01-23 06:00:00,3259.0,size_fit,processed,bank_transfer
REF0004855,ORD0055666,A026713,2026-01-22 06:00:00,3458.0,size_fit,processed,original_payment
REF0004856,ORD0055668,A026713,2026-01-23 06:00:00,2838.0,size_fit,processed,bank_transfer
REF0004857,ORD0055669,A026714,2026-01-19 06:00:00,3368.0,size_fit,processed,wallet
REF0004858,ORD0055671,A026714,2026-01-23 06:00:00,3204.0,size_fit,processed,bank_transfer
REF0004859,ORD0055672,A026715,2026-01-22 06:00:00,3261.0,size_fit,processed,bank_transfer
REF0004860,ORD0055674,A026715,2026-01-21 06:00:00,2203.0,size_fit,processed,original_payment
REF0004861,ORD0055675,A026716,2026-01-21 06:00:00,2044.0,size_fit,processed,original_payment
REF0004862,ORD0055677,A026716,2026-01-24 06:00:00,2253.0,size_fit,processed,wallet
REF0004863,ORD0055678,A026717,2026-01-22 06:00:00,3684.0,size_fit,processed,original_payment
REF0004864,ORD0055680,A026717,2026-01-25 06:00:00,1633.0,size_fit,processed,wallet
REF0004865,ORD0055681,A026718,2026-01-20 06:00:00,2752.0,size_fit,processed,bank_transfer
REF0004866,ORD0055683,A026718,2026-01-24 06:00:00,3196.0,size_fit,processed,bank_transfer
REF0004867,ORD0055684,A026719,2026-01-21 06:00:00,3094.0,size_fit,processed,bank_transfer
REF0004868,ORD0055686,A026719,2026-01-23 06:00:00,2438.0,size_fit,processed,bank_transfer
REF0004869,ORD0055687,A026720,2026-01-20 06:00:00,2763.0,size_fit,processed,bank_transfer
REF0004870,ORD0055689,A026720,2026-01-23 06:00:00,3422.0,size_fit,processed,bank_transfer
REF0004871,ORD0055690,A026721,2026-01-21 06:00:00,1825.0,size_fit,processed,bank_transfer
REF0004872,ORD0055692,A026721,2026-01-23 06:00:00,1579.0,size_fit,processed,wallet
REF0004873,ORD0055693,A026722,2026-01-20 06:00:00,2923.0,size_fit,processed,original_payment
REF0004874,ORD0055695,A026722,2026-01-24 06:00:00,2746.0,size_fit,processed,original_payment
REF0004875,ORD0055696,A026723,2026-01-20 06:00:00,1787.0,size_fit,processed,bank_transfer
REF0004876,ORD0055698,A026723,2026-01-23 06:00:00,1951.0,size_fit,processed,original_payment
REF0004877,ORD0055699,A026724,2026-01-20 06:00:00,3590.0,size_fit,processed,wallet
REF0004878,ORD0055701,A026724,2026-01-24 06:00:00,3475.0,size_fit,processed,original_payment
REF0004879,ORD0055702,A026725,2026-01-21 06:00:00,3153.0,size_fit,processed,wallet
REF0004880,ORD0055704,A026725,2026-01-24 06:00:00,1795.0,size_fit,processed,bank_transfer
REF0004881,ORD0055705,A026726,2026-01-21 06:00:00,3210.0,size_fit,processed,bank_transfer
REF0004882,ORD0055707,A026726,2026-01-23 06:00:00,2042.0,size_fit,processed,wallet
REF0004883,ORD0055708,A026727,2026-01-22 06:00:00,3681.0,size_fit,processed,wallet
REF0004884,ORD0055710,A026727,2026-01-24 06:00:00,3982.0,size_fit,processed,bank_transfer
REF0004885,ORD0055711,A026728,2026-01-21 06:00:00,3402.0,size_fit,processed,original_payment
REF0004886,ORD0055713,A026728,2026-01-22 06:00:00,3075.0,size_fit,processed,bank_transfer
REF0004887,ORD0055714,A026729,2026-01-20 06:00:00,2286.0,size_fit,processed,bank_transfer
REF0004888,ORD0055716,A026729,2026-01-22 06:00:00,3751.0,size_fit,processed,wallet
REF0004889,ORD0055717,A026730,2026-01-22 06:00:00,1848.0,size_fit,processed,original_payment
REF0004890,ORD0055719,A026730,2026-01-21 06:00:00,1537.0,size_fit,processed,original_payment
REF0004891,ORD0055720,A026731,2026-01-21 06:00:00,3153.0,size_fit,processed,original_payment
REF0004892,ORD0055722,A026731,2026-01-23 06:00:00,2952.0,size_fit,processed,original_payment
REF0004893,ORD0055723,A026732,2026-01-21 06:00:00,3091.0,size_fit,processed,original_payment
REF0004894,ORD0055725,A026732,2026-01-25 06:00:00,2599.0,size_fit,processed,bank_transfer
REF0004895,ORD0055726,A026733,2026-01-20 06:00:00,2290.0,size_fit,processed,bank_transfer
REF0004896,ORD0055728,A026733,2026-01-22 06:00:00,2396.0,size_fit,processed,bank_transfer
REF0004897,ORD0055729,A026734,2026-01-22 06:00:00,2304.0,size_fit,processed,original_payment
REF0004898,ORD0055731,A026734,2026-01-24 06:00:00,1986.0,size_fit,processed,bank_transfer
REF0004899,ORD0055732,A026735,2026-01-22 06:00:00,3828.0,size_fit,processed,original_payment
REF0004900,ORD0055734,A026735,2026-01-23 06:00:00,2401.0,size_fit,processed,wallet
REF0004901,ORD0055735,A026736,2026-01-22 06:00:00,2165.0,size_fit,processed,bank_transfer
REF0004902,ORD0055737,A026736,2026-01-24 06:00:00,3348.0,size_fit,processed,wallet
REF0004903,ORD0055738,A026737,2026-01-21 06:00:00,1708.0,size_fit,processed,wallet
REF0004904,ORD0055740,A026737,2026-01-22 06:00:00,2654.0,size_fit,processed,bank_transfer
REF0004905,ORD0055741,A026738,2026-01-20 06:00:00,2800.0,size_fit,processed,bank_transfer
REF0004906,ORD0055743,A026738,2026-01-25 06:00:00,2934.0,size_fit,processed,bank_transfer
REF0004907,ORD0055744,A026739,2026-01-22 06:00:00,3773.0,size_fit,processed,original_payment
REF0004908,ORD0055746,A026739,2026-01-24 06:00:00,2411.0,size_fit,processed,wallet
REF0004909,ORD0055747,A026740,2026-01-20 06:00:00,1888.0,size_fit,processed,bank_transfer
REF0004910,ORD0055749,A026740,2026-01-24 06:00:00,3540.0,size_fit,processed,original_payment
REF0004911,ORD0055750,A026741,2026-01-22 06:00:00,1859.0,size_fit,processed,wallet
REF0004912,ORD0055752,A026741,2026-01-23 06:00:00,2142.0,size_fit,processed,bank_transfer
REF0004913,ORD0055753,A026742,2026-01-20 06:00:00,3335.0,size_fit,processed,bank_transfer
REF0004914,ORD0055755,A026742,2026-01-22 06:00:00,1586.0,size_fit,processed,original_payment
REF0004915,ORD0055756,A026743,2026-01-20 06:00:00,3855.0,size_fit,processed,bank_transfer
REF0004916,ORD0055758,A026743,2026-01-23 06:00:00,3859.0,size_fit,processed,wallet
REF0004917,ORD0055759,A026744,2026-01-20 06:00:00,2096.0,size_fit,processed,original_payment
REF0004918,ORD0055761,A026744,2026-01-21 06:00:00,2043.0,size_fit,processed,bank_transfer
REF0004919,ORD0055762,A026745,2026-01-20 06:00:00,3325.0,size_fit,processed,wallet
REF0004920,ORD0055764,A026745,2026-01-21 06:00:00,2653.0,size_fit,processed,original_payment
REF0004921,ORD0055765,A026746,2026-01-21 06:00:00,3664.0,size_fit,processed,wallet
REF0004922,ORD0055767,A026746,2026-01-22 06:00:00,2475.0,size_fit,processed,original_payment
REF0004923,ORD0055768,A026747,2026-01-19 06:00:00,3304.0,size_fit,processed,bank_transfer
REF0004924,ORD0055770,A026747,2026-01-22 06:00:00,3192.0,size_fit,processed,original_payment
REF0004925,ORD0055771,A026748,2026-01-20 06:00:00,2718.0,size_fit,processed,wallet
REF0004926,ORD0055773,A026748,2026-01-22 06:00:00,2341.0,size_fit,processed,bank_transfer
REF0004927,ORD0055774,A026749,2026-01-21 06:00:00,2069.0,size_fit,processed,wallet
REF0004928,ORD0055776,A026749,2026-01-24 06:00:00,3365.0,size_fit,processed,wallet
REF0004929,ORD0055777,A026750,2026-01-22 06:00:00,2231.0,size_fit,processed,wallet
REF0004930,ORD0055779,A026750,2026-01-22 06:00:00,3264.0,size_fit,processed,bank_transfer
REF0004931,ORD0055780,A026751,2026-01-21 06:00:00,3347.0,size_fit,processed,wallet
REF0004932,ORD0055782,A026751,2026-01-24 06:00:00,3905.0,size_fit,processed,wallet
REF0004933,ORD0055783,A026752,2026-01-22 06:00:00,3064.0,size_fit,processed,original_payment
REF0004934,ORD0055785,A026752,2026-01-23 06:00:00,2091.0,size_fit,processed,bank_transfer
REF0004935,ORD0055786,A026753,2026-01-21 06:00:00,1780.0,size_fit,processed,original_payment
REF0004936,ORD0055788,A026753,2026-01-25 06:00:00,3953.0,size_fit,processed,bank_transfer
REF0004937,ORD0055789,A026754,2026-01-20 06:00:00,2319.0,size_fit,processed,original_payment
REF0004938,ORD0055791,A026754,2026-01-23 06:00:00,2450.0,size_fit,processed,bank_transfer
REF0004939,ORD0055792,A026755,2026-01-22 06:00:00,2162.0,size_fit,processed,bank_transfer
REF0004940,ORD0055794,A026755,2026-01-24 06:00:00,3481.0,size_fit,processed,bank_transfer
REF0004941,ORD0055795,A026756,2026-01-21 06:00:00,2401.0,size_fit,processed,wallet
REF0004942,ORD0055797,A026756,2026-01-23 06:00:00,3146.0,size_fit,processed,bank_transfer
REF0004943,ORD0055798,A026757,2026-01-20 06:00:00,3907.0,size_fit,processed,wallet
REF0004944,ORD0055800,A026757,2026-01-24 06:00:00,2677.0,size_fit,processed,wallet
REF0004945,ORD0055801,A026758,2026-01-22 06:00:00,2357.0,size_fit,processed,original_payment
REF0004946,ORD0055803,A026758,2026-01-23 06:00:00,2302.0,size_fit,processed,original_payment
REF0004947,ORD0055804,A026759,2026-01-21 06:00:00,3012.0,size_fit,processed,bank_transfer
REF0004948,ORD0055806,A026759,2026-01-25 06:00:00,1782.0,size_fit,processed,wallet
REF0004949,ORD0055807,A026760,2026-01-23 06:00:00,2674.0,size_fit,processed,bank_transfer
REF0004950,ORD0055809,A026760,2026-01-23 06:00:00,2256.0,size_fit,processed,wallet
REF0004951,ORD0055810,A026761,2026-01-20 06:00:00,3261.0,size_fit,processed,wallet
REF0004952,ORD0055812,A026761,2026-01-21 06:00:00,3640.0,size_fit,processed,wallet
REF0004953,ORD0055813,A026762,2026-01-21 06:00:00,3979.0,size_fit,processed,original_payment
REF0004954,ORD0055815,A026762,2026-01-22 06:00:00,1986.0,size_fit,processed,original_payment
REF0004955,ORD0055816,A026763,2026-01-21 06:00:00,1957.0,size_fit,processed,wallet
REF0004956,ORD0055818,A026763,2026-01-25 06:00:00,3665.0,size_fit,processed,bank_transfer
REF0004957,ORD0055819,A026764,2026-01-23 06:00:00,1753.0,size_fit,processed,bank_transfer
REF0004958,ORD0055821,A026764,2026-01-21 06:00:00,2772.0,size_fit,processed,original_payment
REF0004959,ORD0055822,A026765,2026-01-21 06:00:00,2576.0,size_fit,processed,wallet
REF0004960,ORD0055824,A026765,2026-01-24 06:00:00,3609.0,size_fit,processed,wallet
REF0004961,ORD0055825,A026766,2026-01-19 06:00:00,2900.0,size_fit,processed,wallet
REF0004962,ORD0055827,A026766,2026-01-21 06:00:00,3435.0,size_fit,processed,bank_transfer
REF0004963,ORD0055828,A026767,2026-01-19 06:00:00,1819.0,size_fit,processed,bank_transfer
REF0004964,ORD0055830,A026767,2026-01-22 06:00:00,2206.0,size_fit,processed,wallet
REF0004965,ORD0055831,A026768,2026-01-21 06:00:00,2801.0,size_fit,processed,bank_transfer
REF0004966,ORD0055833,A026768,2026-01-22 06:00:00,3687.0,size_fit,processed,bank_transfer
REF0004967,ORD0055834,A026769,2026-01-20 06:00:00,2438.0,size_fit,processed,wallet
REF0004968,ORD0055836,A026769,2026-01-24 06:00:00,2551.0,size_fit,processed,original_payment
REF0004969,ORD0055837,A026770,2026-01-22 06:00:00,1510.0,size_fit,processed,wallet
REF0004970,ORD0055839,A026770,2026-01-22 06:00:00,3287.0,size_fit,processed,original_payment
REF0004971,ORD0055840,A026771,2026-01-19 06:00:00,3336.0,size_fit,processed,wallet
REF0004972,ORD0055842,A026771,2026-01-24 06:00:00,2767.0,size_fit,processed,wallet
REF0004973,ORD0055843,A026772,2026-01-20 06:00:00,3957.0,size_fit,processed,original_payment
REF0004974,ORD0055845,A026772,2026-01-23 06:00:00,3467.0,size_fit,processed,bank_transfer
REF0004975,ORD0055846,A026773,2026-01-21 06:00:00,1576.0,size_fit,processed,original_payment
REF0004976,ORD0055848,A026773,2026-01-24 06:00:00,3255.0,size_fit,processed,wallet
REF0004977,ORD0055849,A026774,2026-01-21 06:00:00,1710.0,size_fit,processed,original_payment
REF0004978,ORD0055851,A026774,2026-01-24 06:00:00,2850.0,size_fit,processed,bank_transfer
REF0004979,ORD0055852,A026775,2026-01-21 06:00:00,1824.0,size_fit,processed,wallet
REF0004980,ORD0055854,A026775,2026-01-24 06:00:00,2547.0,size_fit,processed,bank_transfer
REF0004981,ORD0055855,A026776,2026-01-22 06:00:00,3716.0,size_fit,processed,wallet
REF0004982,ORD0055857,A026776,2026-01-22 06:00:00,3943.0,size_fit,processed,wallet
REF0004983,ORD0055858,A026777,2026-01-21 06:00:00,1933.0,size_fit,processed,wallet
REF0004984,ORD0055860,A026777,2026-01-25 06:00:00,2912.0,size_fit,processed,bank_transfer
REF0004985,ORD0055861,A026778,2026-01-21 06:00:00,3155.0,size_fit,processed,original_payment
REF0004986,ORD0055863,A026778,2026-01-23 06:00:00,3433.0,size_fit,processed,original_payment
REF0004987,ORD0055864,A026779,2026-01-21 06:00:00,3737.0,size_fit,processed,original_payment
REF0004988,ORD0055866,A026779,2026-01-21 06:00:00,2390.0,size_fit,processed,bank_transfer
REF0004989,ORD0055867,A026780,2026-01-22 06:00:00,2504.0,size_fit,processed,wallet
REF0004990,ORD0055869,A026780,2026-01-23 06:00:00,2583.0,size_fit,processed,wallet
REF0004991,ORD0055870,A026781,2026-01-22 06:00:00,2211.0,size_fit,processed,bank_transfer
REF0004992,ORD0055872,A026781,2026-01-22 06:00:00,1845.0,size_fit,processed,bank_transfer
REF0004993,ORD0055873,A026782,2026-01-22 06:00:00,2015.0,size_fit,processed,original_payment
REF0004994,ORD0055875,A026782,2026-01-23 06:00:00,3837.0,size_fit,processed,wallet
REF0004995,ORD0055876,A026783,2026-01-19 06:00:00,2882.0,size_fit,processed,wallet
REF0004996,ORD0055878,A026783,2026-01-24 06:00:00,3870.0,size_fit,processed,original_payment
REF0004997,ORD0055879,A026784,2026-01-22 06:00:00,2856.0,size_fit,processed,wallet
REF0004998,ORD0055881,A026784,2026-01-22 06:00:00,2442.0,size_fit,processed,bank_transfer
REF0004999,ORD0055882,A026785,2026-01-20 06:00:00,1737.0,size_fit,processed,bank_transfer
REF0005000,ORD0055884,A026785,2026-01-21 06:00:00,2011.0,size_fit,processed,wallet
REF0005001,ORD0055885,A026786,2026-01-19 06:00:00,1563.0,size_fit,processed,wallet
REF0005002,ORD0055887,A026786,2026-01-23 06:00:00,2458.0,size_fit,processed,original_payment
REF0005003,ORD0055888,A026787,2026-01-20 06:00:00,2983.0,size_fit,processed,wallet
REF0005004,ORD0055890,A026787,2026-01-21 06:00:00,1742.0,size_fit,processed,wallet
REF0005005,ORD0055891,A026788,2026-01-23 06:00:00,2868.0,size_fit,processed,original_payment
REF0005006,ORD0055893,A026788,2026-01-25 06:00:00,3965.0,size_fit,processed,wallet
REF0005007,ORD0055894,A026789,2026-01-23 06:00:00,3006.0,size_fit,processed,original_payment
REF0005008,ORD0055896,A026789,2026-01-22 06:00:00,3107.0,size_fit,processed,original_payment
REF0005009,ORD0055897,A026790,2026-01-21 06:00:00,3867.0,size_fit,processed,original_payment
REF0005010,ORD0055899,A026790,2026-01-21 06:00:00,3167.0,size_fit,processed,bank_transfer
REF0005011,ORD0055900,A026791,2026-01-20 06:00:00,2535.0,size_fit,processed,bank_transfer
REF0005012,ORD0055902,A026791,2026-01-23 06:00:00,3091.0,size_fit,processed,bank_transfer
REF0005013,ORD0055903,A026792,2026-01-21 06:00:00,2926.0,size_fit,processed,original_payment
REF0005014,ORD0055905,A026792,2026-01-21 06:00:00,1717.0,size_fit,processed,bank_transfer
REF0005015,ORD0055906,A026793,2026-01-20 06:00:00,2666.0,size_fit,processed,original_payment
REF0005016,ORD0055908,A026793,2026-01-23 06:00:00,3711.0,size_fit,processed,wallet
REF0005017,ORD0055909,A026794,2026-01-21 06:00:00,3068.0,size_fit,processed,wallet
REF0005018,ORD0055911,A026794,2026-01-23 06:00:00,3896.0,size_fit,processed,bank_transfer
REF0005019,ORD0055912,A026795,2026-01-20 06:00:00,1770.0,size_fit,processed,original_payment
REF0005020,ORD0055914,A026795,2026-01-24 06:00:00,3097.0,size_fit,processed,wallet
REF0005021,ORD0055915,A026796,2026-01-19 06:00:00,3643.0,size_fit,processed,wallet
REF0005022,ORD0055917,A026796,2026-01-21 06:00:00,2027.0,size_fit,processed,original_payment
REF0005023,ORD0055918,A026797,2026-01-20 06:00:00,1567.0,size_fit,processed,bank_transfer
REF0005024,ORD0055920,A026797,2026-01-25 06:00:00,3186.0,size_fit,processed,original_payment
REF0005025,ORD0055921,A026798,2026-01-20 06:00:00,1787.0,size_fit,processed,bank_transfer
REF0005026,ORD0055923,A026798,2026-01-21 06:00:00,3120.0,size_fit,processed,original_payment
REF0005027,ORD0055924,A026799,2026-01-22 06:00:00,2709.0,size_fit,processed,original_payment
REF0005028,ORD0055926,A026799,2026-01-22 06:00:00,1850.0,size_fit,processed,wallet
REF0005029,ORD0055927,A026800,2026-01-23 06:00:00,2114.0,size_fit,processed,bank_transfer
REF0005030,ORD0055929,A026800,2026-01-23 06:00:00,1526.0,size_fit,processed,original_payment
REF0005031,ORD0055930,A026801,2026-01-19 06:00:00,3361.0,size_fit,processed,original_payment
REF0005032,ORD0055932,A026801,2026-01-23 06:00:00,1862.0,size_fit,processed,original_payment
REF0005033,ORD0055933,A026802,2026-01-21 06:00:00,1658.0,size_fit,processed,bank_transfer
REF0005034,ORD0055935,A026802,2026-01-24 06:00:00,3974.0,size_fit,processed,bank_transfer
REF0005035,ORD0055936,A026803,2026-01-21 06:00:00,3995.0,size_fit,processed,wallet
REF0005036,ORD0055938,A026803,2026-01-23 06:00:00,1743.0,size_fit,processed,wallet
REF0005037,ORD0055939,A026804,2026-01-22 06:00:00,1953.0,size_fit,processed,wallet
REF0005038,ORD0055941,A026804,2026-01-22 06:00:00,2873.0,size_fit,processed,bank_transfer
REF0005039,ORD0055942,A026805,2026-01-20 06:00:00,3570.0,size_fit,processed,original_payment
REF0005040,ORD0055944,A026805,2026-01-22 06:00:00,2766.0,size_fit,processed,bank_transfer
REF0005041,ORD0055945,A026806,2026-01-22 06:00:00,3237.0,size_fit,processed,bank_transfer
REF0005042,ORD0055947,A026806,2026-01-21 06:00:00,2220.0,size_fit,processed,bank_transfer
REF0005043,ORD0055948,A026807,2026-01-21 06:00:00,3804.0,size_fit,processed,bank_transfer
REF0005044,ORD0055950,A026807,2026-01-24 06:00:00,3331.0,size_fit,processed,bank_transfer
REF0005045,ORD0055951,A026808,2026-01-20 06:00:00,2061.0,size_fit,processed,wallet
REF0005046,ORD0055953,A026808,2026-01-24 06:00:00,2614.0,size_fit,processed,bank_transfer
REF0005047,ORD0055954,A026809,2026-01-20 06:00:00,2327.0,size_fit,processed,original_payment
REF0005048,ORD0055956,A026809,2026-01-25 06:00:00,2928.0,size_fit,processed,wallet
REF0005049,ORD0055957,A026810,2026-01-23 06:00:00,1865.0,size_fit,processed,wallet
REF0005050,ORD0055959,A026810,2026-01-25 06:00:00,3739.0,size_fit,processed,original_payment
REF0005051,ORD0055960,A026811,2026-01-20 06:00:00,1639.0,size_fit,processed,original_payment
REF0005052,ORD0055962,A026811,2026-01-21 06:00:00,3502.0,size_fit,processed,bank_transfer
REF0005053,ORD0055963,A026812,2026-01-20 06:00:00,2564.0,size_fit,processed,original_payment
REF0005054,ORD0055965,A026812,2026-01-23 06:00:00,2851.0,size_fit,processed,wallet
REF0005055,ORD0055966,A026813,2026-01-21 06:00:00,2821.0,size_fit,processed,bank_transfer
REF0005056,ORD0055968,A026813,2026-01-25 06:00:00,3914.0,size_fit,processed,wallet
REF0005057,ORD0055969,A026814,2026-01-22 06:00:00,3916.0,size_fit,processed,bank_transfer
REF0005058,ORD0055971,A026814,2026-01-23 06:00:00,1683.0,size_fit,processed,bank_transfer
REF0005059,ORD0055972,A026815,2026-01-21 06:00:00,1793.0,size_fit,processed,wallet
REF0005060,ORD0055974,A026815,2026-01-25 06:00:00,1569.0,size_fit,processed,bank_transfer
REF0005061,ORD0055975,A026816,2026-01-23 06:00:00,3642.0,size_fit,processed,bank_transfer
REF0005062,ORD0055977,A026816,2026-01-21 06:00:00,1519.0,size_fit,processed,bank_transfer
REF0005063,ORD0055978,A026817,2026-01-21 06:00:00,3758.0,size_fit,processed,original_payment
REF0005064,ORD0055980,A026817,2026-01-22 06:00:00,2662.0,size_fit,processed,wallet
REF0005065,ORD0055981,A026818,2026-01-21 06:00:00,1788.0,size_fit,processed,wallet
REF0005066,ORD0055983,A026818,2026-01-21 06:00:00,2750.0,size_fit,processed,wallet
REF0005067,ORD0055984,A026819,2026-01-21 06:00:00,2579.0,size_fit,processed,original_payment
REF0005068,ORD0055986,A026819,2026-01-23 06:00:00,2510.0,size_fit,processed,bank_transfer
REF0005069,ORD0055987,A026820,2026-01-20 06:00:00,2161.0,size_fit,processed,original_payment
REF0005070,ORD0055989,A026820,2026-01-21 06:00:00,1717.0,size_fit,processed,original_payment
REF0005071,ORD0055990,A026821,2026-01-22 06:00:00,2269.0,size_fit,processed,bank_transfer
REF0005072,ORD0055992,A026821,2026-01-21 06:00:00,2100.0,size_fit,processed,bank_transfer
REF0005073,ORD0055993,A026822,2026-01-23 06:00:00,2441.0,size_fit,processed,bank_transfer
REF0005074,ORD0055995,A026822,2026-01-22 06:00:00,1512.0,size_fit,processed,wallet
REF0005075,ORD0055996,A026823,2026-01-20 06:00:00,2189.0,size_fit,processed,wallet
REF0005076,ORD0055998,A026823,2026-01-22 06:00:00,2459.0,size_fit,processed,wallet
REF0005077,ORD0055999,A026824,2026-01-23 06:00:00,3162.0,size_fit,processed,bank_transfer
REF0005078,ORD0056001,A026824,2026-01-21 06:00:00,3046.0,size_fit,processed,wallet
REF0005079,ORD0056002,A026825,2026-01-21 06:00:00,3743.0,size_fit,processed,wallet
REF0005080,ORD0056004,A026825,2026-01-22 06:00:00,3373.0,size_fit,processed,bank_transfer
REF0005081,ORD0056005,A026826,2026-01-21 06:00:00,1594.0,size_fit,processed,original_payment
REF0005082,ORD0056007,A026826,2026-01-22 06:00:00,3838.0,size_fit,processed,original_payment
REF0005083,ORD0056008,A026827,2026-01-21 06:00:00,2501.0,size_fit,processed,original_payment
REF0005084,ORD0056010,A026827,2026-01-23 06:00:00,3360.0,size_fit,processed,bank_transfer
REF0005085,ORD0056011,A026828,2026-01-20 06:00:00,1795.0,size_fit,processed,original_payment
REF0005086,ORD0056013,A026828,2026-01-24 06:00:00,2294.0,size_fit,processed,original_payment
REF0005087,ORD0056014,A026829,2026-01-20 06:00:00,1793.0,size_fit,processed,original_payment
REF0005088,ORD0056016,A026829,2026-01-23 06:00:00,2036.0,size_fit,processed,wallet
REF0005089,ORD0056017,A026830,2026-01-19 06:00:00,1802.0,size_fit,processed,original_payment
REF0005090,ORD0056019,A026830,2026-01-21 06:00:00,2865.0,size_fit,processed,bank_transfer
REF0005091,ORD0056020,A026831,2026-01-20 06:00:00,1946.0,size_fit,processed,wallet
REF0005092,ORD0056022,A026831,2026-01-23 06:00:00,3018.0,size_fit,processed,original_payment
REF0005093,ORD0056023,A026832,2026-01-19 06:00:00,3225.0,size_fit,processed,bank_transfer
REF0005094,ORD0056025,A026832,2026-01-25 06:00:00,2316.0,size_fit,processed,bank_transfer
REF0005095,ORD0056026,A026833,2026-01-22 06:00:00,2344.0,size_fit,processed,bank_transfer
REF0005096,ORD0056028,A026833,2026-01-23 06:00:00,1566.0,size_fit,processed,wallet
REF0005097,ORD0056029,A026834,2026-01-22 06:00:00,3780.0,size_fit,processed,original_payment
REF0005098,ORD0056031,A026834,2026-01-23 06:00:00,1953.0,size_fit,processed,original_payment
REF0005099,ORD0056032,A026835,2026-01-20 06:00:00,3220.0,size_fit,processed,bank_transfer
REF0005100,ORD0056034,A026835,2026-01-25 06:00:00,2061.0,size_fit,processed,bank_transfer
REF0005101,ORD0056035,A026836,2026-01-21 06:00:00,1925.0,size_fit,processed,wallet
REF0005102,ORD0056037,A026836,2026-01-24 06:00:00,2775.0,size_fit,processed,original_payment
REF0005103,ORD0056038,A026837,2026-01-20 06:00:00,2796.0,size_fit,processed,bank_transfer
REF0005104,ORD0056040,A026837,2026-01-23 06:00:00,3587.0,size_fit,processed,bank_transfer
REF0005105,ORD0056041,A026838,2026-01-21 06:00:00,3245.0,size_fit,processed,wallet
REF0005106,ORD0056043,A026838,2026-01-22 06:00:00,2681.0,size_fit,processed,original_payment
REF0005107,ORD0056044,A026839,2026-01-20 06:00:00,1918.0,size_fit,processed,wallet
REF0005108,ORD0056046,A026839,2026-01-21 06:00:00,2751.0,size_fit,processed,original_payment
REF0005109,ORD0056047,A026840,2026-01-21 06:00:00,1501.0,size_fit,processed,original_payment
REF0005110,ORD0056049,A026840,2026-01-25 06:00:00,1726.0,size_fit,processed,bank_transfer
REF0005111,ORD0056050,A026841,2026-01-20 06:00:00,3286.0,size_fit,processed,bank_transfer
REF0005112,ORD0056052,A026841,2026-01-25 06:00:00,3571.0,size_fit,processed,original_payment
REF0005113,ORD0056053,A026842,2026-01-22 06:00:00,1806.0,size_fit,processed,original_payment
REF0005114,ORD0056055,A026842,2026-01-22 06:00:00,2386.0,size_fit,processed,bank_transfer
REF0005115,ORD0056056,A026843,2026-01-21 06:00:00,1553.0,size_fit,processed,bank_transfer
REF0005116,ORD0056058,A026843,2026-01-21 06:00:00,2759.0,size_fit,processed,original_payment
REF0005117,ORD0056059,A026844,2026-01-23 06:00:00,3138.0,size_fit,processed,wallet
REF0005118,ORD0056061,A026844,2026-01-23 06:00:00,2322.0,size_fit,processed,wallet
REF0005119,ORD0056062,A026845,2026-01-20 06:00:00,3053.0,size_fit,processed,wallet
REF0005120,ORD0056064,A026845,2026-01-25 06:00:00,2868.0,size_fit,processed,original_payment
REF0005121,ORD0056065,A026846,2026-01-23 06:00:00,3085.0,size_fit,processed,original_payment
REF0005122,ORD0056067,A026846,2026-01-22 06:00:00,3992.0,size_fit,processed,wallet
REF0005123,ORD0056068,A026847,2026-01-22 06:00:00,3466.0,size_fit,processed,wallet
REF0005124,ORD0056070,A026847,2026-01-23 06:00:00,2835.0,size_fit,processed,original_payment
REF0005125,ORD0056071,A026848,2026-01-21 06:00:00,3161.0,size_fit,processed,original_payment
REF0005126,ORD0056073,A026848,2026-01-24 06:00:00,2656.0,size_fit,processed,original_payment
REF0005127,ORD0056074,A026849,2026-01-21 06:00:00,2115.0,size_fit,processed,bank_transfer
REF0005128,ORD0056076,A026849,2026-01-21 06:00:00,2211.0,size_fit,processed,bank_transfer
REF0005129,ORD0056077,A026850,2026-01-22 06:00:00,2073.0,size_fit,processed,wallet
REF0005130,ORD0056079,A026850,2026-01-21 06:00:00,2500.0,size_fit,processed,original_payment
REF0005131,ORD0056080,A026851,2026-01-22 06:00:00,1999.0,size_fit,processed,original_payment
REF0005132,ORD0056082,A026851,2026-01-24 06:00:00,3985.0,size_fit,processed,bank_transfer
REF0005133,ORD0056083,A026852,2026-01-19 06:00:00,3361.0,size_fit,processed,bank_transfer
REF0005134,ORD0056085,A026852,2026-01-22 06:00:00,1800.0,size_fit,processed,wallet
REF0005135,ORD0056086,A026853,2026-01-20 06:00:00,3049.0,size_fit,processed,bank_transfer
REF0005136,ORD0056088,A026853,2026-01-23 06:00:00,2433.0,size_fit,processed,wallet
REF0005137,ORD0056089,A026854,2026-01-23 06:00:00,1735.0,size_fit,processed,original_payment
REF0005138,ORD0056091,A026854,2026-01-24 06:00:00,3156.0,size_fit,processed,bank_transfer
REF0005139,ORD0056092,A026855,2026-01-20 06:00:00,3477.0,size_fit,processed,bank_transfer
REF0005140,ORD0056094,A026855,2026-01-24 06:00:00,1529.0,size_fit,processed,bank_transfer
REF0005141,ORD0056095,A026856,2026-01-22 06:00:00,3580.0,size_fit,processed,bank_transfer
REF0005142,ORD0056097,A026856,2026-01-23 06:00:00,2895.0,size_fit,processed,original_payment
REF0005143,ORD0056098,A026857,2026-01-22 06:00:00,2466.0,size_fit,processed,bank_transfer
REF0005144,ORD0056100,A026857,2026-01-23 06:00:00,2273.0,size_fit,processed,bank_transfer
REF0005145,ORD0056101,A026858,2026-01-20 06:00:00,3278.0,size_fit,processed,wallet
REF0005146,ORD0056103,A026858,2026-01-22 06:00:00,3254.0,size_fit,processed,wallet
REF0005147,ORD0056104,A026859,2026-01-20 06:00:00,2870.0,size_fit,processed,original_payment
REF0005148,ORD0056106,A026859,2026-01-21 06:00:00,2772.0,size_fit,processed,wallet
REF0005149,ORD0056107,A026860,2026-01-22 06:00:00,3087.0,size_fit,processed,wallet
REF0005150,ORD0056109,A026860,2026-01-25 06:00:00,2824.0,size_fit,processed,bank_transfer
REF0005151,ORD0056110,A026861,2026-01-19 06:00:00,2971.0,size_fit,processed,original_payment
REF0005152,ORD0056112,A026861,2026-01-21 06:00:00,3814.0,size_fit,processed,original_payment
REF0005153,ORD0056113,A026862,2026-01-23 06:00:00,3378.0,size_fit,processed,bank_transfer
REF0005154,ORD0056115,A026862,2026-01-24 06:00:00,3142.0,size_fit,processed,wallet
REF0005155,ORD0056116,A026863,2026-01-22 06:00:00,2292.0,size_fit,processed,original_payment
REF0005156,ORD0056118,A026863,2026-01-23 06:00:00,2748.0,size_fit,processed,bank_transfer
REF0005157,ORD0056119,A026864,2026-01-20 06:00:00,3090.0,size_fit,processed,original_payment
REF0005158,ORD0056121,A026864,2026-01-24 06:00:00,1588.0,size_fit,processed,bank_transfer
REF0005159,ORD0056122,A026865,2026-01-22 06:00:00,3521.0,size_fit,processed,original_payment
REF0005160,ORD0056124,A026865,2026-01-24 06:00:00,1534.0,size_fit,processed,original_payment
REF0005161,ORD0056125,A026866,2026-01-23 06:00:00,2710.0,size_fit,processed,original_payment
REF0005162,ORD0056127,A026866,2026-01-23 06:00:00,2205.0,size_fit,processed,bank_transfer
REF0005163,ORD0056128,A026867,2026-01-20 06:00:00,2244.0,size_fit,processed,bank_transfer
REF0005164,ORD0056130,A026867,2026-01-22 06:00:00,3768.0,size_fit,processed,wallet
REF0005165,ORD0056131,A026868,2026-01-20 06:00:00,2892.0,size_fit,processed,original_payment
REF0005166,ORD0056133,A026868,2026-01-24 06:00:00,3038.0,size_fit,processed,bank_transfer
REF0005167,ORD0056134,A026869,2026-01-21 06:00:00,1824.0,size_fit,processed,bank_transfer
REF0005168,ORD0056136,A026869,2026-01-25 06:00:00,3242.0,size_fit,processed,original_payment
REF0005169,ORD0056137,A026870,2026-01-19 06:00:00,1758.0,size_fit,processed,bank_transfer
REF0005170,ORD0056139,A026870,2026-01-23 06:00:00,1788.0,size_fit,processed,bank_transfer
REF0005171,ORD0056140,A026871,2026-01-20 06:00:00,2481.0,size_fit,processed,original_payment
REF0005172,ORD0056142,A026871,2026-01-24 06:00:00,3427.0,size_fit,processed,original_payment
REF0005173,ORD0056143,A026872,2026-01-21 06:00:00,2317.0,size_fit,processed,bank_transfer
REF0005174,ORD0056145,A026872,2026-01-23 06:00:00,2210.0,size_fit,processed,original_payment
REF0005175,ORD0056146,A026873,2026-01-19 06:00:00,2592.0,size_fit,processed,bank_transfer
REF0005176,ORD0056148,A026873,2026-01-22 06:00:00,3857.0,size_fit,processed,original_payment
REF0005177,ORD0056149,A026874,2026-01-19 06:00:00,2061.0,size_fit,processed,wallet
REF0005178,ORD0056151,A026874,2026-01-21 06:00:00,2443.0,size_fit,processed,wallet
REF0005179,ORD0056152,A026875,2026-01-22 06:00:00,2209.0,size_fit,processed,bank_transfer
REF0005180,ORD0056154,A026875,2026-01-23 06:00:00,1766.0,size_fit,processed,wallet
REF0005181,ORD0056155,A026876,2026-01-22 06:00:00,3338.0,size_fit,processed,original_payment
REF0005182,ORD0056157,A026876,2026-01-23 06:00:00,3887.0,size_fit,processed,bank_transfer
REF0005183,ORD0056158,A026877,2026-01-20 06:00:00,3176.0,size_fit,processed,bank_transfer
REF0005184,ORD0056160,A026877,2026-01-21 06:00:00,1521.0,size_fit,processed,wallet
REF0005185,ORD0056161,A026878,2026-01-19 06:00:00,3743.0,size_fit,processed,bank_transfer
REF0005186,ORD0056163,A026878,2026-01-22 06:00:00,2607.0,size_fit,processed,bank_transfer
REF0005187,ORD0056164,A026879,2026-01-21 06:00:00,3766.0,size_fit,processed,wallet
REF0005188,ORD0056166,A026879,2026-01-23 06:00:00,2901.0,size_fit,processed,original_payment
REF0005189,ORD0056167,A026880,2026-01-22 06:00:00,3765.0,size_fit,processed,original_payment
REF0005190,ORD0056169,A026880,2026-01-22 06:00:00,1873.0,size_fit,processed,original_payment
REF0005191,ORD0056170,A026881,2026-01-21 06:00:00,2104.0,size_fit,processed,wallet
REF0005192,ORD0056172,A026881,2026-01-24 06:00:00,1722.0,size_fit,processed,wallet
REF0005193,ORD0056173,A026882,2026-01-21 06:00:00,3024.0,size_fit,processed,bank_transfer
REF0005194,ORD0056175,A026882,2026-01-23 06:00:00,2437.0,size_fit,processed,bank_transfer
REF0005195,ORD0056176,A026883,2026-01-19 06:00:00,2843.0,size_fit,processed,wallet
REF0005196,ORD0056178,A026883,2026-01-22 06:00:00,1797.0,size_fit,processed,original_payment
REF0005197,ORD0056179,A026884,2026-01-22 06:00:00,1747.0,size_fit,processed,bank_transfer
REF0005198,ORD0056181,A026884,2026-01-25 06:00:00,1626.0,size_fit,processed,wallet
REF0005199,ORD0056182,A026885,2026-01-21 06:00:00,3096.0,size_fit,processed,original_payment
REF0005200,ORD0056184,A026885,2026-01-22 06:00:00,2778.0,size_fit,processed,bank_transfer
REF0005201,ORD0056185,A026886,2026-01-21 06:00:00,2543.0,size_fit,processed,bank_transfer
REF0005202,ORD0056187,A026886,2026-01-23 06:00:00,1948.0,size_fit,processed,wallet
REF0005203,ORD0056188,A026887,2026-01-22 06:00:00,1612.0,size_fit,processed,wallet
REF0005204,ORD0056190,A026887,2026-01-23 06:00:00,3294.0,size_fit,processed,wallet
REF0005205,ORD0056191,A026888,2026-01-20 06:00:00,3345.0,size_fit,processed,original_payment
REF0005206,ORD0056193,A026888,2026-01-23 06:00:00,1759.0,size_fit,processed,bank_transfer
REF0005207,ORD0056194,A026889,2026-01-23 06:00:00,3709.0,size_fit,processed,original_payment
REF0005208,ORD0056196,A026889,2026-01-21 06:00:00,3552.0,size_fit,processed,original_payment
REF0005209,ORD0056197,A026890,2026-01-19 06:00:00,1508.0,size_fit,processed,wallet
REF0005210,ORD0056199,A026890,2026-01-22 06:00:00,2008.0,size_fit,processed,original_payment
REF0005211,ORD0056200,A026891,2026-01-21 06:00:00,3065.0,size_fit,processed,original_payment
REF0005212,ORD0056202,A026891,2026-01-25 06:00:00,3955.0,size_fit,processed,wallet
REF0005213,ORD0056203,A026892,2026-01-20 06:00:00,3720.0,size_fit,processed,wallet
REF0005214,ORD0056205,A026892,2026-01-24 06:00:00,3444.0,size_fit,processed,original_payment
REF0005215,ORD0056206,A026893,2026-01-21 06:00:00,3592.0,size_fit,processed,bank_transfer
REF0005216,ORD0056208,A026893,2026-01-21 06:00:00,2682.0,size_fit,processed,original_payment
REF0005217,ORD0056209,A026894,2026-01-22 06:00:00,3629.0,size_fit,processed,original_payment
REF0005218,ORD0056211,A026894,2026-01-21 06:00:00,2598.0,size_fit,processed,bank_transfer
REF0005219,ORD0056212,A026895,2026-01-22 06:00:00,3578.0,size_fit,processed,bank_transfer
REF0005220,ORD0056214,A026895,2026-01-24 06:00:00,3610.0,size_fit,processed,original_payment
REF0005221,ORD0056215,A026896,2026-01-21 06:00:00,3725.0,size_fit,processed,original_payment
REF0005222,ORD0056217,A026896,2026-01-21 06:00:00,2820.0,size_fit,processed,wallet
REF0005223,ORD0056218,A026897,2026-01-20 06:00:00,3542.0,size_fit,processed,bank_transfer
REF0005224,ORD0056220,A026897,2026-01-24 06:00:00,3348.0,size_fit,processed,original_payment
REF0005225,ORD0056221,A026898,2026-01-21 06:00:00,2932.0,size_fit,processed,original_payment
REF0005226,ORD0056223,A026898,2026-01-24 06:00:00,2388.0,size_fit,processed,original_payment
REF0005227,ORD0056224,A026899,2026-01-19 06:00:00,1951.0,size_fit,processed,bank_transfer
REF0005228,ORD0056226,A026899,2026-01-23 06:00:00,2721.0,size_fit,processed,original_payment
REF0005229,ORD0056227,A026900,2026-01-20 06:00:00,2365.0,size_fit,processed,bank_transfer
REF0005230,ORD0056229,A026900,2026-01-24 06:00:00,1945.0,size_fit,processed,bank_transfer
REF0005231,ORD0056230,A026901,2026-01-20 06:00:00,2374.0,size_fit,processed,bank_transfer
REF0005232,ORD0056232,A026901,2026-01-22 06:00:00,2089.0,size_fit,processed,original_payment
REF0005233,ORD0056233,A026902,2026-01-22 06:00:00,3612.0,size_fit,processed,bank_transfer
REF0005234,ORD0056235,A026902,2026-01-22 06:00:00,2684.0,size_fit,processed,bank_transfer
REF0005235,ORD0056236,A026903,2026-01-22 06:00:00,2170.0,size_fit,processed,bank_transfer
REF0005236,ORD0056238,A026903,2026-01-23 06:00:00,3939.0,size_fit,processed,bank_transfer
REF0005237,ORD0056239,A026904,2026-01-20 06:00:00,2861.0,size_fit,processed,bank_transfer
REF0005238,ORD0056241,A026904,2026-01-24 06:00:00,2266.0,size_fit,processed,wallet
REF0005239,ORD0056242,A026905,2026-01-21 06:00:00,2078.0,size_fit,processed,original_payment
REF0005240,ORD0056244,A026905,2026-01-22 06:00:00,2713.0,size_fit,processed,original_payment
REF0005241,ORD0056245,A026906,2026-01-21 06:00:00,2851.0,size_fit,processed,wallet
REF0005242,ORD0056247,A026906,2026-01-23 06:00:00,2822.0,size_fit,processed,original_payment
REF0005243,ORD0056248,A026907,2026-01-22 06:00:00,1644.0,size_fit,processed,original_payment
REF0005244,ORD0056250,A026907,2026-01-22 06:00:00,1548.0,size_fit,processed,original_payment
REF0005245,ORD0056251,A026908,2026-01-20 06:00:00,2913.0,size_fit,processed,original_payment
REF0005246,ORD0056253,A026908,2026-01-22 06:00:00,2910.0,size_fit,processed,original_payment
REF0005247,ORD0056254,A026909,2026-01-21 06:00:00,2549.0,size_fit,processed,bank_transfer
REF0005248,ORD0056256,A026909,2026-01-24 06:00:00,3088.0,size_fit,processed,bank_transfer
REF0005249,ORD0056257,A026910,2026-01-21 06:00:00,3833.0,size_fit,processed,wallet
REF0005250,ORD0056259,A026910,2026-01-23 06:00:00,3187.0,size_fit,processed,bank_transfer
REF0005251,ORD0056260,A026911,2026-01-22 06:00:00,3253.0,size_fit,processed,bank_transfer
REF0005252,ORD0056262,A026911,2026-01-23 06:00:00,1882.0,size_fit,processed,wallet
REF0005253,ORD0056263,A026912,2026-01-22 06:00:00,3455.0,size_fit,processed,wallet
REF0005254,ORD0056265,A026912,2026-01-23 06:00:00,2698.0,size_fit,processed,bank_transfer
REF0005255,ORD0056266,A026913,2026-01-20 06:00:00,2292.0,size_fit,processed,wallet
REF0005256,ORD0056268,A026913,2026-01-23 06:00:00,2678.0,size_fit,processed,bank_transfer
REF0005257,ORD0056269,A026914,2026-01-20 06:00:00,1969.0,size_fit,processed,bank_transfer
REF0005258,ORD0056271,A026914,2026-01-23 06:00:00,3932.0,size_fit,processed,wallet
REF0005259,ORD0056272,A026915,2026-01-20 06:00:00,3776.0,size_fit,processed,original_payment
REF0005260,ORD0056274,A026915,2026-01-22 06:00:00,3066.0,size_fit,processed,original_payment
REF0005261,ORD0056275,A026916,2026-01-21 06:00:00,2077.0,size_fit,processed,wallet
REF0005262,ORD0056277,A026916,2026-01-22 06:00:00,3869.0,size_fit,processed,bank_transfer
REF0005263,ORD0056278,A026917,2026-01-22 06:00:00,3866.0,size_fit,processed,wallet
REF0005264,ORD0056280,A026917,2026-01-23 06:00:00,3619.0,size_fit,processed,original_payment
REF0005265,ORD0056281,A026918,2026-01-21 06:00:00,3738.0,size_fit,processed,original_payment
REF0005266,ORD0056283,A026918,2026-01-23 06:00:00,1765.0,size_fit,processed,wallet
REF0005267,ORD0056284,A026919,2026-01-22 06:00:00,3411.0,size_fit,processed,bank_transfer
REF0005268,ORD0056286,A026919,2026-01-21 06:00:00,3154.0,size_fit,processed,bank_transfer
REF0005269,ORD0056287,A026920,2026-01-21 06:00:00,2459.0,size_fit,processed,original_payment
REF0005270,ORD0056289,A026920,2026-01-23 06:00:00,3220.0,size_fit,processed,bank_transfer
REF0005271,ORD0056290,A026921,2026-01-22 06:00:00,2187.0,size_fit,processed,bank_transfer
REF0005272,ORD0056292,A026921,2026-01-23 06:00:00,2709.0,size_fit,processed,wallet
REF0005273,ORD0056293,A026922,2026-01-22 06:00:00,1629.0,size_fit,processed,original_payment
REF0005274,ORD0056295,A026922,2026-01-23 06:00:00,3527.0,size_fit,processed,wallet
REF0005275,ORD0056296,A026923,2026-01-22 06:00:00,2100.0,size_fit,processed,original_payment
REF0005276,ORD0056298,A026923,2026-01-23 06:00:00,2625.0,size_fit,processed,wallet
REF0005277,ORD0056299,A026924,2026-01-21 06:00:00,2360.0,size_fit,processed,wallet
REF0005278,ORD0056301,A026924,2026-01-23 06:00:00,2998.0,size_fit,processed,bank_transfer
REF0005279,ORD0056302,A026925,2026-01-22 06:00:00,3619.0,size_fit,processed,wallet
REF0005280,ORD0056304,A026925,2026-01-23 06:00:00,2959.0,size_fit,processed,wallet
REF0005281,ORD0056305,A026926,2026-01-19 06:00:00,3456.0,size_fit,processed,original_payment
REF0005282,ORD0056307,A026926,2026-01-24 06:00:00,2718.0,size_fit,processed,bank_transfer
REF0005283,ORD0056308,A026927,2026-01-21 06:00:00,2633.0,size_fit,processed,wallet
REF0005284,ORD0056310,A026927,2026-01-21 06:00:00,3373.0,size_fit,processed,wallet
REF0005285,ORD0056311,A026928,2026-01-22 06:00:00,3905.0,size_fit,processed,wallet
REF0005286,ORD0056313,A026928,2026-01-22 06:00:00,3232.0,size_fit,processed,original_payment
REF0005287,ORD0056314,A026929,2026-01-21 06:00:00,2117.0,size_fit,processed,bank_transfer
REF0005288,ORD0056316,A026929,2026-01-23 06:00:00,3224.0,size_fit,processed,original_payment
REF0005289,ORD0056317,A026930,2026-01-21 06:00:00,2683.0,size_fit,processed,bank_transfer
REF0005290,ORD0056319,A026930,2026-01-23 06:00:00,3192.0,size_fit,processed,wallet
REF0005291,ORD0056320,A026931,2026-01-22 06:00:00,2872.0,size_fit,processed,wallet
REF0005292,ORD0056322,A026931,2026-01-23 06:00:00,2035.0,size_fit,processed,bank_transfer
REF0005293,ORD0056323,A026932,2026-01-20 06:00:00,2485.0,size_fit,processed,wallet
REF0005294,ORD0056325,A026932,2026-01-24 06:00:00,1859.0,size_fit,processed,original_payment
REF0005295,ORD0056326,A026933,2026-01-20 06:00:00,3193.0,size_fit,processed,wallet
REF0005296,ORD0056328,A026933,2026-01-25 06:00:00,1936.0,size_fit,processed,bank_transfer
REF0005297,ORD0056329,A026934,2026-01-21 06:00:00,2786.0,size_fit,processed,wallet
REF0005298,ORD0056331,A026934,2026-01-24 06:00:00,3140.0,size_fit,processed,original_payment
REF0005299,ORD0056332,A026935,2026-01-19 06:00:00,3346.0,size_fit,processed,wallet
REF0005300,ORD0056334,A026935,2026-01-23 06:00:00,2538.0,size_fit,processed,original_payment
REF0005301,ORD0056335,A026936,2026-01-21 06:00:00,3021.0,size_fit,processed,original_payment
REF0005302,ORD0056337,A026936,2026-01-23 06:00:00,3897.0,size_fit,processed,wallet
REF0005303,ORD0056338,A026937,2026-01-21 06:00:00,2452.0,size_fit,processed,bank_transfer
REF0005304,ORD0056340,A026937,2026-01-22 06:00:00,2069.0,size_fit,processed,bank_transfer
REF0005305,ORD0056341,A026938,2026-01-21 06:00:00,3400.0,size_fit,processed,wallet
REF0005306,ORD0056343,A026938,2026-01-24 06:00:00,3578.0,size_fit,processed,original_payment
REF0005307,ORD0056344,A026939,2026-01-22 06:00:00,3939.0,size_fit,processed,wallet
REF0005308,ORD0056346,A026939,2026-01-23 06:00:00,1986.0,size_fit,processed,original_payment
REF0005309,ORD0056347,A026940,2026-01-21 06:00:00,2255.0,size_fit,processed,original_payment
REF0005310,ORD0056349,A026940,2026-01-25 06:00:00,1520.0,size_fit,processed,bank_transfer
REF0005311,ORD0056350,A026941,2026-01-20 06:00:00,3966.0,size_fit,processed,bank_transfer
REF0005312,ORD0056352,A026941,2026-01-23 06:00:00,2092.0,size_fit,processed,wallet
REF0005313,ORD0056353,A026942,2026-01-23 06:00:00,2245.0,size_fit,processed,bank_transfer
REF0005314,ORD0056355,A026942,2026-01-23 06:00:00,1605.0,size_fit,processed,original_payment
REF0005315,ORD0056356,A026943,2026-01-21 06:00:00,3753.0,size_fit,processed,bank_transfer
REF0005316,ORD0056358,A026943,2026-01-25 06:00:00,3583.0,size_fit,processed,original_payment
REF0005317,ORD0056359,A026944,2026-01-22 06:00:00,2744.0,size_fit,processed,bank_transfer
REF0005318,ORD0056361,A026944,2026-01-22 06:00:00,1522.0,size_fit,processed,wallet
REF0005319,ORD0056362,A026945,2026-01-22 06:00:00,3023.0,size_fit,processed,bank_transfer
REF0005320,ORD0056364,A026945,2026-01-23 06:00:00,3244.0,size_fit,processed,original_payment
REF0005321,ORD0056365,A026946,2026-01-22 06:00:00,3254.0,size_fit,processed,bank_transfer
REF0005322,ORD0056367,A026946,2026-01-23 06:00:00,2563.0,size_fit,processed,original_payment
REF0005323,ORD0056368,A026947,2026-01-21 06:00:00,3132.0,size_fit,processed,bank_transfer
REF0005324,ORD0056370,A026947,2026-01-23 06:00:00,3489.0,size_fit,processed,original_payment
REF0005325,ORD0056371,A026948,2026-01-21 06:00:00,2713.0,size_fit,processed,wallet
REF0005326,ORD0056373,A026948,2026-01-24 06:00:00,2748.0,size_fit,processed,bank_transfer
REF0005327,ORD0056374,A026949,2026-01-22 06:00:00,3888.0,size_fit,processed,bank_transfer
REF0005328,ORD0056376,A026949,2026-01-25 06:00:00,3569.0,size_fit,processed,wallet
REF0005329,ORD0056377,A026950,2026-01-19 06:00:00,2776.0,size_fit,processed,bank_transfer
REF0005330,ORD0056379,A026950,2026-01-24 06:00:00,1705.0,size_fit,processed,bank_transfer
REF0005331,ORD0056380,A026951,2026-01-21 06:00:00,1789.0,size_fit,processed,bank_transfer
REF0005332,ORD0056382,A026951,2026-01-21 06:00:00,2519.0,size_fit,processed,bank_transfer
REF0005333,ORD0056383,A026952,2026-01-22 06:00:00,3951.0,size_fit,processed,wallet
REF0005334,ORD0056385,A026952,2026-01-23 06:00:00,2629.0,size_fit,processed,wallet
REF0005335,ORD0056386,A026953,2026-01-22 06:00:00,2353.0,size_fit,processed,original_payment
REF0005336,ORD0056388,A026953,2026-01-24 06:00:00,2769.0,size_fit,processed,bank_transfer
REF0005337,ORD0056389,A026954,2026-01-21 06:00:00,2198.0,size_fit,processed,wallet
REF0005338,ORD0056391,A026954,2026-01-24 06:00:00,2601.0,size_fit,processed,original_payment
REF0005339,ORD0056392,A026955,2026-01-22 06:00:00,1810.0,size_fit,processed,original_payment
REF0005340,ORD0056394,A026955,2026-01-23 06:00:00,1588.0,size_fit,processed,bank_transfer
REF0005341,ORD0056395,A026956,2026-01-22 06:00:00,2403.0,size_fit,processed,original_payment
REF0005342,ORD0056397,A026956,2026-01-23 06:00:00,3162.0,size_fit,processed,wallet
REF0005343,ORD0056398,A026957,2026-01-23 06:00:00,3612.0,size_fit,processed,bank_transfer
REF0005344,ORD0056400,A026957,2026-01-23 06:00:00,2742.0,size_fit,processed,wallet
REF0005345,ORD0056401,A026958,2026-01-23 06:00:00,2163.0,size_fit,processed,bank_transfer
REF0005346,ORD0056403,A026958,2026-01-23 06:00:00,3602.0,size_fit,processed,original_payment
REF0005347,ORD0056404,A026959,2026-01-22 06:00:00,2315.0,size_fit,processed,wallet
REF0005348,ORD0056406,A026959,2026-01-22 06:00:00,3215.0,size_fit,processed,wallet
REF0005349,ORD0056407,A026960,2026-01-21 06:00:00,2122.0,size_fit,processed,original_payment
REF0005350,ORD0056409,A026960,2026-01-23 06:00:00,1887.0,size_fit,processed,original_payment
REF0005351,ORD0056410,A026961,2026-01-19 06:00:00,3319.0,size_fit,processed,original_payment
REF0005352,ORD0056412,A026961,2026-01-22 06:00:00,3713.0,size_fit,processed,wallet
REF0005353,ORD0056413,A026962,2026-01-20 06:00:00,3054.0,size_fit,processed,bank_transfer
REF0005354,ORD0056415,A026962,2026-01-24 06:00:00,3827.0,size_fit,processed,wallet
REF0005355,ORD0056416,A026963,2026-01-19 06:00:00,3589.0,size_fit,processed,wallet
REF0005356,ORD0056418,A026963,2026-01-24 06:00:00,3540.0,size_fit,processed,original_payment
REF0005357,ORD0056419,A026964,2026-01-19 06:00:00,1958.0,size_fit,processed,bank_transfer
REF0005358,ORD0056421,A026964,2026-01-23 06:00:00,2489.0,size_fit,processed,wallet
REF0005359,ORD0056422,A026965,2026-01-21 06:00:00,2515.0,size_fit,processed,wallet
REF0005360,ORD0056424,A026965,2026-01-22 06:00:00,2227.0,size_fit,processed,original_payment
REF0005361,ORD0056425,A026966,2026-01-21 06:00:00,2963.0,size_fit,processed,wallet
REF0005362,ORD0056427,A026966,2026-01-22 06:00:00,3153.0,size_fit,processed,original_payment
REF0005363,ORD0056428,A026967,2026-01-22 06:00:00,3262.0,size_fit,processed,wallet
REF0005364,ORD0056430,A026967,2026-01-21 06:00:00,1760.0,size_fit,processed,bank_transfer
REF0005365,ORD0056431,A026968,2026-01-20 06:00:00,3226.0,size_fit,processed,original_payment
REF0005366,ORD0056433,A026968,2026-01-22 06:00:00,3831.0,size_fit,processed,wallet
REF0005367,ORD0056434,A026969,2026-01-19 06:00:00,3027.0,size_fit,processed,wallet
REF0005368,ORD0056436,A026969,2026-01-23 06:00:00,2362.0,size_fit,processed,original_payment
REF0005369,ORD0056437,A026970,2026-01-19 06:00:00,3088.0,size_fit,processed,original_payment
REF0005370,ORD0056439,A026970,2026-01-22 06:00:00,1527.0,size_fit,processed,bank_transfer
REF0005371,ORD0056440,A026971,2026-01-20 06:00:00,2608.0,size_fit,processed,bank_transfer
REF0005372,ORD0056442,A026971,2026-01-22 06:00:00,2551.0,size_fit,processed,bank_transfer
REF0005373,ORD0056443,A026972,2026-01-21 06:00:00,3076.0,size_fit,processed,bank_transfer
REF0005374,ORD0056445,A026972,2026-01-23 06:00:00,1836.0,size_fit,processed,wallet
REF0005375,ORD0056446,A026973,2026-01-22 06:00:00,2504.0,size_fit,processed,bank_transfer
REF0005376,ORD0056448,A026973,2026-01-21 06:00:00,1583.0,size_fit,processed,wallet
REF0005377,ORD0056449,A026974,2026-01-22 06:00:00,1867.0,size_fit,processed,original_payment
REF0005378,ORD0056451,A026974,2026-01-23 06:00:00,3052.0,size_fit,processed,original_payment
REF0005379,ORD0056452,A026975,2026-01-23 06:00:00,1802.0,size_fit,processed,bank_transfer
REF0005380,ORD0056454,A026975,2026-01-25 06:00:00,3642.0,size_fit,processed,original_payment
REF0005381,ORD0056455,A026976,2026-01-23 06:00:00,2802.0,size_fit,processed,wallet
REF0005382,ORD0056457,A026976,2026-01-23 06:00:00,3419.0,size_fit,processed,wallet
REF0005383,ORD0056458,A026977,2026-01-23 06:00:00,2002.0,size_fit,processed,bank_transfer
REF0005384,ORD0056460,A026977,2026-01-23 06:00:00,2247.0,size_fit,processed,bank_transfer
REF0005385,ORD0056461,A026978,2026-01-22 06:00:00,2281.0,size_fit,processed,wallet
REF0005386,ORD0056463,A026978,2026-01-21 06:00:00,3927.0,size_fit,processed,wallet
REF0005387,ORD0056464,A026979,2026-01-21 06:00:00,3862.0,size_fit,processed,wallet
REF0005388,ORD0056466,A026979,2026-01-22 06:00:00,2989.0,size_fit,processed,original_payment
REF0005389,ORD0056467,A026980,2026-01-21 06:00:00,2566.0,size_fit,processed,original_payment
REF0005390,ORD0056469,A026980,2026-01-21 06:00:00,1756.0,size_fit,processed,bank_transfer
REF0005391,ORD0056470,A026981,2026-01-20 06:00:00,3429.0,size_fit,processed,original_payment
REF0005392,ORD0056472,A026981,2026-01-24 06:00:00,2894.0,size_fit,processed,original_payment
REF0005393,ORD0056473,A026982,2026-01-22 06:00:00,3471.0,size_fit,processed,original_payment
REF0005394,ORD0056475,A026982,2026-01-24 06:00:00,3684.0,size_fit,processed,wallet
REF0005395,ORD0056476,A026983,2026-01-21 06:00:00,1912.0,size_fit,processed,bank_transfer
REF0005396,ORD0056478,A026983,2026-01-24 06:00:00,3823.0,size_fit,processed,wallet
REF0005397,ORD0056479,A026984,2026-01-22 06:00:00,3901.0,size_fit,processed,original_payment
REF0005398,ORD0056481,A026984,2026-01-21 06:00:00,2143.0,size_fit,processed,bank_transfer
REF0005399,ORD0056482,A026985,2026-01-23 06:00:00,1505.0,size_fit,processed,bank_transfer
REF0005400,ORD0056484,A026985,2026-01-23 06:00:00,3869.0,size_fit,processed,bank_transfer
REF0005401,ORD0056485,A026986,2026-01-23 06:00:00,1968.0,size_fit,processed,wallet
REF0005402,ORD0056487,A026986,2026-01-24 06:00:00,3491.0,size_fit,processed,wallet
REF0005403,ORD0056488,A026987,2026-01-20 06:00:00,2508.0,size_fit,processed,original_payment
REF0005404,ORD0056490,A026987,2026-01-25 06:00:00,3715.0,size_fit,processed,original_payment
REF0005405,ORD0056491,A026988,2026-01-21 06:00:00,2627.0,size_fit,processed,wallet
REF0005406,ORD0056493,A026988,2026-01-22 06:00:00,3769.0,size_fit,processed,bank_transfer
REF0005407,ORD0056494,A026989,2026-01-23 06:00:00,2419.0,size_fit,processed,bank_transfer
REF0005408,ORD0056496,A026989,2026-01-24 06:00:00,1794.0,size_fit,processed,wallet
REF0005409,ORD0056497,A026990,2026-01-21 06:00:00,3287.0,size_fit,processed,wallet
REF0005410,ORD0056499,A026990,2026-01-23 06:00:00,2535.0,size_fit,processed,original_payment
REF0005411,ORD0056500,A026991,2026-01-21 06:00:00,1905.0,size_fit,processed,bank_transfer
REF0005412,ORD0056502,A026991,2026-01-25 06:00:00,1602.0,size_fit,processed,wallet
REF0005413,ORD0056503,A026992,2026-01-21 06:00:00,3518.0,size_fit,processed,wallet
REF0005414,ORD0056505,A026992,2026-01-24 06:00:00,1593.0,size_fit,processed,wallet
REF0005415,ORD0056506,A026993,2026-01-21 06:00:00,3279.0,size_fit,processed,wallet
REF0005416,ORD0056508,A026993,2026-01-24 06:00:00,2791.0,size_fit,processed,wallet
REF0005417,ORD0056509,A026994,2026-01-23 06:00:00,3836.0,size_fit,processed,bank_transfer
REF0005418,ORD0056511,A026994,2026-01-22 06:00:00,2884.0,size_fit,processed,wallet
REF0005419,ORD0056512,A026995,2026-01-21 06:00:00,1808.0,size_fit,processed,wallet
REF0005420,ORD0056514,A026995,2026-01-24 06:00:00,2157.0,size_fit,processed,wallet
REF0005421,ORD0056515,A026996,2026-01-21 06:00:00,2796.0,size_fit,processed,bank_transfer
REF0005422,ORD0056517,A026996,2026-01-24 06:00:00,2507.0,size_fit,processed,wallet
REF0005423,ORD0056518,A026997,2026-01-21 06:00:00,3776.0,size_fit,processed,bank_transfer
REF0005424,ORD0056520,A026997,2026-01-23 06:00:00,3716.0,size_fit,processed,wallet
REF0005425,ORD0056521,A026998,2026-01-21 06:00:00,2412.0,size_fit,processed,wallet
REF0005426,ORD0056523,A026998,2026-01-23 06:00:00,2508.0,size_fit,processed,wallet
REF0005427,ORD0056524,A026999,2026-01-19 06:00:00,2704.0,size_fit,processed,wallet
REF0005428,ORD0056526,A026999,2026-01-21 06:00:00,2941.0,size_fit,processed,wallet
REF0005429,ORD0056527,A027000,2026-01-22 06:00:00,3746.0,size_fit,processed,original_payment
REF0005430,ORD0056529,A027000,2026-01-24 06:00:00,3019.0,size_fit,processed,bank_transfer
REF0005431,ORD0056530,A027001,2026-01-22 06:00:00,3048.0,size_fit,processed,original_payment
REF0005432,ORD0056532,A027001,2026-01-24 06:00:00,1707.0,size_fit,processed,original_payment
REF0005433,ORD0056533,A027002,2026-01-21 06:00:00,3216.0,size_fit,processed,original_payment
REF0005434,ORD0056535,A027002,2026-01-23 06:00:00,1776.0,size_fit,processed,bank_transfer
REF0005435,ORD0056536,A027003,2026-01-22 06:00:00,2612.0,size_fit,processed,bank_transfer
REF0005436,ORD0056538,A027003,2026-01-25 06:00:00,2093.0,size_fit,processed,bank_transfer
REF0005437,ORD0056539,A027004,2026-01-23 06:00:00,1629.0,size_fit,processed,original_payment
REF0005438,ORD0056541,A027004,2026-01-24 06:00:00,3795.0,size_fit,processed,bank_transfer
REF0005439,ORD0056542,A027005,2026-01-21 06:00:00,3768.0,size_fit,processed,original_payment
REF0005440,ORD0056544,A027005,2026-01-22 06:00:00,3499.0,size_fit,processed,bank_transfer
REF0005441,ORD0056545,A027006,2026-01-21 06:00:00,2799.0,size_fit,processed,bank_transfer
REF0005442,ORD0056547,A027006,2026-01-22 06:00:00,2217.0,size_fit,processed,bank_transfer
REF0005443,ORD0056548,A027007,2026-01-22 06:00:00,3916.0,size_fit,processed,bank_transfer
REF0005444,ORD0056550,A027007,2026-01-23 06:00:00,2875.0,size_fit,processed,bank_transfer
REF0005445,ORD0056551,A027008,2026-01-19 06:00:00,2385.0,size_fit,processed,original_payment
REF0005446,ORD0056553,A027008,2026-01-25 06:00:00,3922.0,size_fit,processed,wallet
REF0005447,ORD0056554,A027009,2026-01-21 06:00:00,2380.0,size_fit,processed,wallet
REF0005448,ORD0056556,A027009,2026-01-24 06:00:00,3654.0,size_fit,processed,wallet
REF0005449,ORD0056557,A027010,2026-01-22 06:00:00,2231.0,size_fit,processed,bank_transfer
REF0005450,ORD0056559,A027010,2026-01-22 06:00:00,3310.0,size_fit,processed,bank_transfer
REF0005451,ORD0056560,A027011,2026-01-22 06:00:00,2781.0,size_fit,processed,original_payment
REF0005452,ORD0056562,A027011,2026-01-22 06:00:00,1865.0,size_fit,processed,original_payment
REF0005453,ORD0056563,A027012,2026-01-21 06:00:00,3764.0,size_fit,processed,bank_transfer
REF0005454,ORD0056565,A027012,2026-01-23 06:00:00,2282.0,size_fit,processed,original_payment
REF0005455,ORD0056566,A027013,2026-01-23 06:00:00,2888.0,size_fit,processed,original_payment
REF0005456,ORD0056568,A027013,2026-01-23 06:00:00,1522.0,size_fit,processed,wallet
REF0005457,ORD0056569,A027014,2026-01-23 06:00:00,3271.0,size_fit,processed,bank_transfer
REF0005458,ORD0056571,A027014,2026-01-23 06:00:00,3735.0,size_fit,processed,wallet
REF0005459,ORD0056572,A027015,2026-01-20 06:00:00,3615.0,size_fit,processed,bank_transfer
REF0005460,ORD0056574,A027015,2026-01-23 06:00:00,1543.0,size_fit,processed,original_payment
REF0005461,ORD0056575,A027016,2026-01-21 06:00:00,3850.0,size_fit,processed,original_payment
REF0005462,ORD0056577,A027016,2026-01-22 06:00:00,2919.0,size_fit,processed,wallet
REF0005463,ORD0056578,A027017,2026-01-20 06:00:00,2259.0,size_fit,processed,original_payment
REF0005464,ORD0056580,A027017,2026-01-21 06:00:00,1541.0,size_fit,processed,original_payment
REF0005465,ORD0056581,A027018,2026-01-23 06:00:00,1800.0,size_fit,processed,bank_transfer
REF0005466,ORD0056583,A027018,2026-01-22 06:00:00,2396.0,size_fit,processed,wallet
REF0005467,ORD0056584,A027019,2026-01-19 06:00:00,3930.0,size_fit,processed,wallet
REF0005468,ORD0056586,A027019,2026-01-23 06:00:00,3434.0,size_fit,processed,wallet
REF0005469,ORD0056587,A027020,2026-01-22 06:00:00,3718.0,size_fit,processed,bank_transfer
REF0005470,ORD0056589,A027020,2026-01-24 06:00:00,3555.0,size_fit,processed,original_payment
REF0005471,ORD0056590,A027021,2026-01-20 06:00:00,1863.0,size_fit,processed,bank_transfer
REF0005472,ORD0056592,A027021,2026-01-25 06:00:00,2233.0,size_fit,processed,bank_transfer
REF0005473,ORD0056593,A027022,2026-01-20 06:00:00,3984.0,size_fit,processed,bank_transfer
REF0005474,ORD0056595,A027022,2026-01-23 06:00:00,2859.0,size_fit,processed,wallet
REF0005475,ORD0056596,A027023,2026-01-19 06:00:00,3121.0,size_fit,processed,wallet
REF0005476,ORD0056598,A027023,2026-01-23 06:00:00,1696.0,size_fit,processed,bank_transfer
REF0005477,ORD0056599,A027024,2026-01-22 06:00:00,2092.0,size_fit,processed,bank_transfer
REF0005478,ORD0056601,A027024,2026-01-23 06:00:00,3798.0,size_fit,processed,original_payment
REF0005479,ORD0056602,A027025,2026-01-22 06:00:00,3206.0,size_fit,processed,wallet
REF0005480,ORD0056604,A027025,2026-01-24 06:00:00,2073.0,size_fit,processed,original_payment
REF0005481,ORD0056605,A027026,2026-01-21 06:00:00,3696.0,size_fit,processed,original_payment
REF0005482,ORD0056607,A027026,2026-01-22 06:00:00,3310.0,size_fit,processed,bank_transfer
REF0005483,ORD0056608,A027027,2026-01-19 06:00:00,2494.0,size_fit,processed,bank_transfer
REF0005484,ORD0056610,A027027,2026-01-23 06:00:00,2299.0,size_fit,processed,wallet
REF0005485,ORD0056611,A027028,2026-01-20 06:00:00,1836.0,size_fit,processed,bank_transfer
REF0005486,ORD0056613,A027028,2026-01-23 06:00:00,3656.0,size_fit,processed,wallet
REF0005487,ORD0056614,A027029,2026-01-23 06:00:00,3238.0,size_fit,processed,bank_transfer
REF0005488,ORD0056616,A027029,2026-01-25 06:00:00,3903.0,size_fit,processed,original_payment
REF0005489,ORD0056617,A027030,2026-01-21 06:00:00,2403.0,size_fit,processed,bank_transfer
REF0005490,ORD0056619,A027030,2026-01-23 06:00:00,3961.0,size_fit,processed,wallet
REF0005491,ORD0056620,A027031,2026-01-20 06:00:00,2230.0,size_fit,processed,bank_transfer
REF0005492,ORD0056622,A027031,2026-01-24 06:00:00,3968.0,size_fit,processed,bank_transfer
REF0005493,ORD0056623,A027032,2026-01-23 06:00:00,2149.0,size_fit,processed,bank_transfer
REF0005494,ORD0056625,A027032,2026-01-23 06:00:00,1958.0,size_fit,processed,wallet
REF0005495,ORD0056626,A027033,2026-01-21 06:00:00,3696.0,size_fit,processed,wallet
REF0005496,ORD0056628,A027033,2026-01-21 06:00:00,2371.0,size_fit,processed,bank_transfer
REF0005497,ORD0056629,A027034,2026-01-22 06:00:00,2337.0,size_fit,processed,original_payment
REF0005498,ORD0056631,A027034,2026-01-21 06:00:00,3143.0,size_fit,processed,wallet
REF0005499,ORD0056632,A027035,2026-01-23 06:00:00,3767.0,size_fit,processed,bank_transfer
REF0005500,ORD0056634,A027035,2026-01-23 06:00:00,3891.0,size_fit,processed,wallet
REF0005501,ORD0056635,A027036,2026-01-21 06:00:00,2111.0,size_fit,processed,bank_transfer
REF0005502,ORD0056637,A027036,2026-01-22 06:00:00,3985.0,size_fit,processed,original_payment
REF0005503,ORD0056638,A027037,2026-01-23 06:00:00,2178.0,size_fit,processed,wallet
REF0005504,ORD0056640,A027037,2026-01-21 06:00:00,3340.0,size_fit,processed,wallet
REF0005505,ORD0056641,A027038,2026-01-21 06:00:00,2545.0,size_fit,processed,bank_transfer
REF0005506,ORD0056643,A027038,2026-01-24 06:00:00,1602.0,size_fit,processed,wallet
REF0005507,ORD0056644,A027039,2026-01-21 06:00:00,3465.0,size_fit,processed,wallet
REF0005508,ORD0056646,A027039,2026-01-24 06:00:00,2650.0,size_fit,processed,original_payment
REF0005509,ORD0056647,A027040,2026-01-21 06:00:00,1929.0,size_fit,processed,original_payment
REF0005510,ORD0056649,A027040,2026-01-23 06:00:00,2907.0,size_fit,processed,bank_transfer
REF0005511,ORD0056650,A027041,2026-01-21 06:00:00,3609.0,size_fit,processed,original_payment
REF0005512,ORD0056652,A027041,2026-01-21 06:00:00,3745.0,size_fit,processed,original_payment
REF0005513,ORD0056653,A027042,2026-01-21 06:00:00,1981.0,size_fit,processed,original_payment
REF0005514,ORD0056655,A027042,2026-01-24 06:00:00,2315.0,size_fit,processed,original_payment
REF0005515,ORD0056656,A027043,2026-01-21 06:00:00,2628.0,size_fit,processed,bank_transfer
REF0005516,ORD0056658,A027043,2026-01-25 06:00:00,2635.0,size_fit,processed,wallet
REF0005517,ORD0056659,A027044,2026-01-21 06:00:00,3596.0,size_fit,processed,original_payment
REF0005518,ORD0056661,A027044,2026-01-25 06:00:00,2429.0,size_fit,processed,wallet
REF0005519,ORD0056662,A027045,2026-01-22 06:00:00,3843.0,size_fit,processed,original_payment
REF0005520,ORD0056664,A027045,2026-01-23 06:00:00,3189.0,size_fit,processed,wallet
REF0005521,ORD0056665,A027046,2026-01-21 06:00:00,1689.0,size_fit,processed,wallet
REF0005522,ORD0056667,A027046,2026-01-23 06:00:00,1746.0,size_fit,processed,bank_transfer
REF0005523,ORD0056668,A027047,2026-01-23 06:00:00,2449.0,size_fit,processed,original_payment
REF0005524,ORD0056670,A027047,2026-01-23 06:00:00,1763.0,size_fit,processed,wallet
REF0005525,ORD0056671,A027048,2026-01-21 06:00:00,3586.0,size_fit,processed,wallet
REF0005526,ORD0056673,A027048,2026-01-24 06:00:00,3275.0,size_fit,processed,bank_transfer
REF0005527,ORD0056674,A027049,2026-01-22 06:00:00,2131.0,size_fit,processed,bank_transfer
REF0005528,ORD0056676,A027049,2026-01-22 06:00:00,2342.0,size_fit,processed,wallet
REF0005529,ORD0056677,A027050,2026-01-20 06:00:00,2184.0,size_fit,processed,original_payment
REF0005530,ORD0056679,A027050,2026-01-22 06:00:00,2529.0,size_fit,processed,original_payment
REF0005531,ORD0056680,A027051,2026-01-21 06:00:00,2659.0,size_fit,processed,original_payment
REF0005532,ORD0056682,A027051,2026-01-24 06:00:00,3900.0,size_fit,processed,wallet
REF0005533,ORD0056683,A027052,2026-01-20 06:00:00,2057.0,size_fit,processed,original_payment
REF0005534,ORD0056685,A027052,2026-01-21 06:00:00,3181.0,size_fit,processed,wallet
REF0005535,ORD0056686,A027053,2026-01-21 06:00:00,3204.0,size_fit,processed,wallet
REF0005536,ORD0056688,A027053,2026-01-24 06:00:00,2580.0,size_fit,processed,bank_transfer
REF0005537,ORD0056689,A027054,2026-01-21 06:00:00,2353.0,size_fit,processed,original_payment
REF0005538,ORD0056691,A027054,2026-01-22 06:00:00,2140.0,size_fit,processed,wallet
REF0005539,ORD0056692,A027055,2026-01-22 06:00:00,3437.0,size_fit,processed,bank_transfer
REF0005540,ORD0056694,A027055,2026-01-22 06:00:00,3060.0,size_fit,processed,bank_transfer
REF0005541,ORD0056695,A027056,2026-01-23 06:00:00,3886.0,size_fit,processed,original_payment
REF0005542,ORD0056697,A027056,2026-01-25 06:00:00,1527.0,size_fit,processed,bank_transfer
REF0005543,ORD0056698,A027057,2026-01-23 06:00:00,2500.0,size_fit,processed,wallet
REF0005544,ORD0056700,A027057,2026-01-24 06:00:00,1539.0,size_fit,processed,bank_transfer
REF0005545,ORD0056701,A027058,2026-01-22 06:00:00,2799.0,size_fit,processed,wallet
REF0005546,ORD0056703,A027058,2026-01-23 06:00:00,3503.0,size_fit,processed,original_payment
REF0005547,ORD0056704,A027059,2026-01-21 06:00:00,3002.0,size_fit,processed,wallet
REF0005548,ORD0056706,A027059,2026-01-24 06:00:00,3993.0,size_fit,processed,wallet
REF0005549,ORD0056707,A027060,2026-01-21 06:00:00,3965.0,size_fit,processed,bank_transfer
REF0005550,ORD0056709,A027060,2026-01-22 06:00:00,2891.0,size_fit,processed,wallet
REF0005551,ORD0056710,A027061,2026-01-21 06:00:00,2794.0,size_fit,processed,wallet
REF0005552,ORD0056712,A027061,2026-01-23 06:00:00,1689.0,size_fit,processed,original_payment
REF0005553,ORD0056713,A027062,2026-01-19 06:00:00,1624.0,size_fit,processed,wallet
REF0005554,ORD0056715,A027062,2026-01-21 06:00:00,1632.0,size_fit,processed,wallet
REF0005555,ORD0056716,A027063,2026-01-23 06:00:00,3100.0,size_fit,processed,bank_transfer
REF0005556,ORD0056718,A027063,2026-01-23 06:00:00,1623.0,size_fit,processed,original_payment
REF0005557,ORD0056719,A027064,2026-01-21 06:00:00,2973.0,size_fit,processed,bank_transfer
REF0005558,ORD0056721,A027064,2026-01-23 06:00:00,2142.0,size_fit,processed,bank_transfer
REF0005559,ORD0056722,A027065,2026-01-22 06:00:00,3843.0,size_fit,processed,original_payment
REF0005560,ORD0056724,A027065,2026-01-23 06:00:00,2010.0,size_fit,processed,bank_transfer
REF0005561,ORD0056725,A027066,2026-01-20 06:00:00,2859.0,size_fit,processed,wallet
REF0005562,ORD0056727,A027066,2026-01-23 06:00:00,2505.0,size_fit,processed,wallet
REF0005563,ORD0056728,A027067,2026-01-20 06:00:00,3374.0,size_fit,processed,bank_transfer
REF0005564,ORD0056730,A027067,2026-01-23 06:00:00,3983.0,size_fit,processed,bank_transfer
REF0005565,ORD0056731,A027068,2026-01-21 06:00:00,2335.0,size_fit,processed,original_payment
REF0005566,ORD0056733,A027068,2026-01-22 06:00:00,2880.0,size_fit,processed,original_payment
REF0005567,ORD0056734,A027069,2026-01-21 06:00:00,3839.0,size_fit,processed,bank_transfer
REF0005568,ORD0056736,A027069,2026-01-22 06:00:00,3440.0,size_fit,processed,wallet
REF0005569,ORD0056737,A027070,2026-01-21 06:00:00,2091.0,size_fit,processed,wallet
REF0005570,ORD0056739,A027070,2026-01-24 06:00:00,3074.0,size_fit,processed,wallet
REF0005571,ORD0056740,A027071,2026-01-19 06:00:00,3416.0,size_fit,processed,wallet
REF0005572,ORD0056742,A027071,2026-01-23 06:00:00,1818.0,size_fit,processed,bank_transfer
REF0005573,ORD0056743,A027072,2026-01-20 06:00:00,3096.0,size_fit,processed,wallet
REF0005574,ORD0056745,A027072,2026-01-22 06:00:00,2416.0,size_fit,processed,wallet
REF0005575,ORD0056746,A027073,2026-01-22 06:00:00,1702.0,size_fit,processed,bank_transfer
REF0005576,ORD0056748,A027073,2026-01-21 06:00:00,2342.0,size_fit,processed,wallet
REF0005577,ORD0056749,A027074,2026-01-21 06:00:00,2363.0,size_fit,processed,original_payment
REF0005578,ORD0056751,A027074,2026-01-23 06:00:00,1567.0,size_fit,processed,original_payment
REF0005579,ORD0056752,A027075,2026-01-22 06:00:00,2426.0,size_fit,processed,original_payment
REF0005580,ORD0056754,A027075,2026-01-21 06:00:00,2785.0,size_fit,processed,wallet
REF0005581,ORD0056755,A027076,2026-01-22 06:00:00,3433.0,size_fit,processed,wallet
REF0005582,ORD0056757,A027076,2026-01-24 06:00:00,2208.0,size_fit,processed,wallet
REF0005583,ORD0056758,A027077,2026-01-20 06:00:00,1844.0,size_fit,processed,original_payment
REF0005584,ORD0056760,A027077,2026-01-23 06:00:00,2957.0,size_fit,processed,bank_transfer
REF0005585,ORD0056761,A027078,2026-01-22 06:00:00,2818.0,size_fit,processed,wallet
REF0005586,ORD0056763,A027078,2026-01-21 06:00:00,3433.0,size_fit,processed,bank_transfer
REF0005587,ORD0056764,A027079,2026-01-23 06:00:00,2488.0,size_fit,processed,original_payment
REF0005588,ORD0056766,A027079,2026-01-21 06:00:00,2543.0,size_fit,processed,original_payment
REF0005589,ORD0056767,A027080,2026-01-22 06:00:00,3255.0,size_fit,processed,wallet
REF0005590,ORD0056769,A027080,2026-01-24 06:00:00,2907.0,size_fit,processed,original_payment
REF0005591,ORD0056770,A027081,2026-01-20 06:00:00,2691.0,size_fit,processed,bank_transfer
REF0005592,ORD0056772,A027081,2026-01-23 06:00:00,2241.0,size_fit,processed,wallet
REF0005593,ORD0056773,A027082,2026-01-21 06:00:00,2629.0,size_fit,processed,wallet
REF0005594,ORD0056775,A027082,2026-01-24 06:00:00,1809.0,size_fit,processed,bank_transfer
REF0005595,ORD0056776,A027083,2026-01-22 06:00:00,2531.0,size_fit,processed,wallet
REF0005596,ORD0056778,A027083,2026-01-21 06:00:00,3365.0,size_fit,processed,wallet
REF0005597,ORD0056779,A027084,2026-01-22 06:00:00,3330.0,size_fit,processed,original_payment
REF0005598,ORD0056781,A027084,2026-01-25 06:00:00,2255.0,size_fit,processed,wallet
REF0005599,ORD0056782,A027085,2026-01-21 06:00:00,1604.0,size_fit,processed,bank_transfer
REF0005600,ORD0056784,A027085,2026-01-22 06:00:00,2800.0,size_fit,processed,wallet
REF0005601,ORD0056785,A027086,2026-01-21 06:00:00,1635.0,size_fit,processed,bank_transfer
REF0005602,ORD0056787,A027086,2026-01-25 06:00:00,3326.0,size_fit,processed,original_payment
REF0005603,ORD0056788,A027087,2026-01-21 06:00:00,2825.0,size_fit,processed,wallet
REF0005604,ORD0056790,A027087,2026-01-23 06:00:00,2869.0,size_fit,processed,original_payment
REF0005605,ORD0056791,A027088,2026-01-23 06:00:00,2634.0,size_fit,processed,bank_transfer
REF0005606,ORD0056793,A027088,2026-01-22 06:00:00,1793.0,size_fit,processed,bank_transfer
REF0005607,ORD0056794,A027089,2026-01-23 06:00:00,2062.0,size_fit,processed,wallet
REF0005608,ORD0056796,A027089,2026-01-23 06:00:00,3556.0,size_fit,processed,wallet
REF0005609,ORD0056797,A027090,2026-01-23 06:00:00,2561.0,size_fit,processed,bank_transfer
REF0005610,ORD0056799,A027090,2026-01-22 06:00:00,3586.0,size_fit,processed,wallet
REF0005611,ORD0056800,A027091,2026-01-21 06:00:00,3057.0,size_fit,processed,bank_transfer
REF0005612,ORD0056802,A027091,2026-01-24 06:00:00,1786.0,size_fit,processed,bank_transfer
REF0005613,ORD0056803,A027092,2026-01-20 06:00:00,3898.0,size_fit,processed,wallet
REF0005614,ORD0056805,A027092,2026-01-24 06:00:00,2032.0,size_fit,processed,original_payment
REF0005615,ORD0056806,A027093,2026-01-22 06:00:00,1911.0,size_fit,processed,wallet
REF0005616,ORD0056808,A027093,2026-01-23 06:00:00,2975.0,size_fit,processed,wallet
REF0005617,ORD0056809,A027094,2026-01-21 06:00:00,2767.0,size_fit,processed,bank_transfer
REF0005618,ORD0056811,A027094,2026-01-22 06:00:00,2718.0,size_fit,processed,wallet
REF0005619,ORD0056812,A027095,2026-01-23 06:00:00,1565.0,size_fit,processed,bank_transfer
REF0005620,ORD0056814,A027095,2026-01-24 06:00:00,2825.0,size_fit,processed,bank_transfer
REF0005621,ORD0056815,A027096,2026-01-20 06:00:00,3079.0,size_fit,processed,bank_transfer
REF0005622,ORD0056817,A027096,2026-01-22 06:00:00,1878.0,size_fit,processed,bank_transfer
REF0005623,ORD0056818,A027097,2026-01-23 06:00:00,1640.0,size_fit,processed,wallet
REF0005624,ORD0056820,A027097,2026-01-22 06:00:00,2723.0,size_fit,processed,original_payment
REF0005625,ORD0056821,A027098,2026-01-23 06:00:00,2523.0,size_fit,processed,original_payment
REF0005626,ORD0056823,A027098,2026-01-23 06:00:00,2877.0,size_fit,processed,original_payment
REF0005627,ORD0056824,A027099,2026-01-22 06:00:00,3468.0,size_fit,processed,bank_transfer
REF0005628,ORD0056826,A027099,2026-01-25 06:00:00,2666.0,size_fit,processed,wallet
REF0005629,ORD0056827,A027100,2026-01-19 06:00:00,3109.0,size_fit,processed,bank_transfer
REF0005630,ORD0056829,A027100,2026-01-22 06:00:00,3905.0,size_fit,processed,bank_transfer
REF0005631,ORD0056830,A027101,2026-01-23 06:00:00,1680.0,size_fit,processed,original_payment
REF0005632,ORD0056832,A027101,2026-01-23 06:00:00,2675.0,size_fit,processed,bank_transfer
REF0005633,ORD0056833,A027102,2026-01-22 06:00:00,2026.0,size_fit,processed,wallet
REF0005634,ORD0056835,A027102,2026-01-22 06:00:00,2698.0,size_fit,processed,bank_transfer
REF0005635,ORD0056836,A027103,2026-01-20 06:00:00,3433.0,size_fit,processed,wallet
REF0005636,ORD0056838,A027103,2026-01-24 06:00:00,3643.0,size_fit,processed,wallet
REF0005637,ORD0056839,A027104,2026-01-21 06:00:00,3423.0,size_fit,processed,wallet
REF0005638,ORD0056841,A027104,2026-01-23 06:00:00,2422.0,size_fit,processed,wallet
REF0005639,ORD0056842,A027105,2026-01-20 06:00:00,1971.0,size_fit,processed,wallet
REF0005640,ORD0056844,A027105,2026-01-23 06:00:00,2057.0,size_fit,processed,original_payment
REF0005641,ORD0056845,A027106,2026-01-21 06:00:00,3988.0,size_fit,processed,wallet
REF0005642,ORD0056847,A027106,2026-01-24 06:00:00,3373.0,size_fit,processed,bank_transfer
REF0005643,ORD0056848,A027107,2026-01-21 06:00:00,3659.0,size_fit,processed,original_payment
REF0005644,ORD0056850,A027107,2026-01-24 06:00:00,3022.0,size_fit,processed,bank_transfer
REF0005645,ORD0056851,A027108,2026-01-19 06:00:00,3480.0,size_fit,processed,wallet
REF0005646,ORD0056853,A027108,2026-01-23 06:00:00,3273.0,size_fit,processed,original_payment
REF0005647,ORD0056854,A027109,2026-01-21 06:00:00,3403.0,size_fit,processed,bank_transfer
REF0005648,ORD0056856,A027109,2026-01-23 06:00:00,3944.0,size_fit,processed,bank_transfer
REF0005649,ORD0056857,A027110,2026-01-21 06:00:00,1883.0,size_fit,processed,bank_transfer
REF0005650,ORD0056859,A027110,2026-01-23 06:00:00,3951.0,size_fit,processed,bank_transfer
REF0005651,ORD0056860,A027111,2026-01-22 06:00:00,3537.0,size_fit,processed,bank_transfer
REF0005652,ORD0056862,A027111,2026-01-23 06:00:00,2558.0,size_fit,processed,original_payment
REF0005653,ORD0056863,A027112,2026-01-23 06:00:00,3044.0,size_fit,processed,original_payment
REF0005654,ORD0056865,A027112,2026-01-22 06:00:00,1500.0,size_fit,processed,original_payment
REF0005655,ORD0056866,A027113,2026-01-23 06:00:00,2377.0,size_fit,processed,bank_transfer
REF0005656,ORD0056868,A027113,2026-01-24 06:00:00,3487.0,size_fit,processed,wallet
REF0005657,ORD0056869,A027114,2026-01-23 06:00:00,3247.0,size_fit,processed,bank_transfer
REF0005658,ORD0056871,A027114,2026-01-23 06:00:00,3712.0,size_fit,processed,original_payment
REF0005659,ORD0056872,A027115,2026-01-22 06:00:00,1697.0,size_fit,processed,wallet
REF0005660,ORD0056874,A027115,2026-01-22 06:00:00,2990.0,size_fit,processed,bank_transfer
REF0005661,ORD0056875,A027116,2026-01-23 06:00:00,3739.0,size_fit,processed,bank_transfer
REF0005662,ORD0056877,A027116,2026-01-23 06:00:00,3394.0,size_fit,processed,wallet
REF0005663,ORD0056878,A027117,2026-01-20 06:00:00,2251.0,size_fit,processed,bank_transfer
REF0005664,ORD0056880,A027117,2026-01-24 06:00:00,1855.0,size_fit,processed,wallet
REF0005665,ORD0056881,A027118,2026-01-20 06:00:00,2607.0,size_fit,processed,wallet
REF0005666,ORD0056883,A027118,2026-01-25 06:00:00,2150.0,size_fit,processed,bank_transfer
REF0005667,ORD0056884,A027119,2026-01-19 06:00:00,2580.0,size_fit,processed,original_payment
REF0005668,ORD0056886,A027119,2026-01-23 06:00:00,1944.0,size_fit,processed,original_payment
REF0005669,ORD0056887,A027120,2026-01-21 06:00:00,3301.0,size_fit,processed,bank_transfer
REF0005670,ORD0056889,A027120,2026-01-23 06:00:00,1995.0,size_fit,processed,wallet
REF0005671,ORD0056890,A027121,2026-01-21 06:00:00,1700.0,size_fit,processed,original_payment
REF0005672,ORD0056892,A027121,2026-01-24 06:00:00,1684.0,size_fit,processed,wallet
REF0005673,ORD0056893,A027122,2026-01-21 06:00:00,2083.0,size_fit,processed,wallet
REF0005674,ORD0056895,A027122,2026-01-22 06:00:00,2580.0,size_fit,processed,wallet
REF0005675,ORD0056896,A027123,2026-01-23 06:00:00,3780.0,size_fit,processed,bank_transfer
REF0005676,ORD0056898,A027123,2026-01-24 06:00:00,2142.0,size_fit,processed,wallet
REF0005677,ORD0056899,A027124,2026-01-22 06:00:00,1649.0,size_fit,processed,bank_transfer
REF0005678,ORD0056901,A027124,2026-01-24 06:00:00,2442.0,size_fit,processed,original_payment
REF0005679,ORD0056902,A027125,2026-01-20 06:00:00,2710.0,size_fit,processed,wallet
REF0005680,ORD0056904,A027125,2026-01-24 06:00:00,2089.0,size_fit,processed,bank_transfer
REF0005681,ORD0056905,A027126,2026-01-23 06:00:00,1631.0,size_fit,processed,bank_transfer
REF0005682,ORD0056907,A027126,2026-01-23 06:00:00,2751.0,size_fit,processed,bank_transfer
REF0005683,ORD0056908,A027127,2026-01-21 06:00:00,3833.0,size_fit,processed,bank_transfer
REF0005684,ORD0056910,A027127,2026-01-22 06:00:00,2623.0,size_fit,processed,original_payment
REF0005685,ORD0056911,A027128,2026-01-20 06:00:00,3760.0,size_fit,processed,original_payment
REF0005686,ORD0056913,A027128,2026-01-23 06:00:00,3934.0,size_fit,processed,bank_transfer
REF0005687,ORD0056914,A027129,2026-01-21 06:00:00,2347.0,size_fit,processed,bank_transfer
REF0005688,ORD0056916,A027129,2026-01-22 06:00:00,2763.0,size_fit,processed,bank_transfer
REF0005689,ORD0056917,A027130,2026-01-22 06:00:00,3509.0,size_fit,processed,wallet
REF0005690,ORD0056919,A027130,2026-01-21 06:00:00,3082.0,size_fit,processed,wallet
REF0005691,ORD0056920,A027131,2026-01-22 06:00:00,2950.0,size_fit,processed,bank_transfer
REF0005692,ORD0056922,A027131,2026-01-21 06:00:00,1850.0,size_fit,processed,wallet
REF0005693,ORD0056923,A027132,2026-01-23 06:00:00,2395.0,size_fit,processed,original_payment
REF0005694,ORD0056925,A027132,2026-01-22 06:00:00,2716.0,size_fit,processed,wallet
REF0005695,ORD0056926,A027133,2026-01-19 06:00:00,1788.0,size_fit,processed,bank_transfer
REF0005696,ORD0056928,A027133,2026-01-25 06:00:00,1920.0,size_fit,processed,wallet
REF0005697,ORD0056929,A027134,2026-01-21 06:00:00,1894.0,size_fit,processed,original_payment
REF0005698,ORD0056931,A027134,2026-01-24 06:00:00,1545.0,size_fit,processed,bank_transfer
REF0005699,ORD0056932,A027135,2026-01-21 06:00:00,2770.0,size_fit,processed,bank_transfer
REF0005700,ORD0056934,A027135,2026-01-21 06:00:00,3691.0,size_fit,processed,original_payment
REF0005701,ORD0056935,A027136,2026-01-21 06:00:00,3071.0,size_fit,processed,wallet
REF0005702,ORD0056937,A027136,2026-01-22 06:00:00,3270.0,size_fit,processed,bank_transfer
REF0005703,ORD0056938,A027137,2026-01-20 06:00:00,2380.0,size_fit,processed,original_payment
REF0005704,ORD0056940,A027137,2026-01-22 06:00:00,2468.0,size_fit,processed,original_payment
REF0005705,ORD0056941,A027138,2026-01-22 06:00:00,2559.0,size_fit,processed,wallet
REF0005706,ORD0056943,A027138,2026-01-24 06:00:00,1977.0,size_fit,processed,original_payment
REF0005707,ORD0056944,A027139,2026-01-21 06:00:00,1508.0,size_fit,processed,wallet
REF0005708,ORD0056946,A027139,2026-01-25 06:00:00,2573.0,size_fit,processed,original_payment
REF0005709,ORD0056947,A027140,2026-01-21 06:00:00,2454.0,size_fit,processed,original_payment
REF0005710,ORD0056949,A027140,2026-01-23 06:00:00,2969.0,size_fit,processed,original_payment
REF0005711,ORD0056950,A027141,2026-01-21 06:00:00,2610.0,size_fit,processed,wallet
REF0005712,ORD0056952,A027141,2026-01-22 06:00:00,2249.0,size_fit,processed,original_payment
REF0005713,ORD0056953,A027142,2026-01-20 06:00:00,1941.0,size_fit,processed,bank_transfer
REF0005714,ORD0056955,A027142,2026-01-23 06:00:00,2007.0,size_fit,processed,original_payment
REF0005715,ORD0056956,A027143,2026-01-22 06:00:00,3224.0,size_fit,processed,original_payment
REF0005716,ORD0056958,A027143,2026-01-25 06:00:00,3104.0,size_fit,processed,original_payment
REF0005717,ORD0056959,A027144,2026-01-23 06:00:00,2522.0,size_fit,processed,bank_transfer
REF0005718,ORD0056961,A027144,2026-01-23 06:00:00,2004.0,size_fit,processed,original_payment
REF0005719,ORD0056962,A027145,2026-01-22 06:00:00,3104.0,size_fit,processed,original_payment
REF0005720,ORD0056964,A027145,2026-01-23 06:00:00,3613.0,size_fit,processed,original_payment
REF0005721,ORD0056965,A027146,2026-01-21 06:00:00,3071.0,size_fit,processed,wallet
REF0005722,ORD0056967,A027146,2026-01-22 06:00:00,2074.0,size_fit,processed,wallet
REF0005723,ORD0056968,A027147,2026-01-20 06:00:00,2320.0,size_fit,processed,wallet
REF0005724,ORD0056970,A027147,2026-01-21 06:00:00,3605.0,size_fit,processed,bank_transfer
REF0005725,ORD0056971,A027148,2026-01-21 06:00:00,2598.0,size_fit,processed,original_payment
REF0005726,ORD0056973,A027148,2026-01-22 06:00:00,2868.0,size_fit,processed,original_payment
REF0005727,ORD0056974,A027149,2026-01-22 06:00:00,2900.0,size_fit,processed,original_payment
REF0005728,ORD0056976,A027149,2026-01-22 06:00:00,1531.0,size_fit,processed,wallet
REF0005729,ORD0056977,A027150,2026-01-20 06:00:00,1840.0,size_fit,processed,original_payment
REF0005730,ORD0056979,A027150,2026-01-21 06:00:00,2524.0,size_fit,processed,bank_transfer
REF0005731,ORD0056980,A027151,2026-01-22 06:00:00,3083.0,size_fit,processed,wallet
REF0005732,ORD0056982,A027151,2026-01-23 06:00:00,3378.0,size_fit,processed,bank_transfer
REF0005733,ORD0056983,A027152,2026-01-19 06:00:00,2529.0,size_fit,processed,wallet
REF0005734,ORD0056985,A027152,2026-01-23 06:00:00,2464.0,size_fit,processed,original_payment
REF0005735,ORD0056986,A027153,2026-01-20 06:00:00,2513.0,size_fit,processed,wallet
REF0005736,ORD0056988,A027153,2026-01-23 06:00:00,2571.0,size_fit,processed,bank_transfer
REF0005737,ORD0056989,A027154,2026-01-21 06:00:00,2789.0,size_fit,processed,bank_transfer
REF0005738,ORD0056991,A027154,2026-01-22 06:00:00,3009.0,size_fit,processed,wallet
REF0005739,ORD0056992,A027155,2026-01-20 06:00:00,3112.0,size_fit,processed,bank_transfer
REF0005740,ORD0056994,A027155,2026-01-22 06:00:00,3814.0,size_fit,processed,wallet
REF0005741,ORD0056995,A027156,2026-01-21 06:00:00,3207.0,size_fit,processed,original_payment
REF0005742,ORD0056997,A027156,2026-01-24 06:00:00,1775.0,size_fit,processed,bank_transfer
REF0005743,ORD0056998,A027157,2026-01-22 06:00:00,2186.0,size_fit,processed,wallet
REF0005744,ORD0057000,A027157,2026-01-24 06:00:00,2806.0,size_fit,processed,wallet
REF0005745,ORD0057001,A027158,2026-01-23 06:00:00,1815.0,size_fit,processed,bank_transfer
REF0005746,ORD0057003,A027158,2026-01-22 06:00:00,2042.0,size_fit,processed,bank_transfer
REF0005747,ORD0057004,A027159,2026-01-23 06:00:00,3227.0,size_fit,processed,wallet
REF0005748,ORD0057006,A027159,2026-01-23 06:00:00,2671.0,size_fit,processed,wallet
REF0005749,ORD0057007,A027160,2026-01-21 06:00:00,2768.0,size_fit,processed,original_payment
REF0005750,ORD0057009,A027160,2026-01-23 06:00:00,1631.0,size_fit,processed,bank_transfer
REF0005751,ORD0057010,A027161,2026-01-22 06:00:00,2382.0,size_fit,processed,wallet
REF0005752,ORD0057012,A027161,2026-01-24 06:00:00,3859.0,size_fit,processed,wallet
REF0005753,ORD0057013,A027162,2026-01-23 06:00:00,3876.0,size_fit,processed,wallet
REF0005754,ORD0057015,A027162,2026-01-22 06:00:00,3015.0,size_fit,processed,original_payment
REF0005755,ORD0057016,A027163,2026-01-21 06:00:00,3189.0,size_fit,processed,bank_transfer
REF0005756,ORD0057018,A027163,2026-01-22 06:00:00,3291.0,size_fit,processed,wallet
REF0005757,ORD0057019,A027164,2026-01-21 06:00:00,3999.0,size_fit,processed,wallet
REF0005758,ORD0057021,A027164,2026-01-22 06:00:00,2625.0,size_fit,processed,bank_transfer
REF0005759,ORD0057022,A027165,2026-01-21 06:00:00,3289.0,size_fit,processed,bank_transfer
REF0005760,ORD0057024,A027165,2026-01-23 06:00:00,2299.0,size_fit,processed,bank_transfer
REF0005761,ORD0057025,A027166,2026-01-19 06:00:00,2746.0,size_fit,processed,original_payment
REF0005762,ORD0057027,A027166,2026-01-25 06:00:00,2884.0,size_fit,processed,original_payment
REF0005763,ORD0057028,A027167,2026-01-22 06:00:00,3048.0,size_fit,processed,bank_transfer
REF0005764,ORD0057030,A027167,2026-01-21 06:00:00,2536.0,size_fit,processed,bank_transfer
REF0005765,ORD0057031,A027168,2026-01-21 06:00:00,2969.0,size_fit,processed,original_payment
REF0005766,ORD0057033,A027168,2026-01-23 06:00:00,3342.0,size_fit,processed,wallet
REF0005767,ORD0057034,A027169,2026-01-19 06:00:00,1754.0,size_fit,processed,wallet
REF0005768,ORD0057036,A027169,2026-01-24 06:00:00,1732.0,size_fit,processed,wallet
REF0005769,ORD0057037,A027170,2026-01-20 06:00:00,3864.0,size_fit,processed,bank_transfer
REF0005770,ORD0057039,A027170,2026-01-24 06:00:00,2948.0,size_fit,processed,wallet
REF0005771,ORD0057040,A027171,2026-01-21 06:00:00,3994.0,size_fit,processed,bank_transfer
REF0005772,ORD0057042,A027171,2026-01-22 06:00:00,2758.0,size_fit,processed,original_payment
REF0005773,ORD0057043,A027172,2026-01-19 06:00:00,3846.0,size_fit,processed,original_payment
REF0005774,ORD0057045,A027172,2026-01-23 06:00:00,2256.0,size_fit,processed,original_payment
REF0005775,ORD0057046,A027173,2026-01-21 06:00:00,3013.0,size_fit,processed,wallet
REF0005776,ORD0057048,A027173,2026-01-23 06:00:00,3812.0,size_fit,processed,original_payment
REF0005777,ORD0057049,A027174,2026-01-21 06:00:00,1977.0,size_fit,processed,original_payment
REF0005778,ORD0057051,A027174,2026-01-21 06:00:00,3123.0,size_fit,processed,original_payment
REF0005779,ORD0057052,A027175,2026-01-19 06:00:00,2858.0,size_fit,processed,bank_transfer
REF0005780,ORD0057054,A027175,2026-01-23 06:00:00,2555.0,size_fit,processed,original_payment
REF0005781,ORD0057055,A027176,2026-01-20 06:00:00,1969.0,size_fit,processed,bank_transfer
REF0005782,ORD0057057,A027176,2026-01-24 06:00:00,2791.0,size_fit,processed,original_payment
REF0005783,ORD0057058,A027177,2026-01-19 06:00:00,2727.0,size_fit,processed,bank_transfer
REF0005784,ORD0057060,A027177,2026-01-23 06:00:00,2058.0,size_fit,processed,original_payment
REF0005785,ORD0057061,A027178,2026-01-20 06:00:00,3479.0,size_fit,processed,original_payment
REF0005786,ORD0057063,A027178,2026-01-25 06:00:00,3250.0,size_fit,processed,original_payment
REF0005787,ORD0057064,A027179,2026-01-22 06:00:00,3040.0,size_fit,processed,bank_transfer
REF0005788,ORD0057066,A027179,2026-01-25 06:00:00,3452.0,size_fit,processed,original_payment
REF0005789,ORD0057067,A027180,2026-01-21 06:00:00,3778.0,size_fit,processed,original_payment
REF0005790,ORD0057069,A027180,2026-01-23 06:00:00,2934.0,size_fit,processed,wallet
REF0005791,ORD0057070,A027181,2026-01-21 06:00:00,3950.0,size_fit,processed,bank_transfer
REF0005792,ORD0057072,A027181,2026-01-23 06:00:00,3126.0,size_fit,processed,wallet
REF0005793,ORD0057073,A027182,2026-01-19 06:00:00,3632.0,size_fit,processed,wallet
REF0005794,ORD0057075,A027182,2026-01-23 06:00:00,3926.0,size_fit,processed,wallet
REF0005795,ORD0057076,A027183,2026-01-22 06:00:00,3719.0,size_fit,processed,original_payment
REF0005796,ORD0057078,A027183,2026-01-23 06:00:00,3105.0,size_fit,processed,bank_transfer
REF0005797,ORD0057079,A027184,2026-01-21 06:00:00,3167.0,size_fit,processed,bank_transfer
REF0005798,ORD0057081,A027184,2026-01-23 06:00:00,3688.0,size_fit,processed,wallet
REF0005799,ORD0057082,A027185,2026-01-22 06:00:00,3281.0,size_fit,processed,original_payment
REF0005800,ORD0057084,A027185,2026-01-24 06:00:00,2069.0,size_fit,processed,bank_transfer
REF0005801,ORD0057085,A027186,2026-01-21 06:00:00,2381.0,size_fit,processed,bank_transfer
REF0005802,ORD0057087,A027186,2026-01-24 06:00:00,3090.0,size_fit,processed,bank_transfer
REF0005803,ORD0057088,A027187,2026-01-19 06:00:00,3391.0,size_fit,processed,wallet
REF0005804,ORD0057090,A027187,2026-01-23 06:00:00,2038.0,size_fit,processed,wallet
REF0005805,ORD0057091,A027188,2026-01-20 06:00:00,3133.0,size_fit,processed,wallet
REF0005806,ORD0057093,A027188,2026-01-23 06:00:00,2400.0,size_fit,processed,bank_transfer
REF0005807,ORD0057094,A027189,2026-01-22 06:00:00,3287.0,size_fit,processed,original_payment
REF0005808,ORD0057096,A027189,2026-01-23 06:00:00,1950.0,size_fit,processed,bank_transfer
REF0005809,ORD0057097,A027190,2026-01-21 06:00:00,2143.0,size_fit,processed,original_payment
REF0005810,ORD0057099,A027190,2026-01-22 06:00:00,3442.0,size_fit,processed,original_payment
REF0005811,ORD0057100,A027191,2026-01-21 06:00:00,2949.0,size_fit,processed,bank_transfer
REF0005812,ORD0057102,A027191,2026-01-21 06:00:00,1700.0,size_fit,processed,bank_transfer
REF0005813,ORD0057103,A027192,2026-01-22 06:00:00,3260.0,size_fit,processed,wallet
REF0005814,ORD0057105,A027192,2026-01-25 06:00:00,2118.0,size_fit,processed,original_payment
REF0005815,ORD0057106,A027193,2026-01-21 06:00:00,2705.0,size_fit,processed,original_payment
REF0005816,ORD0057108,A027193,2026-01-21 06:00:00,2782.0,size_fit,processed,bank_transfer
REF0005817,ORD0057109,A027194,2026-01-22 06:00:00,2878.0,size_fit,processed,original_payment
REF0005818,ORD0057111,A027194,2026-01-22 06:00:00,2204.0,size_fit,processed,wallet
REF0005819,ORD0057112,A027195,2026-01-21 06:00:00,3296.0,size_fit,processed,original_payment
REF0005820,ORD0057114,A027195,2026-01-22 06:00:00,2897.0,size_fit,processed,original_payment
REF0005821,ORD0057115,A027196,2026-01-20 06:00:00,2226.0,size_fit,processed,bank_transfer
REF0005822,ORD0057117,A027196,2026-01-22 06:00:00,2227.0,size_fit,processed,wallet
REF0005823,ORD0057118,A027197,2026-01-21 06:00:00,2324.0,size_fit,processed,original_payment
REF0005824,ORD0057120,A027197,2026-01-21 06:00:00,3619.0,size_fit,processed,bank_transfer
REF0005825,ORD0057121,A027198,2026-01-22 06:00:00,2442.0,size_fit,processed,wallet
REF0005826,ORD0057123,A027198,2026-01-25 06:00:00,2671.0,size_fit,processed,original_payment
REF0005827,ORD0057124,A027199,2026-01-20 06:00:00,2681.0,size_fit,processed,wallet
REF0005828,ORD0057126,A027199,2026-01-25 06:00:00,2348.0,size_fit,processed,bank_transfer
REF0005829,ORD0057127,A027200,2026-01-22 06:00:00,2551.0,size_fit,processed,original_payment
REF0005830,ORD0057129,A027200,2026-01-22 06:00:00,3968.0,size_fit,processed,bank_transfer
REF0005831,ORD0057130,A027201,2026-01-21 06:00:00,3291.0,size_fit,processed,wallet
REF0005832,ORD0057132,A027201,2026-01-23 06:00:00,2555.0,size_fit,processed,original_payment
REF0005833,ORD0057133,A027202,2026-01-20 06:00:00,1946.0,size_fit,processed,wallet
REF0005834,ORD0057135,A027202,2026-01-22 06:00:00,2501.0,size_fit,processed,original_payment
REF0005835,ORD0057136,A027203,2026-01-21 06:00:00,3493.0,size_fit,processed,original_payment
REF0005836,ORD0057138,A027203,2026-01-23 06:00:00,3678.0,size_fit,processed,wallet
REF0005837,ORD0057139,A027204,2026-01-22 06:00:00,3892.0,size_fit,processed,original_payment
REF0005838,ORD0057141,A027204,2026-01-22 06:00:00,3641.0,size_fit,processed,bank_transfer
REF0005839,ORD0057142,A027205,2026-01-21 06:00:00,1516.0,size_fit,processed,wallet
REF0005840,ORD0057144,A027205,2026-01-24 06:00:00,3077.0,size_fit,processed,bank_transfer
REF0005841,ORD0057145,A027206,2026-01-21 06:00:00,1988.0,size_fit,processed,original_payment
REF0005842,ORD0057147,A027206,2026-01-23 06:00:00,3563.0,size_fit,processed,wallet
REF0005843,ORD0057148,A027207,2026-01-22 06:00:00,2789.0,size_fit,processed,original_payment
REF0005844,ORD0057150,A027207,2026-01-24 06:00:00,3445.0,size_fit,processed,wallet
REF0005845,ORD0057151,A027208,2026-01-21 06:00:00,2800.0,size_fit,processed,wallet
REF0005846,ORD0057153,A027208,2026-01-25 06:00:00,1854.0,size_fit,processed,wallet
REF0005847,ORD0057154,A027209,2026-01-20 06:00:00,2075.0,size_fit,processed,original_payment
REF0005848,ORD0057156,A027209,2026-01-25 06:00:00,1523.0,size_fit,processed,wallet
REF0005849,ORD0057157,A027210,2026-01-20 06:00:00,2791.0,size_fit,processed,original_payment
REF0005850,ORD0057159,A027210,2026-01-24 06:00:00,2728.0,size_fit,processed,bank_transfer
REF0005851,ORD0057160,A027211,2026-01-20 06:00:00,3998.0,size_fit,processed,original_payment
REF0005852,ORD0057162,A027211,2026-01-22 06:00:00,3401.0,size_fit,processed,original_payment
REF0005853,ORD0057163,A027212,2026-01-21 06:00:00,1999.0,size_fit,processed,bank_transfer
REF0005854,ORD0057165,A027212,2026-01-21 06:00:00,2487.0,size_fit,processed,original_payment
REF0005855,ORD0057166,A027213,2026-01-21 06:00:00,1797.0,size_fit,processed,wallet
REF0005856,ORD0057168,A027213,2026-01-24 06:00:00,1669.0,size_fit,processed,original_payment
REF0005857,ORD0057169,A027214,2026-01-20 06:00:00,3809.0,size_fit,processed,original_payment
REF0005858,ORD0057171,A027214,2026-01-21 06:00:00,3980.0,size_fit,processed,wallet
REF0005859,ORD0057172,A027215,2026-01-22 06:00:00,2806.0,size_fit,processed,wallet
REF0005860,ORD0057174,A027215,2026-01-23 06:00:00,2289.0,size_fit,processed,wallet
REF0005861,ORD0057175,A027216,2026-01-19 06:00:00,3361.0,size_fit,processed,original_payment
REF0005862,ORD0057177,A027216,2026-01-22 06:00:00,3366.0,size_fit,processed,bank_transfer
REF0005863,ORD0057178,A027217,2026-01-20 06:00:00,3231.0,size_fit,processed,wallet
REF0005864,ORD0057180,A027217,2026-01-24 06:00:00,3229.0,size_fit,processed,original_payment
REF0005865,ORD0057181,A027218,2026-01-21 06:00:00,3297.0,size_fit,processed,wallet
REF0005866,ORD0057183,A027218,2026-01-22 06:00:00,2549.0,size_fit,processed,wallet
REF0005867,ORD0057184,A027219,2026-01-19 06:00:00,2105.0,size_fit,processed,wallet
REF0005868,ORD0057186,A027219,2026-01-24 06:00:00,2077.0,size_fit,processed,wallet
REF0005869,ORD0057187,A027220,2026-01-23 06:00:00,2804.0,size_fit,processed,original_payment
REF0005870,ORD0057189,A027220,2026-01-23 06:00:00,2989.0,size_fit,processed,wallet
REF0005871,ORD0057190,A027221,2026-01-21 06:00:00,1777.0,size_fit,processed,original_payment
REF0005872,ORD0057192,A027221,2026-01-22 06:00:00,3677.0,size_fit,processed,original_payment
REF0005873,ORD0057193,A027222,2026-01-20 06:00:00,1748.0,size_fit,processed,wallet
REF0005874,ORD0057195,A027222,2026-01-25 06:00:00,1597.0,size_fit,processed,bank_transfer
REF0005875,ORD0057196,A027223,2026-01-23 06:00:00,3334.0,size_fit,processed,original_payment
REF0005876,ORD0057198,A027223,2026-01-21 06:00:00,1926.0,size_fit,processed,original_payment
REF0005877,ORD0057199,A027224,2026-01-22 06:00:00,3627.0,size_fit,processed,bank_transfer
REF0005878,ORD0057201,A027224,2026-01-22 06:00:00,1901.0,size_fit,processed,wallet
REF0005879,ORD0057202,A027225,2026-01-21 06:00:00,2746.0,size_fit,processed,original_payment
REF0005880,ORD0057204,A027225,2026-01-23 06:00:00,2084.0,size_fit,processed,original_payment
REF0005881,ORD0057205,A027226,2026-01-22 06:00:00,2911.0,size_fit,processed,original_payment
REF0005882,ORD0057207,A027226,2026-01-23 06:00:00,3709.0,size_fit,processed,wallet
REF0005883,ORD0057208,A027227,2026-01-20 06:00:00,2495.0,size_fit,processed,original_payment
REF0005884,ORD0057210,A027227,2026-01-23 06:00:00,2174.0,size_fit,processed,original_payment
REF0005885,ORD0057211,A027228,2026-01-20 06:00:00,2326.0,size_fit,processed,bank_transfer
REF0005886,ORD0057213,A027228,2026-01-24 06:00:00,3065.0,size_fit,processed,wallet
REF0005887,ORD0057214,A027229,2026-01-21 06:00:00,3982.0,size_fit,processed,bank_transfer
REF0005888,ORD0057216,A027229,2026-01-25 06:00:00,3275.0,size_fit,processed,original_payment
REF0005889,ORD0057217,A027230,2026-01-20 06:00:00,1870.0,size_fit,processed,bank_transfer
REF0005890,ORD0057219,A027230,2026-01-21 06:00:00,3698.0,size_fit,processed,original_payment
REF0005891,ORD0057220,A027231,2026-01-20 06:00:00,2152.0,size_fit,processed,wallet
REF0005892,ORD0057222,A027231,2026-01-22 06:00:00,3137.0,size_fit,processed,wallet
REF0005893,ORD0057223,A027232,2026-01-21 06:00:00,3820.0,size_fit,processed,bank_transfer
REF0005894,ORD0057225,A027232,2026-01-22 06:00:00,3578.0,size_fit,processed,original_payment
REF0005895,ORD0057226,A027233,2026-01-20 06:00:00,3685.0,size_fit,processed,bank_transfer
REF0005896,ORD0057228,A027233,2026-01-25 06:00:00,3882.0,size_fit,processed,original_payment
REF0005897,ORD0057229,A027234,2026-01-20 06:00:00,2193.0,size_fit,processed,original_payment
REF0005898,ORD0057231,A027234,2026-01-24 06:00:00,2811.0,size_fit,processed,wallet
REF0005899,ORD0057232,A027235,2026-01-20 06:00:00,2787.0,size_fit,processed,wallet
REF0005900,ORD0057234,A027235,2026-01-21 06:00:00,2788.0,size_fit,processed,original_payment
REF0005901,ORD0057235,A027236,2026-01-20 06:00:00,3835.0,size_fit,processed,wallet
REF0005902,ORD0057237,A027236,2026-01-25 06:00:00,2087.0,size_fit,processed,wallet
REF0005903,ORD0057238,A027237,2026-01-20 06:00:00,2775.0,size_fit,processed,wallet
REF0005904,ORD0057240,A027237,2026-01-24 06:00:00,2568.0,size_fit,processed,original_payment
REF0005905,ORD0057241,A027238,2026-01-21 06:00:00,3929.0,size_fit,processed,original_payment
REF0005906,ORD0057243,A027238,2026-01-23 06:00:00,3916.0,size_fit,processed,bank_transfer
REF0005907,ORD0057244,A027239,2026-01-20 06:00:00,1960.0,size_fit,processed,bank_transfer
REF0005908,ORD0057246,A027239,2026-01-23 06:00:00,3699.0,size_fit,processed,wallet
REF0005909,ORD0057247,A027240,2026-01-23 06:00:00,2163.0,size_fit,processed,bank_transfer
REF0005910,ORD0057249,A027240,2026-01-22 06:00:00,2710.0,size_fit,processed,wallet
REF0005911,ORD0057250,A027241,2026-01-21 06:00:00,2508.0,size_fit,processed,original_payment
REF0005912,ORD0057252,A027241,2026-01-21 06:00:00,3499.0,size_fit,processed,bank_transfer
REF0005913,ORD0057253,A027242,2026-01-19 06:00:00,3218.0,size_fit,processed,wallet
REF0005914,ORD0057255,A027242,2026-01-23 06:00:00,3010.0,size_fit,processed,wallet
REF0005915,ORD0057256,A027243,2026-01-22 06:00:00,2928.0,size_fit,processed,wallet
REF0005916,ORD0057258,A027243,2026-01-21 06:00:00,3567.0,size_fit,processed,original_payment
REF0005917,ORD0057259,A027244,2026-01-20 06:00:00,2175.0,size_fit,processed,bank_transfer
REF0005918,ORD0057261,A027244,2026-01-22 06:00:00,2522.0,size_fit,processed,bank_transfer
REF0005919,ORD0057262,A027245,2026-01-19 06:00:00,3459.0,size_fit,processed,bank_transfer
REF0005920,ORD0057264,A027245,2026-01-24 06:00:00,3412.0,size_fit,processed,original_payment
REF0005921,ORD0057265,A027246,2026-01-21 06:00:00,2214.0,size_fit,processed,wallet
REF0005922,ORD0057267,A027246,2026-01-21 06:00:00,3184.0,size_fit,processed,wallet
REF0005923,ORD0057268,A027247,2026-01-22 06:00:00,2756.0,size_fit,processed,wallet
REF0005924,ORD0057270,A027247,2026-01-22 06:00:00,3810.0,size_fit,processed,wallet
REF0005925,ORD0057271,A027248,2026-01-20 06:00:00,3086.0,size_fit,processed,bank_transfer
REF0005926,ORD0057273,A027248,2026-01-23 06:00:00,3026.0,size_fit,processed,bank_transfer
REF0005927,ORD0057274,A027249,2026-01-21 06:00:00,1883.0,size_fit,processed,original_payment
REF0005928,ORD0057276,A027249,2026-01-22 06:00:00,2308.0,size_fit,processed,wallet
REF0005929,ORD0057277,A027250,2026-01-20 06:00:00,2614.0,size_fit,processed,original_payment
REF0005930,ORD0057279,A027250,2026-01-23 06:00:00,2174.0,size_fit,processed,wallet
REF0005931,ORD0057280,A027251,2026-01-23 06:00:00,2596.0,size_fit,processed,wallet
REF0005932,ORD0057282,A027251,2026-01-22 06:00:00,1822.0,size_fit,processed,wallet
REF0005933,ORD0057283,A027252,2026-01-21 06:00:00,2160.0,size_fit,processed,wallet
REF0005934,ORD0057285,A027252,2026-01-23 06:00:00,3368.0,size_fit,processed,original_payment
REF0005935,ORD0057286,A027253,2026-01-21 06:00:00,3707.0,size_fit,processed,bank_transfer
REF0005936,ORD0057288,A027253,2026-01-21 06:00:00,2958.0,size_fit,processed,original_payment
REF0005937,ORD0057289,A027254,2026-01-21 06:00:00,2487.0,size_fit,processed,original_payment
REF0005938,ORD0057291,A027254,2026-01-23 06:00:00,3504.0,size_fit,processed,original_payment
REF0005939,ORD0057292,A027255,2026-01-22 06:00:00,1796.0,size_fit,processed,bank_transfer
REF0005940,ORD0057294,A027255,2026-01-23 06:00:00,1695.0,size_fit,processed,bank_transfer
REF0005941,ORD0057295,A027256,2026-01-21 06:00:00,3778.0,size_fit,processed,original_payment
REF0005942,ORD0057297,A027256,2026-01-23 06:00:00,3346.0,size_fit,processed,original_payment
REF0005943,ORD0057298,A027257,2026-01-22 06:00:00,1919.0,size_fit,processed,wallet
REF0005944,ORD0057300,A027257,2026-01-22 06:00:00,3717.0,size_fit,processed,wallet
REF0005945,ORD0057301,A027258,2026-01-23 06:00:00,3260.0,size_fit,processed,wallet
REF0005946,ORD0057303,A027258,2026-01-24 06:00:00,3894.0,size_fit,processed,wallet
REF0005947,ORD0057304,A027259,2026-01-22 06:00:00,3030.0,size_fit,processed,original_payment
REF0005948,ORD0057306,A027259,2026-01-25 06:00:00,3013.0,size_fit,processed,original_payment
REF0005949,ORD0057307,A027260,2026-01-21 06:00:00,3223.0,size_fit,processed,wallet
REF0005950,ORD0057309,A027260,2026-01-21 06:00:00,2494.0,size_fit,processed,wallet
REF0005951,ORD0057310,A027261,2026-01-21 06:00:00,2845.0,size_fit,processed,wallet
REF0005952,ORD0057312,A027261,2026-01-22 06:00:00,2418.0,size_fit,processed,wallet
REF0005953,ORD0057313,A027262,2026-01-21 06:00:00,2377.0,size_fit,processed,original_payment
REF0005954,ORD0057315,A027262,2026-01-23 06:00:00,3131.0,size_fit,processed,wallet
REF0005955,ORD0057316,A027263,2026-01-22 06:00:00,3113.0,size_fit,processed,original_payment
REF0005956,ORD0057318,A027263,2026-01-21 06:00:00,2670.0,size_fit,processed,bank_transfer
REF0005957,ORD0057319,A027264,2026-01-20 06:00:00,3060.0,size_fit,processed,wallet
REF0005958,ORD0057321,A027264,2026-01-21 06:00:00,2365.0,size_fit,processed,original_payment
REF0005959,ORD0057322,A027265,2026-01-20 06:00:00,3008.0,size_fit,processed,original_payment
REF0005960,ORD0057324,A027265,2026-01-22 06:00:00,1564.0,size_fit,processed,original_payment
REF0005961,ORD0057325,A027266,2026-01-20 06:00:00,3853.0,size_fit,processed,original_payment
REF0005962,ORD0057327,A027266,2026-01-22 06:00:00,3865.0,size_fit,processed,wallet
REF0005963,ORD0057328,A027267,2026-01-20 06:00:00,1926.0,size_fit,processed,wallet
REF0005964,ORD0057330,A027267,2026-01-24 06:00:00,1864.0,size_fit,processed,wallet
REF0005965,ORD0057331,A027268,2026-01-23 06:00:00,2729.0,size_fit,processed,original_payment
REF0005966,ORD0057333,A027268,2026-01-25 06:00:00,3801.0,size_fit,processed,bank_transfer
REF0005967,ORD0057334,A027269,2026-01-20 06:00:00,1654.0,size_fit,processed,wallet
REF0005968,ORD0057336,A027269,2026-01-21 06:00:00,2391.0,size_fit,processed,bank_transfer
REF0005969,ORD0057337,A027270,2026-01-22 06:00:00,3225.0,size_fit,processed,original_payment
REF0005970,ORD0057339,A027270,2026-01-23 06:00:00,2812.0,size_fit,processed,wallet
REF0005971,ORD0057340,A027271,2026-01-22 06:00:00,2037.0,size_fit,processed,wallet
REF0005972,ORD0057342,A027271,2026-01-24 06:00:00,1919.0,size_fit,processed,original_payment
REF0005973,ORD0057343,A027272,2026-01-21 06:00:00,3645.0,size_fit,processed,bank_transfer
REF0005974,ORD0057345,A027272,2026-01-23 06:00:00,3162.0,size_fit,processed,bank_transfer
REF0005975,ORD0057346,A027273,2026-01-20 06:00:00,2763.0,size_fit,processed,original_payment
REF0005976,ORD0057348,A027273,2026-01-23 06:00:00,2859.0,size_fit,processed,original_payment
REF0005977,ORD0057349,A027274,2026-01-20 06:00:00,2851.0,size_fit,processed,bank_transfer
REF0005978,ORD0057351,A027274,2026-01-25 06:00:00,3558.0,size_fit,processed,wallet
REF0005979,ORD0057352,A027275,2026-01-20 06:00:00,3400.0,size_fit,processed,bank_transfer
REF0005980,ORD0057354,A027275,2026-01-22 06:00:00,3497.0,size_fit,processed,wallet
REF0005981,ORD0057355,A027276,2026-01-20 06:00:00,1773.0,size_fit,processed,bank_transfer
REF0005982,ORD0057357,A027276,2026-01-23 06:00:00,3107.0,size_fit,processed,original_payment
REF0005983,ORD0057358,A027277,2026-01-21 06:00:00,3613.0,size_fit,processed,bank_transfer
REF0005984,ORD0057360,A027277,2026-01-21 06:00:00,3909.0,size_fit,processed,original_payment
REF0005985,ORD0057361,A027278,2026-01-21 06:00:00,3441.0,size_fit,processed,original_payment
REF0005986,ORD0057363,A027278,2026-01-24 06:00:00,2211.0,size_fit,processed,wallet
REF0005987,ORD0057364,A027279,2026-01-19 06:00:00,3257.0,size_fit,processed,original_payment
REF0005988,ORD0057366,A027279,2026-01-24 06:00:00,2014.0,size_fit,processed,original_payment
REF0005989,ORD0057367,A027280,2026-01-20 06:00:00,1960.0,size_fit,processed,bank_transfer
REF0005990,ORD0057369,A027280,2026-01-23 06:00:00,3243.0,size_fit,processed,original_payment
REF0005991,ORD0057370,A027281,2026-01-19 06:00:00,2843.0,size_fit,processed,original_payment
REF0005992,ORD0057372,A027281,2026-01-24 06:00:00,2750.0,size_fit,processed,wallet
REF0005993,ORD0057373,A027282,2026-01-19 06:00:00,3822.0,size_fit,processed,bank_transfer
REF0005994,ORD0057375,A027282,2026-01-22 06:00:00,1770.0,size_fit,processed,bank_transfer
REF0005995,ORD0057376,A027283,2026-01-23 06:00:00,3329.0,size_fit,processed,wallet
REF0005996,ORD0057378,A027283,2026-01-23 06:00:00,3946.0,size_fit,processed,wallet
REF0005997,ORD0057379,A027284,2026-01-22 06:00:00,3676.0,size_fit,processed,wallet
REF0005998,ORD0057381,A027284,2026-01-24 06:00:00,2270.0,size_fit,processed,original_payment
REF0005999,ORD0057382,A027285,2026-01-21 06:00:00,3530.0,size_fit,processed,original_payment
REF0006000,ORD0057384,A027285,2026-01-24 06:00:00,2479.0,size_fit,processed,bank_transfer
REF0006001,ORD0057385,A027286,2026-01-22 06:00:00,2377.0,size_fit,processed,bank_transfer
REF0006002,ORD0057387,A027286,2026-01-23 06:00:00,1942.0,size_fit,processed,bank_transfer
REF0006003,ORD0057388,A027287,2026-01-21 06:00:00,3023.0,size_fit,processed,bank_transfer
REF0006004,ORD0057390,A027287,2026-01-23 06:00:00,3169.0,size_fit,processed,original_payment
REF0006005,ORD0057391,A027288,2026-01-22 06:00:00,3092.0,size_fit,processed,original_payment
REF0006006,ORD0057393,A027288,2026-01-25 06:00:00,1730.0,size_fit,processed,wallet
REF0006007,ORD0057394,A027289,2026-01-23 06:00:00,2296.0,size_fit,processed,wallet
REF0006008,ORD0057396,A027289,2026-01-24 06:00:00,1775.0,size_fit,processed,bank_transfer
REF0006009,ORD0057397,A027290,2026-01-23 06:00:00,2282.0,size_fit,processed,original_payment
REF0006010,ORD0057399,A027290,2026-01-22 06:00:00,3330.0,size_fit,processed,original_payment
REF0006011,ORD0057400,A027291,2026-01-19 06:00:00,2884.0,size_fit,processed,original_payment
REF0006012,ORD0057402,A027291,2026-01-23 06:00:00,1532.0,size_fit,processed,wallet
REF0006013,ORD0057403,A027292,2026-01-22 06:00:00,2662.0,size_fit,processed,bank_transfer
REF0006014,ORD0057405,A027292,2026-01-23 06:00:00,3181.0,size_fit,processed,bank_transfer
REF0006015,ORD0057406,A027293,2026-01-19 06:00:00,3168.0,size_fit,processed,original_payment
REF0006016,ORD0057408,A027293,2026-01-24 06:00:00,3082.0,size_fit,processed,wallet
REF0006017,ORD0057409,A027294,2026-01-22 06:00:00,3056.0,size_fit,processed,original_payment
REF0006018,ORD0057411,A027294,2026-01-24 06:00:00,2053.0,size_fit,processed,original_payment
REF0006019,ORD0057412,A027295,2026-01-20 06:00:00,2334.0,size_fit,processed,bank_transfer
REF0006020,ORD0057414,A027295,2026-01-24 06:00:00,1509.0,size_fit,processed,wallet
REF0006021,ORD0057415,A027296,2026-01-21 06:00:00,3759.0,size_fit,processed,original_payment
REF0006022,ORD0057417,A027296,2026-01-24 06:00:00,3670.0,size_fit,processed,wallet
REF0006023,ORD0057418,A027297,2026-01-21 06:00:00,2188.0,size_fit,processed,bank_transfer
REF0006024,ORD0057420,A027297,2026-01-22 06:00:00,2587.0,size_fit,processed,original_payment
REF0006025,ORD0057421,A027298,2026-01-23 06:00:00,3734.0,size_fit,processed,bank_transfer
REF0006026,ORD0057423,A027298,2026-01-23 06:00:00,1982.0,size_fit,processed,wallet
REF0006027,ORD0057424,A027299,2026-01-21 06:00:00,2916.0,size_fit,processed,bank_transfer
REF0006028,ORD0057426,A027299,2026-01-22 06:00:00,3203.0,size_fit,processed,wallet
REF0006029,ORD0057516,A027329,2026-02-03 06:00:00,867.0,not_as_described,processed,original_payment
REF0006030,ORD0057537,A027336,2026-01-30 06:00:00,1075.0,not_as_described,processed,bank_transfer
REF0006031,ORD0057564,A027345,2026-01-28 06:00:00,4936.0,not_as_described,processed,bank_transfer
REF0006032,ORD0057577,A027350,2026-01-26 06:00:00,2130.0,not_as_described,processed,wallet
REF0006033,ORD0057601,A027358,2026-01-29 06:00:00,2142.0,not_as_described,processed,original_payment
REF0006034,ORD0057612,A027361,2026-01-31 06:00:00,4054.0,not_as_described,processed,wallet
REF0006035,ORD0057628,A027367,2026-01-28 06:00:00,3547.0,not_as_described,processed,original_payment
REF0006036,ORD0057652,A027375,2026-01-24 06:00:00,2317.0,not_as_described,processed,bank_transfer
REF0006037,ORD0057661,A027378,2026-01-31 06:00:00,783.0,not_as_described,processed,bank_transfer
REF0006038,ORD0057691,A027388,2026-01-29 06:00:00,4371.0,not_as_described,processed,original_payment
REF0006039,ORD0057701,A027391,2026-01-28 06:00:00,4935.0,not_as_described,processed,bank_transfer
REF0006040,ORD0057702,A027391,2026-01-30 06:00:00,4097.0,not_as_described,processed,original_payment
REF0006041,ORD0057724,A027399,2026-01-30 06:00:00,3284.0,not_as_described,processed,original_payment
REF0006042,ORD0057765,A027412,2026-01-29 06:00:00,1554.0,not_as_described,processed,wallet
REF0006043,ORD0057787,A027420,2026-01-26 06:00:00,669.0,not_as_described,processed,original_payment
REF0006044,ORD0057805,A027426,2026-01-26 06:00:00,3812.0,not_as_described,processed,bank_transfer
REF0006045,ORD0057821,A027431,2026-01-28 06:00:00,1353.0,not_as_described,processed,wallet
REF0006046,ORD0057832,A027435,2026-01-25 06:00:00,2805.0,not_as_described,processed,original_payment
REF0006047,ORD0057880,A027451,2026-01-27 06:00:00,1072.0,not_as_described,processed,original_payment
REF0006048,ORD0057884,A027452,2026-01-29 06:00:00,946.0,not_as_described,processed,original_payment
REF0006049,ORD0057894,A027455,2026-01-29 06:00:00,3261.0,not_as_described,processed,wallet
REF0006050,ORD0057913,A027462,2026-01-29 06:00:00,2501.0,not_as_described,processed,original_payment
REF0006051,ORD0057949,A027474,2026-02-01 06:00:00,2256.0,not_as_described,processed,original_payment
REF0006052,ORD0057952,A027475,2026-01-27 06:00:00,3253.0,not_as_described,processed,wallet
REF0006053,ORD0057963,A027478,2026-01-31 06:00:00,1901.0,not_as_described,processed,bank_transfer
REF0006054,ORD0057973,A027482,2026-01-30 06:00:00,3045.0,not_as_described,processed,original_payment
REF0006055,ORD0057982,A027485,2026-01-27 06:00:00,2460.0,not_as_described,processed,bank_transfer
REF0006056,ORD0058017,A027496,2026-01-28 06:00:00,587.0,not_as_described,processed,bank_transfer
REF0006057,ORD0058023,A027498,2026-01-31 06:00:00,932.0,not_as_described,processed,wallet
REF0006058,ORD0058029,A027500,2026-01-27 06:00:00,4945.0,not_as_described,processed,wallet
REF0006059,ORD0058106,A027526,2026-01-28 06:00:00,1133.0,not_as_described,processed,original_payment
REF0006060,ORD0058107,A027526,2026-01-30 06:00:00,2376.0,not_as_described,processed,wallet
REF0006061,ORD0058110,A027527,2026-01-29 06:00:00,4346.0,not_as_described,processed,wallet
REF0006062,ORD0058143,A027538,2026-02-01 06:00:00,4884.0,not_as_described,processed,wallet
REF0006063,ORD0058148,A027540,2026-01-28 06:00:00,1229.0,not_as_described,processed,original_payment
REF0006064,ORD0058152,A027541,2026-01-29 06:00:00,832.0,not_as_described,processed,bank_transfer
REF0006065,ORD0058176,A027549,2026-02-03 06:00:00,3388.0,not_as_described,processed,wallet
REF0006066,ORD0058205,A027559,2026-02-02 06:00:00,841.0,not_as_described,processed,bank_transfer
REF0006067,ORD0058238,A027570,2026-01-28 06:00:00,651.0,not_as_described,processed,original_payment
REF0006068,ORD0058244,A027572,2026-01-31 06:00:00,4049.0,not_as_described,processed,original_payment
REF0006069,ORD0058246,A027573,2026-01-31 06:00:00,1831.0,not_as_described,processed,wallet
REF0006070,ORD0058272,A027581,2026-01-31 06:00:00,3874.0,not_as_described,processed,wallet
REF0006071,ORD0058313,A027595,2026-01-28 06:00:00,1289.0,not_as_described,processed,wallet
REF0006072,ORD0058336,A027603,2026-01-29 06:00:00,1476.0,not_as_described,processed,bank_transfer
REF0006073,ORD0058382,A027618,2026-01-30 06:00:00,2324.0,not_as_described,processed,wallet
REF0006074,ORD0058393,A027622,2026-01-29 06:00:00,2669.0,not_as_described,processed,original_payment
REF0006075,ORD0058395,A027622,2026-01-28 06:00:00,1000.0,not_as_described,processed,original_payment
REF0006076,ORD0058434,A027635,2026-01-30 06:00:00,1151.0,not_as_described,processed,wallet
REF0006077,ORD0058438,A027637,2026-01-28 06:00:00,2455.0,not_as_described,processed,bank_transfer
REF0006078,ORD0058439,A027637,2026-01-29 06:00:00,3251.0,not_as_described,processed,original_payment
REF0006079,ORD0058479,A027650,2026-01-26 06:00:00,1704.0,not_as_described,processed,wallet
REF0006080,ORD0058507,A027660,2026-01-28 06:00:00,800.0,not_as_described,processed,original_payment
REF0006081,ORD0058509,A027660,2026-01-28 06:00:00,2111.0,not_as_described,processed,original_payment
REF0006082,ORD0058517,A027663,2026-01-29 06:00:00,4389.0,not_as_described,processed,original_payment
REF0006083,ORD0058522,A027665,2026-01-25 06:00:00,1832.0,not_as_described,processed,original_payment
REF0006084,ORD0058581,A027684,2026-01-30 06:00:00,4119.0,not_as_described,processed,bank_transfer
REF0006085,ORD0058585,A027686,2026-01-27 06:00:00,4692.0,not_as_described,processed,original_payment
REF0006086,ORD0058600,A027691,2026-01-27 06:00:00,2065.0,not_as_described,processed,bank_transfer
REF0006087,ORD0058610,A027694,2026-02-01 06:00:00,2991.0,not_as_described,processed,original_payment
REF0006088,ORD0058618,A027697,2026-01-29 06:00:00,3081.0,not_as_described,processed,original_payment
REF0006089,ORD0058623,A027698,2026-02-01 06:00:00,3812.0,not_as_described,processed,wallet
REF0006090,ORD0058634,A027702,2026-01-29 06:00:00,2068.0,not_as_described,processed,bank_transfer
REF0006091,ORD0058644,A027705,2026-01-28 06:00:00,3230.0,not_as_described,processed,bank_transfer
REF0006092,ORD0058755,A027742,2026-01-29 06:00:00,3689.0,not_as_described,processed,original_payment
REF0006093,ORD0058761,A027744,2026-02-02 06:00:00,1961.0,not_as_described,processed,bank_transfer
REF0006094,ORD0058862,A027778,2026-01-29 06:00:00,732.0,not_as_described,processed,bank_transfer
REF0006095,ORD0058905,A027792,2026-01-30 06:00:00,4840.0,not_as_described,processed,original_payment
REF0006096,ORD0058916,A027796,2026-01-29 06:00:00,3311.0,not_as_described,processed,bank_transfer
REF0006097,ORD0058918,A027797,2026-01-28 06:00:00,960.0,not_as_described,processed,wallet
REF0006098,ORD0058939,A027804,2026-01-30 06:00:00,2860.0,not_as_described,processed,wallet
REF0006099,ORD0058950,A027807,2026-01-29 06:00:00,1818.0,not_as_described,processed,original_payment
REF0006100,ORD0058975,A027816,2026-01-26 06:00:00,4002.0,not_as_described,processed,original_payment
REF0006101,ORD0058977,A027816,2026-01-31 06:00:00,1341.0,not_as_described,processed,original_payment
REF0006102,ORD0059064,A027845,2026-01-29 06:00:00,3783.0,not_as_described,processed,original_payment
REF0006103,ORD0059088,A027853,2026-01-31 06:00:00,3450.0,not_as_described,processed,original_payment
REF0006104,ORD0059090,A027854,2026-02-01 06:00:00,4642.0,not_as_described,processed,bank_transfer
REF0006105,ORD0059116,A027863,2026-01-30 06:00:00,2608.0,not_as_described,processed,bank_transfer
REF0006106,ORD0059152,A027875,2026-01-27 06:00:00,3517.0,not_as_described,processed,wallet
REF0006107,ORD0059168,A027880,2026-01-27 06:00:00,2808.0,not_as_described,processed,wallet
REF0006108,ORD0059183,A027885,2026-01-27 06:00:00,526.0,not_as_described,processed,original_payment
REF0006109,ORD0059191,A027888,2026-01-30 06:00:00,1399.0,not_as_described,processed,bank_transfer
REF0006110,ORD0059216,A027896,2026-01-28 06:00:00,1484.0,not_as_described,processed,original_payment
REF0006111,ORD0059245,A027906,2026-01-27 06:00:00,743.0,not_as_described,processed,wallet
REF0006112,ORD0059270,A027914,2026-01-29 06:00:00,4198.0,not_as_described,processed,bank_transfer
REF0006113,ORD0059307,A027926,2026-01-31 06:00:00,1742.0,not_as_described,processed,original_payment
REF0006114,ORD0059346,A027939,2026-01-31 06:00:00,3861.0,not_as_described,processed,wallet
REF0006115,ORD0059358,A027943,2026-01-30 06:00:00,4240.0,not_as_described,processed,original_payment
REF0006116,ORD0059384,A027952,2026-01-28 06:00:00,2132.0,not_as_described,processed,bank_transfer
REF0006117,ORD0059396,A027956,2026-01-29 06:00:00,1774.0,not_as_described,processed,bank_transfer
REF0006118,ORD0059398,A027957,2026-01-29 06:00:00,3724.0,not_as_described,processed,bank_transfer
REF0006119,ORD0059428,A027967,2026-01-29 06:00:00,2754.0,not_as_described,processed,original_payment
REF0006120,ORD0059442,A027971,2026-01-31 06:00:00,2298.0,not_as_described,processed,bank_transfer
REF0006121,ORD0059444,A027972,2026-01-30 06:00:00,3465.0,not_as_described,processed,original_payment
REF0006122,ORD0059454,A027975,2026-01-27 06:00:00,1713.0,not_as_described,processed,original_payment
REF0006123,ORD0059459,A027977,2026-01-27 06:00:00,2951.0,not_as_described,processed,original_payment
REF0006124,ORD0059493,A027988,2026-02-01 06:00:00,1632.0,not_as_described,processed,original_payment
REF0006125,ORD0059505,A027992,2026-01-31 06:00:00,4350.0,not_as_described,processed,original_payment
REF0006126,ORD0059508,A027993,2026-01-31 06:00:00,868.0,not_as_described,processed,bank_transfer
REF0006127,ORD0059533,A028002,2026-01-29 06:00:00,4060.0,not_as_described,processed,wallet
REF0006128,ORD0059569,A028014,2026-01-30 06:00:00,2726.0,not_as_described,processed,original_payment
REF0006129,ORD0059575,A028016,2026-01-28 06:00:00,2212.0,not_as_described,processed,wallet
REF0006130,ORD0059599,A028024,2026-01-29 06:00:00,3263.0,not_as_described,processed,bank_transfer
REF0006131,ORD0059647,A028040,2026-01-27 06:00:00,2079.0,not_as_described,processed,wallet
REF0006132,ORD0059703,A028058,2026-02-02 06:00:00,4360.0,not_as_described,processed,bank_transfer
REF0006133,ORD0059724,A028065,2026-01-29 06:00:00,1124.0,not_as_described,processed,original_payment
REF0006134,ORD0059734,A028069,2026-01-29 06:00:00,4811.0,not_as_described,processed,bank_transfer
REF0006135,ORD0059845,A028106,2026-01-27 06:00:00,2372.0,not_as_described,processed,wallet
REF0006136,ORD0059963,A028145,2026-01-29 06:00:00,1031.0,not_as_described,processed,wallet
REF0006137,ORD0059966,A028146,2026-01-28 06:00:00,844.0,not_as_described,processed,original_payment
REF0006138,ORD0060008,A028160,2026-01-28 06:00:00,1634.0,not_as_described,processed,bank_transfer
REF0006139,ORD0060026,A028166,2026-01-28 06:00:00,1499.0,not_as_described,processed,bank_transfer
REF0006140,ORD0060109,A028194,2026-02-01 06:00:00,615.0,not_as_described,processed,original_payment
REF0006141,ORD0060121,A028198,2026-01-29 06:00:00,3894.0,not_as_described,processed,wallet
REF0006142,ORD0060127,A028200,2026-01-31 06:00:00,2672.0,not_as_described,processed,bank_transfer
REF0006143,ORD0060130,A028200,2026-02-02 06:00:00,2515.0,not_as_described,processed,wallet
REF0006144,ORD0060134,A028200,2026-02-08 06:00:00,3015.0,not_as_described,processed,original_payment
REF0006145,ORD0060155,A028203,2026-02-05 06:00:00,3473.0,not_as_described,processed,wallet
REF0006146,ORD0060162,A028204,2026-02-02 06:00:00,2711.0,not_as_described,processed,wallet
REF0006147,ORD0060163,A028204,2026-02-03 06:00:00,2803.0,not_as_described,processed,wallet
REF0006148,ORD0060166,A028204,2026-02-06 06:00:00,3287.0,not_as_described,processed,wallet
REF0006149,ORD0060182,A028206,2026-02-07 06:00:00,3194.0,not_as_described,processed,original_payment
REF0006150,ORD0060203,A028209,2026-02-05 06:00:00,1697.0,not_as_described,processed,original_payment
REF0006151,ORD0060205,A028209,2026-02-06 06:00:00,2550.0,not_as_described,processed,bank_transfer
REF0006152,ORD0060222,A028211,2026-02-09 06:00:00,3068.0,not_as_described,processed,original_payment
REF0006153,ORD0060224,A028212,2026-02-01 06:00:00,3100.0,not_as_described,processed,bank_transfer
REF0006154,ORD0060231,A028213,2026-01-30 06:00:00,849.0,not_as_described,processed,wallet
REF0006155,ORD0060256,A028216,2026-01-31 06:00:00,1034.0,not_as_described,processed,bank_transfer
REF0006156,ORD0060260,A028216,2026-02-06 06:00:00,2347.0,not_as_described,processed,original_payment
REF0006157,ORD0060266,A028217,2026-02-03 06:00:00,2183.0,not_as_described,processed,wallet
REF0006158,ORD0060270,A028217,2026-02-07 06:00:00,1334.0,not_as_described,processed,bank_transfer
REF0006159,ORD0060273,A028218,2026-02-02 06:00:00,2209.0,not_as_described,processed,bank_transfer
REF0006160,ORD0060283,A028219,2026-02-05 06:00:00,2179.0,not_as_described,processed,original_payment
REF0006161,ORD0060321,A028224,2026-02-02 06:00:00,1883.0,not_as_described,processed,wallet
REF0006162,ORD0060325,A028224,2026-02-06 06:00:00,2726.0,not_as_described,processed,original_payment
REF0006163,ORD0060332,A028225,2026-02-03 06:00:00,2024.0,not_as_described,processed,wallet
REF0006164,ORD0060340,A028226,2026-02-07 06:00:00,1854.0,not_as_described,processed,wallet
REF0006165,ORD0060343,A028227,2026-02-01 06:00:00,1233.0,not_as_described,processed,original_payment
REF0006166,ORD0060344,A028227,2026-01-31 06:00:00,1728.0,not_as_described,processed,bank_transfer
REF0006167,ORD0060347,A028227,2026-02-05 06:00:00,3453.0,not_as_described,processed,bank_transfer
REF0006168,ORD0060363,A028229,2026-02-03 06:00:00,1221.0,not_as_described,processed,wallet
REF0006169,ORD0060365,A028229,2026-02-07 06:00:00,2211.0,not_as_described,processed,bank_transfer
REF0006170,ORD0060367,A028230,2026-01-31 06:00:00,2721.0,not_as_described,processed,bank_transfer
REF0006171,ORD0060368,A028230,2026-01-31 06:00:00,2813.0,not_as_described,processed,wallet
REF0006172,ORD0060380,A028231,2026-02-06 06:00:00,3056.0,not_as_described,processed,wallet
REF0006173,ORD0060387,A028232,2026-02-05 06:00:00,1887.0,not_as_described,processed,wallet
REF0006174,ORD0060396,A028233,2026-02-05 06:00:00,1564.0,not_as_described,processed,bank_transfer
REF0006175,ORD0060418,A028236,2026-02-02 06:00:00,3140.0,not_as_described,processed,original_payment
REF0006176,ORD0060426,A028237,2026-02-02 06:00:00,2516.0,not_as_described,processed,original_payment
REF0006177,ORD0060438,A028238,2026-02-06 06:00:00,2230.0,not_as_described,processed,wallet
REF0006178,ORD0060439,A028239,2026-02-01 06:00:00,1595.0,not_as_described,processed,bank_transfer
REF0006179,ORD0060441,A028239,2026-02-04 06:00:00,2713.0,not_as_described,processed,bank_transfer
REF0006180,ORD0060442,A028239,2026-02-03 06:00:00,1379.0,not_as_described,processed,wallet
REF0006181,ORD0060445,A028239,2026-02-07 06:00:00,2515.0,not_as_described,processed,bank_transfer
REF0006182,ORD0060477,A028243,2026-02-06 06:00:00,2822.0,not_as_described,processed,wallet
REF0006183,ORD0060483,A028244,2026-02-05 06:00:00,2432.0,not_as_described,processed,wallet
REF0006184,ORD0060501,A028246,2026-02-07 06:00:00,1822.0,not_as_described,processed,wallet
REF0006185,ORD0060503,A028247,2026-01-29 06:00:00,1526.0,not_as_described,processed,original_payment
REF0006186,ORD0060504,A028247,2026-02-01 06:00:00,1540.0,not_as_described,processed,original_payment
REF0006187,ORD0060506,A028247,2026-02-03 06:00:00,2819.0,not_as_described,processed,original_payment
REF0006188,ORD0060518,A028248,2026-02-07 06:00:00,843.0,not_as_described,processed,original_payment
REF0006189,ORD0060519,A028249,2026-01-30 06:00:00,938.0,not_as_described,processed,original_payment
REF0006190,ORD0060523,A028249,2026-02-03 06:00:00,911.0,not_as_described,processed,bank_transfer
REF0006191,ORD0060535,A028251,2026-01-31 06:00:00,1836.0,not_as_described,processed,wallet
REF0006192,ORD0060540,A028251,2026-02-04 06:00:00,2899.0,not_as_described,processed,bank_transfer
REF0006193,ORD0060543,A028252,2026-02-01 06:00:00,1822.0,not_as_described,processed,original_payment
REF0006194,ORD0060550,A028252,2026-02-07 06:00:00,3087.0,not_as_described,processed,wallet
REF0006195,ORD0060565,A028254,2026-02-05 06:00:00,2600.0,not_as_described,processed,wallet
REF0006196,ORD0060568,A028255,2026-02-03 06:00:00,2773.0,not_as_described,processed,original_payment
REF0006197,ORD0060580,A028256,2026-02-05 06:00:00,1876.0,not_as_described,processed,wallet
REF0006198,ORD0060584,A028257,2026-02-02 06:00:00,2751.0,not_as_described,processed,wallet
REF0006199,ORD0060586,A028257,2026-02-01 06:00:00,1762.0,not_as_described,processed,wallet
REF0006200,ORD0060605,A028259,2026-02-05 06:00:00,2596.0,not_as_described,processed,wallet
REF0006201,ORD0060612,A028260,2026-02-05 06:00:00,3326.0,not_as_described,processed,original_payment
REF0006202,ORD0060627,A028262,2026-02-05 06:00:00,2336.0,not_as_described,processed,wallet
REF0006203,ORD0060636,A028263,2026-02-04 06:00:00,2188.0,not_as_described,processed,original_payment
REF0006204,ORD0060637,A028263,2026-02-06 06:00:00,877.0,not_as_described,processed,original_payment
REF0006205,ORD0060642,A028264,2026-02-03 06:00:00,907.0,not_as_described,processed,wallet
REF0006206,ORD0060655,A028266,2026-02-01 06:00:00,1431.0,not_as_described,processed,wallet
REF0006207,ORD0060658,A028266,2026-02-03 06:00:00,2762.0,not_as_described,processed,wallet
REF0006208,ORD0060663,A028267,2026-01-31 06:00:00,3497.0,not_as_described,processed,wallet
REF0006209,ORD0060665,A028267,2026-02-02 06:00:00,3067.0,not_as_described,processed,bank_transfer
REF0006210,ORD0060666,A028267,2026-02-04 06:00:00,3461.0,not_as_described,processed,original_payment
REF0006211,ORD0060674,A028268,2026-02-04 06:00:00,3194.0,not_as_described,processed,bank_transfer
REF0006212,ORD0060676,A028268,2026-02-04 06:00:00,902.0,not_as_described,processed,bank_transfer
REF0006213,ORD0060701,A028271,2026-02-07 06:00:00,1030.0,not_as_described,processed,bank_transfer
REF0006214,ORD0060708,A028272,2026-02-05 06:00:00,2034.0,not_as_described,processed,wallet
REF0006215,ORD0060714,A028273,2026-02-03 06:00:00,2297.0,not_as_described,processed,wallet
REF0006216,ORD0060720,A028274,2026-02-02 06:00:00,1027.0,not_as_described,processed,wallet
REF0006217,ORD0060736,A028276,2026-02-03 06:00:00,2064.0,not_as_described,processed,original_payment
REF0006218,ORD0060737,A028276,2026-02-02 06:00:00,3452.0,not_as_described,processed,original_payment
REF0006219,ORD0060749,A028277,2026-02-04 06:00:00,1966.0,not_as_described,processed,bank_transfer
REF0006220,ORD0060752,A028278,2026-02-01 06:00:00,3419.0,not_as_described,processed,original_payment
REF0006221,ORD0060753,A028278,2026-02-03 06:00:00,3340.0,not_as_described,processed,wallet
REF0006222,ORD0060754,A028278,2026-02-03 06:00:00,1196.0,not_as_described,processed,bank_transfer
REF0006223,ORD0060778,A028281,2026-02-01 06:00:00,2655.0,not_as_described,processed,original_payment
REF0006224,ORD0060784,A028282,2026-02-01 06:00:00,1941.0,not_as_described,processed,original_payment
REF0006225,ORD0060789,A028282,2026-02-05 06:00:00,2978.0,not_as_described,processed,wallet
REF0006226,ORD0060792,A028283,2026-01-30 06:00:00,3105.0,not_as_described,processed,bank_transfer
REF0006227,ORD0060796,A028283,2026-02-06 06:00:00,1760.0,not_as_described,processed,original_payment
REF0006228,ORD0060803,A028284,2026-02-04 06:00:00,2173.0,not_as_described,processed,wallet
REF0006229,ORD0060804,A028284,2026-02-04 06:00:00,1314.0,not_as_described,processed,wallet
REF0006230,ORD0060809,A028285,2026-01-31 06:00:00,2224.0,not_as_described,processed,bank_transfer
REF0006231,ORD0060813,A028285,2026-02-04 06:00:00,3016.0,not_as_described,processed,bank_transfer
REF0006232,ORD0060818,A028286,2026-02-05 06:00:00,1196.0,not_as_described,processed,bank_transfer
REF0006233,ORD0060819,A028286,2026-02-06 06:00:00,2926.0,not_as_described,processed,original_payment
REF0006234,ORD0060826,A028287,2026-02-04 06:00:00,2437.0,not_as_described,processed,wallet
REF0006235,ORD0060828,A028287,2026-02-04 06:00:00,1654.0,not_as_described,processed,bank_transfer
REF0006236,ORD0060847,A028290,2026-01-29 06:00:00,1079.0,not_as_described,processed,bank_transfer
REF0006237,ORD0060848,A028290,2026-01-30 06:00:00,2480.0,not_as_described,processed,original_payment
REF0006238,ORD0060851,A028290,2026-02-04 06:00:00,2431.0,not_as_described,processed,original_payment
REF0006239,ORD0060859,A028291,2026-02-03 06:00:00,802.0,not_as_described,processed,bank_transfer
REF0006240,ORD0060860,A028291,2026-02-03 06:00:00,1717.0,not_as_described,processed,original_payment
REF0006241,ORD0060862,A028291,2026-02-05 06:00:00,3468.0,not_as_described,processed,wallet
REF0006242,ORD0060868,A028292,2026-02-03 06:00:00,3472.0,not_as_described,processed,original_payment
REF0006243,ORD0060869,A028292,2026-02-06 06:00:00,2835.0,not_as_described,processed,wallet
REF0006244,ORD0060878,A028293,2026-02-08 06:00:00,2196.0,not_as_described,processed,original_payment
REF0006245,ORD0060906,A028297,2026-02-04 06:00:00,2198.0,not_as_described,processed,bank_transfer
REF0006246,ORD0060915,A028298,2026-02-03 06:00:00,2107.0,not_as_described,processed,bank_transfer
REF0006247,ORD0060916,A028298,2026-02-06 06:00:00,1974.0,not_as_described,processed,wallet
REF0006248,ORD0060921,A028299,2026-02-01 06:00:00,1831.0,not_as_described,processed,wallet
REF0006249,ORD0060923,A028299,2026-02-04 06:00:00,2668.0,not_as_described,processed,wallet
REF0006250,ORD0060927,A028300,2026-02-02 06:00:00,2502.0,not_as_described,processed,original_payment
REF0006251,ORD0060931,A028300,2026-02-03 06:00:00,2649.0,not_as_described,processed,wallet
REF0006252,ORD0060944,A028302,2026-01-30 06:00:00,3185.0,not_as_described,processed,original_payment
REF0006253,ORD0060970,A028305,2026-02-03 06:00:00,919.0,not_as_described,processed,bank_transfer
REF0006254,ORD0060982,A028306,2026-02-07 06:00:00,1482.0,not_as_described,processed,bank_transfer
REF0006255,ORD0060987,A028307,2026-02-04 06:00:00,3096.0,not_as_described,processed,bank_transfer
REF0006256,ORD0060994,A028308,2026-02-03 06:00:00,1247.0,not_as_described,processed,bank_transfer
REF0006257,ORD0060997,A028308,2026-02-07 06:00:00,2725.0,not_as_described,processed,original_payment
REF0006258,ORD0060999,A028309,2026-02-01 06:00:00,2064.0,not_as_described,processed,bank_transfer
REF0006259,ORD0061001,A028309,2026-02-02 06:00:00,1560.0,not_as_described,processed,bank_transfer
REF0006260,ORD0061013,A028310,2026-02-05 06:00:00,2478.0,not_as_described,processed,wallet
REF0006261,ORD0061020,A028311,2026-02-05 06:00:00,1327.0,not_as_described,processed,original_payment
REF0006262,ORD0061024,A028312,2026-02-02 06:00:00,2044.0,not_as_described,processed,original_payment
REF0006263,ORD0061058,A028316,2026-02-04 06:00:00,2285.0,not_as_described,processed,wallet
REF0006264,ORD0061063,A028317,2026-01-30 06:00:00,871.0,not_as_described,processed,wallet
REF0006265,ORD0061070,A028317,2026-02-08 06:00:00,1004.0,not_as_described,processed,bank_transfer
REF0006266,ORD0061080,A028319,2026-01-31 06:00:00,1247.0,not_as_described,processed,wallet
REF0006267,ORD0061098,A028321,2026-02-05 06:00:00,873.0,not_as_described,processed,bank_transfer
REF0006268,ORD0061099,A028321,2026-02-05 06:00:00,1332.0,not_as_described,processed,original_payment
REF0006269,ORD0061105,A028322,2026-02-03 06:00:00,3108.0,not_as_described,processed,bank_transfer
REF0006270,ORD0061114,A028323,2026-02-04 06:00:00,1268.0,not_as_described,processed,bank_transfer
REF0006271,ORD0061122,A028324,2026-02-03 06:00:00,2445.0,not_as_described,processed,original_payment
REF0006272,ORD0061164,A028329,2026-02-05 06:00:00,3271.0,not_as_described,processed,original_payment
REF0006273,ORD0061174,A028330,2026-02-06 06:00:00,2334.0,not_as_described,processed,wallet
REF0006274,ORD0061177,A028331,2026-02-03 06:00:00,2984.0,not_as_described,processed,wallet
REF0006275,ORD0061183,A028332,2026-01-31 06:00:00,1318.0,not_as_described,processed,wallet
REF0006276,ORD0061185,A028332,2026-02-01 06:00:00,2474.0,not_as_described,processed,original_payment
REF0006277,ORD0061188,A028332,2026-02-04 06:00:00,2311.0,not_as_described,processed,bank_transfer
REF0006278,ORD0061190,A028332,2026-02-05 06:00:00,810.0,not_as_described,processed,wallet
REF0006279,ORD0061191,A028333,2026-01-29 06:00:00,1145.0,not_as_described,processed,original_payment
REF0006280,ORD0061201,A028334,2026-02-02 06:00:00,2817.0,not_as_described,processed,wallet
REF0006281,ORD0061208,A028335,2026-01-31 06:00:00,1689.0,not_as_described,processed,bank_transfer
REF0006282,ORD0061211,A028335,2026-02-05 06:00:00,2060.0,not_as_described,processed,bank_transfer
REF0006283,ORD0061214,A028335,2026-02-07 06:00:00,3055.0,not_as_described,processed,bank_transfer
REF0006284,ORD0061220,A028336,2026-02-05 06:00:00,1110.0,not_as_described,processed,original_payment
REF0006285,ORD0061222,A028336,2026-02-07 06:00:00,1150.0,not_as_described,processed,original_payment
REF0006286,ORD0061233,A028338,2026-01-31 06:00:00,1893.0,not_as_described,processed,bank_transfer
REF0006287,ORD0061238,A028338,2026-02-07 06:00:00,2683.0,not_as_described,processed,wallet
REF0006288,ORD0061252,A028340,2026-02-05 06:00:00,1372.0,not_as_described,processed,original_payment
REF0006289,ORD0061259,A028341,2026-02-03 06:00:00,2534.0,not_as_described,processed,wallet
REF0006290,ORD0061260,A028341,2026-02-05 06:00:00,2763.0,not_as_described,processed,bank_transfer
REF0006291,ORD0061279,A028344,2026-01-30 06:00:00,2626.0,not_as_described,processed,wallet
REF0006292,ORD0061282,A028344,2026-02-02 06:00:00,1279.0,not_as_described,processed,wallet
REF0006293,ORD0061283,A028344,2026-02-03 06:00:00,1251.0,not_as_described,processed,wallet
REF0006294,ORD0061289,A028345,2026-02-04 06:00:00,1662.0,not_as_described,processed,original_payment
REF0006295,ORD0061295,A028346,2026-01-30 06:00:00,1268.0,not_as_described,processed,original_payment
REF0006296,ORD0061297,A028346,2026-02-02 06:00:00,2554.0,not_as_described,processed,original_payment
REF0006297,ORD0061300,A028346,2026-02-06 06:00:00,1603.0,not_as_described,processed,bank_transfer
REF0006298,ORD0061331,A028350,2026-02-05 06:00:00,1810.0,not_as_described,processed,wallet
REF0006299,ORD0061332,A028350,2026-02-05 06:00:00,3010.0,not_as_described,processed,bank_transfer
REF0006300,ORD0061340,A028351,2026-02-04 06:00:00,1322.0,not_as_described,processed,original_payment
REF0006301,ORD0061348,A028352,2026-02-05 06:00:00,904.0,not_as_described,processed,bank_transfer
REF0006302,ORD0061353,A028353,2026-02-01 06:00:00,2516.0,not_as_described,processed,original_payment
REF0006303,ORD0061370,A028355,2026-02-03 06:00:00,2800.0,not_as_described,processed,original_payment
REF0006304,ORD0061373,A028355,2026-02-06 06:00:00,1372.0,not_as_described,processed,bank_transfer
REF0006305,ORD0061375,A028356,2026-01-31 06:00:00,1979.0,not_as_described,processed,original_payment
REF0006306,ORD0061392,A028358,2026-02-02 06:00:00,3030.0,not_as_described,processed,original_payment
REF0006307,ORD0061408,A028360,2026-01-31 06:00:00,960.0,not_as_described,processed,wallet
REF0006308,ORD0061434,A028363,2026-02-03 06:00:00,1991.0,not_as_described,processed,bank_transfer
REF0006309,ORD0061445,A028364,2026-02-08 06:00:00,3116.0,not_as_described,processed,original_payment
REF0006310,ORD0061452,A028365,2026-02-06 06:00:00,2140.0,not_as_described,processed,wallet
REF0006311,ORD0061459,A028366,2026-02-04 06:00:00,1722.0,not_as_described,processed,wallet
REF0006312,ORD0061468,A028367,2026-02-05 06:00:00,2889.0,not_as_described,processed,bank_transfer
REF0006313,ORD0061470,A028367,2026-02-07 06:00:00,2936.0,not_as_described,processed,wallet
REF0006314,ORD0061479,A028369,2026-02-01 06:00:00,1683.0,not_as_described,processed,original_payment
REF0006315,ORD0061487,A028370,2026-01-30 06:00:00,3022.0,not_as_described,processed,wallet
REF0006316,ORD0061493,A028370,2026-02-04 06:00:00,3229.0,not_as_described,processed,bank_transfer
REF0006317,ORD0061508,A028372,2026-02-06 06:00:00,1052.0,not_as_described,processed,wallet
REF0006318,ORD0061518,A028373,2026-02-09 06:00:00,1062.0,not_as_described,processed,original_payment
REF0006319,ORD0061519,A028374,2026-01-30 06:00:00,1159.0,not_as_described,processed,bank_transfer
REF0006320,ORD0061539,A028376,2026-02-04 06:00:00,2581.0,not_as_described,processed,wallet
REF0006321,ORD0061565,A028379,2026-02-07 06:00:00,3015.0,not_as_described,processed,bank_transfer
REF0006322,ORD0061578,A028381,2026-02-01 06:00:00,3441.0,not_as_described,processed,original_payment
REF0006323,ORD0061598,A028383,2026-02-09 06:00:00,2305.0,not_as_described,processed,bank_transfer
REF0006324,ORD0061605,A028384,2026-02-05 06:00:00,2618.0,not_as_described,processed,wallet
REF0006325,ORD0061608,A028385,2026-02-01 06:00:00,1673.0,not_as_described,processed,wallet
REF0006326,ORD0061614,A028385,2026-02-06 06:00:00,1262.0,not_as_described,processed,wallet
REF0006327,ORD0061616,A028386,2026-01-31 06:00:00,1993.0,not_as_described,processed,bank_transfer
REF0006328,ORD0061649,A028390,2026-02-02 06:00:00,3222.0,not_as_described,processed,wallet
REF0006329,ORD0061660,A028391,2026-02-06 06:00:00,1607.0,not_as_described,processed,wallet
REF0006330,ORD0061675,A028393,2026-02-03 06:00:00,1128.0,not_as_described,processed,original_payment
REF0006331,ORD0061693,A028395,2026-02-05 06:00:00,1788.0,not_as_described,processed,wallet
REF0006332,ORD0061699,A028396,2026-02-03 06:00:00,910.0,not_as_described,processed,bank_transfer
REF0006333,ORD0061707,A028397,2026-02-06 06:00:00,1916.0,not_as_described,processed,wallet
REF0006334,ORD0061711,A028398,2026-01-31 06:00:00,1411.0,not_as_described,processed,bank_transfer
REF0006335,ORD0061717,A028398,2026-02-04 06:00:00,1395.0,not_as_described,processed,bank_transfer
REF0006336,ORD0061719,A028399,2026-02-01 06:00:00,3021.0,not_as_described,processed,original_payment
REF0006337,ORD0061725,A028399,2026-02-04 06:00:00,2583.0,not_as_described,processed,original_payment
REF0006338,ORD0061734,A028400,2026-02-08 06:00:00,1504.0,not_as_described,processed,bank_transfer
REF0006339,ORD0061736,A028401,2026-01-30 06:00:00,2192.0,not_as_described,processed,wallet
REF0006340,ORD0061754,A028403,2026-02-03 06:00:00,2880.0,not_as_described,processed,wallet
REF0006341,ORD0061755,A028403,2026-02-04 06:00:00,3365.0,not_as_described,processed,bank_transfer
REF0006342,ORD0061758,A028403,2026-02-08 06:00:00,1395.0,not_as_described,processed,wallet
REF0006343,ORD0061776,A028406,2026-01-31 06:00:00,2746.0,not_as_described,processed,original_payment
REF0006344,ORD0061793,A028408,2026-02-02 06:00:00,2398.0,not_as_described,processed,bank_transfer
REF0006345,ORD0061795,A028408,2026-02-06 06:00:00,3224.0,not_as_described,processed,wallet
REF0006346,ORD0061798,A028408,2026-02-08 06:00:00,2421.0,not_as_described,processed,bank_transfer
REF0006347,ORD0061799,A028409,2026-02-01 06:00:00,3343.0,not_as_described,processed,wallet
REF0006348,ORD0061807,A028410,2026-02-02 06:00:00,1741.0,not_as_described,processed,bank_transfer
REF0006349,ORD0061815,A028411,2026-01-31 06:00:00,1722.0,not_as_described,processed,bank_transfer
REF0006350,ORD0061818,A028411,2026-02-05 06:00:00,848.0,not_as_described,processed,wallet
REF0006351,ORD0061842,A028414,2026-02-05 06:00:00,2437.0,not_as_described,processed,bank_transfer
REF0006352,ORD0061846,A028414,2026-02-09 06:00:00,2130.0,not_as_described,processed,wallet
REF0006353,ORD0061853,A028415,2026-02-07 06:00:00,2135.0,not_as_described,processed,bank_transfer
REF0006354,ORD0061862,A028416,2026-02-06 06:00:00,2058.0,not_as_described,processed,original_payment
REF0006355,ORD0061868,A028417,2026-02-07 06:00:00,2105.0,not_as_described,processed,bank_transfer
REF0006356,ORD0061913,A028423,2026-02-02 06:00:00,831.0,not_as_described,processed,wallet
REF0006357,ORD0061930,A028425,2026-02-03 06:00:00,1149.0,not_as_described,processed,original_payment
REF0006358,ORD0061933,A028425,2026-02-06 06:00:00,1106.0,not_as_described,processed,bank_transfer
REF0006359,ORD0061952,A028428,2026-02-01 06:00:00,1847.0,not_as_described,processed,original_payment
REF0006360,ORD0061967,A028430,2026-02-01 06:00:00,2665.0,not_as_described,processed,wallet
REF0006361,ORD0061972,A028430,2026-02-06 06:00:00,2779.0,not_as_described,processed,bank_transfer
REF0006362,ORD0061974,A028430,2026-02-07 06:00:00,805.0,not_as_described,processed,bank_transfer
REF0006363,ORD0061977,A028431,2026-02-04 06:00:00,2308.0,not_as_described,processed,wallet
REF0006364,ORD0061978,A028431,2026-02-03 06:00:00,1709.0,not_as_described,processed,bank_transfer
REF0006365,ORD0061981,A028431,2026-02-07 06:00:00,3124.0,not_as_described,processed,bank_transfer
REF0006366,ORD0061983,A028432,2026-01-31 06:00:00,2000.0,not_as_described,processed,bank_transfer
REF0006367,ORD0061984,A028432,2026-02-01 06:00:00,2828.0,not_as_described,processed,wallet
REF0006368,ORD0061994,A028433,2026-02-03 06:00:00,866.0,not_as_described,processed,original_payment
REF0006369,ORD0062000,A028434,2026-01-30 06:00:00,3088.0,not_as_described,processed,original_payment
REF0006370,ORD0062007,A028435,2026-01-31 06:00:00,1754.0,not_as_described,processed,original_payment
REF0006371,ORD0062011,A028435,2026-02-03 06:00:00,999.0,not_as_described,processed,original_payment
REF0006372,ORD0062028,A028437,2026-02-06 06:00:00,2125.0,not_as_described,processed,original_payment
REF0006373,ORD0062031,A028438,2026-01-31 06:00:00,1652.0,not_as_described,processed,original_payment
REF0006374,ORD0062050,A028440,2026-02-01 06:00:00,2313.0,not_as_described,processed,wallet
REF0006375,ORD0062061,A028441,2026-02-06 06:00:00,1413.0,not_as_described,processed,original_payment
REF0006376,ORD0062066,A028442,2026-02-03 06:00:00,2303.0,not_as_described,processed,bank_transfer
REF0006377,ORD0062080,A028444,2026-02-02 06:00:00,802.0,not_as_described,processed,bank_transfer
REF0006378,ORD0062089,A028445,2026-02-01 06:00:00,1413.0,not_as_described,processed,original_payment
REF0006379,ORD0062125,A028449,2026-02-07 06:00:00,1296.0,not_as_described,processed,wallet
REF0006380,ORD0062158,A028453,2026-02-07 06:00:00,1156.0,not_as_described,processed,bank_transfer
REF0006381,ORD0062168,A028455,2026-01-30 06:00:00,2762.0,not_as_described,processed,wallet
REF0006382,ORD0062169,A028455,2026-02-01 06:00:00,1707.0,not_as_described,processed,bank_transfer
REF0006383,ORD0062170,A028455,2026-02-03 06:00:00,989.0,not_as_described,processed,original_payment
REF0006384,ORD0062174,A028455,2026-02-05 06:00:00,1444.0,not_as_described,processed,bank_transfer
REF0006385,ORD0062179,A028456,2026-02-05 06:00:00,2144.0,not_as_described,processed,wallet
REF0006386,ORD0062183,A028457,2026-02-01 06:00:00,1368.0,not_as_described,processed,bank_transfer
REF0006387,ORD0062185,A028457,2026-02-01 06:00:00,1522.0,not_as_described,processed,bank_transfer
REF0006388,ORD0062202,A028459,2026-02-02 06:00:00,1637.0,not_as_described,processed,wallet
REF0006389,ORD0062219,A028461,2026-02-06 06:00:00,1785.0,not_as_described,processed,original_payment
REF0006390,ORD0062221,A028461,2026-02-07 06:00:00,3402.0,not_as_described,processed,wallet
REF0006391,ORD0062225,A028462,2026-02-03 06:00:00,1666.0,not_as_described,processed,wallet
REF0006392,ORD0062232,A028463,2026-01-31 06:00:00,3052.0,not_as_described,processed,wallet
REF0006393,ORD0062237,A028463,2026-02-06 06:00:00,2739.0,not_as_described,processed,original_payment
REF0006394,ORD0062247,A028465,2026-01-31 06:00:00,3198.0,not_as_described,processed,wallet
REF0006395,ORD0062250,A028465,2026-02-02 06:00:00,898.0,not_as_described,processed,bank_transfer
REF0006396,ORD0062252,A028465,2026-02-04 06:00:00,3052.0,not_as_described,processed,bank_transfer
REF0006397,ORD0062253,A028465,2026-02-07 06:00:00,2091.0,not_as_described,processed,original_payment
REF0006398,ORD0062258,A028466,2026-02-03 06:00:00,2081.0,not_as_described,processed,bank_transfer
REF0006399,ORD0062261,A028466,2026-02-06 06:00:00,2788.0,not_as_described,processed,bank_transfer
REF0006400,ORD0062268,A028467,2026-02-05 06:00:00,1376.0,not_as_described,processed,wallet
REF0006401,ORD0062274,A028468,2026-02-05 06:00:00,2661.0,not_as_described,processed,original_payment
REF0006402,ORD0062275,A028468,2026-02-03 06:00:00,2928.0,not_as_described,processed,bank_transfer
REF0006403,ORD0062278,A028468,2026-02-07 06:00:00,1950.0,not_as_described,processed,bank_transfer
REF0006404,ORD0062292,A028470,2026-02-04 06:00:00,827.0,not_as_described,processed,original_payment
REF0006405,ORD0062341,A028476,2026-02-06 06:00:00,2757.0,not_as_described,processed,original_payment
REF0006406,ORD0062344,A028477,2026-02-03 06:00:00,871.0,not_as_described,processed,wallet
REF0006407,ORD0062349,A028477,2026-02-06 06:00:00,1868.0,not_as_described,processed,wallet
REF0006408,ORD0062351,A028478,2026-01-31 06:00:00,1963.0,not_as_described,processed,bank_transfer
REF0006409,ORD0062375,A028481,2026-01-31 06:00:00,2434.0,not_as_described,processed,wallet
REF0006410,ORD0062392,A028483,2026-01-30 06:00:00,2896.0,not_as_described,processed,original_payment
REF0006411,ORD0062396,A028483,2026-02-03 06:00:00,1266.0,not_as_described,processed,bank_transfer
REF0006412,ORD0062398,A028483,2026-02-09 06:00:00,3086.0,not_as_described,processed,wallet
REF0006413,ORD0062401,A028484,2026-02-03 06:00:00,1139.0,not_as_described,processed,bank_transfer
REF0006414,ORD0062411,A028485,2026-02-03 06:00:00,2048.0,not_as_described,processed,original_payment
REF0006415,ORD0062416,A028486,2026-02-02 06:00:00,1198.0,not_as_described,processed,bank_transfer
REF0006416,ORD0062423,A028487,2026-01-31 06:00:00,2399.0,not_as_described,processed,original_payment
REF0006417,ORD0062433,A028488,2026-02-01 06:00:00,2090.0,not_as_described,processed,wallet
REF0006418,ORD0062439,A028489,2026-02-01 06:00:00,2693.0,not_as_described,processed,wallet
REF0006419,ORD0062446,A028489,2026-02-06 06:00:00,3117.0,not_as_described,processed,wallet
REF0006420,ORD0062455,A028491,2026-01-31 06:00:00,2638.0,not_as_described,processed,original_payment
REF0006421,ORD0062456,A028491,2026-01-31 06:00:00,2166.0,not_as_described,processed,wallet
REF0006422,ORD0062467,A028492,2026-02-05 06:00:00,3353.0,not_as_described,processed,wallet
REF0006423,ORD0062468,A028492,2026-02-06 06:00:00,2979.0,not_as_described,processed,bank_transfer
REF0006424,ORD0062473,A028493,2026-02-03 06:00:00,3469.0,not_as_described,processed,wallet
REF0006425,ORD0062498,A028496,2026-02-03 06:00:00,1382.0,not_as_described,processed,wallet
REF0006426,ORD0062504,A028497,2026-01-30 06:00:00,3070.0,not_as_described,processed,wallet
REF0006427,ORD0062510,A028497,2026-02-07 06:00:00,2123.0,not_as_described,processed,bank_transfer
REF0006428,ORD0062524,A028499,2026-02-04 06:00:00,1642.0,not_as_described,processed,original_payment
REF0006429,ORD0062547,A028502,2026-02-02 06:00:00,1809.0,not_as_described,processed,original_payment
REF0006430,ORD0062551,A028503,2026-02-01 06:00:00,1710.0,not_as_described,processed,bank_transfer
REF0006431,ORD0062552,A028503,2026-01-31 06:00:00,2669.0,not_as_described,processed,original_payment
REF0006432,ORD0062558,A028503,2026-02-05 06:00:00,3255.0,not_as_described,processed,wallet
REF0006433,ORD0062563,A028504,2026-02-06 06:00:00,2771.0,not_as_described,processed,original_payment
REF0006434,ORD0062564,A028504,2026-02-05 06:00:00,938.0,not_as_described,processed,bank_transfer
REF0006435,ORD0062566,A028504,2026-02-07 06:00:00,1867.0,not_as_described,processed,original_payment
REF0006436,ORD0062572,A028505,2026-02-04 06:00:00,1643.0,not_as_described,processed,bank_transfer
REF0006437,ORD0062576,A028506,2026-01-31 06:00:00,1521.0,not_as_described,processed,wallet
REF0006438,ORD0062586,A028507,2026-02-03 06:00:00,1669.0,not_as_described,processed,wallet
REF0006439,ORD0062597,A028508,2026-02-04 06:00:00,2415.0,not_as_described,processed,bank_transfer
REF0006440,ORD0062601,A028509,2026-01-31 06:00:00,2829.0,not_as_described,processed,original_payment
REF0006441,ORD0062635,A028513,2026-02-03 06:00:00,1267.0,not_as_described,processed,original_payment
REF0006442,ORD0062638,A028513,2026-02-07 06:00:00,1130.0,not_as_described,processed,wallet
REF0006443,ORD0062649,A028515,2026-02-02 06:00:00,1333.0,not_as_described,processed,original_payment
REF0006444,ORD0062660,A028516,2026-02-06 06:00:00,1217.0,not_as_described,processed,bank_transfer
REF0006445,ORD0062674,A028518,2026-02-03 06:00:00,1151.0,not_as_described,processed,wallet
REF0006446,ORD0062688,A028520,2026-02-02 06:00:00,2155.0,not_as_described,processed,bank_transfer
REF0006447,ORD0062704,A028522,2026-01-30 06:00:00,3215.0,not_as_described,processed,original_payment
REF0006448,ORD0062714,A028523,2026-02-04 06:00:00,2025.0,not_as_described,processed,wallet
REF0006449,ORD0062735,A028526,2026-01-31 06:00:00,2004.0,not_as_described,processed,original_payment
REF0006450,ORD0062737,A028526,2026-02-03 06:00:00,2874.0,not_as_described,processed,original_payment
REF0006451,ORD0062749,A028527,2026-02-05 06:00:00,2106.0,not_as_described,processed,original_payment
REF0006452,ORD0062750,A028527,2026-02-06 06:00:00,1741.0,not_as_described,processed,wallet
REF0006453,ORD0062751,A028528,2026-01-30 06:00:00,1865.0,not_as_described,processed,wallet
REF0006454,ORD0062752,A028528,2026-02-03 06:00:00,2903.0,not_as_described,processed,bank_transfer
REF0006455,ORD0062754,A028528,2026-02-05 06:00:00,994.0,not_as_described,processed,bank_transfer
REF0006456,ORD0062766,A028529,2026-02-06 06:00:00,1315.0,not_as_described,processed,original_payment
REF0006457,ORD0062773,A028530,2026-02-07 06:00:00,2037.0,not_as_described,processed,original_payment
REF0006458,ORD0062815,A028536,2026-01-30 06:00:00,1385.0,not_as_described,processed,bank_transfer
REF0006459,ORD0062822,A028536,2026-02-08 06:00:00,3187.0,not_as_described,processed,wallet
REF0006460,ORD0062841,A028539,2026-01-31 06:00:00,3147.0,not_as_described,processed,original_payment
REF0006461,ORD0062857,A028541,2026-01-31 06:00:00,2737.0,not_as_described,processed,original_payment
REF0006462,ORD0062864,A028542,2026-01-30 06:00:00,1224.0,not_as_described,processed,wallet
REF0006463,ORD0062874,A028543,2026-02-04 06:00:00,2398.0,not_as_described,processed,original_payment
REF0006464,ORD0062886,A028544,2026-02-08 06:00:00,2385.0,not_as_described,processed,wallet
REF0006465,ORD0062889,A028545,2026-02-03 06:00:00,1323.0,not_as_described,processed,original_payment
REF0006466,ORD0062899,A028546,2026-02-06 06:00:00,2067.0,not_as_described,processed,bank_transfer
REF0006467,ORD0062910,A028547,2026-02-07 06:00:00,2603.0,not_as_described,processed,wallet
REF0006468,ORD0062942,A028551,2026-02-08 06:00:00,905.0,not_as_described,processed,wallet
REF0006469,ORD0062944,A028552,2026-01-30 06:00:00,1625.0,not_as_described,processed,original_payment
REF0006470,ORD0062945,A028552,2026-02-04 06:00:00,2227.0,not_as_described,processed,original_payment
REF0006471,ORD0062951,A028553,2026-01-31 06:00:00,1798.0,not_as_described,processed,original_payment
REF0006472,ORD0062952,A028553,2026-02-01 06:00:00,1906.0,not_as_described,processed,bank_transfer
REF0006473,ORD0062957,A028553,2026-02-05 06:00:00,1731.0,not_as_described,processed,bank_transfer
REF0006474,ORD0062964,A028554,2026-02-04 06:00:00,3128.0,not_as_described,processed,wallet
REF0006475,ORD0062966,A028554,2026-02-07 06:00:00,2468.0,not_as_described,processed,wallet
REF0006476,ORD0062967,A028555,2026-01-30 06:00:00,2321.0,not_as_described,processed,original_payment
REF0006477,ORD0062979,A028556,2026-02-04 06:00:00,1206.0,not_as_described,processed,wallet
REF0006478,ORD0062980,A028556,2026-02-07 06:00:00,2174.0,not_as_described,processed,bank_transfer
REF0006479,ORD0062984,A028557,2026-01-31 06:00:00,2578.0,not_as_described,processed,bank_transfer
REF0006480,ORD0063003,A028559,2026-02-03 06:00:00,2129.0,not_as_described,processed,wallet
REF0006481,ORD0063015,A028561,2026-01-29 06:00:00,2598.0,not_as_described,processed,bank_transfer
REF0006482,ORD0063018,A028561,2026-02-03 06:00:00,2269.0,not_as_described,processed,wallet
REF0006483,ORD0063021,A028561,2026-02-05 06:00:00,1381.0,not_as_described,processed,wallet
REF0006484,ORD0063026,A028562,2026-02-04 06:00:00,2696.0,not_as_described,processed,wallet
REF0006485,ORD0063041,A028564,2026-02-02 06:00:00,1353.0,not_as_described,processed,original_payment
REF0006486,ORD0063048,A028565,2026-02-01 06:00:00,1162.0,not_as_described,processed,wallet
REF0006487,ORD0063053,A028565,2026-02-06 06:00:00,2154.0,not_as_described,processed,original_payment
REF0006488,ORD0063064,A028567,2026-01-31 06:00:00,3121.0,not_as_described,processed,wallet
REF0006489,ORD0063066,A028567,2026-02-03 06:00:00,1810.0,not_as_described,processed,wallet
REF0006490,ORD0063068,A028567,2026-02-03 06:00:00,1594.0,not_as_described,processed,wallet
REF0006491,ORD0063086,A028569,2026-02-07 06:00:00,1979.0,not_as_described,processed,original_payment
REF0006492,ORD0063089,A028570,2026-02-03 06:00:00,2238.0,not_as_described,processed,bank_transfer
REF0006493,ORD0063105,A028572,2026-01-31 06:00:00,819.0,not_as_described,processed,bank_transfer
REF0006494,ORD0063116,A028573,2026-02-04 06:00:00,3238.0,not_as_described,processed,original_payment
REF0006495,ORD0063121,A028574,2026-02-03 06:00:00,3406.0,not_as_described,processed,wallet
REF0006496,ORD0063152,A028578,2026-02-02 06:00:00,2855.0,not_as_described,processed,bank_transfer
REF0006497,ORD0063160,A028579,2026-02-01 06:00:00,2915.0,not_as_described,processed,wallet
REF0006498,ORD0063161,A028579,2026-02-01 06:00:00,2717.0,not_as_described,processed,bank_transfer
REF0006499,ORD0063162,A028579,2026-02-03 06:00:00,2429.0,not_as_described,processed,bank_transfer
REF0006500,ORD0063165,A028579,2026-02-04 06:00:00,2820.0,not_as_described,processed,original_payment
REF0006501,ORD0063170,A028580,2026-02-04 06:00:00,2568.0,not_as_described,processed,wallet
REF0006502,ORD0063173,A028580,2026-02-07 06:00:00,1381.0,not_as_described,processed,original_payment
REF0006503,ORD0063194,A028583,2026-02-02 06:00:00,2198.0,not_as_described,processed,wallet
REF0006504,ORD0063201,A028584,2026-02-03 06:00:00,2554.0,not_as_described,processed,bank_transfer
REF0006505,ORD0063206,A028584,2026-02-07 06:00:00,3267.0,not_as_described,processed,original_payment
REF0006506,ORD0063217,A028586,2026-02-01 06:00:00,940.0,not_as_described,processed,bank_transfer
REF0006507,ORD0063222,A028586,2026-02-08 06:00:00,1020.0,not_as_described,processed,original_payment
REF0006508,ORD0063245,A028589,2026-02-05 06:00:00,1030.0,not_as_described,processed,original_payment
REF0006509,ORD0063249,A028590,2026-02-02 06:00:00,3457.0,not_as_described,processed,wallet
REF0006510,ORD0063283,A028594,2026-02-04 06:00:00,1935.0,not_as_described,processed,bank_transfer
REF0006511,ORD0063294,A028595,2026-02-06 06:00:00,2874.0,not_as_described,processed,original_payment
REF0006512,ORD0063295,A028596,2026-01-31 06:00:00,2656.0,not_as_described,processed,bank_transfer
REF0006513,ORD0063298,A028596,2026-02-03 06:00:00,3423.0,not_as_described,processed,bank_transfer
REF0006514,ORD0063301,A028596,2026-02-07 06:00:00,2875.0,not_as_described,processed,original_payment
REF0006515,ORD0063303,A028597,2026-02-02 06:00:00,3368.0,not_as_described,processed,original_payment
REF0006516,ORD0063304,A028597,2026-02-02 06:00:00,1064.0,not_as_described,processed,wallet
REF0006517,ORD0063305,A028597,2026-02-01 06:00:00,1730.0,not_as_described,processed,bank_transfer
REF0006518,ORD0063313,A028598,2026-02-04 06:00:00,844.0,not_as_described,processed,bank_transfer
REF0006519,ORD0063318,A028598,2026-02-07 06:00:00,2638.0,not_as_described,processed,original_payment
REF0006520,ORD0063336,A028601,2026-01-31 06:00:00,2580.0,not_as_described,processed,bank_transfer
REF0006521,ORD0063345,A028602,2026-02-01 06:00:00,839.0,not_as_described,processed,original_payment
REF0006522,ORD0063349,A028602,2026-02-06 06:00:00,3237.0,not_as_described,processed,bank_transfer
REF0006523,ORD0063373,A028605,2026-02-06 06:00:00,1873.0,not_as_described,processed,bank_transfer
REF0006524,ORD0063374,A028605,2026-02-08 06:00:00,1392.0,not_as_described,processed,original_payment
REF0006525,ORD0063375,A028606,2026-01-30 06:00:00,2259.0,not_as_described,processed,original_payment
REF0006526,ORD0063405,A028609,2026-02-07 06:00:00,3341.0,not_as_described,processed,bank_transfer
REF0006527,ORD0063409,A028610,2026-02-02 06:00:00,2015.0,not_as_described,processed,wallet
REF0006528,ORD0063410,A028610,2026-02-03 06:00:00,1728.0,not_as_described,processed,wallet
REF0006529,ORD0063418,A028611,2026-02-05 06:00:00,1814.0,not_as_described,processed,original_payment
REF0006530,ORD0063424,A028612,2026-02-02 06:00:00,1667.0,not_as_described,processed,bank_transfer
REF0006531,ORD0063428,A028612,2026-02-05 06:00:00,1735.0,not_as_described,processed,bank_transfer
REF0006532,ORD0063443,A028614,2026-02-06 06:00:00,3405.0,not_as_described,processed,original_payment
REF0006533,ORD0063466,A028617,2026-02-01 06:00:00,1901.0,not_as_described,processed,original_payment
REF0006534,ORD0063472,A028618,2026-02-01 06:00:00,838.0,not_as_described,processed,original_payment
REF0006535,ORD0063482,A028619,2026-02-03 06:00:00,2989.0,not_as_described,processed,original_payment
REF0006536,ORD0063483,A028619,2026-02-04 06:00:00,1435.0,not_as_described,processed,original_payment
REF0006537,ORD0063493,A028620,2026-02-06 06:00:00,2966.0,not_as_described,processed,wallet
REF0006538,ORD0063507,A028622,2026-02-05 06:00:00,2052.0,not_as_described,processed,wallet
REF0006539,ORD0063509,A028622,2026-02-07 06:00:00,1468.0,not_as_described,processed,wallet
REF0006540,ORD0063513,A028623,2026-02-03 06:00:00,2254.0,not_as_described,processed,wallet
REF0006541,ORD0063521,A028624,2026-02-03 06:00:00,2451.0,not_as_described,processed,wallet
REF0006542,ORD0063531,A028625,2026-02-04 06:00:00,1296.0,not_as_described,processed,wallet
REF0006543,ORD0063543,A028627,2026-02-02 06:00:00,2167.0,not_as_described,processed,wallet
REF0006544,ORD0063563,A028629,2026-02-03 06:00:00,1210.0,not_as_described,processed,original_payment
REF0006545,ORD0063565,A028629,2026-02-05 06:00:00,2015.0,not_as_described,processed,bank_transfer
REF0006546,ORD0063568,A028630,2026-02-01 06:00:00,2845.0,not_as_described,processed,original_payment
REF0006547,ORD0063575,A028631,2026-02-01 06:00:00,1364.0,not_as_described,processed,wallet
REF0006548,ORD0063591,A028633,2026-01-31 06:00:00,2209.0,not_as_described,processed,wallet
REF0006549,ORD0063598,A028633,2026-02-08 06:00:00,3381.0,not_as_described,processed,wallet
REF0006550,ORD0063608,A028635,2026-01-31 06:00:00,974.0,not_as_described,processed,bank_transfer
REF0006551,ORD0063611,A028635,2026-02-06 06:00:00,2412.0,not_as_described,processed,bank_transfer
REF0006552,ORD0063612,A028635,2026-02-07 06:00:00,3399.0,not_as_described,processed,wallet
REF0006553,ORD0063613,A028635,2026-02-06 06:00:00,2226.0,not_as_described,processed,bank_transfer
REF0006554,ORD0063624,A028637,2026-02-01 06:00:00,1103.0,not_as_described,processed,wallet
REF0006555,ORD0063643,A028639,2026-02-04 06:00:00,1662.0,not_as_described,processed,bank_transfer
REF0006556,ORD0063648,A028640,2026-02-01 06:00:00,1233.0,not_as_described,processed,wallet
REF0006557,ORD0063654,A028640,2026-02-07 06:00:00,2327.0,not_as_described,processed,original_payment
REF0006558,ORD0063664,A028642,2026-02-03 06:00:00,1496.0,not_as_described,processed,bank_transfer
REF0006559,ORD0063670,A028642,2026-02-06 06:00:00,958.0,not_as_described,processed,original_payment
REF0006560,ORD0063674,A028643,2026-02-03 06:00:00,3497.0,not_as_described,processed,wallet
REF0006561,ORD0063676,A028643,2026-02-05 06:00:00,1808.0,not_as_described,processed,original_payment
REF0006562,ORD0063682,A028644,2026-02-04 06:00:00,1942.0,not_as_described,processed,bank_transfer
REF0006563,ORD0063686,A028644,2026-02-08 06:00:00,1052.0,not_as_described,processed,wallet
REF0006564,ORD0063702,A028646,2026-02-08 06:00:00,1413.0,not_as_described,processed,original_payment
REF0006565,ORD0063707,A028647,2026-02-05 06:00:00,1409.0,not_as_described,processed,original_payment
REF0006566,ORD0063712,A028648,2026-02-01 06:00:00,988.0,not_as_described,processed,wallet
REF0006567,ORD0063731,A028650,2026-02-04 06:00:00,1750.0,not_as_described,processed,wallet
REF0006568,ORD0063736,A028651,2026-01-31 06:00:00,2495.0,not_as_described,processed,wallet
REF0006569,ORD0063747,A028652,2026-02-03 06:00:00,3334.0,not_as_described,processed,original_payment
REF0006570,ORD0063754,A028653,2026-02-02 06:00:00,1471.0,not_as_described,processed,original_payment
REF0006571,ORD0063756,A028653,2026-02-04 06:00:00,3178.0,not_as_described,processed,original_payment
REF0006572,ORD0063764,A028654,2026-02-04 06:00:00,1852.0,not_as_described,processed,original_payment
REF0006573,ORD0063766,A028654,2026-02-07 06:00:00,3257.0,not_as_described,processed,bank_transfer
REF0006574,ORD0063775,A028656,2026-01-30 06:00:00,1743.0,not_as_described,processed,bank_transfer
REF0006575,ORD0063776,A028656,2026-01-31 06:00:00,2796.0,not_as_described,processed,original_payment
REF0006576,ORD0063801,A028659,2026-01-31 06:00:00,3377.0,not_as_described,processed,bank_transfer
REF0006577,ORD0063805,A028659,2026-02-06 06:00:00,1745.0,not_as_described,processed,bank_transfer
REF0006578,ORD0063808,A028660,2026-01-31 06:00:00,1335.0,not_as_described,processed,original_payment
REF0006579,ORD0063825,A028662,2026-02-02 06:00:00,3345.0,not_as_described,processed,wallet
REF0006580,ORD0063826,A028662,2026-02-02 06:00:00,1342.0,not_as_described,processed,bank_transfer
REF0006581,ORD0063831,A028663,2026-01-31 06:00:00,1635.0,not_as_described,processed,original_payment
REF0006582,ORD0063848,A028665,2026-02-01 06:00:00,2982.0,not_as_described,processed,original_payment
REF0006583,ORD0063853,A028665,2026-02-07 06:00:00,2604.0,not_as_described,processed,original_payment
REF0006584,ORD0063858,A028666,2026-02-02 06:00:00,1948.0,not_as_described,processed,bank_transfer
REF0006585,ORD0063875,A028668,2026-02-03 06:00:00,3267.0,not_as_described,processed,wallet
REF0006586,ORD0063882,A028669,2026-02-03 06:00:00,3244.0,not_as_described,processed,bank_transfer
REF0006587,ORD0063889,A028670,2026-02-02 06:00:00,1663.0,not_as_described,processed,wallet
REF0006588,ORD0063893,A028670,2026-02-06 06:00:00,2193.0,not_as_described,processed,bank_transfer
REF0006589,ORD0063907,A028672,2026-02-05 06:00:00,1066.0,not_as_described,processed,original_payment
REF0006590,ORD0063913,A028673,2026-02-03 06:00:00,2465.0,not_as_described,processed,original_payment
REF0006591,ORD0063917,A028673,2026-02-06 06:00:00,867.0,not_as_described,processed,bank_transfer
REF0006592,ORD0063931,A028675,2026-02-05 06:00:00,3110.0,not_as_described,processed,bank_transfer
REF0006593,ORD0063940,A028676,2026-02-05 06:00:00,841.0,not_as_described,processed,original_payment
REF0006594,ORD0063944,A028677,2026-01-31 06:00:00,1032.0,not_as_described,processed,bank_transfer
REF0006595,ORD0063952,A028678,2026-02-03 06:00:00,2104.0,not_as_described,processed,bank_transfer
REF0006596,ORD0063958,A028678,2026-02-05 06:00:00,2639.0,not_as_described,processed,original_payment
REF0006597,ORD0063966,A028679,2026-02-09 06:00:00,1016.0,not_as_described,processed,bank_transfer
REF0006598,ORD0063969,A028680,2026-02-04 06:00:00,814.0,not_as_described,processed,original_payment
REF0006599,ORD0063971,A028680,2026-02-06 06:00:00,1775.0,not_as_described,processed,wallet
REF0006600,ORD0063977,A028681,2026-02-02 06:00:00,2122.0,not_as_described,processed,original_payment
REF0006601,ORD0063978,A028681,2026-02-04 06:00:00,1380.0,not_as_described,processed,original_payment
REF0006602,ORD0063983,A028682,2026-01-30 06:00:00,1667.0,not_as_described,processed,original_payment
REF0006603,ORD0064002,A028684,2026-02-01 06:00:00,2187.0,not_as_described,processed,wallet
REF0006604,ORD0064021,A028686,2026-02-07 06:00:00,1726.0,not_as_described,processed,bank_transfer
REF0006605,ORD0064028,A028687,2026-02-04 06:00:00,2170.0,not_as_described,processed,wallet
REF0006606,ORD0064034,A028688,2026-02-03 06:00:00,2217.0,not_as_described,processed,original_payment
REF0006607,ORD0064055,A028691,2026-02-02 06:00:00,1623.0,not_as_described,processed,bank_transfer
REF0006608,ORD0064068,A028692,2026-02-05 06:00:00,1580.0,not_as_described,processed,original_payment
REF0006609,ORD0064071,A028693,2026-01-29 06:00:00,3225.0,not_as_described,processed,bank_transfer
REF0006610,ORD0064074,A028693,2026-02-02 06:00:00,2976.0,not_as_described,processed,bank_transfer
REF0006611,ORD0064083,A028694,2026-02-03 06:00:00,2046.0,not_as_described,processed,bank_transfer
REF0006612,ORD0064088,A028695,2026-02-02 06:00:00,1928.0,not_as_described,processed,bank_transfer
REF0006613,ORD0064090,A028695,2026-02-01 06:00:00,3056.0,not_as_described,processed,bank_transfer
REF0006614,ORD0064095,A028696,2026-01-31 06:00:00,1487.0,not_as_described,processed,original_payment
REF0006615,ORD0064098,A028696,2026-02-04 06:00:00,3471.0,not_as_described,processed,wallet
REF0006616,ORD0064101,A028696,2026-02-08 06:00:00,2927.0,not_as_described,processed,original_payment
REF0006617,ORD0064102,A028696,2026-02-07 06:00:00,992.0,not_as_described,processed,original_payment
REF0006618,ORD0064136,A028701,2026-02-01 06:00:00,2991.0,not_as_described,processed,wallet
REF0006619,ORD0064137,A028701,2026-01-31 06:00:00,2722.0,not_as_described,processed,wallet
REF0006620,ORD0064152,A028703,2026-01-31 06:00:00,2864.0,not_as_described,processed,bank_transfer
REF0006621,ORD0064165,A028704,2026-02-06 06:00:00,1226.0,not_as_described,processed,bank_transfer
REF0006622,ORD0064168,A028705,2026-01-31 06:00:00,1625.0,not_as_described,processed,wallet
REF0006623,ORD0064175,A028706,2026-02-02 06:00:00,2052.0,not_as_described,processed,bank_transfer
REF0006624,ORD0064181,A028706,2026-02-05 06:00:00,2789.0,not_as_described,processed,bank_transfer
REF0006625,ORD0064195,A028708,2026-02-03 06:00:00,3101.0,not_as_described,processed,wallet
REF0006626,ORD0064205,A028709,2026-02-07 06:00:00,2843.0,not_as_described,processed,bank_transfer
REF0006627,ORD0064209,A028710,2026-02-03 06:00:00,2140.0,not_as_described,processed,original_payment
REF0006628,ORD0064213,A028710,2026-02-08 06:00:00,1901.0,not_as_described,processed,wallet
REF0006629,ORD0064214,A028710,2026-02-06 06:00:00,1726.0,not_as_described,processed,bank_transfer
REF0006630,ORD0064216,A028711,2026-01-31 06:00:00,3106.0,not_as_described,processed,wallet
REF0006631,ORD0064225,A028712,2026-02-02 06:00:00,1060.0,not_as_described,processed,original_payment
REF0006632,ORD0064226,A028712,2026-02-03 06:00:00,3460.0,not_as_described,processed,original_payment
REF0006633,ORD0064231,A028713,2026-01-29 06:00:00,1048.0,not_as_described,processed,wallet
REF0006634,ORD0064232,A028713,2026-02-02 06:00:00,3285.0,not_as_described,processed,bank_transfer
REF0006635,ORD0064241,A028714,2026-02-03 06:00:00,3208.0,not_as_described,processed,wallet
REF0006636,ORD0064245,A028714,2026-02-05 06:00:00,885.0,not_as_described,processed,original_payment
REF0006637,ORD0064246,A028714,2026-02-08 06:00:00,2794.0,not_as_described,processed,wallet
REF0006638,ORD0064249,A028715,2026-01-31 06:00:00,3352.0,not_as_described,processed,original_payment
REF0006639,ORD0064252,A028715,2026-02-04 06:00:00,1998.0,not_as_described,processed,original_payment
REF0006640,ORD0064255,A028716,2026-01-30 06:00:00,1762.0,not_as_described,processed,bank_transfer
REF0006641,ORD0064257,A028716,2026-02-02 06:00:00,2163.0,not_as_described,processed,bank_transfer
REF0006642,ORD0064258,A028716,2026-02-05 06:00:00,1398.0,not_as_described,processed,original_payment
REF0006643,ORD0064261,A028716,2026-02-04 06:00:00,2758.0,not_as_described,processed,wallet
REF0006644,ORD0064262,A028716,2026-02-06 06:00:00,1119.0,not_as_described,processed,wallet
REF0006645,ORD0064283,A028719,2026-02-03 06:00:00,1421.0,not_as_described,processed,bank_transfer
REF0006646,ORD0064284,A028719,2026-02-06 06:00:00,3455.0,not_as_described,processed,original_payment
REF0006647,ORD0064285,A028719,2026-02-07 06:00:00,1743.0,not_as_described,processed,wallet
REF0006648,ORD0064295,A028721,2026-01-29 06:00:00,2707.0,not_as_described,processed,wallet
REF0006649,ORD0064304,A028722,2026-01-30 06:00:00,1440.0,not_as_described,processed,bank_transfer
REF0006650,ORD0064309,A028722,2026-02-04 06:00:00,2009.0,not_as_described,processed,original_payment
REF0006651,ORD0064318,A028723,2026-02-05 06:00:00,1976.0,not_as_described,processed,original_payment
REF0006652,ORD0064321,A028724,2026-02-03 06:00:00,1912.0,not_as_described,processed,wallet
REF0006653,ORD0064343,A028727,2026-01-29 06:00:00,3053.0,not_as_described,processed,wallet
REF0006654,ORD0064349,A028727,2026-02-04 06:00:00,1026.0,not_as_described,processed,original_payment
REF0006655,ORD0064350,A028727,2026-02-08 06:00:00,2201.0,not_as_described,processed,original_payment
REF0006656,ORD0064355,A028728,2026-02-02 06:00:00,1725.0,not_as_described,processed,original_payment
REF0006657,ORD0064356,A028728,2026-02-05 06:00:00,921.0,not_as_described,processed,bank_transfer
REF0006658,ORD0064365,A028729,2026-02-05 06:00:00,2894.0,not_as_described,processed,original_payment
REF0006659,ORD0064393,A028733,2026-02-02 06:00:00,1213.0,not_as_described,processed,original_payment
REF0006660,ORD0064394,A028733,2026-02-04 06:00:00,1032.0,not_as_described,processed,wallet
REF0006661,ORD0064435,A028738,2026-02-05 06:00:00,3095.0,not_as_described,processed,original_payment
REF0006662,ORD0064448,A028740,2026-01-30 06:00:00,2007.0,not_as_described,processed,bank_transfer
REF0006663,ORD0064459,A028741,2026-02-04 06:00:00,2372.0,not_as_described,processed,bank_transfer
REF0006664,ORD0064464,A028742,2026-02-01 06:00:00,1170.0,not_as_described,processed,wallet
REF0006665,ORD0064476,A028743,2026-02-07 06:00:00,1466.0,not_as_described,processed,bank_transfer
REF0006666,ORD0064480,A028744,2026-02-02 06:00:00,2968.0,not_as_described,processed,original_payment
REF0006667,ORD0064483,A028744,2026-02-05 06:00:00,1462.0,not_as_described,processed,bank_transfer
REF0006668,ORD0064492,A028745,2026-02-05 06:00:00,825.0,not_as_described,processed,bank_transfer
REF0006669,ORD0064506,A028747,2026-02-03 06:00:00,2408.0,not_as_described,processed,original_payment
REF0006670,ORD0064529,A028750,2026-02-03 06:00:00,2907.0,not_as_described,processed,bank_transfer
REF0006671,ORD0064547,A028752,2026-02-05 06:00:00,2859.0,not_as_described,processed,wallet
REF0006672,ORD0064552,A028753,2026-01-31 06:00:00,2047.0,not_as_described,processed,bank_transfer
REF0006673,ORD0064560,A028754,2026-02-02 06:00:00,1078.0,not_as_described,processed,bank_transfer
REF0006674,ORD0064562,A028754,2026-02-04 06:00:00,2514.0,not_as_described,processed,bank_transfer
REF0006675,ORD0064567,A028755,2026-01-31 06:00:00,908.0,not_as_described,processed,bank_transfer
REF0006676,ORD0064568,A028755,2026-01-31 06:00:00,2533.0,not_as_described,processed,bank_transfer
REF0006677,ORD0064569,A028755,2026-02-02 06:00:00,2639.0,not_as_described,processed,original_payment
REF0006678,ORD0064571,A028755,2026-02-06 06:00:00,999.0,not_as_described,processed,original_payment
REF0006679,ORD0064578,A028756,2026-02-05 06:00:00,974.0,not_as_described,processed,wallet
REF0006680,ORD0064586,A028757,2026-02-04 06:00:00,3375.0,not_as_described,processed,original_payment
REF0006681,ORD0064601,A028759,2026-02-02 06:00:00,2654.0,not_as_described,processed,bank_transfer
REF0006682,ORD0064602,A028759,2026-02-03 06:00:00,944.0,not_as_described,processed,bank_transfer
REF0006683,ORD0064608,A028760,2026-02-01 06:00:00,3170.0,not_as_described,processed,original_payment
REF0006684,ORD0064614,A028760,2026-02-05 06:00:00,2907.0,not_as_described,processed,original_payment
REF0006685,ORD0064623,A028762,2026-01-31 06:00:00,2414.0,not_as_described,processed,bank_transfer
REF0006686,ORD0064627,A028762,2026-02-05 06:00:00,1833.0,not_as_described,processed,bank_transfer
REF0006687,ORD0064642,A028764,2026-02-04 06:00:00,1352.0,not_as_described,processed,bank_transfer
REF0006688,ORD0064653,A028765,2026-02-07 06:00:00,3187.0,not_as_described,processed,original_payment
REF0006689,ORD0064660,A028766,2026-02-05 06:00:00,983.0,not_as_described,processed,wallet
REF0006690,ORD0064667,A028767,2026-02-03 06:00:00,1771.0,not_as_described,processed,wallet
REF0006691,ORD0064680,A028769,2026-02-01 06:00:00,2689.0,not_as_described,processed,bank_transfer
REF0006692,ORD0064696,A028771,2026-02-02 06:00:00,1376.0,not_as_described,processed,original_payment
REF0006693,ORD0064697,A028771,2026-02-03 06:00:00,3464.0,not_as_described,processed,original_payment
REF0006694,ORD0064700,A028771,2026-02-06 06:00:00,1685.0,not_as_described,processed,wallet
REF0006695,ORD0064702,A028771,2026-02-08 06:00:00,2523.0,not_as_described,processed,wallet
REF0006696,ORD0064705,A028772,2026-01-31 06:00:00,2390.0,not_as_described,processed,bank_transfer
REF0006697,ORD0064715,A028773,2026-02-03 06:00:00,3241.0,not_as_described,processed,bank_transfer
REF0006698,ORD0064716,A028773,2026-02-07 06:00:00,1591.0,not_as_described,processed,bank_transfer
REF0006699,ORD0064737,A028776,2026-02-04 06:00:00,2114.0,not_as_described,processed,wallet
REF0006700,ORD0064752,A028778,2026-01-31 06:00:00,1658.0,not_as_described,processed,bank_transfer
REF0006701,ORD0064755,A028778,2026-02-04 06:00:00,3454.0,not_as_described,processed,original_payment
REF0006702,ORD0064758,A028778,2026-02-09 06:00:00,1146.0,not_as_described,processed,bank_transfer
REF0006703,ORD0064766,A028779,2026-02-08 06:00:00,2083.0,not_as_described,processed,bank_transfer
REF0006704,ORD0064769,A028780,2026-02-01 06:00:00,2694.0,not_as_described,processed,original_payment
REF0006705,ORD0064777,A028781,2026-02-02 06:00:00,2960.0,not_as_described,processed,bank_transfer
REF0006706,ORD0064779,A028781,2026-02-04 06:00:00,1271.0,not_as_described,processed,original_payment
REF0006707,ORD0064781,A028781,2026-02-04 06:00:00,2281.0,not_as_described,processed,bank_transfer
REF0006708,ORD0064786,A028782,2026-02-01 06:00:00,1019.0,not_as_described,processed,bank_transfer
REF0006709,ORD0064794,A028783,2026-02-03 06:00:00,1734.0,not_as_described,processed,bank_transfer
REF0006710,ORD0064797,A028783,2026-02-04 06:00:00,2273.0,not_as_described,processed,wallet
REF0006711,ORD0064821,A028786,2026-02-08 06:00:00,1885.0,not_as_described,processed,original_payment
REF0006712,ORD0064826,A028787,2026-02-04 06:00:00,2302.0,not_as_described,processed,bank_transfer
REF0006713,ORD0064827,A028787,2026-02-03 06:00:00,3419.0,not_as_described,processed,wallet
REF0006714,ORD0064828,A028787,2026-02-05 06:00:00,2896.0,not_as_described,processed,wallet
REF0006715,ORD0064835,A028788,2026-02-02 06:00:00,1999.0,not_as_described,processed,wallet
REF0006716,ORD0064842,A028789,2026-02-03 06:00:00,2701.0,not_as_described,processed,bank_transfer
REF0006717,ORD0064863,A028792,2026-01-31 06:00:00,1855.0,not_as_described,processed,wallet
REF0006718,ORD0064872,A028793,2026-02-01 06:00:00,3255.0,not_as_described,processed,bank_transfer
REF0006719,ORD0064875,A028793,2026-02-04 06:00:00,2137.0,not_as_described,processed,wallet
REF0006720,ORD0064876,A028793,2026-02-06 06:00:00,884.0,not_as_described,processed,original_payment
REF0006721,ORD0064877,A028793,2026-02-07 06:00:00,2023.0,not_as_described,processed,wallet
REF0006722,ORD0064878,A028793,2026-02-05 06:00:00,2743.0,not_as_described,processed,bank_transfer
REF0006723,ORD0064893,A028795,2026-02-06 06:00:00,1911.0,not_as_described,processed,bank_transfer
REF0006724,ORD0064900,A028796,2026-02-03 06:00:00,1061.0,not_as_described,processed,wallet
REF0006725,ORD0064901,A028796,2026-02-06 06:00:00,3187.0,not_as_described,processed,bank_transfer
REF0006726,ORD0064905,A028797,2026-02-02 06:00:00,2374.0,not_as_described,processed,bank_transfer
REF0006727,ORD0064921,A028799,2026-02-02 06:00:00,2267.0,not_as_described,processed,wallet
REF0006728,ORD0064928,A028800,2026-02-02 06:00:00,2986.0,not_as_described,processed,bank_transfer
REF0006729,ORD0064941,A028801,2026-02-06 06:00:00,1845.0,not_as_described,processed,original_payment
REF0006730,ORD0064958,A028803,2026-02-07 06:00:00,2731.0,not_as_described,processed,bank_transfer
REF0006731,ORD0064959,A028804,2026-01-29 06:00:00,2630.0,not_as_described,processed,original_payment
REF0006732,ORD0064964,A028804,2026-02-06 06:00:00,1599.0,not_as_described,processed,wallet
REF0006733,ORD0064977,A028806,2026-02-01 06:00:00,2966.0,not_as_described,processed,wallet
REF0006734,ORD0064980,A028806,2026-02-03 06:00:00,3036.0,not_as_described,processed,bank_transfer
REF0006735,ORD0064998,A028808,2026-02-06 06:00:00,3495.0,not_as_described,processed,original_payment
REF0006736,ORD0065000,A028809,2026-02-02 06:00:00,1856.0,not_as_described,processed,original_payment
REF0006737,ORD0065014,A028810,2026-02-07 06:00:00,2452.0,not_as_described,processed,bank_transfer
REF0006738,ORD0065015,A028811,2026-01-31 06:00:00,2530.0,not_as_described,processed,wallet
REF0006739,ORD0065016,A028811,2026-02-03 06:00:00,2839.0,not_as_described,processed,original_payment
REF0006740,ORD0065018,A028811,2026-02-04 06:00:00,3488.0,not_as_described,processed,original_payment
REF0006741,ORD0065020,A028811,2026-02-05 06:00:00,1203.0,not_as_described,processed,wallet
REF0006742,ORD0065039,A028814,2026-01-30 06:00:00,1194.0,not_as_described,processed,wallet
REF0006743,ORD0065049,A028815,2026-02-01 06:00:00,3390.0,not_as_described,processed,bank_transfer
REF0006744,ORD0065059,A028816,2026-02-04 06:00:00,2868.0,not_as_described,processed,original_payment
REF0006745,ORD0065070,A028817,2026-02-07 06:00:00,3045.0,not_as_described,processed,original_payment
REF0006746,ORD0065072,A028818,2026-01-31 06:00:00,1900.0,not_as_described,processed,bank_transfer
REF0006747,ORD0065074,A028818,2026-02-03 06:00:00,2613.0,not_as_described,processed,bank_transfer
REF0006748,ORD0065078,A028818,2026-02-09 06:00:00,1987.0,not_as_described,processed,bank_transfer
REF0006749,ORD0065096,A028821,2026-01-31 06:00:00,2721.0,not_as_described,processed,bank_transfer
REF0006750,ORD0065097,A028821,2026-02-02 06:00:00,2785.0,not_as_described,processed,wallet
REF0006751,ORD0065106,A028822,2026-02-04 06:00:00,1017.0,not_as_described,processed,wallet
REF0006752,ORD0065108,A028822,2026-02-06 06:00:00,2878.0,not_as_described,processed,bank_transfer
REF0006753,ORD0065113,A028823,2026-02-03 06:00:00,3003.0,not_as_described,processed,original_payment
REF0006754,ORD0065115,A028823,2026-02-02 06:00:00,1014.0,not_as_described,processed,wallet
REF0006755,ORD0065116,A028823,2026-02-06 06:00:00,1395.0,not_as_described,processed,bank_transfer
REF0006756,ORD0065129,A028825,2026-02-04 06:00:00,2790.0,not_as_described,processed,bank_transfer
REF0006757,ORD0065138,A028826,2026-02-04 06:00:00,2494.0,not_as_described,processed,original_payment
REF0006758,ORD0065139,A028826,2026-02-02 06:00:00,1794.0,not_as_described,processed,bank_transfer
REF0006759,ORD0065145,A028827,2026-02-03 06:00:00,1789.0,not_as_described,processed,original_payment
REF0006760,ORD0065159,A028829,2026-02-01 06:00:00,1919.0,not_as_described,processed,original_payment
REF0006761,ORD0065160,A028829,2026-02-02 06:00:00,1644.0,not_as_described,processed,wallet
REF0006762,ORD0065161,A028829,2026-01-31 06:00:00,1344.0,not_as_described,processed,original_payment
REF0006763,ORD0065169,A028830,2026-02-02 06:00:00,2959.0,not_as_described,processed,original_payment
REF0006764,ORD0065184,A028832,2026-01-31 06:00:00,1331.0,not_as_described,processed,wallet
REF0006765,ORD0065206,A028834,2026-02-08 06:00:00,1809.0,not_as_described,processed,wallet
REF0006766,ORD0065230,A028837,2026-02-08 06:00:00,1805.0,not_as_described,processed,bank_transfer
REF0006767,ORD0065242,A028839,2026-02-01 06:00:00,2198.0,not_as_described,processed,bank_transfer
REF0006768,ORD0065252,A028840,2026-02-06 06:00:00,2778.0,not_as_described,processed,wallet
REF0006769,ORD0065266,A028842,2026-02-01 06:00:00,2225.0,not_as_described,processed,original_payment
REF0006770,ORD0065279,A028844,2026-01-30 06:00:00,2870.0,not_as_described,processed,bank_transfer
REF0006771,ORD0065298,A028846,2026-02-02 06:00:00,1597.0,not_as_described,processed,wallet
REF0006772,ORD0065313,A028848,2026-02-01 06:00:00,3190.0,not_as_described,processed,wallet
REF0006773,ORD0065321,A028849,2026-02-02 06:00:00,3436.0,not_as_described,processed,original_payment
REF0006774,ORD0065337,A028851,2026-02-02 06:00:00,1730.0,not_as_described,processed,wallet
REF0006775,ORD0065339,A028851,2026-02-05 06:00:00,3482.0,not_as_described,processed,original_payment
REF0006776,ORD0065356,A028853,2026-02-03 06:00:00,3007.0,not_as_described,processed,bank_transfer
REF0006777,ORD0065357,A028853,2026-02-08 06:00:00,1545.0,not_as_described,processed,wallet
REF0006778,ORD0065363,A028854,2026-02-05 06:00:00,2049.0,not_as_described,processed,bank_transfer
REF0006779,ORD0065371,A028855,2026-02-06 06:00:00,2698.0,not_as_described,processed,wallet
REF0006780,ORD0065375,A028856,2026-01-30 06:00:00,1458.0,not_as_described,processed,wallet
REF0006781,ORD0065391,A028858,2026-02-02 06:00:00,2476.0,not_as_described,processed,wallet
REF0006782,ORD0065392,A028858,2026-01-31 06:00:00,1258.0,not_as_described,processed,bank_transfer
REF0006783,ORD0065396,A028858,2026-02-05 06:00:00,2612.0,not_as_described,processed,original_payment
REF0006784,ORD0065401,A028859,2026-01-31 06:00:00,1437.0,not_as_described,processed,wallet
REF0006785,ORD0065403,A028859,2026-02-02 06:00:00,971.0,not_as_described,processed,wallet
REF0006786,ORD0065405,A028859,2026-02-06 06:00:00,2646.0,not_as_described,processed,original_payment
REF0006787,ORD0065413,A028860,2026-02-06 06:00:00,1898.0,not_as_described,processed,bank_transfer
REF0006788,ORD0065414,A028860,2026-02-07 06:00:00,1793.0,not_as_described,processed,wallet
REF0006789,ORD0065415,A028861,2026-01-30 06:00:00,1494.0,not_as_described,processed,original_payment
REF0006790,ORD0065427,A028862,2026-02-02 06:00:00,2588.0,not_as_described,processed,bank_transfer
REF0006791,ORD0065454,A028865,2026-02-05 06:00:00,1831.0,not_as_described,processed,wallet
REF0006792,ORD0065464,A028867,2026-02-02 06:00:00,2229.0,not_as_described,processed,wallet
REF0006793,ORD0065467,A028867,2026-02-04 06:00:00,856.0,not_as_described,processed,original_payment
REF0006794,ORD0065469,A028867,2026-02-07 06:00:00,2177.0,not_as_described,processed,wallet
REF0006795,ORD0065471,A028868,2026-01-31 06:00:00,2066.0,not_as_described,processed,bank_transfer
REF0006796,ORD0065491,A028870,2026-02-05 06:00:00,2439.0,not_as_described,processed,original_payment
REF0006797,ORD0065495,A028871,2026-02-01 06:00:00,3293.0,not_as_described,processed,bank_transfer
REF0006798,ORD0065510,A028872,2026-02-07 06:00:00,2391.0,not_as_described,processed,wallet
REF0006799,ORD0065513,A028873,2026-02-01 06:00:00,2810.0,not_as_described,processed,bank_transfer
REF0006800,ORD0065517,A028873,2026-02-06 06:00:00,2947.0,not_as_described,processed,bank_transfer
REF0006801,ORD0065535,A028876,2026-02-02 06:00:00,2125.0,not_as_described,processed,original_payment
REF0006802,ORD0065539,A028876,2026-02-02 06:00:00,1074.0,not_as_described,processed,wallet
REF0006803,ORD0065552,A028878,2026-02-02 06:00:00,2844.0,not_as_described,processed,wallet
REF0006804,ORD0065560,A028879,2026-02-02 06:00:00,1918.0,not_as_described,processed,bank_transfer
REF0006805,ORD0065563,A028879,2026-02-02 06:00:00,2090.0,not_as_described,processed,original_payment
REF0006806,ORD0065565,A028879,2026-02-04 06:00:00,1052.0,not_as_described,processed,bank_transfer
REF0006807,ORD0065567,A028880,2026-02-01 06:00:00,3401.0,not_as_described,processed,wallet
REF0006808,ORD0065579,A028881,2026-02-05 06:00:00,1347.0,not_as_described,processed,original_payment
REF0006809,ORD0065583,A028882,2026-01-29 06:00:00,3286.0,not_as_described,processed,bank_transfer
REF0006810,ORD0065588,A028882,2026-02-07 06:00:00,2171.0,not_as_described,processed,bank_transfer
REF0006811,ORD0065591,A028883,2026-01-30 06:00:00,2224.0,not_as_described,processed,original_payment
REF0006812,ORD0065593,A028883,2026-02-01 06:00:00,1146.0,not_as_described,processed,wallet
REF0006813,ORD0065595,A028883,2026-02-04 06:00:00,3474.0,not_as_described,processed,wallet
REF0006814,ORD0065598,A028883,2026-02-06 06:00:00,2528.0,not_as_described,processed,bank_transfer
REF0006815,ORD0065601,A028884,2026-02-01 06:00:00,2594.0,not_as_described,processed,bank_transfer
REF0006816,ORD0065609,A028885,2026-02-02 06:00:00,3111.0,not_as_described,processed,original_payment
REF0006817,ORD0065612,A028885,2026-02-04 06:00:00,2237.0,not_as_described,processed,original_payment
REF0006818,ORD0065615,A028886,2026-01-31 06:00:00,2481.0,not_as_described,processed,bank_transfer
REF0006819,ORD0065652,A028890,2026-02-06 06:00:00,3095.0,not_as_described,processed,original_payment
REF0006820,ORD0065666,A028892,2026-02-01 06:00:00,2144.0,not_as_described,processed,bank_transfer
REF0006821,ORD0065678,A028893,2026-02-08 06:00:00,2889.0,not_as_described,processed,original_payment
REF0006822,ORD0065680,A028894,2026-02-01 06:00:00,2184.0,not_as_described,processed,original_payment
REF0006823,ORD0065688,A028895,2026-01-30 06:00:00,2406.0,not_as_described,processed,bank_transfer
REF0006824,ORD0065696,A028896,2026-02-01 06:00:00,1813.0,not_as_described,processed,original_payment
REF0006825,ORD0065705,A028897,2026-02-02 06:00:00,2440.0,not_as_described,processed,bank_transfer
REF0006826,ORD0065741,A028901,2026-02-04 06:00:00,3043.0,not_as_described,processed,wallet
REF0006827,ORD0065751,A028903,2026-01-29 06:00:00,1705.0,not_as_described,processed,bank_transfer
REF0006828,ORD0065756,A028903,2026-02-05 06:00:00,3074.0,not_as_described,processed,bank_transfer
REF0006829,ORD0065759,A028904,2026-01-31 06:00:00,1658.0,not_as_described,processed,wallet
REF0006830,ORD0065790,A028907,2026-02-07 06:00:00,2541.0,not_as_described,processed,original_payment
REF0006831,ORD0065795,A028908,2026-02-05 06:00:00,1093.0,not_as_described,processed,original_payment
REF0006832,ORD0065796,A028908,2026-02-06 06:00:00,2963.0,not_as_described,processed,original_payment
REF0006833,ORD0065799,A028909,2026-02-02 06:00:00,1923.0,not_as_described,processed,wallet
REF0006834,ORD0065803,A028909,2026-02-04 06:00:00,3032.0,not_as_described,processed,original_payment
REF0006835,ORD0065805,A028909,2026-02-05 06:00:00,2569.0,not_as_described,processed,original_payment
REF0006836,ORD0065808,A028910,2026-02-02 06:00:00,1305.0,not_as_described,processed,wallet
REF0006837,ORD0065815,A028911,2026-01-31 06:00:00,1542.0,not_as_described,processed,wallet
REF0006838,ORD0065825,A028912,2026-02-01 06:00:00,3441.0,not_as_described,processed,original_payment
REF0006839,ORD0065829,A028912,2026-02-05 06:00:00,878.0,not_as_described,processed,wallet
REF0006840,ORD0065835,A028913,2026-02-05 06:00:00,2248.0,not_as_described,processed,original_payment
REF0006841,ORD0065850,A028915,2026-02-03 06:00:00,1755.0,not_as_described,processed,bank_transfer
REF0006842,ORD0065853,A028915,2026-02-06 06:00:00,1453.0,not_as_described,processed,wallet
REF0006843,ORD0065869,A028917,2026-02-06 06:00:00,2827.0,not_as_described,processed,bank_transfer
REF0006844,ORD0065871,A028918,2026-01-30 06:00:00,846.0,not_as_described,processed,original_payment
REF0006845,ORD0065875,A028918,2026-02-03 06:00:00,2470.0,not_as_described,processed,bank_transfer
REF0006846,ORD0065879,A028919,2026-02-01 06:00:00,2376.0,not_as_described,processed,wallet
REF0006847,ORD0065906,A028922,2026-02-03 06:00:00,2931.0,not_as_described,processed,bank_transfer
REF0006848,ORD0065911,A028923,2026-01-31 06:00:00,2202.0,not_as_described,processed,original_payment
REF0006849,ORD0065914,A028923,2026-02-05 06:00:00,2733.0,not_as_described,processed,wallet
REF0006850,ORD0065917,A028923,2026-02-07 06:00:00,2660.0,not_as_described,processed,wallet
REF0006851,ORD0065925,A028924,2026-02-06 06:00:00,1249.0,not_as_described,processed,bank_transfer
REF0006852,ORD0065931,A028925,2026-02-06 06:00:00,1905.0,not_as_described,processed,bank_transfer
REF0006853,ORD0065934,A028925,2026-02-05 06:00:00,2475.0,not_as_described,processed,original_payment
REF0006854,ORD0065936,A028926,2026-01-31 06:00:00,3121.0,not_as_described,processed,bank_transfer
REF0006855,ORD0065947,A028927,2026-02-06 06:00:00,1621.0,not_as_described,processed,original_payment
REF0006856,ORD0065967,A028930,2026-01-30 06:00:00,1699.0,not_as_described,processed,bank_transfer
REF0006857,ORD0065985,A028932,2026-02-02 06:00:00,2804.0,not_as_described,processed,original_payment
REF0006858,ORD0065992,A028933,2026-02-01 06:00:00,1070.0,not_as_described,processed,bank_transfer
REF0006859,ORD0065993,A028933,2026-02-02 06:00:00,2946.0,not_as_described,processed,wallet
REF0006860,ORD0065995,A028933,2026-02-04 06:00:00,1426.0,not_as_described,processed,original_payment
REF0006861,ORD0065996,A028933,2026-02-07 06:00:00,3427.0,not_as_described,processed,wallet
REF0006862,ORD0066002,A028934,2026-02-03 06:00:00,1529.0,not_as_described,processed,wallet
REF0006863,ORD0066006,A028934,2026-02-06 06:00:00,1872.0,not_as_described,processed,bank_transfer
REF0006864,ORD0066014,A028935,2026-02-08 06:00:00,2837.0,not_as_described,processed,wallet
REF0006865,ORD0066016,A028936,2026-02-03 06:00:00,1767.0,not_as_described,processed,original_payment
REF0006866,ORD0066025,A028937,2026-02-02 06:00:00,1663.0,not_as_described,processed,wallet
REF0006867,ORD0066036,A028938,2026-02-05 06:00:00,1804.0,not_as_described,processed,wallet
REF0006868,ORD0066038,A028938,2026-02-07 06:00:00,1613.0,not_as_described,processed,bank_transfer
REF0006869,ORD0066046,A028939,2026-02-07 06:00:00,3262.0,not_as_described,processed,original_payment
REF0006870,ORD0066057,A028941,2026-01-31 06:00:00,1884.0,not_as_described,processed,bank_transfer
REF0006871,ORD0066079,A028944,2026-01-30 06:00:00,1777.0,not_as_described,processed,wallet
REF0006872,ORD0066106,A028947,2026-02-05 06:00:00,3167.0,not_as_described,processed,wallet
REF0006873,ORD0066117,A028948,2026-02-07 06:00:00,2665.0,not_as_described,processed,bank_transfer
REF0006874,ORD0066137,A028951,2026-02-03 06:00:00,3437.0,not_as_described,processed,wallet
REF0006875,ORD0066139,A028951,2026-02-03 06:00:00,3058.0,not_as_described,processed,wallet
REF0006876,ORD0066141,A028951,2026-02-06 06:00:00,1441.0,not_as_described,processed,original_payment
REF0006877,ORD0066157,A028953,2026-02-05 06:00:00,2759.0,not_as_described,processed,original_payment
REF0006878,ORD0066162,A028954,2026-02-03 06:00:00,2131.0,not_as_described,processed,original_payment
REF0006879,ORD0066166,A028954,2026-02-05 06:00:00,2855.0,not_as_described,processed,original_payment
REF0006880,ORD0066168,A028955,2026-02-03 06:00:00,3184.0,not_as_described,processed,wallet
REF0006881,ORD0066169,A028955,2026-02-02 06:00:00,2197.0,not_as_described,processed,wallet
REF0006882,ORD0066179,A028956,2026-02-02 06:00:00,2469.0,not_as_described,processed,bank_transfer
REF0006883,ORD0066180,A028956,2026-02-06 06:00:00,1317.0,not_as_described,processed,wallet
REF0006884,ORD0066187,A028957,2026-02-03 06:00:00,1148.0,not_as_described,processed,bank_transfer
REF0006885,ORD0066196,A028958,2026-02-05 06:00:00,1646.0,not_as_described,processed,bank_transfer
REF0006886,ORD0066203,A028959,2026-02-03 06:00:00,1762.0,not_as_described,processed,bank_transfer
REF0006887,ORD0066214,A028960,2026-02-08 06:00:00,2146.0,not_as_described,processed,wallet
REF0006888,ORD0066225,A028962,2026-02-01 06:00:00,3182.0,not_as_described,processed,wallet
REF0006889,ORD0066239,A028964,2026-01-29 06:00:00,1880.0,not_as_described,processed,original_payment
REF0006890,ORD0066247,A028965,2026-01-30 06:00:00,2676.0,not_as_described,processed,wallet
REF0006891,ORD0066254,A028965,2026-02-06 06:00:00,2244.0,not_as_described,processed,original_payment
REF0006892,ORD0066262,A028966,2026-02-07 06:00:00,3324.0,not_as_described,processed,original_payment
REF0006893,ORD0066291,A028970,2026-02-05 06:00:00,1592.0,not_as_described,processed,wallet
REF0006894,ORD0066293,A028970,2026-02-06 06:00:00,2367.0,not_as_described,processed,wallet
REF0006895,ORD0066297,A028971,2026-02-01 06:00:00,1259.0,not_as_described,processed,original_payment
REF0006896,ORD0066299,A028971,2026-02-04 06:00:00,957.0,not_as_described,processed,wallet
REF0006897,ORD0066306,A028972,2026-02-03 06:00:00,2544.0,not_as_described,processed,bank_transfer
REF0006898,ORD0066313,A028973,2026-02-04 06:00:00,1054.0,not_as_described,processed,original_payment
REF0006899,ORD0066330,A028975,2026-02-02 06:00:00,2344.0,not_as_described,processed,original_payment
REF0006900,ORD0066337,A028976,2026-02-01 06:00:00,1531.0,not_as_described,processed,bank_transfer
REF0006901,ORD0066339,A028976,2026-02-04 06:00:00,1625.0,not_as_described,processed,bank_transfer
REF0006902,ORD0066348,A028977,2026-02-03 06:00:00,1282.0,not_as_described,processed,bank_transfer
REF0006903,ORD0066349,A028977,2026-02-05 06:00:00,2945.0,not_as_described,processed,wallet
REF0006904,ORD0066355,A028978,2026-02-04 06:00:00,3373.0,not_as_described,processed,wallet
REF0006905,ORD0066362,A028979,2026-02-05 06:00:00,3361.0,not_as_described,processed,original_payment
REF0006906,ORD0066374,A028980,2026-02-07 06:00:00,2185.0,not_as_described,processed,original_payment
REF0006907,ORD0066378,A028981,2026-02-02 06:00:00,1074.0,not_as_described,processed,bank_transfer
REF0006908,ORD0066393,A028983,2026-02-01 06:00:00,2247.0,not_as_described,processed,bank_transfer
REF0006909,ORD0066395,A028983,2026-02-04 06:00:00,1098.0,not_as_described,processed,bank_transfer
REF0006910,ORD0066407,A028985,2026-01-30 06:00:00,3250.0,not_as_described,processed,wallet
REF0006911,ORD0066410,A028985,2026-02-05 06:00:00,1126.0,not_as_described,processed,bank_transfer
REF0006912,ORD0066417,A028986,2026-02-01 06:00:00,1230.0,not_as_described,processed,original_payment
REF0006913,ORD0066419,A028986,2026-02-04 06:00:00,2356.0,not_as_described,processed,bank_transfer
REF0006914,ORD0066429,A028987,2026-02-07 06:00:00,2074.0,not_as_described,processed,wallet
REF0006915,ORD0066432,A028988,2026-01-31 06:00:00,1875.0,not_as_described,processed,bank_transfer
REF0006916,ORD0066437,A028988,2026-02-07 06:00:00,1628.0,not_as_described,processed,original_payment
REF0006917,ORD0066438,A028988,2026-02-05 06:00:00,1529.0,not_as_described,processed,wallet
REF0006918,ORD0066439,A028989,2026-02-01 06:00:00,1963.0,not_as_described,processed,wallet
REF0006919,ORD0066445,A028989,2026-02-05 06:00:00,3448.0,not_as_described,processed,original_payment
REF0006920,ORD0066460,A028991,2026-02-05 06:00:00,1607.0,not_as_described,processed,original_payment
REF0006921,ORD0066461,A028991,2026-02-04 06:00:00,2616.0,not_as_described,processed,bank_transfer
REF0006922,ORD0066490,A028995,2026-02-03 06:00:00,1859.0,not_as_described,processed,bank_transfer
REF0006923,ORD0066498,A028996,2026-02-01 06:00:00,3297.0,not_as_described,processed,bank_transfer
REF0006924,ORD0066499,A028996,2026-02-02 06:00:00,3498.0,not_as_described,processed,original_payment
REF0006925,ORD0066505,A028997,2026-02-02 06:00:00,3067.0,not_as_described,processed,wallet
REF0006926,ORD0066519,A028999,2026-02-01 06:00:00,2398.0,not_as_described,processed,bank_transfer
REF0006927,ORD0066533,A029000,2026-02-04 06:00:00,1060.0,not_as_described,processed,original_payment
REF0006928,ORD0066535,A029001,2026-01-31 06:00:00,1021.0,not_as_described,processed,original_payment
REF0006929,ORD0066544,A029002,2026-01-31 06:00:00,2881.0,not_as_described,processed,bank_transfer
REF0006930,ORD0066558,A029003,2026-02-07 06:00:00,3142.0,not_as_described,processed,original_payment
REF0006931,ORD0066563,A029004,2026-02-05 06:00:00,1039.0,not_as_described,processed,original_payment
REF0006932,ORD0066580,A029006,2026-02-04 06:00:00,933.0,not_as_described,processed,original_payment
REF0006933,ORD0066587,A029007,2026-02-05 06:00:00,2481.0,not_as_described,processed,original_payment
REF0006934,ORD0066599,A029009,2026-02-02 06:00:00,1427.0,not_as_described,processed,bank_transfer
REF0006935,ORD0066601,A029009,2026-02-03 06:00:00,1891.0,not_as_described,processed,original_payment
REF0006936,ORD0066618,A029011,2026-02-03 06:00:00,1299.0,not_as_described,processed,original_payment
REF0006937,ORD0066626,A029012,2026-02-04 06:00:00,1504.0,not_as_described,processed,bank_transfer
REF0006938,ORD0066633,A029013,2026-02-02 06:00:00,2996.0,not_as_described,processed,bank_transfer
REF0006939,ORD0066643,A029014,2026-02-04 06:00:00,939.0,not_as_described,processed,wallet
REF0006940,ORD0066646,A029014,2026-02-07 06:00:00,2815.0,not_as_described,processed,original_payment
REF0006941,ORD0066668,A029017,2026-02-03 06:00:00,1286.0,not_as_described,processed,original_payment
REF0006942,ORD0066675,A029018,2026-02-02 06:00:00,1148.0,not_as_described,processed,original_payment
REF0006943,ORD0066678,A029018,2026-02-07 06:00:00,2759.0,not_as_described,processed,wallet
REF0006944,ORD0066679,A029019,2026-01-31 06:00:00,2645.0,not_as_described,processed,bank_transfer
REF0006945,ORD0066682,A029019,2026-02-02 06:00:00,1952.0,not_as_described,processed,bank_transfer
REF0006946,ORD0066687,A029020,2026-01-30 06:00:00,2303.0,not_as_described,processed,wallet
REF0006947,ORD0066688,A029020,2026-02-01 06:00:00,2259.0,not_as_described,processed,wallet
REF0006948,ORD0066691,A029020,2026-02-04 06:00:00,949.0,not_as_described,processed,bank_transfer
REF0006949,ORD0066694,A029020,2026-02-08 06:00:00,3115.0,not_as_described,processed,wallet
REF0006950,ORD0066695,A029021,2026-02-02 06:00:00,2440.0,not_as_described,processed,original_payment
REF0006951,ORD0066697,A029021,2026-02-03 06:00:00,2678.0,not_as_described,processed,wallet
REF0006952,ORD0066710,A029022,2026-02-08 06:00:00,3306.0,not_as_described,processed,wallet
REF0006953,ORD0066718,A029023,2026-02-09 06:00:00,1640.0,not_as_described,processed,wallet
REF0006954,ORD0066724,A029024,2026-02-05 06:00:00,3493.0,not_as_described,processed,original_payment
REF0006955,ORD0066726,A029024,2026-02-05 06:00:00,2969.0,not_as_described,processed,bank_transfer
REF0006956,ORD0066730,A029025,2026-02-04 06:00:00,1231.0,not_as_described,processed,original_payment
REF0006957,ORD0066737,A029026,2026-02-03 06:00:00,2199.0,not_as_described,processed,bank_transfer
REF0006958,ORD0066738,A029026,2026-02-02 06:00:00,3428.0,not_as_described,processed,wallet
REF0006959,ORD0066740,A029026,2026-02-04 06:00:00,2679.0,not_as_described,processed,wallet
REF0006960,ORD0066746,A029027,2026-02-04 06:00:00,1688.0,not_as_described,processed,bank_transfer
REF0006961,ORD0066747,A029027,2026-02-04 06:00:00,1499.0,not_as_described,processed,bank_transfer
REF0006962,ORD0066750,A029027,2026-02-05 06:00:00,1604.0,not_as_described,processed,wallet
REF0006963,ORD0066758,A029028,2026-02-05 06:00:00,3209.0,not_as_described,processed,original_payment
REF0006964,ORD0066769,A029030,2026-02-01 06:00:00,3344.0,not_as_described,processed,wallet
REF0006965,ORD0066771,A029030,2026-02-04 06:00:00,1124.0,not_as_described,processed,bank_transfer
REF0006966,ORD0066793,A029033,2026-02-01 06:00:00,1566.0,not_as_described,processed,bank_transfer
REF0006967,ORD0066797,A029033,2026-02-07 06:00:00,2415.0,not_as_described,processed,original_payment
REF0006968,ORD0066798,A029033,2026-02-06 06:00:00,1573.0,not_as_described,processed,wallet
REF0006969,ORD0066799,A029034,2026-01-30 06:00:00,2290.0,not_as_described,processed,original_payment
REF0006970,ORD0066800,A029034,2026-01-31 06:00:00,985.0,not_as_described,processed,original_payment
REF0006971,ORD0066802,A029034,2026-02-02 06:00:00,2996.0,not_as_described,processed,wallet
REF0006972,ORD0066804,A029034,2026-02-06 06:00:00,873.0,not_as_described,processed,original_payment
REF0006973,ORD0066812,A029035,2026-02-03 06:00:00,2668.0,not_as_described,processed,bank_transfer
REF0006974,ORD0066829,A029037,2026-02-05 06:00:00,2137.0,not_as_described,processed,wallet
REF0006975,ORD0066852,A029040,2026-02-04 06:00:00,1864.0,not_as_described,processed,bank_transfer
REF0006976,ORD0066857,A029041,2026-02-03 06:00:00,1764.0,not_as_described,processed,wallet
REF0006977,ORD0066860,A029041,2026-02-03 06:00:00,1952.0,not_as_described,processed,bank_transfer
REF0006978,ORD0066878,A029043,2026-02-08 06:00:00,1376.0,not_as_described,processed,original_payment
REF0006979,ORD0066907,A029047,2026-02-05 06:00:00,2417.0,not_as_described,processed,original_payment
REF0006980,ORD0066913,A029048,2026-02-01 06:00:00,1339.0,not_as_described,processed,original_payment
REF0006981,ORD0066915,A029048,2026-02-04 06:00:00,3156.0,not_as_described,processed,bank_transfer
REF0006982,ORD0066931,A029050,2026-02-04 06:00:00,1784.0,not_as_described,processed,wallet
REF0006983,ORD0066938,A029051,2026-02-02 06:00:00,3174.0,not_as_described,processed,bank_transfer
REF0006984,ORD0066941,A029051,2026-02-05 06:00:00,3200.0,not_as_described,processed,bank_transfer
REF0006985,ORD0066946,A029052,2026-02-03 06:00:00,3084.0,not_as_described,processed,original_payment
REF0006986,ORD0066959,A029054,2026-02-02 06:00:00,2003.0,not_as_described,processed,original_payment
REF0006987,ORD0066977,A029056,2026-02-01 06:00:00,1074.0,not_as_described,processed,original_payment
REF0006988,ORD0066978,A029056,2026-02-03 06:00:00,2524.0,not_as_described,processed,wallet
REF0006989,ORD0066981,A029056,2026-02-06 06:00:00,2090.0,not_as_described,processed,original_payment
REF0006990,ORD0066983,A029057,2026-01-31 06:00:00,2811.0,not_as_described,processed,wallet
REF0006991,ORD0066987,A029057,2026-02-03 06:00:00,1649.0,not_as_described,processed,bank_transfer
REF0006992,ORD0067006,A029059,2026-02-06 06:00:00,1206.0,not_as_described,processed,original_payment
REF0006993,ORD0067007,A029060,2026-01-31 06:00:00,1052.0,not_as_described,processed,wallet
REF0006994,ORD0067008,A029060,2026-02-02 06:00:00,2240.0,not_as_described,processed,original_payment
REF0006995,ORD0067014,A029060,2026-02-06 06:00:00,1279.0,not_as_described,processed,original_payment
REF0006996,ORD0067031,A029063,2026-01-30 06:00:00,1823.0,not_as_described,processed,original_payment
REF0006997,ORD0067035,A029063,2026-02-02 06:00:00,1516.0,not_as_described,processed,original_payment
REF0006998,ORD0067043,A029064,2026-02-06 06:00:00,856.0,not_as_described,processed,original_payment
REF0006999,ORD0067055,A029066,2026-01-31 06:00:00,1594.0,not_as_described,processed,wallet
REF0007000,ORD0067068,A029067,2026-02-06 06:00:00,3441.0,not_as_described,processed,original_payment
REF0007001,ORD0067073,A029068,2026-02-03 06:00:00,1100.0,not_as_described,processed,original_payment
REF0007002,ORD0067097,A029071,2026-02-01 06:00:00,2277.0,not_as_described,processed,bank_transfer
REF0007003,ORD0067109,A029072,2026-02-07 06:00:00,2524.0,not_as_described,processed,bank_transfer
REF0007004,ORD0067124,A029074,2026-02-04 06:00:00,3056.0,not_as_described,processed,wallet
REF0007005,ORD0067133,A029075,2026-02-04 06:00:00,1584.0,not_as_described,processed,wallet
REF0007006,ORD0067137,A029076,2026-02-04 06:00:00,2930.0,not_as_described,processed,wallet
REF0007007,ORD0067138,A029076,2026-02-01 06:00:00,879.0,not_as_described,processed,original_payment
REF0007008,ORD0067146,A029077,2026-02-05 06:00:00,2965.0,not_as_described,processed,bank_transfer
REF0007009,ORD0067147,A029077,2026-02-05 06:00:00,2241.0,not_as_described,processed,wallet
REF0007010,ORD0067149,A029077,2026-02-05 06:00:00,1584.0,not_as_described,processed,wallet
REF0007011,ORD0067150,A029077,2026-02-06 06:00:00,1245.0,not_as_described,processed,original_payment
REF0007012,ORD0067153,A029078,2026-02-02 06:00:00,2623.0,not_as_described,processed,original_payment
REF0007013,ORD0067154,A029078,2026-02-02 06:00:00,2011.0,not_as_described,processed,bank_transfer
REF0007014,ORD0067170,A029080,2026-02-04 06:00:00,1528.0,not_as_described,processed,wallet
REF0007015,ORD0067171,A029080,2026-02-05 06:00:00,2750.0,not_as_described,processed,original_payment
REF0007016,ORD0067194,A029083,2026-02-04 06:00:00,1801.0,not_as_described,processed,wallet
REF0007017,ORD0067203,A029084,2026-02-03 06:00:00,966.0,not_as_described,processed,original_payment
REF0007018,ORD0067223,A029087,2026-01-31 06:00:00,1426.0,not_as_described,processed,original_payment
REF0007019,ORD0067226,A029087,2026-02-04 06:00:00,1030.0,not_as_described,processed,wallet
REF0007020,ORD0067238,A029088,2026-02-07 06:00:00,3454.0,not_as_described,processed,bank_transfer
REF0007021,ORD0067241,A029089,2026-02-02 06:00:00,2750.0,not_as_described,processed,wallet
REF0007022,ORD0067242,A029089,2026-02-01 06:00:00,2583.0,not_as_described,processed,bank_transfer
REF0007023,ORD0067245,A029089,2026-02-06 06:00:00,1469.0,not_as_described,processed,wallet
REF0007024,ORD0067255,A029091,2026-02-02 06:00:00,1445.0,not_as_described,processed,original_payment
REF0007025,ORD0067256,A029091,2026-02-01 06:00:00,1568.0,not_as_described,processed,wallet
REF0007026,ORD0067262,A029091,2026-02-09 06:00:00,1989.0,not_as_described,processed,bank_transfer
REF0007027,ORD0067265,A029092,2026-02-01 06:00:00,2419.0,not_as_described,processed,wallet
REF0007028,ORD0067279,A029094,2026-02-01 06:00:00,1088.0,not_as_described,processed,original_payment
REF0007029,ORD0067283,A029094,2026-02-04 06:00:00,2407.0,not_as_described,processed,bank_transfer
REF0007030,ORD0067289,A029095,2026-02-04 06:00:00,1937.0,not_as_described,processed,bank_transfer
REF0007031,ORD0067291,A029095,2026-02-05 06:00:00,2607.0,not_as_described,processed,wallet
REF0007032,ORD0067301,A029096,2026-02-07 06:00:00,3343.0,not_as_described,processed,original_payment
REF0007033,ORD0067311,A029098,2026-01-31 06:00:00,3267.0,not_as_described,processed,original_payment
REF0007034,ORD0067318,A029098,2026-02-06 06:00:00,1107.0,not_as_described,processed,bank_transfer
REF0007035,ORD0067324,A029099,2026-02-03 06:00:00,1608.0,not_as_described,processed,wallet
REF0007036,ORD0067330,A029101,2026-02-04 06:00:00,3996.0,not_as_described,processed,bank_transfer
REF0007037,ORD0067351,A029108,2026-02-01 06:00:00,1495.0,not_as_described,processed,wallet
REF0007038,ORD0067382,A029118,2026-02-11 06:00:00,4807.0,not_as_described,processed,wallet
REF0007039,ORD0067383,A029118,2026-02-24 06:00:00,4405.0,not_as_described,processed,bank_transfer
REF0007040,ORD0067389,A029120,2026-02-21 06:00:00,1116.0,not_as_described,processed,bank_transfer
REF0007041,ORD0067446,A029139,2026-02-24 06:00:00,4965.0,not_as_described,processed,original_payment
REF0007042,ORD0067462,A029145,2026-02-01 06:00:00,3162.0,not_as_described,processed,bank_transfer
REF0007043,ORD0067494,A029155,2026-02-23 06:00:00,2133.0,not_as_described,processed,original_payment
REF0007044,ORD0067578,A029183,2026-02-23 06:00:00,1021.0,not_as_described,processed,wallet
REF0007045,ORD0067700,A029224,2026-02-11 06:00:00,1066.0,not_as_described,processed,original_payment
REF0007046,ORD0067707,A029226,2026-02-22 06:00:00,4072.0,not_as_described,processed,original_payment
REF0007047,ORD0067734,A029235,2026-02-22 06:00:00,3037.0,not_as_described,processed,bank_transfer
REF0007048,ORD0067759,A029244,2026-02-01 06:00:00,4040.0,not_as_described,processed,original_payment
REF0007049,ORD0067781,A029251,2026-02-10 06:00:00,2594.0,not_as_described,processed,bank_transfer
REF0007050,ORD0067791,A029254,2026-02-23 06:00:00,4114.0,not_as_described,processed,wallet
REF0007051,ORD0067806,A029259,2026-02-20 06:00:00,1043.0,not_as_described,processed,original_payment
REF0007052,ORD0067839,A029270,2026-02-23 06:00:00,4607.0,not_as_described,processed,original_payment
REF0007053,ORD0067870,A029281,2026-02-03 06:00:00,4325.0,not_as_described,processed,original_payment
REF0007054,ORD0067872,A029281,2026-02-20 06:00:00,4675.0,not_as_described,processed,bank_transfer
REF0007055,ORD0067878,A029283,2026-02-24 06:00:00,4749.0,not_as_described,processed,original_payment
REF0007056,ORD0067928,A029300,2026-02-11 06:00:00,1754.0,not_as_described,processed,wallet
REF0007057,ORD0067962,A029311,2026-02-20 06:00:00,4719.0,not_as_described,processed,wallet
REF0007058,ORD0067972,A029315,2026-02-03 06:00:00,3434.0,not_as_described,processed,bank_transfer
REF0007059,ORD0067980,A029317,2026-02-20 06:00:00,4338.0,not_as_described,processed,wallet
REF0007060,ORD0067984,A029319,2026-01-31 06:00:00,4592.0,not_as_described,processed,bank_transfer
REF0007061,ORD0067998,A029323,2026-02-23 06:00:00,3484.0,not_as_described,processed,bank_transfer
REF0007062,ORD0068004,A029325,2026-02-20 06:00:00,4989.0,not_as_described,processed,wallet
REF0007063,ORD0068011,A029328,2026-02-01 06:00:00,3486.0,not_as_described,processed,bank_transfer
REF0007064,ORD0068034,A029335,2026-02-21 06:00:00,2678.0,not_as_described,processed,wallet
REF0007065,ORD0068035,A029336,2026-02-01 06:00:00,3528.0,not_as_described,processed,bank_transfer
REF0007066,ORD0068066,A029346,2026-02-13 06:00:00,3473.0,not_as_described,processed,original_payment
REF0007067,ORD0068077,A029350,2026-02-02 06:00:00,3331.0,not_as_described,processed,original_payment
REF0007068,ORD0068148,A029373,2026-02-22 06:00:00,4644.0,not_as_described,processed,bank_transfer
REF0007069,ORD0068201,A029391,2026-02-14 06:00:00,4196.0,not_as_described,processed,wallet
REF0007070,ORD0068216,A029396,2026-02-12 06:00:00,3581.0,not_as_described,processed,original_payment
REF0007071,ORD0068223,A029398,2026-02-24 06:00:00,3986.0,not_as_described,processed,wallet
REF0007072,ORD0068238,A029403,2026-02-21 06:00:00,1848.0,not_as_described,processed,bank_transfer
REF0007073,ORD0068245,A029406,2026-02-02 06:00:00,3306.0,not_as_described,processed,bank_transfer
REF0007074,ORD0068252,A029408,2026-02-13 06:00:00,1995.0,not_as_described,processed,original_payment
REF0007075,ORD0068267,A029413,2026-02-12 06:00:00,4282.0,not_as_described,processed,bank_transfer
REF0007076,ORD0068273,A029415,2026-02-13 06:00:00,3916.0,not_as_described,processed,original_payment
REF0007077,ORD0068274,A029415,2026-02-21 06:00:00,4740.0,not_as_described,processed,bank_transfer
REF0007078,ORD0068305,A029426,2026-02-01 06:00:00,1711.0,not_as_described,processed,original_payment
REF0007079,ORD0068306,A029426,2026-02-13 06:00:00,4244.0,not_as_described,processed,wallet
REF0007080,ORD0068366,A029446,2026-02-13 06:00:00,1551.0,not_as_described,processed,bank_transfer
REF0007081,ORD0068383,A029452,2026-02-01 06:00:00,4443.0,not_as_described,processed,bank_transfer
REF0007082,ORD0068389,A029454,2026-02-02 06:00:00,3038.0,not_as_described,processed,original_payment
REF0007083,ORD0068449,A029474,2026-02-01 06:00:00,4978.0,not_as_described,processed,original_payment
REF0007084,ORD0068488,A029487,2026-02-02 06:00:00,2450.0,not_as_described,processed,bank_transfer
REF0007085,ORD0068519,A029497,2026-02-12 06:00:00,2358.0,not_as_described,processed,wallet
REF0007086,ORD0068523,A029498,2026-02-22 06:00:00,1123.0,not_as_described,processed,original_payment
REF0007087,ORD0068525,A029499,2026-02-12 06:00:00,1336.0,not_as_described,processed,wallet
REF0007088,ORD0068538,A029503,2026-02-23 06:00:00,4551.0,not_as_described,processed,original_payment
REF0007089,ORD0068558,A029510,2026-02-12 06:00:00,3362.0,not_as_described,processed,bank_transfer
REF0007090,ORD0068570,A029514,2026-02-10 06:00:00,3592.0,not_as_described,processed,bank_transfer
REF0007091,ORD0068575,A029516,2026-02-04 06:00:00,3312.0,not_as_described,processed,bank_transfer
REF0007092,ORD0068596,A029523,2026-02-04 06:00:00,1932.0,not_as_described,processed,bank_transfer
REF0007093,ORD0068631,A029534,2026-02-22 06:00:00,4284.0,not_as_described,processed,original_payment
REF0007094,ORD0068647,A029540,2026-02-03 06:00:00,1152.0,not_as_described,processed,wallet
REF0007095,ORD0068657,A029543,2026-02-11 06:00:00,1141.0,not_as_described,processed,wallet
REF0007096,ORD0068667,A029546,2026-02-20 06:00:00,4266.0,not_as_described,processed,bank_transfer
REF0007097,ORD0068682,A029551,2026-02-14 06:00:00,4261.0,not_as_described,processed,bank_transfer
REF0007098,ORD0068688,A029553,2026-02-15 06:00:00,885.0,not_as_described,processed,bank_transfer
REF0007099,ORD0068742,A029571,2026-02-14 06:00:00,4330.0,not_as_described,processed,original_payment
REF0007100,ORD0068753,A029575,2026-02-13 06:00:00,1152.0,not_as_described,processed,bank_transfer
REF0007101,ORD0068801,A029591,2026-02-13 06:00:00,2159.0,not_as_described,processed,wallet
REF0007102,ORD0068846,A029606,2026-02-13 06:00:00,1006.0,not_as_described,processed,original_payment
REF0007103,ORD0068874,A029615,2026-02-13 06:00:00,4199.0,not_as_described,processed,wallet
REF0007104,ORD0068895,A029622,2026-02-16 06:00:00,4098.0,not_as_described,processed,wallet
REF0007105,ORD0068896,A029623,2026-02-14 06:00:00,2461.0,not_as_described,processed,original_payment
REF0007106,ORD0068929,A029634,2026-02-14 06:00:00,2801.0,not_as_described,processed,bank_transfer
REF0007107,ORD0068968,A029647,2026-02-14 06:00:00,720.0,not_as_described,processed,wallet
REF0007108,ORD0068976,A029649,2026-02-17 06:00:00,3695.0,not_as_described,processed,bank_transfer
REF0007109,ORD0068979,A029650,2026-02-13 06:00:00,597.0,not_as_described,processed,bank_transfer
REF0007110,ORD0069004,A029659,2026-02-15 06:00:00,3362.0,not_as_described,processed,wallet
REF0007111,ORD0069035,A029669,2026-02-15 06:00:00,1669.0,not_as_described,processed,original_payment
REF0007112,ORD0069057,A029676,2026-02-16 06:00:00,781.0,not_as_described,processed,original_payment
REF0007113,ORD0069068,A029680,2026-02-11 06:00:00,1288.0,not_as_described,processed,original_payment
REF0007114,ORD0069115,A029696,2026-02-12 06:00:00,3315.0,not_as_described,processed,original_payment
REF0007115,ORD0069118,A029697,2026-02-14 06:00:00,4429.0,not_as_described,processed,wallet
REF0007116,ORD0069144,A029705,2026-02-14 06:00:00,3779.0,not_as_described,processed,wallet
REF0007117,ORD0069174,A029715,2026-02-14 06:00:00,2535.0,not_as_described,processed,bank_transfer
REF0007118,ORD0069191,A029721,2026-02-14 06:00:00,3859.0,not_as_described,processed,bank_transfer
REF0007119,ORD0069205,A029726,2026-02-12 06:00:00,4211.0,not_as_described,processed,bank_transfer
REF0007120,ORD0069214,A029729,2026-02-15 06:00:00,2504.0,not_as_described,processed,bank_transfer
REF0007121,ORD0069224,A029732,2026-02-14 06:00:00,4245.0,not_as_described,processed,bank_transfer
REF0007122,ORD0069231,A029734,2026-02-16 06:00:00,4276.0,not_as_described,processed,wallet
REF0007123,ORD0069272,A029748,2026-02-15 06:00:00,2729.0,not_as_described,processed,bank_transfer
REF0007124,ORD0069281,A029751,2026-02-13 06:00:00,1974.0,not_as_described,processed,wallet
REF0007125,ORD0069298,A029757,2026-02-12 06:00:00,1646.0,not_as_described,processed,original_payment
REF0007126,ORD0069344,A029772,2026-02-15 06:00:00,1348.0,not_as_described,processed,bank_transfer
REF0007127,ORD0069393,A029788,2026-02-16 06:00:00,2817.0,not_as_described,processed,original_payment
REF0007128,ORD0069428,A029800,2026-02-14 06:00:00,700.0,not_as_described,processed,original_payment
REF0007129,ORD0069434,A029802,2026-02-16 06:00:00,1653.0,not_as_described,processed,bank_transfer
REF0007130,ORD0069435,A029802,2026-02-16 06:00:00,682.0,not_as_described,processed,original_payment
REF0007131,ORD0069442,A029805,2026-02-09 06:00:00,1304.0,not_as_described,processed,original_payment
REF0007132,ORD0069535,A029836,2026-02-14 06:00:00,3370.0,not_as_described,processed,bank_transfer
REF0007133,ORD0069610,A029861,2026-02-12 06:00:00,2139.0,not_as_described,processed,wallet
REF0007134,ORD0069617,A029863,2026-02-13 06:00:00,3011.0,not_as_described,processed,bank_transfer
REF0007135,ORD0069672,A029881,2026-02-14 06:00:00,1653.0,not_as_described,processed,wallet
REF0007136,ORD0069688,A029887,2026-02-14 06:00:00,4193.0,not_as_described,processed,bank_transfer
REF0007137,ORD0069697,A029890,2026-02-11 06:00:00,3587.0,not_as_described,processed,original_payment
REF0007138,ORD0069709,A029894,2026-02-13 06:00:00,4398.0,not_as_described,processed,original_payment
REF0007139,ORD0069717,A029896,2026-02-15 06:00:00,3697.0,not_as_described,processed,wallet
REF0007140,ORD0069729,A029900,2026-02-13 06:00:00,1225.0,not_as_described,processed,wallet
REF0007141,ORD0069784,A029919,2026-02-13 06:00:00,3431.0,not_as_described,processed,bank_transfer
REF0007142,ORD0069799,A029924,2026-02-16 06:00:00,2469.0,not_as_described,processed,wallet
REF0007143,ORD0069805,A029926,2026-02-13 06:00:00,1073.0,not_as_described,processed,wallet
REF0007144,ORD0069820,A029931,2026-02-13 06:00:00,1080.0,not_as_described,processed,bank_transfer
REF0007145,ORD0069828,A029933,2026-02-18 06:00:00,863.0,not_as_described,processed,original_payment
REF0007146,ORD0069838,A029937,2026-02-15 06:00:00,3643.0,not_as_described,processed,bank_transfer
REF0007147,ORD0069843,A029938,2026-02-14 06:00:00,3113.0,not_as_described,processed,original_payment
REF0007148,ORD0069881,A029951,2026-02-13 06:00:00,3415.0,not_as_described,processed,wallet
REF0007149,ORD0069896,A029956,2026-02-14 06:00:00,2826.0,not_as_described,processed,original_payment
REF0007150,ORD0069918,A029963,2026-02-15 06:00:00,3365.0,not_as_described,processed,wallet
REF0007151,ORD0069939,A029970,2026-02-15 06:00:00,646.0,not_as_described,processed,original_payment
REF0007152,ORD0069950,A029974,2026-02-17 06:00:00,2774.0,not_as_described,processed,wallet
REF0007153,ORD0069952,A029975,2026-02-11 06:00:00,2187.0,not_as_described,processed,original_payment
REF0007154,ORD0069960,A029977,2026-02-13 06:00:00,1726.0,not_as_described,processed,bank_transfer
REF0007155,ORD0069978,A029983,2026-02-14 06:00:00,2947.0,not_as_described,processed,bank_transfer
REF0007156,ORD0069995,A029989,2026-02-14 06:00:00,4056.0,not_as_described,processed,original_payment
REF0007157,ORD0070004,A029992,2026-02-16 06:00:00,2180.0,not_as_described,processed,wallet
