order_id,account_id,device_id,address_id,phone_hash,instrument_id,amount,discount_amount,coupon_code,category,order_timestamp,delivery_status,delivery_attempts,delivery_timestamp,rto_flag,return_flag,return_reason_code,return_timestamp,return_lag_hours,refund_flag,refund_amount,refund_timestamp,dispute_flag,dispute_phase,dispute_reason_code,dispute_reason_category,evidence_availability
ORD0000000,A000000,D000927,ADDR000009,4db431ce33f02aa8,PI001386,1800.0,0.0,,toys,2026-01-31 19:32:09,delivered,2,2026-02-03 19:32:09,False,False,,,,False,,,False,,,,
ORD0000001,A000000,D000927,ADDR000160,4db431ce33f02aa8,PI001386,17450.0,0.0,,electronics,2026-02-03 20:57:38,delivered,3,2026-02-07 20:57:38,False,False,,,,False,,,False,,,,
ORD0000002,A000001,D000654,ADDR000316,5cfbcac3a8204295,PI000204,4600.0,0.0,,fashion,2026-02-27 19:29:44,delivered,2,2026-03-01 19:29:44,False,False,,,,False,,,False,,,,
ORD0000003,A000001,D000654,ADDR000316,5cfbcac3a8204295,PI000204,2800.0,0.0,,fashion,2026-02-17 12:56:21,delivered,3,2026-02-18 12:56:21,False,False,,,,False,,,False,,,,
ORD0000004,A000001,D000654,ADDR000204,5cfbcac3a8204295,PI000204,4020.0,356.77,,fashion,2026-02-18 01:02:05,delivered,1,2026-02-22 01:02:05,False,False,,,,False,,,False,,,,
ORD0000005,A000003,D000585,ADDR000515,2af6af5577fd981c,PI001264,5020.0,0.0,,home,2026-02-12 03:23:42,delivered,3,2026-02-15 03:23:42,False,False,,,,False,,,False,,,,
ORD0000006,A000003,D000292,ADDR000515,2af6af5577fd981c,PI001264,930.0,0.0,,fashion,2026-02-13 14:23:19,delivered,3,2026-02-17 14:23:19,False,False,,,,False,,,False,,,,
ORD0000007,A000003,D000292,ADDR000515,2af6af5577fd981c,PI001264,17400.0,0.0,,electronics,2026-01-30 07:04:47,delivered,1,2026-02-01 07:04:47,False,False,,,,False,,,False,,,,
ORD0000008,A000003,D000585,ADDR000515,2af6af5577fd981c,PI001264,6490.0,0.0,,home,2026-02-09 19:21:06,delivered,1,2026-02-11 19:21:06,False,False,,,,False,,,False,,,,
ORD0000009,A000004,D000814,ADDR000358,8762006c0334d78d,PI001312,1110.0,0.0,,grocery,2026-01-31 07:54:30,delivered,1,2026-02-02 07:54:30,False,False,,,,False,,,False,,,,
ORD0000010,A000004,D000814,ADDR000585,8762006c0334d78d,PI001312,4200.0,537.08,,home,2026-02-25 13:21:53,delivered,3,2026-02-27 13:21:53,False,False,,,,False,,,False,,,,
ORD0000011,A000005,D000170,ADDR000393,86f95e2a08afaa18,PI001255,4450.0,0.0,,home,2026-02-23 16:55:30,delivered,1,2026-02-26 16:55:30,False,False,,,,False,,,False,,,,
ORD0000012,A000005,D000170,ADDR000371,86f95e2a08afaa18,PI001255,13700.0,0.0,,electronics,2026-01-26 13:40:34,delivered,2,2026-01-27 13:40:34,False,False,,,,False,,,False,,,,
ORD0000013,A000006,D000391,ADDR000422,cb65a279b363a336,PI000960,1960.0,0.0,,toys,2026-01-26 03:25:38,delivered,1,2026-01-28 03:25:38,False,False,,,,False,,,False,,,,
ORD0000014,A000006,D000391,ADDR000221,cb65a279b363a336,PI000519,1060.0,0.0,,toys,2026-02-11 08:30:18,delivered,3,2026-02-14 08:30:18,False,False,,,,False,,,False,,,,
ORD0000015,A000008,D000731,ADDR000255,4db431ce33f02aa8,PI001090,15840.0,1156.66,,electronics,2026-02-26 18:35:53,delivered,2,2026-02-27 18:35:53,False,False,,,,False,,,False,,,,
ORD0000016,A000008,D000731,ADDR000255,4db431ce33f02aa8,PI000173,1690.0,0.0,,books,2026-02-03 22:15:40,failed,2,,True,False,,,,False,,,False,,,,
ORD0000017,A000009,D001065,ADDR000494,0c82c0d6d586a733,PI000287,6920.0,705.05,,home,2026-02-24 15:09:28,delivered,1,2026-02-28 15:09:28,False,False,,,,False,,,False,,,,
ORD0000018,A000011,D000281,ADDR000024,5648e02f433f8b83,PI000474,3170.0,317.23,,home,2026-01-22 06:59:37,delivered,1,2026-01-26 06:59:37,False,False,,,,False,,,False,,,,
ORD0000019,A000011,D000281,ADDR000024,5648e02f433f8b83,PI000474,1920.0,0.0,,home,2026-01-22 05:28:12,delivered,3,2026-01-26 05:28:12,False,False,,,,False,,,False,,,,
ORD0000020,A000011,D000860,ADDR000300,5648e02f433f8b83,PI000474,560.0,0.0,,books,2026-01-29 10:43:23,delivered,1,2026-02-02 10:43:23,False,False,,,,False,,,False,,,,
ORD0000021,A000011,D000281,ADDR000024,5648e02f433f8b83,PI000474,4700.0,0.0,,fashion,2026-02-06 07:42:34,delivered,2,2026-02-09 07:42:34,False,False,,,,False,,,False,,,,
ORD0000022,A000012,D000218,ADDR000153,257007ddbd2091f5,PI000646,1080.0,140.87,,toys,2026-02-09 04:28:12,delivered,2,2026-02-12 04:28:12,False,False,,,,False,,,False,,,,
ORD0000023,A000013,D000784,ADDR000532,1946aa2a21ca7b90,PI001062,1280.0,122.1,,fashion,2026-02-07 02:20:03,delivered,1,2026-02-10 02:20:03,False,False,,,,False,,,False,,,,
ORD0000024,A000013,D000784,ADDR000051,1946aa2a21ca7b90,PI001202,16700.0,0.0,,electronics,2026-02-23 10:19:28,delivered,1,2026-02-25 10:19:28,False,False,,,,False,,,False,,,,
ORD0000025,A000013,D000784,ADDR000051,1946aa2a21ca7b90,PI001062,18480.0,0.0,,electronics,2026-02-04 20:42:10,delivered,2,2026-02-08 20:42:10,False,False,,,,False,,,False,,,,
ORD0000026,A000015,D001090,ADDR000393,c0774e9711f65a08,PI000857,1560.0,0.0,,fashion,2026-02-04 07:17:17,delivered,2,2026-02-08 07:17:17,False,False,,,,False,,,False,,,,
ORD0000027,A000015,D001090,ADDR000328,c0774e9711f65a08,PI000857,1310.0,0.0,,grocery,2026-01-11 15:01:24,delivered,1,2026-01-12 15:01:24,False,False,,,,False,,,False,,,,
ORD0000028,A000015,D001090,ADDR000328,c0774e9711f65a08,PI000718,380.0,56.22,,books,2026-02-13 20:48:42,delivered,3,2026-02-16 20:48:42,False,False,,,,False,,,False,,,,
ORD0000029,A000017,D000747,ADDR000489,340a07633775432a,PI000608,2220.0,0.0,,fashion,2026-02-07 18:13:06,delivered,2,2026-02-09 18:13:06,False,False,,,,False,,,False,,,,
ORD0000030,A000017,D000747,ADDR000489,340a07633775432a,PI000608,4130.0,405.12,,fashion,2026-02-17 13:15:46,delivered,2,2026-02-21 13:15:46,False,False,,,,False,,,False,,,,
ORD0000031,A000018,D000747,ADDR000580,bd95b527ff7e9b7c,PI001245,5070.0,323.17,,home,2026-01-19 16:10:16,failed,1,,True,False,,,,False,,,False,,,,
ORD0000032,A000018,D000533,ADDR000580,bd95b527ff7e9b7c,PI001264,7980.0,601.2,,home,2026-02-10 21:25:40,delivered,1,2026-02-14 21:25:40,False,False,,,,False,,,False,,,,
ORD0000033,A000018,D000533,ADDR000580,bd95b527ff7e9b7c,PI001245,760.0,0.0,,grocery,2026-01-22 21:50:41,delivered,2,2026-01-25 21:50:41,False,False,,,,False,,,False,,,,
ORD0000034,A000018,D000747,ADDR000580,bd95b527ff7e9b7c,PI001245,940.0,58.25,,grocery,2026-02-20 01:17:05,delivered,3,2026-02-23 01:17:05,False,False,,,,False,,,False,,,,
ORD0000035,A000018,D000533,ADDR000233,bd95b527ff7e9b7c,PI001245,3930.0,0.0,,home,2026-02-16 21:57:11,delivered,3,2026-02-19 21:57:11,False,False,,,,False,,,False,,,,
ORD0000036,A000019,D000038,ADDR000036,7954b317697c4158,PI000357,3680.0,0.0,,home,2026-02-13 20:17:28,pending,1,,False,False,,,,False,,,False,,,,
ORD0000037,A000020,D001177,ADDR000338,b22554ca16e8d131,PI001386,2250.0,0.0,,grocery,2026-01-28 03:36:02,delivered,1,2026-02-01 03:36:02,False,False,,,,False,,,False,,,,
ORD0000038,A000020,D001085,ADDR000338,b22554ca16e8d131,PI001386,1560.0,0.0,,toys,2026-01-28 03:26:14,delivered,3,2026-01-30 03:26:14,False,False,,,,False,,,False,,,,
ORD0000039,A000020,D001085,ADDR000338,b22554ca16e8d131,PI001386,4070.0,0.0,,fashion,2026-02-25 02:30:38,failed,2,,True,False,,,,False,,,False,,,,
ORD0000040,A000020,D001085,ADDR000338,b22554ca16e8d131,PI001386,5360.0,283.54,,home,2026-02-18 05:16:00,delivered,2,2026-02-19 05:16:00,False,False,,,,False,,,False,,,,
ORD0000041,A000020,D001085,ADDR000338,b22554ca16e8d131,PI001386,4060.0,469.45,,fashion,2026-02-24 07:16:33,delivered,1,2026-02-25 07:16:33,False,False,,,,False,,,False,,,,
ORD0000042,A000021,D001136,ADDR000141,11c08fb2178be654,PI001352,970.0,0.0,,fashion,2026-02-08 07:11:54,delivered,3,2026-02-11 07:11:54,False,False,,,,False,,,False,,,,
ORD0000043,A000021,D001136,ADDR000141,11c08fb2178be654,PI000454,4220.0,0.0,,fashion,2026-02-23 10:22:07,delivered,1,2026-02-26 10:22:07,False,False,,,,False,,,False,,,,
ORD0000044,A000021,D001136,ADDR000141,11c08fb2178be654,PI001352,13010.0,0.0,,electronics,2026-02-19 15:04:18,delivered,3,2026-02-20 15:04:18,False,False,,,,False,,,False,,,,
ORD0000045,A000023,D000878,ADDR000364,3530ab67e5eefda0,PI001161,2800.0,181.56,,home,2026-02-08 15:16:35,delivered,3,2026-02-11 15:16:35,False,False,,,,False,,,False,,,,
ORD0000046,A000023,D000878,ADDR000537,3530ab67e5eefda0,PI001161,19520.0,0.0,,electronics,2026-02-03 15:00:12,delivered,2,2026-02-04 15:00:12,False,False,,,,False,,,False,,,,
ORD0000047,A000024,D000003,ADDR000016,2eea16811f15fe3a,PI001103,2790.0,0.0,,fashion,2026-02-05 04:14:50,delivered,3,2026-02-08 04:14:50,False,False,,,,False,,,False,,,,
ORD0000048,A000024,D000003,ADDR000412,2eea16811f15fe3a,PI000156,3540.0,0.0,,fashion,2026-02-10 04:25:39,delivered,2,2026-02-11 04:25:39,False,False,,,,False,,,False,,,,
ORD0000049,A000025,D000136,ADDR000189,8d6f19e79db11452,PI000037,3010.0,167.23,,electronics,2026-02-01 01:26:49,delivered,2,2026-02-02 01:26:49,False,False,,,,False,,,False,,,,
ORD0000050,A000025,D000204,ADDR000189,8d6f19e79db11452,PI000037,1080.0,0.0,,fashion,2026-01-14 07:44:32,delivered,3,2026-01-17 07:44:32,False,False,,,,False,,,False,,,,
ORD0000051,A000025,D000136,ADDR000189,8d6f19e79db11452,PI000037,1800.0,0.0,,fashion,2026-01-25 07:53:09,delivered,2,2026-01-28 07:53:09,False,False,,,,False,,,False,,,,
ORD0000052,A000025,D000136,ADDR000189,8d6f19e79db11452,PI000037,3970.0,0.0,,home,2026-02-28 17:59:17,delivered,3,2026-03-02 17:59:17,False,False,,,,False,,,False,,,,
ORD0000053,A000026,D000857,ADDR000580,0c212aa7825ce00c,PI000887,2970.0,442.63,,grocery,2026-02-25 14:31:33,delivered,2,2026-02-28 14:31:33,False,False,,,,False,,,False,,,,
ORD0000054,A000027,D000780,ADDR000000,81294a945120dc8b,PI000048,1780.0,0.0,,fashion,2026-02-14 10:33:27,delivered,2,2026-02-17 10:33:27,False,False,,,,False,,,False,,,,
ORD0000055,A000027,D000780,ADDR000000,81294a945120dc8b,PI000048,4330.0,0.0,,fashion,2026-01-23 18:05:02,delivered,2,2026-01-27 18:05:02,False,False,,,,False,,,False,,,,
ORD0000056,A000028,D000491,ADDR000492,68463e0b2a12f38a,PI001244,2600.0,282.65,,grocery,2026-02-16 08:05:39,delivered,2,2026-02-18 08:05:39,False,False,,,,False,,,False,,,,
ORD0000057,A000029,D000349,ADDR000359,a9cf135371536ac7,PI000781,2560.0,0.0,,fashion,2026-02-26 04:38:20,delivered,2,2026-02-28 04:38:20,False,False,,,,False,,,False,,,,
ORD0000058,A000029,D000349,ADDR000359,a9cf135371536ac7,PI000781,4680.0,1516.65,RARE_670,home,2026-02-01 01:33:36,delivered,3,2026-02-05 01:33:36,False,False,,,,False,,,False,,,,
ORD0000059,A000030,D000851,ADDR000359,4cf317b075b9f3f3,PI000857,4940.0,0.0,,fashion,2026-01-18 14:17:35,delivered,2,2026-01-21 14:17:35,False,False,,,,False,,,False,,,,
ORD0000060,A000030,D000934,ADDR000359,4cf317b075b9f3f3,PI001210,7740.0,2267.78,RARE_540,home,2026-01-15 12:29:18,failed,1,,True,False,,,,False,,,False,,,,
ORD0000061,A000030,D000934,ADDR000359,4cf317b075b9f3f3,PI000857,530.0,75.51,,grocery,2026-02-12 18:14:15,delivered,1,2026-02-13 18:14:15,False,False,,,,False,,,False,,,,
ORD0000062,A000032,D001089,ADDR000237,4db431ce33f02aa8,PI000985,4600.0,0.0,,home,2026-02-26 11:40:59,delivered,3,2026-03-01 11:40:59,False,False,,,,False,,,False,,,,
ORD0000063,A000032,D000525,ADDR000237,4db431ce33f02aa8,PI000985,2540.0,0.0,,fashion,2026-02-11 21:45:23,delivered,3,2026-02-15 21:45:23,False,False,,,,False,,,False,,,,
ORD0000064,A000032,D001089,ADDR000237,4db431ce33f02aa8,PI000985,3280.0,0.0,,fashion,2026-02-13 21:15:47,delivered,1,2026-02-17 21:15:47,False,False,,,,False,,,False,,,,
ORD0000065,A000032,D000525,ADDR000237,4db431ce33f02aa8,PI000985,2690.0,403.16,,fashion,2026-01-12 08:41:04,delivered,3,2026-01-15 08:41:04,False,False,,,,False,,,False,,,,
ORD0000066,A000033,D000131,ADDR000121,6f14369e6af0d24b,PI001373,8320.0,0.0,,electronics,2026-02-04 02:49:55,delivered,3,2026-02-05 02:49:55,False,False,,,,False,,,False,,,,
ORD0000067,A000033,D000131,ADDR000121,6f14369e6af0d24b,PI001229,2240.0,280.44,,fashion,2026-02-24 07:45:32,delivered,1,2026-02-28 07:45:32,False,False,,,,False,,,False,,,,
ORD0000068,A000033,D000131,ADDR000121,6f14369e6af0d24b,PI001373,3150.0,324.31,,fashion,2026-02-24 23:04:33,delivered,1,2026-02-26 23:04:33,False,False,,,,False,,,False,,,,
ORD0000069,A000034,D001169,ADDR000160,ef132e9e7faab419,PI000494,5100.0,0.0,,home,2026-02-13 08:43:37,delivered,3,2026-02-17 08:43:37,False,False,,,,False,,,False,,,,
ORD0000070,A000035,D000726,ADDR000292,8288f1693e885485,PI000351,2820.0,0.0,,grocery,2026-02-26 09:00:13,failed,1,,True,False,,,,False,,,False,,,,
ORD0000071,A000035,D000726,ADDR000292,8288f1693e885485,PI000371,2920.0,0.0,,electronics,2026-01-07 06:26:52,delivered,1,2026-01-08 06:26:52,False,False,,,,False,,,False,,,,
ORD0000072,A000036,D000533,ADDR000343,13b2bbef9a9b970c,PI000461,7220.0,361.89,,electronics,2026-02-02 13:23:39,delivered,1,2026-02-03 13:23:39,False,False,,,,False,,,False,,,,
ORD0000073,A000036,D000533,ADDR000343,13b2bbef9a9b970c,PI000461,4020.0,305.66,,home,2026-02-02 06:21:03,delivered,1,2026-02-05 06:21:03,False,False,,,,False,,,False,,,,
ORD0000074,A000040,D000391,ADDR000065,34e2e0b7e1cacee2,PI000558,920.0,46.44,,grocery,2026-01-24 22:11:50,delivered,2,2026-01-27 22:11:50,False,False,,,,False,,,False,,,,
ORD0000075,A000041,D000048,ADDR000075,38d2753022f19ecb,PI000614,1100.0,0.0,,grocery,2026-02-21 01:05:39,delivered,3,2026-02-22 01:05:39,False,False,,,,False,,,False,,,,
ORD0000076,A000041,D000048,ADDR000537,38d2753022f19ecb,PI000854,8240.0,0.0,,electronics,2026-02-18 12:53:31,delivered,3,2026-02-22 12:53:31,False,False,,,,False,,,False,,,,
ORD0000077,A000041,D000048,ADDR000537,38d2753022f19ecb,PI000614,470.0,0.0,,books,2026-02-01 22:45:18,delivered,3,2026-02-04 22:45:18,False,False,,,,False,,,False,,,,
ORD0000078,A000041,D000484,ADDR000075,38d2753022f19ecb,PI000854,2280.0,0.0,,toys,2026-02-20 20:28:58,delivered,3,2026-02-23 20:28:58,False,False,,,,False,,,False,,,,
ORD0000079,A000042,D000998,ADDR000173,3b58fffd8c9562e3,PI000250,350.0,0.0,,grocery,2026-01-14 01:22:10,delivered,1,2026-01-18 01:22:10,False,False,,,,False,,,False,,,,
ORD0000080,A000042,D000998,ADDR000173,3b58fffd8c9562e3,PI000250,1720.0,0.0,,grocery,2026-02-06 22:18:20,delivered,3,2026-02-08 22:18:20,False,False,,,,False,,,False,,,,
ORD0000081,A000042,D000998,ADDR000173,3b58fffd8c9562e3,PI000250,3160.0,0.0,,toys,2026-01-18 11:23:36,delivered,1,2026-01-22 11:23:36,False,False,,,,False,,,False,,,,
ORD0000082,A000042,D000998,ADDR000051,3b58fffd8c9562e3,PI000250,1460.0,0.0,,grocery,2026-02-17 10:25:11,delivered,2,2026-02-19 10:25:11,False,False,,,,False,,,False,,,,
ORD0000083,A000042,D000998,ADDR000051,3b58fffd8c9562e3,PI000250,14290.0,969.49,,electronics,2026-01-12 08:52:50,delivered,3,2026-01-16 08:52:50,False,False,,,,False,,,False,,,,
ORD0000084,A000043,D000661,ADDR000152,f6f4a68288333f4f,PI001089,12260.0,1674.19,,electronics,2026-02-27 03:36:07,delivered,1,2026-03-02 03:36:07,False,False,,,,False,,,False,,,,
ORD0000085,A000043,D000661,ADDR000451,f6f4a68288333f4f,PI001089,4190.0,367.52,,home,2026-01-30 17:02:12,delivered,3,2026-01-31 17:02:12,False,False,,,,False,,,False,,,,
ORD0000086,A000043,D000661,ADDR000152,f6f4a68288333f4f,PI001089,2460.0,0.0,,fashion,2026-02-15 07:58:14,delivered,2,2026-02-17 07:58:14,False,False,,,,False,,,False,,,,
ORD0000087,A000044,D000265,ADDR000160,46b441fc4489be50,PI001183,1690.0,0.0,,toys,2026-01-06 06:18:14,delivered,3,2026-01-08 06:18:14,False,False,,,,False,,,False,,,,
ORD0000088,A000044,D000265,ADDR000160,46b441fc4489be50,PI001183,2810.0,0.0,,fashion,2026-02-22 07:02:45,delivered,1,2026-02-23 07:02:45,False,False,,,,False,,,False,,,,
ORD0000089,A000045,D000459,ADDR000515,79f86f4875c06871,PI000248,1590.0,630.39,RARE_911,books,2026-02-18 22:30:08,failed,2,,True,False,,,,False,,,False,,,,
ORD0000090,A000045,D000459,ADDR000515,79f86f4875c06871,PI000248,1380.0,0.0,,fashion,2026-02-03 18:19:15,delivered,3,2026-02-07 18:19:15,False,False,,,,False,,,False,,,,
ORD0000091,A000045,D000459,ADDR000243,79f86f4875c06871,PI000248,1710.0,0.0,,grocery,2026-02-12 14:29:18,delivered,1,2026-02-13 14:29:18,False,False,,,,False,,,False,,,,
ORD0000092,A000047,D000882,ADDR000100,c51932f616c667e4,PI000110,1310.0,0.0,,books,2026-01-25 22:08:07,delivered,1,2026-01-26 22:08:07,False,False,,,,False,,,False,,,,
ORD0000093,A000047,D000307,ADDR000278,c51932f616c667e4,PI000936,1730.0,0.0,,books,2026-01-19 21:04:15,delivered,1,2026-01-22 21:04:15,False,False,,,,False,,,False,,,,
ORD0000094,A000048,D000608,ADDR000532,c3d91fc24855e048,PI001118,9820.0,0.0,,electronics,2026-02-23 17:26:21,failed,1,,True,False,,,,False,,,False,,,,
ORD0000095,A000048,D000608,ADDR000337,c3d91fc24855e048,PI001118,4800.0,0.0,,fashion,2026-02-23 23:51:02,delivered,1,2026-02-24 23:51:02,False,False,,,,False,,,False,,,,
ORD0000096,A000049,D000609,ADDR000227,69466860f39785df,PI000491,2770.0,233.06,,fashion,2026-02-07 10:50:27,delivered,2,2026-02-11 10:50:27,False,False,,,,False,,,False,,,,
ORD0000097,A000049,D000118,ADDR000227,69466860f39785df,PI000491,5460.0,0.0,,home,2026-02-16 01:51:17,pending,2,,False,False,,,,False,,,False,,,,
ORD0000098,A000049,D000609,ADDR000477,69466860f39785df,PI000756,11950.0,0.0,,electronics,2026-02-16 15:15:29,delivered,2,2026-02-20 15:15:29,False,False,,,,False,,,False,,,,
ORD0000099,A000049,D000118,ADDR000227,69466860f39785df,PI000756,710.0,0.0,,grocery,2026-02-09 14:46:43,pending,2,,False,False,,,,False,,,False,,,,
ORD0000100,A000050,D000262,ADDR000359,73afe270492b086c,PI000661,2240.0,121.02,,home,2026-02-13 19:32:57,delivered,3,2026-02-15 19:32:57,False,False,,,,False,,,False,,,,
ORD0000101,A000051,D000554,ADDR000226,4d478ab5292ba827,PI000131,1660.0,0.0,,toys,2026-02-04 00:49:21,delivered,3,2026-02-06 00:49:21,False,False,,,,False,,,False,,,,
ORD0000102,A000051,D000640,ADDR000100,4d478ab5292ba827,PI000131,16890.0,0.0,,electronics,2026-01-31 12:46:24,delivered,3,2026-02-01 12:46:24,False,False,,,,False,,,False,,,,
ORD0000103,A000052,D001131,ADDR000084,378122aeb7dc425a,PI000037,7400.0,0.0,,home,2026-01-20 08:26:16,delivered,2,2026-01-24 08:26:16,False,False,,,,False,,,False,,,,
ORD0000104,A000052,D001131,ADDR000036,378122aeb7dc425a,PI001249,3360.0,0.0,,fashion,2026-02-05 21:21:17,delivered,3,2026-02-08 21:21:17,False,False,,,,False,,,False,,,,
ORD0000105,A000052,D001131,ADDR000084,378122aeb7dc425a,PI000037,11710.0,1300.08,,electronics,2026-02-11 14:12:50,delivered,1,2026-02-13 14:12:50,False,False,,,,False,,,False,,,,
ORD0000106,A000053,D000764,ADDR000323,6b6eb81125fd9036,PI000046,7850.0,0.0,,home,2026-02-26 06:16:42,delivered,2,2026-02-27 06:16:42,False,False,,,,False,,,False,,,,
ORD0000107,A000053,D000242,ADDR000200,6b6eb81125fd9036,PI000046,950.0,0.0,,grocery,2026-02-16 03:20:14,delivered,2,2026-02-18 03:20:14,False,False,,,,False,,,False,,,,
ORD0000108,A000053,D000764,ADDR000200,6b6eb81125fd9036,PI000046,590.0,39.39,,books,2026-01-29 10:12:46,delivered,2,2026-01-30 10:12:46,False,False,,,,False,,,False,,,,
ORD0000109,A000054,D000789,ADDR000514,3d406a42f3234309,PI000698,2480.0,367.24,,fashion,2026-01-20 02:57:29,delivered,3,2026-01-23 02:57:29,False,False,,,,False,,,False,,,,
ORD0000110,A000054,D000789,ADDR000514,3d406a42f3234309,PI000698,2750.0,319.95,,home,2026-01-19 08:53:50,delivered,3,2026-01-21 08:53:50,False,False,,,,False,,,False,,,,
ORD0000111,A000055,D000320,ADDR000371,d9cfa3465b313f82,PI000982,780.0,0.0,,grocery,2026-01-27 19:33:30,delivered,3,2026-01-29 19:33:30,False,False,,,,False,,,False,,,,
ORD0000112,A000055,D000320,ADDR000371,d9cfa3465b313f82,PI000982,1620.0,148.5,,books,2026-01-28 01:41:59,delivered,3,2026-01-29 01:41:59,False,False,,,,False,,,False,,,,
ORD0000113,A000055,D000684,ADDR000371,d9cfa3465b313f82,PI000982,900.0,0.0,,grocery,2026-02-19 14:56:37,delivered,3,2026-02-23 14:56:37,False,False,,,,False,,,False,,,,
ORD0000114,A000055,D000320,ADDR000371,d9cfa3465b313f82,PI000982,710.0,0.0,,grocery,2026-01-28 04:07:59,delivered,1,2026-01-29 04:07:59,False,False,,,,False,,,False,,,,
ORD0000115,A000055,D000320,ADDR000371,d9cfa3465b313f82,PI000982,1690.0,0.0,,home,2026-02-02 09:15:34,delivered,2,2026-02-03 09:15:34,False,False,,,,False,,,False,,,,
ORD0000116,A000055,D000320,ADDR000371,d9cfa3465b313f82,PI000982,460.0,47.79,,books,2026-01-14 00:42:05,delivered,1,2026-01-15 00:42:05,False,False,,,,False,,,False,,,,
ORD0000117,A000056,D000173,ADDR000547,3edceec12461082a,PI000222,3520.0,0.0,,fashion,2026-01-21 12:02:26,delivered,2,2026-01-25 12:02:26,False,False,,,,False,,,False,,,,
ORD0000118,A000057,D000537,ADDR000054,a711a761d1e7e9b0,PI000351,1960.0,0.0,,books,2026-02-26 06:09:25,delivered,2,2026-02-28 06:09:25,False,False,,,,False,,,False,,,,
ORD0000119,A000057,D000537,ADDR000054,a711a761d1e7e9b0,PI000351,3020.0,0.0,,home,2026-02-25 21:12:06,delivered,3,2026-02-27 21:12:06,False,False,,,,False,,,False,,,,
ORD0000120,A000057,D000537,ADDR000054,a711a761d1e7e9b0,PI000351,14790.0,0.0,,electronics,2026-01-23 07:19:38,delivered,2,2026-01-25 07:19:38,False,False,,,,False,,,False,,,,
ORD0000121,A000058,D000943,ADDR000238,e80d8e5a3ac74b9d,PI001160,14180.0,0.0,,electronics,2026-02-15 00:14:33,delivered,3,2026-02-18 00:14:33,False,False,,,,False,,,False,,,,
ORD0000122,A000058,D000943,ADDR000238,e80d8e5a3ac74b9d,PI001160,4330.0,0.0,,fashion,2026-02-15 06:40:48,delivered,3,2026-02-19 06:40:48,False,False,,,,False,,,False,,,,
ORD0000123,A000058,D000943,ADDR000238,e80d8e5a3ac74b9d,PI001160,1050.0,0.0,,fashion,2026-02-08 14:53:15,delivered,3,2026-02-10 14:53:15,False,False,,,,False,,,False,,,,
ORD0000124,A000059,D000927,ADDR000568,3a802c118b1cc4c8,PI001153,1030.0,0.0,,fashion,2026-01-25 12:51:42,delivered,1,2026-01-27 12:51:42,False,False,,,,False,,,False,,,,
ORD0000125,A000059,D000927,ADDR000568,3a802c118b1cc4c8,PI000174,2950.0,0.0,,toys,2026-02-23 21:48:45,delivered,2,2026-02-24 21:48:45,False,False,,,,False,,,False,,,,
ORD0000126,A000060,D001138,ADDR000025,f934a32574b8659c,PI000992,2860.0,191.72,,grocery,2026-02-12 02:19:49,failed,1,,True,False,,,,False,,,False,,,,
ORD0000127,A000060,D001138,ADDR000025,f934a32574b8659c,PI000767,3850.0,0.0,,toys,2026-02-12 21:36:47,delivered,2,2026-02-14 21:36:47,False,False,,,,False,,,False,,,,
ORD0000128,A000061,D000522,ADDR000189,4db431ce33f02aa8,PI001387,3310.0,0.0,,toys,2026-02-08 23:25:44,delivered,1,2026-02-12 23:25:44,False,False,,,,False,,,False,,,,
ORD0000129,A000061,D000522,ADDR000532,4db431ce33f02aa8,PI001387,1830.0,0.0,,grocery,2026-02-27 07:47:18,delivered,1,2026-03-01 07:47:18,False,False,,,,False,,,False,,,,
ORD0000130,A000062,D000133,ADDR000189,589db8e7e286278c,PI000870,660.0,72.43,,books,2026-02-03 16:00:53,delivered,1,2026-02-07 16:00:53,False,False,,,,False,,,False,,,,
ORD0000131,A000063,D000857,ADDR000563,059c5acbcab15627,PI000590,630.0,0.0,,books,2026-02-16 16:46:17,delivered,2,2026-02-18 16:46:17,False,False,,,,False,,,False,,,,
ORD0000132,A000063,D000474,ADDR000563,059c5acbcab15627,PI000730,1980.0,0.0,,books,2026-01-27 21:46:55,delivered,3,2026-01-29 21:46:55,False,False,,,,False,,,False,,,,
ORD0000133,A000064,D000923,ADDR000111,37e56a301b98cfd1,PI000431,2490.0,0.0,,grocery,2026-02-03 17:44:34,failed,2,,True,False,,,,False,,,False,,,,
ORD0000134,A000064,D000923,ADDR000004,37e56a301b98cfd1,PI000337,1340.0,0.0,,fashion,2026-02-05 04:46:46,delivered,1,2026-02-07 04:46:46,False,False,,,,False,,,False,,,,
ORD0000135,A000064,D000923,ADDR000004,37e56a301b98cfd1,PI000431,3870.0,0.0,,fashion,2026-01-30 09:07:34,delivered,2,2026-02-03 09:07:34,False,False,,,,False,,,False,,,,
ORD0000136,A000064,D000923,ADDR000111,37e56a301b98cfd1,PI000431,3430.0,0.0,,fashion,2026-02-16 04:10:29,delivered,1,2026-02-19 04:10:29,False,False,,,,False,,,False,,,,
ORD0000137,A000065,D000307,ADDR000573,4db431ce33f02aa8,PI000102,1740.0,101.05,,fashion,2026-02-26 10:40:15,delivered,3,2026-03-02 10:40:15,False,False,,,,False,,,False,,,,
ORD0000138,A000066,D000459,ADDR000555,be8a6873d77ba33a,PI000928,3760.0,204.96,,fashion,2026-01-20 19:59:21,pending,2,,False,False,,,,False,,,False,,,,
ORD0000139,A000067,D000340,ADDR000481,977a7854caf254cc,PI000444,720.0,0.0,,toys,2026-02-28 15:55:10,delivered,1,2026-03-03 15:55:10,False,False,,,,False,,,False,,,,
ORD0000140,A000068,D001057,ADDR000358,e90b1d5a4245060d,PI000195,590.0,0.0,,books,2026-02-08 02:55:25,delivered,2,2026-02-12 02:55:25,False,False,,,,False,,,False,,,,
ORD0000141,A000068,D001057,ADDR000219,e90b1d5a4245060d,PI000540,1620.0,0.0,,fashion,2026-01-31 22:25:31,delivered,2,2026-02-02 22:25:31,False,False,,,,False,,,False,,,,
ORD0000142,A000068,D001057,ADDR000358,e90b1d5a4245060d,PI000540,3420.0,0.0,,toys,2026-02-03 15:59:20,delivered,3,2026-02-06 15:59:20,False,False,,,,False,,,False,,,,
ORD0000143,A000068,D001057,ADDR000219,e90b1d5a4245060d,PI000195,2410.0,356.0,,fashion,2026-02-27 21:22:01,delivered,2,2026-03-02 21:22:01,False,False,,,,False,,,False,,,,
ORD0000144,A000070,D000459,ADDR000051,f374c8dd619c0b2b,PI000466,8260.0,0.0,,electronics,2026-01-15 03:14:08,delivered,3,2026-01-18 03:14:08,False,False,,,,False,,,False,,,,
ORD0000145,A000070,D000459,ADDR000051,f374c8dd619c0b2b,PI000055,2380.0,0.0,,grocery,2026-01-25 07:36:19,delivered,2,2026-01-26 07:36:19,False,False,,,,False,,,False,,,,
ORD0000146,A000072,D000297,ADDR000173,a711a761d1e7e9b0,PI000351,1680.0,0.0,,grocery,2026-02-28 16:56:39,delivered,3,2026-03-02 16:56:39,False,False,,,,False,,,False,,,,
ORD0000147,A000072,D000997,ADDR000173,a711a761d1e7e9b0,PI000351,1950.0,572.91,RARE_145,grocery,2026-01-16 05:23:16,delivered,2,2026-01-18 05:23:16,False,False,,,,False,,,False,,,,
ORD0000148,A000073,D000356,ADDR000210,4db431ce33f02aa8,PI001197,5640.0,491.19,,home,2026-01-28 05:49:50,delivered,3,2026-01-31 05:49:50,False,False,,,,False,,,False,,,,
ORD0000149,A000073,D000356,ADDR000210,4db431ce33f02aa8,PI001197,4430.0,0.0,,home,2026-02-01 05:19:01,delivered,2,2026-02-03 05:19:01,False,False,,,,False,,,False,,,,
ORD0000150,A000074,D000489,ADDR000296,31c55873626a9931,PI000392,810.0,0.0,,grocery,2026-02-01 15:46:32,delivered,3,2026-02-05 15:46:32,False,False,,,,False,,,False,,,,
ORD0000151,A000074,D000489,ADDR000296,31c55873626a9931,PI000392,1270.0,0.0,,grocery,2026-02-19 09:41:06,delivered,1,2026-02-20 09:41:06,False,False,,,,False,,,False,,,,
ORD0000152,A000074,D000489,ADDR000296,31c55873626a9931,PI000392,2540.0,0.0,,grocery,2026-01-26 07:51:48,delivered,1,2026-01-29 07:51:48,False,False,,,,False,,,False,,,,
ORD0000153,A000076,D000087,ADDR000024,53d0515458153ee2,PI000983,1570.0,0.0,,fashion,2026-02-18 07:00:20,delivered,3,2026-02-20 07:00:20,False,False,,,,False,,,False,,,,
ORD0000154,A000077,D000533,ADDR000160,c5b1d647afb67e9f,PI000621,3620.0,0.0,,toys,2026-01-29 21:18:47,delivered,1,2026-02-02 21:18:47,False,False,,,,False,,,False,,,,
ORD0000155,A000077,D000533,ADDR000242,c5b1d647afb67e9f,PI000981,1590.0,0.0,,grocery,2026-02-06 09:47:45,delivered,2,2026-02-10 09:47:45,False,False,,,,False,,,False,,,,
ORD0000156,A000079,D000281,ADDR000358,a465a0d519fd2142,PI000914,1510.0,0.0,,fashion,2026-01-30 01:55:32,pending,2,,False,False,,,,False,,,False,,,,
ORD0000157,A000079,D000198,ADDR000492,a465a0d519fd2142,PI001160,3660.0,0.0,,fashion,2026-01-21 23:37:41,delivered,1,2026-01-25 23:37:41,False,False,,,,False,,,False,,,,
ORD0000158,A000079,D000281,ADDR000358,a465a0d519fd2142,PI001160,8000.0,0.0,,home,2026-01-27 04:55:57,delivered,2,2026-01-31 04:55:57,False,False,,,,False,,,False,,,,
ORD0000159,A000079,D000281,ADDR000358,a465a0d519fd2142,PI000914,2610.0,0.0,,fashion,2026-01-22 01:38:19,delivered,3,2026-01-25 01:38:19,False,False,,,,False,,,False,,,,
ORD0000160,A000079,D000281,ADDR000492,a465a0d519fd2142,PI001160,3640.0,0.0,,fashion,2026-02-22 17:05:54,failed,1,,True,False,,,,False,,,False,,,,
ORD0000161,A000080,D000297,ADDR000242,8d6f19e79db11452,PI000131,3170.0,0.0,,fashion,2026-01-15 10:33:31,delivered,2,2026-01-17 10:33:31,False,False,,,,False,,,False,,,,
ORD0000162,A000080,D000297,ADDR000242,8d6f19e79db11452,PI000131,1940.0,0.0,,home,2026-02-09 08:20:39,delivered,1,2026-02-13 08:20:39,False,False,,,,False,,,False,,,,
ORD0000163,A000081,D000524,ADDR000099,50dd32bb7000a694,PI000782,2390.0,0.0,,toys,2026-02-20 10:07:47,delivered,1,2026-02-24 10:07:47,False,False,,,,False,,,False,,,,
ORD0000164,A000081,D000524,ADDR000099,50dd32bb7000a694,PI000782,970.0,0.0,,toys,2026-01-29 12:46:57,delivered,3,2026-01-31 12:46:57,False,False,,,,False,,,False,,,,
ORD0000165,A000081,D000881,ADDR000099,50dd32bb7000a694,PI000782,3530.0,0.0,,electronics,2026-02-03 17:30:25,delivered,1,2026-02-04 17:30:25,False,False,,,,False,,,False,,,,
ORD0000166,A000082,D000767,ADDR000482,a3ff1c1184e03431,PI001170,1900.0,233.39,,home,2026-02-14 06:44:15,delivered,3,2026-02-15 06:44:15,False,False,,,,False,,,False,,,,
ORD0000167,A000082,D000767,ADDR000524,a3ff1c1184e03431,PI001170,1540.0,0.0,,books,2026-02-28 10:15:21,delivered,1,2026-03-02 10:15:21,False,False,,,,False,,,False,,,,
ORD0000168,A000084,D000747,ADDR000255,e1caae22d1adb4a9,PI000154,4930.0,0.0,,fashion,2026-01-14 20:25:59,delivered,3,2026-01-15 20:25:59,False,False,,,,False,,,False,,,,
ORD0000169,A000084,D000747,ADDR000300,e1caae22d1adb4a9,PI000154,3380.0,0.0,,fashion,2026-01-11 11:32:50,delivered,2,2026-01-15 11:32:50,False,False,,,,False,,,False,,,,
ORD0000170,A000084,D000747,ADDR000300,e1caae22d1adb4a9,PI000154,1960.0,0.0,,books,2026-02-08 02:55:50,delivered,2,2026-02-09 02:55:50,False,False,,,,False,,,False,,,,
ORD0000171,A000084,D000747,ADDR000300,e1caae22d1adb4a9,PI000154,7540.0,0.0,,home,2026-02-07 22:10:41,delivered,3,2026-02-11 22:10:41,False,False,,,,False,,,False,,,,
ORD0000172,A000084,D000747,ADDR000255,e1caae22d1adb4a9,PI000154,1820.0,0.0,,grocery,2026-01-23 14:29:14,delivered,3,2026-01-27 14:29:14,False,False,,,,False,,,False,,,,
ORD0000173,A000084,D000747,ADDR000255,e1caae22d1adb4a9,PI000154,2550.0,0.0,,fashion,2026-01-08 02:42:06,delivered,2,2026-01-12 02:42:06,False,False,,,,False,,,False,,,,
ORD0000174,A000085,D000133,ADDR000390,df74e51cbc5d5e11,PI001293,600.0,0.0,,toys,2026-01-30 17:12:25,delivered,3,2026-02-01 17:12:25,False,False,,,,False,,,False,,,,
ORD0000175,A000086,D001061,ADDR000051,999459a54b0d5657,PI000984,1090.0,90.71,,toys,2026-01-13 16:25:41,delivered,1,2026-01-17 16:25:41,False,False,,,,False,,,False,,,,
ORD0000176,A000086,D001061,ADDR000237,999459a54b0d5657,PI000984,8850.0,1901.08,RARE_164,electronics,2026-01-10 22:23:49,delivered,3,2026-01-13 22:23:49,False,False,,,,False,,,False,,,,
ORD0000177,A000087,D000500,ADDR000032,51e7d78a61121a37,PI000461,6470.0,0.0,,home,2026-01-25 03:54:09,delivered,3,2026-01-27 03:54:09,False,False,,,,False,,,False,,,,
ORD0000178,A000087,D000689,ADDR000395,51e7d78a61121a37,PI000461,5520.0,0.0,,home,2026-01-31 21:30:47,delivered,1,2026-02-04 21:30:47,False,False,,,,False,,,False,,,,
ORD0000179,A000087,D000500,ADDR000395,51e7d78a61121a37,PI000461,5550.0,0.0,,home,2026-01-27 03:08:21,delivered,1,2026-01-31 03:08:21,False,False,,,,False,,,False,,,,
ORD0000180,A000088,D000943,ADDR000571,255f2453d09304ed,PI000472,1020.0,0.0,,fashion,2026-01-31 22:40:57,delivered,1,2026-02-02 22:40:57,False,False,,,,False,,,False,,,,
ORD0000181,A000088,D000943,ADDR000571,255f2453d09304ed,PI000776,3920.0,409.95,,fashion,2026-02-23 22:12:07,delivered,2,2026-02-27 22:12:07,False,False,,,,False,,,False,,,,
ORD0000182,A000089,D000434,ADDR000098,af3034293e9ae984,PI000553,2300.0,0.0,,toys,2026-02-06 14:09:47,delivered,1,2026-02-08 14:09:47,False,False,,,,False,,,False,,,,
ORD0000183,A000089,D000434,ADDR000098,af3034293e9ae984,PI000553,2340.0,0.0,,fashion,2026-01-17 20:59:35,delivered,1,2026-01-21 20:59:35,False,False,,,,False,,,False,,,,
ORD0000184,A000089,D000434,ADDR000481,af3034293e9ae984,PI000553,3880.0,0.0,,toys,2026-01-24 08:29:18,delivered,2,2026-01-25 08:29:18,False,False,,,,False,,,False,,,,
ORD0000185,A000089,D000434,ADDR000481,af3034293e9ae984,PI000739,2070.0,207.04,,home,2026-02-04 05:27:06,delivered,2,2026-02-05 05:27:06,False,False,,,,False,,,False,,,,
ORD0000186,A000089,D000434,ADDR000481,af3034293e9ae984,PI000739,3850.0,0.0,,fashion,2026-02-28 22:48:55,delivered,2,2026-03-02 22:48:55,False,False,,,,False,,,False,,,,
ORD0000187,A000090,D000998,ADDR000498,999459a54b0d5657,PI001276,3950.0,512.89,,toys,2026-01-21 17:39:16,delivered,1,2026-01-22 17:39:16,False,False,,,,False,,,False,,,,
ORD0000188,A000090,D000998,ADDR000498,999459a54b0d5657,PI000461,1810.0,0.0,,grocery,2026-01-13 14:43:27,delivered,3,2026-01-16 14:43:27,False,False,,,,False,,,False,,,,
ORD0000189,A000090,D000998,ADDR000498,999459a54b0d5657,PI001276,7950.0,0.0,,electronics,2026-01-30 22:38:30,delivered,2,2026-02-03 22:38:30,False,False,,,,False,,,False,,,,
ORD0000190,A000090,D001104,ADDR000498,999459a54b0d5657,PI001276,2350.0,0.0,,grocery,2026-01-14 20:04:05,delivered,1,2026-01-15 20:04:05,False,False,,,,False,,,False,,,,
ORD0000191,A000093,D000146,ADDR000132,4f71d79051721e12,PI000903,2140.0,0.0,,grocery,2026-02-25 12:16:48,delivered,1,2026-02-26 12:16:48,False,False,,,,False,,,False,,,,
ORD0000192,A000093,D000146,ADDR000146,4f71d79051721e12,PI000609,3550.0,0.0,,toys,2026-02-14 11:00:51,delivered,3,2026-02-16 11:00:51,False,False,,,,False,,,False,,,,
ORD0000193,A000093,D000146,ADDR000132,4f71d79051721e12,PI000903,3890.0,0.0,,electronics,2026-01-31 20:17:55,delivered,1,2026-02-02 20:17:55,False,False,,,,False,,,False,,,,
ORD0000194,A000094,D001179,ADDR000087,1d59eed438655110,PI000103,3220.0,0.0,,fashion,2026-01-22 03:28:47,delivered,1,2026-01-24 03:28:47,False,False,,,,False,,,False,,,,
ORD0000195,A000094,D001179,ADDR000587,1d59eed438655110,PI000103,4690.0,242.88,,fashion,2026-02-11 21:31:26,pending,2,,False,False,,,,False,,,False,,,,
ORD0000196,A000094,D001179,ADDR000587,1d59eed438655110,PI000103,1080.0,151.84,,home,2026-02-09 14:20:54,failed,1,,True,False,,,,False,,,False,,,,
ORD0000197,A000095,D001011,ADDR000033,fe43724647ee0f7d,PI001197,1770.0,218.26,,grocery,2026-02-05 09:11:04,delivered,3,2026-02-07 09:11:04,False,False,,,,False,,,False,,,,
ORD0000198,A000095,D001011,ADDR000020,fe43724647ee0f7d,PI000037,2120.0,0.0,,toys,2026-02-16 19:58:53,delivered,3,2026-02-20 19:58:53,False,False,,,,False,,,False,,,,
ORD0000199,A000095,D000199,ADDR000020,fe43724647ee0f7d,PI000037,3280.0,248.59,,fashion,2026-02-22 08:40:49,delivered,2,2026-02-25 08:40:49,False,False,,,,False,,,False,,,,
ORD0000200,A000095,D000199,ADDR000033,fe43724647ee0f7d,PI000037,1620.0,0.0,,home,2026-02-04 09:59:23,delivered,2,2026-02-06 09:59:23,False,False,,,,False,,,False,,,,
ORD0000201,A000096,D000356,ADDR000208,2f80b8003da02af1,PI001046,410.0,0.0,,books,2026-01-24 22:24:31,delivered,1,2026-01-26 22:24:31,False,False,,,,False,,,False,,,,
ORD0000202,A000096,D000356,ADDR000461,2f80b8003da02af1,PI001046,11760.0,0.0,,electronics,2026-02-15 11:28:25,delivered,3,2026-02-17 11:28:25,False,False,,,,False,,,False,,,,
ORD0000203,A000098,D000661,ADDR000530,57b85883e6263f3e,PI000041,4200.0,0.0,,fashion,2026-02-18 20:08:36,delivered,1,2026-02-19 20:08:36,False,False,,,,False,,,False,,,,
ORD0000204,A000098,D000661,ADDR000530,57b85883e6263f3e,PI000041,2960.0,0.0,,fashion,2026-02-13 02:56:39,delivered,3,2026-02-14 02:56:39,False,False,,,,False,,,False,,,,
ORD0000205,A000099,D000337,ADDR000123,19918d14d9a528fd,PI000884,16290.0,3310.88,RARE_402,electronics,2026-02-09 02:42:03,delivered,3,2026-02-10 02:42:03,False,False,,,,False,,,False,,,,
ORD0000206,A000099,D000337,ADDR000568,19918d14d9a528fd,PI000792,2180.0,0.0,,toys,2026-01-16 05:42:24,delivered,1,2026-01-17 05:42:24,False,False,,,,False,,,False,,,,
ORD0000207,A000099,D000337,ADDR000568,19918d14d9a528fd,PI000884,1020.0,0.0,,grocery,2026-02-28 08:34:13,delivered,3,2026-03-01 08:34:13,False,False,,,,False,,,False,,,,
ORD0000208,A000099,D000337,ADDR000568,19918d14d9a528fd,PI000884,4880.0,0.0,,fashion,2026-02-28 10:17:49,delivered,2,2026-03-01 10:17:49,False,False,,,,False,,,False,,,,
ORD0000209,A000100,D000727,ADDR000006,c7f7deda6ef73efd,PI000671,3660.0,0.0,,fashion,2026-02-15 03:50:31,delivered,2,2026-02-18 03:50:31,False,False,,,,False,,,False,,,,
ORD0000210,A000100,D000727,ADDR000006,c7f7deda6ef73efd,PI000671,4220.0,0.0,,home,2026-01-28 10:48:11,delivered,1,2026-01-30 10:48:11,False,False,,,,False,,,False,,,,
ORD0000211,A000100,D001083,ADDR000006,c7f7deda6ef73efd,PI000671,1250.0,0.0,,toys,2026-01-24 10:14:19,delivered,2,2026-01-27 10:14:19,False,False,,,,False,,,False,,,,
ORD0000212,A000101,D001189,ADDR000511,257007ddbd2091f5,PI000174,2410.0,0.0,,grocery,2026-02-12 03:40:02,delivered,1,2026-02-13 03:40:02,False,False,,,,False,,,False,,,,
ORD0000213,A000101,D001189,ADDR000327,257007ddbd2091f5,PI000147,19010.0,0.0,,electronics,2026-02-03 05:34:47,delivered,3,2026-02-04 05:34:47,False,False,,,,False,,,False,,,,
ORD0000214,A000101,D001189,ADDR000511,257007ddbd2091f5,PI000174,4630.0,0.0,,fashion,2026-02-03 18:00:32,delivered,2,2026-02-05 18:00:32,False,False,,,,False,,,False,,,,
ORD0000215,A000101,D001189,ADDR000511,257007ddbd2091f5,PI000174,6070.0,0.0,,electronics,2026-01-28 02:33:15,failed,1,,True,False,,,,False,,,False,,,,
ORD0000216,A000101,D001189,ADDR000511,257007ddbd2091f5,PI000147,1660.0,0.0,,grocery,2026-01-26 12:52:00,delivered,3,2026-01-27 12:52:00,False,False,,,,False,,,False,,,,
ORD0000217,A000102,D000487,ADDR000577,fd08b57555d1b661,PI000029,13810.0,0.0,,electronics,2026-01-23 15:46:04,delivered,2,2026-01-27 15:46:04,False,False,,,,False,,,False,,,,
ORD0000218,A000102,D000487,ADDR000577,fd08b57555d1b661,PI001352,15540.0,0.0,,electronics,2026-02-21 19:25:09,delivered,2,2026-02-23 19:25:09,False,False,,,,False,,,False,,,,
ORD0000219,A000102,D000487,ADDR000577,fd08b57555d1b661,PI000029,1910.0,0.0,,fashion,2026-02-02 00:04:06,delivered,1,2026-02-03 00:04:06,False,False,,,,False,,,False,,,,
ORD0000220,A000102,D000487,ADDR000577,fd08b57555d1b661,PI001352,3980.0,0.0,,fashion,2026-02-23 15:53:17,delivered,2,2026-02-25 15:53:17,False,False,,,,False,,,False,,,,
ORD0000221,A000103,D000640,ADDR000189,129df3a6910e24e4,PI000805,2520.0,0.0,,toys,2026-02-19 18:10:47,delivered,2,2026-02-23 18:10:47,False,False,,,,False,,,False,,,,
ORD0000222,A000103,D000640,ADDR000189,129df3a6910e24e4,PI000805,2510.0,0.0,,grocery,2026-01-26 19:13:47,pending,2,,False,False,,,,False,,,False,,,,
ORD0000223,A000106,D000942,ADDR000354,69861cb3d16bf396,PI000854,1200.0,0.0,,grocery,2026-02-07 11:54:28,delivered,3,2026-02-10 11:54:28,False,False,,,,False,,,False,,,,
ORD0000224,A000107,D000248,ADDR000226,3604f6bb2234a583,PI000558,2700.0,0.0,,fashion,2026-02-17 08:32:43,delivered,1,2026-02-21 08:32:43,False,False,,,,False,,,False,,,,
ORD0000225,A000107,D000248,ADDR000226,3604f6bb2234a583,PI000232,3210.0,0.0,,electronics,2026-02-14 18:32:15,delivered,2,2026-02-17 18:32:15,False,False,,,,False,,,False,,,,
ORD0000226,A000109,D000917,ADDR000390,0901044243e5a003,PI000103,1630.0,0.0,,fashion,2026-01-17 12:28:42,delivered,2,2026-01-18 12:28:42,False,False,,,,False,,,False,,,,
ORD0000227,A000110,D000522,ADDR000226,83fdab8545d81027,PI001252,1050.0,0.0,,fashion,2026-02-01 00:39:36,failed,2,,True,False,,,,False,,,False,,,,
ORD0000228,A000111,D001075,ADDR000121,dd29067391f8465e,PI000064,590.0,0.0,,books,2026-02-14 23:02:29,delivered,1,2026-02-15 23:02:29,False,False,,,,False,,,False,,,,
ORD0000229,A000111,D001075,ADDR000237,dd29067391f8465e,PI001148,3760.0,0.0,,fashion,2026-02-14 17:54:30,delivered,3,2026-02-17 17:54:30,False,False,,,,False,,,False,,,,
ORD0000230,A000111,D001075,ADDR000121,dd29067391f8465e,PI001148,1520.0,0.0,,toys,2026-01-25 00:40:52,delivered,1,2026-01-26 00:40:52,False,False,,,,False,,,False,,,,
ORD0000231,A000111,D001075,ADDR000237,dd29067391f8465e,PI001148,1280.0,0.0,,home,2026-02-14 05:50:02,delivered,3,2026-02-18 05:50:02,False,False,,,,False,,,False,,,,
ORD0000232,A000111,D001075,ADDR000237,dd29067391f8465e,PI000064,2340.0,0.0,,grocery,2026-01-26 20:42:39,delivered,1,2026-01-27 20:42:39,False,False,,,,False,,,False,,,,
ORD0000233,A000111,D001075,ADDR000237,dd29067391f8465e,PI000064,1460.0,218.27,,grocery,2026-02-07 18:46:04,delivered,2,2026-02-09 18:46:04,False,False,,,,False,,,False,,,,
ORD0000234,A000111,D001075,ADDR000121,dd29067391f8465e,PI001148,2280.0,0.0,,fashion,2026-02-17 12:39:09,delivered,2,2026-02-21 12:39:09,False,False,,,,False,,,False,,,,
ORD0000235,A000113,D000441,ADDR000195,3fd968af11434a4a,PI000016,2110.0,0.0,,fashion,2026-02-08 02:30:36,delivered,1,2026-02-12 02:30:36,False,False,,,,False,,,False,,,,
ORD0000236,A000113,D000441,ADDR000195,3fd968af11434a4a,PI000016,1700.0,0.0,,books,2026-02-13 13:10:53,delivered,1,2026-02-15 13:10:53,False,False,,,,False,,,False,,,,
ORD0000237,A000114,D000591,ADDR000200,38d052512b1f8895,PI001351,300.0,0.0,,books,2026-02-24 10:11:27,delivered,2,2026-02-28 10:11:27,False,False,,,,False,,,False,,,,
ORD0000238,A000114,D000591,ADDR000200,38d052512b1f8895,PI000591,1620.0,593.15,RARE_460,grocery,2026-02-24 08:23:17,delivered,1,2026-02-25 08:23:17,False,False,,,,False,,,False,,,,
ORD0000239,A000115,D000261,ADDR000072,d1583b59c376432c,PI001159,2170.0,0.0,,fashion,2026-02-03 19:03:59,delivered,1,2026-02-04 19:03:59,False,False,,,,False,,,False,,,,
ORD0000240,A000115,D000261,ADDR000072,d1583b59c376432c,PI001159,2660.0,0.0,,grocery,2026-02-20 11:06:47,delivered,3,2026-02-24 11:06:47,False,False,,,,False,,,False,,,,
ORD0000241,A000117,D001131,ADDR000361,c5b1d647afb67e9f,PI000131,8470.0,0.0,,electronics,2026-02-20 13:24:00,failed,2,,True,False,,,,False,,,False,,,,
ORD0000242,A000118,D001106,ADDR000561,4db431ce33f02aa8,PI000614,3140.0,0.0,,fashion,2026-02-14 09:10:06,pending,2,,False,False,,,,False,,,False,,,,
ORD0000243,A000118,D001106,ADDR000075,4db431ce33f02aa8,PI001283,1630.0,0.0,,fashion,2026-02-28 05:09:49,delivered,2,2026-03-03 05:09:49,False,False,,,,False,,,False,,,,
ORD0000244,A000119,D001017,ADDR000233,a788af421f58ae7c,PI000895,7300.0,0.0,,home,2026-02-03 09:49:13,delivered,2,2026-02-07 09:49:13,False,False,,,,False,,,False,,,,
ORD0000245,A000120,D001064,ADDR000331,b1d6cf1ecfe92b4f,PI000726,3660.0,0.0,,home,2026-02-09 14:15:41,delivered,3,2026-02-13 14:15:41,False,False,,,,False,,,False,,,,
ORD0000246,A000120,D001064,ADDR000331,b1d6cf1ecfe92b4f,PI000726,460.0,0.0,,grocery,2026-02-11 02:52:23,delivered,3,2026-02-12 02:52:23,False,False,,,,False,,,False,,,,
ORD0000247,A000121,D000450,ADDR000368,e66439e0f8ed38c0,PI000650,7110.0,0.0,,home,2026-02-28 05:14:46,delivered,1,2026-03-01 05:14:46,False,False,,,,False,,,False,,,,
ORD0000248,A000121,D000484,ADDR000368,e66439e0f8ed38c0,PI000650,2530.0,0.0,,grocery,2026-02-25 15:56:41,delivered,2,2026-02-28 15:56:41,False,False,,,,False,,,False,,,,
ORD0000249,A000121,D000450,ADDR000368,e66439e0f8ed38c0,PI000650,2250.0,0.0,,grocery,2026-01-28 00:30:56,delivered,1,2026-02-01 00:30:56,False,False,,,,False,,,False,,,,
ORD0000250,A000122,D000946,ADDR000375,761e6076b18d3d63,PI000791,1230.0,0.0,,books,2026-02-18 16:12:51,failed,1,,True,False,,,,False,,,False,,,,
ORD0000251,A000122,D000946,ADDR000375,761e6076b18d3d63,PI000791,9240.0,1278.51,,electronics,2026-01-23 02:39:37,delivered,2,2026-01-27 02:39:37,False,False,,,,False,,,False,,,,
ORD0000252,A000122,D000946,ADDR000375,761e6076b18d3d63,PI000791,580.0,0.0,,books,2026-02-12 18:32:15,delivered,3,2026-02-15 18:32:15,False,False,,,,False,,,False,,,,
ORD0000253,A000123,D000173,ADDR000071,c13c73a224a4663e,PI000098,9560.0,0.0,,electronics,2026-02-13 04:21:27,delivered,3,2026-02-15 04:21:27,False,False,,,,False,,,False,,,,
ORD0000254,A000124,D000147,ADDR000502,0ff4a5d5cc4ea821,PI000172,2020.0,283.3,,toys,2026-02-11 09:22:41,delivered,1,2026-02-12 09:22:41,False,False,,,,False,,,False,,,,
ORD0000255,A000126,D000176,ADDR000580,067375e62af237f3,PI000340,4290.0,0.0,,fashion,2026-02-01 23:40:42,delivered,1,2026-02-02 23:40:42,False,False,,,,False,,,False,,,,
ORD0000256,A000126,D001196,ADDR000580,067375e62af237f3,PI000340,1530.0,0.0,,fashion,2026-02-02 08:05:39,delivered,2,2026-02-03 08:05:39,False,False,,,,False,,,False,,,,
ORD0000257,A000127,D000927,ADDR000098,be9a87c675039f4a,PI000474,1810.0,0.0,,home,2026-02-09 08:27:41,delivered,1,2026-02-12 08:27:41,False,False,,,,False,,,False,,,,
ORD0000258,A000127,D000927,ADDR000098,be9a87c675039f4a,PI000474,15070.0,0.0,,electronics,2026-01-28 23:09:02,failed,1,,True,False,,,,False,,,False,,,,
ORD0000259,A000128,D000747,ADDR000292,446d75bcf1174fd9,PI000250,1120.0,0.0,,fashion,2026-01-22 12:59:28,delivered,2,2026-01-26 12:59:28,False,False,,,,False,,,False,,,,
ORD0000260,A000128,D000747,ADDR000292,446d75bcf1174fd9,PI000655,4390.0,505.98,,fashion,2026-01-28 02:56:06,delivered,3,2026-02-01 02:56:06,False,False,,,,False,,,False,,,,
ORD0000261,A000128,D000747,ADDR000084,446d75bcf1174fd9,PI000250,1170.0,169.73,,fashion,2026-01-30 17:33:53,delivered,3,2026-02-03 17:33:53,False,False,,,,False,,,False,,,,
ORD0000262,A000128,D000997,ADDR000292,446d75bcf1174fd9,PI000250,3830.0,0.0,,electronics,2026-02-14 16:22:33,delivered,3,2026-02-15 16:22:33,False,False,,,,False,,,False,,,,
ORD0000263,A000129,D001075,ADDR000189,308bedb8c6f0964e,PI000154,1750.0,241.06,,books,2026-01-25 10:16:50,failed,1,,True,False,,,,False,,,False,,,,
ORD0000264,A000130,D000086,ADDR000024,c14798ce2ca0bd72,PI000739,2190.0,0.0,,grocery,2026-02-24 19:24:16,delivered,2,2026-02-27 19:24:16,False,False,,,,False,,,False,,,,
ORD0000265,A000130,D000086,ADDR000284,c14798ce2ca0bd72,PI000739,4260.0,0.0,,fashion,2026-01-31 23:16:58,delivered,2,2026-02-04 23:16:58,False,False,,,,False,,,False,,,,
ORD0000266,A000130,D000086,ADDR000284,c14798ce2ca0bd72,PI000739,4280.0,0.0,,fashion,2026-02-23 21:08:43,delivered,1,2026-02-27 21:08:43,False,False,,,,False,,,False,,,,
ORD0000267,A000131,D000903,ADDR000054,25ab6074e8ae41cc,PI001205,12180.0,0.0,,electronics,2026-01-28 05:01:53,delivered,2,2026-01-31 05:01:53,False,False,,,,False,,,False,,,,
ORD0000268,A000132,D000204,ADDR000585,7954b317697c4158,PI000984,1140.0,0.0,,grocery,2026-01-25 07:13:31,delivered,3,2026-01-28 07:13:31,False,False,,,,False,,,False,,,,
ORD0000269,A000132,D001032,ADDR000292,7954b317697c4158,PI000984,3550.0,231.99,,fashion,2026-02-14 07:45:57,delivered,2,2026-02-18 07:45:57,False,False,,,,False,,,False,,,,
ORD0000270,A000132,D000204,ADDR000292,7954b317697c4158,PI000984,3920.0,0.0,,fashion,2026-02-13 22:47:53,delivered,1,2026-02-16 22:47:53,False,False,,,,False,,,False,,,,
ORD0000271,A000133,D000141,ADDR000219,3b58fffd8c9562e3,PI000029,370.0,44.75,,grocery,2026-02-12 09:49:35,delivered,2,2026-02-14 09:49:35,False,False,,,,False,,,False,,,,
ORD0000272,A000133,D000141,ADDR000255,3b58fffd8c9562e3,PI001148,760.0,56.79,,grocery,2026-01-25 11:30:36,delivered,1,2026-01-29 11:30:36,False,False,,,,False,,,False,,,,
ORD0000273,A000134,D000525,ADDR000351,fa1ae158291c7e2b,PI000141,1870.0,0.0,,fashion,2026-01-30 16:32:36,delivered,1,2026-02-02 16:32:36,False,False,,,,False,,,False,,,,
ORD0000274,A000134,D000525,ADDR000351,fa1ae158291c7e2b,PI000141,14740.0,0.0,,electronics,2026-02-23 16:14:13,delivered,2,2026-02-25 16:14:13,False,False,,,,False,,,False,,,,
ORD0000275,A000135,D000732,ADDR000238,a4ce1c4f1a441966,PI000730,2240.0,0.0,,home,2026-02-09 07:04:06,delivered,3,2026-02-10 07:04:06,False,False,,,,False,,,False,,,,
ORD0000276,A000135,D000732,ADDR000238,a4ce1c4f1a441966,PI000731,2580.0,149.84,,home,2026-02-27 08:01:40,delivered,3,2026-03-01 08:01:40,False,False,,,,False,,,False,,,,
ORD0000277,A000135,D000732,ADDR000238,a4ce1c4f1a441966,PI000730,4680.0,0.0,,home,2026-02-24 23:37:03,delivered,3,2026-02-27 23:37:03,False,False,,,,False,,,False,,,,
ORD0000278,A000136,D000998,ADDR000266,5d01a28720aff2e8,PI000536,1640.0,0.0,,books,2026-02-06 15:40:12,delivered,2,2026-02-09 15:40:12,False,False,,,,False,,,False,,,,
ORD0000279,A000136,D001194,ADDR000266,5d01a28720aff2e8,PI001014,2960.0,0.0,,fashion,2026-02-14 19:03:37,delivered,1,2026-02-18 19:03:37,False,False,,,,False,,,False,,,,
ORD0000280,A000137,D000452,ADDR000036,378122aeb7dc425a,PI000357,3090.0,333.62,,toys,2026-01-28 07:34:54,delivered,2,2026-02-01 07:34:54,False,False,,,,False,,,False,,,,
ORD0000281,A000137,D000452,ADDR000036,378122aeb7dc425a,PI000863,530.0,0.0,,toys,2026-02-15 13:06:25,delivered,2,2026-02-17 13:06:25,False,False,,,,False,,,False,,,,
ORD0000282,A000138,D000788,ADDR000292,cee3f3e0cd4975d9,PI000984,9990.0,0.0,,electronics,2026-02-11 01:50:07,delivered,3,2026-02-12 01:50:07,False,False,,,,False,,,False,,,,
ORD0000283,A000140,D000548,ADDR000452,4db431ce33f02aa8,PI001062,3470.0,0.0,,home,2026-02-23 10:15:24,delivered,2,2026-02-26 10:15:24,False,False,,,,False,,,False,,,,
ORD0000284,A000140,D000042,ADDR000482,4db431ce33f02aa8,PI001062,4100.0,0.0,,fashion,2026-02-03 00:03:25,delivered,1,2026-02-07 00:03:25,False,False,,,,False,,,False,,,,
ORD0000285,A000140,D000042,ADDR000482,4db431ce33f02aa8,PI000866,3360.0,0.0,,electronics,2026-02-04 08:42:50,delivered,1,2026-02-08 08:42:50,False,False,,,,False,,,False,,,,
ORD0000286,A000140,D000042,ADDR000452,4db431ce33f02aa8,PI000866,3250.0,377.28,,home,2026-02-10 02:42:58,delivered,3,2026-02-11 02:42:58,False,False,,,,False,,,False,,,,
ORD0000287,A000140,D000042,ADDR000452,4db431ce33f02aa8,PI000866,880.0,0.0,,grocery,2026-02-10 04:50:26,delivered,3,2026-02-12 04:50:26,False,False,,,,False,,,False,,,,
ORD0000288,A000141,D000962,ADDR000280,257007ddbd2091f5,PI000743,1300.0,0.0,,fashion,2026-02-25 23:24:37,delivered,2,2026-02-27 23:24:37,False,False,,,,False,,,False,,,,
ORD0000289,A000143,D000395,ADDR000065,4699f8e8e1ab69ab,PI000174,2950.0,0.0,,grocery,2026-02-24 20:22:47,failed,2,,True,False,,,,False,,,False,,,,
ORD0000290,A000143,D000395,ADDR000065,4699f8e8e1ab69ab,PI000174,4890.0,0.0,,fashion,2026-02-07 07:18:08,delivered,2,2026-02-08 07:18:08,False,False,,,,False,,,False,,,,
ORD0000291,A000144,D001002,ADDR000569,69861cb3d16bf396,PI001276,4730.0,0.0,,home,2026-02-12 01:31:03,delivered,1,2026-02-16 01:31:03,False,False,,,,False,,,False,,,,
ORD0000292,A000144,D001002,ADDR000569,69861cb3d16bf396,PI001276,7000.0,1410.48,RARE_737,electronics,2026-02-23 21:31:29,delivered,3,2026-02-24 21:31:29,False,False,,,,False,,,False,,,,
ORD0000293,A000144,D001002,ADDR000270,69861cb3d16bf396,PI001276,990.0,0.0,,grocery,2026-01-27 01:19:27,delivered,2,2026-01-30 01:19:27,False,False,,,,False,,,False,,,,
ORD0000294,A000144,D001002,ADDR000270,69861cb3d16bf396,PI001276,3300.0,0.0,,fashion,2026-02-11 23:31:55,delivered,3,2026-02-15 23:31:55,False,False,,,,False,,,False,,,,
ORD0000295,A000146,D000176,ADDR000009,e0badd7611f7aff6,PI000466,1150.0,75.16,,home,2026-01-21 17:23:03,delivered,1,2026-01-25 17:23:03,False,False,,,,False,,,False,,,,
ORD0000296,A000147,D000524,ADDR000238,c13c73a224a4663e,PI001196,3690.0,0.0,,toys,2026-02-19 09:01:26,delivered,3,2026-02-20 09:01:26,False,False,,,,False,,,False,,,,
ORD0000297,A000148,D000719,ADDR000489,df74e51cbc5d5e11,PI000203,6740.0,0.0,,home,2026-02-02 11:10:57,delivered,3,2026-02-05 11:10:57,False,False,,,,False,,,False,,,,
ORD0000298,A000148,D000307,ADDR000489,df74e51cbc5d5e11,PI000203,7010.0,0.0,,electronics,2026-02-21 11:02:50,delivered,1,2026-02-24 11:02:50,False,False,,,,False,,,False,,,,
ORD0000299,A000149,D000650,ADDR000563,5bf19662f6caa238,PI000209,19630.0,2147.71,,electronics,2026-02-23 04:58:44,delivered,3,2026-02-25 04:58:44,False,False,,,,False,,,False,,,,
ORD0000300,A000149,D000548,ADDR000563,5bf19662f6caa238,PI000209,1740.0,0.0,,grocery,2026-02-20 00:38:56,delivered,1,2026-02-21 00:38:56,False,False,,,,False,,,False,,,,
ORD0000301,A000149,D000548,ADDR000563,5bf19662f6caa238,PI000478,6340.0,0.0,,home,2026-02-08 15:43:25,delivered,3,2026-02-12 15:43:25,False,False,,,,False,,,False,,,,
ORD0000302,A000149,D000548,ADDR000563,5bf19662f6caa238,PI000478,2470.0,0.0,,fashion,2026-02-02 04:43:25,delivered,1,2026-02-04 04:43:25,False,False,,,,False,,,False,,,,
ORD0000303,A000150,D000073,ADDR000492,1cbef749c7bc5ab2,PI000634,7900.0,0.0,,home,2026-02-02 12:24:33,delivered,1,2026-02-04 12:24:33,False,False,,,,False,,,False,,,,
ORD0000304,A000150,D000308,ADDR000492,1cbef749c7bc5ab2,PI000499,1830.0,0.0,,toys,2026-02-25 19:40:01,delivered,3,2026-02-27 19:40:01,False,False,,,,False,,,False,,,,
ORD0000305,A000150,D000073,ADDR000492,1cbef749c7bc5ab2,PI000499,1540.0,115.3,,grocery,2026-02-03 07:53:14,delivered,1,2026-02-05 07:53:14,False,False,,,,False,,,False,,,,
ORD0000306,A000151,D000999,ADDR000032,9469ebf5e8dff844,PI000788,2660.0,232.46,,fashion,2026-02-22 15:21:28,delivered,2,2026-02-26 15:21:28,False,False,,,,False,,,False,,,,
ORD0000307,A000151,D000999,ADDR000032,9469ebf5e8dff844,PI000788,1460.0,0.0,,home,2026-02-02 16:11:14,failed,1,,True,False,,,,False,,,False,,,,
ORD0000308,A000152,D001083,ADDR000237,0c82c0d6d586a733,PI000612,4780.0,0.0,,home,2026-02-17 00:22:49,delivered,3,2026-02-19 00:22:49,False,False,,,,False,,,False,,,,
ORD0000309,A000152,D001083,ADDR000237,0c82c0d6d586a733,PI000612,1870.0,252.5,,toys,2026-02-04 05:02:08,failed,2,,True,False,,,,False,,,False,,,,
ORD0000310,A000152,D001083,ADDR000237,0c82c0d6d586a733,PI000612,10380.0,0.0,,electronics,2026-01-12 08:45:57,delivered,1,2026-01-15 08:45:57,False,False,,,,False,,,False,,,,
ORD0000311,A000152,D001083,ADDR000237,0c82c0d6d586a733,PI000612,1090.0,0.0,,toys,2026-01-13 23:28:53,failed,2,,True,False,,,,False,,,False,,,,
ORD0000312,A000152,D001083,ADDR000237,0c82c0d6d586a733,PI000612,460.0,0.0,,grocery,2026-02-15 22:01:05,delivered,2,2026-02-18 22:01:05,False,False,,,,False,,,False,,,,
ORD0000313,A000153,D000822,ADDR000555,e49cc1bbf749b92d,PI001046,3530.0,0.0,,fashion,2026-01-30 09:01:31,delivered,3,2026-01-31 09:01:31,False,False,,,,False,,,False,,,,
ORD0000314,A000153,D000822,ADDR000555,e49cc1bbf749b92d,PI000770,1600.0,0.0,,fashion,2026-01-21 22:09:35,delivered,3,2026-01-24 22:09:35,False,False,,,,False,,,False,,,,
ORD0000315,A000153,D000822,ADDR000555,e49cc1bbf749b92d,PI001046,1780.0,0.0,,fashion,2026-02-26 17:21:45,delivered,1,2026-03-02 17:21:45,False,False,,,,False,,,False,,,,
ORD0000316,A000155,D001087,ADDR000111,8a28aade298d1c99,PI000272,6150.0,420.53,,home,2026-01-14 17:47:02,delivered,2,2026-01-15 17:47:02,False,False,,,,False,,,False,,,,
ORD0000317,A000158,D000761,ADDR000174,8762006c0334d78d,PI000053,5390.0,0.0,,electronics,2026-01-22 02:23:30,failed,2,,True,False,,,,False,,,False,,,,
ORD0000318,A000158,D000761,ADDR000563,8762006c0334d78d,PI000053,2990.0,0.0,,toys,2026-01-26 10:59:21,delivered,3,2026-01-27 10:59:21,False,False,,,,False,,,False,,,,
ORD0000319,A000159,D000713,ADDR000371,0749b4210b8ffe6d,PI000431,1400.0,0.0,,fashion,2026-01-28 23:37:49,delivered,2,2026-01-29 23:37:49,False,False,,,,False,,,False,,,,
ORD0000320,A000159,D000713,ADDR000371,0749b4210b8ffe6d,PI000956,2350.0,0.0,,grocery,2026-02-18 02:59:28,delivered,2,2026-02-20 02:59:28,False,False,,,,False,,,False,,,,
ORD0000321,A000159,D000713,ADDR000371,0749b4210b8ffe6d,PI000956,7520.0,1065.34,,home,2026-02-13 08:57:47,delivered,3,2026-02-16 08:57:47,False,False,,,,False,,,False,,,,
ORD0000322,A000159,D000713,ADDR000371,0749b4210b8ffe6d,PI000431,6200.0,0.0,,electronics,2026-02-07 20:38:48,delivered,2,2026-02-08 20:38:48,False,False,,,,False,,,False,,,,
ORD0000323,A000160,D001015,ADDR000573,0451b36a08d93815,PI000033,260.0,0.0,,books,2026-01-23 05:46:24,delivered,3,2026-01-27 05:46:24,False,False,,,,False,,,False,,,,
ORD0000324,A000160,D001015,ADDR000573,0451b36a08d93815,PI000033,3640.0,0.0,,fashion,2026-02-28 01:17:58,delivered,2,2026-03-01 01:17:58,False,False,,,,False,,,False,,,,
ORD0000325,A000160,D001015,ADDR000540,0451b36a08d93815,PI000033,1290.0,0.0,,grocery,2026-01-15 00:41:50,delivered,2,2026-01-16 00:41:50,False,False,,,,False,,,False,,,,
ORD0000326,A000161,D000277,ADDR000385,fd08b57555d1b661,PI000677,740.0,77.92,,books,2026-02-22 01:51:21,delivered,3,2026-02-24 01:51:21,False,False,,,,False,,,False,,,,
ORD0000327,A000161,D000277,ADDR000385,fd08b57555d1b661,PI000677,270.0,0.0,,books,2026-02-17 15:13:31,delivered,2,2026-02-19 15:13:31,False,False,,,,False,,,False,,,,
ORD0000328,A000161,D000277,ADDR000385,fd08b57555d1b661,PI000677,4850.0,0.0,,electronics,2026-01-26 13:19:35,delivered,3,2026-01-29 13:19:35,False,False,,,,False,,,False,,,,
ORD0000329,A000161,D000277,ADDR000385,fd08b57555d1b661,PI000677,1760.0,0.0,,fashion,2026-01-27 06:50:07,failed,1,,True,False,,,,False,,,False,,,,
ORD0000330,A000162,D000722,ADDR000009,7954b317697c4158,PI000141,4880.0,0.0,,electronics,2026-01-24 06:48:40,delivered,1,2026-01-25 06:48:40,False,False,,,,False,,,False,,,,
ORD0000331,A000162,D000722,ADDR000009,7954b317697c4158,PI000141,1180.0,0.0,,fashion,2026-01-12 13:39:20,delivered,2,2026-01-15 13:39:20,False,False,,,,False,,,False,,,,
ORD0000332,A000162,D000722,ADDR000552,7954b317697c4158,PI000141,330.0,0.0,,grocery,2026-02-03 22:20:10,delivered,3,2026-02-07 22:20:10,False,False,,,,False,,,False,,,,
ORD0000333,A000162,D000722,ADDR000009,7954b317697c4158,PI000141,590.0,0.0,,toys,2026-01-17 05:10:49,delivered,3,2026-01-21 05:10:49,False,False,,,,False,,,False,,,,
ORD0000334,A000162,D000722,ADDR000009,7954b317697c4158,PI000141,18600.0,0.0,,electronics,2026-02-15 03:06:25,delivered,1,2026-02-16 03:06:25,False,False,,,,False,,,False,,,,
ORD0000335,A000162,D000722,ADDR000009,7954b317697c4158,PI000141,3770.0,0.0,,toys,2026-01-16 10:05:16,delivered,1,2026-01-18 10:05:16,False,False,,,,False,,,False,,,,
ORD0000336,A000163,D000050,ADDR000061,1946aa2a21ca7b90,PI000195,2460.0,223.0,,grocery,2026-01-22 13:47:42,delivered,2,2026-01-26 13:47:42,False,False,,,,False,,,False,,,,
ORD0000337,A000165,D000568,ADDR000078,edaf495ce422b338,PI000887,4840.0,0.0,,electronics,2026-02-03 00:28:45,delivered,3,2026-02-07 00:28:45,False,False,,,,False,,,False,,,,
ORD0000338,A000165,D000568,ADDR000078,edaf495ce422b338,PI000887,4540.0,0.0,,fashion,2026-02-19 14:42:03,delivered,1,2026-02-20 14:42:03,False,False,,,,False,,,False,,,,
ORD0000339,A000167,D000080,ADDR000351,0f71103b8b311e71,PI000342,810.0,0.0,,fashion,2026-01-19 15:36:53,delivered,1,2026-01-23 15:36:53,False,False,,,,False,,,False,,,,
ORD0000340,A000167,D000080,ADDR000351,0f71103b8b311e71,PI000342,2930.0,0.0,,fashion,2026-01-30 07:42:46,pending,2,,False,False,,,,False,,,False,,,,
ORD0000341,A000167,D000080,ADDR000351,0f71103b8b311e71,PI000342,4810.0,684.17,,fashion,2026-01-27 05:03:48,delivered,1,2026-01-30 05:03:48,False,False,,,,False,,,False,,,,
ORD0000342,A000167,D000080,ADDR000400,0f71103b8b311e71,PI000342,2840.0,0.0,,grocery,2026-02-14 07:36:27,delivered,3,2026-02-18 07:36:27,False,False,,,,False,,,False,,,,
ORD0000343,A000167,D000080,ADDR000351,0f71103b8b311e71,PI000342,2940.0,0.0,,toys,2026-01-31 20:57:16,delivered,3,2026-02-04 20:57:16,False,False,,,,False,,,False,,,,
ORD0000344,A000168,D000922,ADDR000036,c733b7db2c69fe18,PI001245,1300.0,0.0,,grocery,2026-02-19 10:16:36,delivered,3,2026-02-21 10:16:36,False,False,,,,False,,,False,,,,
ORD0000345,A000168,D000922,ADDR000036,c733b7db2c69fe18,PI001245,1750.0,0.0,,grocery,2026-01-15 18:54:42,delivered,2,2026-01-16 18:54:42,False,False,,,,False,,,False,,,,
ORD0000346,A000169,D000905,ADDR000084,0451b36a08d93815,PI001090,1450.0,154.07,,books,2026-01-18 02:54:55,delivered,3,2026-01-22 02:54:55,False,False,,,,False,,,False,,,,
ORD0000347,A000169,D000905,ADDR000084,0451b36a08d93815,PI001090,6460.0,0.0,,electronics,2026-02-03 16:49:29,delivered,1,2026-02-05 16:49:29,False,False,,,,False,,,False,,,,
ORD0000348,A000169,D000355,ADDR000084,0451b36a08d93815,PI001090,1150.0,0.0,,grocery,2026-01-14 11:42:24,delivered,3,2026-01-16 11:42:24,False,False,,,,False,,,False,,,,
ORD0000349,A000170,D000441,ADDR000054,3ec6645df0dd6f58,PI000056,2720.0,381.43,,toys,2026-01-30 21:37:34,delivered,1,2026-02-03 21:37:34,False,False,,,,False,,,False,,,,
ORD0000350,A000170,D000441,ADDR000054,3ec6645df0dd6f58,PI001180,4160.0,0.0,,home,2026-02-06 14:35:52,delivered,3,2026-02-09 14:35:52,False,False,,,,False,,,False,,,,
ORD0000351,A000170,D000441,ADDR000054,3ec6645df0dd6f58,PI000056,1350.0,0.0,,grocery,2026-02-22 18:11:40,failed,1,,True,False,,,,False,,,False,,,,
ORD0000352,A000171,D000963,ADDR000055,761e6076b18d3d63,PI001311,1060.0,0.0,,grocery,2026-02-26 11:07:06,delivered,3,2026-02-28 11:07:06,False,False,,,,False,,,False,,,,
ORD0000353,A000172,D001042,ADDR000492,91560d64b52668fe,PI000587,430.0,0.0,,books,2026-02-07 21:50:57,delivered,2,2026-02-09 21:50:57,False,False,,,,False,,,False,,,,
ORD0000354,A000172,D000461,ADDR000492,91560d64b52668fe,PI000587,1420.0,0.0,,grocery,2026-02-25 16:07:22,delivered,3,2026-03-01 16:07:22,False,False,,,,False,,,False,,,,
ORD0000355,A000172,D000461,ADDR000492,91560d64b52668fe,PI000587,1090.0,0.0,,books,2026-02-20 09:36:35,delivered,3,2026-02-23 09:36:35,False,False,,,,False,,,False,,,,
ORD0000356,A000173,D000080,ADDR000084,cee3f3e0cd4975d9,PI000748,2920.0,0.0,,fashion,2026-02-17 13:15:36,delivered,3,2026-02-19 13:15:36,False,False,,,,False,,,False,,,,
ORD0000357,A000173,D001114,ADDR000255,cee3f3e0cd4975d9,PI000748,2470.0,0.0,,electronics,2026-01-05 17:03:31,delivered,1,2026-01-07 17:03:31,False,False,,,,False,,,False,,,,
ORD0000358,A000173,D001114,ADDR000084,cee3f3e0cd4975d9,PI000748,3290.0,0.0,,fashion,2026-02-12 14:08:26,delivered,2,2026-02-15 14:08:26,False,False,,,,False,,,False,,,,
ORD0000359,A000173,D001114,ADDR000084,cee3f3e0cd4975d9,PI000748,3540.0,0.0,,fashion,2026-01-15 18:50:28,failed,1,,True,False,,,,False,,,False,,,,
ORD0000360,A000173,D000080,ADDR000255,cee3f3e0cd4975d9,PI000748,1360.0,0.0,,books,2026-02-20 13:14:25,delivered,1,2026-02-23 13:14:25,False,False,,,,False,,,False,,,,
ORD0000361,A000174,D000609,ADDR000253,33550e4d680162e7,PI000064,600.0,0.0,,books,2026-02-01 09:00:21,delivered,1,2026-02-03 09:00:21,False,False,,,,False,,,False,,,,
ORD0000362,A000174,D000609,ADDR000253,33550e4d680162e7,PI000064,2670.0,0.0,,fashion,2026-02-23 01:43:09,delivered,1,2026-02-25 01:43:09,False,False,,,,False,,,False,,,,
ORD0000363,A000174,D000609,ADDR000253,33550e4d680162e7,PI000599,2820.0,0.0,,electronics,2026-02-15 09:24:37,delivered,2,2026-02-19 09:24:37,False,False,,,,False,,,False,,,,
ORD0000364,A000174,D000609,ADDR000253,33550e4d680162e7,PI000599,1850.0,0.0,,books,2026-01-27 21:13:26,delivered,3,2026-01-30 21:13:26,False,False,,,,False,,,False,,,,
ORD0000365,A000174,D000609,ADDR000253,33550e4d680162e7,PI000064,310.0,18.19,,books,2026-01-22 04:59:39,delivered,2,2026-01-24 04:59:39,False,False,,,,False,,,False,,,,
ORD0000366,A000174,D000609,ADDR000253,33550e4d680162e7,PI000599,1760.0,165.14,,books,2026-02-05 21:07:20,delivered,1,2026-02-07 21:07:20,False,False,,,,False,,,False,,,,
ORD0000367,A000175,D000249,ADDR000512,8b503aacfd3262af,PI000270,3560.0,0.0,,fashion,2026-02-06 10:28:34,delivered,2,2026-02-10 10:28:34,False,False,,,,False,,,False,,,,
ORD0000368,A000177,D000080,ADDR000484,dec2eeac78975ed6,PI000034,2120.0,0.0,,grocery,2026-02-03 09:41:18,delivered,3,2026-02-07 09:41:18,False,False,,,,False,,,False,,,,
ORD0000369,A000177,D000080,ADDR000484,dec2eeac78975ed6,PI000034,2780.0,0.0,,fashion,2026-02-16 01:06:49,delivered,1,2026-02-19 01:06:49,False,False,,,,False,,,False,,,,
ORD0000370,A000178,D001061,ADDR000051,b22554ca16e8d131,PI000342,1790.0,0.0,,fashion,2026-02-18 16:25:52,delivered,3,2026-02-20 16:25:52,False,False,,,,False,,,False,,,,
ORD0000371,A000180,D000519,ADDR000121,461dbcbb80dc24cd,PI000557,7230.0,0.0,,home,2026-02-08 21:29:24,delivered,1,2026-02-10 21:29:24,False,False,,,,False,,,False,,,,
ORD0000372,A000181,D000133,ADDR000328,e1caae22d1adb4a9,PI001377,1170.0,0.0,,grocery,2026-01-24 00:42:31,delivered,3,2026-01-25 00:42:31,False,False,,,,False,,,False,,,,
ORD0000373,A000181,D000176,ADDR000328,e1caae22d1adb4a9,PI001377,3860.0,0.0,,fashion,2026-01-12 10:06:10,delivered,2,2026-01-14 10:06:10,False,False,,,,False,,,False,,,,
ORD0000374,A000183,D000484,ADDR000087,a3ff1c1184e03431,PI000548,2690.0,200.15,,electronics,2026-01-20 03:02:11,delivered,3,2026-01-22 03:02:11,False,False,,,,False,,,False,,,,
ORD0000375,A000184,D000183,ADDR000088,ecef28cd83997030,PI000992,7950.0,1059.23,,home,2026-02-27 12:31:04,delivered,3,2026-03-01 12:31:04,False,False,,,,False,,,False,,,,
ORD0000376,A000185,D000828,ADDR000411,3530ab67e5eefda0,PI000796,2740.0,206.87,,grocery,2026-02-07 18:30:02,delivered,3,2026-02-08 18:30:02,False,False,,,,False,,,False,,,,
ORD0000377,A000185,D000828,ADDR000085,3530ab67e5eefda0,PI000796,2740.0,276.95,,fashion,2026-02-01 04:25:56,delivered,1,2026-02-02 04:25:56,False,False,,,,False,,,False,,,,
ORD0000378,A000185,D000828,ADDR000411,3530ab67e5eefda0,PI000796,1570.0,0.0,,books,2026-01-22 16:11:44,delivered,3,2026-01-24 16:11:44,False,False,,,,False,,,False,,,,
ORD0000379,A000185,D000828,ADDR000085,3530ab67e5eefda0,PI000796,5420.0,0.0,,home,2026-02-01 15:48:29,delivered,1,2026-02-03 15:48:29,False,False,,,,False,,,False,,,,
ORD0000380,A000185,D000136,ADDR000411,3530ab67e5eefda0,PI000796,1440.0,0.0,,fashion,2026-02-25 09:48:06,delivered,1,2026-03-01 09:48:06,False,False,,,,False,,,False,,,,
ORD0000381,A000185,D000136,ADDR000085,3530ab67e5eefda0,PI000796,6840.0,0.0,,home,2026-01-13 03:06:29,delivered,1,2026-01-16 03:06:29,False,False,,,,False,,,False,,,,
ORD0000382,A000185,D000828,ADDR000085,3530ab67e5eefda0,PI000796,1900.0,245.56,,toys,2026-02-26 00:10:00,delivered,2,2026-03-01 00:10:00,False,False,,,,False,,,False,,,,
ORD0000383,A000186,D000545,ADDR000359,25874af2572b9396,PI001278,19280.0,0.0,,electronics,2026-01-31 00:08:10,delivered,1,2026-02-01 00:08:10,False,False,,,,False,,,False,,,,
ORD0000384,A000186,D000545,ADDR000359,25874af2572b9396,PI000895,900.0,0.0,,fashion,2026-01-24 07:45:02,delivered,2,2026-01-27 07:45:02,False,False,,,,False,,,False,,,,
ORD0000385,A000187,D000661,ADDR000305,e66439e0f8ed38c0,PI000145,2700.0,0.0,,fashion,2026-01-26 08:58:44,pending,2,,False,False,,,,False,,,False,,,,
ORD0000386,A000188,D000760,ADDR000357,229c04f9b9db82b3,PI000925,1440.0,0.0,,books,2026-01-31 14:42:20,delivered,2,2026-02-01 14:42:20,False,False,,,,False,,,False,,,,
ORD0000387,A000188,D000896,ADDR000357,229c04f9b9db82b3,PI000925,3570.0,0.0,,home,2026-01-27 19:36:17,delivered,3,2026-01-30 19:36:17,False,False,,,,False,,,False,,,,
ORD0000388,A000189,D000898,ADDR000295,4699f8e8e1ab69ab,PI000693,1280.0,0.0,,home,2026-02-28 06:04:00,delivered,2,2026-03-04 06:04:00,False,False,,,,False,,,False,,,,
ORD0000389,A000190,D000858,ADDR000452,debf975d7c9630b4,PI001370,2340.0,0.0,,fashion,2026-02-27 01:03:15,delivered,3,2026-03-01 01:03:15,False,False,,,,False,,,False,,,,
ORD0000390,A000190,D000858,ADDR000452,debf975d7c9630b4,PI001370,4040.0,0.0,,home,2026-02-11 06:59:55,delivered,3,2026-02-12 06:59:55,False,False,,,,False,,,False,,,,
ORD0000391,A000190,D000927,ADDR000452,debf975d7c9630b4,PI001370,1700.0,0.0,,toys,2026-01-28 18:28:49,delivered,1,2026-01-29 18:28:49,False,False,,,,False,,,False,,,,
ORD0000392,A000194,D001090,ADDR000361,f42376ebe1df15e4,PI000870,4380.0,0.0,,home,2026-01-12 01:25:45,pending,2,,False,False,,,,False,,,False,,,,
ORD0000393,A000194,D000732,ADDR000361,f42376ebe1df15e4,PI000870,2110.0,0.0,,fashion,2026-02-14 14:34:42,delivered,1,2026-02-16 14:34:42,False,False,,,,False,,,False,,,,
ORD0000394,A000194,D000732,ADDR000361,f42376ebe1df15e4,PI000870,2200.0,0.0,,grocery,2026-02-15 11:46:54,delivered,3,2026-02-16 11:46:54,False,False,,,,False,,,False,,,,
ORD0000395,A000194,D001090,ADDR000361,f42376ebe1df15e4,PI000870,1180.0,0.0,,books,2026-02-02 14:00:37,delivered,3,2026-02-06 14:00:37,False,False,,,,False,,,False,,,,
ORD0000396,A000194,D001090,ADDR000568,f42376ebe1df15e4,PI000870,2460.0,0.0,,fashion,2026-02-03 22:19:35,delivered,2,2026-02-05 22:19:35,False,False,,,,False,,,False,,,,
ORD0000397,A000194,D000732,ADDR000568,f42376ebe1df15e4,PI000870,590.0,0.0,,books,2026-01-31 10:44:37,pending,1,,False,False,,,,False,,,False,,,,
ORD0000398,A000195,D000747,ADDR000036,eec498220fb17968,PI000863,1390.0,0.0,,grocery,2026-01-22 05:01:06,delivered,3,2026-01-24 05:01:06,False,False,,,,False,,,False,,,,
ORD0000399,A000195,D000747,ADDR000036,eec498220fb17968,PI000863,820.0,0.0,,grocery,2026-02-18 15:26:50,delivered,1,2026-02-20 15:26:50,False,False,,,,False,,,False,,,,
ORD0000400,A000195,D000747,ADDR000051,eec498220fb17968,PI000863,1740.0,0.0,,books,2026-01-07 17:54:41,failed,1,,True,False,,,,False,,,False,,,,
ORD0000401,A000195,D000747,ADDR000051,eec498220fb17968,PI000863,1780.0,0.0,,home,2026-02-25 19:14:20,failed,1,,True,False,,,,False,,,False,,,,
ORD0000402,A000195,D000747,ADDR000036,eec498220fb17968,PI000863,3050.0,0.0,,electronics,2026-02-25 22:45:12,delivered,1,2026-02-27 22:45:12,False,False,,,,False,,,False,,,,
ORD0000403,A000197,D000978,ADDR000327,b1940097bd3ff4bf,PI000687,14370.0,0.0,,electronics,2026-01-27 08:31:44,delivered,2,2026-01-29 08:31:44,False,False,,,,False,,,False,,,,
ORD0000404,A000197,D001135,ADDR000327,b1940097bd3ff4bf,PI000687,1780.0,0.0,,fashion,2026-02-01 17:11:13,delivered,2,2026-02-02 17:11:13,False,False,,,,False,,,False,,,,
ORD0000405,A000202,D000132,ADDR000328,8288f1693e885485,PI000071,2430.0,0.0,,toys,2026-01-18 22:10:42,delivered,2,2026-01-19 22:10:42,False,False,,,,False,,,False,,,,
ORD0000406,A000202,D000132,ADDR000328,8288f1693e885485,PI000071,2900.0,0.0,,grocery,2026-01-22 19:22:29,delivered,3,2026-01-23 19:22:29,False,False,,,,False,,,False,,,,
ORD0000407,A000202,D000132,ADDR000328,8288f1693e885485,PI000071,2580.0,0.0,,fashion,2026-01-19 23:12:50,pending,2,,False,False,,,,False,,,False,,,,
ORD0000408,A000203,D000702,ADDR000357,4c7b76cd807f6d83,PI000770,1160.0,109.32,,books,2026-01-29 17:25:44,delivered,3,2026-01-31 17:25:44,False,False,,,,False,,,False,,,,
ORD0000409,A000203,D000702,ADDR000357,4c7b76cd807f6d83,PI000770,1710.0,0.0,,grocery,2026-02-25 16:16:21,delivered,2,2026-02-27 16:16:21,False,False,,,,False,,,False,,,,
ORD0000410,A000203,D000702,ADDR000204,4c7b76cd807f6d83,PI000770,1130.0,0.0,,toys,2026-02-16 13:06:26,delivered,2,2026-02-19 13:06:26,False,False,,,,False,,,False,,,,
ORD0000411,A000204,D000119,ADDR000498,2f9233f40a67e346,PI000990,3590.0,0.0,,toys,2026-02-17 22:45:50,delivered,2,2026-02-18 22:45:50,False,False,,,,False,,,False,,,,
ORD0000412,A000204,D000626,ADDR000498,2f9233f40a67e346,PI000990,5150.0,0.0,,electronics,2026-02-28 23:33:08,delivered,2,2026-03-02 23:33:08,False,False,,,,False,,,False,,,,
ORD0000413,A000204,D000626,ADDR000498,2f9233f40a67e346,PI000990,750.0,0.0,,grocery,2026-01-29 09:43:38,delivered,1,2026-01-31 09:43:38,False,False,,,,False,,,False,,,,
ORD0000414,A000204,D000626,ADDR000498,2f9233f40a67e346,PI000990,2390.0,0.0,,toys,2026-02-09 16:59:24,delivered,1,2026-02-10 16:59:24,False,False,,,,False,,,False,,,,
ORD0000415,A000204,D000119,ADDR000498,2f9233f40a67e346,PI000990,15420.0,1058.51,,electronics,2026-01-30 04:46:46,delivered,1,2026-02-03 04:46:46,False,False,,,,False,,,False,,,,
ORD0000416,A000204,D000626,ADDR000498,2f9233f40a67e346,PI000990,1900.0,0.0,,grocery,2026-01-31 12:17:09,pending,1,,False,False,,,,False,,,False,,,,
ORD0000417,A000205,D000989,ADDR000090,8d6f19e79db11452,PI000645,780.0,0.0,,books,2026-01-27 05:18:17,delivered,3,2026-01-29 05:18:17,False,False,,,,False,,,False,,,,
ORD0000418,A000205,D000989,ADDR000090,8d6f19e79db11452,PI000042,1260.0,0.0,,books,2026-02-22 16:18:45,delivered,3,2026-02-25 16:18:45,False,False,,,,False,,,False,,,,
ORD0000419,A000206,D000827,ADDR000585,7940a9cf979620b7,PI000698,440.0,0.0,,grocery,2026-02-13 14:43:59,delivered,2,2026-02-15 14:43:59,False,False,,,,False,,,False,,,,
ORD0000420,A000206,D000827,ADDR000054,7940a9cf979620b7,PI000182,1570.0,0.0,,books,2026-01-31 13:27:27,delivered,1,2026-02-03 13:27:27,False,False,,,,False,,,False,,,,
ORD0000421,A000207,D000141,ADDR000100,5d17ab3387366b26,PI000286,2860.0,0.0,,fashion,2026-01-27 21:26:32,delivered,3,2026-01-30 21:26:32,False,False,,,,False,,,False,,,,
ORD0000422,A000209,D000917,ADDR000361,851fd2265bfa0c88,PI001206,2470.0,0.0,,fashion,2026-01-08 18:12:23,failed,2,,True,False,,,,False,,,False,,,,
ORD0000423,A000211,D000410,ADDR000219,b5f5d24626aa1f67,PI001159,5000.0,0.0,,electronics,2026-01-15 15:39:19,delivered,2,2026-01-16 15:39:19,False,False,,,,False,,,False,,,,
ORD0000424,A000211,D000410,ADDR000219,b5f5d24626aa1f67,PI001159,1820.0,0.0,,books,2026-02-06 20:10:26,delivered,1,2026-02-08 20:10:26,False,False,,,,False,,,False,,,,
ORD0000425,A000211,D000410,ADDR000219,b5f5d24626aa1f67,PI001159,14280.0,865.1,,electronics,2026-01-19 03:51:14,delivered,1,2026-01-20 03:51:14,False,False,,,,False,,,False,,,,
ORD0000426,A000211,D000410,ADDR000219,b5f5d24626aa1f67,PI001159,3660.0,0.0,,fashion,2026-02-16 16:16:08,delivered,3,2026-02-17 16:16:08,False,False,,,,False,,,False,,,,
ORD0000427,A000211,D000410,ADDR000253,b5f5d24626aa1f67,PI001159,1890.0,0.0,,fashion,2026-01-28 03:42:38,delivered,1,2026-01-29 03:42:38,False,False,,,,False,,,False,,,,
ORD0000428,A000212,D000279,ADDR000024,fd08b57555d1b661,PI000981,3330.0,0.0,,fashion,2026-02-14 00:53:06,delivered,3,2026-02-17 00:53:06,False,False,,,,False,,,False,,,,
ORD0000429,A000212,D000279,ADDR000295,fd08b57555d1b661,PI000981,6130.0,0.0,,home,2026-02-01 07:13:43,delivered,2,2026-02-03 07:13:43,False,False,,,,False,,,False,,,,
ORD0000430,A000213,D000605,ADDR000400,0f71103b8b311e71,PI000579,1420.0,0.0,,books,2026-02-05 08:30:32,delivered,2,2026-02-06 08:30:32,False,False,,,,False,,,False,,,,
ORD0000431,A000213,D000487,ADDR000243,0f71103b8b311e71,PI000579,3050.0,0.0,,toys,2026-01-23 16:03:11,delivered,3,2026-01-27 16:03:11,False,False,,,,False,,,False,,,,
ORD0000432,A000213,D000487,ADDR000243,0f71103b8b311e71,PI000579,2890.0,0.0,,fashion,2026-02-04 09:36:38,delivered,2,2026-02-08 09:36:38,False,False,,,,False,,,False,,,,
ORD0000433,A000213,D000487,ADDR000400,0f71103b8b311e71,PI000579,1460.0,0.0,,books,2026-02-02 17:19:35,delivered,2,2026-02-06 17:19:35,False,False,,,,False,,,False,,,,
ORD0000434,A000213,D000605,ADDR000243,0f71103b8b311e71,PI000579,3270.0,0.0,,fashion,2026-02-21 18:44:28,delivered,1,2026-02-24 18:44:28,False,False,,,,False,,,False,,,,
ORD0000435,A000213,D000487,ADDR000243,0f71103b8b311e71,PI000579,1880.0,134.68,,books,2026-01-16 03:33:03,failed,1,,True,False,,,,False,,,False,,,,
ORD0000436,A000213,D000487,ADDR000243,0f71103b8b311e71,PI000579,3520.0,0.0,,electronics,2026-01-19 13:01:00,delivered,3,2026-01-22 13:01:00,False,False,,,,False,,,False,,,,
ORD0000437,A000213,D000605,ADDR000400,0f71103b8b311e71,PI000579,1500.0,0.0,,grocery,2026-01-20 00:52:34,delivered,2,2026-01-24 00:52:34,False,False,,,,False,,,False,,,,
ORD0000438,A000214,D000485,ADDR000212,6471baee0c2ea81a,PI001063,370.0,0.0,,grocery,2026-02-26 22:41:49,delivered,3,2026-03-01 22:41:49,False,False,,,,False,,,False,,,,
ORD0000439,A000215,D000038,ADDR000514,2eea16811f15fe3a,PI000621,1410.0,200.27,,home,2026-01-29 11:01:32,delivered,3,2026-02-01 11:01:32,False,False,,,,False,,,False,,,,
ORD0000440,A000215,D001159,ADDR000514,2eea16811f15fe3a,PI001090,1050.0,0.0,,books,2026-02-23 09:21:35,delivered,1,2026-02-27 09:21:35,False,False,,,,False,,,False,,,,
ORD0000441,A000215,D000038,ADDR000514,2eea16811f15fe3a,PI000621,16610.0,0.0,,electronics,2026-02-10 04:48:51,delivered,1,2026-02-11 04:48:51,False,False,,,,False,,,False,,,,
ORD0000442,A000215,D000038,ADDR000514,2eea16811f15fe3a,PI000621,7650.0,779.98,,home,2026-01-30 10:02:01,delivered,1,2026-02-02 10:02:01,False,False,,,,False,,,False,,,,
ORD0000443,A000215,D000038,ADDR000514,2eea16811f15fe3a,PI001090,13810.0,1645.54,,electronics,2026-02-15 06:13:17,failed,2,,True,False,,,,False,,,False,,,,
ORD0000444,A000217,D000725,ADDR000148,a396b230b10d24da,PI000210,2610.0,0.0,,fashion,2026-02-19 05:25:28,delivered,1,2026-02-20 05:25:28,False,False,,,,False,,,False,,,,
ORD0000445,A000217,D000725,ADDR000148,a396b230b10d24da,PI000210,3280.0,0.0,,fashion,2026-02-26 22:42:01,delivered,3,2026-03-01 22:42:01,False,False,,,,False,,,False,,,,
ORD0000446,A000218,D000578,ADDR000133,a711a761d1e7e9b0,PI000154,1750.0,0.0,,grocery,2026-02-16 23:26:27,delivered,1,2026-02-17 23:26:27,False,False,,,,False,,,False,,,,
ORD0000447,A000218,D000578,ADDR000435,a711a761d1e7e9b0,PI000719,3370.0,0.0,,fashion,2026-02-01 11:25:25,delivered,3,2026-02-02 11:25:25,False,False,,,,False,,,False,,,,
ORD0000448,A000220,D000176,ADDR000300,6d72778659e23f8b,PI001386,3920.0,0.0,,fashion,2026-02-13 14:21:36,delivered,2,2026-02-17 14:21:36,False,False,,,,False,,,False,,,,
ORD0000449,A000220,D000176,ADDR000300,6d72778659e23f8b,PI001386,310.0,0.0,,grocery,2026-01-21 17:53:00,delivered,2,2026-01-24 17:53:00,False,False,,,,False,,,False,,,,
ORD0000450,A000221,D000599,ADDR000540,6b728dc27b8c757d,PI000359,2470.0,0.0,,grocery,2026-02-13 00:20:08,delivered,2,2026-02-17 00:20:08,False,False,,,,False,,,False,,,,
ORD0000451,A000221,D000599,ADDR000540,6b728dc27b8c757d,PI000275,1440.0,87.79,,fashion,2026-01-23 20:27:11,delivered,3,2026-01-27 20:27:11,False,False,,,,False,,,False,,,,
ORD0000452,A000221,D000599,ADDR000540,6b728dc27b8c757d,PI000275,2280.0,336.0,,grocery,2026-02-09 18:07:05,delivered,3,2026-02-10 18:07:05,False,False,,,,False,,,False,,,,
ORD0000453,A000221,D000608,ADDR000540,6b728dc27b8c757d,PI000275,3660.0,0.0,,fashion,2026-02-11 05:03:04,delivered,3,2026-02-12 05:03:04,False,False,,,,False,,,False,,,,
ORD0000454,A000222,D001012,ADDR000072,4d228cdf65d36b5e,PI000256,1320.0,0.0,,toys,2026-02-24 08:42:09,delivered,1,2026-02-25 08:42:09,False,False,,,,False,,,False,,,,
ORD0000455,A000222,D001012,ADDR000020,4d228cdf65d36b5e,PI000256,2070.0,0.0,,grocery,2026-01-20 13:42:41,delivered,3,2026-01-22 13:42:41,False,False,,,,False,,,False,,,,
ORD0000456,A000223,D000306,ADDR000017,98e23a69c5dcbde3,PI000720,3000.0,448.84,,grocery,2026-02-04 18:39:18,delivered,1,2026-02-07 18:39:18,False,False,,,,False,,,False,,,,
ORD0000457,A000224,D000146,ADDR000511,5429db07c80d419b,PI000057,4140.0,0.0,,fashion,2026-01-24 17:57:05,delivered,1,2026-01-26 17:57:05,False,False,,,,False,,,False,,,,
ORD0000458,A000224,D000146,ADDR000511,5429db07c80d419b,PI000057,1890.0,117.56,,grocery,2026-02-18 22:30:31,delivered,1,2026-02-19 22:30:31,False,False,,,,False,,,False,,,,
ORD0000459,A000224,D000146,ADDR000395,5429db07c80d419b,PI000057,3390.0,0.0,,fashion,2026-02-05 22:27:48,delivered,2,2026-02-09 22:27:48,False,False,,,,False,,,False,,,,
ORD0000460,A000225,D000141,ADDR000101,e0badd7611f7aff6,PI001386,1600.0,0.0,,grocery,2026-02-20 23:26:00,delivered,3,2026-02-22 23:26:00,False,False,,,,False,,,False,,,,
ORD0000461,A000225,D000141,ADDR000101,e0badd7611f7aff6,PI000946,8590.0,0.0,,electronics,2026-01-09 09:16:00,failed,2,,True,False,,,,False,,,False,,,,
ORD0000462,A000225,D000141,ADDR000210,e0badd7611f7aff6,PI000946,3760.0,0.0,,fashion,2026-01-23 18:04:15,delivered,2,2026-01-27 18:04:15,False,False,,,,False,,,False,,,,
ORD0000463,A000225,D000141,ADDR000210,e0badd7611f7aff6,PI000946,2640.0,0.0,,home,2026-01-07 17:20:03,delivered,1,2026-01-08 17:20:03,False,False,,,,False,,,False,,,,
ORD0000464,A000227,D000270,ADDR000110,e38d94d7164ba8ff,PI000937,2790.0,0.0,,grocery,2026-01-29 07:49:36,delivered,3,2026-02-01 07:49:36,False,False,,,,False,,,False,,,,
ORD0000465,A000228,D000946,ADDR000051,cee3f3e0cd4975d9,PI000842,5700.0,0.0,,home,2026-02-11 09:31:29,pending,1,,False,False,,,,False,,,False,,,,
ORD0000466,A000228,D000946,ADDR000051,cee3f3e0cd4975d9,PI000440,4460.0,0.0,,fashion,2026-02-22 16:50:17,delivered,2,2026-02-24 16:50:17,False,False,,,,False,,,False,,,,
ORD0000467,A000228,D000946,ADDR000255,cee3f3e0cd4975d9,PI000440,1700.0,0.0,,fashion,2026-02-27 19:29:51,delivered,2,2026-02-28 19:29:51,False,False,,,,False,,,False,,,,
ORD0000468,A000228,D000946,ADDR000051,cee3f3e0cd4975d9,PI000440,1780.0,0.0,,toys,2026-02-24 20:03:55,delivered,3,2026-02-27 20:03:55,False,False,,,,False,,,False,,,,
ORD0000469,A000229,D000533,ADDR000020,0ff4a5d5cc4ea821,PI001371,670.0,0.0,,grocery,2026-02-14 01:18:19,delivered,1,2026-02-16 01:18:19,False,False,,,,False,,,False,,,,
ORD0000470,A000229,D000533,ADDR000020,0ff4a5d5cc4ea821,PI000923,1350.0,0.0,,books,2026-02-20 04:05:38,delivered,3,2026-02-22 04:05:38,False,False,,,,False,,,False,,,,
ORD0000471,A000231,D000297,ADDR000099,69861cb3d16bf396,PI000261,1730.0,0.0,,fashion,2026-02-28 06:26:56,delivered,1,2026-03-02 06:26:56,False,False,,,,False,,,False,,,,
ORD0000472,A000232,D000084,ADDR000300,9f86a21a1d072f6b,PI000263,1320.0,182.44,,fashion,2026-02-16 20:35:55,delivered,2,2026-02-20 20:35:55,False,False,,,,False,,,False,,,,
ORD0000473,A000232,D000084,ADDR000300,9f86a21a1d072f6b,PI000263,6750.0,0.0,,home,2026-01-27 20:38:06,delivered,2,2026-01-31 20:38:06,False,False,,,,False,,,False,,,,
ORD0000474,A000233,D001179,ADDR000249,f916f1ea4891985f,PI000621,13880.0,0.0,,electronics,2026-01-19 15:06:31,delivered,1,2026-01-22 15:06:31,False,False,,,,False,,,False,,,,
ORD0000475,A000233,D001179,ADDR000532,f916f1ea4891985f,PI000621,19000.0,0.0,,electronics,2026-02-17 03:20:55,delivered,3,2026-02-21 03:20:55,False,False,,,,False,,,False,,,,
ORD0000476,A000235,D001089,ADDR000237,bd95b527ff7e9b7c,PI001229,3220.0,0.0,,toys,2026-02-22 23:37:08,delivered,2,2026-02-26 23:37:08,False,False,,,,False,,,False,,,,
ORD0000477,A000235,D001089,ADDR000580,bd95b527ff7e9b7c,PI001229,4220.0,0.0,,fashion,2026-01-13 04:50:36,delivered,1,2026-01-14 04:50:36,False,False,,,,False,,,False,,,,
ORD0000478,A000235,D001089,ADDR000580,bd95b527ff7e9b7c,PI001229,4130.0,0.0,,fashion,2026-01-31 09:00:29,pending,1,,False,False,,,,False,,,False,,,,
ORD0000479,A000235,D001089,ADDR000237,bd95b527ff7e9b7c,PI001229,1610.0,0.0,,fashion,2026-01-09 10:05:19,delivered,1,2026-01-11 10:05:19,False,False,,,,False,,,False,,,,
ORD0000480,A000236,D000083,ADDR000573,fd08b57555d1b661,PI000394,2490.0,0.0,,fashion,2026-02-02 08:01:39,delivered,3,2026-02-06 08:01:39,False,False,,,,False,,,False,,,,
ORD0000481,A000236,D000083,ADDR000573,fd08b57555d1b661,PI000013,2300.0,0.0,,home,2026-02-17 12:24:44,delivered,2,2026-02-18 12:24:44,False,False,,,,False,,,False,,,,
ORD0000482,A000237,D000884,ADDR000098,09225050fdada84f,PI000920,1840.0,0.0,,fashion,2026-01-19 13:17:16,delivered,3,2026-01-22 13:17:16,False,False,,,,False,,,False,,,,
ORD0000483,A000237,D000884,ADDR000098,09225050fdada84f,PI000920,3090.0,1194.05,RARE_464,fashion,2026-01-24 03:57:40,delivered,3,2026-01-25 03:57:40,False,False,,,,False,,,False,,,,
ORD0000484,A000238,D000585,ADDR000422,761e6076b18d3d63,PI000213,3520.0,0.0,,fashion,2026-02-17 11:57:16,delivered,3,2026-02-18 11:57:16,False,False,,,,False,,,False,,,,
ORD0000485,A000240,D000798,ADDR000070,589db8e7e286278c,PI000863,2260.0,0.0,,toys,2026-01-20 02:35:30,delivered,2,2026-01-22 02:35:30,False,False,,,,False,,,False,,,,
ORD0000486,A000240,D000798,ADDR000070,589db8e7e286278c,PI000042,6900.0,0.0,,home,2026-02-11 08:47:15,delivered,1,2026-02-13 08:47:15,False,False,,,,False,,,False,,,,
ORD0000487,A000240,D000798,ADDR000070,589db8e7e286278c,PI000042,1940.0,0.0,,books,2026-01-30 11:07:20,delivered,2,2026-02-02 11:07:20,False,False,,,,False,,,False,,,,
ORD0000488,A000240,D000798,ADDR000070,589db8e7e286278c,PI000042,1860.0,0.0,,grocery,2026-01-27 08:21:50,delivered,3,2026-01-29 08:21:50,False,False,,,,False,,,False,,,,
ORD0000489,A000240,D000798,ADDR000070,589db8e7e286278c,PI000863,5990.0,0.0,,electronics,2026-01-28 13:28:35,delivered,3,2026-01-29 13:28:35,False,False,,,,False,,,False,,,,
ORD0000490,A000240,D000798,ADDR000070,589db8e7e286278c,PI000863,3800.0,0.0,,fashion,2026-01-24 17:20:13,delivered,2,2026-01-28 17:20:13,False,False,,,,False,,,False,,,,
ORD0000491,A000240,D000798,ADDR000070,589db8e7e286278c,PI000042,4890.0,0.0,,fashion,2026-01-27 03:21:51,pending,1,,False,False,,,,False,,,False,,,,
ORD0000492,A000241,D001101,ADDR000024,336c22ea25736825,PI001351,2580.0,0.0,,fashion,2026-02-11 01:05:12,delivered,1,2026-02-12 01:05:12,False,False,,,,False,,,False,,,,
ORD0000493,A000241,D001101,ADDR000024,336c22ea25736825,PI001351,4000.0,0.0,,home,2026-02-01 10:01:41,delivered,2,2026-02-02 10:01:41,False,False,,,,False,,,False,,,,
ORD0000494,A000241,D001101,ADDR000024,336c22ea25736825,PI001351,16500.0,0.0,,electronics,2026-01-30 08:59:07,pending,2,,False,False,,,,False,,,False,,,,
ORD0000495,A000241,D001101,ADDR000024,336c22ea25736825,PI001372,13340.0,0.0,,electronics,2026-02-18 23:56:05,delivered,3,2026-02-19 23:56:05,False,False,,,,False,,,False,,,,
ORD0000496,A000242,D000884,ADDR000390,cf841ef27ddfe0ff,PI000222,2620.0,0.0,,fashion,2026-02-04 05:17:24,delivered,2,2026-02-07 05:17:24,False,False,,,,False,,,False,,,,
ORD0000497,A000243,D000410,ADDR000024,90a11393b2f77056,PI000090,1760.0,0.0,,home,2026-02-19 09:39:45,failed,1,,True,False,,,,False,,,False,,,,
ORD0000498,A000243,D000927,ADDR000590,90a11393b2f77056,PI000590,2660.0,0.0,,fashion,2026-01-30 05:23:13,delivered,1,2026-01-31 05:23:13,False,False,,,,False,,,False,,,,
ORD0000499,A000243,D000410,ADDR000590,90a11393b2f77056,PI000090,5980.0,0.0,,home,2026-02-22 17:18:45,delivered,3,2026-02-24 17:18:45,False,False,,,,False,,,False,,,,
ORD0000500,A000244,D000679,ADDR000524,6b6eb81125fd9036,PI000745,1860.0,0.0,,toys,2026-01-29 00:03:49,delivered,3,2026-01-31 00:03:49,False,False,,,,False,,,False,,,,
ORD0000501,A000245,D000782,ADDR000352,d309948df0af8113,PI000712,1170.0,0.0,,grocery,2026-01-31 08:28:25,delivered,3,2026-02-03 08:28:25,False,False,,,,False,,,False,,,,
ORD0000502,A000245,D000389,ADDR000352,d309948df0af8113,PI000712,2830.0,0.0,,fashion,2026-02-21 05:40:38,delivered,3,2026-02-24 05:40:38,False,False,,,,False,,,False,,,,
ORD0000503,A000246,D000988,ADDR000365,f42376ebe1df15e4,PI000609,5170.0,0.0,,home,2026-01-24 05:41:52,delivered,1,2026-01-27 05:41:52,False,False,,,,False,,,False,,,,
ORD0000504,A000247,D000036,ADDR000249,7553b6ad609af0d9,PI000880,3800.0,0.0,,fashion,2026-02-18 04:42:33,delivered,1,2026-02-21 04:42:33,False,False,,,,False,,,False,,,,
ORD0000505,A000249,D000273,ADDR000061,12b1a1ac9bcc6dbb,PI000141,2750.0,388.85,,fashion,2026-01-14 11:01:25,pending,2,,False,False,,,,False,,,False,,,,
ORD0000506,A000249,D000273,ADDR000061,12b1a1ac9bcc6dbb,PI000141,2100.0,0.0,,fashion,2026-02-12 01:18:34,delivered,2,2026-02-15 01:18:34,False,False,,,,False,,,False,,,,
ORD0000507,A000251,D000807,ADDR000242,56660eb007e2acb9,PI001245,3380.0,0.0,,fashion,2026-02-05 05:26:55,delivered,1,2026-02-08 05:26:55,False,False,,,,False,,,False,,,,
ORD0000508,A000251,D000807,ADDR000242,56660eb007e2acb9,PI000030,3550.0,0.0,,fashion,2026-01-07 16:26:57,delivered,3,2026-01-11 16:26:57,False,False,,,,False,,,False,,,,
ORD0000509,A000252,D000851,ADDR000393,3b58fffd8c9562e3,PI000103,3320.0,444.86,,fashion,2026-02-09 19:47:15,delivered,2,2026-02-11 19:47:15,False,False,,,,False,,,False,,,,
ORD0000510,A000252,D000851,ADDR000393,3b58fffd8c9562e3,PI000103,2020.0,0.0,,grocery,2026-02-03 13:07:26,delivered,2,2026-02-06 13:07:26,False,False,,,,False,,,False,,,,
ORD0000511,A000253,D000593,ADDR000085,f01e6bdc5e94857f,PI000114,1910.0,0.0,,books,2026-01-21 05:15:01,delivered,1,2026-01-25 05:15:01,False,False,,,,False,,,False,,,,
ORD0000512,A000254,D000784,ADDR000004,0ff4a5d5cc4ea821,PI001018,420.0,0.0,,books,2026-02-21 19:17:55,delivered,2,2026-02-24 19:17:55,False,False,,,,False,,,False,,,,
ORD0000513,A000254,D000784,ADDR000375,0ff4a5d5cc4ea821,PI001018,1030.0,0.0,,fashion,2026-02-13 12:29:29,delivered,1,2026-02-15 12:29:29,False,False,,,,False,,,False,,,,
ORD0000514,A000254,D000784,ADDR000004,0ff4a5d5cc4ea821,PI001018,1680.0,0.0,,grocery,2026-02-06 10:51:42,delivered,2,2026-02-07 10:51:42,False,False,,,,False,,,False,,,,
ORD0000515,A000255,D000360,ADDR000004,6e5543796cf4aaca,PI000130,2540.0,0.0,,fashion,2026-02-19 23:53:57,delivered,3,2026-02-22 23:53:57,False,False,,,,False,,,False,,,,
ORD0000516,A000255,D000360,ADDR000004,6e5543796cf4aaca,PI000130,2980.0,0.0,,fashion,2026-02-26 20:50:23,pending,2,,False,False,,,,False,,,False,,,,
ORD0000517,A000255,D000360,ADDR000004,6e5543796cf4aaca,PI000130,2020.0,0.0,,fashion,2026-02-23 14:16:19,delivered,2,2026-02-25 14:16:19,False,False,,,,False,,,False,,,,
ORD0000518,A000257,D000416,ADDR000532,b17caa11855b8b07,PI000102,3220.0,216.3,,fashion,2026-01-19 20:01:33,delivered,3,2026-01-22 20:01:33,False,False,,,,False,,,False,,,,
ORD0000519,A000257,D000523,ADDR000532,b17caa11855b8b07,PI000287,2440.0,0.0,,electronics,2026-02-25 22:11:44,delivered,3,2026-03-01 22:11:44,False,False,,,,False,,,False,,,,
ORD0000520,A000258,D000320,ADDR000072,ef132e9e7faab419,PI000887,4080.0,326.26,,fashion,2026-02-09 16:28:47,delivered,2,2026-02-13 16:28:47,False,False,,,,False,,,False,,,,
ORD0000521,A000260,D001174,ADDR000195,63f3c114021340f4,PI000455,1600.0,124.29,,books,2026-02-23 11:08:15,delivered,1,2026-02-25 11:08:15,False,False,,,,False,,,False,,,,
ORD0000522,A000260,D001174,ADDR000195,63f3c114021340f4,PI000455,2790.0,0.0,,fashion,2026-02-28 09:44:52,delivered,1,2026-03-02 09:44:52,False,False,,,,False,,,False,,,,
ORD0000523,A000260,D001174,ADDR000284,63f3c114021340f4,PI000455,510.0,197.83,RARE_371,grocery,2026-02-15 05:35:23,delivered,2,2026-02-19 05:35:23,False,False,,,,False,,,False,,,,
ORD0000524,A000261,D000068,ADDR000414,df74e51cbc5d5e11,PI000511,4540.0,0.0,,fashion,2026-01-21 08:58:34,delivered,1,2026-01-22 08:58:34,False,False,,,,False,,,False,,,,
ORD0000525,A000261,D000068,ADDR000414,df74e51cbc5d5e11,PI000511,4860.0,0.0,,home,2026-02-09 21:14:25,delivered,2,2026-02-11 21:14:25,False,False,,,,False,,,False,,,,
ORD0000526,A000262,D000827,ADDR000054,90a11393b2f77056,PI000114,3580.0,0.0,,toys,2026-01-08 20:19:48,delivered,3,2026-01-11 20:19:48,False,False,,,,False,,,False,,,,
ORD0000527,A000262,D000827,ADDR000054,90a11393b2f77056,PI000114,1880.0,0.0,,fashion,2026-02-28 14:09:27,delivered,1,2026-03-02 14:09:27,False,False,,,,False,,,False,,,,
ORD0000528,A000263,D000571,ADDR000371,a91b4c19a47881f1,PI001291,3220.0,0.0,,fashion,2026-02-25 12:27:45,delivered,2,2026-02-27 12:27:45,False,False,,,,False,,,False,,,,
ORD0000529,A000264,D000882,ADDR000024,c9c78a26f1452592,PI000251,820.0,0.0,,fashion,2026-01-23 23:27:29,delivered,3,2026-01-24 23:27:29,False,False,,,,False,,,False,,,,
ORD0000530,A000264,D000882,ADDR000024,c9c78a26f1452592,PI000251,2500.0,0.0,,fashion,2026-01-29 18:20:01,delivered,1,2026-02-01 18:20:01,False,False,,,,False,,,False,,,,
ORD0000531,A000265,D000340,ADDR000197,c7f7deda6ef73efd,PI000987,14570.0,0.0,,electronics,2026-02-01 00:00:29,delivered,2,2026-02-05 00:00:29,False,False,,,,False,,,False,,,,
ORD0000532,A000265,D000307,ADDR000197,c7f7deda6ef73efd,PI000987,5110.0,0.0,,home,2026-02-22 03:05:25,delivered,3,2026-02-26 03:05:25,False,False,,,,False,,,False,,,,
ORD0000533,A000265,D000307,ADDR000197,c7f7deda6ef73efd,PI000286,3310.0,0.0,,home,2026-01-31 17:44:00,delivered,3,2026-02-03 17:44:00,False,False,,,,False,,,False,,,,
ORD0000534,A000266,D000740,ADDR000253,0ca13d57c7f15ff9,PI001096,3820.0,0.0,,fashion,2026-02-25 11:04:43,failed,1,,True,False,,,,False,,,False,,,,
ORD0000535,A000266,D000740,ADDR000343,0ca13d57c7f15ff9,PI001096,4780.0,0.0,,fashion,2026-02-28 07:26:32,delivered,2,2026-03-01 07:26:32,False,False,,,,False,,,False,,,,
ORD0000536,A000266,D000740,ADDR000253,0ca13d57c7f15ff9,PI001096,2300.0,0.0,,grocery,2026-01-25 10:59:25,delivered,2,2026-01-27 10:59:25,False,False,,,,False,,,False,,,,
ORD0000537,A000266,D000740,ADDR000253,0ca13d57c7f15ff9,PI001096,1060.0,0.0,,grocery,2026-02-17 03:42:59,delivered,3,2026-02-21 03:42:59,False,False,,,,False,,,False,,,,
ORD0000538,A000266,D000740,ADDR000343,0ca13d57c7f15ff9,PI001096,2330.0,0.0,,grocery,2026-02-06 18:23:21,delivered,2,2026-02-09 18:23:21,False,False,,,,False,,,False,,,,
ORD0000539,A000267,D000747,ADDR000101,2add92f5f847d6da,PI000643,1340.0,0.0,,books,2026-02-19 12:12:23,delivered,1,2026-02-22 12:12:23,False,False,,,,False,,,False,,,,
ORD0000540,A000267,D000801,ADDR000101,2add92f5f847d6da,PI001240,4670.0,0.0,,fashion,2026-01-25 12:14:58,delivered,3,2026-01-27 12:14:58,False,False,,,,False,,,False,,,,
ORD0000541,A000267,D000747,ADDR000101,2add92f5f847d6da,PI000643,1480.0,0.0,,fashion,2026-02-03 11:12:48,delivered,2,2026-02-06 11:12:48,False,False,,,,False,,,False,,,,
ORD0000542,A000267,D000747,ADDR000101,2add92f5f847d6da,PI001240,1960.0,0.0,,fashion,2026-01-24 17:59:06,delivered,2,2026-01-27 17:59:06,False,False,,,,False,,,False,,,,
ORD0000543,A000267,D000801,ADDR000101,2add92f5f847d6da,PI000643,1480.0,0.0,,home,2026-01-31 05:22:48,delivered,1,2026-02-04 05:22:48,False,False,,,,False,,,False,,,,
ORD0000544,A000267,D000747,ADDR000101,2add92f5f847d6da,PI001240,6270.0,0.0,,home,2026-02-01 23:31:19,pending,1,,False,False,,,,False,,,False,,,,
ORD0000545,A000267,D000801,ADDR000101,2add92f5f847d6da,PI001240,3540.0,405.19,,fashion,2026-02-10 07:54:21,delivered,3,2026-02-12 07:54:21,False,False,,,,False,,,False,,,,
ORD0000546,A000268,D000864,ADDR000590,fd70bb88bf1c25b7,PI000387,12650.0,0.0,,electronics,2026-02-28 21:19:02,delivered,1,2026-03-03 21:19:02,False,False,,,,False,,,False,,,,
ORD0000547,A000268,D000864,ADDR000590,fd70bb88bf1c25b7,PI000387,3830.0,275.42,,fashion,2026-02-19 01:47:00,delivered,3,2026-02-23 01:47:00,False,False,,,,False,,,False,,,,
ORD0000548,A000269,D000307,ADDR000316,c5b1d647afb67e9f,PI000338,4270.0,0.0,,fashion,2026-02-13 01:51:41,delivered,2,2026-02-17 01:51:41,False,False,,,,False,,,False,,,,
ORD0000549,A000270,D000297,ADDR000036,4db431ce33f02aa8,PI000392,4870.0,0.0,,home,2026-01-09 06:30:53,delivered,1,2026-01-13 06:30:53,False,False,,,,False,,,False,,,,
ORD0000550,A000271,D001054,ADDR000523,013ac901d668fae2,PI001139,4930.0,0.0,,fashion,2026-01-31 10:43:42,delivered,1,2026-02-02 10:43:42,False,False,,,,False,,,False,,,,
ORD0000551,A000271,D001095,ADDR000451,013ac901d668fae2,PI001139,2800.0,399.79,,grocery,2026-02-26 17:42:09,delivered,1,2026-03-02 17:42:09,False,False,,,,False,,,False,,,,
ORD0000552,A000272,D000524,ADDR000084,378122aeb7dc425a,PI001387,200.0,15.41,,books,2026-02-18 03:16:32,delivered,2,2026-02-21 03:16:32,False,False,,,,False,,,False,,,,
ORD0000553,A000272,D000524,ADDR000084,378122aeb7dc425a,PI001387,3060.0,0.0,,fashion,2026-02-13 17:39:27,delivered,3,2026-02-16 17:39:27,False,False,,,,False,,,False,,,,
ORD0000554,A000272,D000524,ADDR000084,378122aeb7dc425a,PI001249,2660.0,0.0,,toys,2026-01-12 07:59:45,delivered,2,2026-01-15 07:59:45,False,False,,,,False,,,False,,,,
ORD0000555,A000272,D000524,ADDR000084,378122aeb7dc425a,PI001387,1440.0,0.0,,home,2026-01-09 23:34:56,delivered,3,2026-01-13 23:34:56,False,False,,,,False,,,False,,,,
ORD0000556,A000273,D000595,ADDR000160,ab7b2cc57fa829c9,PI000114,2450.0,0.0,,home,2026-02-17 01:20:30,delivered,2,2026-02-18 01:20:30,False,False,,,,False,,,False,,,,
ORD0000557,A000274,D000181,ADDR000249,99bc73074910516e,PI000377,3880.0,0.0,,home,2026-02-08 10:11:33,delivered,1,2026-02-12 10:11:33,False,False,,,,False,,,False,,,,
ORD0000558,A000276,D000525,ADDR000352,15535d9655da4a56,PI000478,930.0,0.0,,fashion,2026-02-24 18:02:15,delivered,1,2026-02-25 18:02:15,False,False,,,,False,,,False,,,,
ORD0000559,A000277,D000038,ADDR000585,40e57ea17f8a389b,PI000655,13140.0,0.0,,electronics,2026-01-13 01:13:02,delivered,1,2026-01-16 01:13:02,False,False,,,,False,,,False,,,,
ORD0000560,A000278,D001002,ADDR000209,6b0b0784a4d57b05,PI000604,820.0,0.0,,books,2026-02-19 18:03:58,delivered,3,2026-02-21 18:03:58,False,False,,,,False,,,False,,,,
ORD0000561,A000279,D000818,ADDR000050,57b85883e6263f3e,PI000886,1030.0,0.0,,fashion,2026-02-12 14:38:43,delivered,1,2026-02-16 14:38:43,False,False,,,,False,,,False,,,,
ORD0000562,A000279,D000818,ADDR000051,57b85883e6263f3e,PI000714,7950.0,0.0,,electronics,2026-02-03 00:36:56,delivered,1,2026-02-05 00:36:56,False,False,,,,False,,,False,,,,
ORD0000563,A000280,D000533,ADDR000573,d6044e464c8b7600,PI001363,3580.0,0.0,,fashion,2026-02-09 13:58:30,delivered,1,2026-02-10 13:58:30,False,False,,,,False,,,False,,,,
ORD0000564,A000280,D000533,ADDR000573,d6044e464c8b7600,PI001363,1100.0,0.0,,books,2026-02-13 01:27:14,delivered,3,2026-02-14 01:27:14,False,False,,,,False,,,False,,,,
ORD0000565,A000280,D000533,ADDR000072,d6044e464c8b7600,PI001363,6960.0,0.0,,home,2026-01-21 01:36:40,delivered,1,2026-01-24 01:36:40,False,False,,,,False,,,False,,,,
ORD0000566,A000281,D000798,ADDR000400,d309948df0af8113,PI000428,18430.0,0.0,,electronics,2026-02-12 09:32:45,pending,2,,False,False,,,,False,,,False,,,,
ORD0000567,A000281,D001087,ADDR000400,d309948df0af8113,PI000428,1850.0,0.0,,grocery,2026-01-27 05:34:30,delivered,3,2026-01-29 05:34:30,False,False,,,,False,,,False,,,,
ORD0000568,A000282,D000917,ADDR000133,a711a761d1e7e9b0,PI000621,4680.0,0.0,,fashion,2026-02-13 06:04:23,delivered,1,2026-02-16 06:04:23,False,False,,,,False,,,False,,,,
ORD0000569,A000283,D000136,ADDR000219,8288f1693e885485,PI000250,330.0,0.0,,grocery,2026-02-24 18:37:28,delivered,1,2026-02-25 18:37:28,False,False,,,,False,,,False,,,,
ORD0000570,A000284,D001124,ADDR000552,4e7f0ad2eba5b9cd,PI000130,14810.0,0.0,,electronics,2026-02-01 06:51:08,delivered,3,2026-02-02 06:51:08,False,False,,,,False,,,False,,,,
ORD0000571,A000285,D000605,ADDR000452,b2458eb2d5064330,PI000030,810.0,0.0,,grocery,2026-01-31 02:08:39,delivered,3,2026-02-02 02:08:39,False,False,,,,False,,,False,,,,
ORD0000572,A000285,D000605,ADDR000452,b2458eb2d5064330,PI000788,16090.0,0.0,,electronics,2026-02-18 13:20:20,delivered,1,2026-02-21 13:20:20,False,False,,,,False,,,False,,,,
ORD0000573,A000286,D000519,ADDR000024,cd9eec287bad71c5,PI000983,1280.0,0.0,,grocery,2026-02-16 12:12:26,pending,2,,False,False,,,,False,,,False,,,,
ORD0000574,A000286,D000687,ADDR000024,cd9eec287bad71c5,PI000983,3690.0,322.14,,home,2026-02-12 07:02:15,delivered,3,2026-02-14 07:02:15,False,False,,,,False,,,False,,,,
ORD0000575,A000287,D000265,ADDR000547,b2458eb2d5064330,PI000872,500.0,0.0,,books,2026-02-12 08:17:06,delivered,2,2026-02-15 08:17:06,False,False,,,,False,,,False,,,,
ORD0000576,A000288,D001041,ADDR000142,25ab6074e8ae41cc,PI000750,1830.0,0.0,,books,2026-02-22 08:59:49,delivered,3,2026-02-25 08:59:49,False,False,,,,False,,,False,,,,
ORD0000577,A000289,D000639,ADDR000300,079ca71c19ad5724,PI001149,1700.0,0.0,,home,2026-02-28 00:15:23,delivered,3,2026-03-03 00:15:23,False,False,,,,False,,,False,,,,
ORD0000578,A000290,D000330,ADDR000238,83fdab8545d81027,PI000946,1430.0,0.0,,books,2026-01-20 11:11:42,failed,2,,True,False,,,,False,,,False,,,,
ORD0000579,A000291,D001089,ADDR000009,cbec0ce27bc3c888,PI000693,15640.0,0.0,,electronics,2026-02-27 06:26:02,delivered,1,2026-03-01 06:26:02,False,False,,,,False,,,False,,,,
ORD0000580,A000291,D001089,ADDR000009,cbec0ce27bc3c888,PI000693,12970.0,0.0,,electronics,2026-01-24 02:53:47,delivered,1,2026-01-25 02:53:47,False,False,,,,False,,,False,,,,
ORD0000581,A000291,D000946,ADDR000009,cbec0ce27bc3c888,PI000693,1700.0,164.9,,toys,2026-01-11 02:30:35,delivered,3,2026-01-14 02:30:35,False,False,,,,False,,,False,,,,
ORD0000582,A000291,D001089,ADDR000009,cbec0ce27bc3c888,PI000693,3390.0,0.0,,fashion,2026-02-20 07:23:32,delivered,3,2026-02-21 07:23:32,False,False,,,,False,,,False,,,,
ORD0000583,A000291,D000946,ADDR000009,cbec0ce27bc3c888,PI000693,1170.0,0.0,,grocery,2026-01-19 18:08:50,delivered,3,2026-01-20 18:08:50,False,False,,,,False,,,False,,,,
ORD0000584,A000291,D000946,ADDR000009,cbec0ce27bc3c888,PI000693,15030.0,4403.79,RARE_875,electronics,2026-01-26 03:08:31,delivered,2,2026-01-30 03:08:31,False,False,,,,False,,,False,,,,
ORD0000585,A000292,D000761,ADDR000280,c5b1d647afb67e9f,PI000599,2380.0,0.0,,grocery,2026-02-24 13:37:38,pending,2,,False,False,,,,False,,,False,,,,
ORD0000586,A000292,D000761,ADDR000520,c5b1d647afb67e9f,PI000747,4160.0,0.0,,fashion,2026-02-02 19:49:42,delivered,2,2026-02-05 19:49:42,False,False,,,,False,,,False,,,,
ORD0000587,A000293,D000702,ADDR000282,0c212aa7825ce00c,PI001135,2240.0,0.0,,grocery,2026-02-10 14:21:39,delivered,1,2026-02-12 14:21:39,False,False,,,,False,,,False,,,,
ORD0000588,A000294,D000133,ADDR000036,6e5543796cf4aaca,PI001091,4260.0,0.0,,fashion,2026-02-13 20:49:57,delivered,1,2026-02-15 20:49:57,False,False,,,,False,,,False,,,,
ORD0000589,A000294,D000133,ADDR000359,6e5543796cf4aaca,PI000488,2690.0,0.0,,grocery,2026-02-23 04:55:52,delivered,3,2026-02-25 04:55:52,False,False,,,,False,,,False,,,,
ORD0000590,A000294,D000133,ADDR000359,6e5543796cf4aaca,PI000488,710.0,102.34,,grocery,2026-01-26 11:08:54,delivered,3,2026-01-28 11:08:54,False,False,,,,False,,,False,,,,
ORD0000591,A000294,D000133,ADDR000359,6e5543796cf4aaca,PI000488,3460.0,0.0,,toys,2026-02-19 03:05:17,delivered,2,2026-02-23 03:05:17,False,False,,,,False,,,False,,,,
ORD0000592,A000294,D000133,ADDR000359,6e5543796cf4aaca,PI000488,2090.0,0.0,,grocery,2026-02-20 18:12:13,delivered,2,2026-02-23 18:12:13,False,False,,,,False,,,False,,,,
ORD0000593,A000295,D001188,ADDR000048,90a11393b2f77056,PI001249,7210.0,0.0,,electronics,2026-02-04 21:44:48,delivered,2,2026-02-05 21:44:48,False,False,,,,False,,,False,,,,
ORD0000594,A000295,D001188,ADDR000048,90a11393b2f77056,PI001249,2230.0,0.0,,home,2026-01-29 11:09:49,delivered,1,2026-01-30 11:09:49,False,False,,,,False,,,False,,,,
ORD0000595,A000295,D000595,ADDR000048,90a11393b2f77056,PI001249,2890.0,0.0,,grocery,2026-02-13 07:41:23,delivered,1,2026-02-15 07:41:23,False,False,,,,False,,,False,,,,
ORD0000596,A000296,D000997,ADDR000036,25ab6074e8ae41cc,PI000371,1170.0,0.0,,books,2026-01-05 00:51:02,delivered,3,2026-01-06 00:51:02,False,False,,,,False,,,False,,,,
ORD0000597,A000296,D000038,ADDR000084,25ab6074e8ae41cc,PI000371,670.0,0.0,,grocery,2026-02-22 01:20:48,delivered,3,2026-02-25 01:20:48,False,False,,,,False,,,False,,,,
ORD0000598,A000296,D000997,ADDR000036,25ab6074e8ae41cc,PI000371,1790.0,0.0,,grocery,2026-01-07 14:12:22,delivered,2,2026-01-09 14:12:22,False,False,,,,False,,,False,,,,
ORD0000599,A000296,D000997,ADDR000036,25ab6074e8ae41cc,PI000371,640.0,0.0,,books,2026-02-15 22:55:43,delivered,1,2026-02-17 22:55:43,False,False,,,,False,,,False,,,,
ORD0000600,A000297,D001089,ADDR000390,33550e4d680162e7,PI000792,1020.0,0.0,,grocery,2026-01-13 16:55:48,delivered,2,2026-01-16 16:55:48,False,False,,,,False,,,False,,,,
ORD0000601,A000297,D001089,ADDR000390,33550e4d680162e7,PI000566,2170.0,0.0,,grocery,2026-01-20 12:36:14,delivered,1,2026-01-24 12:36:14,False,False,,,,False,,,False,,,,
ORD0000602,A000297,D000946,ADDR000390,33550e4d680162e7,PI000792,1400.0,0.0,,home,2026-01-17 10:37:13,delivered,2,2026-01-21 10:37:13,False,False,,,,False,,,False,,,,
ORD0000603,A000297,D000946,ADDR000390,33550e4d680162e7,PI000792,10240.0,0.0,,electronics,2026-02-03 18:39:28,delivered,2,2026-02-07 18:39:28,False,False,,,,False,,,False,,,,
ORD0000604,A000298,D000597,ADDR000020,17acf8881672bdd5,PI000318,2680.0,0.0,,home,2026-01-31 01:40:14,delivered,3,2026-02-03 01:40:14,False,False,,,,False,,,False,,,,
ORD0000605,A000299,D000472,ADDR000495,79f86f4875c06871,PI000805,980.0,0.0,,grocery,2026-02-08 09:40:39,delivered,3,2026-02-12 09:40:39,False,False,,,,False,,,False,,,,
ORD0000606,A000299,D000861,ADDR000495,79f86f4875c06871,PI000805,3050.0,0.0,,fashion,2026-01-20 11:56:48,delivered,2,2026-01-24 11:56:48,False,False,,,,False,,,False,,,,
ORD0000607,A000299,D000472,ADDR000495,79f86f4875c06871,PI000805,3930.0,0.0,,toys,2026-02-27 11:43:56,delivered,3,2026-03-02 11:43:56,False,False,,,,False,,,False,,,,
ORD0000608,A000300,D000726,ADDR000292,8288f1693e885485,PI000371,1380.0,0.0,,books,2026-02-06 10:46:42,delivered,3,2026-02-08 10:46:42,False,False,,,,False,,,False,,,,
ORD0000609,A000300,D000726,ADDR000292,8288f1693e885485,PI000371,14660.0,0.0,,electronics,2026-02-27 06:30:18,delivered,1,2026-03-02 06:30:18,False,False,,,,False,,,False,,,,
ORD0000610,A000301,D000726,ADDR000585,cee3f3e0cd4975d9,PI001051,1220.0,0.0,,toys,2026-01-08 23:24:38,delivered,1,2026-01-09 23:24:38,False,False,,,,False,,,False,,,,
ORD0000611,A000301,D000726,ADDR000237,cee3f3e0cd4975d9,PI001051,1790.0,140.44,,toys,2026-01-03 10:05:08,delivered,3,2026-01-07 10:05:08,False,False,,,,False,,,False,,,,
ORD0000612,A000301,D000726,ADDR000237,cee3f3e0cd4975d9,PI001051,15510.0,4742.0,RARE_801,electronics,2026-01-28 10:00:51,delivered,2,2026-02-01 10:00:51,False,False,,,,False,,,False,,,,
ORD0000613,A000301,D000183,ADDR000237,cee3f3e0cd4975d9,PI001051,1020.0,0.0,,grocery,2026-01-20 13:27:07,delivered,3,2026-01-21 13:27:07,False,False,,,,False,,,False,,,,
ORD0000614,A000302,D000520,ADDR000534,5e46e339712f1c6f,PI001285,4680.0,0.0,,fashion,2026-01-31 21:49:08,delivered,1,2026-02-02 21:49:08,False,False,,,,False,,,False,,,,
ORD0000615,A000305,D001084,ADDR000537,b32a52cfd37e3d50,PI000263,18960.0,1880.09,,electronics,2026-02-15 22:24:26,delivered,3,2026-02-16 22:24:26,False,False,,,,False,,,False,,,,
ORD0000616,A000305,D001084,ADDR000537,b32a52cfd37e3d50,PI000263,15130.0,0.0,,electronics,2026-01-30 11:22:54,delivered,2,2026-01-31 11:22:54,False,False,,,,False,,,False,,,,
ORD0000617,A000305,D001084,ADDR000537,b32a52cfd37e3d50,PI000263,2600.0,0.0,,fashion,2026-02-28 03:47:24,delivered,2,2026-03-01 03:47:24,False,False,,,,False,,,False,,,,
ORD0000618,A000306,D000307,ADDR000555,255f2453d09304ed,PI001148,12810.0,0.0,,electronics,2026-02-25 17:55:43,delivered,3,2026-02-26 17:55:43,False,False,,,,False,,,False,,,,
ORD0000619,A000306,D000307,ADDR000515,255f2453d09304ed,PI001148,4000.0,0.0,,fashion,2026-01-12 04:33:32,delivered,1,2026-01-14 04:33:32,False,False,,,,False,,,False,,,,
ORD0000620,A000307,D000223,ADDR000305,ef132e9e7faab419,PI001357,11630.0,0.0,,electronics,2026-02-26 21:27:25,delivered,3,2026-02-28 21:27:25,False,False,,,,False,,,False,,,,
ORD0000621,A000308,D000360,ADDR000099,50dd32bb7000a694,PI000342,560.0,0.0,,grocery,2026-02-17 16:41:17,delivered,3,2026-02-19 16:41:17,False,False,,,,False,,,False,,,,
ORD0000622,A000308,D000425,ADDR000099,50dd32bb7000a694,PI000342,3360.0,410.24,,toys,2026-01-25 02:32:05,delivered,3,2026-01-28 02:32:05,False,False,,,,False,,,False,,,,
ORD0000623,A000309,D000437,ADDR000333,164497b6ff053c06,PI000779,3160.0,0.0,,fashion,2026-01-28 14:48:42,delivered,2,2026-02-01 14:48:42,False,False,,,,False,,,False,,,,
ORD0000624,A000311,D000609,ADDR000237,772ebcd0c054edce,PI000870,2360.0,0.0,,fashion,2026-02-27 22:07:10,delivered,3,2026-03-01 22:07:10,False,False,,,,False,,,False,,,,
ORD0000625,A000311,D000554,ADDR000237,772ebcd0c054edce,PI000870,1170.0,0.0,,fashion,2026-02-15 20:40:57,delivered,3,2026-02-18 20:40:57,False,False,,,,False,,,False,,,,
ORD0000626,A000315,D000080,ADDR000122,c51932f616c667e4,PI001114,2460.0,0.0,,fashion,2026-02-01 06:52:22,delivered,1,2026-02-04 06:52:22,False,False,,,,False,,,False,,,,
ORD0000627,A000316,D000613,ADDR000548,fae80207fa731ff7,PI000714,880.0,0.0,,grocery,2026-02-26 07:06:41,delivered,1,2026-03-01 07:06:41,False,False,,,,False,,,False,,,,
ORD0000628,A000317,D000997,ADDR000537,4d478ab5292ba827,PI001293,1830.0,0.0,,grocery,2026-02-03 07:59:53,delivered,3,2026-02-04 07:59:53,False,False,,,,False,,,False,,,,
ORD0000629,A000317,D000997,ADDR000537,4d478ab5292ba827,PI000612,6600.0,736.73,,electronics,2026-01-17 13:44:16,delivered,1,2026-01-21 13:44:16,False,False,,,,False,,,False,,,,
ORD0000630,A000317,D000997,ADDR000537,4d478ab5292ba827,PI001293,1660.0,0.0,,fashion,2026-01-18 10:31:48,pending,2,,False,False,,,,False,,,False,,,,
ORD0000631,A000317,D000997,ADDR000537,4d478ab5292ba827,PI001293,13720.0,0.0,,electronics,2026-02-28 07:52:47,delivered,3,2026-03-01 07:52:47,False,False,,,,False,,,False,,,,
ORD0000632,A000317,D000997,ADDR000537,4d478ab5292ba827,PI000612,10110.0,0.0,,electronics,2026-01-16 02:43:56,delivered,1,2026-01-19 02:43:56,False,False,,,,False,,,False,,,,
ORD0000633,A000317,D000997,ADDR000537,4d478ab5292ba827,PI000612,16420.0,0.0,,electronics,2026-01-17 01:16:28,delivered,1,2026-01-18 01:16:28,False,False,,,,False,,,False,,,,
ORD0000634,A000319,D000325,ADDR000146,dfaf01c0860210f5,PI000609,19950.0,0.0,,electronics,2026-02-03 19:11:28,delivered,1,2026-02-07 19:11:28,False,False,,,,False,,,False,,,,
ORD0000635,A000320,D001032,ADDR000160,17c013f42fd9cc82,PI000064,2360.0,166.24,,grocery,2026-02-18 08:02:36,delivered,3,2026-02-20 08:02:36,False,False,,,,False,,,False,,,,
ORD0000636,A000322,D000575,ADDR000188,53d0515458153ee2,PI000060,1670.0,0.0,,grocery,2026-01-18 20:45:52,delivered,2,2026-01-21 20:45:52,False,False,,,,False,,,False,,,,
ORD0000637,A000322,D000136,ADDR000188,53d0515458153ee2,PI001198,880.0,0.0,,books,2026-01-28 08:59:12,delivered,1,2026-01-30 08:59:12,False,False,,,,False,,,False,,,,
ORD0000638,A000324,D000459,ADDR000270,2add92f5f847d6da,PI000105,3560.0,338.84,,toys,2026-02-07 15:31:29,delivered,2,2026-02-11 15:31:29,False,False,,,,False,,,False,,,,
ORD0000639,A000324,D000459,ADDR000270,2add92f5f847d6da,PI000105,4520.0,0.0,,home,2026-02-26 22:54:31,delivered,2,2026-02-28 22:54:31,False,False,,,,False,,,False,,,,
ORD0000640,A000325,D000638,ADDR000138,b1d6cf1ecfe92b4f,PI001263,1370.0,0.0,,fashion,2026-02-05 02:39:05,delivered,3,2026-02-08 02:39:05,False,False,,,,False,,,False,,,,
ORD0000641,A000326,D000593,ADDR000009,dec2eeac78975ed6,PI000295,730.0,0.0,,books,2026-01-28 20:38:11,delivered,3,2026-01-31 20:38:11,False,False,,,,False,,,False,,,,
ORD0000642,A000326,D001114,ADDR000009,dec2eeac78975ed6,PI000808,5610.0,0.0,,home,2026-01-29 00:10:20,delivered,1,2026-02-01 00:10:20,False,False,,,,False,,,False,,,,
ORD0000643,A000326,D001114,ADDR000009,dec2eeac78975ed6,PI000295,4900.0,0.0,,fashion,2026-02-25 02:08:36,delivered,1,2026-03-01 02:08:36,False,False,,,,False,,,False,,,,
ORD0000644,A000326,D001114,ADDR000009,dec2eeac78975ed6,PI000295,5210.0,0.0,,home,2026-01-29 14:10:16,delivered,2,2026-01-30 14:10:16,False,False,,,,False,,,False,,,,
ORD0000645,A000328,D000523,ADDR000004,2e08ff5faf6bc297,PI001261,4690.0,485.08,,home,2026-01-18 18:47:43,delivered,1,2026-01-20 18:47:43,False,False,,,,False,,,False,,,,
ORD0000646,A000329,D000906,ADDR000324,81294a945120dc8b,PI000375,2400.0,0.0,,electronics,2026-02-25 12:40:34,delivered,1,2026-03-01 12:40:34,False,False,,,,False,,,False,,,,
ORD0000647,A000331,D000649,ADDR000243,0ff4a5d5cc4ea821,PI000182,1740.0,0.0,,books,2026-02-22 00:30:15,delivered,2,2026-02-23 00:30:15,False,False,,,,False,,,False,,,,
ORD0000648,A000331,D000507,ADDR000266,0ff4a5d5cc4ea821,PI000182,1790.0,0.0,,home,2026-02-15 09:01:25,delivered,2,2026-02-17 09:01:25,False,False,,,,False,,,False,,,,
ORD0000649,A000332,D000298,ADDR000489,d7fe4ab5441c0c1e,PI000937,980.0,73.45,,fashion,2026-02-16 12:58:56,delivered,2,2026-02-19 12:58:56,False,False,,,,False,,,False,,,,
ORD0000650,A000332,D000298,ADDR000489,d7fe4ab5441c0c1e,PI000371,4440.0,0.0,,fashion,2026-02-19 12:13:32,failed,2,,True,False,,,,False,,,False,,,,
ORD0000651,A000333,D000277,ADDR000357,e1caae22d1adb4a9,PI000371,1840.0,0.0,,books,2026-02-27 17:43:37,delivered,1,2026-03-01 17:43:37,False,False,,,,False,,,False,,,,
ORD0000652,A000333,D000277,ADDR000146,e1caae22d1adb4a9,PI000371,1400.0,0.0,,books,2026-02-12 05:33:32,delivered,1,2026-02-13 05:33:32,False,False,,,,False,,,False,,,,
ORD0000653,A000333,D000277,ADDR000146,e1caae22d1adb4a9,PI000371,1780.0,147.2,,fashion,2026-02-03 08:55:59,delivered,2,2026-02-06 08:55:59,False,False,,,,False,,,False,,,,
ORD0000654,A000334,D000817,ADDR000224,33550e4d680162e7,PI000370,2430.0,0.0,,home,2026-01-24 20:52:33,delivered,3,2026-01-25 20:52:33,False,False,,,,False,,,False,,,,
ORD0000655,A000335,D000776,ADDR000375,9d5aef775e22a405,PI001161,930.0,0.0,,grocery,2026-01-27 14:01:42,failed,1,,True,False,,,,False,,,False,,,,
ORD0000656,A000335,D000776,ADDR000375,9d5aef775e22a405,PI001161,11020.0,0.0,,electronics,2026-02-19 03:59:15,delivered,3,2026-02-21 03:59:15,False,False,,,,False,,,False,,,,
ORD0000657,A000335,D000916,ADDR000375,9d5aef775e22a405,PI001161,4540.0,338.99,,home,2026-01-27 20:30:48,pending,2,,False,False,,,,False,,,False,,,,
ORD0000658,A000337,D000942,ADDR000195,f59a5c6df4fe93f8,PI000885,17370.0,1267.54,,electronics,2026-02-04 06:20:02,delivered,2,2026-02-06 06:20:02,False,False,,,,False,,,False,,,,
ORD0000659,A000337,D000942,ADDR000195,f59a5c6df4fe93f8,PI000885,4770.0,0.0,,fashion,2026-02-08 07:36:12,delivered,2,2026-02-12 07:36:12,False,False,,,,False,,,False,,,,
ORD0000660,A000338,D000193,ADDR000050,143484f19a0b1fdf,PI001352,3900.0,515.09,,home,2026-02-04 13:12:13,delivered,2,2026-02-08 13:12:13,False,False,,,,False,,,False,,,,
ORD0000661,A000339,D000781,ADDR000375,cf841ef27ddfe0ff,PI000013,3710.0,556.32,,fashion,2026-02-20 03:04:42,delivered,1,2026-02-24 03:04:42,False,False,,,,False,,,False,,,,
ORD0000662,A000340,D000209,ADDR000219,067375e62af237f3,PI000655,400.0,0.0,,books,2026-01-08 16:21:48,delivered,2,2026-01-09 16:21:48,False,False,,,,False,,,False,,,,
ORD0000663,A000342,D000827,ADDR000585,cee3f3e0cd4975d9,PI000195,1710.0,0.0,,grocery,2026-02-23 21:08:27,delivered,2,2026-02-26 21:08:27,False,False,,,,False,,,False,,,,
ORD0000664,A000342,D001032,ADDR000585,cee3f3e0cd4975d9,PI000195,310.0,0.0,,books,2026-02-06 19:05:38,delivered,1,2026-02-08 19:05:38,False,False,,,,False,,,False,,,,
ORD0000665,A000342,D000827,ADDR000585,cee3f3e0cd4975d9,PI000195,3290.0,0.0,,home,2026-01-10 04:15:53,delivered,3,2026-01-14 04:15:53,False,False,,,,False,,,False,,,,
ORD0000666,A000342,D001032,ADDR000585,cee3f3e0cd4975d9,PI000195,1660.0,0.0,,fashion,2026-02-05 23:13:19,delivered,1,2026-02-06 23:13:19,False,False,,,,False,,,False,,,,
ORD0000667,A000342,D000827,ADDR000585,cee3f3e0cd4975d9,PI000195,1100.0,0.0,,toys,2026-01-04 17:02:53,failed,1,,True,False,,,,False,,,False,,,,
ORD0000668,A000343,D000927,ADDR000364,be9a87c675039f4a,PI000770,2780.0,271.61,,home,2026-02-25 16:33:03,delivered,3,2026-03-01 16:33:03,False,False,,,,False,,,False,,,,
ORD0000669,A000343,D000927,ADDR000364,be9a87c675039f4a,PI000825,3480.0,0.0,,fashion,2026-01-27 19:55:15,delivered,1,2026-01-30 19:55:15,False,False,,,,False,,,False,,,,
ORD0000670,A000343,D000927,ADDR000364,be9a87c675039f4a,PI000825,980.0,0.0,,books,2026-01-26 11:46:05,delivered,2,2026-01-29 11:46:05,False,False,,,,False,,,False,,,,
ORD0000671,A000343,D000927,ADDR000364,be9a87c675039f4a,PI000825,410.0,0.0,,grocery,2026-02-23 06:55:47,delivered,1,2026-02-27 06:55:47,False,False,,,,False,,,False,,,,
ORD0000672,A000343,D000927,ADDR000364,be9a87c675039f4a,PI000770,2690.0,0.0,,grocery,2026-02-18 23:30:37,delivered,1,2026-02-22 23:30:37,False,False,,,,False,,,False,,,,
ORD0000673,A000344,D000227,ADDR000296,73afe270492b086c,PI001348,930.0,57.88,,grocery,2026-02-25 18:29:44,delivered,2,2026-03-01 18:29:44,False,False,,,,False,,,False,,,,
ORD0000674,A000345,D000068,ADDR000364,e0cd80396136975f,PI000250,1330.0,0.0,,books,2026-01-12 00:25:43,delivered,2,2026-01-15 00:25:43,False,False,,,,False,,,False,,,,
ORD0000675,A000347,D000725,ADDR000296,ee76da8d2094205d,PI001224,1180.0,152.94,,books,2026-02-14 05:21:11,delivered,2,2026-02-17 05:21:11,False,False,,,,False,,,False,,,,
ORD0000676,A000348,D001197,ADDR000305,8bacf82c2ba94ea0,PI000428,8600.0,0.0,,electronics,2026-01-25 05:05:18,delivered,1,2026-01-28 05:05:18,False,False,,,,False,,,False,,,,
ORD0000677,A000348,D001197,ADDR000305,8bacf82c2ba94ea0,PI000428,870.0,0.0,,fashion,2026-01-28 17:35:57,pending,1,,False,False,,,,False,,,False,,,,
ORD0000678,A000349,D000281,ADDR000210,999459a54b0d5657,PI000294,4180.0,407.9,,fashion,2026-02-11 10:19:40,delivered,1,2026-02-14 10:19:40,False,False,,,,False,,,False,,,,
ORD0000679,A000349,D000281,ADDR000100,999459a54b0d5657,PI000294,1240.0,0.0,,grocery,2026-01-07 14:07:43,failed,1,,True,False,,,,False,,,False,,,,
ORD0000680,A000350,D001136,ADDR000308,17acf8881672bdd5,PI000005,1600.0,0.0,,home,2026-01-18 10:24:59,delivered,3,2026-01-21 10:24:59,False,False,,,,False,,,False,,,,
ORD0000681,A000350,D000073,ADDR000308,17acf8881672bdd5,PI000005,4360.0,0.0,,fashion,2026-01-26 10:01:43,delivered,2,2026-01-29 10:01:43,False,False,,,,False,,,False,,,,
ORD0000682,A000351,D000734,ADDR000006,3569287832065b14,PI000251,890.0,0.0,,fashion,2026-02-04 10:56:28,delivered,1,2026-02-08 10:56:28,False,False,,,,False,,,False,,,,
ORD0000683,A000352,D000183,ADDR000033,b588c987dd1cf2f2,PI000857,1880.0,0.0,,grocery,2026-01-22 20:59:15,failed,1,,True,False,,,,False,,,False,,,,
ORD0000684,A000353,D000048,ADDR000561,6836fee44b4e8510,PI000609,6260.0,0.0,,home,2026-02-15 02:06:02,delivered,3,2026-02-17 02:06:02,False,False,,,,False,,,False,,,,
ORD0000685,A000355,D001188,ADDR000135,fe43724647ee0f7d,PI000446,1210.0,413.63,RARE_850,toys,2026-02-12 20:39:20,delivered,1,2026-02-14 20:39:20,False,False,,,,False,,,False,,,,
ORD0000686,A000355,D001188,ADDR000135,fe43724647ee0f7d,PI000446,1560.0,0.0,,fashion,2026-02-03 10:37:57,delivered,1,2026-02-05 10:37:57,False,False,,,,False,,,False,,,,
ORD0000687,A000355,D001188,ADDR000135,fe43724647ee0f7d,PI001126,3570.0,0.0,,electronics,2026-02-25 08:49:19,delivered,1,2026-02-27 08:49:19,False,False,,,,False,,,False,,,,
ORD0000688,A000355,D000416,ADDR000135,fe43724647ee0f7d,PI001126,2120.0,0.0,,grocery,2026-01-23 03:07:40,delivered,1,2026-01-26 03:07:40,False,False,,,,False,,,False,,,,
ORD0000689,A000356,D001131,ADDR000540,6d72778659e23f8b,PI000920,4370.0,628.11,,home,2026-01-13 18:39:20,failed,1,,True,False,,,,False,,,False,,,,
ORD0000690,A000357,D000537,ADDR000054,90a11393b2f77056,PI000863,930.0,0.0,,toys,2026-01-07 07:42:47,delivered,3,2026-01-10 07:42:47,False,False,,,,False,,,False,,,,
ORD0000691,A000357,D000537,ADDR000054,90a11393b2f77056,PI000863,2240.0,0.0,,grocery,2026-01-22 10:36:48,delivered,2,2026-01-25 10:36:48,False,False,,,,False,,,False,,,,
ORD0000692,A000358,D000141,ADDR000121,013ac901d668fae2,PI000182,1740.0,0.0,,fashion,2026-02-06 15:56:10,pending,1,,False,False,,,,False,,,False,,,,
ORD0000693,A000358,D001049,ADDR000121,013ac901d668fae2,PI000182,2540.0,0.0,,fashion,2026-02-27 20:27:31,delivered,3,2026-03-02 20:27:31,False,False,,,,False,,,False,,,,
ORD0000694,A000358,D000141,ADDR000121,013ac901d668fae2,PI000483,2740.0,0.0,,grocery,2026-01-15 10:15:18,delivered,3,2026-01-17 10:15:18,False,False,,,,False,,,False,,,,
ORD0000695,A000358,D000141,ADDR000121,013ac901d668fae2,PI000483,2900.0,0.0,,grocery,2026-02-08 11:23:55,delivered,3,2026-02-10 11:23:55,False,False,,,,False,,,False,,,,
ORD0000696,A000358,D000141,ADDR000249,013ac901d668fae2,PI000483,2700.0,167.18,,grocery,2026-02-21 14:02:29,delivered,3,2026-02-23 14:02:29,False,False,,,,False,,,False,,,,
ORD0000697,A000358,D001049,ADDR000121,013ac901d668fae2,PI000182,680.0,58.26,,grocery,2026-01-27 15:19:21,delivered,3,2026-01-29 15:19:21,False,False,,,,False,,,False,,,,
ORD0000698,A000358,D000141,ADDR000121,013ac901d668fae2,PI000182,560.0,0.0,,grocery,2026-02-13 20:18:01,delivered,2,2026-02-16 20:18:01,False,False,,,,False,,,False,,,,
ORD0000699,A000358,D000141,ADDR000249,013ac901d668fae2,PI000483,3760.0,399.02,,fashion,2026-02-18 16:58:32,delivered,3,2026-02-19 16:58:32,False,False,,,,False,,,False,,,,
ORD0000700,A000358,D000141,ADDR000249,013ac901d668fae2,PI000182,6500.0,952.63,,home,2026-02-17 23:01:46,delivered,3,2026-02-19 23:01:46,False,False,,,,False,,,False,,,,
ORD0000701,A000358,D000141,ADDR000121,013ac901d668fae2,PI000483,2460.0,0.0,,grocery,2026-02-12 03:23:47,delivered,3,2026-02-13 03:23:47,False,False,,,,False,,,False,,,,
ORD0000702,A000359,D000595,ADDR000237,34e2e0b7e1cacee2,PI001377,1920.0,183.26,,grocery,2026-02-02 17:13:47,delivered,1,2026-02-03 17:13:47,False,False,,,,False,,,False,,,,
ORD0000703,A000359,D000595,ADDR000237,34e2e0b7e1cacee2,PI000335,11510.0,581.83,,electronics,2026-02-05 20:12:23,delivered,1,2026-02-08 20:12:23,False,False,,,,False,,,False,,,,
ORD0000704,A000359,D000595,ADDR000051,34e2e0b7e1cacee2,PI001377,8870.0,0.0,,electronics,2026-02-02 08:16:36,delivered,3,2026-02-05 08:16:36,False,False,,,,False,,,False,,,,
ORD0000705,A000359,D000595,ADDR000051,34e2e0b7e1cacee2,PI001377,1210.0,0.0,,grocery,2026-02-18 12:51:10,delivered,2,2026-02-20 12:51:10,False,False,,,,False,,,False,,,,
ORD0000706,A000360,D000734,ADDR000126,0c82c0d6d586a733,PI000295,13270.0,0.0,,electronics,2026-02-12 20:38:29,delivered,3,2026-02-13 20:38:29,False,False,,,,False,,,False,,,,
ORD0000707,A000362,D000114,ADDR000123,93bd9b100d4cbbf1,PI000160,9730.0,0.0,,electronics,2026-02-28 12:58:18,delivered,1,2026-03-04 12:58:18,False,False,,,,False,,,False,,,,
ORD0000708,A000362,D000114,ADDR000123,93bd9b100d4cbbf1,PI000805,2650.0,0.0,,fashion,2026-02-14 03:03:50,delivered,1,2026-02-15 03:03:50,False,False,,,,False,,,False,,,,
ORD0000709,A000362,D000114,ADDR000123,93bd9b100d4cbbf1,PI000160,880.0,0.0,,books,2026-02-06 22:54:39,pending,1,,False,False,,,,False,,,False,,,,
ORD0000710,A000363,D000361,ADDR000471,f3746c6243952915,PI000468,7120.0,953.29,,electronics,2026-02-28 19:15:05,delivered,3,2026-03-04 19:15:05,False,False,,,,False,,,False,,,,
ORD0000711,A000363,D000361,ADDR000471,f3746c6243952915,PI000468,5430.0,0.0,,home,2026-02-27 03:18:04,delivered,1,2026-02-28 03:18:04,False,False,,,,False,,,False,,,,
ORD0000712,A000364,D000998,ADDR000169,9f86a21a1d072f6b,PI001043,2230.0,0.0,,fashion,2026-02-23 08:40:57,delivered,1,2026-02-27 08:40:57,False,False,,,,False,,,False,,,,
ORD0000713,A000364,D000998,ADDR000169,9f86a21a1d072f6b,PI001043,2950.0,0.0,,grocery,2026-01-26 23:49:08,delivered,3,2026-01-29 23:49:08,False,False,,,,False,,,False,,,,
ORD0000714,A000364,D000219,ADDR000169,9f86a21a1d072f6b,PI001043,5090.0,0.0,,home,2026-02-13 22:00:11,delivered,3,2026-02-16 22:00:11,False,False,,,,False,,,False,,,,
ORD0000715,A000364,D000219,ADDR000169,9f86a21a1d072f6b,PI001043,7210.0,0.0,,home,2026-02-07 16:04:35,delivered,2,2026-02-08 16:04:35,False,False,,,,False,,,False,,,,
ORD0000716,A000365,D000827,ADDR000534,25ab6074e8ae41cc,PI000645,2740.0,0.0,,fashion,2026-02-01 11:52:47,delivered,1,2026-02-04 11:52:47,False,False,,,,False,,,False,,,,
ORD0000717,A000365,D000827,ADDR000534,25ab6074e8ae41cc,PI000645,1460.0,0.0,,fashion,2026-02-19 15:12:05,delivered,1,2026-02-21 15:12:05,False,False,,,,False,,,False,,,,
ORD0000718,A000365,D000827,ADDR000534,25ab6074e8ae41cc,PI000645,2030.0,0.0,,home,2026-02-21 22:51:55,delivered,1,2026-02-23 22:51:55,False,False,,,,False,,,False,,,,
ORD0000719,A000365,D000827,ADDR000534,25ab6074e8ae41cc,PI000645,4910.0,1776.16,RARE_855,home,2026-01-22 08:59:28,delivered,2,2026-01-25 08:59:28,False,False,,,,False,,,False,,,,
ORD0000720,A000365,D000827,ADDR000534,25ab6074e8ae41cc,PI000645,4810.0,0.0,,fashion,2026-02-22 12:21:49,delivered,2,2026-02-24 12:21:49,False,False,,,,False,,,False,,,,
ORD0000721,A000366,D001090,ADDR000084,2d5e9401a78552a5,PI000114,2290.0,0.0,,grocery,2026-01-11 15:45:25,delivered,1,2026-01-13 15:45:25,False,False,,,,False,,,False,,,,
ORD0000722,A000366,D001090,ADDR000084,2d5e9401a78552a5,PI000114,2550.0,0.0,,toys,2026-02-27 10:37:37,delivered,2,2026-03-01 10:37:37,False,False,,,,False,,,False,,,,
ORD0000723,A000366,D001090,ADDR000084,2d5e9401a78552a5,PI000114,8420.0,0.0,,electronics,2026-01-23 19:15:23,delivered,1,2026-01-26 19:15:23,False,False,,,,False,,,False,,,,
ORD0000724,A000367,D000807,ADDR000250,e49cc1bbf749b92d,PI000791,660.0,0.0,,books,2026-01-19 15:29:20,delivered,2,2026-01-22 15:29:20,False,False,,,,False,,,False,,,,
ORD0000725,A000368,D000595,ADDR000278,c14798ce2ca0bd72,PI001293,4600.0,0.0,,home,2026-02-07 17:28:01,delivered,3,2026-02-10 17:28:01,False,False,,,,False,,,False,,,,
ORD0000726,A000368,D000595,ADDR000278,c14798ce2ca0bd72,PI001293,1480.0,0.0,,home,2026-02-22 10:12:22,delivered,1,2026-02-23 10:12:22,False,False,,,,False,,,False,,,,
ORD0000727,A000371,D000881,ADDR000540,589db8e7e286278c,PI000105,4080.0,0.0,,fashion,2026-02-07 08:15:14,delivered,3,2026-02-09 08:15:14,False,False,,,,False,,,False,,,,
ORD0000728,A000371,D000881,ADDR000540,589db8e7e286278c,PI000105,2740.0,264.53,,fashion,2026-02-06 11:36:23,failed,2,,True,False,,,,False,,,False,,,,
ORD0000729,A000372,D001052,ADDR000292,86e1657028ee069a,PI000745,2070.0,0.0,,toys,2026-02-08 09:23:43,delivered,3,2026-02-12 09:23:43,False,False,,,,False,,,False,,,,
ORD0000730,A000372,D001052,ADDR000292,86e1657028ee069a,PI000745,870.0,0.0,,grocery,2026-02-23 18:40:15,delivered,3,2026-02-24 18:40:15,False,False,,,,False,,,False,,,,
ORD0000731,A000372,D001052,ADDR000292,86e1657028ee069a,PI000745,2700.0,0.0,,toys,2026-02-08 17:26:49,delivered,3,2026-02-11 17:26:49,False,False,,,,False,,,False,,,,
ORD0000732,A000373,D000599,ADDR000400,5e46e339712f1c6f,PI000045,960.0,124.55,,toys,2026-02-19 08:20:17,delivered,2,2026-02-21 08:20:17,False,False,,,,False,,,False,,,,
ORD0000733,A000373,D000599,ADDR000371,5e46e339712f1c6f,PI000045,1660.0,106.98,,fashion,2026-01-25 20:51:47,delivered,2,2026-01-27 20:51:47,False,False,,,,False,,,False,,,,
ORD0000734,A000373,D000599,ADDR000371,5e46e339712f1c6f,PI000045,14370.0,1642.61,,electronics,2026-02-13 22:27:18,delivered,2,2026-02-17 22:27:18,False,False,,,,False,,,False,,,,
ORD0000735,A000373,D000599,ADDR000400,5e46e339712f1c6f,PI000045,1220.0,0.0,,grocery,2026-02-23 22:05:49,delivered,3,2026-02-26 22:05:49,False,False,,,,False,,,False,,,,
ORD0000736,A000374,D000297,ADDR000414,14032ac9be6ccb12,PI000782,240.0,0.0,,books,2026-01-17 15:07:44,delivered,1,2026-01-21 15:07:44,False,False,,,,False,,,False,,,,
ORD0000737,A000375,D001159,ADDR000190,4699f8e8e1ab69ab,PI000609,4940.0,564.34,,home,2026-01-26 19:45:42,delivered,1,2026-01-28 19:45:42,False,False,,,,False,,,False,,,,
ORD0000738,A000375,D001159,ADDR000190,4699f8e8e1ab69ab,PI000609,2740.0,0.0,,grocery,2026-02-11 17:47:20,delivered,1,2026-02-12 17:47:20,False,False,,,,False,,,False,,,,
ORD0000739,A000375,D001159,ADDR000190,4699f8e8e1ab69ab,PI000609,350.0,0.0,,grocery,2026-01-24 09:03:37,delivered,1,2026-01-26 09:03:37,False,False,,,,False,,,False,,,,
ORD0000740,A000375,D001159,ADDR000190,4699f8e8e1ab69ab,PI000609,950.0,102.16,,fashion,2026-01-12 07:20:07,delivered,2,2026-01-16 07:20:07,False,False,,,,False,,,False,,,,
ORD0000741,A000375,D001159,ADDR000210,4699f8e8e1ab69ab,PI000609,2300.0,0.0,,electronics,2026-02-13 20:34:22,delivered,3,2026-02-15 20:34:22,False,False,,,,False,,,False,,,,
ORD0000742,A000376,D000974,ADDR000400,067375e62af237f3,PI001114,740.0,0.0,,books,2026-02-07 10:20:49,delivered,2,2026-02-09 10:20:49,False,False,,,,False,,,False,,,,
ORD0000743,A000377,D000788,ADDR000579,24c132ddd7a43905,PI000493,3920.0,0.0,,home,2026-01-24 14:36:20,delivered,2,2026-01-27 14:36:20,False,False,,,,False,,,False,,,,
ORD0000744,A000377,D000788,ADDR000579,24c132ddd7a43905,PI000493,4400.0,0.0,,electronics,2026-01-30 07:16:46,delivered,3,2026-01-31 07:16:46,False,False,,,,False,,,False,,,,
ORD0000745,A000378,D000551,ADDR000217,86f95e2a08afaa18,PI001154,3120.0,0.0,,toys,2026-01-19 08:45:03,delivered,3,2026-01-22 08:45:03,False,False,,,,False,,,False,,,,
ORD0000746,A000378,D000551,ADDR000217,86f95e2a08afaa18,PI001154,15270.0,0.0,,electronics,2026-01-30 23:30:25,delivered,3,2026-02-01 23:30:25,False,False,,,,False,,,False,,,,
ORD0000747,A000378,D000905,ADDR000217,86f95e2a08afaa18,PI001154,1470.0,0.0,,books,2026-01-27 07:00:12,delivered,2,2026-01-29 07:00:12,False,False,,,,False,,,False,,,,
ORD0000748,A000379,D001090,ADDR000292,8288f1693e885485,PI000698,5470.0,0.0,,home,2026-02-08 19:39:06,delivered,3,2026-02-09 19:39:06,False,False,,,,False,,,False,,,,
ORD0000749,A000379,D001090,ADDR000292,8288f1693e885485,PI001249,2300.0,317.41,,fashion,2026-01-29 22:55:40,delivered,3,2026-02-02 22:55:40,False,False,,,,False,,,False,,,,
ORD0000750,A000379,D001090,ADDR000292,8288f1693e885485,PI000698,15270.0,0.0,,electronics,2026-01-11 12:22:40,delivered,2,2026-01-14 12:22:40,False,False,,,,False,,,False,,,,
ORD0000751,A000380,D000583,ADDR000189,cb3c66a5c44edbea,PI001272,4810.0,0.0,,home,2026-01-30 08:25:03,delivered,2,2026-02-01 08:25:03,False,False,,,,False,,,False,,,,
ORD0000752,A000380,D000583,ADDR000189,cb3c66a5c44edbea,PI001272,19150.0,0.0,,electronics,2026-02-14 17:50:09,delivered,3,2026-02-18 17:50:09,False,False,,,,False,,,False,,,,
ORD0000753,A000380,D000583,ADDR000189,cb3c66a5c44edbea,PI000213,4950.0,0.0,,fashion,2026-02-15 13:22:52,delivered,2,2026-02-19 13:22:52,False,False,,,,False,,,False,,,,
ORD0000754,A000381,D000459,ADDR000146,0ff4a5d5cc4ea821,PI001270,3060.0,0.0,,home,2026-01-29 10:05:45,delivered,1,2026-01-31 10:05:45,False,False,,,,False,,,False,,,,
ORD0000755,A000381,D000459,ADDR000146,0ff4a5d5cc4ea821,PI001039,3820.0,0.0,,toys,2026-01-20 00:21:39,delivered,3,2026-01-21 00:21:39,False,False,,,,False,,,False,,,,
ORD0000756,A000382,D000275,ADDR000412,fec0375ed260ab7e,PI000509,4930.0,0.0,,fashion,2026-01-24 14:44:10,failed,2,,True,False,,,,False,,,False,,,,
ORD0000757,A000383,D000292,ADDR000237,53d0515458153ee2,PI000750,3410.0,0.0,,fashion,2026-02-16 23:24:19,delivered,1,2026-02-17 23:24:19,False,False,,,,False,,,False,,,,
ORD0000758,A000383,D000392,ADDR000587,53d0515458153ee2,PI000750,1320.0,0.0,,fashion,2026-01-29 09:59:03,delivered,3,2026-01-30 09:59:03,False,False,,,,False,,,False,,,,
ORD0000759,A000383,D000392,ADDR000587,53d0515458153ee2,PI000750,15780.0,0.0,,electronics,2026-01-29 14:49:26,delivered,1,2026-01-30 14:49:26,False,False,,,,False,,,False,,,,
ORD0000760,A000384,D000395,ADDR000552,eabad64e3435f8d3,PI000103,1030.0,0.0,,grocery,2026-01-27 16:41:02,delivered,1,2026-01-28 16:41:02,False,False,,,,False,,,False,,,,
ORD0000761,A000384,D000395,ADDR000552,eabad64e3435f8d3,PI000103,3620.0,0.0,,fashion,2026-02-08 22:31:31,delivered,3,2026-02-12 22:31:31,False,False,,,,False,,,False,,,,
ORD0000762,A000384,D000395,ADDR000552,eabad64e3435f8d3,PI001378,3400.0,480.77,,fashion,2026-01-27 09:45:23,delivered,1,2026-01-31 09:45:23,False,False,,,,False,,,False,,,,
ORD0000763,A000384,D000395,ADDR000552,eabad64e3435f8d3,PI001378,2650.0,142.21,,fashion,2026-01-15 23:11:48,delivered,3,2026-01-16 23:11:48,False,False,,,,False,,,False,,,,
ORD0000764,A000385,D001004,ADDR000512,04d9d102a90fe26a,PI001005,880.0,0.0,,fashion,2026-02-19 16:27:47,delivered,1,2026-02-22 16:27:47,False,False,,,,False,,,False,,,,
ORD0000765,A000385,D001004,ADDR000512,04d9d102a90fe26a,PI000001,2900.0,0.0,,grocery,2026-02-22 04:05:20,failed,1,,True,False,,,,False,,,False,,,,
ORD0000766,A000387,D000133,ADDR000395,0451b36a08d93815,PI000144,1680.0,249.59,,grocery,2026-01-12 14:45:26,delivered,1,2026-01-13 14:45:26,False,False,,,,False,,,False,,,,
ORD0000767,A000387,D000998,ADDR000395,0451b36a08d93815,PI000144,1420.0,0.0,,home,2026-02-23 22:03:09,delivered,1,2026-02-26 22:03:09,False,False,,,,False,,,False,,,,
ORD0000768,A000387,D000998,ADDR000226,0451b36a08d93815,PI000144,3060.0,0.0,,home,2026-01-27 14:16:06,delivered,1,2026-01-30 14:16:06,False,False,,,,False,,,False,,,,
ORD0000769,A000389,D000205,ADDR000101,772ebcd0c054edce,PI000946,12390.0,0.0,,electronics,2026-02-08 00:31:15,delivered,3,2026-02-12 00:31:15,False,False,,,,False,,,False,,,,
ORD0000770,A000389,D000205,ADDR000101,772ebcd0c054edce,PI000946,1170.0,96.78,,fashion,2026-02-05 02:03:34,delivered,3,2026-02-06 02:03:34,False,False,,,,False,,,False,,,,
ORD0000771,A000390,D000293,ADDR000361,25ab6074e8ae41cc,PI000335,1670.0,0.0,,fashion,2026-01-20 21:29:39,delivered,1,2026-01-24 21:29:39,False,False,,,,False,,,False,,,,
ORD0000772,A000391,D000715,ADDR000162,9dbef2e840a02bb5,PI001280,1740.0,0.0,,grocery,2026-02-14 00:58:57,pending,2,,False,False,,,,False,,,False,,,,
ORD0000773,A000391,D000715,ADDR000343,9dbef2e840a02bb5,PI001280,440.0,0.0,,grocery,2026-02-04 15:22:13,failed,2,,True,False,,,,False,,,False,,,,
ORD0000774,A000391,D000715,ADDR000162,9dbef2e840a02bb5,PI001280,1840.0,0.0,,toys,2026-02-25 09:31:42,delivered,2,2026-03-01 09:31:42,False,False,,,,False,,,False,,,,
ORD0000775,A000392,D000308,ADDR000036,214827f8de300856,PI000782,2450.0,0.0,,fashion,2026-01-30 12:32:47,delivered,3,2026-01-31 12:32:47,False,False,,,,False,,,False,,,,
ORD0000776,A000392,D000308,ADDR000036,214827f8de300856,PI000782,600.0,0.0,,grocery,2026-01-20 18:26:06,delivered,2,2026-01-24 18:26:06,False,False,,,,False,,,False,,,,
ORD0000777,A000393,D000903,ADDR000300,6d72778659e23f8b,PI000042,1900.0,0.0,,fashion,2026-02-17 04:58:26,delivered,1,2026-02-18 04:58:26,False,False,,,,False,,,False,,,,
ORD0000778,A000394,D000330,ADDR000555,68463e0b2a12f38a,PI000743,1020.0,0.0,,grocery,2026-02-04 13:22:49,delivered,2,2026-02-08 13:22:49,False,False,,,,False,,,False,,,,
ORD0000779,A000394,D001199,ADDR000555,68463e0b2a12f38a,PI000743,630.0,0.0,,books,2026-02-14 04:41:32,delivered,2,2026-02-15 04:41:32,False,False,,,,False,,,False,,,,
ORD0000780,A000394,D001199,ADDR000555,68463e0b2a12f38a,PI000743,1490.0,0.0,,grocery,2026-01-22 10:26:16,delivered,3,2026-01-25 10:26:16,False,False,,,,False,,,False,,,,
ORD0000781,A000395,D000452,ADDR000098,851fd2265bfa0c88,PI000295,990.0,0.0,,fashion,2026-02-22 00:59:38,delivered,1,2026-02-26 00:59:38,False,False,,,,False,,,False,,,,
ORD0000782,A000395,D000128,ADDR000435,851fd2265bfa0c88,PI000295,3890.0,0.0,,fashion,2026-02-09 00:13:13,delivered,2,2026-02-13 00:13:13,False,False,,,,False,,,False,,,,
ORD0000783,A000396,D000782,ADDR000562,340a07633775432a,PI001357,2680.0,188.02,,fashion,2026-02-15 13:11:45,delivered,1,2026-02-16 13:11:45,False,False,,,,False,,,False,,,,
ORD0000784,A000396,D000697,ADDR000562,340a07633775432a,PI001357,1100.0,0.0,,grocery,2026-01-25 23:54:59,delivered,3,2026-01-29 23:54:59,False,False,,,,False,,,False,,,,
ORD0000785,A000396,D000782,ADDR000562,340a07633775432a,PI001357,1430.0,0.0,,books,2026-02-15 22:28:46,delivered,1,2026-02-18 22:28:46,False,False,,,,False,,,False,,,,
ORD0000786,A000397,D000726,ADDR000054,90a11393b2f77056,PI000371,4180.0,0.0,,fashion,2026-02-07 22:07:15,delivered,3,2026-02-10 22:07:15,False,False,,,,False,,,False,,,,
ORD0000787,A000397,D000726,ADDR000054,90a11393b2f77056,PI000351,1690.0,0.0,,toys,2026-02-10 20:23:49,delivered,2,2026-02-14 20:23:49,False,False,,,,False,,,False,,,,
ORD0000788,A000398,D001131,ADDR000017,787ddac7bdaf93b1,PI000256,2050.0,0.0,,grocery,2026-02-16 05:36:05,delivered,3,2026-02-19 05:36:05,False,False,,,,False,,,False,,,,
ORD0000789,A000399,D001101,ADDR000100,0ff4a5d5cc4ea821,PI001387,3340.0,0.0,,fashion,2026-02-01 22:04:31,delivered,3,2026-02-03 22:04:31,False,False,,,,False,,,False,,,,
ORD0000790,A000399,D001101,ADDR000204,0ff4a5d5cc4ea821,PI001387,920.0,0.0,,books,2026-02-01 16:05:44,delivered,3,2026-02-03 16:05:44,False,False,,,,False,,,False,,,,
ORD0000791,A000400,D000320,ADDR000494,6119013fee362a7e,PI000840,410.0,0.0,,grocery,2026-02-14 23:13:57,delivered,1,2026-02-16 23:13:57,False,False,,,,False,,,False,,,,
ORD0000792,A000401,D000929,ADDR000425,977a7854caf254cc,PI000640,18340.0,0.0,,electronics,2026-02-04 19:16:11,delivered,3,2026-02-05 19:16:11,False,False,,,,False,,,False,,,,
ORD0000793,A000403,D000132,ADDR000399,0cc4a29060a7a0be,PI000287,1050.0,0.0,,fashion,2026-01-25 04:58:54,delivered,3,2026-01-27 04:58:54,False,False,,,,False,,,False,,,,
ORD0000794,A000403,D000132,ADDR000399,0cc4a29060a7a0be,PI000287,2080.0,125.45,,grocery,2026-02-08 20:29:57,delivered,2,2026-02-12 20:29:57,False,False,,,,False,,,False,,,,
ORD0000795,A000403,D000132,ADDR000399,0cc4a29060a7a0be,PI000287,2070.0,0.0,,grocery,2026-02-20 18:58:46,failed,2,,True,False,,,,False,,,False,,,,
ORD0000796,A000403,D000132,ADDR000399,0cc4a29060a7a0be,PI000287,3750.0,436.01,,fashion,2026-02-02 12:33:15,failed,2,,True,False,,,,False,,,False,,,,
ORD0000797,A000404,D000773,ADDR000174,461dbcbb80dc24cd,PI000189,3560.0,748.28,RARE_747,toys,2026-02-03 02:45:58,pending,2,,False,False,,,,False,,,False,,,,
ORD0000798,A000406,D000427,ADDR000375,5cc96e8df5806fcc,PI000540,1100.0,0.0,,grocery,2026-02-21 16:34:37,delivered,2,2026-02-23 16:34:37,False,False,,,,False,,,False,,,,
ORD0000799,A000407,D000132,ADDR000020,a292d43126596f03,PI000566,660.0,60.32,,grocery,2026-02-06 12:19:18,delivered,2,2026-02-08 12:19:18,False,False,,,,False,,,False,,,,
ORD0000800,A000408,D000742,ADDR000514,2d5e9401a78552a5,PI001102,2970.0,0.0,,toys,2026-01-18 00:07:18,delivered,3,2026-01-19 00:07:18,False,False,,,,False,,,False,,,,
ORD0000801,A000409,D001114,ADDR000538,865d5aa63803199d,PI000017,6460.0,864.92,,electronics,2026-02-14 07:58:59,failed,2,,True,False,,,,False,,,False,,,,
ORD0000802,A000409,D001114,ADDR000538,865d5aa63803199d,PI000017,3680.0,525.11,,fashion,2026-02-26 00:11:36,failed,1,,True,False,,,,False,,,False,,,,
ORD0000803,A000410,D000869,ADDR000094,e9fd45bfd35067a3,PI000062,3590.0,0.0,,fashion,2026-02-10 16:15:23,delivered,3,2026-02-14 16:15:23,False,False,,,,False,,,False,,,,
ORD0000804,A000410,D000869,ADDR000094,e9fd45bfd35067a3,PI000062,1140.0,0.0,,home,2026-01-25 17:40:30,delivered,2,2026-01-28 17:40:30,False,False,,,,False,,,False,,,,
ORD0000805,A000410,D000869,ADDR000430,e9fd45bfd35067a3,PI000062,2450.0,0.0,,toys,2026-02-14 12:05:05,delivered,1,2026-02-17 12:05:05,False,False,,,,False,,,False,,,,
ORD0000806,A000410,D000869,ADDR000094,e9fd45bfd35067a3,PI000114,2250.0,0.0,,home,2026-02-02 07:09:39,delivered,2,2026-02-05 07:09:39,False,False,,,,False,,,False,,,,
ORD0000807,A000410,D000869,ADDR000094,e9fd45bfd35067a3,PI000114,850.0,0.0,,toys,2026-02-03 02:18:46,delivered,3,2026-02-05 02:18:46,False,False,,,,False,,,False,,,,
ORD0000808,A000410,D000869,ADDR000094,e9fd45bfd35067a3,PI000114,3530.0,0.0,,toys,2026-02-19 11:39:11,delivered,1,2026-02-22 11:39:11,False,False,,,,False,,,False,,,,
ORD0000809,A000411,D001124,ADDR000152,b5e6b9d237441efb,PI000735,2570.0,182.29,,grocery,2026-02-13 17:16:40,delivered,3,2026-02-14 17:16:40,False,False,,,,False,,,False,,,,
ORD0000810,A000411,D001124,ADDR000498,b5e6b9d237441efb,PI000735,3710.0,0.0,,fashion,2026-02-09 21:40:07,pending,2,,False,False,,,,False,,,False,,,,
ORD0000811,A000412,D000726,ADDR000292,8288f1693e885485,PI000371,930.0,0.0,,grocery,2026-01-10 08:00:29,pending,1,,False,False,,,,False,,,False,,,,
ORD0000812,A000414,D000869,ADDR000224,7c1a4853382a3a3f,PI000004,3920.0,0.0,,toys,2026-02-14 00:55:51,delivered,1,2026-02-16 00:55:51,False,False,,,,False,,,False,,,,
ORD0000813,A000414,D000869,ADDR000224,7c1a4853382a3a3f,PI000115,430.0,28.94,,books,2026-02-21 23:13:21,delivered,1,2026-02-22 23:13:21,False,False,,,,False,,,False,,,,
ORD0000814,A000416,D000238,ADDR000292,5dcbd70c726eb29c,PI000796,910.0,100.18,,fashion,2026-02-04 04:12:03,delivered,1,2026-02-07 04:12:03,False,False,,,,False,,,False,,,,
ORD0000815,A000416,D000238,ADDR000292,5dcbd70c726eb29c,PI000796,1080.0,0.0,,toys,2026-01-23 07:53:16,pending,2,,False,False,,,,False,,,False,,,,
ORD0000816,A000416,D000111,ADDR000292,5dcbd70c726eb29c,PI000796,1800.0,0.0,,fashion,2026-02-08 07:10:47,delivered,3,2026-02-10 07:10:47,False,False,,,,False,,,False,,,,
ORD0000817,A000416,D000238,ADDR000292,5dcbd70c726eb29c,PI000796,3780.0,323.63,,fashion,2026-02-25 11:57:59,delivered,3,2026-03-01 11:57:59,False,False,,,,False,,,False,,,,
ORD0000818,A000416,D000111,ADDR000292,5dcbd70c726eb29c,PI000796,4700.0,611.13,,fashion,2026-02-09 14:36:12,delivered,3,2026-02-12 14:36:12,False,False,,,,False,,,False,,,,
ORD0000819,A000418,D001136,ADDR000329,40f6a64e249700f6,PI000235,3250.0,0.0,,fashion,2026-02-14 13:31:47,delivered,1,2026-02-18 13:31:47,False,False,,,,False,,,False,,,,
ORD0000820,A000419,D000595,ADDR000233,3b58fffd8c9562e3,PI000357,1780.0,0.0,,fashion,2026-01-14 13:51:12,delivered,3,2026-01-18 13:51:12,False,False,,,,False,,,False,,,,
ORD0000821,A000419,D000595,ADDR000233,3b58fffd8c9562e3,PI000357,1470.0,174.93,,fashion,2026-02-27 15:35:29,delivered,1,2026-03-01 15:35:29,False,False,,,,False,,,False,,,,
ORD0000822,A000419,D000595,ADDR000233,3b58fffd8c9562e3,PI000357,340.0,0.0,,books,2026-01-14 09:56:46,delivered,2,2026-01-17 09:56:46,False,False,,,,False,,,False,,,,
ORD0000823,A000419,D000788,ADDR000233,3b58fffd8c9562e3,PI000357,4840.0,0.0,,fashion,2026-01-25 14:50:54,delivered,2,2026-01-29 14:50:54,False,False,,,,False,,,False,,,,
ORD0000824,A000419,D000788,ADDR000233,3b58fffd8c9562e3,PI000357,4700.0,0.0,,fashion,2026-01-09 21:17:45,delivered,3,2026-01-11 21:17:45,False,False,,,,False,,,False,,,,
ORD0000825,A000421,D000549,ADDR000357,5dcbd70c726eb29c,PI001244,1000.0,0.0,,grocery,2026-02-24 02:20:52,delivered,2,2026-02-27 02:20:52,False,False,,,,False,,,False,,,,
ORD0000826,A000421,D000549,ADDR000357,5dcbd70c726eb29c,PI001244,1080.0,0.0,,grocery,2026-02-07 14:23:06,failed,2,,True,False,,,,False,,,False,,,,
ORD0000827,A000422,D000176,ADDR000328,13b2bbef9a9b970c,PI000576,3370.0,258.8,,home,2026-01-20 10:11:54,delivered,3,2026-01-22 10:11:54,False,False,,,,False,,,False,,,,
ORD0000828,A000423,D000822,ADDR000292,a676fa877fc49258,PI000051,1850.0,0.0,,grocery,2026-02-25 09:42:32,delivered,1,2026-02-28 09:42:32,False,False,,,,False,,,False,,,,
ORD0000829,A000423,D000881,ADDR000292,a676fa877fc49258,PI000051,1780.0,0.0,,toys,2026-01-25 14:08:34,delivered,1,2026-01-29 14:08:34,False,False,,,,False,,,False,,,,
ORD0000830,A000424,D000157,ADDR000327,3aecf27a8362aa8c,PI000773,2750.0,0.0,,home,2026-02-16 07:36:48,delivered,1,2026-02-17 07:36:48,False,False,,,,False,,,False,,,,
ORD0000831,A000425,D000360,ADDR000364,cbec0ce27bc3c888,PI000140,3580.0,0.0,,fashion,2026-02-18 04:55:46,delivered,3,2026-02-20 04:55:46,False,False,,,,False,,,False,,,,
ORD0000832,A000425,D000360,ADDR000364,cbec0ce27bc3c888,PI000140,470.0,0.0,,grocery,2026-02-02 06:05:28,delivered,2,2026-02-05 06:05:28,False,False,,,,False,,,False,,,,
ORD0000833,A000425,D000334,ADDR000364,cbec0ce27bc3c888,PI000140,2430.0,0.0,,fashion,2026-01-27 04:37:50,delivered,3,2026-01-31 04:37:50,False,False,,,,False,,,False,,,,
ORD0000834,A000425,D000360,ADDR000364,cbec0ce27bc3c888,PI000140,2310.0,0.0,,grocery,2026-02-26 23:52:40,delivered,3,2026-02-27 23:52:40,False,False,,,,False,,,False,,,,
ORD0000835,A000426,D000726,ADDR000292,8288f1693e885485,PI000371,15540.0,0.0,,electronics,2026-02-14 22:09:55,delivered,2,2026-02-17 22:09:55,False,False,,,,False,,,False,,,,
ORD0000836,A000429,D000537,ADDR000036,eec498220fb17968,PI000351,1560.0,0.0,,books,2026-02-25 11:09:31,delivered,2,2026-02-26 11:09:31,False,False,,,,False,,,False,,,,
ORD0000837,A000430,D001159,ADDR000295,2add92f5f847d6da,PI001159,2510.0,0.0,,fashion,2026-01-13 11:53:54,delivered,2,2026-01-16 11:53:54,False,False,,,,False,,,False,,,,
ORD0000838,A000431,D000531,ADDR000111,9ebab71375ae6235,PI000687,1530.0,0.0,,books,2026-02-24 23:54:51,delivered,1,2026-02-25 23:54:51,False,False,,,,False,,,False,,,,
ORD0000839,A000431,D001041,ADDR000111,9ebab71375ae6235,PI000687,410.0,0.0,,books,2026-02-23 07:17:52,delivered,3,2026-02-26 07:17:52,False,False,,,,False,,,False,,,,
ORD0000840,A000432,D001011,ADDR000390,651a04497385debc,PI000693,1760.0,0.0,,grocery,2026-01-29 10:42:59,delivered,2,2026-02-01 10:42:59,False,False,,,,False,,,False,,,,
ORD0000841,A000432,D001011,ADDR000390,651a04497385debc,PI000693,3600.0,0.0,,fashion,2026-01-29 15:29:21,delivered,3,2026-01-31 15:29:21,False,False,,,,False,,,False,,,,
ORD0000842,A000432,D001011,ADDR000390,651a04497385debc,PI000693,2220.0,240.37,,fashion,2026-01-24 16:30:05,delivered,2,2026-01-26 16:30:05,False,False,,,,False,,,False,,,,
ORD0000843,A000432,D001011,ADDR000390,651a04497385debc,PI000693,1800.0,0.0,,home,2026-02-06 16:48:51,delivered,2,2026-02-08 16:48:51,False,False,,,,False,,,False,,,,
ORD0000844,A000432,D001011,ADDR000390,651a04497385debc,PI000693,2100.0,0.0,,grocery,2026-01-11 18:04:25,failed,2,,True,False,,,,False,,,False,,,,
ORD0000845,A000434,D000740,ADDR000304,dfaf01c0860210f5,PI001160,2020.0,0.0,,grocery,2026-02-09 15:41:14,delivered,2,2026-02-11 15:41:14,False,False,,,,False,,,False,,,,
ORD0000846,A000434,D000740,ADDR000304,dfaf01c0860210f5,PI001126,1040.0,0.0,,fashion,2026-02-23 10:59:55,delivered,2,2026-02-24 10:59:55,False,False,,,,False,,,False,,,,
ORD0000847,A000435,D000052,ADDR000139,f3e4b284868128b9,PI001197,2610.0,0.0,,grocery,2026-02-25 02:38:24,delivered,2,2026-03-01 02:38:24,False,False,,,,False,,,False,,,,
ORD0000848,A000435,D000002,ADDR000139,f3e4b284868128b9,PI000489,2200.0,0.0,,home,2026-02-02 03:16:53,delivered,2,2026-02-04 03:16:53,False,False,,,,False,,,False,,,,
ORD0000849,A000436,D000392,ADDR000111,4f71d79051721e12,PI000751,1910.0,0.0,,books,2026-01-27 20:39:51,delivered,3,2026-01-28 20:39:51,False,False,,,,False,,,False,,,,
ORD0000850,A000436,D000392,ADDR000111,4f71d79051721e12,PI000751,3480.0,0.0,,home,2026-02-12 19:42:59,delivered,1,2026-02-16 19:42:59,False,False,,,,False,,,False,,,,
ORD0000851,A000436,D000392,ADDR000111,4f71d79051721e12,PI000751,1660.0,0.0,,grocery,2026-01-15 06:26:13,delivered,3,2026-01-16 06:26:13,False,False,,,,False,,,False,,,,
ORD0000852,A000436,D000684,ADDR000111,4f71d79051721e12,PI000751,4790.0,0.0,,electronics,2026-02-01 14:19:04,delivered,2,2026-02-03 14:19:04,False,False,,,,False,,,False,,,,
ORD0000853,A000436,D000392,ADDR000111,4f71d79051721e12,PI000751,700.0,0.0,,books,2026-01-15 20:21:18,delivered,3,2026-01-18 20:21:18,False,False,,,,False,,,False,,,,
ORD0000854,A000437,D000639,ADDR000126,2d2c43758f3fd1ce,PI000494,930.0,0.0,,books,2026-02-25 11:49:47,delivered,1,2026-02-26 11:49:47,False,False,,,,False,,,False,,,,
ORD0000855,A000437,D000639,ADDR000054,2d2c43758f3fd1ce,PI000494,1280.0,0.0,,grocery,2026-02-26 01:32:16,delivered,3,2026-02-27 01:32:16,False,False,,,,False,,,False,,,,
ORD0000856,A000438,D000533,ADDR000289,4858ed04382672cf,PI000098,4830.0,0.0,,fashion,2026-02-05 20:31:41,pending,1,,False,False,,,,False,,,False,,,,
ORD0000857,A000438,D000533,ADDR000085,4858ed04382672cf,PI000098,10560.0,0.0,,electronics,2026-02-14 05:51:22,failed,2,,True,False,,,,False,,,False,,,,
ORD0000858,A000438,D000533,ADDR000085,4858ed04382672cf,PI000992,440.0,52.57,,books,2026-02-08 00:40:37,delivered,1,2026-02-11 00:40:37,False,False,,,,False,,,False,,,,
ORD0000859,A000440,D000688,ADDR000552,2d5e9401a78552a5,PI000466,4880.0,0.0,,fashion,2026-01-04 17:42:09,delivered,3,2026-01-08 17:42:09,False,False,,,,False,,,False,,,,
ORD0000860,A000441,D000652,ADDR000132,e58222669cc16287,PI000351,5740.0,0.0,,home,2026-01-26 19:57:02,delivered,1,2026-01-30 19:57:02,False,False,,,,False,,,False,,,,
ORD0000861,A000441,D001046,ADDR000132,e58222669cc16287,PI000351,4440.0,0.0,,fashion,2026-02-26 16:19:37,delivered,3,2026-03-01 16:19:37,False,False,,,,False,,,False,,,,
ORD0000862,A000442,D000472,ADDR000123,68463e0b2a12f38a,PI000435,1280.0,0.0,,grocery,2026-01-24 23:43:44,delivered,2,2026-01-27 23:43:44,False,False,,,,False,,,False,,,,
ORD0000863,A000442,D000148,ADDR000123,68463e0b2a12f38a,PI000435,3290.0,0.0,,fashion,2026-01-26 05:00:17,delivered,2,2026-01-28 05:00:17,False,False,,,,False,,,False,,,,
ORD0000864,A000442,D000148,ADDR000123,68463e0b2a12f38a,PI000435,2650.0,0.0,,grocery,2026-02-04 19:57:17,delivered,2,2026-02-08 19:57:17,False,False,,,,False,,,False,,,,
ORD0000865,A000442,D000472,ADDR000123,68463e0b2a12f38a,PI000435,1060.0,0.0,,fashion,2026-02-15 05:21:10,delivered,1,2026-02-17 05:21:10,False,False,,,,False,,,False,,,,
ORD0000866,A000442,D000148,ADDR000123,68463e0b2a12f38a,PI000435,7920.0,0.0,,home,2026-02-03 19:44:14,delivered,3,2026-02-04 19:44:14,False,False,,,,False,,,False,,,,
ORD0000867,A000442,D000472,ADDR000123,68463e0b2a12f38a,PI000435,1850.0,0.0,,fashion,2026-01-30 22:18:44,delivered,3,2026-01-31 22:18:44,False,False,,,,False,,,False,,,,
ORD0000868,A000442,D000148,ADDR000123,68463e0b2a12f38a,PI000435,610.0,0.0,,grocery,2026-02-14 01:59:22,delivered,1,2026-02-18 01:59:22,False,False,,,,False,,,False,,,,
ORD0000869,A000443,D001030,ADDR000295,c252eaa67e8bc192,PI000090,940.0,0.0,,books,2026-01-17 21:43:00,delivered,1,2026-01-19 21:43:00,False,False,,,,False,,,False,,,,
ORD0000870,A000444,D000412,ADDR000530,4d478ab5292ba827,PI000478,19810.0,0.0,,electronics,2026-02-06 08:30:34,delivered,2,2026-02-10 08:30:34,False,False,,,,False,,,False,,,,
ORD0000871,A000445,D000867,ADDR000153,d9da121e8b8e4ba7,PI000422,2240.0,0.0,,fashion,2026-02-01 02:25:31,delivered,2,2026-02-02 02:25:31,False,False,,,,False,,,False,,,,
ORD0000872,A000446,D001057,ADDR000249,1b7e86e8a21df1cd,PI000594,18010.0,0.0,,electronics,2026-02-01 08:59:44,failed,1,,True,False,,,,False,,,False,,,,
ORD0000873,A000446,D001057,ADDR000266,1b7e86e8a21df1cd,PI000594,1890.0,0.0,,home,2026-02-05 22:19:47,delivered,3,2026-02-09 22:19:47,False,False,,,,False,,,False,,,,
ORD0000874,A000446,D001057,ADDR000249,1b7e86e8a21df1cd,PI000594,8860.0,0.0,,electronics,2026-02-17 19:34:40,delivered,2,2026-02-20 19:34:40,False,False,,,,False,,,False,,,,
ORD0000875,A000447,D000313,ADDR000498,b588c987dd1cf2f2,PI001308,3890.0,0.0,,electronics,2026-01-13 08:51:57,delivered,2,2026-01-17 08:51:57,False,False,,,,False,,,False,,,,
ORD0000876,A000448,D000204,ADDR000133,c5b1d647afb67e9f,PI000294,12860.0,0.0,,electronics,2026-01-13 07:21:36,delivered,2,2026-01-14 07:21:36,False,False,,,,False,,,False,,,,
ORD0000877,A000448,D000204,ADDR000009,c5b1d647afb67e9f,PI000294,6510.0,0.0,,home,2026-01-27 04:15:49,delivered,1,2026-01-29 04:15:49,False,False,,,,False,,,False,,,,
ORD0000878,A000450,D000356,ADDR000054,a676fa877fc49258,PI000984,4360.0,0.0,,home,2026-02-14 08:24:51,delivered,2,2026-02-18 08:24:51,False,False,,,,False,,,False,,,,
ORD0000879,A000450,D000356,ADDR000054,a676fa877fc49258,PI000984,1390.0,0.0,,grocery,2026-02-16 16:31:41,delivered,3,2026-02-17 16:31:41,False,False,,,,False,,,False,,,,
ORD0000880,A000450,D001196,ADDR000054,a676fa877fc49258,PI000984,3180.0,0.0,,fashion,2026-02-20 20:10:30,delivered,3,2026-02-21 20:10:30,False,False,,,,False,,,False,,,,
ORD0000881,A000450,D001196,ADDR000054,a676fa877fc49258,PI000984,4190.0,0.0,,home,2026-02-02 23:20:02,delivered,1,2026-02-04 23:20:02,False,False,,,,False,,,False,,,,
ORD0000882,A000450,D000356,ADDR000054,a676fa877fc49258,PI000984,1800.0,0.0,,fashion,2026-02-22 00:56:17,delivered,1,2026-02-23 00:56:17,False,False,,,,False,,,False,,,,
ORD0000883,A000450,D001196,ADDR000054,a676fa877fc49258,PI000984,16650.0,0.0,,electronics,2026-02-05 20:15:20,delivered,3,2026-02-07 20:15:20,False,False,,,,False,,,False,,,,
ORD0000884,A000451,D000750,ADDR000048,4cf317b075b9f3f3,PI000770,2930.0,0.0,,fashion,2026-02-13 13:25:37,delivered,1,2026-02-15 13:25:37,False,False,,,,False,,,False,,,,
ORD0000885,A000451,D000750,ADDR000048,4cf317b075b9f3f3,PI000770,3300.0,248.23,,fashion,2026-01-26 12:21:54,delivered,1,2026-01-27 12:21:54,False,False,,,,False,,,False,,,,
ORD0000886,A000453,D000416,ADDR000361,99bc73074910516e,PI000747,1370.0,0.0,,fashion,2026-01-23 01:53:15,delivered,1,2026-01-26 01:53:15,False,False,,,,False,,,False,,,,
ORD0000887,A000454,D000498,ADDR000278,fd08b57555d1b661,PI000756,2980.0,431.76,,grocery,2026-01-29 21:33:48,delivered,3,2026-02-01 21:33:48,False,False,,,,False,,,False,,,,
ORD0000888,A000455,D000652,ADDR000132,3d406a42f3234309,PI000750,4820.0,271.94,,fashion,2026-02-03 14:23:31,delivered,1,2026-02-06 14:23:31,False,False,,,,False,,,False,,,,
ORD0000889,A000455,D000652,ADDR000160,3d406a42f3234309,PI000750,12200.0,0.0,,electronics,2026-01-27 14:07:55,delivered,2,2026-01-30 14:07:55,False,False,,,,False,,,False,,,,
ORD0000890,A000457,D000248,ADDR000390,257007ddbd2091f5,PI000982,220.0,0.0,,books,2026-01-26 21:09:05,delivered,2,2026-01-30 21:09:05,False,False,,,,False,,,False,,,,
ORD0000891,A000457,D000884,ADDR000390,257007ddbd2091f5,PI000982,900.0,0.0,,books,2026-02-20 12:02:57,delivered,2,2026-02-23 12:02:57,False,False,,,,False,,,False,,,,
ORD0000892,A000457,D000884,ADDR000390,257007ddbd2091f5,PI000982,2770.0,0.0,,fashion,2026-01-23 01:39:20,delivered,1,2026-01-25 01:39:20,False,False,,,,False,,,False,,,,
ORD0000893,A000457,D000248,ADDR000390,257007ddbd2091f5,PI000982,1110.0,0.0,,home,2026-01-30 22:58:20,delivered,3,2026-02-03 22:58:20,False,False,,,,False,,,False,,,,
ORD0000894,A000457,D000884,ADDR000390,257007ddbd2091f5,PI000982,2240.0,0.0,,fashion,2026-02-16 10:21:07,pending,1,,False,False,,,,False,,,False,,,,
ORD0000895,A000457,D000248,ADDR000390,257007ddbd2091f5,PI000982,4630.0,0.0,,electronics,2026-02-14 03:41:50,delivered,1,2026-02-16 03:41:50,False,False,,,,False,,,False,,,,
ORD0000896,A000458,D000190,ADDR000566,bc57717ba44acb0e,PI000523,4460.0,0.0,,fashion,2026-02-05 19:21:57,pending,1,,False,False,,,,False,,,False,,,,
ORD0000897,A000458,D001064,ADDR000566,bc57717ba44acb0e,PI000523,2210.0,0.0,,fashion,2026-02-21 19:27:59,delivered,1,2026-02-25 19:27:59,False,False,,,,False,,,False,,,,
ORD0000898,A000458,D000190,ADDR000566,bc57717ba44acb0e,PI000523,2660.0,0.0,,fashion,2026-02-24 15:11:39,delivered,2,2026-02-26 15:11:39,False,False,,,,False,,,False,,,,
ORD0000899,A000460,D000024,ADDR000577,bd95b527ff7e9b7c,PI001135,4840.0,0.0,,fashion,2026-02-20 13:07:57,delivered,1,2026-02-24 13:07:57,False,False,,,,False,,,False,,,,
ORD0000900,A000460,D000024,ADDR000577,bd95b527ff7e9b7c,PI000685,2700.0,193.81,,toys,2026-02-02 18:07:29,delivered,2,2026-02-06 18:07:29,False,False,,,,False,,,False,,,,
ORD0000901,A000460,D000024,ADDR000577,bd95b527ff7e9b7c,PI000685,18800.0,0.0,,electronics,2026-02-07 15:28:12,delivered,3,2026-02-09 15:28:12,False,False,,,,False,,,False,,,,
ORD0000902,A000460,D000024,ADDR000577,bd95b527ff7e9b7c,PI001135,7610.0,0.0,,home,2026-02-22 10:57:48,delivered,2,2026-02-23 10:57:48,False,False,,,,False,,,False,,,,
ORD0000903,A000461,D001083,ADDR000540,0f71103b8b311e71,PI000131,4910.0,0.0,,fashion,2026-02-09 15:18:59,delivered,2,2026-02-11 15:18:59,False,False,,,,False,,,False,,,,
ORD0000904,A000461,D001083,ADDR000540,0f71103b8b311e71,PI000984,750.0,0.0,,grocery,2026-01-16 23:32:15,pending,2,,False,False,,,,False,,,False,,,,
ORD0000905,A000461,D001083,ADDR000540,0f71103b8b311e71,PI000131,4440.0,247.1,,fashion,2026-02-02 09:07:37,delivered,1,2026-02-06 09:07:37,False,False,,,,False,,,False,,,,
ORD0000906,A000462,D000934,ADDR000017,31c55873626a9931,PI000591,4070.0,276.97,,electronics,2026-02-28 00:09:35,delivered,3,2026-03-02 00:09:35,False,False,,,,False,,,False,,,,
ORD0000907,A000462,D000934,ADDR000323,31c55873626a9931,PI000591,920.0,0.0,,toys,2026-02-04 13:22:38,failed,2,,True,False,,,,False,,,False,,,,
ORD0000908,A000462,D000013,ADDR000017,31c55873626a9931,PI000591,4470.0,0.0,,fashion,2026-02-17 07:58:46,delivered,1,2026-02-20 07:58:46,False,False,,,,False,,,False,,,,
ORD0000909,A000462,D000013,ADDR000017,31c55873626a9931,PI000591,620.0,0.0,,grocery,2026-02-21 02:20:07,delivered,2,2026-02-24 02:20:07,False,False,,,,False,,,False,,,,
ORD0000910,A000463,D000652,ADDR000547,38d052512b1f8895,PI001154,2250.0,0.0,,grocery,2026-02-20 08:43:39,delivered,1,2026-02-24 08:43:39,False,False,,,,False,,,False,,,,
ORD0000911,A000463,D000652,ADDR000547,38d052512b1f8895,PI001154,2120.0,204.04,,toys,2026-01-27 02:41:14,delivered,2,2026-01-29 02:41:14,False,False,,,,False,,,False,,,,
ORD0000912,A000463,D000652,ADDR000547,38d052512b1f8895,PI000189,8490.0,0.0,,electronics,2026-02-22 20:04:11,delivered,2,2026-02-25 20:04:11,False,False,,,,False,,,False,,,,
ORD0000913,A000463,D000652,ADDR000101,38d052512b1f8895,PI001154,10510.0,0.0,,electronics,2026-01-25 16:20:09,failed,1,,True,False,,,,False,,,False,,,,
ORD0000914,A000463,D000652,ADDR000547,38d052512b1f8895,PI001154,360.0,0.0,,grocery,2026-01-14 20:32:31,delivered,2,2026-01-18 20:32:31,False,False,,,,False,,,False,,,,
ORD0000915,A000465,D000125,ADDR000051,be8a6873d77ba33a,PI000482,3250.0,0.0,,home,2026-01-25 03:07:56,delivered,1,2026-01-28 03:07:56,False,False,,,,False,,,False,,,,
ORD0000916,A000465,D000599,ADDR000051,be8a6873d77ba33a,PI000174,14390.0,0.0,,electronics,2026-02-07 17:48:10,delivered,2,2026-02-10 17:48:10,False,False,,,,False,,,False,,,,
ORD0000917,A000465,D000125,ADDR000051,be8a6873d77ba33a,PI000482,5730.0,0.0,,electronics,2026-02-25 02:34:23,delivered,3,2026-02-28 02:34:23,False,False,,,,False,,,False,,,,
ORD0000918,A000465,D000599,ADDR000051,be8a6873d77ba33a,PI000174,3970.0,0.0,,home,2026-02-19 05:31:31,delivered,1,2026-02-23 05:31:31,False,False,,,,False,,,False,,,,
ORD0000919,A000465,D000599,ADDR000051,be8a6873d77ba33a,PI000482,1920.0,0.0,,grocery,2026-02-22 08:50:57,delivered,3,2026-02-24 08:50:57,False,False,,,,False,,,False,,,,
ORD0000920,A000466,D001114,ADDR000328,25ab6074e8ae41cc,PI000351,540.0,0.0,,toys,2026-01-23 23:00:45,delivered,1,2026-01-25 23:00:45,False,False,,,,False,,,False,,,,
ORD0000921,A000466,D000297,ADDR000054,25ab6074e8ae41cc,PI000351,1390.0,0.0,,fashion,2026-02-20 00:06:04,delivered,2,2026-02-23 00:06:04,False,False,,,,False,,,False,,,,
ORD0000922,A000467,D000990,ADDR000358,e82fb25ccd4f2187,PI000072,1310.0,0.0,,fashion,2026-02-15 14:59:52,delivered,1,2026-02-18 14:59:52,False,False,,,,False,,,False,,,,
ORD0000923,A000467,D000990,ADDR000358,e82fb25ccd4f2187,PI000072,3430.0,0.0,,fashion,2026-02-19 10:56:40,delivered,3,2026-02-20 10:56:40,False,False,,,,False,,,False,,,,
ORD0000924,A000467,D000142,ADDR000358,e82fb25ccd4f2187,PI000072,4820.0,0.0,,home,2026-01-21 03:27:41,delivered,1,2026-01-22 03:27:41,False,False,,,,False,,,False,,,,
ORD0000925,A000467,D000990,ADDR000358,e82fb25ccd4f2187,PI000072,8620.0,0.0,,electronics,2026-01-12 13:23:25,delivered,2,2026-01-15 13:23:25,False,False,,,,False,,,False,,,,
ORD0000926,A000468,D000881,ADDR000101,0901044243e5a003,PI001223,1350.0,0.0,,grocery,2026-02-11 16:38:14,delivered,2,2026-02-13 16:38:14,False,False,,,,False,,,False,,,,
ORD0000927,A000468,D000881,ADDR000101,0901044243e5a003,PI001223,3830.0,0.0,,fashion,2026-01-12 20:31:17,delivered,2,2026-01-14 20:31:17,False,False,,,,False,,,False,,,,
ORD0000928,A000468,D000881,ADDR000101,0901044243e5a003,PI001223,2490.0,740.82,RARE_912,fashion,2026-01-07 11:28:33,delivered,3,2026-01-10 11:28:33,False,False,,,,False,,,False,,,,
ORD0000929,A000470,D000176,ADDR000328,fd08b57555d1b661,PI000750,690.0,0.0,,grocery,2026-01-15 06:42:52,delivered,2,2026-01-18 06:42:52,False,False,,,,False,,,False,,,,
ORD0000930,A000470,D000176,ADDR000328,fd08b57555d1b661,PI000750,3110.0,0.0,,toys,2026-01-12 01:28:32,delivered,3,2026-01-14 01:28:32,False,False,,,,False,,,False,,,,
ORD0000931,A000470,D000176,ADDR000328,fd08b57555d1b661,PI000371,3430.0,0.0,,fashion,2026-02-27 04:48:01,delivered,3,2026-02-28 04:48:01,False,False,,,,False,,,False,,,,
ORD0000932,A000470,D000176,ADDR000328,fd08b57555d1b661,PI000371,9760.0,0.0,,electronics,2026-01-24 13:21:15,delivered,3,2026-01-25 13:21:15,False,False,,,,False,,,False,,,,
ORD0000933,A000470,D000176,ADDR000328,fd08b57555d1b661,PI000371,7950.0,0.0,,home,2026-02-26 23:37:40,failed,2,,True,False,,,,False,,,False,,,,
ORD0000934,A000470,D000176,ADDR000328,fd08b57555d1b661,PI000750,3340.0,0.0,,home,2026-01-07 00:54:38,delivered,3,2026-01-11 00:54:38,False,False,,,,False,,,False,,,,
ORD0000935,A000471,D000670,ADDR000430,e76d1ee0158848c1,PI001305,3520.0,0.0,,home,2026-01-31 22:32:14,failed,1,,True,False,,,,False,,,False,,,,
ORD0000936,A000472,D000609,ADDR000300,1b7e86e8a21df1cd,PI000926,4280.0,0.0,,fashion,2026-01-26 07:53:43,delivered,3,2026-01-30 07:53:43,False,False,,,,False,,,False,,,,
ORD0000937,A000472,D000609,ADDR000300,1b7e86e8a21df1cd,PI000926,4270.0,0.0,,fashion,2026-02-01 10:36:00,pending,1,,False,False,,,,False,,,False,,,,
ORD0000938,A000473,D000100,ADDR000492,0c212aa7825ce00c,PI000131,650.0,0.0,,books,2026-02-24 17:11:26,pending,1,,False,False,,,,False,,,False,,,,
ORD0000939,A000473,D000100,ADDR000492,0c212aa7825ce00c,PI000131,350.0,19.12,,grocery,2026-02-11 11:21:45,delivered,3,2026-02-12 11:21:45,False,False,,,,False,,,False,,,,
ORD0000940,A000473,D000100,ADDR000492,0c212aa7825ce00c,PI000351,3820.0,0.0,,toys,2026-02-08 13:06:31,delivered,2,2026-02-09 13:06:31,False,False,,,,False,,,False,,,,
ORD0000941,A000474,D000068,ADDR000036,129df3a6910e24e4,PI001240,1470.0,0.0,,fashion,2026-01-27 06:08:48,pending,1,,False,False,,,,False,,,False,,,,
ORD0000942,A000474,D000050,ADDR000036,129df3a6910e24e4,PI001240,1660.0,0.0,,home,2026-02-08 10:02:37,delivered,2,2026-02-12 10:02:37,False,False,,,,False,,,False,,,,
ORD0000943,A000475,D000498,ADDR000122,c5b1d647afb67e9f,PI001193,1660.0,0.0,,books,2026-02-26 16:22:40,delivered,1,2026-02-28 16:22:40,False,False,,,,False,,,False,,,,
ORD0000944,A000475,D000364,ADDR000122,c5b1d647afb67e9f,PI001193,7950.0,0.0,,electronics,2026-01-31 16:51:43,delivered,2,2026-02-03 16:51:43,False,False,,,,False,,,False,,,,
ORD0000945,A000475,D000364,ADDR000087,c5b1d647afb67e9f,PI001193,17750.0,0.0,,electronics,2026-01-22 21:47:10,delivered,3,2026-01-25 21:47:10,False,False,,,,False,,,False,,,,
ORD0000946,A000475,D000498,ADDR000122,c5b1d647afb67e9f,PI001193,2140.0,0.0,,home,2026-02-13 17:34:17,delivered,1,2026-02-17 17:34:17,False,False,,,,False,,,False,,,,
ORD0000947,A000477,D000584,ADDR000055,e76d1ee0158848c1,PI001028,3680.0,1181.85,RARE_158,fashion,2026-02-01 12:46:08,delivered,3,2026-02-04 12:46:08,False,False,,,,False,,,False,,,,
ORD0000948,A000477,D000498,ADDR000055,e76d1ee0158848c1,PI000775,1830.0,0.0,,grocery,2026-02-09 00:03:48,delivered,2,2026-02-12 00:03:48,False,False,,,,False,,,False,,,,
ORD0000949,A000477,D000584,ADDR000055,e76d1ee0158848c1,PI000775,1270.0,74.19,,home,2026-02-22 08:50:10,delivered,1,2026-02-26 08:50:10,False,False,,,,False,,,False,,,,
ORD0000950,A000477,D000584,ADDR000055,e76d1ee0158848c1,PI001028,3130.0,0.0,,fashion,2026-02-13 13:59:53,delivered,1,2026-02-17 13:59:53,False,False,,,,False,,,False,,,,
ORD0000951,A000477,D000498,ADDR000055,e76d1ee0158848c1,PI001028,4880.0,477.42,,fashion,2026-02-09 15:17:03,delivered,3,2026-02-11 15:17:03,False,False,,,,False,,,False,,,,
ORD0000952,A000479,D000242,ADDR000585,34e2e0b7e1cacee2,PI000392,6490.0,0.0,,home,2026-01-04 14:01:50,delivered,2,2026-01-06 14:01:50,False,False,,,,False,,,False,,,,
ORD0000953,A000480,D000787,ADDR000414,4cf317b075b9f3f3,PI000885,2240.0,0.0,,toys,2026-02-01 14:03:39,delivered,2,2026-02-05 14:03:39,False,False,,,,False,,,False,,,,
ORD0000954,A000480,D000787,ADDR000419,4cf317b075b9f3f3,PI000046,730.0,0.0,,toys,2026-02-11 19:30:05,delivered,2,2026-02-12 19:30:05,False,False,,,,False,,,False,,,,
ORD0000955,A000481,D000452,ADDR000323,cf3311e4a68b59d2,PI001345,2960.0,0.0,,home,2026-02-24 17:33:31,delivered,2,2026-02-25 17:33:31,False,False,,,,False,,,False,,,,
ORD0000956,A000481,D000452,ADDR000323,cf3311e4a68b59d2,PI001345,3760.0,0.0,,fashion,2026-02-07 23:36:59,delivered,2,2026-02-08 23:36:59,False,False,,,,False,,,False,,,,
ORD0000957,A000481,D000452,ADDR000358,cf3311e4a68b59d2,PI001345,1840.0,138.11,,fashion,2026-01-27 02:49:42,delivered,3,2026-01-29 02:49:42,False,False,,,,False,,,False,,,,
ORD0000958,A000482,D000197,ADDR000482,a4d8905cf5ea2ea8,PI000184,2410.0,0.0,,fashion,2026-02-05 21:45:18,delivered,3,2026-02-09 21:45:18,False,False,,,,False,,,False,,,,
ORD0000959,A000483,D000290,ADDR000399,4e23fb2ab3612762,PI000625,2700.0,0.0,,grocery,2026-02-28 05:18:45,delivered,3,2026-03-04 05:18:45,False,False,,,,False,,,False,,,,
ORD0000960,A000484,D000998,ADDR000219,2eea16811f15fe3a,PI000655,1900.0,0.0,,books,2026-01-27 02:56:42,delivered,1,2026-01-28 02:56:42,False,False,,,,False,,,False,,,,
ORD0000961,A000485,D000142,ADDR000189,f01e6bdc5e94857f,PI000796,1530.0,0.0,,grocery,2026-02-07 04:23:49,delivered,1,2026-02-10 04:23:49,False,False,,,,False,,,False,,,,
ORD0000962,A000487,D000922,ADDR000098,dec2eeac78975ed6,PI001183,530.0,0.0,,grocery,2026-02-27 04:03:56,delivered,3,2026-03-02 04:03:56,False,False,,,,False,,,False,,,,
ORD0000963,A000487,D000922,ADDR000308,dec2eeac78975ed6,PI001186,1760.0,174.91,,grocery,2026-02-02 04:45:09,pending,2,,False,False,,,,False,,,False,,,,
ORD0000964,A000487,D000922,ADDR000308,dec2eeac78975ed6,PI001186,1820.0,0.0,,fashion,2026-02-22 17:20:22,failed,2,,True,False,,,,False,,,False,,,,
ORD0000965,A000487,D000922,ADDR000098,dec2eeac78975ed6,PI001183,1490.0,0.0,,grocery,2026-01-28 04:15:08,delivered,3,2026-01-30 04:15:08,False,False,,,,False,,,False,,,,
ORD0000966,A000489,D000295,ADDR000048,a4d8905cf5ea2ea8,PI001205,5720.0,0.0,,home,2026-01-31 05:12:54,delivered,2,2026-02-02 05:12:54,False,False,,,,False,,,False,,,,
ORD0000967,A000489,D000295,ADDR000048,a4d8905cf5ea2ea8,PI001205,1500.0,86.35,,grocery,2026-02-09 15:54:04,delivered,2,2026-02-10 15:54:04,False,False,,,,False,,,False,,,,
ORD0000968,A000490,D000963,ADDR000240,5648e02f433f8b83,PI000145,6150.0,0.0,,electronics,2026-01-30 23:45:53,delivered,2,2026-02-02 23:45:53,False,False,,,,False,,,False,,,,
ORD0000969,A000491,D000965,ADDR000324,bd95b527ff7e9b7c,PI001347,2850.0,0.0,,grocery,2026-02-25 15:19:05,delivered,3,2026-02-27 15:19:05,False,False,,,,False,,,False,,,,
ORD0000970,A000492,D001087,ADDR000343,7940a9cf979620b7,PI000571,1880.0,0.0,,grocery,2026-02-06 22:00:15,pending,2,,False,False,,,,False,,,False,,,,
ORD0000971,A000492,D001087,ADDR000343,7940a9cf979620b7,PI000571,1450.0,0.0,,grocery,2026-02-15 08:09:57,delivered,1,2026-02-16 08:09:57,False,False,,,,False,,,False,,,,
ORD0000972,A000493,D001088,ADDR000099,2b18063c3d42bbbf,PI000145,3260.0,0.0,,toys,2026-02-28 03:23:01,delivered,2,2026-03-02 03:23:01,False,False,,,,False,,,False,,,,
ORD0000973,A000493,D001088,ADDR000099,2b18063c3d42bbbf,PI000145,360.0,39.98,,grocery,2026-01-27 10:30:06,delivered,3,2026-01-31 10:30:06,False,False,,,,False,,,False,,,,
ORD0000974,A000493,D001088,ADDR000099,2b18063c3d42bbbf,PI000145,460.0,0.0,,books,2026-01-21 02:13:39,delivered,2,2026-01-25 02:13:39,False,False,,,,False,,,False,,,,
ORD0000975,A000493,D001088,ADDR000099,2b18063c3d42bbbf,PI000145,1460.0,0.0,,grocery,2026-02-05 14:52:04,delivered,3,2026-02-06 14:52:04,False,False,,,,False,,,False,,,,
ORD0000976,A000493,D001088,ADDR000099,2b18063c3d42bbbf,PI000145,4160.0,0.0,,fashion,2026-02-23 17:50:39,delivered,3,2026-02-25 17:50:39,False,False,,,,False,,,False,,,,
ORD0000977,A000493,D001088,ADDR000099,2b18063c3d42bbbf,PI000145,9660.0,865.43,,electronics,2026-01-16 03:19:39,delivered,3,2026-01-18 03:19:39,False,False,,,,False,,,False,,,,
ORD0000978,A000493,D001088,ADDR000099,2b18063c3d42bbbf,PI000145,680.0,0.0,,books,2026-02-09 12:56:14,delivered,3,2026-02-11 12:56:14,False,False,,,,False,,,False,,,,
ORD0000979,A000494,D000878,ADDR000173,1b7e86e8a21df1cd,PI000195,1400.0,0.0,,grocery,2026-01-15 08:21:29,failed,2,,True,False,,,,False,,,False,,,,
ORD0000980,A000494,D000878,ADDR000173,1b7e86e8a21df1cd,PI000195,4540.0,618.9,,electronics,2026-02-08 21:29:13,delivered,1,2026-02-09 21:29:13,False,False,,,,False,,,False,,,,
ORD0000981,A000494,D000878,ADDR000173,1b7e86e8a21df1cd,PI000195,2560.0,0.0,,fashion,2026-02-01 01:39:44,delivered,2,2026-02-04 01:39:44,False,False,,,,False,,,False,,,,
ORD0000982,A000494,D000878,ADDR000173,1b7e86e8a21df1cd,PI000195,2750.0,0.0,,fashion,2026-02-21 07:57:16,delivered,1,2026-02-23 07:57:16,False,False,,,,False,,,False,,,,
ORD0000983,A000496,D000880,ADDR000562,e0badd7611f7aff6,PI000466,360.0,0.0,,books,2026-01-09 00:45:34,failed,1,,True,False,,,,False,,,False,,,,
ORD0000984,A000496,D000880,ADDR000562,e0badd7611f7aff6,PI000474,1300.0,96.23,,grocery,2026-01-06 21:48:23,delivered,2,2026-01-08 21:48:23,False,False,,,,False,,,False,,,,
ORD0000985,A000496,D000880,ADDR000036,e0badd7611f7aff6,PI000466,2050.0,441.56,RARE_453,fashion,2026-02-12 10:18:30,delivered,2,2026-02-13 10:18:30,False,False,,,,False,,,False,,,,
ORD0000986,A000496,D000880,ADDR000562,e0badd7611f7aff6,PI000474,1040.0,0.0,,grocery,2026-01-14 06:51:48,delivered,1,2026-01-17 06:51:48,False,False,,,,False,,,False,,,,
ORD0000987,A000497,D001153,ADDR000371,3571021a0fe8adbc,PI000317,3340.0,0.0,,fashion,2026-02-24 11:05:37,delivered,1,2026-02-28 11:05:37,False,False,,,,False,,,False,,,,
ORD0000988,A000497,D001153,ADDR000371,3571021a0fe8adbc,PI000317,17890.0,0.0,,electronics,2026-02-07 03:46:23,delivered,2,2026-02-11 03:46:23,False,False,,,,False,,,False,,,,
ORD0000989,A000497,D000652,ADDR000371,3571021a0fe8adbc,PI000037,2750.0,0.0,,home,2026-02-27 20:04:54,delivered,2,2026-03-03 20:04:54,False,False,,,,False,,,False,,,,
ORD0000990,A000497,D001153,ADDR000371,3571021a0fe8adbc,PI000037,2250.0,0.0,,grocery,2026-01-19 09:45:18,delivered,1,2026-01-21 09:45:18,False,False,,,,False,,,False,,,,
ORD0000991,A000498,D000187,ADDR000361,c13c73a224a4663e,PI000102,3310.0,0.0,,fashion,2026-02-11 23:14:43,pending,1,,False,False,,,,False,,,False,,,,
ORD0000992,A000500,D000452,ADDR000190,ef16aff5a3c04e11,PI000351,5250.0,0.0,,home,2026-02-08 22:26:36,delivered,3,2026-02-09 22:26:36,False,False,,,,False,,,False,,,,
ORD0000993,A000501,D000183,ADDR000237,33550e4d680162e7,PI000735,820.0,108.22,,fashion,2026-02-17 17:19:59,pending,2,,False,False,,,,False,,,False,,,,
ORD0000994,A000501,D000279,ADDR000210,33550e4d680162e7,PI000735,8940.0,890.58,,electronics,2026-01-17 21:05:44,delivered,2,2026-01-20 21:05:44,False,False,,,,False,,,False,,,,
ORD0000995,A000501,D000183,ADDR000210,33550e4d680162e7,PI000735,7680.0,390.67,,home,2026-01-20 02:22:44,delivered,2,2026-01-23 02:22:44,False,False,,,,False,,,False,,,,
ORD0000996,A000502,D000914,ADDR000016,a396b230b10d24da,PI000685,2440.0,0.0,,fashion,2026-02-12 04:47:39,delivered,3,2026-02-14 04:47:39,False,False,,,,False,,,False,,,,
ORD0000997,A000502,D000914,ADDR000016,a396b230b10d24da,PI000407,4850.0,0.0,,electronics,2026-02-20 22:57:23,delivered,2,2026-02-21 22:57:23,False,False,,,,False,,,False,,,,
ORD0000998,A000503,D000029,ADDR000101,c5b1d647afb67e9f,PI000712,7580.0,0.0,,electronics,2026-02-03 00:15:04,pending,2,,False,False,,,,False,,,False,,,,
ORD0000999,A000504,D000653,ADDR000563,79f86f4875c06871,PI000222,1540.0,0.0,,fashion,2026-02-11 04:23:05,delivered,2,2026-02-15 04:23:05,False,False,,,,False,,,False,,,,
ORD0001000,A000505,D000135,ADDR000111,206425e9a23e8c53,PI001387,2720.0,314.3,,grocery,2026-02-12 16:08:57,delivered,3,2026-02-14 16:08:57,False,False,,,,False,,,False,,,,
ORD0001001,A000505,D000135,ADDR000111,206425e9a23e8c53,PI001387,2250.0,0.0,,fashion,2026-02-25 02:16:43,delivered,2,2026-02-26 02:16:43,False,False,,,,False,,,False,,,,
ORD0001002,A000505,D000135,ADDR000240,206425e9a23e8c53,PI001387,2210.0,0.0,,grocery,2026-01-10 18:13:57,delivered,3,2026-01-14 18:13:57,False,False,,,,False,,,False,,,,
ORD0001003,A000506,D000116,ADDR000036,c13c73a224a4663e,PI000951,850.0,0.0,,grocery,2026-02-06 07:38:00,delivered,1,2026-02-07 07:38:00,False,False,,,,False,,,False,,,,
ORD0001004,A000506,D000116,ADDR000118,c13c73a224a4663e,PI000951,5890.0,0.0,,home,2026-02-27 17:39:42,delivered,3,2026-02-28 17:39:42,False,False,,,,False,,,False,,,,
ORD0001005,A000506,D000116,ADDR000118,c13c73a224a4663e,PI000951,2140.0,0.0,,grocery,2026-02-20 00:13:27,delivered,1,2026-02-21 00:13:27,False,False,,,,False,,,False,,,,
ORD0001006,A000507,D000586,ADDR000050,92e509e2d87271ea,PI000203,880.0,0.0,,fashion,2026-02-20 17:41:33,delivered,2,2026-02-23 17:41:33,False,False,,,,False,,,False,,,,
ORD0001007,A000507,D000617,ADDR000036,92e509e2d87271ea,PI000203,1130.0,0.0,,grocery,2026-02-20 12:38:03,delivered,1,2026-02-23 12:38:03,False,False,,,,False,,,False,,,,
ORD0001008,A000507,D000586,ADDR000036,92e509e2d87271ea,PI000203,1820.0,0.0,,fashion,2026-02-03 17:35:09,delivered,1,2026-02-05 17:35:09,False,False,,,,False,,,False,,,,
ORD0001009,A000508,D000688,ADDR000430,33550e4d680162e7,PI001014,1210.0,0.0,,grocery,2026-02-11 15:59:56,delivered,3,2026-02-13 15:59:56,False,False,,,,False,,,False,,,,
ORD0001010,A000508,D001039,ADDR000430,33550e4d680162e7,PI000281,1330.0,0.0,,fashion,2026-02-20 07:41:32,failed,1,,True,False,,,,False,,,False,,,,
ORD0001011,A000509,D000726,ADDR000054,90a11393b2f77056,PI000547,890.0,0.0,,fashion,2026-01-22 21:15:29,delivered,2,2026-01-24 21:15:29,False,False,,,,False,,,False,,,,
ORD0001012,A000509,D000726,ADDR000054,90a11393b2f77056,PI000547,6040.0,0.0,,home,2026-01-04 08:12:55,delivered,1,2026-01-07 08:12:55,False,False,,,,False,,,False,,,,
ORD0001013,A000509,D000726,ADDR000054,90a11393b2f77056,PI000547,1740.0,0.0,,fashion,2026-01-11 10:17:46,delivered,2,2026-01-15 10:17:46,False,False,,,,False,,,False,,,,
ORD0001014,A000509,D000788,ADDR000054,90a11393b2f77056,PI000547,11160.0,0.0,,electronics,2026-01-06 21:09:25,pending,2,,False,False,,,,False,,,False,,,,
ORD0001015,A000510,D000181,ADDR000219,4db431ce33f02aa8,PI000371,5060.0,0.0,,electronics,2026-01-15 16:56:08,delivered,1,2026-01-19 16:56:08,False,False,,,,False,,,False,,,,
ORD0001016,A000510,D000181,ADDR000219,4db431ce33f02aa8,PI000371,5040.0,0.0,,home,2026-02-02 17:52:45,delivered,3,2026-02-05 17:52:45,False,False,,,,False,,,False,,,,
ORD0001017,A000511,D000726,ADDR000054,8288f1693e885485,PI000371,2230.0,0.0,,grocery,2026-01-20 18:36:49,failed,2,,True,False,,,,False,,,False,,,,
ORD0001018,A000511,D000726,ADDR000054,8288f1693e885485,PI000371,14700.0,0.0,,electronics,2026-01-03 08:35:52,delivered,2,2026-01-07 08:35:52,False,False,,,,False,,,False,,,,
ORD0001019,A000511,D000726,ADDR000054,8288f1693e885485,PI000371,4330.0,0.0,,fashion,2026-02-17 18:26:16,delivered,3,2026-02-21 18:26:16,False,False,,,,False,,,False,,,,
ORD0001020,A000513,D000884,ADDR000292,3b58fffd8c9562e3,PI000784,4610.0,308.5,,fashion,2026-02-04 07:42:09,delivered,2,2026-02-05 07:42:09,False,False,,,,False,,,False,,,,
ORD0001021,A000513,D000884,ADDR000292,3b58fffd8c9562e3,PI000784,5310.0,0.0,,home,2026-01-13 23:20:46,delivered,2,2026-01-16 23:20:46,False,False,,,,False,,,False,,,,
ORD0001022,A000514,D000763,ADDR000237,fd08b57555d1b661,PI000156,700.0,81.23,,grocery,2026-01-13 08:42:54,delivered,3,2026-01-17 08:42:54,False,False,,,,False,,,False,,,,
ORD0001023,A000514,D000763,ADDR000237,fd08b57555d1b661,PI000156,1390.0,176.67,,fashion,2026-02-26 15:59:11,pending,2,,False,False,,,,False,,,False,,,,
ORD0001024,A000514,D000763,ADDR000237,fd08b57555d1b661,PI000156,1670.0,0.0,,home,2026-02-18 02:08:00,pending,1,,False,False,,,,False,,,False,,,,
ORD0001025,A000516,D000927,ADDR000160,446d75bcf1174fd9,PI001285,7620.0,0.0,,electronics,2026-02-04 02:24:15,delivered,1,2026-02-05 02:24:15,False,False,,,,False,,,False,,,,
ORD0001026,A000518,D000739,ADDR000135,1a58357069750b28,PI000625,6150.0,0.0,,home,2026-01-28 14:28:13,delivered,1,2026-02-01 14:28:13,False,False,,,,False,,,False,,,,
ORD0001027,A000518,D000739,ADDR000135,1a58357069750b28,PI000625,4520.0,0.0,,fashion,2026-02-21 00:23:39,pending,1,,False,False,,,,False,,,False,,,,
ORD0001028,A000519,D000135,ADDR000024,06089e2ea466f8b8,PI000248,510.0,0.0,,grocery,2026-01-24 04:21:49,delivered,1,2026-01-28 04:21:49,False,False,,,,False,,,False,,,,
ORD0001029,A000519,D000135,ADDR000024,06089e2ea466f8b8,PI000248,1260.0,0.0,,grocery,2026-01-13 16:04:28,delivered,3,2026-01-15 16:04:28,False,False,,,,False,,,False,,,,
ORD0001030,A000519,D000135,ADDR000024,06089e2ea466f8b8,PI000248,2120.0,137.1,,toys,2026-02-26 11:22:29,delivered,3,2026-03-02 11:22:29,False,False,,,,False,,,False,,,,
ORD0001031,A000520,D000337,ADDR000568,9be4a6409730cb56,PI000509,1390.0,0.0,,books,2026-02-08 09:12:08,delivered,1,2026-02-10 09:12:08,False,False,,,,False,,,False,,,,
ORD0001032,A000521,D000308,ADDR000292,c14798ce2ca0bd72,PI001028,10490.0,628.45,,electronics,2026-01-17 16:03:53,delivered,2,2026-01-21 16:03:53,False,False,,,,False,,,False,,,,
ORD0001033,A000521,D000308,ADDR000292,c14798ce2ca0bd72,PI001028,7280.0,0.0,,home,2026-02-19 03:25:26,delivered,2,2026-02-23 03:25:26,False,False,,,,False,,,False,,,,
ORD0001034,A000522,D000273,ADDR000568,f843d6d6dfaefec5,PI000649,2200.0,0.0,,grocery,2026-02-03 15:01:29,delivered,1,2026-02-05 15:01:29,False,False,,,,False,,,False,,,,
ORD0001035,A000522,D000273,ADDR000568,f843d6d6dfaefec5,PI000649,6620.0,0.0,,home,2026-02-11 07:26:37,delivered,3,2026-02-14 07:26:37,False,False,,,,False,,,False,,,,
ORD0001036,A000524,D000602,ADDR000221,cf3311e4a68b59d2,PI000740,3780.0,0.0,,fashion,2026-01-28 23:16:26,delivered,1,2026-01-30 23:16:26,False,False,,,,False,,,False,,,,
ORD0001037,A000524,D000297,ADDR000221,cf3311e4a68b59d2,PI000668,3160.0,0.0,,fashion,2026-02-04 00:33:02,delivered,3,2026-02-08 00:33:02,False,False,,,,False,,,False,,,,
ORD0001038,A000525,D000261,ADDR000555,86f95e2a08afaa18,PI000477,400.0,0.0,,books,2026-02-25 22:57:18,delivered,3,2026-03-01 22:57:18,False,False,,,,False,,,False,,,,
ORD0001039,A000525,D000261,ADDR000555,86f95e2a08afaa18,PI000005,1450.0,0.0,,grocery,2026-02-21 14:15:29,delivered,1,2026-02-24 14:15:29,False,False,,,,False,,,False,,,,
ORD0001040,A000525,D000261,ADDR000555,86f95e2a08afaa18,PI000477,1720.0,0.0,,books,2026-02-18 06:01:38,delivered,1,2026-02-21 06:01:38,False,False,,,,False,,,False,,,,
ORD0001041,A000525,D000261,ADDR000555,86f95e2a08afaa18,PI000005,2310.0,0.0,,grocery,2026-01-30 01:20:00,failed,2,,True,False,,,,False,,,False,,,,
ORD0001042,A000526,D000183,ADDR000189,2eea16811f15fe3a,PI000612,5310.0,0.0,,electronics,2026-02-01 02:00:04,delivered,3,2026-02-03 02:00:04,False,False,,,,False,,,False,,,,
ORD0001043,A000527,D000696,ADDR000174,6e5543796cf4aaca,PI000548,2790.0,308.3,,grocery,2026-02-11 05:52:45,delivered,2,2026-02-14 05:52:45,False,False,,,,False,,,False,,,,
ORD0001044,A000529,D000292,ADDR000358,1946aa2a21ca7b90,PI000784,950.0,0.0,,books,2026-01-19 01:47:20,delivered,2,2026-01-23 01:47:20,False,False,,,,False,,,False,,,,
ORD0001045,A000529,D000292,ADDR000358,1946aa2a21ca7b90,PI000784,5920.0,0.0,,electronics,2026-01-27 15:14:42,delivered,2,2026-01-29 15:14:42,False,False,,,,False,,,False,,,,
ORD0001046,A000530,D000761,ADDR000393,d309948df0af8113,PI000650,3170.0,0.0,,home,2026-01-23 18:41:49,failed,2,,True,False,,,,False,,,False,,,,
ORD0001047,A000530,D000761,ADDR000393,d309948df0af8113,PI000064,4800.0,501.46,,fashion,2026-02-28 13:34:10,delivered,2,2026-03-03 13:34:10,False,False,,,,False,,,False,,,,
ORD0001048,A000531,D000798,ADDR000174,c5b1d647afb67e9f,PI000316,7280.0,757.65,,home,2026-02-12 07:45:09,delivered,3,2026-02-15 07:45:09,False,False,,,,False,,,False,,,,
ORD0001049,A000532,D000784,ADDR000530,13bfa05d7eed9ff3,PI000599,2980.0,0.0,,electronics,2026-01-20 21:29:22,delivered,3,2026-01-21 21:29:22,False,False,,,,False,,,False,,,,
ORD0001050,A000535,D000997,ADDR000343,2af6af5577fd981c,PI001245,1430.0,0.0,,grocery,2026-02-25 16:34:37,delivered,1,2026-02-28 16:34:37,False,False,,,,False,,,False,,,,
ORD0001051,A000536,D000548,ADDR000568,f535e9ee53dd4ec3,PI000454,6480.0,0.0,,home,2026-01-12 20:21:28,delivered,2,2026-01-16 20:21:28,False,False,,,,False,,,False,,,,
ORD0001052,A000536,D000548,ADDR000361,f535e9ee53dd4ec3,PI000454,650.0,0.0,,grocery,2026-01-16 08:37:16,failed,2,,True,False,,,,False,,,False,,,,
ORD0001053,A000537,D000798,ADDR000084,34e2e0b7e1cacee2,PI000946,1550.0,0.0,,grocery,2026-02-07 18:42:17,delivered,3,2026-02-08 18:42:17,False,False,,,,False,,,False,,,,
ORD0001054,A000538,D000209,ADDR000292,3b58fffd8c9562e3,PI000655,4660.0,0.0,,fashion,2026-02-02 00:29:10,delivered,3,2026-02-03 00:29:10,False,False,,,,False,,,False,,,,
ORD0001055,A000541,D000726,ADDR000292,8288f1693e885485,PI000371,4010.0,465.89,,fashion,2026-01-11 09:22:59,delivered,2,2026-01-14 09:22:59,False,False,,,,False,,,False,,,,
ORD0001056,A000541,D000726,ADDR000292,8288f1693e885485,PI000371,2910.0,0.0,,fashion,2026-02-11 15:06:52,delivered,1,2026-02-15 15:06:52,False,False,,,,False,,,False,,,,
ORD0001057,A000542,D000410,ADDR000146,13b2bbef9a9b970c,PI000471,520.0,0.0,,books,2026-01-26 01:51:41,delivered,3,2026-01-30 01:51:41,False,False,,,,False,,,False,,,,
ORD0001058,A000542,D000410,ADDR000146,13b2bbef9a9b970c,PI000471,1010.0,0.0,,grocery,2026-02-21 00:34:26,delivered,3,2026-02-23 00:34:26,False,False,,,,False,,,False,,,,
ORD0001059,A000542,D000410,ADDR000323,13b2bbef9a9b970c,PI000471,3720.0,349.21,,fashion,2026-02-13 15:20:08,pending,1,,False,False,,,,False,,,False,,,,
ORD0001060,A000543,D000773,ADDR000308,24c132ddd7a43905,PI000627,8400.0,0.0,,electronics,2026-02-11 11:53:48,delivered,2,2026-02-12 11:53:48,False,False,,,,False,,,False,,,,
ORD0001061,A000543,D000773,ADDR000308,24c132ddd7a43905,PI000627,2850.0,0.0,,fashion,2026-01-24 19:10:37,delivered,2,2026-01-28 19:10:37,False,False,,,,False,,,False,,,,
ORD0001062,A000543,D000773,ADDR000308,24c132ddd7a43905,PI000627,1510.0,0.0,,toys,2026-02-11 22:51:01,delivered,3,2026-02-15 22:51:01,False,False,,,,False,,,False,,,,
ORD0001063,A000543,D000791,ADDR000308,24c132ddd7a43905,PI000627,3840.0,0.0,,fashion,2026-02-24 15:09:27,delivered,3,2026-02-28 15:09:27,False,False,,,,False,,,False,,,,
ORD0001064,A000544,D000537,ADDR000502,2d5e9401a78552a5,PI000863,2800.0,0.0,,grocery,2026-02-02 00:29:33,delivered,1,2026-02-05 00:29:33,False,False,,,,False,,,False,,,,
ORD0001065,A000544,D000204,ADDR000502,2d5e9401a78552a5,PI000863,3270.0,0.0,,fashion,2026-01-20 03:11:43,delivered,3,2026-01-23 03:11:43,False,False,,,,False,,,False,,,,
ORD0001066,A000544,D000537,ADDR000502,2d5e9401a78552a5,PI000454,18710.0,0.0,,electronics,2026-01-15 18:46:50,pending,1,,False,False,,,,False,,,False,,,,
ORD0001067,A000545,D000510,ADDR000327,b3e2ebb37e7bc9a8,PI000480,1640.0,0.0,,toys,2026-02-26 21:11:37,delivered,2,2026-03-01 21:11:37,False,False,,,,False,,,False,,,,
ORD0001068,A000545,D000510,ADDR000177,b3e2ebb37e7bc9a8,PI000062,6730.0,0.0,,home,2026-02-17 11:55:43,delivered,1,2026-02-18 11:55:43,False,False,,,,False,,,False,,,,
ORD0001069,A000545,D000510,ADDR000327,b3e2ebb37e7bc9a8,PI000062,4060.0,0.0,,fashion,2026-02-03 00:39:16,delivered,2,2026-02-04 00:39:16,False,False,,,,False,,,False,,,,
ORD0001070,A000545,D000510,ADDR000177,b3e2ebb37e7bc9a8,PI000480,2630.0,0.0,,toys,2026-01-31 07:22:15,delivered,1,2026-02-03 07:22:15,False,False,,,,False,,,False,,,,
ORD0001071,A000546,D001188,ADDR000070,84becc5a8932c003,PI000051,6120.0,790.44,,home,2026-01-18 04:51:59,delivered,1,2026-01-21 04:51:59,False,False,,,,False,,,False,,,,
ORD0001072,A000546,D000219,ADDR000070,84becc5a8932c003,PI000051,3240.0,0.0,,toys,2026-01-26 08:12:56,delivered,3,2026-01-30 08:12:56,False,False,,,,False,,,False,,,,
ORD0001073,A000547,D000742,ADDR000414,eec498220fb17968,PI001075,3300.0,0.0,,fashion,2026-02-02 18:06:23,delivered,1,2026-02-06 18:06:23,False,False,,,,False,,,False,,,,
ORD0001074,A000547,D000742,ADDR000414,eec498220fb17968,PI001075,6270.0,694.25,,electronics,2026-02-13 07:30:53,delivered,1,2026-02-17 07:30:53,False,False,,,,False,,,False,,,,
ORD0001075,A000548,D000827,ADDR000024,772ebcd0c054edce,PI000474,1780.0,202.36,,books,2026-02-12 08:11:33,delivered,3,2026-02-16 08:11:33,False,False,,,,False,,,False,,,,
ORD0001076,A000550,D000080,ADDR000219,3a802c118b1cc4c8,PI000335,730.0,0.0,,grocery,2026-02-16 02:59:50,delivered,2,2026-02-18 02:59:50,False,False,,,,False,,,False,,,,
ORD0001077,A000551,D000537,ADDR000084,40e57ea17f8a389b,PI000863,4140.0,0.0,,fashion,2026-02-10 01:58:21,pending,1,,False,False,,,,False,,,False,,,,
ORD0001078,A000552,D000392,ADDR000048,fd08b57555d1b661,PI000805,2180.0,299.38,,grocery,2026-02-27 11:16:19,delivered,3,2026-03-01 11:16:19,False,False,,,,False,,,False,,,,
ORD0001079,A000553,D000242,ADDR000563,c114ecb2f7a91bae,PI000782,6480.0,0.0,,home,2026-02-23 20:30:10,delivered,3,2026-02-25 20:30:10,False,False,,,,False,,,False,,,,
ORD0001080,A000554,D000441,ADDR000552,f374c8dd619c0b2b,PI000102,1100.0,0.0,,grocery,2026-02-12 13:24:07,delivered,2,2026-02-14 13:24:07,False,False,,,,False,,,False,,,,
ORD0001081,A000554,D000441,ADDR000552,f374c8dd619c0b2b,PI000102,1530.0,0.0,,fashion,2026-01-06 13:31:20,delivered,3,2026-01-08 13:31:20,False,False,,,,False,,,False,,,,
ORD0001082,A000554,D000441,ADDR000552,f374c8dd619c0b2b,PI000102,7990.0,0.0,,home,2026-02-10 21:49:27,delivered,3,2026-02-11 21:49:27,False,False,,,,False,,,False,,,,
ORD0001083,A000554,D000441,ADDR000552,f374c8dd619c0b2b,PI000102,11350.0,0.0,,electronics,2026-02-01 03:42:12,failed,2,,True,False,,,,False,,,False,,,,
ORD0001084,A000555,D000832,ADDR000540,c733b7db2c69fe18,PI000540,4310.0,0.0,,fashion,2026-01-30 17:46:27,delivered,1,2026-01-31 17:46:27,False,False,,,,False,,,False,,,,
ORD0001085,A000555,D000832,ADDR000280,c733b7db2c69fe18,PI001130,780.0,0.0,,grocery,2026-02-09 17:36:09,delivered,2,2026-02-12 17:36:09,False,False,,,,False,,,False,,,,
ORD0001086,A000555,D000832,ADDR000280,c733b7db2c69fe18,PI001130,4580.0,0.0,,fashion,2026-01-31 01:31:59,delivered,3,2026-02-04 01:31:59,False,False,,,,False,,,False,,,,
ORD0001087,A000555,D000832,ADDR000540,c733b7db2c69fe18,PI001130,2040.0,0.0,,fashion,2026-01-21 23:24:19,delivered,3,2026-01-22 23:24:19,False,False,,,,False,,,False,,,,
ORD0001088,A000555,D000832,ADDR000540,c733b7db2c69fe18,PI000540,2070.0,0.0,,fashion,2026-02-05 05:24:24,delivered,2,2026-02-06 05:24:24,False,False,,,,False,,,False,,,,
ORD0001089,A000556,D000688,ADDR000419,2d2c43758f3fd1ce,PI000698,3250.0,0.0,,electronics,2026-02-17 13:52:57,pending,1,,False,False,,,,False,,,False,,,,
ORD0001090,A000556,D001088,ADDR000419,2d2c43758f3fd1ce,PI000698,2330.0,0.0,,toys,2026-02-27 06:44:10,delivered,1,2026-03-03 06:44:10,False,False,,,,False,,,False,,,,
ORD0001091,A000556,D001088,ADDR000419,2d2c43758f3fd1ce,PI000274,1890.0,0.0,,books,2026-01-28 06:24:31,delivered,2,2026-01-29 06:24:31,False,False,,,,False,,,False,,,,
ORD0001092,A000557,D000844,ADDR000054,7418d6f8cda24137,PI000857,5630.0,0.0,,home,2026-02-02 11:49:45,delivered,1,2026-02-03 11:49:45,False,False,,,,False,,,False,,,,
ORD0001093,A000557,D000844,ADDR000054,7418d6f8cda24137,PI000985,4900.0,0.0,,fashion,2026-02-01 02:30:58,delivered,2,2026-02-05 02:30:58,False,False,,,,False,,,False,,,,
ORD0001094,A000558,D001045,ADDR000126,589db8e7e286278c,PI000928,5280.0,0.0,,home,2026-02-02 18:14:13,delivered,1,2026-02-04 18:14:13,False,False,,,,False,,,False,,,,
ORD0001095,A000558,D001045,ADDR000296,589db8e7e286278c,PI000928,1850.0,0.0,,home,2026-02-24 00:49:09,delivered,1,2026-02-25 00:49:09,False,False,,,,False,,,False,,,,
ORD0001096,A000559,D000261,ADDR000065,b588c987dd1cf2f2,PI000390,4620.0,0.0,,home,2026-02-17 00:14:01,delivered,1,2026-02-21 00:14:01,False,False,,,,False,,,False,,,,
ORD0001097,A000559,D000264,ADDR000146,b588c987dd1cf2f2,PI000390,1740.0,0.0,,grocery,2026-02-19 02:06:02,delivered,1,2026-02-21 02:06:02,False,False,,,,False,,,False,,,,
ORD0001098,A000560,D000006,ADDR000371,59478a38b1a4b4b2,PI000578,1100.0,343.92,RARE_335,books,2026-02-01 23:49:20,delivered,2,2026-02-05 23:49:20,False,False,,,,False,,,False,,,,
ORD0001099,A000561,D000788,ADDR000084,cee3f3e0cd4975d9,PI000371,3920.0,0.0,,fashion,2026-01-18 11:06:07,delivered,3,2026-01-22 11:06:07,False,False,,,,False,,,False,,,,
ORD0001100,A000561,D000788,ADDR000036,cee3f3e0cd4975d9,PI000357,4120.0,0.0,,home,2026-01-18 21:43:56,delivered,2,2026-01-19 21:43:56,False,False,,,,False,,,False,,,,
ORD0001101,A000561,D000788,ADDR000084,cee3f3e0cd4975d9,PI000371,2920.0,0.0,,grocery,2026-01-24 23:48:41,delivered,2,2026-01-25 23:48:41,False,False,,,,False,,,False,,,,
ORD0001102,A000561,D000788,ADDR000084,cee3f3e0cd4975d9,PI000371,1420.0,0.0,,toys,2026-02-17 19:51:51,delivered,3,2026-02-20 19:51:51,False,False,,,,False,,,False,,,,
ORD0001103,A000561,D000788,ADDR000036,cee3f3e0cd4975d9,PI000371,3360.0,0.0,,toys,2026-02-24 23:53:14,delivered,1,2026-02-26 23:53:14,False,False,,,,False,,,False,,,,
ORD0001104,A000562,D000382,ADDR000393,ef132e9e7faab419,PI000857,1670.0,0.0,,books,2026-02-25 05:46:22,delivered,2,2026-02-27 05:46:22,False,False,,,,False,,,False,,,,
ORD0001105,A000564,D000702,ADDR000552,fec0375ed260ab7e,PI001088,3860.0,371.49,,toys,2026-01-31 12:43:59,delivered,2,2026-02-01 12:43:59,False,False,,,,False,,,False,,,,
ORD0001106,A000564,D000118,ADDR000552,fec0375ed260ab7e,PI001088,3540.0,520.52,,home,2026-02-16 15:05:45,pending,2,,False,False,,,,False,,,False,,,,
ORD0001107,A000566,D001087,ADDR000390,25ab6074e8ae41cc,PI000796,1590.0,0.0,,books,2026-02-07 04:43:42,delivered,2,2026-02-11 04:43:42,False,False,,,,False,,,False,,,,
ORD0001108,A000566,D001087,ADDR000540,25ab6074e8ae41cc,PI000796,890.0,0.0,,grocery,2026-02-26 04:12:38,delivered,1,2026-03-02 04:12:38,False,False,,,,False,,,False,,,,
ORD0001109,A000567,D000128,ADDR000068,6f14369e6af0d24b,PI000854,2230.0,0.0,,grocery,2026-02-22 04:06:45,delivered,3,2026-02-23 04:06:45,False,False,,,,False,,,False,,,,
ORD0001110,A000567,D000128,ADDR000068,6f14369e6af0d24b,PI000854,1000.0,130.28,,home,2026-02-08 18:22:13,delivered,3,2026-02-11 18:22:13,False,False,,,,False,,,False,,,,
ORD0001111,A000569,D000599,ADDR000141,fb38844c64542a27,PI000723,5050.0,739.87,,home,2026-01-30 13:24:07,delivered,2,2026-02-01 13:24:07,False,False,,,,False,,,False,,,,
ORD0001112,A000569,D000425,ADDR000481,fb38844c64542a27,PI001224,240.0,0.0,,books,2026-02-12 16:54:03,pending,1,,False,False,,,,False,,,False,,,,
ORD0001113,A000569,D000425,ADDR000141,fb38844c64542a27,PI000723,2990.0,421.91,,grocery,2026-02-16 13:07:10,delivered,2,2026-02-18 13:07:10,False,False,,,,False,,,False,,,,
ORD0001114,A000569,D000425,ADDR000481,fb38844c64542a27,PI000723,1540.0,0.0,,toys,2026-02-23 19:25:43,delivered,3,2026-02-25 19:25:43,False,False,,,,False,,,False,,,,
ORD0001115,A000569,D000599,ADDR000481,fb38844c64542a27,PI001224,4520.0,0.0,,fashion,2026-02-21 05:02:51,delivered,1,2026-02-24 05:02:51,False,False,,,,False,,,False,,,,
ORD0001116,A000570,D001159,ADDR000132,b22554ca16e8d131,PI000724,2330.0,0.0,,fashion,2026-01-22 05:36:51,delivered,3,2026-01-23 05:36:51,False,False,,,,False,,,False,,,,
ORD0001117,A000570,D000320,ADDR000132,b22554ca16e8d131,PI000724,3980.0,0.0,,fashion,2026-01-31 10:28:49,delivered,2,2026-02-04 10:28:49,False,False,,,,False,,,False,,,,
ORD0001118,A000570,D000320,ADDR000255,b22554ca16e8d131,PI000724,4420.0,0.0,,fashion,2026-02-26 20:47:29,delivered,3,2026-02-27 20:47:29,False,False,,,,False,,,False,,,,
ORD0001119,A000570,D001159,ADDR000132,b22554ca16e8d131,PI000724,5920.0,0.0,,home,2026-02-12 04:28:10,delivered,3,2026-02-13 04:28:10,False,False,,,,False,,,False,,,,
ORD0001120,A000571,D000133,ADDR000111,1b7e86e8a21df1cd,PI000005,16690.0,0.0,,electronics,2026-02-25 13:12:47,delivered,2,2026-03-01 13:12:47,False,False,,,,False,,,False,,,,
ORD0001121,A000571,D000688,ADDR000240,1b7e86e8a21df1cd,PI000005,1660.0,0.0,,home,2026-02-08 12:07:07,delivered,1,2026-02-09 12:07:07,False,False,,,,False,,,False,,,,
ORD0001122,A000572,D000500,ADDR000481,e48960c0faf7c889,PI001106,1500.0,0.0,,fashion,2026-02-05 17:33:35,delivered,3,2026-02-08 17:33:35,False,False,,,,False,,,False,,,,
ORD0001123,A000572,D000575,ADDR000266,e48960c0faf7c889,PI001106,4850.0,0.0,,electronics,2026-02-15 23:13:19,delivered,1,2026-02-19 23:13:19,False,False,,,,False,,,False,,,,
ORD0001124,A000574,D000867,ADDR000538,a74ab5fc1f4576e9,PI000334,9550.0,0.0,,electronics,2026-01-20 23:01:13,delivered,1,2026-01-23 23:01:13,False,False,,,,False,,,False,,,,
ORD0001125,A000574,D000867,ADDR000538,a74ab5fc1f4576e9,PI000334,14430.0,0.0,,electronics,2026-02-09 11:16:51,delivered,3,2026-02-12 11:16:51,False,False,,,,False,,,False,,,,
ORD0001126,A000574,D000867,ADDR000580,a74ab5fc1f4576e9,PI000334,17180.0,1176.52,,electronics,2026-01-27 23:00:17,delivered,3,2026-01-31 23:00:17,False,False,,,,False,,,False,,,,
ORD0001127,A000574,D000867,ADDR000538,a74ab5fc1f4576e9,PI000334,3820.0,507.16,,fashion,2026-01-27 06:22:57,delivered,1,2026-01-31 06:22:57,False,False,,,,False,,,False,,,,
ORD0001128,A000574,D000867,ADDR000538,a74ab5fc1f4576e9,PI000334,3940.0,0.0,,home,2026-02-24 08:07:43,delivered,3,2026-02-28 08:07:43,False,False,,,,False,,,False,,,,
ORD0001129,A000574,D000867,ADDR000580,a74ab5fc1f4576e9,PI000334,2880.0,0.0,,grocery,2026-02-24 16:00:28,delivered,3,2026-02-28 16:00:28,False,False,,,,False,,,False,,,,
ORD0001130,A000575,D000937,ADDR000153,265a773c513e6b1e,PI000854,2840.0,0.0,,grocery,2026-01-30 14:59:08,delivered,2,2026-01-31 14:59:08,False,False,,,,False,,,False,,,,
ORD0001131,A000576,D000068,ADDR000208,4cf317b075b9f3f3,PI000189,17300.0,0.0,,electronics,2026-02-16 19:14:56,delivered,2,2026-02-19 19:14:56,False,False,,,,False,,,False,,,,
ORD0001132,A000576,D000068,ADDR000208,4cf317b075b9f3f3,PI000189,2940.0,184.8,,grocery,2026-01-21 09:09:52,delivered,3,2026-01-24 09:09:52,False,False,,,,False,,,False,,,,
ORD0001133,A000576,D000068,ADDR000208,4cf317b075b9f3f3,PI000189,2330.0,0.0,,fashion,2026-02-18 13:42:23,delivered,2,2026-02-19 13:42:23,False,False,,,,False,,,False,,,,
ORD0001134,A000577,D000181,ADDR000210,a676fa877fc49258,PI000371,6020.0,0.0,,home,2026-02-19 16:38:46,delivered,3,2026-02-21 16:38:46,False,False,,,,False,,,False,,,,
ORD0001135,A000577,D000747,ADDR000210,a676fa877fc49258,PI000371,6780.0,0.0,,home,2026-02-27 14:57:06,delivered,3,2026-02-28 14:57:06,False,False,,,,False,,,False,,,,
ORD0001136,A000577,D000747,ADDR000580,a676fa877fc49258,PI000371,1960.0,0.0,,home,2026-02-09 07:46:15,delivered,2,2026-02-11 07:46:15,False,False,,,,False,,,False,,,,
ORD0001137,A000579,D000898,ADDR000098,7e4d45294156abe5,PI000647,2210.0,0.0,,grocery,2026-02-02 19:19:57,delivered,3,2026-02-06 19:19:57,False,False,,,,False,,,False,,,,
ORD0001138,A000579,D000898,ADDR000098,7e4d45294156abe5,PI000647,2040.0,0.0,,grocery,2026-01-29 01:04:49,delivered,1,2026-02-01 01:04:49,False,False,,,,False,,,False,,,,
ORD0001139,A000579,D000898,ADDR000098,7e4d45294156abe5,PI000454,670.0,0.0,,toys,2026-02-04 14:38:54,delivered,3,2026-02-05 14:38:54,False,False,,,,False,,,False,,,,
ORD0001140,A000579,D000898,ADDR000098,7e4d45294156abe5,PI000454,4420.0,0.0,,fashion,2026-01-28 16:24:09,delivered,2,2026-01-30 16:24:09,False,False,,,,False,,,False,,,,
ORD0001141,A000579,D000890,ADDR000098,7e4d45294156abe5,PI000454,1580.0,226.18,,books,2026-01-26 21:49:19,delivered,1,2026-01-28 21:49:19,False,False,,,,False,,,False,,,,
ORD0001142,A000580,D000605,ADDR000411,bf855a34372b1a44,PI000690,500.0,0.0,,books,2026-02-27 02:25:40,delivered,3,2026-03-03 02:25:40,False,False,,,,False,,,False,,,,
ORD0001143,A000580,D000605,ADDR000411,bf855a34372b1a44,PI000690,840.0,0.0,,fashion,2026-02-09 04:51:31,delivered,2,2026-02-13 04:51:31,False,False,,,,False,,,False,,,,
ORD0001144,A000580,D000605,ADDR000411,bf855a34372b1a44,PI001147,18800.0,0.0,,electronics,2026-01-21 16:12:17,delivered,1,2026-01-22 16:12:17,False,False,,,,False,,,False,,,,
ORD0001145,A000580,D000605,ADDR000411,bf855a34372b1a44,PI000690,1840.0,0.0,,fashion,2026-02-20 08:56:40,delivered,3,2026-02-23 08:56:40,False,False,,,,False,,,False,,,,
ORD0001146,A000580,D000605,ADDR000411,bf855a34372b1a44,PI000690,1210.0,0.0,,fashion,2026-01-20 10:42:47,delivered,3,2026-01-23 10:42:47,False,False,,,,False,,,False,,,,
ORD0001147,A000580,D000605,ADDR000411,bf855a34372b1a44,PI000690,2630.0,0.0,,toys,2026-02-25 09:35:47,delivered,1,2026-02-26 09:35:47,False,False,,,,False,,,False,,,,
ORD0001148,A000581,D000566,ADDR000295,5dcbd70c726eb29c,PI000792,2180.0,0.0,,grocery,2026-02-01 17:15:59,delivered,2,2026-02-04 17:15:59,False,False,,,,False,,,False,,,,
ORD0001149,A000581,D000566,ADDR000295,5dcbd70c726eb29c,PI000792,12580.0,0.0,,electronics,2026-02-27 18:18:50,delivered,1,2026-03-01 18:18:50,False,False,,,,False,,,False,,,,
ORD0001150,A000582,D000998,ADDR000531,146b982725279e02,PI000494,2780.0,186.73,,fashion,2026-02-25 10:30:05,delivered,2,2026-02-28 10:30:05,False,False,,,,False,,,False,,,,
ORD0001151,A000583,D000688,ADDR000357,e66439e0f8ed38c0,PI000016,1110.0,0.0,,grocery,2026-01-17 23:51:34,delivered,1,2026-01-19 23:51:34,False,False,,,,False,,,False,,,,
ORD0001152,A000584,D000430,ADDR000266,d9cfa3465b313f82,PI000816,1210.0,0.0,,grocery,2026-02-19 08:48:34,delivered,3,2026-02-23 08:48:34,False,False,,,,False,,,False,,,,
ORD0001153,A000585,D000132,ADDR000190,5648e02f433f8b83,PI000105,2820.0,0.0,,grocery,2026-01-20 15:44:58,delivered,1,2026-01-22 15:44:58,False,False,,,,False,,,False,,,,
ORD0001154,A000587,D000356,ADDR000118,f3e4b284868128b9,PI000896,1880.0,118.86,,fashion,2026-02-22 00:51:50,delivered,2,2026-02-23 00:51:50,False,False,,,,False,,,False,,,,
ORD0001155,A000587,D000003,ADDR000244,f3e4b284868128b9,PI000493,1690.0,0.0,,grocery,2026-01-28 12:00:03,delivered,3,2026-01-30 12:00:03,False,False,,,,False,,,False,,,,
ORD0001156,A000587,D000003,ADDR000118,f3e4b284868128b9,PI000896,3260.0,0.0,,fashion,2026-01-31 09:20:59,delivered,2,2026-02-02 09:20:59,False,False,,,,False,,,False,,,,
ORD0001157,A000587,D000356,ADDR000244,f3e4b284868128b9,PI000493,2790.0,0.0,,home,2026-02-22 23:17:35,delivered,3,2026-02-25 23:17:35,False,False,,,,False,,,False,,,,
ORD0001158,A000587,D000003,ADDR000244,f3e4b284868128b9,PI000896,3480.0,0.0,,home,2026-01-21 13:44:13,delivered,1,2026-01-22 13:44:13,False,False,,,,False,,,False,,,,
ORD0001159,A000587,D000003,ADDR000118,f3e4b284868128b9,PI000896,2870.0,0.0,,fashion,2026-01-22 02:11:44,delivered,3,2026-01-25 02:11:44,False,False,,,,False,,,False,,,,
ORD0001160,A000587,D000356,ADDR000118,f3e4b284868128b9,PI000493,1610.0,0.0,,fashion,2026-02-05 01:41:28,delivered,3,2026-02-09 01:41:28,False,False,,,,False,,,False,,,,
ORD0001161,A000589,D000387,ADDR000233,987b594a838f2524,PI000729,4460.0,0.0,,fashion,2026-02-28 17:43:10,delivered,1,2026-03-03 17:43:10,False,False,,,,False,,,False,,,,
ORD0001162,A000589,D000387,ADDR000036,987b594a838f2524,PI000471,2190.0,0.0,,home,2026-02-28 05:08:18,delivered,3,2026-03-02 05:08:18,False,False,,,,False,,,False,,,,
ORD0001163,A000589,D000387,ADDR000233,987b594a838f2524,PI000729,1360.0,0.0,,grocery,2026-02-11 07:05:53,delivered,2,2026-02-15 07:05:53,False,False,,,,False,,,False,,,,
ORD0001164,A000589,D000387,ADDR000036,987b594a838f2524,PI000729,1110.0,0.0,,grocery,2026-02-04 08:17:35,delivered,1,2026-02-07 08:17:35,False,False,,,,False,,,False,,,,
ORD0001165,A000589,D000387,ADDR000036,987b594a838f2524,PI000471,2990.0,0.0,,grocery,2026-02-06 20:57:50,delivered,2,2026-02-09 20:57:50,False,False,,,,False,,,False,,,,
ORD0001166,A000591,D001011,ADDR000020,7a97d2c41366ae83,PI000263,1720.0,0.0,,grocery,2026-02-17 23:47:22,delivered,3,2026-02-20 23:47:22,False,False,,,,False,,,False,,,,
ORD0001167,A000591,D001011,ADDR000135,7a97d2c41366ae83,PI000263,2980.0,0.0,,fashion,2026-01-17 00:18:03,delivered,2,2026-01-19 00:18:03,False,False,,,,False,,,False,,,,
ORD0001168,A000592,D000684,ADDR000361,cee3f3e0cd4975d9,PI001071,2630.0,0.0,,electronics,2026-02-11 20:35:18,delivered,3,2026-02-15 20:35:18,False,False,,,,False,,,False,,,,
ORD0001169,A000592,D001075,ADDR000411,cee3f3e0cd4975d9,PI001071,1210.0,0.0,,toys,2026-02-14 11:57:32,delivered,3,2026-02-16 11:57:32,False,False,,,,False,,,False,,,,
ORD0001170,A000594,D001114,ADDR000054,a711a761d1e7e9b0,PI000863,1700.0,0.0,,books,2026-02-23 06:47:02,delivered,1,2026-02-24 06:47:02,False,False,,,,False,,,False,,,,
ORD0001171,A000594,D000524,ADDR000084,a711a761d1e7e9b0,PI000863,2900.0,0.0,,grocery,2026-02-03 01:38:05,delivered,3,2026-02-07 01:38:05,False,False,,,,False,,,False,,,,
ORD0001172,A000597,D000170,ADDR000051,1946aa2a21ca7b90,PI000591,4970.0,0.0,,fashion,2026-02-28 05:32:30,delivered,2,2026-03-01 05:32:30,False,False,,,,False,,,False,,,,
ORD0001173,A000597,D000170,ADDR000051,1946aa2a21ca7b90,PI000591,2070.0,0.0,,electronics,2026-02-05 11:26:20,delivered,3,2026-02-09 11:26:20,False,False,,,,False,,,False,,,,
ORD0001174,A000597,D000764,ADDR000308,1946aa2a21ca7b90,PI000591,1410.0,0.0,,fashion,2026-02-09 05:50:55,delivered,1,2026-02-12 05:50:55,False,False,,,,False,,,False,,,,
ORD0001175,A000597,D000170,ADDR000308,1946aa2a21ca7b90,PI000591,1230.0,0.0,,grocery,2026-02-10 12:54:59,delivered,1,2026-02-11 12:54:59,False,False,,,,False,,,False,,,,
ORD0001176,A000597,D000764,ADDR000051,1946aa2a21ca7b90,PI000591,4910.0,0.0,,fashion,2026-02-26 20:34:17,delivered,2,2026-02-27 20:34:17,False,False,,,,False,,,False,,,,
ORD0001177,A000599,D000242,ADDR000364,f3746c6243952915,PI000162,1380.0,0.0,,grocery,2026-01-16 12:03:25,delivered,2,2026-01-18 12:03:25,False,False,,,,False,,,False,,,,
ORD0001178,A000599,D000242,ADDR000364,f3746c6243952915,PI000162,2860.0,0.0,,grocery,2026-01-29 06:45:52,delivered,1,2026-02-01 06:45:52,False,False,,,,False,,,False,,,,
ORD0001179,A000599,D000242,ADDR000364,f3746c6243952915,PI000162,2930.0,0.0,,fashion,2026-02-07 17:09:51,failed,2,,True,False,,,,False,,,False,,,,
ORD0001180,A000599,D000242,ADDR000364,f3746c6243952915,PI000162,4040.0,0.0,,fashion,2026-02-23 01:50:17,delivered,3,2026-02-24 01:50:17,False,False,,,,False,,,False,,,,
ORD0001181,A000600,D000788,ADDR000054,e1caae22d1adb4a9,PI000863,11110.0,0.0,,electronics,2026-02-16 04:37:23,pending,1,,False,False,,,,False,,,False,,,,
ORD0001182,A000600,D000788,ADDR000054,e1caae22d1adb4a9,PI000863,2930.0,0.0,,fashion,2026-01-17 04:40:57,delivered,3,2026-01-18 04:40:57,False,False,,,,False,,,False,,,,
ORD0001183,A000601,D000275,ADDR000101,987b594a838f2524,PI000256,2270.0,0.0,,home,2026-01-23 18:57:47,delivered,2,2026-01-24 18:57:47,False,False,,,,False,,,False,,,,
ORD0001184,A000602,D000726,ADDR000054,8288f1693e885485,PI000351,520.0,0.0,,grocery,2026-02-05 11:20:51,delivered,1,2026-02-09 11:20:51,False,False,,,,False,,,False,,,,
ORD0001185,A000602,D000726,ADDR000036,8288f1693e885485,PI000371,830.0,67.2,,books,2026-02-06 19:56:42,delivered,2,2026-02-07 19:56:42,False,False,,,,False,,,False,,,,
ORD0001186,A000602,D000726,ADDR000036,8288f1693e885485,PI000351,560.0,0.0,,grocery,2026-01-04 04:04:39,delivered,1,2026-01-06 04:04:39,False,False,,,,False,,,False,,,,
ORD0001187,A000602,D000726,ADDR000036,8288f1693e885485,PI000371,4180.0,0.0,,home,2026-02-09 10:18:54,delivered,3,2026-02-11 10:18:54,False,False,,,,False,,,False,,,,
ORD0001188,A000606,D000747,ADDR000242,b22554ca16e8d131,PI001264,6330.0,535.85,,home,2026-02-05 04:03:39,delivered,1,2026-02-08 04:03:39,False,False,,,,False,,,False,,,,
ORD0001189,A000606,D000747,ADDR000242,b22554ca16e8d131,PI001264,1560.0,0.0,,grocery,2026-01-28 13:49:58,pending,1,,False,False,,,,False,,,False,,,,
ORD0001190,A000606,D000747,ADDR000024,b22554ca16e8d131,PI001264,5130.0,0.0,,home,2026-01-29 06:12:10,delivered,2,2026-02-01 06:12:10,False,False,,,,False,,,False,,,,
ORD0001191,A000606,D001153,ADDR000242,b22554ca16e8d131,PI001264,1220.0,0.0,,grocery,2026-01-29 07:50:23,delivered,1,2026-02-02 07:50:23,False,False,,,,False,,,False,,,,
ORD0001192,A000607,D000522,ADDR000540,0ff4a5d5cc4ea821,PI000005,4050.0,0.0,,fashion,2026-01-13 16:48:42,delivered,2,2026-01-17 16:48:42,False,False,,,,False,,,False,,,,
ORD0001193,A000607,D000522,ADDR000190,0ff4a5d5cc4ea821,PI000005,7830.0,0.0,,home,2026-01-18 10:12:23,delivered,3,2026-01-21 10:12:23,False,False,,,,False,,,False,,,,
ORD0001194,A000607,D000522,ADDR000540,0ff4a5d5cc4ea821,PI000005,3030.0,0.0,,home,2026-02-02 20:19:24,delivered,3,2026-02-06 20:19:24,False,False,,,,False,,,False,,,,
ORD0001195,A000607,D000522,ADDR000190,0ff4a5d5cc4ea821,PI000005,5960.0,0.0,,home,2026-02-12 13:28:23,delivered,3,2026-02-15 13:28:23,False,False,,,,False,,,False,,,,
ORD0001196,A000608,D000410,ADDR000478,257007ddbd2091f5,PI000253,5580.0,0.0,,home,2026-02-06 22:09:33,delivered,1,2026-02-09 22:09:33,False,False,,,,False,,,False,,,,
ORD0001197,A000608,D000547,ADDR000139,257007ddbd2091f5,PI000253,3620.0,0.0,,electronics,2026-02-15 07:38:46,delivered,2,2026-02-16 07:38:46,False,False,,,,False,,,False,,,,
ORD0001198,A000608,D000410,ADDR000139,257007ddbd2091f5,PI000253,2620.0,297.36,,grocery,2026-02-14 12:19:23,delivered,3,2026-02-17 12:19:23,False,False,,,,False,,,False,,,,
ORD0001199,A000608,D000410,ADDR000478,257007ddbd2091f5,PI000253,2020.0,0.0,,grocery,2026-02-26 13:56:36,delivered,3,2026-03-02 13:56:36,False,False,,,,False,,,False,,,,
ORD0001200,A000608,D000410,ADDR000478,257007ddbd2091f5,PI000253,5170.0,0.0,,electronics,2026-01-31 06:48:21,delivered,2,2026-02-01 06:48:21,False,False,,,,False,,,False,,,,
ORD0001201,A000608,D000547,ADDR000478,257007ddbd2091f5,PI000253,1800.0,0.0,,fashion,2026-01-30 07:31:46,delivered,2,2026-02-01 07:31:46,False,False,,,,False,,,False,,,,
ORD0001202,A000609,D000975,ADDR000248,98e23a69c5dcbde3,PI001005,400.0,0.0,,grocery,2026-02-26 22:23:34,delivered,2,2026-03-01 22:23:34,False,False,,,,False,,,False,,,,
ORD0001203,A000609,D000298,ADDR000032,98e23a69c5dcbde3,PI001097,5260.0,0.0,,electronics,2026-02-22 04:18:04,delivered,3,2026-02-23 04:18:04,False,False,,,,False,,,False,,,,
ORD0001204,A000609,D000298,ADDR000032,98e23a69c5dcbde3,PI001097,4790.0,0.0,,fashion,2026-02-15 02:25:10,failed,2,,True,False,,,,False,,,False,,,,
ORD0001205,A000610,D000176,ADDR000243,5cc96e8df5806fcc,PI001264,3740.0,0.0,,fashion,2026-01-19 06:25:31,failed,1,,True,False,,,,False,,,False,,,,
ORD0001206,A000611,D000633,ADDR000576,81294a945120dc8b,PI000987,820.0,0.0,,books,2026-02-25 15:54:09,failed,2,,True,False,,,,False,,,False,,,,
ORD0001207,A000611,D000633,ADDR000576,81294a945120dc8b,PI000645,6560.0,2284.9,RARE_618,home,2026-02-14 23:28:08,delivered,3,2026-02-16 23:28:08,False,False,,,,False,,,False,,,,
ORD0001208,A000611,D000633,ADDR000576,81294a945120dc8b,PI000645,4970.0,0.0,,fashion,2026-02-21 04:55:28,delivered,2,2026-02-23 04:55:28,False,False,,,,False,,,False,,,,
ORD0001209,A000612,D000338,ADDR000435,bc57717ba44acb0e,PI000271,5000.0,0.0,,fashion,2026-02-24 19:37:29,delivered,2,2026-02-27 19:37:29,False,False,,,,False,,,False,,,,
ORD0001210,A000613,D000537,ADDR000099,fb38844c64542a27,PI000428,1560.0,0.0,,books,2026-02-28 14:36:28,delivered,1,2026-03-03 14:36:28,False,False,,,,False,,,False,,,,
ORD0001211,A000613,D000722,ADDR000099,fb38844c64542a27,PI000428,1380.0,0.0,,grocery,2026-01-20 06:03:26,delivered,2,2026-01-21 06:03:26,False,False,,,,False,,,False,,,,
ORD0001212,A000613,D000537,ADDR000099,fb38844c64542a27,PI000428,7310.0,0.0,,home,2026-01-15 07:25:20,delivered,3,2026-01-17 07:25:20,False,False,,,,False,,,False,,,,
ORD0001213,A000613,D000722,ADDR000099,fb38844c64542a27,PI001249,670.0,0.0,,toys,2026-01-21 04:36:56,delivered,1,2026-01-23 04:36:56,False,False,,,,False,,,False,,,,
ORD0001214,A000614,D000530,ADDR000188,7e4d45294156abe5,PI000747,1250.0,145.85,,fashion,2026-02-03 23:24:35,pending,2,,False,False,,,,False,,,False,,,,
ORD0001215,A000614,D000530,ADDR000188,7e4d45294156abe5,PI000747,1400.0,0.0,,books,2026-02-02 18:00:51,delivered,2,2026-02-04 18:00:51,False,False,,,,False,,,False,,,,
ORD0001216,A000614,D000530,ADDR000188,7e4d45294156abe5,PI000747,2440.0,0.0,,fashion,2026-01-26 18:50:47,delivered,2,2026-01-30 18:50:47,False,False,,,,False,,,False,,,,
ORD0001217,A000616,D000520,ADDR000249,8259cae70ec9fdd0,PI000621,4000.0,0.0,,toys,2026-01-30 00:54:29,delivered,1,2026-02-03 00:54:29,False,False,,,,False,,,False,,,,
ORD0001218,A000616,D000520,ADDR000249,8259cae70ec9fdd0,PI000621,7810.0,0.0,,electronics,2026-02-11 12:15:52,delivered,3,2026-02-14 12:15:52,False,False,,,,False,,,False,,,,
ORD0001219,A000616,D000520,ADDR000249,8259cae70ec9fdd0,PI000621,1230.0,0.0,,grocery,2026-02-09 18:48:58,delivered,3,2026-02-11 18:48:58,False,False,,,,False,,,False,,,,
ORD0001220,A000616,D000520,ADDR000249,8259cae70ec9fdd0,PI000621,770.0,0.0,,books,2026-01-30 23:42:02,delivered,3,2026-02-02 23:42:02,False,False,,,,False,,,False,,,,
ORD0001221,A000617,D000533,ADDR000160,446d75bcf1174fd9,PI000870,4780.0,0.0,,home,2026-02-07 22:02:15,delivered,1,2026-02-08 22:02:15,False,False,,,,False,,,False,,,,
ORD0001222,A000617,D000533,ADDR000160,446d75bcf1174fd9,PI000870,3170.0,0.0,,toys,2026-01-29 13:59:13,pending,2,,False,False,,,,False,,,False,,,,
ORD0001223,A000619,D001041,ADDR000115,6e04cbcaa727eb80,PI000644,4300.0,0.0,,fashion,2026-01-31 02:46:16,failed,1,,True,False,,,,False,,,False,,,,
ORD0001224,A000619,D001041,ADDR000425,6e04cbcaa727eb80,PI000644,19820.0,0.0,,electronics,2026-02-04 01:34:34,pending,1,,False,False,,,,False,,,False,,,,
ORD0001225,A000619,D001041,ADDR000425,6e04cbcaa727eb80,PI000644,7010.0,0.0,,home,2026-02-05 19:16:44,delivered,3,2026-02-09 19:16:44,False,False,,,,False,,,False,,,,
ORD0001226,A000621,D001030,ADDR000292,a4d8905cf5ea2ea8,PI001245,2960.0,0.0,,grocery,2026-02-08 20:46:01,delivered,1,2026-02-11 20:46:01,False,False,,,,False,,,False,,,,
ORD0001227,A000621,D001030,ADDR000292,a4d8905cf5ea2ea8,PI001245,350.0,0.0,,grocery,2026-01-09 18:20:03,delivered,1,2026-01-11 18:20:03,False,False,,,,False,,,False,,,,
ORD0001228,A000621,D001030,ADDR000226,a4d8905cf5ea2ea8,PI001245,1270.0,0.0,,fashion,2026-02-10 10:07:22,delivered,2,2026-02-12 10:07:22,False,False,,,,False,,,False,,,,
ORD0001229,A000621,D001030,ADDR000292,a4d8905cf5ea2ea8,PI001245,3740.0,0.0,,home,2026-02-09 14:01:39,pending,1,,False,False,,,,False,,,False,,,,
ORD0001230,A000621,D001030,ADDR000226,a4d8905cf5ea2ea8,PI001245,4240.0,0.0,,fashion,2026-01-18 21:45:05,delivered,3,2026-01-21 21:45:05,False,False,,,,False,,,False,,,,
ORD0001231,A000621,D001030,ADDR000292,a4d8905cf5ea2ea8,PI001245,2840.0,389.14,,fashion,2026-02-04 14:22:13,delivered,3,2026-02-06 14:22:13,False,False,,,,False,,,False,,,,
ORD0001232,A000622,D000533,ADDR000502,c252eaa67e8bc192,PI000949,3860.0,0.0,,home,2026-01-10 01:19:37,delivered,1,2026-01-13 01:19:37,False,False,,,,False,,,False,,,,
ORD0001233,A000622,D000533,ADDR000502,c252eaa67e8bc192,PI000949,1820.0,0.0,,books,2026-01-29 03:54:25,delivered,1,2026-02-01 03:54:25,False,False,,,,False,,,False,,,,
ORD0001234,A000622,D000533,ADDR000502,c252eaa67e8bc192,PI000949,6920.0,0.0,,home,2026-01-20 16:37:57,failed,1,,True,False,,,,False,,,False,,,,
ORD0001235,A000623,D000207,ADDR000282,1d59eed438655110,PI001125,1050.0,0.0,,grocery,2026-02-15 05:53:05,delivered,1,2026-02-16 05:53:05,False,False,,,,False,,,False,,,,
ORD0001236,A000624,D000002,ADDR000072,24c132ddd7a43905,PI001005,520.0,0.0,,toys,2026-02-21 02:16:56,delivered,1,2026-02-24 02:16:56,False,False,,,,False,,,False,,,,
ORD0001237,A000625,D000523,ADDR000569,7ffa8f67ea4bf249,PI001168,6480.0,0.0,,electronics,2026-02-10 07:09:33,delivered,2,2026-02-13 07:09:33,False,False,,,,False,,,False,,,,
ORD0001238,A000626,D000355,ADDR000284,3a802c118b1cc4c8,PI001363,4180.0,0.0,,home,2026-01-27 16:48:19,delivered,2,2026-01-28 16:48:19,False,False,,,,False,,,False,,,,
ORD0001239,A000626,D000355,ADDR000284,3a802c118b1cc4c8,PI001363,15780.0,0.0,,electronics,2026-02-09 22:33:48,failed,1,,True,False,,,,False,,,False,,,,
ORD0001240,A000626,D000355,ADDR000284,3a802c118b1cc4c8,PI001363,5840.0,0.0,,home,2026-02-22 00:43:05,delivered,3,2026-02-23 00:43:05,False,False,,,,False,,,False,,,,
ORD0001241,A000626,D000355,ADDR000284,3a802c118b1cc4c8,PI001363,1080.0,0.0,,fashion,2026-02-13 23:16:36,delivered,3,2026-02-15 23:16:36,False,False,,,,False,,,False,,,,
ORD0001242,A000627,D000997,ADDR000255,69ac4a514cbe039c,PI000371,4130.0,0.0,,home,2026-02-27 07:17:55,delivered,3,2026-03-02 07:17:55,False,False,,,,False,,,False,,,,
ORD0001243,A000627,D000997,ADDR000210,69ac4a514cbe039c,PI000051,1180.0,0.0,,grocery,2026-02-21 03:53:35,delivered,2,2026-02-24 03:53:35,False,False,,,,False,,,False,,,,
ORD0001244,A000628,D000860,ADDR000514,d3c44ba37b95d8b7,PI001197,820.0,0.0,,fashion,2026-02-22 18:30:42,delivered,2,2026-02-25 18:30:42,False,False,,,,False,,,False,,,,
ORD0001245,A000629,D001131,ADDR000249,ef16aff5a3c04e11,PI000250,4670.0,0.0,,fashion,2026-02-21 23:18:07,delivered,2,2026-02-23 23:18:07,False,False,,,,False,,,False,,,,
ORD0001246,A000630,D000209,ADDR000048,11936879b7f9b546,PI000248,840.0,0.0,,grocery,2026-01-14 03:03:20,pending,2,,False,False,,,,False,,,False,,,,
ORD0001247,A000630,D000209,ADDR000585,11936879b7f9b546,PI000857,4860.0,0.0,,home,2026-02-12 13:31:02,delivered,2,2026-02-13 13:31:02,False,False,,,,False,,,False,,,,
ORD0001248,A000632,D001075,ADDR000219,696e3e435307ccbb,PI000025,2770.0,0.0,,grocery,2026-02-01 20:57:33,delivered,3,2026-02-04 20:57:33,False,False,,,,False,,,False,,,,
ORD0001249,A000632,D001075,ADDR000219,696e3e435307ccbb,PI000025,2580.0,0.0,,grocery,2026-01-24 17:14:01,delivered,2,2026-01-27 17:14:01,False,False,,,,False,,,False,,,,
ORD0001250,A000632,D000132,ADDR000219,696e3e435307ccbb,PI000025,1240.0,0.0,,fashion,2026-01-18 08:21:24,delivered,2,2026-01-19 08:21:24,False,False,,,,False,,,False,,,,
ORD0001251,A000633,D000094,ADDR000036,d309948df0af8113,PI000490,550.0,0.0,,grocery,2026-01-31 05:17:50,delivered,2,2026-02-04 05:17:50,False,False,,,,False,,,False,,,,
ORD0001252,A000633,D000094,ADDR000308,d309948df0af8113,PI000490,13110.0,1205.78,,electronics,2026-02-27 04:17:31,delivered,2,2026-03-03 04:17:31,False,False,,,,False,,,False,,,,
ORD0001253,A000634,D000780,ADDR000160,206425e9a23e8c53,PI000884,1240.0,0.0,,toys,2026-02-26 00:15:19,delivered,3,2026-02-27 00:15:19,False,False,,,,False,,,False,,,,
ORD0001254,A000634,D000780,ADDR000160,206425e9a23e8c53,PI000884,1980.0,141.24,,books,2026-02-13 22:52:10,delivered,1,2026-02-16 22:52:10,False,False,,,,False,,,False,,,,
ORD0001255,A000634,D000780,ADDR000461,206425e9a23e8c53,PI000884,3850.0,0.0,,fashion,2026-02-25 03:58:54,delivered,1,2026-02-26 03:58:54,False,False,,,,False,,,False,,,,
ORD0001256,A000634,D000780,ADDR000461,206425e9a23e8c53,PI000884,340.0,0.0,,books,2026-01-28 20:53:05,delivered,3,2026-01-29 20:53:05,False,False,,,,False,,,False,,,,
ORD0001257,A000635,D000844,ADDR000035,5d17ab3387366b26,PI000103,3960.0,0.0,,fashion,2026-02-03 22:54:56,delivered,1,2026-02-04 22:54:56,False,False,,,,False,,,False,,,,
ORD0001258,A000637,D000264,ADDR000087,33550e4d680162e7,PI000909,2420.0,0.0,,toys,2026-02-17 06:17:42,delivered,2,2026-02-21 06:17:42,False,False,,,,False,,,False,,,,
ORD0001259,A000637,D000787,ADDR000020,33550e4d680162e7,PI000909,4870.0,0.0,,fashion,2026-02-06 15:06:55,delivered,3,2026-02-08 15:06:55,False,False,,,,False,,,False,,,,
ORD0001260,A000637,D000787,ADDR000020,33550e4d680162e7,PI000909,740.0,0.0,,books,2026-02-17 21:48:51,delivered,1,2026-02-21 21:48:51,False,False,,,,False,,,False,,,,
ORD0001261,A000637,D000264,ADDR000087,33550e4d680162e7,PI000909,3900.0,0.0,,toys,2026-01-31 20:27:05,delivered,3,2026-02-03 20:27:05,False,False,,,,False,,,False,,,,
ORD0001262,A000637,D000787,ADDR000020,33550e4d680162e7,PI000909,4100.0,0.0,,fashion,2026-02-14 13:02:56,delivered,3,2026-02-18 13:02:56,False,False,,,,False,,,False,,,,
ORD0001263,A000637,D000787,ADDR000087,33550e4d680162e7,PI000909,2230.0,0.0,,fashion,2026-02-12 12:12:48,delivered,3,2026-02-15 12:12:48,False,False,,,,False,,,False,,,,
ORD0001264,A000637,D000787,ADDR000087,33550e4d680162e7,PI000909,1100.0,0.0,,books,2026-02-06 02:30:46,delivered,3,2026-02-09 02:30:46,False,False,,,,False,,,False,,,,
ORD0001265,A000637,D000264,ADDR000087,33550e4d680162e7,PI000909,2100.0,0.0,,fashion,2026-02-04 11:46:00,delivered,3,2026-02-08 11:46:00,False,False,,,,False,,,False,,,,
ORD0001266,A000637,D000787,ADDR000020,33550e4d680162e7,PI000909,13450.0,0.0,,electronics,2026-02-01 05:51:19,delivered,1,2026-02-05 05:51:19,False,False,,,,False,,,False,,,,
ORD0001267,A000638,D000854,ADDR000072,90a11393b2f77056,PI000626,2910.0,333.49,,grocery,2026-02-16 22:34:36,delivered,3,2026-02-20 22:34:36,False,False,,,,False,,,False,,,,
ORD0001268,A000638,D000854,ADDR000498,90a11393b2f77056,PI000626,3540.0,0.0,,fashion,2026-02-24 00:45:27,delivered,1,2026-02-28 00:45:27,False,False,,,,False,,,False,,,,
ORD0001269,A000638,D000854,ADDR000072,90a11393b2f77056,PI001039,1000.0,114.33,,grocery,2026-02-27 23:49:02,pending,1,,False,False,,,,False,,,False,,,,
ORD0001270,A000639,D000430,ADDR000357,5429db07c80d419b,PI000984,12380.0,0.0,,electronics,2026-01-21 06:31:40,delivered,3,2026-01-23 06:31:40,False,False,,,,False,,,False,,,,
ORD0001271,A000641,D000487,ADDR000154,987b594a838f2524,PI000108,2920.0,0.0,,toys,2026-02-09 12:22:10,delivered,1,2026-02-10 12:22:10,False,False,,,,False,,,False,,,,
ORD0001272,A000641,D000487,ADDR000154,987b594a838f2524,PI000108,15350.0,0.0,,electronics,2026-02-16 13:34:26,delivered,2,2026-02-19 13:34:26,False,False,,,,False,,,False,,,,
ORD0001273,A000641,D000487,ADDR000154,987b594a838f2524,PI000108,1020.0,0.0,,fashion,2026-02-09 20:08:23,failed,1,,True,False,,,,False,,,False,,,,
ORD0001274,A000642,D000136,ADDR000253,b55a821261a0628d,PI000784,1560.0,0.0,,books,2026-01-31 15:50:08,delivered,2,2026-02-03 15:50:08,False,False,,,,False,,,False,,,,
ORD0001275,A000642,D000136,ADDR000253,b55a821261a0628d,PI000784,4880.0,0.0,,fashion,2026-02-06 08:59:20,pending,2,,False,False,,,,False,,,False,,,,
ORD0001276,A000643,D000946,ADDR000502,2d2c43758f3fd1ce,PI000392,2270.0,0.0,,fashion,2026-02-10 02:40:43,delivered,3,2026-02-12 02:40:43,False,False,,,,False,,,False,,,,
ORD0001277,A000643,D000946,ADDR000502,2d2c43758f3fd1ce,PI000392,6000.0,0.0,,home,2026-01-30 07:43:43,delivered,3,2026-02-03 07:43:43,False,False,,,,False,,,False,,,,
ORD0001278,A000644,D000325,ADDR000514,2f6c620003226f89,PI001054,2540.0,0.0,,fashion,2026-02-16 08:19:31,delivered,3,2026-02-17 08:19:31,False,False,,,,False,,,False,,,,
ORD0001279,A000644,D000339,ADDR000514,2f6c620003226f89,PI001054,1350.0,0.0,,books,2026-01-25 16:27:05,delivered,2,2026-01-29 16:27:05,False,False,,,,False,,,False,,,,
ORD0001280,A000644,D000339,ADDR000514,2f6c620003226f89,PI001054,3500.0,0.0,,toys,2026-02-20 04:54:06,delivered,1,2026-02-22 04:54:06,False,False,,,,False,,,False,,,,
ORD0001281,A000645,D000779,ADDR000240,8762006c0334d78d,PI000914,7440.0,0.0,,home,2026-02-24 05:37:31,delivered,3,2026-02-25 05:37:31,False,False,,,,False,,,False,,,,
ORD0001282,A000646,D000271,ADDR000577,38792e98817665dd,PI000122,2540.0,0.0,,toys,2026-02-08 01:23:47,delivered,1,2026-02-12 01:23:47,False,False,,,,False,,,False,,,,
ORD0001283,A000647,D000441,ADDR000100,c5b1d647afb67e9f,PI000770,2420.0,0.0,,grocery,2026-02-13 04:17:40,delivered,2,2026-02-16 04:17:40,False,False,,,,False,,,False,,,,
ORD0001284,A000649,D000294,ADDR000361,8d6f19e79db11452,PI001229,3590.0,0.0,,fashion,2026-01-24 03:38:17,delivered,3,2026-01-25 03:38:17,False,False,,,,False,,,False,,,,
ORD0001285,A000650,D000611,ADDR000120,a61320d87a0301c3,PI001165,2420.0,187.31,,home,2026-01-29 17:57:50,pending,1,,False,False,,,,False,,,False,,,,
ORD0001286,A000651,D000960,ADDR000438,696e3e435307ccbb,PI001272,3600.0,0.0,,toys,2026-02-11 07:54:54,delivered,1,2026-02-13 07:54:54,False,False,,,,False,,,False,,,,
ORD0001287,A000653,D001032,ADDR000357,df74e51cbc5d5e11,PI000431,3340.0,0.0,,home,2026-02-20 13:57:45,delivered,1,2026-02-24 13:57:45,False,False,,,,False,,,False,,,,
ORD0001288,A000654,D000198,ADDR000568,d309948df0af8113,PI000541,2070.0,0.0,,grocery,2026-02-22 01:10:32,delivered,2,2026-02-23 01:10:32,False,False,,,,False,,,False,,,,
ORD0001289,A000654,D001188,ADDR000580,d309948df0af8113,PI000541,2470.0,0.0,,fashion,2026-01-22 01:23:43,delivered,1,2026-01-25 01:23:43,False,False,,,,False,,,False,,,,
ORD0001290,A000654,D001188,ADDR000580,d309948df0af8113,PI000541,3740.0,435.15,,electronics,2026-01-11 05:31:46,delivered,2,2026-01-15 05:31:46,False,False,,,,False,,,False,,,,
ORD0001291,A000654,D000198,ADDR000580,d309948df0af8113,PI000541,1220.0,156.24,,fashion,2026-02-05 23:57:27,failed,2,,True,False,,,,False,,,False,,,,
ORD0001292,A000655,D000222,ADDR000534,fe43724647ee0f7d,PI001182,340.0,0.0,,books,2026-02-22 10:01:33,delivered,2,2026-02-23 10:01:33,False,False,,,,False,,,False,,,,
ORD0001293,A000655,D000222,ADDR000534,fe43724647ee0f7d,PI001182,18410.0,0.0,,electronics,2026-02-02 14:11:14,delivered,3,2026-02-04 14:11:14,False,False,,,,False,,,False,,,,
ORD0001294,A000656,D000891,ADDR000286,9852473a09d25779,PI000870,2240.0,0.0,,grocery,2026-02-22 21:13:51,delivered,1,2026-02-25 21:13:51,False,False,,,,False,,,False,,,,
ORD0001295,A000657,D000198,ADDR000249,56660eb007e2acb9,PI000030,6970.0,0.0,,electronics,2026-01-23 11:14:05,delivered,2,2026-01-25 11:14:05,False,False,,,,False,,,False,,,,
ORD0001296,A000658,D000481,ADDR000400,3604f6bb2234a583,PI000375,13770.0,0.0,,electronics,2026-01-27 14:45:45,delivered,1,2026-01-31 14:45:45,False,False,,,,False,,,False,,,,
ORD0001297,A000660,D000868,ADDR000009,7940a9cf979620b7,PI000863,3410.0,0.0,,toys,2026-02-25 19:59:30,delivered,2,2026-02-27 19:59:30,False,False,,,,False,,,False,,,,
ORD0001298,A000660,D000279,ADDR000009,7940a9cf979620b7,PI001165,3080.0,414.45,,fashion,2026-01-30 16:09:43,delivered,3,2026-02-01 16:09:43,False,False,,,,False,,,False,,,,
ORD0001299,A000661,D000479,ADDR000233,a4ce1c4f1a441966,PI000993,1010.0,0.0,,fashion,2026-01-24 18:53:28,delivered,3,2026-01-26 18:53:28,False,False,,,,False,,,False,,,,
ORD0001300,A000661,D000479,ADDR000233,a4ce1c4f1a441966,PI000360,2250.0,0.0,,toys,2026-02-18 16:03:39,delivered,3,2026-02-21 16:03:39,False,False,,,,False,,,False,,,,
ORD0001301,A000661,D000479,ADDR000233,a4ce1c4f1a441966,PI000360,780.0,0.0,,grocery,2026-02-08 22:33:03,delivered,1,2026-02-11 22:33:03,False,False,,,,False,,,False,,,,
ORD0001302,A000661,D000479,ADDR000233,a4ce1c4f1a441966,PI000993,2990.0,0.0,,toys,2026-02-16 12:59:13,delivered,3,2026-02-20 12:59:13,False,False,,,,False,,,False,,,,
ORD0001303,A000663,D000927,ADDR000361,3b58fffd8c9562e3,PI000248,3990.0,0.0,,home,2026-01-21 03:59:07,pending,1,,False,False,,,,False,,,False,,,,
ORD0001304,A000663,D000927,ADDR000361,3b58fffd8c9562e3,PI000248,4120.0,0.0,,electronics,2026-01-17 11:44:51,delivered,2,2026-01-19 11:44:51,False,False,,,,False,,,False,,,,
ORD0001305,A000664,D000136,ADDR000358,3569287832065b14,PI000466,4370.0,0.0,,fashion,2026-01-12 10:53:25,delivered,2,2026-01-15 10:53:25,False,False,,,,False,,,False,,,,
ORD0001306,A000664,D000136,ADDR000358,3569287832065b14,PI000466,550.0,0.0,,books,2026-02-14 04:34:48,delivered,3,2026-02-16 04:34:48,False,False,,,,False,,,False,,,,
ORD0001307,A000665,D000923,ADDR000540,6eb87d43c0580ca8,PI000414,7220.0,0.0,,home,2026-01-24 06:00:33,delivered,1,2026-01-27 06:00:33,False,False,,,,False,,,False,,,,
ORD0001308,A000665,D001039,ADDR000540,6eb87d43c0580ca8,PI001137,2000.0,130.59,,fashion,2026-01-27 19:20:15,pending,1,,False,False,,,,False,,,False,,,,
ORD0001309,A000666,D000801,ADDR000070,7489cb25e9481722,PI000055,1690.0,0.0,,grocery,2026-01-13 01:18:22,delivered,3,2026-01-16 01:18:22,False,False,,,,False,,,False,,,,
ORD0001310,A000666,D000801,ADDR000070,7489cb25e9481722,PI000055,1960.0,0.0,,fashion,2026-01-14 01:21:34,delivered,2,2026-01-18 01:21:34,False,False,,,,False,,,False,,,,
ORD0001311,A000666,D000913,ADDR000054,7489cb25e9481722,PI000566,510.0,0.0,,grocery,2026-01-31 19:36:33,delivered,2,2026-02-04 19:36:33,False,False,,,,False,,,False,,,,
ORD0001312,A000666,D000913,ADDR000054,7489cb25e9481722,PI000055,670.0,0.0,,books,2026-01-20 02:43:02,delivered,1,2026-01-23 02:43:02,False,False,,,,False,,,False,,,,
ORD0001313,A000667,D000498,ADDR000100,c733b7db2c69fe18,PI000547,5300.0,0.0,,home,2026-02-24 07:52:38,delivered,3,2026-02-27 07:52:38,False,False,,,,False,,,False,,,,
ORD0001314,A000668,D000128,ADDR000248,c9c78a26f1452592,PI001210,2610.0,0.0,,electronics,2026-02-21 21:27:36,delivered,1,2026-02-22 21:27:36,False,False,,,,False,,,False,,,,
ORD0001315,A000670,D000877,ADDR000371,6b6eb81125fd9036,PI000621,1500.0,0.0,,fashion,2026-02-01 19:06:48,delivered,1,2026-02-05 19:06:48,False,False,,,,False,,,False,,,,
ORD0001316,A000670,D000877,ADDR000371,6b6eb81125fd9036,PI000621,940.0,0.0,,grocery,2026-02-21 20:27:00,delivered,1,2026-02-23 20:27:00,False,False,,,,False,,,False,,,,
ORD0001317,A000671,D000595,ADDR000585,a11327f184c2109d,PI000750,4310.0,0.0,,fashion,2026-02-28 08:58:29,delivered,2,2026-03-01 08:58:29,False,False,,,,False,,,False,,,,
ORD0001318,A000671,D000595,ADDR000233,a11327f184c2109d,PI000750,2430.0,229.19,,fashion,2026-02-11 17:34:00,delivered,1,2026-02-14 17:34:00,False,False,,,,False,,,False,,,,
ORD0001319,A000672,D000881,ADDR000061,33550e4d680162e7,PI001119,4310.0,0.0,,electronics,2026-02-25 16:54:23,pending,2,,False,False,,,,False,,,False,,,,
ORD0001320,A000672,D000295,ADDR000061,33550e4d680162e7,PI001119,840.0,81.33,,toys,2026-02-21 09:48:21,delivered,3,2026-02-25 09:48:21,False,False,,,,False,,,False,,,,
ORD0001321,A000673,D000430,ADDR000590,5bf19662f6caa238,PI001372,6380.0,0.0,,electronics,2026-02-09 20:35:50,delivered,2,2026-02-10 20:35:50,False,False,,,,False,,,False,,,,
ORD0001322,A000673,D000430,ADDR000590,5bf19662f6caa238,PI001372,1410.0,119.85,,toys,2026-02-02 14:42:00,delivered,1,2026-02-05 14:42:00,False,False,,,,False,,,False,,,,
ORD0001323,A000673,D000430,ADDR000390,5bf19662f6caa238,PI001372,16890.0,0.0,,electronics,2026-02-19 03:09:27,delivered,1,2026-02-23 03:09:27,False,False,,,,False,,,False,,,,
ORD0001324,A000673,D000430,ADDR000390,5bf19662f6caa238,PI001372,1750.0,173.55,,fashion,2026-02-12 00:32:18,delivered,3,2026-02-13 00:32:18,False,False,,,,False,,,False,,,,
ORD0001325,A000674,D001163,ADDR000131,214827f8de300856,PI001039,7360.0,0.0,,home,2026-02-03 02:20:34,delivered,2,2026-02-05 02:20:34,False,False,,,,False,,,False,,,,
ORD0001326,A000674,D001163,ADDR000131,214827f8de300856,PI001039,1040.0,0.0,,fashion,2026-01-25 16:26:41,delivered,1,2026-01-29 16:26:41,False,False,,,,False,,,False,,,,
ORD0001327,A000674,D001163,ADDR000131,214827f8de300856,PI001039,830.0,0.0,,fashion,2026-01-26 18:42:14,delivered,2,2026-01-29 18:42:14,False,False,,,,False,,,False,,,,
ORD0001328,A000674,D001163,ADDR000131,214827f8de300856,PI001039,810.0,0.0,,books,2026-02-08 07:32:28,delivered,1,2026-02-10 07:32:28,False,False,,,,False,,,False,,,,
ORD0001329,A000674,D001163,ADDR000131,214827f8de300856,PI001039,11100.0,1158.48,,electronics,2026-01-22 04:26:42,pending,1,,False,False,,,,False,,,False,,,,
ORD0001330,A000676,D000868,ADDR000537,4d478ab5292ba827,PI000782,790.0,48.15,,grocery,2026-01-31 08:21:04,delivered,1,2026-02-01 08:21:04,False,False,,,,False,,,False,,,,
ORD0001331,A000676,D000868,ADDR000195,4d478ab5292ba827,PI000960,6760.0,0.0,,home,2026-02-21 09:02:37,delivered,3,2026-02-22 09:02:37,False,False,,,,False,,,False,,,,
ORD0001332,A000676,D000868,ADDR000195,4d478ab5292ba827,PI000960,1060.0,0.0,,toys,2026-01-17 09:19:17,delivered,1,2026-01-18 09:19:17,False,False,,,,False,,,False,,,,
ORD0001333,A000676,D000868,ADDR000537,4d478ab5292ba827,PI000782,1770.0,232.72,,fashion,2026-02-19 05:30:58,delivered,2,2026-02-22 05:30:58,False,False,,,,False,,,False,,,,
ORD0001334,A000678,D000002,ADDR000248,4d478ab5292ba827,PI001046,700.0,67.91,,toys,2026-02-05 12:48:58,delivered,1,2026-02-06 12:48:58,False,False,,,,False,,,False,,,,
ORD0001335,A000678,D000002,ADDR000442,4d478ab5292ba827,PI001046,2900.0,0.0,,fashion,2026-01-31 07:23:36,failed,2,,True,False,,,,False,,,False,,,,
ORD0001336,A000680,D001194,ADDR000295,b1d6cf1ecfe92b4f,PI001291,2290.0,0.0,,fashion,2026-01-10 21:02:49,delivered,3,2026-01-12 21:02:49,False,False,,,,False,,,False,,,,
ORD0001337,A000680,D001194,ADDR000552,b1d6cf1ecfe92b4f,PI001291,940.0,0.0,,books,2026-01-24 23:40:25,delivered,1,2026-01-27 23:40:25,False,False,,,,False,,,False,,,,
ORD0001338,A000681,D000788,ADDR000196,1e8e0470460f4dec,PI000850,1270.0,0.0,,grocery,2026-02-26 21:27:32,delivered,3,2026-03-01 21:27:32,False,False,,,,False,,,False,,,,
ORD0001339,A000681,D000048,ADDR000196,1e8e0470460f4dec,PI000748,4270.0,0.0,,fashion,2026-02-17 13:48:44,delivered,3,2026-02-20 13:48:44,False,False,,,,False,,,False,,,,
ORD0001340,A000681,D000048,ADDR000196,1e8e0470460f4dec,PI000748,6300.0,0.0,,home,2026-02-01 19:59:11,delivered,2,2026-02-03 19:59:11,False,False,,,,False,,,False,,,,
ORD0001341,A000681,D000048,ADDR000196,1e8e0470460f4dec,PI000748,3600.0,0.0,,fashion,2026-02-20 16:26:30,delivered,2,2026-02-21 16:26:30,False,False,,,,False,,,False,,,,
ORD0001342,A000681,D000788,ADDR000196,1e8e0470460f4dec,PI000850,4870.0,0.0,,fashion,2026-01-31 05:28:58,delivered,2,2026-02-04 05:28:58,False,False,,,,False,,,False,,,,
ORD0001343,A000682,D000880,ADDR000100,e0cd80396136975f,PI000294,4250.0,0.0,,home,2026-01-30 00:00:28,delivered,2,2026-01-31 00:00:28,False,False,,,,False,,,False,,,,
ORD0001344,A000682,D000029,ADDR000100,e0cd80396136975f,PI000294,1750.0,0.0,,fashion,2026-02-22 13:50:02,delivered,2,2026-02-26 13:50:02,False,False,,,,False,,,False,,,,
ORD0001345,A000682,D000029,ADDR000100,e0cd80396136975f,PI000294,3990.0,0.0,,home,2026-01-20 13:26:27,delivered,3,2026-01-23 13:26:27,False,False,,,,False,,,False,,,,
ORD0001346,A000683,D000141,ADDR000331,5518b7955af53604,PI000057,1340.0,0.0,,toys,2026-01-29 07:08:29,pending,1,,False,False,,,,False,,,False,,,,
ORD0001347,A000683,D000141,ADDR000331,5518b7955af53604,PI000057,2490.0,0.0,,toys,2026-02-26 22:15:33,delivered,2,2026-02-28 22:15:33,False,False,,,,False,,,False,,,,
ORD0001348,A000683,D000141,ADDR000084,5518b7955af53604,PI000057,18810.0,0.0,,electronics,2026-01-24 21:05:53,delivered,3,2026-01-26 21:05:53,False,False,,,,False,,,False,,,,
ORD0001349,A000684,D000459,ADDR000036,4cf317b075b9f3f3,PI000335,5020.0,0.0,,home,2026-02-16 22:47:29,delivered,1,2026-02-18 22:47:29,False,False,,,,False,,,False,,,,
ORD0001350,A000684,D000650,ADDR000036,4cf317b075b9f3f3,PI000335,2150.0,0.0,,fashion,2026-02-17 17:51:35,delivered,1,2026-02-18 17:51:35,False,False,,,,False,,,False,,,,
ORD0001351,A000684,D000459,ADDR000036,4cf317b075b9f3f3,PI000335,3220.0,0.0,,toys,2026-01-14 22:46:35,delivered,3,2026-01-15 22:46:35,False,False,,,,False,,,False,,,,
ORD0001352,A000684,D000650,ADDR000036,4cf317b075b9f3f3,PI000335,480.0,0.0,,grocery,2026-02-28 05:57:17,delivered,2,2026-03-02 05:57:17,False,False,,,,False,,,False,,,,
ORD0001353,A000685,D000320,ADDR000584,e9fd45bfd35067a3,PI000799,17160.0,0.0,,electronics,2026-01-31 12:29:58,delivered,2,2026-02-01 12:29:58,False,False,,,,False,,,False,,,,
ORD0001354,A000686,D000080,ADDR000016,4db431ce33f02aa8,PI000557,4400.0,0.0,,fashion,2026-01-16 19:02:55,failed,1,,True,False,,,,False,,,False,,,,
ORD0001355,A000686,D000279,ADDR000016,4db431ce33f02aa8,PI000557,4570.0,0.0,,fashion,2026-01-30 10:58:28,delivered,2,2026-02-01 10:58:28,False,False,,,,False,,,False,,,,
ORD0001356,A000686,D000279,ADDR000016,4db431ce33f02aa8,PI000557,370.0,0.0,,grocery,2026-02-12 10:30:59,delivered,3,2026-02-14 10:30:59,False,False,,,,False,,,False,,,,
ORD0001357,A000686,D000279,ADDR000016,4db431ce33f02aa8,PI000557,4990.0,0.0,,fashion,2026-02-24 14:23:11,delivered,1,2026-02-27 14:23:11,False,False,,,,False,,,False,,,,
ORD0001358,A000686,D000080,ADDR000016,4db431ce33f02aa8,PI000557,2690.0,0.0,,fashion,2026-01-28 23:14:05,delivered,2,2026-01-30 23:14:05,False,False,,,,False,,,False,,,,
ORD0001359,A000686,D000279,ADDR000016,4db431ce33f02aa8,PI000557,1950.0,699.41,RARE_546,books,2026-01-24 05:38:02,delivered,3,2026-01-27 05:38:02,False,False,,,,False,,,False,,,,
ORD0001360,A000687,D000586,ADDR000568,977a7854caf254cc,PI001114,1900.0,0.0,,grocery,2026-01-16 05:49:41,delivered,2,2026-01-17 05:49:41,False,False,,,,False,,,False,,,,
ORD0001361,A000687,D000586,ADDR000568,977a7854caf254cc,PI001114,760.0,0.0,,books,2026-01-22 00:58:46,delivered,2,2026-01-23 00:58:46,False,False,,,,False,,,False,,,,
ORD0001362,A000687,D000586,ADDR000568,977a7854caf254cc,PI001114,1200.0,0.0,,fashion,2026-01-23 19:26:21,delivered,1,2026-01-27 19:26:21,False,False,,,,False,,,False,,,,
ORD0001363,A000687,D000586,ADDR000568,977a7854caf254cc,PI001114,4160.0,1270.11,RARE_811,fashion,2026-02-07 01:53:38,delivered,2,2026-02-08 01:53:38,False,False,,,,False,,,False,,,,
ORD0001364,A000687,D000586,ADDR000568,977a7854caf254cc,PI001114,2930.0,0.0,,grocery,2026-01-14 03:02:10,failed,1,,True,False,,,,False,,,False,,,,
ORD0001365,A000688,D000507,ADDR000188,d3c44ba37b95d8b7,PI000200,940.0,0.0,,fashion,2026-01-22 11:53:36,delivered,1,2026-01-26 11:53:36,False,False,,,,False,,,False,,,,
ORD0001366,A000688,D000937,ADDR000188,d3c44ba37b95d8b7,PI000200,430.0,0.0,,books,2026-02-26 09:00:39,delivered,2,2026-03-01 09:00:39,False,False,,,,False,,,False,,,,
ORD0001367,A000688,D000507,ADDR000188,d3c44ba37b95d8b7,PI000200,1170.0,0.0,,grocery,2026-02-02 14:28:21,delivered,1,2026-02-03 14:28:21,False,False,,,,False,,,False,,,,
ORD0001368,A000688,D000937,ADDR000188,d3c44ba37b95d8b7,PI000200,1880.0,0.0,,grocery,2026-02-27 16:26:28,delivered,2,2026-03-01 16:26:28,False,False,,,,False,,,False,,,,
ORD0001369,A000691,D000593,ADDR000173,c252eaa67e8bc192,PI000206,2150.0,0.0,,home,2026-02-14 19:11:51,delivered,3,2026-02-18 19:11:51,False,False,,,,False,,,False,,,,
ORD0001370,A000691,D000593,ADDR000173,c252eaa67e8bc192,PI000206,17560.0,1487.44,,electronics,2026-01-30 09:22:17,delivered,1,2026-02-01 09:22:17,False,False,,,,False,,,False,,,,
ORD0001371,A000692,D000047,ADDR000590,6836fee44b4e8510,PI000627,2800.0,0.0,,grocery,2026-01-28 11:07:36,delivered,1,2026-01-29 11:07:36,False,False,,,,False,,,False,,,,
ORD0001372,A000692,D000133,ADDR000590,6836fee44b4e8510,PI000627,4080.0,354.35,,fashion,2026-02-01 13:03:07,delivered,3,2026-02-03 13:03:07,False,False,,,,False,,,False,,,,
ORD0001373,A000692,D000133,ADDR000590,6836fee44b4e8510,PI000627,1340.0,0.0,,fashion,2026-02-06 16:49:06,delivered,1,2026-02-10 16:49:06,False,False,,,,False,,,False,,,,
ORD0001374,A000692,D000133,ADDR000590,6836fee44b4e8510,PI000627,1850.0,192.66,,grocery,2026-02-27 13:19:27,delivered,1,2026-03-03 13:19:27,False,False,,,,False,,,False,,,,
ORD0001375,A000692,D000047,ADDR000590,6836fee44b4e8510,PI000627,4530.0,0.0,,home,2026-01-19 01:23:55,delivered,1,2026-01-20 01:23:55,False,False,,,,False,,,False,,,,
ORD0001376,A000692,D000047,ADDR000590,6836fee44b4e8510,PI000627,1110.0,119.02,,fashion,2026-02-04 08:59:52,delivered,3,2026-02-05 08:59:52,False,False,,,,False,,,False,,,,
ORD0001377,A000693,D000238,ADDR000085,df74e51cbc5d5e11,PI000690,3960.0,0.0,,toys,2026-02-19 22:08:06,delivered,3,2026-02-21 22:08:06,False,False,,,,False,,,False,,,,
ORD0001378,A000694,D000291,ADDR000295,214827f8de300856,PI000645,13530.0,0.0,,electronics,2026-02-14 21:02:32,delivered,1,2026-02-15 21:02:32,False,False,,,,False,,,False,,,,
ORD0001379,A000694,D000291,ADDR000295,214827f8de300856,PI000897,3900.0,0.0,,fashion,2026-02-26 17:46:50,delivered,3,2026-03-02 17:46:50,False,False,,,,False,,,False,,,,
ORD0001380,A000695,D000586,ADDR000087,25ab6074e8ae41cc,PI001070,2860.0,0.0,,grocery,2026-02-14 16:51:03,delivered,3,2026-02-18 16:51:03,False,False,,,,False,,,False,,,,
ORD0001381,A000695,D000586,ADDR000087,25ab6074e8ae41cc,PI001070,2450.0,0.0,,grocery,2026-02-15 10:42:09,delivered,3,2026-02-16 10:42:09,False,False,,,,False,,,False,,,,
ORD0001382,A000695,D000586,ADDR000087,25ab6074e8ae41cc,PI001070,6750.0,0.0,,home,2026-01-25 07:22:53,delivered,2,2026-01-27 07:22:53,False,False,,,,False,,,False,,,,
ORD0001383,A000695,D000586,ADDR000087,25ab6074e8ae41cc,PI001070,2920.0,0.0,,grocery,2026-02-02 23:15:55,delivered,1,2026-02-05 23:15:55,False,False,,,,False,,,False,,,,
ORD0001384,A000695,D000586,ADDR000087,25ab6074e8ae41cc,PI001070,4080.0,0.0,,fashion,2026-01-29 04:31:50,failed,2,,True,False,,,,False,,,False,,,,
ORD0001385,A000695,D000586,ADDR000087,25ab6074e8ae41cc,PI001070,2460.0,242.72,,fashion,2026-02-25 22:58:29,delivered,3,2026-02-27 22:58:29,False,False,,,,False,,,False,,,,
ORD0001386,A000695,D000586,ADDR000087,25ab6074e8ae41cc,PI001070,17690.0,0.0,,electronics,2026-02-28 06:22:56,failed,1,,True,False,,,,False,,,False,,,,
ORD0001387,A000696,D001012,ADDR000514,d7fe4ab5441c0c1e,PI000222,2950.0,425.66,,grocery,2026-02-23 15:02:16,delivered,2,2026-02-24 15:02:16,False,False,,,,False,,,False,,,,
ORD0001388,A000696,D001012,ADDR000514,d7fe4ab5441c0c1e,PI000557,5870.0,0.0,,electronics,2026-02-03 09:37:39,delivered,1,2026-02-06 09:37:39,False,False,,,,False,,,False,,,,
ORD0001389,A000696,D001012,ADDR000514,d7fe4ab5441c0c1e,PI000222,1350.0,0.0,,home,2026-01-16 09:35:18,delivered,1,2026-01-18 09:35:18,False,False,,,,False,,,False,,,,
ORD0001390,A000697,D001114,ADDR000036,446d75bcf1174fd9,PI000748,3280.0,0.0,,fashion,2026-01-21 01:14:13,delivered,2,2026-01-25 01:14:13,False,False,,,,False,,,False,,,,
ORD0001391,A000697,D000827,ADDR000036,446d75bcf1174fd9,PI000748,1950.0,177.9,,grocery,2026-02-25 08:06:56,delivered,1,2026-02-28 08:06:56,False,False,,,,False,,,False,,,,
ORD0001392,A000698,D000788,ADDR000552,37e56a301b98cfd1,PI000984,2870.0,0.0,,toys,2026-02-04 14:17:14,delivered,3,2026-02-06 14:17:14,False,False,,,,False,,,False,,,,
ORD0001393,A000700,D000270,ADDR000065,7954b317697c4158,PI000110,1350.0,0.0,,fashion,2026-02-03 14:36:52,delivered,2,2026-02-05 14:36:52,False,False,,,,False,,,False,,,,
ORD0001394,A000700,D000270,ADDR000511,7954b317697c4158,PI000110,310.0,0.0,,books,2026-01-30 14:51:37,delivered,2,2026-02-02 14:51:37,False,False,,,,False,,,False,,,,
ORD0001395,A000700,D000270,ADDR000065,7954b317697c4158,PI000110,3590.0,0.0,,home,2026-01-31 11:47:58,pending,1,,False,False,,,,False,,,False,,,,
ORD0001396,A000700,D000270,ADDR000065,7954b317697c4158,PI000110,4320.0,382.68,,fashion,2026-02-01 15:39:18,delivered,1,2026-02-04 15:39:18,False,False,,,,False,,,False,,,,
ORD0001397,A000701,D001128,ADDR000084,eec498220fb17968,PI000558,3470.0,0.0,,toys,2026-01-24 07:16:03,delivered,1,2026-01-28 07:16:03,False,False,,,,False,,,False,,,,
ORD0001398,A000702,D000584,ADDR000561,ca961ae208d7bf90,PI001170,590.0,0.0,,toys,2026-02-05 20:45:39,delivered,2,2026-02-08 20:45:39,False,False,,,,False,,,False,,,,
ORD0001399,A000703,D001011,ADDR000300,446d75bcf1174fd9,PI001264,1610.0,0.0,,fashion,2026-02-16 19:07:58,delivered,1,2026-02-20 19:07:58,False,False,,,,False,,,False,,,,
ORD0001400,A000703,D001011,ADDR000300,446d75bcf1174fd9,PI001264,2070.0,0.0,,grocery,2026-01-21 03:52:04,delivered,2,2026-01-25 03:52:04,False,False,,,,False,,,False,,,,
ORD0001401,A000703,D000204,ADDR000300,446d75bcf1174fd9,PI001264,4800.0,0.0,,fashion,2026-02-23 15:08:38,delivered,3,2026-02-26 15:08:38,False,False,,,,False,,,False,,,,
ORD0001402,A000703,D000204,ADDR000300,446d75bcf1174fd9,PI001264,980.0,0.0,,books,2026-01-18 18:10:19,delivered,2,2026-01-19 18:10:19,False,False,,,,False,,,False,,,,
ORD0001403,A000703,D001011,ADDR000189,446d75bcf1174fd9,PI001264,14980.0,1802.36,,electronics,2026-02-02 04:45:12,delivered,1,2026-02-05 04:45:12,False,False,,,,False,,,False,,,,
ORD0001404,A000703,D001011,ADDR000300,446d75bcf1174fd9,PI001264,3440.0,262.26,,fashion,2026-01-21 09:11:18,delivered,1,2026-01-23 09:11:18,False,False,,,,False,,,False,,,,
ORD0001405,A000703,D000204,ADDR000189,446d75bcf1174fd9,PI001264,1000.0,0.0,,fashion,2026-01-18 22:44:42,delivered,1,2026-01-19 22:44:42,False,False,,,,False,,,False,,,,
ORD0001406,A000703,D000204,ADDR000189,446d75bcf1174fd9,PI001264,610.0,0.0,,grocery,2026-01-24 10:14:23,delivered,1,2026-01-25 10:14:23,False,False,,,,False,,,False,,,,
ORD0001407,A000704,D000262,ADDR000438,761e6076b18d3d63,PI000743,1100.0,0.0,,books,2026-02-21 00:48:46,delivered,3,2026-02-22 00:48:46,False,False,,,,False,,,False,,,,
ORD0001408,A000705,D000247,ADDR000139,73afe270492b086c,PI000325,4690.0,0.0,,fashion,2026-01-27 16:39:19,delivered,2,2026-01-28 16:39:19,False,False,,,,False,,,False,,,,
ORD0001409,A000706,D000307,ADDR000512,33550e4d680162e7,PI000431,5280.0,0.0,,home,2026-01-16 20:02:15,delivered,1,2026-01-20 20:02:15,False,False,,,,False,,,False,,,,
ORD0001410,A000707,D000822,ADDR000413,e3d3aa8b84ccde18,PI000513,850.0,0.0,,grocery,2026-02-02 13:55:37,delivered,1,2026-02-06 13:55:37,False,False,,,,False,,,False,,,,
ORD0001411,A000707,D000568,ADDR000413,e3d3aa8b84ccde18,PI000513,3340.0,0.0,,fashion,2026-02-07 08:38:21,delivered,3,2026-02-08 08:38:21,False,False,,,,False,,,False,,,,
ORD0001412,A000708,D000301,ADDR000071,41c5caa0587a2de6,PI000752,6900.0,0.0,,home,2026-02-03 18:04:55,delivered,2,2026-02-04 18:04:55,False,False,,,,False,,,False,,,,
ORD0001413,A000708,D000301,ADDR000250,41c5caa0587a2de6,PI000752,2500.0,298.97,,toys,2026-01-23 01:04:56,delivered,3,2026-01-26 01:04:56,False,False,,,,False,,,False,,,,
ORD0001414,A000708,D000301,ADDR000250,41c5caa0587a2de6,PI000752,1330.0,0.0,,books,2026-02-24 23:38:16,delivered,2,2026-02-26 23:38:16,False,False,,,,False,,,False,,,,
ORD0001415,A000708,D000301,ADDR000071,41c5caa0587a2de6,PI000752,2250.0,0.0,,fashion,2026-02-09 01:39:45,delivered,3,2026-02-10 01:39:45,False,False,,,,False,,,False,,,,
ORD0001416,A000710,D000962,ADDR000572,461dbcbb80dc24cd,PI000425,3000.0,0.0,,grocery,2026-02-26 16:15:16,delivered,1,2026-03-01 16:15:16,False,False,,,,False,,,False,,,,
ORD0001417,A000710,D000962,ADDR000572,461dbcbb80dc24cd,PI000425,4060.0,0.0,,home,2026-02-27 04:58:29,failed,2,,True,False,,,,False,,,False,,,,
ORD0001418,A000711,D000903,ADDR000154,8288f1693e885485,PI001156,1870.0,0.0,,grocery,2026-01-30 20:28:10,delivered,3,2026-02-01 20:28:10,False,False,,,,False,,,False,,,,
ORD0001419,A000712,D000970,ADDR000219,8a28aade298d1c99,PI000625,3480.0,448.28,,toys,2026-01-17 18:44:06,pending,1,,False,False,,,,False,,,False,,,,
ORD0001420,A000712,D000970,ADDR000219,8a28aade298d1c99,PI000625,3420.0,0.0,,toys,2026-02-08 07:21:50,delivered,2,2026-02-09 07:21:50,False,False,,,,False,,,False,,,,
ORD0001421,A000712,D000970,ADDR000219,8a28aade298d1c99,PI000625,3960.0,279.29,,fashion,2026-02-01 08:17:54,delivered,2,2026-02-03 08:17:54,False,False,,,,False,,,False,,,,
ORD0001422,A000712,D000970,ADDR000219,8a28aade298d1c99,PI000625,3440.0,0.0,,toys,2026-02-12 07:15:41,delivered,1,2026-02-13 07:15:41,False,False,,,,False,,,False,,,,
ORD0001423,A000715,D000382,ADDR000210,73afe270492b086c,PI000357,700.0,50.5,,toys,2026-02-07 09:16:32,delivered,1,2026-02-09 09:16:32,False,False,,,,False,,,False,,,,
ORD0001424,A000715,D000382,ADDR000210,73afe270492b086c,PI000357,5000.0,0.0,,fashion,2026-02-10 17:39:51,delivered,3,2026-02-12 17:39:51,False,False,,,,False,,,False,,,,
ORD0001425,A000715,D000382,ADDR000210,73afe270492b086c,PI000357,970.0,0.0,,grocery,2026-01-20 10:09:35,delivered,3,2026-01-22 10:09:35,False,False,,,,False,,,False,,,,
ORD0001426,A000715,D000382,ADDR000452,73afe270492b086c,PI000357,17160.0,2537.77,,electronics,2026-01-28 16:35:52,failed,2,,True,False,,,,False,,,False,,,,
ORD0001427,A000716,D000479,ADDR000101,9d5aef775e22a405,PI000027,1720.0,0.0,,fashion,2026-02-18 17:21:30,delivered,3,2026-02-21 17:21:30,False,False,,,,False,,,False,,,,
ORD0001428,A000716,D001002,ADDR000101,9d5aef775e22a405,PI000672,4630.0,0.0,,home,2026-02-12 12:44:10,delivered,2,2026-02-15 12:44:10,False,False,,,,False,,,False,,,,
ORD0001429,A000716,D000479,ADDR000101,9d5aef775e22a405,PI000672,2300.0,0.0,,grocery,2026-02-02 18:58:10,pending,2,,False,False,,,,False,,,False,,,,
ORD0001430,A000716,D000479,ADDR000101,9d5aef775e22a405,PI000672,4350.0,0.0,,fashion,2026-01-31 09:49:20,delivered,3,2026-02-03 09:49:20,False,False,,,,False,,,False,,,,
ORD0001431,A000718,D000181,ADDR000304,c49ed2de223064ea,PI000422,450.0,0.0,,grocery,2026-01-28 11:55:01,delivered,1,2026-02-01 11:55:01,False,False,,,,False,,,False,,,,
ORD0001432,A000718,D000181,ADDR000304,c49ed2de223064ea,PI000422,2460.0,0.0,,fashion,2026-01-27 08:05:08,delivered,1,2026-01-31 08:05:08,False,False,,,,False,,,False,,,,
ORD0001433,A000719,D000933,ADDR000087,3d406a42f3234309,PI000645,11000.0,0.0,,electronics,2026-02-09 19:36:49,delivered,3,2026-02-13 19:36:49,False,False,,,,False,,,False,,,,
ORD0001434,A000719,D000933,ADDR000502,3d406a42f3234309,PI000645,2140.0,0.0,,electronics,2026-02-17 18:11:01,delivered,2,2026-02-19 18:11:01,False,False,,,,False,,,False,,,,
ORD0001435,A000719,D000933,ADDR000087,3d406a42f3234309,PI000645,7530.0,0.0,,home,2026-02-01 07:49:42,delivered,3,2026-02-03 07:49:42,False,False,,,,False,,,False,,,,
ORD0001436,A000719,D000933,ADDR000502,3d406a42f3234309,PI000645,2800.0,0.0,,grocery,2026-02-18 21:15:07,delivered,3,2026-02-20 21:15:07,False,False,,,,False,,,False,,,,
ORD0001437,A000719,D000626,ADDR000087,3d406a42f3234309,PI000645,4420.0,0.0,,fashion,2026-02-06 19:52:10,delivered,2,2026-02-07 19:52:10,False,False,,,,False,,,False,,,,
ORD0001438,A000719,D000933,ADDR000087,3d406a42f3234309,PI000645,4870.0,0.0,,fashion,2026-02-22 04:54:23,delivered,2,2026-02-23 04:54:23,False,False,,,,False,,,False,,,,
ORD0001439,A000719,D000933,ADDR000502,3d406a42f3234309,PI000645,17460.0,0.0,,electronics,2026-02-07 16:24:49,delivered,2,2026-02-11 16:24:49,False,False,,,,False,,,False,,,,
ORD0001440,A000720,D000878,ADDR000264,9da4ad77b1e0f283,PI000024,1920.0,0.0,,books,2026-01-28 11:08:04,delivered,2,2026-01-31 11:08:04,False,False,,,,False,,,False,,,,
ORD0001441,A000720,D000878,ADDR000286,9da4ad77b1e0f283,PI000024,640.0,0.0,,toys,2026-02-14 16:31:32,delivered,1,2026-02-16 16:31:32,False,False,,,,False,,,False,,,,
ORD0001442,A000720,D000878,ADDR000286,9da4ad77b1e0f283,PI000024,5500.0,0.0,,home,2026-02-27 00:39:55,delivered,2,2026-02-28 00:39:55,False,False,,,,False,,,False,,,,
ORD0001443,A000721,D000282,ADDR000568,d309948df0af8113,PI001229,5190.0,643.24,,home,2026-01-29 01:20:29,pending,2,,False,False,,,,False,,,False,,,,
ORD0001444,A000722,D000458,ADDR000573,ab7b2cc57fa829c9,PI000090,1760.0,0.0,,grocery,2026-01-23 09:04:08,delivered,3,2026-01-26 09:04:08,False,False,,,,False,,,False,,,,
ORD0001445,A000722,D000458,ADDR000562,ab7b2cc57fa829c9,PI000090,1540.0,0.0,,grocery,2026-02-19 21:31:57,delivered,2,2026-02-20 21:31:57,False,False,,,,False,,,False,,,,
ORD0001446,A000722,D000458,ADDR000562,ab7b2cc57fa829c9,PI000090,2410.0,0.0,,toys,2026-01-26 01:20:24,delivered,3,2026-01-27 01:20:24,False,False,,,,False,,,False,,,,
ORD0001447,A000722,D000458,ADDR000562,ab7b2cc57fa829c9,PI000090,4730.0,0.0,,electronics,2026-02-20 19:32:52,delivered,2,2026-02-24 19:32:52,False,False,,,,False,,,False,,,,
ORD0001448,A000723,D000008,ADDR000548,24c132ddd7a43905,PI000564,1970.0,0.0,,home,2026-01-29 09:19:38,delivered,1,2026-02-02 09:19:38,False,False,,,,False,,,False,,,,
ORD0001449,A000723,D000131,ADDR000548,24c132ddd7a43905,PI001255,1160.0,0.0,,fashion,2026-02-28 14:05:37,delivered,3,2026-03-03 14:05:37,False,False,,,,False,,,False,,,,
ORD0001450,A000723,D000008,ADDR000548,24c132ddd7a43905,PI001255,8520.0,0.0,,electronics,2026-02-19 20:14:02,delivered,1,2026-02-21 20:14:02,False,False,,,,False,,,False,,,,
ORD0001451,A000725,D000325,ADDR000208,3998fd1836afdc87,PI000842,2880.0,0.0,,grocery,2026-02-13 17:37:43,delivered,2,2026-02-14 17:37:43,False,False,,,,False,,,False,,,,
ORD0001452,A000725,D000325,ADDR000208,3998fd1836afdc87,PI000842,1800.0,0.0,,fashion,2026-02-26 19:12:13,delivered,2,2026-02-27 19:12:13,False,False,,,,False,,,False,,,,
ORD0001453,A000725,D001142,ADDR000208,3998fd1836afdc87,PI000842,1220.0,0.0,,fashion,2026-01-23 08:00:31,delivered,2,2026-01-26 08:00:31,False,False,,,,False,,,False,,,,
ORD0001454,A000725,D001142,ADDR000208,3998fd1836afdc87,PI000842,3680.0,0.0,,toys,2026-01-24 18:48:49,delivered,2,2026-01-27 18:48:49,False,False,,,,False,,,False,,,,
ORD0001455,A000726,D000265,ADDR000133,cdcf6d58ee2f216d,PI000984,2580.0,0.0,,grocery,2026-01-28 19:19:44,pending,2,,False,False,,,,False,,,False,,,,
ORD0001456,A000727,D000410,ADDR000195,3571021a0fe8adbc,PI001378,7980.0,0.0,,home,2026-02-17 07:38:42,delivered,2,2026-02-20 07:38:42,False,False,,,,False,,,False,,,,
ORD0001457,A000727,D000410,ADDR000195,3571021a0fe8adbc,PI000033,870.0,0.0,,books,2026-01-23 13:32:19,delivered,3,2026-01-25 13:32:19,False,False,,,,False,,,False,,,,
ORD0001458,A000727,D000410,ADDR000195,3571021a0fe8adbc,PI000033,5080.0,0.0,,electronics,2026-02-23 16:16:14,delivered,2,2026-02-25 16:16:14,False,False,,,,False,,,False,,,,
ORD0001459,A000728,D000460,ADDR000548,14032ac9be6ccb12,PI001357,520.0,0.0,,books,2026-02-16 17:12:25,failed,1,,True,False,,,,False,,,False,,,,
ORD0001460,A000728,D000990,ADDR000548,14032ac9be6ccb12,PI001357,7950.0,0.0,,home,2026-02-13 09:35:31,delivered,3,2026-02-16 09:35:31,False,False,,,,False,,,False,,,,
ORD0001461,A000728,D000460,ADDR000548,14032ac9be6ccb12,PI000141,4870.0,0.0,,fashion,2026-02-23 10:41:56,delivered,1,2026-02-25 10:41:56,False,False,,,,False,,,False,,,,
ORD0001462,A000729,D000946,ADDR000292,45b84f2e2a0842da,PI000114,1990.0,0.0,,books,2026-01-31 02:41:00,delivered,3,2026-02-02 02:41:00,False,False,,,,False,,,False,,,,
ORD0001463,A000729,D000946,ADDR000292,45b84f2e2a0842da,PI000114,2620.0,0.0,,fashion,2026-02-08 05:37:20,delivered,1,2026-02-11 05:37:20,False,False,,,,False,,,False,,,,
ORD0001464,A000730,D000498,ADDR000061,0c82c0d6d586a733,PI000156,11410.0,0.0,,electronics,2026-02-18 03:35:22,delivered,2,2026-02-22 03:35:22,False,False,,,,False,,,False,,,,
ORD0001465,A000731,D000747,ADDR000343,059c5acbcab15627,PI001278,2710.0,168.7,,grocery,2026-02-24 13:14:46,delivered,2,2026-02-26 13:14:46,False,False,,,,False,,,False,,,,
ORD0001466,A000731,D000747,ADDR000343,059c5acbcab15627,PI001205,1070.0,106.04,,grocery,2026-02-20 20:47:15,delivered,2,2026-02-24 20:47:15,False,False,,,,False,,,False,,,,
ORD0001467,A000733,D000931,ADDR000323,b3e2ebb37e7bc9a8,PI000060,7780.0,0.0,,home,2026-02-25 08:56:24,delivered,3,2026-02-26 08:56:24,False,False,,,,False,,,False,,,,
ORD0001468,A000735,D000822,ADDR000024,3571021a0fe8adbc,PI001108,7930.0,0.0,,home,2026-01-15 08:59:11,delivered,1,2026-01-16 08:59:11,False,False,,,,False,,,False,,,,
ORD0001469,A000735,D000822,ADDR000024,3571021a0fe8adbc,PI000937,2540.0,270.87,,fashion,2026-02-11 15:25:23,delivered,3,2026-02-12 15:25:23,False,False,,,,False,,,False,,,,
ORD0001470,A000735,D000822,ADDR000024,3571021a0fe8adbc,PI000937,3770.0,0.0,,fashion,2026-01-21 08:06:32,delivered,1,2026-01-22 08:06:32,False,False,,,,False,,,False,,,,
ORD0001471,A000735,D000822,ADDR000024,3571021a0fe8adbc,PI000937,3370.0,464.24,,home,2026-02-26 18:24:57,delivered,3,2026-03-02 18:24:57,False,False,,,,False,,,False,,,,
ORD0001472,A000736,D000732,ADDR000590,34e2e0b7e1cacee2,PI000295,5200.0,0.0,,home,2026-01-25 09:07:33,delivered,3,2026-01-28 09:07:33,False,False,,,,False,,,False,,,,
ORD0001473,A000736,D000732,ADDR000249,34e2e0b7e1cacee2,PI000295,11620.0,0.0,,electronics,2026-02-24 09:02:01,delivered,2,2026-02-27 09:02:01,False,False,,,,False,,,False,,,,
ORD0001474,A000737,D000038,ADDR000100,308bedb8c6f0964e,PI000842,1350.0,0.0,,fashion,2026-01-31 19:10:51,pending,1,,False,False,,,,False,,,False,,,,
ORD0001475,A000737,D000038,ADDR000580,308bedb8c6f0964e,PI000842,9790.0,0.0,,electronics,2026-01-06 02:30:42,delivered,2,2026-01-07 02:30:42,False,False,,,,False,,,False,,,,
ORD0001476,A000738,D000684,ADDR000292,4db431ce33f02aa8,PI000212,4140.0,0.0,,fashion,2026-02-18 17:58:10,delivered,2,2026-02-19 17:58:10,False,False,,,,False,,,False,,,,
ORD0001477,A000738,D000684,ADDR000292,4db431ce33f02aa8,PI000055,4550.0,0.0,,fashion,2026-01-17 16:49:01,failed,1,,True,False,,,,False,,,False,,,,
ORD0001478,A000738,D000684,ADDR000292,4db431ce33f02aa8,PI000212,2160.0,0.0,,toys,2026-02-01 05:04:12,pending,1,,False,False,,,,False,,,False,,,,
ORD0001479,A000738,D000684,ADDR000292,4db431ce33f02aa8,PI000212,2710.0,0.0,,grocery,2026-02-24 00:51:04,delivered,1,2026-02-26 00:51:04,False,False,,,,False,,,False,,,,
ORD0001480,A000739,D000900,ADDR000098,3749e46547784df4,PI000918,2120.0,0.0,,fashion,2026-02-23 07:59:37,delivered,3,2026-02-24 07:59:37,False,False,,,,False,,,False,,,,
ORD0001481,A000739,D000900,ADDR000098,3749e46547784df4,PI000918,2830.0,0.0,,toys,2026-02-11 05:57:47,delivered,1,2026-02-15 05:57:47,False,False,,,,False,,,False,,,,
ORD0001482,A000739,D000900,ADDR000316,3749e46547784df4,PI000918,560.0,0.0,,grocery,2026-01-25 05:35:42,pending,1,,False,False,,,,False,,,False,,,,
ORD0001483,A000739,D000900,ADDR000098,3749e46547784df4,PI000918,1760.0,225.04,,toys,2026-01-27 17:15:37,delivered,3,2026-01-29 17:15:37,False,False,,,,False,,,False,,,,
ORD0001484,A000739,D000900,ADDR000098,3749e46547784df4,PI000918,470.0,0.0,,books,2026-02-09 22:42:56,delivered,2,2026-02-10 22:42:56,False,False,,,,False,,,False,,,,
ORD0001485,A000740,D000788,ADDR000281,0451b36a08d93815,PI001035,14130.0,913.07,,electronics,2026-02-19 04:11:02,delivered,2,2026-02-22 04:11:02,False,False,,,,False,,,False,,,,
ORD0001486,A000741,D000135,ADDR000070,9725c0a85f038455,PI000655,1810.0,0.0,,fashion,2026-02-25 20:31:10,delivered,2,2026-02-27 20:31:10,False,False,,,,False,,,False,,,,
ORD0001487,A000741,D000135,ADDR000070,9725c0a85f038455,PI001381,19830.0,0.0,,electronics,2026-01-09 13:05:09,delivered,1,2026-01-11 13:05:09,False,False,,,,False,,,False,,,,
ORD0001488,A000742,D001013,ADDR000126,977a7854caf254cc,PI000140,3740.0,0.0,,toys,2026-02-18 02:02:56,pending,1,,False,False,,,,False,,,False,,,,
ORD0001489,A000743,D000736,ADDR000076,6b0b0784a4d57b05,PI000404,4370.0,0.0,,fashion,2026-02-20 18:37:43,delivered,3,2026-02-23 18:37:43,False,False,,,,False,,,False,,,,
ORD0001490,A000743,D000736,ADDR000076,6b0b0784a4d57b05,PI000090,2170.0,0.0,,fashion,2026-02-07 22:20:46,delivered,1,2026-02-09 22:20:46,False,False,,,,False,,,False,,,,
ORD0001491,A000743,D000736,ADDR000107,6b0b0784a4d57b05,PI000090,3790.0,0.0,,fashion,2026-02-16 14:37:46,delivered,2,2026-02-20 14:37:46,False,False,,,,False,,,False,,,,
ORD0001492,A000744,D001047,ADDR000281,52d8e33206e9558d,PI001385,280.0,18.55,,books,2026-02-22 23:43:20,delivered,3,2026-02-26 23:43:20,False,False,,,,False,,,False,,,,
ORD0001493,A000745,D000554,ADDR000375,50dd32bb7000a694,PI000547,1980.0,0.0,,books,2026-02-20 00:15:19,delivered,3,2026-02-23 00:15:19,False,False,,,,False,,,False,,,,
ORD0001494,A000745,D000554,ADDR000375,50dd32bb7000a694,PI000547,2620.0,0.0,,grocery,2026-01-28 23:50:17,failed,1,,True,False,,,,False,,,False,,,,
ORD0001495,A000745,D000554,ADDR000375,50dd32bb7000a694,PI000547,2200.0,0.0,,fashion,2026-02-28 22:14:45,delivered,2,2026-03-02 22:14:45,False,False,,,,False,,,False,,,,
ORD0001496,A000745,D000554,ADDR000375,50dd32bb7000a694,PI000547,2430.0,0.0,,grocery,2026-02-10 14:02:27,delivered,1,2026-02-12 14:02:27,False,False,,,,False,,,False,,,,
ORD0001497,A000746,D000727,ADDR000452,079ca71c19ad5724,PI000287,5040.0,0.0,,home,2026-02-23 01:23:49,delivered,3,2026-02-26 01:23:49,False,False,,,,False,,,False,,,,
ORD0001498,A000746,D000727,ADDR000452,079ca71c19ad5724,PI000287,2140.0,0.0,,toys,2026-02-19 09:35:13,pending,2,,False,False,,,,False,,,False,,,,
ORD0001499,A000747,D000617,ADDR000393,9da4ad77b1e0f283,PI000240,6450.0,0.0,,home,2026-02-24 11:01:36,delivered,2,2026-02-28 11:01:36,False,False,,,,False,,,False,,,,
ORD0001500,A000748,D000087,ADDR000061,651a04497385debc,PI000206,7930.0,0.0,,home,2026-02-10 23:19:34,pending,1,,False,False,,,,False,,,False,,,,
ORD0001501,A000748,D001188,ADDR000061,651a04497385debc,PI000206,13860.0,0.0,,electronics,2026-01-28 07:47:51,delivered,1,2026-02-01 07:47:51,False,False,,,,False,,,False,,,,
ORD0001502,A000749,D000519,ADDR000237,6eb87d43c0580ca8,PI001017,3930.0,0.0,,fashion,2026-02-06 12:39:03,delivered,3,2026-02-07 12:39:03,False,False,,,,False,,,False,,,,
ORD0001503,A000749,D000901,ADDR000237,6eb87d43c0580ca8,PI001017,2400.0,0.0,,grocery,2026-02-20 03:45:04,delivered,1,2026-02-22 03:45:04,False,False,,,,False,,,False,,,,
ORD0001504,A000749,D000519,ADDR000288,6eb87d43c0580ca8,PI000053,2410.0,206.82,,toys,2026-02-04 14:31:05,delivered,3,2026-02-06 14:31:05,False,False,,,,False,,,False,,,,
ORD0001505,A000750,D000507,ADDR000051,40f6a64e249700f6,PI000051,3080.0,0.0,,electronics,2026-02-23 23:53:23,delivered,1,2026-02-25 23:53:23,False,False,,,,False,,,False,,,,
ORD0001506,A000751,D000436,ADDR000390,a465a0d519fd2142,PI001051,740.0,0.0,,books,2026-01-17 00:35:28,delivered,1,2026-01-19 00:35:28,False,False,,,,False,,,False,,,,
ORD0001507,A000751,D000436,ADDR000511,a465a0d519fd2142,PI001051,320.0,0.0,,grocery,2026-02-22 21:22:57,delivered,3,2026-02-25 21:22:57,False,False,,,,False,,,False,,,,
ORD0001508,A000751,D000452,ADDR000390,a465a0d519fd2142,PI001051,950.0,94.84,,books,2026-01-21 00:21:16,delivered,3,2026-01-22 00:21:16,False,False,,,,False,,,False,,,,
ORD0001509,A000752,D000430,ADDR000588,2172f27cee4cb29e,PI000573,5490.0,0.0,,home,2026-01-26 04:19:35,delivered,1,2026-01-28 04:19:35,False,False,,,,False,,,False,,,,
ORD0001510,A000752,D000430,ADDR000588,2172f27cee4cb29e,PI000573,1010.0,0.0,,grocery,2026-02-19 09:15:24,delivered,3,2026-02-20 09:15:24,False,False,,,,False,,,False,,,,
ORD0001511,A000754,D000452,ADDR000036,3b58fffd8c9562e3,PI000114,1340.0,0.0,,toys,2026-01-23 23:51:08,delivered,1,2026-01-25 23:51:08,False,False,,,,False,,,False,,,,
ORD0001512,A000754,D000726,ADDR000036,3b58fffd8c9562e3,PI000114,990.0,0.0,,books,2026-01-23 17:24:39,delivered,3,2026-01-26 17:24:39,False,False,,,,False,,,False,,,,
ORD0001513,A000755,D000470,ADDR000512,2add92f5f847d6da,PI000286,2030.0,0.0,,grocery,2026-01-30 17:20:50,delivered,3,2026-01-31 17:20:50,False,False,,,,False,,,False,,,,
ORD0001514,A000755,D000470,ADDR000512,2add92f5f847d6da,PI000286,17230.0,0.0,,electronics,2026-01-26 20:14:51,delivered,3,2026-01-29 20:14:51,False,False,,,,False,,,False,,,,
ORD0001515,A000756,D001030,ADDR000219,4e7f0ad2eba5b9cd,PI000590,4990.0,0.0,,fashion,2026-02-11 15:59:13,delivered,2,2026-02-12 15:59:13,False,False,,,,False,,,False,,,,
ORD0001516,A000757,D000807,ADDR000148,38d2753022f19ecb,PI001034,2940.0,0.0,,toys,2026-01-30 18:02:43,delivered,3,2026-02-02 18:02:43,False,False,,,,False,,,False,,,,
ORD0001517,A000759,D000292,ADDR000099,9725c0a85f038455,PI001037,7980.0,720.32,,electronics,2026-01-18 12:03:45,delivered,3,2026-01-21 12:03:45,False,False,,,,False,,,False,,,,
ORD0001518,A000759,D000292,ADDR000099,9725c0a85f038455,PI000102,2230.0,0.0,,grocery,2026-01-29 13:34:48,delivered,3,2026-02-01 13:34:48,False,False,,,,False,,,False,,,,
ORD0001519,A000759,D000292,ADDR000253,9725c0a85f038455,PI000102,1370.0,0.0,,fashion,2026-01-25 09:39:40,delivered,3,2026-01-28 09:39:40,False,False,,,,False,,,False,,,,
ORD0001520,A000759,D000292,ADDR000099,9725c0a85f038455,PI000102,2530.0,0.0,,fashion,2026-02-18 13:07:52,delivered,3,2026-02-22 13:07:52,False,False,,,,False,,,False,,,,
ORD0001521,A000759,D000292,ADDR000253,9725c0a85f038455,PI001037,890.0,0.0,,fashion,2026-01-31 05:04:11,delivered,3,2026-02-01 05:04:11,False,False,,,,False,,,False,,,,
ORD0001522,A000759,D000292,ADDR000253,9725c0a85f038455,PI000102,2660.0,0.0,,fashion,2026-02-03 16:24:11,delivered,2,2026-02-05 16:24:11,False,False,,,,False,,,False,,,,
ORD0001523,A000759,D000292,ADDR000099,9725c0a85f038455,PI000102,3480.0,0.0,,electronics,2026-02-24 10:20:54,delivered,1,2026-02-27 10:20:54,False,False,,,,False,,,False,,,,
ORD0001524,A000760,D000274,ADDR000100,69d927df8b97c14f,PI000377,370.0,0.0,,books,2026-02-10 01:50:37,delivered,1,2026-02-12 01:50:37,False,False,,,,False,,,False,,,,
ORD0001525,A000761,D000764,ADDR000580,4cf317b075b9f3f3,PI000274,17880.0,1853.76,,electronics,2026-01-22 16:50:42,delivered,3,2026-01-23 16:50:42,False,False,,,,False,,,False,,,,
ORD0001526,A000762,D000307,ADDR000048,3a802c118b1cc4c8,PI000440,1000.0,0.0,,books,2026-02-14 19:08:10,delivered,1,2026-02-17 19:08:10,False,False,,,,False,,,False,,,,
ORD0001527,A000762,D000307,ADDR000025,3a802c118b1cc4c8,PI000440,1750.0,147.72,,books,2026-02-22 16:09:25,delivered,3,2026-02-23 16:09:25,False,False,,,,False,,,False,,,,
ORD0001528,A000762,D000307,ADDR000025,3a802c118b1cc4c8,PI000060,2990.0,0.0,,fashion,2026-02-01 01:58:09,delivered,1,2026-02-03 01:58:09,False,False,,,,False,,,False,,,,
ORD0001529,A000763,D000141,ADDR000021,0b5f27d323bab738,PI000547,1520.0,141.66,,fashion,2026-02-24 11:01:28,delivered,1,2026-02-28 11:01:28,False,False,,,,False,,,False,,,,
ORD0001530,A000764,D000198,ADDR000390,378122aeb7dc425a,PI000857,980.0,0.0,,books,2026-02-11 18:34:40,delivered,1,2026-02-14 18:34:40,False,False,,,,False,,,False,,,,
ORD0001531,A000764,D000198,ADDR000390,378122aeb7dc425a,PI000857,1730.0,0.0,,books,2026-02-07 11:48:41,delivered,3,2026-02-09 11:48:41,False,False,,,,False,,,False,,,,
ORD0001532,A000764,D000198,ADDR000390,378122aeb7dc425a,PI000857,1490.0,0.0,,books,2026-01-08 06:38:09,delivered,3,2026-01-09 06:38:09,False,False,,,,False,,,False,,,,
ORD0001533,A000764,D001061,ADDR000390,378122aeb7dc425a,PI000857,3120.0,0.0,,electronics,2026-02-19 17:31:46,delivered,2,2026-02-22 17:31:46,False,False,,,,False,,,False,,,,
ORD0001534,A000764,D001061,ADDR000390,378122aeb7dc425a,PI001071,7690.0,1035.45,,home,2026-01-25 11:44:22,delivered,2,2026-01-29 11:44:22,False,False,,,,False,,,False,,,,
ORD0001535,A000765,D000904,ADDR000290,b78f7c5767048030,PI001102,2010.0,135.46,,grocery,2026-01-24 13:14:30,delivered,1,2026-01-25 13:14:30,False,False,,,,False,,,False,,,,
ORD0001536,A000765,D000904,ADDR000197,b78f7c5767048030,PI000850,4940.0,0.0,,home,2026-01-25 20:02:39,delivered,2,2026-01-29 20:02:39,False,False,,,,False,,,False,,,,
ORD0001537,A000765,D000904,ADDR000290,b78f7c5767048030,PI000850,5440.0,351.82,,home,2026-02-03 20:10:22,delivered,1,2026-02-05 20:10:22,False,False,,,,False,,,False,,,,
ORD0001538,A000765,D000537,ADDR000197,b78f7c5767048030,PI000850,1160.0,0.0,,grocery,2026-02-08 12:42:10,delivered,2,2026-02-11 12:42:10,False,False,,,,False,,,False,,,,
ORD0001539,A000765,D000537,ADDR000290,b78f7c5767048030,PI000850,2080.0,0.0,,grocery,2026-02-18 06:05:10,delivered,1,2026-02-22 06:05:10,False,False,,,,False,,,False,,,,
ORD0001540,A000765,D000537,ADDR000197,b78f7c5767048030,PI000850,900.0,0.0,,fashion,2026-02-11 00:10:37,delivered,1,2026-02-15 00:10:37,False,False,,,,False,,,False,,,,
ORD0001541,A000765,D000904,ADDR000197,b78f7c5767048030,PI000850,4120.0,1576.16,RARE_430,fashion,2026-02-23 09:32:54,delivered,2,2026-02-27 09:32:54,False,False,,,,False,,,False,,,,
ORD0001542,A000766,D000807,ADDR000502,90a11393b2f77056,PI001240,1900.0,130.18,,grocery,2026-02-18 10:22:42,delivered,1,2026-02-21 10:22:42,False,False,,,,False,,,False,,,,
ORD0001543,A000767,D000183,ADDR000548,52d8e33206e9558d,PI001197,3420.0,186.82,,fashion,2026-02-20 21:35:46,delivered,2,2026-02-23 21:35:46,False,False,,,,False,,,False,,,,
ORD0001544,A000767,D000183,ADDR000548,52d8e33206e9558d,PI001197,870.0,70.6,,toys,2026-02-02 00:01:48,pending,2,,False,False,,,,False,,,False,,,,
ORD0001545,A000768,D000114,ADDR000088,3714ae2e7a504f9a,PI001348,1580.0,0.0,,grocery,2026-02-08 10:48:06,delivered,2,2026-02-09 10:48:06,False,False,,,,False,,,False,,,,
ORD0001546,A000768,D000114,ADDR000088,3714ae2e7a504f9a,PI001348,3600.0,0.0,,fashion,2026-02-07 07:19:59,delivered,3,2026-02-09 07:19:59,False,False,,,,False,,,False,,,,
ORD0001547,A000768,D000114,ADDR000122,3714ae2e7a504f9a,PI001348,1900.0,0.0,,books,2026-01-29 08:36:27,delivered,1,2026-01-31 08:36:27,False,False,,,,False,,,False,,,,
ORD0001548,A000768,D000114,ADDR000088,3714ae2e7a504f9a,PI001348,1030.0,0.0,,books,2026-02-06 04:29:40,delivered,3,2026-02-08 04:29:40,False,False,,,,False,,,False,,,,
ORD0001549,A000768,D000114,ADDR000122,3714ae2e7a504f9a,PI001348,19210.0,0.0,,electronics,2026-02-11 14:26:57,delivered,1,2026-02-15 14:26:57,False,False,,,,False,,,False,,,,
ORD0001550,A000768,D000114,ADDR000088,3714ae2e7a504f9a,PI001348,2180.0,0.0,,fashion,2026-02-05 21:45:14,delivered,3,2026-02-09 21:45:14,False,False,,,,False,,,False,,,,
ORD0001551,A000770,D000392,ADDR000400,dfaf01c0860210f5,PI000334,4800.0,0.0,,home,2026-01-31 07:14:29,delivered,2,2026-02-01 07:14:29,False,False,,,,False,,,False,,,,
ORD0001552,A000770,D001104,ADDR000400,dfaf01c0860210f5,PI000334,1460.0,0.0,,grocery,2026-02-12 17:49:09,delivered,3,2026-02-15 17:49:09,False,False,,,,False,,,False,,,,
ORD0001553,A000770,D001104,ADDR000400,dfaf01c0860210f5,PI000334,4000.0,304.06,,home,2026-01-15 20:05:06,delivered,3,2026-01-18 20:05:06,False,False,,,,False,,,False,,,,
ORD0001554,A000770,D000392,ADDR000295,dfaf01c0860210f5,PI000334,2750.0,0.0,,home,2026-02-24 13:11:42,delivered,2,2026-02-27 13:11:42,False,False,,,,False,,,False,,,,
ORD0001555,A000770,D001104,ADDR000400,dfaf01c0860210f5,PI000334,8380.0,1226.01,,electronics,2026-02-18 20:58:52,delivered,3,2026-02-22 20:58:52,False,False,,,,False,,,False,,,,
ORD0001556,A000770,D000392,ADDR000295,dfaf01c0860210f5,PI000334,6260.0,0.0,,electronics,2026-02-07 17:11:44,delivered,3,2026-02-11 17:11:44,False,False,,,,False,,,False,,,,
ORD0001557,A000770,D000392,ADDR000400,dfaf01c0860210f5,PI000334,10880.0,0.0,,electronics,2026-01-17 07:05:46,delivered,3,2026-01-20 07:05:46,False,False,,,,False,,,False,,,,
ORD0001558,A000770,D000392,ADDR000295,dfaf01c0860210f5,PI000334,1230.0,0.0,,toys,2026-01-24 16:34:07,delivered,2,2026-01-26 16:34:07,False,False,,,,False,,,False,,,,
ORD0001559,A000770,D000392,ADDR000295,dfaf01c0860210f5,PI000334,19980.0,0.0,,electronics,2026-01-27 16:49:57,delivered,2,2026-01-28 16:49:57,False,False,,,,False,,,False,,,,
ORD0001560,A000770,D001104,ADDR000295,dfaf01c0860210f5,PI000334,7850.0,536.93,,home,2026-01-12 13:02:57,delivered,3,2026-01-15 13:02:57,False,False,,,,False,,,False,,,,
ORD0001561,A000772,D000537,ADDR000148,fd08b57555d1b661,PI000474,15030.0,0.0,,electronics,2026-02-26 23:11:39,delivered,3,2026-02-27 23:11:39,False,False,,,,False,,,False,,,,
ORD0001562,A000773,D000038,ADDR000308,5cc96e8df5806fcc,PI001089,1840.0,0.0,,fashion,2026-02-14 07:51:24,delivered,3,2026-02-15 07:51:24,False,False,,,,False,,,False,,,,
ORD0001563,A000774,D000080,ADDR000419,19918d14d9a528fd,PI000428,460.0,0.0,,grocery,2026-01-25 00:05:23,delivered,2,2026-01-27 00:05:23,False,False,,,,False,,,False,,,,
ORD0001564,A000774,D000080,ADDR000375,19918d14d9a528fd,PI000428,19550.0,0.0,,electronics,2026-01-26 21:18:42,delivered,3,2026-01-30 21:18:42,False,False,,,,False,,,False,,,,
ORD0001565,A000775,D001124,ADDR000162,6836fee44b4e8510,PI000271,1050.0,0.0,,fashion,2026-02-13 17:49:13,delivered,1,2026-02-17 17:49:13,False,False,,,,False,,,False,,,,
ORD0001566,A000775,D001124,ADDR000162,6836fee44b4e8510,PI000184,3100.0,0.0,,fashion,2026-02-19 18:29:25,failed,1,,True,False,,,,False,,,False,,,,
ORD0001567,A000776,D000827,ADDR000054,446d75bcf1174fd9,PI000676,9220.0,0.0,,electronics,2026-02-16 22:53:41,delivered,1,2026-02-20 22:53:41,False,False,,,,False,,,False,,,,
ORD0001568,A000777,D000609,ADDR000361,589db8e7e286278c,PI000392,3900.0,209.22,,fashion,2026-02-21 07:19:48,delivered,3,2026-02-24 07:19:48,False,False,,,,False,,,False,,,,
ORD0001569,A000777,D000609,ADDR000242,589db8e7e286278c,PI000392,1790.0,108.43,,fashion,2026-01-20 06:16:04,delivered,1,2026-01-24 06:16:04,False,False,,,,False,,,False,,,,
ORD0001570,A000777,D000609,ADDR000361,589db8e7e286278c,PI000392,880.0,0.0,,grocery,2026-01-24 07:26:48,delivered,1,2026-01-26 07:26:48,False,False,,,,False,,,False,,,,
ORD0001571,A000777,D000609,ADDR000361,589db8e7e286278c,PI000392,1240.0,164.04,,grocery,2026-02-21 00:05:09,delivered,3,2026-02-22 00:05:09,False,False,,,,False,,,False,,,,
ORD0001572,A000777,D000609,ADDR000242,589db8e7e286278c,PI000392,1920.0,0.0,,fashion,2026-02-28 12:53:17,delivered,3,2026-03-03 12:53:17,False,False,,,,False,,,False,,,,
ORD0001573,A000777,D000609,ADDR000361,589db8e7e286278c,PI000392,1220.0,0.0,,books,2026-02-04 18:26:14,delivered,1,2026-02-05 18:26:14,False,False,,,,False,,,False,,,,
ORD0001574,A000777,D000609,ADDR000361,589db8e7e286278c,PI000392,7620.0,0.0,,home,2026-01-08 03:00:50,delivered,1,2026-01-10 03:00:50,False,False,,,,False,,,False,,,,
ORD0001575,A000778,D000519,ADDR000573,c13c73a224a4663e,PI000013,1210.0,0.0,,fashion,2026-02-07 21:37:25,delivered,1,2026-02-11 21:37:25,False,False,,,,False,,,False,,,,
ORD0001576,A000778,D000998,ADDR000573,c13c73a224a4663e,PI000013,7900.0,567.93,,home,2026-02-20 00:45:19,delivered,2,2026-02-24 00:45:19,False,False,,,,False,,,False,,,,
ORD0001577,A000779,D000545,ADDR000065,d6044e464c8b7600,PI001223,1690.0,129.4,,grocery,2026-02-05 15:47:34,delivered,2,2026-02-08 15:47:34,False,False,,,,False,,,False,,,,
ORD0001578,A000779,D000545,ADDR000065,d6044e464c8b7600,PI001223,17960.0,0.0,,electronics,2026-01-22 10:56:10,pending,2,,False,False,,,,False,,,False,,,,
ORD0001579,A000779,D000545,ADDR000065,d6044e464c8b7600,PI001223,3380.0,0.0,,fashion,2026-02-19 08:11:22,delivered,1,2026-02-21 08:11:22,False,False,,,,False,,,False,,,,
ORD0001580,A000780,D000238,ADDR000016,34e2e0b7e1cacee2,PI000462,3550.0,363.7,,fashion,2026-01-23 16:47:23,delivered,1,2026-01-26 16:47:23,False,False,,,,False,,,False,,,,
ORD0001581,A000781,D000360,ADDR000084,40e57ea17f8a389b,PI000558,380.0,0.0,,books,2026-01-14 22:25:36,delivered,2,2026-01-16 22:25:36,False,False,,,,False,,,False,,,,
ORD0001582,A000783,D000453,ADDR000545,cb65a279b363a336,PI001088,1960.0,0.0,,toys,2026-02-09 14:35:13,delivered,3,2026-02-11 14:35:13,False,False,,,,False,,,False,,,,
ORD0001583,A000783,D000453,ADDR000545,cb65a279b363a336,PI001088,11500.0,0.0,,electronics,2026-02-17 09:37:35,delivered,3,2026-02-19 09:37:35,False,False,,,,False,,,False,,,,
ORD0001584,A000783,D000453,ADDR000545,cb65a279b363a336,PI001088,2370.0,0.0,,fashion,2026-02-24 04:29:48,delivered,2,2026-02-25 04:29:48,False,False,,,,False,,,False,,,,
ORD0001585,A000785,D000423,ADDR000393,c5b1d647afb67e9f,PI000634,18990.0,2422.14,,electronics,2026-01-19 21:57:49,delivered,2,2026-01-22 21:57:49,False,False,,,,False,,,False,,,,
ORD0001586,A000785,D000423,ADDR000393,c5b1d647afb67e9f,PI000634,2610.0,0.0,,grocery,2026-01-16 01:36:14,delivered,2,2026-01-20 01:36:14,False,False,,,,False,,,False,,,,
ORD0001587,A000785,D000423,ADDR000248,c5b1d647afb67e9f,PI000634,1170.0,0.0,,books,2026-02-01 04:10:24,delivered,2,2026-02-05 04:10:24,False,False,,,,False,,,False,,,,
ORD0001588,A000786,D000470,ADDR000174,067375e62af237f3,PI000870,1650.0,92.52,,fashion,2026-02-23 13:22:24,pending,1,,False,False,,,,False,,,False,,,,
ORD0001589,A000787,D000573,ADDR000498,3571021a0fe8adbc,PI001293,3210.0,0.0,,fashion,2026-02-02 23:18:58,delivered,1,2026-02-06 23:18:58,False,False,,,,False,,,False,,,,
ORD0001590,A000787,D000652,ADDR000498,3571021a0fe8adbc,PI001293,2720.0,0.0,,fashion,2026-01-11 02:17:40,delivered,1,2026-01-14 02:17:40,False,False,,,,False,,,False,,,,
ORD0001591,A000787,D000573,ADDR000498,3571021a0fe8adbc,PI001293,2960.0,0.0,,fashion,2026-01-12 09:13:07,delivered,2,2026-01-13 09:13:07,False,False,,,,False,,,False,,,,
ORD0001592,A000788,D000747,ADDR000050,6b0b0784a4d57b05,PI000123,3420.0,0.0,,fashion,2026-02-16 16:09:41,delivered,2,2026-02-17 16:09:41,False,False,,,,False,,,False,,,,
ORD0001593,A000789,D000688,ADDR000237,378122aeb7dc425a,PI000371,380.0,0.0,,grocery,2026-02-11 22:11:38,failed,2,,True,False,,,,False,,,False,,,,
ORD0001594,A000790,D000788,ADDR000328,446d75bcf1174fd9,PI000690,1180.0,0.0,,grocery,2026-01-30 22:49:47,delivered,3,2026-02-01 22:49:47,False,False,,,,False,,,False,,,,
ORD0001595,A000790,D000788,ADDR000328,446d75bcf1174fd9,PI000690,7450.0,0.0,,home,2026-02-13 19:27:31,delivered,2,2026-02-14 19:27:31,False,False,,,,False,,,False,,,,
ORD0001596,A000790,D000788,ADDR000084,446d75bcf1174fd9,PI000250,2520.0,0.0,,fashion,2026-01-29 20:09:04,delivered,1,2026-01-30 20:09:04,False,False,,,,False,,,False,,,,
ORD0001597,A000790,D000788,ADDR000328,446d75bcf1174fd9,PI000690,2420.0,0.0,,grocery,2026-01-17 02:54:21,delivered,3,2026-01-18 02:54:21,False,False,,,,False,,,False,,,,
ORD0001598,A000791,D000008,ADDR000061,9852473a09d25779,PI000337,1360.0,0.0,,toys,2026-02-14 09:43:30,delivered,1,2026-02-17 09:43:30,False,False,,,,False,,,False,,,,
ORD0001599,A000791,D000008,ADDR000061,9852473a09d25779,PI000626,4590.0,258.37,,fashion,2026-02-28 05:24:03,delivered,1,2026-03-02 05:24:03,False,False,,,,False,,,False,,,,
ORD0001600,A000792,D000047,ADDR000248,11936879b7f9b546,PI000189,250.0,0.0,,books,2026-02-13 03:21:42,delivered,3,2026-02-17 03:21:42,False,False,,,,False,,,False,,,,
ORD0001601,A000793,D000038,ADDR000084,11936879b7f9b546,PI000755,2460.0,0.0,,toys,2026-02-15 13:19:00,delivered,2,2026-02-16 13:19:00,False,False,,,,False,,,False,,,,
ORD0001602,A000794,D000733,ADDR000561,9d5aef775e22a405,PI000949,4900.0,0.0,,fashion,2026-02-15 19:25:15,delivered,2,2026-02-19 19:25:15,False,False,,,,False,,,False,,,,
ORD0001603,A000794,D000288,ADDR000561,9d5aef775e22a405,PI000949,380.0,0.0,,books,2026-02-01 12:04:08,delivered,3,2026-02-02 12:04:08,False,False,,,,False,,,False,,,,
ORD0001604,A000795,D000593,ADDR000412,3571021a0fe8adbc,PI001386,300.0,0.0,,grocery,2026-02-01 05:36:21,delivered,3,2026-02-02 05:36:21,False,False,,,,False,,,False,,,,
ORD0001605,A000795,D000593,ADDR000412,3571021a0fe8adbc,PI000895,2300.0,0.0,,toys,2026-01-28 20:36:24,delivered,3,2026-01-29 20:36:24,False,False,,,,False,,,False,,,,
ORD0001606,A000797,D000453,ADDR000029,2b0880942a074cf6,PI001008,1910.0,0.0,,fashion,2026-02-21 07:15:53,delivered,1,2026-02-25 07:15:53,False,False,,,,False,,,False,,,,
ORD0001607,A000797,D000302,ADDR000029,2b0880942a074cf6,PI001008,4970.0,0.0,,fashion,2026-02-04 17:16:26,delivered,1,2026-02-08 17:16:26,False,False,,,,False,,,False,,,,
ORD0001608,A000797,D000302,ADDR000029,2b0880942a074cf6,PI001008,2610.0,0.0,,grocery,2026-02-11 20:57:56,failed,2,,True,False,,,,False,,,False,,,,
ORD0001609,A000798,D000532,ADDR000585,944c99b9e7be2a85,PI000317,340.0,0.0,,grocery,2026-01-15 14:31:03,delivered,3,2026-01-17 14:31:03,False,False,,,,False,,,False,,,,
ORD0001610,A000798,D000532,ADDR000585,944c99b9e7be2a85,PI000005,5000.0,0.0,,fashion,2026-01-30 00:22:37,delivered,3,2026-01-31 00:22:37,False,False,,,,False,,,False,,,,
ORD0001611,A000799,D000003,ADDR000197,206425e9a23e8c53,PI001062,5560.0,0.0,,home,2026-02-25 13:34:44,failed,2,,True,False,,,,False,,,False,,,,
