account_id,total_orders,total_amount,avg_order_value,distinct_devices,distinct_addresses,distinct_phones,distinct_payment_instruments,total_delivered_orders,total_failed_orders,total_pending_orders,coupon_usage_rate,discount_dependency_score,total_returns,avg_return_lag_hours,total_refunds,total_refund_amount,total_disputes,return_rate,refund_rate,dispute_rate,account_age_days,orders_last_24h,orders_last_7d,orders_last_30d,refunds_last_24h,refunds_last_7d,refunds_last_30d,return_rate_last_30d,transaction_burst_score,refund_burst_score,account_creation_burst_score,accounts_per_device,shared_device_count,accounts_per_address,shared_address_count,accounts_per_phone,shared_phone_count,accounts_per_instrument,shared_instrument_count,shared_ip_prefix_count
A000000,2.0,19250.0,9625.0,1.0,2.0,1.0,1.0,2.0,0.0,0.0,0.0,0.0,0.0,0.0,0.0,0.0,0.0,0.0,0.0,0.0,47.41172453703704,0.0,0.0,2.0,0.0,0.0,0.0,0.0,0.0,0.0,4,8.0,7.0,8.5,15.0,11.0,10.0,4.0,3.0,1.0
A000001,2.0,6820.0,3410.0,1.0,2.0,1.0,1.0,1.0,0.0,1.0,0.0,0.04437437810945273,0.0,0.0,0.0,0.0,0.0,0.0,0.0,0.0,27.555266203703702,0.0,2.0,2.0,0.0,0.0,0.0,0.0,0.0,0.0,4,1.0,0.0,3.0,4.0,1.0,0.0,1.0,0.0,0.0
A000002,0.0,0.0,0.0,0.0,0.0,0.0,0.0,0.0,0.0,0.0,0.0,0.0,0.0,0.0,0.0,0.0,0.0,0.0,0.0,0.0,47.50758101851852,0.0,0.0,0.0,0.0,0.0,0.0,0.0,0.0,0.0,4,0.0,0.0,0.0,0.0,0.0,0.0,0.0,0.0,0.0
A000003,4.0,29840.0,7460.0,2.0,1.0,1.0,1.0,4.0,0.0,0.0,0.0,0.0,0.0,0.0,0.0,0.0,0.0,0.0,0.0,0.0,29.776319444444443,0.0,1.0,4.0,0.0,0.0,0.0,0.0,0.0,0.0,3,3.0,4.0,3.0,2.0,1.0,0.0,5.0,4.0,1.0
A000004,1.0,1110.0,1110.0,1.0,1.0,1.0,1.0,1.0,0.0,0.0,0.0,0.0,0.0,0.0,0.0,0.0,0.0,0.0,0.0,0.0,28.66318287037037,0.0,0.0,1.0,0.0,0.0,0.0,0.0,0.0,0.0,3,1.0,0.0,7.0,6.0,2.0,1.0,1.0,0.0,0.0
A000005,1.0,13700.0,13700.0,1.0,1.0,1.0,1.0,1.0,0.0,0.0,0.0,0.0,0.0,0.0,0.0,0.0,0.0,0.0,0.0,0.0,27.926944444444445,0.0,0.0,1.0,0.0,0.0,0.0,0.0,0.0,0.0,2,2.0,1.0,7.0,6.0,3.0,2.0,2.0,1.0,0.0
A000006,2.0,3020.0,1510.0,1.0,2.0,1.0,2.0,2.0,0.0,0.0,0.0,0.0,0.0,0.0,0.0,0.0,0.0,0.0,0.0,0.0,25.647291666666668,0.0,0.0,2.0,0.0,0.0,0.0,0.0,0.0,0.0,1,2.0,1.0,2.0,2.0,2.0,1.0,1.5,1.0,0.0
A000007,0.0,0.0,0.0,0.0,0.0,0.0,0.0,0.0,0.0,0.0,0.0,0.0,0.0,0.0,0.0,0.0,0.0,0.0,0.0,0.0,36.93880787037037,0.0,0.0,0.0,0.0,0.0,0.0,0.0,0.0,0.0,2,0.0,0.0,0.0,0.0,0.0,0.0,0.0,0.0,0.0
A000008,1.0,1690.0,1690.0,1.0,1.0,1.0,1.0,0.0,1.0,0.0,0.0,0.0,0.0,0.0,0.0,0.0,0.0,0.0,0.0,0.0,27.334537037037038,0.0,0.0,1.0,0.0,0.0,0.0,0.0,0.0,0.0,2,1.0,0.0,4.0,3.0,11.0,10.0,1.0,0.0,0.0
A000009,0.0,0.0,0.0,0.0,0.0,0.0,0.0,0.0,0.0,0.0,0.0,0.0,0.0,0.0,0.0,0.0,0.0,0.0,0.0,0.0,31.32790509259259,0.0,0.0,0.0,0.0,0.0,0.0,0.0,0.0,0.0,0,0.0,0.0,0.0,0.0,0.0,0.0,0.0,0.0,0.0
A000010,0.0,0.0,0.0,0.0,0.0,0.0,0.0,0.0,0.0,0.0,0.0,0.0,0.0,0.0,0.0,0.0,0.0,0.0,0.0,0.0,36.93667824074074,0.0,0.0,0.0,0.0,0.0,0.0,0.0,0.0,0.0,2,0.0,0.0,0.0,0.0,0.0,0.0,0.0,0.0,0.0
A000011,4.0,10350.0,2587.5,2.0,2.0,1.0,1.0,4.0,0.0,0.0,0.0,0.02501813880126183,0.0,0.0,0.0,0.0,0.0,0.0,0.0,0.0,43.41008101851852,0.0,0.0,4.0,0.0,0.0,0.0,0.0,0.0,0.0,1,2.0,2.0,9.0,16.0,3.0,2.0,4.0,3.0,1.0
A000012,1.0,1080.0,1080.0,1.0,1.0,1.0,1.0,1.0,0.0,0.0,0.0,0.13043518518518518,0.0,0.0,0.0,0.0,0.0,0.0,0.0,0.0,25.109548611111112,0.0,0.0,1.0,0.0,0.0,0.0,0.0,0.0,0.0,2,1.0,0.0,3.0,2.0,4.0,3.0,1.0,0.0,0.0
A000013,2.0,19760.0,9880.0,1.0,2.0,1.0,1.0,2.0,0.0,0.0,0.0,0.047695312499999996,0.0,0.0,0.0,0.0,0.0,0.0,0.0,0.0,25.998692129629628,0.0,0.0,2.0,0.0,0.0,0.0,0.0,0.0,0.0,5,3.0,2.0,7.0,12.0,4.0,3.0,2.0,1.0,1.0
A000014,0.0,0.0,0.0,0.0,0.0,0.0,0.0,0.0,0.0,0.0,0.0,0.0,0.0,0.0,0.0,0.0,0.0,0.0,0.0,0.0,29.68482638888889,0.0,0.0,0.0,0.0,0.0,0.0,0.0,0.0,0.0,4,0.0,0.0,0.0,0.0,0.0,0.0,0.0,0.0,0.0
A000015,3.0,3250.0,1083.3333333333333,1.0,2.0,1.0,2.0,3.0,0.0,0.0,0.0,0.04931578947368421,0.0,0.0,0.0,0.0,0.0,0.0,0.0,0.0,39.71875,0.0,1.0,2.0,0.0,0.0,0.0,0.0,0.0,0.0,2,4.0,3.0,5.5,9.0,1.0,0.0,3.5,5.0,3.0
A000016,0.0,0.0,0.0,0.0,0.0,0.0,0.0,0.0,0.0,0.0,0.0,0.0,0.0,0.0,0.0,0.0,0.0,0.0,0.0,0.0,30.34034722222222,0.0,0.0,0.0,0.0,0.0,0.0,0.0,0.0,0.0,3,0.0,0.0,0.0,0.0,0.0,0.0,0.0,0.0,0.0
A000017,2.0,6350.0,3175.0,1.0,1.0,1.0,1.0,1.0,0.0,1.0,0.0,0.04904600484261501,0.0,0.0,0.0,0.0,0.0,0.0,0.0,0.0,27.426875,0.0,1.0,2.0,0.0,0.0,0.0,0.0,0.0,0.0,3,9.0,8.0,3.0,2.0,2.0,1.0,1.0,0.0,2.0
A000018,4.0,17740.0,4435.0,2.0,2.0,1.0,2.0,3.0,1.0,0.0,0.0,0.03476999080541591,0.0,0.0,0.0,0.0,0.0,0.0,0.0,0.0,35.564050925925926,0.0,1.0,3.0,0.0,0.0,0.0,0.0,0.0,0.0,3,8.5,15.0,7.0,12.0,3.0,2.0,4.5,7.0,0.0
A000019,1.0,3680.0,3680.0,1.0,1.0,1.0,1.0,0.0,0.0,1.0,0.0,0.0,0.0,0.0,0.0,0.0,0.0,0.0,0.0,0.0,48.72969907407408,0.0,1.0,1.0,0.0,0.0,0.0,0.0,0.0,0.0,5,6.0,5.0,20.0,19.0,4.0,3.0,5.0,4.0,1.0
A000020,3.0,9170.0,3056.6666666666665,2.0,1.0,1.0,1.0,3.0,0.0,0.0,0.0,0.01763308457711443,0.0,0.0,0.0,0.0,0.0,0.0,0.0,0.0,23.246689814814815,0.0,1.0,3.0,0.0,0.0,0.0,0.0,0.0,0.0,2,1.0,0.0,1.0,0.0,4.0,3.0,4.0,3.0,0.0
A000021,2.0,13980.0,6990.0,1.0,1.0,1.0,1.0,1.0,0.0,1.0,0.0,0.0,0.0,0.0,0.0,0.0,0.0,0.0,0.0,0.0,28.40189814814815,1.0,1.0,2.0,0.0,0.0,0.0,0.0,1.0,0.0,5,3.0,2.0,2.0,1.0,1.0,0.0,2.0,1.0,0.0
A000022,0.0,0.0,0.0,0.0,0.0,0.0,0.0,0.0,0.0,0.0,0.0,0.0,0.0,0.0,0.0,0.0,0.0,0.0,0.0,0.0,23.739456018518517,0.0,0.0,0.0,0.0,0.0,0.0,0.0,0.0,0.0,1,0.0,0.0,0.0,0.0,0.0,0.0,0.0,0.0,0.0
A000023,2.0,22320.0,11160.0,1.0,2.0,1.0,1.0,2.0,0.0,0.0,0.0,0.03242142857142857,0.0,0.0,0.0,0.0,0.0,0.0,0.0,0.0,39.25666666666667,0.0,0.0,2.0,0.0,0.0,0.0,0.0,0.0,0.0,4,3.0,2.0,5.0,8.0,2.0,1.0,2.0,1.0,1.0
A000024,2.0,6330.0,3165.0,1.0,2.0,1.0,2.0,2.0,0.0,0.0,0.0,0.0,0.0,0.0,0.0,0.0,0.0,0.0,0.0,0.0,36.57472222222222,0.0,0.0,2.0,0.0,0.0,0.0,0.0,0.0,0.0,3,2.0,1.0,3.5,5.0,4.0,3.0,2.0,2.0,0.0
A000025,3.0,5890.0,1963.3333333333333,2.0,1.0,1.0,1.0,3.0,0.0,0.0,0.0,0.01851937984496124,1.0,48.0,1.0,1800.0,0.0,0.3333333333333333,0.3333333333333333,0.0,46.232280092592596,0.0,0.0,2.0,0.0,0.0,1.0,0.5,0.0,0.0,2,5.0,8.0,9.0,8.0,4.0,3.0,4.0,3.0,1.0
A000026,0.0,0.0,0.0,0.0,0.0,0.0,0.0,0.0,0.0,0.0,0.0,0.0,0.0,0.0,0.0,0.0,0.0,0.0,0.0,0.0,33.629502314814815,0.0,0.0,0.0,0.0,0.0,0.0,0.0,0.0,0.0,1,0.0,0.0,0.0,0.0,0.0,0.0,0.0,0.0,0.0
A000027,2.0,6110.0,3055.0,1.0,1.0,1.0,1.0,2.0,0.0,0.0,0.0,0.0,0.0,0.0,0.0,0.0,0.0,0.0,0.0,0.0,30.575393518518517,0.0,1.0,2.0,0.0,0.0,0.0,0.0,0.0,0.0,11,2.0,1.0,1.0,0.0,2.0,1.0,1.0,0.0,1.0
A000028,1.0,2600.0,2600.0,1.0,1.0,1.0,1.0,1.0,0.0,0.0,0.0,0.10871153846153846,0.0,0.0,0.0,0.0,0.0,0.0,0.0,0.0,31.736828703703704,0.0,1.0,1.0,0.0,0.0,0.0,0.0,0.0,0.0,4,1.0,0.0,5.0,4.0,3.0,2.0,2.0,1.0,0.0
A000029,1.0,4680.0,4680.0,1.0,1.0,1.0,1.0,1.0,0.0,0.0,1.0,0.32407051282051286,0.0,0.0,0.0,0.0,0.0,0.0,0.0,0.0,29.692314814814814,0.0,0.0,1.0,0.0,0.0,0.0,0.0,0.0,0.0,4,1.0,0.0,5.0,4.0,1.0,0.0,1.0,0.0,0.0
A000030,3.0,13210.0,4403.333333333333,2.0,1.0,1.0,2.0,2.0,1.0,0.0,0.3333333333333333,0.14515551005151708,0.0,0.0,0.0,0.0,0.0,0.0,0.0,0.0,37.37871527777778,0.0,0.0,1.0,0.0,0.0,0.0,0.0,0.0,0.0,1,2.0,2.0,5.0,4.0,6.0,5.0,3.5,5.0,0.0
A000031,0.0,0.0,0.0,0.0,0.0,0.0,0.0,0.0,0.0,0.0,0.0,0.0,0.0,0.0,0.0,0.0,0.0,0.0,0.0,0.0,26.661828703703705,0.0,0.0,0.0,0.0,0.0,0.0,0.0,0.0,0.0,3,0.0,0.0,0.0,0.0,0.0,0.0,0.0,0.0,0.0
A000032,3.0,8510.0,2836.6666666666665,2.0,1.0,1.0,1.0,3.0,0.0,0.0,0.0,0.04995786864931847,0.0,0.0,0.0,0.0,0.0,0.0,0.0,0.0,43.052824074074074,0.0,1.0,2.0,0.0,0.0,0.0,0.0,0.0,0.0,2,3.0,4.0,13.0,12.0,11.0,10.0,2.0,1.0,0.0
A000033,1.0,8320.0,8320.0,1.0,1.0,1.0,1.0,1.0,0.0,0.0,0.0,0.0,0.0,0.0,0.0,0.0,0.0,0.0,0.0,0.0,30.207627314814815,0.0,0.0,1.0,0.0,0.0,0.0,0.0,0.0,0.0,0,1.0,0.0,4.0,3.0,2.0,1.0,1.0,0.0,0.0
A000034,1.0,5100.0,5100.0,1.0,1.0,1.0,1.0,1.0,0.0,0.0,0.0,0.0,0.0,0.0,0.0,0.0,0.0,0.0,0.0,0.0,26.657916666666665,0.0,1.0,1.0,0.0,0.0,0.0,0.0,0.0,0.0,3,1.0,0.0,10.0,9.0,2.0,1.0,1.0,0.0,0.0
A000035,1.0,2920.0,2920.0,1.0,1.0,1.0,1.0,1.0,0.0,0.0,0.0,0.0,0.0,0.0,0.0,0.0,0.0,0.0,0.0,0.0,49.78650462962963,0.0,0.0,0.0,0.0,0.0,0.0,0.0,0.0,0.0,3,11.0,10.0,18.0,17.0,10.0,9.0,16.0,15.0,0.0
A000036,2.0,11240.0,5620.0,1.0,1.0,1.0,1.0,2.0,0.0,0.0,0.0,0.06307904728435386,0.0,0.0,0.0,0.0,0.0,0.0,0.0,0.0,36.32454861111111,0.0,0.0,2.0,0.0,0.0,0.0,0.0,0.0,0.0,1,8.0,7.0,4.0,3.0,3.0,2.0,3.0,2.0,0.0
A000037,0.0,0.0,0.0,0.0,0.0,0.0,0.0,0.0,0.0,0.0,0.0,0.0,0.0,0.0,0.0,0.0,0.0,0.0,0.0,0.0,29.550196759259258,0.0,0.0,0.0,0.0,0.0,0.0,0.0,0.0,0.0,4,0.0,0.0,0.0,0.0,0.0,0.0,0.0,0.0,0.0
A000038,0.0,0.0,0.0,0.0,0.0,0.0,0.0,0.0,0.0,0.0,0.0,0.0,0.0,0.0,0.0,0.0,0.0,0.0,0.0,0.0,35.337418981481484,0.0,0.0,0.0,0.0,0.0,0.0,0.0,0.0,0.0,1,0.0,0.0,0.0,0.0,0.0,0.0,0.0,0.0,0.0
A000039,0.0,0.0,0.0,0.0,0.0,0.0,0.0,0.0,0.0,0.0,0.0,0.0,0.0,0.0,0.0,0.0,0.0,0.0,0.0,0.0,33.50650462962963,0.0,0.0,0.0,0.0,0.0,0.0,0.0,0.0,0.0,4,0.0,0.0,0.0,0.0,0.0,0.0,0.0,0.0,0.0
A000040,1.0,920.0,920.0,1.0,1.0,1.0,1.0,1.0,0.0,0.0,0.0,0.050478260869565215,0.0,0.0,0.0,0.0,0.0,0.0,0.0,0.0,37.2512037037037,0.0,0.0,1.0,0.0,0.0,0.0,0.0,0.0,0.0,3,2.0,1.0,5.0,4.0,6.0,5.0,4.0,3.0,0.0
A000041,2.0,8710.0,4355.0,1.0,1.0,1.0,2.0,1.0,0.0,1.0,0.0,0.0,0.0,0.0,0.0,0.0,0.0,0.0,0.0,0.0,30.61630787037037,0.0,1.0,2.0,0.0,0.0,0.0,0.0,0.0,0.0,9,3.0,2.0,5.0,4.0,2.0,1.0,3.0,4.0,1.0
A000042,5.0,20980.0,4196.0,1.0,2.0,1.0,1.0,5.0,0.0,0.0,0.0,0.013568789363191041,0.0,0.0,0.0,0.0,0.0,0.0,0.0,0.0,47.703275462962964,0.0,1.0,2.0,0.0,0.0,0.0,0.0,0.0,0.0,1,6.0,5.0,7.5,13.0,8.0,7.0,4.0,3.0,2.0
A000043,2.0,6650.0,3325.0,1.0,2.0,1.0,1.0,2.0,0.0,0.0,0.0,0.04385680190930787,0.0,0.0,0.0,0.0,0.0,0.0,0.0,0.0,27.815034722222222,0.0,1.0,2.0,0.0,0.0,0.0,0.0,0.0,0.0,2,3.0,2.0,1.5,1.0,1.0,0.0,2.0,1.0,0.0
A000044,1.0,1690.0,1690.0,1.0,1.0,1.0,1.0,1.0,0.0,0.0,0.0,0.0,0.0,0.0,0.0,0.0,0.0,0.0,0.0,0.0,47.373576388888885,0.0,0.0,0.0,0.0,0.0,0.0,0.0,0.0,0.0,4,3.0,2.0,10.0,9.0,1.0,0.0,2.0,1.0,0.0
A000045,3.0,4680.0,1560.0,1.0,2.0,1.0,1.0,2.0,1.0,0.0,0.3333333333333333,0.13215723270440252,0.0,0.0,0.0,0.0,0.0,0.0,0.0,0.0,33.782986111111114,0.0,1.0,3.0,0.0,0.0,0.0,0.0,0.0,0.0,3,6.0,5.0,3.0,4.0,3.0,2.0,4.0,3.0,0.0
A000046,0.0,0.0,0.0,0.0,0.0,0.0,0.0,0.0,0.0,0.0,0.0,0.0,0.0,0.0,0.0,0.0,0.0,0.0,0.0,0.0,39.92252314814815,0.0,0.0,0.0,0.0,0.0,0.0,0.0,0.0,0.0,1,0.0,0.0,0.0,0.0,0.0,0.0,0.0,0.0,0.0
A000047,2.0,3040.0,1520.0,2.0,2.0,1.0,2.0,2.0,0.0,0.0,0.0,0.0,0.0,0.0,0.0,0.0,0.0,0.0,0.0,0.0,37.33519675925926,0.0,0.0,1.0,0.0,0.0,0.0,0.0,0.0,0.0,3,4.0,6.0,6.0,10.0,2.0,1.0,1.5,1.0,0.0
A000048,0.0,0.0,0.0,0.0,0.0,0.0,0.0,0.0,0.0,0.0,0.0,0.0,0.0,0.0,0.0,0.0,0.0,0.0,0.0,0.0,21.21269675925926,0.0,0.0,0.0,0.0,0.0,0.0,0.0,0.0,0.0,3,0.0,0.0,0.0,0.0,0.0,0.0,0.0,0.0,0.0
A000049,4.0,20890.0,5222.5,2.0,2.0,1.0,2.0,1.0,0.0,3.0,0.0,0.021034296028880867,0.0,0.0,0.0,0.0,0.0,0.0,0.0,0.0,25.251307870370372,0.0,2.0,4.0,0.0,0.0,0.0,0.0,0.0,0.0,6,3.0,4.0,1.0,0.0,1.0,0.0,1.5,1.0,1.0
A000050,1.0,2240.0,2240.0,1.0,1.0,1.0,1.0,1.0,0.0,0.0,0.0,0.054026785714285715,0.0,0.0,0.0,0.0,0.0,0.0,0.0,0.0,25.18554398148148,0.0,1.0,1.0,0.0,0.0,0.0,0.0,0.0,0.0,2,1.0,0.0,5.0,4.0,3.0,2.0,1.0,0.0,0.0
A000051,2.0,18550.0,9275.0,2.0,2.0,1.0,1.0,2.0,0.0,0.0,0.0,0.0,0.0,0.0,0.0,0.0,0.0,0.0,0.0,0.0,41.839872685185185,0.0,0.0,2.0,0.0,0.0,0.0,0.0,0.0,0.0,5,2.5,3.0,7.0,12.0,5.0,4.0,4.0,3.0,0.0
A000052,3.0,22470.0,7490.0,1.0,2.0,1.0,2.0,3.0,0.0,0.0,0.0,0.03700768573868488,0.0,0.0,0.0,0.0,0.0,0.0,0.0,0.0,46.337858796296295,0.0,0.0,2.0,0.0,0.0,0.0,0.0,0.0,0.0,2,3.0,2.0,17.5,32.0,5.0,4.0,4.5,7.0,0.0
A000053,2.0,1540.0,770.0,2.0,1.0,1.0,1.0,2.0,0.0,0.0,0.0,0.03338135593220339,0.0,0.0,0.0,0.0,0.0,0.0,0.0,0.0,33.84606481481482,0.0,1.0,2.0,0.0,0.0,0.0,0.0,0.0,0.0,2,3.0,4.0,1.0,0.0,3.0,2.0,2.0,1.0,0.0
A000054,2.0,5230.0,2615.0,1.0,1.0,1.0,1.0,2.0,0.0,0.0,0.0,0.13221304985337243,0.0,0.0,0.0,0.0,0.0,0.0,0.0,0.0,38.133599537037036,0.0,0.0,0.0,0.0,0.0,0.0,0.0,0.0,0.0,7,1.0,0.0,5.0,4.0,3.0,2.0,4.0,3.0,0.0
A000055,6.0,6160.0,1026.6666666666667,2.0,1.0,1.0,1.0,5.0,0.0,1.0,0.0,0.03259299516908212,0.0,0.0,0.0,0.0,0.0,0.0,0.0,0.0,38.21478009259259,1.0,1.0,5.0,0.0,0.0,0.0,0.0,1.0,0.0,0,4.5,7.0,7.0,6.0,2.0,1.0,2.0,1.0,1.0
A000056,1.0,3520.0,3520.0,1.0,1.0,1.0,1.0,1.0,0.0,0.0,0.0,0.0,0.0,0.0,0.0,0.0,0.0,0.0,0.0,0.0,40.30555555555556,0.0,0.0,1.0,0.0,0.0,0.0,0.0,0.0,0.0,2,2.0,1.0,3.0,2.0,1.0,0.0,4.0,3.0,0.0
A000057,1.0,14790.0,14790.0,1.0,1.0,1.0,1.0,1.0,0.0,0.0,0.0,0.0,0.0,0.0,0.0,0.0,0.0,0.0,0.0,0.0,49.34135416666667,0.0,0.0,1.0,0.0,0.0,0.0,0.0,0.0,0.0,3,6.0,5.0,15.0,14.0,5.0,4.0,8.0,7.0,1.0
A000058,3.0,19560.0,6520.0,1.0,1.0,1.0,1.0,3.0,0.0,0.0,0.0,0.0,0.0,0.0,0.0,0.0,0.0,0.0,0.0,0.0,29.793645833333333,0.0,2.0,3.0,0.0,0.0,0.0,0.0,0.0,0.0,3,2.0,1.0,4.0,3.0,1.0,0.0,3.0,2.0,0.0
A000059,1.0,1030.0,1030.0,1.0,1.0,1.0,1.0,1.0,0.0,0.0,0.0,0.0,0.0,0.0,0.0,0.0,0.0,0.0,0.0,0.0,36.605555555555554,0.0,0.0,1.0,0.0,0.0,0.0,0.0,0.0,0.0,4,8.0,7.0,8.0,7.0,4.0,3.0,1.0,0.0,1.0
A000060,2.0,6710.0,3355.0,1.0,1.0,1.0,2.0,1.0,1.0,0.0,0.0,0.033517482517482516,0.0,0.0,0.0,0.0,0.0,0.0,0.0,0.0,22.79650462962963,0.0,0.0,2.0,0.0,0.0,0.0,0.0,0.0,0.0,6,1.0,0.0,2.0,1.0,1.0,0.0,1.5,1.0,0.0
A000061,1.0,3310.0,3310.0,1.0,1.0,1.0,1.0,1.0,0.0,0.0,0.0,0.0,0.0,0.0,0.0,0.0,0.0,0.0,0.0,0.0,45.58295138888889,0.0,0.0,1.0,0.0,0.0,0.0,0.0,0.0,0.0,5,3.0,2.0,9.0,8.0,11.0,10.0,4.0,3.0,0.0
A000062,1.0,660.0,660.0,1.0,1.0,1.0,1.0,1.0,0.0,0.0,0.0,0.10974242424242425,0.0,0.0,0.0,0.0,0.0,0.0,0.0,0.0,45.17979166666667,0.0,0.0,1.0,0.0,0.0,0.0,0.0,0.0,0.0,1,6.0,5.0,9.0,8.0,5.0,4.0,4.0,3.0,0.0
A000063,2.0,2610.0,1305.0,2.0,1.0,1.0,2.0,2.0,0.0,0.0,0.0,0.0,0.0,0.0,0.0,0.0,0.0,0.0,0.0,0.0,38.950381944444445,0.0,1.0,2.0,0.0,0.0,0.0,0.0,0.0,0.0,3,1.0,0.0,4.0,3.0,1.0,0.0,2.5,3.0,0.0
A000064,4.0,11130.0,2782.5,1.0,2.0,1.0,2.0,3.0,1.0,0.0,0.0,0.0,1.0,72.0,1.0,3870.0,0.0,0.3333333333333333,0.25,0.0,32.39130787037037,0.0,1.0,4.0,0.0,0.0,1.0,0.25,0.0,0.0,1,2.0,1.0,4.0,6.0,2.0,1.0,2.5,3.0,0.0
A000065,0.0,0.0,0.0,0.0,0.0,0.0,0.0,0.0,0.0,0.0,0.0,0.0,0.0,0.0,0.0,0.0,0.0,0.0,0.0,0.0,39.50743055555556,0.0,0.0,0.0,0.0,0.0,0.0,0.0,0.0,0.0,4,0.0,0.0,0.0,0.0,0.0,0.0,0.0,0.0,0.0
A000066,1.0,3760.0,3760.0,1.0,1.0,1.0,1.0,0.0,0.0,1.0,0.0,0.054510638297872345,0.0,0.0,0.0,0.0,0.0,0.0,0.0,0.0,40.170636574074074,0.0,0.0,0.0,0.0,0.0,0.0,0.0,0.0,0.0,3,6.0,5.0,4.0,3.0,2.0,1.0,2.0,1.0,1.0
A000067,0.0,0.0,0.0,0.0,0.0,0.0,0.0,0.0,0.0,0.0,0.0,0.0,0.0,0.0,0.0,0.0,0.0,0.0,0.0,0.0,22.10496527777778,0.0,0.0,0.0,0.0,0.0,0.0,0.0,0.0,0.0,9,0.0,0.0,0.0,0.0,0.0,0.0,0.0,0.0,0.0
A000068,3.0,5630.0,1876.6666666666667,1.0,2.0,1.0,2.0,3.0,0.0,0.0,0.0,0.0,0.0,0.0,0.0,0.0,0.0,0.0,0.0,0.0,36.73489583333333,0.0,0.0,3.0,0.0,0.0,0.0,0.0,0.0,0.0,5,2.0,1.0,8.5,15.0,1.0,0.0,3.0,4.0,1.0
A000069,0.0,0.0,0.0,0.0,0.0,0.0,0.0,0.0,0.0,0.0,0.0,0.0,0.0,0.0,0.0,0.0,0.0,0.0,0.0,0.0,42.28976851851852,0.0,0.0,0.0,0.0,0.0,0.0,0.0,0.0,0.0,3,0.0,0.0,0.0,0.0,0.0,0.0,0.0,0.0,0.0
A000070,2.0,10640.0,5320.0,1.0,1.0,1.0,2.0,2.0,0.0,0.0,0.0,0.0,0.0,0.0,0.0,0.0,0.0,0.0,0.0,0.0,42.426944444444445,0.0,0.0,1.0,0.0,0.0,0.0,0.0,0.0,0.0,2,6.0,5.0,11.0,10.0,2.0,1.0,4.0,6.0,1.0
A000071,0.0,0.0,0.0,0.0,0.0,0.0,0.0,0.0,0.0,0.0,0.0,0.0,0.0,0.0,0.0,0.0,0.0,0.0,0.0,0.0,29.210185185185185,0.0,0.0,0.0,0.0,0.0,0.0,0.0,0.0,0.0,2,0.0,0.0,0.0,0.0,0.0,0.0,0.0,0.0,0.0
A000072,1.0,1950.0,1950.0,1.0,1.0,1.0,1.0,1.0,0.0,0.0,1.0,0.2938,0.0,0.0,0.0,0.0,0.0,0.0,0.0,0.0,47.701655092592596,0.0,0.0,0.0,0.0,0.0,0.0,0.0,0.0,0.0,1,4.0,3.0,4.0,3.0,5.0,4.0,8.0,7.0,1.0
A000073,2.0,10070.0,5035.0,1.0,1.0,1.0,1.0,2.0,0.0,0.0,0.0,0.04354521276595745,1.0,48.0,1.0,4430.0,0.0,0.5,0.5,0.0,47.204664351851854,0.0,0.0,2.0,0.0,0.0,1.0,0.5,0.0,0.0,2,4.0,3.0,7.0,6.0,11.0,10.0,3.0,2.0,0.0
A000074,3.0,4620.0,1540.0,1.0,1.0,1.0,1.0,2.0,0.0,1.0,0.0,0.0,0.0,0.0,0.0,0.0,0.0,0.0,0.0,0.0,29.58306712962963,1.0,1.0,3.0,0.0,0.0,0.0,0.0,1.0,0.0,3,1.0,0.0,2.0,1.0,2.0,1.0,5.0,4.0,0.0
A000075,0.0,0.0,0.0,0.0,0.0,0.0,0.0,0.0,0.0,0.0,0.0,0.0,0.0,0.0,0.0,0.0,0.0,0.0,0.0,0.0,44.13146990740741,0.0,0.0,0.0,0.0,0.0,0.0,0.0,0.0,0.0,5,0.0,0.0,0.0,0.0,0.0,0.0,0.0,0.0,0.0
A000076,1.0,1570.0,1570.0,1.0,1.0,1.0,1.0,0.0,0.0,1.0,0.0,0.0,0.0,0.0,0.0,0.0,0.0,0.0,0.0,0.0,34.1396875,0.0,1.0,1.0,0.0,0.0,0.0,0.0,0.0,0.0,3,2.0,1.0,11.0,10.0,3.0,2.0,2.0,1.0,0.0
A000077,2.0,5210.0,2605.0,1.0,2.0,1.0,2.0,2.0,0.0,0.0,0.0,0.0,0.0,0.0,0.0,0.0,0.0,0.0,0.0,0.0,44.873587962962965,0.0,0.0,2.0,0.0,0.0,0.0,0.0,0.0,0.0,3,8.0,7.0,7.5,13.0,9.0,8.0,4.0,6.0,3.0
A000078,0.0,0.0,0.0,0.0,0.0,0.0,0.0,0.0,0.0,0.0,0.0,0.0,0.0,0.0,0.0,0.0,0.0,0.0,0.0,0.0,35.709895833333334,0.0,0.0,0.0,0.0,0.0,0.0,0.0,0.0,0.0,2,0.0,0.0,0.0,0.0,0.0,0.0,0.0,0.0,0.0
A000079,4.0,15780.0,3945.0,2.0,2.0,1.0,2.0,3.0,0.0,1.0,0.0,0.0,0.0,0.0,0.0,0.0,0.0,0.0,0.0,0.0,29.135567129629628,0.0,0.0,4.0,0.0,0.0,0.0,0.0,0.0,0.0,2,3.5,5.0,6.0,10.0,2.0,1.0,2.0,2.0,1.0
A000080,2.0,5110.0,2555.0,1.0,1.0,1.0,1.0,2.0,0.0,0.0,0.0,0.0,0.0,0.0,0.0,0.0,0.0,0.0,0.0,0.0,45.93349537037037,0.0,0.0,1.0,0.0,0.0,0.0,0.0,0.0,0.0,3,4.0,3.0,5.0,4.0,4.0,3.0,4.0,3.0,0.0
A000081,2.0,4500.0,2250.0,2.0,1.0,1.0,1.0,2.0,0.0,0.0,0.0,0.0,0.0,0.0,0.0,0.0,0.0,0.0,0.0,0.0,33.06115740740741,0.0,0.0,2.0,0.0,0.0,0.0,0.0,0.0,0.0,1,4.0,6.0,5.0,4.0,3.0,2.0,4.0,3.0,0.0
A000082,1.0,1900.0,1900.0,1.0,1.0,1.0,1.0,1.0,0.0,0.0,0.0,0.12283684210526315,0.0,0.0,0.0,0.0,0.0,0.0,0.0,0.0,28.032847222222223,0.0,1.0,1.0,0.0,0.0,0.0,0.0,0.0,0.0,2,1.0,0.0,3.0,2.0,2.0,1.0,2.0,1.0,0.0
A000083,0.0,0.0,0.0,0.0,0.0,0.0,0.0,0.0,0.0,0.0,0.0,0.0,0.0,0.0,0.0,0.0,0.0,0.0,0.0,0.0,37.94158564814815,0.0,0.0,0.0,0.0,0.0,0.0,0.0,0.0,0.0,3,0.0,0.0,0.0,0.0,0.0,0.0,0.0,0.0,0.0
A000084,6.0,22180.0,3696.6666666666665,1.0,2.0,1.0,1.0,6.0,0.0,0.0,0.0,0.0,0.0,0.0,0.0,0.0,0.0,0.0,0.0,0.0,44.54146990740741,0.0,0.0,3.0,0.0,0.0,0.0,0.0,0.0,0.0,2,9.0,8.0,5.5,9.0,4.0,3.0,3.0,2.0,2.0
A000085,1.0,600.0,600.0,1.0,1.0,1.0,1.0,1.0,0.0,0.0,0.0,0.0,0.0,0.0,0.0,0.0,0.0,0.0,0.0,0.0,40.43402777777778,0.0,0.0,1.0,0.0,0.0,0.0,0.0,0.0,0.0,3,6.0,5.0,10.0,9.0,4.0,3.0,4.0,3.0,0.0
A000086,2.0,9940.0,4970.0,1.0,2.0,1.0,1.0,2.0,0.0,0.0,0.5,0.1490157414606334,0.0,0.0,0.0,0.0,0.0,0.0,0.0,0.0,44.91962962962963,0.0,0.0,0.0,0.0,0.0,0.0,0.0,0.0,0.0,0,3.0,2.0,12.0,21.0,3.0,2.0,8.0,7.0,0.0
A000087,3.0,17540.0,5846.666666666667,2.0,2.0,1.0,1.0,3.0,0.0,0.0,0.0,0.0,0.0,0.0,0.0,0.0,0.0,0.0,0.0,0.0,32.958310185185184,0.0,0.0,3.0,0.0,0.0,0.0,0.0,0.0,0.0,4,1.5,1.0,3.0,4.0,1.0,0.0,3.0,2.0,0.0
A000088,1.0,1020.0,1020.0,1.0,1.0,1.0,1.0,1.0,0.0,0.0,0.0,0.0,0.0,0.0,0.0,0.0,0.0,0.0,0.0,0.0,21.299166666666668,0.0,0.0,1.0,0.0,0.0,0.0,0.0,0.0,0.0,5,2.0,1.0,1.0,0.0,2.0,1.0,1.0,0.0,0.0
A000089,4.0,10590.0,2647.5,1.0,2.0,1.0,2.0,4.0,0.0,0.0,0.0,0.025004830917874397,0.0,0.0,0.0,0.0,0.0,0.0,0.0,0.0,33.149224537037036,0.0,0.0,3.0,0.0,0.0,0.0,0.0,0.0,0.0,1,1.0,0.0,4.5,7.0,1.0,0.0,1.5,1.0,0.0
A000090,4.0,16060.0,4015.0,2.0,1.0,1.0,2.0,4.0,0.0,0.0,0.0,0.03246139240506329,0.0,0.0,0.0,0.0,0.0,0.0,0.0,0.0,41.45216435185185,0.0,0.0,2.0,0.0,0.0,0.0,0.0,0.0,0.0,3,4.0,6.0,5.0,4.0,3.0,2.0,2.5,3.0,1.0
A000091,0.0,0.0,0.0,0.0,0.0,0.0,0.0,0.0,0.0,0.0,0.0,0.0,0.0,0.0,0.0,0.0,0.0,0.0,0.0,0.0,49.33869212962963,0.0,0.0,0.0,0.0,0.0,0.0,0.0,0.0,0.0,3,0.0,0.0,0.0,0.0,0.0,0.0,0.0,0.0,0.0
A000092,0.0,0.0,0.0,0.0,0.0,0.0,0.0,0.0,0.0,0.0,0.0,0.0,0.0,0.0,0.0,0.0,0.0,0.0,0.0,0.0,36.45387731481482,0.0,0.0,0.0,0.0,0.0,0.0,0.0,0.0,0.0,3,0.0,0.0,0.0,0.0,0.0,0.0,0.0,0.0,0.0
A000093,2.0,7440.0,3720.0,1.0,2.0,1.0,2.0,2.0,0.0,0.0,0.0,0.0,0.0,0.0,0.0,0.0,0.0,0.0,0.0,0.0,27.300671296296297,0.0,1.0,2.0,0.0,0.0,0.0,0.0,0.0,0.0,2,2.0,1.0,5.0,8.0,2.0,1.0,3.0,4.0,0.0
A000094,3.0,8990.0,2996.6666666666665,1.0,2.0,1.0,1.0,1.0,1.0,1.0,0.0,0.06412645765879597,0.0,0.0,0.0,0.0,0.0,0.0,0.0,0.0,30.537395833333335,0.0,0.0,3.0,0.0,0.0,0.0,0.0,0.0,0.0,10,2.0,1.0,4.0,6.0,2.0,1.0,5.0,4.0,0.0
A000095,3.0,5510.0,1836.6666666666667,2.0,2.0,1.0,2.0,2.0,0.0,1.0,0.0,0.041103578154425606,0.0,0.0,0.0,0.0,0.0,0.0,0.0,0.0,35.769502314814815,0.0,1.0,3.0,0.0,0.0,0.0,0.0,0.0,0.0,3,2.5,3.0,4.5,7.0,3.0,2.0,3.5,5.0,1.0
A000096,2.0,12170.0,6085.0,1.0,2.0,1.0,1.0,2.0,0.0,0.0,0.0,0.0,0.0,0.0,0.0,0.0,0.0,0.0,0.0,0.0,34.274907407407404,0.0,1.0,2.0,0.0,0.0,0.0,0.0,0.0,0.0,0,4.0,3.0,2.5,3.0,1.0,0.0,3.0,2.0,0.0
A000097,0.0,0.0,0.0,0.0,0.0,0.0,0.0,0.0,0.0,0.0,0.0,0.0,0.0,0.0,0.0,0.0,0.0,0.0,0.0,0.0,36.268807870370374,0.0,0.0,0.0,0.0,0.0,0.0,0.0,0.0,0.0,4,0.0,0.0,0.0,0.0,0.0,0.0,0.0,0.0,0.0
A000098,2.0,7160.0,3580.0,1.0,1.0,1.0,1.0,2.0,0.0,0.0,0.0,0.0,1.0,72.0,1.0,2960.0,0.0,0.5,0.5,0.0,34.19487268518518,0.0,2.0,2.0,0.0,1.0,1.0,0.5,0.0,0.0,3,3.0,2.0,3.0,2.0,2.0,1.0,1.0,0.0,0.0
A000099,2.0,18470.0,9235.0,1.0,2.0,1.0,2.0,2.0,0.0,0.0,0.5,0.1016230816451811,0.0,0.0,0.0,0.0,0.0,0.0,0.0,0.0,34.90049768518519,0.0,0.0,1.0,0.0,0.0,0.0,0.0,0.0,0.0,3,2.0,1.0,5.5,9.0,2.0,1.0,2.5,3.0,1.0
A000100,3.0,9130.0,3043.3333333333335,2.0,1.0,1.0,1.0,3.0,0.0,0.0,0.0,0.0,0.0,0.0,0.0,0.0,0.0,0.0,0.0,0.0,39.45333333333333,0.0,1.0,3.0,0.0,0.0,0.0,0.0,0.0,0.0,4,2.5,3.0,2.0,1.0,2.0,1.0,1.0,0.0,0.0
A000101,5.0,33780.0,6756.0,1.0,2.0,1.0,2.0,4.0,1.0,0.0,0.0,0.0,0.0,0.0,0.0,0.0,0.0,0.0,0.0,0.0,26.037534722222222,0.0,0.0,5.0,0.0,0.0,0.0,0.0,0.0,0.0,7,1.0,0.0,3.5,5.0,4.0,3.0,2.0,2.0,0.0
A000102,2.0,15720.0,7860.0,1.0,1.0,1.0,1.0,2.0,0.0,0.0,0.0,0.0,0.0,0.0,0.0,0.0,0.0,0.0,0.0,0.0,41.236805555555556,0.0,0.0,2.0,0.0,0.0,0.0,0.0,0.0,0.0,0,3.0,2.0,3.0,2.0,7.0,6.0,2.0,1.0,1.0
A000103,2.0,5030.0,2515.0,1.0,1.0,1.0,1.0,0.0,0.0,2.0,0.0,0.0,0.0,0.0,0.0,0.0,0.0,0.0,0.0,0.0,33.93295138888889,1.0,1.0,2.0,0.0,0.0,0.0,0.0,1.0,0.0,3,2.0,1.0,9.0,8.0,2.0,1.0,3.0,2.0,0.0
A000104,0.0,0.0,0.0,0.0,0.0,0.0,0.0,0.0,0.0,0.0,0.0,0.0,0.0,0.0,0.0,0.0,0.0,0.0,0.0,0.0,46.552650462962966,0.0,0.0,0.0,0.0,0.0,0.0,0.0,0.0,0.0,3,0.0,0.0,0.0,0.0,0.0,0.0,0.0,0.0,0.0
A000105,0.0,0.0,0.0,0.0,0.0,0.0,0.0,0.0,0.0,0.0,0.0,0.0,0.0,0.0,0.0,0.0,0.0,0.0,0.0,0.0,41.844224537037036,0.0,0.0,0.0,0.0,0.0,0.0,0.0,0.0,0.0,5,0.0,0.0,0.0,0.0,0.0,0.0,0.0,0.0,0.0
A000106,1.0,1200.0,1200.0,1.0,1.0,1.0,1.0,1.0,0.0,0.0,0.0,0.0,0.0,0.0,0.0,0.0,0.0,0.0,0.0,0.0,22.775914351851853,0.0,0.0,1.0,0.0,0.0,0.0,0.0,0.0,0.0,4,2.0,1.0,1.0,0.0,2.0,1.0,4.0,3.0,1.0
A000107,2.0,5910.0,2955.0,1.0,1.0,1.0,2.0,1.0,0.0,1.0,0.0,0.0,0.0,0.0,0.0,0.0,0.0,0.0,0.0,0.0,27.709224537037038,0.0,2.0,2.0,0.0,0.0,0.0,0.0,0.0,0.0,1,2.0,1.0,5.0,4.0,2.0,1.0,2.5,3.0,1.0
A000108,0.0,0.0,0.0,0.0,0.0,0.0,0.0,0.0,0.0,0.0,0.0,0.0,0.0,0.0,0.0,0.0,0.0,0.0,0.0,0.0,21.72048611111111,0.0,0.0,0.0,0.0,0.0,0.0,0.0,0.0,0.0,2,0.0,0.0,0.0,0.0,0.0,0.0,0.0,0.0,0.0
A000109,1.0,1630.0,1630.0,1.0,1.0,1.0,1.0,1.0,0.0,0.0,0.0,0.0,1.0,96.0,1.0,1630.0,0.0,1.0,1.0,0.0,43.323796296296294,0.0,0.0,0.0,0.0,0.0,1.0,0.0,0.0,0.0,0,3.0,2.0,10.0,9.0,2.0,1.0,5.0,4.0,0.0
A000110,1.0,1050.0,1050.0,1.0,1.0,1.0,1.0,0.0,1.0,0.0,0.0,0.0,0.0,0.0,0.0,0.0,0.0,0.0,0.0,0.0,34.14270833333333,0.0,0.0,1.0,0.0,0.0,0.0,0.0,0.0,0.0,3,3.0,2.0,5.0,4.0,2.0,1.0,1.0,0.0,0.0
A000111,7.0,13230.0,1890.0,1.0,2.0,1.0,2.0,6.0,0.0,1.0,0.0,0.021357142857142856,0.0,0.0,0.0,0.0,0.0,0.0,0.0,0.0,39.24325231481482,0.0,4.0,7.0,0.0,0.0,0.0,0.0,0.0,0.0,3,4.0,3.0,8.5,15.0,1.0,0.0,3.0,4.0,3.0
A000112,0.0,0.0,0.0,0.0,0.0,0.0,0.0,0.0,0.0,0.0,0.0,0.0,0.0,0.0,0.0,0.0,0.0,0.0,0.0,0.0,22.06685185185185,0.0,0.0,0.0,0.0,0.0,0.0,0.0,0.0,0.0,6,0.0,0.0,0.0,0.0,0.0,0.0,0.0,0.0,0.0
A000113,2.0,3810.0,1905.0,1.0,1.0,1.0,1.0,2.0,0.0,0.0,0.0,0.0,0.0,0.0,0.0,0.0,0.0,0.0,0.0,0.0,40.80297453703704,0.0,1.0,2.0,0.0,0.0,0.0,0.0,0.0,0.0,8,4.0,3.0,4.0,3.0,1.0,0.0,2.0,1.0,2.0
A000114,0.0,0.0,0.0,0.0,0.0,0.0,0.0,0.0,0.0,0.0,0.0,0.0,0.0,0.0,0.0,0.0,0.0,0.0,0.0,0.0,31.96605324074074,0.0,0.0,0.0,0.0,0.0,0.0,0.0,0.0,0.0,2,0.0,0.0,0.0,0.0,0.0,0.0,0.0,0.0,0.0
A000115,1.0,2170.0,2170.0,1.0,1.0,1.0,1.0,1.0,0.0,0.0,0.0,0.0,0.0,0.0,0.0,0.0,0.0,0.0,0.0,0.0,35.063344907407405,0.0,0.0,1.0,0.0,0.0,0.0,0.0,0.0,0.0,5,3.0,2.0,4.0,3.0,1.0,0.0,3.0,2.0,0.0
A000116,0.0,0.0,0.0,0.0,0.0,0.0,0.0,0.0,0.0,0.0,0.0,0.0,0.0,0.0,0.0,0.0,0.0,0.0,0.0,0.0,44.7596412037037,0.0,0.0,0.0,0.0,0.0,0.0,0.0,0.0,0.0,4,0.0,0.0,0.0,0.0,0.0,0.0,0.0,0.0,0.0
A000117,0.0,0.0,0.0,0.0,0.0,0.0,0.0,0.0,0.0,0.0,0.0,0.0,0.0,0.0,0.0,0.0,0.0,0.0,0.0,0.0,45.22637731481481,0.0,0.0,0.0,0.0,0.0,0.0,0.0,0.0,0.0,2,0.0,0.0,0.0,0.0,0.0,0.0,0.0,0.0,0.0
A000118,1.0,3140.0,3140.0,1.0,1.0,1.0,1.0,0.0,0.0,1.0,0.0,0.0,0.0,0.0,0.0,0.0,0.0,0.0,0.0,0.0,21.888171296296296,0.0,1.0,1.0,0.0,0.0,0.0,0.0,0.0,0.0,4,1.0,0.0,4.0,3.0,11.0,10.0,2.0,1.0,0.0
A000119,1.0,7300.0,7300.0,1.0,1.0,1.0,1.0,1.0,0.0,0.0,0.0,0.0,0.0,0.0,0.0,0.0,0.0,0.0,0.0,0.0,21.221099537037038,0.0,0.0,1.0,0.0,0.0,0.0,0.0,0.0,0.0,3,1.0,0.0,6.0,5.0,1.0,0.0,3.0,2.0,0.0
A000120,2.0,4120.0,2060.0,1.0,1.0,1.0,1.0,2.0,0.0,0.0,0.0,0.0,0.0,0.0,0.0,0.0,0.0,0.0,0.0,0.0,25.476354166666667,0.0,0.0,2.0,0.0,0.0,0.0,0.0,0.0,0.0,4,1.0,0.0,2.0,1.0,3.0,2.0,1.0,0.0,0.0
A000121,1.0,2250.0,2250.0,1.0,1.0,1.0,1.0,1.0,0.0,0.0,0.0,0.0,0.0,0.0,0.0,0.0,0.0,0.0,0.0,0.0,24.16701388888889,0.0,0.0,1.0,0.0,0.0,0.0,0.0,0.0,0.0,0,1.0,0.0,1.0,0.0,3.0,2.0,2.0,1.0,0.0
A000122,3.0,11050.0,3683.3333333333335,1.0,1.0,1.0,1.0,2.0,1.0,0.0,0.0,0.04612229437229437,0.0,0.0,0.0,0.0,0.0,0.0,0.0,0.0,36.38318287037037,0.0,1.0,3.0,0.0,0.0,0.0,0.0,0.0,0.0,2,6.0,5.0,5.0,4.0,2.0,1.0,2.0,1.0,0.0
A000123,1.0,9560.0,9560.0,1.0,1.0,1.0,1.0,1.0,0.0,0.0,0.0,0.0,0.0,0.0,0.0,0.0,0.0,0.0,0.0,0.0,40.838055555555556,0.0,1.0,1.0,0.0,0.0,0.0,0.0,0.0,0.0,7,2.0,1.0,2.0,1.0,5.0,4.0,2.0,1.0,0.0
A000124,1.0,2020.0,2020.0,1.0,1.0,1.0,1.0,1.0,0.0,0.0,0.0,0.14024752475247526,0.0,0.0,0.0,0.0,0.0,0.0,0.0,0.0,38.10362268518519,0.0,0.0,1.0,0.0,0.0,0.0,0.0,0.0,0.0,5,1.0,0.0,6.0,5.0,7.0,6.0,1.0,0.0,0.0
A000125,0.0,0.0,0.0,0.0,0.0,0.0,0.0,0.0,0.0,0.0,0.0,0.0,0.0,0.0,0.0,0.0,0.0,0.0,0.0,0.0,39.16392361111111,0.0,0.0,0.0,0.0,0.0,0.0,0.0,0.0,0.0,2,0.0,0.0,0.0,0.0,0.0,0.0,0.0,0.0,0.0
A000126,2.0,5820.0,2910.0,2.0,1.0,1.0,1.0,2.0,0.0,0.0,0.0,0.0,0.0,0.0,0.0,0.0,0.0,0.0,0.0,0.0,38.98025462962963,0.0,0.0,2.0,0.0,0.0,0.0,0.0,0.0,0.0,4,4.5,7.0,8.0,7.0,3.0,2.0,1.0,0.0,1.0
A000127,2.0,16880.0,8440.0,1.0,1.0,1.0,1.0,1.0,1.0,0.0,0.0,0.0,0.0,0.0,0.0,0.0,0.0,0.0,0.0,0.0,42.388645833333335,0.0,0.0,2.0,0.0,0.0,0.0,0.0,0.0,0.0,3,8.0,7.0,6.0,5.0,2.0,1.0,4.0,3.0,1.0
A000128,4.0,10510.0,2627.5,2.0,2.0,1.0,2.0,4.0,0.0,0.0,0.0,0.06508144481436054,0.0,0.0,0.0,0.0,0.0,0.0,0.0,0.0,49.07458333333334,0.0,1.0,4.0,0.0,0.0,0.0,0.0,0.0,0.0,2,6.5,11.0,16.5,31.0,7.0,6.0,4.5,7.0,2.0
A000129,1.0,1750.0,1750.0,1.0,1.0,1.0,1.0,0.0,1.0,0.0,0.0,0.13774857142857144,0.0,0.0,0.0,0.0,0.0,0.0,0.0,0.0,46.44002314814815,0.0,0.0,1.0,0.0,0.0,0.0,0.0,0.0,0.0,2,4.0,3.0,9.0,8.0,2.0,1.0,3.0,2.0,2.0
A000130,1.0,4260.0,4260.0,1.0,1.0,1.0,1.0,1.0,0.0,0.0,0.0,0.0,0.0,0.0,0.0,0.0,0.0,0.0,0.0,0.0,28.34454861111111,0.0,0.0,1.0,0.0,0.0,0.0,0.0,0.0,0.0,2,1.0,0.0,3.0,2.0,3.0,2.0,2.0,1.0,0.0
A000131,1.0,12180.0,12180.0,1.0,1.0,1.0,1.0,1.0,0.0,0.0,0.0,0.0,0.0,0.0,0.0,0.0,0.0,0.0,0.0,0.0,44.80122685185185,0.0,0.0,1.0,0.0,0.0,0.0,0.0,0.0,0.0,3,3.0,2.0,15.0,14.0,7.0,6.0,2.0,1.0,0.0
A000132,3.0,8610.0,2870.0,2.0,2.0,1.0,1.0,3.0,0.0,0.0,0.0,0.021783098591549296,0.0,0.0,0.0,0.0,0.0,0.0,0.0,0.0,48.70125,0.0,2.0,3.0,0.0,0.0,0.0,0.0,0.0,0.0,4,4.0,6.0,13.0,24.0,4.0,3.0,8.0,7.0,1.0
A000133,2.0,1130.0,565.0,1.0,2.0,1.0,2.0,2.0,0.0,0.0,0.0,0.09783481507823613,0.0,0.0,0.0,0.0,0.0,0.0,0.0,0.0,44.30340277777778,0.0,0.0,2.0,0.0,0.0,0.0,0.0,0.0,0.0,0,5.0,4.0,7.0,12.0,8.0,7.0,2.5,3.0,2.0
A000134,1.0,1870.0,1870.0,1.0,1.0,1.0,1.0,1.0,0.0,0.0,0.0,0.0,0.0,0.0,0.0,0.0,0.0,0.0,0.0,0.0,40.70790509259259,0.0,0.0,1.0,0.0,0.0,0.0,0.0,0.0,0.0,5,2.0,1.0,2.0,1.0,1.0,0.0,3.0,2.0,0.0
A000135,1.0,2240.0,2240.0,1.0,1.0,1.0,1.0,1.0,0.0,0.0,0.0,0.0,0.0,0.0,0.0,0.0,0.0,0.0,0.0,0.0,21.817025462962963,0.0,0.0,1.0,0.0,0.0,0.0,0.0,0.0,0.0,2,3.0,2.0,4.0,3.0,2.0,1.0,2.0,1.0,0.0
A000136,2.0,4600.0,2300.0,2.0,1.0,1.0,2.0,2.0,0.0,0.0,0.0,0.0,0.0,0.0,0.0,0.0,0.0,0.0,0.0,0.0,22.903194444444445,0.0,1.0,2.0,0.0,0.0,0.0,0.0,0.0,0.0,3,4.0,6.0,5.0,4.0,1.0,0.0,1.5,1.0,1.0
A000137,2.0,3620.0,1810.0,1.0,1.0,1.0,2.0,2.0,0.0,0.0,0.0,0.05398381877022654,0.0,0.0,0.0,0.0,0.0,0.0,0.0,0.0,49.59585648148148,0.0,1.0,2.0,0.0,0.0,0.0,0.0,0.0,0.0,0,5.0,4.0,20.0,19.0,5.0,4.0,6.5,11.0,0.0
A000138,1.0,9990.0,9990.0,1.0,1.0,1.0,1.0,1.0,0.0,0.0,0.0,0.0,0.0,0.0,0.0,0.0,0.0,0.0,0.0,0.0,49.47912037037037,0.0,0.0,1.0,0.0,0.0,0.0,0.0,0.0,0.0,1,10.0,9.0,18.0,17.0,7.0,6.0,8.0,7.0,0.0
A000139,0.0,0.0,0.0,0.0,0.0,0.0,0.0,0.0,0.0,0.0,0.0,0.0,0.0,0.0,0.0,0.0,0.0,0.0,0.0,0.0,30.347893518518518,0.0,0.0,0.0,0.0,0.0,0.0,0.0,0.0,0.0,2,0.0,0.0,0.0,0.0,0.0,0.0,0.0,0.0,0.0
A000140,4.0,11590.0,2897.5,1.0,2.0,1.0,2.0,4.0,0.0,0.0,0.0,0.02902153846153846,0.0,0.0,0.0,0.0,0.0,0.0,0.0,0.0,23.102430555555557,0.0,0.0,4.0,0.0,0.0,0.0,0.0,0.0,0.0,3,1.0,0.0,4.0,6.0,11.0,10.0,1.5,1.0,0.0
A000141,0.0,0.0,0.0,0.0,0.0,0.0,0.0,0.0,0.0,0.0,0.0,0.0,0.0,0.0,0.0,0.0,0.0,0.0,0.0,0.0,29.86638888888889,0.0,0.0,0.0,0.0,0.0,0.0,0.0,0.0,0.0,0,0.0,0.0,0.0,0.0,0.0,0.0,0.0,0.0,0.0
A000142,0.0,0.0,0.0,0.0,0.0,0.0,0.0,0.0,0.0,0.0,0.0,0.0,0.0,0.0,0.0,0.0,0.0,0.0,0.0,0.0,24.93488425925926,0.0,0.0,0.0,0.0,0.0,0.0,0.0,0.0,0.0,3,0.0,0.0,0.0,0.0,0.0,0.0,0.0,0.0,0.0
A000143,1.0,4890.0,4890.0,1.0,1.0,1.0,1.0,1.0,0.0,0.0,0.0,0.0,0.0,0.0,0.0,0.0,0.0,0.0,0.0,0.0,26.680381944444445,0.0,0.0,1.0,0.0,0.0,0.0,0.0,0.0,0.0,3,2.0,1.0,5.0,4.0,2.0,1.0,3.0,2.0,0.0
A000144,3.0,9020.0,3006.6666666666665,1.0,2.0,1.0,1.0,3.0,0.0,0.0,0.0,0.0,0.0,0.0,0.0,0.0,0.0,0.0,0.0,0.0,26.047337962962963,0.0,0.0,3.0,0.0,0.0,0.0,0.0,0.0,0.0,6,3.0,2.0,2.0,2.0,2.0,1.0,2.0,1.0,1.0
A000145,0.0,0.0,0.0,0.0,0.0,0.0,0.0,0.0,0.0,0.0,0.0,0.0,0.0,0.0,0.0,0.0,0.0,0.0,0.0,0.0,46.199328703703706,0.0,0.0,0.0,0.0,0.0,0.0,0.0,0.0,0.0,2,0.0,0.0,0.0,0.0,0.0,0.0,0.0,0.0,0.0
A000146,1.0,1150.0,1150.0,1.0,1.0,1.0,1.0,1.0,0.0,0.0,0.0,0.06535652173913044,0.0,0.0,0.0,0.0,0.0,0.0,0.0,0.0,47.65479166666667,0.0,0.0,1.0,0.0,0.0,0.0,0.0,0.0,0.0,0,7.0,6.0,7.0,6.0,3.0,2.0,5.0,4.0,1.0
A000147,1.0,3690.0,3690.0,1.0,1.0,1.0,1.0,0.0,0.0,1.0,0.0,0.0,0.0,0.0,0.0,0.0,0.0,0.0,0.0,0.0,38.470231481481484,1.0,1.0,1.0,0.0,0.0,0.0,0.0,1.0,0.0,1,4.0,3.0,4.0,3.0,5.0,4.0,1.0,0.0,0.0
A000148,1.0,6740.0,6740.0,1.0,1.0,1.0,1.0,1.0,0.0,0.0,0.0,0.0,0.0,0.0,0.0,0.0,0.0,0.0,0.0,0.0,35.25719907407407,0.0,0.0,1.0,0.0,0.0,0.0,0.0,0.0,0.0,3,1.0,0.0,3.0,2.0,4.0,3.0,2.0,1.0,0.0
A000149,2.0,8810.0,4405.0,1.0,1.0,1.0,1.0,2.0,0.0,0.0,0.0,0.0,0.0,0.0,0.0,0.0,0.0,0.0,0.0,0.0,30.77693287037037,0.0,0.0,2.0,0.0,0.0,0.0,0.0,0.0,0.0,0,2.0,1.0,4.0,3.0,2.0,1.0,2.0,1.0,0.0
A000150,2.0,9440.0,4720.0,1.0,1.0,1.0,2.0,2.0,0.0,0.0,0.0,0.03743506493506493,0.0,0.0,0.0,0.0,0.0,0.0,0.0,0.0,22.151747685185185,0.0,0.0,2.0,0.0,0.0,0.0,0.0,0.0,0.0,6,2.0,1.0,5.0,4.0,1.0,0.0,1.5,1.0,0.0
A000151,1.0,1460.0,1460.0,1.0,1.0,1.0,1.0,0.0,1.0,0.0,0.0,0.0,0.0,0.0,0.0,0.0,0.0,0.0,0.0,0.0,23.180555555555557,0.0,0.0,1.0,0.0,0.0,0.0,0.0,0.0,0.0,4,1.0,0.0,3.0,2.0,1.0,0.0,2.0,1.0,0.0
A000152,5.0,18580.0,3716.0,1.0,1.0,1.0,1.0,3.0,2.0,0.0,0.0,0.02700534759358289,0.0,0.0,0.0,0.0,0.0,0.0,0.0,0.0,45.701956018518516,0.0,2.0,3.0,0.0,0.0,0.0,0.0,0.0,0.0,3,3.0,2.0,13.0,12.0,3.0,2.0,3.0,2.0,0.0
A000153,2.0,5130.0,2565.0,1.0,1.0,1.0,2.0,2.0,0.0,0.0,0.0,0.0,0.0,0.0,0.0,0.0,0.0,0.0,0.0,0.0,31.614722222222223,0.0,0.0,2.0,0.0,0.0,0.0,0.0,0.0,0.0,5,3.0,2.0,4.0,3.0,2.0,1.0,4.0,6.0,1.0
A000154,0.0,0.0,0.0,0.0,0.0,0.0,0.0,0.0,0.0,0.0,0.0,0.0,0.0,0.0,0.0,0.0,0.0,0.0,0.0,0.0,28.284039351851852,0.0,0.0,0.0,0.0,0.0,0.0,0.0,0.0,0.0,2,0.0,0.0,0.0,0.0,0.0,0.0,0.0,0.0,0.0
A000155,1.0,6150.0,6150.0,1.0,1.0,1.0,1.0,1.0,0.0,0.0,0.0,0.06837886178861788,0.0,0.0,0.0,0.0,0.0,0.0,0.0,0.0,37.84568287037037,0.0,0.0,0.0,0.0,0.0,0.0,0.0,0.0,0.0,0,4.0,3.0,4.0,3.0,2.0,1.0,1.0,0.0,0.0
A000156,0.0,0.0,0.0,0.0,0.0,0.0,0.0,0.0,0.0,0.0,0.0,0.0,0.0,0.0,0.0,0.0,0.0,0.0,0.0,0.0,44.737430555555555,0.0,0.0,0.0,0.0,0.0,0.0,0.0,0.0,0.0,3,0.0,0.0,0.0,0.0,0.0,0.0,0.0,0.0,0.0
A000157,0.0,0.0,0.0,0.0,0.0,0.0,0.0,0.0,0.0,0.0,0.0,0.0,0.0,0.0,0.0,0.0,0.0,0.0,0.0,0.0,22.94232638888889,0.0,0.0,0.0,0.0,0.0,0.0,0.0,0.0,0.0,3,0.0,0.0,0.0,0.0,0.0,0.0,0.0,0.0,0.0
A000158,2.0,8380.0,4190.0,1.0,2.0,1.0,1.0,1.0,1.0,0.0,0.0,0.0,0.0,0.0,0.0,0.0,0.0,0.0,0.0,0.0,31.605266203703703,0.0,0.0,2.0,0.0,0.0,0.0,0.0,0.0,0.0,6,3.0,2.0,4.0,6.0,2.0,1.0,2.0,1.0,0.0
A000159,4.0,17470.0,4367.5,1.0,1.0,1.0,2.0,3.0,0.0,1.0,0.0,0.03541688829787234,0.0,0.0,0.0,0.0,0.0,0.0,0.0,0.0,27.24185185185185,0.0,2.0,4.0,0.0,0.0,0.0,0.0,0.0,0.0,2,1.0,0.0,7.0,6.0,1.0,0.0,2.0,2.0,0.0
A000160,2.0,1550.0,775.0,1.0,2.0,1.0,1.0,2.0,0.0,0.0,0.0,0.0,0.0,0.0,0.0,0.0,0.0,0.0,0.0,0.0,41.649976851851854,0.0,0.0,1.0,0.0,0.0,0.0,0.0,0.0,0.0,3,1.0,0.0,6.5,11.0,4.0,3.0,2.0,1.0,0.0
A000161,3.0,6880.0,2293.3333333333335,1.0,1.0,1.0,1.0,2.0,1.0,0.0,0.0,0.0,0.0,0.0,0.0,0.0,0.0,0.0,0.0,0.0,25.9465625,0.0,1.0,3.0,0.0,0.0,0.0,0.0,0.0,0.0,2,2.0,1.0,1.0,0.0,7.0,6.0,1.0,0.0,0.0
A000162,6.0,29350.0,4891.666666666667,1.0,2.0,1.0,1.0,6.0,0.0,0.0,0.0,0.0,0.0,0.0,0.0,0.0,0.0,0.0,0.0,0.0,40.306921296296295,0.0,1.0,3.0,0.0,0.0,0.0,0.0,0.0,0.0,2,2.0,1.0,7.5,13.0,4.0,3.0,3.0,2.0,0.0
A000163,1.0,2460.0,2460.0,1.0,1.0,1.0,1.0,1.0,0.0,0.0,0.0,0.09065040650406504,0.0,0.0,0.0,0.0,0.0,0.0,0.0,0.0,34.60768518518518,0.0,0.0,1.0,0.0,0.0,0.0,0.0,0.0,0.0,6,2.0,1.0,5.0,4.0,4.0,3.0,4.0,3.0,0.0
A000164,0.0,0.0,0.0,0.0,0.0,0.0,0.0,0.0,0.0,0.0,0.0,0.0,0.0,0.0,0.0,0.0,0.0,0.0,0.0,0.0,28.152743055555554,0.0,0.0,0.0,0.0,0.0,0.0,0.0,0.0,0.0,2,0.0,0.0,0.0,0.0,0.0,0.0,0.0,0.0,0.0
A000165,2.0,9380.0,4690.0,1.0,1.0,1.0,1.0,1.0,0.0,1.0,0.0,0.0,0.0,0.0,0.0,0.0,0.0,0.0,0.0,0.0,32.50989583333333,1.0,1.0,2.0,0.0,0.0,0.0,0.0,1.0,0.0,4,2.0,1.0,1.0,0.0,1.0,0.0,2.0,1.0,0.0
A000166,0.0,0.0,0.0,0.0,0.0,0.0,0.0,0.0,0.0,0.0,0.0,0.0,0.0,0.0,0.0,0.0,0.0,0.0,0.0,0.0,23.13230324074074,0.0,0.0,0.0,0.0,0.0,0.0,0.0,0.0,0.0,4,0.0,0.0,0.0,0.0,0.0,0.0,0.0,0.0,0.0
A000167,5.0,14330.0,2866.0,1.0,2.0,1.0,1.0,4.0,0.0,1.0,0.0,0.02844781704781705,0.0,0.0,0.0,0.0,0.0,0.0,0.0,0.0,37.649421296296296,0.0,1.0,4.0,0.0,0.0,0.0,0.0,0.0,0.0,2,7.0,6.0,4.5,7.0,3.0,2.0,3.0,2.0,2.0
A000168,2.0,3050.0,1525.0,1.0,1.0,1.0,1.0,1.0,0.0,1.0,0.0,0.0,0.0,0.0,0.0,0.0,0.0,0.0,0.0,0.0,42.05178240740741,1.0,1.0,1.0,0.0,0.0,0.0,0.0,1.0,0.0,2,2.0,1.0,20.0,19.0,2.0,1.0,4.0,3.0,0.0
A000169,3.0,9060.0,3020.0,2.0,1.0,1.0,1.0,3.0,0.0,0.0,0.0,0.035418390804597695,0.0,0.0,0.0,0.0,0.0,0.0,0.0,0.0,36.83699074074074,0.0,0.0,1.0,0.0,0.0,0.0,0.0,0.0,0.0,1,2.0,2.0,15.0,14.0,4.0,3.0,2.0,1.0,0.0
A000170,2.0,6880.0,3440.0,1.0,1.0,1.0,2.0,2.0,0.0,0.0,0.0,0.07011580882352941,0.0,0.0,0.0,0.0,0.0,0.0,0.0,0.0,21.157141203703702,0.0,0.0,2.0,0.0,0.0,0.0,0.0,0.0,0.0,2,4.0,3.0,15.0,14.0,1.0,0.0,1.0,0.0,0.0
A000171,0.0,0.0,0.0,0.0,0.0,0.0,0.0,0.0,0.0,0.0,0.0,0.0,0.0,0.0,0.0,0.0,0.0,0.0,0.0,0.0,28.365578703703704,0.0,0.0,0.0,0.0,0.0,0.0,0.0,0.0,0.0,4,0.0,0.0,0.0,0.0,0.0,0.0,0.0,0.0,0.0
A000172,1.0,430.0,430.0,1.0,1.0,1.0,1.0,1.0,0.0,0.0,0.0,0.0,0.0,0.0,0.0,0.0,0.0,0.0,0.0,0.0,24.432650462962965,0.0,0.0,1.0,0.0,0.0,0.0,0.0,0.0,0.0,2,1.0,0.0,5.0,4.0,1.0,0.0,1.0,0.0,0.0
A000173,4.0,12220.0,3055.0,2.0,2.0,1.0,1.0,3.0,1.0,0.0,0.0,0.0,0.0,0.0,0.0,0.0,0.0,0.0,0.0,0.0,48.06980324074074,0.0,1.0,2.0,0.0,0.0,0.0,0.0,0.0,0.0,1,6.0,10.0,9.5,17.0,7.0,6.0,3.0,2.0,0.0
A000174,5.0,7340.0,1468.0,1.0,1.0,1.0,2.0,5.0,0.0,0.0,0.0,0.030501392961876834,0.0,0.0,0.0,0.0,0.0,0.0,0.0,0.0,44.42326388888889,0.0,1.0,5.0,0.0,0.0,0.0,0.0,0.0,0.0,1,4.0,3.0,5.0,4.0,7.0,6.0,2.5,3.0,1.0
A000175,1.0,3560.0,3560.0,1.0,1.0,1.0,1.0,1.0,0.0,0.0,0.0,0.0,0.0,0.0,0.0,0.0,0.0,0.0,0.0,0.0,26.084733796296295,0.0,0.0,1.0,0.0,0.0,0.0,0.0,0.0,0.0,3,1.0,0.0,4.0,3.0,1.0,0.0,1.0,0.0,0.0
A000176,0.0,0.0,0.0,0.0,0.0,0.0,0.0,0.0,0.0,0.0,0.0,0.0,0.0,0.0,0.0,0.0,0.0,0.0,0.0,0.0,23.457256944444445,0.0,0.0,0.0,0.0,0.0,0.0,0.0,0.0,0.0,4,0.0,0.0,0.0,0.0,0.0,0.0,0.0,0.0,0.0
A000177,2.0,4900.0,2450.0,1.0,1.0,1.0,1.0,2.0,0.0,0.0,0.0,0.0,0.0,0.0,0.0,0.0,0.0,0.0,0.0,0.0,23.291851851851852,0.0,1.0,2.0,0.0,0.0,0.0,0.0,0.0,0.0,4,7.0,6.0,1.0,0.0,3.0,2.0,1.0,0.0,1.0
A000178,1.0,1790.0,1790.0,1.0,1.0,1.0,1.0,0.0,0.0,1.0,0.0,0.0,0.0,0.0,0.0,0.0,0.0,0.0,0.0,0.0,33.25494212962963,0.0,1.0,1.0,0.0,0.0,0.0,0.0,0.0,0.0,1,3.0,2.0,11.0,10.0,4.0,3.0,3.0,2.0,0.0
A000179,0.0,0.0,0.0,0.0,0.0,0.0,0.0,0.0,0.0,0.0,0.0,0.0,0.0,0.0,0.0,0.0,0.0,0.0,0.0,0.0,45.54521990740741,0.0,0.0,0.0,0.0,0.0,0.0,0.0,0.0,0.0,6,0.0,0.0,0.0,0.0,0.0,0.0,0.0,0.0,0.0
A000180,1.0,7230.0,7230.0,1.0,1.0,1.0,1.0,1.0,0.0,0.0,0.0,0.0,0.0,0.0,0.0,0.0,0.0,0.0,0.0,0.0,29.437951388888887,0.0,0.0,1.0,0.0,0.0,0.0,0.0,0.0,0.0,1,4.0,3.0,4.0,3.0,2.0,1.0,3.0,2.0,1.0
A000181,2.0,5030.0,2515.0,2.0,1.0,1.0,1.0,2.0,0.0,0.0,0.0,0.0,0.0,0.0,0.0,0.0,0.0,0.0,0.0,0.0,48.393541666666664,0.0,0.0,1.0,0.0,0.0,0.0,0.0,0.0,0.0,2,6.5,11.0,7.0,6.0,4.0,3.0,2.0,1.0,1.0
A000182,0.0,0.0,0.0,0.0,0.0,0.0,0.0,0.0,0.0,0.0,0.0,0.0,0.0,0.0,0.0,0.0,0.0,0.0,0.0,0.0,37.55146990740741,0.0,0.0,0.0,0.0,0.0,0.0,0.0,0.0,0.0,2,0.0,0.0,0.0,0.0,0.0,0.0,0.0,0.0,0.0
A000183,1.0,2690.0,2690.0,1.0,1.0,1.0,1.0,1.0,0.0,0.0,0.0,0.07440520446096655,0.0,0.0,0.0,0.0,0.0,0.0,0.0,0.0,32.856828703703705,0.0,0.0,0.0,0.0,0.0,0.0,0.0,0.0,0.0,1,1.0,0.0,6.0,5.0,2.0,1.0,2.0,1.0,0.0
A000184,0.0,0.0,0.0,0.0,0.0,0.0,0.0,0.0,0.0,0.0,0.0,0.0,0.0,0.0,0.0,0.0,0.0,0.0,0.0,0.0,25.98167824074074,0.0,0.0,0.0,0.0,0.0,0.0,0.0,0.0,0.0,5,0.0,0.0,0.0,0.0,0.0,0.0,0.0,0.0,0.0
A000185,5.0,19310.0,3862.0,2.0,2.0,1.0,1.0,5.0,0.0,0.0,0.0,0.03531532846715328,0.0,0.0,0.0,0.0,0.0,0.0,0.0,0.0,40.77826388888889,0.0,0.0,4.0,0.0,0.0,0.0,0.0,0.0,0.0,5,3.0,4.0,3.5,5.0,2.0,1.0,4.0,3.0,1.0
A000186,2.0,20180.0,10090.0,1.0,1.0,1.0,2.0,2.0,0.0,0.0,0.0,0.0,0.0,0.0,0.0,0.0,0.0,0.0,0.0,0.0,27.013113425925926,0.0,0.0,2.0,0.0,0.0,0.0,0.0,0.0,0.0,3,2.0,1.0,5.0,4.0,1.0,0.0,2.0,2.0,0.0
A000187,1.0,2700.0,2700.0,1.0,1.0,1.0,1.0,0.0,0.0,1.0,0.0,0.0,0.0,0.0,0.0,0.0,0.0,0.0,0.0,0.0,25.317175925925927,0.0,0.0,1.0,0.0,0.0,0.0,0.0,0.0,0.0,2,3.0,2.0,2.0,1.0,3.0,2.0,3.0,2.0,0.0
A000188,2.0,5010.0,2505.0,2.0,1.0,1.0,1.0,2.0,0.0,0.0,0.0,0.0,0.0,0.0,0.0,0.0,0.0,0.0,0.0,0.0,24.215613425925927,0.0,0.0,2.0,0.0,0.0,0.0,0.0,0.0,0.0,0,1.0,0.0,5.0,4.0,1.0,0.0,1.0,0.0,0.0
A000189,0.0,0.0,0.0,0.0,0.0,0.0,0.0,0.0,0.0,0.0,0.0,0.0,0.0,0.0,0.0,0.0,0.0,0.0,0.0,0.0,43.13439814814815,0.0,0.0,0.0,0.0,0.0,0.0,0.0,0.0,0.0,3,0.0,0.0,0.0,0.0,0.0,0.0,0.0,0.0,0.0
A000190,2.0,5740.0,2870.0,2.0,1.0,1.0,1.0,2.0,0.0,0.0,0.0,0.0,0.0,0.0,0.0,0.0,0.0,0.0,0.0,0.0,22.48361111111111,0.0,0.0,2.0,0.0,0.0,0.0,0.0,0.0,0.0,3,4.5,7.0,5.0,4.0,1.0,0.0,1.0,0.0,2.0
A000191,0.0,0.0,0.0,0.0,0.0,0.0,0.0,0.0,0.0,0.0,0.0,0.0,0.0,0.0,0.0,0.0,0.0,0.0,0.0,0.0,37.928391203703704,0.0,0.0,0.0,0.0,0.0,0.0,0.0,0.0,0.0,3,0.0,0.0,0.0,0.0,0.0,0.0,0.0,0.0,0.0
A000192,0.0,0.0,0.0,0.0,0.0,0.0,0.0,0.0,0.0,0.0,0.0,0.0,0.0,0.0,0.0,0.0,0.0,0.0,0.0,0.0,23.151296296296298,0.0,0.0,0.0,0.0,0.0,0.0,0.0,0.0,0.0,5,0.0,0.0,0.0,0.0,0.0,0.0,0.0,0.0,0.0
A000193,0.0,0.0,0.0,0.0,0.0,0.0,0.0,0.0,0.0,0.0,0.0,0.0,0.0,0.0,0.0,0.0,0.0,0.0,0.0,0.0,34.81116898148148,0.0,0.0,0.0,0.0,0.0,0.0,0.0,0.0,0.0,1,0.0,0.0,0.0,0.0,0.0,0.0,0.0,0.0,0.0
A000194,6.0,12920.0,2153.3333333333335,2.0,2.0,1.0,1.0,4.0,0.0,2.0,0.0,0.0,0.0,0.0,0.0,0.0,0.0,0.0,0.0,0.0,46.90449074074074,0.0,2.0,5.0,0.0,0.0,0.0,0.0,0.0,0.0,2,3.5,5.0,9.0,15.0,2.0,1.0,4.0,3.0,3.0
A000195,3.0,3950.0,1316.6666666666667,1.0,2.0,1.0,1.0,1.0,1.0,1.0,0.0,0.0,0.0,0.0,0.0,0.0,0.0,0.0,0.0,0.0,48.49311342592593,0.0,1.0,2.0,0.0,0.0,0.0,0.0,0.0,0.0,4,9.0,8.0,15.5,29.0,3.0,2.0,8.0,7.0,3.0
A000196,0.0,0.0,0.0,0.0,0.0,0.0,0.0,0.0,0.0,0.0,0.0,0.0,0.0,0.0,0.0,0.0,0.0,0.0,0.0,0.0,25.723194444444445,0.0,0.0,0.0,0.0,0.0,0.0,0.0,0.0,0.0,1,0.0,0.0,0.0,0.0,0.0,0.0,0.0,0.0,0.0
A000197,2.0,16150.0,8075.0,2.0,1.0,1.0,1.0,2.0,0.0,0.0,0.0,0.0,0.0,0.0,0.0,0.0,0.0,0.0,0.0,0.0,25.536319444444445,0.0,0.0,2.0,0.0,0.0,0.0,0.0,0.0,0.0,2,1.0,0.0,4.0,3.0,1.0,0.0,1.0,0.0,0.0
A000198,0.0,0.0,0.0,0.0,0.0,0.0,0.0,0.0,0.0,0.0,0.0,0.0,0.0,0.0,0.0,0.0,0.0,0.0,0.0,0.0,40.699814814814815,0.0,0.0,0.0,0.0,0.0,0.0,0.0,0.0,0.0,5,0.0,0.0,0.0,0.0,0.0,0.0,0.0,0.0,0.0
A000199,0.0,0.0,0.0,0.0,0.0,0.0,0.0,0.0,0.0,0.0,0.0,0.0,0.0,0.0,0.0,0.0,0.0,0.0,0.0,0.0,26.74125,0.0,0.0,0.0,0.0,0.0,0.0,0.0,0.0,0.0,4,0.0,0.0,0.0,0.0,0.0,0.0,0.0,0.0,0.0
A000200,0.0,0.0,0.0,0.0,0.0,0.0,0.0,0.0,0.0,0.0,0.0,0.0,0.0,0.0,0.0,0.0,0.0,0.0,0.0,0.0,32.12775462962963,0.0,0.0,0.0,0.0,0.0,0.0,0.0,0.0,0.0,2,0.0,0.0,0.0,0.0,0.0,0.0,0.0,0.0,0.0
A000201,0.0,0.0,0.0,0.0,0.0,0.0,0.0,0.0,0.0,0.0,0.0,0.0,0.0,0.0,0.0,0.0,0.0,0.0,0.0,0.0,27.409097222222222,0.0,0.0,0.0,0.0,0.0,0.0,0.0,0.0,0.0,4,0.0,0.0,0.0,0.0,0.0,0.0,0.0,0.0,0.0
A000202,3.0,7910.0,2636.6666666666665,1.0,1.0,1.0,1.0,2.0,0.0,1.0,0.0,0.0,0.0,0.0,0.0,0.0,0.0,0.0,0.0,0.0,40.630578703703705,0.0,0.0,1.0,0.0,0.0,0.0,0.0,0.0,0.0,1,5.0,4.0,7.0,6.0,10.0,9.0,1.0,0.0,2.0
A000203,2.0,2290.0,1145.0,1.0,2.0,1.0,1.0,2.0,0.0,0.0,0.0,0.04712068965517241,0.0,0.0,0.0,0.0,0.0,0.0,0.0,0.0,35.08753472222222,0.0,1.0,2.0,0.0,0.0,0.0,0.0,0.0,0.0,2,3.0,2.0,4.0,6.0,1.0,0.0,5.0,4.0,0.0
A000204,5.0,24050.0,4810.0,2.0,1.0,1.0,1.0,4.0,0.0,1.0,0.0,0.013729053177691311,1.0,72.0,1.0,2390.0,0.0,0.25,0.2,0.0,27.26,0.0,1.0,5.0,0.0,1.0,1.0,0.2,0.0,0.0,2,1.5,1.0,5.0,4.0,1.0,0.0,1.0,0.0,0.0
A000205,1.0,780.0,780.0,1.0,1.0,1.0,1.0,1.0,0.0,0.0,0.0,0.0,0.0,0.0,0.0,0.0,0.0,0.0,0.0,0.0,38.83240740740741,0.0,0.0,1.0,0.0,0.0,0.0,0.0,0.0,0.0,2,1.0,0.0,1.0,0.0,4.0,3.0,5.0,4.0,0.0
A000206,2.0,2010.0,1005.0,1.0,2.0,1.0,2.0,2.0,0.0,0.0,0.0,0.0,0.0,0.0,0.0,0.0,0.0,0.0,0.0,0.0,48.2271412037037,0.0,1.0,2.0,0.0,0.0,0.0,0.0,0.0,0.0,3,6.0,5.0,11.5,21.0,3.0,2.0,3.5,5.0,1.0
A000207,1.0,2860.0,2860.0,1.0,1.0,1.0,1.0,1.0,0.0,0.0,0.0,0.0,1.0,72.0,1.0,2860.0,0.0,1.0,1.0,0.0,45.946724537037035,0.0,0.0,1.0,0.0,0.0,1.0,1.0,0.0,0.0,4,5.0,4.0,9.0,8.0,2.0,1.0,3.0,2.0,0.0
A000208,0.0,0.0,0.0,0.0,0.0,0.0,0.0,0.0,0.0,0.0,0.0,0.0,0.0,0.0,0.0,0.0,0.0,0.0,0.0,0.0,32.478854166666665,0.0,0.0,0.0,0.0,0.0,0.0,0.0,0.0,0.0,4,0.0,0.0,0.0,0.0,0.0,0.0,0.0,0.0,0.0
A000209,1.0,2470.0,2470.0,1.0,1.0,1.0,1.0,0.0,1.0,0.0,0.0,0.0,0.0,0.0,0.0,0.0,0.0,0.0,0.0,0.0,43.25547453703704,0.0,0.0,0.0,0.0,0.0,0.0,0.0,0.0,0.0,2,3.0,2.0,10.0,9.0,2.0,1.0,1.0,0.0,0.0
A000210,0.0,0.0,0.0,0.0,0.0,0.0,0.0,0.0,0.0,0.0,0.0,0.0,0.0,0.0,0.0,0.0,0.0,0.0,0.0,0.0,28.628599537037037,0.0,0.0,0.0,0.0,0.0,0.0,0.0,0.0,0.0,5,0.0,0.0,0.0,0.0,0.0,0.0,0.0,0.0,0.0
A000211,5.0,26650.0,5330.0,1.0,2.0,1.0,1.0,5.0,0.0,0.0,0.0,0.01211624649859944,0.0,0.0,0.0,0.0,0.0,0.0,0.0,0.0,40.502627314814816,0.0,1.0,3.0,0.0,0.0,0.0,0.0,0.0,0.0,3,5.0,4.0,7.5,13.0,1.0,0.0,3.0,2.0,2.0
A000212,2.0,9460.0,4730.0,1.0,2.0,1.0,1.0,2.0,0.0,0.0,0.0,0.0,0.0,0.0,0.0,0.0,0.0,0.0,0.0,0.0,43.17206018518519,0.0,1.0,2.0,0.0,0.0,0.0,0.0,0.0,0.0,5,4.0,3.0,9.0,16.0,7.0,6.0,2.0,1.0,0.0
A000213,7.0,15720.0,2245.714285714286,2.0,2.0,1.0,1.0,6.0,1.0,0.0,0.0,0.01023404255319149,0.0,0.0,0.0,0.0,0.0,0.0,0.0,0.0,41.390590277777775,0.0,0.0,4.0,0.0,0.0,0.0,0.0,0.0,0.0,1,3.0,4.0,5.0,8.0,3.0,2.0,1.0,0.0,2.0
A000214,0.0,0.0,0.0,0.0,0.0,0.0,0.0,0.0,0.0,0.0,0.0,0.0,0.0,0.0,0.0,0.0,0.0,0.0,0.0,0.0,25.228472222222223,0.0,0.0,0.0,0.0,0.0,0.0,0.0,0.0,0.0,5,0.0,0.0,0.0,0.0,0.0,0.0,0.0,0.0,0.0
A000215,4.0,39480.0,9870.0,1.0,1.0,1.0,2.0,3.0,1.0,0.0,0.0,0.09078732880357426,0.0,0.0,0.0,0.0,0.0,0.0,0.0,0.0,36.05359953703704,0.0,1.0,4.0,0.0,0.0,0.0,0.0,0.0,0.0,2,6.0,5.0,5.0,4.0,4.0,3.0,4.0,6.0,2.0
A000216,0.0,0.0,0.0,0.0,0.0,0.0,0.0,0.0,0.0,0.0,0.0,0.0,0.0,0.0,0.0,0.0,0.0,0.0,0.0,0.0,22.145694444444445,0.0,0.0,0.0,0.0,0.0,0.0,0.0,0.0,0.0,7,0.0,0.0,0.0,0.0,0.0,0.0,0.0,0.0,0.0
A000217,1.0,2610.0,2610.0,1.0,1.0,1.0,1.0,0.0,0.0,1.0,0.0,0.0,0.0,0.0,0.0,0.0,0.0,0.0,0.0,0.0,25.39173611111111,1.0,1.0,1.0,0.0,0.0,0.0,0.0,1.0,0.0,2,2.0,1.0,2.0,1.0,2.0,1.0,1.0,0.0,0.0
A000218,2.0,5120.0,2560.0,1.0,2.0,1.0,2.0,2.0,0.0,0.0,0.0,0.0,0.0,0.0,0.0,0.0,0.0,0.0,0.0,0.0,33.96189814814815,0.0,1.0,2.0,0.0,0.0,0.0,0.0,0.0,0.0,4,1.0,0.0,3.0,4.0,5.0,4.0,2.0,2.0,0.0
A000219,0.0,0.0,0.0,0.0,0.0,0.0,0.0,0.0,0.0,0.0,0.0,0.0,0.0,0.0,0.0,0.0,0.0,0.0,0.0,0.0,34.55105324074074,0.0,0.0,0.0,0.0,0.0,0.0,0.0,0.0,0.0,5,0.0,0.0,0.0,0.0,0.0,0.0,0.0,0.0,0.0
A000220,2.0,4230.0,2115.0,1.0,1.0,1.0,1.0,2.0,0.0,0.0,0.0,0.0,0.0,0.0,0.0,0.0,0.0,0.0,0.0,0.0,44.875150462962964,0.0,1.0,2.0,0.0,0.0,0.0,0.0,0.0,0.0,3,7.0,6.0,7.0,6.0,3.0,2.0,4.0,3.0,1.0
A000221,4.0,9850.0,2462.5,2.0,1.0,1.0,2.0,4.0,0.0,0.0,0.0,0.052083424707602334,0.0,0.0,0.0,0.0,0.0,0.0,0.0,0.0,28.68809027777778,0.0,1.0,4.0,0.0,0.0,0.0,0.0,0.0,0.0,5,2.5,3.0,8.0,7.0,1.0,0.0,1.0,0.0,1.0
A000222,1.0,2070.0,2070.0,1.0,1.0,1.0,1.0,1.0,0.0,0.0,0.0,0.0,0.0,0.0,0.0,0.0,0.0,0.0,0.0,0.0,35.404155092592596,0.0,0.0,0.0,0.0,0.0,0.0,0.0,0.0,0.0,0,2.0,1.0,7.0,6.0,1.0,0.0,3.0,2.0,0.0
A000223,1.0,3000.0,3000.0,1.0,1.0,1.0,1.0,1.0,0.0,0.0,0.0,0.14961333333333332,0.0,0.0,0.0,0.0,0.0,0.0,0.0,0.0,25.039143518518518,0.0,0.0,1.0,0.0,0.0,0.0,0.0,0.0,0.0,3,1.0,0.0,3.0,2.0,2.0,1.0,1.0,0.0,0.0
A000224,3.0,9420.0,3140.0,1.0,2.0,1.0,1.0,3.0,0.0,0.0,0.0,0.0207336860670194,0.0,0.0,0.0,0.0,0.0,0.0,0.0,0.0,31.549641203703704,0.0,1.0,3.0,0.0,0.0,0.0,0.0,0.0,0.0,4,2.0,1.0,3.0,4.0,2.0,1.0,2.0,1.0,0.0
A000225,3.0,14990.0,4996.666666666667,1.0,2.0,1.0,1.0,2.0,1.0,0.0,0.0,0.0,0.0,0.0,0.0,0.0,0.0,0.0,0.0,0.0,47.242222222222225,0.0,0.0,1.0,0.0,0.0,0.0,0.0,0.0,0.0,4,5.0,4.0,7.5,13.0,3.0,2.0,4.0,3.0,0.0
A000226,0.0,0.0,0.0,0.0,0.0,0.0,0.0,0.0,0.0,0.0,0.0,0.0,0.0,0.0,0.0,0.0,0.0,0.0,0.0,0.0,34.826400462962965,0.0,0.0,0.0,0.0,0.0,0.0,0.0,0.0,0.0,1,0.0,0.0,0.0,0.0,0.0,0.0,0.0,0.0,0.0
A000227,1.0,2790.0,2790.0,1.0,1.0,1.0,1.0,1.0,0.0,0.0,0.0,0.0,0.0,0.0,0.0,0.0,0.0,0.0,0.0,0.0,22.857743055555556,0.0,0.0,1.0,0.0,0.0,0.0,0.0,0.0,0.0,6,2.0,1.0,1.0,0.0,1.0,0.0,3.0,2.0,0.0
A000228,1.0,5700.0,5700.0,1.0,1.0,1.0,1.0,0.0,0.0,1.0,0.0,0.0,0.0,0.0,0.0,0.0,0.0,0.0,0.0,0.0,45.08753472222222,0.0,0.0,1.0,0.0,0.0,0.0,0.0,0.0,0.0,1,6.0,5.0,11.0,10.0,7.0,6.0,3.0,2.0,0.0
A000229,1.0,670.0,670.0,1.0,1.0,1.0,1.0,1.0,0.0,0.0,0.0,0.0,0.0,0.0,0.0,0.0,0.0,0.0,0.0,0.0,26.77435185185185,0.0,1.0,1.0,0.0,0.0,0.0,0.0,0.0,0.0,4,8.0,7.0,7.0,6.0,7.0,6.0,1.0,0.0,2.0
A000230,0.0,0.0,0.0,0.0,0.0,0.0,0.0,0.0,0.0,0.0,0.0,0.0,0.0,0.0,0.0,0.0,0.0,0.0,0.0,0.0,21.096863425925925,0.0,0.0,0.0,0.0,0.0,0.0,0.0,0.0,0.0,3,0.0,0.0,0.0,0.0,0.0,0.0,0.0,0.0,0.0
A000231,0.0,0.0,0.0,0.0,0.0,0.0,0.0,0.0,0.0,0.0,0.0,0.0,0.0,0.0,0.0,0.0,0.0,0.0,0.0,0.0,26.941666666666666,0.0,0.0,0.0,0.0,0.0,0.0,0.0,0.0,0.0,3,0.0,0.0,0.0,0.0,0.0,0.0,0.0,0.0,0.0
A000232,2.0,8070.0,4035.0,1.0,1.0,1.0,1.0,1.0,0.0,1.0,0.0,0.0691060606060606,0.0,0.0,0.0,0.0,0.0,0.0,0.0,0.0,29.066157407407406,0.0,1.0,2.0,0.0,0.0,0.0,0.0,0.0,0.0,3,1.0,0.0,7.0,6.0,2.0,1.0,3.0,2.0,0.0
A000233,2.0,32880.0,16440.0,1.0,2.0,1.0,1.0,1.0,0.0,1.0,0.0,0.0,0.0,0.0,0.0,0.0,0.0,0.0,0.0,0.0,32.88780092592592,0.0,1.0,1.0,0.0,0.0,0.0,0.0,0.0,0.0,4,2.0,1.0,5.0,8.0,1.0,0.0,6.0,5.0,0.0
A000234,0.0,0.0,0.0,0.0,0.0,0.0,0.0,0.0,0.0,0.0,0.0,0.0,0.0,0.0,0.0,0.0,0.0,0.0,0.0,0.0,45.13614583333333,0.0,0.0,0.0,0.0,0.0,0.0,0.0,0.0,0.0,0,0.0,0.0,0.0,0.0,0.0,0.0,0.0,0.0,0.0
A000235,3.0,9960.0,3320.0,1.0,2.0,1.0,1.0,2.0,0.0,1.0,0.0,0.0,0.0,0.0,0.0,0.0,0.0,0.0,0.0,0.0,45.03255787037037,0.0,0.0,1.0,0.0,0.0,0.0,0.0,0.0,0.0,2,4.0,3.0,10.5,19.0,3.0,2.0,3.0,2.0,1.0
A000236,2.0,4790.0,2395.0,1.0,1.0,1.0,2.0,2.0,0.0,0.0,0.0,0.0,0.0,0.0,0.0,0.0,0.0,0.0,0.0,0.0,36.19806712962963,0.0,1.0,2.0,0.0,0.0,0.0,0.0,0.0,0.0,2,1.0,0.0,5.0,4.0,7.0,6.0,1.5,1.0,0.0
A000237,2.0,4930.0,2465.0,1.0,1.0,1.0,1.0,2.0,0.0,0.0,0.5,0.19321197411003235,0.0,0.0,0.0,0.0,0.0,0.0,0.0,0.0,36.48643518518519,0.0,0.0,1.0,0.0,0.0,0.0,0.0,0.0,0.0,3,4.0,3.0,6.0,5.0,1.0,0.0,2.0,1.0,0.0
A000238,1.0,3520.0,3520.0,1.0,1.0,1.0,1.0,1.0,0.0,0.0,0.0,0.0,0.0,0.0,0.0,0.0,0.0,0.0,0.0,0.0,23.31658564814815,0.0,1.0,1.0,0.0,0.0,0.0,0.0,0.0,0.0,3,2.0,1.0,2.0,1.0,2.0,1.0,2.0,1.0,0.0
A000239,0.0,0.0,0.0,0.0,0.0,0.0,0.0,0.0,0.0,0.0,0.0,0.0,0.0,0.0,0.0,0.0,0.0,0.0,0.0,0.0,26.821898148148147,0.0,0.0,0.0,0.0,0.0,0.0,0.0,0.0,0.0,3,0.0,0.0,0.0,0.0,0.0,0.0,0.0,0.0,0.0
A000240,7.0,27640.0,3948.5714285714284,1.0,1.0,1.0,2.0,6.0,0.0,1.0,0.0,0.0,0.0,0.0,0.0,0.0,0.0,0.0,0.0,0.0,45.96508101851852,0.0,0.0,6.0,0.0,0.0,0.0,0.0,0.0,0.0,7,4.0,3.0,4.0,3.0,5.0,4.0,5.0,8.0,1.0
A000241,4.0,36420.0,9105.0,1.0,1.0,1.0,2.0,3.0,0.0,1.0,0.0,0.0,0.0,0.0,0.0,0.0,0.0,0.0,0.0,0.0,22.99414351851852,0.0,1.0,4.0,0.0,0.0,0.0,0.0,0.0,0.0,2,2.0,1.0,11.0,10.0,1.0,0.0,1.5,1.0,1.0
A000242,1.0,2620.0,2620.0,1.0,1.0,1.0,1.0,1.0,0.0,0.0,0.0,0.0,0.0,0.0,0.0,0.0,0.0,0.0,0.0,0.0,29.084467592592592,0.0,0.0,1.0,0.0,0.0,0.0,0.0,0.0,0.0,4,4.0,3.0,10.0,9.0,1.0,0.0,4.0,3.0,1.0
A000243,2.0,4420.0,2210.0,2.0,2.0,1.0,2.0,1.0,1.0,0.0,0.0,0.0,0.0,0.0,0.0,0.0,0.0,0.0,0.0,0.0,47.45644675925926,1.0,1.0,2.0,0.0,0.0,0.0,0.0,1.0,0.0,2,6.5,11.0,8.0,14.0,8.0,7.0,3.5,5.0,0.0
A000244,1.0,1860.0,1860.0,1.0,1.0,1.0,1.0,1.0,0.0,0.0,0.0,0.0,0.0,0.0,0.0,0.0,0.0,0.0,0.0,0.0,23.272916666666667,0.0,0.0,1.0,0.0,0.0,0.0,0.0,0.0,0.0,3,1.0,0.0,1.0,0.0,3.0,2.0,2.0,1.0,0.0
A000245,1.0,1170.0,1170.0,1.0,1.0,1.0,1.0,1.0,0.0,0.0,0.0,0.0,0.0,0.0,0.0,0.0,0.0,0.0,0.0,0.0,27.544675925925926,0.0,0.0,1.0,0.0,0.0,0.0,0.0,0.0,0.0,3,2.0,1.0,1.0,0.0,6.0,5.0,2.0,1.0,0.0
A000246,1.0,5170.0,5170.0,1.0,1.0,1.0,1.0,1.0,0.0,0.0,0.0,0.0,0.0,0.0,0.0,0.0,0.0,0.0,0.0,0.0,28.591284722222223,0.0,0.0,1.0,0.0,0.0,0.0,0.0,0.0,0.0,3,1.0,0.0,1.0,0.0,2.0,1.0,5.0,4.0,0.0
A000247,1.0,3800.0,3800.0,1.0,1.0,1.0,1.0,0.0,0.0,1.0,0.0,0.0,0.0,0.0,0.0,0.0,0.0,0.0,0.0,0.0,23.94736111111111,0.0,1.0,1.0,0.0,0.0,0.0,0.0,0.0,0.0,1,1.0,0.0,7.0,6.0,1.0,0.0,1.0,0.0,0.0
A000248,0.0,0.0,0.0,0.0,0.0,0.0,0.0,0.0,0.0,0.0,0.0,0.0,0.0,0.0,0.0,0.0,0.0,0.0,0.0,0.0,26.938530092592593,0.0,0.0,0.0,0.0,0.0,0.0,0.0,0.0,0.0,3,0.0,0.0,0.0,0.0,0.0,0.0,0.0,0.0,0.0
A000249,2.0,4850.0,2425.0,1.0,1.0,1.0,1.0,1.0,0.0,1.0,0.0,0.0707,0.0,0.0,0.0,0.0,0.0,0.0,0.0,0.0,39.4384375,0.0,0.0,1.0,0.0,0.0,0.0,0.0,0.0,0.0,3,2.0,1.0,5.0,4.0,1.0,0.0,3.0,2.0,1.0
A000250,0.0,0.0,0.0,0.0,0.0,0.0,0.0,0.0,0.0,0.0,0.0,0.0,0.0,0.0,0.0,0.0,0.0,0.0,0.0,0.0,22.12236111111111,0.0,0.0,0.0,0.0,0.0,0.0,0.0,0.0,0.0,6,0.0,0.0,0.0,0.0,0.0,0.0,0.0,0.0,0.0
A000251,2.0,6930.0,3465.0,1.0,1.0,1.0,2.0,2.0,0.0,0.0,0.0,0.0,0.0,0.0,0.0,0.0,0.0,0.0,0.0,0.0,45.71428240740741,0.0,0.0,1.0,0.0,0.0,0.0,0.0,0.0,0.0,3,4.0,3.0,5.0,4.0,2.0,1.0,3.5,5.0,0.0
A000252,2.0,5340.0,2670.0,1.0,1.0,1.0,1.0,2.0,0.0,0.0,0.0,0.06699698795180722,0.0,0.0,0.0,0.0,0.0,0.0,0.0,0.0,28.612743055555555,0.0,0.0,2.0,0.0,0.0,0.0,0.0,0.0,0.0,3,2.0,1.0,4.0,3.0,8.0,7.0,5.0,4.0,0.0
A000253,1.0,1910.0,1910.0,1.0,1.0,1.0,1.0,1.0,0.0,0.0,0.0,0.0,0.0,0.0,0.0,0.0,0.0,0.0,0.0,0.0,38.883726851851854,0.0,0.0,1.0,0.0,0.0,0.0,0.0,0.0,0.0,3,4.0,3.0,4.0,3.0,2.0,1.0,7.0,6.0,0.0
A000254,2.0,2710.0,1355.0,1.0,2.0,1.0,1.0,2.0,0.0,0.0,0.0,0.0,0.0,0.0,0.0,0.0,0.0,0.0,0.0,0.0,22.47707175925926,0.0,1.0,2.0,0.0,0.0,0.0,0.0,0.0,0.0,2,3.0,2.0,4.5,7.0,7.0,6.0,1.0,0.0,1.0
A000255,1.0,2540.0,2540.0,1.0,1.0,1.0,1.0,0.0,0.0,1.0,0.0,0.0,0.0,0.0,0.0,0.0,0.0,0.0,0.0,0.0,22.85193287037037,1.0,1.0,1.0,0.0,0.0,0.0,0.0,1.0,0.0,6,4.0,3.0,4.0,3.0,3.0,2.0,2.0,1.0,0.0
A000256,0.0,0.0,0.0,0.0,0.0,0.0,0.0,0.0,0.0,0.0,0.0,0.0,0.0,0.0,0.0,0.0,0.0,0.0,0.0,0.0,45.942083333333336,0.0,0.0,0.0,0.0,0.0,0.0,0.0,0.0,0.0,4,0.0,0.0,0.0,0.0,0.0,0.0,0.0,0.0,0.0
A000257,1.0,3220.0,3220.0,1.0,1.0,1.0,1.0,1.0,0.0,0.0,0.0,0.06717391304347826,1.0,120.0,1.0,3220.0,0.0,1.0,1.0,0.0,39.0855787037037,0.0,0.0,0.0,0.0,0.0,1.0,0.0,0.0,0.0,3,3.0,2.0,3.0,2.0,1.0,0.0,4.0,3.0,0.0
A000258,1.0,4080.0,4080.0,1.0,1.0,1.0,1.0,1.0,0.0,0.0,0.0,0.0799656862745098,0.0,0.0,0.0,0.0,0.0,0.0,0.0,0.0,25.456226851851852,0.0,0.0,1.0,0.0,0.0,0.0,0.0,0.0,0.0,6,5.0,4.0,4.0,3.0,2.0,1.0,2.0,1.0,0.0
A000259,0.0,0.0,0.0,0.0,0.0,0.0,0.0,0.0,0.0,0.0,0.0,0.0,0.0,0.0,0.0,0.0,0.0,0.0,0.0,0.0,22.415347222222223,0.0,0.0,0.0,0.0,0.0,0.0,0.0,0.0,0.0,0,0.0,0.0,0.0,0.0,0.0,0.0,0.0,0.0,0.0
A000260,1.0,510.0,510.0,1.0,1.0,1.0,1.0,1.0,0.0,0.0,1.0,0.38790196078431377,0.0,0.0,0.0,0.0,0.0,0.0,0.0,0.0,24.53988425925926,0.0,1.0,1.0,0.0,0.0,0.0,0.0,0.0,0.0,4,1.0,0.0,3.0,2.0,1.0,0.0,1.0,0.0,0.0
A000261,2.0,9400.0,4700.0,1.0,1.0,1.0,1.0,2.0,0.0,0.0,0.0,0.0,0.0,0.0,0.0,0.0,0.0,0.0,0.0,0.0,31.52486111111111,0.0,0.0,2.0,0.0,0.0,0.0,0.0,0.0,0.0,4,4.0,3.0,4.0,3.0,4.0,3.0,1.0,0.0,1.0
A000262,1.0,3580.0,3580.0,1.0,1.0,1.0,1.0,1.0,0.0,0.0,0.0,0.0,0.0,0.0,0.0,0.0,0.0,0.0,0.0,0.0,49.061030092592596,0.0,0.0,0.0,0.0,0.0,0.0,0.0,0.0,0.0,2,6.0,5.0,15.0,14.0,8.0,7.0,7.0,6.0,0.0
A000263,0.0,0.0,0.0,0.0,0.0,0.0,0.0,0.0,0.0,0.0,0.0,0.0,0.0,0.0,0.0,0.0,0.0,0.0,0.0,0.0,30.10320601851852,0.0,0.0,0.0,0.0,0.0,0.0,0.0,0.0,0.0,0,0.0,0.0,0.0,0.0,0.0,0.0,0.0,0.0,0.0
A000264,2.0,3320.0,1660.0,1.0,1.0,1.0,1.0,2.0,0.0,0.0,0.0,0.0,0.0,0.0,0.0,0.0,0.0,0.0,0.0,0.0,29.045023148148147,0.0,0.0,2.0,0.0,0.0,0.0,0.0,0.0,0.0,2,2.0,1.0,11.0,10.0,1.0,0.0,2.0,1.0,0.0
A000265,2.0,17880.0,8940.0,2.0,1.0,1.0,2.0,2.0,0.0,0.0,0.0,0.0,0.0,0.0,0.0,0.0,0.0,0.0,0.0,0.0,26.06341435185185,0.0,0.0,2.0,0.0,0.0,0.0,0.0,0.0,0.0,4,3.5,5.0,2.0,1.0,2.0,1.0,2.0,2.0,1.0
A000266,3.0,5690.0,1896.6666666666667,1.0,2.0,1.0,1.0,2.0,0.0,1.0,0.0,0.0,0.0,0.0,0.0,0.0,0.0,0.0,0.0,0.0,40.8537037037037,0.0,1.0,3.0,0.0,0.0,0.0,0.0,0.0,0.0,4,2.0,1.0,4.5,7.0,1.0,0.0,1.0,0.0,0.0
A000267,7.0,20740.0,2962.8571428571427,2.0,1.0,1.0,2.0,5.0,0.0,2.0,0.0,0.01635149313962873,0.0,0.0,0.0,0.0,0.0,0.0,0.0,0.0,37.17289351851852,1.0,1.0,7.0,0.0,0.0,0.0,0.0,1.0,0.0,0,5.5,9.0,8.0,7.0,4.0,3.0,2.0,2.0,1.0
A000268,1.0,3830.0,3830.0,1.0,1.0,1.0,1.0,0.0,0.0,1.0,0.0,0.071911227154047,0.0,0.0,0.0,0.0,0.0,0.0,0.0,0.0,28.59144675925926,1.0,1.0,1.0,0.0,0.0,0.0,0.0,1.0,0.0,3,1.0,0.0,5.0,4.0,1.0,0.0,1.0,0.0,0.0
A000269,1.0,4270.0,4270.0,1.0,1.0,1.0,1.0,1.0,0.0,0.0,0.0,0.0,0.0,0.0,0.0,0.0,0.0,0.0,0.0,0.0,27.342465277777777,0.0,1.0,1.0,0.0,0.0,0.0,0.0,0.0,0.0,2,6.0,5.0,3.0,2.0,9.0,8.0,1.0,0.0,0.0
A000270,1.0,4870.0,4870.0,1.0,1.0,1.0,1.0,1.0,0.0,0.0,0.0,0.0,0.0,0.0,0.0,0.0,0.0,0.0,0.0,0.0,48.71905092592593,0.0,0.0,0.0,0.0,0.0,0.0,0.0,0.0,0.0,5,4.0,3.0,20.0,19.0,11.0,10.0,5.0,4.0,0.0
A000271,1.0,4930.0,4930.0,1.0,1.0,1.0,1.0,1.0,0.0,0.0,0.0,0.0,0.0,0.0,0.0,0.0,0.0,0.0,0.0,0.0,24.503194444444443,0.0,0.0,1.0,0.0,0.0,0.0,0.0,0.0,0.0,4,1.0,0.0,1.0,0.0,2.0,1.0,1.0,0.0,0.0
A000272,4.0,7360.0,1840.0,1.0,1.0,1.0,2.0,3.0,0.0,1.0,0.0,0.019262500000000002,0.0,0.0,0.0,0.0,0.0,0.0,0.0,0.0,48.74665509259259,0.0,2.0,2.0,0.0,0.0,0.0,0.0,0.0,0.0,4,4.0,3.0,15.0,14.0,5.0,4.0,4.5,7.0,0.0
A000273,1.0,2450.0,2450.0,1.0,1.0,1.0,1.0,1.0,0.0,0.0,0.0,0.0,0.0,0.0,0.0,0.0,0.0,0.0,0.0,0.0,46.913842592592594,0.0,1.0,1.0,0.0,0.0,0.0,0.0,0.0,0.0,2,6.0,5.0,10.0,9.0,2.0,1.0,7.0,6.0,0.0
A000274,1.0,3880.0,3880.0,1.0,1.0,1.0,1.0,1.0,0.0,0.0,0.0,0.0,0.0,0.0,0.0,0.0,0.0,0.0,0.0,0.0,46.040787037037035,0.0,0.0,1.0,0.0,0.0,0.0,0.0,0.0,0.0,3,4.0,3.0,7.0,6.0,2.0,1.0,2.0,1.0,0.0
A000275,0.0,0.0,0.0,0.0,0.0,0.0,0.0,0.0,0.0,0.0,0.0,0.0,0.0,0.0,0.0,0.0,0.0,0.0,0.0,0.0,31.146377314814814,0.0,0.0,0.0,0.0,0.0,0.0,0.0,0.0,0.0,2,0.0,0.0,0.0,0.0,0.0,0.0,0.0,0.0,0.0
A000276,0.0,0.0,0.0,0.0,0.0,0.0,0.0,0.0,0.0,0.0,0.0,0.0,0.0,0.0,0.0,0.0,0.0,0.0,0.0,0.0,24.960127314814816,0.0,0.0,0.0,0.0,0.0,0.0,0.0,0.0,0.0,2,0.0,0.0,0.0,0.0,0.0,0.0,0.0,0.0,0.0
A000277,1.0,13140.0,13140.0,1.0,1.0,1.0,1.0,1.0,0.0,0.0,0.0,0.0,0.0,0.0,0.0,0.0,0.0,0.0,0.0,0.0,49.1590162037037,0.0,0.0,0.0,0.0,0.0,0.0,0.0,0.0,0.0,0,6.0,5.0,8.0,7.0,3.0,2.0,5.0,4.0,0.0
A000278,1.0,820.0,820.0,1.0,1.0,1.0,1.0,0.0,0.0,1.0,0.0,0.0,0.0,0.0,0.0,0.0,0.0,0.0,0.0,0.0,25.22394675925926,1.0,1.0,1.0,0.0,0.0,0.0,0.0,1.0,0.0,6,3.0,2.0,1.0,0.0,3.0,2.0,1.0,0.0,0.0
A000279,2.0,8980.0,4490.0,1.0,2.0,1.0,2.0,2.0,0.0,0.0,0.0,0.0,0.0,0.0,0.0,0.0,0.0,0.0,0.0,0.0,27.47372685185185,0.0,0.0,2.0,0.0,0.0,0.0,0.0,0.0,0.0,1,1.0,0.0,7.0,12.0,2.0,1.0,1.0,0.0,0.0
A000280,3.0,11640.0,3880.0,1.0,2.0,1.0,1.0,3.0,0.0,0.0,0.0,0.0,0.0,0.0,0.0,0.0,0.0,0.0,0.0,0.0,41.62165509259259,0.0,1.0,3.0,0.0,0.0,0.0,0.0,0.0,0.0,4,8.0,7.0,4.5,7.0,2.0,1.0,2.0,1.0,2.0
A000281,2.0,20280.0,10140.0,2.0,1.0,1.0,1.0,1.0,0.0,1.0,0.0,0.0,0.0,0.0,0.0,0.0,0.0,0.0,0.0,0.0,30.968194444444446,0.0,0.0,2.0,0.0,0.0,0.0,0.0,0.0,0.0,4,4.0,6.0,7.0,6.0,6.0,5.0,4.0,3.0,1.0
A000282,1.0,4680.0,4680.0,1.0,1.0,1.0,1.0,1.0,0.0,0.0,0.0,0.0,0.0,0.0,0.0,0.0,0.0,0.0,0.0,0.0,45.4665625,0.0,1.0,1.0,0.0,0.0,0.0,0.0,0.0,0.0,3,3.0,2.0,4.0,3.0,5.0,4.0,6.0,5.0,0.0
A000283,0.0,0.0,0.0,0.0,0.0,0.0,0.0,0.0,0.0,0.0,0.0,0.0,0.0,0.0,0.0,0.0,0.0,0.0,0.0,0.0,48.501921296296295,0.0,0.0,0.0,0.0,0.0,0.0,0.0,0.0,0.0,4,0.0,0.0,0.0,0.0,0.0,0.0,0.0,0.0,0.0
A000284,1.0,14810.0,14810.0,1.0,1.0,1.0,1.0,1.0,0.0,0.0,0.0,0.0,0.0,0.0,0.0,0.0,0.0,0.0,0.0,0.0,22.067546296296296,0.0,0.0,1.0,0.0,0.0,0.0,0.0,0.0,0.0,6,3.0,2.0,8.0,7.0,2.0,1.0,2.0,1.0,0.0
A000285,2.0,16900.0,8450.0,1.0,1.0,1.0,2.0,1.0,0.0,1.0,0.0,0.0,0.0,0.0,0.0,0.0,0.0,0.0,0.0,0.0,43.08196759259259,0.0,1.0,2.0,0.0,0.0,0.0,0.0,0.0,0.0,2,3.0,2.0,5.0,4.0,2.0,1.0,2.5,3.0,0.0
A000286,2.0,4970.0,2485.0,2.0,1.0,1.0,1.0,1.0,0.0,1.0,0.0,0.043650406504065035,0.0,0.0,0.0,0.0,0.0,0.0,0.0,0.0,30.595219907407408,0.0,1.0,2.0,0.0,0.0,0.0,0.0,0.0,0.0,10,2.5,3.0,11.0,10.0,1.0,0.0,2.0,1.0,0.0
A000287,1.0,500.0,500.0,1.0,1.0,1.0,1.0,1.0,0.0,0.0,0.0,0.0,0.0,0.0,0.0,0.0,0.0,0.0,0.0,0.0,26.77204861111111,0.0,0.0,1.0,0.0,0.0,0.0,0.0,0.0,0.0,4,3.0,2.0,3.0,2.0,2.0,1.0,1.0,0.0,0.0
A000288,0.0,0.0,0.0,0.0,0.0,0.0,0.0,0.0,0.0,0.0,0.0,0.0,0.0,0.0,0.0,0.0,0.0,0.0,0.0,0.0,25.462291666666665,0.0,0.0,0.0,0.0,0.0,0.0,0.0,0.0,0.0,6,0.0,0.0,0.0,0.0,0.0,0.0,0.0,0.0,0.0
A000289,0.0,0.0,0.0,0.0,0.0,0.0,0.0,0.0,0.0,0.0,0.0,0.0,0.0,0.0,0.0,0.0,0.0,0.0,0.0,0.0,29.754490740740742,0.0,0.0,0.0,0.0,0.0,0.0,0.0,0.0,0.0,3,0.0,0.0,0.0,0.0,0.0,0.0,0.0,0.0,0.0
A000290,1.0,1430.0,1430.0,1.0,1.0,1.0,1.0,0.0,1.0,0.0,0.0,0.0,0.0,0.0,0.0,0.0,0.0,0.0,0.0,0.0,36.77035879629629,0.0,0.0,0.0,0.0,0.0,0.0,0.0,0.0,0.0,4,2.0,1.0,4.0,3.0,2.0,1.0,4.0,3.0,0.0
A000291,4.0,30870.0,7717.5,2.0,1.0,1.0,1.0,4.0,0.0,0.0,0.25,0.0975,0.0,0.0,0.0,0.0,0.0,0.0,0.0,0.0,44.14832175925926,0.0,0.0,2.0,0.0,0.0,0.0,0.0,0.0,0.0,4,5.0,7.0,7.0,6.0,2.0,1.0,2.0,1.0,0.0
A000292,1.0,4160.0,4160.0,1.0,1.0,1.0,1.0,1.0,0.0,0.0,0.0,0.0,0.0,0.0,0.0,0.0,0.0,0.0,0.0,0.0,34.34467592592593,0.0,0.0,1.0,0.0,0.0,0.0,0.0,0.0,0.0,3,3.0,2.0,1.0,0.0,9.0,8.0,3.0,2.0,0.0
A000293,1.0,2240.0,2240.0,1.0,1.0,1.0,1.0,1.0,0.0,0.0,0.0,0.0,0.0,0.0,0.0,0.0,0.0,0.0,0.0,0.0,28.389537037037037,0.0,0.0,1.0,0.0,0.0,0.0,0.0,0.0,0.0,4,3.0,2.0,2.0,1.0,2.0,1.0,1.0,0.0,0.0
A000294,3.0,8430.0,2810.0,1.0,2.0,1.0,2.0,2.0,0.0,1.0,0.0,0.04804694835680751,0.0,0.0,0.0,0.0,0.0,0.0,0.0,0.0,36.985358796296296,1.0,2.0,3.0,0.0,0.0,0.0,0.0,1.0,0.0,2,6.0,5.0,12.5,23.0,3.0,2.0,1.0,0.0,0.0
A000295,3.0,12330.0,4110.0,2.0,1.0,1.0,1.0,3.0,0.0,0.0,0.0,0.0,1.0,72.0,1.0,2230.0,0.0,0.3333333333333333,0.3333333333333333,0.0,45.498831018518516,0.0,1.0,3.0,0.0,0.0,1.0,0.3333333333333333,0.0,0.0,4,5.5,9.0,5.0,4.0,8.0,7.0,5.0,4.0,0.0
A000296,3.0,3600.0,1200.0,1.0,1.0,1.0,1.0,3.0,0.0,0.0,0.0,0.0,0.0,0.0,0.0,0.0,0.0,0.0,0.0,0.0,49.54327546296296,0.0,1.0,1.0,0.0,0.0,0.0,0.0,0.0,0.0,0,4.0,3.0,20.0,19.0,7.0,6.0,16.0,15.0,0.0
A000297,4.0,14830.0,3707.5,2.0,1.0,1.0,2.0,4.0,0.0,0.0,0.0,0.0,0.0,0.0,0.0,0.0,0.0,0.0,0.0,0.0,42.14799768518518,0.0,0.0,1.0,0.0,0.0,0.0,0.0,0.0,0.0,0,5.0,7.0,10.0,9.0,7.0,6.0,3.0,4.0,1.0
A000298,1.0,2680.0,2680.0,1.0,1.0,1.0,1.0,1.0,0.0,0.0,0.0,0.0,0.0,0.0,0.0,0.0,0.0,0.0,0.0,0.0,28.26670138888889,0.0,0.0,1.0,0.0,0.0,0.0,0.0,0.0,0.0,2,1.0,0.0,7.0,6.0,2.0,1.0,1.0,0.0,0.0
A000299,2.0,4030.0,2015.0,2.0,1.0,1.0,1.0,2.0,0.0,0.0,0.0,0.0,0.0,0.0,0.0,0.0,0.0,0.0,0.0,0.0,32.26523148148148,0.0,0.0,1.0,0.0,0.0,0.0,0.0,0.0,0.0,4,1.5,1.0,1.0,0.0,3.0,2.0,3.0,2.0,0.0
A000300,1.0,1380.0,1380.0,1.0,1.0,1.0,1.0,1.0,0.0,0.0,0.0,0.0,0.0,0.0,0.0,0.0,0.0,0.0,0.0,0.0,49.87300925925926,0.0,0.0,1.0,0.0,0.0,0.0,0.0,0.0,0.0,3,11.0,10.0,18.0,17.0,10.0,9.0,16.0,15.0,1.0
A000301,4.0,19540.0,4885.0,2.0,2.0,1.0,1.0,4.0,0.0,0.0,0.25,0.09604908348911677,0.0,0.0,0.0,0.0,0.0,0.0,0.0,0.0,48.77184027777778,0.0,0.0,1.0,0.0,0.0,0.0,0.0,0.0,0.0,2,8.0,14.0,10.5,19.0,7.0,6.0,2.0,1.0,4.0
A000302,1.0,4680.0,4680.0,1.0,1.0,1.0,1.0,1.0,0.0,0.0,0.0,0.0,0.0,0.0,0.0,0.0,0.0,0.0,0.0,0.0,38.06469907407408,0.0,0.0,1.0,0.0,0.0,0.0,0.0,0.0,0.0,2,2.0,1.0,3.0,2.0,2.0,1.0,2.0,1.0,1.0
A000303,0.0,0.0,0.0,0.0,0.0,0.0,0.0,0.0,0.0,0.0,0.0,0.0,0.0,0.0,0.0,0.0,0.0,0.0,0.0,0.0,44.97929398148148,0.0,0.0,0.0,0.0,0.0,0.0,0.0,0.0,0.0,2,0.0,0.0,0.0,0.0,0.0,0.0,0.0,0.0,0.0
A000304,0.0,0.0,0.0,0.0,0.0,0.0,0.0,0.0,0.0,0.0,0.0,0.0,0.0,0.0,0.0,0.0,0.0,0.0,0.0,0.0,39.08506944444444,0.0,0.0,0.0,0.0,0.0,0.0,0.0,0.0,0.0,3,0.0,0.0,0.0,0.0,0.0,0.0,0.0,0.0,0.0
A000305,2.0,34090.0,17045.0,1.0,1.0,1.0,1.0,2.0,0.0,0.0,0.0,0.04958043248945147,0.0,0.0,0.0,0.0,0.0,0.0,0.0,0.0,21.57920138888889,0.0,1.0,2.0,0.0,0.0,0.0,0.0,0.0,0.0,1,1.0,0.0,5.0,4.0,1.0,0.0,3.0,2.0,0.0
A000306,1.0,4000.0,4000.0,1.0,1.0,1.0,1.0,1.0,0.0,0.0,0.0,0.0,0.0,0.0,0.0,0.0,0.0,0.0,0.0,0.0,42.62003472222222,0.0,0.0,0.0,0.0,0.0,0.0,0.0,0.0,0.0,2,6.0,5.0,3.0,2.0,2.0,1.0,3.0,2.0,0.0
A000307,0.0,0.0,0.0,0.0,0.0,0.0,0.0,0.0,0.0,0.0,0.0,0.0,0.0,0.0,0.0,0.0,0.0,0.0,0.0,0.0,31.544155092592593,0.0,0.0,0.0,0.0,0.0,0.0,0.0,0.0,0.0,3,0.0,0.0,0.0,0.0,0.0,0.0,0.0,0.0,0.0
A000308,2.0,3920.0,1960.0,2.0,1.0,1.0,1.0,2.0,0.0,0.0,0.0,0.06104761904761905,0.0,0.0,0.0,0.0,0.0,0.0,0.0,0.0,42.79960648148148,0.0,1.0,2.0,0.0,0.0,0.0,0.0,0.0,0.0,1,3.0,4.0,5.0,4.0,3.0,2.0,3.0,2.0,1.0
A000309,1.0,3160.0,3160.0,1.0,1.0,1.0,1.0,1.0,0.0,0.0,0.0,0.0,0.0,0.0,0.0,0.0,0.0,0.0,0.0,0.0,22.565289351851852,0.0,0.0,1.0,0.0,0.0,0.0,0.0,0.0,0.0,2,1.0,0.0,1.0,0.0,1.0,0.0,1.0,0.0,0.0
A000310,0.0,0.0,0.0,0.0,0.0,0.0,0.0,0.0,0.0,0.0,0.0,0.0,0.0,0.0,0.0,0.0,0.0,0.0,0.0,0.0,34.411134259259256,0.0,0.0,0.0,0.0,0.0,0.0,0.0,0.0,0.0,3,0.0,0.0,0.0,0.0,0.0,0.0,0.0,0.0,0.0
A000311,1.0,1170.0,1170.0,1.0,1.0,1.0,1.0,1.0,0.0,0.0,0.0,0.0,0.0,0.0,0.0,0.0,0.0,0.0,0.0,0.0,29.706493055555555,0.0,1.0,1.0,0.0,0.0,0.0,0.0,0.0,0.0,3,3.0,2.0,13.0,12.0,3.0,2.0,4.0,3.0,0.0
A000312,0.0,0.0,0.0,0.0,0.0,0.0,0.0,0.0,0.0,0.0,0.0,0.0,0.0,0.0,0.0,0.0,0.0,0.0,0.0,0.0,45.42024305555555,0.0,0.0,0.0,0.0,0.0,0.0,0.0,0.0,0.0,0,0.0,0.0,0.0,0.0,0.0,0.0,0.0,0.0,0.0
A000313,0.0,0.0,0.0,0.0,0.0,0.0,0.0,0.0,0.0,0.0,0.0,0.0,0.0,0.0,0.0,0.0,0.0,0.0,0.0,0.0,45.695277777777775,0.0,0.0,0.0,0.0,0.0,0.0,0.0,0.0,0.0,2,0.0,0.0,0.0,0.0,0.0,0.0,0.0,0.0,0.0
A000314,0.0,0.0,0.0,0.0,0.0,0.0,0.0,0.0,0.0,0.0,0.0,0.0,0.0,0.0,0.0,0.0,0.0,0.0,0.0,0.0,23.502233796296295,0.0,0.0,0.0,0.0,0.0,0.0,0.0,0.0,0.0,4,0.0,0.0,0.0,0.0,0.0,0.0,0.0,0.0,0.0
A000315,1.0,2460.0,2460.0,1.0,1.0,1.0,1.0,1.0,0.0,0.0,0.0,0.0,0.0,0.0,0.0,0.0,0.0,0.0,0.0,0.0,36.2491087962963,0.0,0.0,1.0,0.0,0.0,0.0,0.0,0.0,0.0,4,7.0,6.0,3.0,2.0,2.0,1.0,3.0,2.0,1.0
A000316,0.0,0.0,0.0,0.0,0.0,0.0,0.0,0.0,0.0,0.0,0.0,0.0,0.0,0.0,0.0,0.0,0.0,0.0,0.0,0.0,22.512314814814815,0.0,0.0,0.0,0.0,0.0,0.0,0.0,0.0,0.0,3,0.0,0.0,0.0,0.0,0.0,0.0,0.0,0.0,0.0
A000317,5.0,36620.0,7324.0,1.0,1.0,1.0,2.0,4.0,0.0,1.0,0.0,0.022325151515151513,1.0,120.0,1.0,10110.0,0.0,0.25,0.2,0.0,41.93581018518518,0.0,0.0,1.0,0.0,0.0,1.0,0.0,0.0,0.0,0,4.0,3.0,5.0,4.0,5.0,4.0,3.5,5.0,1.0
A000318,0.0,0.0,0.0,0.0,0.0,0.0,0.0,0.0,0.0,0.0,0.0,0.0,0.0,0.0,0.0,0.0,0.0,0.0,0.0,0.0,27.21815972222222,0.0,0.0,0.0,0.0,0.0,0.0,0.0,0.0,0.0,2,0.0,0.0,0.0,0.0,0.0,0.0,0.0,0.0,0.0
A000319,1.0,19950.0,19950.0,1.0,1.0,1.0,1.0,1.0,0.0,0.0,0.0,0.0,0.0,0.0,0.0,0.0,0.0,0.0,0.0,0.0,32.28135416666667,0.0,0.0,1.0,0.0,0.0,0.0,0.0,0.0,0.0,4,3.0,2.0,6.0,5.0,3.0,2.0,5.0,4.0,0.0
A000320,1.0,2360.0,2360.0,1.0,1.0,1.0,1.0,0.0,0.0,1.0,0.0,0.07044067796610169,0.0,0.0,0.0,0.0,0.0,0.0,0.0,0.0,45.55013888888889,0.0,1.0,1.0,0.0,0.0,0.0,0.0,0.0,0.0,6,3.0,2.0,10.0,9.0,1.0,0.0,3.0,2.0,0.0
A000321,0.0,0.0,0.0,0.0,0.0,0.0,0.0,0.0,0.0,0.0,0.0,0.0,0.0,0.0,0.0,0.0,0.0,0.0,0.0,0.0,38.14528935185185,0.0,0.0,0.0,0.0,0.0,0.0,0.0,0.0,0.0,7,0.0,0.0,0.0,0.0,0.0,0.0,0.0,0.0,0.0
A000322,2.0,2550.0,1275.0,2.0,1.0,1.0,2.0,2.0,0.0,0.0,0.0,0.0,0.0,0.0,0.0,0.0,0.0,0.0,0.0,0.0,32.554375,0.0,0.0,1.0,0.0,0.0,0.0,0.0,0.0,0.0,1,3.5,5.0,3.0,2.0,3.0,2.0,1.5,1.0,0.0
A000323,0.0,0.0,0.0,0.0,0.0,0.0,0.0,0.0,0.0,0.0,0.0,0.0,0.0,0.0,0.0,0.0,0.0,0.0,0.0,0.0,40.80581018518519,0.0,0.0,0.0,0.0,0.0,0.0,0.0,0.0,0.0,8,0.0,0.0,0.0,0.0,0.0,0.0,0.0,0.0,0.0
A000324,1.0,3560.0,3560.0,1.0,1.0,1.0,1.0,1.0,0.0,0.0,0.0,0.09517977528089887,0.0,0.0,0.0,0.0,0.0,0.0,0.0,0.0,36.1590162037037,0.0,0.0,1.0,0.0,0.0,0.0,0.0,0.0,0.0,5,6.0,5.0,2.0,1.0,4.0,3.0,3.0,2.0,0.0
A000325,1.0,1370.0,1370.0,1.0,1.0,1.0,1.0,1.0,0.0,0.0,0.0,0.0,0.0,0.0,0.0,0.0,0.0,0.0,0.0,0.0,36.250150462962964,0.0,0.0,1.0,0.0,0.0,0.0,0.0,0.0,0.0,4,1.0,0.0,1.0,0.0,3.0,2.0,1.0,0.0,0.0
A000326,3.0,11550.0,3850.0,2.0,1.0,1.0,2.0,3.0,0.0,0.0,0.0,0.0,0.0,0.0,0.0,0.0,0.0,0.0,0.0,0.0,39.824814814814815,0.0,0.0,3.0,0.0,0.0,0.0,0.0,0.0,0.0,1,4.5,7.0,7.0,6.0,3.0,2.0,2.5,3.0,1.0
A000327,0.0,0.0,0.0,0.0,0.0,0.0,0.0,0.0,0.0,0.0,0.0,0.0,0.0,0.0,0.0,0.0,0.0,0.0,0.0,0.0,33.59261574074074,0.0,0.0,0.0,0.0,0.0,0.0,0.0,0.0,0.0,2,0.0,0.0,0.0,0.0,0.0,0.0,0.0,0.0,0.0
A000328,1.0,4690.0,4690.0,1.0,1.0,1.0,1.0,1.0,0.0,0.0,0.0,0.10342857142857143,0.0,0.0,0.0,0.0,0.0,0.0,0.0,0.0,32.97265046296296,0.0,0.0,0.0,0.0,0.0,0.0,0.0,0.0,0.0,2,2.0,1.0,4.0,3.0,1.0,0.0,1.0,0.0,0.0
A000329,0.0,0.0,0.0,0.0,0.0,0.0,0.0,0.0,0.0,0.0,0.0,0.0,0.0,0.0,0.0,0.0,0.0,0.0,0.0,0.0,31.079444444444444,0.0,0.0,0.0,0.0,0.0,0.0,0.0,0.0,0.0,5,0.0,0.0,0.0,0.0,0.0,0.0,0.0,0.0,0.0
A000330,0.0,0.0,0.0,0.0,0.0,0.0,0.0,0.0,0.0,0.0,0.0,0.0,0.0,0.0,0.0,0.0,0.0,0.0,0.0,0.0,40.061643518518515,0.0,0.0,0.0,0.0,0.0,0.0,0.0,0.0,0.0,3,0.0,0.0,0.0,0.0,0.0,0.0,0.0,0.0,0.0
A000331,1.0,1790.0,1790.0,1.0,1.0,1.0,1.0,1.0,0.0,0.0,0.0,0.0,0.0,0.0,0.0,0.0,0.0,0.0,0.0,0.0,34.074814814814815,0.0,1.0,1.0,0.0,0.0,0.0,0.0,0.0,0.0,0,2.0,1.0,5.0,4.0,7.0,6.0,3.0,2.0,0.0
A000332,2.0,5420.0,2710.0,1.0,1.0,1.0,2.0,1.0,1.0,0.0,0.0,0.037474489795918366,0.0,0.0,0.0,0.0,0.0,0.0,0.0,0.0,34.73508101851852,1.0,2.0,2.0,0.0,0.0,0.0,0.0,1.0,0.0,2,2.0,1.0,3.0,2.0,2.0,1.0,9.5,17.0,0.0
A000333,2.0,3180.0,1590.0,1.0,1.0,1.0,1.0,2.0,0.0,0.0,0.0,0.04134831460674157,0.0,0.0,0.0,0.0,0.0,0.0,0.0,0.0,39.5409375,0.0,0.0,2.0,0.0,0.0,0.0,0.0,0.0,0.0,5,2.0,1.0,6.0,5.0,4.0,3.0,16.0,15.0,0.0
A000334,1.0,2430.0,2430.0,1.0,1.0,1.0,1.0,1.0,0.0,0.0,0.0,0.0,0.0,0.0,0.0,0.0,0.0,0.0,0.0,0.0,33.80879629629629,0.0,0.0,1.0,0.0,0.0,0.0,0.0,0.0,0.0,3,1.0,0.0,2.0,1.0,7.0,6.0,1.0,0.0,0.0
A000335,3.0,16490.0,5496.666666666667,2.0,1.0,1.0,1.0,0.0,1.0,2.0,0.0,0.024889133627019094,0.0,0.0,0.0,0.0,0.0,0.0,0.0,0.0,24.29431712962963,1.0,1.0,3.0,0.0,0.0,0.0,0.0,1.0,0.0,1,1.0,0.0,5.0,4.0,3.0,2.0,2.0,1.0,0.0
A000336,0.0,0.0,0.0,0.0,0.0,0.0,0.0,0.0,0.0,0.0,0.0,0.0,0.0,0.0,0.0,0.0,0.0,0.0,0.0,0.0,28.731631944444445,0.0,0.0,0.0,0.0,0.0,0.0,0.0,0.0,0.0,3,0.0,0.0,0.0,0.0,0.0,0.0,0.0,0.0,0.0
A000337,2.0,22140.0,11070.0,1.0,1.0,1.0,1.0,2.0,0.0,0.0,0.0,0.036486470926885436,0.0,0.0,0.0,0.0,0.0,0.0,0.0,0.0,34.912025462962966,0.0,0.0,2.0,0.0,0.0,0.0,0.0,0.0,0.0,3,2.0,1.0,4.0,3.0,1.0,0.0,2.0,1.0,1.0
A000338,1.0,3900.0,3900.0,1.0,1.0,1.0,1.0,1.0,0.0,0.0,0.0,0.13207435897435899,0.0,0.0,0.0,0.0,0.0,0.0,0.0,0.0,34.94054398148148,0.0,0.0,1.0,0.0,0.0,0.0,0.0,0.0,0.0,2,1.0,0.0,3.0,2.0,1.0,0.0,2.0,1.0,0.0
A000339,0.0,0.0,0.0,0.0,0.0,0.0,0.0,0.0,0.0,0.0,0.0,0.0,0.0,0.0,0.0,0.0,0.0,0.0,0.0,0.0,25.715902777777778,0.0,0.0,0.0,0.0,0.0,0.0,0.0,0.0,0.0,1,0.0,0.0,0.0,0.0,0.0,0.0,0.0,0.0,0.0
A000340,1.0,400.0,400.0,1.0,1.0,1.0,1.0,1.0,0.0,0.0,0.0,0.0,0.0,0.0,0.0,0.0,0.0,0.0,0.0,0.0,48.37753472222222,0.0,0.0,0.0,0.0,0.0,0.0,0.0,0.0,0.0,3,3.0,2.0,10.0,9.0,3.0,2.0,5.0,4.0,0.0
A000341,0.0,0.0,0.0,0.0,0.0,0.0,0.0,0.0,0.0,0.0,0.0,0.0,0.0,0.0,0.0,0.0,0.0,0.0,0.0,0.0,47.91028935185185,0.0,0.0,0.0,0.0,0.0,0.0,0.0,0.0,0.0,0,0.0,0.0,0.0,0.0,0.0,0.0,0.0,0.0,0.0
A000342,4.0,6360.0,1590.0,2.0,1.0,1.0,1.0,3.0,1.0,0.0,0.0,0.0,0.0,0.0,0.0,0.0,0.0,0.0,0.0,0.0,47.74829861111111,0.0,0.0,2.0,0.0,0.0,0.0,0.0,0.0,0.0,0,4.5,7.0,8.0,7.0,7.0,6.0,4.0,3.0,0.0
A000343,3.0,7150.0,2383.3333333333335,1.0,1.0,1.0,2.0,2.0,0.0,1.0,0.0,0.0,0.0,0.0,0.0,0.0,0.0,0.0,0.0,0.0,41.86226851851852,0.0,1.0,3.0,0.0,0.0,0.0,0.0,0.0,0.0,5,8.0,7.0,5.0,4.0,2.0,1.0,3.0,4.0,2.0
A000344,0.0,0.0,0.0,0.0,0.0,0.0,0.0,0.0,0.0,0.0,0.0,0.0,0.0,0.0,0.0,0.0,0.0,0.0,0.0,0.0,28.807430555555555,0.0,0.0,0.0,0.0,0.0,0.0,0.0,0.0,0.0,1,0.0,0.0,0.0,0.0,0.0,0.0,0.0,0.0,0.0
A000345,1.0,1330.0,1330.0,1.0,1.0,1.0,1.0,1.0,0.0,0.0,0.0,0.0,0.0,0.0,0.0,0.0,0.0,0.0,0.0,0.0,40.89709490740741,0.0,0.0,0.0,0.0,0.0,0.0,0.0,0.0,0.0,1,4.0,3.0,5.0,4.0,2.0,1.0,4.0,3.0,0.0
A000346,0.0,0.0,0.0,0.0,0.0,0.0,0.0,0.0,0.0,0.0,0.0,0.0,0.0,0.0,0.0,0.0,0.0,0.0,0.0,0.0,37.336481481481485,0.0,0.0,0.0,0.0,0.0,0.0,0.0,0.0,0.0,3,0.0,0.0,0.0,0.0,0.0,0.0,0.0,0.0,0.0
A000347,1.0,1180.0,1180.0,1.0,1.0,1.0,1.0,1.0,0.0,0.0,0.0,0.12961016949152543,0.0,0.0,0.0,0.0,0.0,0.0,0.0,0.0,26.011967592592594,0.0,1.0,1.0,0.0,0.0,0.0,0.0,0.0,0.0,7,2.0,1.0,2.0,1.0,1.0,0.0,2.0,1.0,0.0
A000348,2.0,9470.0,4735.0,1.0,1.0,1.0,1.0,1.0,0.0,1.0,0.0,0.0,0.0,0.0,0.0,0.0,0.0,0.0,0.0,0.0,29.433900462962963,0.0,0.0,2.0,0.0,0.0,0.0,0.0,0.0,0.0,1,1.0,0.0,2.0,1.0,1.0,0.0,4.0,3.0,0.0
A000349,2.0,5420.0,2710.0,1.0,2.0,1.0,1.0,1.0,1.0,0.0,0.0,0.04879186602870813,0.0,0.0,0.0,0.0,0.0,0.0,0.0,0.0,45.54523148148148,0.0,0.0,1.0,0.0,0.0,0.0,0.0,0.0,0.0,6,3.0,2.0,8.0,14.0,3.0,2.0,3.0,2.0,0.0
A000350,2.0,5960.0,2980.0,2.0,1.0,1.0,1.0,2.0,0.0,0.0,0.0,0.0,0.0,0.0,0.0,0.0,0.0,0.0,0.0,0.0,35.25900462962963,0.0,0.0,1.0,0.0,0.0,0.0,0.0,0.0,0.0,3,2.5,3.0,5.0,4.0,2.0,1.0,5.0,4.0,0.0
A000351,1.0,890.0,890.0,1.0,1.0,1.0,1.0,1.0,0.0,0.0,0.0,0.0,1.0,120.0,1.0,890.0,0.0,1.0,1.0,0.0,39.41733796296296,0.0,0.0,1.0,0.0,1.0,1.0,1.0,0.0,0.0,3,2.0,1.0,2.0,1.0,2.0,1.0,2.0,1.0,0.0
A000352,1.0,1880.0,1880.0,1.0,1.0,1.0,1.0,0.0,1.0,0.0,0.0,0.0,0.0,0.0,0.0,0.0,0.0,0.0,0.0,0.0,36.96222222222222,0.0,0.0,1.0,0.0,0.0,0.0,0.0,0.0,0.0,4,5.0,4.0,2.0,1.0,3.0,2.0,6.0,5.0,0.0
A000353,1.0,6260.0,6260.0,1.0,1.0,1.0,1.0,1.0,0.0,0.0,0.0,0.0,0.0,0.0,0.0,0.0,0.0,0.0,0.0,0.0,27.608958333333334,0.0,1.0,1.0,0.0,0.0,0.0,0.0,0.0,0.0,2,3.0,2.0,4.0,3.0,3.0,2.0,5.0,4.0,0.0
A000354,0.0,0.0,0.0,0.0,0.0,0.0,0.0,0.0,0.0,0.0,0.0,0.0,0.0,0.0,0.0,0.0,0.0,0.0,0.0,0.0,45.82232638888889,0.0,0.0,0.0,0.0,0.0,0.0,0.0,0.0,0.0,0,0.0,0.0,0.0,0.0,0.0,0.0,0.0,0.0,0.0
A000355,3.0,4890.0,1630.0,2.0,1.0,1.0,2.0,3.0,0.0,0.0,0.3333333333333333,0.11394765840220385,0.0,0.0,0.0,0.0,0.0,0.0,0.0,0.0,29.543217592592594,0.0,0.0,3.0,0.0,0.0,0.0,0.0,0.0,0.0,4,4.0,6.0,3.0,2.0,3.0,2.0,1.0,0.0,1.0
A000356,1.0,4370.0,4370.0,1.0,1.0,1.0,1.0,0.0,1.0,0.0,0.0,0.14373226544622425,0.0,0.0,0.0,0.0,0.0,0.0,0.0,0.0,40.32478009259259,0.0,0.0,0.0,0.0,0.0,0.0,0.0,0.0,0.0,3,3.0,2.0,8.0,7.0,3.0,2.0,2.0,1.0,0.0
A000357,2.0,3170.0,1585.0,1.0,1.0,1.0,1.0,2.0,0.0,0.0,0.0,0.0,0.0,0.0,0.0,0.0,0.0,0.0,0.0,0.0,49.68890046296296,0.0,0.0,1.0,0.0,0.0,0.0,0.0,0.0,0.0,0,6.0,5.0,15.0,14.0,8.0,7.0,8.0,7.0,1.0
A000358,8.0,21340.0,2667.5,2.0,2.0,1.0,2.0,7.0,0.0,1.0,0.0,0.04229465906902859,0.0,0.0,0.0,0.0,0.0,0.0,0.0,0.0,36.464930555555554,0.0,3.0,7.0,0.0,0.0,0.0,0.0,0.0,0.0,2,3.0,4.0,5.5,9.0,2.0,1.0,2.0,2.0,1.0
A000359,4.0,23510.0,5877.5,1.0,2.0,1.0,2.0,3.0,0.0,1.0,0.0,0.03649946830654503,0.0,0.0,0.0,0.0,0.0,0.0,0.0,0.0,45.251215277777774,0.0,1.0,4.0,0.0,0.0,0.0,0.0,0.0,0.0,4,6.0,5.0,12.0,21.0,6.0,5.0,3.0,4.0,0.0
A000360,1.0,13270.0,13270.0,1.0,1.0,1.0,1.0,1.0,0.0,0.0,0.0,0.0,0.0,0.0,0.0,0.0,0.0,0.0,0.0,0.0,23.309386574074075,0.0,0.0,1.0,0.0,0.0,0.0,0.0,0.0,0.0,4,2.0,1.0,3.0,2.0,3.0,2.0,4.0,3.0,0.0
A000361,0.0,0.0,0.0,0.0,0.0,0.0,0.0,0.0,0.0,0.0,0.0,0.0,0.0,0.0,0.0,0.0,0.0,0.0,0.0,0.0,21.31513888888889,0.0,0.0,0.0,0.0,0.0,0.0,0.0,0.0,0.0,5,0.0,0.0,0.0,0.0,0.0,0.0,0.0,0.0,0.0
A000362,2.0,3530.0,1765.0,1.0,1.0,1.0,2.0,1.0,0.0,1.0,0.0,0.0,0.0,0.0,0.0,0.0,0.0,0.0,0.0,0.0,26.752708333333334,0.0,1.0,2.0,0.0,0.0,0.0,0.0,0.0,0.0,4,2.0,1.0,3.0,2.0,1.0,0.0,2.0,2.0,1.0
A000363,0.0,0.0,0.0,0.0,0.0,0.0,0.0,0.0,0.0,0.0,0.0,0.0,0.0,0.0,0.0,0.0,0.0,0.0,0.0,0.0,21.280671296296298,0.0,0.0,0.0,0.0,0.0,0.0,0.0,0.0,0.0,4,0.0,0.0,0.0,0.0,0.0,0.0,0.0,0.0,0.0
A000364,3.0,15250.0,5083.333333333333,2.0,1.0,1.0,1.0,3.0,0.0,0.0,0.0,0.0,0.0,0.0,0.0,0.0,0.0,0.0,0.0,0.0,25.554525462962964,0.0,1.0,3.0,0.0,0.0,0.0,0.0,0.0,0.0,2,4.0,6.0,1.0,0.0,2.0,1.0,1.0,0.0,2.0
A000365,3.0,9110.0,3036.6666666666665,1.0,1.0,1.0,1.0,2.0,0.0,1.0,0.3333333333333333,0.12058112695179905,0.0,0.0,0.0,0.0,0.0,0.0,0.0,0.0,38.615393518518516,1.0,1.0,3.0,0.0,0.0,0.0,0.0,1.0,0.0,5,6.0,5.0,3.0,2.0,7.0,6.0,5.0,4.0,1.0
A000366,2.0,10710.0,5355.0,1.0,1.0,1.0,1.0,2.0,0.0,0.0,0.0,0.0,0.0,0.0,0.0,0.0,0.0,0.0,0.0,0.0,48.804398148148145,0.0,0.0,1.0,0.0,0.0,0.0,0.0,0.0,0.0,2,4.0,3.0,15.0,14.0,4.0,3.0,7.0,6.0,3.0
A000367,1.0,660.0,660.0,1.0,1.0,1.0,1.0,1.0,0.0,0.0,0.0,0.0,0.0,0.0,0.0,0.0,1.0,0.0,0.0,1.0,37.420405092592596,0.0,0.0,0.0,0.0,0.0,0.0,0.0,0.0,0.0,0,4.0,3.0,2.0,1.0,2.0,1.0,2.0,1.0,0.0
A000368,1.0,4600.0,4600.0,1.0,1.0,1.0,1.0,1.0,0.0,0.0,0.0,0.0,0.0,0.0,0.0,0.0,0.0,0.0,0.0,0.0,41.11600694444444,0.0,0.0,1.0,0.0,0.0,0.0,0.0,0.0,0.0,1,6.0,5.0,3.0,2.0,3.0,2.0,4.0,3.0,0.0
A000369,0.0,0.0,0.0,0.0,0.0,0.0,0.0,0.0,0.0,0.0,0.0,0.0,0.0,0.0,0.0,0.0,0.0,0.0,0.0,0.0,44.753125,0.0,0.0,0.0,0.0,0.0,0.0,0.0,0.0,0.0,4,0.0,0.0,0.0,0.0,0.0,0.0,0.0,0.0,0.0
A000370,0.0,0.0,0.0,0.0,0.0,0.0,0.0,0.0,0.0,0.0,0.0,0.0,0.0,0.0,0.0,0.0,0.0,0.0,0.0,0.0,31.669340277777778,0.0,0.0,0.0,0.0,0.0,0.0,0.0,0.0,0.0,2,0.0,0.0,0.0,0.0,0.0,0.0,0.0,0.0,0.0
A000371,2.0,6820.0,3410.0,1.0,1.0,1.0,1.0,1.0,1.0,0.0,0.0,0.048271897810218976,0.0,0.0,0.0,0.0,0.0,0.0,0.0,0.0,43.24729166666667,0.0,0.0,2.0,0.0,0.0,0.0,0.0,0.0,0.0,2,4.0,3.0,8.0,7.0,5.0,4.0,3.0,2.0,0.0
A000372,2.0,4770.0,2385.0,1.0,1.0,1.0,1.0,2.0,0.0,0.0,0.0,0.0,0.0,0.0,0.0,0.0,0.0,0.0,0.0,0.0,21.127291666666668,0.0,0.0,2.0,0.0,0.0,0.0,0.0,0.0,0.0,3,1.0,0.0,18.0,17.0,1.0,0.0,2.0,1.0,0.0
A000373,3.0,16990.0,5663.333333333333,1.0,2.0,1.0,1.0,2.0,0.0,1.0,0.0,0.10283121586904331,0.0,0.0,0.0,0.0,0.0,0.0,0.0,0.0,32.993090277777775,1.0,2.0,3.0,0.0,0.0,0.0,0.0,1.0,0.0,2,4.0,3.0,7.0,12.0,2.0,1.0,1.0,0.0,2.0
A000374,1.0,240.0,240.0,1.0,1.0,1.0,1.0,1.0,0.0,0.0,0.0,0.0,0.0,0.0,0.0,0.0,0.0,0.0,0.0,0.0,42.20269675925926,0.0,0.0,0.0,0.0,0.0,0.0,0.0,0.0,0.0,0,4.0,3.0,4.0,3.0,2.0,1.0,4.0,3.0,0.0
A000375,5.0,11280.0,2256.0,1.0,2.0,1.0,1.0,5.0,0.0,0.0,0.0,0.04435514170040486,1.0,120.0,1.0,950.0,0.0,0.2,0.2,0.0,42.93364583333334,0.0,1.0,4.0,0.0,0.0,1.0,0.0,0.0,0.0,1,3.0,2.0,5.5,9.0,2.0,1.0,5.0,4.0,1.0
A000376,1.0,740.0,740.0,1.0,1.0,1.0,1.0,1.0,0.0,0.0,0.0,0.0,0.0,0.0,0.0,0.0,0.0,0.0,0.0,0.0,33.87097222222222,0.0,0.0,1.0,0.0,0.0,0.0,0.0,0.0,0.0,1,1.0,0.0,7.0,6.0,3.0,2.0,3.0,2.0,0.0
A000377,2.0,8320.0,4160.0,1.0,1.0,1.0,1.0,2.0,0.0,0.0,0.0,0.0,1.0,48.0,1.0,3920.0,0.0,0.5,0.5,0.0,31.174675925925925,0.0,0.0,2.0,0.0,0.0,1.0,0.5,0.0,0.0,2,10.0,9.0,1.0,0.0,3.0,2.0,2.0,1.0,3.0
A000378,3.0,19860.0,6620.0,2.0,1.0,1.0,1.0,3.0,0.0,0.0,0.0,0.0,0.0,0.0,0.0,0.0,0.0,0.0,0.0,0.0,32.19892361111111,0.0,0.0,2.0,0.0,0.0,0.0,0.0,0.0,0.0,0,1.5,1.0,1.0,0.0,3.0,2.0,2.0,1.0,0.0
A000379,3.0,23040.0,7680.0,1.0,1.0,1.0,2.0,3.0,0.0,0.0,0.0,0.04600144927536232,0.0,0.0,0.0,0.0,0.0,0.0,0.0,0.0,48.314861111111114,0.0,0.0,2.0,0.0,0.0,0.0,0.0,0.0,0.0,1,4.0,3.0,18.0,17.0,10.0,9.0,4.5,7.0,3.0
A000380,3.0,28910.0,9636.666666666666,1.0,1.0,1.0,2.0,3.0,0.0,0.0,0.0,0.0,0.0,0.0,0.0,0.0,0.0,0.0,0.0,0.0,24.445613425925927,0.0,2.0,3.0,0.0,0.0,0.0,0.0,0.0,0.0,2,1.0,0.0,9.0,8.0,1.0,0.0,2.0,2.0,0.0
A000381,2.0,6880.0,3440.0,1.0,1.0,1.0,2.0,2.0,0.0,0.0,0.0,0.0,0.0,0.0,0.0,0.0,0.0,0.0,0.0,0.0,40.18476851851852,0.0,0.0,1.0,0.0,0.0,0.0,0.0,0.0,0.0,3,6.0,5.0,6.0,5.0,7.0,6.0,1.5,1.0,1.0
A000382,1.0,4930.0,4930.0,1.0,1.0,1.0,1.0,0.0,1.0,0.0,0.0,0.0,0.0,0.0,0.0,0.0,0.0,0.0,0.0,0.0,34.59090277777778,0.0,0.0,1.0,0.0,0.0,0.0,0.0,0.0,0.0,7,2.0,1.0,3.0,2.0,2.0,1.0,2.0,1.0,1.0
A000383,3.0,20510.0,6836.666666666667,2.0,2.0,1.0,1.0,3.0,0.0,0.0,0.0,0.0,0.0,0.0,0.0,0.0,0.0,0.0,0.0,0.0,27.709791666666668,0.0,1.0,3.0,0.0,0.0,0.0,0.0,0.0,0.0,1,3.5,5.0,7.5,13.0,3.0,2.0,4.0,3.0,0.0
A000384,4.0,10700.0,2675.0,1.0,1.0,1.0,2.0,4.0,0.0,0.0,0.0,0.04876677302996671,0.0,0.0,0.0,0.0,0.0,0.0,0.0,0.0,37.50491898148148,0.0,0.0,3.0,0.0,0.0,0.0,0.0,0.0,0.0,3,2.0,1.0,8.0,7.0,1.0,0.0,3.5,5.0,0.0
A000385,1.0,880.0,880.0,1.0,1.0,1.0,1.0,0.0,0.0,1.0,0.0,0.0,0.0,0.0,0.0,0.0,0.0,0.0,0.0,0.0,23.622974537037038,1.0,1.0,1.0,0.0,0.0,0.0,0.0,1.0,0.0,1,1.0,0.0,4.0,3.0,1.0,0.0,1.0,0.0,0.0
A000386,0.0,0.0,0.0,0.0,0.0,0.0,0.0,0.0,0.0,0.0,0.0,0.0,0.0,0.0,0.0,0.0,0.0,0.0,0.0,0.0,38.85768518518518,0.0,0.0,0.0,0.0,0.0,0.0,0.0,0.0,0.0,4,0.0,0.0,0.0,0.0,0.0,0.0,0.0,0.0,0.0
A000387,2.0,4740.0,2370.0,2.0,2.0,1.0,1.0,2.0,0.0,0.0,0.0,0.0742827380952381,0.0,0.0,0.0,0.0,0.0,0.0,0.0,0.0,40.12287037037037,0.0,0.0,1.0,0.0,0.0,0.0,0.0,0.0,0.0,0,6.0,10.0,4.0,6.0,4.0,3.0,1.0,0.0,2.0
A000388,0.0,0.0,0.0,0.0,0.0,0.0,0.0,0.0,0.0,0.0,0.0,0.0,0.0,0.0,0.0,0.0,0.0,0.0,0.0,0.0,35.007152777777776,0.0,0.0,0.0,0.0,0.0,0.0,0.0,0.0,0.0,4,0.0,0.0,0.0,0.0,0.0,0.0,0.0,0.0,0.0
A000389,2.0,13560.0,6780.0,1.0,1.0,1.0,1.0,2.0,0.0,0.0,0.0,0.04135897435897436,0.0,0.0,0.0,0.0,0.0,0.0,0.0,0.0,46.95559027777778,0.0,0.0,2.0,0.0,0.0,0.0,0.0,0.0,0.0,2,1.0,0.0,8.0,7.0,3.0,2.0,4.0,3.0,0.0
A000390,1.0,1670.0,1670.0,1.0,1.0,1.0,1.0,1.0,0.0,0.0,0.0,0.0,0.0,0.0,0.0,0.0,0.0,0.0,0.0,0.0,31.75958333333333,0.0,0.0,0.0,0.0,0.0,0.0,0.0,0.0,0.0,2,1.0,0.0,10.0,9.0,7.0,6.0,4.0,3.0,0.0
A000391,2.0,2180.0,1090.0,1.0,2.0,1.0,1.0,0.0,1.0,1.0,0.0,0.0,0.0,0.0,0.0,0.0,0.0,0.0,0.0,0.0,31.705868055555555,0.0,1.0,2.0,0.0,0.0,0.0,0.0,0.0,0.0,3,1.0,0.0,3.0,4.0,1.0,0.0,1.0,0.0,0.0
A000392,2.0,3050.0,1525.0,1.0,1.0,1.0,1.0,2.0,0.0,0.0,0.0,0.0,0.0,0.0,0.0,0.0,0.0,0.0,0.0,0.0,40.822430555555556,0.0,0.0,1.0,0.0,0.0,0.0,0.0,0.0,0.0,8,2.0,1.0,20.0,19.0,3.0,2.0,4.0,3.0,0.0
A000393,1.0,1900.0,1900.0,1.0,1.0,1.0,1.0,1.0,0.0,0.0,0.0,0.0,0.0,0.0,0.0,0.0,0.0,0.0,0.0,0.0,44.443518518518516,0.0,1.0,1.0,0.0,0.0,0.0,0.0,0.0,0.0,1,3.0,2.0,7.0,6.0,3.0,2.0,2.0,1.0,0.0
A000394,3.0,3140.0,1046.6666666666667,2.0,1.0,1.0,1.0,3.0,0.0,0.0,0.0,0.0,0.0,0.0,0.0,0.0,0.0,0.0,0.0,0.0,29.96679398148148,0.0,1.0,3.0,0.0,0.0,0.0,0.0,0.0,0.0,1,1.5,1.0,4.0,3.0,3.0,2.0,1.0,0.0,0.0
A000395,1.0,3890.0,3890.0,1.0,1.0,1.0,1.0,1.0,0.0,0.0,0.0,0.0,0.0,0.0,0.0,0.0,0.0,0.0,0.0,0.0,37.00199074074074,0.0,0.0,1.0,0.0,0.0,0.0,0.0,0.0,0.0,2,2.0,1.0,2.0,1.0,2.0,1.0,4.0,3.0,1.0
A000396,3.0,5210.0,1736.6666666666667,2.0,1.0,1.0,1.0,3.0,0.0,0.0,0.0,0.023385572139303482,0.0,0.0,0.0,0.0,0.0,0.0,0.0,0.0,33.57079861111111,0.0,2.0,3.0,0.0,0.0,0.0,0.0,0.0,0.0,3,1.5,1.0,3.0,2.0,2.0,1.0,2.0,1.0,0.0
A000397,2.0,5870.0,2935.0,1.0,1.0,1.0,2.0,2.0,0.0,0.0,0.0,0.0,0.0,0.0,0.0,0.0,0.0,0.0,0.0,0.0,49.78788194444444,0.0,0.0,2.0,0.0,0.0,0.0,0.0,0.0,0.0,3,11.0,10.0,15.0,14.0,8.0,7.0,12.0,21.0,1.0
A000398,1.0,2050.0,2050.0,1.0,1.0,1.0,1.0,1.0,0.0,0.0,0.0,0.0,0.0,0.0,0.0,0.0,0.0,0.0,0.0,0.0,34.751041666666666,0.0,1.0,1.0,0.0,0.0,0.0,0.0,0.0,0.0,2,3.0,2.0,3.0,2.0,1.0,0.0,3.0,2.0,0.0
A000399,2.0,4260.0,2130.0,1.0,2.0,1.0,1.0,2.0,0.0,0.0,0.0,0.0,0.0,0.0,0.0,0.0,0.0,0.0,0.0,0.0,31.620671296296297,0.0,0.0,2.0,0.0,0.0,0.0,0.0,0.0,0.0,5,2.0,1.0,6.0,10.0,7.0,6.0,4.0,3.0,1.0
A000400,1.0,410.0,410.0,1.0,1.0,1.0,1.0,1.0,0.0,0.0,0.0,0.0,0.0,0.0,0.0,0.0,0.0,0.0,0.0,0.0,24.508368055555554,0.0,1.0,1.0,0.0,0.0,0.0,0.0,0.0,0.0,5,5.0,4.0,1.0,0.0,1.0,0.0,1.0,0.0,0.0
A000401,1.0,18340.0,18340.0,1.0,1.0,1.0,1.0,1.0,0.0,0.0,0.0,0.0,0.0,0.0,0.0,0.0,0.0,0.0,0.0,0.0,36.15232638888889,0.0,0.0,1.0,0.0,0.0,0.0,0.0,0.0,0.0,4,1.0,0.0,2.0,1.0,3.0,2.0,1.0,0.0,0.0
A000402,0.0,0.0,0.0,0.0,0.0,0.0,0.0,0.0,0.0,0.0,0.0,0.0,0.0,0.0,0.0,0.0,0.0,0.0,0.0,0.0,35.06270833333333,0.0,0.0,0.0,0.0,0.0,0.0,0.0,0.0,0.0,5,0.0,0.0,0.0,0.0,0.0,0.0,0.0,0.0,0.0
A000403,3.0,6880.0,2293.3333333333335,1.0,1.0,1.0,1.0,2.0,1.0,0.0,0.0,0.05886061111111111,1.0,96.0,1.0,2080.0,0.0,0.5,0.3333333333333333,0.0,29.099814814814813,0.0,0.0,3.0,0.0,1.0,1.0,0.3333333333333333,0.0,0.0,4,5.0,4.0,1.0,0.0,1.0,0.0,2.0,1.0,0.0
A000404,1.0,3560.0,3560.0,1.0,1.0,1.0,1.0,0.0,0.0,1.0,1.0,0.21019101123595504,0.0,0.0,0.0,0.0,0.0,0.0,0.0,0.0,36.63861111111111,0.0,0.0,1.0,0.0,0.0,0.0,0.0,0.0,0.0,3,2.0,1.0,4.0,3.0,2.0,1.0,3.0,2.0,0.0
A000405,0.0,0.0,0.0,0.0,0.0,0.0,0.0,0.0,0.0,0.0,0.0,0.0,0.0,0.0,0.0,0.0,0.0,0.0,0.0,0.0,24.86275462962963,0.0,0.0,0.0,0.0,0.0,0.0,0.0,0.0,0.0,2,0.0,0.0,0.0,0.0,0.0,0.0,0.0,0.0,0.0
A000406,0.0,0.0,0.0,0.0,0.0,0.0,0.0,0.0,0.0,0.0,0.0,0.0,0.0,0.0,0.0,0.0,0.0,0.0,0.0,0.0,26.53263888888889,0.0,0.0,0.0,0.0,0.0,0.0,0.0,0.0,0.0,2,0.0,0.0,0.0,0.0,0.0,0.0,0.0,0.0,0.0
A000407,1.0,660.0,660.0,1.0,1.0,1.0,1.0,1.0,0.0,0.0,0.0,0.09139393939393939,0.0,0.0,0.0,0.0,0.0,0.0,0.0,0.0,37.237430555555555,0.0,0.0,1.0,0.0,0.0,0.0,0.0,0.0,0.0,2,5.0,4.0,7.0,6.0,1.0,0.0,3.0,2.0,0.0
A000408,1.0,2970.0,2970.0,1.0,1.0,1.0,1.0,1.0,0.0,0.0,0.0,0.0,0.0,0.0,0.0,0.0,0.0,0.0,0.0,0.0,37.91152777777778,0.0,0.0,0.0,0.0,0.0,0.0,0.0,0.0,0.0,2,2.0,1.0,5.0,4.0,4.0,3.0,2.0,1.0,0.0
A000409,1.0,6460.0,6460.0,1.0,1.0,1.0,1.0,0.0,1.0,0.0,0.0,0.13388854489164087,0.0,0.0,0.0,0.0,0.0,0.0,0.0,0.0,21.875358796296297,0.0,1.0,1.0,0.0,0.0,0.0,0.0,0.0,0.0,3,5.0,4.0,2.0,1.0,1.0,0.0,1.0,0.0,0.0
A000410,6.0,13810.0,2301.6666666666665,1.0,2.0,1.0,2.0,5.0,0.0,1.0,0.0,0.0,0.0,0.0,0.0,0.0,0.0,0.0,0.0,0.0,26.17736111111111,1.0,2.0,6.0,0.0,0.0,0.0,0.0,1.0,0.0,2,2.0,1.0,2.0,2.0,2.0,1.0,4.5,7.0,1.0
A000411,2.0,6280.0,3140.0,1.0,2.0,1.0,1.0,1.0,0.0,1.0,0.0,0.03546498054474708,0.0,0.0,0.0,0.0,0.0,0.0,0.0,0.0,28.721145833333335,0.0,1.0,2.0,0.0,0.0,0.0,0.0,0.0,0.0,4,3.0,2.0,3.5,5.0,1.0,0.0,2.0,1.0,1.0
A000412,1.0,930.0,930.0,1.0,1.0,1.0,1.0,0.0,0.0,1.0,0.0,0.0,0.0,0.0,0.0,0.0,0.0,0.0,0.0,0.0,49.86334490740741,0.0,0.0,0.0,0.0,0.0,0.0,0.0,0.0,0.0,3,11.0,10.0,18.0,17.0,10.0,9.0,16.0,15.0,0.0
A000413,0.0,0.0,0.0,0.0,0.0,0.0,0.0,0.0,0.0,0.0,0.0,0.0,0.0,0.0,0.0,0.0,0.0,0.0,0.0,0.0,46.40777777777778,0.0,0.0,0.0,0.0,0.0,0.0,0.0,0.0,0.0,2,0.0,0.0,0.0,0.0,0.0,0.0,0.0,0.0,0.0
A000414,1.0,3920.0,3920.0,1.0,1.0,1.0,1.0,1.0,0.0,0.0,0.0,0.0,0.0,0.0,0.0,0.0,0.0,0.0,0.0,0.0,22.065601851851852,0.0,1.0,1.0,0.0,0.0,0.0,0.0,0.0,0.0,6,2.0,1.0,2.0,1.0,1.0,0.0,1.0,0.0,1.0
A000415,0.0,0.0,0.0,0.0,0.0,0.0,0.0,0.0,0.0,0.0,0.0,0.0,0.0,0.0,0.0,0.0,0.0,0.0,0.0,0.0,35.7987037037037,0.0,0.0,0.0,0.0,0.0,0.0,0.0,0.0,0.0,3,0.0,0.0,0.0,0.0,0.0,0.0,0.0,0.0,0.0
A000416,4.0,8490.0,2122.5,2.0,1.0,1.0,1.0,3.0,0.0,1.0,0.0,0.060028892915595045,0.0,0.0,0.0,0.0,0.0,0.0,0.0,0.0,40.567453703703706,0.0,0.0,4.0,0.0,0.0,0.0,0.0,0.0,0.0,3,2.0,2.0,18.0,17.0,3.0,2.0,4.0,3.0,1.0
A000417,0.0,0.0,0.0,0.0,0.0,0.0,0.0,0.0,0.0,0.0,0.0,0.0,0.0,0.0,0.0,0.0,0.0,0.0,0.0,0.0,21.64040509259259,0.0,0.0,0.0,0.0,0.0,0.0,0.0,0.0,0.0,1,0.0,0.0,0.0,0.0,0.0,0.0,0.0,0.0,0.0
A000418,1.0,3250.0,3250.0,1.0,1.0,1.0,1.0,1.0,0.0,0.0,0.0,0.0,0.0,0.0,0.0,0.0,0.0,0.0,0.0,0.0,31.154722222222222,0.0,1.0,1.0,0.0,0.0,0.0,0.0,0.0,0.0,2,3.0,2.0,1.0,0.0,1.0,0.0,1.0,0.0,0.0
A000419,4.0,11660.0,2915.0,2.0,1.0,1.0,1.0,4.0,0.0,0.0,0.0,0.0,0.0,0.0,0.0,0.0,0.0,0.0,0.0,0.0,47.54024305555556,0.0,0.0,1.0,0.0,0.0,0.0,0.0,0.0,0.0,3,8.0,14.0,6.0,5.0,8.0,7.0,5.0,4.0,1.0
A000420,0.0,0.0,0.0,0.0,0.0,0.0,0.0,0.0,0.0,0.0,0.0,0.0,0.0,0.0,0.0,0.0,0.0,0.0,0.0,0.0,42.283171296296295,0.0,0.0,0.0,0.0,0.0,0.0,0.0,0.0,0.0,3,0.0,0.0,0.0,0.0,0.0,0.0,0.0,0.0,0.0
A000421,1.0,1080.0,1080.0,1.0,1.0,1.0,1.0,0.0,1.0,0.0,0.0,0.0,0.0,0.0,0.0,0.0,0.0,0.0,0.0,0.0,23.183645833333333,0.0,0.0,1.0,0.0,0.0,0.0,0.0,0.0,0.0,4,1.0,0.0,5.0,4.0,3.0,2.0,2.0,1.0,0.0
A000422,1.0,3370.0,3370.0,1.0,1.0,1.0,1.0,1.0,0.0,0.0,0.0,0.07679525222551929,0.0,0.0,0.0,0.0,0.0,0.0,0.0,0.0,48.403449074074075,0.0,0.0,0.0,0.0,0.0,0.0,0.0,0.0,0.0,2,7.0,6.0,7.0,6.0,3.0,2.0,1.0,0.0,0.0
A000423,1.0,1780.0,1780.0,1.0,1.0,1.0,1.0,1.0,0.0,0.0,0.0,0.0,0.0,0.0,0.0,0.0,0.0,0.0,0.0,0.0,39.191631944444445,0.0,0.0,1.0,0.0,0.0,0.0,0.0,0.0,0.0,2,4.0,3.0,18.0,17.0,3.0,2.0,2.0,1.0,0.0
A000424,1.0,2750.0,2750.0,1.0,1.0,1.0,1.0,1.0,0.0,0.0,0.0,0.0,0.0,0.0,0.0,0.0,0.0,0.0,0.0,0.0,22.984618055555554,0.0,1.0,1.0,0.0,0.0,0.0,0.0,0.0,0.0,4,1.0,0.0,4.0,3.0,1.0,0.0,1.0,0.0,0.0
A000425,3.0,6480.0,2160.0,2.0,1.0,1.0,1.0,2.0,0.0,1.0,0.0,0.0,0.0,0.0,0.0,0.0,0.0,0.0,0.0,0.0,30.41613425925926,0.0,1.0,3.0,0.0,0.0,0.0,0.0,0.0,0.0,4,2.5,3.0,5.0,4.0,2.0,1.0,2.0,1.0,1.0
A000426,1.0,15540.0,15540.0,1.0,1.0,1.0,1.0,1.0,0.0,0.0,0.0,0.0,0.0,0.0,0.0,0.0,0.0,0.0,0.0,0.0,49.764386574074074,0.0,1.0,1.0,0.0,0.0,0.0,0.0,0.0,0.0,4,11.0,10.0,18.0,17.0,10.0,9.0,16.0,15.0,0.0
A000427,0.0,0.0,0.0,0.0,0.0,0.0,0.0,0.0,0.0,0.0,0.0,0.0,0.0,0.0,0.0,0.0,0.0,0.0,0.0,0.0,24.901759259259258,0.0,0.0,0.0,0.0,0.0,0.0,0.0,0.0,0.0,4,0.0,0.0,0.0,0.0,0.0,0.0,0.0,0.0,0.0
A000428,0.0,0.0,0.0,0.0,0.0,0.0,0.0,0.0,0.0,0.0,0.0,0.0,0.0,0.0,0.0,0.0,0.0,0.0,0.0,0.0,38.92726851851852,0.0,0.0,0.0,0.0,0.0,0.0,0.0,0.0,0.0,1,0.0,0.0,0.0,0.0,0.0,0.0,0.0,0.0,0.0
A000429,0.0,0.0,0.0,0.0,0.0,0.0,0.0,0.0,0.0,0.0,0.0,0.0,0.0,0.0,0.0,0.0,0.0,0.0,0.0,0.0,48.58005787037037,0.0,0.0,0.0,0.0,0.0,0.0,0.0,0.0,0.0,1,0.0,0.0,0.0,0.0,0.0,0.0,0.0,0.0,0.0
A000430,1.0,2510.0,2510.0,1.0,1.0,1.0,1.0,1.0,0.0,0.0,0.0,0.0,0.0,0.0,0.0,0.0,0.0,0.0,0.0,0.0,43.2240625,0.0,0.0,0.0,0.0,0.0,0.0,0.0,0.0,0.0,3,3.0,2.0,7.0,6.0,4.0,3.0,3.0,2.0,0.0
A000431,0.0,0.0,0.0,0.0,0.0,0.0,0.0,0.0,0.0,0.0,0.0,0.0,0.0,0.0,0.0,0.0,0.0,0.0,0.0,0.0,25.114363425925927,0.0,0.0,0.0,0.0,0.0,0.0,0.0,0.0,0.0,2,0.0,0.0,0.0,0.0,0.0,0.0,0.0,0.0,0.0
A000432,5.0,11480.0,2296.0,1.0,1.0,1.0,1.0,4.0,1.0,0.0,0.0,0.021654954954954956,1.0,96.0,1.0,1760.0,0.0,0.25,0.2,0.0,42.37365740740741,0.0,0.0,4.0,0.0,0.0,1.0,0.25,0.0,0.0,2,4.0,3.0,10.0,9.0,2.0,1.0,2.0,1.0,0.0
A000433,0.0,0.0,0.0,0.0,0.0,0.0,0.0,0.0,0.0,0.0,0.0,0.0,0.0,0.0,0.0,0.0,0.0,0.0,0.0,0.0,30.358668981481483,0.0,0.0,0.0,0.0,0.0,0.0,0.0,0.0,0.0,2,0.0,0.0,0.0,0.0,0.0,0.0,0.0,0.0,0.0
A000434,1.0,2020.0,2020.0,1.0,1.0,1.0,1.0,1.0,0.0,0.0,0.0,0.0,0.0,0.0,0.0,0.0,0.0,0.0,0.0,0.0,29.705289351851853,0.0,0.0,1.0,0.0,0.0,0.0,0.0,0.0,0.0,3,2.0,1.0,2.0,1.0,3.0,2.0,3.0,2.0,0.0
A000435,1.0,2200.0,2200.0,1.0,1.0,1.0,1.0,1.0,0.0,0.0,0.0,0.0,0.0,0.0,0.0,0.0,0.0,0.0,0.0,0.0,24.02658564814815,0.0,0.0,1.0,0.0,0.0,0.0,0.0,0.0,0.0,1,2.0,1.0,3.0,2.0,2.0,1.0,1.0,0.0,0.0
A000436,5.0,12540.0,2508.0,2.0,1.0,1.0,1.0,5.0,0.0,0.0,0.0,0.0,0.0,0.0,0.0,0.0,0.0,0.0,0.0,0.0,37.964953703703706,0.0,0.0,3.0,0.0,0.0,0.0,0.0,0.0,0.0,3,3.5,5.0,4.0,3.0,2.0,1.0,1.0,0.0,2.0
A000437,0.0,0.0,0.0,0.0,0.0,0.0,0.0,0.0,0.0,0.0,0.0,0.0,0.0,0.0,0.0,0.0,0.0,0.0,0.0,0.0,25.26934027777778,0.0,0.0,0.0,0.0,0.0,0.0,0.0,0.0,0.0,6,0.0,0.0,0.0,0.0,0.0,0.0,0.0,0.0,0.0
A000438,3.0,15830.0,5276.666666666667,1.0,2.0,1.0,2.0,1.0,1.0,1.0,0.0,0.03982575757575758,0.0,0.0,0.0,0.0,0.0,0.0,0.0,0.0,23.826527777777777,0.0,1.0,3.0,0.0,0.0,0.0,0.0,0.0,0.0,2,8.0,7.0,2.5,3.0,1.0,0.0,2.0,2.0,3.0
A000439,0.0,0.0,0.0,0.0,0.0,0.0,0.0,0.0,0.0,0.0,0.0,0.0,0.0,0.0,0.0,0.0,0.0,0.0,0.0,0.0,41.33063657407408,0.0,0.0,0.0,0.0,0.0,0.0,0.0,0.0,0.0,2,0.0,0.0,0.0,0.0,0.0,0.0,0.0,0.0,0.0
A000440,1.0,4880.0,4880.0,1.0,1.0,1.0,1.0,1.0,0.0,0.0,0.0,0.0,0.0,0.0,0.0,0.0,0.0,0.0,0.0,0.0,46.677962962962965,0.0,0.0,0.0,0.0,0.0,0.0,0.0,0.0,0.0,1,6.0,5.0,8.0,7.0,4.0,3.0,5.0,4.0,0.0
A000441,1.0,5740.0,5740.0,1.0,1.0,1.0,1.0,1.0,0.0,0.0,0.0,0.0,0.0,0.0,0.0,0.0,0.0,0.0,0.0,0.0,42.030081018518516,0.0,0.0,1.0,0.0,0.0,0.0,0.0,0.0,0.0,1,4.0,3.0,4.0,3.0,1.0,0.0,8.0,7.0,2.0
A000442,7.0,18660.0,2665.714285714286,2.0,1.0,1.0,1.0,7.0,0.0,0.0,0.0,0.0,0.0,0.0,0.0,0.0,0.0,0.0,0.0,0.0,30.299641203703704,0.0,2.0,7.0,0.0,0.0,0.0,0.0,0.0,0.0,1,1.5,1.0,3.0,2.0,3.0,2.0,1.0,0.0,0.0
A000443,1.0,940.0,940.0,1.0,1.0,1.0,1.0,1.0,0.0,0.0,0.0,0.0,0.0,0.0,0.0,0.0,0.0,0.0,0.0,0.0,47.54046296296296,0.0,0.0,0.0,0.0,0.0,0.0,0.0,0.0,0.0,3,3.0,2.0,7.0,6.0,3.0,2.0,4.0,3.0,0.0
A000444,1.0,19810.0,19810.0,1.0,1.0,1.0,1.0,1.0,0.0,0.0,0.0,0.0,0.0,0.0,0.0,0.0,1.0,0.0,0.0,1.0,37.67824074074074,0.0,0.0,1.0,0.0,0.0,0.0,0.0,0.0,0.0,2,1.0,0.0,3.0,2.0,5.0,4.0,2.0,1.0,0.0
A000445,1.0,2240.0,2240.0,1.0,1.0,1.0,1.0,1.0,0.0,0.0,0.0,0.0,1.0,48.0,1.0,2240.0,0.0,1.0,1.0,0.0,26.584479166666668,0.0,0.0,1.0,0.0,0.0,1.0,1.0,0.0,0.0,1,2.0,1.0,3.0,2.0,1.0,0.0,2.0,1.0,0.0
A000446,3.0,28760.0,9586.666666666666,1.0,2.0,1.0,1.0,1.0,1.0,1.0,0.0,0.0,0.0,0.0,0.0,0.0,0.0,0.0,0.0,0.0,27.516655092592593,0.0,1.0,3.0,0.0,0.0,0.0,0.0,0.0,0.0,2,2.0,1.0,6.0,10.0,4.0,3.0,1.0,0.0,1.0
A000447,1.0,3890.0,3890.0,1.0,1.0,1.0,1.0,1.0,0.0,0.0,0.0,0.0,0.0,0.0,0.0,0.0,0.0,0.0,0.0,0.0,38.1696875,0.0,0.0,0.0,0.0,0.0,0.0,0.0,0.0,0.0,4,1.0,0.0,5.0,4.0,3.0,2.0,1.0,0.0,0.0
A000448,2.0,19370.0,9685.0,1.0,2.0,1.0,1.0,2.0,0.0,0.0,0.0,0.0,0.0,0.0,0.0,0.0,0.0,0.0,0.0,0.0,44.585972222222225,0.0,0.0,1.0,0.0,0.0,0.0,0.0,0.0,0.0,1,5.0,4.0,5.5,9.0,9.0,8.0,3.0,2.0,0.0
A000449,0.0,0.0,0.0,0.0,0.0,0.0,0.0,0.0,0.0,0.0,0.0,0.0,0.0,0.0,0.0,0.0,0.0,0.0,0.0,0.0,21.070173611111112,0.0,0.0,0.0,0.0,0.0,0.0,0.0,0.0,0.0,2,0.0,0.0,0.0,0.0,0.0,0.0,0.0,0.0,0.0
A000450,4.0,26590.0,6647.5,2.0,1.0,1.0,1.0,4.0,0.0,0.0,0.0,0.0,0.0,0.0,0.0,0.0,0.0,0.0,0.0,0.0,48.25158564814815,0.0,2.0,4.0,0.0,0.0,0.0,0.0,0.0,0.0,3,3.0,4.0,15.0,14.0,3.0,2.0,8.0,7.0,1.0
A000451,2.0,6230.0,3115.0,1.0,1.0,1.0,1.0,2.0,0.0,0.0,0.0,0.03761060606060606,0.0,0.0,0.0,0.0,0.0,0.0,0.0,0.0,38.62129629629629,0.0,1.0,2.0,0.0,0.0,0.0,0.0,0.0,0.0,5,1.0,0.0,5.0,4.0,6.0,5.0,5.0,4.0,0.0
A000452,0.0,0.0,0.0,0.0,0.0,0.0,0.0,0.0,0.0,0.0,0.0,0.0,0.0,0.0,0.0,0.0,0.0,0.0,0.0,0.0,40.02207175925926,0.0,0.0,0.0,0.0,0.0,0.0,0.0,0.0,0.0,3,0.0,0.0,0.0,0.0,0.0,0.0,0.0,0.0,0.0
A000453,1.0,1370.0,1370.0,1.0,1.0,1.0,1.0,1.0,0.0,0.0,0.0,0.0,0.0,0.0,0.0,0.0,0.0,0.0,0.0,0.0,46.103368055555556,0.0,0.0,1.0,0.0,0.0,0.0,0.0,0.0,0.0,2,3.0,2.0,10.0,9.0,2.0,1.0,3.0,2.0,1.0
A000454,1.0,2980.0,2980.0,1.0,1.0,1.0,1.0,1.0,0.0,0.0,0.0,0.14488590604026846,0.0,0.0,0.0,0.0,0.0,0.0,0.0,0.0,39.824814814814815,0.0,0.0,1.0,0.0,0.0,0.0,0.0,0.0,0.0,1,4.0,3.0,3.0,2.0,7.0,6.0,2.0,1.0,0.0
A000455,2.0,17020.0,8510.0,1.0,2.0,1.0,1.0,2.0,0.0,0.0,0.0,0.02820954356846473,0.0,0.0,0.0,0.0,0.0,0.0,0.0,0.0,44.14261574074074,0.0,0.0,2.0,0.0,0.0,0.0,0.0,0.0,0.0,4,4.0,3.0,7.0,12.0,3.0,2.0,4.0,3.0,2.0
A000456,0.0,0.0,0.0,0.0,0.0,0.0,0.0,0.0,0.0,0.0,0.0,0.0,0.0,0.0,0.0,0.0,0.0,0.0,0.0,0.0,22.06880787037037,0.0,0.0,0.0,0.0,0.0,0.0,0.0,0.0,0.0,6,0.0,0.0,0.0,0.0,0.0,0.0,0.0,0.0,0.0
A000457,5.0,10970.0,2194.0,2.0,1.0,1.0,1.0,4.0,0.0,1.0,0.0,0.0,0.0,0.0,0.0,0.0,0.0,0.0,0.0,0.0,31.598333333333333,0.0,2.0,5.0,0.0,0.0,0.0,0.0,0.0,0.0,6,3.0,4.0,10.0,9.0,4.0,3.0,2.0,1.0,1.0
A000458,1.0,4460.0,4460.0,1.0,1.0,1.0,1.0,0.0,0.0,1.0,0.0,0.0,0.0,0.0,0.0,0.0,0.0,0.0,0.0,0.0,24.265555555555554,0.0,0.0,1.0,0.0,0.0,0.0,0.0,0.0,0.0,1,1.0,0.0,1.0,0.0,1.0,0.0,1.0,0.0,0.0
A000459,0.0,0.0,0.0,0.0,0.0,0.0,0.0,0.0,0.0,0.0,0.0,0.0,0.0,0.0,0.0,0.0,0.0,0.0,0.0,0.0,22.18292824074074,0.0,0.0,0.0,0.0,0.0,0.0,0.0,0.0,0.0,4,0.0,0.0,0.0,0.0,0.0,0.0,0.0,0.0,0.0
A000460,2.0,21500.0,10750.0,1.0,1.0,1.0,1.0,2.0,0.0,0.0,0.0,0.035890740740740744,0.0,0.0,0.0,0.0,0.0,0.0,0.0,0.0,21.56519675925926,0.0,0.0,2.0,0.0,0.0,0.0,0.0,0.0,0.0,1,1.0,0.0,3.0,2.0,3.0,2.0,2.0,1.0,0.0
A000461,3.0,10100.0,3366.6666666666665,1.0,1.0,1.0,2.0,2.0,0.0,1.0,0.0,0.01855105105105105,0.0,0.0,0.0,0.0,0.0,0.0,0.0,0.0,41.74832175925926,0.0,0.0,2.0,0.0,0.0,0.0,0.0,0.0,0.0,0,3.0,2.0,8.0,7.0,3.0,2.0,6.0,10.0,0.0
A000462,2.0,5390.0,2695.0,2.0,2.0,1.0,1.0,0.0,1.0,1.0,0.0,0.0,0.0,0.0,0.0,0.0,0.0,0.0,0.0,0.0,33.74638888888889,0.0,1.0,2.0,0.0,0.0,0.0,0.0,0.0,0.0,3,1.5,1.0,3.0,4.0,2.0,1.0,2.0,1.0,0.0
A000463,3.0,12990.0,4330.0,1.0,2.0,1.0,1.0,2.0,1.0,0.0,0.0,0.03208176100628931,0.0,0.0,0.0,0.0,0.0,0.0,0.0,0.0,40.56505787037037,0.0,0.0,2.0,0.0,0.0,0.0,0.0,0.0,0.0,3,4.0,3.0,5.5,9.0,1.0,0.0,2.0,1.0,2.0
A000464,0.0,0.0,0.0,0.0,0.0,0.0,0.0,0.0,0.0,0.0,0.0,0.0,0.0,0.0,0.0,0.0,0.0,0.0,0.0,0.0,21.464212962962964,0.0,0.0,0.0,0.0,0.0,0.0,0.0,0.0,0.0,1,0.0,0.0,0.0,0.0,0.0,0.0,0.0,0.0,0.0
A000465,3.0,21610.0,7203.333333333333,2.0,1.0,1.0,2.0,2.0,0.0,1.0,0.0,0.0,0.0,0.0,0.0,0.0,0.0,0.0,0.0,0.0,28.47277777777778,1.0,1.0,3.0,0.0,0.0,0.0,0.0,1.0,0.0,1,2.5,3.0,11.0,10.0,2.0,1.0,2.0,2.0,1.0
A000466,1.0,540.0,540.0,1.0,1.0,1.0,1.0,1.0,0.0,0.0,0.0,0.0,0.0,0.0,0.0,0.0,0.0,0.0,0.0,0.0,49.27469907407407,0.0,0.0,1.0,0.0,0.0,0.0,0.0,0.0,0.0,2,5.0,4.0,7.0,6.0,7.0,6.0,8.0,7.0,0.0
A000467,4.0,18180.0,4545.0,2.0,1.0,1.0,1.0,3.0,0.0,1.0,0.0,0.0,0.0,0.0,0.0,0.0,0.0,0.0,0.0,0.0,41.317881944444444,1.0,2.0,3.0,0.0,0.0,0.0,0.0,1.0,0.0,2,2.0,2.0,7.0,6.0,1.0,0.0,1.0,0.0,0.0
A000468,3.0,7670.0,2556.6666666666665,1.0,1.0,1.0,1.0,3.0,0.0,0.0,0.3333333333333333,0.09917269076305223,0.0,0.0,0.0,0.0,0.0,0.0,0.0,0.0,44.855752314814815,0.0,0.0,1.0,0.0,0.0,0.0,0.0,0.0,0.0,3,4.0,3.0,8.0,7.0,2.0,1.0,2.0,1.0,0.0
A000469,0.0,0.0,0.0,0.0,0.0,0.0,0.0,0.0,0.0,0.0,0.0,0.0,0.0,0.0,0.0,0.0,0.0,0.0,0.0,0.0,45.49219907407407,0.0,0.0,0.0,0.0,0.0,0.0,0.0,0.0,0.0,3,0.0,0.0,0.0,0.0,0.0,0.0,0.0,0.0,0.0
A000470,4.0,16900.0,4225.0,1.0,1.0,1.0,2.0,4.0,0.0,0.0,0.0,0.0,0.0,0.0,0.0,0.0,0.0,0.0,0.0,0.0,48.24181712962963,0.0,0.0,1.0,0.0,0.0,0.0,0.0,0.0,0.0,3,7.0,6.0,7.0,6.0,7.0,6.0,10.0,18.0,1.0
A000471,1.0,3520.0,3520.0,1.0,1.0,1.0,1.0,0.0,1.0,0.0,0.0,0.0,0.0,0.0,0.0,0.0,0.0,0.0,0.0,0.0,33.71680555555555,0.0,0.0,1.0,0.0,0.0,0.0,0.0,0.0,0.0,1,1.0,0.0,3.0,2.0,2.0,1.0,1.0,0.0,0.0
A000472,2.0,8550.0,4275.0,1.0,1.0,1.0,1.0,1.0,0.0,1.0,0.0,0.0,0.0,0.0,0.0,0.0,0.0,0.0,0.0,0.0,31.58767361111111,0.0,0.0,2.0,0.0,0.0,0.0,0.0,0.0,0.0,7,4.0,3.0,7.0,6.0,4.0,3.0,1.0,0.0,1.0
A000473,2.0,4170.0,2085.0,1.0,1.0,1.0,2.0,2.0,0.0,0.0,0.0,0.027314285714285715,0.0,0.0,0.0,0.0,0.0,0.0,0.0,0.0,37.28679398148148,0.0,0.0,2.0,0.0,0.0,0.0,0.0,0.0,0.0,1,1.0,0.0,5.0,4.0,2.0,1.0,6.0,10.0,0.0
A000474,2.0,3130.0,1565.0,2.0,1.0,1.0,1.0,1.0,0.0,1.0,0.0,0.0,0.0,0.0,0.0,0.0,0.0,0.0,0.0,0.0,32.91837962962963,0.0,0.0,2.0,0.0,0.0,0.0,0.0,0.0,0.0,4,3.0,4.0,20.0,19.0,2.0,1.0,3.0,2.0,0.0
A000475,3.0,27840.0,9280.0,2.0,2.0,1.0,1.0,3.0,0.0,0.0,0.0,0.0,0.0,0.0,0.0,0.0,0.0,0.0,0.0,0.0,30.436666666666667,0.0,1.0,3.0,0.0,0.0,0.0,0.0,0.0,0.0,7,2.5,3.0,4.5,7.0,9.0,8.0,1.0,0.0,0.0
A000476,0.0,0.0,0.0,0.0,0.0,0.0,0.0,0.0,0.0,0.0,0.0,0.0,0.0,0.0,0.0,0.0,0.0,0.0,0.0,0.0,42.25675925925926,0.0,0.0,0.0,0.0,0.0,0.0,0.0,0.0,0.0,2,0.0,0.0,0.0,0.0,0.0,0.0,0.0,0.0,0.0
A000477,4.0,13520.0,3380.0,2.0,1.0,1.0,2.0,4.0,0.0,0.0,0.25,0.10474671462936565,0.0,0.0,0.0,0.0,0.0,0.0,0.0,0.0,27.159895833333334,0.0,1.0,4.0,0.0,0.0,0.0,0.0,0.0,0.0,1,3.0,4.0,1.0,0.0,2.0,1.0,1.5,1.0,0.0
A000478,0.0,0.0,0.0,0.0,0.0,0.0,0.0,0.0,0.0,0.0,0.0,0.0,0.0,0.0,0.0,0.0,0.0,0.0,0.0,0.0,40.73596064814815,0.0,0.0,0.0,0.0,0.0,0.0,0.0,0.0,0.0,4,0.0,0.0,0.0,0.0,0.0,0.0,0.0,0.0,0.0
A000479,1.0,6490.0,6490.0,1.0,1.0,1.0,1.0,1.0,0.0,0.0,0.0,0.0,0.0,0.0,0.0,0.0,0.0,0.0,0.0,0.0,47.045069444444444,0.0,0.0,0.0,0.0,0.0,0.0,0.0,0.0,0.0,0,3.0,2.0,8.0,7.0,6.0,5.0,5.0,4.0,0.0
A000480,2.0,2970.0,1485.0,1.0,2.0,1.0,2.0,2.0,0.0,0.0,0.0,0.0,0.0,0.0,0.0,0.0,0.0,0.0,0.0,0.0,27.393125,0.0,0.0,2.0,0.0,0.0,0.0,0.0,0.0,0.0,4,2.0,1.0,3.5,5.0,6.0,5.0,2.0,2.0,1.0
A000481,2.0,5600.0,2800.0,1.0,2.0,1.0,1.0,2.0,0.0,0.0,0.0,0.03752989130434783,0.0,0.0,0.0,0.0,0.0,0.0,0.0,0.0,35.130775462962966,0.0,0.0,2.0,0.0,0.0,0.0,0.0,0.0,0.0,1,5.0,4.0,5.0,8.0,2.0,1.0,1.0,0.0,1.0
A000482,1.0,2410.0,2410.0,1.0,1.0,1.0,1.0,1.0,0.0,0.0,0.0,0.0,0.0,0.0,0.0,0.0,0.0,0.0,0.0,0.0,22.797314814814815,0.0,0.0,1.0,0.0,0.0,0.0,0.0,0.0,0.0,6,1.0,0.0,3.0,2.0,3.0,2.0,2.0,1.0,0.0
A000483,0.0,0.0,0.0,0.0,0.0,0.0,0.0,0.0,0.0,0.0,0.0,0.0,0.0,0.0,0.0,0.0,0.0,0.0,0.0,0.0,22.166527777777777,0.0,0.0,0.0,0.0,0.0,0.0,0.0,0.0,0.0,4,0.0,0.0,0.0,0.0,0.0,0.0,0.0,0.0,0.0
A000484,1.0,1900.0,1900.0,1.0,1.0,1.0,1.0,1.0,0.0,0.0,0.0,0.0,0.0,0.0,0.0,0.0,0.0,0.0,0.0,0.0,48.5137962962963,0.0,0.0,1.0,0.0,0.0,0.0,0.0,0.0,0.0,5,6.0,5.0,10.0,9.0,4.0,3.0,5.0,4.0,2.0
A000485,1.0,1530.0,1530.0,1.0,1.0,1.0,1.0,1.0,0.0,0.0,0.0,0.0,0.0,0.0,0.0,0.0,0.0,0.0,0.0,0.0,42.864074074074075,0.0,0.0,1.0,0.0,0.0,0.0,0.0,0.0,0.0,1,2.0,1.0,9.0,8.0,2.0,1.0,4.0,3.0,0.0
A000486,0.0,0.0,0.0,0.0,0.0,0.0,0.0,0.0,0.0,0.0,0.0,0.0,0.0,0.0,0.0,0.0,0.0,0.0,0.0,0.0,42.34848379629629,0.0,0.0,0.0,0.0,0.0,0.0,0.0,0.0,0.0,3,0.0,0.0,0.0,0.0,0.0,0.0,0.0,0.0,0.0
A000487,2.0,3250.0,1625.0,1.0,2.0,1.0,2.0,1.0,0.0,1.0,0.0,0.049690340909090906,0.0,0.0,0.0,0.0,0.0,0.0,0.0,0.0,35.03344907407408,0.0,0.0,2.0,0.0,0.0,0.0,0.0,0.0,0.0,5,2.0,1.0,5.5,9.0,3.0,2.0,1.5,1.0,0.0
A000488,0.0,0.0,0.0,0.0,0.0,0.0,0.0,0.0,0.0,0.0,0.0,0.0,0.0,0.0,0.0,0.0,0.0,0.0,0.0,0.0,25.292407407407406,0.0,0.0,0.0,0.0,0.0,0.0,0.0,0.0,0.0,4,0.0,0.0,0.0,0.0,0.0,0.0,0.0,0.0,0.0
A000489,2.0,7220.0,3610.0,1.0,1.0,1.0,1.0,2.0,0.0,0.0,0.0,0.02878333333333333,0.0,0.0,0.0,0.0,0.0,0.0,0.0,0.0,46.76359953703704,0.0,0.0,2.0,0.0,0.0,0.0,0.0,0.0,0.0,6,1.0,0.0,5.0,4.0,3.0,2.0,2.0,1.0,0.0
A000490,1.0,6150.0,6150.0,1.0,1.0,1.0,1.0,1.0,0.0,0.0,0.0,0.0,0.0,0.0,0.0,0.0,0.0,0.0,0.0,0.0,23.964016203703704,0.0,0.0,1.0,0.0,0.0,0.0,0.0,0.0,0.0,2,1.0,0.0,3.0,2.0,3.0,2.0,3.0,2.0,0.0
A000491,0.0,0.0,0.0,0.0,0.0,0.0,0.0,0.0,0.0,0.0,0.0,0.0,0.0,0.0,0.0,0.0,0.0,0.0,0.0,0.0,29.7525,0.0,0.0,0.0,0.0,0.0,0.0,0.0,0.0,0.0,3,0.0,0.0,0.0,0.0,0.0,0.0,0.0,0.0,0.0
A000492,2.0,3330.0,1665.0,1.0,1.0,1.0,1.0,1.0,0.0,1.0,0.0,0.0,0.0,0.0,0.0,0.0,0.0,0.0,0.0,0.0,35.77515046296296,0.0,1.0,2.0,0.0,0.0,0.0,0.0,0.0,0.0,3,4.0,3.0,4.0,3.0,3.0,2.0,1.0,0.0,1.0
A000493,5.0,12620.0,2524.0,1.0,1.0,1.0,1.0,5.0,0.0,0.0,0.0,0.04012891649413388,0.0,0.0,0.0,0.0,0.0,0.0,0.0,0.0,38.5703587962963,0.0,0.0,4.0,0.0,0.0,0.0,0.0,0.0,0.0,7,2.0,1.0,5.0,4.0,1.0,0.0,3.0,2.0,1.0
A000494,3.0,8500.0,2833.3333333333335,1.0,1.0,1.0,1.0,2.0,1.0,0.0,0.0,0.04544052863436123,0.0,0.0,0.0,0.0,0.0,0.0,0.0,0.0,41.59020833333334,0.0,0.0,2.0,0.0,0.0,0.0,0.0,0.0,0.0,5,3.0,2.0,4.0,3.0,4.0,3.0,4.0,3.0,1.0
A000495,0.0,0.0,0.0,0.0,0.0,0.0,0.0,0.0,0.0,0.0,0.0,0.0,0.0,0.0,0.0,0.0,0.0,0.0,0.0,0.0,46.749965277777775,0.0,0.0,0.0,0.0,0.0,0.0,0.0,0.0,0.0,5,0.0,0.0,0.0,0.0,0.0,0.0,0.0,0.0,0.0
A000496,4.0,4750.0,1187.5,1.0,2.0,1.0,2.0,3.0,1.0,0.0,0.25,0.07235454971857411,0.0,0.0,0.0,0.0,0.0,0.0,0.0,0.0,46.77827546296297,0.0,0.0,1.0,0.0,0.0,0.0,0.0,0.0,0.0,5,2.0,1.0,11.5,21.0,3.0,2.0,4.5,7.0,0.0
A000497,2.0,20140.0,10070.0,1.0,1.0,1.0,2.0,2.0,0.0,0.0,0.0,0.0,0.0,0.0,0.0,0.0,0.0,0.0,0.0,0.0,35.26314814814815,0.0,0.0,1.0,0.0,0.0,0.0,0.0,0.0,0.0,3,2.0,1.0,7.0,6.0,5.0,4.0,3.0,4.0,0.0
A000498,1.0,3310.0,3310.0,1.0,1.0,1.0,1.0,0.0,0.0,1.0,0.0,0.0,0.0,0.0,0.0,0.0,0.0,0.0,0.0,0.0,38.10609953703704,0.0,0.0,1.0,0.0,0.0,0.0,0.0,0.0,0.0,5,1.0,0.0,10.0,9.0,5.0,4.0,4.0,3.0,0.0
A000499,0.0,0.0,0.0,0.0,0.0,0.0,0.0,0.0,0.0,0.0,0.0,0.0,0.0,0.0,0.0,0.0,0.0,0.0,0.0,0.0,37.4915162037037,0.0,0.0,0.0,0.0,0.0,0.0,0.0,0.0,0.0,3,0.0,0.0,0.0,0.0,0.0,0.0,0.0,0.0,0.0
A000500,1.0,5250.0,5250.0,1.0,1.0,1.0,1.0,1.0,0.0,0.0,0.0,0.0,0.0,0.0,0.0,0.0,0.0,0.0,0.0,0.0,34.63767361111111,0.0,0.0,1.0,0.0,0.0,0.0,0.0,0.0,0.0,3,5.0,4.0,4.0,3.0,1.0,0.0,8.0,7.0,1.0
A000501,3.0,17440.0,5813.333333333333,2.0,2.0,1.0,1.0,2.0,0.0,1.0,0.0,0.09415384966795348,0.0,0.0,0.0,0.0,0.0,0.0,0.0,0.0,42.449895833333336,0.0,1.0,1.0,0.0,0.0,0.0,0.0,0.0,0.0,1,4.5,7.0,10.0,18.0,7.0,6.0,2.0,1.0,1.0
A000502,1.0,2440.0,2440.0,1.0,1.0,1.0,1.0,1.0,0.0,0.0,0.0,0.0,0.0,0.0,0.0,0.0,0.0,0.0,0.0,0.0,23.488958333333333,0.0,0.0,1.0,0.0,0.0,0.0,0.0,0.0,0.0,5,1.0,0.0,4.0,3.0,2.0,1.0,2.0,1.0,0.0
A000503,1.0,7580.0,7580.0,1.0,1.0,1.0,1.0,0.0,0.0,1.0,0.0,0.0,0.0,0.0,0.0,0.0,0.0,0.0,0.0,0.0,36.083958333333335,0.0,0.0,1.0,0.0,0.0,0.0,0.0,0.0,0.0,1,2.0,1.0,8.0,7.0,9.0,8.0,2.0,1.0,0.0
A000504,1.0,1540.0,1540.0,1.0,1.0,1.0,1.0,1.0,0.0,0.0,0.0,0.0,0.0,0.0,0.0,0.0,0.0,0.0,0.0,0.0,28.425613425925928,0.0,0.0,1.0,0.0,0.0,0.0,0.0,0.0,0.0,3,1.0,0.0,4.0,3.0,3.0,2.0,4.0,3.0,0.0
A000505,2.0,4930.0,2465.0,1.0,2.0,1.0,1.0,2.0,0.0,0.0,0.0,0.05777573529411765,0.0,0.0,0.0,0.0,0.0,0.0,0.0,0.0,40.40866898148148,0.0,0.0,1.0,0.0,0.0,0.0,0.0,0.0,0.0,2,3.0,2.0,3.5,5.0,2.0,1.0,4.0,3.0,0.0
A000506,1.0,850.0,850.0,1.0,1.0,1.0,1.0,1.0,0.0,0.0,0.0,0.0,0.0,0.0,0.0,0.0,0.0,0.0,0.0,0.0,35.65173611111111,0.0,0.0,1.0,0.0,0.0,0.0,0.0,0.0,0.0,4,1.0,0.0,20.0,19.0,5.0,4.0,1.0,0.0,0.0
A000507,1.0,1820.0,1820.0,1.0,1.0,1.0,1.0,1.0,0.0,0.0,0.0,0.0,0.0,0.0,0.0,0.0,0.0,0.0,0.0,0.0,36.637685185185184,0.0,0.0,1.0,0.0,0.0,0.0,0.0,0.0,0.0,3,3.0,2.0,20.0,19.0,1.0,0.0,2.0,1.0,1.0
A000508,1.0,1210.0,1210.0,1.0,1.0,1.0,1.0,1.0,0.0,0.0,0.0,0.0,0.0,0.0,0.0,0.0,0.0,0.0,0.0,0.0,32.495752314814816,0.0,0.0,1.0,0.0,0.0,0.0,0.0,0.0,0.0,4,6.0,5.0,3.0,2.0,7.0,6.0,2.0,1.0,1.0
A000509,4.0,19830.0,4957.5,2.0,1.0,1.0,1.0,3.0,0.0,1.0,0.0,0.0,0.0,0.0,0.0,0.0,0.0,0.0,0.0,0.0,48.626157407407405,0.0,0.0,1.0,0.0,0.0,0.0,0.0,0.0,0.0,0,10.5,19.0,15.0,14.0,8.0,7.0,2.0,1.0,5.0
A000510,2.0,10100.0,5050.0,1.0,1.0,1.0,1.0,2.0,0.0,0.0,0.0,0.0,0.0,0.0,0.0,0.0,0.0,0.0,0.0,0.0,47.39519675925926,0.0,0.0,1.0,0.0,0.0,0.0,0.0,0.0,0.0,5,4.0,3.0,10.0,9.0,11.0,10.0,16.0,15.0,0.0
A000511,3.0,21260.0,7086.666666666667,1.0,1.0,1.0,1.0,1.0,1.0,1.0,0.0,0.0,0.0,0.0,0.0,0.0,0.0,0.0,0.0,0.0,49.73146990740741,0.0,1.0,1.0,0.0,0.0,0.0,0.0,0.0,0.0,2,11.0,10.0,15.0,14.0,10.0,9.0,16.0,15.0,3.0
A000512,0.0,0.0,0.0,0.0,0.0,0.0,0.0,0.0,0.0,0.0,0.0,0.0,0.0,0.0,0.0,0.0,0.0,0.0,0.0,0.0,45.546875,0.0,0.0,0.0,0.0,0.0,0.0,0.0,0.0,0.0,6,0.0,0.0,0.0,0.0,0.0,0.0,0.0,0.0,0.0
A000513,2.0,9920.0,4960.0,1.0,1.0,1.0,1.0,2.0,0.0,0.0,0.0,0.03345986984815618,0.0,0.0,0.0,0.0,0.0,0.0,0.0,0.0,46.791747685185186,0.0,0.0,1.0,0.0,0.0,0.0,0.0,0.0,0.0,3,4.0,3.0,18.0,17.0,8.0,7.0,3.0,2.0,1.0
A000514,2.0,2370.0,1185.0,1.0,1.0,1.0,1.0,1.0,0.0,1.0,0.0,0.05802142857142857,0.0,0.0,0.0,0.0,0.0,0.0,0.0,0.0,47.42306712962963,0.0,1.0,1.0,0.0,0.0,0.0,0.0,0.0,0.0,3,1.0,0.0,13.0,12.0,7.0,6.0,3.0,2.0,0.0
A000515,0.0,0.0,0.0,0.0,0.0,0.0,0.0,0.0,0.0,0.0,0.0,0.0,0.0,0.0,0.0,0.0,0.0,0.0,0.0,0.0,33.492847222222224,0.0,0.0,0.0,0.0,0.0,0.0,0.0,0.0,0.0,3,0.0,0.0,0.0,0.0,0.0,0.0,0.0,0.0,0.0
A000516,1.0,7620.0,7620.0,1.0,1.0,1.0,1.0,1.0,0.0,0.0,0.0,0.0,0.0,0.0,0.0,0.0,0.0,0.0,0.0,0.0,35.67443287037037,0.0,0.0,1.0,0.0,0.0,0.0,0.0,0.0,0.0,4,8.0,7.0,10.0,9.0,7.0,6.0,2.0,1.0,1.0
A000517,0.0,0.0,0.0,0.0,0.0,0.0,0.0,0.0,0.0,0.0,0.0,0.0,0.0,0.0,0.0,0.0,0.0,0.0,0.0,0.0,49.8625,0.0,0.0,0.0,0.0,0.0,0.0,0.0,0.0,0.0,3,0.0,0.0,0.0,0.0,0.0,0.0,0.0,0.0,0.0
A000518,1.0,6150.0,6150.0,1.0,1.0,1.0,1.0,1.0,0.0,0.0,0.0,0.0,0.0,0.0,0.0,0.0,0.0,0.0,0.0,0.0,36.723125,0.0,0.0,1.0,0.0,0.0,0.0,0.0,0.0,0.0,4,1.0,0.0,3.0,2.0,1.0,0.0,2.0,1.0,0.0
A000519,2.0,1770.0,885.0,1.0,1.0,1.0,1.0,2.0,0.0,0.0,0.0,0.0,0.0,0.0,0.0,0.0,0.0,0.0,0.0,0.0,45.28043981481481,0.0,0.0,1.0,0.0,0.0,0.0,0.0,0.0,0.0,3,3.0,2.0,11.0,10.0,1.0,0.0,4.0,3.0,0.0
A000520,1.0,1390.0,1390.0,1.0,1.0,1.0,1.0,1.0,0.0,0.0,0.0,0.0,0.0,0.0,0.0,0.0,0.0,0.0,0.0,0.0,41.5571412037037,0.0,0.0,1.0,0.0,0.0,0.0,0.0,0.0,0.0,2,2.0,1.0,8.0,7.0,1.0,0.0,2.0,1.0,1.0
A000521,2.0,17770.0,8885.0,1.0,1.0,1.0,1.0,1.0,0.0,1.0,0.0,0.02995471877979028,0.0,0.0,0.0,0.0,0.0,0.0,0.0,0.0,42.62636574074074,1.0,1.0,1.0,0.0,0.0,0.0,0.0,1.0,0.0,2,2.0,1.0,18.0,17.0,3.0,2.0,2.0,1.0,0.0
A000522,2.0,8820.0,4410.0,1.0,1.0,1.0,1.0,2.0,0.0,0.0,0.0,0.0,0.0,0.0,0.0,0.0,0.0,0.0,0.0,0.0,21.920416666666668,0.0,0.0,2.0,0.0,0.0,0.0,0.0,0.0,0.0,2,2.0,1.0,8.0,7.0,1.0,0.0,1.0,0.0,1.0
A000523,0.0,0.0,0.0,0.0,0.0,0.0,0.0,0.0,0.0,0.0,0.0,0.0,0.0,0.0,0.0,0.0,0.0,0.0,0.0,0.0,32.50069444444444,0.0,0.0,0.0,0.0,0.0,0.0,0.0,0.0,0.0,4,0.0,0.0,0.0,0.0,0.0,0.0,0.0,0.0,0.0
A000524,2.0,6940.0,3470.0,2.0,1.0,1.0,2.0,2.0,0.0,0.0,0.0,0.0,0.0,0.0,0.0,0.0,0.0,0.0,0.0,0.0,28.709953703703704,0.0,0.0,2.0,0.0,0.0,0.0,0.0,0.0,0.0,4,2.5,3.0,2.0,1.0,2.0,1.0,1.0,0.0,0.0
A000525,2.0,4030.0,2015.0,1.0,1.0,1.0,2.0,0.0,1.0,1.0,0.0,0.0,0.0,0.0,0.0,0.0,0.0,0.0,0.0,0.0,26.41837962962963,0.0,1.0,2.0,0.0,0.0,0.0,0.0,0.0,0.0,0,3.0,2.0,4.0,3.0,3.0,2.0,3.0,4.0,0.0
A000526,1.0,5310.0,5310.0,1.0,1.0,1.0,1.0,1.0,0.0,0.0,0.0,0.0,0.0,0.0,0.0,0.0,0.0,0.0,0.0,0.0,46.723958333333336,0.0,0.0,1.0,0.0,0.0,0.0,0.0,0.0,0.0,3,5.0,4.0,9.0,8.0,4.0,3.0,3.0,2.0,1.0
A000527,1.0,2790.0,2790.0,1.0,1.0,1.0,1.0,1.0,0.0,0.0,0.0,0.11050179211469534,0.0,0.0,0.0,0.0,0.0,0.0,0.0,0.0,32.578715277777775,0.0,0.0,1.0,0.0,0.0,0.0,0.0,0.0,0.0,2,1.0,0.0,4.0,3.0,3.0,2.0,2.0,1.0,0.0
A000528,0.0,0.0,0.0,0.0,0.0,0.0,0.0,0.0,0.0,0.0,0.0,0.0,0.0,0.0,0.0,0.0,0.0,0.0,0.0,0.0,31.564375,0.0,0.0,0.0,0.0,0.0,0.0,0.0,0.0,0.0,6,0.0,0.0,0.0,0.0,0.0,0.0,0.0,0.0,0.0
A000529,2.0,6870.0,3435.0,1.0,1.0,1.0,1.0,2.0,0.0,0.0,0.0,0.0,1.0,96.0,1.0,950.0,0.0,0.5,0.5,0.0,40.78856481481481,0.0,0.0,1.0,0.0,0.0,1.0,0.0,0.0,0.0,6,4.0,3.0,7.0,6.0,4.0,3.0,3.0,2.0,1.0
A000530,1.0,3170.0,3170.0,1.0,1.0,1.0,1.0,0.0,1.0,0.0,0.0,0.0,0.0,0.0,0.0,0.0,0.0,0.0,0.0,0.0,28.659016203703704,0.0,0.0,1.0,0.0,0.0,0.0,0.0,0.0,0.0,3,3.0,2.0,4.0,3.0,6.0,5.0,2.0,1.0,0.0
A000531,1.0,7280.0,7280.0,1.0,1.0,1.0,1.0,1.0,0.0,0.0,0.0,0.1040728021978022,0.0,0.0,0.0,0.0,0.0,0.0,0.0,0.0,39.95211805555556,0.0,0.0,1.0,0.0,0.0,0.0,0.0,0.0,0.0,1,4.0,3.0,4.0,3.0,9.0,8.0,1.0,0.0,2.0
A000532,1.0,2980.0,2980.0,1.0,1.0,1.0,1.0,1.0,0.0,0.0,0.0,0.0,0.0,0.0,0.0,0.0,0.0,0.0,0.0,0.0,30.88445601851852,0.0,0.0,0.0,0.0,0.0,0.0,0.0,0.0,0.0,1,3.0,2.0,3.0,2.0,1.0,0.0,2.0,1.0,0.0
A000533,0.0,0.0,0.0,0.0,0.0,0.0,0.0,0.0,0.0,0.0,0.0,0.0,0.0,0.0,0.0,0.0,0.0,0.0,0.0,0.0,28.969675925925927,0.0,0.0,0.0,0.0,0.0,0.0,0.0,0.0,0.0,3,0.0,0.0,0.0,0.0,0.0,0.0,0.0,0.0,0.0
A000534,0.0,0.0,0.0,0.0,0.0,0.0,0.0,0.0,0.0,0.0,0.0,0.0,0.0,0.0,0.0,0.0,0.0,0.0,0.0,0.0,26.04744212962963,0.0,0.0,0.0,0.0,0.0,0.0,0.0,0.0,0.0,6,0.0,0.0,0.0,0.0,0.0,0.0,0.0,0.0,0.0
A000535,0.0,0.0,0.0,0.0,0.0,0.0,0.0,0.0,0.0,0.0,0.0,0.0,0.0,0.0,0.0,0.0,0.0,0.0,0.0,0.0,40.80255787037037,0.0,0.0,0.0,0.0,0.0,0.0,0.0,0.0,0.0,8,0.0,0.0,0.0,0.0,0.0,0.0,0.0,0.0,0.0
A000536,2.0,7130.0,3565.0,1.0,2.0,1.0,1.0,1.0,1.0,0.0,0.0,0.0,0.0,0.0,0.0,0.0,0.0,0.0,0.0,0.0,43.14787037037037,0.0,0.0,0.0,0.0,0.0,0.0,0.0,0.0,0.0,4,2.0,1.0,9.0,15.0,1.0,0.0,3.0,2.0,0.0
A000537,1.0,1550.0,1550.0,1.0,1.0,1.0,1.0,1.0,0.0,0.0,0.0,0.0,0.0,0.0,0.0,0.0,0.0,0.0,0.0,0.0,46.34524305555556,0.0,0.0,1.0,0.0,0.0,0.0,0.0,0.0,0.0,2,4.0,3.0,15.0,14.0,6.0,5.0,4.0,3.0,0.0
A000538,1.0,4660.0,4660.0,1.0,1.0,1.0,1.0,1.0,0.0,0.0,0.0,0.0,0.0,0.0,0.0,0.0,0.0,0.0,0.0,0.0,48.25339120370371,0.0,0.0,1.0,0.0,0.0,0.0,0.0,0.0,0.0,3,3.0,2.0,18.0,17.0,8.0,7.0,5.0,4.0,0.0
A000539,0.0,0.0,0.0,0.0,0.0,0.0,0.0,0.0,0.0,0.0,0.0,0.0,0.0,0.0,0.0,0.0,0.0,0.0,0.0,0.0,44.98462962962963,0.0,0.0,0.0,0.0,0.0,0.0,0.0,0.0,0.0,2,0.0,0.0,0.0,0.0,0.0,0.0,0.0,0.0,0.0
A000540,0.0,0.0,0.0,0.0,0.0,0.0,0.0,0.0,0.0,0.0,0.0,0.0,0.0,0.0,0.0,0.0,0.0,0.0,0.0,0.0,42.31534722222222,0.0,0.0,0.0,0.0,0.0,0.0,0.0,0.0,0.0,3,0.0,0.0,0.0,0.0,0.0,0.0,0.0,0.0,0.0
A000541,2.0,6920.0,3460.0,1.0,1.0,1.0,1.0,2.0,0.0,0.0,0.0,0.05809102244389027,0.0,0.0,0.0,0.0,0.0,0.0,0.0,0.0,49.883784722222224,0.0,0.0,1.0,0.0,0.0,0.0,0.0,0.0,0.0,3,11.0,10.0,18.0,17.0,10.0,9.0,16.0,15.0,2.0
A000542,2.0,4240.0,2120.0,1.0,2.0,1.0,1.0,1.0,0.0,1.0,0.0,0.046936827956989245,0.0,0.0,0.0,0.0,0.0,0.0,0.0,0.0,33.24353009259259,0.0,1.0,2.0,0.0,0.0,0.0,0.0,0.0,0.0,1,5.0,4.0,4.5,7.0,3.0,2.0,2.0,1.0,1.0
A000543,3.0,12760.0,4253.333333333333,1.0,1.0,1.0,1.0,3.0,0.0,0.0,0.0,0.0,0.0,0.0,0.0,0.0,0.0,0.0,0.0,0.0,33.04547453703704,0.0,0.0,3.0,0.0,0.0,0.0,0.0,0.0,0.0,1,2.0,1.0,5.0,4.0,3.0,2.0,2.0,1.0,0.0
A000544,3.0,24780.0,8260.0,2.0,1.0,1.0,2.0,2.0,0.0,1.0,0.0,0.0,0.0,0.0,0.0,0.0,0.0,0.0,0.0,0.0,47.358020833333335,0.0,0.0,1.0,0.0,0.0,0.0,0.0,0.0,0.0,3,5.5,9.0,6.0,5.0,4.0,3.0,5.5,9.0,1.0
A000545,3.0,13420.0,4473.333333333333,1.0,2.0,1.0,2.0,3.0,0.0,0.0,0.0,0.0,0.0,0.0,0.0,0.0,0.0,0.0,0.0,0.0,24.46896990740741,0.0,1.0,3.0,0.0,0.0,0.0,0.0,0.0,0.0,4,1.0,0.0,2.5,3.0,1.0,0.0,1.5,1.0,0.0
A000546,2.0,9360.0,4680.0,2.0,1.0,1.0,1.0,2.0,0.0,0.0,0.0,0.06457843137254902,0.0,0.0,0.0,0.0,0.0,0.0,0.0,0.0,44.71175925925926,0.0,0.0,1.0,0.0,0.0,0.0,0.0,0.0,0.0,2,3.5,5.0,4.0,3.0,1.0,0.0,2.0,1.0,0.0
A000547,2.0,9570.0,4785.0,1.0,1.0,1.0,1.0,2.0,0.0,0.0,0.0,0.055362838915470496,0.0,0.0,0.0,0.0,0.0,0.0,0.0,0.0,42.07756944444444,0.0,1.0,2.0,0.0,0.0,0.0,0.0,0.0,0.0,1,2.0,1.0,4.0,3.0,3.0,2.0,1.0,0.0,0.0
A000548,1.0,1780.0,1780.0,1.0,1.0,1.0,1.0,1.0,0.0,0.0,0.0,0.11368539325842697,0.0,0.0,0.0,0.0,0.0,0.0,0.0,0.0,46.17116898148148,0.0,0.0,1.0,0.0,0.0,0.0,0.0,0.0,0.0,1,6.0,5.0,11.0,10.0,3.0,2.0,4.0,3.0,0.0
A000549,0.0,0.0,0.0,0.0,0.0,0.0,0.0,0.0,0.0,0.0,0.0,0.0,0.0,0.0,0.0,0.0,0.0,0.0,0.0,0.0,41.45210648148148,0.0,0.0,0.0,0.0,0.0,0.0,0.0,0.0,0.0,3,0.0,0.0,0.0,0.0,0.0,0.0,0.0,0.0,0.0
A000550,1.0,730.0,730.0,1.0,1.0,1.0,1.0,1.0,0.0,0.0,0.0,0.0,0.0,0.0,0.0,0.0,0.0,0.0,0.0,0.0,44.49679398148148,0.0,1.0,1.0,0.0,0.0,0.0,0.0,0.0,0.0,2,7.0,6.0,10.0,9.0,4.0,3.0,4.0,3.0,1.0
A000551,1.0,4140.0,4140.0,1.0,1.0,1.0,1.0,0.0,0.0,1.0,0.0,0.0,0.0,0.0,0.0,0.0,0.0,0.0,0.0,0.0,49.47334490740741,0.0,0.0,1.0,0.0,0.0,0.0,0.0,0.0,0.0,1,6.0,5.0,15.0,14.0,3.0,2.0,8.0,7.0,1.0
A000552,0.0,0.0,0.0,0.0,0.0,0.0,0.0,0.0,0.0,0.0,0.0,0.0,0.0,0.0,0.0,0.0,0.0,0.0,0.0,0.0,25.425636574074073,0.0,0.0,0.0,0.0,0.0,0.0,0.0,0.0,0.0,5,0.0,0.0,0.0,0.0,0.0,0.0,0.0,0.0,0.0
A000553,0.0,0.0,0.0,0.0,0.0,0.0,0.0,0.0,0.0,0.0,0.0,0.0,0.0,0.0,0.0,0.0,0.0,0.0,0.0,0.0,24.657233796296296,0.0,0.0,0.0,0.0,0.0,0.0,0.0,0.0,0.0,2,0.0,0.0,0.0,0.0,0.0,0.0,0.0,0.0,0.0
A000554,4.0,21970.0,5492.5,1.0,1.0,1.0,1.0,3.0,1.0,0.0,0.0,0.0,0.0,0.0,0.0,0.0,0.0,0.0,0.0,0.0,44.62782407407408,0.0,0.0,3.0,0.0,0.0,0.0,0.0,0.0,0.0,2,4.0,3.0,8.0,7.0,2.0,1.0,4.0,3.0,2.0
A000555,5.0,13780.0,2756.0,1.0,2.0,1.0,2.0,5.0,0.0,0.0,0.0,0.0,0.0,0.0,0.0,0.0,0.0,0.0,0.0,0.0,33.94731481481482,0.0,0.0,5.0,0.0,0.0,0.0,0.0,0.0,0.0,4,1.0,0.0,4.5,7.0,2.0,1.0,1.5,1.0,0.0
A000556,2.0,5140.0,2570.0,2.0,1.0,1.0,2.0,1.0,0.0,1.0,0.0,0.0,0.0,0.0,0.0,0.0,0.0,0.0,0.0,0.0,34.55300925925926,0.0,1.0,2.0,0.0,0.0,0.0,0.0,0.0,0.0,5,4.0,6.0,3.0,2.0,2.0,1.0,3.0,4.0,1.0
A000557,2.0,10530.0,5265.0,1.0,1.0,1.0,2.0,2.0,0.0,0.0,0.0,0.0,0.0,0.0,0.0,0.0,0.0,0.0,0.0,0.0,28.952673611111113,0.0,0.0,2.0,0.0,0.0,0.0,0.0,0.0,0.0,3,2.0,1.0,15.0,14.0,1.0,0.0,4.0,6.0,0.0
A000558,1.0,5280.0,5280.0,1.0,1.0,1.0,1.0,1.0,0.0,0.0,0.0,0.0,0.0,0.0,0.0,0.0,0.0,0.0,0.0,0.0,29.189189814814814,0.0,0.0,1.0,0.0,0.0,0.0,0.0,0.0,0.0,2,1.0,0.0,3.0,2.0,5.0,4.0,2.0,1.0,0.0
A000559,2.0,6360.0,3180.0,2.0,2.0,1.0,1.0,0.0,0.0,2.0,0.0,0.0,0.0,0.0,0.0,0.0,0.0,0.0,0.0,0.0,21.48090277777778,1.0,2.0,2.0,0.0,0.0,0.0,0.0,1.0,0.0,2,2.5,3.0,5.5,9.0,3.0,2.0,1.0,0.0,0.0
A000560,1.0,1100.0,1100.0,1.0,1.0,1.0,1.0,1.0,0.0,0.0,1.0,0.31265454545454546,0.0,0.0,0.0,0.0,0.0,0.0,0.0,0.0,22.663935185185185,0.0,0.0,1.0,0.0,0.0,0.0,0.0,0.0,0.0,3,1.0,0.0,7.0,6.0,1.0,0.0,1.0,0.0,0.0
A000561,4.0,12380.0,3095.0,1.0,2.0,1.0,2.0,3.0,0.0,1.0,0.0,0.0,1.0,120.0,1.0,4120.0,0.0,0.3333333333333333,0.25,0.0,49.63837962962963,0.0,1.0,2.0,0.0,0.0,1.0,0.0,0.0,0.0,0,10.0,9.0,17.5,32.0,7.0,6.0,10.5,19.0,2.0
A000562,0.0,0.0,0.0,0.0,0.0,0.0,0.0,0.0,0.0,0.0,0.0,0.0,0.0,0.0,0.0,0.0,0.0,0.0,0.0,0.0,37.587719907407404,0.0,0.0,0.0,0.0,0.0,0.0,0.0,0.0,0.0,2,0.0,0.0,0.0,0.0,0.0,0.0,0.0,0.0,0.0
A000563,0.0,0.0,0.0,0.0,0.0,0.0,0.0,0.0,0.0,0.0,0.0,0.0,0.0,0.0,0.0,0.0,0.0,0.0,0.0,0.0,38.16912037037037,0.0,0.0,0.0,0.0,0.0,0.0,0.0,0.0,0.0,4,0.0,0.0,0.0,0.0,0.0,0.0,0.0,0.0,0.0
A000564,2.0,7400.0,3700.0,2.0,1.0,1.0,1.0,1.0,0.0,1.0,0.0,0.12164024033254295,0.0,0.0,0.0,0.0,0.0,0.0,0.0,0.0,30.935057870370372,0.0,1.0,2.0,0.0,0.0,0.0,0.0,0.0,0.0,4,2.5,3.0,8.0,7.0,2.0,1.0,2.0,1.0,1.0
A000565,0.0,0.0,0.0,0.0,0.0,0.0,0.0,0.0,0.0,0.0,0.0,0.0,0.0,0.0,0.0,0.0,0.0,0.0,0.0,0.0,38.54479166666667,0.0,0.0,0.0,0.0,0.0,0.0,0.0,0.0,0.0,4,0.0,0.0,0.0,0.0,0.0,0.0,0.0,0.0,0.0
A000566,1.0,1590.0,1590.0,1.0,1.0,1.0,1.0,1.0,0.0,0.0,0.0,0.0,0.0,0.0,0.0,0.0,0.0,0.0,0.0,0.0,39.57013888888889,0.0,0.0,1.0,0.0,0.0,0.0,0.0,0.0,0.0,2,4.0,3.0,10.0,9.0,7.0,6.0,4.0,3.0,1.0
A000567,1.0,1000.0,1000.0,1.0,1.0,1.0,1.0,1.0,0.0,0.0,0.0,0.13028,0.0,0.0,0.0,0.0,0.0,0.0,0.0,0.0,22.11505787037037,0.0,0.0,1.0,0.0,0.0,0.0,0.0,0.0,0.0,6,2.0,1.0,1.0,0.0,2.0,1.0,4.0,3.0,1.0
A000568,0.0,0.0,0.0,0.0,0.0,0.0,0.0,0.0,0.0,0.0,0.0,0.0,0.0,0.0,0.0,0.0,0.0,0.0,0.0,0.0,23.32263888888889,0.0,0.0,0.0,0.0,0.0,0.0,0.0,0.0,0.0,3,0.0,0.0,0.0,0.0,0.0,0.0,0.0,0.0,0.0
A000569,3.0,8280.0,2760.0,2.0,2.0,1.0,2.0,2.0,0.0,1.0,0.0,0.09587197810082011,0.0,0.0,0.0,0.0,0.0,0.0,0.0,0.0,25.08949074074074,0.0,1.0,3.0,0.0,0.0,0.0,0.0,0.0,0.0,3,3.0,4.0,2.5,3.0,2.0,1.0,1.5,1.0,0.0
A000570,3.0,12230.0,4076.6666666666665,2.0,1.0,1.0,1.0,3.0,0.0,0.0,0.0,0.0,0.0,0.0,0.0,0.0,0.0,0.0,0.0,0.0,40.06346064814815,0.0,0.0,3.0,0.0,0.0,0.0,0.0,0.0,0.0,3,4.0,6.0,4.0,3.0,4.0,3.0,1.0,0.0,2.0
A000571,1.0,1660.0,1660.0,1.0,1.0,1.0,1.0,1.0,0.0,0.0,0.0,0.0,0.0,0.0,0.0,0.0,0.0,0.0,0.0,0.0,36.37577546296296,0.0,0.0,1.0,0.0,0.0,0.0,0.0,0.0,0.0,2,6.0,5.0,3.0,2.0,4.0,3.0,5.0,4.0,0.0
A000572,2.0,6350.0,3175.0,2.0,2.0,1.0,1.0,2.0,0.0,0.0,0.0,0.0,0.0,0.0,0.0,0.0,0.0,0.0,0.0,0.0,31.269259259259258,0.0,1.0,2.0,0.0,0.0,0.0,0.0,0.0,0.0,1,2.0,2.0,4.0,6.0,1.0,0.0,1.0,0.0,0.0
A000573,0.0,0.0,0.0,0.0,0.0,0.0,0.0,0.0,0.0,0.0,0.0,0.0,0.0,0.0,0.0,0.0,0.0,0.0,0.0,0.0,39.007476851851855,0.0,0.0,0.0,0.0,0.0,0.0,0.0,0.0,0.0,3,0.0,0.0,0.0,0.0,0.0,0.0,0.0,0.0,0.0
A000574,4.0,44980.0,11245.0,1.0,2.0,1.0,1.0,4.0,0.0,0.0,0.0,0.050311588417068426,0.0,0.0,0.0,0.0,0.0,0.0,0.0,0.0,31.069502314814816,0.0,0.0,3.0,0.0,0.0,0.0,0.0,0.0,0.0,5,2.0,1.0,5.0,8.0,1.0,0.0,2.0,1.0,0.0
A000575,1.0,2840.0,2840.0,1.0,1.0,1.0,1.0,1.0,0.0,0.0,0.0,0.0,0.0,0.0,0.0,0.0,0.0,0.0,0.0,0.0,28.797048611111112,0.0,0.0,1.0,0.0,0.0,0.0,0.0,0.0,0.0,1,1.0,0.0,3.0,2.0,1.0,0.0,4.0,3.0,0.0
A000576,3.0,22570.0,7523.333333333333,1.0,1.0,1.0,1.0,3.0,0.0,0.0,0.0,0.020952380952380955,0.0,0.0,0.0,0.0,0.0,0.0,0.0,0.0,37.11287037037037,0.0,2.0,3.0,0.0,0.0,0.0,0.0,0.0,0.0,0,4.0,3.0,3.0,2.0,6.0,5.0,3.0,2.0,1.0
A000577,2.0,7980.0,3990.0,2.0,2.0,1.0,1.0,1.0,0.0,1.0,0.0,0.0,0.0,0.0,0.0,0.0,0.0,0.0,0.0,0.0,46.96616898148148,1.0,1.0,2.0,0.0,0.0,0.0,0.0,1.0,0.0,2,6.5,11.0,7.5,13.0,3.0,2.0,16.0,15.0,0.0
A000578,0.0,0.0,0.0,0.0,0.0,0.0,0.0,0.0,0.0,0.0,0.0,0.0,0.0,0.0,0.0,0.0,0.0,0.0,0.0,0.0,25.02520833333333,0.0,0.0,0.0,0.0,0.0,0.0,0.0,0.0,0.0,3,0.0,0.0,0.0,0.0,0.0,0.0,0.0,0.0,0.0
A000579,5.0,10920.0,2184.0,2.0,1.0,1.0,2.0,5.0,0.0,0.0,0.0,0.028630379746835445,0.0,0.0,0.0,0.0,0.0,0.0,0.0,0.0,26.855173611111113,0.0,0.0,5.0,0.0,0.0,0.0,0.0,0.0,0.0,3,1.0,0.0,6.0,5.0,2.0,1.0,2.0,2.0,0.0
A000580,3.0,20850.0,6950.0,1.0,1.0,1.0,2.0,3.0,0.0,0.0,0.0,0.0,0.0,0.0,0.0,0.0,0.0,0.0,0.0,0.0,37.500289351851855,0.0,0.0,2.0,0.0,0.0,0.0,0.0,0.0,0.0,3,3.0,2.0,3.0,2.0,1.0,0.0,2.0,2.0,1.0
A000581,1.0,2180.0,2180.0,1.0,1.0,1.0,1.0,1.0,0.0,0.0,0.0,0.0,0.0,0.0,0.0,0.0,0.0,0.0,0.0,0.0,28.435590277777777,0.0,0.0,1.0,0.0,0.0,0.0,0.0,0.0,0.0,3,1.0,0.0,7.0,6.0,3.0,2.0,3.0,2.0,0.0
A000582,0.0,0.0,0.0,0.0,0.0,0.0,0.0,0.0,0.0,0.0,0.0,0.0,0.0,0.0,0.0,0.0,0.0,0.0,0.0,0.0,21.347349537037037,0.0,0.0,0.0,0.0,0.0,0.0,0.0,0.0,0.0,3,0.0,0.0,0.0,0.0,0.0,0.0,0.0,0.0,0.0
A000583,1.0,1110.0,1110.0,1.0,1.0,1.0,1.0,1.0,0.0,0.0,0.0,0.0,0.0,0.0,0.0,0.0,0.0,0.0,0.0,0.0,39.06280092592593,0.0,0.0,0.0,0.0,0.0,0.0,0.0,0.0,0.0,3,6.0,5.0,5.0,4.0,3.0,2.0,2.0,1.0,0.0
A000584,1.0,1210.0,1210.0,1.0,1.0,1.0,1.0,0.0,0.0,1.0,0.0,0.0,0.0,0.0,0.0,0.0,0.0,0.0,0.0,0.0,31.766493055555557,1.0,1.0,1.0,0.0,0.0,0.0,0.0,1.0,0.0,2,4.0,3.0,5.0,4.0,2.0,1.0,1.0,0.0,2.0
A000585,1.0,2820.0,2820.0,1.0,1.0,1.0,1.0,1.0,0.0,0.0,0.0,0.0,0.0,0.0,0.0,0.0,0.0,0.0,0.0,0.0,38.555729166666666,0.0,0.0,0.0,0.0,0.0,0.0,0.0,0.0,0.0,5,5.0,4.0,4.0,3.0,3.0,2.0,3.0,2.0,1.0
A000586,0.0,0.0,0.0,0.0,0.0,0.0,0.0,0.0,0.0,0.0,0.0,0.0,0.0,0.0,0.0,0.0,0.0,0.0,0.0,0.0,33.42943287037037,0.0,0.0,0.0,0.0,0.0,0.0,0.0,0.0,0.0,0,0.0,0.0,0.0,0.0,0.0,0.0,0.0,0.0,0.0
A000587,5.0,12910.0,2582.0,2.0,2.0,1.0,2.0,5.0,0.0,0.0,0.0,0.0,1.0,72.0,1.0,1610.0,0.0,0.2,0.2,0.0,33.15130787037037,0.0,0.0,5.0,0.0,0.0,1.0,0.2,0.0,0.0,1,3.0,4.0,1.0,0.0,2.0,1.0,1.5,1.0,0.0
A000588,0.0,0.0,0.0,0.0,0.0,0.0,0.0,0.0,0.0,0.0,0.0,0.0,0.0,0.0,0.0,0.0,0.0,0.0,0.0,0.0,33.3022337962963,0.0,0.0,0.0,0.0,0.0,0.0,0.0,0.0,0.0,0,0.0,0.0,0.0,0.0,0.0,0.0,0.0,0.0,0.0
A000589,3.0,5460.0,1820.0,1.0,2.0,1.0,2.0,3.0,0.0,0.0,0.0,0.0,0.0,0.0,0.0,0.0,0.0,0.0,0.0,0.0,22.873935185185186,0.0,0.0,3.0,0.0,0.0,0.0,0.0,0.0,0.0,6,1.0,0.0,13.0,24.0,3.0,2.0,1.5,1.0,0.0
A000590,0.0,0.0,0.0,0.0,0.0,0.0,0.0,0.0,0.0,0.0,0.0,0.0,0.0,0.0,0.0,0.0,0.0,0.0,0.0,0.0,40.19690972222222,0.0,0.0,0.0,0.0,0.0,0.0,0.0,0.0,0.0,3,0.0,0.0,0.0,0.0,0.0,0.0,0.0,0.0,0.0
A000591,2.0,4700.0,2350.0,1.0,2.0,1.0,1.0,1.0,0.0,1.0,0.0,0.0,0.0,0.0,0.0,0.0,0.0,0.0,0.0,0.0,39.061030092592596,0.0,1.0,1.0,0.0,0.0,0.0,0.0,0.0,0.0,3,4.0,3.0,5.0,8.0,1.0,0.0,3.0,2.0,0.0
A000592,2.0,3840.0,1920.0,2.0,2.0,1.0,1.0,2.0,0.0,0.0,0.0,0.0,0.0,0.0,0.0,0.0,0.0,0.0,0.0,0.0,40.36447916666667,0.0,1.0,2.0,0.0,0.0,0.0,0.0,0.0,0.0,1,4.0,6.0,6.5,11.0,7.0,6.0,2.0,1.0,1.0
A000593,0.0,0.0,0.0,0.0,0.0,0.0,0.0,0.0,0.0,0.0,0.0,0.0,0.0,0.0,0.0,0.0,0.0,0.0,0.0,0.0,45.27673611111111,0.0,0.0,0.0,0.0,0.0,0.0,0.0,0.0,0.0,3,0.0,0.0,0.0,0.0,0.0,0.0,0.0,0.0,0.0
A000594,1.0,2900.0,2900.0,1.0,1.0,1.0,1.0,1.0,0.0,0.0,0.0,0.0,0.0,0.0,0.0,0.0,0.0,0.0,0.0,0.0,49.313101851851854,0.0,0.0,1.0,0.0,0.0,0.0,0.0,0.0,0.0,4,4.0,3.0,15.0,14.0,5.0,4.0,8.0,7.0,0.0
A000595,0.0,0.0,0.0,0.0,0.0,0.0,0.0,0.0,0.0,0.0,0.0,0.0,0.0,0.0,0.0,0.0,0.0,0.0,0.0,0.0,22.307939814814816,0.0,0.0,0.0,0.0,0.0,0.0,0.0,0.0,0.0,1,0.0,0.0,0.0,0.0,0.0,0.0,0.0,0.0,0.0
A000596,0.0,0.0,0.0,0.0,0.0,0.0,0.0,0.0,0.0,0.0,0.0,0.0,0.0,0.0,0.0,0.0,0.0,0.0,0.0,0.0,36.28648148148148,0.0,0.0,0.0,0.0,0.0,0.0,0.0,0.0,0.0,5,0.0,0.0,0.0,0.0,0.0,0.0,0.0,0.0,0.0
A000597,3.0,4710.0,1570.0,2.0,2.0,1.0,1.0,3.0,0.0,0.0,0.0,0.0,0.0,0.0,0.0,0.0,0.0,0.0,0.0,0.0,28.148368055555554,0.0,0.0,3.0,0.0,0.0,0.0,0.0,0.0,0.0,2,2.5,3.0,8.0,14.0,4.0,3.0,2.0,1.0,0.0
A000598,0.0,0.0,0.0,0.0,0.0,0.0,0.0,0.0,0.0,0.0,0.0,0.0,0.0,0.0,0.0,0.0,0.0,0.0,0.0,0.0,36.13650462962963,0.0,0.0,0.0,0.0,0.0,0.0,0.0,0.0,0.0,3,0.0,0.0,0.0,0.0,0.0,0.0,0.0,0.0,0.0
A000599,3.0,7170.0,2390.0,1.0,1.0,1.0,1.0,2.0,1.0,0.0,0.0,0.0,0.0,0.0,0.0,0.0,1.0,0.0,0.0,0.3333333333333333,44.13944444444444,0.0,0.0,2.0,0.0,0.0,0.0,0.0,0.0,0.0,5,3.0,2.0,5.0,4.0,1.0,0.0,1.0,0.0,0.0
A000600,2.0,14040.0,7020.0,1.0,1.0,1.0,1.0,1.0,0.0,1.0,0.0,0.0,0.0,0.0,0.0,0.0,0.0,0.0,0.0,0.0,48.34565972222222,0.0,1.0,1.0,0.0,0.0,0.0,0.0,0.0,0.0,2,10.0,9.0,15.0,14.0,4.0,3.0,8.0,7.0,1.0
A000601,1.0,2270.0,2270.0,1.0,1.0,1.0,1.0,1.0,0.0,0.0,0.0,0.0,0.0,0.0,0.0,0.0,0.0,0.0,0.0,0.0,36.41591435185185,0.0,0.0,1.0,0.0,0.0,0.0,0.0,0.0,0.0,3,2.0,1.0,8.0,7.0,3.0,2.0,3.0,2.0,1.0
A000602,4.0,6090.0,1522.5,1.0,2.0,1.0,2.0,4.0,0.0,0.0,0.0,0.02024096385542169,0.0,0.0,0.0,0.0,0.0,0.0,0.0,0.0,49.75113425925926,0.0,0.0,3.0,0.0,0.0,0.0,0.0,0.0,0.0,4,11.0,10.0,17.5,33.0,10.0,9.0,12.0,21.0,4.0
A000603,0.0,0.0,0.0,0.0,0.0,0.0,0.0,0.0,0.0,0.0,0.0,0.0,0.0,0.0,0.0,0.0,0.0,0.0,0.0,0.0,36.03674768518518,0.0,0.0,0.0,0.0,0.0,0.0,0.0,0.0,0.0,2,0.0,0.0,0.0,0.0,0.0,0.0,0.0,0.0,0.0
A000604,0.0,0.0,0.0,0.0,0.0,0.0,0.0,0.0,0.0,0.0,0.0,0.0,0.0,0.0,0.0,0.0,0.0,0.0,0.0,0.0,30.468842592592594,0.0,0.0,0.0,0.0,0.0,0.0,0.0,0.0,0.0,10,0.0,0.0,0.0,0.0,0.0,0.0,0.0,0.0,0.0
A000605,0.0,0.0,0.0,0.0,0.0,0.0,0.0,0.0,0.0,0.0,0.0,0.0,0.0,0.0,0.0,0.0,0.0,0.0,0.0,0.0,35.6303125,0.0,0.0,0.0,0.0,0.0,0.0,0.0,0.0,0.0,4,0.0,0.0,0.0,0.0,0.0,0.0,0.0,0.0,0.0
A000606,4.0,14240.0,3560.0,2.0,2.0,1.0,1.0,3.0,0.0,1.0,0.0,0.021163112164297,0.0,0.0,0.0,0.0,0.0,0.0,0.0,0.0,46.07298611111111,0.0,0.0,4.0,0.0,0.0,0.0,0.0,0.0,0.0,2,5.5,9.0,8.0,14.0,4.0,3.0,5.0,4.0,1.0
A000607,4.0,20870.0,5217.5,1.0,2.0,1.0,1.0,4.0,0.0,0.0,0.0,0.0,0.0,0.0,0.0,0.0,0.0,0.0,0.0,0.0,41.4515625,0.0,0.0,2.0,0.0,0.0,0.0,0.0,0.0,0.0,3,3.0,2.0,6.0,10.0,7.0,6.0,5.0,4.0,0.0
A000608,5.0,18790.0,3758.0,2.0,2.0,1.0,1.0,5.0,0.0,0.0,0.0,0.022699236641221376,0.0,0.0,0.0,0.0,0.0,0.0,0.0,0.0,27.592453703703704,0.0,2.0,5.0,0.0,0.0,0.0,0.0,0.0,0.0,3,3.0,4.0,2.0,2.0,4.0,3.0,1.0,0.0,2.0
A000609,1.0,4790.0,4790.0,1.0,1.0,1.0,1.0,0.0,1.0,0.0,0.0,0.0,0.0,0.0,0.0,0.0,0.0,0.0,0.0,0.0,23.85238425925926,0.0,1.0,1.0,0.0,0.0,0.0,0.0,0.0,0.0,1,2.0,1.0,3.0,2.0,2.0,1.0,1.0,0.0,0.0
A000610,1.0,3740.0,3740.0,1.0,1.0,1.0,1.0,0.0,1.0,0.0,0.0,0.0,0.0,0.0,0.0,0.0,0.0,0.0,0.0,0.0,39.70957175925926,0.0,0.0,0.0,0.0,0.0,0.0,0.0,0.0,0.0,1,7.0,6.0,3.0,2.0,2.0,1.0,5.0,4.0,0.0
A000611,1.0,6560.0,6560.0,1.0,1.0,1.0,1.0,1.0,0.0,0.0,1.0,0.3483079268292683,0.0,0.0,0.0,0.0,0.0,0.0,0.0,0.0,22.363020833333334,0.0,1.0,1.0,0.0,0.0,0.0,0.0,0.0,0.0,1,1.0,0.0,1.0,0.0,2.0,1.0,5.0,4.0,0.0
A000612,0.0,0.0,0.0,0.0,0.0,0.0,0.0,0.0,0.0,0.0,0.0,0.0,0.0,0.0,0.0,0.0,0.0,0.0,0.0,0.0,22.702881944444446,0.0,0.0,0.0,0.0,0.0,0.0,0.0,0.0,0.0,3,0.0,0.0,0.0,0.0,0.0,0.0,0.0,0.0,0.0
A000613,3.0,9360.0,3120.0,2.0,1.0,1.0,2.0,3.0,0.0,0.0,0.0,0.0,0.0,0.0,0.0,0.0,0.0,0.0,0.0,0.0,41.17047453703704,0.0,0.0,1.0,0.0,0.0,0.0,0.0,0.0,0.0,1,4.0,6.0,5.0,4.0,2.0,1.0,4.5,7.0,1.0
A000614,3.0,5090.0,1696.6666666666667,1.0,1.0,1.0,1.0,2.0,0.0,1.0,0.0,0.03889333333333333,0.0,0.0,0.0,0.0,0.0,0.0,0.0,0.0,26.321666666666665,0.0,0.0,3.0,0.0,0.0,0.0,0.0,0.0,0.0,0,1.0,0.0,3.0,2.0,2.0,1.0,3.0,2.0,0.0
A000615,0.0,0.0,0.0,0.0,0.0,0.0,0.0,0.0,0.0,0.0,0.0,0.0,0.0,0.0,0.0,0.0,0.0,0.0,0.0,0.0,25.471886574074073,0.0,0.0,0.0,0.0,0.0,0.0,0.0,0.0,0.0,4,0.0,0.0,0.0,0.0,0.0,0.0,0.0,0.0,0.0
A000616,4.0,13810.0,3452.5,1.0,1.0,1.0,1.0,4.0,0.0,0.0,0.0,0.0,1.0,72.0,1.0,770.0,0.0,0.25,0.25,0.0,34.891099537037036,0.0,0.0,4.0,0.0,0.0,1.0,0.25,0.0,0.0,2,2.0,1.0,7.0,6.0,1.0,0.0,6.0,5.0,1.0
A000617,2.0,7950.0,3975.0,1.0,1.0,1.0,1.0,1.0,0.0,1.0,0.0,0.0,0.0,0.0,0.0,0.0,0.0,0.0,0.0,0.0,45.20597222222222,0.0,0.0,2.0,0.0,0.0,0.0,0.0,0.0,0.0,2,8.0,7.0,10.0,9.0,7.0,6.0,4.0,3.0,3.0
A000618,0.0,0.0,0.0,0.0,0.0,0.0,0.0,0.0,0.0,0.0,0.0,0.0,0.0,0.0,0.0,0.0,0.0,0.0,0.0,0.0,46.90664351851852,0.0,0.0,0.0,0.0,0.0,0.0,0.0,0.0,0.0,2,0.0,0.0,0.0,0.0,0.0,0.0,0.0,0.0,0.0
A000619,3.0,31130.0,10376.666666666666,1.0,2.0,1.0,1.0,1.0,1.0,1.0,0.0,0.0,0.0,0.0,0.0,0.0,0.0,0.0,0.0,0.0,25.293935185185184,0.0,0.0,3.0,0.0,0.0,0.0,0.0,0.0,0.0,3,1.0,0.0,1.5,1.0,1.0,0.0,1.0,0.0,0.0
A000620,0.0,0.0,0.0,0.0,0.0,0.0,0.0,0.0,0.0,0.0,0.0,0.0,0.0,0.0,0.0,0.0,0.0,0.0,0.0,0.0,28.545439814814817,0.0,0.0,0.0,0.0,0.0,0.0,0.0,0.0,0.0,0,0.0,0.0,0.0,0.0,0.0,0.0,0.0,0.0,0.0
A000621,6.0,15400.0,2566.6666666666665,1.0,2.0,1.0,1.0,5.0,0.0,1.0,0.0,0.022836854460093897,0.0,0.0,0.0,0.0,0.0,0.0,0.0,0.0,41.415046296296296,0.0,0.0,4.0,0.0,0.0,0.0,0.0,0.0,0.0,4,3.0,2.0,11.5,21.0,3.0,2.0,4.0,3.0,0.0
A000622,3.0,12600.0,4200.0,1.0,1.0,1.0,1.0,2.0,1.0,0.0,0.0,0.0,0.0,0.0,0.0,0.0,0.0,0.0,0.0,0.0,46.78118055555556,0.0,0.0,1.0,0.0,0.0,0.0,0.0,0.0,0.0,5,8.0,7.0,6.0,5.0,3.0,2.0,2.0,1.0,3.0
A000623,1.0,1050.0,1050.0,1.0,1.0,1.0,1.0,1.0,0.0,0.0,0.0,0.0,0.0,0.0,0.0,0.0,0.0,0.0,0.0,0.0,27.959560185185186,0.0,1.0,1.0,0.0,0.0,0.0,0.0,0.0,0.0,3,1.0,0.0,2.0,1.0,2.0,1.0,1.0,0.0,0.0
A000624,0.0,0.0,0.0,0.0,0.0,0.0,0.0,0.0,0.0,0.0,0.0,0.0,0.0,0.0,0.0,0.0,0.0,0.0,0.0,0.0,32.50241898148148,0.0,0.0,0.0,0.0,0.0,0.0,0.0,0.0,0.0,4,0.0,0.0,0.0,0.0,0.0,0.0,0.0,0.0,0.0
A000625,1.0,6480.0,6480.0,1.0,1.0,1.0,1.0,1.0,0.0,0.0,0.0,0.0,0.0,0.0,0.0,0.0,0.0,0.0,0.0,0.0,22.69537037037037,0.0,0.0,1.0,0.0,0.0,0.0,0.0,0.0,0.0,2,2.0,1.0,2.0,1.0,1.0,0.0,1.0,0.0,0.0
A000626,3.0,21040.0,7013.333333333333,1.0,1.0,1.0,1.0,2.0,1.0,0.0,0.0,0.0,0.0,0.0,0.0,0.0,0.0,0.0,0.0,0.0,28.924664351851852,0.0,1.0,3.0,0.0,0.0,0.0,0.0,0.0,0.0,2,2.0,1.0,3.0,2.0,4.0,3.0,2.0,1.0,0.0
A000627,0.0,0.0,0.0,0.0,0.0,0.0,0.0,0.0,0.0,0.0,0.0,0.0,0.0,0.0,0.0,0.0,0.0,0.0,0.0,0.0,47.08853009259259,0.0,0.0,0.0,0.0,0.0,0.0,0.0,0.0,0.0,0,0.0,0.0,0.0,0.0,0.0,0.0,0.0,0.0,0.0
A000628,0.0,0.0,0.0,0.0,0.0,0.0,0.0,0.0,0.0,0.0,0.0,0.0,0.0,0.0,0.0,0.0,0.0,0.0,0.0,0.0,32.08636574074074,0.0,0.0,0.0,0.0,0.0,0.0,0.0,0.0,0.0,2,0.0,0.0,0.0,0.0,0.0,0.0,0.0,0.0,0.0
A000629,0.0,0.0,0.0,0.0,0.0,0.0,0.0,0.0,0.0,0.0,0.0,0.0,0.0,0.0,0.0,0.0,0.0,0.0,0.0,0.0,44.7947337962963,0.0,0.0,0.0,0.0,0.0,0.0,0.0,0.0,0.0,3,0.0,0.0,0.0,0.0,0.0,0.0,0.0,0.0,0.0
A000630,2.0,5700.0,2850.0,1.0,2.0,1.0,2.0,1.0,0.0,1.0,0.0,0.0,0.0,0.0,0.0,0.0,0.0,0.0,0.0,0.0,44.62827546296296,0.0,0.0,1.0,0.0,0.0,0.0,0.0,0.0,0.0,2,3.0,2.0,6.5,11.0,3.0,2.0,5.0,8.0,0.0
A000631,0.0,0.0,0.0,0.0,0.0,0.0,0.0,0.0,0.0,0.0,0.0,0.0,0.0,0.0,0.0,0.0,0.0,0.0,0.0,0.0,42.88748842592592,0.0,0.0,0.0,0.0,0.0,0.0,0.0,0.0,0.0,2,0.0,0.0,0.0,0.0,0.0,0.0,0.0,0.0,0.0
A000632,3.0,6590.0,2196.6666666666665,2.0,1.0,1.0,1.0,3.0,0.0,0.0,0.0,0.0,0.0,0.0,0.0,0.0,0.0,0.0,0.0,0.0,33.34508101851852,0.0,0.0,2.0,0.0,0.0,0.0,0.0,0.0,0.0,0,4.5,7.0,10.0,9.0,2.0,1.0,1.0,0.0,3.0
A000633,1.0,550.0,550.0,1.0,1.0,1.0,1.0,1.0,0.0,0.0,0.0,0.0,0.0,0.0,0.0,0.0,0.0,0.0,0.0,0.0,24.637314814814815,0.0,0.0,1.0,0.0,0.0,0.0,0.0,0.0,0.0,1,1.0,0.0,20.0,19.0,6.0,5.0,1.0,0.0,0.0
A000634,2.0,2320.0,1160.0,1.0,2.0,1.0,1.0,2.0,0.0,0.0,0.0,0.035666666666666666,0.0,0.0,0.0,0.0,0.0,0.0,0.0,0.0,29.121689814814815,0.0,1.0,2.0,0.0,0.0,0.0,0.0,0.0,0.0,3,2.0,1.0,6.0,10.0,2.0,1.0,2.0,1.0,1.0
A000635,1.0,3960.0,3960.0,1.0,1.0,1.0,1.0,1.0,0.0,0.0,0.0,0.0,0.0,0.0,0.0,0.0,0.0,0.0,0.0,0.0,42.796215277777776,0.0,0.0,1.0,0.0,0.0,0.0,0.0,0.0,0.0,1,2.0,1.0,1.0,0.0,2.0,1.0,5.0,4.0,0.0
A000636,0.0,0.0,0.0,0.0,0.0,0.0,0.0,0.0,0.0,0.0,0.0,0.0,0.0,0.0,0.0,0.0,0.0,0.0,0.0,0.0,48.940162037037034,0.0,0.0,0.0,0.0,0.0,0.0,0.0,0.0,0.0,0,0.0,0.0,0.0,0.0,0.0,0.0,0.0,0.0,0.0
A000637,9.0,34910.0,3878.8888888888887,2.0,2.0,1.0,1.0,7.0,0.0,2.0,0.0,0.0,0.0,0.0,0.0,0.0,0.0,0.0,0.0,0.0,22.739444444444445,0.0,3.0,9.0,0.0,0.0,0.0,0.0,0.0,0.0,2,2.0,2.0,6.5,11.0,7.0,6.0,1.0,0.0,1.0
A000638,1.0,2910.0,2910.0,1.0,1.0,1.0,1.0,0.0,0.0,1.0,0.0,0.11460137457044674,0.0,0.0,0.0,0.0,0.0,0.0,0.0,0.0,40.476284722222225,0.0,1.0,1.0,0.0,0.0,0.0,0.0,0.0,0.0,4,1.0,0.0,4.0,3.0,8.0,7.0,1.0,0.0,0.0
A000639,1.0,12380.0,12380.0,1.0,1.0,1.0,1.0,1.0,0.0,0.0,0.0,0.0,0.0,0.0,0.0,0.0,0.0,0.0,0.0,0.0,34.9878125,0.0,0.0,1.0,0.0,0.0,0.0,0.0,0.0,0.0,2,4.0,3.0,5.0,4.0,2.0,1.0,8.0,7.0,0.0
A000640,0.0,0.0,0.0,0.0,0.0,0.0,0.0,0.0,0.0,0.0,0.0,0.0,0.0,0.0,0.0,0.0,0.0,0.0,0.0,0.0,38.59480324074074,0.0,0.0,0.0,0.0,0.0,0.0,0.0,0.0,0.0,8,0.0,0.0,0.0,0.0,0.0,0.0,0.0,0.0,0.0
A000641,3.0,19290.0,6430.0,1.0,1.0,1.0,1.0,2.0,1.0,0.0,0.0,0.0,0.0,0.0,0.0,0.0,0.0,0.0,0.0,0.0,34.43952546296296,0.0,1.0,3.0,0.0,0.0,0.0,0.0,0.0,0.0,2,3.0,2.0,2.0,1.0,3.0,2.0,1.0,0.0,0.0
A000642,2.0,6440.0,3220.0,1.0,1.0,1.0,1.0,1.0,0.0,1.0,0.0,0.0,0.0,0.0,0.0,0.0,0.0,0.0,0.0,0.0,39.56818287037037,0.0,0.0,2.0,0.0,0.0,0.0,0.0,0.0,0.0,2,5.0,4.0,5.0,4.0,1.0,0.0,3.0,2.0,1.0
A000643,2.0,8270.0,4135.0,1.0,1.0,1.0,1.0,2.0,0.0,0.0,0.0,0.0,0.0,0.0,0.0,0.0,0.0,0.0,0.0,0.0,46.355752314814815,0.0,0.0,2.0,0.0,0.0,0.0,0.0,0.0,0.0,2,6.0,5.0,6.0,5.0,2.0,1.0,5.0,4.0,1.0
A000644,2.0,3890.0,1945.0,2.0,1.0,1.0,1.0,2.0,0.0,0.0,0.0,0.0,0.0,0.0,0.0,0.0,0.0,0.0,0.0,0.0,25.80528935185185,0.0,1.0,2.0,0.0,0.0,0.0,0.0,0.0,0.0,1,2.0,2.0,5.0,4.0,1.0,0.0,1.0,0.0,0.0
A000645,0.0,0.0,0.0,0.0,0.0,0.0,0.0,0.0,0.0,0.0,0.0,0.0,0.0,0.0,0.0,0.0,0.0,0.0,0.0,0.0,22.35703703703704,0.0,0.0,0.0,0.0,0.0,0.0,0.0,0.0,0.0,1,0.0,0.0,0.0,0.0,0.0,0.0,0.0,0.0,0.0
A000646,1.0,2540.0,2540.0,1.0,1.0,1.0,1.0,1.0,0.0,0.0,0.0,0.0,0.0,0.0,0.0,0.0,0.0,0.0,0.0,0.0,22.165578703703705,0.0,0.0,1.0,0.0,0.0,0.0,0.0,0.0,0.0,4,1.0,0.0,3.0,2.0,1.0,0.0,1.0,0.0,0.0
A000647,1.0,2420.0,2420.0,1.0,1.0,1.0,1.0,1.0,0.0,0.0,0.0,0.0,0.0,0.0,0.0,0.0,0.0,0.0,0.0,0.0,43.9762037037037,0.0,1.0,1.0,0.0,0.0,0.0,0.0,0.0,0.0,2,4.0,3.0,9.0,8.0,9.0,8.0,5.0,4.0,2.0
A000648,0.0,0.0,0.0,0.0,0.0,0.0,0.0,0.0,0.0,0.0,0.0,0.0,0.0,0.0,0.0,0.0,0.0,0.0,0.0,0.0,38.97613425925926,0.0,0.0,0.0,0.0,0.0,0.0,0.0,0.0,0.0,4,0.0,0.0,0.0,0.0,0.0,0.0,0.0,0.0,0.0
A000649,1.0,3590.0,3590.0,1.0,1.0,1.0,1.0,1.0,0.0,0.0,0.0,0.0,0.0,0.0,0.0,0.0,0.0,0.0,0.0,0.0,46.550358796296294,0.0,0.0,1.0,0.0,0.0,0.0,0.0,0.0,0.0,2,1.0,0.0,10.0,9.0,4.0,3.0,3.0,2.0,0.0
A000650,1.0,2420.0,2420.0,1.0,1.0,1.0,1.0,0.0,0.0,1.0,0.0,0.07740082644628099,0.0,0.0,0.0,0.0,0.0,0.0,0.0,0.0,23.452685185185185,0.0,0.0,1.0,0.0,0.0,0.0,0.0,0.0,0.0,4,1.0,0.0,1.0,0.0,1.0,0.0,2.0,1.0,0.0
A000651,1.0,3600.0,3600.0,1.0,1.0,1.0,1.0,1.0,0.0,0.0,0.0,0.0,0.0,0.0,0.0,0.0,0.0,0.0,0.0,0.0,32.364247685185184,0.0,0.0,1.0,0.0,0.0,0.0,0.0,0.0,0.0,1,1.0,0.0,1.0,0.0,2.0,1.0,2.0,1.0,0.0
A000652,0.0,0.0,0.0,0.0,0.0,0.0,0.0,0.0,0.0,0.0,0.0,0.0,0.0,0.0,0.0,0.0,0.0,0.0,0.0,0.0,34.6696875,0.0,0.0,0.0,0.0,0.0,0.0,0.0,0.0,0.0,1,0.0,0.0,0.0,0.0,0.0,0.0,0.0,0.0,0.0
A000653,0.0,0.0,0.0,0.0,0.0,0.0,0.0,0.0,0.0,0.0,0.0,0.0,0.0,0.0,0.0,0.0,0.0,0.0,0.0,0.0,34.57530092592592,0.0,0.0,0.0,0.0,0.0,0.0,0.0,0.0,0.0,7,0.0,0.0,0.0,0.0,0.0,0.0,0.0,0.0,0.0
A000654,3.0,7430.0,2476.6666666666665,2.0,1.0,1.0,1.0,2.0,1.0,0.0,0.0,0.08147194705005699,0.0,0.0,0.0,0.0,1.0,0.0,0.0,0.3333333333333333,45.865949074074074,0.0,0.0,2.0,0.0,0.0,0.0,0.0,0.0,0.0,0,4.5,7.0,8.0,7.0,6.0,5.0,1.0,0.0,0.0
A000655,1.0,18410.0,18410.0,1.0,1.0,1.0,1.0,1.0,0.0,0.0,0.0,0.0,0.0,0.0,0.0,0.0,0.0,0.0,0.0,0.0,26.2690625,0.0,0.0,1.0,0.0,0.0,0.0,0.0,0.0,0.0,0,1.0,0.0,3.0,2.0,3.0,2.0,1.0,0.0,0.0
A000656,0.0,0.0,0.0,0.0,0.0,0.0,0.0,0.0,0.0,0.0,0.0,0.0,0.0,0.0,0.0,0.0,0.0,0.0,0.0,0.0,25.66287037037037,0.0,0.0,0.0,0.0,0.0,0.0,0.0,0.0,0.0,1,0.0,0.0,0.0,0.0,0.0,0.0,0.0,0.0,0.0
A000657,1.0,6970.0,6970.0,1.0,1.0,1.0,1.0,1.0,0.0,0.0,0.0,0.0,0.0,0.0,0.0,0.0,0.0,0.0,0.0,0.0,45.5665625,0.0,0.0,1.0,0.0,0.0,0.0,0.0,0.0,0.0,6,4.0,3.0,7.0,6.0,2.0,1.0,3.0,2.0,0.0
A000658,1.0,13770.0,13770.0,1.0,1.0,1.0,1.0,1.0,0.0,0.0,0.0,0.0,0.0,0.0,0.0,0.0,0.0,0.0,0.0,0.0,33.784618055555555,0.0,0.0,1.0,0.0,0.0,0.0,0.0,0.0,0.0,3,1.0,0.0,7.0,6.0,2.0,1.0,1.0,0.0,0.0
A000659,0.0,0.0,0.0,0.0,0.0,0.0,0.0,0.0,0.0,0.0,0.0,0.0,0.0,0.0,0.0,0.0,0.0,0.0,0.0,0.0,48.546909722222225,0.0,0.0,0.0,0.0,0.0,0.0,0.0,0.0,0.0,3,0.0,0.0,0.0,0.0,0.0,0.0,0.0,0.0,0.0
A000660,1.0,3080.0,3080.0,1.0,1.0,1.0,1.0,1.0,0.0,0.0,0.0,0.1345616883116883,0.0,0.0,0.0,0.0,0.0,0.0,0.0,0.0,30.930810185185184,0.0,0.0,1.0,0.0,0.0,0.0,0.0,0.0,0.0,3,4.0,3.0,7.0,6.0,3.0,2.0,2.0,1.0,1.0
A000661,4.0,7030.0,1757.5,1.0,1.0,1.0,2.0,2.0,0.0,2.0,0.0,0.0,0.0,0.0,0.0,0.0,0.0,0.0,0.0,0.0,31.94144675925926,0.0,2.0,4.0,0.0,0.0,0.0,0.0,0.0,0.0,1,2.0,1.0,6.0,5.0,2.0,1.0,1.0,0.0,1.0
A000662,0.0,0.0,0.0,0.0,0.0,0.0,0.0,0.0,0.0,0.0,0.0,0.0,0.0,0.0,0.0,0.0,0.0,0.0,0.0,0.0,26.007430555555555,0.0,0.0,0.0,0.0,0.0,0.0,0.0,0.0,0.0,7,0.0,0.0,0.0,0.0,0.0,0.0,0.0,0.0,0.0
A000663,2.0,8110.0,4055.0,1.0,1.0,1.0,1.0,1.0,0.0,1.0,0.0,0.0,0.0,0.0,0.0,0.0,0.0,0.0,0.0,0.0,43.85332175925926,0.0,0.0,1.0,0.0,0.0,0.0,0.0,0.0,0.0,0,8.0,7.0,10.0,9.0,8.0,7.0,4.0,3.0,0.0
A000664,2.0,4920.0,2460.0,1.0,1.0,1.0,1.0,2.0,0.0,0.0,0.0,0.0,0.0,0.0,0.0,0.0,0.0,0.0,0.0,0.0,41.67115740740741,0.0,1.0,1.0,0.0,0.0,0.0,0.0,0.0,0.0,1,5.0,4.0,7.0,6.0,2.0,1.0,5.0,4.0,1.0
A000665,2.0,9220.0,4610.0,2.0,1.0,1.0,2.0,1.0,0.0,1.0,0.0,0.0326475,0.0,0.0,0.0,0.0,0.0,0.0,0.0,0.0,31.468599537037036,0.0,0.0,2.0,0.0,0.0,0.0,0.0,0.0,0.0,1,1.5,1.0,8.0,7.0,2.0,1.0,1.0,0.0,0.0
A000666,4.0,4830.0,1207.5,2.0,2.0,1.0,2.0,4.0,0.0,0.0,0.0,0.0,0.0,0.0,0.0,0.0,0.0,0.0,0.0,0.0,41.86143518518519,0.0,0.0,1.0,0.0,0.0,0.0,0.0,0.0,0.0,5,1.5,1.0,9.5,17.0,1.0,0.0,3.0,4.0,0.0
A000667,0.0,0.0,0.0,0.0,0.0,0.0,0.0,0.0,0.0,0.0,0.0,0.0,0.0,0.0,0.0,0.0,0.0,0.0,0.0,0.0,41.85400462962963,0.0,0.0,0.0,0.0,0.0,0.0,0.0,0.0,0.0,5,0.0,0.0,0.0,0.0,0.0,0.0,0.0,0.0,0.0
A000668,0.0,0.0,0.0,0.0,0.0,0.0,0.0,0.0,0.0,0.0,0.0,0.0,0.0,0.0,0.0,0.0,0.0,0.0,0.0,0.0,26.861493055555556,0.0,0.0,0.0,0.0,0.0,0.0,0.0,0.0,0.0,4,0.0,0.0,0.0,0.0,0.0,0.0,0.0,0.0,0.0
A000669,0.0,0.0,0.0,0.0,0.0,0.0,0.0,0.0,0.0,0.0,0.0,0.0,0.0,0.0,0.0,0.0,0.0,0.0,0.0,0.0,46.25813657407407,0.0,0.0,0.0,0.0,0.0,0.0,0.0,0.0,0.0,1,0.0,0.0,0.0,0.0,0.0,0.0,0.0,0.0,0.0
A000670,1.0,1500.0,1500.0,1.0,1.0,1.0,1.0,1.0,0.0,0.0,0.0,0.0,0.0,0.0,0.0,0.0,0.0,0.0,0.0,0.0,35.594594907407405,0.0,0.0,1.0,0.0,0.0,0.0,0.0,0.0,0.0,4,1.0,0.0,7.0,6.0,3.0,2.0,6.0,5.0,0.0
A000671,1.0,2430.0,2430.0,1.0,1.0,1.0,1.0,1.0,0.0,0.0,0.0,0.09431687242798353,0.0,0.0,0.0,0.0,1.0,0.0,0.0,1.0,38.60510416666666,0.0,0.0,1.0,0.0,0.0,0.0,0.0,0.0,0.0,7,6.0,5.0,6.0,5.0,1.0,0.0,4.0,3.0,0.0
A000672,0.0,0.0,0.0,0.0,0.0,0.0,0.0,0.0,0.0,0.0,0.0,0.0,0.0,0.0,0.0,0.0,0.0,0.0,0.0,0.0,37.99582175925926,0.0,0.0,0.0,0.0,0.0,0.0,0.0,0.0,0.0,1,0.0,0.0,0.0,0.0,0.0,0.0,0.0,0.0,0.0
A000673,4.0,26430.0,6607.5,1.0,2.0,1.0,1.0,3.0,0.0,1.0,0.0,0.04604285714285714,1.0,96.0,1.0,1410.0,0.0,0.3333333333333333,0.25,0.0,28.940775462962964,1.0,1.0,4.0,0.0,0.0,1.0,0.25,1.0,0.0,3,4.0,3.0,7.5,13.0,2.0,1.0,2.0,1.0,2.0
A000674,5.0,21140.0,4228.0,1.0,1.0,1.0,1.0,4.0,0.0,1.0,0.0,0.020873513513513513,0.0,0.0,0.0,0.0,0.0,0.0,0.0,0.0,30.911238425925927,0.0,0.0,5.0,0.0,0.0,0.0,0.0,0.0,0.0,3,1.0,0.0,1.0,0.0,3.0,2.0,2.0,1.0,0.0
A000675,0.0,0.0,0.0,0.0,0.0,0.0,0.0,0.0,0.0,0.0,0.0,0.0,0.0,0.0,0.0,0.0,0.0,0.0,0.0,0.0,32.608831018518515,0.0,0.0,0.0,0.0,0.0,0.0,0.0,0.0,0.0,1,0.0,0.0,0.0,0.0,0.0,0.0,0.0,0.0,0.0
A000676,3.0,3620.0,1206.6666666666667,1.0,2.0,1.0,2.0,2.0,0.0,1.0,0.0,0.06414319769243605,0.0,0.0,0.0,0.0,0.0,0.0,0.0,0.0,34.758668981481485,1.0,1.0,2.0,0.0,0.0,0.0,0.0,1.0,0.0,2,1.0,0.0,4.5,7.0,5.0,4.0,3.0,4.0,0.0
A000677,0.0,0.0,0.0,0.0,0.0,0.0,0.0,0.0,0.0,0.0,0.0,0.0,0.0,0.0,0.0,0.0,0.0,0.0,0.0,0.0,40.06130787037037,0.0,0.0,0.0,0.0,0.0,0.0,0.0,0.0,0.0,3,0.0,0.0,0.0,0.0,0.0,0.0,0.0,0.0,0.0
A000678,2.0,3600.0,1800.0,1.0,2.0,1.0,1.0,1.0,1.0,0.0,0.0,0.04850714285714285,0.0,0.0,0.0,0.0,0.0,0.0,0.0,0.0,21.400671296296295,0.0,0.0,2.0,0.0,0.0,0.0,0.0,0.0,0.0,0,2.0,1.0,2.0,2.0,5.0,4.0,3.0,2.0,0.0
A000679,0.0,0.0,0.0,0.0,0.0,0.0,0.0,0.0,0.0,0.0,0.0,0.0,0.0,0.0,0.0,0.0,0.0,0.0,0.0,0.0,25.465775462962963,0.0,0.0,0.0,0.0,0.0,0.0,0.0,0.0,0.0,6,0.0,0.0,0.0,0.0,0.0,0.0,0.0,0.0,0.0
A000680,2.0,3230.0,1615.0,1.0,2.0,1.0,1.0,2.0,0.0,0.0,0.0,0.0,0.0,0.0,0.0,0.0,0.0,0.0,0.0,0.0,41.599768518518516,0.0,0.0,1.0,0.0,0.0,0.0,0.0,0.0,0.0,4,2.0,1.0,7.5,13.0,3.0,2.0,1.0,0.0,0.0
A000681,3.0,15440.0,5146.666666666667,2.0,1.0,1.0,2.0,2.0,0.0,1.0,0.0,0.0,0.0,0.0,0.0,0.0,0.0,0.0,0.0,0.0,24.117847222222224,0.0,1.0,3.0,0.0,0.0,0.0,0.0,0.0,0.0,1,6.5,11.0,1.0,0.0,1.0,0.0,2.5,3.0,3.0
A000682,2.0,8240.0,4120.0,2.0,1.0,1.0,1.0,2.0,0.0,0.0,0.0,0.0,0.0,0.0,0.0,0.0,0.0,0.0,0.0,0.0,36.866840277777776,0.0,0.0,1.0,0.0,0.0,0.0,0.0,0.0,0.0,1,2.0,2.0,9.0,8.0,2.0,1.0,3.0,2.0,0.0
A000683,2.0,20150.0,10075.0,1.0,2.0,1.0,1.0,1.0,0.0,1.0,0.0,0.0,0.0,0.0,0.0,0.0,0.0,0.0,0.0,0.0,34.58900462962963,0.0,0.0,2.0,0.0,0.0,0.0,0.0,0.0,0.0,7,5.0,4.0,8.5,15.0,1.0,0.0,2.0,1.0,1.0
A000684,3.0,10390.0,3463.3333333333335,2.0,1.0,1.0,1.0,3.0,0.0,0.0,0.0,0.0,0.0,0.0,0.0,0.0,0.0,0.0,0.0,0.0,39.525613425925926,0.0,2.0,2.0,0.0,0.0,0.0,0.0,0.0,0.0,4,3.5,5.0,20.0,19.0,6.0,5.0,4.0,3.0,1.0
A000685,1.0,17160.0,17160.0,1.0,1.0,1.0,1.0,1.0,0.0,0.0,0.0,0.0,0.0,0.0,0.0,0.0,0.0,0.0,0.0,0.0,22.52145833333333,0.0,0.0,1.0,0.0,0.0,0.0,0.0,0.0,0.0,2,5.0,4.0,1.0,0.0,2.0,1.0,1.0,0.0,1.0
A000686,5.0,13980.0,2796.0,2.0,1.0,1.0,1.0,4.0,1.0,0.0,0.2,0.07173435897435897,1.0,72.0,1.0,4570.0,0.0,0.25,0.2,0.0,38.567569444444445,0.0,0.0,4.0,0.0,0.0,1.0,0.25,0.0,0.0,7,5.5,9.0,4.0,3.0,11.0,10.0,3.0,2.0,1.0
A000687,5.0,10950.0,2190.0,1.0,1.0,1.0,1.0,4.0,1.0,0.0,0.2,0.061062980769230765,0.0,0.0,0.0,0.0,0.0,0.0,0.0,0.0,38.308935185185184,0.0,0.0,3.0,0.0,0.0,0.0,0.0,0.0,0.0,0,3.0,2.0,8.0,7.0,3.0,2.0,3.0,2.0,0.0
A000688,2.0,2110.0,1055.0,1.0,1.0,1.0,1.0,2.0,0.0,0.0,0.0,0.0,0.0,0.0,0.0,0.0,0.0,0.0,0.0,0.0,32.90252314814815,0.0,0.0,2.0,0.0,0.0,0.0,0.0,0.0,0.0,3,2.0,1.0,3.0,2.0,1.0,0.0,1.0,0.0,0.0
A000689,0.0,0.0,0.0,0.0,0.0,0.0,0.0,0.0,0.0,0.0,0.0,0.0,0.0,0.0,0.0,0.0,0.0,0.0,0.0,0.0,35.24091435185185,0.0,0.0,0.0,0.0,0.0,0.0,0.0,0.0,0.0,3,0.0,0.0,0.0,0.0,0.0,0.0,0.0,0.0,0.0
A000690,0.0,0.0,0.0,0.0,0.0,0.0,0.0,0.0,0.0,0.0,0.0,0.0,0.0,0.0,0.0,0.0,0.0,0.0,0.0,0.0,44.504641203703706,0.0,0.0,0.0,0.0,0.0,0.0,0.0,0.0,0.0,3,0.0,0.0,0.0,0.0,0.0,0.0,0.0,0.0,0.0
A000691,2.0,19710.0,9855.0,1.0,1.0,1.0,1.0,2.0,0.0,0.0,0.0,0.04235307517084282,0.0,0.0,0.0,0.0,0.0,0.0,0.0,0.0,31.23491898148148,0.0,1.0,2.0,0.0,0.0,0.0,0.0,0.0,0.0,1,4.0,3.0,4.0,3.0,3.0,2.0,2.0,1.0,0.0
A000692,5.0,13860.0,2772.0,2.0,1.0,1.0,1.0,5.0,0.0,0.0,0.0,0.03881514308426073,0.0,0.0,0.0,0.0,0.0,0.0,0.0,0.0,36.53333333333333,0.0,0.0,4.0,0.0,0.0,0.0,0.0,0.0,0.0,2,4.0,6.0,5.0,4.0,3.0,2.0,2.0,1.0,0.0
A000693,1.0,3960.0,3960.0,1.0,1.0,1.0,1.0,0.0,0.0,1.0,0.0,0.0,0.0,0.0,0.0,0.0,0.0,0.0,0.0,0.0,37.23855324074074,1.0,1.0,1.0,0.0,0.0,0.0,0.0,1.0,0.0,2,3.0,2.0,4.0,3.0,4.0,3.0,3.0,2.0,0.0
A000694,1.0,13530.0,13530.0,1.0,1.0,1.0,1.0,1.0,0.0,0.0,0.0,0.0,0.0,0.0,0.0,0.0,0.0,0.0,0.0,0.0,40.57851851851852,0.0,1.0,1.0,0.0,0.0,0.0,0.0,0.0,0.0,3,1.0,0.0,7.0,6.0,3.0,2.0,5.0,4.0,0.0
A000695,5.0,19060.0,3812.0,1.0,1.0,1.0,1.0,4.0,1.0,0.0,0.0,0.0,0.0,0.0,0.0,0.0,0.0,0.0,0.0,0.0,30.642789351851853,0.0,2.0,5.0,0.0,0.0,0.0,0.0,0.0,0.0,6,3.0,2.0,6.0,5.0,7.0,6.0,1.0,0.0,1.0
A000696,2.0,7220.0,3610.0,1.0,1.0,1.0,2.0,2.0,0.0,0.0,0.0,0.0,0.0,0.0,0.0,0.0,0.0,0.0,0.0,0.0,41.15405092592592,0.0,0.0,1.0,0.0,0.0,0.0,0.0,0.0,0.0,2,2.0,1.0,5.0,4.0,2.0,1.0,3.5,5.0,0.0
A000697,1.0,3280.0,3280.0,1.0,1.0,1.0,1.0,1.0,0.0,0.0,0.0,0.0,0.0,0.0,0.0,0.0,0.0,0.0,0.0,0.0,49.42678240740741,0.0,0.0,1.0,0.0,0.0,0.0,0.0,0.0,0.0,0,5.0,4.0,20.0,19.0,7.0,6.0,3.0,2.0,0.0
A000698,1.0,2870.0,2870.0,1.0,1.0,1.0,1.0,1.0,0.0,0.0,0.0,0.0,0.0,0.0,0.0,0.0,0.0,0.0,0.0,0.0,45.290104166666666,0.0,0.0,1.0,0.0,0.0,0.0,0.0,0.0,0.0,3,10.0,9.0,8.0,7.0,2.0,1.0,8.0,7.0,0.0
A000699,0.0,0.0,0.0,0.0,0.0,0.0,0.0,0.0,0.0,0.0,0.0,0.0,0.0,0.0,0.0,0.0,0.0,0.0,0.0,0.0,27.433611111111112,0.0,0.0,0.0,0.0,0.0,0.0,0.0,0.0,0.0,4,0.0,0.0,0.0,0.0,0.0,0.0,0.0,0.0,0.0
A000700,4.0,9570.0,2392.5,1.0,2.0,1.0,1.0,3.0,0.0,1.0,0.0,0.022145833333333333,0.0,0.0,0.0,0.0,0.0,0.0,0.0,0.0,23.516886574074075,0.0,0.0,4.0,0.0,0.0,0.0,0.0,0.0,0.0,4,2.0,1.0,4.0,6.0,4.0,3.0,2.0,1.0,0.0
A000701,1.0,3470.0,3470.0,1.0,1.0,1.0,1.0,1.0,0.0,0.0,0.0,0.0,0.0,0.0,0.0,0.0,0.0,0.0,0.0,0.0,30.632372685185185,0.0,0.0,1.0,0.0,0.0,0.0,0.0,0.0,0.0,8,1.0,0.0,15.0,14.0,3.0,2.0,4.0,3.0,0.0
A000702,1.0,590.0,590.0,1.0,1.0,1.0,1.0,1.0,0.0,0.0,0.0,0.0,0.0,0.0,0.0,0.0,0.0,0.0,0.0,0.0,27.78912037037037,0.0,0.0,1.0,0.0,0.0,0.0,0.0,0.0,0.0,2,2.0,1.0,4.0,3.0,1.0,0.0,2.0,1.0,0.0
A000703,7.0,24690.0,3527.1428571428573,2.0,2.0,1.0,1.0,6.0,0.0,1.0,0.0,0.028079447014624146,0.0,0.0,0.0,0.0,0.0,0.0,0.0,0.0,45.97902777777778,0.0,1.0,5.0,0.0,0.0,0.0,0.0,0.0,0.0,6,4.5,7.0,8.0,14.0,7.0,6.0,5.0,4.0,2.0
A000704,0.0,0.0,0.0,0.0,0.0,0.0,0.0,0.0,0.0,0.0,0.0,0.0,0.0,0.0,0.0,0.0,0.0,0.0,0.0,0.0,23.482719907407407,0.0,0.0,0.0,0.0,0.0,0.0,0.0,0.0,0.0,6,0.0,0.0,0.0,0.0,0.0,0.0,0.0,0.0,0.0
A000705,1.0,4690.0,4690.0,1.0,1.0,1.0,1.0,1.0,0.0,0.0,0.0,0.0,0.0,0.0,0.0,0.0,0.0,0.0,0.0,0.0,23.60050925925926,0.0,0.0,1.0,0.0,0.0,0.0,0.0,0.0,0.0,2,1.0,0.0,3.0,2.0,3.0,2.0,1.0,0.0,0.0
A000706,1.0,5280.0,5280.0,1.0,1.0,1.0,1.0,1.0,0.0,0.0,0.0,0.0,0.0,0.0,0.0,0.0,0.0,0.0,0.0,0.0,34.16695601851852,0.0,0.0,0.0,0.0,0.0,0.0,0.0,0.0,0.0,4,6.0,5.0,4.0,3.0,7.0,6.0,3.0,2.0,0.0
A000707,2.0,4190.0,2095.0,2.0,1.0,1.0,1.0,2.0,0.0,0.0,0.0,0.0,0.0,0.0,0.0,0.0,0.0,0.0,0.0,0.0,29.65965277777778,0.0,0.0,2.0,0.0,0.0,0.0,0.0,0.0,0.0,2,2.5,3.0,1.0,0.0,1.0,0.0,1.0,0.0,0.0
A000708,3.0,11650.0,3883.3333333333335,1.0,2.0,1.0,1.0,3.0,0.0,0.0,0.0,0.03986266666666667,0.0,0.0,0.0,0.0,0.0,0.0,0.0,0.0,28.3796875,0.0,0.0,3.0,0.0,0.0,0.0,0.0,0.0,0.0,4,1.0,0.0,2.0,2.0,1.0,0.0,1.0,0.0,0.0
A000709,0.0,0.0,0.0,0.0,0.0,0.0,0.0,0.0,0.0,0.0,0.0,0.0,0.0,0.0,0.0,0.0,0.0,0.0,0.0,0.0,42.601898148148145,0.0,0.0,0.0,0.0,0.0,0.0,0.0,0.0,0.0,2,0.0,0.0,0.0,0.0,0.0,0.0,0.0,0.0,0.0
A000710,0.0,0.0,0.0,0.0,0.0,0.0,0.0,0.0,0.0,0.0,0.0,0.0,0.0,0.0,0.0,0.0,0.0,0.0,0.0,0.0,29.178125,0.0,0.0,0.0,0.0,0.0,0.0,0.0,0.0,0.0,2,0.0,0.0,0.0,0.0,0.0,0.0,0.0,0.0,0.0
A000711,1.0,1870.0,1870.0,1.0,1.0,1.0,1.0,1.0,0.0,0.0,0.0,0.0,0.0,0.0,0.0,0.0,0.0,0.0,0.0,0.0,21.692268518518517,0.0,0.0,1.0,0.0,0.0,0.0,0.0,0.0,0.0,2,3.0,2.0,2.0,1.0,10.0,9.0,1.0,0.0,0.0
A000712,4.0,14300.0,3575.0,1.0,1.0,1.0,1.0,3.0,0.0,1.0,0.0,0.0498359674329502,0.0,0.0,0.0,0.0,0.0,0.0,0.0,0.0,34.21021990740741,0.0,0.0,3.0,0.0,0.0,0.0,0.0,0.0,0.0,2,1.0,0.0,10.0,9.0,2.0,1.0,2.0,1.0,0.0
A000713,0.0,0.0,0.0,0.0,0.0,0.0,0.0,0.0,0.0,0.0,0.0,0.0,0.0,0.0,0.0,0.0,0.0,0.0,0.0,0.0,49.326400462962965,0.0,0.0,0.0,0.0,0.0,0.0,0.0,0.0,0.0,3,0.0,0.0,0.0,0.0,0.0,0.0,0.0,0.0,0.0
A000714,0.0,0.0,0.0,0.0,0.0,0.0,0.0,0.0,0.0,0.0,0.0,0.0,0.0,0.0,0.0,0.0,0.0,0.0,0.0,0.0,22.088993055555555,0.0,0.0,0.0,0.0,0.0,0.0,0.0,0.0,0.0,8,0.0,0.0,0.0,0.0,0.0,0.0,0.0,0.0,0.0
A000715,4.0,23830.0,5957.5,1.0,2.0,1.0,1.0,3.0,1.0,0.0,0.0,0.05500788794538795,0.0,0.0,0.0,0.0,0.0,0.0,0.0,0.0,32.30340277777778,0.0,0.0,3.0,0.0,0.0,0.0,0.0,0.0,0.0,3,1.0,0.0,6.0,10.0,3.0,2.0,5.0,4.0,0.0
A000716,4.0,13000.0,3250.0,2.0,1.0,1.0,2.0,2.0,0.0,2.0,0.0,0.0,0.0,0.0,0.0,0.0,0.0,0.0,0.0,0.0,25.42796296296296,0.0,1.0,4.0,0.0,0.0,0.0,0.0,0.0,0.0,5,2.5,3.0,8.0,7.0,3.0,2.0,1.0,0.0,2.0
A000717,0.0,0.0,0.0,0.0,0.0,0.0,0.0,0.0,0.0,0.0,0.0,0.0,0.0,0.0,0.0,0.0,0.0,0.0,0.0,0.0,25.234444444444446,0.0,0.0,0.0,0.0,0.0,0.0,0.0,0.0,0.0,5,0.0,0.0,0.0,0.0,0.0,0.0,0.0,0.0,0.0
A000718,2.0,2910.0,1455.0,1.0,1.0,1.0,1.0,2.0,0.0,0.0,0.0,0.0,1.0,96.0,1.0,2460.0,0.0,0.5,0.5,0.0,29.564965277777777,0.0,0.0,2.0,0.0,0.0,1.0,0.5,0.0,0.0,4,4.0,3.0,2.0,1.0,1.0,0.0,2.0,1.0,0.0
A000719,6.0,45350.0,7558.333333333333,2.0,2.0,1.0,1.0,5.0,0.0,1.0,0.0,0.0,0.0,0.0,0.0,0.0,0.0,0.0,0.0,0.0,35.795092592592596,0.0,2.0,6.0,0.0,0.0,0.0,0.0,0.0,0.0,3,1.5,1.0,6.0,10.0,3.0,2.0,5.0,4.0,0.0
A000720,2.0,2560.0,1280.0,1.0,2.0,1.0,1.0,2.0,0.0,0.0,0.0,0.0,0.0,0.0,0.0,0.0,0.0,0.0,0.0,0.0,26.534791666666667,0.0,1.0,2.0,0.0,0.0,0.0,0.0,0.0,0.0,2,3.0,2.0,1.0,0.0,1.0,0.0,1.0,0.0,0.0
A000721,1.0,5190.0,5190.0,1.0,1.0,1.0,1.0,0.0,0.0,1.0,0.0,0.12393834296724471,0.0,0.0,0.0,0.0,0.0,0.0,0.0,0.0,42.918055555555554,0.0,0.0,1.0,0.0,0.0,0.0,0.0,0.0,0.0,2,1.0,0.0,8.0,7.0,6.0,5.0,3.0,2.0,0.0
A000722,3.0,5710.0,1903.3333333333333,1.0,2.0,1.0,1.0,2.0,0.0,1.0,0.0,0.0,0.0,0.0,0.0,0.0,0.0,0.0,0.0,0.0,40.834722222222226,1.0,1.0,3.0,0.0,0.0,0.0,0.0,1.0,0.0,7,1.0,0.0,4.0,6.0,2.0,1.0,4.0,3.0,0.0
A000723,2.0,10490.0,5245.0,1.0,1.0,1.0,2.0,1.0,0.0,1.0,0.0,0.0,0.0,0.0,0.0,0.0,0.0,0.0,0.0,0.0,25.54363425925926,1.0,1.0,2.0,0.0,0.0,0.0,0.0,1.0,0.0,2,2.0,1.0,3.0,2.0,3.0,2.0,1.5,1.0,0.0
A000724,0.0,0.0,0.0,0.0,0.0,0.0,0.0,0.0,0.0,0.0,0.0,0.0,0.0,0.0,0.0,0.0,0.0,0.0,0.0,0.0,21.094375,0.0,0.0,0.0,0.0,0.0,0.0,0.0,0.0,0.0,3,0.0,0.0,0.0,0.0,0.0,0.0,0.0,0.0,0.0
A000725,3.0,7780.0,2593.3333333333335,2.0,1.0,1.0,1.0,3.0,0.0,0.0,0.0,0.0,0.0,0.0,0.0,0.0,0.0,0.0,0.0,0.0,27.82465277777778,0.0,1.0,3.0,0.0,0.0,0.0,0.0,0.0,0.0,2,2.0,2.0,3.0,2.0,1.0,0.0,3.0,2.0,0.0
A000726,1.0,2580.0,2580.0,1.0,1.0,1.0,1.0,0.0,0.0,1.0,0.0,0.0,0.0,0.0,0.0,0.0,0.0,0.0,0.0,0.0,31.83939814814815,0.0,0.0,1.0,0.0,0.0,0.0,0.0,0.0,0.0,1,3.0,2.0,4.0,3.0,1.0,0.0,8.0,7.0,0.0
A000727,2.0,8850.0,4425.0,1.0,1.0,1.0,2.0,1.0,0.0,1.0,0.0,0.0,0.0,0.0,0.0,0.0,0.0,0.0,0.0,0.0,36.762881944444445,0.0,1.0,2.0,0.0,0.0,0.0,0.0,0.0,0.0,5,5.0,4.0,4.0,3.0,5.0,4.0,2.0,2.0,1.0
A000728,2.0,8470.0,4235.0,2.0,1.0,1.0,1.0,1.0,1.0,0.0,0.0,0.0,0.0,0.0,0.0,0.0,0.0,0.0,0.0,0.0,31.619907407407407,0.0,2.0,2.0,0.0,0.0,0.0,0.0,0.0,0.0,5,1.5,1.0,3.0,2.0,2.0,1.0,2.0,1.0,0.0
A000729,2.0,4610.0,2305.0,1.0,1.0,1.0,1.0,2.0,0.0,0.0,0.0,0.0,0.0,0.0,0.0,0.0,0.0,0.0,0.0,0.0,41.609722222222224,0.0,0.0,2.0,0.0,0.0,0.0,0.0,0.0,0.0,5,6.0,5.0,18.0,17.0,1.0,0.0,7.0,6.0,1.0
A000730,1.0,11410.0,11410.0,1.0,1.0,1.0,1.0,0.0,0.0,1.0,0.0,0.0,0.0,0.0,0.0,0.0,0.0,0.0,0.0,0.0,39.48645833333333,0.0,1.0,1.0,0.0,0.0,0.0,0.0,0.0,0.0,4,4.0,3.0,5.0,4.0,3.0,2.0,3.0,2.0,0.0
A000731,0.0,0.0,0.0,0.0,0.0,0.0,0.0,0.0,0.0,0.0,0.0,0.0,0.0,0.0,0.0,0.0,0.0,0.0,0.0,0.0,38.11050925925926,0.0,0.0,0.0,0.0,0.0,0.0,0.0,0.0,0.0,5,0.0,0.0,0.0,0.0,0.0,0.0,0.0,0.0,0.0
A000732,0.0,0.0,0.0,0.0,0.0,0.0,0.0,0.0,0.0,0.0,0.0,0.0,0.0,0.0,0.0,0.0,0.0,0.0,0.0,0.0,41.56957175925926,0.0,0.0,0.0,0.0,0.0,0.0,0.0,0.0,0.0,4,0.0,0.0,0.0,0.0,0.0,0.0,0.0,0.0,0.0
A000733,0.0,0.0,0.0,0.0,0.0,0.0,0.0,0.0,0.0,0.0,0.0,0.0,0.0,0.0,0.0,0.0,0.0,0.0,0.0,0.0,25.04347222222222,0.0,0.0,0.0,0.0,0.0,0.0,0.0,0.0,0.0,3,0.0,0.0,0.0,0.0,0.0,0.0,0.0,0.0,0.0
A000734,0.0,0.0,0.0,0.0,0.0,0.0,0.0,0.0,0.0,0.0,0.0,0.0,0.0,0.0,0.0,0.0,0.0,0.0,0.0,0.0,48.86408564814815,0.0,0.0,0.0,0.0,0.0,0.0,0.0,0.0,0.0,1,0.0,0.0,0.0,0.0,0.0,0.0,0.0,0.0,0.0
A000735,3.0,14240.0,4746.666666666667,1.0,1.0,1.0,2.0,3.0,0.0,0.0,0.0,0.035547244094488194,0.0,0.0,0.0,0.0,0.0,0.0,0.0,0.0,40.252233796296295,0.0,0.0,2.0,0.0,0.0,0.0,0.0,0.0,0.0,0,3.0,2.0,11.0,10.0,5.0,4.0,2.0,2.0,1.0
A000736,1.0,5200.0,5200.0,1.0,1.0,1.0,1.0,1.0,0.0,0.0,0.0,0.0,0.0,0.0,0.0,0.0,0.0,0.0,0.0,0.0,43.19884259259259,0.0,0.0,1.0,0.0,0.0,0.0,0.0,0.0,0.0,3,3.0,2.0,5.0,4.0,6.0,5.0,4.0,3.0,0.0
A000737,2.0,11140.0,5570.0,1.0,2.0,1.0,1.0,1.0,0.0,1.0,0.0,0.0,0.0,0.0,0.0,0.0,0.0,0.0,0.0,0.0,45.98846064814815,0.0,0.0,1.0,0.0,0.0,0.0,0.0,0.0,0.0,5,6.0,5.0,8.5,15.0,2.0,1.0,3.0,2.0,0.0
A000738,3.0,10850.0,3616.6666666666665,1.0,1.0,1.0,2.0,1.0,1.0,1.0,0.0,0.0,0.0,0.0,0.0,0.0,0.0,0.0,0.0,0.0,46.655011574074074,0.0,1.0,2.0,0.0,0.0,0.0,0.0,0.0,0.0,1,4.0,3.0,18.0,17.0,11.0,10.0,2.0,2.0,2.0
A000739,4.0,5620.0,1405.0,1.0,2.0,1.0,1.0,3.0,0.0,1.0,0.0,0.031965909090909086,0.0,0.0,0.0,0.0,0.0,0.0,0.0,0.0,38.68818287037037,0.0,0.0,4.0,0.0,0.0,0.0,0.0,0.0,0.0,3,1.0,0.0,4.5,7.0,1.0,0.0,1.0,0.0,0.0
A000740,1.0,14130.0,14130.0,1.0,1.0,1.0,1.0,0.0,0.0,1.0,0.0,0.06461924982307149,0.0,0.0,0.0,0.0,0.0,0.0,0.0,0.0,22.568854166666668,1.0,1.0,1.0,0.0,0.0,0.0,0.0,1.0,0.0,2,10.0,9.0,1.0,0.0,4.0,3.0,1.0,0.0,0.0
A000741,1.0,19830.0,19830.0,1.0,1.0,1.0,1.0,1.0,0.0,0.0,0.0,0.0,0.0,0.0,0.0,0.0,0.0,0.0,0.0,0.0,45.53505787037037,0.0,0.0,0.0,0.0,0.0,0.0,0.0,0.0,0.0,6,3.0,2.0,4.0,3.0,2.0,1.0,1.0,0.0,0.0
A000742,1.0,3740.0,3740.0,1.0,1.0,1.0,1.0,0.0,0.0,1.0,0.0,0.0,0.0,0.0,0.0,0.0,0.0,0.0,0.0,0.0,24.54568287037037,0.0,1.0,1.0,0.0,0.0,0.0,0.0,0.0,0.0,3,1.0,0.0,3.0,2.0,3.0,2.0,2.0,1.0,0.0
A000743,2.0,5960.0,2980.0,1.0,2.0,1.0,1.0,1.0,0.0,1.0,0.0,0.0,0.0,0.0,0.0,0.0,0.0,0.0,0.0,0.0,22.945868055555554,0.0,1.0,2.0,0.0,0.0,0.0,0.0,0.0,0.0,3,1.0,0.0,1.0,0.0,3.0,2.0,4.0,3.0,0.0
A000744,0.0,0.0,0.0,0.0,0.0,0.0,0.0,0.0,0.0,0.0,0.0,0.0,0.0,0.0,0.0,0.0,0.0,0.0,0.0,0.0,22.785046296296297,0.0,0.0,0.0,0.0,0.0,0.0,0.0,0.0,0.0,3,0.0,0.0,0.0,0.0,0.0,0.0,0.0,0.0,0.0
A000745,2.0,5050.0,2525.0,1.0,1.0,1.0,1.0,1.0,1.0,0.0,0.0,0.0,0.0,0.0,0.0,0.0,0.0,0.0,0.0,0.0,45.998078703703705,0.0,0.0,2.0,0.0,0.0,0.0,0.0,0.0,0.0,5,3.0,2.0,5.0,4.0,3.0,2.0,2.0,1.0,0.0
A000746,1.0,2140.0,2140.0,1.0,1.0,1.0,1.0,0.0,0.0,1.0,0.0,0.0,0.0,0.0,0.0,0.0,0.0,0.0,0.0,0.0,36.190868055555555,1.0,1.0,1.0,0.0,0.0,0.0,0.0,1.0,0.0,3,2.0,1.0,5.0,4.0,1.0,0.0,2.0,1.0,0.0
A000747,0.0,0.0,0.0,0.0,0.0,0.0,0.0,0.0,0.0,0.0,0.0,0.0,0.0,0.0,0.0,0.0,0.0,0.0,0.0,0.0,24.339375,0.0,0.0,0.0,0.0,0.0,0.0,0.0,0.0,0.0,0,0.0,0.0,0.0,0.0,0.0,0.0,0.0,0.0,0.0
A000748,2.0,21790.0,10895.0,2.0,1.0,1.0,1.0,1.0,0.0,1.0,0.0,0.0,0.0,0.0,0.0,0.0,0.0,0.0,0.0,0.0,29.38457175925926,0.0,0.0,2.0,0.0,0.0,0.0,0.0,0.0,0.0,0,3.5,5.0,5.0,4.0,2.0,1.0,2.0,1.0,0.0
A000749,2.0,6340.0,3170.0,1.0,2.0,1.0,2.0,2.0,0.0,0.0,0.0,0.042908713692946056,0.0,0.0,0.0,0.0,0.0,0.0,0.0,0.0,25.856643518518517,0.0,0.0,2.0,0.0,0.0,0.0,0.0,0.0,0.0,0,4.0,3.0,7.0,12.0,2.0,1.0,1.5,1.0,0.0
A000750,0.0,0.0,0.0,0.0,0.0,0.0,0.0,0.0,0.0,0.0,0.0,0.0,0.0,0.0,0.0,0.0,0.0,0.0,0.0,0.0,35.313854166666665,0.0,0.0,0.0,0.0,0.0,0.0,0.0,0.0,0.0,1,0.0,0.0,0.0,0.0,0.0,0.0,0.0,0.0,0.0
A000751,2.0,1690.0,845.0,2.0,1.0,1.0,1.0,2.0,0.0,0.0,0.0,0.04991578947368421,0.0,0.0,0.0,0.0,0.0,0.0,0.0,0.0,33.98663194444445,0.0,0.0,1.0,0.0,0.0,0.0,0.0,0.0,0.0,3,3.0,4.0,10.0,9.0,2.0,1.0,2.0,1.0,0.0
A000752,2.0,6500.0,3250.0,1.0,1.0,1.0,1.0,1.0,0.0,1.0,0.0,0.0,0.0,0.0,0.0,0.0,0.0,0.0,0.0,0.0,26.90224537037037,1.0,1.0,2.0,0.0,0.0,0.0,0.0,1.0,0.0,4,4.0,3.0,1.0,0.0,1.0,0.0,1.0,0.0,2.0
A000753,0.0,0.0,0.0,0.0,0.0,0.0,0.0,0.0,0.0,0.0,0.0,0.0,0.0,0.0,0.0,0.0,0.0,0.0,0.0,0.0,31.07208333333333,0.0,0.0,0.0,0.0,0.0,0.0,0.0,0.0,0.0,5,0.0,0.0,0.0,0.0,0.0,0.0,0.0,0.0,0.0
A000754,2.0,2330.0,1165.0,2.0,1.0,1.0,1.0,2.0,0.0,0.0,0.0,0.0,0.0,0.0,0.0,0.0,0.0,0.0,0.0,0.0,49.078541666666666,0.0,0.0,2.0,0.0,0.0,0.0,0.0,0.0,0.0,2,8.0,14.0,20.0,19.0,8.0,7.0,7.0,6.0,1.0
A000755,2.0,19260.0,9630.0,1.0,1.0,1.0,1.0,2.0,0.0,0.0,0.0,0.0,0.0,0.0,0.0,0.0,0.0,0.0,0.0,0.0,35.02267361111111,0.0,0.0,2.0,0.0,0.0,0.0,0.0,0.0,0.0,6,1.0,0.0,4.0,3.0,4.0,3.0,3.0,2.0,0.0
A000756,1.0,4990.0,4990.0,1.0,1.0,1.0,1.0,1.0,0.0,0.0,0.0,0.0,0.0,0.0,0.0,0.0,0.0,0.0,0.0,0.0,46.57114583333333,0.0,0.0,1.0,0.0,0.0,0.0,0.0,0.0,0.0,3,3.0,2.0,10.0,9.0,2.0,1.0,3.0,2.0,0.0
A000757,1.0,2940.0,2940.0,1.0,1.0,1.0,1.0,1.0,0.0,0.0,0.0,0.0,0.0,0.0,0.0,0.0,0.0,0.0,0.0,0.0,21.67673611111111,0.0,0.0,1.0,0.0,0.0,0.0,0.0,0.0,0.0,2,4.0,3.0,2.0,1.0,2.0,1.0,1.0,0.0,0.0
A000758,0.0,0.0,0.0,0.0,0.0,0.0,0.0,0.0,0.0,0.0,0.0,0.0,0.0,0.0,0.0,0.0,0.0,0.0,0.0,0.0,44.8428125,0.0,0.0,0.0,0.0,0.0,0.0,0.0,0.0,0.0,4,0.0,0.0,0.0,0.0,0.0,0.0,0.0,0.0,0.0
A000759,6.0,17660.0,2943.3333333333335,1.0,2.0,1.0,2.0,5.0,0.0,1.0,0.0,0.015044277360066834,0.0,0.0,0.0,0.0,0.0,0.0,0.0,0.0,37.681469907407404,0.0,1.0,5.0,0.0,0.0,0.0,0.0,0.0,0.0,3,4.0,3.0,5.0,8.0,2.0,1.0,2.5,3.0,2.0
A000760,1.0,370.0,370.0,1.0,1.0,1.0,1.0,1.0,0.0,0.0,0.0,0.0,0.0,0.0,0.0,0.0,0.0,0.0,0.0,0.0,27.87039351851852,0.0,0.0,1.0,0.0,0.0,0.0,0.0,0.0,0.0,0,1.0,0.0,9.0,8.0,1.0,0.0,2.0,1.0,0.0
A000761,1.0,17880.0,17880.0,1.0,1.0,1.0,1.0,1.0,0.0,0.0,0.0,0.1036778523489933,0.0,0.0,0.0,0.0,0.0,0.0,0.0,0.0,39.75320601851852,0.0,0.0,1.0,0.0,0.0,0.0,0.0,0.0,0.0,1,3.0,2.0,8.0,7.0,6.0,5.0,2.0,1.0,0.0
A000762,2.0,3990.0,1995.0,1.0,2.0,1.0,2.0,2.0,0.0,0.0,0.0,0.0,0.0,0.0,0.0,0.0,0.0,0.0,0.0,0.0,23.723055555555554,0.0,1.0,2.0,0.0,0.0,0.0,0.0,0.0,0.0,1,6.0,5.0,3.5,5.0,4.0,3.0,1.5,1.0,1.0
A000763,0.0,0.0,0.0,0.0,0.0,0.0,0.0,0.0,0.0,0.0,0.0,0.0,0.0,0.0,0.0,0.0,0.0,0.0,0.0,0.0,26.184305555555557,0.0,0.0,0.0,0.0,0.0,0.0,0.0,0.0,0.0,2,0.0,0.0,0.0,0.0,0.0,0.0,0.0,0.0,0.0
A000764,5.0,15010.0,3002.0,2.0,1.0,1.0,2.0,4.0,0.0,1.0,0.0,0.026929778933680103,0.0,0.0,0.0,0.0,0.0,0.0,0.0,0.0,43.17855324074074,1.0,1.0,4.0,0.0,0.0,0.0,0.0,1.0,0.0,4,3.5,5.0,10.0,9.0,5.0,4.0,4.0,6.0,0.0
A000765,6.0,16530.0,2755.0,2.0,2.0,1.0,2.0,5.0,0.0,1.0,0.0,0.022010971490586284,0.0,0.0,0.0,0.0,0.0,0.0,0.0,0.0,28.284189814814816,0.0,1.0,6.0,0.0,0.0,0.0,0.0,0.0,0.0,2,3.5,5.0,1.5,1.0,1.0,0.0,2.0,2.0,1.0
A000766,1.0,1900.0,1900.0,1.0,1.0,1.0,1.0,0.0,0.0,1.0,0.0,0.06851578947368421,0.0,0.0,0.0,0.0,0.0,0.0,0.0,0.0,43.56319444444444,0.0,1.0,1.0,0.0,0.0,0.0,0.0,0.0,0.0,0,4.0,3.0,6.0,5.0,8.0,7.0,3.0,2.0,0.0
A000767,1.0,870.0,870.0,1.0,1.0,1.0,1.0,0.0,0.0,1.0,0.0,0.08114942528735632,0.0,0.0,0.0,0.0,0.0,0.0,0.0,0.0,24.10209490740741,0.0,0.0,1.0,0.0,0.0,0.0,0.0,0.0,0.0,1,5.0,4.0,3.0,2.0,1.0,0.0,3.0,2.0,1.0
A000768,6.0,29500.0,4916.666666666667,1.0,2.0,1.0,1.0,6.0,0.0,0.0,0.0,0.0,0.0,0.0,0.0,0.0,0.0,0.0,0.0,0.0,23.443796296296295,0.0,0.0,6.0,0.0,0.0,0.0,0.0,0.0,0.0,3,2.0,1.0,2.0,2.0,1.0,0.0,1.0,0.0,1.0
A000769,0.0,0.0,0.0,0.0,0.0,0.0,0.0,0.0,0.0,0.0,0.0,0.0,0.0,0.0,0.0,0.0,0.0,0.0,0.0,0.0,47.213240740740744,0.0,0.0,0.0,0.0,0.0,0.0,0.0,0.0,0.0,2,0.0,0.0,0.0,0.0,0.0,0.0,0.0,0.0,0.0
A000770,9.0,64840.0,7204.444444444444,2.0,2.0,1.0,1.0,8.0,0.0,1.0,0.0,0.0323017372691695,0.0,0.0,0.0,0.0,0.0,0.0,0.0,0.0,41.863425925925924,0.0,1.0,6.0,0.0,0.0,0.0,0.0,0.0,0.0,5,2.5,3.0,7.0,12.0,3.0,2.0,2.0,1.0,1.0
A000771,0.0,0.0,0.0,0.0,0.0,0.0,0.0,0.0,0.0,0.0,0.0,0.0,0.0,0.0,0.0,0.0,0.0,0.0,0.0,0.0,48.04196759259259,0.0,0.0,0.0,0.0,0.0,0.0,0.0,0.0,0.0,1,0.0,0.0,0.0,0.0,0.0,0.0,0.0,0.0,0.0
A000772,0.0,0.0,0.0,0.0,0.0,0.0,0.0,0.0,0.0,0.0,0.0,0.0,0.0,0.0,0.0,0.0,0.0,0.0,0.0,0.0,47.48217592592592,0.0,0.0,0.0,0.0,0.0,0.0,0.0,0.0,0.0,3,0.0,0.0,0.0,0.0,0.0,0.0,0.0,0.0,0.0
A000773,1.0,1840.0,1840.0,1.0,1.0,1.0,1.0,1.0,0.0,0.0,0.0,0.0,0.0,0.0,0.0,0.0,0.0,0.0,0.0,0.0,37.34681712962963,0.0,1.0,1.0,0.0,0.0,0.0,0.0,0.0,0.0,4,6.0,5.0,5.0,4.0,2.0,1.0,2.0,1.0,2.0
A000774,2.0,20010.0,10005.0,1.0,2.0,1.0,1.0,2.0,0.0,0.0,0.0,0.0,0.0,0.0,0.0,0.0,0.0,0.0,0.0,0.0,40.195474537037036,0.0,0.0,2.0,0.0,0.0,0.0,0.0,0.0,0.0,3,7.0,6.0,4.0,6.0,2.0,1.0,4.0,3.0,1.0
A000775,2.0,4150.0,2075.0,1.0,1.0,1.0,2.0,1.0,1.0,0.0,0.0,0.0,0.0,0.0,0.0,0.0,0.0,0.0,0.0,0.0,31.08452546296296,1.0,2.0,2.0,0.0,0.0,0.0,0.0,1.0,0.0,5,3.0,2.0,2.0,1.0,3.0,2.0,1.5,1.0,1.0
A000776,1.0,9220.0,9220.0,1.0,1.0,1.0,1.0,0.0,0.0,1.0,0.0,0.0,0.0,0.0,0.0,0.0,0.0,0.0,0.0,0.0,49.235914351851854,0.0,1.0,1.0,0.0,0.0,0.0,0.0,0.0,0.0,2,6.0,5.0,15.0,14.0,7.0,6.0,1.0,0.0,0.0
A000777,4.0,11510.0,2877.5,1.0,2.0,1.0,1.0,4.0,0.0,0.0,0.0,0.015143854748603353,0.0,0.0,0.0,0.0,0.0,0.0,0.0,0.0,45.740960648148146,0.0,0.0,2.0,0.0,0.0,0.0,0.0,0.0,0.0,2,4.0,3.0,7.5,13.0,5.0,4.0,5.0,4.0,0.0
A000778,1.0,1210.0,1210.0,1.0,1.0,1.0,1.0,1.0,0.0,0.0,0.0,0.0,0.0,0.0,0.0,0.0,0.0,0.0,0.0,0.0,33.958391203703705,0.0,0.0,1.0,0.0,0.0,0.0,0.0,0.0,0.0,4,4.0,3.0,5.0,4.0,5.0,4.0,2.0,1.0,1.0
A000779,3.0,23030.0,7676.666666666667,1.0,1.0,1.0,1.0,1.0,0.0,2.0,0.0,0.02552268244575937,0.0,0.0,0.0,0.0,0.0,0.0,0.0,0.0,34.37068287037037,1.0,1.0,3.0,0.0,0.0,0.0,0.0,1.0,0.0,2,2.0,1.0,5.0,4.0,2.0,1.0,2.0,1.0,0.0
A000780,1.0,3550.0,3550.0,1.0,1.0,1.0,1.0,1.0,0.0,0.0,0.0,0.10245070422535212,0.0,0.0,0.0,0.0,0.0,0.0,0.0,0.0,37.721747685185186,0.0,0.0,1.0,0.0,0.0,0.0,0.0,0.0,0.0,1,3.0,2.0,4.0,3.0,6.0,5.0,1.0,0.0,1.0
A000781,1.0,380.0,380.0,1.0,1.0,1.0,1.0,1.0,0.0,0.0,0.0,0.0,0.0,0.0,0.0,0.0,0.0,0.0,0.0,0.0,38.56003472222222,0.0,0.0,0.0,0.0,0.0,0.0,0.0,0.0,0.0,5,4.0,3.0,15.0,14.0,3.0,2.0,4.0,3.0,0.0
A000782,0.0,0.0,0.0,0.0,0.0,0.0,0.0,0.0,0.0,0.0,0.0,0.0,0.0,0.0,0.0,0.0,0.0,0.0,0.0,0.0,40.50855324074074,0.0,0.0,0.0,0.0,0.0,0.0,0.0,0.0,0.0,3,0.0,0.0,0.0,0.0,0.0,0.0,0.0,0.0,0.0
A000783,2.0,13460.0,6730.0,1.0,1.0,1.0,1.0,2.0,0.0,0.0,0.0,0.0,0.0,0.0,0.0,0.0,0.0,0.0,0.0,0.0,28.182453703703704,0.0,1.0,2.0,0.0,0.0,0.0,0.0,0.0,0.0,2,1.0,0.0,1.0,0.0,2.0,1.0,2.0,1.0,0.0
A000784,0.0,0.0,0.0,0.0,0.0,0.0,0.0,0.0,0.0,0.0,0.0,0.0,0.0,0.0,0.0,0.0,0.0,0.0,0.0,0.0,29.283715277777777,0.0,0.0,0.0,0.0,0.0,0.0,0.0,0.0,0.0,1,0.0,0.0,0.0,0.0,0.0,0.0,0.0,0.0,0.0
A000785,3.0,22770.0,7590.0,1.0,2.0,1.0,1.0,3.0,0.0,0.0,0.0,0.04251606108478146,0.0,0.0,0.0,0.0,0.0,0.0,0.0,0.0,36.524293981481485,0.0,0.0,1.0,0.0,0.0,0.0,0.0,0.0,0.0,2,1.0,0.0,3.5,5.0,9.0,8.0,2.0,1.0,0.0
A000786,0.0,0.0,0.0,0.0,0.0,0.0,0.0,0.0,0.0,0.0,0.0,0.0,0.0,0.0,0.0,0.0,0.0,0.0,0.0,0.0,31.86318287037037,0.0,0.0,0.0,0.0,0.0,0.0,0.0,0.0,0.0,1,0.0,0.0,0.0,0.0,0.0,0.0,0.0,0.0,0.0
A000787,3.0,8890.0,2963.3333333333335,2.0,1.0,1.0,1.0,3.0,0.0,0.0,0.0,0.0,0.0,0.0,0.0,0.0,0.0,0.0,0.0,0.0,43.957002314814815,0.0,0.0,1.0,0.0,0.0,0.0,0.0,0.0,0.0,1,2.5,3.0,5.0,4.0,5.0,4.0,4.0,3.0,0.0
A000788,1.0,3420.0,3420.0,1.0,1.0,1.0,1.0,1.0,0.0,0.0,0.0,0.0,0.0,0.0,0.0,0.0,0.0,0.0,0.0,0.0,27.967789351851852,0.0,1.0,1.0,0.0,0.0,0.0,0.0,0.0,0.0,3,9.0,8.0,3.0,2.0,3.0,2.0,1.0,0.0,1.0
A000789,1.0,380.0,380.0,1.0,1.0,1.0,1.0,0.0,1.0,0.0,0.0,0.0,0.0,0.0,0.0,0.0,0.0,0.0,0.0,0.0,47.506516203703704,0.0,0.0,1.0,0.0,0.0,0.0,0.0,0.0,0.0,4,6.0,5.0,13.0,12.0,5.0,4.0,16.0,15.0,1.0
A000790,4.0,13570.0,3392.5,1.0,2.0,1.0,2.0,4.0,0.0,0.0,0.0,0.0,0.0,0.0,0.0,0.0,0.0,0.0,0.0,0.0,48.72579861111111,0.0,1.0,3.0,0.0,0.0,0.0,0.0,0.0,0.0,5,10.0,9.0,11.0,20.0,7.0,6.0,3.5,5.0,3.0
A000791,1.0,1360.0,1360.0,1.0,1.0,1.0,1.0,1.0,0.0,0.0,0.0,0.0,0.0,0.0,0.0,0.0,0.0,0.0,0.0,0.0,26.129872685185184,0.0,1.0,1.0,0.0,0.0,0.0,0.0,0.0,0.0,1,2.0,1.0,5.0,4.0,1.0,0.0,2.0,1.0,0.0
A000792,1.0,250.0,250.0,1.0,1.0,1.0,1.0,1.0,0.0,0.0,0.0,0.0,0.0,0.0,0.0,0.0,0.0,0.0,0.0,0.0,25.24253472222222,0.0,1.0,1.0,0.0,0.0,0.0,0.0,0.0,0.0,5,2.0,1.0,3.0,2.0,3.0,2.0,3.0,2.0,0.0
A000793,1.0,2460.0,2460.0,1.0,1.0,1.0,1.0,1.0,0.0,0.0,0.0,0.0,0.0,0.0,0.0,0.0,0.0,0.0,0.0,0.0,46.02087962962963,0.0,1.0,1.0,0.0,0.0,0.0,0.0,0.0,0.0,4,6.0,5.0,15.0,14.0,3.0,2.0,1.0,0.0,1.0
A000794,2.0,5280.0,2640.0,2.0,1.0,1.0,1.0,2.0,0.0,0.0,0.0,0.0,0.0,0.0,0.0,0.0,0.0,0.0,0.0,0.0,23.381412037037038,0.0,1.0,2.0,0.0,0.0,0.0,0.0,0.0,0.0,0,1.0,0.0,4.0,3.0,3.0,2.0,2.0,1.0,0.0
A000795,2.0,2600.0,1300.0,1.0,1.0,1.0,2.0,2.0,0.0,0.0,0.0,0.0,0.0,0.0,0.0,0.0,0.0,0.0,0.0,0.0,38.60537037037037,0.0,0.0,2.0,0.0,0.0,0.0,0.0,0.0,0.0,7,4.0,3.0,3.0,2.0,5.0,4.0,3.5,5.0,1.0
A000796,0.0,0.0,0.0,0.0,0.0,0.0,0.0,0.0,0.0,0.0,0.0,0.0,0.0,0.0,0.0,0.0,0.0,0.0,0.0,0.0,22.28439814814815,0.0,0.0,0.0,0.0,0.0,0.0,0.0,0.0,0.0,1,0.0,0.0,0.0,0.0,0.0,0.0,0.0,0.0,0.0
A000797,2.0,7580.0,3790.0,1.0,1.0,1.0,1.0,1.0,1.0,0.0,0.0,0.0,0.0,0.0,0.0,0.0,0.0,0.0,0.0,0.0,24.687083333333334,0.0,0.0,2.0,0.0,0.0,0.0,0.0,0.0,0.0,1,1.0,0.0,1.0,0.0,1.0,0.0,1.0,0.0,0.0
A000798,2.0,5340.0,2670.0,1.0,1.0,1.0,2.0,2.0,0.0,0.0,0.0,0.0,0.0,0.0,0.0,0.0,0.0,0.0,0.0,0.0,36.27849537037037,0.0,0.0,1.0,0.0,0.0,0.0,0.0,0.0,0.0,4,1.0,0.0,8.0,7.0,1.0,0.0,3.5,5.0,0.0
A000799,0.0,0.0,0.0,0.0,0.0,0.0,0.0,0.0,0.0,0.0,0.0,0.0,0.0,0.0,0.0,0.0,0.0,0.0,0.0,0.0,30.973854166666666,0.0,0.0,0.0,0.0,0.0,0.0,0.0,0.0,0.0,3,0.0,0.0,0.0,0.0,0.0,0.0,0.0,0.0,0.0
A000800,4.0,24948.0,6237.0,1.0,1.0,1.0,1.0,4.0,0.0,0.0,0.0,0.0,3.0,96.0,3.0,19941.0,0.0,0.75,0.75,0.0,41.0,0.0,0.0,0.0,0.0,0.0,2.0,0.0,0.0,0.0,0,8.0,7.0,1.0,0.0,1.0,0.0,1.0,0.0,9.0
A000801,4.0,24038.0,6009.5,1.0,1.0,1.0,1.0,4.0,0.0,0.0,0.0,0.0,3.0,80.0,3.0,19719.0,0.0,0.75,0.75,0.0,40.916666666666664,0.0,0.0,0.0,0.0,0.0,2.0,0.0,0.0,0.0,1,8.0,7.0,1.0,0.0,1.0,0.0,1.0,0.0,9.0
A000802,4.0,27710.0,6927.5,1.0,1.0,1.0,1.0,4.0,0.0,0.0,0.0,0.0,2.0,84.0,2.0,13176.0,0.0,0.5,0.5,0.0,40.833333333333336,0.0,0.0,0.0,0.0,0.0,0.0,0.0,0.0,0.0,7,8.0,7.0,1.0,0.0,1.0,0.0,1.0,0.0,9.0
A000803,4.0,26058.0,6514.5,1.0,1.0,1.0,1.0,4.0,0.0,0.0,0.0,0.0,2.0,84.0,2.0,13588.0,0.0,0.5,0.5,0.0,40.75,0.0,0.0,0.0,0.0,0.0,0.0,0.0,0.0,0.0,3,8.0,7.0,1.0,0.0,1.0,0.0,1.0,0.0,9.0
A000804,4.0,26128.0,6532.0,1.0,1.0,1.0,1.0,4.0,0.0,0.0,0.0,0.0,2.0,72.0,2.0,13870.0,0.0,0.5,0.5,0.0,40.666666666666664,0.0,0.0,0.0,0.0,0.0,0.0,0.0,0.0,0.0,5,8.0,7.0,1.0,0.0,1.0,0.0,1.0,0.0,9.0
A000805,4.0,28463.0,7115.75,1.0,1.0,1.0,1.0,4.0,0.0,0.0,0.0,0.0,3.0,104.0,3.0,21154.0,0.0,0.75,0.75,0.0,40.583333333333336,0.0,0.0,0.0,0.0,0.0,1.0,0.0,0.0,0.0,3,8.0,7.0,1.0,0.0,1.0,0.0,1.0,0.0,9.0
A000806,4.0,29753.0,7438.25,1.0,1.0,1.0,1.0,4.0,0.0,0.0,0.0,0.0,3.0,80.0,3.0,22432.0,0.0,0.75,0.75,0.0,40.5,0.0,0.0,0.0,0.0,0.0,1.0,0.0,0.0,0.0,3,8.0,7.0,1.0,0.0,1.0,0.0,1.0,0.0,9.0
A000807,4.0,28535.0,7133.75,1.0,1.0,1.0,1.0,4.0,0.0,0.0,0.0,0.0,2.0,96.0,2.0,14533.0,0.0,0.5,0.5,0.0,40.416666666666664,0.0,0.0,0.0,0.0,0.0,1.0,0.0,0.0,0.0,3,8.0,7.0,1.0,0.0,1.0,0.0,1.0,0.0,9.0
A000808,3.0,2841.0,947.0,1.0,1.0,1.0,1.0,3.0,0.0,0.0,1.0,0.31379966628481254,3.0,40.0,3.0,2841.0,0.0,1.0,1.0,0.0,30.625,0.0,0.0,0.0,0.0,0.0,3.0,0.0,0.0,0.0,9,1.0,0.0,1.0,0.0,1.0,0.0,20.0,19.0,19.0
A000809,3.0,2387.0,795.6666666666666,1.0,1.0,1.0,1.0,3.0,0.0,0.0,1.0,0.30575079788874576,3.0,32.0,3.0,2387.0,0.0,1.0,1.0,0.0,30.614583333333332,0.0,0.0,0.0,0.0,0.0,3.0,0.0,0.0,0.0,10,1.0,0.0,1.0,0.0,1.0,0.0,20.0,19.0,19.0
A000810,2.0,2542.0,1271.0,1.0,1.0,1.0,1.0,2.0,0.0,0.0,1.0,0.28788350456751877,1.0,24.0,1.0,1313.0,0.0,0.5,0.5,0.0,30.604166666666668,0.0,0.0,0.0,0.0,0.0,1.0,0.0,0.0,0.0,11,1.0,0.0,1.0,0.0,1.0,0.0,20.0,19.0,19.0
A000811,2.0,3352.0,1676.0,1.0,1.0,1.0,1.0,2.0,0.0,0.0,1.0,0.2710736016732165,1.0,24.0,1.0,1844.0,0.0,0.5,0.5,0.0,30.59375,0.0,0.0,0.0,0.0,0.0,1.0,0.0,0.0,0.0,11,1.0,0.0,1.0,0.0,1.0,0.0,20.0,19.0,19.0
A000812,3.0,4021.0,1340.3333333333333,1.0,1.0,1.0,1.0,3.0,0.0,0.0,1.0,0.2867196361542677,2.0,36.0,2.0,2589.0,0.0,0.6666666666666666,0.6666666666666666,0.0,30.583333333333332,0.0,0.0,0.0,0.0,0.0,2.0,0.0,0.0,0.0,11,1.0,0.0,1.0,0.0,1.0,0.0,20.0,19.0,19.0
A000813,2.0,1400.0,700.0,1.0,1.0,1.0,1.0,2.0,0.0,0.0,1.0,0.30322273341358874,0.0,0.0,0.0,0.0,0.0,0.0,0.0,0.0,30.572916666666668,0.0,0.0,0.0,0.0,0.0,0.0,0.0,0.0,0.0,11,1.0,0.0,1.0,0.0,1.0,0.0,20.0,19.0,19.0
A000814,2.0,2815.0,1407.5,1.0,1.0,1.0,1.0,2.0,0.0,0.0,1.0,0.30450607401978275,2.0,24.0,2.0,2815.0,0.0,1.0,1.0,0.0,30.5625,0.0,0.0,0.0,0.0,0.0,2.0,0.0,0.0,0.0,11,1.0,0.0,1.0,0.0,1.0,0.0,20.0,19.0,19.0
A000815,2.0,1824.0,912.0,1.0,1.0,1.0,1.0,2.0,0.0,0.0,1.0,0.2816293161814489,1.0,48.0,1.0,980.0,0.0,0.5,0.5,0.0,30.552083333333332,0.0,0.0,0.0,0.0,0.0,1.0,0.0,0.0,0.0,11,1.0,0.0,1.0,0.0,1.0,0.0,20.0,19.0,19.0
A000816,3.0,2446.0,815.3333333333334,1.0,1.0,1.0,1.0,3.0,0.0,0.0,1.0,0.2972125146635683,0.0,0.0,0.0,0.0,0.0,0.0,0.0,0.0,30.541666666666668,0.0,0.0,0.0,0.0,0.0,0.0,0.0,0.0,0.0,11,1.0,0.0,1.0,0.0,1.0,0.0,20.0,19.0,19.0
A000817,2.0,1841.0,920.5,1.0,1.0,1.0,1.0,2.0,0.0,0.0,1.0,0.3115039867962265,1.0,48.0,1.0,1332.0,0.0,0.5,0.5,0.0,30.53125,0.0,0.0,0.0,0.0,0.0,1.0,0.0,0.0,0.0,10,1.0,0.0,1.0,0.0,1.0,0.0,20.0,19.0,19.0
A000818,3.0,3430.0,1143.3333333333333,1.0,1.0,1.0,1.0,3.0,0.0,0.0,1.0,0.3103207482087475,1.0,24.0,1.0,934.0,0.0,0.3333333333333333,0.3333333333333333,0.0,30.520833333333332,0.0,0.0,0.0,0.0,0.0,1.0,0.0,0.0,0.0,10,1.0,0.0,1.0,0.0,1.0,0.0,20.0,19.0,19.0
A000819,3.0,3338.0,1112.6666666666667,1.0,1.0,1.0,1.0,3.0,0.0,0.0,1.0,0.32538214868516174,2.0,24.0,2.0,2484.0,0.0,0.6666666666666666,0.6666666666666666,0.0,30.510416666666668,0.0,0.0,0.0,0.0,0.0,2.0,0.0,0.0,0.0,11,1.0,0.0,1.0,0.0,1.0,0.0,20.0,19.0,19.0
A000820,3.0,4063.0,1354.3333333333333,1.0,1.0,1.0,1.0,3.0,0.0,0.0,1.0,0.2678699655191152,3.0,32.0,3.0,4063.0,0.0,1.0,1.0,0.0,30.5,0.0,0.0,0.0,0.0,0.0,3.0,0.0,0.0,0.0,11,1.0,0.0,1.0,0.0,1.0,0.0,20.0,19.0,19.0
A000821,2.0,1087.0,543.5,1.0,1.0,1.0,1.0,2.0,0.0,0.0,1.0,0.3224254426207225,2.0,36.0,2.0,1087.0,0.0,1.0,1.0,0.0,30.489583333333332,0.0,0.0,0.0,0.0,0.0,2.0,0.0,0.0,0.0,10,1.0,0.0,1.0,0.0,1.0,0.0,20.0,19.0,19.0
A000822,3.0,3586.0,1195.3333333333333,1.0,1.0,1.0,1.0,3.0,0.0,0.0,1.0,0.3092127438664047,3.0,40.0,3.0,3586.0,0.0,1.0,1.0,0.0,30.479166666666668,0.0,0.0,0.0,0.0,0.0,3.0,0.0,0.0,0.0,10,1.0,0.0,1.0,0.0,1.0,0.0,20.0,19.0,19.0
A000823,3.0,4854.0,1618.0,1.0,1.0,1.0,1.0,3.0,0.0,0.0,1.0,0.31494402351090317,1.0,48.0,1.0,1923.0,0.0,0.3333333333333333,0.3333333333333333,0.0,30.46875,0.0,0.0,0.0,0.0,0.0,1.0,0.0,0.0,0.0,10,1.0,0.0,1.0,0.0,1.0,0.0,20.0,19.0,19.0
A000824,2.0,2480.0,1240.0,1.0,1.0,1.0,1.0,2.0,0.0,0.0,1.0,0.2894909495459739,0.0,0.0,0.0,0.0,0.0,0.0,0.0,0.0,30.458333333333332,0.0,0.0,0.0,0.0,0.0,0.0,0.0,0.0,0.0,9,1.0,0.0,1.0,0.0,1.0,0.0,20.0,19.0,19.0
A000825,2.0,2651.0,1325.5,1.0,1.0,1.0,1.0,2.0,0.0,0.0,1.0,0.2923517028842134,1.0,48.0,1.0,1897.0,0.0,0.5,0.5,0.0,30.447916666666668,0.0,0.0,0.0,0.0,0.0,1.0,0.0,0.0,0.0,9,1.0,0.0,1.0,0.0,1.0,0.0,20.0,19.0,19.0
A000826,2.0,2634.0,1317.0,1.0,1.0,1.0,1.0,2.0,0.0,0.0,1.0,0.30327937659567594,1.0,48.0,1.0,1358.0,0.0,0.5,0.5,0.0,30.4375,0.0,0.0,0.0,0.0,0.0,1.0,0.0,0.0,0.0,8,1.0,0.0,1.0,0.0,1.0,0.0,20.0,19.0,19.0
A000827,2.0,3200.0,1600.0,1.0,1.0,1.0,1.0,2.0,0.0,0.0,1.0,0.32684320324881216,1.0,48.0,1.0,1607.0,0.0,0.5,0.5,0.0,30.427083333333332,0.0,0.0,0.0,0.0,0.0,1.0,0.0,0.0,0.0,6,1.0,0.0,1.0,0.0,1.0,0.0,20.0,19.0,19.0
A000828,2.0,11495.0,5747.5,1.0,1.0,1.0,1.0,2.0,0.0,0.0,0.0,0.0,0.0,0.0,0.0,0.0,2.0,0.0,0.0,1.0,19.0,0.0,0.0,2.0,0.0,0.0,0.0,0.0,0.0,0.0,0,1.0,0.0,6.0,5.0,6.0,5.0,1.0,0.0,0.0
A000829,2.0,11239.0,5619.5,1.0,1.0,1.0,1.0,2.0,0.0,0.0,0.0,0.0,0.0,0.0,0.0,0.0,2.0,0.0,0.0,1.0,18.833333333333332,0.0,0.0,2.0,0.0,0.0,0.0,0.0,0.0,0.0,0,1.0,0.0,6.0,5.0,6.0,5.0,1.0,0.0,0.0
A000830,2.0,12817.0,6408.5,1.0,1.0,1.0,1.0,2.0,0.0,0.0,0.0,0.0,0.0,0.0,0.0,0.0,2.0,0.0,0.0,1.0,18.666666666666668,0.0,0.0,2.0,0.0,0.0,0.0,0.0,0.0,0.0,0,1.0,0.0,6.0,5.0,6.0,5.0,1.0,0.0,0.0
A000831,2.0,10001.0,5000.5,1.0,1.0,1.0,1.0,2.0,0.0,0.0,0.0,0.0,0.0,0.0,0.0,0.0,2.0,0.0,0.0,1.0,18.5,0.0,0.0,2.0,0.0,0.0,0.0,0.0,0.0,0.0,0,1.0,0.0,6.0,5.0,6.0,5.0,1.0,0.0,0.0
A000832,2.0,7866.0,3933.0,1.0,1.0,1.0,1.0,2.0,0.0,0.0,0.0,0.0,0.0,0.0,0.0,0.0,2.0,0.0,0.0,1.0,18.333333333333332,0.0,0.0,2.0,0.0,0.0,0.0,0.0,0.0,0.0,0,1.0,0.0,6.0,5.0,6.0,5.0,1.0,0.0,0.0
A000833,2.0,7309.0,3654.5,1.0,1.0,1.0,1.0,2.0,0.0,0.0,0.0,0.0,0.0,0.0,0.0,0.0,2.0,0.0,0.0,1.0,18.166666666666668,0.0,0.0,2.0,0.0,0.0,0.0,0.0,0.0,0.0,0,1.0,0.0,6.0,5.0,6.0,5.0,1.0,0.0,0.0
A000834,3.0,7930.0,2643.3333333333335,1.0,1.0,1.0,1.0,3.0,0.0,0.0,0.3333333333333333,0.23590070536086216,1.0,72.0,1.0,1571.0,0.0,0.3333333333333333,0.3333333333333333,0.0,10.0,0.0,1.0,3.0,0.0,1.0,1.0,0.3333333333333333,0.0,0.0,0,1.0,0.0,1.0,0.0,1.0,0.0,1.0,0.0,0.0
A000835,3.0,7482.0,2494.0,1.0,1.0,1.0,1.0,3.0,0.0,0.0,0.3333333333333333,0.27482965925010844,1.0,48.0,1.0,3594.0,0.0,0.3333333333333333,0.3333333333333333,0.0,9.75,0.0,1.0,3.0,0.0,1.0,1.0,0.3333333333333333,0.0,0.0,0,1.0,0.0,1.0,0.0,1.0,0.0,1.0,0.0,0.0
A000836,3.0,9865.0,3288.3333333333335,1.0,1.0,1.0,1.0,3.0,0.0,0.0,0.3333333333333333,0.24995668037601182,2.0,48.0,2.0,6117.0,0.0,0.6666666666666666,0.6666666666666666,0.0,9.5,0.0,1.0,3.0,0.0,2.0,2.0,0.6666666666666666,0.0,0.0,0,1.0,0.0,1.0,0.0,1.0,0.0,1.0,0.0,0.0
A000837,3.0,9354.0,3118.0,1.0,1.0,1.0,1.0,3.0,0.0,0.0,0.3333333333333333,0.2399465689591098,1.0,48.0,1.0,3025.0,0.0,0.3333333333333333,0.3333333333333333,0.0,9.25,0.0,1.0,3.0,0.0,1.0,1.0,0.3333333333333333,0.0,0.0,0,1.0,0.0,1.0,0.0,1.0,0.0,1.0,0.0,0.0
A000838,3.0,10861.0,3620.3333333333335,1.0,1.0,1.0,1.0,3.0,0.0,0.0,0.3333333333333333,0.25107381398647555,2.0,60.0,2.0,7664.0,0.0,0.6666666666666666,0.6666666666666666,0.0,9.0,0.0,2.0,3.0,0.0,2.0,2.0,0.6666666666666666,0.0,0.0,0,1.0,0.0,1.0,0.0,1.0,0.0,1.0,0.0,0.0
A000839,3.0,7705.0,2568.3333333333335,1.0,1.0,1.0,1.0,3.0,0.0,0.0,0.0,0.25672128729784915,1.0,48.0,1.0,2443.0,0.0,0.3333333333333333,0.3333333333333333,0.0,8.75,0.0,2.0,3.0,0.0,1.0,1.0,0.3333333333333333,0.0,0.0,0,1.0,0.0,1.0,0.0,1.0,0.0,1.0,0.0,0.0
A000840,3.0,8230.0,2743.3333333333335,1.0,1.0,1.0,1.0,3.0,0.0,0.0,0.0,0.25481891818134705,1.0,72.0,1.0,3618.0,0.0,0.3333333333333333,0.3333333333333333,0.0,8.5,0.0,2.0,3.0,0.0,1.0,1.0,0.3333333333333333,0.0,0.0,0,1.0,0.0,1.0,0.0,1.0,0.0,1.0,0.0,0.0
A000841,3.0,10645.0,3548.3333333333335,1.0,1.0,1.0,1.0,3.0,0.0,0.0,0.0,0.2380484070077968,2.0,72.0,2.0,7892.0,0.0,0.6666666666666666,0.6666666666666666,0.0,8.25,0.0,2.0,3.0,1.0,2.0,2.0,0.6666666666666666,0.0,1.0,0,1.0,0.0,1.0,0.0,1.0,0.0,1.0,0.0,0.0
A000842,3.0,9940.0,3313.3333333333335,1.0,1.0,1.0,1.0,3.0,0.0,0.0,0.0,0.26831803921320224,2.0,72.0,2.0,6528.0,0.0,0.6666666666666666,0.6666666666666666,0.0,8.0,0.0,3.0,3.0,1.0,2.0,2.0,0.6666666666666666,0.0,1.0,0,1.0,0.0,1.0,0.0,1.0,0.0,1.0,0.0,0.0
A000843,3.0,9821.0,3273.6666666666665,1.0,1.0,1.0,1.0,3.0,0.0,0.0,0.0,0.2533706395292213,1.0,48.0,1.0,2996.0,0.0,0.3333333333333333,0.3333333333333333,0.0,7.75,0.0,3.0,3.0,1.0,1.0,1.0,0.3333333333333333,0.0,1.0,0,1.0,0.0,1.0,0.0,1.0,0.0,1.0,0.0,0.0
A000844,0.0,0.0,0.0,0.0,0.0,0.0,0.0,0.0,0.0,0.0,0.0,0.0,0.0,0.0,0.0,0.0,0.0,0.0,0.0,0.0,23.176689814814814,0.0,0.0,0.0,0.0,0.0,0.0,0.0,0.0,0.0,4,0.0,0.0,0.0,0.0,0.0,0.0,0.0,0.0,0.0
A000845,0.0,0.0,0.0,0.0,0.0,0.0,0.0,0.0,0.0,0.0,0.0,0.0,0.0,0.0,0.0,0.0,0.0,0.0,0.0,0.0,45.06010416666667,0.0,0.0,0.0,0.0,0.0,0.0,0.0,0.0,0.0,2,0.0,0.0,0.0,0.0,0.0,0.0,0.0,0.0,0.0
A000846,0.0,0.0,0.0,0.0,0.0,0.0,0.0,0.0,0.0,0.0,0.0,0.0,0.0,0.0,0.0,0.0,0.0,0.0,0.0,0.0,34.60560185185185,0.0,0.0,0.0,0.0,0.0,0.0,0.0,0.0,0.0,6,0.0,0.0,0.0,0.0,0.0,0.0,0.0,0.0,0.0
A000847,0.0,0.0,0.0,0.0,0.0,0.0,0.0,0.0,0.0,0.0,0.0,0.0,0.0,0.0,0.0,0.0,0.0,0.0,0.0,0.0,35.683506944444446,0.0,0.0,0.0,0.0,0.0,0.0,0.0,0.0,0.0,4,0.0,0.0,0.0,0.0,0.0,0.0,0.0,0.0,0.0
A000848,0.0,0.0,0.0,0.0,0.0,0.0,0.0,0.0,0.0,0.0,0.0,0.0,0.0,0.0,0.0,0.0,0.0,0.0,0.0,0.0,26.646527777777777,0.0,0.0,0.0,0.0,0.0,0.0,0.0,0.0,0.0,3,0.0,0.0,0.0,0.0,0.0,0.0,0.0,0.0,0.0
A000849,0.0,0.0,0.0,0.0,0.0,0.0,0.0,0.0,0.0,0.0,0.0,0.0,0.0,0.0,0.0,0.0,0.0,0.0,0.0,0.0,38.47177083333333,0.0,0.0,0.0,0.0,0.0,0.0,0.0,0.0,0.0,1,0.0,0.0,0.0,0.0,0.0,0.0,0.0,0.0,0.0
A000850,0.0,0.0,0.0,0.0,0.0,0.0,0.0,0.0,0.0,0.0,0.0,0.0,0.0,0.0,0.0,0.0,0.0,0.0,0.0,0.0,31.016863425925926,0.0,0.0,0.0,0.0,0.0,0.0,0.0,0.0,0.0,2,0.0,0.0,0.0,0.0,0.0,0.0,0.0,0.0,0.0
A000851,0.0,0.0,0.0,0.0,0.0,0.0,0.0,0.0,0.0,0.0,0.0,0.0,0.0,0.0,0.0,0.0,0.0,0.0,0.0,0.0,40.68851851851852,0.0,0.0,0.0,0.0,0.0,0.0,0.0,0.0,0.0,4,0.0,0.0,0.0,0.0,0.0,0.0,0.0,0.0,0.0
A000852,0.0,0.0,0.0,0.0,0.0,0.0,0.0,0.0,0.0,0.0,0.0,0.0,0.0,0.0,0.0,0.0,0.0,0.0,0.0,0.0,26.842743055555555,0.0,0.0,0.0,0.0,0.0,0.0,0.0,0.0,0.0,3,0.0,0.0,0.0,0.0,0.0,0.0,0.0,0.0,0.0
A000853,0.0,0.0,0.0,0.0,0.0,0.0,0.0,0.0,0.0,0.0,0.0,0.0,0.0,0.0,0.0,0.0,0.0,0.0,0.0,0.0,24.881805555555555,0.0,0.0,0.0,0.0,0.0,0.0,0.0,0.0,0.0,2,0.0,0.0,0.0,0.0,0.0,0.0,0.0,0.0,0.0
A000854,0.0,0.0,0.0,0.0,0.0,0.0,0.0,0.0,0.0,0.0,0.0,0.0,0.0,0.0,0.0,0.0,0.0,0.0,0.0,0.0,30.665277777777778,0.0,0.0,0.0,0.0,0.0,0.0,0.0,0.0,0.0,3,0.0,0.0,0.0,0.0,0.0,0.0,0.0,0.0,0.0
A000855,0.0,0.0,0.0,0.0,0.0,0.0,0.0,0.0,0.0,0.0,0.0,0.0,0.0,0.0,0.0,0.0,0.0,0.0,0.0,0.0,38.148587962962964,0.0,0.0,0.0,0.0,0.0,0.0,0.0,0.0,0.0,5,0.0,0.0,0.0,0.0,0.0,0.0,0.0,0.0,0.0
A000856,0.0,0.0,0.0,0.0,0.0,0.0,0.0,0.0,0.0,0.0,0.0,0.0,0.0,0.0,0.0,0.0,0.0,0.0,0.0,0.0,39.00763888888889,0.0,0.0,0.0,0.0,0.0,0.0,0.0,0.0,0.0,3,0.0,0.0,0.0,0.0,0.0,0.0,0.0,0.0,0.0
A000857,0.0,0.0,0.0,0.0,0.0,0.0,0.0,0.0,0.0,0.0,0.0,0.0,0.0,0.0,0.0,0.0,0.0,0.0,0.0,0.0,23.123680555555556,0.0,0.0,0.0,0.0,0.0,0.0,0.0,0.0,0.0,4,0.0,0.0,0.0,0.0,0.0,0.0,0.0,0.0,0.0
A000858,0.0,0.0,0.0,0.0,0.0,0.0,0.0,0.0,0.0,0.0,0.0,0.0,0.0,0.0,0.0,0.0,0.0,0.0,0.0,0.0,27.5846875,0.0,0.0,0.0,0.0,0.0,0.0,0.0,0.0,0.0,4,0.0,0.0,0.0,0.0,0.0,0.0,0.0,0.0,0.0
A000859,0.0,0.0,0.0,0.0,0.0,0.0,0.0,0.0,0.0,0.0,0.0,0.0,0.0,0.0,0.0,0.0,0.0,0.0,0.0,0.0,40.451388888888886,0.0,0.0,0.0,0.0,0.0,0.0,0.0,0.0,0.0,3,0.0,0.0,0.0,0.0,0.0,0.0,0.0,0.0,0.0
A000860,0.0,0.0,0.0,0.0,0.0,0.0,0.0,0.0,0.0,0.0,0.0,0.0,0.0,0.0,0.0,0.0,0.0,0.0,0.0,0.0,38.872905092592596,0.0,0.0,0.0,0.0,0.0,0.0,0.0,0.0,0.0,4,0.0,0.0,0.0,0.0,0.0,0.0,0.0,0.0,0.0
A000861,0.0,0.0,0.0,0.0,0.0,0.0,0.0,0.0,0.0,0.0,0.0,0.0,0.0,0.0,0.0,0.0,0.0,0.0,0.0,0.0,36.607280092592596,0.0,0.0,0.0,0.0,0.0,0.0,0.0,0.0,0.0,4,0.0,0.0,0.0,0.0,0.0,0.0,0.0,0.0,0.0
A000862,0.0,0.0,0.0,0.0,0.0,0.0,0.0,0.0,0.0,0.0,0.0,0.0,0.0,0.0,0.0,0.0,0.0,0.0,0.0,0.0,39.27527777777778,0.0,0.0,0.0,0.0,0.0,0.0,0.0,0.0,0.0,4,0.0,0.0,0.0,0.0,0.0,0.0,0.0,0.0,0.0
A000863,0.0,0.0,0.0,0.0,0.0,0.0,0.0,0.0,0.0,0.0,0.0,0.0,0.0,0.0,0.0,0.0,0.0,0.0,0.0,0.0,40.699247685185185,0.0,0.0,0.0,0.0,0.0,0.0,0.0,0.0,0.0,5,0.0,0.0,0.0,0.0,0.0,0.0,0.0,0.0,0.0
A000864,0.0,0.0,0.0,0.0,0.0,0.0,0.0,0.0,0.0,0.0,0.0,0.0,0.0,0.0,0.0,0.0,0.0,0.0,0.0,0.0,34.567824074074075,0.0,0.0,0.0,0.0,0.0,0.0,0.0,0.0,0.0,7,0.0,0.0,0.0,0.0,0.0,0.0,0.0,0.0,0.0
A000865,0.0,0.0,0.0,0.0,0.0,0.0,0.0,0.0,0.0,0.0,0.0,0.0,0.0,0.0,0.0,0.0,0.0,0.0,0.0,0.0,47.255451388888886,0.0,0.0,0.0,0.0,0.0,0.0,0.0,0.0,0.0,2,0.0,0.0,0.0,0.0,0.0,0.0,0.0,0.0,0.0
A000866,0.0,0.0,0.0,0.0,0.0,0.0,0.0,0.0,0.0,0.0,0.0,0.0,0.0,0.0,0.0,0.0,0.0,0.0,0.0,0.0,21.9140625,0.0,0.0,0.0,0.0,0.0,0.0,0.0,0.0,0.0,3,0.0,0.0,0.0,0.0,0.0,0.0,0.0,0.0,0.0
A000867,0.0,0.0,0.0,0.0,0.0,0.0,0.0,0.0,0.0,0.0,0.0,0.0,0.0,0.0,0.0,0.0,0.0,0.0,0.0,0.0,38.71619212962963,0.0,0.0,0.0,0.0,0.0,0.0,0.0,0.0,0.0,3,0.0,0.0,0.0,0.0,0.0,0.0,0.0,0.0,0.0
A000868,0.0,0.0,0.0,0.0,0.0,0.0,0.0,0.0,0.0,0.0,0.0,0.0,0.0,0.0,0.0,0.0,0.0,0.0,0.0,0.0,28.01297453703704,0.0,0.0,0.0,0.0,0.0,0.0,0.0,0.0,0.0,2,0.0,0.0,0.0,0.0,0.0,0.0,0.0,0.0,0.0
A000869,0.0,0.0,0.0,0.0,0.0,0.0,0.0,0.0,0.0,0.0,0.0,0.0,0.0,0.0,0.0,0.0,0.0,0.0,0.0,0.0,28.089351851851852,0.0,0.0,0.0,0.0,0.0,0.0,0.0,0.0,0.0,0,0.0,0.0,0.0,0.0,0.0,0.0,0.0,0.0,0.0
A000870,0.0,0.0,0.0,0.0,0.0,0.0,0.0,0.0,0.0,0.0,0.0,0.0,0.0,0.0,0.0,0.0,0.0,0.0,0.0,0.0,21.85087962962963,0.0,0.0,0.0,0.0,0.0,0.0,0.0,0.0,0.0,4,0.0,0.0,0.0,0.0,0.0,0.0,0.0,0.0,0.0
A000871,0.0,0.0,0.0,0.0,0.0,0.0,0.0,0.0,0.0,0.0,0.0,0.0,0.0,0.0,0.0,0.0,0.0,0.0,0.0,0.0,23.102349537037036,0.0,0.0,0.0,0.0,0.0,0.0,0.0,0.0,0.0,3,0.0,0.0,0.0,0.0,0.0,0.0,0.0,0.0,0.0
A000872,0.0,0.0,0.0,0.0,0.0,0.0,0.0,0.0,0.0,0.0,0.0,0.0,0.0,0.0,0.0,0.0,0.0,0.0,0.0,0.0,21.222256944444446,0.0,0.0,0.0,0.0,0.0,0.0,0.0,0.0,0.0,3,0.0,0.0,0.0,0.0,0.0,0.0,0.0,0.0,0.0
A000873,0.0,0.0,0.0,0.0,0.0,0.0,0.0,0.0,0.0,0.0,0.0,0.0,0.0,0.0,0.0,0.0,0.0,0.0,0.0,0.0,48.47530092592593,0.0,0.0,0.0,0.0,0.0,0.0,0.0,0.0,0.0,3,0.0,0.0,0.0,0.0,0.0,0.0,0.0,0.0,0.0
A000874,0.0,0.0,0.0,0.0,0.0,0.0,0.0,0.0,0.0,0.0,0.0,0.0,0.0,0.0,0.0,0.0,0.0,0.0,0.0,0.0,46.98627314814815,0.0,0.0,0.0,0.0,0.0,0.0,0.0,0.0,0.0,2,0.0,0.0,0.0,0.0,0.0,0.0,0.0,0.0,0.0
A000875,0.0,0.0,0.0,0.0,0.0,0.0,0.0,0.0,0.0,0.0,0.0,0.0,0.0,0.0,0.0,0.0,0.0,0.0,0.0,0.0,23.206886574074073,0.0,0.0,0.0,0.0,0.0,0.0,0.0,0.0,0.0,4,0.0,0.0,0.0,0.0,0.0,0.0,0.0,0.0,0.0
A000876,0.0,0.0,0.0,0.0,0.0,0.0,0.0,0.0,0.0,0.0,0.0,0.0,0.0,0.0,0.0,0.0,0.0,0.0,0.0,0.0,32.118287037037035,0.0,0.0,0.0,0.0,0.0,0.0,0.0,0.0,0.0,2,0.0,0.0,0.0,0.0,0.0,0.0,0.0,0.0,0.0
A000877,0.0,0.0,0.0,0.0,0.0,0.0,0.0,0.0,0.0,0.0,0.0,0.0,0.0,0.0,0.0,0.0,0.0,0.0,0.0,0.0,48.88229166666667,0.0,0.0,0.0,0.0,0.0,0.0,0.0,0.0,0.0,1,0.0,0.0,0.0,0.0,0.0,0.0,0.0,0.0,0.0
A000878,0.0,0.0,0.0,0.0,0.0,0.0,0.0,0.0,0.0,0.0,0.0,0.0,0.0,0.0,0.0,0.0,0.0,0.0,0.0,0.0,47.58537037037037,0.0,0.0,0.0,0.0,0.0,0.0,0.0,0.0,0.0,0,0.0,0.0,0.0,0.0,0.0,0.0,0.0,0.0,0.0
A000879,0.0,0.0,0.0,0.0,0.0,0.0,0.0,0.0,0.0,0.0,0.0,0.0,0.0,0.0,0.0,0.0,0.0,0.0,0.0,0.0,49.23056712962963,0.0,0.0,0.0,0.0,0.0,0.0,0.0,0.0,0.0,1,0.0,0.0,0.0,0.0,0.0,0.0,0.0,0.0,0.0
A000880,0.0,0.0,0.0,0.0,0.0,0.0,0.0,0.0,0.0,0.0,0.0,0.0,0.0,0.0,0.0,0.0,0.0,0.0,0.0,0.0,43.054976851851855,0.0,0.0,0.0,0.0,0.0,0.0,0.0,0.0,0.0,2,0.0,0.0,0.0,0.0,0.0,0.0,0.0,0.0,0.0
A000881,0.0,0.0,0.0,0.0,0.0,0.0,0.0,0.0,0.0,0.0,0.0,0.0,0.0,0.0,0.0,0.0,0.0,0.0,0.0,0.0,35.60388888888889,0.0,0.0,0.0,0.0,0.0,0.0,0.0,0.0,0.0,4,0.0,0.0,0.0,0.0,0.0,0.0,0.0,0.0,0.0
A000882,0.0,0.0,0.0,0.0,0.0,0.0,0.0,0.0,0.0,0.0,0.0,0.0,0.0,0.0,0.0,0.0,0.0,0.0,0.0,0.0,33.53346064814815,0.0,0.0,0.0,0.0,0.0,0.0,0.0,0.0,0.0,5,0.0,0.0,0.0,0.0,0.0,0.0,0.0,0.0,0.0
A000883,0.0,0.0,0.0,0.0,0.0,0.0,0.0,0.0,0.0,0.0,0.0,0.0,0.0,0.0,0.0,0.0,0.0,0.0,0.0,0.0,27.18715277777778,0.0,0.0,0.0,0.0,0.0,0.0,0.0,0.0,0.0,2,0.0,0.0,0.0,0.0,0.0,0.0,0.0,0.0,0.0
A000884,0.0,0.0,0.0,0.0,0.0,0.0,0.0,0.0,0.0,0.0,0.0,0.0,0.0,0.0,0.0,0.0,0.0,0.0,0.0,0.0,21.336898148148148,0.0,0.0,0.0,0.0,0.0,0.0,0.0,0.0,0.0,4,0.0,0.0,0.0,0.0,0.0,0.0,0.0,0.0,0.0
A000885,0.0,0.0,0.0,0.0,0.0,0.0,0.0,0.0,0.0,0.0,0.0,0.0,0.0,0.0,0.0,0.0,0.0,0.0,0.0,0.0,39.18125,0.0,0.0,0.0,0.0,0.0,0.0,0.0,0.0,0.0,2,0.0,0.0,0.0,0.0,0.0,0.0,0.0,0.0,0.0
A000886,0.0,0.0,0.0,0.0,0.0,0.0,0.0,0.0,0.0,0.0,0.0,0.0,0.0,0.0,0.0,0.0,0.0,0.0,0.0,0.0,30.51050925925926,0.0,0.0,0.0,0.0,0.0,0.0,0.0,0.0,0.0,10,0.0,0.0,0.0,0.0,0.0,0.0,0.0,0.0,0.0
A000887,0.0,0.0,0.0,0.0,0.0,0.0,0.0,0.0,0.0,0.0,0.0,0.0,0.0,0.0,0.0,0.0,0.0,0.0,0.0,0.0,45.34293981481481,0.0,0.0,0.0,0.0,0.0,0.0,0.0,0.0,0.0,0,0.0,0.0,0.0,0.0,0.0,0.0,0.0,0.0,0.0
A000888,0.0,0.0,0.0,0.0,0.0,0.0,0.0,0.0,0.0,0.0,0.0,0.0,0.0,0.0,0.0,0.0,0.0,0.0,0.0,0.0,43.76909722222222,0.0,0.0,0.0,0.0,0.0,0.0,0.0,0.0,0.0,1,0.0,0.0,0.0,0.0,0.0,0.0,0.0,0.0,0.0
A000889,0.0,0.0,0.0,0.0,0.0,0.0,0.0,0.0,0.0,0.0,0.0,0.0,0.0,0.0,0.0,0.0,0.0,0.0,0.0,0.0,34.44185185185185,0.0,0.0,0.0,0.0,0.0,0.0,0.0,0.0,0.0,2,0.0,0.0,0.0,0.0,0.0,0.0,0.0,0.0,0.0
A000890,0.0,0.0,0.0,0.0,0.0,0.0,0.0,0.0,0.0,0.0,0.0,0.0,0.0,0.0,0.0,0.0,0.0,0.0,0.0,0.0,27.035625,0.0,0.0,0.0,0.0,0.0,0.0,0.0,0.0,0.0,3,0.0,0.0,0.0,0.0,0.0,0.0,0.0,0.0,0.0
A000891,0.0,0.0,0.0,0.0,0.0,0.0,0.0,0.0,0.0,0.0,0.0,0.0,0.0,0.0,0.0,0.0,0.0,0.0,0.0,0.0,25.186377314814816,0.0,0.0,0.0,0.0,0.0,0.0,0.0,0.0,0.0,2,0.0,0.0,0.0,0.0,0.0,0.0,0.0,0.0,0.0
A000892,0.0,0.0,0.0,0.0,0.0,0.0,0.0,0.0,0.0,0.0,0.0,0.0,0.0,0.0,0.0,0.0,0.0,0.0,0.0,0.0,22.097430555555555,0.0,0.0,0.0,0.0,0.0,0.0,0.0,0.0,0.0,8,0.0,0.0,0.0,0.0,0.0,0.0,0.0,0.0,0.0
A000893,0.0,0.0,0.0,0.0,0.0,0.0,0.0,0.0,0.0,0.0,0.0,0.0,0.0,0.0,0.0,0.0,0.0,0.0,0.0,0.0,24.533715277777777,0.0,0.0,0.0,0.0,0.0,0.0,0.0,0.0,0.0,4,0.0,0.0,0.0,0.0,0.0,0.0,0.0,0.0,0.0
A000894,0.0,0.0,0.0,0.0,0.0,0.0,0.0,0.0,0.0,0.0,0.0,0.0,0.0,0.0,0.0,0.0,0.0,0.0,0.0,0.0,38.698425925925925,0.0,0.0,0.0,0.0,0.0,0.0,0.0,0.0,0.0,3,0.0,0.0,0.0,0.0,0.0,0.0,0.0,0.0,0.0
A000895,0.0,0.0,0.0,0.0,0.0,0.0,0.0,0.0,0.0,0.0,0.0,0.0,0.0,0.0,0.0,0.0,0.0,0.0,0.0,0.0,26.48207175925926,0.0,0.0,0.0,0.0,0.0,0.0,0.0,0.0,0.0,0,0.0,0.0,0.0,0.0,0.0,0.0,0.0,0.0,0.0
A000896,0.0,0.0,0.0,0.0,0.0,0.0,0.0,0.0,0.0,0.0,0.0,0.0,0.0,0.0,0.0,0.0,0.0,0.0,0.0,0.0,31.495810185185185,0.0,0.0,0.0,0.0,0.0,0.0,0.0,0.0,0.0,2,0.0,0.0,0.0,0.0,0.0,0.0,0.0,0.0,0.0
A000897,0.0,0.0,0.0,0.0,0.0,0.0,0.0,0.0,0.0,0.0,0.0,0.0,0.0,0.0,0.0,0.0,0.0,0.0,0.0,0.0,21.5178125,0.0,0.0,0.0,0.0,0.0,0.0,0.0,0.0,0.0,1,0.0,0.0,0.0,0.0,0.0,0.0,0.0,0.0,0.0
A000898,0.0,0.0,0.0,0.0,0.0,0.0,0.0,0.0,0.0,0.0,0.0,0.0,0.0,0.0,0.0,0.0,0.0,0.0,0.0,0.0,22.886481481481482,0.0,0.0,0.0,0.0,0.0,0.0,0.0,0.0,0.0,4,0.0,0.0,0.0,0.0,0.0,0.0,0.0,0.0,0.0
A000899,0.0,0.0,0.0,0.0,0.0,0.0,0.0,0.0,0.0,0.0,0.0,0.0,0.0,0.0,0.0,0.0,0.0,0.0,0.0,0.0,39.27045138888889,0.0,0.0,0.0,0.0,0.0,0.0,0.0,0.0,0.0,4,0.0,0.0,0.0,0.0,0.0,0.0,0.0,0.0,0.0
A000900,3.0,12835.0,4278.333333333333,1.0,1.0,1.0,1.0,3.0,0.0,0.0,0.0,0.0,0.0,0.0,0.0,0.0,0.0,0.0,0.0,0.0,46.0,0.0,0.0,0.0,0.0,0.0,0.0,0.0,0.0,0.0,6,4.0,3.0,4.0,3.0,1.0,0.0,1.0,0.0,3.0
A000901,3.0,7140.0,2380.0,1.0,1.0,1.0,1.0,3.0,0.0,0.0,0.0,0.0,0.0,0.0,0.0,0.0,0.0,0.0,0.0,0.0,45.0,0.0,0.0,0.0,0.0,0.0,0.0,0.0,0.0,0.0,3,4.0,3.0,4.0,3.0,1.0,0.0,1.0,0.0,3.0
A000902,3.0,11560.0,3853.3333333333335,1.0,1.0,1.0,1.0,3.0,0.0,0.0,0.0,0.0,0.0,0.0,0.0,0.0,0.0,0.0,0.0,0.0,44.0,0.0,0.0,0.0,0.0,0.0,0.0,0.0,0.0,0.0,2,4.0,3.0,4.0,3.0,1.0,0.0,1.0,0.0,11.0
A000903,3.0,9352.0,3117.3333333333335,1.0,1.0,1.0,1.0,3.0,0.0,0.0,0.0,0.0,0.0,0.0,0.0,0.0,0.0,0.0,0.0,0.0,43.0,0.0,0.0,0.0,0.0,0.0,0.0,0.0,0.0,0.0,0,4.0,3.0,4.0,3.0,1.0,0.0,1.0,0.0,11.0
A000904,3.0,7493.0,2497.6666666666665,1.0,1.0,1.0,1.0,3.0,0.0,0.0,0.0,0.0,2.0,72.0,2.0,5803.0,0.0,0.6666666666666666,0.6666666666666666,0.0,36.0,0.0,0.0,0.0,0.0,0.0,2.0,0.0,0.0,0.0,1,1.0,0.0,1.0,0.0,1.0,0.0,1.0,0.0,0.0
A000905,3.0,10840.0,3613.3333333333335,1.0,1.0,1.0,1.0,3.0,0.0,0.0,0.0,0.0,0.0,0.0,0.0,0.0,0.0,0.0,0.0,0.0,31.0,0.0,0.0,2.0,0.0,0.0,0.0,0.0,0.0,0.0,3,1.0,0.0,5.0,4.0,1.0,0.0,1.0,0.0,0.0
A000906,3.0,12271.0,4090.3333333333335,1.0,1.0,1.0,1.0,3.0,0.0,0.0,0.0,0.0,1.0,96.0,1.0,4247.0,0.0,0.3333333333333333,0.3333333333333333,0.0,30.0,0.0,0.0,3.0,0.0,0.0,1.0,0.3333333333333333,0.0,0.0,1,1.0,0.0,5.0,4.0,1.0,0.0,1.0,0.0,0.0
A000907,3.0,7354.0,2451.3333333333335,1.0,1.0,1.0,1.0,3.0,0.0,0.0,0.0,0.0,0.0,0.0,0.0,0.0,0.0,0.0,0.0,0.0,29.0,0.0,0.0,3.0,0.0,0.0,0.0,0.0,0.0,0.0,1,1.0,0.0,5.0,4.0,1.0,0.0,1.0,0.0,0.0
A000908,3.0,3887.0,1295.6666666666667,1.0,1.0,1.0,1.0,3.0,0.0,0.0,0.0,0.0,0.0,0.0,0.0,0.0,0.0,0.0,0.0,0.0,28.0,0.0,0.0,3.0,0.0,0.0,0.0,0.0,0.0,0.0,4,1.0,0.0,5.0,4.0,1.0,0.0,1.0,0.0,0.0
A000909,3.0,9405.0,3135.0,1.0,1.0,1.0,1.0,3.0,0.0,0.0,0.0,0.0,1.0,48.0,1.0,1945.0,0.0,0.3333333333333333,0.3333333333333333,0.0,27.0,0.0,0.0,3.0,0.0,0.0,1.0,0.3333333333333333,0.0,0.0,2,1.0,0.0,5.0,4.0,1.0,0.0,1.0,0.0,0.0
A000910,8.0,16576.0,2072.0,1.0,1.0,1.0,1.0,8.0,0.0,0.0,1.0,0.1540685455301364,0.0,0.0,0.0,0.0,0.0,0.0,0.0,0.0,26.0,0.0,0.0,8.0,0.0,0.0,0.0,0.0,0.0,0.0,5,1.0,0.0,1.0,0.0,1.0,0.0,1.0,0.0,0.0
A000911,3.0,7726.0,2575.3333333333335,3.0,3.0,1.0,1.0,3.0,0.0,0.0,0.0,0.0,0.0,0.0,0.0,0.0,0.0,0.0,0.0,0.0,23.0,0.0,1.0,3.0,0.0,0.0,0.0,0.0,0.0,0.0,2,1.0,0.0,1.0,0.0,1.0,0.0,1.0,0.0,0.0
A000912,3.0,5487.0,1829.0,1.0,1.0,1.0,1.0,3.0,0.0,0.0,0.0,0.0,0.0,0.0,0.0,0.0,0.0,0.0,0.0,0.0,15.0,0.0,0.0,3.0,0.0,0.0,0.0,0.0,0.0,0.0,0,1.0,0.0,5.0,4.0,1.0,0.0,1.0,0.0,3.0
A000913,3.0,5510.0,1836.6666666666667,1.0,1.0,1.0,1.0,3.0,0.0,0.0,0.0,0.0,0.0,0.0,0.0,0.0,0.0,0.0,0.0,0.0,14.0,0.0,0.0,3.0,0.0,0.0,0.0,0.0,0.0,0.0,0,1.0,0.0,5.0,4.0,1.0,0.0,1.0,0.0,4.0
A000914,3.0,6339.0,2113.0,1.0,1.0,1.0,1.0,3.0,0.0,0.0,0.0,0.0,0.0,0.0,0.0,0.0,0.0,0.0,0.0,0.0,13.0,0.0,0.0,3.0,0.0,0.0,0.0,0.0,0.0,0.0,0,1.0,0.0,5.0,4.0,1.0,0.0,1.0,0.0,4.0
A000915,3.0,7689.0,2563.0,1.0,1.0,1.0,1.0,3.0,0.0,0.0,0.0,0.0,0.0,0.0,0.0,0.0,0.0,0.0,0.0,0.0,12.0,0.0,0.0,3.0,0.0,0.0,0.0,0.0,0.0,0.0,0,1.0,0.0,5.0,4.0,1.0,0.0,1.0,0.0,4.0
A000916,3.0,5848.0,1949.3333333333333,1.0,1.0,1.0,1.0,3.0,0.0,0.0,0.0,0.0,0.0,0.0,0.0,0.0,0.0,0.0,0.0,0.0,11.0,0.0,0.0,3.0,0.0,0.0,0.0,0.0,0.0,0.0,0,1.0,0.0,5.0,4.0,1.0,0.0,1.0,0.0,3.0
A000917,0.0,0.0,0.0,0.0,0.0,0.0,0.0,0.0,0.0,0.0,0.0,0.0,0.0,0.0,0.0,0.0,0.0,0.0,0.0,0.0,21.74189814814815,0.0,0.0,0.0,0.0,0.0,0.0,0.0,0.0,0.0,1,0.0,0.0,0.0,0.0,0.0,0.0,0.0,0.0,0.0
A000918,0.0,0.0,0.0,0.0,0.0,0.0,0.0,0.0,0.0,0.0,0.0,0.0,0.0,0.0,0.0,0.0,0.0,0.0,0.0,0.0,21.26849537037037,0.0,0.0,0.0,0.0,0.0,0.0,0.0,0.0,0.0,2,0.0,0.0,0.0,0.0,0.0,0.0,0.0,0.0,0.0
A000919,0.0,0.0,0.0,0.0,0.0,0.0,0.0,0.0,0.0,0.0,0.0,0.0,0.0,0.0,0.0,0.0,0.0,0.0,0.0,0.0,24.729131944444443,0.0,0.0,0.0,0.0,0.0,0.0,0.0,0.0,0.0,1,0.0,0.0,0.0,0.0,0.0,0.0,0.0,0.0,0.0
A000920,0.0,0.0,0.0,0.0,0.0,0.0,0.0,0.0,0.0,0.0,0.0,0.0,0.0,0.0,0.0,0.0,0.0,0.0,0.0,0.0,46.12140046296296,0.0,0.0,0.0,0.0,0.0,0.0,0.0,0.0,0.0,1,0.0,0.0,0.0,0.0,0.0,0.0,0.0,0.0,0.0
A000921,0.0,0.0,0.0,0.0,0.0,0.0,0.0,0.0,0.0,0.0,0.0,0.0,0.0,0.0,0.0,0.0,0.0,0.0,0.0,0.0,37.498784722222226,0.0,0.0,0.0,0.0,0.0,0.0,0.0,0.0,0.0,3,0.0,0.0,0.0,0.0,0.0,0.0,0.0,0.0,0.0
A000922,0.0,0.0,0.0,0.0,0.0,0.0,0.0,0.0,0.0,0.0,0.0,0.0,0.0,0.0,0.0,0.0,0.0,0.0,0.0,0.0,39.28905092592593,0.0,0.0,0.0,0.0,0.0,0.0,0.0,0.0,0.0,3,0.0,0.0,0.0,0.0,0.0,0.0,0.0,0.0,0.0
A000923,0.0,0.0,0.0,0.0,0.0,0.0,0.0,0.0,0.0,0.0,0.0,0.0,0.0,0.0,0.0,0.0,0.0,0.0,0.0,0.0,21.18724537037037,0.0,0.0,0.0,0.0,0.0,0.0,0.0,0.0,0.0,4,0.0,0.0,0.0,0.0,0.0,0.0,0.0,0.0,0.0
A000924,0.0,0.0,0.0,0.0,0.0,0.0,0.0,0.0,0.0,0.0,0.0,0.0,0.0,0.0,0.0,0.0,0.0,0.0,0.0,0.0,44.100092592592596,0.0,0.0,0.0,0.0,0.0,0.0,0.0,0.0,0.0,2,0.0,0.0,0.0,0.0,0.0,0.0,0.0,0.0,0.0
A000925,0.0,0.0,0.0,0.0,0.0,0.0,0.0,0.0,0.0,0.0,0.0,0.0,0.0,0.0,0.0,0.0,0.0,0.0,0.0,0.0,29.531886574074075,0.0,0.0,0.0,0.0,0.0,0.0,0.0,0.0,0.0,3,0.0,0.0,0.0,0.0,0.0,0.0,0.0,0.0,0.0
A000926,0.0,0.0,0.0,0.0,0.0,0.0,0.0,0.0,0.0,0.0,0.0,0.0,0.0,0.0,0.0,0.0,0.0,0.0,0.0,0.0,38.727465277777775,0.0,0.0,0.0,0.0,0.0,0.0,0.0,0.0,0.0,3,0.0,0.0,0.0,0.0,0.0,0.0,0.0,0.0,0.0
A000927,0.0,0.0,0.0,0.0,0.0,0.0,0.0,0.0,0.0,0.0,0.0,0.0,0.0,0.0,0.0,0.0,0.0,0.0,0.0,0.0,48.69167824074074,0.0,0.0,0.0,0.0,0.0,0.0,0.0,0.0,0.0,4,0.0,0.0,0.0,0.0,0.0,0.0,0.0,0.0,0.0
A000928,0.0,0.0,0.0,0.0,0.0,0.0,0.0,0.0,0.0,0.0,0.0,0.0,0.0,0.0,0.0,0.0,0.0,0.0,0.0,0.0,23.563402777777778,0.0,0.0,0.0,0.0,0.0,0.0,0.0,0.0,0.0,2,0.0,0.0,0.0,0.0,0.0,0.0,0.0,0.0,0.0
A000929,0.0,0.0,0.0,0.0,0.0,0.0,0.0,0.0,0.0,0.0,0.0,0.0,0.0,0.0,0.0,0.0,0.0,0.0,0.0,0.0,46.59237268518518,0.0,0.0,0.0,0.0,0.0,0.0,0.0,0.0,0.0,2,0.0,0.0,0.0,0.0,0.0,0.0,0.0,0.0,0.0
A000930,0.0,0.0,0.0,0.0,0.0,0.0,0.0,0.0,0.0,0.0,0.0,0.0,0.0,0.0,0.0,0.0,0.0,0.0,0.0,0.0,22.828530092592594,0.0,0.0,0.0,0.0,0.0,0.0,0.0,0.0,0.0,6,0.0,0.0,0.0,0.0,0.0,0.0,0.0,0.0,0.0
A000931,0.0,0.0,0.0,0.0,0.0,0.0,0.0,0.0,0.0,0.0,0.0,0.0,0.0,0.0,0.0,0.0,0.0,0.0,0.0,0.0,45.48303240740741,0.0,0.0,0.0,0.0,0.0,0.0,0.0,0.0,0.0,3,0.0,0.0,0.0,0.0,0.0,0.0,0.0,0.0,0.0
A000932,0.0,0.0,0.0,0.0,0.0,0.0,0.0,0.0,0.0,0.0,0.0,0.0,0.0,0.0,0.0,0.0,0.0,0.0,0.0,0.0,24.734074074074073,0.0,0.0,0.0,0.0,0.0,0.0,0.0,0.0,0.0,1,0.0,0.0,0.0,0.0,0.0,0.0,0.0,0.0,0.0
A000933,0.0,0.0,0.0,0.0,0.0,0.0,0.0,0.0,0.0,0.0,0.0,0.0,0.0,0.0,0.0,0.0,0.0,0.0,0.0,0.0,33.54400462962963,0.0,0.0,0.0,0.0,0.0,0.0,0.0,0.0,0.0,4,0.0,0.0,0.0,0.0,0.0,0.0,0.0,0.0,0.0
A000934,0.0,0.0,0.0,0.0,0.0,0.0,0.0,0.0,0.0,0.0,0.0,0.0,0.0,0.0,0.0,0.0,0.0,0.0,0.0,0.0,21.313900462962962,0.0,0.0,0.0,0.0,0.0,0.0,0.0,0.0,0.0,5,0.0,0.0,0.0,0.0,0.0,0.0,0.0,0.0,0.0
A000935,0.0,0.0,0.0,0.0,0.0,0.0,0.0,0.0,0.0,0.0,0.0,0.0,0.0,0.0,0.0,0.0,0.0,0.0,0.0,0.0,48.16960648148148,0.0,0.0,0.0,0.0,0.0,0.0,0.0,0.0,0.0,1,0.0,0.0,0.0,0.0,0.0,0.0,0.0,0.0,0.0
A000936,0.0,0.0,0.0,0.0,0.0,0.0,0.0,0.0,0.0,0.0,0.0,0.0,0.0,0.0,0.0,0.0,0.0,0.0,0.0,0.0,27.05300925925926,0.0,0.0,0.0,0.0,0.0,0.0,0.0,0.0,0.0,2,0.0,0.0,0.0,0.0,0.0,0.0,0.0,0.0,0.0
A000937,0.0,0.0,0.0,0.0,0.0,0.0,0.0,0.0,0.0,0.0,0.0,0.0,0.0,0.0,0.0,0.0,0.0,0.0,0.0,0.0,44.50846064814815,0.0,0.0,0.0,0.0,0.0,0.0,0.0,0.0,0.0,3,0.0,0.0,0.0,0.0,0.0,0.0,0.0,0.0,0.0
A000938,0.0,0.0,0.0,0.0,0.0,0.0,0.0,0.0,0.0,0.0,0.0,0.0,0.0,0.0,0.0,0.0,0.0,0.0,0.0,0.0,44.20298611111111,0.0,0.0,0.0,0.0,0.0,0.0,0.0,0.0,0.0,0,0.0,0.0,0.0,0.0,0.0,0.0,0.0,0.0,0.0
A000939,0.0,0.0,0.0,0.0,0.0,0.0,0.0,0.0,0.0,0.0,0.0,0.0,0.0,0.0,0.0,0.0,0.0,0.0,0.0,0.0,47.26570601851852,0.0,0.0,0.0,0.0,0.0,0.0,0.0,0.0,0.0,2,0.0,0.0,0.0,0.0,0.0,0.0,0.0,0.0,0.0
A000940,0.0,0.0,0.0,0.0,0.0,0.0,0.0,0.0,0.0,0.0,0.0,0.0,0.0,0.0,0.0,0.0,0.0,0.0,0.0,0.0,34.317060185185184,0.0,0.0,0.0,0.0,0.0,0.0,0.0,0.0,0.0,2,0.0,0.0,0.0,0.0,0.0,0.0,0.0,0.0,0.0
A000941,0.0,0.0,0.0,0.0,0.0,0.0,0.0,0.0,0.0,0.0,0.0,0.0,0.0,0.0,0.0,0.0,0.0,0.0,0.0,0.0,25.929444444444446,0.0,0.0,0.0,0.0,0.0,0.0,0.0,0.0,0.0,1,0.0,0.0,0.0,0.0,0.0,0.0,0.0,0.0,0.0
A000942,0.0,0.0,0.0,0.0,0.0,0.0,0.0,0.0,0.0,0.0,0.0,0.0,0.0,0.0,0.0,0.0,0.0,0.0,0.0,0.0,39.50310185185185,0.0,0.0,0.0,0.0,0.0,0.0,0.0,0.0,0.0,4,0.0,0.0,0.0,0.0,0.0,0.0,0.0,0.0,0.0
A000943,0.0,0.0,0.0,0.0,0.0,0.0,0.0,0.0,0.0,0.0,0.0,0.0,0.0,0.0,0.0,0.0,0.0,0.0,0.0,0.0,22.641909722222223,0.0,0.0,0.0,0.0,0.0,0.0,0.0,0.0,0.0,1,0.0,0.0,0.0,0.0,0.0,0.0,0.0,0.0,0.0
A000944,0.0,0.0,0.0,0.0,0.0,0.0,0.0,0.0,0.0,0.0,0.0,0.0,0.0,0.0,0.0,0.0,0.0,0.0,0.0,0.0,41.29416666666667,0.0,0.0,0.0,0.0,0.0,0.0,0.0,0.0,0.0,2,0.0,0.0,0.0,0.0,0.0,0.0,0.0,0.0,0.0
A000945,0.0,0.0,0.0,0.0,0.0,0.0,0.0,0.0,0.0,0.0,0.0,0.0,0.0,0.0,0.0,0.0,0.0,0.0,0.0,0.0,34.17540509259259,0.0,0.0,0.0,0.0,0.0,0.0,0.0,0.0,0.0,5,0.0,0.0,0.0,0.0,0.0,0.0,0.0,0.0,0.0
A000946,0.0,0.0,0.0,0.0,0.0,0.0,0.0,0.0,0.0,0.0,0.0,0.0,0.0,0.0,0.0,0.0,0.0,0.0,0.0,0.0,43.749340277777776,0.0,0.0,0.0,0.0,0.0,0.0,0.0,0.0,0.0,1,0.0,0.0,0.0,0.0,0.0,0.0,0.0,0.0,0.0
A000947,0.0,0.0,0.0,0.0,0.0,0.0,0.0,0.0,0.0,0.0,0.0,0.0,0.0,0.0,0.0,0.0,0.0,0.0,0.0,0.0,21.817685185185184,0.0,0.0,0.0,0.0,0.0,0.0,0.0,0.0,0.0,2,0.0,0.0,0.0,0.0,0.0,0.0,0.0,0.0,0.0
A000948,0.0,0.0,0.0,0.0,0.0,0.0,0.0,0.0,0.0,0.0,0.0,0.0,0.0,0.0,0.0,0.0,0.0,0.0,0.0,0.0,36.75694444444444,0.0,0.0,0.0,0.0,0.0,0.0,0.0,0.0,0.0,5,0.0,0.0,0.0,0.0,0.0,0.0,0.0,0.0,0.0
A000949,0.0,0.0,0.0,0.0,0.0,0.0,0.0,0.0,0.0,0.0,0.0,0.0,0.0,0.0,0.0,0.0,0.0,0.0,0.0,0.0,36.76429398148148,0.0,0.0,0.0,0.0,0.0,0.0,0.0,0.0,0.0,5,0.0,0.0,0.0,0.0,0.0,0.0,0.0,0.0,0.0
A000950,0.0,0.0,0.0,0.0,0.0,0.0,0.0,0.0,0.0,0.0,0.0,0.0,0.0,0.0,0.0,0.0,0.0,0.0,0.0,0.0,44.34840277777778,0.0,0.0,0.0,0.0,0.0,0.0,0.0,0.0,0.0,0,0.0,0.0,0.0,0.0,0.0,0.0,0.0,0.0,0.0
A000951,0.0,0.0,0.0,0.0,0.0,0.0,0.0,0.0,0.0,0.0,0.0,0.0,0.0,0.0,0.0,0.0,0.0,0.0,0.0,0.0,38.64630787037037,0.0,0.0,0.0,0.0,0.0,0.0,0.0,0.0,0.0,4,0.0,0.0,0.0,0.0,0.0,0.0,0.0,0.0,0.0
A000952,0.0,0.0,0.0,0.0,0.0,0.0,0.0,0.0,0.0,0.0,0.0,0.0,0.0,0.0,0.0,0.0,0.0,0.0,0.0,0.0,33.52204861111111,0.0,0.0,0.0,0.0,0.0,0.0,0.0,0.0,0.0,4,0.0,0.0,0.0,0.0,0.0,0.0,0.0,0.0,0.0
A000953,0.0,0.0,0.0,0.0,0.0,0.0,0.0,0.0,0.0,0.0,0.0,0.0,0.0,0.0,0.0,0.0,0.0,0.0,0.0,0.0,27.383773148148148,0.0,0.0,0.0,0.0,0.0,0.0,0.0,0.0,0.0,3,0.0,0.0,0.0,0.0,0.0,0.0,0.0,0.0,0.0
A000954,0.0,0.0,0.0,0.0,0.0,0.0,0.0,0.0,0.0,0.0,0.0,0.0,0.0,0.0,0.0,0.0,0.0,0.0,0.0,0.0,25.78033564814815,0.0,0.0,0.0,0.0,0.0,0.0,0.0,0.0,0.0,1,0.0,0.0,0.0,0.0,0.0,0.0,0.0,0.0,0.0
A000955,0.0,0.0,0.0,0.0,0.0,0.0,0.0,0.0,0.0,0.0,0.0,0.0,0.0,0.0,0.0,0.0,0.0,0.0,0.0,0.0,32.24559027777778,0.0,0.0,0.0,0.0,0.0,0.0,0.0,0.0,0.0,3,0.0,0.0,0.0,0.0,0.0,0.0,0.0,0.0,0.0
A000956,0.0,0.0,0.0,0.0,0.0,0.0,0.0,0.0,0.0,0.0,0.0,0.0,0.0,0.0,0.0,0.0,0.0,0.0,0.0,0.0,25.049641203703704,0.0,0.0,0.0,0.0,0.0,0.0,0.0,0.0,0.0,4,0.0,0.0,0.0,0.0,0.0,0.0,0.0,0.0,0.0
A000957,0.0,0.0,0.0,0.0,0.0,0.0,0.0,0.0,0.0,0.0,0.0,0.0,0.0,0.0,0.0,0.0,0.0,0.0,0.0,0.0,44.031226851851855,0.0,0.0,0.0,0.0,0.0,0.0,0.0,0.0,0.0,1,0.0,0.0,0.0,0.0,0.0,0.0,0.0,0.0,0.0
A000958,0.0,0.0,0.0,0.0,0.0,0.0,0.0,0.0,0.0,0.0,0.0,0.0,0.0,0.0,0.0,0.0,0.0,0.0,0.0,0.0,38.87725694444445,0.0,0.0,0.0,0.0,0.0,0.0,0.0,0.0,0.0,3,0.0,0.0,0.0,0.0,0.0,0.0,0.0,0.0,0.0
A000959,0.0,0.0,0.0,0.0,0.0,0.0,0.0,0.0,0.0,0.0,0.0,0.0,0.0,0.0,0.0,0.0,0.0,0.0,0.0,0.0,35.04309027777778,0.0,0.0,0.0,0.0,0.0,0.0,0.0,0.0,0.0,5,0.0,0.0,0.0,0.0,0.0,0.0,0.0,0.0,0.0
A000960,0.0,0.0,0.0,0.0,0.0,0.0,0.0,0.0,0.0,0.0,0.0,0.0,0.0,0.0,0.0,0.0,0.0,0.0,0.0,0.0,48.821284722222224,0.0,0.0,0.0,0.0,0.0,0.0,0.0,0.0,0.0,1,0.0,0.0,0.0,0.0,0.0,0.0,0.0,0.0,0.0
A000961,0.0,0.0,0.0,0.0,0.0,0.0,0.0,0.0,0.0,0.0,0.0,0.0,0.0,0.0,0.0,0.0,0.0,0.0,0.0,0.0,43.14555555555555,0.0,0.0,0.0,0.0,0.0,0.0,0.0,0.0,0.0,4,0.0,0.0,0.0,0.0,0.0,0.0,0.0,0.0,0.0
A000962,0.0,0.0,0.0,0.0,0.0,0.0,0.0,0.0,0.0,0.0,0.0,0.0,0.0,0.0,0.0,0.0,0.0,0.0,0.0,0.0,22.9453125,0.0,0.0,0.0,0.0,0.0,0.0,0.0,0.0,0.0,3,0.0,0.0,0.0,0.0,0.0,0.0,0.0,0.0,0.0
A000963,0.0,0.0,0.0,0.0,0.0,0.0,0.0,0.0,0.0,0.0,0.0,0.0,0.0,0.0,0.0,0.0,0.0,0.0,0.0,0.0,48.1634837962963,0.0,0.0,0.0,0.0,0.0,0.0,0.0,0.0,0.0,1,0.0,0.0,0.0,0.0,0.0,0.0,0.0,0.0,0.0
A000964,0.0,0.0,0.0,0.0,0.0,0.0,0.0,0.0,0.0,0.0,0.0,0.0,0.0,0.0,0.0,0.0,0.0,0.0,0.0,0.0,39.43392361111111,0.0,0.0,0.0,0.0,0.0,0.0,0.0,0.0,0.0,3,0.0,0.0,0.0,0.0,0.0,0.0,0.0,0.0,0.0
A000965,0.0,0.0,0.0,0.0,0.0,0.0,0.0,0.0,0.0,0.0,0.0,0.0,0.0,0.0,0.0,0.0,0.0,0.0,0.0,0.0,23.538981481481482,0.0,0.0,0.0,0.0,0.0,0.0,0.0,0.0,0.0,3,0.0,0.0,0.0,0.0,0.0,0.0,0.0,0.0,0.0
A000966,0.0,0.0,0.0,0.0,0.0,0.0,0.0,0.0,0.0,0.0,0.0,0.0,0.0,0.0,0.0,0.0,0.0,0.0,0.0,0.0,26.904895833333335,0.0,0.0,0.0,0.0,0.0,0.0,0.0,0.0,0.0,3,0.0,0.0,0.0,0.0,0.0,0.0,0.0,0.0,0.0
A000967,0.0,0.0,0.0,0.0,0.0,0.0,0.0,0.0,0.0,0.0,0.0,0.0,0.0,0.0,0.0,0.0,0.0,0.0,0.0,0.0,44.14585648148148,0.0,0.0,0.0,0.0,0.0,0.0,0.0,0.0,0.0,4,0.0,0.0,0.0,0.0,0.0,0.0,0.0,0.0,0.0
A000968,0.0,0.0,0.0,0.0,0.0,0.0,0.0,0.0,0.0,0.0,0.0,0.0,0.0,0.0,0.0,0.0,0.0,0.0,0.0,0.0,31.095150462962962,0.0,0.0,0.0,0.0,0.0,0.0,0.0,0.0,0.0,5,0.0,0.0,0.0,0.0,0.0,0.0,0.0,0.0,0.0
A000969,0.0,0.0,0.0,0.0,0.0,0.0,0.0,0.0,0.0,0.0,0.0,0.0,0.0,0.0,0.0,0.0,0.0,0.0,0.0,0.0,24.94002314814815,0.0,0.0,0.0,0.0,0.0,0.0,0.0,0.0,0.0,3,0.0,0.0,0.0,0.0,0.0,0.0,0.0,0.0,0.0
A000970,0.0,0.0,0.0,0.0,0.0,0.0,0.0,0.0,0.0,0.0,0.0,0.0,0.0,0.0,0.0,0.0,0.0,0.0,0.0,0.0,46.74672453703704,0.0,0.0,0.0,0.0,0.0,0.0,0.0,0.0,0.0,5,0.0,0.0,0.0,0.0,0.0,0.0,0.0,0.0,0.0
A000971,0.0,0.0,0.0,0.0,0.0,0.0,0.0,0.0,0.0,0.0,0.0,0.0,0.0,0.0,0.0,0.0,0.0,0.0,0.0,0.0,47.373217592592596,0.0,0.0,0.0,0.0,0.0,0.0,0.0,0.0,0.0,4,0.0,0.0,0.0,0.0,0.0,0.0,0.0,0.0,0.0
A000972,0.0,0.0,0.0,0.0,0.0,0.0,0.0,0.0,0.0,0.0,0.0,0.0,0.0,0.0,0.0,0.0,0.0,0.0,0.0,0.0,31.993217592592593,0.0,0.0,0.0,0.0,0.0,0.0,0.0,0.0,0.0,1,0.0,0.0,0.0,0.0,0.0,0.0,0.0,0.0,0.0
A000973,0.0,0.0,0.0,0.0,0.0,0.0,0.0,0.0,0.0,0.0,0.0,0.0,0.0,0.0,0.0,0.0,0.0,0.0,0.0,0.0,22.57488425925926,0.0,0.0,0.0,0.0,0.0,0.0,0.0,0.0,0.0,2,0.0,0.0,0.0,0.0,0.0,0.0,0.0,0.0,0.0
A000974,0.0,0.0,0.0,0.0,0.0,0.0,0.0,0.0,0.0,0.0,0.0,0.0,0.0,0.0,0.0,0.0,0.0,0.0,0.0,0.0,46.414085648148145,0.0,0.0,0.0,0.0,0.0,0.0,0.0,0.0,0.0,2,0.0,0.0,0.0,0.0,0.0,0.0,0.0,0.0,0.0
A000975,0.0,0.0,0.0,0.0,0.0,0.0,0.0,0.0,0.0,0.0,0.0,0.0,0.0,0.0,0.0,0.0,0.0,0.0,0.0,0.0,34.32618055555555,0.0,0.0,0.0,0.0,0.0,0.0,0.0,0.0,0.0,2,0.0,0.0,0.0,0.0,0.0,0.0,0.0,0.0,0.0
A000976,0.0,0.0,0.0,0.0,0.0,0.0,0.0,0.0,0.0,0.0,0.0,0.0,0.0,0.0,0.0,0.0,0.0,0.0,0.0,0.0,44.61763888888889,0.0,0.0,0.0,0.0,0.0,0.0,0.0,0.0,0.0,3,0.0,0.0,0.0,0.0,0.0,0.0,0.0,0.0,0.0
A000977,0.0,0.0,0.0,0.0,0.0,0.0,0.0,0.0,0.0,0.0,0.0,0.0,0.0,0.0,0.0,0.0,0.0,0.0,0.0,0.0,31.057430555555555,0.0,0.0,0.0,0.0,0.0,0.0,0.0,0.0,0.0,6,0.0,0.0,0.0,0.0,0.0,0.0,0.0,0.0,0.0
A000978,0.0,0.0,0.0,0.0,0.0,0.0,0.0,0.0,0.0,0.0,0.0,0.0,0.0,0.0,0.0,0.0,0.0,0.0,0.0,0.0,26.56820601851852,0.0,0.0,0.0,0.0,0.0,0.0,0.0,0.0,0.0,3,0.0,0.0,0.0,0.0,0.0,0.0,0.0,0.0,0.0
A000979,0.0,0.0,0.0,0.0,0.0,0.0,0.0,0.0,0.0,0.0,0.0,0.0,0.0,0.0,0.0,0.0,0.0,0.0,0.0,0.0,43.369282407407404,0.0,0.0,0.0,0.0,0.0,0.0,0.0,0.0,0.0,1,0.0,0.0,0.0,0.0,0.0,0.0,0.0,0.0,0.0
A000980,0.0,0.0,0.0,0.0,0.0,0.0,0.0,0.0,0.0,0.0,0.0,0.0,0.0,0.0,0.0,0.0,0.0,0.0,0.0,0.0,29.26162037037037,0.0,0.0,0.0,0.0,0.0,0.0,0.0,0.0,0.0,1,0.0,0.0,0.0,0.0,0.0,0.0,0.0,0.0,0.0
A000981,0.0,0.0,0.0,0.0,0.0,0.0,0.0,0.0,0.0,0.0,0.0,0.0,0.0,0.0,0.0,0.0,0.0,0.0,0.0,0.0,22.836574074074075,0.0,0.0,0.0,0.0,0.0,0.0,0.0,0.0,0.0,7,0.0,0.0,0.0,0.0,0.0,0.0,0.0,0.0,0.0
A000982,0.0,0.0,0.0,0.0,0.0,0.0,0.0,0.0,0.0,0.0,0.0,0.0,0.0,0.0,0.0,0.0,0.0,0.0,0.0,0.0,32.92351851851852,0.0,0.0,0.0,0.0,0.0,0.0,0.0,0.0,0.0,4,0.0,0.0,0.0,0.0,0.0,0.0,0.0,0.0,0.0
A000983,0.0,0.0,0.0,0.0,0.0,0.0,0.0,0.0,0.0,0.0,0.0,0.0,0.0,0.0,0.0,0.0,0.0,0.0,0.0,0.0,35.568217592592596,0.0,0.0,0.0,0.0,0.0,0.0,0.0,0.0,0.0,3,0.0,0.0,0.0,0.0,0.0,0.0,0.0,0.0,0.0
A000984,0.0,0.0,0.0,0.0,0.0,0.0,0.0,0.0,0.0,0.0,0.0,0.0,0.0,0.0,0.0,0.0,0.0,0.0,0.0,0.0,22.834409722222222,0.0,0.0,0.0,0.0,0.0,0.0,0.0,0.0,0.0,7,0.0,0.0,0.0,0.0,0.0,0.0,0.0,0.0,0.0
A000985,0.0,0.0,0.0,0.0,0.0,0.0,0.0,0.0,0.0,0.0,0.0,0.0,0.0,0.0,0.0,0.0,0.0,0.0,0.0,0.0,37.33664351851852,0.0,0.0,0.0,0.0,0.0,0.0,0.0,0.0,0.0,3,0.0,0.0,0.0,0.0,0.0,0.0,0.0,0.0,0.0
A000986,0.0,0.0,0.0,0.0,0.0,0.0,0.0,0.0,0.0,0.0,0.0,0.0,0.0,0.0,0.0,0.0,0.0,0.0,0.0,0.0,35.13466435185185,0.0,0.0,0.0,0.0,0.0,0.0,0.0,0.0,0.0,1,0.0,0.0,0.0,0.0,0.0,0.0,0.0,0.0,0.0
A000987,0.0,0.0,0.0,0.0,0.0,0.0,0.0,0.0,0.0,0.0,0.0,0.0,0.0,0.0,0.0,0.0,0.0,0.0,0.0,0.0,36.13954861111111,0.0,0.0,0.0,0.0,0.0,0.0,0.0,0.0,0.0,3,0.0,0.0,0.0,0.0,0.0,0.0,0.0,0.0,0.0
A000988,0.0,0.0,0.0,0.0,0.0,0.0,0.0,0.0,0.0,0.0,0.0,0.0,0.0,0.0,0.0,0.0,0.0,0.0,0.0,0.0,28.71584490740741,0.0,0.0,0.0,0.0,0.0,0.0,0.0,0.0,0.0,4,0.0,0.0,0.0,0.0,0.0,0.0,0.0,0.0,0.0
A000989,0.0,0.0,0.0,0.0,0.0,0.0,0.0,0.0,0.0,0.0,0.0,0.0,0.0,0.0,0.0,0.0,0.0,0.0,0.0,0.0,32.80425925925926,0.0,0.0,0.0,0.0,0.0,0.0,0.0,0.0,0.0,0,0.0,0.0,0.0,0.0,0.0,0.0,0.0,0.0,0.0
A000990,0.0,0.0,0.0,0.0,0.0,0.0,0.0,0.0,0.0,0.0,0.0,0.0,0.0,0.0,0.0,0.0,0.0,0.0,0.0,0.0,32.276064814814816,0.0,0.0,0.0,0.0,0.0,0.0,0.0,0.0,0.0,4,0.0,0.0,0.0,0.0,0.0,0.0,0.0,0.0,0.0
A000991,0.0,0.0,0.0,0.0,0.0,0.0,0.0,0.0,0.0,0.0,0.0,0.0,0.0,0.0,0.0,0.0,0.0,0.0,0.0,0.0,48.52583333333333,0.0,0.0,0.0,0.0,0.0,0.0,0.0,0.0,0.0,4,0.0,0.0,0.0,0.0,0.0,0.0,0.0,0.0,0.0
A000992,0.0,0.0,0.0,0.0,0.0,0.0,0.0,0.0,0.0,0.0,0.0,0.0,0.0,0.0,0.0,0.0,0.0,0.0,0.0,0.0,35.66305555555556,0.0,0.0,0.0,0.0,0.0,0.0,0.0,0.0,0.0,4,0.0,0.0,0.0,0.0,0.0,0.0,0.0,0.0,0.0
A000993,0.0,0.0,0.0,0.0,0.0,0.0,0.0,0.0,0.0,0.0,0.0,0.0,0.0,0.0,0.0,0.0,0.0,0.0,0.0,0.0,23.994085648148147,0.0,0.0,0.0,0.0,0.0,0.0,0.0,0.0,0.0,2,0.0,0.0,0.0,0.0,0.0,0.0,0.0,0.0,0.0
A000994,0.0,0.0,0.0,0.0,0.0,0.0,0.0,0.0,0.0,0.0,0.0,0.0,0.0,0.0,0.0,0.0,0.0,0.0,0.0,0.0,26.768402777777776,0.0,0.0,0.0,0.0,0.0,0.0,0.0,0.0,0.0,4,0.0,0.0,0.0,0.0,0.0,0.0,0.0,0.0,0.0
A000995,0.0,0.0,0.0,0.0,0.0,0.0,0.0,0.0,0.0,0.0,0.0,0.0,0.0,0.0,0.0,0.0,0.0,0.0,0.0,0.0,26.155798611111113,0.0,0.0,0.0,0.0,0.0,0.0,0.0,0.0,0.0,3,0.0,0.0,0.0,0.0,0.0,0.0,0.0,0.0,0.0
A000996,0.0,0.0,0.0,0.0,0.0,0.0,0.0,0.0,0.0,0.0,0.0,0.0,0.0,0.0,0.0,0.0,0.0,0.0,0.0,0.0,23.80153935185185,0.0,0.0,0.0,0.0,0.0,0.0,0.0,0.0,0.0,1,0.0,0.0,0.0,0.0,0.0,0.0,0.0,0.0,0.0
A000997,0.0,0.0,0.0,0.0,0.0,0.0,0.0,0.0,0.0,0.0,0.0,0.0,0.0,0.0,0.0,0.0,0.0,0.0,0.0,0.0,37.583078703703706,0.0,0.0,0.0,0.0,0.0,0.0,0.0,0.0,0.0,2,0.0,0.0,0.0,0.0,0.0,0.0,0.0,0.0,0.0
A000998,0.0,0.0,0.0,0.0,0.0,0.0,0.0,0.0,0.0,0.0,0.0,0.0,0.0,0.0,0.0,0.0,0.0,0.0,0.0,0.0,27.65511574074074,0.0,0.0,0.0,0.0,0.0,0.0,0.0,0.0,0.0,0,0.0,0.0,0.0,0.0,0.0,0.0,0.0,0.0,0.0
A000999,0.0,0.0,0.0,0.0,0.0,0.0,0.0,0.0,0.0,0.0,0.0,0.0,0.0,0.0,0.0,0.0,0.0,0.0,0.0,0.0,31.69909722222222,0.0,0.0,0.0,0.0,0.0,0.0,0.0,0.0,0.0,3,0.0,0.0,0.0,0.0,0.0,0.0,0.0,0.0,0.0
